log_id,status,ver_sw,band,failsafe_frac,nav_state_forbidden_frac,filter_fault_flags_frac,landed_at_end,sat_frac,sat_max_run_s,motor_spread_p95,n_motors,actuator_source,pwm_source,ulg_bytes,parquet_bytes,elapsed_s,excluded_reason,group,skip_reason,reversible_flags,n_active_control_channels,is_quadrotor,rate_position_hz,rate_attitude_hz,rate_ratios_hz,duration_s,airborne_s,is_quad_from_outputs,is_quadrotor_final,dropout_frac_proxy,dropout_frac_v2,dropout_worst_topic,source,score_baro_vpos,score_gps_hpos[0],score_gps_hpos[1],score_gps_hvel[0],score_gps_hvel[1],score_gps_vpos,score_gps_vvel,score_heading,score_mag_field[0],score_hagl,score_log_baro_vpos,score_log_gps_hpos[0],score_log_gps_hpos[1],score_log_gps_hvel[0],score_log_gps_hvel[1],score_log_gps_vpos,score_log_gps_vvel,score_log_heading,score_log_mag_field[0],score_log_hagl,sat_frac_recomputed
9deccafa-b87a-4991-8bae-3d16eea1ec8b,ok,17629952.0,v1.12-1.13,0.0,0.0,0.0,True,0.0,0.0,0.09,6.0,actuator_outputs,per_channel,10723936,5774824,8.9,,B,,,,False,10.004114727344806,20.00390156598892,2.0000396070835578,254.436065,248.2654120000001,True,True,0.0,0.0,,main,4.51971331472123e-08,0.0024248592089861,0.0,0.0,0.0,0.0,0.0,0.0048027774319052,0.0,0.0,4.5197132125821914e-08,0.002421923981945,0.0,0.0,0.0,0.0,0.0,0.0047912808918952,0.0,0.0,0.0
8012e4d3-f162-4950-99c6-957b66e48cdc,ok,17695743.0,v1.14-1.15,0.0,0.0,0.0,True,0.0091949709138675,2.4985020000000304,0.4120235502719879,4.0,actuator_motors,none,25622969,14962115,9.8,,C,,0.0,4.0,True,10.00197071531134,20.00152820372601,2.0000189397142383,537.871432,532.8362039999997,,True,0.0,0.0002620690585112,sensor_combined,main,0.0024832332273945,0.0004732632951345,0.0,0.0108266156166791,0.0,0.0017947744927369,0.0017428660939913,0.0705855205655097,0.1322458535432815,0.1940817423164844,0.0024801550985185,0.0004731513413822,0.0,0.0107684274245358,0.0,0.0017931658095251,0.0017413490652766,0.0682057142878056,0.1242031413086256,0.177377473528648,0.009102730819245773
522a1d3e-507c-486b-91a5-23de820f50cf,ok,17695743.0,v1.14-1.15,0.0,0.0,0.0,True,0.0,0.0,0.1931729018688202,4.0,actuator_motors,none,5117242,3467218,2.9,,C,,0.0,4.0,True,10.007971364447837,20.007580454996635,2.0000627759167062,130.881303,123.04137200000004,,True,0.0,0.0,,main,0.0012228561681695,0.0003516963624861,0.0,0.0080743804341182,0.0,0.0015116376860532,0.007529210159555,0.0,,0.0,0.0012221090885507,0.000351634531817,0.0,0.0080419570400328,0.0,0.0015104963118909,0.0075010071326188,0.0,,0.0,0.0
9ce25379-e5d9-4a56-bb70-d9e294a376ec,ok,17826240.0,v1.16+,0.0,0.0,0.0,True,0.0,0.0,0.3508505195379257,4.0,actuator_motors,none,4678696,3475783,3.9,,B,,0.0,4.0,True,10.00929690737816,20.00890853213178,2.0000241264171645,111.258922,104.82899100000004,,True,0.0,0.0,,main,0.0004681416408857,0.0,0.0,0.0,0.0,0.0,0.0,2.122460722923278,2.122460722923278,0.0006259731773752,0.0004680320967745,0.0,0.0,0.0,0.0,0.0,0.0,1.1386213842109498,1.1386213842109498,0.0006257773378883,0.0
77927978-1b51-4cc0-9f21-ccc4592e566d,ok,17761535.0,v1.14-1.15,0.0,0.0642857142857142,0.0,True,0.0017331022530329,0.0974950000000021,0.7637768864631651,4.0,actuator_motors,none,3215626,2603889,2.8,,C,,0.0,4.0,True,10.014971866705062,20.01516819602154,1.9999949037166893,67.655441,57.738693000000005,,True,0.0,0.0,,main,0.0009655046014813,0.0,0.0,0.0,0.0,0.0,0.0,0.4224848374724388,0.1251874137669801,0.0,0.0009650388017106,0.0,0.0,0.0,0.0,0.0,0.0,0.3524052278911989,0.1179496117969012,0.0,0.0014705882352941176
fdcd4e4e-430f-4209-8661-3ef6fc45d46e,ok,17826240.0,v1.16+,0.0,0.0,0.0,True,0.0,0.0,0.120778539776802,4.0,actuator_motors,none,21281739,12848296,7.3,,A,,0.0,4.0,True,10.00498442554894,165.1028171342398,1.9999760104400373,197.367357,190.73203299999992,,True,0.0,0.0,,main,114.3454307556152,0.0043320321477949,0.0043722044676542,0.0173920089378952,0.0234217375516891,0.0061352436896413,0.0156907641328871,0.083399798721075,0.007009554002434,0.0,4.747931371833585,0.0043226759078195,0.0043626741505994,0.0172424989800606,0.0231516576867182,0.0061164997089326,0.0155689368166171,0.0801040584571463,0.0069851012807271,0.0,0.0
1663eccb-3a85-4a37-bebe-9b11b78a6422,ok,17695744.0,v1.14-1.15,0.0,0.0,0.0,True,0.0033222591362126,0.1012569999999897,0.4363479666411876,4.0,actuator_motors,none,3322398,2301765,25.8,,C,,0.0,4.0,True,10.010823702587237,20.009735763976146,2.0000003913044244,92.36322,90.270071,,True,0.0,0.0,,main,0.0030421859584748,0.0088793395087122,0.0,0.0328377060592174,0.0,0.000351350812707,0.1141666650772094,0.0603097677230834,0.0950263272970914,0.0218249168246984,0.0030375678744481,0.0088401499875183,0.0,0.0323100684617372,0.0,0.0003512891034641,0.108106739899263,0.0585610991330469,0.0907784061731219,0.0215901628440008,0.0032397408207343412
8b594286-4a1a-4c9f-a3c5-c1a444905f18,ok,17695488.0,v1.14-1.15,0.2508759635599159,0.0,0.0,False,0.0013962375073486,1.1026869999999462,0.4091777518391608,4.0,actuator_motors,none,96497786,36657317,47.1,,A,,0.0,4.0,True,10.000686860039927,20.00064179843736,2.0000033681958005,1367.747499,1360.1678899999977,,True,0.0,0.0,,main,0.0169326760806143,0.0099356819409877,0.0,0.0098806326277554,0.0,0.0094538361299783,0.0276462091132998,0.0361040122807025,0.0363728947937488,0.0,0.0167909163310671,0.0098866475788845,0.0,0.0098321383516356,0.0,0.0094094282847939,0.0272709532391552,0.0354675367521,0.0357270161350906,0.0,0.0013887873693443462
8c38b6af-9b62-4705-8e91-478f563b9eae,ok,18350080.0,v1.16+,0.0224719101123595,0.0870786516853932,0.2901307966706302,True,0.0789149198520345,4.100959999999999,0.5744628247864798,4.0,actuator_motors,none,6691911,4417172,5.1,,A,,0.0,4.0,True,10.005692822312028,20.00540014816261,1.999967725893952,167.843077,162.26594200000005,,True,0.0,0.0,,main,0.3191773891448974,0.1206834074109792,0.0,0.2030559666454792,0.0,92.64034843444824,0.3239415362477302,18.68983011245727,24.007361984252928,0.0,0.277008352292908,0.11393868440809,0.0,0.1848649584752215,0.0,4.539461363615875,0.2806132996272808,2.9801022645009256,3.2191702608877786,0.0,0.0761451516954194
2d1ca690-12bb-4056-841e-8af5451c12b3,ok,17761280.0,v1.14-1.15,0.0,0.0,0.0,True,0.0,0.0,0.101646228134632,4.0,actuator_motors,none,64107871,33864883,41.3,,C,,0.0,4.0,True,10.0025378549818,200.0000448299238,2.000000513995043,393.521956,240.90002099999992,,True,0.0,0.0,,main,8.39594329590909e-05,0.0001804416067898,5.2272072207415445e-05,0.0003801662940531,0.0001945705487742,0.0009967668331228,0.0002857671410311,0.0714228503406045,0.1046924144029616,0.005461458209902,8.395590856316897e-05,0.0001804253291611,5.227070607025603e-05,0.000380094049157,0.0001945516223799,0.000996270390927,0.0002857263173788,0.0689875317905928,0.0995669382145658,0.0054465985261549,0.0
d5390baa-79d6-4553-be0a-aa430ac79921,ok,17630207.0,v1.12-1.13,0.0,0.0,0.0,True,0.0,0.0,0.075,6.0,actuator_outputs,per_channel,8256972,4580667,4.1,,C,,,,False,10.014714118718928,199.83794306736044,1.999815602188029,67.651359,62.28141499999998,True,True,0.0,0.0,,main,0.0011509944743011,0.0029720093007199,0.0,0.0081377720925956,0.0,0.0,0.0018225651292596,0.0004237852554069,0.0020575545495375,0.0,0.0011503325879974,0.0029676016120464,0.0,0.0081048389727886,0.0,0.0,0.0018209062727113,0.0004236954837972,0.0020554406832754,0.0,0.0
c507aeb7-c106-4037-af6f-f42cebc8cfc1,ok,17761280.0,v1.14-1.15,0.3290322580645161,0.0,0.0,True,0.0182115108625723,0.8014660000000049,0.2532373850233853,4.0,actuator_motors,none,8702876,5056921,4.6,,B,,0.0,4.0,True,10.012760272472136,175.37847817928824,2.0000077279210164,73.802336,71.08937200000001,,True,0.0,0.0,,main,0.0010676456615328,0.0042900982778519,0.0014075664861593,0.0430828292854131,0.0207437252625823,0.0026109356898814,0.0168845359236001,0.1551534473896026,0.0611474845558404,0.0,0.001067076133237,0.0042809220415109,0.0014065767930498,0.0421805873289571,0.0205315040152911,0.0026075331186027,0.0167435766225239,0.1442331900321013,0.0593508552079322,0.0,0.030853080568720378
9988a21a-4956-4392-9c23-5e97c08b7d28,ok,17826047.0,v1.16+,0.9011857707509882,0.0,0.0,True,0.2128953771289537,4.798176000000012,0.3631494343280792,4.0,actuator_motors,none,12777144,7929158,5.6,,B,,0.0,4.0,True,9.99991388634314,19.99550079536453,2.000008546571175,253.355717,246.627355,,True,0.0,0.0002728002929161,sensor_combined,main,0.065182676538825,0.0732415579259395,0.2650914043188095,0.0872946474701166,0.3681955486536026,0.0025169667787849,0.0245052790269255,0.0244100200943648,0.0174508155323565,0.0,0.0631463117187711,0.0706835621944985,0.2351443759476227,0.083692636237553,0.3134927539069309,0.0025138045229858,0.0242098414672661,0.0241168567229282,0.0173002986231294,0.0,0.20701892744479494
bb118a8c-6771-485a-a333-66b9cd2f552a,ok,17891583.0,v1.16+,0.0,0.0,0.0,True,0.0038240917782026,1.2012510000000134,0.5146385014057159,4.0,actuator_motors,none,20194068,13251959,9.9,,C,,0.0,4.0,True,10.00234225220711,20.002342977780376,2.0000012520523667,426.841782,418.35979499999945,,True,0.0,0.0,,main,0.005280027189292,0.0036208012141287,0.0027175116818398,0.0433730110526084,0.0271337049081921,0.0133220474701374,0.009480088436976,1.518789631128311,1.617061650753021,0.0,0.005266136718986,0.0036142618937117,0.0027138259228547,0.0424587449237225,0.0267721122564901,0.0132340893230037,0.009435434392948,0.9237784810320728,0.962052181066868,0.0,0.003743565746373421
e2dcd680-18e0-4a7a-8877-f50f1f187a23,ok,17826559.0,v1.16+,0.0,0.0,0.0,True,0.0,0.0,0.0810872510075569,4.0,actuator_motors,none,12565042,7053063,4.8,,B,,0.0,4.0,True,9.998995546447382,199.9207917405685,2.0000008557217592,100.748682,91.73004199999998,,True,0.0,0.0,,main,0.005155100650154,0.004133674246259,0.002475882845465,0.0064668036997318,0.0027638952713459,0.0088725791312754,0.014197616931051,0.0698580231517553,0.0029972507967613,0.0035121938679367,0.0051418586086716,0.0041251540865115,0.0024728228972076,0.0064459836359912,0.00276008273616,0.0088334490870018,0.014097774672857,0.0675259510266786,0.0029927679957441,0.0035060405186816,0.0
aa4aab21-8851-4945-beea-2b6d851d20e2,ok,17629696.0,v1.12-1.13,0.0,0.0,0.0,True,0.0336897316925559,0.0250490000000027,0.7100000000000001,6.0,actuator_outputs,per_channel,8452296,4610594,5.3,,B,,,,False,10.013089827011626,199.40035188977728,1.9999886803361768,74.347403,69.39697199999996,True,True,0.0,0.0,,main,0.0017557511804625,0.0023319891653954,0.0,0.0081769501557573,0.0,0.0,0.001246425329009,0.0306741159409284,0.0,0.0,0.0017542116511155,0.0023292742985358,0.0,0.0081437000322595,0.0,0.0,0.001245649185828,0.0302130696579793,0.0,0.0,0.0
bc3980db-4e18-4fea-871e-9d5337b4f1ad,ok,17761535.0,v1.14-1.15,0.1161290322580645,0.0,0.131578947368421,True,0.0152354570637119,0.5012779999999992,0.2582887530326843,4.0,actuator_motors,none,2865320,2043243,2.9,,B,,0.0,4.0,True,10.01205541289624,20.01211366505665,2.000080323225781,75.621134,72.239653,,True,0.0,0.0,,main,0.6769776046276093,0.0023804947268217,0.0187153881415724,0.1149458549916744,0.0715268515050411,0.0008538423862773,0.0541669111698865,0.0,18.089353561401367,0.0,0.5169931283259074,0.0023776658377969,0.0185424101654194,0.1088058431873971,0.0690845953515608,0.0008534780702312,0.0527507973253153,0.0,2.9491307744823416,0.0,0.014492753623188406
7ce331e6-ea9b-4414-8563-dbdfc9ccefb7,ok,17891392.0,v1.16+,0.5305263157894737,0.0,0.0,True,0.4082710074791025,74.898647,1.0,4.0,actuator_motors,none,9345978,5906333,11.0,,B,,0.0,4.0,True,10.004043901376273,20.003866703965738,1.9999811540237409,234.265078,227.390249,,True,0.0,0.0,,main,0.0076152327470481,0.0,0.0,0.0,0.0,0.0,0.0,0.0968203589320182,0.3156599938869454,0.1427635908126829,0.0075863832334221,0.0,0.0,0.0,0.0,0.0,0.0,0.0924154112126015,0.2743384362137839,0.133449531235068,0.39522998296422485
25b5e13c-299c-499e-8026-c718df367bd6,ok,17564928.0,v1.12-1.13,0.0,0.0,0.0,False,0.0267921795800144,2.8004029999999887,0.1894117647058823,4.0,actuator_outputs,global,135880647,40194209,26.3,,A,,,,False,24.55156033444188,24.550497577705475,1.9658654337844823,1670.559601,140.71053700000007,True,True,0.0,0.0180978063160239,sensor_combined,main,1.4393965557246702e-06,0.000187659014773,0.0,0.0005524794163648,0.0,0.0001954303050297,0.000490538435406,0.0005630994681268,0.0,0.0012185181258246,1.439395519794442e-06,0.0001876414090226,0.0,0.0005523268558005,0.0,0.0001954112110152,0.0004904181607589,0.0005629409871122,0.0,0.0012177763351422,0.0021319364073825913
9b080d19-abbb-4e1b-b044-7b8ae9fe6620,ok,17694975.0,v1.14-1.15,0.0,0.0,0.0,True,0.0012165450121654,0.1019869999999976,0.7134287305176256,4.0,actuator_motors,none,3366598,2250718,3.1,,C,,0.0,4.0,True,10.010959934645882,20.011558740585865,2.000062429694337,86.880796,82.18917800000001,,True,0.0,0.0,,main,0.0008480380551191,0.0,0.0,0.0,0.0,0.0,0.0,0.4717237666249274,0.2720254451036454,0.0,0.0008476786740125,0.0,0.0,0.0,0.0,0.0,0.0,0.3864343441537687,0.2406104687301526,0.0,0.001145475372279496
e3cc757b-5762-48fb-bb70-fadc6bbc8459,ok,17694720.0,v1.14-1.15,0.0,0.0,0.0,True,0.0,0.0,0.4140216261148453,4.0,actuator_motors,none,3496971,2020655,3.2,,C,,0.0,4.0,True,10.005113489353365,16.826952461141264,2.000309190649183,137.544683,137.051093,,True,0.0,0.0,,main,0.2876269176602363,0.0025587539421394,0.0,0.0190008106641471,0.0,0.0046549758873879,0.0119151499588042,0.0870772328227757,,0.0,0.2528009255208629,0.0025554859048196,0.0,0.0188225497889927,0.0,0.0046441749927643,0.0118447234359512,0.0834926569699438,,0.0,0.0
70796863-de94-4feb-af58-fef94b678991,ok,17694720.0,v1.14-1.15,0.1451187335092348,0.0,0.0,True,0.0,0.0,0.1579232186079024,4.0,actuator_motors,none,63022700,20569674,18.1,,B,,0.0,4.0,True,10.00393804990779,20.003854905083173,94.4776226437639,334.223096,323.4663959999997,,True,0.0,0.0004871887931462,estimator_innovation_test_ratios,main,0.0013793162070214,0.0,0.0,0.0,0.0,0.0,0.0,0.0005666232900694,0.0,0.0,0.0013783658242404,0.0,0.0,0.0,0.0,0.0,0.0,0.0005664628197076,0.0,0.0,0.0
3c53b37f-085a-4070-a767-35ba85415272,ok,17891583.0,v1.16+,0.0,0.0,0.0,True,0.0,0.0,0.1596965769305825,4.0,actuator_motors,none,53976877,20859226,14.4,,C,,0.0,4.0,True,9.991542214506971,199.54236446122323,1.9999990638302247,117.801916,113.76007999999992,,True,0.0,0.0,,main,0.0007499025086872,79097.65234375,13649146.75,0.083403481170535,0.0016513543378096,0.0,0.0419378830119967,0.0192020656540989,0.007781311054714,0.0,0.000749621472292,11.27845111623703,16.429187641748605,0.0801074574269505,0.0016499923514436,0.0,0.0410823283219869,0.0190200325743858,0.007751192792665,0.0,0.0
06693148-ba61-4c90-98c8-ae378a6c454a,ok,17826047.0,v1.16+,0.0,0.0,0.0,True,0.0,0.0,0.2251817673444748,4.0,actuator_motors,none,74239355,24110402,19.2,,B,,0.0,4.0,True,9.999787626660176,193.3213489291377,1.9999642629336625,122.43512,118.70958000000006,,True,0.0,0.0,,main,0.0102660313248634,0.366252964735031,2.0270389080047604,1.028635549545288,0.6580290913581838,0.0246439944952726,0.0163366731256246,0.0432401753962039,0.0123767163604497,0.0009002368315123,0.0102136935215257,0.3120719304861514,1.1075848836090258,0.7073634239831258,0.5056296026135662,0.0243452298163252,0.0162046654516227,0.0423314231398416,0.0123007509657004,0.0008998318613636,0.0
f0d956f3-99ae-4ed2-a454-b9b3a70dd8cf,ok,17825984.0,v1.16+,0.0,0.0,0.0,True,0.0,0.0,0.2400000095367431,4.0,actuator_motors,none,3814214,2635616,2.4,,A,,0.0,4.0,True,10.0088760278249,20.009313832561613,1.999811679705768,106.947146,95.94511399999996,,True,0.0,0.0,,main,0.0013351781235542,0.0022733216756023,0.0110744175035506,0.005705222999677,0.0062517753569409,0.0106758509762585,0.0130323471501469,0.2878901228308677,0.0584649624302983,0.0,0.0013342875658573,0.0022707415893859,0.0110135451469693,0.0056890098521243,0.0062323140789588,0.01061926644829,0.0129481567904384,0.2530053156820691,0.0568197098926349,0.0,0.0
7b45f395-7c8d-48ef-904d-18871b82dfa6,ok,17825856.0,v1.16+,0.0,0.0,0.0,True,0.0,0.0,0.271574230492115,4.0,actuator_motors,none,4567194,2627278,2.9,,B,,0.0,4.0,True,10.008606251978458,20.00837062519032,2.000067824522227,112.727978,110.242114,,True,0.0,0.0,,main,0.0013807625509798,0.0,0.0,0.0,0.0,0.0,0.0,0.0153412029612809,0.010409757727757,0.0,0.001379810174938,0.0,0.0,0.0,0.0,0.0,0.0,0.0152247165574373,0.0103559492994339,0.0,0.0
c3f02216-012e-4e46-8ee1-4764a981b5ad,ok,17694975.0,v1.14-1.15,0.5064935064935064,0.0173160173160173,0.0,True,0.0,0.0,0.5206478122621774,4.0,actuator_motors,none,7065689,5056411,3.8,,A,,0.0,4.0,True,9.955773860682298,19.90369029647833,1.982213152084696,113.898353,108.00056000000002,,True,0.0,0.0056751600457137,vehicle_attitude,main,0.0011296742304693,0.000334543219651,0.0,0.0080092808930203,0.0,0.0006144731451058,0.0012565957731567,0.0040198458591476,0.0246150672435759,0.0,0.0011290366286788,0.0003344872725455,0.0,0.0079773768419297,0.0,0.0006142844337841,0.0012558069174674,0.0040117878661566,0.0243169979033976,0.0,0.0
4997a8dd-e38a-4ec3-8451-66d2f0e60c19,ok,17826240.0,v1.16+,0.0,0.0,0.0,True,0.0018176310209027,0.4025549999999498,0.1389656364917755,4.0,actuator_motors,none,14362107,8015171,4.2,,C,,0.0,4.0,True,10.004276390673832,20.003185861688927,2.0000373023301914,336.887532,330.03186,,True,0.0,0.0001659954760977,sensor_combined,main,0.0117240206804126,0.0056449895258992,0.0037986631621606,0.0194697399623692,0.0173149889335036,0.0109794451389461,0.0365529606118798,0.0,0.0018436904298141,0.0,0.0116558268364655,0.0056291162807107,0.0037914664607229,0.0192826293386821,0.0171667927437239,0.0109196086139927,0.0359007472100485,0.0,0.0018419929187499,0.0,0.0017783046828689982
1e90d3fe-d470-4506-8fb3-fb977a7b5740,ok,17695488.0,v1.14-1.15,0.0883905013192612,0.0092348284960422,0.0,True,0.0,0.0,0.1103700280189513,4.0,actuator_motors,none,14001369,8779090,5.5,,A,,0.0,4.0,True,10.002590623239014,20.002606570608847,1.99996073383866,376.772328,370.64442899999983,,True,0.0,0.0,,main,0.0075230884831398,0.0095660846680402,0.0,0.2231014147400856,0.0,0.0192171342670917,0.0512835584580899,0.0,5.865565983951091,0.0,0.007494931184695,0.0095206193998703,0.0,0.2013897761944175,0.0,0.0190348171810003,0.0500118542288899,0.0,1.926518480679678,0.0,0.0
37f5014b-c8fc-447d-9974-f72adcd6ff34,ok,17826047.0,v1.16+,0.0196078431372549,0.0,0.0432432432432432,True,0.1847415215886706,1.887211999999998,0.4997286170721046,4.0,actuator_motors,none,8548718,5704347,4.1,,B,,0.0,4.0,True,9.999512642477452,196.6853935996141,2.000146622993261,73.681896,70.03487700000001,,True,0.0,0.0012836131528398,vehicle_attitude,main,0.0106201991438865,187508850688.0001,2862536222310.4004,0.0102586619090288,0.0130304151214659,0.0141265804413706,0.0450567590072751,0.0365534886717796,0.0116458073258399,0.0,0.0105642009546601,25.957091884917485,28.68272913881143,0.010206398964959,0.0129462496148889,0.0140277301604447,0.0440711987812745,0.0359012566483362,0.0115785168424851,0.0,0.1758297441094502
5139e822-f7bc-4368-adca-11e2fab11a4e,ok,17825984.0,v1.16+,0.0,0.0,0.0,False,0.0,0.0,0.1692109555006027,4.0,actuator_motors,none,4039997,2769411,3.4,,B,,0.0,4.0,True,10.010326768916777,20.00929812239816,1.999793333857654,96.540604,94.850016,,True,0.0,0.0,,main,0.0441372156143186,0.0,0.0,0.0,0.0,0.0,0.0,1.627686360734514e-05,0.0,0.0,0.043190913404707,0.0,0.0,0.0,0.0,0.0,0.0,1.627673114063812e-05,0.0,0.0,0.0
99402f68-ccb0-42d1-9a9e-6f3c97b2a62d,ok,16777984.0,v1.12-1.13,0.0,0.0,0.0,True,0.0,0.0,0.1313649401068687,4.0,actuator_motors,none,5004435,3418514,3.9,,B,,0.0,4.0,True,10.009745710646088,20.00974541853341,1.9999988823535657,102.584406,98.430176,,True,0.0,0.0,,main,0.0043554384261369,0.0001102631198591,0.0001020743511617,0.0197168946266174,0.0170157581567762,0.0415898382663726,0.0673471435904502,0.0697700127959251,0.0297771506011485,0.0304087989032268,0.0043459809552058,0.0001102570413281,0.0001020691419296,0.0195250344832296,0.0168726116924731,0.0407482365359195,0.0651762648518585,0.0674436840584008,0.0293424201929757,0.0299556156397482,0.0
db43ec11-e2cb-4c18-9641-dffd72587860,ok,17761280.0,v1.14-1.15,0.0,0.0,0.0,True,0.0221066319895968,1.5990409999999995,0.2971905946731566,4.0,actuator_motors,none,2898990,1948705,2.5,,B,,0.0,4.0,True,10.011659208952562,20.012643567782646,1.999745431179773,82.259964,76.885679,,True,0.0,0.0,,main,0.0085751244332641,0.0,0.0,0.0,0.0,0.0,0.0,0.0004698074277257,0.0,0.0,0.0085385668953681,0.0,0.0,0.0,0.0,0.0,0.0,0.000469697102769,0.0,0.0,0.020606060606060607
e1892af8-6963-492e-82a2-3aab47b7db62,ok,17761023.0,v1.14-1.15,0.0,0.0,0.0,True,0.0,0.0,0.1029768586158752,4.0,actuator_motors,none,15970237,9709675,4.7,,B,,0.0,4.0,True,10.006996867069756,199.9930900185723,2.000001333334222,142.881744,135.6799019999999,,True,0.0,0.0,,main,0.0003027750572073,2.7134058475494385,1.5718164145946505,2.398242473602295,0.0715906713157892,0.0013358866563066,0.0580081483349204,0.0334784854203462,0.0120907847303897,0.000910529619432,0.0003027292300896,1.3119494737057364,0.9446124253653873,1.2232583784444202,0.0691441532713551,0.0013349951536034,0.0563880350462615,0.032930282719663,0.0120182750733413,0.0009101153387955,0.0
77571905-3d44-4b22-8986-8030a9379225,ok,17629184.0,v1.12-1.13,0.0,0.0,0.1423682409308692,True,0.0,0.0,0.2884462743997572,4.0,actuator_motors,none,9519550,6058209,3.8,,A,,0.0,4.0,True,10.00011266382919,19.99993045883181,1.9999630401341435,292.056481,225.00403099999983,,True,0.0,0.0,,main,0.0018299122864846,0.0001071383456292,0.0,0.0020201068313326,0.0,0.0271730960346758,1.2954550027847302,0.0152883629314601,0.0244760951027274,0.0250882320106029,0.0018282400367326,0.0001071326067265,0.0,0.0020180691592762,0.0,0.0268104620555274,0.8309310821559303,0.0151726735548924,0.0241813551915307,0.0247786888960442,0.0
9b3a8392-565c-4c1e-8bde-ebb9b3d5f518,ok,17760767.0,v1.14-1.15,0.0,0.0,0.0,True,0.038361246270061,4.21109100000001,0.0924298614263533,4.0,actuator_motors,none,15068943,8868769,6.5,,C,,0.0,4.0,True,9.9701955500754,220.88343125331835,1.999985516833506,134.834794,130.63003,,True,0.0,0.0042258114473644,vehicle_attitude,main,0.0011724331474397,0.0,0.0,0.0,0.0,0.0,0.0,0.0,0.0,0.0,0.0011717463844338,0.0,0.0,0.0,0.0,0.0,0.0,0.0,0.0,0.0,0.03707552807295591
7c226bef-bb09-40e8-8f52-d1563cdcb456,ok,17760256.0,v1.14-1.15,0.1307901907356948,0.0,0.0526315789473684,True,0.0097199977909095,0.609575999999997,0.2061736911535263,4.0,actuator_motors,none,25646473,12439981,6.3,,B,,0.0,4.0,True,10.004628197718716,199.62988881258872,1.999984259475504,201.026944,68.72701800000002,,True,0.0,0.0,,main,0.0026068324921652,0.1634583681821822,297837310771.19965,0.115914865909143,0.1881977759767302,0.1028624720871448,0.0029367427341639,0.0,3.80975265502929,0.0,0.0026034405977989,0.1513969215834489,26.419813237367908,0.1096745760216188,0.1724376851794037,0.097909047173066,0.0029324389292735,0.0,1.5706456597246248,0.0,0.0034551129782681247
4ecd843b-11c3-44e1-9a9d-49e59a64db1c,ok,17760256.0,v1.14-1.15,0.0,0.0,0.0,True,0.0,0.0,0.2455202668905257,4.0,actuator_motors,none,5514190,3625597,1.9,,A,,0.0,4.0,True,10.007561074984944,20.00720781597708,2.0000678277547697,137.519923,133.80977099999996,,True,0.0,0.0,,main,0.0008610788936493,0.0003783473948715,0.0010355666454415,0.0016406797221861,0.0029846562538295,0.0016725095047149,0.0012291880557313,0.0159660018980503,0.0028024314087815,0.0,0.000860708377899,0.0003782758395438,0.0010350308161956,0.0016393352775451,0.0029802110101724,0.0016711124182365,0.0012284332225843,0.0158398858976321,0.0027985119189078,0.0,0.0
f83a61c5-afef-4270-bdb7-8d51907d6ff8,ok,17826559.0,v1.16+,0.0,0.2566191446028513,0.0,True,0.0,0.0,0.3053089067339897,4.0,actuator_motors,none,11633376,7833746,3.7,,C,,0.0,4.0,True,10.004077324233869,20.00367022089536,1.9999999428571444,244.892638,243.79031900000007,,True,0.0,0.0,,main,0.0012338987435214,0.0005196982237976,0.0002230123063782,0.000825414143037,0.0008857774664647,0.0008962106076069,0.0012727769790217,0.0016517476178705,0.0003862136218231,0.0,0.0012331381160939,0.0005195632274452,0.0002229874428303,0.0008250736761211,0.0008853853971117,0.0008958092506626,0.0012719676850302,0.0016503849830534,0.0003861390605393,0.0,0.0
3310fabf-a608-41dd-aa6a-4a18582730bb,ok,17629952.0,v1.12-1.13,0.0,0.0,0.0,True,0.0,0.0,0.304,6.0,actuator_outputs,per_channel,7763025,3930984,2.8,,C,,,,False,10.013573590518384,135.35658959767255,1.999707435906584,72.763239,67.779385,True,True,0.0,0.0,,main,0.0069450393784791,0.0040874485857784,0.0,0.0,0.0,0.0,0.0,0.0246981615200638,0.0259299064055085,0.0,0.0069210336754405,0.0040791176615748,0.0,0.0,0.0,0.0,0.0,0.0243980926578423,0.0255994270712828,0.0,0.0
e9d55142-5e28-4fa2-ac37-35dcd66a58a2,ok,17825984.0,v1.16+,0.0,0.3202614379084967,0.0,True,0.0,0.0,0.4925194092094899,4.0,actuator_motors,none,3754787,3083336,4.6,,B,,0.0,4.0,True,10.013415679735996,20.01330472606421,2.0000530898446027,73.947195,69.48587800000003,,True,0.0,0.0006878395231368,sensor_combined,main,0.0056756869656965,0.0010326493240427,0.0006497263471828,0.0084648392628878,0.016561116091907,0.002360721596051,0.0049846760462969,1.4227203786373146,0.2939442977309227,0.0,0.0056596409406105,0.0010321165085056,0.0006495153664012,0.0084292134145535,0.0164254763240481,0.0023579394705129,0.004972293679664,0.8848910322188325,0.2576951485763844,0.0,0.0
9b9eb35b-e39b-41f6-9114-2e5e74962f41,ok,17761535.0,v1.14-1.15,0.0,0.0,0.0,True,0.0,0.0,0.4218112215399742,4.0,actuator_motors,none,41718583,25543153,10.2,,B,,0.0,4.0,True,9.94261898638564,220.68493294145472,1.9884954560910448,348.320709,341.42776499999974,,True,0.0,0.0060143232628295,vehicle_attitude,main,0.0039427808485925,0.0034773251973092,0.003471058839932,0.0180498741567134,0.0237068608403205,0.0013390468666329,0.0020881038159131,0.0690470308065414,0.0070729991421103,0.0,0.0039350284588172,0.0034712932812897,0.0034650486190682,0.0178889092236439,0.0234302169239826,0.0013381511428989,0.0020859267572296,0.0667676262169102,0.0070481028092377,0.0,0.0
211b9e0d-c276-4de9-a9bd-63678a4fbe63,ok,17761535.0,v1.14-1.15,0.0,0.0,0.0,True,0.0,0.0,0.2342442512512205,4.0,actuator_motors,none,16642054,10455476,4.2,,B,,0.0,4.0,True,10.002393234311548,20.00230896164576,1.9999819030280108,401.857513,391.7552800000004,,True,0.0,0.0,,main,0.0038739389623515,0.001490008883411,0.0018415235506836,0.0035698329331353,0.0034415052155964,0.0028534543118439,0.0057874776888638,0.042934677377343,0.011662305612117,0.0,0.0038664545839323,0.0014888999216132,0.0018398300249826,0.0035634762033669,0.0034355967885629,0.0028493909390195,0.0057707945776711,0.0420385445053988,0.0115948250717379,0.0,0.0
2cc1f885-f88a-4fd1-b58a-bcb8984a55dc,ok,17825984.0,v1.16+,0.0,0.1156462585034013,0.0,True,0.0,0.0,0.2399999946355819,4.0,actuator_motors,none,2678444,1915468,2.2,,B,,0.0,4.0,True,10.013440277428725,20.01318714234548,1.9999193039553576,71.948811,68.56360000000001,,True,0.0,0.0,,main,0.0,0.0,0.0,0.0,0.0,0.0,0.0,0.0002707379375351,0.0,0.0017287871392909,0.0,0.0,0.0,0.0,0.0,0.0,0.0,0.0002707012946332,0.0,0.0017272945068526,0.0
c07302c9-059c-4326-9462-ee469649d897,ok,17563648.0,v1.12-1.13,0.0,0.0,0.0,True,0.0060137457044673,0.4182359999999931,0.3985714285714286,6.0,actuator_outputs,bus,9919719,5406181,29.7,,C,,,,False,10.009728645426376,165.88477552833842,2.0095781518663327,103.292804,98.98780499999997,True,True,0.0,0.0,,main,0.0,0.0074836145155131,0.0,0.0,0.0,0.0,0.0,0.0,0.0,0.0,0.0,0.0074557511982731,0.0,0.0,0.0,0.0,0.0,0.0,0.0,0.0,0.0
8c6e7f4e-f8bb-407e-a11f-1741b0d292ab,ok,17760256.0,v1.14-1.15,0.0,0.0,0.0,False,0.0,0.0,0.1599999671177435,4.0,actuator_motors,none,10238084,5441071,4.5,,B,,0.0,4.0,True,9.909273409719448,168.57374992021442,1.9768816790226176,87.408711,83.927815,,True,0.0,0.0107015235283382,vehicle_attitude,main,0.0041121035814285,0.0,0.0,0.0,0.0,0.0,0.0,0.0,0.0,0.0034127748105674,0.0041036719899778,0.0,0.0,0.0,0.0,0.0,0.0,0.0,0.0,0.0034069645103582,0.0
81494303-30b9-4458-83a2-28a77af0e09c,ok,17695743.0,v1.14-1.15,0.0,0.0,0.0,True,0.0,0.0,0.2118298225104808,4.0,actuator_motors,none,2608449,1706361,10.7,,B,,0.0,4.0,True,9.976289845894891,19.951678462476472,1.9998888110598827,82.269905,81.34438600000001,,True,0.0,0.0024210605261864,sensor_combined,main,88.41156463623047,0.0,0.0,0.0,0.0,0.0,0.0,0.0059431231580674,,0.0,4.493250032160496,0.0,0.0,0.0,0.0,0.0,0.0,0.005925532463001,,0.0,0.0
fb70a200-24ad-41a1-839c-c6b1fd684d6f,ok,17630207.0,v1.12-1.13,0.0,0.0,0.0,True,0.0,0.0,0.874,6.0,actuator_outputs,per_channel,2952696,1833112,4.4,,C,,,,False,9.99973509296316,20.000596987516143,1.9998768197698928,98.479156,97.88465,True,True,0.0,0.0,,main,0.0895311810076236,0.0527394613251089,0.0,0.0,0.0,0.0,0.0,6.490600981123862e-07,0.0,0.0,0.0857474945502555,0.0513957773948412,0.0,0.0,0.0,0.0,0.0,6.490598874729719e-07,0.0,0.0,0.0
c60c64e1-2809-4b70-a424-4ce19759ab83,ok,17760320.0,v1.14-1.15,0.0,0.0,0.0,True,0.0,0.0,0.1530197262763975,4.0,actuator_motors,none,3442224,2754616,3.8,,A,,0.0,4.0,True,9.952010341574288,19.88781435418312,2.013157045153558,62.171005,58.55245699999998,,True,0.0,0.007889763380895,sensor_combined,main,0.0016092080506496,0.0,0.0,0.0,0.0,0.0,0.0,1.8165712237358087,0.9134614497423164,0.0502633497118949,0.001607914662742,0.0,0.0,0.0,0.0,0.0,0.0,1.035520267062651,0.648913879217294,0.049040941971474,0.0
afcf3d85-8d2f-4415-8437-ed7cdd9456a1,ok,17760768.0,v1.14-1.15,0.0,0.0,0.0,False,0.0,0.0,0.5273452512919903,4.0,actuator_motors,none,5760652,3080959,3.8,,B,,0.0,4.0,True,10.008135321452738,20.0082066883646,2.0000032592645707,135.60693,132.29236099999997,,True,0.0,0.0,,main,0.2680878192186355,0.0,0.0,0.0,0.0,0.0,0.0,163.25515289306622,19.327336311340343,0.0,0.2375101116756663,0.0,0.0,0.0,0.0,0.0,0.0,4.8363020528145695,3.011966596495319,0.0,0.0
3a485774-3a19-4be6-9f31-4c0386061711,ok,17825984.0,v1.16+,0.0,0.0172413793103448,0.0,True,0.0,0.0,0.4243712007999419,4.0,actuator_motors,none,9516641,5779000,6.7,,C,,0.0,4.0,True,9.999464804058714,197.83823060496024,1.988145320422596,84.542965,81.54497000000005,,True,0.0,0.0013180688426313,sensor_combined,main,0.0018778859870508,0.0,0.0,0.0,0.0,0.0,0.0,2.5322358578705464e-05,15.024689197540283,0.0,0.0018761249634836,0.0,0.0,0.0,0.0,0.0,0.0,2.5322037973195784e-05,2.774130607769371,0.0,0.0
35064c9b-5275-424d-989f-f954fbd4f5a0,ok,17695488.0,v1.14-1.15,0.0,0.0,0.0,True,0.0,0.0,0.2294026911258696,4.0,actuator_motors,none,21054560,10688091,8.4,,C,,0.0,4.0,True,10.002552208922786,20.00254170976945,2.000017360764508,391.669308,380.286638,,True,0.0,0.0,,main,0.0024476398248225,0.0016029194230213,0.0,0.0014560559531673,0.0,0.0226878048852086,0.0018567433347925,0.0008380613406188,,0.0001207588429679,0.0024446492333995,0.0016016361188553,0.0,0.0014549969315697,0.0,0.0224342643285081,0.0018550217176249,0.0008377103632934,,0.0001207515522057,0.0
58606428-791c-4854-ba28-ea08321d865c,ok,17695488.0,v1.14-1.15,0.0125588697017268,0.0136054421768707,0.0028929604628736,False,0.0433884297520661,4.098230000000001,0.1054150875657796,4.0,actuator_motors,none,29936215,16302315,10.6,,C,,0.0,4.0,True,10.001165468023627,20.00123857001517,1.999993117706242,829.368573,96.45395,,True,0.0,0.0,,main,0.0011483975045848,1.5031854927539825,0.0,0.0518056830391286,0.0,0.0517251109704375,0.0097759474534541,0.7152758002281108,0.0,0.0,0.001147738600578,0.9175641178755491,0.0,0.0505083853141749,0.0,0.05043177881147,0.0097284720398205,0.5395738841478623,0.0,0.0,0.0050639016156257535
1f877cee-487e-4458-8788-62c03b4953f3,ok,17761535.0,v1.14-1.15,0.0,0.0,0.0,True,0.0011527377521613,0.2037730000000124,0.2682316660881041,4.0,actuator_motors,none,7589867,5290285,8.4,,B,,0.0,4.0,True,10.005188291347862,20.00525252737467,2.000030986235052,176.183309,173.498466,,True,0.0,0.0,,main,0.0068504269467666,0.0,0.0,0.0,0.0,0.0,0.0,0.3105447277426715,0.0154057902283966,0.0025405978551134,0.0068270693842657,0.0,0.0,0.0,0.0,0.0,0.0,0.2704428734870878,0.0152883259261613,0.0025373759922009,0.0011331444759206798
6e4d0d35-5bf7-4c94-a6ab-cfa2e14400b2,ok,17630207.0,v1.12-1.13,0.0,0.0,0.0,True,0.0,0.0,0.159,6.0,actuator_outputs,per_channel,80716674,43866439,19.4,,A,,,,False,9.997879334237702,19.996291104391126,1.998936124596296,1889.780228,1881.064083999997,True,True,0.0,0.0002166504411187,sensor_combined,main,0.0008624697191407,0.000181178087223,0.0,0.0013965332589577,0.0,0.0,0.0007175753184128,0.0009922963799908,0.0,0.0,0.0008620980058447,0.0001811616764555,0.0,0.0013955590133248,0.0,0.0,0.000717317984341,0.0009918043793846,0.0,0.0,0.0
de397d02-3a93-4fb9-a3c8-850757cd0b67,ok,17761535.0,v1.14-1.15,0.0,0.0,0.0,True,0.0,0.0,0.2900368317961692,4.0,actuator_motors,none,10391299,6235455,4.6,,B,,0.0,4.0,True,9.989625312494772,199.64760606443625,1.99999977083336,96.273991,91.730056,,True,0.0,0.001814263025651,vehicle_attitude,main,0.0030562934931367,0.0,0.0,0.0,0.0,0.0,0.0,0.0611745618283748,0.0248805470764636,0.0051034327596425,0.0030516325226263,0.0,0.0,0.0,0.0,0.0,0.0,0.0593763718561544,0.0245760663615271,0.0050904543841261,0.0
f48ace81-9bd3-4960-8ccc-e1ac9b7da0e3,ok,17761535.0,v1.14-1.15,0.0,0.0,0.0,True,0.0,0.0,0.159660430252552,4.0,actuator_motors,none,2645526,2021388,3.0,,C,,0.0,4.0,True,10.01591231996638,20.014218741448925,2.000000451613005,62.048867,59.40634999999999,,True,0.0,0.0,,main,0.0013511387398466,0.0,0.0,0.0,0.0,0.0,0.0,0.2871746301651001,0.0388416171073913,9.10607210244052e-05,0.0013502267732692,0.0,0.0,0.0,0.0,0.0,0.0,0.2524496071832068,0.0381062626795476,9.105657524862478e-05,0.0
c93e05ce-8a6c-4d31-bce5-9525de90c1c7,ok,17629952.0,v1.12-1.13,0.0222222222222222,0.0,0.0,True,0.0,0.0,0.2371116757392883,4.0,actuator_motors,none,2912228,2114960,3.4,,B,,0.0,4.0,True,10.015803475068845,20.015352865223136,2.000008000032,66.608479,60.271236,,True,0.0,0.0,,main,0.0004179093171842,0.0005442769586807,0.0,0.0019716105191037,0.0,0.0,0.0010183744685491,0.0046500264899805,0.0,0.0,0.0004178220174069,0.0005441288936999,0.0,0.0019696694460254,0.0,0.0,0.0010178562770488,0.0046392485157968,0.0,0.0,0.0
acd377e7-d4b7-4bc3-a388-522410ccb7d5,ok,17825792.0,v1.16+,0.0,0.0,0.0,True,0.0,0.0,0.0767053067684173,4.0,actuator_motors,none,22173163,13939469,5.7,,C,,0.0,4.0,True,10.001917734420532,20.00201676231208,2.000005193137852,494.755636,486.10132,,True,0.0,0.0,,main,0.0042615403654053,0.0015074617578648,0.0006797749374527,0.0018014355096966,0.001294526195852,0.002541095833294,0.0025416804710403,0.004501310037449,0.0032905109925195,0.0,0.0042524857176454,0.0015063266779722,0.0006795439951231,0.0017998148707745,0.0012936890192362,0.0025378727083019,0.0025384558640232,0.0044912094406915,0.0032851091079535,0.0,0.0
559ec7c2-3452-487e-9ff5-40ab945a23ec,ok,17695488.0,v1.14-1.15,0.2184873949579832,0.0,0.0,True,0.0424610051993067,4.900773999999998,0.143777623772621,4.0,actuator_motors,none,4415303,2827158,2.6,,B,,0.0,4.0,True,10.00759896331703,20.00769442607416,1.9999976540111903,118.721708,115.468113,,True,0.0,0.0,,main,0.229322179406881,0.0,0.0,0.0,0.0,0.0,0.0,0.0138444174081087,0.0,0.0,0.2064629438344915,0.0,0.0,0.0,0.0,0.0,0.0,0.0137494588879444,0.0,0.0,0.04114189756507137
9e311830-277f-4817-bdea-f2d7b4986476,ok,17761535.0,v1.14-1.15,0.0,0.0,0.0,True,0.0,0.0,0.1483207512646913,4.0,actuator_motors,none,9731106,5721468,3.9,,B,,0.0,4.0,True,10.012881889414082,247.0085411300127,2.000051542729566,78.759989,76.83307500000004,,True,0.0,0.0,,main,0.056418820656836,0.0,0.0,0.0,0.0,0.0,0.0,0.0,0.0,0.0,0.0548847171254151,0.0,0.0,0.0,0.0,0.0,0.0,0.0,0.0,0.0,0.0
4eeec966-d65d-453f-9d6c-dc6c2b2c034f,ok,17761023.0,v1.14-1.15,0.0,0.0,0.0,True,0.003831417624521,0.5012500000000024,0.283123716711998,4.0,actuator_motors,none,8232761,4920617,4.8,,A,,0.0,4.0,True,10.006157019325306,20.006159360136888,1.9999986419762308,162.479637,156.55008799999985,,True,0.0,0.0,,main,0.0029421189334243,0.0014060450950637,0.0011654122266918,0.0175607953220605,0.0173637799918651,3.444088077545166,0.0071559521369636,0.0331960428506135,0.0156371084507554,0.0542875610291959,0.0029377993718836,0.0014050575392493,0.0011647336610173,0.0174083862519414,0.0172147522143942,1.4915746910105865,0.0071304698061449,0.0326569522386149,0.0155161086317944,0.0528652412092425,0.0036900369003690036
3ddb46c8-3d42-412c-bfe5-de9d6e813785,ok,17761280.0,v1.14-1.15,0.0,0.0,0.0,True,0.0084388185654008,0.4016759999999983,0.2457718551158905,4.0,actuator_motors,none,3093984,2313960,2.5,,A,,0.0,4.0,True,10.013000968362956,20.01354304652988,2.000175132575746,72.436872,71.07890199999997,,True,0.0,0.0,,main,0.006522785173729,0.0009089550148928,0.002383645507507,0.0087249425705522,0.0179772395640611,0.0030811931937932,0.0154689513146877,0.0095615379977971,0.0010763946920633,0.0,0.0065016038680292,0.0009085421654386,0.0023808091309376,0.0086871002147429,0.0178175598863059,0.0030764560462611,0.0153505267946043,0.0095161158011953,0.0010758157946742,0.0,0.00821917808219178
717e0325-5fa4-4e21-99fa-48fb83b2a4b1,ok,17825984.0,v1.16+,0.0,0.0,0.0,True,0.0187747035573122,1.2007930000000044,0.2588810712099071,4.0,actuator_motors,none,4602915,3326335,2.8,,B,,0.0,4.0,True,10.008328642567951,20.00921866164285,2.000109671171924,110.845413,101.176277,,True,0.0,0.0,,main,0.0022000579163432,0.0004885212052613,0.0009864864114206,0.0087865115609019,0.0049099311465397,0.0104512612801045,0.0139800020027905,0.144812262058258,0.5064163759350766,0.0,0.0021976413326924,0.0004884019176254,0.0009860001534656,0.0087481348029161,0.0048979167451479,0.0103970244173792,0.0138831830837732,0.1352406602948599,0.40973356920923,0.0,0.017101710171017102
74a3ad97-8403-4741-84a0-55389c07914f,ok,17825792.0,v1.16+,0.0,0.0,0.0,True,2.7040181710021093e-05,0.0029710000000022,0.280510726571083,4.0,actuator_motors,none,15021962,9748032,8.8,,C,,0.0,4.0,True,10.006860848120114,160.77076571661212,2.0000128709315383,135.454571,129.43832999999998,,True,0.0,0.0,,main,0.0135282528586685,0.0051264561014249,0.0046140098245814,0.0094337460119276,0.0060840770369395,0.0635108429938554,0.0034884375752881,0.0392690200358629,2.998238492012024,0.0,0.0134375630469478,0.0051133605620822,0.004603397911046,0.0093895261186415,0.0060656437687418,0.0615755511810325,0.0034823670905048,0.0385176006774951,1.3858538871284698,0.0,2.5763899623847067e-05
f1d07e44-8e16-4391-9c2c-6cb1cbc1f2f5,ok,17760256.0,v1.14-1.15,0.0,0.0,0.0,True,0.0,0.0,0.0898147463798522,4.0,actuator_motors,none,16827680,10528127,4.2,,A,,0.0,4.0,True,10.002237474324442,20.0021161733713,1.9999770915972952,427.372899,422.033776,,True,0.0,0.0,,main,0.0027533896733075,0.0003326068224851,0.000465963591705,0.0060072053689509,0.0066958604846149,0.0022324181860312,0.0039372856728732,0.0227126067504286,0.0178007662296294,0.0,0.0027496060395817,0.0003325515210979,0.0004658550643824,0.005989234046481,0.0066735427795682,0.002229930042915,0.0039295548493014,0.0224585156829912,0.0176441880015802,0.0,0.0
3833b517-ff13-4234-bb6e-ee3f50b12d1a,ok,17761023.0,v1.14-1.15,0.0,0.0,0.0,True,0.0018382352941176,0.101237999999995,0.1733264699578285,4.0,actuator_motors,none,2647902,2034775,1.9,,A,,0.0,4.0,True,10.015689884807305,20.015697082628883,2.000001015873532,63.868515,54.390175,,True,0.0,0.0,,main,0.0010934527614153,0.0,0.0,0.0,0.0,0.0,0.0,1.5161445389821884e-05,0.0,0.0,0.001092855377379,0.0,0.0,0.0,0.0,0.0,0.0,1.5161330456270432e-05,0.0,0.0,0.001567398119122257
8111037a-c534-4f10-941b-1a83e356cd22,ok,17826304.0,v1.16+,0.0434782608695652,0.0197628458498023,0.0,True,0.0008583690987124,0.1021819999999991,0.2153728127479553,4.0,actuator_motors,none,4689883,3183075,2.8,,A,,0.0,4.0,True,10.008611078412232,20.00812979478303,1.9999122883656624,119.812564,116.498928,,True,0.0,0.0,,main,0.0338049426674842,0.0,0.0,0.0,0.0,0.0,0.0,0.0064967207377776,0.0,0.0,0.0332461148357784,0.0,0.0,0.0,0.0,0.0,0.0,0.0064757080077295,0.0,0.0,0.0008333333333333334
f34186fe-6d76-44a6-9b65-3bbd65b06ae4,ok,17761280.0,v1.14-1.15,0.0,0.0,0.0,True,0.1780104712041884,5.298746999999999,0.5777575075626372,4.0,actuator_motors,none,3949092,2964825,3.2,,B,,0.0,4.0,True,10.009091287947422,20.010116023200457,1.9997986395643936,98.612668,95.54012500000005,,True,0.0,0.0,,main,0.0036006459966301,0.0003820771977188,0.0016892449639271,0.0042376707307994,0.0085573567543178,1.45756917274535,0.0069069715449586,0.0788096752017736,0.0206126525998115,0.0008867839729646,0.0035941791893073,0.0003820042248132,0.0016878197944009,0.0042287170903289,0.0085209501259071,0.899172720250515,0.006883227686402,0.0758582807283654,0.0204030867880276,0.0008863910123542,0.1715438950554995
f2825e63-b775-45fd-b17c-45b317f43a17,ok,17695488.0,v1.14-1.15,0.9642857142857144,0.0,0.0,True,0.0001472103636095,0.0210179999999979,0.2505366057157516,4.0,actuator_motors,none,19533062,10876249,5.9,,C,,0.0,4.0,True,10.005485468742569,219.07435147970168,2.0000181494184304,168.095585,167.306198,,True,0.0,0.0,,main,0.003159521962516,0.0,0.0,0.0,0.0,0.0,0.0,0.0367681104689836,0.0683516645804047,0.0,0.0031545411615425,0.0,0.0,0.0,0.0,0.0,0.0,0.0361082884933327,0.0661169602909224,0.0,0.00014647722279185587
67e8a2e9-cb96-44c7-8fa7-707067cc0c0f,ok,17694720.0,v1.14-1.15,0.0,0.0,0.0,True,0.0,0.0,0.1045688182115554,4.0,actuator_motors,none,12258321,2985024,29.8,,A,,0.0,4.0,True,10.013868260085436,20.01482291375588,114.56813269253452,68.190548,62.23944000000013,,True,0.0,0.0,,main,0.0010233364300802,0.0,0.0,0.0,0.0,0.0,0.0,2.4517759811715223e-05,,0.0,0.0010228131783002,0.0,0.0,0.0,0.0,0.0,0.0,2.451745925635475e-05,,0.0,0.0
5843b69d-496b-4b52-a17d-b654478f4f13,ok,17695488.0,v1.14-1.15,0.0246406570841889,0.0,0.0,True,0.0,0.0,0.0865588784217834,4.0,actuator_motors,none,26390536,16057962,43.2,,B,,0.0,4.0,True,10.00406599967761,192.0225171486485,2.000017223967633,243.962539,236.6922219999999,,True,0.0,0.0,,main,2.627044477776507e-05,0.0,0.0,0.0,0.0,0.0,0.0,0.0,0.0,9.741500289237587e-05,2.6270099715673934e-05,0.0,0.0,0.0,0.0,0.0,0.0,0.0,0.0,9.741025835910492e-05,0.0
ba8cd3d0-a94f-4c95-9421-c8b0fd3e992d,ok,17694720.0,v1.14-1.15,0.0,0.0,0.0,True,0.1586520873135238,0.2998459999999987,0.6970603168010712,4.0,actuator_motors,none,32501389,16400116,52.6,,C,,0.0,4.0,True,100.028432920532,200.0499185043267,2.000126141288644,67.758339,61.88862999999999,,True,0.0,0.0,,main,0.0012350650504231,0.0009055092959897,0.0,0.0102705610916018,0.0,0.0015378819371107,0.0048678290331736,0.0498694786801934,0.0968284122645855,0.0,0.001234302984986,0.000905099569769,0.0,0.0102181772480322,0.0,0.0015367006076928,0.0048560194625663,0.0486658504239351,0.092422753620988,0.0,0.14420838721596158
7a10c97d-79c5-4186-b2cd-2fc728ee62ff,ok,17760256.0,v1.14-1.15,0.0,0.0,0.0,False,0.6732939279957012,125.30015,0.8908491283655167,4.0,actuator_motors,none,6818150,4252476,23.0,,C,,0.0,4.0,True,10.004776642243906,20.004798916566912,2.0000870757909315,188.092251,185.3082999999999,,True,0.0,0.0,,main,0.0036713890149258,0.0,0.0,0.0,0.0,0.0,0.0,0.8915089666843414,0.2931760475039482,0.0264805969782173,0.0036646659166577,0.0,0.0,0.0,0.0,0.0,0.0,0.6373749055948265,0.2571012448169625,0.0261360551824877,0.6661350345560871
6db84938-1ac7-47a0-bd89-72fc36598c89,ok,17826240.0,v1.16+,0.0,0.0,0.0,False,0.0,0.0,0.0741289138793945,4.0,actuator_motors,none,62139519,7491256,77.5,,A,,0.0,4.0,True,10.010020541584195,199.97999398537124,1.999996100510116,99.624472,95.76006400000004,,True,0.0,0.0,,main,0.0059996092459186,0.001892913901247,0.002973965043202,0.0339401725679635,0.0370904013514518,0.0013185522286221,0.0059286701260134,0.0800590705126523,0.1359896682202812,0.0,0.0059816832539318,0.0018911245973711,0.0029695515573661,0.0333769142265503,0.0364191012929772,0.0013176837020135,0.0059111647164055,0.0770157345595382,0.1275042253810879,0.0,0.0
4c065496-f908-49ba-af1c-4597de7db7d6,ok,17695744.0,v1.14-1.15,0.1160949868073878,0.2717678100263852,0.0,True,0.8556311413454271,33.600244,0.999999992338703,4.0,actuator_motors,none,5808489,3864904,5.2,,B,,0.0,4.0,True,10.006462379226706,20.00701946387377,2.000260515681616,137.0103,132.29371,,True,0.0,0.0,,main,0.0003980136738391,0.0022829195484519,0.0,0.0052938278764486,0.0,7.184496280387975e-05,0.0013357895659282,4.140564269619061e-05,,0.0157077841460704,0.0003979344874076,0.0022803176468218,0.0,0.0052798648266325,0.0,7.184238207814696e-05,0.001334898192749,4.140478550622866e-05,,0.0155856937579845,0.8250728862973761
ee6e3cd6-436d-4a1e-aa86-09c8e798a255,ok,17825856.0,v1.16+,0.0,0.0,0.0,True,0.0,0.0,0.1037914276123046,4.0,actuator_motors,none,13220047,8215892,6.0,,C,,0.0,4.0,True,10.003372046418429,20.003233315297624,2.000048552415389,283.561975,278.4934779999997,,True,0.0,0.0,,main,0.0021163842407986,0.0016025020275264,0.0023382114712148,0.0067084247712045,0.0047136549837887,0.0037492144154384,0.0015286911861039,0.0361525900661941,0.1532044559717176,0.0,0.0021141478544838,0.0016012193912542,0.0023354821084962,0.0066860234191315,0.0047025804993657,0.0037422036289026,0.0015275239271668,0.0355144207002032,0.1425445507806434,0.0,0.0
bdd51f3b-ff5f-415f-85e3-a87c1031fa9d,ok,17761280.0,v1.14-1.15,0.0,0.0,0.0,True,0.0,0.0,0.2802044004201889,4.0,actuator_motors,none,53628927,33836296,20.5,,C,,0.0,4.0,True,10.00065203438736,20.000644772456724,2.0000002674533297,1526.240549,1521.0926420000023,,True,0.0,0.0,,main,0.006529055070132,0.0026317688287235,0.0120028842240571,0.0033991385716944,0.0088049700949341,0.0011569180409424,0.001699322258355,0.0565974954515695,0.027707421220839,0.0,0.0065078331128779,0.0026283117892303,0.0119314208849843,0.0033933745582732,0.0087664323960618,0.0011562493269808,0.001697880043913,0.0550538353606102,0.0273305168165891,0.0,0.0
72b37fb5-a182-43b2-a4e0-01ecd368398f,ok,17761535.0,v1.14-1.15,0.0,0.0,0.0,True,0.0,0.0,0.2206360667943954,4.0,actuator_motors,none,70636595,34868148,19.8,,B,,0.0,4.0,True,9.977916973109664,202.5437652865636,2.00000036363643,181.757599,175.79553299999992,,True,0.0,0.0025449818349381,vehicle_attitude,main,0.0017566702910698,0.001015485060634,0.0009683564712759,0.0231731132604181,0.0307780694216489,0.0065329007571562,0.0181412708945572,0.0152889728080481,0.0029710061498917,0.0116442715283483,0.0017551291504007,0.0010149698044736,0.000967887916609,0.0229086938266309,0.0303139242706129,0.0065116538467734,0.0179786814811526,0.0151732742476878,0.0029666014332572,0.0115769987235483,0.0
660aa556-f62f-4aa9-8a1d-993e367b99ea,ok,17826559.0,v1.16+,0.0,0.0,0.0,True,0.010752688172043,0.3991210000000009,0.1580486416816711,4.0,actuator_motors,none,3744785,2759806,3.4,,A,,0.0,4.0,True,10.010641334335784,20.009997093920568,2.0002373918104555,88.425604,83.65629399999997,,True,0.0,0.0,,main,0.004303484596312,0.068926267325878,0.0163403268903493,0.030370296165347,0.021902573108673,0.0044865225441753,0.0891777440905566,0.0048362891189754,0.0,0.0,0.0042942510878391,0.066654656161674,0.0162082604789927,0.0299182484731495,0.0216661575980906,0.0044764881038729,0.0854230483462712,0.0048246318429502,0.0,0.0,0.010146561443066516
9e605002-85dc-46a5-ae49-e64feba68806,ok,17761280.0,v1.14-1.15,0.0,0.0,0.0,True,0.0,0.0,0.3134904280304909,4.0,actuator_motors,none,6546484,3924667,3.2,,B,,0.0,4.0,True,10.004813952477653,20.005383460887728,1.99995643972428,196.812703,190.6550310000001,,True,0.0,0.0,,main,0.0028360642492771,0.0,0.0,0.0,0.0,0.0,0.0,4.768738985061587,0.7038551926612729,0.0,0.0028320502066616,0.0,0.0,0.0,0.0,0.0,0.0,1.7524535098520928,0.532893443963462,0.0,0.0
6b2138fb-5630-43af-aba3-6053fe31f08e,ok,17694975.0,v1.14-1.15,0.0,0.0,0.0,True,0.0,0.0,0.1790433287620544,4.0,actuator_motors,none,10849716,6813002,5.1,,C,,0.0,4.0,True,10.003559646860166,20.003763843388526,1.9999904737295853,266.244607,254.82058399999983,,True,0.0,0.0,,main,0.0036913150455802,0.0004996555973775,0.0,0.0016084325965493,0.0,0.008453806862235,0.0053592542186379,0.0047208228148519,0.0191208794713019,0.0,0.0036845188616335,0.0004995308110845,0.0,0.0016071404542041,0.0,0.0084182735576841,0.0053449445191911,0.0047097146768095,0.0189403727903128,0.0,0.0
5f8c6180-7b1d-40e2-9a46-5fa860cf5703,ok,17761280.0,v1.14-1.15,0.0,0.0,0.0,True,0.0,0.0,0.1157859861850738,4.0,actuator_motors,none,6896813,3980937,4.4,,A,,0.0,4.0,True,10.006107795224764,20.00568190090865,2.000130350837459,166.709735,160.485771,,True,0.0,0.0,,main,0.0030549902585335,0.000388439510425,0.0011621331097558,0.0099341437220573,0.0124867769423872,0.0057191852945834,0.0074266388313844,0.0022301284829154,0.0014546217862516,0.0,0.0030503332581101,0.0003883640873292,0.001161458355792,0.0098851244916926,0.0124094601032891,0.0057028928445441,0.0073991971318582,0.0022276454373787,0.0014535648488197,0.0,0.0
c5542e7d-1730-4ea7-a012-8f293d763327,ok,17761280.0,v1.14-1.15,0.0,0.0,0.0,True,0.0,0.0,0.0715115293860435,4.0,actuator_motors,none,9251859,5823263,5.0,,C,,0.0,4.0,True,10.010851124840416,199.7953418180484,2.0001660367714664,87.60667,82.904771,,True,0.0,0.0,,main,0.0014215353061445,0.0,0.0,0.0,0.0,0.0,0.0,0.0216977129690349,0.3265973366796991,0.0137908041477203,0.0014205258813399,0.0,0.0,0.0,0.0,0.0,0.0,0.0214656681562756,0.2826172704785524,0.0136965763380351,0.0
572cb8ec-db8d-4266-8137-7c8c0e907c8b,ok,17826047.0,v1.16+,0.0,0.0,0.0,True,0.0,0.0,0.321626341342926,4.0,actuator_motors,none,7719810,5545713,5.3,,C,,0.0,4.0,True,10.00623028964941,20.00631209689351,1.9999690812233344,160.897519,151.31579100000002,,True,0.0,0.0,,main,0.0022570053813979,0.0031660681357607,0.0010568515164777,0.0029006355209276,0.002543008304201,0.0069589660037308,0.0022771372692659,0.0931361034512513,0.0060623334255069,0.0005222413747105,0.0022544621707266,0.0031610666958596,0.0010562934420803,0.0028964367950709,0.0025397803299354,0.0069348641511878,0.0022745485214056,0.0890507242703039,0.0060440314135768,0.0005221050541431,0.0
9e818d17-355e-4abf-a208-165ae7f7a4ec,ok,17695744.0,v1.14-1.15,0.7377777777777778,0.32,0.0,True,0.0,0.0,0.2853889003396034,4.0,actuator_motors,none,3542920,2548338,3.7,,A,,0.0,4.0,True,10.001769846349717,20.0114760290386,1.999999703703748,81.177517,76.77546599999995,,True,0.0,0.0,,main,0.0005417038686573,0.0005163679830729,0.0,0.0039087047567591,0.0,0.0001138837076723,0.0012374742771498,0.0082232963759452,,0.0022107605822384,0.0005415572000815,0.0005162347110022,0.0,0.0039010856178441,0.0,0.0001138772234151,0.0012367092369365,0.0081896692988034,,0.0022083204467708,0.0
278d4fc7-509c-489c-8cb0-38977667a75b,ok,17694720.0,v1.14-1.15,0.0,0.0,0.0,True,0.0,0.0,0.2697446234524249,4.0,actuator_motors,none,3989668,2884381,3.7,,A,,0.0,4.0,True,10.009683341613448,20.00794229188716,1.999946142864476,99.568738,93.011246,,True,0.0,0.0,,main,0.0087452200241386,0.0002955721953185,0.0,0.0080601621419191,0.0,0.3618873178958892,0.0069672447629272,0.0009516162623185,0.0017695609712973,0.0494375858455895,0.0087072020769296,0.0002955285224626,0.0,0.0080278525327204,0.0,0.3088714714823704,0.0069430856631302,0.0009511637626111,0.0017679971428697,0.0482543881390741,0.0
dbe094da-5ec8-4036-bac0-04b67cf8d0d3,ok,17760511.0,v1.14-1.15,0.0,0.0170212765957446,0.0,True,0.0435000626802055,3.3019359999999978,0.6582042217254622,4.0,actuator_motors,none,59739470,19865064,12.3,,A,,0.0,4.0,True,9.823687366603243,191.63478674458148,1.96455296902492,113.237568,110.601386,,True,0.0,0.0190913537009668,vehicle_attitude,main,0.0127357140183448,0.0015145228244364,0.0017032776260748,0.0315720021724695,0.007741518644616,0.0096848336979746,0.0044473846442997,0.2814142346382141,0.0171699398197233,5.844987964630127,0.0126552968726539,0.0015133770914235,0.001701828693795,0.0310838544594548,0.0077117068493486,0.0096382363131437,0.0044375242537029,0.2479643388220902,0.0170242022413554,1.9235167004671536,0.04233428222854819
9973c454-88b7-4dcc-b0b8-ccfdffdedf99,ok,17826559.0,v1.16+,0.0,0.0,0.0,True,0.0,0.0,0.2601348176598547,4.0,actuator_motors,none,4486129,3428138,3.1,,A,,0.0,4.0,True,10.01061606985768,20.0101899171102,1.9999416438080355,95.286462,87.44480699999997,,True,0.0,0.0,,main,0.0020226727938279,0.0008174091635737,0.0006087377551011,0.0052613553125411,0.0052132548298686,0.0006435385148506,0.0017115147202275,0.1624310538172722,0.1624310538172722,0.0,0.0020206299454245,0.0008170752666445,0.0006085525494311,0.0052475627399434,0.0051997128616718,0.0006433315327364,0.0017100517479365,0.150513548176271,0.150513548176271,0.0,0.0
6690cc53-15fe-4c65-aa2e-27f393890818,ok,17761280.0,v1.14-1.15,0.0,0.0,0.0,True,0.0,0.0,0.3070892453193664,4.0,actuator_motors,none,6918417,4220161,4.5,,C,,0.0,4.0,True,10.015046697203758,171.40869594750723,2.000346380590056,65.667627,61.75697899999999,,True,0.0,0.0,,main,0.0176922921091318,0.0,0.0,0.0,0.0,0.0,0.0,0.0001750274706864,0.0,0.0,0.0175376053530609,0.0,0.0,0.0,0.0,0.0,0.0,0.0001750121551657,0.0,0.0,0.0
fe19f647-c8af-47d7-8044-31b5e0460be1,ok,17760256.0,v1.14-1.15,0.0,0.0,0.0,True,0.0,0.0,0.119604867696762,4.0,actuator_motors,none,7508872,4985939,6.2,,C,,0.0,4.0,True,10.0054349569605,20.00560942977744,1.9999602949059097,170.513594,164.345963,,True,0.0,0.0,,main,0.0005696983425877,5.083225914859213e-05,2.3868105927249417e-05,0.0005322105134837,0.000387467443943,0.0163026079535484,0.0247512552887201,0.0063906139694154,0.0043621272780001,0.0,0.0005695361260936,5.083096723308753e-05,2.3867821088541505e-05,0.0005320689396975,0.0003873923978176,0.0161711472839907,0.024449905372255,0.0063702805785526,0.0043526407783462,0.0,0.0
e15218d3-162c-49af-a292-7b014c260144,ok,17761280.0,v1.14-1.15,0.0223735408560311,0.0,0.1738938053097345,True,5.7613089693978473e-05,0.009998000000003,0.2837354779243469,4.0,actuator_motors,none,47710208,28485717,9.4,,B,,0.0,4.0,True,10.00199448802437,200.00000180801177,2.000000425720712,451.91793,364.49988999999977,,True,0.0,0.0,,main,0.0017655472154729,15627.594824218748,9695.022753906249,0.0329383701086044,0.0169567162171006,0.8580834627151485,0.0061586854048073,0.0,0.0,0.0017198086832649,0.001763990469058,9.656857516892844,9.179471055037595,0.0324075272818175,0.0168145559022045,0.6195455601120997,0.0061397982090455,0.0,0.0,0.0017183315057107,4.6489284219987296e-05
a1082e87-1fed-480d-9049-082330122a88,ok,17760511.0,v1.14-1.15,0.0,0.0,0.0,False,0.0,0.0,0.0276953279972076,4.0,actuator_motors,none,17231055,7626026,31.8,,B,,0.0,4.0,True,125.00625844890602,250.0,125.00625844890602,80.052,50.256,,True,0.0,0.0,,main,0.0001316261259489,0.0082151461392641,0.0040623811073601,0.0034879494924098,0.0059832190163433,0.0147742880508303,0.0154759958386421,0.0777883604168891,0.0337824448943138,0.0,0.0001316174639904,0.0081815855046153,0.0040541519164407,0.0034818807042359,0.0059653906401526,0.0146662114598733,0.0153574639830932,0.0749111270684176,0.0332243524925695,0.0,0.0
1609a2f5-7ef4-46b2-ad6a-384aa9dc256d,ok,17695488.0,v1.14-1.15,0.0,0.0,0.0,False,0.2037833190025795,3.2099999999999937,0.5828148692846298,4.0,actuator_motors,none,19460548,8701265,30.8,,C,,0.0,4.0,True,82.63724094288878,85.33459895586141,99.2564467647524,126.41,115.26,,True,0.0,0.0,,main,0.0010204958263784,0.0092097138985991,0.0,0.0080482883378862,0.0,0.0229096494615075,0.0154136912897229,0.0500261858105659,0.0775842145085334,0.0,0.0010199754744937,0.0091675630838635,0.0,0.0080160735988736,0.0,0.0226511638721571,0.015296107081895,0.0488151027256692,0.0747216972581461,0.0,0.1872037914691943
9a387907-ccd8-45ff-889e-06b34f9c9b65,ok,17695743.0,v1.14-1.15,0.9731543624161074,1.0,0.0,False,0.9905100830367736,659.700641,1.0,4.0,actuator_motors,none,26455571,15219071,36.8,,A,,0.0,4.0,True,10.0014207430824,20.00151090975639,1.9999899808051889,675.902812,673.8957889999997,,True,0.0,0.0,,main,0.0040036166086792,0.0047980570234358,0.0,0.0064590745605528,0.0,0.1071443483233451,0.1169407252222299,15.29976863861084,20.52738761901854,0.0,0.0039956234629292,0.0047865830350985,0.0,0.0064383041289984,0.0,0.101784041181734,0.1105934526290825,2.7911509137617263,3.0693259672293496,0.0,0.9877273399378974
9a02c4e7-c6f6-4905-bd98-f0f469c2f072,ok,17695743.0,v1.14-1.15,0.0,0.0,0.0,True,0.0,0.0,0.2019216477870941,4.0,actuator_motors,none,18386069,11526067,3.2,,B,,0.0,4.0,True,10.001974428221263,20.00220688684725,1.9999884814667763,457.278679,450.5030289999998,,True,0.0,0.0,,main,0.0097794982604682,0.0028807030525058,0.0,0.0165458241477608,0.0,0.0140619687736034,0.0107657357119023,0.0014806467574089,0.0032940850127488,0.0,0.0097319884642115,0.0028765617787477,0.0,0.0164104333926176,0.0,0.0139640164906145,0.0107081977696747,0.0014795516808132,0.0032886714000556,0.0,0.0
fc52a13e-0b94-4fae-83c6-65a92455e55d,ok,17826240.0,v1.16+,0.0,0.0,0.0,True,5.598007109469029e-05,0.0062509999999917,0.1999349296092987,4.0,actuator_motors,none,16376472,10180404,5.4,,B,,0.0,4.0,True,9.999483729791825,199.38563684139444,2.000042774861185,130.566553,125.045628,,True,0.0,0.0008030404308632,sensor_combined,main,0.002903375448659,0.000684438063763,0.0004152083580265,0.0027813054737634,0.0025790575775317,0.0003905659745214,0.00130593823269,0.0261266955174505,0.0115971222985535,0.0003327822181745,0.0028991687945249,0.0006842039428528,0.0004151221828891,0.0027774448005119,0.0025757375157327,0.0003904897234845,0.0013050862370446,0.0257912240347397,0.0115303911067339,0.0003327268584536,5.355899523324943e-05
1e2d51bf-444c-4ef3-a1f1-d1786fd6ebdc,ok,17629952.0,v1.12-1.13,0.164021164021164,0.0,0.0,True,0.0,0.0,0.3225999999999999,6.0,actuator_outputs,per_channel,3997020,2962052,2.9,,C,,,,False,10.01169457636699,20.01025490084493,2.000043825136124,91.262046,86.87518699999998,True,True,0.0,0.0,,main,0.0011418508249334,0.0089229259639978,0.0,0.0410295944660902,0.0,0.0,0.0113819468766451,0.0052846587263047,0.046886183694005,0.0,0.0011411994091128,0.0088833518968809,0.0,0.0402102181106698,0.0,0.0,0.0113176598669513,0.0052707439191871,0.0458202189058189,0.0,0.0
db6e84cb-c38e-4d95-af40-aca4181365b9,ok,17761535.0,v1.14-1.15,0.7096774193548387,0.0,0.0,True,0.0,0.0,0.2042373806238171,4.0,actuator_motors,none,6294423,4189667,4.4,,C,,0.0,4.0,True,10.010574865917436,20.01046949483452,2.0000183569252434,92.649698,88.92555699999998,,True,0.0,0.0,,main,0.0013885322259739,0.0,0.0,0.0,0.0,0.0,0.0,0.0301812873221933,0.01433379156515,0.0,0.0013875691065477,0.0,0.0,0.0,0.0,0.0,0.0,0.0297347938630359,0.0142320340032604,0.0,0.0
f6aa2d92-1557-4b4f-b1e3-c21087e83a58,ok,17761535.0,v1.14-1.15,0.0,0.0,0.0,True,0.0,0.0,0.217486323416233,4.0,actuator_motors,none,13040852,7843414,4.4,,C,,0.0,4.0,True,10.00257104985162,20.00257039779189,1.999980833074934,377.741949,371.4003819999997,,True,0.0,0.0,,main,0.0032308276044204,0.0003130910830805,0.0002204214557423,0.001835522102192,0.0014837893773801,0.0010235487949103,0.0018853232380934,0.0154557333327829,0.0044076207093894,0.0,0.0032256196951388,0.0003130420802953,0.0002203971665024,0.0018338395900423,0.0014826896496303,0.0010230253260093,0.001883548246842,0.0153375100815722,0.0043979355976679,0.0,0.0
26587c6a-7c51-4a40-8724-88f3ebc8c70f,ok,17629952.0,v1.12-1.13,0.3469387755102041,0.0,0.0,True,0.0025041736227045,0.1017920000000032,0.2451728731393814,4.0,actuator_motors,none,11422377,7320420,5.5,,B,,0.0,4.0,True,10.004005251102356,20.00390803957064,1.9999577585923924,243.62665,239.582544,,True,0.0,0.0,,main,0.0019943292019888,0.0006507548823719,0.0,0.0070091061294078,0.0,0.0,0.0024479215731844,0.0029556069057434,0.0014769598026759,0.0,0.001992343167605,0.0006505432332295,0.0,0.0069846565251397,0.0,0.0,0.0024449302937872,0.0029512476869652,0.00147587017031,0.0,0.0024580090126997134
5c0a26f2-438d-46b6-a0f1-cfc52520ec9a,ok,17760511.0,v1.14-1.15,0.0182186234817813,0.0,0.0408163265306122,True,0.0038659793814432,0.3012040000000127,0.3243577197194099,4.0,actuator_motors,none,8012893,5180729,4.4,,C,,0.0,4.0,True,9.963401633767504,19.91826551548534,1.991875824240665,245.442701,233.8845760000001,,True,0.0,0.0044780809824226,vehicle_local_position,main,0.0007178982137702,0.0,0.0,0.0,0.0,0.0,0.0,0.1909559100866317,0.0545865595340728,0.0,0.0007176406481107,0.0,0.0,0.0,0.0,0.0,0.0,0.1747562704491698,0.0531488034228093,0.0,0.0036749693752552064
062e498e-fe32-4cd7-bf33-52442ca89222,ok,17760256.0,v1.14-1.15,0.0,0.0,0.0,True,0.0,0.0,0.1596878059208393,4.0,actuator_motors,none,9179469,6733343,3.3,,B,,0.0,4.0,True,10.005859599144175,20.00626986913857,2.0000191833671823,166.541741,161.65142499999996,,True,0.0,0.0,,main,0.0021871533244848,8.327059076691504e-05,3.3734641510818594e-05,0.0027493921807035,0.0018040766532067,0.0069470431189983,0.020168403442949,0.0130898584146052,0.0016928629542235,0.0,0.0021847649864593,8.326712396372553e-05,3.37340725105963e-05,0.002745619515464,0.0018024512615152,0.006923023593904,0.0199677150830969,0.0130049265788705,0.0016914316768092,0.0,0.0
014034d5-3ac8-4783-be42-ad901aac0376,ok,17825792.0,v1.16+,0.0,0.0,0.0,True,0.0001528409308012,0.0148120000000062,0.2683254797011614,4.0,actuator_motors,none,11994346,8018715,4.5,,C,,0.0,4.0,True,10.009613792593065,202.4245069581466,2.0000153235004885,100.587714,91.60690599999997,,True,0.0,0.0,,main,0.0099566405639052,0.0072346166009083,0.0052603837335482,0.0023453916655853,0.0055050265043973,0.0042942013009451,0.0070508077042177,0.0597942627966403,0.0048883299110457,0.0,0.0099073997968961,0.007208572300473,0.0052465962455514,0.0023426455275607,0.0054899292279178,0.0042850075290795,0.0070260669861984,0.0580747975844611,0.0048764208209914,0.0,0.00013884549967024194
2f89e944-7285-427e-801f-05f62dd71818,ok,17825856.0,v1.16+,0.0,0.0,0.0,True,0.0,0.0,0.1972810595861829,4.0,actuator_motors,none,2809424,2090566,2.5,,B,,0.0,4.0,True,10.01379368743816,20.013707858932143,1.9999604763055523,71.463754,71.29223099999999,,True,0.0,0.0,,main,0.0002429057996778,0.0,0.0,0.0,0.0,0.0,0.0,0.0013286791043356,3.4443972587585425,0.0,0.0002428763028405,0.0,0.0,0.0,0.0,0.0,0.0,0.0013277971913542,1.4916442599420303,0.0,0.0
ca4461b3-ea36-483c-bfd5-b9be65354976,ok,17826047.0,v1.16+,0.6639344262295082,0.087431693989071,0.0,True,0.0,0.0,0.2342872947454452,4.0,actuator_motors,none,7055799,4737800,3.6,,A,,0.0,4.0,True,10.005783080623788,20.00651259381904,2.000076852953075,160.227076,158.52730700000006,,True,0.0,0.0,,main,0.0087720863521099,0.0011681639589369,0.0050646760500967,0.0087846703827381,0.0132807437330484,0.0023759771138429,0.0139327030628919,0.0892740488052368,0.0072134835645556,0.0237986203283071,0.0087338351351819,0.0011674821863159,0.0050518937190945,0.008746309659714,0.0131933277714318,0.0023731589432765,0.0138365351784772,0.085511464087264,0.0071875908352749,0.0235198474415973,0.0
258ed8e5-7dca-4e86-bd83-584cbdba41c1,ok,17564671.0,v1.12-1.13,0.0,0.0089820359281437,0.0,True,0.2777404169468729,5.802015999999995,0.5131428571428571,6.0,actuator_outputs,bus,7630624,5086296,6.6,,B,,,,False,9.941606553677468,19.870005634718,1.9935261016547243,155.016148,149.67361600000012,True,True,0.0,0.0071256335861709,vehicle_local_position,main,0.0009411740116775,0.0036411431618034,0.0,0.0246766652911899,0.0,0.0,0.0112866956740617,0.0171662028878927,0.0011117908172309,0.0,0.0009407313851213,0.003634530247558,0.0,0.0243771143296288,0.0,0.0,0.0112234761725488,0.0170205283825942,0.0011111732355256,0.0,0.0
3ccdf5e8-c6b7-42d0-b580-70b1faefc214,ok,17825792.0,v1.16+,0.0,0.0,0.0,True,0.0,0.0,0.1834465190768242,4.0,actuator_motors,none,15740981,9602810,5.1,,B,,0.0,4.0,True,10.005515749909993,135.95413272478655,2.0000631172566288,160.960817,155.17414800000012,,True,0.0,0.0,,main,0.0031388495583087,0.0004873847719863,0.0002147861647245,0.006527881976217,0.0033415858051739,0.0002383309154538,0.0048562271287664,0.1934226565062999,0.2085704341530798,0.0,0.0031339336542032,0.0004872660386059,0.0002147631014786,0.0065066676277956,0.0033360151138396,0.0002383025191528,0.0048444736940099,0.1768253607641631,0.1894382017576998,0.0,0.0
ea3a60bd-cae2-42b1-869c-56b1a4185648,ok,17761280.0,v1.14-1.15,0.0,0.0,0.0,True,0.0,0.0,0.1987876921892166,4.0,actuator_motors,none,16599701,10592580,6.1,,C,,0.0,4.0,True,10.00203121345409,20.002140016239203,1.9999763002808413,460.773694,455.562615,,True,0.0,0.0,,main,0.0019631194882094,0.0025927275419235,0.0079956986010074,0.0021696202456951,0.002755023073405,0.0012530940584838,0.0019089655252173,0.0387811735272407,0.0258336402475833,0.0,0.0019611950872879,0.0025893722222386,0.0079639023791667,0.0021672700184762,0.0027512349533146,0.0012523095913964,0.001907145766066,0.0380480773530868,0.0255055895936135,0.0,0.0
4007c56d-dffa-4933-aedc-534ee57ed3cd,ok,17760256.0,v1.14-1.15,0.0,0.0,0.0054559625876851,False,0.0132450331125827,1.8999740000000145,0.174722982943058,4.0,actuator_motors,none,12636169,6214679,3.9,,B,,0.0,4.0,True,10.004052655777109,20.00385589145758,2.000037448842095,256.451328,150.36384699999994,,True,0.0,0.0,,main,0.0217257576994597,0.0082300104200839,0.0031749126384966,0.0112542737741023,0.0071539026685059,0.0151912053115665,0.0208770914934575,3.707316243648528,2.973576986789703,0.0,0.0214931169262727,0.0081963285595124,0.0031698832458087,0.0111914156106596,0.0071284348973122,0.0150769743698454,0.0206621514205001,1.5491179459808193,1.3796666932675823,0.0,0.007797270955165692
9e750a70-2fea-4c72-affa-d9c0caec4103,ok,17760384.0,v1.14-1.15,0.0,0.0,0.0,True,0.0,0.0,0.1069061011075973,4.0,actuator_motors,none,10843139,7559488,5.4,,B,,0.0,4.0,True,10.008056645985542,20.00811615799647,1.999842093113438,124.345629,116.749831,,True,0.0,0.0,,main,0.0024878539610654,0.0048573512583971,0.000513258203864,0.0056813170202076,0.0021371058188378,0.0018250321736559,0.0019048685440793,0.9112445712089536,0.1579151034355163,0.0,0.0024847643756302,0.0048455923903682,0.0005131265319246,0.0056652392053641,0.0021348254565364,0.0018233688259064,0.0019030565826615,0.6477546378170506,0.146621063367858,0.0,0.0
286a97af-942d-46ee-a396-190a037434f7,ok,17761023.0,v1.14-1.15,0.0,0.0,0.0,True,0.0,0.0,0.0865069296211004,4.0,actuator_motors,none,3757677,2430701,2.6,,B,,0.0,4.0,True,10.01116326943013,20.01047119684448,2.000010342594921,90.839404,88.17576600000001,,True,0.0,0.0,,main,0.0018351694161538,0.0,0.0,0.0,0.0,0.0,0.0,1.821397668123245,0.7995410591363901,0.0,0.0018334875501191,0.0,0.0,0.0,0.0,0.0,0.0,1.03723238916159,0.5875316652460201,0.0,0.0
a7cbbd58-3429-4ed3-b03b-9615b3d3de48,ok,17760768.0,v1.14-1.15,0.0,0.0,0.0,True,0.0506666666666666,2.503429999999998,0.2291696898639202,4.0,actuator_motors,none,2622040,1869051,3.2,,A,,0.0,4.0,True,10.01296208006294,20.011703711678585,1.999991578982825,76.251812,74.97018299999998,,True,0.0,0.0,,main,1335.46865234375,0.0179361026734113,0.0213521521538496,0.0499632023274898,0.0384816959500313,137.77969360351568,6.506329059600835,0.0217489842325449,0.2577756106853485,0.0,4.8139006326259866,0.0177771486469845,0.0211273887785867,0.0487551181529368,0.0377597387093026,4.932887737683375,2.015746539293716,0.0215158493169498,0.2293447724839883,0.0,0.04954367666232073
79095b53-cfcb-45ab-ace1-eab0629b63c9,ok,17826047.0,v1.16+,0.0,0.0,0.0,True,0.0,0.0,0.2243324220180511,4.0,actuator_motors,none,10302255,6913898,4.3,,B,,0.0,4.0,True,10.00464816325585,20.004641783377373,2.000000298368343,215.123648,213.0899959999999,,True,0.0,0.0,,main,0.0002476605659467,0.0006251454673474,0.0010963019100017,0.028283348865807,0.0423734756186603,0.0010445761086884,0.0356664642691611,0.0165199653245508,0.099635250866413,0.0,0.0002476299031312,0.0006249501453186,0.0010957014099089,0.0278907602460942,0.0415003010122968,0.0010440309186935,0.0350451463155151,0.0163849951374019,0.0949785346947218,0.0,0.0
06f093b1-38f5-489c-9db4-5c4595d89c7f,ok,17695488.0,v1.14-1.15,0.0027247956403269,0.0,0.0,False,0.0059945504087193,0.7986120000000199,0.187117376923561,4.0,actuator_motors,none,7278743,4673620,4.5,,B,,0.0,4.0,True,10.005376444132748,20.005281023216824,2.0000307401985,183.367976,182.82319500000008,,True,0.0,0.0,,main,0.0010099555074702,0.0,0.0,0.0,0.0,0.0,0.0,0.0,0.0,0.0011734404542949,0.001009445845535,0.0,0.0,0.0,0.0,0.0,0.0,0.0,0.0,0.0011727525111659,0.005994550408719346
fd79ad56-fede-45f3-bac7-74bcf0f4818f,ok,17630207.0,v1.12-1.13,0.0,0.0,0.0,True,0.0,0.0,0.2365999999999999,6.0,actuator_outputs,per_channel,4224545,2704641,3.1,,B,,,,False,9.999765139615686,20.00031421405173,2.000042123964118,130.107016,118.831664,True,True,0.0,0.0,,main,0.0059863803908228,0.0014657417777925,0.0,0.0085549838840961,0.0,0.0,0.0115171167999506,0.0173743553459644,0.0150433676317334,0.0,0.005968533206999,0.0014646686268264,0.0,0.0085185973861276,0.0,0.0,0.0114512996771958,0.0172251470204046,0.0149313383117617,0.0,0.0
a4d131a0-2ecc-4b16-b4c3-dc44414db22b,ok,17826304.0,v1.16+,0.0,0.0,0.0,True,0.0,0.0,0.1598241537809371,4.0,actuator_motors,none,33922711,8216718,10.3,,B,,0.0,4.0,True,9.995728563905407,19.98792598228501,2.0000031503055635,250.008936,247.7681099999999,,True,0.0,0.0006676748026365,sensor_combined,main,0.0049065376399084,0.0020393696497194,0.0015689866675529,0.0080467858351766,0.0160981158725917,0.1324742071330545,0.1641483902931212,0.0,1.1183023512363428,0.0,0.0048945398132897,0.0020372929583835,0.0015677570939264,0.0080145830910808,0.0159699152343762,0.1244048029572434,0.1519898242536618,0.0,0.7506149901714697,0.0,0.0
037378d5-c789-41bb-9de1-026647e177c8,ok,17629951.0,v1.12-1.13,0.0,0.0,0.0,True,0.0,0.0,0.1721809685230254,4.0,actuator_motors,none,8754065,5013748,4.1,,A,,0.0,4.0,True,10.007531825978194,20.008093551731864,2.000003503882108,129.16197,126.84690499999994,,True,0.0,0.0,,main,3.355849548825063e-05,0.0087689710780978,0.0,0.0,0.0,0.0,0.0,0.0203149380162358,0.0,0.0028084544232115,3.355793241453815e-05,0.0087307469462198,0.0,0.0,0.0,0.0,0.0,0.0201113423997835,0.0,0.0028045180833862,0.0
65b34673-29bd-4630-a466-3755bb6f294f,ok,17694975.0,v1.14-1.15,0.0,0.0,0.0,True,0.0,0.0,0.0869686424732208,4.0,actuator_motors,none,4359972,2832804,2.8,,A,,0.0,4.0,True,10.007951415516798,20.00815342917566,2.0000768269854143,116.834426,112.42532300000003,,True,0.0,0.0,,main,0.0030145062250085,0.0,0.0,0.0,0.0,0.0,0.0,0.1932645544409749,0.2271206781268119,0.0,0.0030099717117116,0.0,0.0,0.0,0.0,0.0,0.0,0.1766928741401673,0.2046705130741064,0.0,0.0
38e8d21f-cbd8-4024-baec-880bd2406e6b,ok,17826047.0,v1.16+,0.0,0.1267605633802817,0.0,True,0.0255474452554744,0.3010000000000019,0.425816063582897,4.0,actuator_motors,none,41426973,12648260,11.5,,A,,0.0,4.0,True,99.99698167879026,999.95472244861,99.99698167879026,65.853,54.791,,True,0.0,0.0,,main,0.0002683360653463,0.0002671800320968,0.0004289370845071,0.0706476449966429,0.0461017183959483,6.888304051244626e-05,0.0021788629237562,0.8937108516693115,2.136460065841675,0.0,0.0002683000696634,0.0002671443458683,0.0004288451172936,0.0682637410661592,0.0450706060351404,6.888066818475261e-05,0.0021764926443208,0.6385383176760234,1.1430947963969853,0.0,0.02108433734939759
2f0f37b3-d1e2-4b65-add1-f2775d307003,ok,17761535.0,v1.14-1.15,0.0,0.0,0.0,True,0.0013850415512465,0.0974790000000069,0.429807950928807,4.0,actuator_motors,none,3685117,2904398,2.7,,C,,0.0,4.0,True,10.012992046342449,20.01217617419364,2.000000405063373,79.1832,72.16684399999997,,True,0.0,0.0,,main,0.0015326958266086,0.0,0.0,0.0,0.0,0.0,0.0,0.0826063856482505,0.0540445178747177,0.0,0.0015315224471629,0.0,0.0,0.0,0.0,0.0,0.0,0.079371453800672,0.0526346862999977,0.0,0.0012578616352201257
a33ea34a-cafe-4439-b970-fd6ed3054856,ok,17761535.0,v1.14-1.15,0.0,0.0,0.0,True,0.003723008190618,0.5010350000000017,0.2704461455345152,4.0,actuator_motors,none,5278483,3647848,3.3,,C,,0.0,4.0,True,10.006680037345738,20.006726972830062,2.0000175419720407,138.052487,134.299362,,True,0.0,0.0,,main,0.0070428553735837,0.0058445091126486,0.0068584479158744,0.0171821103431284,0.0200311685912311,0.0070895784301683,0.0243347026407718,0.0388916982337832,0.0057196610141545,0.1145124826580286,0.0070181703021664,0.0058274962250642,0.0068350357484289,0.0170361672534134,0.019833184271694,0.0070645655200864,0.0240433312584903,0.0381544701429711,0.0057033658587468,0.1084170740125839,0.0036101083032490976
a6b892d7-04fc-4355-a677-10c6581fa7b2,ok,17170944.0,v1.12-1.13,0.1142857142857142,0.0,0.0,False,0.0038610038610038,0.1000000000000014,0.4414252370595931,4.0,actuator_motors,none,17601252,7644074,6.4,,B,,0.0,4.0,True,124.89687123183349,249.7937293729373,99.95557529986672,63.028,51.272,,True,0.0,0.0,,main,0.0002513907093089,0.0009383458527736,0.0001938151835929,0.1295583248138427,0.0400739982724189,5.847734792041592e-05,0.003046975005418,1.8488883972167969,2.6614432334899902,0.0,0.0002513591159592,0.0009379058815125,0.0001937964038566,0.1218266933207983,0.0392918628071028,5.847563818695948e-05,0.0030423423850096,1.0469288821324274,1.2978573957773358,0.0,0.0031645569620253164
db8b7bb3-f767-4bec-93cd-3b0f552343a8,ok,17569024.0,v1.12-1.13,0.0,0.0,0.0,True,0.0171177045973263,0.1604010000000002,0.62,4.0,actuator_outputs,bus,19833792,10934911,7.5,,C,,,,False,10.006003276249498,199.50116502571336,2.006328912441859,153.318385,150.282406,True,True,0.0,0.0,,main,0.0005051992484368,0.0018963190261274,0.0,0.2510499715805051,0.0,0.0,0.0103616738691925,0.0020715047605335,0.0,0.0030154728330671,0.0005050716782602,0.0018945232830457,0.0,0.2239831759951391,0.0,0.0,0.0103083596929879,0.0020693621529846,0.0,0.0030109354142173,0.0
f02755ea-b927-4451-a2ed-f90dfeeb9ce2,ok,17694720.0,v1.14-1.15,0.0,0.0,0.0,True,0.0,0.0,0.1618295431137084,4.0,actuator_motors,none,22552768,14535134,21.1,,C,,0.0,4.0,True,10.00469337265729,200.44343038026284,2.0000180285985327,211.519972,207.2605159999999,,True,0.0,0.0015751820174019,sensor_combined,main,0.0069535682443529,0.0022027705563232,0.0,0.017297445051372,0.0,0.0056138593703508,1.5535426616668702,0.0032610919559374,0.0057776425033807,0.0,0.0069295036806747,0.0022003480141454,0.0,0.0171495473147282,0.0,0.0055981603890134,0.9374816741000778,0.0032557861276315,0.0057610159377609,0.0,0.0
d8284017-f034-42f7-84ec-cef9453c2ce7,ok,17891392.0,v1.16+,0.0,0.4294871794871794,0.0,True,0.0,0.0,0.0456602275371552,4.0,actuator_motors,none,21795133,8966714,13.6,,C,,0.0,4.0,True,124.94568759504672,249.7283199304499,100.00271562024768,73.248,59.916,,True,0.0,0.0,,main,0.0002933939395006,0.0001543497055536,4.574115246214205e-05,0.0011952986242249,0.0011725140502676,6.71456909913104e-05,0.0004086292756255,0.1075887978076934,0.094376266002655,0.0,0.0002933509079153,0.0001543377948633,4.574010636752736e-05,0.001194584823571,0.0011718271925163,6.714343682030573e-05,0.0004085458094201,0.102185398330419,0.0901845808844077,0.0,0.0
1b585d0c-b02c-4761-83f2-1fe69777cdd6,ok,17825856.0,v1.16+,0.0,0.0,0.0,True,0.0004703284119258,0.0382249999999828,0.2455908477306365,4.0,actuator_motors,none,98844267,48261186,31.3,,A,,0.0,4.0,True,10.001109735445302,211.99020744185404,1.9999778179800136,812.504244,171.15711799999997,,True,0.0,7.29898000330213e-05,vehicle_attitude,main,0.003465528646484,2.009831623581701e-05,5.554903618758535e-05,0.0005773877492174,0.0002018386207055,0.000574463722296,0.0002417194802546,0.0103371080011129,0.0045072617009282,0.0,0.0034595375396624,2.00981142673654e-05,5.5547493397008094e-05,0.0005772211250456,0.0002018182540315,0.0005742987811773,0.0002416902708079,0.0102840454623849,0.0044971344163864,0.0,9.90939367436009e-05
4bff0a50-d6cd-49d7-81a3-7fe3a882e60f,ok,17761535.0,v1.14-1.15,0.0180109631949882,0.0137039937353171,0.0,True,2.1909464614845305e-05,0.0048299999998562,0.3803813561797141,4.0,actuator_motors,none,142822055,81964440,37.2,,B,,0.0,4.0,True,10.00072050645467,220.97857284879333,1.9999941342818524,1289.048427,1284.8135599999985,,True,0.0,0.0,,main,0.005338428961113,0.0016611962695606,0.000767034990713,0.0147498018108308,0.0143570640590041,0.004194086859934,0.0061184145743027,0.0039843170437961,0.0026331883738748,0.0,0.0053242300600262,0.0016598180092004,0.0007667409697145,0.0146420814284802,0.0142549773647791,0.004185316192382,0.0060997730748227,0.0039764006732299,0.002629727607271,0.0,2.1835968206830292e-05
ed3de9e1-532b-4584-83cb-d295c8815362,ok,17760384.0,v1.14-1.15,0.0,0.0,0.0,True,0.0,0.0,0.1794404380023479,4.0,actuator_motors,none,20246528,13598630,6.8,,A,,0.0,4.0,True,10.004107026082192,20.00391489093386,2.0000275066544533,239.227551,231.22757199999987,,True,0.0,0.0,,main,0.0021736707072705,0.0019423718564212,0.0013254858087748,0.0025335892336442,0.0018129125004634,0.0004322815191699,0.0026758364168926,0.0096643118187784,0.0008107416972052,0.0,0.0021713117029459,0.0019404878913861,0.0013246081279435,0.0025303851072607,0.0018112711580369,0.0004321881124316,0.0026722627402574,0.0096179110719713,0.0008104132236815,0.0,0.0
e4341bf2-e3b3-428e-89a0-312d6c4bf75f,ok,17694975.0,v1.14-1.15,0.0,0.0,0.0,True,0.0024630541871921,0.1009259999999869,0.5811077728867531,4.0,actuator_motors,none,9508243,6074531,4.3,,C,,0.0,4.0,True,10.00410540341628,20.00417374327286,1.999992689681893,246.939837,243.607596,,True,0.0,0.0,,main,0.0024849212379194,0.0038114519556984,0.0,0.0093860193155705,0.0,0.0083003347273915,0.0182112403213977,0.0022277105832472,0.0517479537054896,0.0,0.0024818389262851,0.0038042067766255,0.0,0.0093422443382808,0.0,0.0082660763890012,0.0180474018294053,0.0022252329150286,0.0504534978773679,0.0,0.0024242424242424242
9010f76c-f5de-4d0c-b494-98a8039408e1,ok,17694720.0,v1.14-1.15,0.0397672162948593,0.0543161978661493,0.0401402961808261,False,0.0027733755942947,1.2981169999999906,0.2830389313399791,4.0,actuator_motors,none,17686528,11212456,8.2,,C,,0.0,4.0,True,9.999951930055634,19.99990176444314,2.0000263964459424,512.671001,504.3276010000001,,True,0.0,0.0,,main,0.0028437115252017,0.1036381740123033,0.0,0.0190326813608407,0.0,0.0099372736643999,0.0050724121974781,0.0296493144705891,0.3461268693208694,0.0,0.0028396758266803,0.0986121532052224,0.0,0.0188538257192665,0.0,0.0098882236417827,0.005059590853212,0.0292182728802246,0.297231483334061,0.0,0.0027290448343079924
12bfea6c-1b06-4732-848e-dced2a90fc3a,ok,17761023.0,v1.14-1.15,0.1104651162790697,0.002906976744186,0.0704419889502762,True,0.2482002576473262,1.959510999999992,0.7750966668128967,4.0,actuator_motors,none,18205330,11590602,11.2,,B,,0.0,4.0,True,10.006450215937951,195.83319222329013,1.9999828751466315,144.534587,139.29041600000005,,True,0.0,0.0,,main,0.1154241919517515,0.0342190824449061,0.0684051126241682,0.0318979024887083,0.0762572839856146,0.0999112859368322,0.3032410740852354,0.2047128230333317,0.7837583899497985,0.0,0.1092347737750064,0.0336466322165526,0.0661669875512497,0.0313997304683197,0.0734895446677858,0.095229527403673,0.2648542956767581,0.1862412174054594,0.5787225933436351,0.0,0.23909869573681136
13400ee6-5911-43cd-b550-a30f9f998fa1,ok,17761280.0,v1.14-1.15,0.0122448979591836,0.0,0.0,True,0.0,0.0,0.2228690296411514,4.0,actuator_motors,none,13594784,8769330,5.8,,C,,0.0,4.0,True,9.983162664287374,196.82593476247047,2.0000015269721203,121.183473,117.98584399999996,,True,0.0,0.0026244527334245,sensor_combined,main,0.003877203410957,0.0002005901696975,0.0001287765357119,0.0015727604331914,0.0013596047530882,0.0022661307826638,0.0053573088021948,0.0,0.0765747707337141,0.0006498700589872,0.0038697064297778,0.0002005700541793,0.0001287682447256,0.001571524940754,0.001358681327447,0.0022635669808446,0.0053430094712795,0.0,0.0737844926640358,0.0006496589848826,0.0
445fec2a-289e-4d61-8226-6dff1e58dfae,ok,17695488.0,v1.14-1.15,0.0,0.0,0.0,True,0.0,0.0,0.0565302938222885,4.0,actuator_motors,none,10176175,6126599,5.1,,B,,0.0,4.0,True,10.011729581432544,285.5993441154738,1.9999999761904763,84.303526,78.03014499999999,,True,0.0,0.0004605399501958,sensor_combined,main,0.1745062440633774,0.0,0.0,0.0,0.0,0.0,0.0,0.000953522126656,0.0,0.0,0.1608478414614703,0.0,0.0,0.0,0.0,0.0,0.0,0.0009530678132086,0.0,0.0,0.0
fb0349a2-54c4-4480-9f3e-06e664a4924a,ok,17891583.0,v1.16+,0.0,0.1257096512570965,0.0,True,0.0,0.0,0.4958353921771045,4.0,actuator_motors,none,25493504,14499358,19.2,,C,,0.0,4.0,True,10.001623102909726,20.001625786513493,2.000001235773121,615.778994,227.699222,,True,0.0,0.0,,main,0.0015267017879523,85656760320.0,863908003840.0,0.0054819006472826,0.0042437447700649,0.0016764883766882,0.0020177486585453,0.0430102776736021,0.04337746091187,0.0,0.0015255375635759,25.17361398821064,27.484732123045504,0.0054669297177733,0.0042347654801409,0.0016750846387308,0.0020157157378767,0.0421110299236829,0.0424630097932614,0.0,0.0
15a9f2ee-997b-40ad-a592-11df4e223fed,ok,17629952.0,v1.12-1.13,0.0,0.0,0.0,True,0.0,0.0,0.181,6.0,actuator_outputs,per_channel,36147902,18011842,20.8,,C,,,,False,10.003398971199132,221.31981111052008,1.99997502808958,288.5078,283.7807559999999,True,True,0.0,0.0,,main,0.0,7.846820437862334e-08,0.0,0.0,0.0,0.0,0.0,0.00100028894376,0.0,0.0,0.0,7.846820129999396e-08,0.0,0.0,0.0,0.0,0.0,0.0009997889881467,0.0,0.0,0.0
83e2683e-c58e-4f3a-b91b-1f968c951b68,ok,17826047.0,v1.16+,0.0,0.0,0.0,True,0.0,0.0,0.223611156642437,4.0,actuator_motors,none,2898669,2203461,2.7,,C,,0.0,4.0,True,10.013621795395794,20.01225185454355,1.999999863013708,73.041296,66.43004400000001,,True,0.0,0.0,,main,0.0009612502821255,0.0,0.0,0.0,0.0,0.0,0.0,0.0002688920969376,0.0,0.0,0.0009607885769255,0.0,0.0,0.0,0.0,0.0,0.0,0.0002688559519369,0.0,0.0,0.0
7bf71468-755b-48d7-bc15-d2d204f91a8a,ok,17695743.0,v1.14-1.15,0.0005359056806002,0.0,0.0,True,1.487196170469861e-05,0.0105490000000827,0.1960226416587829,4.0,actuator_motors,none,195862045,98212123,48.3,,B,,0.0,4.0,True,10.00055164879256,161.10512804735453,2.000006394729441,1890.377655,1882.7376489999967,,True,0.0,0.0,,main,0.0019999633077532,0.0,0.0,0.0,0.0,0.0,0.0,0.0002006264840019,,0.0104438960552215,0.0019979660436636,0.0,0.0,0.0,0.0,0.0,0.0,0.0002006063612002,,0.0103897353456465,1.480853489908909e-05
6f9d34de-d0fe-4de2-95bd-916ed3ece020,ok,17761535.0,v1.14-1.15,0.0,0.0,0.0,True,0.0,0.0,0.3483845680952072,4.0,actuator_motors,none,7217044,4517300,4.4,,A,,0.0,4.0,True,9.96960566174642,197.5799271398618,1.9852698312085069,68.047441,57.80110900000001,,True,0.0,0.0046449394616605,vehicle_attitude,main,0.005138296354562,0.0,0.0,0.0,0.0,0.0,0.0,5.093157196824905e-05,0.1400476247072219,0.0,0.0051251403568806,0.0,0.0,0.0,0.0,0.0,0.0,5.093027499977504e-05,0.1310700375927754,0.0,0.0
ce5e128c-c304-4616-ab14-c347082f669c,ok,17695488.0,v1.14-1.15,0.0,0.0,0.0,False,0.0001480560243996,0.007558000000003,0.2069500982761383,4.0,actuator_motors,none,16852447,9082069,6.8,,A,,0.0,4.0,True,9.880546580371888,196.63989773610805,1.9759526719816007,125.309128,119.424879,,True,0.0,0.0115361489545991,vehicle_attitude,main,0.0087949308566749,0.0,0.0,0.0,0.0,0.0,0.0,0.0299413038417696,0.7506136417388916,0.0002521726280974,0.0087564807319538,0.0,0.0,0.0,0.0,0.0,0.0,0.0295018140563598,0.5599663788934538,0.0002521408379245,0.00014098009361078215
e59c0d36-eefa-4735-b6d1-69f8c3abbf1d,ok,17761535.0,v1.14-1.15,0.0,0.0,0.0,True,0.0,0.0,0.1329690992832183,4.0,actuator_motors,none,2616202,2072308,2.3,,C,,0.0,4.0,True,10.015176880142526,20.013646776815907,2.0000788338764983,65.278159,59.174475000000015,,True,0.0,0.0,,main,0.0110377832315862,0.006477243732661,0.0047330809757113,0.0115169477649033,0.0142895020544528,0.0087199863046407,0.0102222058922052,0.065627995878458,0.013768367934972,0.0,0.0109773114780808,0.0064563565352703,0.004721915166541,0.0114511325667647,0.0141883694048665,0.0086821868058656,0.0101703124893001,0.0635642928673368,0.0136744450847941,0.0,0.0
ce3fb367-7b64-41c3-9c13-9cd2bbf20772,ok,17761280.0,v1.14-1.15,0.0,0.0,0.1312292358803986,True,0.0029448885149347,0.4023059999999816,0.2769944608211515,4.0,actuator_motors,none,10396426,6754519,3.8,,C,,0.0,4.0,True,10.004243463135806,20.003891628374262,2.000022266914572,240.164999,237.73989,,True,0.0,0.0,,main,14.32740306854248,0.0020357477478682,0.0012190939160063,0.010934610851109,0.0084459641948342,2.4914774894714355,0.4844167828559875,0.0485037863254547,0.2334848046302795,0.0,2.729642276612036,0.0020336784213636,0.0012183514244016,0.0108752602523879,0.0084104966046462,1.2503249960460037,0.3950219562950582,0.0473641825363928,0.2098433380060693,0.0,0.0029093931837073984
31c619e4-af99-440f-aa0b-b6023f2e9520,ok,17694720.0,v1.14-1.15,0.0,0.0,0.0,True,0.1111702127659574,9.098185,0.9882176187977264,4.0,actuator_motors,none,7350071,4563086,3.8,,B,,0.0,4.0,True,10.004944301494495,20.0052981872412,2.000022271347748,195.511828,187.984491,,True,0.0,0.0,,main,0.0023455477552488,0.7534370154142379,0.0,0.2807927504181861,0.0,0.0142915025819092,0.0069854682544246,0.0115591578651219,0.0809810508042573,0.0,0.0023428012519773,0.5615778705998227,0.0,0.2474792224861806,0.0,0.0141903417465692,0.006961182901839,0.0114928611998173,0.0778690091826698,0.0,0.10663265306122449
6b364390-d37f-4472-97cd-c91d3666d237,ok,17761280.0,v1.14-1.15,0.0,0.0,0.0,True,0.0198598130841121,0.2026620000000001,0.68946053981781,4.0,actuator_motors,none,13151588,8331878,5.6,,B,,0.0,4.0,True,10.00258433007846,20.002859006634672,1.9999841090087844,349.200544,342.424376,,True,0.0,0.0,,main,0.0018555675284005,0.0021048669703304,0.0012881145230494,0.004514349065721,0.0050146994646638,0.0077193134464323,0.0031798534793779,0.0544504422694444,0.0366582464426755,0.0,0.0018538480896688,0.0021026548414631,0.0012872856152795,0.0045041899550176,0.0050021677370741,0.0076896719897959,0.0031748084374695,0.0530197234069528,0.0360023150874823,0.0,0.019450800915331808
7f79788e-a5df-4281-b6a7-5d0f6b2d649e,ok,17826559.0,v1.16+,0.0,0.0138089758342922,0.0,False,0.0001224309897321,0.0166269999999713,0.1314304456114768,4.0,actuator_motors,none,45596740,27209187,11.9,,A,,0.0,4.0,True,10.00236817643392,160.82971853132196,2.0000402325590234,431.696756,427.80910099999966,,True,0.0,0.0,,main,0.0023289961507543,0.0,0.0,0.0,0.0,0.0,0.0,0.0,0.0,0.017958668526262,0.0023262882428755,0.0,0.0,0.0,0.0,0.0,0.0,0.0,0.0,0.0177993166422766,0.00012155197562477715
29828422-511d-483e-a56c-ee8281a18751,ok,17761535.0,v1.14-1.15,0.0,0.0,0.0,True,0.0,0.0,0.1350796252489089,4.0,actuator_motors,none,6407834,4281317,6.1,,C,,0.0,4.0,True,10.0053562473561,20.005817775749684,1.999917102851316,171.162692,167.42749700000005,,True,0.0,0.0,,main,0.0007357919763308,0.0,0.0,0.0,0.0,0.0,0.0,0.1517219722270965,0.0175537692382931,0.0009985758224502,0.0007355214141247,0.0,0.0,0.0,0.0,0.0,0.0,0.1412581895927899,0.0174014813986326,0.0009980775772764,0.0
b8b82b60-d355-4289-a886-0875ae2eaa72,ok,17891583.0,v1.16+,0.0307692307692307,0.0,0.0,False,0.0,0.0,0.2177770733833313,4.0,actuator_motors,none,2526969,1958791,5.5,,C,,0.0,4.0,True,10.01619157718038,20.018077937208226,2.000060673840601,62.939704,56.386873,,True,0.0,0.0,,main,0.1070716045796871,0.0,0.0,0.0,0.0,0.0,0.0,0.0,0.0,0.0987672954797744,0.1017183350851008,0.0,0.0,0.0,0.0,0.0,0.0,0.0,0.0,0.0941889109443498,0.0
6cc887a6-bc8a-497f-952e-294fcbbc8583,ok,17826047.0,v1.16+,0.072879330943847,0.0,0.0,False,0.0,0.0,0.2484622493386268,4.0,actuator_motors,none,22347608,13046162,7.1,,C,,0.0,4.0,True,9.999999976150727,19.997616072407872,1.999999579952356,419.334836,410.270014,,True,0.0,0.0003338221459223,sensor_combined,main,0.0090935609303414,0.0031968541676178,0.0018863596022129,0.0132837108336388,0.0112195447087287,0.0012533244327642,0.0016954343998804,0.0285161131992935,0.0019769741920754,0.0,0.0090524634654518,0.0031917550937734,0.0018845826602219,0.013196255978905,0.0111570724561924,0.0012525396773309,0.0016939987734228,0.0281170966865427,0.0019750225504041,0.0,0.0
cdcca667-1a33-4733-9f9b-6e94ed05d0f3,ok,17761535.0,v1.14-1.15,0.0,0.0,0.0,True,0.0,0.0,0.2086579538881778,4.0,actuator_motors,none,2455032,1784704,3.4,,B,,0.0,4.0,True,10.012567012828416,20.01472764159876,1.999921003120377,72.226725,64.65908400000001,,True,0.0,0.0,,main,0.0025073671247809,0.0,0.0,0.0,0.0,0.0,0.0,0.0,0.0,0.0009293466107919,0.0025042289244839,0.0,0.0,0.0,0.0,0.0,0.0,0.0,0.0,0.0009289150355983,0.0
4e38a1ce-4b30-42b4-b23f-72d8c737883e,ok,17695488.0,v1.14-1.15,0.0,0.0,0.0,True,0.0,0.0,0.3272319734096527,4.0,actuator_motors,none,15679089,8916899,4.9,,A,,0.0,4.0,True,10.007515259055117,220.7279173491873,1.999912683348945,129.524768,121.81443500000002,,True,0.0,0.0,,main,0.0088653446175157,0.0032591803697869,0.0,0.0041556430747732,0.0,0.0155669402331113,0.0046477526659145,0.0071703142020851,0.0084742179140448,0.0,0.0088262781718155,0.0032538807532609,0.0,0.0041470322375583,0.0,0.0154470183621905,0.0046369852135729,0.0071447297255649,0.0084385133000644,0.0,0.0
46b6b6f8-8e2a-4b4c-abc7-dbcb94936e4e,ok,17825984.0,v1.16+,0.0,0.2786885245901639,0.0,True,0.5831157528285466,10.800000000000004,0.4666197061538696,4.0,actuator_motors,none,38861482,16380755,7.2,,B,,0.0,4.0,True,125.00287830525389,250.0,100.0069081447026,134.522,114.84900000000006,,True,0.0,0.0,,main,0.0012974257115274,0.0003081745235249,0.0002841934168827,0.0217114947736263,0.0215877907350658,0.003907495108433,0.0465049296617507,1.589768409729004,0.2171242535114288,0.0,0.0012965847820726,0.0003081270475101,0.000284153041583,0.021479157186803,0.0213580745440507,0.0038998806785413,0.0454559735108355,0.9515684546204513,0.1964909069953905,0.0,0.5102817974105103
6d0c5beb-b758-4138-ab8f-17ec666285b8,ok,17695488.0,v1.14-1.15,0.0,0.0,0.0,True,0.0,0.0,0.0990423202514648,4.0,actuator_motors,none,3052601,2085254,3.7,,A,,0.0,4.0,True,10.010806145191856,20.01006371938424,1.9999235876189911,92.231965,87.86856299999998,,True,0.0,0.0,,main,0.0026003048638813,0.0,0.0,0.0,0.0,0.0,0.0,0.0,0.0,0.0,0.0025969299205104,0.0,0.0,0.0,0.0,0.0,0.0,0.0,0.0,0.0,0.0
45582887-6f3d-4e95-8bdc-f0d0668309a9,ok,17695743.0,v1.14-1.15,0.942528735632184,0.0,0.0,True,0.0,0.0,0.1444448292255401,4.0,actuator_motors,none,15240252,9409907,12.0,,B,,0.0,4.0,True,10.007616225722703,218.6654822075469,2.000103836159925,130.031731,123.862273,,True,0.0,0.0,,main,0.0007001068443059,0.0,0.0,0.0,0.0,0.0,0.0,6.774766370654106e-05,,0.0,0.0006998618838348,0.0,0.0,0.0,0.0,0.0,0.0,6.774536893721514e-05,,0.0,0.0
17e0c485-4311-4717-a6ad-8405fe32ce5c,ok,17761280.0,v1.14-1.15,0.0384307445956765,0.0,0.0,True,0.0040609137055837,0.3013270000000005,0.3245497092604637,4.0,actuator_motors,none,8255986,5100260,4.9,,B,,0.0,4.0,True,10.004619736761583,20.00467081443656,1.999960575034605,202.807497,196.9775449999999,,True,0.0,0.0,,main,0.0049223621375858,0.0062942183576524,0.0033371295779943,0.0040823309682309,0.0049392906948923,0.0042098306119441,0.0066088443621992,0.0304485149681567,0.0057877524755895,0.0,0.0049102869225879,0.0062744924946077,0.0033315737180692,0.0040740208638841,0.0049271324176826,0.0042009940666119,0.0065871016936656,0.0299941588854814,0.0057710677831885,0.0,0.003942828979793002
9af058ed-2535-408a-99d2-532ee884313a,ok,17761280.0,v1.14-1.15,0.0,0.0,0.0,True,0.0,0.0,0.5186039209365845,4.0,actuator_motors,none,3293547,2449310,4.9,,A,,0.0,4.0,True,10.013882350662168,20.01350390848896,1.999752088287875,69.697773,60.21349599999999,,True,0.0,0.0,,main,0.0042003671871498,0.0075012118555605,0.0099573825951665,0.0563264958560465,0.0431211279705163,0.0338093111291527,0.0312759228050708,1.96430606245994,0.0,0.0,0.004191570269815,0.0074732176722808,0.0099081345125848,0.0547973191791253,0.042217303475501,0.0332503404418464,0.0307967956163411,1.086642962042151,0.0,0.0,0.0
21335375-9365-4b65-99c3-53fd2fb3bbb2,ok,17761535.0,v1.14-1.15,0.0,0.0,0.0,True,0.2001254705144291,14.398720000000004,0.9196639642119409,4.0,actuator_motors,none,6767369,4609170,10.3,,B,,0.0,4.0,True,10.005486718336002,20.00549131817519,2.000003351687574,163.660732,159.37997199999978,,True,0.0,0.0,,main,0.0168477397412061,0.0,0.0,0.0,0.0,0.0,0.0,3.480533766746521,2.0675297260284444,0.0,0.0167073907559393,0.0,0.0,0.0,0.0,0.0,0.0,1.4997421836928306,1.1208725881927952,0.0,0.19451219512195123
b542b8e7-2953-4c05-a5f6-12841b7bb488,ok,17695743.0,v1.14-1.15,0.0,0.0,0.0,True,0.502859971400286,7.392586000000001,0.5404825821518898,4.0,actuator_motors,none,8820443,4978597,10.8,,C,,0.0,4.0,True,9.97175093873717,200.3305028103924,1.985389315647836,68.969546,63.894994,,True,0.0,0.0037989287687055,vehicle_attitude,main,0.0011326142121106,0.0,0.0,0.0,0.0,0.0,0.0,0.9101206779479968,1.2798525810241697,0.0005685632000677,0.0011319732885343,0.0,0.0,0.0,0.0,0.0,0.0,0.6471664222343552,0.824110783430427,0.0005684016292507,0.4629132702141664
a36328cd-7c0c-46c1-ad51-a5f1e5fa36cf,ok,17629952.0,v1.12-1.13,0.0,0.0,0.0,True,0.0,0.0,0.1630521684885024,4.0,actuator_motors,none,82930651,46795496,24.5,,B,,0.0,4.0,True,9.959436526986575,172.0793992312571,1.991004470821912,889.351708,889.184132,,True,0.0,0.0042044830641764,vehicle_attitude,main,0.0,8.340457497979514e-06,0.0,0.0,0.0,0.0,0.0,0.0,0.0,0.0016040200716815,0.0,8.340422716557272e-06,0.0,0.0,0.0,0.0,0.0,0.0,0.0,0.0016027350054841,0.0
6df1f5e9-5628-4cf7-9b89-e151d7040aab,ok,17170944.0,v1.12-1.13,0.0,0.0,0.0,True,0.0,0.0,0.0745458841323852,4.0,actuator_motors,none,32636886,12914156,5.0,,C,,0.0,4.0,True,124.89665862900448,249.81041673847847,99.92937853107344,115.708,48.864,,True,0.0,0.0009645194626248,sensor_combined,main,0.0002657972800079,0.0001561408134875,0.0001117942738346,0.0274816021323204,0.0265046134591102,7.459701009793207e-05,0.0033056221436709,0.4321460723876953,0.917095184326172,0.0,0.0002657619621689,0.0001561286247794,0.0001117880253204,0.0271107617606197,0.0261594518253587,7.45942278793369e-05,0.0033001705853501,0.3591740691935393,0.6508111155831571,0.0,0.0
e05f86fb-d594-404c-ae9d-2985d6124a01,ok,17891583.0,v1.16+,0.0,0.0,0.0,True,0.0,0.0,0.0585443250834941,4.0,actuator_motors,none,11186552,3036115,4.2,,A,,0.0,4.0,True,10.012398269889156,20.01165409311562,2.0000499350215564,75.836603,70.29637299999999,,True,0.0,0.0,,main,0.1109861638396978,0.0,0.0,0.0,0.0,0.0,0.0,0.0004304029484046,0.0,0.0003026582387974,0.1052480567902929,0.0,0.0,0.0,0.0,0.0,0.0,0.0004303103516239,0.0,0.0003026124470319,0.0
f3e8f40a-5013-4d59-bb7e-924a49abf813,ok,17695999.0,v1.14-1.15,0.0,0.0501138952164009,0.0,True,0.0,0.0,0.079267331957817,4.0,actuator_motors,none,24043076,14745539,8.7,,C,,0.0,4.0,True,9.910494847435698,197.7226703235531,1.9775933028520287,223.19557,217.38027,,True,0.0,0.0112332215683707,vehicle_attitude,main,0.0021413724869489,0.0002305848560354,0.0,0.0013619154808111,0.0,0.0266643195413052,0.0333084175363183,0.0004753386281663,0.0,0.0,0.0021390830167081,0.0002305582754334,0.0,0.0013609889150967,0.0,0.0263150221536937,0.0327657104706629,0.0004752256905482,0.0,0.0,0.0
611b0f77-2208-484a-8bc7-977b2aa2f872,ok,17695743.0,v1.14-1.15,0.0,0.0,0.0,True,0.0,0.0,0.1224456518888472,4.0,actuator_motors,none,26548644,16632695,7.9,,A,,0.0,4.0,True,9.931533390653662,197.826935579296,1.983785211737108,247.17073,240.4057310000001,,True,0.0,0.0067327119258713,vehicle_attitude,main,0.0040279440581798,0.0018976543215103,0.0,0.029577980749309,0.0,1.1723055243492126,0.0064318780787289,0.0002432920737192,,0.0,0.004019853609485,0.0018958560501871,0.0,0.0291489908524715,0.0,0.7757890571651229,0.0064112818188331,0.0002432624830019,,0.0,0.0
cd49a203-accb-473c-babd-e382dcc1aa64,ok,17891392.0,v1.16+,0.0,0.2600619195046439,0.0,True,0.0,0.0,0.0932431071996688,4.0,actuator_motors,none,45633062,18329029,9.8,,B,,0.0,4.0,True,124.99363673386276,249.9681828594701,100.00381815404978,156.66,152.568,,True,0.0,0.0,,main,0.0002799075809889,0.000116115923447,6.177204340929165e-05,0.0003104568750131,0.0003107060620095,6.417284748749807e-05,0.0004112548704142,0.0003543876227922,0.0003041400923393,0.0,0.0002798684141705,0.0001161091825149,6.177013559518416e-05,0.0003104086932494,0.000310657802877,6.417078849840774e-05,0.000411170328308,0.0003543248423305,0.000304093851117,0.0,0.0
5071a159-9124-434f-ba2a-280ac279b691,ok,17891392.0,v1.16+,0.0,0.0,0.0355029585798816,True,0.0052083333333333,0.1994199999999999,0.1686866775155067,4.0,actuator_motors,none,4420329,3167391,4.7,,A,,0.0,4.0,True,10.009218371433706,20.0094884915338,2.0000762417122586,100.996814,96.020141,,True,0.0,0.0,,main,0.0340045703575015,0.0040133771253749,0.0003625548662967,0.0365893375128506,0.006865597446449,0.0040633726282976,0.0113174641970545,0.0,0.2943758741021154,0.0,0.0334391961514219,0.0040053450108306,0.0003624891591623,0.0359358407017085,0.0068421365531206,0.0040551394252515,0.0112539008335928,0.0,0.258028628475733,0.0,0.004935834155972359
4f7b15b6-76ee-4ca4-b188-3a6717a7b9d0,ok,17825792.0,v1.16+,0.0,0.0,0.0,True,0.0,0.0,0.1107500374317169,4.0,actuator_motors,none,14217629,9433670,5.3,,C,,0.0,4.0,True,10.003342460756947,20.003049985076007,1.999941116161565,301.887993,296.27873199999993,,True,0.0,0.0,,main,0.0134925744961947,0.0016406818060204,0.0011859157588332,0.0056356276618316,0.0068749166792258,0.0024535540258511,0.004919261788018,0.0234408435411751,0.0030838532256893,0.0,0.0134023602883022,0.0016393373579661,0.0011852131162014,0.0056198069242861,0.0068513921972431,0.0024505489765357,0.0049072017545519,0.0231703262477277,0.003079107903745,0.0,0.0
715031d6-d126-4250-a36a-71d7b1d961f2,ok,17695488.0,v1.14-1.15,0.4107883817427386,0.0,0.0,True,1.0633320573348643e-05,0.0037869999999884,0.1578344047069548,4.0,actuator_motors,none,36521460,22873851,9.8,,B,,0.0,4.0,True,10.003086816267304,198.01972029875915,1.999987461156456,334.189026,329.1543439999997,,True,0.0,0.0,,main,0.0012468276778236,0.0,0.0,0.0,0.0,0.0,0.0,0.0350478835403919,,0.0,0.0012460510336884,0.0,0.0,0.0,0.0,0.0,0.0,0.0344476899374068,,0.0,1.0461673658551895e-05
73fac1f4-0e6d-4016-9973-96f5400c5c3d,ok,17629696.0,v1.12-1.13,,,0.0,True,0.0017361111111111,0.199629999999999,0.4519867599010468,4.0,actuator_motors,none,7030802,3960494,3.1,,A,,0.0,4.0,True,10.008382816921037,20.007458056475524,1.999976168351204,119.401986,115.26000299999998,,True,0.0,0.0,,main,0.0013866680907085,0.0013373764697462,0.0,0.0083657592535018,0.0,0.0,0.0042561153881251,0.0774768598377704,2.703152632713318,0.0,0.0013857075543724,0.0013364829783694,0.0,0.0083309602349968,0.0,0.0,0.0042470837464308,0.0746220669765456,1.3091845197461518,0.0,0.0016736401673640166
4e3d0891-dd6d-454d-80ea-69f3256a7974,ok,17695232.0,v1.14-1.15,0.0,0.0726256983240223,0.0,True,0.0,0.0,0.1112653374671936,4.0,actuator_motors,none,2929315,2026964,2.4,,B,,0.0,4.0,True,10.01236265225224,20.01138582202311,2.000014822195737,82.221489,77.24630100000002,,True,0.0,0.0,,main,0.0030055421637371,0.0,0.0,0.0,0.0,0.0,0.0,0.0,,2.525124291423707e-05,0.0030010345515086,0.0,0.0,0.0,0.0,0.0,0.0,0.0,,2.525092410696956e-05,0.0
4503dcb0-1fe4-4200-a0ea-e6e437b22884,ok,17761535.0,v1.14-1.15,0.0,0.1780104712041884,0.0,True,0.0,0.0,0.2337585568428039,4.0,actuator_motors,none,7744126,5342964,4.1,,B,,0.0,4.0,True,9.994186011568424,19.984167664507776,2.000055356029457,189.324674,185.476348,,True,0.0,0.0008425934499236,sensor_combined,main,0.0025760159362107,0.0003002181649208,0.0002825998381013,0.0021403804188594,0.0027659935643896,0.0011493119178339,0.0035551509819924,0.0,0.1279063776135441,6.35199619864579e-05,0.0025727036941982,0.0003001731084651,0.0002825599142885,0.0021380930679765,0.0027621752435371,0.0011486519645047,0.0035488463708843,0.0,0.1203631510617421,6.351794467909826e-05,0.0
3c1feb78-824b-44bc-b29b-7cce052f3434,ok,17694912.0,v1.14-1.15,0.0,0.0,0.0,True,4.021232105517131e-05,0.0110210000000003,0.3328452993184327,4.0,actuator_motors,none,23964064,15118849,7.3,,C,,0.0,4.0,True,9.996350190702742,122.27312124912268,1.9962575049854367,266.711995,265.4257259999999,,True,0.0,0.0,,main,0.0058741035871207,0.0105184791609644,0.0,0.098052330315113,0.0,0.0174867659807205,0.0493485711514948,0.0610133752226829,0.0825283631682394,5.311036875355052e-05,0.0058569183065495,0.0104635448402629,0.0,0.0935380016193333,0.0,0.0173356318428746,0.0481695632093391,0.0592244657943135,0.0792993820923522,5.31089584478503e-05,3.992759795570698e-05
ef0bf480-4c20-4c67-8144-1db7a79a9581,ok,17761280.0,v1.14-1.15,0.0,0.0,0.0,True,0.0,0.0,0.0999261617660522,4.0,actuator_motors,none,20276231,12143326,12.5,,B,,0.0,4.0,True,10.001770884327843,20.00161088298804,1.999999272727537,572.52045,562.5158449999996,,True,0.0,0.0,,main,9.482226014370095e-05,0.0,0.0,0.0,0.0,0.0,0.0,0.0,51.85273189544677,0.000591270183213,9.481776479736194e-05,0.0,0.0,0.0,0.0,0.0,0.0,0.0,3.675136377209024,0.0005910954518704,0.0
7607d78b-1251-4821-aab8-c8848cde0884,ok,17760767.0,v1.14-1.15,0.0,0.0,0.0,True,0.0,0.0,0.1953693717718124,4.0,actuator_motors,none,6640677,4562085,4.0,,C,,0.0,4.0,True,10.006382578785823,20.0063821379754,1.9999973717983257,156.521635,150.01995600000006,,True,0.0,0.0,,main,0.0028560884762555,0.0014988326001912,0.0014902553986757,0.0030731019098311,0.002502022543922,0.0009765841648913,0.0008109617047011,0.0059551071375608,0.0106780203059315,0.0,0.0028520176049005,0.0014977104717247,0.0014891460700842,0.0030683895839936,0.0024988976967236,0.00097610761681,0.0008106330529285,0.0059374455700489,0.0106214128608542,0.0,0.0
1a018fe7-ce8f-4ce7-a5b3-6b7a4dcd4a23,ok,17695743.0,v1.14-1.15,0.0,0.0,0.0,False,0.0001010917913465,0.0037269999999978,0.443683886528015,4.0,actuator_motors,none,53361368,17484754,17.1,,A,,0.0,4.0,True,9.990626006364884,199.0301580482234,1.999987893878589,113.551276,113.48513299999996,,True,0.0,0.001579392080431,vehicle_attitude,main,0.0256145237013697,0.0018770511262118,0.0,0.0787448033690452,0.0,0.0068566890899091,0.0074644406326115,0.1656866177916526,0.1684881225228309,0.0,0.0252919682592825,0.0018752916671323,0.0,0.075798146133024,0.0,0.0068332889015855,0.0074367195583723,0.153310284901476,0.155710710223532,0.0,0.00010109179134654265
1cc60a6c-1f4d-4ffb-a2bf-3cae1a94a5d2,ok,17761280.0,v1.14-1.15,0.0,0.0,0.0,True,0.0,0.0,0.1567872047424316,4.0,actuator_motors,none,2600971,1817832,2.2,,B,,0.0,4.0,True,10.013116365040949,20.01261353207425,2.000044384546616,72.98118,68.37326200000001,,True,0.0,0.0,,main,0.0,4.458664989215321e-05,0.0002273273130413,0.0006933593016583,0.0015638429089449,0.000743992376374,0.0021632686723023,0.0,0.1075680069625377,0.0,0.0,4.458565593702355e-05,0.0002273014781029,0.0006931190391501,0.0015626213799767,0.0007437157512421,0.0021609321756679,0.0,0.102166626887141,0.0,0.0
c5712063-6a8a-4360-af0c-3d3b8c2b3348,ok,17761535.0,v1.14-1.15,0.0,0.0,0.0,True,0.0091996320147194,1.4010310000000177,0.3198237761855125,4.0,actuator_motors,none,8641060,5388271,4.0,,C,,0.0,4.0,True,10.00414236268838,20.00418949895389,1.9999590979019708,221.996798,217.4621370000001,,True,0.0,0.0,,main,0.0028724385541863,0.0,0.0,0.0,0.0,0.0,0.0,0.0,0.0,0.0007713583501754,0.002868320985653,0.0,0.0,0.0,0.0,0.0,0.0,0.0,0.0,0.0007710610062192,0.008988764044943821
96f6cb90-d0c3-405f-b4e7-1f1ea198142f,ok,17695743.0,v1.14-1.15,0.0,0.0210970464135021,0.0,True,0.0,0.0,0.395167201757431,4.0,actuator_motors,none,37560503,24022003,10.4,,C,,0.0,4.0,True,10.002863225803504,200.3977997466025,2.000026618851387,346.205439,341.780854,,True,0.0,0.000158524537084,vehicle_attitude,main,0.0728356808423996,0.0097092205658554,0.0,0.0169166736304759,0.0,0.0120673719793558,0.0089164016768336,0.0551607243716716,0.0904121197760105,0.0,0.0703053119795975,0.0096623889720371,0.0,0.0167751802096666,0.0,0.0119951417515134,0.008876885289679,0.0536931007006435,0.0865557163200826,0.0,0.0
05b52cea-2b8d-4057-838c-5943d28d7960,ok,17630207.0,v1.12-1.13,0.0,0.0,0.0,True,0.0,0.0,0.18375,6.0,actuator_outputs,per_channel,3931585,2548249,7.9,,C,,,,False,9.999917463613686,19.999953890596217,2.0000532741463024,120.889071,116.602482,True,True,0.0,0.0,,main,0.0014121922897174,0.0004887623246759,0.0,0.0060373627115041,0.0,0.0,0.0033057073131203,0.0150477399118244,0.0121491116471588,0.0,0.0014111960839649,0.0004886429192765,0.0,0.0060192108601499,0.0,0.0,0.0033002554741855,0.0149356457835542,0.0120759035361432,0.0,0.0
6cb076a1-ad43-4419-9f53-a6f844c46421,ok,17629952.0,v1.12-1.13,0.0253475061324611,0.0,0.0,False,0.0,0.0,0.874,6.0,actuator_outputs,per_channel,24733517,14709521,15.7,,C,,,,False,10.00147605306654,20.001504127384425,1.9999840780488327,616.577507,612.290293,True,True,0.0,0.0,,main,4.96888387715444e-05,8.745439408812663e-05,0.0,0.0017303373431786,0.0,6.95210401318036e-05,0.001043522148393,0.0099776674062013,0.0,0.0101008281111717,4.968760432208723e-05,8.745057017554766e-05,0.0,0.0017288420341954,0.0,6.95186236562897e-05,0.0010429780576368,0.0099282191296971,0.0,0.0100501556835451,0.0
d74a4cfe-671a-4796-9001-c26e902010fb,ok,17629695.0,v1.12-1.13,0.0056031641397495,0.0,0.0,True,0.0,0.0,0.3681192725896834,4.0,actuator_motors,none,202899415,115285852,41.8,,C,,0.0,4.0,True,10.00068349539452,285.62316574710854,2.0004024485795884,1532.009899,1301.8491749999998,,True,0.0,0.0,,main,1.1088652627222473e-06,0.0040786651661619,0.0,0.0058907359605655,0.0,0.0002336390600248,0.0014904003590345,0.0200554282404482,0.0,0.0003683824572362,1.1088646479316162e-06,0.004070369959324,0.0,0.0058734534135543,0.0,0.0002336117706701,0.001489290814726,0.0198569672319427,0.0,0.000368314621078,0.0
7410b678-7a41-4dab-8ede-16afb68383da,ok,17761280.0,v1.14-1.15,0.0738396624472573,0.0569620253164556,0.0,True,0.0050845751107531,0.4476279999999999,0.2400000090587273,4.0,actuator_motors,none,26104647,14783813,10.1,,A,,0.0,4.0,True,10.004170286791323,187.75023214657125,2.000049286320924,235.517161,139.045721,,True,0.0,0.0,,main,0.001643007970415,0.0022374660475179,0.0020950558828189,0.018603422679007,0.0098991910926997,0.0066670577507466,0.0024495341349393,12.522809982299805,0.6499099731445312,0.0,0.0016416597094199,0.0022349666478812,0.0020928643136822,0.018432495642387,0.0098505150724315,0.0066449312127122,0.0024465389164629,2.6043778879468005,0.5007207246933567,0.0,0.0030012183163462395
5f55e4d7-55fb-4ad0-94f9-86fd676d6f4a,ok,17825792.0,v1.16+,0.0,0.0,0.0,True,0.0,0.0,0.2560985058546066,4.0,actuator_motors,none,31826728,13643650,11.2,,B,,0.0,4.0,True,9.999454972005212,161.03076706477415,2.00006546947974,199.003628,194.12209200000007,,True,0.0,0.0,,main,0.0010834110667929,0.0,0.0,0.0,0.0,0.0,0.0,5.770559619122648e-05,0.0,0.0,0.0010828246005741,0.0,0.0,0.0,0.0,0.0,0.0,5.770393128735979e-05,0.0,0.0,0.0
4cc3ca74-6dac-4abe-8570-9b43c334902e,ok,17761280.0,v1.14-1.15,0.0,0.0,0.0,True,0.0,0.0,0.1664863228797912,4.0,actuator_motors,none,2829713,2048275,1.3,,B,,0.0,4.0,True,10.01425462527476,20.014268827936643,1.999948807065788,69.478683,68.089802,,True,0.0,0.0,,main,0.0226939164102077,0.0,0.0,0.0,0.0,0.0,0.0,19.59732275009156,27.82209663391113,0.0156934905797243,0.022440240254601,0.0,0.0,0.0,0.0,0.0,0.0,3.0251611037617483,3.3611423371935323,0.0155716211406989,0.0
0fc5ec68-b499-44d3-88ce-b66928cf8be0,ok,17630207.0,v1.12-1.13,0.0,0.0,0.0,True,0.0,0.0,0.2971807271242142,4.0,actuator_motors,none,22614573,12730224,8.2,,C,,0.0,4.0,True,9.87095174966922,195.6430235958798,1.969202889078672,162.315892,155.2744319999999,,True,0.0,0.0140892968129171,vehicle_attitude,main,0.0043636554619297,0.0026902015903033,0.0,0.005626784148626,0.0,0.0,0.0013123964308761,0.0002336124540306,0.0145955765154212,0.0020984364673495,0.0043541623239376,0.0026865894747674,0.0,0.0056110129318625,0.0,0.0,0.001311535991423,0.0002335851708902,0.0144900863099029,0.0020962378248162,0.0
08f0d61f-e0a1-4207-8233-0a03dc2a73a7,ok,17826240.0,v1.16+,0.0,0.0,0.0,True,0.0,0.0,0.1190112680196762,4.0,actuator_motors,none,12749036,7756893,7.6,,B,,0.0,4.0,True,10.008369794246972,198.34911377346768,1.99992217846681,114.296609,109.21159100000004,,True,0.0,0.0,,main,0.0189010225236415,292845309132.8,7534871366860.8,0.0069909535348415,0.0120610523968935,149.91080322265623,0.0141063956543803,0.0036501857452094,0.0019198120106011,0.0,0.0187246175540241,26.40291035137133,29.650562876442816,0.0069666301159748,0.011988897501014,5.0166889551440015,0.0140078263454207,0.0036435399844864,0.0019179715267352,0.0,0.0
8ecf4cc0-7a62-4525-b013-011b5e4fcfbb,ok,17761535.0,v1.14-1.15,0.0,0.0,0.0,True,0.0,0.0,0.2541144043207168,4.0,actuator_motors,none,18237755,11971045,7.4,,C,,0.0,4.0,True,9.967179220442324,19.927764761661344,1.9933962540326164,455.276563,450.78967200000005,,True,0.0,0.0038421397866067,vehicle_attitude,main,0.002993396052625,0.000972337287385,0.0006420126155717,0.0039416695013642,0.0040483000921085,0.0018711682874709,0.0025061124004423,0.2216296605765819,0.0374566365033387,0.0005606265418464,0.0029889247633319,0.0009718648736902,0.0006418066136382,0.0039339214755661,0.0040401277738636,0.001869419832853,0.002502977337548,0.2001857547327855,0.0367721761078729,0.0005604694494973,0.0
ebba33eb-7512-4297-9b36-c810346b6494,ok,17956992.0,v1.16+,0.0,0.0139982502187226,0.0,True,0.0,0.0,0.0010466694831848,4.0,actuator_motors,none,269818979,120507710,54.1,,C,,0.0,4.0,True,124.99956540634508,249.9991308126901,100.00086918730986,1150.008,1145.7240000000004,,True,0.0,0.0,,main,0.0005652345134876,0.0001008078688755,5.643185431836173e-05,0.0003233934694435,0.0003250230322009,5.724468064727262e-05,0.0002073840878438,0.0003264086553826,0.0002763146767392,0.0,0.00056507482863,0.0001008027881037,5.643026210117172e-05,0.0003233411890465,0.0003249702236575,5.724304223306811e-05,0.0002073625867364,0.0003263553956667,0.0002762765088696,0.0,0.0
891a6505-c042-4bb2-8732-dce802caad85,ok,17694720.0,v1.14-1.15,0.0,0.1713395638629283,0.0,True,0.0,0.0,0.1172917723655699,4.0,actuator_motors,none,6004836,4038143,3.9,,C,,0.0,4.0,True,10.005842892465152,20.00584633335948,1.9999834138183337,153.888578,149.31494200000003,,True,0.0,0.0,,main,0.0067334481282159,0.0109139014501124,0.0,0.1223186068236827,0.0,0.0096590148750692,0.0107478079386055,0.2653214886784553,0.8204218298196793,0.0,0.0067108797185356,0.0108547746414518,0.0,0.1153967300915222,0.0,0.0096126648158228,0.010690460789031,0.2353262311388578,0.5990682488593122,0.0,0.0
e4ae1376-d436-494e-a3b4-1d66f415af4c,ok,17694975.0,v1.14-1.15,0.0,0.0,0.0,True,0.0,0.0,0.0958883717656135,4.0,actuator_motors,none,3392401,2357807,3.1,,C,,0.0,4.0,True,10.009814488398224,20.010492710662483,1.9998711749651457,96.054692,91.29615,,True,0.0,0.0,,main,0.5126355767250059,0.0,0.0,0.0,0.0,0.0,0.0,0.0011591636342927,0.0,0.0,0.4138535444097946,0.0,0.0,0.0,0.0,0.0,0.0,0.0011584923228502,0.0,0.0,0.0
85197c88-8bbc-4cdd-bd52-d84d60ef3a00,ok,17826047.0,v1.16+,0.0,0.0,0.0,True,0.0,0.0,0.1426577419042587,4.0,actuator_motors,none,56167911,36919305,35.1,,C,,0.0,4.0,True,10.000740508517426,20.00074055263257,1.999999222039776,1216.347426,1210.0802740000004,,True,0.0,0.0,,main,0.0249772179871797,0.0101767424494028,0.0022933922708034,0.0172725237905979,0.0110472191125154,0.0035363151691854,0.0075322221964597,0.0266526799649,0.0152042852714657,0.0,0.0246703859893914,0.0101253080679235,0.0022907664606583,0.0171250494983277,0.0109866443012988,0.0035300771088699,0.0075039966562694,0.0263036848137622,0.0150898585197168,0.0,0.0
38737092-fad7-4f3c-8b0f-6f1a9e64cc56,ok,17170944.0,v1.12-1.13,0.0,0.0,0.0,False,0.0006071645415907,0.0999999999999943,0.3511838823556895,4.0,actuator_motors,none,121427399,37196233,42.9,,C,,0.0,4.0,True,99.95713301769106,999.6578131852772,99.95713301769106,207.648,164.281,,True,0.0,0.0004720184568849,sensor_combined,main,0.0002553679383709,0.0003929713566321,0.0003599599862354,0.0462910978123545,0.0503964014351367,5.992009755573236e-05,0.0021862389985471,1.4431174993515017,3.2533297538757324,0.0,0.0002553353375289,0.0003928941636109,0.0003598952161821,0.0452516231132495,0.0491676181010538,5.9918302418396326e-05,0.0021838526555122,0.893274887456098,1.4477021476829133,0.0,0.00048123195380173246
4c453b12-9362-41f6-b075-dcc4e7337ee9,ok,17761280.0,v1.14-1.15,0.0115448048378229,0.0093457943925233,0.0,True,0.0,0.0,0.257561036944389,4.0,actuator_motors,none,97075704,43832792,33.4,,B,,0.0,4.0,True,10.001019534695311,172.51763573460696,1.9999902115547563,913.362791,51.11315500000001,,True,0.0,0.0,,main,0.0007265839376486,0.0008484563441015,0.0007682671857764,0.0038506208220496,0.0032656744588166,0.0020677816937677,0.0018467938352841,12.56715660095215,0.3066699981689438,0.0,0.0007263201033301,0.0008480966084831,0.0007679722196075,0.0038432261583106,0.0032603537246911,0.0020656467757242,0.0018450906082328,2.6076519162206737,0.2674819147501008,0.0,0.0
e1a04338-574c-4c12-b115-cadd9467dd6e,ok,17891392.0,v1.16+,0.0,0.7624309392265194,0.0385604113110539,True,0.1973875181422351,2.2015550000000026,0.2007390439510346,4.0,actuator_motors,none,3902754,2698097,3.8,,C,,0.0,4.0,True,10.012773715319144,20.0129430804268,2.000120682606381,77.451084,68.936115,,True,0.0,0.0,,main,1.3599663257598846,0.1369808837771411,0.0164697721600532,0.0861254058778285,0.2874956607818589,0.1118530683219432,0.1573483884334562,0.0678299576044082,154.8522750854491,0.0,0.8586473501899076,0.1283764017661475,0.0163356164675716,0.0826166898706409,0.2526989832835574,0.1060280542940747,0.1461315164844313,0.0656285121356243,3.675136377209024,0.0,0.17525773195876287
7d5b533e-7a2d-4995-9e9a-49582c4cadc2,ok,17694720.0,v1.14-1.15,0.1104972375690607,0.0,0.0,True,0.0,0.0,0.2026879370212554,4.0,actuator_motors,none,8540867,5580901,3.9,,B,,0.0,4.0,True,10.005371602384786,20.005183771877768,2.0000633503211747,178.458753,174.7100729999999,,True,0.0,0.0,,main,0.2037648320198058,0.0017957228468731,0.0,0.0163646984845399,0.0,0.0027827324345707,0.0249563176184892,0.051620852202177,0.0662581488490104,0.0,0.1854540055660695,0.0017941124641808,0.0,0.0162322399486035,0.0,0.0027788678025007,0.0246499947246716,0.0503326427015087,0.0641554623258588,0.0,0.0
30e3585c-32ab-41af-8911-beda386456a7,ok,17498367.0,v1.12-1.13,0.0,0.1707317073170731,0.0,True,0.0,0.0,0.189142857142857,6.0,actuator_outputs,global,1816809,1250535,2.1,,A,,,,False,10.014792408424976,19.99828647301572,5.015650313875767,60.489242,57.03850499999999,True,True,0.0,0.000822893334671,sensor_combined,main,1.351110654468357e-06,3.937504899909072e-08,0.0018524975748732,0.0,4.7715742766740735e-06,0.0,0.0,0.0319449778646231,0.0,0.0,1.351109741719179e-06,3.93750482238935e-08,0.001850783817402,0.0,4.771562892749747e-06,0.0,0.0,0.0314453496153693,0.0,0.0,0.0
8c2ca824-8eca-4755-a48d-5616c9db512c,ok,17760384.0,v1.14-1.15,0.0,0.0,0.0,True,0.0,0.0,0.1658497527241706,4.0,actuator_motors,none,5368210,3631830,3.9,,C,,0.0,4.0,True,10.00615763061799,20.00570049081555,1.999963089288808,158.410174,153.83940500000008,,True,0.0,0.0,,main,26.92939720153808,0.0010998916346579,0.0018115457147359,0.0064130438491702,0.0069872175343334,0.00206941338256,0.0028711759485304,0.2889928221702575,0.0678138360381126,0.0,3.3296797972515018,0.0010992871970239,0.0018099068447576,0.0063925677794612,0.0069629200454668,0.0020672750961768,0.0028670619955739,0.2538611554157566,0.0656134145183681,0.0,0.0
2d9dc3d2-60f9-4272-ae6b-a73e545b6af3,ok,17826047.0,v1.16+,0.0068493150684931,0.0,0.0494186046511627,True,0.0016234616391725,0.0276050000000003,0.1867596864700317,4.0,actuator_motors,none,7862554,4722373,4.1,,B,,0.0,4.0,True,10.013918469541116,199.06502445793848,2.00020863940999,68.084987,66.837623,,True,0.0,0.0,,main,0.1175573796033856,0.0135305661708116,0.0041473218239843,0.0065552140586078,0.0033627610653638,0.1484515219926833,0.0253641512244939,0.0,0.0163409292697906,0.0,0.1111453925886454,0.0134398454791312,0.0041387453894738,0.0065338220780479,0.0033571196280385,0.1384145324108643,0.0250478189844212,0.0,0.0162088531734346,0.0,0.0016884977486696685
eae909cc-c23f-4fc9-bd31-e4f146028b1c,ok,17630207.0,v1.12-1.13,0.0,0.0,0.030188679245283,True,0.0134788189987163,2.897467000000006,0.35313531011343,4.0,actuator_motors,none,14203633,8932355,5.8,,A,,0.0,4.0,True,10.0032004573928,20.002942916840155,2.0000399250872114,317.220099,311.5971770000001,,True,0.0,0.0001900926536309,sensor_combined,main,0.0021575807593762,0.00292564262636,0.0,0.1256184697151177,0.0,0.0,0.0052115875761955,0.0011842483654618,0.0387624949216841,0.0,0.0021552565245587,0.002921371262932,0.0,0.1183326354566231,0.0,0.0,0.0051980542533638,0.001183547696489,0.0380300959206474,0.0,0.013215859030837005
277c496d-4f2a-4e68-a3c7-982ab4482427,ok,17761535.0,v1.14-1.15,0.0,0.0,0.0,True,5.427506603466368e-05,0.0104950000000201,0.4124238863587379,4.0,actuator_motors,none,24153667,14714456,10.1,,B,,0.0,4.0,True,9.959801990791052,221.0382459191512,1.9900156277573129,200.957917,194.973958,,True,0.0,0.0050067899770295,vehicle_local_position,main,0.003939024079591,0.0018116257502697,0.0047105698380619,0.0258532473817467,0.0488917529582976,0.0064126253360882,0.0043694825842976,0.0331708097830414,0.0047439267393201,0.0,0.0039312864367596,0.0018099867355624,0.004699509823011,0.0255247027772891,0.04773413339211,0.0063921519331329,0.0043599641123958,0.0326325295979388,0.0047327097798332,0.0,5.254860746190226e-05
3a4a07a5-a053-4e87-a4d8-e2926821573d,ok,17630207.0,v1.12-1.13,0.0,0.0,0.0,True,0.0,0.0,0.524,6.0,actuator_outputs,per_channel,3782624,2234456,3.8,,A,,,,False,10.010970308564495,20.01081809101784,1.99990373497078,89.450839,87.37654900000003,True,True,0.0,0.0,,main,0.0021844906499609,0.0043760234955698,0.0,0.0,0.0,0.0,0.0,0.8442687988281248,0.0,0.0,0.0021821081193739,0.0043664765464024,0.0,0.0,0.0,0.0,0.0,0.6120828839406399,0.0,0.0,0.0
a460b418-d3b0-41ed-93eb-c926316ca4ca,ok,17694975.0,v1.14-1.15,0.0,0.1129326047358834,0.0,True,0.0,0.0,0.1322114825248716,4.0,actuator_motors,none,11031478,6966380,4.7,,B,,0.0,4.0,True,10.003761560120909,20.003593651064875,1.9999594971706207,274.115981,270.4807300000001,,True,0.0,0.0,,main,0.0046947446651756,3.003025776706636e-05,0.0,0.0009949949104338,0.0,0.0002469795930664,0.0007614377420395,0.0004381254315376,,0.0,0.0046837587221531,3.002980686790264e-05,0.0,0.0009945002311063,0.0,0.0002469490986276,0.0007611479953953,0.0004380294826148,,0.0,0.0
f95d23c6-9ba5-46c9-a7be-38e84a7e708a,ok,17826047.0,v1.16+,0.0046054651519803,0.0,0.0,True,0.0007320197645336,0.2974990000000161,0.2624239802360534,4.0,actuator_motors,none,77736131,47746367,17.0,,B,,0.0,4.0,True,9.988449841378142,19.97508099832744,1.997568373271496,1645.002463,1641.270265000005,,True,0.0,0.0012337425565014,sensor_combined,main,0.0034508934477344,0.0005243426305241,0.0006253203435335,0.0020493316464126,0.0017163050477392,0.0006333533267024,0.001006516884081,0.0193911720067262,0.006894163833931,0.0,0.0034449527780961,0.0005242052109615,0.0006251249122346,0.0020472346308123,0.001714833879306,0.000633152843131,0.0010060106855984,0.0192055588968284,0.0068705077501553,0.0,0.0007301490721022208
8db0ea75-8b73-428e-ae0c-857ccdb66c0c,ok,17761280.0,v1.14-1.15,0.0,0.0,0.0,True,0.0,0.0,0.412721686810255,4.0,actuator_motors,none,8319520,5787965,5.1,,A,,0.0,4.0,True,10.00490936459463,20.00483112925549,2.000023431909913,186.531448,183.979029,,True,0.0,0.0,,main,0.0226547213271259,0.0095376743935048,0.0089647815562784,0.0179651485756039,0.0310684642754494,0.1863948568701739,0.0098785874899476,0.2405717492103573,0.0515819240361452,23.70006561279297,0.022401914188948,0.00949247792927,0.0089248364573256,0.0178056823513346,0.030595608528849,0.1709191767598472,0.0098301132213256,0.2155723614213736,0.0502956247149636,3.2068059000187827,0.0
7a1b3a5d-c531-49be-8300-23e78d6ef991,ok,17694720.0,v1.14-1.15,0.0259541984732824,0.0381679389312977,0.0180012414649286,False,0.0220025510204081,3.4034090000000106,0.2784448340535164,4.0,actuator_motors,none,11120757,7273534,4.7,,C,,0.0,4.0,True,10.000196680886894,20.00004813676182,1.999961481301735,322.160045,313.25880600000016,,True,0.0,0.0,,main,0.0047058769268915,0.0032902861014008,0.0,0.0123202711343765,0.0,0.001421668176772,0.0040242374874651,0.0024162036948837,0.2787984684109688,0.0,0.0046948389035727,0.0032848849543894,0.0,0.0122449942510548,0.0,0.0014206585633464,0.00401616190192,0.0024132893681967,0.2459209405260795,0.0,0.021421918658801616
a60a47b9-15f1-4dbc-8b48-3da45c7ca97e,ok,17826047.0,v1.16+,0.0,0.1208791208791208,0.0,True,0.0276595744680851,1.0,0.1835518300533282,4.0,actuator_motors,none,39119959,14646988,12.0,,C,,0.0,4.0,True,125.0,250.0,100.00756429652044,131.952,47.07199999999999,,True,0.0,0.0,,main,0.0002607032365631,9.4397873908747e-05,6.793760985601693e-05,0.000448093865998,0.0004674610390793,7.678586553083733e-05,0.0003589098923839,0.0401820614933967,0.0276122577488422,0.0,0.0002606692593795,9.439341870981976e-05,6.793530220111757e-05,0.0004479935019221,0.0004673518132056,7.678291764716757e-05,0.0003588454996354,0.0393957569604861,0.027237914704092,0.0,0.009818731117824773
0ea3681a-92df-4805-aa7e-0b71a75ba85d,ok,17639168.0,v1.12-1.13,0.0,0.0,0.0122354497354497,True,0.0023492560689115,0.5446850000000723,0.1597136363387106,4.0,actuator_motors,none,66279682,37603377,14.5,,B,,0.0,4.0,True,9.999898313968188,200.0177904589387,2.000011413972424,604.839144,569.6021439999995,,True,0.0,0.0,,main,0.0054865890182554,0.0089227465912699,0.0,0.0007412033621221,0.0,0.0091026049107312,0.0027878665830939,0.0036408297717571,0.0202963658608496,0.0,0.0054715925168146,0.0088831741105117,0.0,0.0007409288065693,0.0,0.0090614259048251,0.0027839876906021,0.0036342179944211,0.0200931398588572,0.0,0.002213011100182661
ca4a7dd7-b71a-470d-9db6-537f3c12a3d0,ok,17826047.0,v1.16+,0.0,0.0,0.0,True,0.0,0.0,0.3257557272911072,4.0,actuator_motors,none,5811695,4153156,4.5,,B,,0.0,4.0,True,10.007203076262456,20.00674640143525,2.000026227616667,132.402894,126.19534799999998,,True,0.0,0.0,,main,0.006101135816425,0.0,0.0,0.0,0.0,0.0,0.0,0.0049942212179303,0.0042916793376207,0.0063875050283968,0.006082599245183,0.0,0.0,0.0,0.0,0.0,0.0,0.0049817914625974,0.0042824963461137,0.0063671913746415,0.0
6626b235-e8ae-4228-b92b-6805aa110f82,ok,17630207.0,v1.12-1.13,0.0,0.0,0.0,True,0.0,0.0,0.3809999999999999,6.0,actuator_outputs,per_channel,24009338,13192551,13.7,,C,,,,False,10.0050129442719,200.8385352381776,2.0000347250927013,196.090907,188.47802000000016,True,True,0.0,0.0,,main,0.016678749397397,0.0042323104105889,0.0,0.0792692363262176,0.0,0.0,0.0211113885045051,0.0026974991429597,0.0089718110859394,0.0,0.016541186533766,0.0042233793752912,0.0,0.0762841790854049,0.0,0.0,0.020891630689723,0.0026938674217238,0.0089318035044436,0.0,0.0
f390c6e1-8028-41e8-957a-cd91105d55ac,ok,17760256.0,v1.14-1.15,0.0,0.0,0.0,True,9.298472514560562e-05,0.0374610000000075,0.107551524043083,4.0,actuator_motors,none,45471359,28202636,14.8,,A,,0.0,4.0,True,10.002318612925649,221.149739051046,1.9999926124674792,418.500834,414.0455020000008,,True,0.0,0.0,,main,0.0049001676961779,0.0009427191223949,0.0007438788656145,0.0102382263168692,0.0101156774908304,0.0091153442859649,0.0058962756767868,0.0753284826874732,0.0032478836830705,0.0,0.0048882009512354,0.0009422750417966,0.0007436023248645,0.010186170681234,0.0100648564639989,0.0090740502849015,0.0058789606727117,0.0726261801947334,0.0032426207014834,0.0,9.194787391438817e-05
73f350f7-8413-44b7-8f0e-837e0a780b21,ok,17826304.0,v1.16+,0.0400878638110928,0.0,0.0,True,0.0099085783106147,0.699997999999999,0.4720398783683777,4.0,actuator_motors,none,86806496,56519222,18.5,,B,,0.0,4.0,True,10.000545354343988,20.00054519762212,1.999999772987748,1832.56447,1826.6898060000008,,True,0.0,0.0,,main,0.0068302197614684,0.0015089129447005,0.0013056741736363,0.0108465913217514,0.0115096713416278,0.0190328024327754,0.023340418934822,0.0248047127388417,0.0062576391501352,7.473355650901794,0.0068069994835772,0.0015077756794422,0.0013048225223512,0.0107881889814525,0.0114439389656456,0.0188539445299089,0.0230721969475677,0.024502070281111,0.0062381414238169,2.136926610949108,0.009873983961595112
b45160d9-2a57-4ea0-899c-2bf6f17f7fcc,ok,17825984.0,v1.16+,0.0,0.0,0.0,True,0.0,0.0,0.0044581353664398,4.0,actuator_motors,none,21107067,8552667,8.2,,A,,0.0,4.0,True,124.2700628441132,247.48345475779988,100.0194671561266,71.452,69.37999999999997,,True,0.0,0.0,,main,0.0003964305215049,7.943096716189757e-05,6.517932015412952e-05,0.0003371470374986,0.0003176447193254,0.0001199541584355,0.0008730608591576,0.0004788291698787,0.0003706967981997,0.0,0.0003963519636868,7.942781268966618e-05,6.517719607453853e-05,0.0003370902162072,0.0003175942809222,0.0001199469645107,0.0008726799632064,0.0004787145677734,0.0003706281071167,0.0,0.0
bdcb789b-0e16-4a4d-812f-ca32f363bbc8,ok,17891392.0,v1.16+,0.0,0.197452229299363,0.0,True,0.0,0.0,0.0491936266422269,4.0,actuator_motors,none,18177401,9099535,4.9,,C,,0.0,4.0,True,124.94800332778702,249.8050023399719,100.0130005200208,76.432,72.136,,True,0.0,0.0,,main,0.0004994877963326,0.0001430446136509,8.646334063087098e-05,0.0006661052932031,0.002816292643547,5.9361068088037314e-05,0.0003296924696769,0.0304167196154594,0.0599127598106861,0.0,0.0004993630938264,0.0001430343837456,8.64596028916845e-05,0.0006658835435392,0.0028123343215404,5.935930628955619e-05,0.0003296381330572,0.0299633025711856,0.0581866026715844,0.0,0.0
aade289c-3aef-4d0f-a03c-92db527221e1,ok,17694720.0,v1.14-1.15,0.0,0.0729483282674772,0.0,True,0.0,0.0,0.1939240708947181,4.0,actuator_motors,none,5609602,3667178,4.3,,B,,0.0,4.0,True,10.00037608891011,20.00014280475797,1.999947288889267,160.136545,151.17090099999993,,True,0.0,0.0,,main,0.0012947254581376,0.0077524068765342,0.0,0.0103974491357803,0.0,0.0004571390163619,0.0014063760172575,0.0137605527415871,,0.0,0.0012938880238853,0.0077225113789783,0.0,0.010343767442664,0.0,0.0004570345601545,0.0014053879967502,0.013666736002763,,0.0,0.0
4d82e666-d865-4056-a184-3b39dc3b605d,ok,17694975.0,v1.14-1.15,0.0,0.0,0.0,True,0.0319148936170212,0.8014320000000019,0.4007642686367034,4.0,actuator_motors,none,6180265,3870255,4.4,,A,,0.0,4.0,True,10.00190500831332,20.00332899887128,1.9999360020479344,163.297065,159.713188,,True,0.0,0.0,,main,0.0006905874703079,0.0,0.0,0.0,0.0,0.0,0.0,7.163022928580176e-05,,0.0,0.0006903491245069,0.0,0.0,0.0,0.0,0.0,0.0,7.162766396343035e-05,,0.0,0.031154551007941355
2b7ba021-f184-48ee-a83b-0f19d05bc14d,ok,17891583.0,v1.16+,0.0,0.0,0.0477453580901856,True,0.1002673796791443,3.244960000000006,0.8765619844198227,4.0,actuator_motors,none,8329732,5353676,4.4,,B,,0.0,4.0,True,10.01322424688936,198.18834525259103,1.999839851750932,74.700743,70.68382200000002,,True,0.0,0.0,,main,0.0057526849675923,0.0023597175022587,0.0005076820438262,0.0050825514830648,0.0056919674854725,0.0538952382281421,0.1044924218207587,0.0427661351859569,0.0409593233838676,0.0,0.0057362014614899,0.0023569377410221,0.0005075532168976,0.0050696789168389,0.0056758294477095,0.0524930507087594,0.0993858826691266,0.0418769276610866,0.0401427143101963,0.0,0.0943484135488981
feda1984-155a-47ea-9aa5-d8858b12b17a,ok,17760384.0,v1.14-1.15,0.0,0.0,0.0,True,0.0,0.0,0.0987312316894531,4.0,actuator_motors,none,27932394,18610849,7.8,,C,,0.0,4.0,True,10.003056095473976,20.00330809716189,1.9999832593993845,324.153734,315.8483079999999,,True,0.0,0.0,,main,0.0014391659991815,8.055210637394344e-05,8.819283684715648e-05,0.0004134673567023,0.0007554818294011,0.0030386638827621,0.0008832640131004,0.0206631679087877,0.0040873016230762,0.0,0.0014381313923232,8.054886222723686e-05,8.818894808755973e-05,0.0004133819026289,0.0007551965966535,0.0030340564748822,0.0008828741649842,0.0204525806471905,0.004078971297119,0.0,0.0
0bba0f63-5f36-44ed-9b9a-f470ffec3da8,ok,17826047.0,v1.16+,0.0,0.0,0.0,True,0.0,0.0,0.2321804046630859,4.0,actuator_motors,none,7737744,4912294,1.8,,B,,0.0,4.0,True,10.000557761371198,199.56696090611985,2.0001174283819108,60.50549,53.031137000000015,,True,0.0,0.0,,main,0.0015168526093475,0.0005733508325647,0.000553409778513,0.0027254994725808,0.0012361905712168,0.000183014068898,0.001098147855373,0.2474350750446319,0.072656162828207,0.0005814672753331,0.0015157033504523,0.0005731865297751,0.0005532567037942,0.0027217920337804,0.0012354271167713,0.0001829973238663,0.0010975453320829,0.2210895032367987,0.0701379675870834,0.0005812982887405,0.0
f0d49fce-0af1-488a-bc1e-d558356cb76d,ok,17695743.0,v1.14-1.15,0.6354166666666666,0.0,0.0,True,0.0209251101321585,0.2003249999999994,0.9034366321690048,4.0,actuator_motors,none,4161446,3110750,3.8,,B,,0.0,4.0,True,10.010041465920418,20.01073524436168,2.0000288171691354,95.841959,90.828433,,True,0.0,0.0,,main,0.0070152119034901,0.0047544871922582,0.0,0.0143970351666212,0.0,0.025318771507591,0.006282265856862,0.0142970972694456,0.0257859915494918,0.0,0.0069907197826958,0.0047432203160596,0.0,0.0142943819507144,0.0,0.0250035608337269,0.0062626146843637,0.0141958575889996,0.0254591397572388,0.0,0.01973001038421599
fc96d4f6-e675-4634-86d1-79135d504027,ok,17694720.0,v1.14-1.15,0.0,0.3333333333333333,0.0,True,0.0,0.0,0.1541318595409393,4.0,actuator_motors,none,15327802,4094381,5.2,,C,,0.0,4.0,True,10.011946770840051,20.011608452746167,101.00439576631224,80.985539,76.29728500000019,,True,0.0,0.0,,main,0.0003480409330222,0.0,0.0,0.0,0.0,0.0,0.0,0.0011415041517466,0.0,0.0,0.000347980380826,0.0,0.0,0.0,0.0,0.0,0.0,0.0011408531312636,0.0,0.0,0.0
5ffcf209-d767-4b19-b0dd-2d900b1777a1,ok,17695743.0,v1.14-1.15,0.0,0.171945701357466,0.0,False,0.0236111111111111,0.1039999999999992,0.087258594110608,4.0,actuator_motors,none,16861047,7089141,6.0,,B,,0.0,4.0,True,125.0,231.5846862127453,125.0,82.356,71.91199999999996,,True,0.0,0.0,,main,0.0001716384431347,0.010162160731852,0.0,0.0037915327120572,0.0,0.0149684716016054,0.0071533555164933,0.0227712150663137,0.0,0.0,0.0001716237149423,0.010110873145616,0.0,0.003784362969066,0.0,0.0148575495498298,0.0071278916316208,0.022515820771671,0.0,0.0,0.020481927710843374
f377f6bd-e652-486f-8b97-3eecf987070c,ok,17695488.0,v1.14-1.15,0.0,0.0379746835443038,0.0,True,0.0008756567425569,0.1014180000000095,0.1445705026388168,4.0,actuator_motors,none,4681374,3011423,4.7,,B,,0.0,4.0,True,10.00851155687321,20.008573601754097,1.9999781619405808,117.739232,114.19799899999998,,True,0.0,0.0,,main,0.0003217400735593,0.0,0.0,0.0,0.0,0.0,0.0,0.0002182655298383,0.0,0.0,0.0003216883263209,0.0,0.0,0.0,0.0,0.0,0.0,0.000218241713383,0.0,0.0,0.0008460236886632825
df75252c-e137-4609-b692-d20701d62e9e,ok,16842880.0,v1.12-1.13,0.0,0.0,0.0,True,0.0,0.0,0.2481416106224059,4.0,actuator_motors,none,11177515,6718320,5.2,,B,,0.0,4.0,True,10.008625867766742,201.2432464635072,2.0001194686744173,104.210365,99.08406499999997,,True,0.0,0.0,,main,0.0097796881571412,0.0,0.0,0.0,0.0,0.0,0.0,6.095925782574341e-05,,0.000347048434196,0.0097321765217582,0.0,0.0,0.0,0.0,0.0,0.0,6.0957399885691454e-05,,0.0003469882268176,0.0
6263d9ec-af59-48da-aebe-dee75c8d30f0,ok,17761535.0,v1.14-1.15,0.0,0.0,0.0,True,0.0,0.0,0.1772197559475899,4.0,actuator_motors,none,8119385,4527881,4.7,,C,,0.0,4.0,True,10.007916607136815,20.007701322340683,2.000071738110276,121.402705,119.166397,,True,0.0,0.0,,main,0.0019332605996169,0.0,0.0,0.0,0.0,0.0,0.0,0.0007587403641082,16.765399932861325,0.001817744388245,0.0019313942563753,0.0,0.0,0.0,0.0,0.0,0.0,0.0007584526661543,2.8772527416238303,0.0018160942902494,0.0
5c703fed-e6cd-41d2-9f3e-cdd5a5c8cf3c,ok,17629952.0,v1.12-1.13,0.0,0.0,0.0,True,0.0,0.0,0.2429177328944206,4.0,actuator_motors,none,6436668,4167777,4.8,,B,,0.0,4.0,True,9.946173243555329,19.910000831591468,1.98801465485362,167.487777,162.93848000000006,,True,0.0,0.0042614358860822,sensor_combined,main,0.0114267850294709,0.1065178617835042,0.0,0.4538170039653777,0.0,163.27774963378897,21.32195816040038,0.0146075349301099,0.0,0.0,0.0113619924349553,0.101218022975608,0.0,0.3741925142205079,0.0,5.1015585906367855,3.1055708648656872,0.0145018726260399,0.0,0.0,0.0
c3e56705-eb74-45d4-b691-18a590465ae5,ok,17760511.0,v1.14-1.15,0.0,0.0,0.0,True,0.0,0.0,0.2097457632422447,4.0,actuator_motors,none,2890477,2012532,3.2,,B,,0.0,4.0,True,10.014164143114089,20.01277884939116,1.9999406394430488,69.162804,63.01729199999999,,True,0.0,0.0,,main,0.0013857570942491,0.0,0.0,0.0,0.0,0.0,0.0,0.0,0.0,0.0,0.0013847978189996,0.0,0.0,0.0,0.0,0.0,0.0,0.0,0.0,0.0,0.0
b9ff0ece-82b6-4b1c-a43a-a71e0e98963d,ok,17891583.0,v1.16+,0.0,0.0,0.0,True,0.0,0.0,0.298640608787536,4.0,actuator_motors,none,36888795,13652280,8.3,,A,,0.0,4.0,True,9.9950929751092,19.99024843290956,1.990278025820896,206.473797,198.4322970000001,,True,0.0,0.0007604741653948,sensor_combined,main,0.0021794475615024,0.0,0.0,0.0,0.0,0.0,0.0,0.0384446922689676,0.0073211276903748,0.001442031643819,0.0021770760108208,0.0,0.0,0.0,0.0,0.0,0.0,0.037724105591752,0.0072944583225052,0.001440992914655,0.0
a00fb082-b490-4b74-85d5-553101ce6d6e,ok,17826047.0,v1.16+,0.0,0.0,0.0,True,0.0,0.0,0.2492688119411468,4.0,actuator_motors,none,92774379,56397105,25.8,,B,,0.0,4.0,True,10.000508787906265,20.00050856633317,2.000000141511845,1965.218452,1959.150278000004,,True,0.0,0.0,,main,0.004650112055242,0.0006122764025349,0.0011373141373042,0.0018978807900566,0.0014178595331031,0.0009798346611205,0.0014639355300459,0.0234876706264913,0.0100025299936532,0.0,0.0046393336850156,0.0006120890378137,0.0011366678855285,0.0018960820897628,0.0014168553193858,0.0009793549364805,0.0014628650210712,0.0232160797608575,0.0099528357942418,0.0,0.0
f7dc8968-a583-43c7-ba0f-23587449226c,ok,17761280.0,v1.14-1.15,0.0,0.0118081180811808,0.0,True,0.0,0.0,0.2688985362648963,4.0,actuator_motors,none,25022735,17063740,4.9,,B,,0.0,4.0,True,10.001497879543807,20.00151265772078,1.999985558775862,677.829973,674.2459890000001,,True,0.0,0.0,,main,0.0063547228928655,0.0029945322312414,0.0037698693340644,0.0015814817161299,0.0029509043670259,0.0227577639743685,0.0024406492593698,0.0150046504568308,0.0164599204435944,20.278696537017822,0.0063346167755901,0.0029900575504244,0.0037627811853442,0.0015802324908318,0.0029465589951532,0.0225026690714671,0.0024376757122404,0.0148931942141223,0.0163259243306574,3.057706409637716,0.0
840f1d6c-7342-4ee0-bb43-e9a4d63d2e2b,ok,17761023.0,v1.14-1.15,0.0,0.0,0.0,True,0.0,0.0,0.0182292699813842,4.0,actuator_motors,none,19756765,8797449,4.2,,C,,0.0,4.0,True,125.0,250.00000000000003,125.0,85.788,72.41599999999998,,True,0.0,0.0,,main,0.0009140251437202,0.008237225934863,0.0035219297278672,0.0034578980412334,0.006481354124844,0.0156619176268577,0.0174252297729253,0.0940263196825981,0.0317902956157924,0.0,0.0009136076771024,0.0082034851496608,0.003515742256999,0.0034519332582542,0.0064604404664425,0.0155405355386998,0.0172751513818597,0.0898647619211797,0.0312954444883812,0.0,0.0
2dce1242-dd61-4d0c-b724-76683ea2a4c2,ok,17367040.0,v1.12-1.13,0.0,0.0,0.0,True,0.0,0.0,0.1818049103021621,4.0,actuator_motors,none,14613324,8922141,6.6,,B,,0.0,4.0,True,10.002755509943402,20.00288704569337,2.0000364012430647,345.339579,340.58467999999993,,True,0.0,0.0002613873806122,sensor_combined,main,0.1216152813285587,0.0001484292843088,0.0,0.0023166944039985,0.0,6.686769156658551e-05,0.0008739812736166,0.002315998065751,,0.0,0.1147698617850455,0.0001484182697724,0.0,0.0023140150049523,0.0,6.686545602215437e-05,0.0008735995743657,0.0023133202759377,,0.0,0.0
59102137-d76d-4cd3-bee7-7a655235fb62,ok,17760384.0,v1.14-1.15,0.0,0.0,0.0,True,0.0,0.0,0.0959794908761978,4.0,actuator_motors,none,23420386,14189808,9.8,,B,,0.0,4.0,True,10.0017426683271,20.00160728121912,1.9999821420949373,620.599871,613.1849170000006,,True,0.0,0.0,,main,0.0026366442907601,0.1198907122015953,0.243772953748703,0.0076497998088598,0.0070053287781775,0.0577461160719394,0.0188844315707683,0.0,4.811793327331543,0.0002590848016552,0.002633174442035,0.1132311021544894,0.218149464595708,0.0076206884600366,0.0069809054584493,0.0561403387341435,0.0187083342374068,0.0,1.7598891854287613,0.0002590512449838,0.0
9434f26d-e4a0-4115-87c1-3d241b7fb72f,ok,17760256.0,v1.14-1.15,0.0,0.0,0.0,True,0.0011980830670926,0.1997559999999794,0.3767148584127426,4.0,actuator_motors,none,23232389,15288168,9.1,,B,,0.0,4.0,True,10.001968769008862,20.00176629825433,1.9999957029795288,505.046509,500.7512629999997,,True,0.0,0.0,,main,0.0072441447991877,0.0090472563169896,0.0089090899564325,0.0399259384721517,0.0442438349127769,0.0123022953048348,0.0145188965834677,0.0098086115904152,0.0029508883599191,0.0,0.0072180320162685,0.0090065750785125,0.0088696381610929,0.0391494976099682,0.0432930205355144,0.012227237035621,0.0144145066094901,0.0097608194221747,0.0029465430351428,0.0,0.0011869436201780415
066954dd-411e-450c-9f26-c99033c6efcb,ok,17695488.0,v1.14-1.15,0.4897959183673469,0.0,0.0,False,0.00802192326856,0.1958880000000036,0.4867006495925326,4.0,actuator_motors,none,8230155,4897948,3.3,,C,,0.0,4.0,True,10.014352698426528,170.9255072070388,1.9999394102863168,71.642103,69.24870199999998,,True,0.0,0.0,,main,0.1803170546889305,0.0,0.0,0.0,0.0,0.0,0.0,0.0308868762105703,0.0,0.011437177658081,0.1657830928011165,0.0,0.0,0.0,0.0,0.0,0.0,0.0304194766197013,0.0,0.0113722675980922,0.00783798257144248
8997bfed-7424-4ce0-a77f-7824c1087587,ok,17630207.0,v1.12-1.13,0.0,0.0,0.0,True,0.0,0.0,0.1953499999999999,6.0,actuator_outputs,per_channel,2561571,1757515,2.2,,C,,,,False,9.999562932200355,19.99943218737484,2.0000107161068,81.092879,77.402483,True,True,0.0,0.0,,main,0.0020474693272262,0.0013718527858145,0.0,0.011564761120826,0.0,0.0,0.0050305323209613,0.0066147860605269,0.0161737772636115,0.0,0.0020453761186032,0.0013709126554969,0.0,0.0114984004113817,0.0,0.0,0.0050179214684304,0.0065930043646237,0.0160443751443029,0.0,0.0
92da7a00-7889-4e0c-9cb1-ae90ddbcb062,ok,17891583.0,v1.16+,0.0,0.0,0.0,True,0.0,0.0,0.051887822151184,4.0,actuator_motors,none,2897319,2239091,3.0,,C,,0.0,4.0,True,10.01631615843027,20.0157476930022,2.000132890719149,63.828732,57.74249799999998,,True,0.0,0.0,,main,0.0018355618522036,3.350217975821577e-05,4.954279447701991e-05,0.0004630360548617,0.0003995318664237,0.0003670810474432,0.0012051726283971,0.0,0.0076694859191775,0.0,0.0018338792672248,3.350161857272542e-05,4.9541567273310186e-05,0.0004629288867481,0.0003994520748197,0.0003670136896788,0.0012044469908188,0.0,0.0076402249279876,0.0,0.0
6a14fb95-3e37-4a98-bb86-df2b3d2cda0d,ok,17761535.0,v1.14-1.15,0.0,0.0,0.043026706231454,True,0.0524714828897338,4.50057000000001,0.5822725176811142,4.0,actuator_motors,none,5619298,3719823,4.0,,C,,0.0,4.0,True,10.007099683815085,20.00752875345648,1.9999921791350608,134.497733,131.49763400000003,,True,0.0,0.0,,main,0.0317705266177654,0.0,0.0,0.0,0.0,0.0,0.0,0.0724102132022376,4.436062335968018,0.0,0.0312762844056596,0.0,0.0,0.0,0.0,0.0,0.0,0.0699086510215958,1.6930549634726002,0.0,0.0512630014858841
c237b6b8-81f9-4c86-a7ec-d05a50b5556d,ok,17761280.0,v1.14-1.15,0.0,0.0,0.0,True,0.0,0.0,0.1929895281791687,4.0,actuator_motors,none,21548769,13308451,18.1,,C,,0.0,4.0,True,10.001784013656886,20.001837623163137,1.999991245466617,519.811875,514.474003,,True,0.0,0.0,,main,0.0151157842483371,0.0,0.0,0.0,0.0,0.0,0.0,0.0,0.0,0.0001997650877456,0.0150026791389745,0.0,0.0,0.0,0.0,0.0,0.0,0.0,0.0,0.0001997451373573,0.0
7c393f31-7099-4464-b323-22d41414548f,ok,17760512.0,v1.14-1.15,0.0,0.0,0.0,True,0.0,0.0,0.1054011881351471,4.0,actuator_motors,none,12059377,7474408,4.1,,C,,0.0,4.0,True,10.00303980051298,20.003344669092574,2.000026662855449,320.254949,317.13486200000017,,True,0.0,0.0,,main,0.0024947510100901,0.0,0.0,0.0,0.0,0.0,0.0,0.0,0.0,6.376780986785889,0.0024916442847203,0.0,0.0,0.0,0.0,0.0,0.0,0.0,0.0,1.9983373628056111,0.0
c58d1f04-0913-4f4a-a50f-556f432b6e97,ok,17760512.0,v1.14-1.15,0.0,0.0,0.1534622582657517,True,0.0480376766091051,2.401112999999981,0.3961705803871154,4.0,actuator_motors,none,13058420,7988458,6.6,,C,,0.0,4.0,True,10.003200524632277,20.00303507890145,1.999964607825062,319.953199,318.573479,,True,0.0,0.0,,main,0.2552949860692022,0.0587804030627012,0.1262981303036212,0.0371496617794036,0.0542821327224371,0.0563859224319458,0.0638461321592329,45.95213718414296,3.44175939559936,0.0,0.2273705936248575,0.0571176825696594,0.1189362640360608,0.036476240704197,0.0528600924045576,0.0548535753694147,0.0618907678297378,3.849128725047279,1.491050558223893,0.0,0.047737909516380655
98dbc16e-666a-496a-b915-e5ff0c73ce39,ok,17891583.0,v1.16+,0.1232876712328767,0.3150684931506849,0.0,True,0.0,0.0,0.3367630690336227,4.0,actuator_motors,none,3403185,2947012,3.4,,C,,0.0,4.0,True,10.014337981843848,20.014243326670748,2.000009496447969,69.72903,65.100179,,True,0.0,0.0,,main,0.0063066537957638,0.0007584748178487,0.0004221827053697,0.0098573594819754,0.0067177551332861,0.0144971266854554,0.0156585534103214,0.07336799018085,0.0072413333458825,0.0,0.0062868500745766,0.0007581873211875,0.0004220936113264,0.0098090926438538,0.0066952915633275,0.0143930480327579,0.0155372231942576,0.0708013593552986,0.0072152407791653,0.0,0.0
6309d940-5bb8-4044-ad4d-fb031835a2d3,ok,17564416.0,v1.12-1.13,0.0880398671096345,0.0,0.0,True,0.0,0.0,0.8251428571428572,6.0,actuator_outputs,bus,9486336,5709705,7.6,,B,,,,False,10.00323727128914,20.00337163576429,2.0033350394231166,299.481911,76.12364200000002,True,True,0.0,0.0,,main,0.0058674301719292,0.1808252930641174,0.0,0.0,0.0,0.0,0.0,0.0605962257832286,0.0,0.0021758012589998,0.00585028384076,0.1662135949125373,0.0,0.0,0.0,0.0,0.0,0.0588312271469845,0.0,0.0021734376313422,0.0
8a064495-d21a-4064-85b9-69fe2a5acb8b,ok,17695743.0,v1.14-1.15,0.0,0.0,0.0,True,0.0,0.0,0.661024934053421,4.0,actuator_motors,none,15619544,8800333,6.9,,B,,0.0,4.0,True,10.00780406066494,200.00003115507923,1.9998412157322227,128.25957,122.350031,,True,0.0,0.0,,main,0.001336608082056,0.0,0.0,0.0,0.0,0.0,0.0,0.1653032004833221,,0.0011331432731822,0.0013357156166359,0.0,0.0,0.0,0.0,0.0,0.0,0.1529813110820433,,0.0011325017509221,0.0
38c4a482-3a79-4d36-b03c-d3adacd00cc4,ok,17629696.0,v1.12-1.13,,,0.0,True,0.0,0.0,0.2476346716284752,4.0,actuator_motors,none,31610278,16603027,11.7,,B,,0.0,4.0,True,10.0000000405515,19.995945058327976,2.0000032974673654,493.298969,492.1600859999992,,True,0.0,0.0003679760084159,sensor_combined,main,0.0011858508223667,0.0148464832454919,0.0,0.0207615792751312,0.0,0.0,0.0071702080313116,0.0006540988833876,0.0064798110397532,0.0,0.0011851482566508,0.0147373530206151,0.0,0.0205489950426322,0.0,0.0,0.0071446243106439,0.0006538850539516,0.0064589073170529,0.0,0.0
4141b556-a0c2-4201-8fbe-e6eb52f4c8c8,ok,17891583.0,v1.16+,0.0,0.0,0.0,True,0.0049652432969215,0.3007510000000053,0.3991470783948898,4.0,actuator_motors,none,4461944,3307039,4.7,,A,,0.0,4.0,True,10.009391583804913,20.00903911712262,2.0000484262932976,103.435652,100.68886299999996,,True,0.0,0.0,,main,0.0023625713190995,0.0011582123523112,0.0034649503650143,0.0115412733983248,0.0060315765207633,5.754661822319029,0.0068761756643652,0.0479340387508271,0.0495677940547465,0.0071036342997103,0.0023597848354618,0.0011575421418321,0.0034589612551565,0.0114751809437893,0.0060134593765621,1.910232906845708,0.0068526425852818,0.0468206437947811,0.0483784547189608,0.0070785223435464,0.004807692307692308
cfd0376a-e8eb-4eb9-acdc-ab8472c5e5af,ok,17826559.0,v1.16+,0.0,0.0,0.0,True,0.0077021822849807,0.2008480000000005,0.1159007549285888,4.0,actuator_motors,none,3513540,2668245,5.0,,A,,0.0,4.0,True,10.01169885104176,20.01267227982517,1.9997816480838069,82.875257,77.94285399999998,,True,0.0,0.0,,main,0.0039718212792649,0.032785999123007,0.0031160174403339,0.028584353160113,0.034798533655703,0.0021551775280386,0.0566004258580505,0.0014889850572217,0.0,0.0,0.0039639544207516,0.0322600042258442,0.0031111727195369,0.0281834424600822,0.0342067542971356,0.0021528584643481,0.055056608793663,0.0014878776181419,0.0,0.0,0.007220216606498195
99b539dd-d66f-4e36-9fb6-129165e11743,ok,17761535.0,v1.14-1.15,0.0,0.0,0.0,True,0.0,0.0,0.1558020263910293,4.0,actuator_motors,none,5996894,4102110,3.3,,B,,0.0,4.0,True,10.006853768906232,20.00684594899401,2.0000000687285246,145.462125,143.6298839999999,,True,0.0,0.0,,main,0.0023416164214722,0.003610670636408,0.0021630255621857,0.010141472890973,0.0111154693178832,0.0013036847580224,0.0076972219860181,0.3527666568756102,0.0066715307766571,0.0,0.0023388791100623,0.0036041678135193,0.0021606895902991,0.0100903932132579,0.0110541464916855,0.001302835698905,0.0076677495136956,0.3021518708085399,0.0066493746043364,0.0,0.0
e0d51863-a3f0-45d6-aa17-7329f62a518c,ok,17761535.0,v1.14-1.15,0.0,0.0,0.0,True,0.0014847809948032,0.198447999999999,0.3223179936408996,4.0,actuator_motors,none,5890448,4145438,3.3,,B,,0.0,4.0,True,10.00729041906263,20.006481552886537,1.9999618202234464,138.89361,134.76649999999998,,True,0.0,0.0003355347940417,sensor_combined,main,0.0,0.0043373089283704,0.0015762293129228,0.0281098823994398,0.0133738545700907,0.0013843328633811,0.0112473994493484,1.0455882966518386,0.1001821681857109,0.0,0.0,0.0043279299140091,0.001574988367338,0.0277220508143169,0.0132852140131088,0.0013833755580271,0.0111846177673303,0.7156854237484377,0.0954757735344816,0.0,0.0014378145219266715
4024baba-79e4-46b2-b545-24ab667640fe,ok,17760767.0,v1.14-1.15,0.0,0.0,0.0,True,0.0,0.0,0.0762804448604582,4.0,actuator_motors,none,2827619,2263927,3.6,,B,,0.0,4.0,True,10.01413563664673,20.01431171023071,1.999871724763229,63.882565,60.16423099999999,,True,0.0,0.0,,main,0.0013750972575508,0.0008036019542487,7.176065882958933e-05,0.0027091378346085,0.0028517852886579,0.0013830445532221,0.0052124570822343,0.0,0.0652262749150393,0.0,0.0013741526771444,0.0008032792390763,7.175808415668424e-05,0.0027054747351078,0.0028477266633792,0.0013820890280251,0.0051989192510156,0.0,0.0631872413029157,0.0,0.0
3acd88c0-8496-420b-ba54-ff67e7e7122a,ok,17694720.0,v1.14-1.15,0.0,0.0,0.0,False,0.0,0.0,0.2361082911491393,4.0,actuator_motors,none,5759663,3628924,4.2,,B,,0.0,4.0,True,10.005569082146016,20.005274373863816,2.00004378919402,170.523749,164.96643,,True,0.0,0.0,,main,0.0104943122714757,0.0022170934826135,0.0,0.0093324100598692,0.0,0.153287400305271,0.0036734445020556,0.0220412593334913,0.0219629756174981,0.0,0.0104396292177668,0.0022146393575385,0.0,0.0092891321707454,0.0,0.1426164732835245,0.0036667138828023,0.0218018621344187,0.0217252637451464,0.0,0.0
300a0a1c-3cbe-4beb-8a5b-b4241b911d4f,ok,17760511.0,v1.14-1.15,0.0093023255813953,0.0,0.0,True,0.0,0.0,0.2064401060342788,4.0,actuator_motors,none,26474567,15121268,6.4,,C,,0.0,4.0,True,10.004489325821012,200.0709219265912,2.0000441428182443,211.740775,207.0965779999999,,True,0.0,0.0,,main,0.0040735201677307,0.0017682852922007,0.0065833119908347,0.0017823533329647,0.0018045890959911,0.24403453245759,0.0025625672540627,0.0241535734385251,0.0853489249944685,0.0013215015816967,0.0040652458472485,0.0017667237163667,0.006561736632228,0.001780766826127,0.0018029627813475,0.2183597531419893,0.0025592894770853,0.0238664894333905,0.0819015251501415,0.0013206291669951,0.0
f6ddeab3-8832-4f84-9bfb-d85af6465844,ok,17761280.0,v1.14-1.15,0.0102915951972555,0.0,0.0,True,0.0,0.0,0.0678103566169738,4.0,actuator_motors,none,23971689,13291177,6.2,,B,,0.0,4.0,True,10.001663153274214,20.00163518293077,1.999991527028184,584.076232,430.04904299999976,,True,0.0,0.0,,main,0.002347245987039,0.0005918160022702,0.0005616767826722,0.0054428340634331,0.0069088956573978,0.0001976956053113,0.0043394773034378,0.0116193893365561,0.0029139532125554,0.0,0.0023444955083696,0.000591640948243,0.0005615191013093,0.0054280753706363,0.0068851385983881,0.0001976760661102,0.0043300889224492,0.0115524026293519,0.0029097158804887,0.0,0.0
259e9890-d6a1-4b3f-b481-4109280e982b,ok,17695743.0,v1.14-1.15,0.0,0.0,0.0,True,0.007168458781362,0.3001300000000029,0.27494637966156,4.0,actuator_motors,none,4387186,2698050,3.2,,B,,0.0,4.0,True,9.992465907807013,19.98564084560417,2.000044741214389,140.849836,139.57560499999997,,True,0.0,0.0006389328150667,sensor_combined,main,221.9136566162109,0.0,0.0,0.0,0.0,0.0,0.0,0.0271746404469013,,0.0,4.8139006326259866,0.0,0.0,0.0,0.0,0.0,0.0,0.0268119656103522,,0.0,0.007102272727272727
31b22693-3830-4550-ba5e-52ec4ab4263e,ok,17825984.0,v1.16+,0.0,0.0,0.0,True,0.0,0.0,0.2873826816678047,4.0,actuator_motors,none,5780814,4000999,3.6,,C,,0.0,4.0,True,10.003262023618204,20.00576226142385,2.0000004604317607,139.315859,137.82012700000004,,True,0.0,0.0,,main,0.0035155101446434,0.0002095157804433,0.0006846935895737,0.0024212628602981,0.0036769547034054,0.0016381227294914,0.0027852185536175,0.0,0.0,0.0,0.003509345183286,0.0002094938350773,0.0006844592938589,0.0024183363263654,0.0036702112307005,0.0016367824699264,0.0027813470194682,0.0,0.0,0.0,0.0
8d49233c-67a8-431e-88f3-21e236d5f8a8,ok,17891392.0,v1.16+,0.0,0.0,0.0,True,0.0,0.0,0.5485321179148741,4.0,actuator_motors,none,7718365,5565546,5.0,,A,,0.0,4.0,True,9.999454687426192,19.988378249885127,1.999878674027109,89.132949,78.78650700000001,,True,0.0,0.0010629403817176,sensor_combined,main,0.0004269591256161,0.0,0.0,0.0,0.0,0.0,0.0,0.1178597938269376,0.0113124576862901,0.0028407986741513,0.0004268680045043,0.0,0.0,0.0,0.0,0.0,0.0,0.1114159588426684,0.0112489503374984,0.0028367712312311,0.0
ab1ad8f4-27f3-4319-9fd9-acada91b73d2,ok,17695488.0,v1.14-1.15,0.0039285714285714,0.0,0.0,True,0.1051132317333713,0.8013390000000982,0.7969160772860047,4.0,actuator_motors,none,47081457,29300101,18.9,,B,,0.0,4.0,True,9.97601008949631,19.9547254291724,1.9943392219916585,1413.672657,1407.7815739999994,,True,0.0,0.0023516141176762,sensor_combined,main,0.0026999685447662,0.0019615277065895,0.0,0.0030357561423443,0.0,0.0060528232948854,0.0072503878967836,0.0018158581049647,0.1476529939100134,0.0,0.0026963301772087,0.0019596064231411,0.0,0.003031157539141,0.0,0.0060345785444507,0.0072242301940194,0.001814211427756,0.1377189820913273,0.0,0.10463632496809869
e16f2346-c965-46e2-b502-018b5862fdef,ok,16777728.0,v1.12-1.13,0.0,0.0,0.0,True,0.0,0.0,0.3052865147590637,4.0,actuator_motors,none,50996037,23468046,14.3,,B,,0.0,4.0,True,10.003445128491247,200.0000063089273,1.99999986851212,289.531424,56.339964,,True,0.0,0.0,,main,0.0005511599010787,0.0005714856379199,0.0002087430213578,0.0014315468608401,0.0009677747846581,0.0009922031778842,0.0017298347665928,0.0435058511793613,0.0059489340521395,0.0054688242729753,0.0005510080682473,0.000571322402191,0.0002087212375647,0.0014305231744862,0.0009673067925574,0.0009917112696661,0.0017283403256087,0.042586054782801,0.005931309009562,0.0054539245514652,0.0
4b38c44f-7a8a-4a2d-a522-04850d28b3d3,ok,17498367.0,v1.12-1.13,0.0,0.0,0.0,True,0.0,0.0,0.4388571428571428,6.0,actuator_outputs,global,6447823,3456804,4.2,,C,,,,False,10.013924537137502,200.152446717756,5.013965013000315,71.184274,68.41741800000003,True,True,0.0,0.0,,main,0.0027858923422172,8.745253308006793e-06,0.07989167496562,0.0,0.0022674107924103,0.0,0.0,0.3075685769319531,0.1997919037938116,0.0,0.002782018936406,8.745215068502024e-06,0.0768607351478916,0.0,0.0022648440956645,0.0,0.0,0.2681693644778768,0.1821481282509371,0.0,0.0
f0dbd745-8dfa-4c4d-8c37-d17a8a76d5a0,ok,17629696.0,v1.12-1.13,0.0,0.0,0.0,True,0.0,0.0,0.1860557687468826,4.0,actuator_motors,none,18501068,11752027,6.7,,C,,0.0,4.0,True,10.005480429972463,157.65700370476046,2.000021101040064,183.799735,178.32297900000006,,True,0.0,0.0,,main,0.0039415507926605,0.0008890536642866,0.0,0.0109955941792577,0.0,0.0,0.0138670664746314,0.0032328366651199,0.0005210846997215,0.0,0.0039338032329288,0.0008886586901624,0.0,0.0109355821448206,0.0,0.0,0.0137717984236265,0.0032276222838079,0.0005209489822341,0.0,0.0
6cdcccc0-5465-438b-9ff4-4bd90c435542,ok,17761023.0,v1.14-1.15,0.0,0.0,0.0,True,0.0,0.0,0.2735409945249558,4.0,actuator_motors,none,40770317,25930723,17.5,,B,,0.0,4.0,True,9.9662402651368,19.932469132333924,1.9910488843733616,1006.406734,997.4125250000002,,True,0.0,0.0036289173503112,vehicle_attitude,main,0.0032180429901927,9.068361068784724e-05,3.4801337460521584e-05,0.0025157984578981,0.0017350444046314,0.0596591925248503,0.0034332563285715,0.0071948926663026,0.0037524822750128,0.0001675714047451,0.0032128761715781,9.067949917778604e-05,3.4800731908026386e-05,0.0025126391346619,0.001733540953873,0.0579473399404787,0.003427376158972,0.0071691329113774,0.0037454592770345,0.0001675573662255,0.0
03d818ef-e11e-434a-ac0d-8b7706e0a99b,ok,17694975.0,v1.14-1.15,0.0,0.0,0.0,True,0.0033641481893375,0.3289390000000196,0.5013817653059962,4.0,actuator_motors,none,26824178,17059155,11.3,,A,,0.0,4.0,True,10.003773359274474,137.27734460953255,2.000023976804074,255.916127,253.07010799999983,,True,0.0,0.0,,main,0.0040818887297064,0.0076359538827091,0.0,0.0112161443568766,0.0,0.0003660241083707,0.0030723818112164,0.0113059929572045,0.012791849579662,3.852330701192841e-05,0.0040735804232865,0.0076069475539388,0.0,0.0111537098258052,0.0,0.0003659571378881,0.0030676716912779,0.0112425579019072,0.0127107249619481,3.852256500839307e-05,0.0033231715690313366
d72a3ae8-a86d-4c13-b8ca-bc359a616fb1,ok,17761535.0,v1.14-1.15,0.0,0.0,0.0,True,0.0055658627087198,0.1019160000000027,0.3603928253054617,4.0,actuator_motors,none,2608118,1947997,3.9,,B,,0.0,4.0,True,10.01600018903344,20.015487994510643,1.999698212211474,60.69073,53.878312,,True,0.0,0.0,,main,0.1561082899570465,0.0,0.0,0.0,0.0,0.0,0.0,1.8757396936416624,0.8734550476074219,0.0073948670178651,0.1450594422962538,0.0,0.0,0.0,0.0,0.0,0.0,1.0563099259021955,0.6277843451593306,0.0073676590393476,0.004934210526315789
af15e570-dc0e-42af-b7a0-6323e3307288,ok,17761535.0,v1.14-1.15,0.0,0.0,0.0,True,7.578092240538751e-05,0.0037169999999377,0.6251823529601094,4.0,actuator_motors,none,77498339,46165509,16.5,,C,,0.0,4.0,True,10.001431488922265,202.4292968869429,2.000010114828773,697.49278,692.7916110000003,,True,0.0,0.0,,main,0.0147377416491508,0.0007815995602868,0.0014161624712869,0.002583900722675,0.0038749020779505,0.0016584626282565,0.0069826346356421,1.757321321964263,0.6237927138805379,0.0,0.0146301964955384,0.0007812942704164,0.0014151606589222,0.0025805681905896,0.0038674139824182,0.0016570888977559,0.0069583689359391,1.0142596729343156,0.4847645943567837,0.0,7.524190271723592e-05
3351f2a6-01ff-4ebf-903d-49f04b1aedbb,ok,17891583.0,v1.16+,0.0,0.0,0.0,True,0.0,0.0,0.2862223386764526,4.0,actuator_motors,none,3737300,2643143,3.8,,B,,0.0,4.0,True,10.009163925288233,20.00906589255544,2.0001662995409046,108.841263,101.095068,,True,0.0,0.0,,main,0.000945154641522,0.0,0.0,0.0,0.0,0.0,0.0,0.0001402970214257,0.0159027900546789,0.0,0.0009447082641154,0.0,0.0,0.0,0.0,0.0,0.0,0.0001402871807189,0.0157776654987145,0.0,0.0
06c2f090-75d0-4d2a-8205-486925a060f0,ok,17761535.0,v1.14-1.15,0.0,0.0,0.0425963488843813,True,0.0469023185100722,4.007798999999992,0.514623750909231,4.0,actuator_motors,none,13849716,7131899,8.7,,C,,0.0,4.0,True,10.010444739338851,200.05481115344529,1.9998722953342487,98.112495,93.750262,,True,0.0,0.0,,main,0.0168166635558009,0.0,0.0,0.0,0.0,0.0,0.0,0.0005742889188695,1.3497354388237,0.0,0.0166768289923,0.0,0.0,0.0,0.0,0.0,0.0,0.0005741240780961,0.8543027425945936,0.0,0.04470204673066473
c351d264-e188-4fb5-8970-991505ee6adb,ok,17826559.0,v1.16+,0.0,0.0,0.0,True,0.0,0.0,0.1115431874990462,4.0,actuator_motors,none,23159054,10906236,9.5,,C,,0.0,4.0,True,9.8790486193921,181.9657498703594,1.982760814671736,175.451713,164.45494,,True,0.0,0.015371218291527,sensor_combined,main,0.0005873375426745,0.0,0.0,0.0,0.0,0.0,0.0,0.085088164359331,0.0390621304512023,0.0,0.0005871651274872,0.0,0.0,0.0,0.0,0.0,0.0,0.0816612411652509,0.0383185086460876,0.0,0.0
e9aadc60-346f-4cd0-a1f8-3828c5a94510,ok,17760511.0,v1.14-1.15,0.0198412698412698,0.0,0.0,True,0.0,0.0,0.093669518828392,4.0,actuator_motors,none,54116569,33034444,20.2,,C,,0.0,4.0,True,10.001992174353918,218.5905733456756,2.000019745721784,503.456757,498.7816920000004,,True,0.0,0.0,,main,0.0030410521896556,0.0002690386609174,0.0003018057730514,0.0006366884161252,0.0007079831033479,0.0001478001489886,0.0011495811399072,0.0264531070366501,0.0020677510183304,0.0,0.0030364375436646,0.0002690024765067,0.0003017602388505,0.0006364858160464,0.0007077326015376,0.0001477892276226,0.0011489208774769,0.0261092740531068,0.0020656161635856,0.0,0.0
033f91af-7aa2-424f-8c64-25ce517f6a7c,ok,17760511.0,v1.14-1.15,0.0,0.0,0.0,True,0.0004991608594999,0.0391230000000177,0.3174541145563124,4.0,actuator_motors,none,199596198,50158508,40.1,,A,,0.0,4.0,True,10.002273102172111,191.63570609540463,2.000024737821981,391.361754,385.742158,,True,0.0,0.0,,main,0.0172648976556956,0.0004344185086665,0.0004667617584345,0.0006899446918396,0.0007072869688272,0.0176623415201901,0.0039120640256442,0.0,0.0,0.0,0.0171175528213711,0.000434324176265,0.0004666528590503,0.0006897067894207,0.0007070369592777,0.0175081750135524,0.0039044318018635,0.0,0.0,0.0,0.0004919887191248024
d10bfbec-5372-4d3d-87a8-fee2a8edb574,ok,17761535.0,v1.14-1.15,0.0,0.0,0.1346324180690876,True,0.0489130434782608,0.5014589999999828,0.8078448386653677,4.0,actuator_motors,none,9457158,6058452,4.1,,B,,0.0,4.0,True,10.004305267369206,20.004266630633555,1.999995288899986,225.057438,220.726498,,True,0.0,0.0,,main,0.0073113229591399,0.0026605353923514,0.0027192252455279,0.0200433153659105,0.0161655684933066,0.0057690944522619,0.1869118511676788,0.0180672220885753,0.0022028593812137,0.0,0.0072847248038857,0.0026570024330525,0.0027155348410734,0.019845092439533,0.0160362969950291,0.0057525169544047,0.1713548510061901,0.0179059494340467,0.0022004366438011,0.0,0.047872340425531915
6dcb9bd9-9cc6-47bf-a857-496aeeae01ab,ok,17825984.0,v1.16+,0.0,0.0,0.0,False,0.0051020408163265,0.1020010000000013,0.1742876976728437,4.0,actuator_motors,none,3306613,2201672,3.3,,B,,0.0,4.0,True,10.014284706394976,20.01433107222871,2.0000147087695903,64.105772,58.725096,,True,0.0,0.0,,main,0.0019080147147178,0.0,0.0,0.0,0.0,0.0,0.0,5.789563822746269,2.3421363472938523,0.0587919987738131,0.0019061967667223,0.0,0.0,0.0,0.0,0.0,0.0,1.915386701325546,1.2066102274540431,0.0571286344607041,0.004665629860031105
85320381-9d0e-41bc-992e-5afea57a9d82,ok,17761535.0,v1.14-1.15,0.0,0.0,0.0,True,0.0,0.0,0.3201425194740295,4.0,actuator_motors,none,3268163,2460895,3.8,,B,,0.0,4.0,True,10.0127521414744,20.01253850189387,2.0002773956116844,83.924739,78.25036400000002,,True,0.0,0.0,,main,0.0060537084937095,0.0,0.0,0.0,0.0,0.0,0.0,0.000115246194764,0.0690258339047431,0.0,0.0060354584171712,0.0,0.0,0.0,0.0,0.0,0.0,0.0001152395544314,0.0667477981725542,0.0,0.0
b3240c58-47ab-4d39-9c3a-80d5527a6a22,ok,17826047.0,v1.16+,0.0,0.0,0.0,True,0.0048250904704463,0.199276999999995,0.3845280945301055,4.0,actuator_motors,none,4166490,3204105,2.8,,C,,0.0,4.0,True,10.011476761949252,20.01058768815922,2.0000652821308087,87.809605,82.91333000000002,,True,0.0,0.0,,main,0.0015110489621292,0.006033188314177,0.0116550792008638,0.0568166365846991,0.0998390559107065,0.0143486522138118,0.0119375761132687,1.2585427165031433,0.319737546145916,0.0,0.0015099084763882,0.0060150615053224,0.0115876819400597,0.0552612165175667,0.0951638562911131,0.014246684545249,0.0118668852802164,0.814719789594561,0.2774328881519011,0.0,0.004530011325028313
28b9796b-921a-4209-81a6-6dd4b720ccdd,ok,17761280.0,v1.14-1.15,0.0,0.0,0.0,True,0.0004737091425864,0.1005540000000166,0.3294323682785034,4.0,actuator_motors,none,9049986,6261087,3.8,,B,,0.0,4.0,True,10.004398250368927,20.00429410777385,1.9999832611100727,217.074734,211.135044,,True,0.0,0.0,,main,0.0055312126874923,0.0356303608044981,0.05907365642488,0.094854077324271,0.1145243346691128,0.0160790488589554,0.0350640764459967,0.0879667744040489,0.0258101943880319,8.637664699554442,0.0055159717055084,0.0350102855807043,0.0573946170097256,0.0906210916706385,0.1084277082120661,0.0159511501247511,0.0344633344106702,0.0843106097358769,0.0254827339115925,2.2656788281913567,0.0004601932811780948
17cc210c-2851-4836-bdf8-a17d3c2dba6e,ok,17694720.0,v1.14-1.15,0.0,0.0,0.0,True,0.0,0.0,0.2831204459071159,4.0,actuator_motors,none,19131816,11932789,5.4,,A,,0.0,4.0,True,10.002233230269006,219.8999261343895,2.0000339764808053,165.857297,163.22289400000005,,True,0.0,0.0004068723090989,vehicle_attitude,main,0.0015364127699285,0.0025334252044558,0.0,0.0080859795212745,0.0,0.0012599756708368,0.0024086717516183,0.0464768081903457,0.1375747989863155,0.0,0.001535233695371,0.0025302214925913,0.0,0.0080534631557038,0.0,0.0012591825676151,0.002405775551546,0.0454291013495566,0.1288986270316556,0.0,0.0
540ebbb8-d12f-4ef0-9f39-45d64b8ca1c9,ok,17761535.0,v1.14-1.15,0.0,0.0,0.0,True,0.0,0.0,0.1666185975074767,4.0,actuator_motors,none,3231931,2557881,2.6,,C,,0.0,4.0,True,10.011765785326306,19.99868923623751,2.000262850330082,76.092481,74.71989000000005,,True,0.0,0.0008496046898482,sensor_combined,main,0.0018344782525673,9.770501201273876e-05,9.143459174083546e-05,0.0026430229190737,0.0016927483491599,0.0701137587428093,0.0016454096185043,0.0240596257150173,0.001545483386144,0.0002340385777642,0.0018327976523734,9.770023918893589e-05,9.143041185334098e-05,0.0026395362761651,0.0016913172654219,0.0677649594046723,0.0016440574151803,0.0237747531594396,0.0015442903557431,0.0002340111950085,0.0
39a8c4db-ab5c-4e7a-8ad0-b702db7b34ae,ok,17695743.0,v1.14-1.15,0.8874172185430463,0.5529801324503312,0.0,True,0.0,0.0,0.1575411409139633,4.0,actuator_motors,none,2921028,2048842,2.4,,C,,0.0,4.0,True,10.01316057688402,20.01285371625437,1.9999349408919227,74.391616,68.61163500000002,,True,0.0,0.0,,main,0.0217043261975049,0.0,0.0,0.0,0.0,0.0,0.0,3.488499096420129e-05,,0.0,0.0214721409191908,0.0,0.0,0.0,0.0,0.0,0.0,3.488438249705488e-05,,0.0,0.0
2cbe4277-b720-4489-91c4-d3574c68c942,ok,17826559.0,v1.16+,0.0,0.0,0.0,True,0.0,0.0,0.2508441805839538,4.0,actuator_motors,none,2489011,1917151,3.0,,C,,0.0,4.0,True,10.015568766187528,20.01402287878066,1.9999499225137511,63.91187,59.54972500000001,,True,0.0,0.0,,main,0.0023808648111298,0.0025012711528688,0.0097922380082309,0.0049028672510758,0.0067375496029853,0.0038587801740504,0.0048181459540501,0.1143235124647617,0.1143235124647617,0.0,0.0023780350431453,0.0024981481806948,0.0097446047506589,0.0048908873387579,0.0067149537526528,0.0038513541792252,0.0048065758382867,0.1082475055076484,0.1082475055076484,0.0,0.0
885401e3-bde7-4075-82ea-86fc97fb4260,ok,17826047.0,v1.16+,0.0,0.0,0.0,True,0.0,0.0,0.2203841373324394,4.0,actuator_motors,none,8241990,5454188,5.1,,C,,0.0,4.0,True,10.004725673306664,20.00493520719896,1.999953177566784,213.148253,210.27872900000008,,True,0.0,0.0,,main,0.0057294566649943,0.0,0.0,0.0,0.0,0.0,0.0,0.000967280138866,0.0,0.0137595210690051,0.005713105752989,0.0,0.0,0.0,0.0,0.0,0.0,0.0009668126248861,0.0,0.0136657183333497,0.0
d33bb979-7945-47db-acd2-72e17522c265,ok,17760384.0,v1.14-1.15,0.0,0.0,0.0,True,0.0,0.0,0.1823353126645088,4.0,actuator_motors,none,53116192,33106580,26.4,,B,,0.0,4.0,True,10.000813846429326,20.00073179004514,1.999999641839706,1228.798363,1225.449915,,True,0.0,0.0,,main,0.0007986799173522,0.0,0.0,0.0,0.0,0.0,0.0,2.2334996174322444e-06,0.0591179385781288,0.0,0.0007983611422685,0.0,0.0,0.0,0.0,0.0,0.0,2.233497123175688e-06,0.0574364282919153,0.0,0.0
19e54610-346c-4200-bcef-b64726a8a1fd,ok,17630207.0,v1.12-1.13,0.0,0.0,0.0,True,0.0,0.0,0.3596499999999999,6.0,actuator_outputs,per_channel,3243352,2156251,10.0,,C,,,,False,10.012612398850784,20.012435634422133,2.0001207345607046,76.999695,75.01515600000003,True,True,0.0,0.0,,main,1.8667196854949e-05,0.0002084957232,0.0,0.0,0.0,0.0,0.0,0.960031163692462,0.0,0.0,1.866702262499804e-05,0.0002084739909873,0.0,0.0,0.0,0.0,0.0,0.6729603729591175,0.0,0.0,0.0
363a2041-40ea-4c87-b89f-d10226fdc10b,ok,17694720.0,v1.14-1.15,0.0,0.0,0.0,True,0.0015483722975168,0.2103340000000173,0.5112167596817015,4.0,actuator_motors,none,21595491,13395892,6.8,,C,,0.0,4.0,True,10.005079793634604,219.8026766088809,2.000080378565348,187.085706,183.094133,,True,0.0,0.0,,main,0.0021857498795725,0.0041050512343645,0.0,0.0071856294060125,0.0,0.0013384449877776,0.002288192033302,0.0163927722722291,0.0211054427549242,0.0,0.0021833646034168,0.0040966484994682,0.0,0.0071599357808564,0.0,0.0013375500687292,0.002285578108593,0.0162598613329495,0.0208858078510411,0.0,0.0021668067619314466
042c232c-8f12-4921-961d-1d763026ddb6,ok,17694975.0,v1.14-1.15,0.0,0.0,0.0,True,0.0,0.0,0.194827064871788,4.0,actuator_motors,none,37301202,24165200,13.8,,C,,0.0,4.0,True,10.000987462194615,20.001026405711865,1.9999848292817428,960.635843,956.417871,,True,0.0,0.0,,main,0.003299803007394,0.0011190300574526,0.0,0.0082328198477625,0.0,0.0002990484063047,0.0008079314720816,0.0068294703960418,0.0104727087076753,0.0,0.0032943706047421,0.0011184044100198,0.0,0.0081991150504275,0.0,0.0002990037002426,0.0008076052711366,0.0068062552014821,0.0104182497854683,0.0,0.0
5f61ecd0-0991-454b-8431-01e9e1480125,ok,17891392.0,v1.16+,0.0,0.8406072106261859,0.0,True,0.0012150668286755,0.1013290000000002,0.1683597281575203,4.0,actuator_motors,none,3909742,2907731,2.7,,B,,0.0,4.0,True,10.010141060208456,20.00994674217776,2.00006782150884,88.847428,82.27464799999998,,True,0.0,0.0,,main,0.0273878897540271,0.0018854204914532,0.0030883882427588,0.0402436792850494,0.057291947491467,0.0974907413125038,0.1132576383650302,0.0061780414311215,0.0047542036976665,0.0,0.0270195517069124,0.0018836453171881,0.0030836289682636,0.0394549927125372,0.0557108726216634,0.093026429769877,0.1072905265166211,0.0061590355723124,0.0047429381629213,0.0,0.001122334455667789
932ea85a-8e9a-4b86-b823-676417a8bab3,ok,17629952.0,v1.12-1.13,0.0,0.0,0.0,True,0.0,0.0,0.2033452548086643,4.0,actuator_motors,none,202423079,94620988,49.7,,B,,0.0,4.0,True,9.898742401433616,200.4025111885899,1.9782572134989924,1471.462111,1465.125055999999,,True,0.0,0.0102292797140498,vehicle_attitude,main,0.0046022814000025,0.0184146256186068,0.0,0.0017200051050167,0.0,0.0,0.0008840734953992,0.0007090787257766,0.0,0.0002799693320412,0.0045917232848445,0.0182471295273458,0.0,0.0017185275902154,0.0,0.0,0.0008836829326004,0.0007088274482336,0.0,0.0002799301479411,0.0
ed6d8677-f09b-4100-9ed1-f9489205d005,ok,17630207.0,v1.12-1.13,0.0,0.0,0.0,True,0.0,0.0,0.193,6.0,actuator_outputs,per_channel,14566499,8902048,3.6,,C,,,,False,10.0027271766675,20.00283868285463,1.999964656647809,344.893483,336.0523940000002,True,True,0.0,0.0,,main,0.0008914144331356,0.0010264944226946,0.0,0.0045414016814902,0.0,0.0,0.0012656045437324,0.0050620525376871,0.0,0.0,0.0008910173592438,0.0010259679375532,0.0,0.0045311206320391,0.0,0.0,0.0012648043413904,0.005049283423562,0.0,0.0,0.0
2adea738-c41f-44be-bfe9-63a98bfe8ce9,ok,17826047.0,v1.16+,0.0,0.0,0.0,True,0.0,0.0,0.1244772411882877,4.0,actuator_motors,none,10076165,6499385,7.3,,A,,0.0,4.0,True,10.004850194245162,20.004847320930097,1.999999747572848,205.84652,202.5602199999999,,True,0.0,0.0,,main,0.0117962900549173,6447837388.799986,1123882470.3999977,0.2470740795135497,0.018919039517641,0.0,0.0287966217845678,0.024103470891714,0.0157199390232563,0.0,0.0117272561906973,22.587010623129267,20.84005502013945,0.2208000711191072,0.0187423001692221,0.0,0.0283897908494112,0.0238175673052232,0.0155976605900282,0.0,0.0
7f2afbf9-cdbf-4f37-9c9a-efe955698f8c,ok,17761280.0,v1.14-1.15,0.0,0.0616740088105726,0.0,True,0.0,0.0,0.0596705615520477,4.0,actuator_motors,none,12443434,7789678,8.2,,C,,0.0,4.0,True,10.00895165542062,200.0000053669665,2.000002432435391,111.409194,104.180239,,True,0.0,0.0,,main,0.0099837666377425,0.0,0.0,0.0,0.0,0.0,0.0,0.0009918825817294,0.0,8.256306682596894e-05,0.0099342580881033,0.0,0.0,0.0,0.0,0.0,0.0,0.0009913909912412,0.0,8.255965868355692e-05,0.0
b0e71720-0c40-4c62-882d-7a416dbc1d31,ok,17891583.0,v1.16+,0.0,0.0,0.0333988212180746,True,0.1042311661506708,10.000022,1.0,4.0,actuator_motors,none,4539638,3203425,2.7,,B,,0.0,4.0,True,10.00964811737848,20.00928647741962,2.000009722819544,101.191662,96.913186,,True,0.0,0.0,,main,0.0359381370246409,706227313049.5986,6219137338572.789,0.0603453699499367,0.0562039148062467,0.1467160508036613,0.0529067408293484,0.0227480031549929,0.0163925383239984,0.0,0.0353074287577027,26.88702770185574,29.45865232151345,0.0585946757634233,0.054681267784723,0.136902249351149,0.0515546640154142,0.0224931253981785,0.016259631157899,0.0,0.12893700787401574
c17d8e82-d384-458c-83d0-6ec1311a3d6f,ok,17694975.0,v1.14-1.15,0.0,0.0,0.0,True,0.0,0.0,0.2780064046382904,4.0,actuator_motors,none,10132300,5611127,11.8,,A,,0.0,4.0,True,10.004472977499624,20.004106521582145,2.000064696598252,227.81547,220.86187400000009,,True,0.0,0.0,,main,0.0072837678017094,0.0109052706975489,0.0,0.0775269418954849,0.0,0.016224009450525,0.0519184805452823,0.0303752026520669,0.0600754536688327,0.0,0.0072573692746693,0.0108462370306877,0.0,0.0746685467625053,0.0,0.0160938065964055,0.0506156213370474,0.0299230103292086,0.058340088297053,0.0,0.0
d0cf4466-adac-410d-9bc5-ed06e6a9772a,ok,17760256.0,v1.14-1.15,0.0,0.0,0.0,True,0.0932489451476793,1.7007709999999747,0.3229029595851898,4.0,actuator_motors,none,18703947,11289837,4.6,,C,,0.0,4.0,True,10.001988783082924,20.00189114486198,2.0000072050468765,478.773935,474.0066189999996,,True,0.0,0.0,,main,0.0279878351837396,0.0007657060050405,0.000833320710808,0.0008433831506408,0.001657992741093,0.0202397786080836,0.0026101836934685,0.0,0.0092755254358053,0.0,0.0276033334841046,0.0007654130017574,0.0008329736918764,0.0008430277029097,0.0016566197884823,0.0200376767366441,0.0026067830802098,0.0,0.0092327719206159,0.0,0.09229484234704531
eb3bc893-2ef2-4464-80c8-fbd8d5721b7b,ok,17825856.0,v1.16+,0.0652173913043478,0.0,0.0,False,0.008867939602141,0.7947489999999959,0.272596026957035,4.0,actuator_motors,none,8550641,5305164,3.8,,A,,0.0,4.0,True,10.010668169726554,130.4545178754606,1.999929035485104,91.656879,89.37040299999998,,True,0.0,0.0,,main,0.0669312819838523,0.0432461887598038,0.0247524818405509,0.069489823281765,0.1556483909487725,0.0025934843113645,0.0835332199931145,0.4027570813894272,0.1666398972272874,0.0,0.0647865672314566,0.0423371872451847,0.0244511022979386,0.0671817340969823,0.1446615639052106,0.0025901270343718,0.0802272014163941,0.3384396438553624,0.1541277343302587,0.0,0.008724357462862532
1e915e50-437e-473b-b16f-455fd227b7e3,ok,17761535.0,v1.14-1.15,0.0,0.0,0.0,True,0.0,0.0,0.1823890805244445,4.0,actuator_motors,none,7759143,5078390,3.5,,C,,0.0,4.0,True,10.005011139831112,20.00458369288468,1.999975051655957,205.210355,199.67455099999995,,True,0.0,0.0,,main,0.0044918193249031,0.0,0.0,0.0,0.0,0.0,0.0,5.39161663055419,0.774563884735106,0.0,0.0044817612127137,0.0,0.0,0.0,0.0,0.0,0.0,1.8549872302188488,0.5735546939977131,0.0,0.0
cfcf4d80-63cb-4cab-8b87-84ed9a5acf69,ok,17695744.0,v1.14-1.15,0.8818181818181818,0.0,0.0,False,0.0316122233930453,2.601485000000004,0.5205353140275212,4.0,actuator_motors,none,2983110,2053443,2.4,,B,,0.0,4.0,True,10.018001547340448,20.021024487883903,2.014943891418704,108.729974,94.22134800000002,,True,0.0,0.0,,main,0.0003150192147586,0.4518693968653678,0.0,0.8470058977603907,0.0,7876.340063476562,0.0072236909996718,0.0,0.0,0.0,0.0003149696066238,0.3728519652947059,0.0,0.6135658943686862,0.0,8.971745570470903,0.007197725115207,0.0,0.0,0.0,0.027522935779816515
dd18f29b-0e39-45d4-b9ef-36ed3559123a,ok,17760384.0,v1.14-1.15,0.0,0.0,0.0,True,0.0,0.0,0.4175863392489353,4.0,actuator_motors,none,2712517,2147429,2.5,,C,,0.0,4.0,True,10.013614616278566,20.007803321955777,1.9998129470735,71.67873,65.98471999999998,,True,0.0,0.001657210964957,sensor_combined,main,0.0075358018279075,0.0011189474491402,0.0013071635039523,0.0181221660226583,0.0277338873594999,0.0010054455720819,0.0325715873390436,0.5079691380262378,0.3065572649240495,0.0,0.0075075495203962,0.0011183218940419,0.0013063099095166,0.0179599168443643,0.0273562690855076,0.001004940450236,0.032052377434107,0.4107638038765008,0.2673956358056275,0.0,0.0
e4db7730-7076-41a9-8450-365c78d08231,ok,17891583.0,v1.16+,0.0,0.0,0.0,True,0.0362068965517241,0.1999289999999973,0.6835150912404057,4.0,actuator_motors,none,10408081,7153386,8.3,,C,,0.0,4.0,True,10.003992781333451,20.0041386169796,2.000024733781356,234.436398,231.97232,,True,0.0,0.0,,main,0.0030805556802079,16392735487.999857,263920520396.79767,0.008266277052462,0.0129141916055232,0.0119661320932209,0.019863006286323,0.0,0.1780151218175887,0.0,0.0030758204907426,23.52010411565388,26.298913835666088,0.0082322985066007,0.0128315144778232,0.0118951039942177,0.0196683107136829,0.0,0.1638309220040394,0.0,0.03574468085106383
cec16dba-e437-4607-aa19-6e169fb62534,ok,16973952.0,v1.12-1.13,0.0,0.0,0.0,True,0.0,0.0,0.1746166437864303,4.0,actuator_motors,none,10725025,5533137,5.7,,A,,0.0,4.0,True,10.012853447694864,163.85974907569346,2.0001856388509136,74.307163,68.27546,,True,0.0,0.0,,main,0.0110286831855773,0.0,0.0,0.0,0.0,0.0,0.0,0.0034793086815625,,0.0242877382785081,0.0109683107393216,0.0,0.0,0.0,0.0,0.0,0.0,0.0034732698902705,,0.0239974815583856,0.0
84e969d7-73f2-4ae5-b3a2-6c9805c2e345,ok,17760256.0,v1.14-1.15,0.0,0.0,0.0,True,0.1613395876513581,0.6996129999999994,0.7205119147896766,4.0,actuator_motors,none,32488553,19670924,17.0,,B,,0.0,4.0,True,10.00111215415942,20.001015261944065,2.00000465142694,918.130304,916.719945,,True,0.0,0.0,,main,0.0,0.0006752835353836,0.0003529248351696,0.003570374334231,0.0036689008586108,0.0029786895960569,0.0044248235411941,0.0311754565685987,0.0014759451150894,0.0,0.0,0.0006750556340499,0.000352862571849,0.0035640156784806,0.0036621868588442,0.0029742620901336,0.0044150627919786,0.0306993715145598,0.0014748569786528,0.0,0.16100587851077727
daeab6fa-c44e-4852-b174-bc79a4858217,ok,17695488.0,v1.14-1.15,0.3922651933701657,0.0,0.0,True,0.0,0.0,0.42930339127779,4.0,actuator_motors,none,3587984,2445654,2.3,,C,,0.0,4.0,True,10.011550408206476,20.01127565706132,1.9999593041988768,89.433501,82.75619300000002,,True,0.0,0.0,,main,4.5272739225765686e-05,0.0,0.0,0.0,0.0,0.0,0.0,2.575964331626892,,0.0002873766265111,4.527171444623679e-05,0.0,0.0,0.0,0.0,0.0,0.0,1.274234882884256,,0.0002873353417576,0.0
fadd354a-0d4c-4ed4-a788-57452d7f4e89,ok,17694720.0,v1.14-1.15,0.0,0.0881458966565349,0.0,True,0.0006849315068493,0.0974139999999996,0.3123865492641925,4.0,actuator_motors,none,5531188,3615610,3.3,,A,,0.0,4.0,True,10.000546085798986,19.99984284929586,2.0001030468425984,156.860715,145.93924900000007,,True,0.0,0.0003492045018997,sensor_combined,main,0.0027395495329983,0.0115080348681658,0.0,0.0255839837715029,0.0,0.0006437537580495,0.0067355869570746,0.0432293245568871,0.0522617131471633,0.0,0.0027358038066854,0.0114423211118256,0.0,0.0252621906148879,0.0,0.0006435466374839,0.0067130042397688,0.0423210219915698,0.0509418601315709,0.0,0.0006357279084551812
a8cef7fe-0ce1-4900-a055-d3fd670335ed,ok,17630207.0,v1.12-1.13,0.0039682539682539,0.0039682539682539,0.0,True,0.0,0.0,0.265,6.0,actuator_outputs,per_channel,6079313,4280504,4.2,,A,,,,False,10.00794950541899,20.00786126765037,1.9999747857429848,123.788916,116.70084599999998,True,True,0.0,0.0,,main,0.0,0.0013725484430324,0.0,0.036472631432116,0.0,0.0,0.0056089783087372,0.025281200185418,0.0,0.0004358547230367,0.0,0.0013716073594416,0.0,0.0358232477521429,0.0,0.0,0.0055933065642435,0.024966916609894,0.0,0.0004357597659575,0.0
5061507f-53be-445d-9e7a-7257f811d0e1,ok,17695488.0,v1.14-1.15,0.0,0.0,0.0,True,0.0,0.0,0.2130794428288936,4.0,actuator_motors,none,5373107,3381176,3.4,,B,,0.0,4.0,True,10.00739887204289,20.00628804673645,1.99999205907212,136.053496,134.03766099999996,,True,0.0,0.0,,main,0.0004231311453622,0.0,0.0,0.0,0.0,0.0,0.0,0.0002054884360404,0.0,0.0,0.0004230416506235,0.0,0.0,0.0,0.0,0.0,0.0,0.0002054673261835,0.0,0.0,0.0
4356a699-8afb-4b55-86d3-52daa7a8e2de,ok,17629952.0,v1.12-1.13,0.0,0.0,0.0,True,0.0,0.0,0.205,6.0,actuator_outputs,per_channel,3634373,2390042,2.6,,B,,,,False,10.01053146897715,20.010778543407177,2.000090940551089,87.062376,80.28064699999999,True,True,0.0,0.0,,main,6.139511299352307e-08,0.0001954836916411,0.0,0.0,0.0,0.0,0.0,0.0011888083885423,0.0,0.0,6.13951111088432e-08,0.0001954645871939,0.0,0.0,0.0,0.0,0.0,0.001188102315385,0.0,0.0,0.0
696590b3-101b-4aa4-820d-d67b22eecea3,ok,17891392.0,v1.16+,0.0257510729613733,0.0,0.0,False,1.0,67.1,0.1324393630027769,4.0,actuator_motors,none,24776209,10312530,8.2,,C,,0.0,4.0,True,124.97656103506468,250.00000000000003,100.00234389649351,85.468,67.01599999999999,,True,0.0,0.0,,main,0.0256505906581878,0.0301647409796714,0.0275132346898315,0.8869532465934746,0.8178089261054993,0.0528297828510402,0.1933896392583847,6.82966947555542,8.593626976013184,0.0,0.0253271338325371,0.0297187321507847,0.0271415477820216,0.634963489499434,0.5976318890796833,0.0514815703710033,0.1767976943674583,2.0579202965389927,2.2610990213580906,0.0,0.9953216374269006
9bce479a-8561-4404-866b-a22d982fb2d4,ok,17825984.0,v1.16+,0.0,0.0,0.0,True,0.0,0.0,0.2382012456655502,4.0,actuator_motors,none,8209400,5448419,4.9,,A,,0.0,4.0,True,10.004879868894932,20.00475419464836,2.000053498918466,199.757243,197.64184,,True,0.0,0.0,,main,0.0014533295878209,0.0009428837802261,0.0011434374377131,0.0021590251242741,0.0030183007707819,0.0020207927795127,0.0018070720601826,0.0,0.0,0.0,0.0014522745264863,0.0009424395445344,0.0011427842110279,0.0021566977787933,0.0030137548460254,0.002018753724327,0.0018054412698088,0.0,0.0,0.0,0.0
f556e4d8-55e0-41fa-9fa9-300d78a88ee5,ok,17891583.0,v1.16+,0.0,0.0,0.0,True,0.0,0.0,0.1049894332885742,4.0,actuator_motors,none,10319490,6357887,5.8,,B,,0.0,4.0,True,10.0039149944319,20.003739675347127,2.000035806701655,247.634229,240.9537770000001,,True,0.0,0.0,,main,0.0006838156841695,0.0,0.0,0.0,0.0,0.0,0.0,0.0024003072758205,0.0505888015031814,0.0,0.0006835819887548,0.0,0.0,0.0,0.0,0.0,0.0,0.0023974311397987,0.0493507703367892,0.0,0.0
6ab6bab5-5787-4bd4-9bb4-70fb51d9af50,ok,17891392.0,v1.16+,0.2694300518134715,0.3316062176165803,0.0,True,0.7038777908343126,48.70009399999999,1.0,4.0,actuator_motors,none,4348678,3429044,7.0,,B,,0.0,4.0,True,10.010262302425652,20.0102366398775,2.000261687867076,89.381083,85.14174400000006,,True,0.0,0.0,,main,0.0552574537694453,0.113438810408115,0.0067653965903446,0.0362699033692478,0.0098007342312484,0.4444020986557007,0.0024969371850601,0.3567587718367576,0.1242093805223703,0.0,0.0537847691660152,0.107453253720488,0.0067426139926477,0.0356276343943709,0.0097530185480273,0.3676954633803016,0.0024938250169227,0.3050985992706834,0.1170800157267681,0.0,0.6662958843159066
2de86afc-0f53-415f-a5e1-59bd6ab7f445,ok,17826047.0,v1.16+,0.0053933420122745,0.0,0.0,True,0.0,0.0,0.170388601720333,4.0,actuator_motors,none,126218261,76860060,25.0,,C,,0.0,4.0,True,10.000368897183511,20.00036793702313,2.000000470198786,2718.071557,2713.3799689999937,,True,0.0,0.0,,main,0.0008017681306228,0.0003750424133613,0.0002423135127173,0.0010970444884151,0.0009800599422305,0.00165904792957,0.0012366675306111,0.0012738184072077,0.0006315460777841,0.0,0.0008014468862526,0.0003749721025345,0.0002422841595397,0.0010964431748486,0.000979579997043,0.0016576732298055,0.0012359034871674,0.0012730077888544,0.0006313467364843,0.0,0.0
3a1b9d6c-00e5-4359-ba09-daf8420f5ae8,ok,17695488.0,v1.14-1.15,0.0,0.0,0.0,True,0.0,0.0,0.2935830429196358,4.0,actuator_motors,none,5980449,3703876,4.4,,C,,0.0,4.0,True,10.015514617464737,152.4970514446414,1.9997508834923992,61.24873,60.73903,,True,0.0,0.0,,main,0.0,0.0,0.0,0.0,0.0,0.0,0.0,0.1062056772410869,0.0,0.0,0.0,0.0,0.0,0.0,0.0,0.0,0.0,0.1009358507665788,0.0,0.0,0.0
f7749e6d-7887-4805-84b2-ac9a2c56c4c3,ok,17761280.0,v1.14-1.15,0.0416666666666666,0.0,0.0,True,0.0,0.0,0.2761673718690872,4.0,actuator_motors,none,2629251,1883591,3.0,,B,,0.0,4.0,True,10.0143368278024,20.01464944152136,2.0000061470777166,68.252742,66.865227,,True,0.0,0.0,,main,0.0065932940691709,0.0,0.0,0.0,0.0,0.0,0.0,0.0921954363584518,0.3404482811689371,0.0,0.0065716533760509,0.0,0.0,0.0,0.0,0.0,0.0,0.0881898323335333,0.2930040962031719,0.0,0.0
5746a10e-38be-43fd-85cc-e27e406f2267,ok,17761535.0,v1.14-1.15,0.0,0.0472222222222222,0.0,True,0.0011487650775416,0.1011069999999847,0.3540751338005066,4.0,actuator_motors,none,7309734,5072818,6.1,,B,,0.0,4.0,True,10.005641393027652,20.00511782226265,2.0000549482883274,178.520728,174.116972,,True,0.0,0.0,,main,0.0030565208406187,0.0002096405900374,0.0004464372032089,0.00606578909792,0.0081600100733339,0.0060069201281294,0.0104311465751379,0.0,0.0047468732809647,0.0,0.0030518591773591,0.0002096186185195,0.0004463375797699,0.0060474662568896,0.008126897203409,0.0059889505088876,0.0103771175639283,0.0,0.0047356424049983,0.0,0.0011166945840312675
2cb6ff34-eef4-4466-9b2d-f13f0db891c4,ok,17891392.0,v1.16+,0.0,0.0,0.0,True,0.292846049003138,3.465635000000006,0.9379920080304146,4.0,actuator_motors,none,13825183,8803911,5.1,,C,,0.0,4.0,True,9.974068897861825,202.10557435754663,1.982534586451233,114.684699,110.899468,,True,0.0,0.0039813527450073,sensor_combined,main,0.0017038643825799,0.0001486363849835,0.0005074286396848,0.0039447675924748,0.0077995117055251,0.0018760249833576,0.0068299694918096,0.0046288466546684,0.0015495378989726,0.0,0.0017024144524187,0.0001486253396905,0.0005072999413076,0.0039370073982093,0.0077692527489873,0.0018742674462675,0.006806750911688,0.0046181664892091,0.0015483386038647,0.0,0.2820724186358918
53e765e2-3c69-4f3b-8d19-dd9e36562c40,ok,17825792.0,v1.16+,0.0,0.0,0.0,True,7.603488915199374e-05,0.0037939999999707,0.3173231601715087,4.0,actuator_motors,none,37682538,23413911,12.1,,B,,0.0,4.0,True,10.003009472493156,197.9925107154215,1.999975328548619,327.544503,322.22425300000003,,True,0.0,0.0,,main,0.0018820679397322,0.0002370831934968,8.883068585419096e-05,0.0029875177424401,0.0014708989765495,3.211803138256073,0.0012952339893672,0.0514636179432272,0.0116394213400781,0.0,0.0018802990689429,0.0002370550937177,8.882674064245181e-05,0.0029830639795682,0.0014698182642658,1.4378908548736848,0.0012943958974289,0.050183115412924,0.0115722043506314,0.0,7.470332109621787e-05
fb2217f4-8b61-418e-8f13-4617d18aafd8,ok,17761279.0,v1.14-1.15,0.0,0.0,0.0,True,0.0,0.0,0.1970998227596282,4.0,actuator_motors,none,12032752,7607242,10.3,,B,,0.0,4.0,True,10.002768459813524,20.00272732162754,1.9999798110522,360.173852,355.31333999999987,,True,0.0,0.0,,main,0.0241130410693585,0.0004458781302673,0.0009132178005529,0.0078620370943099,0.0079927084501832,0.0079506548121571,0.0248085531406104,0.1251317895948886,0.0208226038143038,0.0,0.0238269121938995,0.0004457787561518,0.0009128010708679,0.0078312923199084,0.0079609359426398,0.0079192148915443,0.0245058177215014,0.1179001751018583,0.020608776598246,0.0,0.0
b41316fc-b1f5-483a-ac33-7fe803102a18,ok,17826240.0,v1.16+,0.0,0.0,0.0,True,0.0,0.0,0.2529715448617935,4.0,actuator_motors,none,12041880,7568902,9.2,,C,,0.0,4.0,True,10.003028055631829,20.00274261561315,2.0000301357924224,332.754832,328.3059119999999,,True,0.0,0.0,,main,0.0005781442159786,0.0,0.0,0.0,0.0,0.0,0.0,0.0088003885466605,0.0,0.0,0.0005779771549984,0.0,0.0,0.0,0.0,0.0,0.0,0.008761890825775,0.0,0.0,0.0
7dd885bd-415b-44dc-8ec8-4c82ddc25011,ok,17825792.0,v1.16+,0.0,0.0,0.0,True,0.0,0.0,0.1581765592098236,4.0,actuator_motors,none,48500788,28328041,11.6,,A,,0.0,4.0,True,9.996011466301018,138.8993690060111,1.998013461696215,503.353632,341.8260390000002,,True,0.0,0.0004338992487732,vehicle_attitude,main,0.0012350616743788,0.0025713184149935,0.0002243922062916,0.0122787188738584,0.0013786454219371,6.059922088752501e-05,0.0015881339786574,0.1416401825845241,0.1022389493882656,0.0,0.0012342996131062,0.0025680182318018,0.000224367034126,0.0122039468528006,0.0013776959628821,6.059738482891436e-05,0.001586874227483,0.132465985040824,0.0973435197016992,0.0,0.0
fcd05b31-14fc-455a-845d-b67c82a28028,ok,17761280.0,v1.14-1.15,0.0,0.0,0.0,True,0.0,0.0,0.2907225966453552,4.0,actuator_motors,none,180499252,96386692,41.6,,B,,0.0,4.0,True,10.000549660008048,200.10425724307,2.0000078631917857,1769.265732,1766.4642379999975,,True,0.0,0.0,,main,0.0071247273823246,0.0080226765945553,0.0129940089304,0.0128956917207687,0.0108019717969,0.0029922115500085,0.0041904495097696,0.0496463805437087,0.0088250559289008,0.0,0.0070994664261701,0.0079906660177143,0.0129103110638649,0.0128132502913294,0.0107440472590259,0.0029877437951215,0.004181694027305,0.0484533270116024,0.0087863427202622,0.0,0.0
46969280-f01c-4d74-9520-e2de5dc6fcfe,ok,17694975.0,v1.14-1.15,0.0,0.0,0.0,True,0.4760672703751617,2.8000919999999496,0.7978374719619751,4.0,actuator_motors,none,15733668,9969080,4.8,,C,,0.0,4.0,True,10.002695600853952,20.00257400802421,1.999967969704249,389.998963,386.46733800000027,,True,0.0,0.0,,main,0.0067638514796271,0.0044106131419539,0.0,0.0088177588768303,0.0,0.0106398223433643,0.0035548265674151,0.0025261859060265,0.0066993996733799,0.0,0.0067410792637939,0.0044009148941658,0.0,0.0087791094755898,0.0,0.0105836177533597,0.0035485231055118,0.0025230004619653,0.0066770584218617,0.0,0.4714322316167051
c1a85bff-6c5f-4dea-9eb6-56cadedf630a,ok,17630207.0,v1.12-1.13,0.0103448275862068,0.0793103448275862,0.0,True,0.0,0.0,0.25175,6.0,actuator_outputs,per_channel,7535477,5133068,3.3,,B,,,,False,10.007209207363791,20.00685065026522,1.9999711254168768,144.223376,138.65193399999998,True,True,0.0,0.0,,main,0.0,0.0102271644398569,0.0,0.030188052356243,0.0,0.0,0.0140043621882796,0.0249512679874896,0.0,0.0009644859819672,0.0,0.0101752208505039,0.0,0.0297413606798871,0.0,0.0,0.013907207120566,0.0246450680333075,0.0,0.0009640211642119,0.0
7cf89550-7008-4d78-9f33-30c200797813,ok,17760320.0,v1.14-1.15,0.0,0.0,0.0,True,0.0,0.0,0.0844368666410446,4.0,actuator_motors,none,26584738,16338762,7.3,,B,,0.0,4.0,True,9.995595632803898,247.5465174865301,1.9999347570952752,226.88048,220.7629,,True,0.0,0.0005236437202558,vehicle_attitude,main,0.0055945703294128,0.0,0.0,0.0,0.0,0.0,0.0,0.0001077571563655,0.0,0.0022496963269077,0.0055789788455654,0.0,0.0,0.0,0.0,0.0,0.0,0.0001077513509801,0.0,0.0022471695490716,0.0
d866394f-804f-4a6f-9080-d1ef8ca14e5f,ok,17761280.0,v1.14-1.15,0.0,0.0449678800856531,0.0,True,0.0,0.0,0.500907751917839,4.0,actuator_motors,none,10611148,6684642,3.8,,C,,0.0,4.0,True,10.004077056017438,20.004274687439604,2.0000024871825803,234.535345,229.88620799999995,,True,0.0,0.0,,main,0.0086886035278439,0.0061880267225205,0.0039460457861423,0.0224504433572292,0.0152410399168729,0.0054651976563036,0.0192290712147951,10.716228675842284,18.21104822158813,2.1084868431091297,0.0086510748368203,0.0061689595037055,0.0039382805687014,0.0222021416059986,0.0151260620509867,0.0054503176537429,0.0190465289913698,2.4609749470271667,2.955485541746124,1.1341360621653398,0.0
09b05d63-d7ec-4cfe-93fa-fc2637196623,ok,17695743.0,v1.14-1.15,0.0,0.0,0.0,True,0.0,0.0,0.3594617106020448,4.0,actuator_motors,none,4239072,3029508,3.1,,C,,0.0,4.0,True,10.009121575073353,20.009425069044145,2.0001159286705583,102.915838,94.943166,,True,0.0,0.0,,main,0.0029152651550248,0.0070364234270527,0.0,0.057798208668828,0.0,0.0091392460744827,0.0119419551920145,0.0627352157607674,0.0650389995425939,0.0,0.002911024010271,0.0070117833177029,0.0,0.0561895861985336,0.0,0.00909773588793,0.0118712126906952,0.0608459768551462,0.0630114177797392,0.0,0.0
6bace4c7-d064-4d84-9f0f-8cbec9e0c74c,ok,17760384.0,v1.14-1.15,0.0,0.0,0.0,True,0.0,0.0,0.1746172070503233,4.0,actuator_motors,none,15785578,10661409,6.6,,C,,0.0,4.0,True,10.005284823546315,20.00530643427676,2.000049223731565,186.571712,178.18674800000014,,True,0.0,0.0,,main,0.0027845824253745,0.0010117900616023,0.0016338290413841,0.0051417836919426,0.0037488240050151,0.0035539303906261,0.001252699655015,0.0912735521793365,0.0118356114253401,0.0,0.0027807126578592,0.001011278547039,0.0016324957947164,0.0051286098608719,0.0037418146766686,0.0035476301027925,0.0012519156814561,0.0873454106918854,0.0117661183675576,0.0,0.0
10475520-aeed-4a26-8c73-ceab3629b01d,ok,17630207.0,v1.12-1.13,0.0,0.0,0.0,True,0.0,0.0,0.1839999999999999,6.0,actuator_outputs,per_channel,22036982,11443742,6.9,,B,,,,False,10.005513348447428,174.42618804250768,1.9999280248125293,179.983237,169.759834,True,True,0.0,0.0,,main,1.906929901451804e-05,0.001986097311601,0.0,0.0279756933450698,0.0,0.0006570327095687,0.0128371883183717,0.0285855643451213,0.0,0.0,1.9069117197747e-05,0.0019841276278932,0.0,0.027591522147472,0.0,0.0006568169580766,0.0127554900575002,0.0281846199855729,0.0,0.0,0.0
ac5ab6bf-75f8-442c-b41c-35f10600d50c,ok,17826559.0,v1.16+,0.0,0.0,0.0,True,0.0,0.0,0.4633287668228147,4.0,actuator_motors,none,42413610,26417710,8.8,,C,,0.0,4.0,True,10.001006169671646,20.00091073141647,1.9999964858200123,1004.714754,998.7086229999992,,True,0.0,0.0,,main,0.0010250090097542,2.612894995763777e-05,5.04527361044893e-05,0.0009240115818101,0.0016373295686207,0.0001310069070314,0.0017353910370729,0.0530942671000956,0.0064111582236364,0.0,0.0010244840467164,2.612860860257098e-05,5.045146340800625e-05,0.0009235849458992,0.0016359906059121,0.0001309983263759,0.0017338869858736,0.0517327515571929,0.0063906941677152,0.0,0.0
9e082b2f-6292-4e70-84cf-e520db2b4144,ok,17761535.0,v1.14-1.15,0.0,0.0,0.0,True,0.5770104895104895,21.851264,0.999999939505356,4.0,actuator_motors,none,10384231,5682217,7.1,,C,,0.0,4.0,True,10.010327071749243,199.9999724454688,1.999999745664772,86.809562,80.07993400000001,,True,0.0,0.0,,main,0.0002560822264058,0.0,0.0,0.0,0.0,0.0,0.0,0.002563407307025,0.001239203492878,0.0,0.0002560494429491,0.0,0.0,0.0,0.0,0.0,0.0,0.0025601273825067,0.001238436313958,0.0,0.5304777594728172
3b06fbd6-c7be-45bd-8b86-b39d5c9b60e9,ok,17761280.0,v1.14-1.15,0.0,0.0,0.0,True,0.0,0.0,0.2564301967620849,4.0,actuator_motors,none,14710013,9460455,7.4,,B,,0.0,4.0,True,10.007668977250972,199.76081410798392,2.000061768330962,137.308617,132.16787999999997,,True,0.0,0.0,,main,0.0531151380389928,0.0,0.0,0.0,0.0,0.0,0.0,8.627999687194826,8.552591514587402,0.0009131107712164,0.0517525700413825,0.0,0.0,0.0,0.0,0.0,0.0,2.2646754874317128,2.2568124804644394,0.0009126941391776,0.0
21826e03-8f87-4cfb-b4d7-c13c781a04b9,ok,17761280.0,v1.14-1.15,0.0,0.0,0.0344155844155844,True,0.0,0.0,0.1604688763618469,4.0,actuator_motors,none,33436466,20921083,9.2,,B,,0.0,4.0,True,10.003228829002497,199.4904225255065,1.999994716626335,307.756671,302.6025439999999,,True,0.0,0.0,,main,0.0768634736537931,0.0163845302537083,0.0028512998716905,0.0222262615337967,0.0104989926330745,0.0103752345778047,0.021176049299538,45.33394050598143,0.923314064741134,0.0,0.074052624729175,0.0162517522119842,0.0028472426266631,0.0219828582114213,0.0104442609615607,0.0103217812408952,0.0209549526236071,3.835874748822362,0.6540497734695486,0.0,0.0
2a32ce28-38e5-4991-aa73-c2e8d3b14093,ok,17695488.0,v1.14-1.15,0.0129310344827586,0.0,0.0,True,0.0,0.0,0.0903540700674057,4.0,actuator_motors,none,31515761,19695535,6.2,,A,,0.0,4.0,True,10.001036483673245,20.00102823074713,2.000000395299224,936.22487,930.8464359999988,,True,0.0,0.0,,main,0.0053478456102311,0.0170737917535006,0.0,0.0237597942352294,0.0,0.0087486517149955,0.0096601827535778,0.0,,0.0,0.0053335966621035,0.0169296726972285,0.0,0.0234819231579175,0.0,0.0087106040112848,0.0096138215210233,0.0,,0.0,0.0
01821764-d8c1-4391-927c-0069074c8e31,ok,17630207.0,v1.12-1.13,0.0,0.0,0.0,True,0.0,0.0,0.532,6.0,actuator_outputs,per_channel,10185243,5457237,3.9,,C,,,,False,10.011503168658932,221.48969955405545,1.999891761955616,82.136379,75.20867499999997,True,True,0.0,0.0,,main,0.001116761774756,0.0028934318572282,0.0,0.0077881444245576,0.0,0.0,0.0045099390670657,0.004050765465945,0.0,0.0,0.0011161386601957,0.0028892539403436,0.0,0.0077579733775018,0.0,0.0,0.0044997997655297,0.0040425832043539,0.0,0.0,0.0
92da84f6-0478-4c79-b8f3-f14ca4864b66,ok,17694975.0,v1.14-1.15,0.0,0.0,0.0,True,0.0,0.0,0.4052474528551101,4.0,actuator_motors,none,3861615,2730271,4.0,,C,,0.0,4.0,True,10.009269378478088,20.009327424938085,2.000022810516567,97.78925,93.722218,,True,0.0,0.0,,main,0.0071802719030529,0.0155228558927774,0.0,0.0770036071538924,0.0,0.0435931971296668,0.0303787495940923,0.025317111518234,0.0338973049074411,0.0,0.0071546164861284,0.015403608818777,0.0,0.0741827474294527,0.0,0.0426697556022971,0.0299264527023474,0.0250019418341076,0.0333354528825177,0.0,0.0
0905371f-9c90-40c8-85fb-f42a5a61bb63,ok,17760256.0,v1.14-1.15,0.0033745781777277,0.0,0.0,True,0.0,0.0,0.2127284198999403,4.0,actuator_motors,none,39158650,20578709,9.1,,B,,0.0,4.0,True,10.000368281507344,20.000975682905388,1.9999815966018968,896.672,869.6608940000003,,True,0.0,0.0,,main,0.0004960370541084,0.0001427652008715,0.0001418862346326,0.0010187962907366,0.001553853508085,6.336813592910766,0.0008229570114053,0.0,,0.0,0.0004959140683975,0.00014275501089,0.0001418761697328,0.0010182776700116,0.0015526475268398,1.9929046329637987,0.0008226185679542,0.0,,0.0,0.0
3885bced-89d4-464e-9bdd-e9ad9fb39001,ok,17761023.0,v1.14-1.15,0.0,0.0,0.0,True,0.2150537634408602,2.902529000000001,0.3376718759536743,4.0,actuator_motors,none,12113170,7726268,5.6,,B,,0.0,4.0,True,9.963302607089686,19.94635306361314,1.9830323828509195,353.812875,345.35027099999985,,True,0.0,0.0031060192069622,sensor_combined,main,0.0021271786419674,0.0002402820922725,0.0003104439616436,0.0071108818985521,0.009500818233937,0.0024881890742108,0.0105405730195343,0.0263357577845454,0.0126748882699757,0.0,0.0021249194007857,0.000240253229154,0.0003103957838876,0.0070857187953479,0.0094559693042919,0.0024850986570761,0.0104854084850158,0.0259949425168796,0.0125952342381257,0.0,0.20975056689342403
5cd67b7e-210c-4ebd-a88b-66f0cfc40725,ok,17760384.0,v1.14-1.15,0.0,0.0,0.0,True,0.0,0.0,0.2559780061244964,4.0,actuator_motors,none,27936062,17161147,12.2,,C,,0.0,4.0,True,10.004271601275915,200.07664402720653,1.999978249163591,233.301699,226.31881900000005,,True,0.0,0.0,,main,0.0112276937812566,0.0056607822887599,0.0049797927495092,0.0430190935730934,0.0556002050638198,0.0093967619352042,0.0109112810343503,0.0050777801778167,0.0021654785843566,9.920852661132804,0.0111651310817752,0.005644820270708,0.00496743459199,0.0421194822490555,0.0541095199098207,0.0093528870084419,0.010852182512533,0.0050649317280968,0.0021631373149768,2.3906740497897965,0.0
075e36ca-9a78-406d-a5f4-778206828ef0,ok,17825984.0,v1.16+,0.0,0.0,0.0,True,0.002854006586169,1.0002979999999866,0.3841009259223937,4.0,actuator_motors,none,37180528,23471429,11.1,,A,,0.0,4.0,True,10.001188464154856,20.001169329467903,2.0000007956167547,912.88088,911.036724,,True,0.0,0.0,,main,0.0020537903183139,0.0029239505529403,0.0019247578456997,0.003028135979548,0.0029612756916321,0.0072803955990821,0.0058287109714001,0.0,0.0,0.0,0.002051684174204,0.0029196841240504,0.0019229078727703,0.0030235604104291,0.0029568997515526,0.0072540214511663,0.0058117897563484,0.0,0.0,0.0,0.0028477546549835705
403eb6fe-073a-4d33-86fa-7f1f91ccf646,ok,17761023.0,v1.14-1.15,0.0,0.0,0.1146666666666666,True,0.0068212824010914,0.4964459999999988,0.3171202793717384,4.0,actuator_motors,none,2880000,2180398,2.6,,B,,0.0,4.0,True,9.97307737015832,19.93283903279288,1.999936512082536,74.673853,73.30051399999999,,True,0.0,0.0042431998812167,sensor_combined,main,0.0164744040928781,0.005325633380562,0.0147894197143614,0.0296217594295739,0.0545420661568639,0.0476206831634044,0.0293555890209972,0.0059137119911611,0.0028890647459775,0.0,0.0163401733392054,0.0053115023440533,0.0146811227075207,0.0291915109435703,0.0531066121816744,0.0465215768351056,0.0289329647189023,0.0058962946301745,0.0028848994190951,0.0,0.006693440428380187
6d57db38-307b-41c4-b1a0-1e8ff4648aaa,ok,17499136.0,v1.12-1.13,0.0,0.5956246560264171,0.0,False,0.0239808153477218,2.9999979999997777,0.2829411764705882,4.0,actuator_outputs,global,156984252,54842420,32.5,,C,,,,False,24.94379637673272,24.94425210620508,1.9960846857613608,3577.249508,124.702795,True,True,0.0,0.0022485378889007,sensor_combined,main,7.79484435042832e-06,8.381921797990795e-05,0.0,0.0004118738870602,0.0,0.0005049645842518,0.0006456584495026,6.961131948628459e-05,0.0,0.0003002021112479,7.794813970786966e-06,8.381570534553936e-05,0.0,0.0004117890902936,0.0,0.00050483713254,0.000645450101762,6.960889673081776e-05,0.0,0.0003001570596102,0.0008405244872800628
6736edac-3b5e-4576-b6a2-fc8774ee0197,ok,17629952.0,v1.12-1.13,0.0,0.0,0.0,True,0.0,0.0,0.2139999999999999,6.0,actuator_outputs,per_channel,7604124,4393563,4.8,,A,,,,False,10.005215508208313,20.00505938480821,1.9999943535779463,190.027293,183.20347399999983,True,True,0.0,0.0,,main,2.8887068310723407e-06,0.0050234622322022,0.0,0.0,0.0,0.0,0.0,0.0006552586593898,0.0,0.0,2.888702658766798e-06,0.0050108867432158,0.0,0.0,0.0,0.0,0.0,0.0006550440711698,0.0,0.0,0.0
6c540cd4-1276-428d-af08-37f5f09f0bfc,ok,17826047.0,v1.16+,0.3206896551724137,0.0,0.0,True,0.0986378581493659,0.0420990000000003,0.9653878584504126,4.0,actuator_motors,none,11243804,7060921,4.1,,B,,0.0,4.0,True,10.00715007955648,160.24939785069222,2.00015703797052,136.733415,135.30407799999998,,True,0.0,0.0,,main,0.0095693800598382,0.0021313743782229,0.0004464856232516,0.0214855005033313,0.0080262829083949,0.0005744728870922,0.0151732925325631,0.0097195051610469,0.3400659680366515,0.0,0.0095238835610478,0.0021291062221408,0.0004463859782046,0.0212579408559852,0.0079942436231316,0.0005743079407116,0.0150593294799521,0.0096725746201469,0.2927188426291675,0.0,0.09733863803159643
b740ed11-e242-4cfd-ab15-01183c864847,ok,17630207.0,v1.12-1.13,0.0,0.0,0.0,False,0.0,0.0,0.1389000000000001,6.0,actuator_outputs,per_channel,4937758,3101893,2.4,,B,,,,False,10.00624135052777,20.00689812813325,2.000041557177475,146.58358,141.05137599999995,True,True,0.0,0.0,,main,0.0013824549969285,0.1137590344995259,0.0,0.0,0.0,0.0,0.0,0.0,0.0,7.107439523679196e-05,0.0013815002858147,0.1077408115540677,0.0,0.0,0.0,0.0,0.0,0.0,0.0,7.107186957163553e-05,0.0
a2b3185c-ee05-4813-9785-d0917e8ce78b,ok,17695743.0,v1.14-1.15,0.9610778443113772,0.0,0.0,True,0.4570372651678472,23.600186000000008,0.394441819190979,4.0,actuator_motors,none,14008285,9095988,5.2,,B,,0.0,4.0,True,9.948850660083314,19.894402046133823,1.987909936598332,331.60255,326.4967219999999,,True,0.0,0.0055478974306565,sensor_combined,main,0.0176060298457741,0.0027034564176574,0.0,0.0663503840565681,0.0,0.0088966772891581,0.0156148638576269,0.3846623569726944,0.4663656502962112,0.0,0.0174528391421533,0.0026998086522604,0.0,0.0642419622213549,0.0,0.0088573350271877,0.0154942062844415,0.3254563243394851,0.3827869927574146,0.0,0.44983328281297363
cad13b61-ea31-4c37-b4d7-6cc26e2f375a,ok,17761280.0,v1.14-1.15,0.0,0.0,0.0,True,0.0,0.0,0.3678783304989337,4.0,actuator_motors,none,12985669,8534201,5.0,,A,,0.0,4.0,True,10.008360429217031,199.78078249591496,2.0001584260505227,118.691278,114.186308,,True,0.0,0.0,,main,0.0082586839795112,0.0041660737944766,0.0039344860007986,0.0168513231910765,0.0194199725985526,0.0075353067368268,0.003932701377198,0.0408097691833972,0.0318558156490325,75.41644630432124,0.0082247676571467,0.0041574197363499,0.0039267661532162,0.0167109148268658,0.0192338112358491,0.007507058132198,0.0039249885220942,0.0399990343975089,0.0313589437801488,3.6508797372790767,0.0
3e68dc9c-0087-4d77-a104-5ec2c13f7792,ok,17891392.0,v1.16+,0.0,0.0,0.0,True,0.0034944670937682,0.1017430000000132,0.4907336589769941,4.0,actuator_motors,none,8221226,5897401,3.3,,C,,0.0,4.0,True,9.959966596570924,19.92052288937728,1.994383407220977,176.32042,172.57805099999996,,True,0.0,0.0045174910175032,vehicle_attitude,main,0.0204193851910531,0.0013477637665346,0.0014699584222398,0.0504121571779251,0.0975923664867877,0.0116455440409481,0.137423726171255,0.0340130377560853,0.0217097295448184,0.0,0.0202137047442795,0.0013468563481816,0.0014688790909435,0.0491826177950755,0.0931190232338742,0.0115782565884276,0.1287658156793739,0.0334473850551824,0.0214774294678316,0.0,0.003409090909090909
b390e084-6742-4cdc-969a-653b0f525da0,ok,17564671.0,v1.12-1.13,0.0,0.0,0.0,True,0.0037037037037037,0.2891039999999982,0.2618285714285714,6.0,actuator_outputs,bus,7224587,4647703,4.7,,C,,,,False,10.005610752421044,20.005899823043656,2.0058382991449304,169.171153,162.01626000000005,True,True,0.0,0.0,,main,0.0016065653180703,0.0057456046342849,0.0,0.017535176128149,0.0,0.0,0.0023381810169667,0.000991897075437,0.0057567437179386,0.0,0.0016052761725559,0.0057291616013578,0.0,0.0173832088703611,0.0,0.0,0.00233545172529,0.0009914054705869,0.0057402369885309,0.0,0.0
c6c51d96-8a30-4758-b5d7-8f4e2f5479e9,ok,17629696.0,v1.12-1.13,,,0.0,True,0.0066445182724252,0.301478000000003,0.4493345603346824,4.0,actuator_motors,none,20355405,10057374,10.5,,B,,0.0,4.0,True,9.97446909356171,19.942163890301096,1.9968218200522256,314.112993,121.29999399999998,,True,0.0,0.0031919732358969,vehicle_attitude,main,0.0016952673031482,0.0056502267252653,0.0,0.0053680782439187,0.0,0.0,0.0032488783472217,0.0027848384925164,0.0,0.0,0.0016938319594987,0.005634324068532,0.0,0.0053537214678488,0.0,0.0,0.0032436121450482,0.0027809680139084,0.0,0.0,0.0025526483726866626
d08d1f8e-78c8-4809-af71-ad9ac1b49f47,ok,17761023.0,v1.14-1.15,0.0,0.0,0.0,True,0.0,0.0,0.0813329428434372,4.0,actuator_motors,none,3182257,2340457,3.2,,C,,0.0,4.0,True,10.012739380776464,20.011787724583314,2.0000509512979843,80.367569,70.95412400000002,,True,0.0,0.0,,main,0.0111889466643333,0.0,0.0,0.0,0.0,0.0,0.0,7.618407835252583e-05,0.0,0.0,0.0111268134412325,0.0,0.0,0.0,0.0,0.0,0.0,7.618117649301135e-05,0.0,0.0,0.0
de427e5e-6b01-4efd-b9af-31863b739599,ok,17826559.0,v1.16+,0.0742857142857142,0.0071428571428571,0.0,True,0.0,0.0,0.2626051515340805,4.0,actuator_motors,none,12946285,8193457,5.8,,B,,0.0,4.0,True,10.002600190208874,20.00261857137235,1.9999994391990128,349.547381,343.92113900000004,,True,0.0,0.0,,main,0.0011524688510689,0.0014407395676244,0.0011534198420122,0.0023188926512375,0.0017556460166815,0.003344921558164,0.0034836184233426,0.021105047687888,0.0127644998021423,0.0,0.0011518052686323,0.0014397026981599,0.0011527551643986,0.0023162081688901,0.0017541066716468,0.0033393397517219,0.0034775646798971,0.0208854209496536,0.012683720255286,0.0,0.0
0272806d-1245-45c9-8306-82404f256806,ok,16973952.0,v1.12-1.13,0.0,0.0,0.0,True,,,,4.0,actuator_outputs,none,10760165,6485393,13.0,,C,no_pwm_params,,,False,9.999783499832963,200.67509774884496,9.99977896928686,61.423952,56.76029200000001,True,True,0.0,0.0,,main,0.009304688218981,0.0,0.0,0.0,0.0,0.0,0.0,0.0013485064730048,0.0,0.0,0.0092616662721809,0.0,0.0,0.0,0.0,0.0,0.0,0.0013475980547311,0.0,0.0,0.0
04c517ac-2ad1-400a-88b4-61b0dc58d59b,ok,17761023.0,v1.14-1.15,0.0,0.0,0.0,True,0.0,0.0,0.2865507043898105,4.0,actuator_motors,none,53744438,33165755,16.5,,B,,0.0,4.0,True,10.000739762874044,20.000707356213915,1.9999954206362087,1294.702952,1293.2150060000015,,True,0.0,0.0,,main,0.0201653054915368,0.0003113111903076,0.0001609980950888,0.004992814688012,0.0047644458711147,0.0023491223109886,0.0011094386340118,0.1023830104619264,0.0139832224696874,0.0,0.0199646783725837,0.0003112627430335,0.0001609851362863,0.0049803919213136,0.004753131821438,0.0023463674366868,0.0011088236617777,0.0974742097487816,0.0138863591442244,0.0,0.0
13d90e81-3f70-45e1-8338-7666e04ecfe0,ok,17826047.0,v1.16+,0.0,0.0,0.0,True,0.0076861112975766,0.902275000000003,0.1523398160934447,4.0,actuator_motors,none,111267566,56217157,24.7,,B,,0.0,4.0,True,10.001066375233602,165.7461748273421,2.00000344843157,921.147209,209.63194600000008,,True,0.0,0.0,,main,0.118056102097034,328712460697.5995,8515784802303.987,0.0089015895500779,0.015554445516318,0.0260061062872409,0.0050849844235926,0.001395004033111,1.4125305891036974,0.0,0.1115915542404726,26.51844922592939,29.77294259283131,0.0088622039588351,0.0154347150927935,0.0256736982778858,0.0050720995514222,0.0013940319189485,0.8806762335718424,0.0,0.0017485988301950185
a0165d56-6253-4497-9e30-71fe6b6f41f7,ok,17694720.0,v1.14-1.15,0.0,0.0,0.0,True,0.0,0.0,0.2697446234524249,4.0,actuator_motors,none,3989668,2884381,2.7,,C,,0.0,4.0,True,10.009683341613448,20.00794229188716,1.999946142864476,99.568738,93.011246,,True,0.0,0.0,,main,0.0087452200241386,0.0002955721953185,0.0,0.0080601621419191,0.0,0.3618873178958892,0.0069672447629272,0.0009516162623185,0.0017695609712973,0.0494375858455895,0.0087072020769296,0.0002955285224626,0.0,0.0080278525327204,0.0,0.3088714714823704,0.0069430856631302,0.0009511637626111,0.0017679971428697,0.0482543881390741,0.0
9922859c-fc46-411f-9416-29cc6abc5758,ok,17761280.0,v1.14-1.15,0.121311475409836,0.0557377049180327,0.0,False,0.0520570948782535,3.6987029999999934,0.526659781965592,4.0,actuator_motors,none,5275809,3826788,2.8,,C,,0.0,4.0,True,10.008327360617374,20.00747821041881,1.999999550000101,119.974681,118.73002900000004,,True,0.0,0.0,,main,0.0071343085728585,0.0019643679261207,0.0012116685975342,0.0092753060162067,0.0137647278606891,0.0048291231505572,0.0195873323827981,0.1272275745868683,0.008438074029982,0.0104483319446444,0.0071089797909985,0.001962441078392,0.0012109351195674,0.0092325545175214,0.0136708544412772,0.0048175003389948,0.0193979693378946,0.1197611442084339,0.00840267249111,0.0103941253763086,0.051452282157676346
4ce0e7e0-9554-4e8e-8794-77d2f7145372,ok,17760511.0,v1.14-1.15,0.0092592592592592,0.0092592592592592,0.0,True,0.0,0.0,0.3512958094477645,4.0,actuator_motors,none,11764784,7251904,4.8,,B,,0.0,4.0,True,10.008583203516949,222.0349529671416,1.99994032253547,106.352715,97.993505,,True,0.0,0.0,,main,0.0004774266213644,0.0,0.0,0.0,0.0,0.0,0.0,4.098342033103105e-05,0.0,3.4942866477649625e-05,0.0004773126895362,0.0,0.0,0.0,0.0,0.0,0.0,4.098258053360514e-05,0.0,3.494225598991221e-05,0.0
4a8e48c0-8073-424e-9a5d-21c32a595315,ok,17760384.0,v1.14-1.15,0.0,0.0,0.0,True,0.0,0.0,0.064886637032032,4.0,actuator_motors,none,8516723,5797563,3.9,,C,,0.0,4.0,True,10.010064782497729,20.009571625756145,2.000047521129102,100.300724,95.381486,,True,0.0,0.0,,main,0.001598743838258,0.0001501757651567,0.0003890914958901,0.001547779655084,0.0010521580697968,0.0012667317641898,0.0011230843374505,0.0048417737707495,0.001148089999333,0.0,0.0015974672078167,0.0001501644899053,0.0003890158194234,0.0015465830786856,0.0010516049394479,0.0012659301364021,0.0011224541500276,0.0048300900821332,0.0011474314480123,0.0,0.0
93163d47-e3cd-48a3-b06e-1f4f332ea956,ok,17630207.0,v1.12-1.13,0.0,0.0,0.0,True,0.0046913580246913,0.2976880000000221,0.4665499999999997,4.0,actuator_outputs,per_channel,15963870,9954649,8.4,,C,,,,False,10.002574062752618,20.00249686678432,2.000004402958096,407.438941,405.03442600000005,True,True,0.0,0.0,,main,4.788078513229266e-05,0.0004088874120498,0.0,0.0152049088850617,0.0,0.0012629940290935,0.0135849124751985,0.0001837685762438,0.0277512224391102,0.0058531589806079,4.787963888408891e-05,0.000408803840372,0.0,0.015090472793527,0.0,0.0012621971230558,0.0134934648263982,0.0001837516928673,0.0273731362275055,0.0058360957955628,0.0
7b7a9454-fde3-44f0-a045-23ed173b5566,ok,17826240.0,v1.16+,0.0,0.0,0.0,True,0.0003176836324854,0.0062619999999995,0.4646503686904907,4.0,actuator_motors,none,19899299,11994716,11.7,,B,,0.0,4.0,True,9.9999253322063,199.41084719880885,2.000095688122193,158.120573,154.23999600000005,,True,0.0,0.0006316234100455,vehicle_attitude,main,0.0045563519001007,0.0009929293766617,0.000324187852675,0.0049243323504924,0.0044410330243408,0.0003848719177767,0.0006981648970395,0.0281189464032649,0.1256841599941253,0.0001020361160044,0.0045460031519007,0.0009924367483579,0.0003241353151474,0.0049122474829749,0.0044312007367737,0.0003847978735778,0.0006979212933048,0.0277308669574409,0.1183909930298426,0.000102030910674,0.00030949486017464354
6a02610c-1880-4f1c-a46b-2c31e54aabb5,ok,17499135.0,v1.12-1.13,0.0,0.0,0.0,True,0.0,0.0,0.5124571428571429,6.0,actuator_outputs,global,1972670,1465197,3.5,,C,,,,False,10.014808138276056,19.99998666667556,5.014093608380598,67.103332,62.378647,True,True,0.0,0.0009627418575352,sensor_combined,main,0.0015462805051356,0.0017636118922382,0.011302669160068,0.0082264154218137,2.0173138909740303e-05,0.0,0.0046465045306831,0.0043461176566779,0.0034430412575602,0.0,0.0015450862443848,0.0017620585548396,0.0112392712580806,0.0081927629002459,2.0172935434710048e-05,0.0,0.0046357428517567,0.0043367005626748,0.003437127561189,0.0,0.0
83830e93-f166-4f99-bfa9-5d1128a1c7f5,ok,17826047.0,v1.16+,0.0,0.0,0.0,True,0.0,0.0,0.127707028388977,4.0,actuator_motors,none,12040336,7611652,9.0,,A,,0.0,4.0,True,10.00348383752996,20.00340018461568,2.0000432410782443,279.207724,273.23448,,True,0.0,0.0,,main,0.0024338745046406,0.0037306847749277,0.0008532435283996,0.0196182476356625,0.0091467494145035,0.0028859313810244,0.0039103029761463,0.0,1.3720922231674202,0.0,0.0024309174292168,0.0037237430301003,0.0008528797230685,0.0194282902169366,0.0091051712464844,0.0028817750756775,0.0039026776133189,0.0,0.8637723602984858,0.0,0.0
2f90c7ea-7f37-4814-918d-c73a79f06648,ok,17760767.0,v1.14-1.15,0.0,0.1853146853146853,0.0,True,0.0,0.0,0.1156667798757553,4.0,actuator_motors,none,15023717,9541141,9.3,,A,,0.0,4.0,True,10.006265780685212,188.28838928149528,1.999968000511992,139.846754,135.179484,,True,0.0,0.0,,main,0.0102436805143952,0.0017488535377196,0.0010472506633959,0.0073259207652881,0.0060340261319652,0.0020202584913931,0.0097469402477145,0.0272004495374858,0.0029361569322645,0.0,0.0101915695887991,0.0017473260739856,0.0010467026789712,0.0072992165504211,0.0060158942983645,0.0020182205135734,0.0096997452490342,0.0268370915873091,0.0029318548425155,0.0,0.0
b176f84b-5009-40e4-8743-31c63ce1c5df,ok,17760511.0,v1.14-1.15,0.0,0.1983471074380165,0.0,True,0.0,0.0,0.1063585102558135,4.0,actuator_motors,none,15347948,7496019,7.8,,C,,0.0,4.0,True,9.999977644074056,19.999965950186947,1.999913021024215,116.014843,97.442647,,True,0.0,0.0004658894031172,sensor_combined,main,0.0125393351539968,1.5046444787003555e-05,1.4238537733035608e-05,9.643503872212022e-05,0.0001075634267181,0.0836041718721389,0.0019516394473612,0.0,,0.0002493384672561,0.0124613687787451,1.504633159038866e-05,1.423843636601943e-05,9.643038916269144e-05,0.0001075576421875,0.080292681232594,0.0019497374733379,0.0,,0.0002493073875866,0.0
baa6dc01-44d6-4fab-adae-6c658fbd33b1,ok,17891392.0,v1.16+,0.0273348519362186,0.0091116173120728,0.0,True,0.0,0.0,0.3899773389101028,4.0,actuator_motors,none,20862307,13547622,8.1,,C,,0.0,4.0,True,9.936246365722264,19.87023253804397,1.9886102926354847,439.026434,434.68005,,True,0.0,0.0067499732661376,sensor_combined,main,0.0033474716357886,0.0007471862365491,0.0004458162584342,0.0134144295938312,0.0159113984555005,0.0162497281096875,0.021799283940345,0.0448106933385133,0.0038416769821196,0.0,0.0033418813247435,0.0007469072318833,0.0004457169118918,0.0133252527522933,0.0157861391090183,0.0161191143371045,0.0215650771317205,0.0438357143062924,0.0038343165859226,0.0,0.0
b563cdbe-7721-4a33-a182-4abe35eda4ab,ok,17694975.0,v1.14-1.15,0.3443456162642948,0.0,0.0,True,0.000255167134473,0.0977169999999887,0.4830026119947433,4.0,actuator_motors,none,14153022,8334200,5.9,,B,,0.0,4.0,True,10.002546417882163,20.002295676320283,2.000043480537095,392.337961,391.89614200000034,,True,0.0,0.0,,main,0.0007707373821176,0.0,0.0,0.0,0.0,0.0,0.0,0.0427207298576831,,0.0,0.0007704405165886,0.0,0.0,0.0,0.0,0.0,0.0,0.0418333835572689,,0.0,0.00025477707006369424
b97f96d0-c15c-4a33-a874-fa5c51fe47fc,ok,17760511.0,v1.14-1.15,0.0,0.0,0.0,True,0.0,0.0,0.3045017383992672,4.0,actuator_motors,none,2435686,1741439,2.3,,C,,0.0,4.0,True,10.014329789530798,20.014756652951604,2.000109359825613,65.774332,58.613937,,True,0.0,0.0,,main,0.003064576187171,0.0,0.0,0.0,0.0,0.0,0.0,1.2626372575759888,0.0259969206526875,0.0,0.0030598899453564,0.0,0.0,0.0,0.0,0.0,0.0,0.8165310610837454,0.0256647454309037,0.0,0.0
80b880d7-fb59-47ff-92dd-1b0281490a80,ok,17760384.0,v1.14-1.15,0.0,0.0,0.0,True,0.0,0.0,0.2401874423027038,4.0,actuator_motors,none,4466723,3030696,4.4,,C,,0.0,4.0,True,10.000157753248448,19.99984850209636,2.0000643074111664,131.220483,125.93320100000004,,True,0.0,0.0,,main,0.0344128467142581,0.0011898042401298,0.0031225194688886,0.0011151667917147,0.0029115851270034,0.0375223226845264,0.0152966472320258,0.0,0.049937157332897,0.0,0.0338339678823977,0.0011890969840068,0.0031176545295861,0.0011145454551144,0.0029073546725903,0.0368354887317613,0.0151808330759411,0.0,0.048730312219194,0.0,0.0
e7eb6c96-1450-41d4-844e-2cd7378f2412,ok,17695999.0,v1.14-1.15,0.0,0.0543209876543209,0.0,True,0.0,0.0,0.3833749726895008,4.0,actuator_motors,none,22308447,13886368,7.0,,A,,0.0,4.0,True,9.922135506594886,198.2629649027136,1.975636605480892,205.319466,196.58765599999987,,True,0.0,0.0083679780859509,vehicle_attitude,main,0.0022437015431933,0.00014779117555,0.0,0.0005626091733574,0.0,0.0066309492103755,0.0075177798280492,0.0025196950882673,0.0,0.0,0.0022411882036396,0.0001477802555101,0.0,0.0005624509681521,0.0,0.0066090611723604,0.0074896621549953,0.0025165259789415,0.0,0.0,0.0
57a3b512-7aa6-40b5-b871-76b905f26972,ok,17826047.0,v1.16+,0.0,0.0,0.0,True,0.0058309037900874,0.3026119999999999,0.3044892102479934,4.0,actuator_motors,none,3306370,2589331,2.5,,B,,0.0,4.0,True,10.012538607739469,20.013270841807813,1.9998915321987407,76.127969,68.56699,,True,0.0,0.0,,main,0.0132948528975248,0.0038319676183164,0.0094400886446237,0.0226839654147625,0.0395332477986812,0.0733929932117462,0.0366321347653866,0.0342853110283613,0.019211458414793,0.0,0.0132072519147009,0.0038246443328357,0.0093958094560024,0.022430510027699,0.0387718122187558,0.0708246530811402,0.0359771264525212,0.0337106674525297,0.0190292483302502,0.0,0.00522875816993464
edffa36c-a03d-40b2-9ec9-542280230a5f,ok,17630207.0,v1.12-1.13,0.0,0.0,0.0,True,0.0,0.0,0.1895,6.0,actuator_outputs,per_channel,3364475,2250515,2.4,,C,,,,False,9.999228381561554,20.000389348664743,1.9999236321844256,102.554184,99.07039300000002,True,True,0.0,0.0,,main,0.0027154725976288,0.0013825364294461,0.0,0.0102269579656422,0.0,0.0,0.0040311870397999,0.011874369578436,0.016194965224713,0.0,0.0027117923627936,0.0013815816059076,0.0,0.0101750164665365,0.0,0.0,0.0040230835757443,0.0118044224264045,0.0160652256530313,0.0,0.0
ddc6b899-97e6-4165-a785-229aa1c8eeb0,ok,17825984.0,v1.16+,0.0,0.0,0.0,True,0.0,0.0,0.2994498908519745,4.0,actuator_motors,none,41772236,26825907,9.8,,A,,0.0,4.0,True,10.000953762268963,20.00100647420661,2.0000119170260247,1011.454705,1010.0688899999988,,True,0.0,0.0,,main,0.0015946319617796,0.0013830559561029,0.0008187199942767,0.0026846164721064,0.0023584107751958,0.0037755128461867,0.0045347355771809,0.0220149006694555,0.0061851280042901,0.0,0.0015933618862555,0.0013821004151569,0.0008183850258799,0.002681019325839,0.0023556340893571,0.0037684034862619,0.0045244846423066,0.0217760715866314,0.0061660786083571,0.0,0.0
5c25fcb5-1fa5-45f1-b1ab-9316064b41e4,ok,17760768.0,v1.14-1.15,0.0,0.0,0.0,True,0.0265282583621684,2.299324000000013,0.1677162881940603,4.0,actuator_motors,none,3713825,2707313,2.5,,A,,0.0,4.0,True,10.01014080753105,20.01043226537962,2.000068969411275,91.522781,86.67390799999997,,True,0.0,0.0,,main,0.0146374394185841,0.2585116744041443,0.0917921774089336,0.6705580353736881,0.7007941067218786,4.417579200118808,0.0927306093275547,0.0,0.0,3.118769049644471,0.0145313461384589,0.2299298119937072,0.0878205454826749,0.5131577235303872,0.5310952635959442,1.6896490736327865,0.0886797097651857,0.0,0.0,1.4155543443613463,0.02505446623093682
91a31f28-d304-491c-9a8d-75b451268c30,ok,17891583.0,v1.16+,0.0,0.0,0.0,True,0.0,0.0,0.1960556805133819,4.0,actuator_motors,none,8306877,2467828,3.2,,A,,0.0,4.0,True,9.998683894166488,19.99836823945528,2.000107098171677,60.061635,56.090444,,True,0.0,0.0015182181781856,sensor_combined,main,9.704636140668296e-05,0.0,0.0,0.0,0.0,0.0,0.0,0.0,0.0,0.0031968350638635,9.70416527131904e-05,0.0,0.0,0.0,0.0,0.0,0.0,0.0,0.0,0.0031917360508962,0.0
8e2d1b52-4a31-438d-b245-ba69a1780560,ok,17891392.0,v1.16+,0.0,0.7373737373737373,0.0,True,0.0,0.0,0.1042211279273033,4.0,actuator_motors,none,2798119,2290392,2.5,,C,,0.0,4.0,True,10.015000578267712,20.015744037530496,1.999823095014151,63.344619,57.374552,,True,0.0,0.0,,main,0.1058104075491427,0.0052892628591507,0.0075196138583123,0.084922221302986,0.0762840680778024,0.0355486541986465,0.0540575224906206,0.0539690077304839,0.0195658307522535,0.0,0.100578466659954,0.005275323838181,0.0074914824986463,0.0815082989878633,0.0735144306865036,0.0349313869386245,0.0526470240480327,0.0525630452565709,0.0193768805536541,0.0,0.0
d08e3e54-e09d-4dc4-b5ee-e02df4c353a6,ok,17761792.0,v1.14-1.15,0.0,0.0,0.0,True,0.0,0.0,0.2848555870354175,4.0,actuator_motors,none,13018448,7578683,6.8,,B,,0.0,4.0,True,10.009576635799316,221.14129579480988,2.000023024655308,102.866543,98.55569100000004,,True,0.0,0.0,,main,0.0107779116369783,0.0054140274878591,0.0071656623622402,0.0624059708788991,0.2274210155010223,0.0317607596516609,0.0525148883461952,0.0291628274135291,0.0154244995210319,0.0,0.0107202439355758,0.0053994243252767,0.0071401109927427,0.0605361199039258,0.2049152327922428,0.0312668181415234,0.0511824321714475,0.0287456828306349,0.0153067511906753,0.0,0.0
d3299236-fbda-4af8-99cd-f59debbc12a2,ok,17761535.0,v1.14-1.15,0.0,0.1839285714285714,0.0,True,0.3774064656738103,15.599995000000009,0.7317636758089066,4.0,actuator_motors,none,11573125,7637604,6.5,,C,,0.0,4.0,True,10.003576609467643,20.00357632762903,2.000001125448662,279.264672,275.3201349999999,,True,0.0,0.0,,main,0.0043984299991279,0.0002065617809421,0.0002113568494678,0.006387178832665,0.0032626967877149,0.0031843245029449,0.0056387570220977,0.0030952218105085,0.0002432570574455,0.0,0.0043887851769408,0.0002065404499948,0.0002113345167556,0.0063668672492097,0.0032573857416371,0.0031792652789702,0.0056229187426336,0.0030904414730767,0.0002432274752447,0.0,0.37133666904932094
60fca266-22bd-430f-aee0-467168565ce1,ok,17695488.0,v1.14-1.15,0.0,0.0,0.0,True,0.0,0.0,0.2109254285693168,4.0,actuator_motors,none,16532699,9360821,9.3,,C,,0.0,4.0,True,10.00733659778906,164.27949270092162,2.0000019007110263,141.476622,137.49033399999993,,True,0.0,0.0,,main,0.1357734367251392,0.0,0.0,0.0,0.0,0.0,0.0,0.007822158630006,,0.0,0.127313860905739,0.0,0.0,0.0,0.0,0.0,0.0,0.0077917241530362,,0.0,0.0
091e2539-e516-40be-946d-aeff1dbedd49,ok,17825984.0,v1.16+,0.0,0.0,0.0,True,0.0,0.0,0.0615786015987395,4.0,actuator_motors,none,68073982,30039349,14.7,,C,,0.0,4.0,True,124.99776956979464,249.99553913958923,100.0035686883286,223.692,219.492,,True,0.0,0.0,,main,0.0002996211405843,0.0002514700754545,8.459244418190792e-05,0.0018571262480691,0.0025306832510977,0.0005317755858413,0.0013903646031394,0.1385451555252075,0.0518011599779129,0.0,0.0002995762631342,0.0002514384621548,8.458886644286663e-05,0.0018554039211744,0.0025274864644727,0.0005316342433105,0.0013893989412523,0.1297512680321932,0.0505040850227676,0.0,0.0
b410ff33-6ddf-4118-87dc-370c576f156a,ok,17826047.0,v1.16+,0.0,0.0,0.0,True,0.0142465753424657,0.5987100000000112,0.6246530055999755,4.0,actuator_motors,none,9004408,6357434,3.8,,B,,0.0,4.0,True,10.005336179295623,20.0053172027302,1.999999946666668,188.191844,182.559769,,True,0.0,0.0,,main,0.0056721428409218,0.0027032517828047,0.0003799105688813,0.0052885632030665,0.004509167629294,0.0033597846049815,0.0089674787595868,0.0139049219433218,0.0013089990534354,0.0,0.0056561168114448,0.0026996045691168,0.0003798384211336,0.0052746278630487,0.0044990317909802,0.0033541531388357,0.0089275096920634,0.0138091354308552,0.0013081430610884,0.0,0.01381509032943677
df0f6416-9fea-4961-9cb3-0c307e541db7,ok,17825856.0,v1.16+,0.0,0.0,0.0,True,0.0,0.0,0.0990729711949825,4.0,actuator_motors,none,4045670,2804654,3.1,,B,,0.0,4.0,True,10.009109624306069,20.00870397678899,2.00008442461624,104.599553,104.376008,,True,0.0,0.0,,main,0.0002551375306211,0.0,0.0,0.0,0.0,0.0,0.0,0.0023211423191241,0.1353548765182494,0.0,0.0002551049885763,0.0,0.0,0.0,0.0,0.0,0.0,0.0023184526295886,0.1269452685992736,0.0,0.0
ce6d7213-961b-4c24-9b8e-667f7b91b76f,ok,17761280.0,v1.14-1.15,0.0,0.0,0.0,True,0.0071716718960107,0.1997649999999993,0.7329249921047484,4.0,actuator_motors,none,17291054,10871232,6.3,,B,,0.0,4.0,True,10.00211877366444,20.001871377302333,2.000020288774073,450.979163,446.1294660000001,,True,0.0,0.0,,main,0.0016362903465051,0.0017134119872935,0.0006655029981629,0.0094106900505721,0.0052495488664135,0.0075265120947733,0.0083934421651065,0.1106624141335486,0.0018410523829516,0.0,0.0016349530820259,0.0017119457715565,0.0006652816492427,0.0093666853678192,0.005235818017641,0.0074983292267407,0.008358413102535,0.1049566068178258,0.0018393597232116,0.0,0.007089056269384138
9b2f55e4-7039-4510-a8a3-dcc609ad328b,ok,17695743.0,v1.14-1.15,0.0,0.1387755102040816,0.0,False,0.008313539192399,0.1000000000000085,0.16504458617419,4.0,actuator_motors,none,19685207,8091169,5.0,,B,,0.0,4.0,True,125.0,226.4156788236752,125.0,96.756,84.1279999999997,,True,0.0,0.0,,main,0.0001491136790718,0.0092438561841845,0.0,0.0038949481677263,0.0,0.0122682144865393,0.0077451536664738,0.0191046092659235,0.0,0.0,0.0001491025627322,0.0092013932260027,0.0,0.0038873824960145,0.0,0.012193569827555,0.0077153139402887,0.0189244077212185,0.0,0.0,0.007209062821833162
d7da7818-a085-4de4-a8fe-6e175b4c964b,ok,17826240.0,v1.16+,0.5743589743589743,0.0769230769230769,0.0,True,0.0,0.0,0.1783599577844141,4.0,actuator_motors,none,2944639,2146743,3.0,,B,,0.0,4.0,True,10.012281556619545,20.01274210368708,1.9999904636216304,75.605727,67.20937599999999,,True,0.0,0.0,,main,0.0001027052334393,0.0007028388761682,0.0005808661109767,0.0021872311714105,0.004136064951308,0.0028163736336864,0.0045886139385402,0.1939336352050304,0.0186030097305774,0.0,0.0001026999596179,0.0007025920005943,0.0005806974735579,0.0021848426634904,0.0041275349470128,0.0028124150842252,0.0045781183441749,0.1772534315203443,0.0184320902358233,0.0,0.0
3e74c9f9-221e-45ac-a743-aeca65ddbfd2,ok,17891583.0,v1.16+,0.0,0.1001564945226917,0.0,True,0.0012279983626688,0.297505000000001,0.2345103710889816,4.0,actuator_motors,none,26497372,15130747,10.6,,B,,0.0,4.0,True,10.001522400221704,20.00149274381076,1.9999940234370632,641.386204,244.34998600000003,,True,0.0,0.0,,main,0.0052350519457831,0.0014997639460489,0.0014904117560945,0.0047478610649704,0.002936377574224,0.0044098881538957,0.0038871735567227,0.0457888793200254,0.05185956209898,0.0,0.0052213966979007,0.0014986404233076,0.0014893021948251,0.0047366255217877,0.002932074838508,0.0044001930894474,0.0038796380192413,0.0447715090569364,0.050559609300489,0.0,0.0004677268475210477
c1a6fcb2-c0dd-4603-9da6-3a0e17899eff,ok,17695488.0,v1.14-1.15,0.2294736842105263,0.0,0.0,True,0.0692438402718776,3.8987520000000018,0.8816687583543659,4.0,actuator_motors,none,8673346,5404379,2.3,,A,,0.0,4.0,True,10.004193756346211,20.00419115879364,1.999999941176472,238.469957,235.42000699999988,,True,0.0,0.0002514131287901,sensor_combined,main,0.7224605441093445,0.0,0.0,0.0,0.0,0.0,0.0,0.0007535571232438,0.0,0.0,0.5437538174658773,0.0,0.0,0.0,0.0,0.0,0.0,0.0007532733416296,0.0,0.0,0.06825795644891122
6c5fb646-c383-4096-a28c-69cedb6f17e3,ok,17825984.0,v1.16+,0.0,0.0,0.0,True,0.0002262635404587,0.0105879999999842,0.2736881822347641,4.0,actuator_motors,none,48096059,29172134,14.6,,B,,0.0,4.0,True,10.002703755506763,285.6806648069507,2.0000319580139694,376.591666,371.2473019999997,,True,0.0,0.0,,main,0.0445344813168048,0.0034699195181019,0.0038830297882668,0.0176303940825164,0.0212731127627193,0.005705309798941,0.0291450997814536,0.054132616892457,0.011756479088217,0.0,0.0435713137403465,0.0034639132375673,0.0038755102874431,0.0174767815563682,0.0210499987721794,0.0056890961589847,0.0287284573884727,0.0527182646827983,0.0116879085963944,0.0,0.00022291159697583268
674422ec-f9b9-4f80-ab30-c3533e3f9680,ok,17826559.0,v1.16+,0.0,0.0285714285714285,0.0,True,0.0079016681299385,0.198802999999998,0.4014962077140808,4.0,actuator_motors,none,5656596,3788673,3.5,,A,,0.0,4.0,True,10.00830073833163,20.00748020526545,2.000000333333389,120.249853,113.93000199999996,,True,0.0,0.0,,main,0.0,0.0,0.0,0.0,0.0,0.0,0.0,0.0420596934854984,0.0,0.0,0.0,0.0,0.0,0.0,0.0,0.0,0.0,0.0411992291044198,0.0,0.0,0.007468879668049793
772051f3-1e48-4d9c-ae42-cf44e868798f,ok,17760320.0,v1.14-1.15,0.1137724550898203,0.3473053892215569,0.0,True,0.0080645161290322,0.5,0.0614062190055847,4.0,actuator_motors,none,16959697,7206662,4.0,,A,,0.0,4.0,True,122.46881785588042,194.31401888447448,123.92061808816844,78.9,62.06399999999999,,True,0.0,0.0,,main,4.180650648777373e-05,0.0087857851758599,0.0037181754596531,0.0064905625768005,0.0055431453511118,0.0124267479404807,0.0104258470237255,0.0,0.0263998303562402,0.0,4.180563262013686e-05,0.0087474147444149,0.0037112801320185,0.0064695895776448,0.0055278386596783,0.0123501696682296,0.0103718727084742,0.0,0.0260573690389176,0.0,0.006297229219143577
66d3d20d-733c-4d2b-bac8-aee08920cbb2,ok,17760256.0,v1.14-1.15,0.0,0.08,0.0,True,0.0,0.0,0.5808064751327037,4.0,actuator_motors,none,4986856,3681100,5.2,,B,,0.0,4.0,True,10.007975340807391,20.007739711148844,1.999888236698541,122.046569,114.94258799999996,,True,0.0,0.0,,main,0.0028113425010815,0.0007429196470184,0.0005652073217788,0.0066410001832991,0.011390446871519,0.010270132496953,0.0053974533686414,0.0194334583356976,0.0206267122179269,0.0,0.0028073980687896,0.0007426438188211,0.0005650476522819,0.0066190458869706,0.01132606416879,0.0102177530104505,0.0053829393197197,0.0192470399819086,0.02041686235826,0.0,0.0
1ccf1be6-2c88-402e-99e0-2f8039601997,ok,17695999.0,v1.14-1.15,0.3132022471910112,0.0126404494382022,0.0,True,0.0,0.0,0.1516391783952709,4.0,actuator_motors,none,39196487,24068112,10.7,,C,,0.0,4.0,True,9.917181280011002,200.0480079935404,1.9834397532094863,362.476233,350.57012099999986,,True,0.0,0.0087766942471891,vehicle_attitude,main,0.0032135216752067,0.0020899312570691,0.0,0.0016943833325058,0.0,0.0100420128554105,0.0072658293880522,0.0004375159944174,0.0,0.0,0.0032083693495507,0.0020877503887873,0.0,0.0016929494844973,0.0,0.0099919268745866,0.0072395604168654,0.000437420312202,0.0,0.0,0.0
fa1651f6-5f55-459a-a325-d2488862102e,ok,17826559.0,v1.16+,0.0,0.0,0.0,True,0.0,0.0,0.2223113864660262,4.0,actuator_motors,none,31221888,19303540,12.4,,B,,0.0,4.0,True,9.999780458170822,157.4811984647672,2.0000029144779314,304.32372,300.534123,,True,0.0,0.0,,main,0.0001385466399369,0.0,0.0,0.0,0.0,0.0,0.0,0.0101799746975302,0.0,0.0,0.0001385370432375,0.0,0.0,0.0,0.0,0.0,0.0,0.0101285077485541,0.0,0.0,0.0
84773db7-47ef-4013-b048-9f1a782164cc,ok,17825792.0,v1.16+,0.0,0.0,0.0,False,0.0091491308325709,0.5017320000000041,0.0958780467510223,4.0,actuator_motors,none,5829272,4226048,2.8,,B,,0.0,4.0,True,9.999891832640364,19.999827516534832,2.000000965517708,116.013944,109.20587799999996,,True,0.0,0.0008707940829646,sensor_combined,main,0.0334570840001106,0.0076089638285338,0.0002463730692397,0.0052242383360862,0.0032304145395755,0.0014522432582452,0.0015464299591258,0.0485865518450736,0.0138623256236314,0.0,0.0329095743622735,0.0075801616740294,0.000246342724379,0.0052106393453402,0.0032252079604526,0.001451189772826,0.0015452354676229,0.0474431162076375,0.0137671224042144,0.0,0.00859106529209622
56fae0a3-b045-4aa2-b3be-a8a7d28c71cd,ok,17630207.0,v1.12-1.13,0.0,0.0,0.0,True,0.0,0.0,0.198,6.0,actuator_outputs,per_channel,10048877,6318176,4.0,,C,,,,False,10.003745627799567,20.003863656290097,1.999957960561095,248.22248,245.223664,True,True,0.0,0.0,,main,0.012243122048676,0.0078152494505047,0.0,0.0203664768487215,0.0,0.0,0.0083278842270374,0.0006515488494187,0.0141170989722013,0.0,0.0121687811909969,0.0077848685752684,0.0,0.0201618537947727,0.0,0.0,0.0082933987277334,0.0006513366836196,0.0140183807225388,0.0,0.0
ae8790c5-c197-468f-a0a9-1b78ac9e125d,ok,17826240.0,v1.16+,0.0,0.0,0.0,True,0.0,0.0,0.1712138175964355,4.0,actuator_motors,none,3601633,2759075,6.1,,A,,0.0,4.0,True,10.011151149980572,20.01140421956124,1.999902404762648,83.371505,78.797571,,True,0.0,0.0,,main,0.0003649401842267,0.0,0.0,0.0,0.0,0.0,0.0,0.2318888530135154,0.2220057286322116,0.0010320469737052,0.0003648736097543,0.0,0.0,0.0,0.0,0.0,0.0,0.2085486443317469,0.2004935486534821,0.0010315147793621,0.0
2e646bea-dea5-410d-a5ac-578fbbf42cc6,ok,17694975.0,v1.14-1.15,0.0,0.0,0.0,True,0.0,0.0,0.3794935017824172,4.0,actuator_motors,none,12557139,6687479,7.4,,A,,0.0,4.0,True,9.935761683841402,196.2691440591267,1.9786226189763427,93.721266,93.26468200000002,,True,0.0,0.0074305543080217,sensor_combined,main,0.0320540224201977,0.0,0.0,0.0,0.0,0.0,0.0,0.0091103652957826,0.0804180596023798,0.0050788917578756,0.0315510129956916,0.0,0.0,0.0,0.0,0.0,0.0,0.0090691162577918,0.0773480584596873,0.005066037691701,0.0
eb79623b-519d-4528-a01b-48d7ef00bd0e,ok,17891583.0,v1.16+,0.0,0.0,0.0,True,0.0,0.0,0.0867001295089721,4.0,actuator_motors,none,64242093,27139188,12.3,,C,,0.0,4.0,True,10.000958527883125,20.000946942421773,1.9999874020211024,1030.182304,1026.5323019999996,,True,0.0,0.0,,main,0.0001425197551725,0.0,0.0,0.0,0.0,0.0,0.0,3.3006597277562832e-06,0.5623596906661987,0.0,0.000142509600197,0.0,0.0,0.0,0.0,0.0,0.0,3.30065428059095e-06,0.4461973006227073,0.0,0.0
60413875-f950-46a7-8aac-5d1f820b53ef,ok,17629952.0,v1.12-1.13,0.0,0.0,0.0,True,0.0,0.0,0.1823499999999999,6.0,actuator_outputs,per_channel,4067525,2677520,2.6,,A,,,,False,10.00904017642904,20.008598218014217,1.9999564390440367,105.684032,101.43389299999998,True,True,0.0,0.0,,main,0.0057110346388071,0.0162896458059549,0.0,0.0,0.0,0.0,0.0,0.0142075819894671,0.0,0.0,0.005694788505954,0.0161583929821186,0.0,0.0,0.0,0.0,0.0,0.0141076001834813,0.0,0.0,0.0
84d75fd0-ece3-40c5-ad5f-e6eba89fd42b,ok,17760256.0,v1.14-1.15,0.0,0.0,0.0374639769452449,True,0.0087351235886481,0.3626570000000022,0.2115222811698913,4.0,actuator_motors,none,21580000,15031838,9.9,,B,,0.0,4.0,True,10.014471490174486,199.97156814684428,2.000000116788328,68.692583,65.79006,,True,0.0,0.0,,main,0.0,0.0,0.0,0.0,0.0,0.0,0.0,0.0,0.0,0.0,0.0,0.0,0.0,0.0,0.0,0.0,0.0,0.0,0.0,0.0,0.008310048263599086
af14a6f8-ebba-4b10-bc9b-22f564e8bbf3,ok,17956992.0,v1.16+,0.0,0.0,0.0,True,0.0,0.0,0.062676228582859,4.0,actuator_motors,none,17494802,11150949,10.5,,B,,0.0,4.0,True,9.992265930490651,19.97830719858836,2.000505655708529,466.601819,457.67355600000025,,True,0.0,0.0013934537369877,vehicle_attitude,main,0.0150027567520737,0.0,0.0,0.0,0.0,0.0,0.0,2.4861390113830564,3.612290668487547,0.0040114285424351,0.0148913285019575,0.0,0.0,0.0,0.0,0.0,0.0,1.248794823348962,1.528724624811047,0.004003404215145,0.0
70cdc2f7-454c-4d20-8df9-b9631b51e3c4,ok,17761535.0,v1.14-1.15,0.0098389982110912,0.988819320214669,0.0,True,0.0003565380158659,0.1988039999999955,0.2646419882774353,4.0,actuator_motors,none,43745960,26366589,13.6,,C,,0.0,4.0,True,10.00088778081523,20.000799925439743,1.999997750335716,1125.754988,1121.8297050000008,,True,0.0,0.0,,main,0.0158515910618007,0.0571862444281577,0.0300704349763691,0.0070279421051964,0.0045600100886076,0.0031793054309673,0.0022667752578854,0.0206165957264601,0.5813606113195413,0.0,0.015727266697201,0.0556108923392454,0.0296271833757043,0.0070033612215658,0.0045496447413837,0.0031742621260993,0.0022642099986964,0.0204069502704383,0.4582856228698135,0.0,0.0006215040397762585
e7dd1aa5-2f42-4e46-8d97-d1206aeffdef,ok,17891520.0,v1.16+,0.0,0.0,0.0,True,0.0,0.0,0.2559525027871131,4.0,actuator_motors,none,13225023,8447365,4.9,,B,,0.0,4.0,True,10.00756442251762,200.00002019777187,1.999998970464665,118.392751,112.43040999999998,,True,0.0,0.0,,main,0.0036201390088535,0.021043743006885,0.0894234050065278,0.0962782610207795,0.1687464877963064,0.0181020461022853,0.0505738917738198,0.1009363498538732,0.0997003141790627,0.0045636428985744,0.0036136020772822,0.0208253815624153,0.0856485700459309,0.0919210440944542,0.155931796522175,0.0179401548552338,0.0493365784520679,0.0961610448558528,0.0950377010299575,0.0045532610543581,0.0
ea084fb8-132a-4fbd-a258-f5c94c847716,ok,17760384.0,v1.14-1.15,0.0,0.0,0.0,True,0.0,0.0,0.153134748339653,4.0,actuator_motors,none,9058954,6361636,3.1,,B,,0.0,4.0,True,10.009043758046907,20.00812940943703,2.000033680567181,100.091562,91.18130800000004,,True,0.0,0.0,,main,0.0058474782854318,0.0001226571330334,0.0223382264375686,0.0017709030071273,0.0137564381584525,0.0008958234102465,0.0105020003393292,0.0038847818505018,0.0023166367318481,0.0,0.0058304481409656,0.0001226496112623,0.0220923826647145,0.0017693368071831,0.0136626772617975,0.000895422399927,0.0104472374135914,0.0038772555711606,0.0023139574661002,0.0,0.0
687c41e7-2801-4e22-a316-33e8478bdc95,ok,17761535.0,v1.14-1.15,0.0754716981132075,0.0,0.0,True,0.0,0.0,0.5521544963121414,4.0,actuator_motors,none,3172453,2352643,2.4,,B,,0.0,4.0,True,10.012858287781365,20.01259682515249,1.9998457487397487,76.089441,64.90540200000002,,True,0.0,0.0,,main,0.000307466101367,0.0,0.0,0.0,0.0,0.0,0.0,0.1476084411144256,0.1057321727275848,0.0003365904442034,0.0003074188433518,0.0,0.0,0.0,0.0,0.0,0.0,0.1376801605480263,0.1005077153008906,0.0003365338103477,0.0
fbf78393-b995-44d4-84ed-a8f94f84ccae,ok,17761535.0,v1.14-1.15,0.0,0.0559006211180124,0.0,True,0.0,0.0,0.0931141525506973,4.0,actuator_motors,none,8991821,5647241,3.4,,B,,0.0,4.0,True,10.013091896685046,221.9298062680592,1.9999122841019847,78.847925,74.32525600000001,,True,0.0,0.0,,main,0.0015489712357521,0.0004241028131218,0.0001590336571098,0.0038132373942062,0.0029710983624681,0.0016144699882715,0.0015928487177006,0.0152373509481549,0.0152373509481549,0.0,0.0015477728171918,0.0004240129069424,0.0001590210125983,0.0038059854342773,0.0029666933726768,0.0016131681326162,0.0015915814796823,0.0151224284553429,0.0151224284553429,0.0,0.0
4287b232-f4a8-417d-aa49-b21eb88081fb,ok,17826047.0,v1.16+,0.0,0.0,0.0,True,0.3196004993757803,4.402313999999997,0.3161134719848633,4.0,actuator_motors,none,3959784,3123344,2.7,,C,,0.0,4.0,True,9.881454851078576,19.75177580367395,1.999948049542232,84.717131,80.13241599999999,,True,0.0,0.0142137535088303,vehicle_local_position,main,0.0056729236617684,0.0001525626561488,0.0001664685900323,0.0064075930975377,0.00192617647117,0.0082534703426063,0.0089004253037273,0.0183102009817957,0.050076962634921,0.0,0.0056568932280425,0.0001525510196502,0.000166454735674,0.0063871517463259,0.0019243237719732,0.0082195967119642,0.0088610499840229,0.0181445878039488,0.0488634592308271,0.0,0.30512514898688914
967adbbb-7a99-40f6-8126-3e05cb146b3f,ok,17761280.0,v1.14-1.15,0.2389078498293515,0.0716723549488054,0.0,True,0.0357142857142857,1.0999959999999973,0.287957140803337,4.0,actuator_motors,none,4404965,3311111,4.7,,C,,0.0,4.0,True,10.008996675329907,20.009012868569297,2.0000046834280525,99.638823,95.24017300000004,,True,0.0,0.0,,main,0.0081832030788063,0.003033420164138,0.0047648999374359,0.0102112497668713,0.0109760355204343,0.0058897578623145,0.0285183973610401,0.0460760582238435,0.0056139170657843,0.00188156706281,0.00814990222093,0.0030288286282202,0.0047535837345411,0.0101594671676655,0.0109162360189534,0.0058724810428071,0.0281193175163196,0.0450460764063556,0.0055982177623593,0.0018797991328092,0.034
8662dc04-492e-426a-bd48-fedfb83a2819,ok,17695488.0,v1.14-1.15,0.0200400801603206,0.0,0.0,False,0.0,0.0,0.0160054296255111,4.0,actuator_motors,none,31129600,17030781,13.4,,B,,0.0,4.0,True,10.001184702989727,20.00215312456091,2.000395919238424,745.202026,743.4165890000003,,True,0.0,0.0012962491487154,sensor_combined,main,0.0,0.0,0.0,0.0,0.0,0.0,0.0,0.0001039343733282,0.0,0.0,0.0,0.0,0.0,0.0,0.0,0.0,0.0,0.0001039289725254,0.0,0.0,0.0
393720cc-406d-4e83-a471-06b57e8272a4,ok,17694975.0,v1.14-1.15,0.2363636363636363,0.0,0.0,True,0.0014814814814814,0.1016979999999989,0.2740368038415908,4.0,actuator_motors,none,5828075,3974045,7.0,,C,,0.0,4.0,True,9.835192998461713,19.656826638166315,1.9642409927273976,139.854451,137.429111,,True,0.0,0.0178663632231272,vehicle_local_position,main,0.0018409127253107,0.0003590007429011,0.0,0.0090076982043683,0.0,0.0020039056893438,0.0037114188075065,0.0100124550983309,0.0183491427451372,0.0,0.0018392203222055,0.0003589363175531,0.0,0.0089673708808887,0.0,0.0020019005486329,0.0037045484865691,0.0099626625576579,0.0181828286255827,0.0,0.001451378809869376
67c11066-1264-4af4-b94a-a36d6820a6e5,ok,17760511.0,v1.14-1.15,0.0017953321364452,0.0,0.0,True,0.0025230745004849,1.640525999999909,0.1498588323593139,4.0,actuator_motors,none,140687828,73831068,28.9,,A,,0.0,4.0,True,10.000051215663298,247.3080866148063,2.00006116424847,1126.867903,1123.2125779999997,,True,0.0,0.0,,main,0.0007917828857898,0.0,0.0,0.0,0.0,0.0,0.0,1.030063962936401,0.4843816459178923,0.0009278979443479,0.000791469591084,0.0,0.0,0.0,0.0,0.0,0.0,0.7080673013929686,0.3949982854807946,0.0009274677131701,0.002513969468643134
2614ee35-79e5-4304-b905-314be888c7c5,ok,17695743.0,v1.14-1.15,0.0,0.0,0.0,True,0.0017452006980802,0.1009480000000024,0.4130265042185781,4.0,actuator_motors,none,2892941,2245220,2.7,,A,,0.0,4.0,True,9.9991428227263,19.999753779466307,2.0000190230817005,65.960739,57.39456100000001,,True,0.0,0.0012801906739435,sensor_combined,main,0.0012618533102795,0.0029830114450305,0.0,0.017069764714688,0.0,0.010342965228483,0.0051603194791823,0.5253230631351468,2.547092843055725,0.0,0.0012610578424966,0.002978571094609,0.0,0.0169257132531669,0.0,0.0102898427456339,0.0051470506586116,0.4222062323022443,1.2661283505421637,0.0,0.0015082956259426848
b48a234c-03d3-4dae-9f9d-cf335744cad3,ok,17891583.0,v1.16+,0.0,0.0543478260869565,0.0,False,0.955958549222798,73.70066999999999,1.0,4.0,actuator_motors,none,2942841,2033907,2.7,,C,,0.0,4.0,True,10.013306431001116,20.01266988079512,2.000070652177305,79.018681,76.66580600000002,,True,0.0,0.0,,main,0.007876450731419,0.0,0.0,0.0,0.0,0.0,0.0,0.0086383903399109,0.0049118477385491,0.1424883648753169,0.0078455934181872,0.0,0.0,0.0,0.0,0.0,0.0,0.0086012929342373,0.0048998239709821,0.1332086598177946,0.9318181818181818
a9ca40fb-70b4-498b-90f5-3e7a31a630e6,ok,17761535.0,v1.14-1.15,0.0,0.0,0.0,True,0.0120481927710843,0.2974639999999979,0.2728909313678742,4.0,actuator_motors,none,7562541,3745861,5.0,,C,,0.0,4.0,True,9.999906875867218,19.98599244428097,1.999959903242916,144.399502,66.31803999999998,,True,0.0,0.0012030246695775,sensor_combined,main,0.0159886832349001,0.0,0.0,0.0,0.0,0.0,0.0,10.33335642814636,0.0,0.0826132152229547,0.0158622105459293,0.0,0.0,0.0,0.0,0.0,0.0,2.4277502737235954,0.0,0.0793777622367322,0.005551700208188758
1f8567a9-ea53-4632-a4eb-edff86a8c860,ok,17695743.0,v1.14-1.15,0.0072202166064981,0.0,0.0,True,0.0030228800750508,0.1547559999999919,0.2208473622415533,4.0,actuator_motors,none,16051790,9547709,5.4,,C,,0.0,4.0,True,10.006958373883416,159.26227244341945,1.999935436866875,138.300862,134.3137,,True,0.0,0.0061585497192148,sensor_combined,main,0.0040314571931958,0.0,0.0,0.0,0.0,0.0,0.0,0.0058625606121495,,0.0140472944825887,0.0040233526444376,0.0,0.0,0.0,0.0,0.0,0.0,0.0058454426743987,,0.0139495455828771,0.002929958829026799
ebd943b4-d8b5-4b86-86e5-86b77ff478d4,ok,17695743.0,v1.14-1.15,0.0,0.0,0.0,True,0.0,0.0,0.1147233769297599,4.0,actuator_motors,none,10653884,6697026,3.9,,B,,0.0,4.0,True,10.013710024004798,159.97664722531798,2.000025289793467,76.117584,70.291208,,True,0.0,0.0,,main,0.0078004986979067,0.0,0.0,0.0,0.0,0.0,0.0,0.0,0.0,0.0001618439971935,0.0077702321024072,0.0,0.0,0.0,0.0,0.0,0.0,0.0,0.0,0.0001618309018667,0.0
6400e487-aa50-465e-98f2-4cb30de9b193,ok,18350080.0,v1.16+,0.0,0.0512820512820512,0.1445623342175066,True,0.0,0.0,0.1893099255859851,4.0,actuator_motors,none,5879925,3957945,3.5,,C,,0.0,4.0,True,10.006751035316668,20.00617433994259,1.99998604009744,150.276727,144.32392199999992,,True,0.0,0.0,,main,0.0832946896553039,0.062233742326498,0.0,0.3025736510753631,0.0,5.554680919647216,0.1819376051425933,5.1730534076690695,4.42793626785278,0.0,0.0800070359498962,0.0603739949547329,0.0,0.2643420389779049,0.0,1.8801794386315236,0.167155130063179,1.820193595191774,1.6915590005353762,0.0,0.0
fc74f4ed-8a19-4fb9-af7a-ffda09eff68c,ok,17695488.0,v1.14-1.15,0.1097560975609756,0.0,0.0,True,0.0,0.0,0.1357283055782318,4.0,actuator_motors,none,2879320,2004504,2.4,,C,,0.0,4.0,True,10.012406905812652,20.012331087197506,1.9998843337337544,79.967732,74.98124499999999,,True,0.0,0.0,,main,0.0,0.0,0.0,0.0,0.0,0.0,0.0,8.828066311252769e-05,,0.0,0.0,0.0,0.0,0.0,0.0,0.0,0.0,8.827676660411044e-05,,0.0,0.0
5665cde1-948e-4f16-a9f9-7028b77ace97,ok,17891583.0,v1.16+,0.0281774580335731,0.0,0.0,True,0.0,0.0,0.248891222476959,4.0,actuator_motors,none,38751283,25359667,8.6,,C,,0.0,4.0,True,10.00129694589553,20.00126011936824,1.9999979442445373,825.015024,820.4005140000003,,True,0.0,0.0,,main,0.0052055846899747,0.0015426973695866,0.0016213681665249,0.0055159402545541,0.0063176066614687,0.0018190174014307,0.0023921612882986,0.2047509104013443,0.0038285981863737,0.0,0.0051920824716823,0.0015415086344149,0.0016200551682033,0.0055007831676204,0.0062977342380245,0.0018173649928139,0.0023893046253093,0.1862728322145867,0.003821287757526,0.0,0.0
aef0e777-e6db-4d3d-b1a0-153099297f86,ok,17761280.0,v1.14-1.15,0.0290055248618784,0.0,0.0,True,0.0,0.0,0.2292560011148451,4.0,actuator_motors,none,39576018,24755487,12.6,,A,,0.0,4.0,True,9.980226792902505,197.11650821164253,2.000464278786865,362.200242,358.388728,,True,0.0,0.0028182504923473,sensor_combined,main,0.0128139741718769,0.1092199329286813,0.0147210771683603,0.0074218638474121,0.0038161653792485,0.0556787755340337,0.0066428040154278,0.0046250566840171,0.0007945402176119,0.6110717296600345,0.0127325698756588,0.1036570051431684,0.0146137739097373,0.0073944573373119,0.003808902292377,0.0541839491737619,0.0066208378172736,0.0046143939738043,0.0007942247376298,0.4768996281322693,0.0
358ddf93-4de4-4372-ad7a-64783e9b2e9c,ok,17629952.0,v1.12-1.13,0.0,0.0,0.0,True,0.0,0.0,0.1227572603151202,4.0,actuator_motors,none,6940248,4484714,2.9,,A,,0.0,4.0,True,10.007140718577196,20.006611249864864,2.00011276080554,140.760604,127.893816,,True,0.0,0.0,,main,0.0005411718273535,0.0001090154877601,0.0,0.0015540189226157,0.0,0.0,0.001242761145113,0.0005080767063191,0.0,0.0,0.0005410254466891,0.0001090095460036,0.0,0.0015528126847257,0.0,0.0,0.0012419895566816,0.0005079476790513,0.0,0.0,0.0
845a6b84-c30f-4455-ae40-7ceadba53a3e,ok,17695488.0,v1.14-1.15,0.9965986394557824,0.0,0.0,True,0.0,0.0,0.4422922357916832,4.0,actuator_motors,none,23301676,12001302,9.7,,B,,0.0,4.0,True,10.002196050470168,20.00209520167283,1.999967609719976,435.138439,424.5937419999995,,True,0.0,0.0,,main,0.009273316245526,0.0006192455475684,0.0,0.0033339164219796,0.0,0.0006854597304482,0.0022787807974964,0.0101945549249649,0.0393283763900399,0.0020489159505814,0.0092305830310199,0.0006190538941605,0.0,0.0033283712439804,0.0,0.0006852249102275,0.0022761883142552,0.0101429409412331,0.0385747126071984,0.0020468197850514,0.0
28a0d84e-a602-4eca-90e0-3e8f8e552fb9,ok,17695488.0,v1.14-1.15,0.0,0.0,0.0,True,0.0011587485515643,0.0980920000000011,0.133853393048048,4.0,actuator_motors,none,3756800,2392567,2.4,,C,,0.0,4.0,True,10.011130174759714,20.010903047787657,2.000143118812193,88.083534,86.30308599999996,,True,0.0,0.0,,main,0.0098724907729774,0.0262862481176853,0.0,0.12016680277884,0.0,3106.8680419921875,0.2122513055801391,1.3458383083343506,6.747947466373439,0.0,0.0098240761239468,0.0259467021036644,0.0,0.1134776052704106,0.0,8.04169225305472,0.1924792139919293,0.8526428255774114,2.047427965239553,0.0,0.0011325028312570782
da529492-af79-4386-baec-d9c2113629f2,ok,17629184.0,v1.12-1.13,0.0,0.0,0.0,True,0.0,0.0,0.1771999999999999,6.0,actuator_outputs,bus,6433852,3708980,4.0,,C,,,,False,10.00611635407662,20.006083105417,2.006178053092348,162.128267,149.96231099999997,True,True,0.0,0.0,,main,0.000106350009446,0.0001852532004704,0.0,0.0,0.0,0.0,0.0,0.0003058984802919,0.0,0.0,0.0001063443546846,0.0001852360432151,0.0,0.0,0.0,0.0,0.0,0.0003058517028909,0.0,0.0,0.0
48399b22-86b7-4249-b279-abe8ec0da2fb,ok,17761023.0,v1.14-1.15,0.0,0.0,0.0,True,0.0,0.0,0.3168385922908783,4.0,actuator_motors,none,26726552,8388431,10.3,,A,,0.0,4.0,True,9.95056802491322,195.54044243971163,2.000129208346859,61.353073,55.42244600000001,,True,0.0,0.0058097694495547,vehicle_attitude,main,0.0070530283264815,0.0,0.0,0.0925615131855011,0.0242386274039745,39.513427734375,0.0283966623246669,0.0644555166363716,0.0486929826438427,0.0,0.0070282720584733,0.0,0.0,0.0885249513778295,0.023949534043171,3.701633468159184,0.0280009509012841,0.0624634164429044,0.0475446103548032,0.0,0.0
5d329eef-98f0-4984-8677-a2d79ead95a9,ok,17826047.0,v1.16+,0.0,0.0,0.0,True,1.362138011823358e-05,0.0012499999999988,0.1756434574723243,4.0,actuator_motors,none,44891830,17416614,11.9,,B,,0.0,4.0,True,10.01019989369188,199.9694275941397,1.9999957128297028,97.734731,91.82003199999996,,True,0.0,0.0,,main,0.0027600184548646,0.0003100176327279,0.000467069541628,0.0006642952066613,0.0007370042003458,0.0062813449185341,0.0025423761107958,0.0066965271253138,0.0034474960993975,0.0,0.0027562165977861,0.0003099695871913,0.0004669604986021,0.000664074660267,0.0007367327461172,0.0062616994950768,0.0025391497399265,0.0066742049860045,0.0034415671075962,0.0,1.2752336865730646e-05
b6bf4fa6-4f26-4fa3-8272-a50da18e02b4,ok,17825792.0,v1.16+,0.0773638968481375,0.0,0.0,True,0.0361885648405141,0.0675550000000058,0.639393262565136,4.0,actuator_motors,none,18801129,11836117,5.2,,C,,0.0,4.0,True,10.0054688903014,160.68558365670893,2.000014911353777,169.388677,163.93102500000003,,True,0.0,0.0,,main,0.0187327200546859,0.0038859797175973,0.0058036867063492,0.0353617973625659,0.0368088159710168,1.3462003469467163,0.0071098739746957,0.0389809507876634,2.9148311376571585,0.0,0.0185594235195698,0.0038784488020995,0.0057869101957676,0.0347509283036827,0.0361475496381876,0.8527971459654912,0.0070847179876127,0.0382403777696749,1.364772196368783,0.0,0.03493908849174448
fe1dbd0f-6d8c-4d73-9fb0-22980636179a,ok,17760511.0,v1.14-1.15,0.0,0.1011673151750972,0.0,True,0.0,0.0,0.0756072282791137,4.0,actuator_motors,none,5432735,3544499,3.5,,B,,0.0,4.0,True,10.00705473941684,20.006987223669103,2.0001278983745525,127.726685,123.49710399999996,,True,0.0,0.0,,main,0.0,0.0,0.0,0.0,0.0,0.0,0.0,0.0,0.0,0.0003440965156187,0.0,0.0,0.0,0.0,0.0,0.0,0.0,0.0,0.0,0.0003440373279897,0.0
0d10957b-facd-4c8b-9c39-34e3c25e4d32,ok,17629696.0,v1.12-1.13,,,0.0,True,0.0109824873849807,2.1000489999999843,0.4652384810149669,4.0,actuator_motors,none,36565738,18531326,9.0,,B,,0.0,4.0,True,10.001477700597146,20.00137280201741,1.999996603556064,676.705397,673.8600239999988,,True,0.0,0.0,,main,0.00263830893673,0.0018148986622691,0.0,0.016299371048808,0.0,0.0,0.0079776691272854,0.0025367041584104,0.0033393962774425,0.0,0.0026348347090894,0.0018132537236558,0.0,0.0161679622976787,0.0,0.0,0.0079460157602152,0.0025334921552046,0.0033338328758547,0.0,0.0109321908701433
7f8a6ff7-4f32-42ff-9883-9f64dd2d666a,ok,17630207.0,v1.12-1.13,0.0,0.0,0.0,True,0.0,0.0,0.3039614588022231,4.0,actuator_motors,none,19606985,11088818,8.6,,B,,0.0,4.0,True,9.879171754991336,195.9050859767496,1.9643617912116569,140.222842,133.234617,,True,0.0,0.0129685512183224,vehicle_attitude,main,0.0043623837409541,0.0048076306702569,0.0,0.0066025940468534,0.0,0.0,0.0042768056737259,0.0002528554105083,0.0119671516586095,0.0003633910455391,0.0043528961274023,0.0047961109209717,0.0,0.0065808923952019,0.0,0.0,0.0042676861327642,0.0002528234479668,0.0118961115031082,0.0003633250350043,0.0
21a3f166-853b-4895-8fee-3cc56d05922b,ok,17695743.0,v1.14-1.15,0.6086956521739131,0.0,0.0,True,0.0602218700475435,0.3014480000000006,0.6463898569345474,4.0,actuator_motors,none,2796438,1994683,3.4,,B,,0.0,4.0,True,10.013754117208936,20.01424787046872,1.9999425604732264,68.228762,63.07068900000001,,True,0.0,0.0,,main,0.0047800057567655,0.0,0.0,0.0,0.0,0.0,0.0,1.156102800369262,0.622086253762245,0.0,0.0047686178044811,0.0,0.0,0.0,0.0,0.0,0.0,0.7683023329718548,0.483713131691341,0.0,0.055232558139534885
91970d9d-4b2c-4c73-a6de-5aafcb32a15e,ok,17630207.0,v1.12-1.13,0.0,0.0,0.0,True,0.0,0.0,0.196,6.0,actuator_outputs,per_channel,16633626,10114927,7.3,,B,,,,False,9.994517712513955,19.994230455649323,1.9999950586097108,520.825929,516.9984549999994,True,True,0.0,0.0003544954505282,sensor_combined,main,0.0052289765328168,0.0012556112254969,0.0,0.0098432979080826,0.0,0.0,0.0039989930810406,0.0158459722064435,0.0222867207601665,0.0,0.0052153529061389,0.0012548236049499,0.0,0.009795168230014,0.0,0.0,0.0039910183617044,0.0157217355045089,0.0220420011240964,0.0,0.0
8dd03b36-cff7-436a-8228-99b00e70a3fe,ok,17956928.0,v1.16+,0.0,0.0,0.0,True,0.0,0.0,0.2841917887330055,4.0,actuator_motors,none,62809270,34807228,16.8,,C,,0.0,4.0,True,10.00193819673903,183.6533219074012,2.0001185115086133,501.769541,53.06701,,True,0.0,0.0,,main,0.0040608810028061,0.0008167853025952,0.0012818870542105,0.0013664730417076,0.0013195302395615,0.0056739375926554,0.0033643195638433,0.002741250465624,0.0007076405716361,0.0,0.004052657880111,0.0008164519150049,0.0012810661384732,0.0013655402670649,0.0013186604246156,0.005657901438915,0.0033586729020183,0.0027375000908141,0.0007073903121023,0.0,0.0
e5dbe9fc-451a-405b-a48d-4ddfb7d8ba63,ok,17760767.0,v1.14-1.15,0.0,0.0,0.0,True,0.0432766615146831,0.2031269999999949,0.6216835260391235,4.0,actuator_motors,none,2968815,2313086,3.2,,B,,0.0,4.0,True,10.012325641761802,20.01351353232601,1.999892450228232,72.151683,64.70209,,True,0.0,0.0,,main,4.542422866821289,0.0,0.0,0.0,0.0,0.0,0.0,20.45345258712768,1.0025906443595871,0.0295408613979816,1.712431745735134,0.0,0.0,0.0,0.0,0.0,0.0,3.065885592194244,0.6944416645337173,0.0291129372254815,0.03851444291609354
79c7131c-16cd-4802-aa9c-155a2097a144,ok,17694975.0,v1.14-1.15,0.0,0.0,0.0,True,0.0,0.0,0.2007584691047668,4.0,actuator_motors,none,33247018,18951521,14.3,,B,,0.0,4.0,True,9.933048157330616,162.644961972436,1.987228164587331,312.762613,310.31231400000013,,True,0.0,0.0073184996061491,vehicle_attitude,main,0.0019645196967758,0.0063208740437403,0.0,0.0521753152832387,0.0,0.0042901716893538,0.0090460232459008,0.0089310033246874,0.0133249655365943,0.0,0.0019625925514867,0.0063009811025786,0.0,0.0508597499398133,0.0,0.004280995139413,0.0090053530625618,0.0088913577892524,0.0132369690217753,0.0,0.0
579d36a4-e574-4211-a53e-1873c379d1c2,ok,17761280.0,v1.14-1.15,0.2540827952905431,0.0,0.0,False,0.0068525387898368,3.342399999999998,0.2258604526519775,4.0,actuator_motors,none,147085411,79724590,31.7,,B,,0.0,4.0,True,9.9674606452902,218.4675358016884,1.9955561450594137,1323.331894,1321.6976929999994,,True,0.0,0.0036802840238874,vehicle_attitude,main,0.0213856039568779,0.0461333759129039,0.0418261542916294,0.0023313958896324,0.0019092021160759,0.0104917725548147,0.0035769483773037,0.0233996201306581,0.0110187098849564,25.94956312179564,0.0211601407095981,0.0451008679469534,0.0409750909203674,0.0023286824028914,0.0019073819061134,0.0104371158737313,0.0035705663118081,0.0231300462051408,0.0109584461825806,3.2939670865295723,0.00685028004540271
f39ec69b-9be5-439d-9d49-7f702ce80f33,ok,17695488.0,v1.14-1.15,0.0,0.0,0.0,True,0.0,0.0,0.2651112452149391,4.0,actuator_motors,none,3416150,2461725,3.3,,C,,0.0,4.0,True,10.01022752520451,20.00921508792663,1.9998421774034223,97.548065,93.55561800000002,,True,0.0,0.0,,main,0.0,0.0018597004353068,0.0,0.0418673444539308,0.0,0.0143312683328986,0.0062092383857816,0.0186806073412298,0.0222409956157207,0.0002139925811206,0.0,0.0018579733333822,0.0,0.0410146266412702,0.0,0.0142295464243089,0.0061900404936568,0.0185082677596984,0.0219972718263841,0.0002139696879741,0.0
c95dee01-7d4b-4381-891a-5b84ac746bb4,ok,17826559.0,v1.16+,0.0,0.0,0.0,True,0.0,0.0,0.1019373804330825,4.0,actuator_motors,none,15249762,6159109,5.7,,B,,0.0,4.0,True,10.010679305738982,197.7742362933749,2.0000426190899923,82.867709,79.37351899999997,,True,0.0,0.0,,main,0.0149258531164377,0.0,0.0,0.0,0.0,0.0,0.0,0.4379734992980957,0.1233647875487804,0.0,0.0148155587085777,0.0,0.0,0.0,0.0,0.0,0.0,0.36323483026819,0.1163284560894104,0.0,0.0
ce61a96b-7a46-42ad-ba87-22e6819061e0,ok,17826047.0,v1.16+,0.0,0.0,0.0,True,0.0,0.0,0.2931170508265492,4.0,actuator_motors,none,3080631,2429993,2.7,,C,,0.0,4.0,True,10.014360593090492,20.013906304883022,1.9997695559670507,68.208136,61.17547500000003,,True,0.0,0.0,,main,0.0021791562903672,0.0037687969859689,0.000685135833919,0.0308078065514564,0.004744769539684,0.0023364359512925,0.006896530278027,0.0047108468599617,0.0019411671441048,0.0,0.002176785373073,0.0037617128641073,0.0006849012355119,0.0303427730613968,0.0047335486005397,0.0023337107288615,0.006872857988542,0.00469978554606,0.0019392855138099,0.0,0.0
ad2d39cf-5851-4f43-9692-01d370649bc2,ok,17761023.0,v1.14-1.15,0.0718954248366013,0.0,0.0,True,0.0,0.0,0.1081487238407135,4.0,actuator_motors,none,2651201,1890158,2.5,,B,,0.0,4.0,True,9.84289625023218,19.685855628961,1.960526289993075,76.161276,71.83014800000002,,True,0.0,0.0183261377442388,vehicle_local_position,main,0.0041689860168844,0.0,0.0,0.0,0.0,0.0,0.0,0.0004429142398294,0.0,0.0,0.0041603198723541,0.0,0.0,0.0,0.0,0.0,0.0,0.0004428161822704,0.0,0.0,0.0
ff411cea-225e-43f7-8c62-8a5abe06853f,ok,17695232.0,v1.14-1.15,0.1153846153846153,0.0029585798816568,0.0,True,0.0,0.0,0.1499566065147518,4.0,actuator_motors,none,6537460,4318627,8.0,,C,,0.0,4.0,True,10.006704987416644,20.00610043781253,1.9999985465849075,162.067826,157.87887499999997,,True,0.0,0.0,,main,0.0010001714341342,0.0,0.0,0.0,0.0,0.0,0.0,0.0027655018260702,0.0028231497853994,3.0483801492664493e-05,0.0009996715959401,0.0,0.0,0.0,0.0,0.0,0.0,0.0027616848614908,0.0028191721825312,3.048333687103004e-05,0.0
7af2a624-e86e-4fe1-bc25-07716be7b94e,ok,17629696.0,v1.12-1.13,0.0,0.6602564102564102,0.0,True,0.6087551299589603,27.898689000000005,1.0,4.0,actuator_motors,none,3696047,2678723,8.0,,B,,0.0,4.0,True,10.013456752457246,20.011832091811826,2.000160735497557,77.700017,73.08483099999991,,True,0.0,0.0,,main,0.0001715271791908,0.0181417963467538,0.0,0.0018536876013968,0.0,0.0,0.0003202262814738,0.0001755341545504,0.0,0.0,0.0001715124700861,0.0179791975706934,0.0,0.0018519716427752,0.0,0.0,0.0003201750199813,0.0001755187502333,0.0,0.0,0.5690537084398977
ffa677e0-9a58-4803-8ec6-3f11c25a3540,ok,17761535.0,v1.14-1.15,0.0,0.0,0.0,True,0.0,0.0,0.4245372414588928,4.0,actuator_motors,none,3056358,2229855,2.8,,B,,0.0,4.0,True,10.013100264239457,20.011952138414667,2.0000319501959343,79.570577,70.06645399999996,,True,0.0,0.0,,main,0.0534837577491996,0.0,0.0,0.0,0.0,0.0,0.0,0.0224302977323531,0.0042111860588192,0.0,0.0521025367243672,0.0,0.0,0.0,0.0,0.0,0.0,0.0221824381343272,0.0042023438302957,0.0,0.0
85a7a1ba-46da-4590-ba94-54e47e10d5c1,ok,17826047.0,v1.16+,0.0,0.0,0.0,True,0.0019685039370078,0.1020630000000011,0.2731908857822418,4.0,actuator_motors,none,3757307,2729768,2.9,,A,,0.0,4.0,True,10.008991247244882,20.00817093351603,1.999983881903297,101.69193,101.524391,,True,0.0,0.0,,main,0.0015231081051751,0.0,0.0,0.0,0.0,0.0,0.0,0.0002152755434508,2.275810134410858,0.0,0.0015219493524796,0.0,0.0,0.0,0.0,0.0,0.0,0.000215252374996,1.1865652077822364,0.0,0.0019550342130987292
3871d43b-ea3c-48da-9b0b-187af0e97089,ok,17825792.0,v1.16+,0.0,0.0068093385214007,0.0,True,0.0,0.0,0.1075182855129242,4.0,actuator_motors,none,151451698,80209824,35.8,,C,,0.0,4.0,True,9.877339102920944,133.9443667559027,1.9747473014584125,1584.600196,1528.829642,,True,0.0,0.0055392831584291,vehicle_attitude,main,0.0040743412449955,0.005891868378967,0.0062539316713809,0.0098414739593863,0.0128463124856352,0.0042048143222928,0.0411404311656951,0.0106332015246152,0.0084973338991403,0.0,0.0040660635930735,0.00587457919961,0.0062344569940645,0.0097933620583562,0.012764498540079,0.0041959987936846,0.0403166807898412,0.0105770666158627,0.0084614347786303,0.0,0.0
6833d3e4-d0f4-4f99-904a-88a7e3bfacb2,ok,17761280.0,v1.14-1.15,0.0,0.0,0.0,True,0.0,0.0,0.2229028016328812,4.0,actuator_motors,none,17539019,11349078,4.3,,C,,0.0,4.0,True,10.001928751398951,20.00204160844716,1.9999838314560128,498.226763,493.45368399999984,,True,0.0,0.0,,main,0.0113964801654219,0.0016273799352347,0.0032075917813926,0.0097655527293682,0.0085604526102542,0.0111888485029339,0.0095173474401235,0.0814140856266021,0.0411306999623775,0.0,0.0113320294969442,0.0016260571873889,0.0032024584330693,0.0097181778972292,0.0085240197095695,0.011126716365998,0.0094723428134241,0.0782695232430632,0.0403073340691647,0.0,0.0
db30b83d-2cd2-4301-816f-ef20085ada32,ok,17761535.0,v1.14-1.15,0.0613207547169811,0.0,0.0,True,0.0,0.0,0.4232005417346953,4.0,actuator_motors,none,4212214,2982466,2.6,,A,,0.0,4.0,True,10.009828812174836,20.008244770147133,1.99997326351532,104.443727,94.902413,,True,0.0,0.0,,main,0.0004162130222539,0.0,0.0,0.0,0.0,0.0,0.0,0.1000989619642495,0.0508103327825665,8.612335550424173e-05,0.0004161264296404,0.0,0.0,0.0,0.0,0.0,0.0,0.0954001411797239,0.0495616120342005,8.611964710097863e-05,0.0
bff53469-acbb-4908-9fc3-c5160bd07898,ok,17826240.0,v1.16+,0.1082251082251082,0.0,0.0,True,0.1020966271649954,3.4015229999999974,0.3765619099140169,4.0,actuator_motors,none,5028886,3574071,4.4,,A,,0.0,4.0,True,10.00848151907127,20.008042287456764,2.000006062798648,111.688511,109.6981399999999,,True,0.0,0.0,,main,0.0035867980215698,0.0001903729236801,0.0005987708136672,0.0040149426320567,0.0024719287524931,0.0018667968630325,0.0051470029633492,0.0455235335975885,0.0040467497659847,0.0,0.0035803808018156,0.0001903548050545,0.0005985916219498,0.0040069042584432,0.0024688785621491,0.0018650565632893,0.0051338024197134,0.0445177490522409,0.0040385836974277,0.0,0.09973285841495994
c0ed4d38-2c3b-4362-82a5-9c74ba0ce297,ok,17826559.0,v1.16+,0.0,0.0,0.1015384615384615,True,0.15,4.797958999999999,0.999999999983938,4.0,actuator_motors,none,3233479,2838837,2.9,,A,,0.0,4.0,True,10.015022068728037,20.01456280021844,1.999969812955636,64.3237,57.97338699999999,,True,0.0,0.0,,main,0.0497143976390361,0.011893567815423,0.0145425766706466,0.0112844968214631,0.0479311518371104,0.0229022081941366,0.1780068576335905,2.329127168655396,0.4378370344638824,0.0,0.0485181249215739,0.0118233951916438,0.014437847535817,0.011221301858382,0.0468178889289341,0.0226438892370599,0.1638239066331555,1.2027101581202295,0.3631399249656927,0.0,0.13425925925925927
a2dda5f1-2a86-4a24-b3e4-652593b8c8f6,ok,17826047.0,v1.16+,0.0,0.0,0.0,True,0.0,0.0,0.0912391796708106,4.0,actuator_motors,none,5991322,4032178,4.1,,C,,0.0,4.0,True,10.007667625896229,20.00764410374997,2.0000012046339304,129.824753,124.49909399999996,,True,0.0,0.0,,main,0.0045465247472748,0.0015103342942893,0.0013702495896723,0.0084420660510659,0.0076889322372153,0.05364176556468,0.0752545587718486,10.12237548828123,1.5791322171688074,0.0,0.0045362205241018,0.0015091948865624,0.0013693116544091,0.008406631101247,0.0076595230516992,0.0522525114781522,0.0725574324047355,2.4089588890551554,0.947452992420629,0.0,0.0
502b2e0b-5e63-47fa-9b48-a0527c991459,ok,17761535.0,v1.14-1.15,0.0,0.0,0.0,False,0.2374154770848985,6.398649000000006,0.99999994135905,4.0,actuator_motors,none,6658136,4859352,5.3,,A,,0.0,4.0,True,9.834110231643873,19.66051122226301,1.9639736472283096,138.743165,135.18102100000004,,True,0.0,0.0180575805237298,vehicle_local_position,main,0.0236825592815875,0.0001008958213787,0.0001661963688093,0.0086072127334773,0.0025254872394725,0.0016973942692857,0.0040538302622735,0.0369699530303477,0.0257376279681919,0.0,0.0234064778555911,0.0001008907317376,0.0001661825597227,0.0085703818677925,0.0025223035556827,0.0016959553237082,0.004045635631339,0.0363029539291987,0.0254119908179346,0.0,0.23133235724743778
c16dec48-f6b2-4584-9851-66597a1d9120,ok,17695488.0,v1.14-1.15,0.0324357405140758,0.0,0.0,True,0.0,0.0,0.0688926979899406,4.0,actuator_motors,none,28311552,16123685,10.2,,B,,0.0,4.0,True,10.00118374347044,20.00114763559012,1.9999940865500865,821.050688,227.98747299999985,,True,0.0,0.0,,main,0.0,0.0,0.0,0.0,0.0,0.0,0.0,0.0105406083166599,0.0,0.0,0.0,0.0,0.0,0.0,0.0,0.0,0.0,0.0104854434139696,0.0,0.0,0.0
fc265325-68a4-4bf4-b8e6-4fe9b92dcde9,ok,17760256.0,v1.14-1.15,0.0,0.0,0.0,False,0.0,0.0,0.1462141662836074,4.0,actuator_motors,none,82371883,42387381,16.3,,B,,0.0,4.0,True,10.000017167649895,20.00037120608955,1.999997091418512,1799.451135,1798.9116750000007,,True,0.0,0.0,,main,0.0003533889321261,4.284607093723024e-05,1.888232654891907e-05,0.0009192626544972,0.0007048418890917,0.2878847807645797,0.0006867119198432,0.0,,0.0,0.0003533265049643,4.284515307055076e-05,1.8882148280035203e-05,0.0009188403913439,0.000704593604708,0.2530011677526203,0.0006864762411022,0.0,,0.0,0.0
8869d5f3-c41e-45c5-9bc9-1761e5f25c6d,ok,17694975.0,v1.14-1.15,0.0,0.0,0.0,True,0.001865671641791,0.1020639999999986,0.571309719234705,4.0,actuator_motors,none,12215788,7479854,4.3,,C,,0.0,4.0,True,9.935336679660358,19.87045474599184,1.984533864028758,324.316528,323.99208000000004,,True,0.0,0.0068281128750367,sensor_combined,main,0.0008400885679293,0.0,0.0,0.0,0.0,0.0,0.0,0.0313100913539529,,0.0,0.0008397358910343,0.0,0.0,0.0,0.0,0.0,0.0,0.0308299273729327,,0.0,0.001861619609059882
c973ccf7-4076-42f0-ab36-4a277fbff065,ok,17760511.0,v1.14-1.15,0.0,0.0,0.0,True,0.0,0.0,0.1382054716348648,4.0,actuator_motors,none,43987266,26538164,14.0,,C,,0.0,4.0,True,9.99803942082203,138.5258827343601,2.0010887754291904,448.236022,441.1538820000004,,True,0.0,0.0008459945589613,sensor_combined,main,0.003429451258853,0.0,0.0,0.0,0.0,0.0,0.0,3.692332174978217e-05,0.0,0.0,0.0034235841011455,0.0,0.0,0.0,0.0,0.0,0.0,3.6922640100716765e-05,0.0,0.0,0.0
ec6764ec-3c7f-430b-8548-cb31a48075cc,ok,17826047.0,v1.16+,0.0,0.0,0.0,True,0.0,0.0,0.2316314697492401,4.0,actuator_motors,none,9436634,6226543,2.7,,B,,0.0,4.0,True,10.00398225215003,20.003536040855984,2.0000698713626943,236.534718,232.1116989999999,,True,0.0,0.0,,main,0.0209629762917756,0.0059369104681536,0.0078372784191742,0.0157165901735425,0.0166294815018772,0.015309960860759,0.0361477136611937,0.0249923896044492,0.0070556493708863,0.0,0.0207462763230562,0.0059193564586568,0.0078067264782212,0.0155943635638443,0.0164927257103839,0.0151939460331041,0.0355097144276696,0.0246851877866605,0.0070308747426619,0.0,0.0
f245f5ec-0df4-4bd4-b1ce-593e587c0b2f,ok,17760768.0,v1.14-1.15,0.345679012345679,0.0,0.0,True,0.3454545454545454,25.497391,0.8338033355772495,4.0,actuator_motors,none,2930501,2122728,3.3,,B,,0.0,4.0,True,10.01109223938351,20.01054600242208,1.9999702568525903,78.508849,77.01482,,True,0.0,0.0,,main,0.0513907492160797,2.5078036308288563,5.724402713775633,0.0181712761521339,0.0208720643073319,0.2916668593883513,0.0270085219293832,0.0305033922195434,0.0080609414726495,0.0,0.0501138108254883,1.254990095414304,1.9057431057481016,0.0180081516699233,0.0206572270289691,0.2559335233410743,0.0266502287984429,0.0300474131620206,0.0080286256318452,0.0,0.33713561470215464
707dd136-4813-4829-a062-11e1bf306c78,ok,17825856.0,v1.16+,0.9877398720682304,0.0,0.0,False,0.0078125,0.1477469999999989,0.241862915456295,4.0,actuator_motors,none,32571392,16252542,7.8,,C,,0.0,4.0,True,10.001109759911015,20.001059486388403,2.0000007270802858,944.210505,942.0194999999992,,True,0.0,0.0,,main,0.0124267633538692,48.637088775634766,8.236997604370117,1.0856343507766724,1.1576244831085205,0.0883529037237167,16.439346313476562,0.0225207126699387,0.0096452012658118,0.0,0.0123501848924307,3.9047383118727583,2.223216898258931,0.7350730539544684,0.7690078401596661,0.0846654558805863,2.8587289357529384,0.0222708656195673,0.0095989832623975,0.0,0.007194244604316547
f1e2104f-630e-4f63-af1d-3e02443a55af,ok,17695488.0,v1.14-1.15,0.0,1.0,0.0,True,0.0126213592233009,0.102248000000003,0.2390571027994155,4.0,actuator_motors,none,8208260,4607604,3.4,,C,,0.0,4.0,True,10.004407006438043,19.99964363569352,2.0000020435856234,207.057095,205.961774,,True,0.0,0.0003609608539075,sensor_combined,main,0.0012778149393852,0.0,0.0,0.0,0.0,0.0,0.0,0.311231537163257,,0.0,0.0012769992286864,0.0,0.0,0.0,0.0,0.0,0.0,0.2709668002961672,,0.0,0.012542209358417752
645dee94-514d-4660-9e53-87a311b01e64,ok,17826303.0,v1.16+,0.4227129337539432,0.1041009463722397,0.0,True,0.0,0.0,0.1352255821228026,4.0,actuator_motors,none,4646894,2912132,4.8,,C,,0.0,4.0,True,10.006091846555202,20.005893921411744,2.0000236925883583,156.655714,153.74396699999988,,True,0.0,0.0,,main,0.0276047881692647,0.0,0.0,0.0,0.0,0.0,0.0,0.0,0.0,0.0,0.0272306458079991,0.0,0.0,0.0,0.0,0.0,0.0,0.0,0.0,0.0,0.0
d5934e2f-d86f-44d3-8289-63e8b5eca464,ok,17891392.0,v1.16+,0.0,0.0,0.0,True,0.0,0.0,0.2071571424603462,4.0,actuator_motors,none,130438528,44599749,34.5,,A,,0.0,4.0,True,9.926727538160172,200.4906429741569,1.9913146301617484,231.200703,225.3613219999998,,True,0.0,0.0081654064815026,vehicle_attitude,main,0.0008652358083054,0.0,0.0,0.0,0.0,0.0,0.0,0.0,0.0,0.0052372650243341,0.000864861707578,0.0,0.0,0.0,0.0,0.0,0.0,0.0,0.0,0.0052235982487824,0.0
385b0b89-cc6c-489c-b252-c30e8d74c85d,ok,17629184.0,v1.12-1.13,0.0,0.0,0.0,True,0.0009132420091324,0.1987419999999815,0.2282104879617691,4.0,actuator_motors,none,7574249,5104475,4.8,,C,,0.0,4.0,True,9.977721832439231,19.95604769564896,1.999957766896252,227.367595,219.4821590000001,,True,0.0,0.0019569520341438,sensor_combined,main,0.0609231019392608,0.0214507056400179,0.0,0.009054669458419,0.0,0.1685231961309909,0.1558699697256086,0.052704363875091,0.0884532809257507,6.897465937072411e-05,0.0591393800394399,0.0212238772731751,0.0,0.0090139217257108,0.0,0.1557407260029873,0.1448532809871811,0.0513624376784345,0.0847576801702938,6.897228072828319e-05,0.0008818342151675485
220cae11-04b5-415a-ba25-6138c815dbc6,ok,17761535.0,v1.14-1.15,0.3238610735227785,0.0,0.0,True,0.0,0.0,0.119043692946434,4.0,actuator_motors,none,46731213,28287939,7.8,,C,,0.0,4.0,True,10.000851126909197,20.0008037837044,1.9999912294951288,1114.198826,1109.5265319999994,,True,0.0,0.0,,main,0.0065182706573978,0.0046702141640707,0.001909297297243,0.0030009698471985,0.0024831432034261,0.0067611595848575,0.0031014232197776,0.0386285347864031,0.0065225814003497,0.0,0.0064971185980263,0.0046593425492738,0.0019074769059022,0.0029964759256904,0.0024800652975428,0.0067384054507001,0.003096623727727,0.0379011263298954,0.0065014014151857,0.0,0.0
3183dec6-9b5c-4efb-9599-f756b960d481,ok,17760767.0,v1.14-1.15,0.0,0.0,0.0,True,0.0,0.0,0.1109088361263274,4.0,actuator_motors,none,11823064,7578940,14.2,,C,,0.0,4.0,True,10.003732134536932,20.003289742578986,2.000017784990603,283.871396,278.70649899999995,,True,0.0,0.0,,main,0.0049003445776179,0.0015579521772451,0.0043374453671276,0.0087495213840156,0.0058422427857294,0.0033005428384058,0.00507956109941,0.0287510833702981,0.0209835620597004,0.0,0.0048883769701377,0.0015567398287757,0.0043280657635357,0.0087114661374882,0.0058252430642109,0.0032951080022147,0.0050667036506789,0.0283455261024379,0.0207664392093403,0.0,0.0
6193f443-00b6-49d4-a2ff-f43679193256,ok,17761023.0,v1.14-1.15,0.0,0.0,0.0,True,0.0,0.0,0.1614223182201385,4.0,actuator_motors,none,29231721,16471998,17.7,,C,,0.0,4.0,True,9.913794171745062,198.19016836285505,1.9891303050567195,92.395717,89.07000899999997,,True,0.0,0.0089415686215871,vehicle_attitude,main,0.0012267091777175,0.0,0.0,0.0,0.0,0.0,0.0,0.0032872002688236,0.0,0.0,0.0012259573847722,0.0,0.0,0.0,0.0,0.0,0.0,0.0032818092370566,0.0,0.0,0.0
94bb1c74-163c-4d1c-b192-489e52501956,ok,17694975.0,v1.14-1.15,0.0006134969325153,0.0,0.0,True,0.0078431372549019,1.7013560000000325,0.3070122525095938,4.0,actuator_motors,none,29874632,18513447,17.4,,B,,0.0,4.0,True,10.001239114243514,20.00127471374949,1.999988527538337,819.470426,815.9946399999998,,True,0.0,0.0,,main,0.0094396303407847,0.0126863563433289,0.0,0.1203029364347457,0.0,0.0390495516359805,0.0284681696444749,2.1560356736183155,3.9658243179321246,0.0,0.0093953554380293,0.0126065587101267,0.0,0.1135991276937584,0.0,0.0383064026410731,0.0280704813037932,1.149316706347601,1.602579309483176,0.0,0.007805829979265764
7b763a41-c0e7-4523-b87e-963f57c45535,ok,17694720.0,v1.14-1.15,0.0,0.0615384615384615,0.0,False,0.0,0.0,0.2469721645116805,4.0,actuator_motors,none,19397238,3931724,14.4,,C,,0.0,4.0,True,10.010328019810732,20.0100196615188,98.96420983472348,95.408722,93.468455,,True,0.0,0.0,,main,523.296630859375,,0.0,,0.0,,,0.0367255359888076,,0.0,4.8139006326259866,,0.0,,0.0,,,0.0360672230381723,,0.0,0.0
2bfedcce-3c29-4ae1-b5be-9f80e60679ba,ok,17760256.0,v1.14-1.15,0.0,0.0,0.0,True,0.0,0.0,0.1460673213005066,4.0,actuator_motors,none,5442684,3847587,3.2,,A,,0.0,4.0,True,10.00745988083389,20.00761826078993,2.0001267550208603,124.584667,119.15234899999992,,True,0.0,0.0,,main,0.0014558987168129,0.0002044930362899,0.0005185110698221,0.0024678673362359,0.0031427754438482,0.0134097700938582,0.0221438351087272,0.0183103706687688,0.0183103706687688,0.0,0.001454839923815,0.0002044721304389,0.0005183766894071,0.0024648271524607,0.0031378472478787,0.0133206549189206,0.0219022207326698,0.0181447544397723,0.0181447544397723,0.0,0.0
e2cdd32f-d474-4238-b608-eafa817a8c62,ok,17694975.0,v1.14-1.15,0.0,0.0,0.0,True,0.0,0.0,0.0639606177806854,4.0,actuator_motors,none,2749710,2005426,2.7,,B,,0.0,4.0,True,10.013603380341449,20.01436726289748,2.000064692739989,69.7921,62.543712,,True,0.0,0.0,,main,0.0085009665694087,0.0028350319364108,0.0,0.0054595056455582,0.0,0.0073333075037226,0.0027101880870759,0.0011397959373425,,0.0,0.0084650368344848,0.0028310208126914,0.0,0.0054446565658503,0.0,0.0073065495408652,0.0027065221494354,0.0011391468631144,,0.0,0.0
accdb259-c80d-49e0-a35b-a3212f7c9dc4,ok,17761280.0,v1.14-1.15,0.0,0.0,0.0,True,0.0,0.0,0.172196865081787,4.0,actuator_motors,none,7565746,5018501,4.1,,C,,0.0,4.0,True,10.005473444776785,20.00574770165097,1.9998806170972387,170.449706,164.70343200000002,,True,0.0,0.0,,main,0.001101228618063,0.0001481427585531,0.0003579252079362,0.0006554785970365,0.0011400649673305,0.020597350411117,0.00376720050117,0.0009870314970612,0.0,0.1967978507280344,0.0011006227106159,0.0001481317864982,0.0003578611679895,0.0006552638647707,0.0011394155867761,0.0203880935353272,0.0037601223722796,0.0009865447017682,0.0,0.1796495323875614,0.0
7500c859-866b-4b32-89a5-9782acffcb64,ok,17760511.0,v1.14-1.15,0.0,0.0,0.0,True,0.0,0.0,0.2054398536682129,4.0,actuator_motors,none,3239757,2318552,3.0,,B,,0.0,4.0,True,10.013106297109667,20.012879065659305,2.0000224867393106,74.22679,65.34930100000001,,True,0.0,0.0,,main,0.0009519776795059,0.0,0.0,0.0,0.0,0.0,0.0,7.559360819868737e-05,0.0,0.0,0.0009515248361298,0.0,0.0,0.0,0.0,0.0,0.0,7.55907511458695e-05,0.0,0.0,0.0
5901eeac-c677-4e25-aab5-374c7d690ae3,ok,17825984.0,v1.16+,0.0,0.0,0.0,True,0.0,0.0,0.1449155688285827,4.0,actuator_motors,none,5080875,3961564,6.4,,B,,0.0,4.0,True,10.009458136049837,20.00943404268192,2.0000013270150983,105.859024,102.379989,,True,0.0,0.0,,main,0.0403014365583658,0.0035386441159062,0.0018389660399407,0.0062941108830273,0.0034262118162587,0.0287594818510115,0.0315580163151025,0.0734515395015478,0.0182657008059322,0.0,0.0395105140015412,0.0035323978460303,0.0018372772120404,0.0062743856922145,0.0034203557248812,0.0283536898327782,0.0310702965573916,0.0708791947947334,0.0181008868293556,0.0,0.0
3ed1c470-ba2f-4016-b7d0-43d9ee8f558b,ok,17629952.0,v1.12-1.13,0.0,0.0,0.0,True,0.0,0.0,0.645,6.0,actuator_outputs,per_channel,30041997,17957330,11.9,,C,,,,False,10.001271369747023,20.001289036089588,2.000005288149576,796.963345,787.493345,True,True,0.0,0.0,,main,0.005816733976826,0.0034756609471514,0.0,0.0136153946630656,0.0,0.0,0.0024854789138771,0.0137753065675497,0.0273942003026603,0.0,0.0057998820967712,0.0034696347968416,0.0,0.0135235380142939,0.0,0.0,0.0024823952197423,0.013681289457781,0.0270256940114066,0.0,0.0
ceac31e6-b2c1-40a9-817d-057ee9b9d5b6,ok,17695743.0,v1.14-1.15,0.0,0.0,0.0756062767475035,True,0.0107444359171143,0.8033229999999918,0.7520026172323697,4.0,actuator_motors,none,4911941,3206223,3.7,,A,,0.0,4.0,True,9.999791938661662,19.999770473390218,1.9999988530472528,139.647172,130.33540600000003,,True,0.0,0.0,,main,0.0025557050714269,0.0010426836612168,0.0,0.0179726761765778,0.0,0.0020085300318896,0.0133352359756827,0.0615992004051804,0.1740940779447554,0.0,0.0025524448108823,0.0010421404441776,0.0,0.0178130770771287,0.0,0.0020065156323154,0.0132471043558395,0.0597764508377439,0.1604968527308711,0.0,0.009985734664764621
558d60f8-8a59-405b-835c-3ab1f032ce24,ok,17825984.0,v1.16+,0.0,0.0987868284228769,0.0,True,0.4192913385826771,5.0,1.0,4.0,actuator_motors,none,84000348,35134651,26.0,,C,,0.0,4.0,True,124.99825800967152,249.98954222848133,100.00418077678832,286.992,253.9680000000048,,True,0.0,0.0,,main,0.0002998306183144,0.000171494699316,9.530928218737245e-05,0.0017639647703617,0.0023205062840133,8.84671491803598e-05,0.0011792194563895,0.0768108814954757,0.0848477855324745,0.0,0.0002997856780973,0.000171479995781,9.530474054630832e-05,0.0017624108116567,0.0023178180671857,8.846323619289662e-05,0.0011785247232346,0.0740037852579688,0.0814396873190632,0.0,0.3708217270194986
d616c83b-cf3c-4590-9fcd-fe96d71432f3,ok,17695488.0,v1.14-1.15,0.0184069611780455,0.0,0.0,True,0.0,0.0,0.2835901871323585,4.0,actuator_motors,none,166131071,85764321,35.7,,A,,0.0,4.0,True,10.00070028177974,146.40160800554753,2.0000046147811075,1503.376987,1494.668614000003,,True,0.0,0.0,,main,0.0031859246315434,0.0025255540851503,0.0,0.0063641677144914,0.0,0.000824972812552,0.0037645949516445,0.0047870901413261,0.0302535349503157,0.0,0.0031808603271416,0.0025223702329656,0.0,0.0063440019129484,0.0,0.0008246327095189,0.0037575265981739,0.004775668461884,0.0298049223886957,0.0,0.0
829e7c68-79d9-470a-899f-af61434757ce,ok,17695743.0,v1.14-1.15,0.0,0.0,0.0,True,0.0,0.0,0.316211661696434,4.0,actuator_motors,none,6659702,4126918,2.9,,B,,0.0,4.0,True,10.006247435684037,20.006293964940728,1.9999782347196249,145.034482,140.21183899999994,,True,0.0,0.0,,main,0.0017895953496918,0.1184492111206054,0.0,0.0453963037580251,0.0,0.1604741066694259,0.0177293671295046,0.4978106319904327,0.0243612081743776,0.0001137690233008,0.0017879959318568,0.111943092889003,0.0,0.0443960515701593,0.0,0.1488286342640675,0.0175740351711367,0.4040044632125513,0.0240692067761475,0.0001137625520962,0.0
4fe154b2-6fe2-4dd3-9ce0-92039441607e,ok,17761280.0,v1.14-1.15,0.0,0.0198675496688741,0.0,True,0.0,0.0,0.1400408521294593,4.0,actuator_motors,none,8825376,5693121,2.8,,C,,0.0,4.0,True,10.003959036494065,20.003826174963912,1.999976558833306,222.421811,217.392406,,True,0.0,0.0,,main,0.0078732958063482,0.0006998204742558,0.0010226337704807,0.0098219418898223,0.0122124524787068,0.0003457935119513,0.001119805406779,0.0038489690050482,0.0,3.5137599479639865e-05,0.0078424631436318,0.0006995757140931,0.0010221112367765,0.0097740201527581,0.012138482111721,0.0003457337391538,0.0011191788923769,0.0038415806760783,0.0,3.513698216865178e-05,0.0
110ca988-9f0e-4079-9f13-bb441e92f50a,ok,17629952.0,v1.12-1.13,0.0,0.0,0.0,True,0.0,0.0,0.1316999999999998,6.0,actuator_outputs,per_channel,3635370,2396871,2.6,,C,,,,False,10.010356597166528,20.011034319747843,2.000154377506685,93.201281,87.378112,True,True,0.0,0.0,,main,0.0023683973588049,0.0031422383384779,0.0,0.0,0.0,0.0,0.0,1.249755570142952e-07,0.0,0.0,0.0023655971262843,0.0031373118250783,0.0,0.0,0.0,0.0,0.0,1.2497554920485092e-07,0.0,0.0,0.0
223d04f4-c52c-4bca-b86b-e940478d4b03,ok,17630207.0,v1.12-1.13,0.0,0.0,0.0,True,0.0,0.0,0.3425499999999999,6.0,actuator_outputs,per_channel,5049205,3541383,13.7,,C,,,,False,10.00806325764297,20.007655683944503,1.9999167429618097,119.406871,114.935825,True,True,0.0,0.0,,main,0.0002643463289132,0.0044695996679365,0.0,0.0017578724422492,0.0,0.0,0.002237488515675,0.0051895686425268,0.0,0.0,0.0002643113955785,0.0044596406714655,0.0,0.00175632919278,0.0,0.0,0.0022349890658785,0.0051761492384354,0.0,0.0,0.0
94cb0a05-f1fa-4a71-8897-e6b4186e802e,ok,17761535.0,v1.14-1.15,0.0,0.0,0.0,True,0.0,0.0,0.1478663653135297,4.0,actuator_motors,none,34203795,15785405,13.5,,A,,0.0,4.0,True,125.0,250.0,125.0,156.984,152.76000000000002,,True,0.0,0.0,,main,0.0003735338395927,0.0085116503760218,0.0064746481366455,0.0128451902419328,0.0155707783997058,0.0239876601845026,0.0203270018100738,0.0611922919750204,0.0262666959315538,0.0,0.0003734640931959,0.0084756305278742,0.0064537776400409,0.0127633905296037,0.0154507976889779,0.0237044759436352,0.0201231659280593,0.0593930797562182,0.0259276505257854,0.0,0.0
0ae539bf-9dd1-4393-a645-98ab97a865d4,ok,18350080.0,v1.16+,0.0711111111111111,0.0711111111111111,0.1816192560175054,False,0.2293144208037825,5.2990020000000015,0.9999999781799273,4.0,actuator_motors,none,3572784,2642388,3.3,,C,,0.0,4.0,True,10.010827627646924,20.01067367795545,1.9999095289545687,91.046886,84.22501099999998,,True,0.0,0.0,,main,0.2121799156069755,0.0323991101235151,0.0,0.2920897901058197,0.0,0.8729885220527649,0.274534543603658,0.9814294099807738,1.1915972828865034,0.0,0.192420321850498,0.0318853269126235,0.0,0.256260899931535,0.0,0.6275352953346667,0.2425810481180955,0.6838185084772074,0.7846306308960399,0.0,0.21271929824561403
eda10354-1ba1-4ed7-a70f-51a16b5b52ae,ok,17629184.0,v1.12-1.13,0.0,0.0,0.0,True,0.0,0.0,0.2969230769230769,6.0,actuator_outputs,bus,6994082,3852781,3.7,,C,,,,False,10.012854102662388,200.0691945312712,2.0135211866618192,74.194017,67.94653599999998,True,True,0.0,0.0,,main,5.004613194614649e-05,2.2666210497845896e-05,0.0,0.0,0.0,0.0,0.0,0.0174101212061941,0.0,0.0,5.004487968026564e-05,2.2665953623178305e-05,0.0,0.0,0.0,0.0,0.0,0.0172603014661413,0.0,0.0,0.0
dd152b77-5609-44e0-8e6a-90f703990876,ok,17761535.0,v1.14-1.15,0.0,0.0,0.0,True,0.2567049808429119,1.0007719999999978,1.0,4.0,actuator_motors,none,3782762,2888165,3.5,,C,,0.0,4.0,True,10.011289864836654,20.010151224839795,1.999922722985984,87.583371,78.327693,,True,0.0,0.0,,main,0.0272715580649673,0.0001988810909097,0.000160425370268,0.0099455371964722,0.0075137900421395,0.0019295182719361,0.0017563936708029,0.0576739711686968,0.0247284919023513,0.0171391428448259,0.0269063147524306,0.0001988613166873,0.0001604125034943,0.0098964058313909,0.0074857021317685,0.0019276591426537,0.0017548530151742,0.0560721301511715,0.0244276915529665,0.016993924664401,0.22840909090909092
b2adcdc1-1c9c-4213-bdd2-764bba6211d7,ok,17826303.0,v1.16+,0.0,0.0,0.0,True,0.0018796992481203,0.1989919999999969,0.2784847017377613,4.0,actuator_motors,none,3904753,2399152,2.5,,B,,0.0,4.0,True,10.009330190756138,20.00844930835212,2.000044936789452,109.470755,106.44167200000004,,True,0.0,0.0,,main,0.7639211475849145,0.0,0.0,0.0,0.0,0.0,0.0,0.0,0.0,0.0,0.5675392556699025,0.0,0.0,0.0,0.0,0.0,0.0,0.0,0.0,0.0,0.0018198362147406734
063f5016-010d-4f4c-85d9-26b925622d1c,ok,17826559.0,v1.16+,0.0,0.2516129032258064,0.0,False,0.0227497527200791,1.1999999999999955,0.0654990673065185,4.0,actuator_motors,none,43397784,17835944,7.5,,A,,0.0,4.0,True,124.89076030825454,249.9933697554765,99.91790471650644,151.0,100.28,,True,0.0,0.0008474576271186,sensor_combined,main,0.0003271794295869,0.0007461546687409,0.000134609491215,0.0036981095559894,0.0027699992060661,8.003573748283088e-05,0.0006967599620111,0.075058527290821,0.0151577517390251,0.0,0.0003271259180689,0.0007458764337416,0.0001346004321703,0.0036912883606912,0.0027661698282177,8.00325347940789e-05,0.0006965173374829,0.0723751040890672,0.0150440208497835,0.0,0.01521164021164021
25f3fc7e-d94b-4a5f-a889-567498cbb393,ok,17630207.0,v1.12-1.13,0.0,0.0,0.0,True,0.0,0.0,0.3259999999999999,6.0,actuator_outputs,per_channel,5094678,3557647,4.2,,A,,,,False,10.007988870706145,20.008285412194045,1.999976395128384,116.90774,110.40762499999995,True,True,0.0,0.0,,main,0.0007979887159308,0.0019118579977657,0.0,0.0047516574850305,0.0,0.0,0.0023788818973116,0.000217517450801,0.0,0.0,0.0007976704922167,0.0019100327233372,0.0,0.0047404039950095,0.0,0.0,0.0023760568372067,0.0002174937973102,0.0,0.0,0.0
64c179f1-2c15-4daf-b492-45fb649325af,ok,17760256.0,v1.14-1.15,0.0,0.298780487804878,0.0,True,0.0177850967476327,0.4399999999999977,0.0639229476451873,4.0,actuator_motors,none,23964945,9222964,8.0,,C,,0.0,4.0,True,125.00680050051685,250.0,125.00680050051685,73.344,48.704,,True,0.0,0.0,,main,0.0010416868608444,0.0074601070955395,0.0037429109215736,0.0045310617424547,0.0072525045834481,0.0167315751314163,0.0198745932430028,0.0917802974581718,0.0366964824497699,0.0,0.0010411446815743,0.0074324181198128,0.0037359236601941,0.0045208273855547,0.0072263316421458,0.0165931443048011,0.0196796719365016,0.087809664276854,0.0360391983150033,0.0,0.011780104712041885
dc614b3f-58a0-4dae-a8fc-59b8a26c7083,ok,17694975.0,v1.14-1.15,0.0,0.0,0.0,False,0.0,0.0,0.1332708597183227,4.0,actuator_motors,none,9275240,5712803,6.5,,A,,0.0,4.0,True,9.914298810848042,217.72173071958167,1.987726394474328,81.424577,77.06093000000001,,True,0.0,0.009725944076706,vehicle_attitude,main,0.0018661259207874,0.0044634188641793,0.0,0.0046222383156418,0.0,0.0053172077285125,0.0045855984091758,0.0012465842883102,,0.0,0.001864386870999,0.0044534873515686,0.0,0.0046115885765967,0.0,0.0053031212911111,0.0045751165842022,0.0012458079472323,,0.0,0.0
16153a76-7dbb-4c6f-aac3-4c6519f7956f,ok,17694975.0,v1.14-1.15,0.0,0.0,0.0,True,0.0,0.0,0.360934482514858,4.0,actuator_motors,none,14058802,8702560,11.6,,C,,0.0,4.0,True,10.007996438535953,219.955345051411,1.999846127541757,121.448178,118.83075999999996,,True,0.0,0.0,,main,0.0036165823927149,0.0147021272219717,0.0,0.0188059972599148,0.0,0.0046766021754592,0.010894560161978,0.0621585831046104,0.1719203740358352,0.0,0.0036100582838664,0.0145950987055235,0.0,0.0186313506978244,0.0,0.0046657008457477,0.0108356419802703,0.0603032366291456,0.1586437486043166,0.0,0.0
78d77df7-6edd-42c6-81d1-1fd45fed372c,ok,17695488.0,v1.14-1.15,0.3474576271186441,0.0,0.2746987951807229,False,0.4326683291770573,41.40097299999999,1.0,4.0,actuator_motors,none,7374190,4681866,3.9,,C,,0.0,4.0,True,10.006178286703022,20.006016172479534,2.000003175762618,165.665655,160.06358399999996,,True,0.0,0.0,,main,5.073962926864624,0.0,0.0,0.0,0.0,0.0,0.0,0.0,0.0,0.0008991917711682,1.8040112630265013,0.0,0.0,0.0,0.0,0.0,0.0,0.0,0.0,0.0008987877404301,0.41857659831121835
6589ad78-37f6-455c-a2eb-1bfee71c18be,ok,17761024.0,v1.14-1.15,0.0,0.0,0.0,True,0.0,0.0,0.0852338537573814,4.0,actuator_motors,none,8489276,5087285,7.2,,B,,0.0,4.0,True,10.004549173336194,20.00477622653175,1.9999677332394743,217.0976,212.132795,,True,0.0,0.0,,main,0.0037363069830462,0.0,0.0,0.0,0.0,0.0,0.0,0.0850707568228243,0.0404621899127959,0.0,0.0037293443258044,0.0,0.0,0.0,0.0,0.0,0.0,0.0816451985276937,0.0396650278085924,0.0,0.0
e61406ba-a430-413e-bd5f-74bfed23b783,ok,17630207.0,v1.12-1.13,0.0,0.0,0.0,True,0.0,0.0,0.283,6.0,actuator_outputs,per_channel,20115700,10194669,10.1,,B,,,,False,9.892449103111565,196.9353307826691,1.9760078853579683,167.899881,160.82132000000007,True,True,0.0,0.0113516128275411,vehicle_attitude,main,0.0002666000800672,8.888076263247058e-05,0.0,0.0,0.0,0.0,0.0,0.0087374202441424,0.0,0.0,0.0002665645485808,8.887681297151836e-05,0.0,0.0,0.0,0.0,0.0,0.0086994698864854,0.0,0.0,0.0
6b776cc9-c250-4e0b-a00b-905285a97df4,ok,17825792.0,v1.16+,0.0,0.0471204188481675,0.0,False,0.0118056667200256,0.6818749999999909,0.0648804284632205,4.0,actuator_motors,none,10542040,6145492,8.4,,B,,0.0,4.0,True,10.011025881636346,160.975866742616,1.9999958288857045,93.86826,87.42159599999987,,True,0.0,0.0006091902829756,vehicle_attitude,main,0.0,0.0,0.0,0.0,0.0,0.0,0.0,0.0032560833729803,0.0,0.0,0.0,0.0,0.0,0.0,0.0,0.0,0.0,0.0032507938125706,0.0,0.0,0.011000894988066825
697f6dce-243c-4b83-937f-653e8f4f218d,ok,17826240.0,v1.16+,0.0671140939597315,0.0671140939597315,0.0,True,0.2185886402753872,2.4988790000000023,0.3124650716781616,4.0,actuator_motors,none,3026121,2234535,3.8,,C,,0.0,4.0,True,10.012898284089207,20.01224278382069,2.000079341078413,72.778887,58.07167499999999,,True,0.0,0.0,,main,0.0002183272990805,0.0,0.0,0.0,0.0,0.0,0.0,0.6104095280170441,0.0,0.0,0.0002183034691441,0.0,0.0,0.0,0.0,0.0,0.0,0.4764885118789996,0.0,0.0,0.17349726775956284
20de7a24-7662-460b-b299-2080f92e1ab0,ok,17761535.0,v1.14-1.15,0.0,0.0,0.0,True,0.0,0.0,0.1640109717845916,4.0,actuator_motors,none,7066538,4521621,3.0,,C,,0.0,4.0,True,10.00542861671016,20.005489768618645,1.999986857229224,185.844193,179.82269100000013,,True,0.0,0.0,,main,0.0002755137349595,0.0,0.0,0.0,0.0,0.0,0.0,0.0126953833736479,0.0,0.0,0.0002754757880201,0.0,0.0,0.0,0.0,0.0,0.0,0.0126154726152361,0.0,0.0,0.0
c237126a-d4e1-400d-8152-01be4988660f,ok,17761280.0,v1.14-1.15,0.0145477545857052,0.0,0.0,True,0.0,0.0,0.1982588738203048,4.0,actuator_motors,none,85177434,51627717,22.7,,B,,0.0,4.0,True,9.978926956788566,198.30633171284688,2.000934858493211,791.329008,787.4721959999996,,True,0.0,0.0027181499583391,vehicle_attitude,main,0.0072055642493069,0.0053614739328622,0.009653328359127,0.0036744894459843,0.0032751708291471,0.0058125433512032,0.0036168009508401,0.0201124675571918,0.0080752384848892,0.0108819417655467,0.007179728205841,0.0053471523983791,0.0096070326847053,0.0036677550016946,0.003269819139116,0.0057957156972561,0.0036102760543828,0.0199128835287102,0.0080428082177063,0.0108231594962574,0.0
4f70558f-6b4a-4021-85ed-9079ca995090,ok,17761023.0,v1.14-1.15,0.0,0.0,0.0,True,0.0224824600297331,1.2310230000000004,0.3395014524459838,4.0,actuator_motors,none,81186645,28433815,19.1,,B,,0.0,4.0,True,9.993146389427316,197.4049932738841,2.0000884079482137,149.038787,145.67235800000006,,True,0.0,0.0,,main,0.0288967259228228,0.0,0.0,0.0,0.0,0.0,0.0,3.2460803627967816,0.1308596335351467,0.0,0.0284870882804842,0.0,0.0,0.0,0.0,0.0,0.0,1.445996289808688,0.1229780811517603,0.0,0.021924730179993048
a6c2aec1-d22b-4c8f-b01c-061275525daa,ok,17761535.0,v1.14-1.15,0.0,0.0,0.0,True,0.0,0.0,0.2530652433633804,4.0,actuator_motors,none,3026153,2295155,2.6,,B,,0.0,4.0,True,10.012612305325518,20.01382789203325,2.000069944475015,69.38778,63.588618,,True,0.0,0.0,,main,0.0179754605516791,0.012877953145653,0.0052729194518178,0.0341745004057883,0.0339946083724498,0.0850622117519378,0.0173393119126558,1.095187997817992,1.494623279571533,0.0,0.0178158122893387,0.012795737401712,0.0052590662884498,0.0336035243288718,0.0334295617326521,0.0816373233688806,0.017190701453074,0.7396432857766644,0.9141377276516314,0.0,0.0
985554ed-158c-4d44-a608-c252a834b114,ok,17760767.0,v1.14-1.15,0.0,0.0,0.0,True,0.0034129692832764,0.1997590000000002,0.6641475312709468,4.0,actuator_motors,none,2649282,2120489,3.1,,A,,0.0,4.0,True,10.016294619724087,20.014876072132,1.999884631655312,64.156626,58.56650600000001,,True,0.0,0.0,,main,1.2929430723190307,0.0024955755565315,0.0008065536734648,0.0180300094187259,0.0103901633992791,0.0981596946716308,0.1903606086969373,0.0,0.0,0.0,0.8298361768423418,0.0024924667789044,0.0008062285838404,0.0178693964941598,0.0103365566537062,0.0936357739249047,0.1742562937367927,0.0,0.0,0.0,0.0030911901081916537
300f07a5-997b-4bd5-a51b-649d689ddebc,ok,17760511.0,v1.14-1.15,0.0,0.0,0.0,True,0.1086691086691086,5.502409999999998,0.4665349334478378,4.0,actuator_motors,none,15879338,9800283,6.3,,C,,0.0,4.0,True,10.0025863031425,20.0023207359586,2.0000286678896027,411.274639,409.4357409999999,,True,0.0,0.0,,main,0.0053328608395531,0.0,0.0,0.0,0.0,0.0,0.0,0.442636780440807,0.2819292604923224,0.0,0.0053186914903075,0.0,0.0,0.0,0.0,0.0,0.0,0.3664725367008686,0.2483661779529105,0.0,0.10814094775212636
0d6ec2cd-8012-48ed-9163-b402942edc68,ok,17695488.0,v1.14-1.15,0.0,0.0,0.0,True,0.0,0.0,0.1682742536067962,4.0,actuator_motors,none,10795763,6684890,3.8,,B,,0.0,4.0,True,10.003189275797215,20.00305387113294,2.000001028571958,297.871817,292.090205,,True,0.0,0.0,,main,0.0197573965415358,0.0004165980353718,0.0,0.0022309524938464,0.0,0.0416789995506405,0.0213192794471979,0.0408433945849537,,0.0,0.0195647524783023,0.0004165112825034,0.0,0.0022284676144105,0.0,0.0408338340187828,0.0210952027831828,0.0400313408375487,,0.0,0.0
538cdcfa-6b4f-4988-9e91-d2230c491821,ok,17826240.0,v1.16+,0.0,0.0,0.2689189189189189,True,0.0596455351056578,6.4029370000000085,0.242581636458635,4.0,actuator_motors,none,25617373,8849409,9.1,,C,,0.0,4.0,True,10.00327625057504,20.003149557297625,2.000027037653648,295.822121,293.3762770000002,,True,0.0,0.0,,main,0.7203331589698792,2.1156951189041138,2.175499200820923,1.0018921494483948,1.6198532581329346,2.2370407581329346,1.1230289936065674,0.0,0.0,0.0,0.5425179691440163,1.136452279480834,1.1554648485905483,0.6940928080375144,0.9631183078582712,1.174659566194134,0.7528438395315702,0.0,0.0,0.0,0.05916159567275186
40cc25d5-9f7a-4351-9dad-05363d8020b8,ok,17629952.0,v1.12-1.13,0.0,0.0,0.0,True,0.0,0.0,0.3132999999999999,6.0,actuator_outputs,per_channel,6331883,4246215,6.7,,C,,,,False,10.006283645188317,20.0063511618138,1.999968990171534,145.827901,141.4997219999999,True,True,0.0,0.0,,main,0.0026767925475724,0.0009610934474039,0.0,0.0285286356694996,0.0,0.0,0.0066205876646563,0.0047272631432861,0.0364322256296872,0.0,0.002673216318861,0.0009606318928043,0.0,0.0281292718910084,0.0,0.0,0.0065987678279575,0.0047161247239058,0.0357842630372426,0.0,0.0
a4fd36d5-fa31-423b-9ed6-4ed7a11a3458,ok,17826047.0,v1.16+,0.0,0.0,0.0,True,0.8869524258125294,75.103365,1.0,4.0,actuator_motors,none,7476446,4555105,17.8,,B,,0.0,4.0,True,10.004668413957743,20.00450124377871,2.0000764658863672,216.061854,212.34295500000007,,True,0.0,0.0,,main,0.0021705871913582,4.981019446859131e-05,2.3823406445444547e-05,5.122730217408387e-05,3.762911219382657e-05,0.0014358769869431,0.0002608479815535,0.0021713378839194,8.95476507139392e-05,0.0,0.0021682348703108,4.980895398204722e-05,2.382312267260416e-05,5.1225990100648974e-05,3.762840423654414e-05,0.0014348471013237,0.0002608139666337,0.002168983936677,8.95436415624033e-05,0.0,0.8693444136657433
074bfccb-7d19-4710-b200-5ba1243e1feb,ok,17630207.0,v1.12-1.13,0.0,0.0,0.0,True,0.0,0.0,0.286,6.0,actuator_outputs,per_channel,14872281,7632587,5.4,,C,,,,False,10.008110848789784,199.583647479214,2.0000019920338565,125.871756,119.13769700000006,True,True,0.0,0.0,,main,2.2111407815827988e-05,7.736980478512123e-07,0.0,0.0,0.0,0.0,0.0,0.0008561490481952,0.0,0.0,2.211116336225366e-05,7.736977485470321e-07,0.0,0.0,0.0,0.0,0.0,0.0008557827616478,0.0,0.0,0.0
666b80d4-68ee-4ccd-b94d-620140a712d7,ok,17694975.0,v1.14-1.15,0.0,0.0,0.0,True,0.010978956999085,3.2996579999999653,0.3546228125691413,4.0,actuator_motors,none,17323133,10475219,7.0,,B,,0.0,4.0,True,10.002270375262045,20.00228072553992,2.000030597753172,442.455578,437.232057,,True,0.0,0.0,,main,0.0058238642290234,0.0,0.0,0.0,0.0,0.0,0.0,0.0140473671257495,0.7023389101028418,0.0,0.005806971088914,0.0,0.0,0.0,0.0,0.0,0.0,0.0139496172197313,0.5320031349482728,0.0,0.010842557036367743
a2fc063c-1d42-4460-aafe-0d0bf72917c8,ok,17761535.0,v1.14-1.15,0.0,0.1006493506493506,0.0,True,0.0,0.0,0.2113759219646453,4.0,actuator_motors,none,6470591,4490424,3.7,,B,,0.0,4.0,True,9.973664259732914,19.940749968643846,1.9933994451960104,152.072824,147.26973299999992,,True,0.0,0.0036208359810181,vehicle_attitude,main,0.0056519486941397,0.0002916834171628,0.0004523203300777,0.0022957924054935,0.0017572413897141,0.0014901589718647,0.0032182530034333,0.01007443331182,0.0029297739965841,0.0,0.005636036361091,0.0002916408858251,0.000452218064074,0.0022931611006258,0.0017556992474097,0.0014890497867553,0.003213085511133,0.0100240244860622,0.0029254905730177,0.0,0.0
6b823f6b-2835-4bfa-ad42-c28b5690075d,ok,17761024.0,v1.14-1.15,0.0,0.0,0.0,True,0.0,0.0,0.2619129471480846,4.0,actuator_motors,none,11791209,6206900,7.3,,A,,0.0,4.0,True,9.848782429975474,196.4444219936533,1.958019097929596,78.70589,74.03014099999997,,True,0.0,0.0189354088890408,vehicle_local_position,main,0.0026435843668877,0.0002260062079585,0.0004750472493469,0.0015661982237361,0.0027787175844423,0.0006290190620347,0.0020146605442278,0.0774188954383133,0.0619505709037183,0.0011440295784268,0.0026400962438146,0.0002259806724028,0.0004749344501242,0.0015649730144117,0.002774864085608,0.0006288213124656,0.0020126338373013,0.0745682691078281,0.0601073783314075,0.0011433756752641,0.0
0992ed0a-6f17-4ac6-ad58-7558480c7a16,ok,17694975.0,v1.14-1.15,0.0,0.0,0.0,True,0.1164485981308411,2.673521000000008,0.4268170729279518,4.0,actuator_motors,none,17598934,11101703,8.8,,C,,0.0,4.0,True,10.006180851113765,200.11064903497265,1.999933596975996,153.703861,150.57656499999996,,True,0.0,0.0,,main,0.0071092553436756,0.0061389783397316,0.0,0.0059942399617284,0.0,0.0012358824023976,0.0039927597157657,0.0133052833378314,0.0200272751040756,7.517456833738834e-05,0.0070841037237413,0.006120211578865,0.0,0.005976345976989,0.0,0.0012351193283897,0.0039848098050545,0.0132175454502832,0.0198293672367776,7.517174287112723e-05,0.11407905880198677
6c72770e-16e8-4c89-9039-a6522b547ead,ok,17825856.0,v1.16+,0.0,0.0,0.0,True,0.0,0.0,0.2990980848670005,4.0,actuator_motors,none,26269202,16436764,9.1,,A,,0.0,4.0,True,10.003817094613847,130.43768362988342,1.999997736382176,284.866819,280.3801949999999,,True,0.0,0.0,,main,0.003343272418715,0.0007531095179729,0.000160860869073,0.0078822555020451,0.0123174669221042,7.933297456474972e-05,0.0017989940126426,0.3459422081708905,0.1460042580962179,0.0,0.0033376961087743,0.0007528260733008,0.0001608479323507,0.007851352808543,0.0122422241631328,7.932982787074637e-05,0.0017973777610414,0.2970942943207386,0.1362813339018909,0.0,0.0
739a2b13-6d0c-4509-9489-8a754db93443,ok,17695488.0,v1.14-1.15,0.0,0.0,0.0,True,0.0022935779816513,0.1019650000000003,0.1679092094302176,4.0,actuator_motors,none,3912580,2841358,2.6,,B,,0.0,4.0,True,10.010110739806631,20.00992302113978,2.000026574821191,94.300624,87.26728399999999,,True,0.0,0.0,,main,0.0042461158707737,0.0215630780905485,0.0,0.0288233418017625,0.0,0.0296228002756833,0.0168132752180099,0.0,,0.0,0.0042371265582377,0.0213338838248086,0.0,0.0284157626203593,0.0,0.0291925218444898,0.0166734966871186,0.0,,0.0,0.002107481559536354
25191ea4-ddd5-4a71-987a-02cced99b18f,ok,17695488.0,v1.14-1.15,0.1240310077519379,0.0,0.0,True,0.0,0.0,0.3309049978852272,4.0,actuator_motors,none,5692383,3079970,3.8,,C,,0.0,4.0,True,10.007189005216278,20.00729852505914,1.999961239966871,128.074907,125.790525,,True,0.0,0.0,,main,0.0022147236159071,0.0,0.0,0.0,0.0,0.0,0.0,0.0,,2.2366471512214048e-05,0.0022122747306291,0.0,0.0,0.0,0.0,0.0,0.0,0.0,,2.2366221386419707e-05,0.0
4717e3ac-83a5-4046-9a7d-c05e87752772,ok,17826047.0,v1.16+,0.0,0.0,0.111578947368421,False,0.0646560299208212,2.502697000000005,0.3990563988685607,4.0,actuator_motors,none,12063874,7247952,5.5,,A,,0.0,4.0,True,10.011110958883023,167.8497352677316,2.0000188937955072,94.495576,88.23568900000002,,True,0.0,0.0,,main,0.3877433955669398,0.1977927893400191,0.0938404992222784,0.306943333148956,0.2511586785316466,0.03004667237401,0.111722157895565,15.639382553100583,85.23203735351561,0.0,0.3276789714825485,0.180480520910268,0.0896948974128276,0.2676910772744371,0.2240700647933254,0.0296041141994178,0.1059103066010928,2.811772328520752,3.675136377209024,0.0,0.06043138713276311
446b9884-ae01-421e-93cb-afc67aba7c82,ok,17826559.0,v1.16+,0.0064935064935064,0.0822510822510822,0.0811059907834101,True,0.0,0.0,0.1406886734068393,4.0,actuator_motors,none,9722288,6111620,4.2,,B,,0.0,4.0,True,9.935705035314946,19.866496866154044,1.981622725102284,218.514978,215.90786099999988,,True,0.0,0.0073345951827163,vehicle_attitude,main,3.76601585149765,0.0028966553858481,0.0057444046251475,0.0629402799531814,0.0285479731857772,5.916666793823232,0.8179408073425283,0.0,15.577563953399656,0.0,1.5615107046252057,0.0028924681636469,0.0057279684468983,0.06103891711669,0.0281480728595235,1.9339339763926795,0.5977044360076931,0.0,2.808050212096886,0.0,0.0
ec3c19f6-8ce0-4fd7-b7c5-dd31530f2e0e,ok,17826240.0,v1.16+,0.0,0.0,0.0,True,0.0,0.0,0.1503865838050842,4.0,actuator_motors,none,6517386,4664166,4.7,,B,,0.0,4.0,True,10.007406591166657,20.00666267016988,2.0000014721200428,134.708549,123.420017,,True,0.0,0.0,,main,0.0048907875083386,3.3847248960228155e-05,9.770749020390204e-05,0.0005502579500898,0.0010112369753187,0.0018445012683514,0.0036285895039327,0.0060326650040224,0.0005947261961409,0.0,0.0048788664601879,3.384667615502228e-05,9.770271713798808e-05,0.0005501066136974,0.0010107260196444,0.0018428022647756,0.0036220220552941,0.0060145413333273,0.0005945494166035,0.0,0.0
ac828042-b912-4b71-8df1-deca7486fdeb,ok,17694720.0,v1.14-1.15,0.0,0.1256830601092896,0.0002632425633975,True,0.0022758306781975,0.200000000000017,0.0659819126129149,4.0,actuator_motors,none,54805513,21550842,10.4,,A,,0.0,4.0,True,125.0,246.98658092553444,125.0,273.168,219.664,,True,0.0,0.0,,main,0.0005389559664763,0.0107372626662254,0.0,0.0045827133581042,0.0,0.01358372438699,0.0069740610197186,0.023325590416789,0.0521422028541564,0.0,0.0005388107818724,0.0106800275955996,0.0,0.0045722446983032,0.0,0.0134922926612542,0.0069498547350707,0.0230577065344123,0.0508282789960991,0.0,0.001826817683595177
7b60cb84-da4e-4b2c-bf00-7d5ee0b2f805,ok,17760256.0,v1.14-1.15,0.0,0.0,0.0,True,0.0,0.0,0.1742491722106933,4.0,actuator_motors,none,2833117,1932933,2.8,,A,,0.0,4.0,True,10.013106365724337,20.013013725504138,1.9999933775053729,75.960398,69.70063299999998,,True,0.0,0.0,,main,0.014052054286003,0.000746691218228,0.000410109765653,0.0082501399563625,0.0063091869698837,0.0490478450432419,0.1946211114525793,0.0,0.0,0.005692483135499,0.0139542394391393,0.0007464125830346,0.0004100256936281,0.0082162935825011,0.0062893673697987,0.0478829385201328,0.1778290735628762,0.0,0.0,0.0056763421791531,0.0
152e6aea-4366-41fa-bbff-280fcf5688d0,ok,17760512.0,v1.14-1.15,0.0,1.0,0.0,True,0.0,0.0,0.1218797504901886,4.0,actuator_motors,none,6307499,3698852,4.6,,C,,0.0,4.0,True,10.005053271690208,20.00502017037513,2.000012051619012,194.238009,192.490152,,True,0.0,0.0,,main,0.0102644711732864,0.0,0.0,0.0,0.0,0.0,0.0,2.1418157100677484,0.2910053968429564,0.0,0.0102121492225656,0.0,0.0,0.0,0.0,0.0,0.0,1.144800884411053,0.2554212922143707,0.0,0.0
faf003b2-d5f9-4386-80ad-16e491595ccc,ok,17761535.0,v1.14-1.15,0.0,0.0,0.0,True,0.0029425079221367,0.205251000000004,0.3754375681281088,4.0,actuator_motors,none,18825615,11916597,7.3,,B,,0.0,4.0,True,10.002060277589786,20.002115882187184,2.000029176372172,449.15069,441.8084319999998,,True,0.0,0.0,,main,0.0085659780539571,0.0010673722950741,0.0022080014226958,0.0029446012573316,0.0038540179375558,0.0039954200852662,0.0019565163180232,0.0055486967321485,0.1259419187903404,0.0,0.0085294982394414,0.0010668030582883,0.0022055673698241,0.0029402744108599,0.0038466102372639,0.0039874595910714,0.0019546048328004,0.0055333594229976,0.1186199464957575,0.0,0.00289081609962197
c9c21d9a-c0f0-44ec-85af-98d41cd4862e,ok,17695999.0,v1.14-1.15,0.0,0.1320754716981132,0.0,True,0.0,0.0,0.0715165138244628,4.0,actuator_motors,none,8687158,5488627,5.4,,C,,0.0,4.0,True,9.9110628012482,197.68204479552057,1.9744308921279927,79.287504,74.33529300000001,,True,0.0,0.0114426582493598,vehicle_attitude,main,0.0023660445585846,0.0002403676946414,0.0,0.0014005760196596,0.0,0.0137302480638027,0.013625731319189,0.0002188963262597,0.0,0.0,0.0023632498825086,0.0002403388109554,0.0,0.0013995961279014,0.0,0.0136368422268952,0.0135337357712267,0.0002188723719544,0.0,0.0,0.0
8ca6f2c5-4424-4433-9669-5b44ea4059af,ok,17826047.0,v1.16+,0.0,0.0,0.0,True,0.0,0.0,0.266654747724533,4.0,actuator_motors,none,5870109,4082764,4.6,,C,,0.0,4.0,True,10.006967776277785,20.00721116948424,2.0000650727491327,134.913324,127.71196099999996,,True,0.0,0.0,,main,0.0048559491988271,0.0,0.0,0.0,0.0,0.0,0.0,0.1674124583601948,0.1276705391705035,0.0016796552459709,0.0048441971072005,0.0,0.0,0.0,0.0,0.0,0.0,0.1547897256170192,0.1201540352101433,0.0016782462026822,0.0
cdfac74e-bc29-4ca0-ae91-fa20c4973386,ok,17891392.0,v1.16+,0.0,0.0919540229885057,0.0,True,0.8719211822660099,2.4000000000000057,1.0,4.0,actuator_motors,none,20366513,10172509,9.8,,C,,0.0,4.0,True,125.0,250.00000000000003,100.01163331782224,85.488,81.224,,True,0.0,0.0,,main,0.0005465861031552,9.73874775809236e-05,7.237178215291351e-05,0.0005647692014463,0.0117751229554414,6.208967170095993e-05,0.0005973281222395,2.2854750625356249e-07,0.6956653594970703,0.0,0.0005464367793808,9.738273572839102e-05,7.236916344183394e-05,0.0005646097793424,0.01170633565452,6.208774421707812e-05,0.0005971497928072,2.285474801365852e-07,0.5280752062839198,0.0,0.8222996515679443
b75b93a6-bc35-4da9-a8fb-5ff95f074adc,ok,17694720.0,v1.14-1.15,0.0,0.0,0.0,True,0.0,0.0,0.1148314855992793,4.0,actuator_motors,none,3290658,2342068,7.8,,C,,0.0,4.0,True,10.012922648080291,20.01216420783959,1.999927252646185,80.009992,74.22550699999998,,True,0.0,0.0,,main,0.011855773627758,0.0,0.0,0.0,0.0,0.0,0.0,0.0761613845825195,0.1149084348231553,0.0,0.0117860445307735,0.0,0.0,0.0,0.0,0.0,0.0,0.0734004361643529,0.1087722803051105,0.0,0.0
1bb24cc3-bf59-41ce-abe0-025ffba51e42,ok,17694720.0,v1.14-1.15,0.0435525192143467,0.0,0.0145074224021592,True,0.0482917874772162,17.723036999999977,0.4806155025959002,4.0,actuator_motors,none,136196401,45466784,25.5,,C,,0.0,4.0,True,10.002057317683317,158.4011828584781,97.63528131928246,592.444511,588.0040140000002,,True,0.0,0.0,,main,0.0004743967147078,0.0,0.0,0.0,0.0,0.0,0.0,0.0002700514742173,0.0,0.0,0.0004742842241616,0.0,0.0,0.0,0.0,0.0,0.0,0.0002700150168813,0.0,0.0,0.04793052166691345
8f3755ce-89fc-423b-9b50-02a0ab809d07,ok,17761280.0,v1.14-1.15,0.0,0.0,0.0,True,0.0,0.0,0.159423117339611,4.0,actuator_motors,none,5377182,3858833,4.5,,C,,0.0,4.0,True,10.00739030611394,20.007396261465967,2.000056923430792,121.862069,116.35147000000003,,True,0.0,0.0,,main,0.0032443729811348,0.0004103469254914,0.0002895712059398,0.0034753770916722,0.0018424708629027,0.0004675599382608,0.0250386864878237,0.0022266569896601,0.0,0.0002203659481892,0.0032391213588629,0.0004102627562167,0.00028952928829,0.0034693519244907,0.0018407755954635,0.0004674506661723,0.0247303547930755,0.0022241816627735,0.0,0.0002203416711801,0.0
a765097f-4f30-42f9-b676-7d7807c39654,ok,17695743.0,v1.14-1.15,0.0,0.0,0.0,True,0.0,0.0,0.3161294311285019,4.0,actuator_motors,none,2798424,2312728,3.0,,B,,0.0,4.0,True,10.015106194038044,20.015114279208188,2.000073834786756,65.980512,64.62971,,True,0.0,0.0,,main,0.0035394099890254,0.0001712610879621,0.0,0.0043676490429788,0.0,0.0008033744990825,0.002072473638691,0.0465184178203344,0.0624813340604305,0.0,0.0035331610182623,0.0001712464244561,0.0,0.0043581385461831,0.0,0.000803051966521,0.0020703290277879,0.0454688621951401,0.0606070537189924,0.0,0.0
610d33b9-9aba-4b04-8230-21fe50c05d81,ok,17170944.0,v1.12-1.13,0.0,0.0,0.0,True,0.0,0.0,0.4355263949701454,4.0,actuator_motors,none,3969915,2918128,3.7,,B,,0.0,4.0,True,10.012245390821365,20.01135327362991,2.0001161734144057,84.241723,80.51214299999997,,True,0.0,0.0,,main,0.0181564692407846,0.0,0.0,0.0,0.0,0.0,0.0,3.321853065490722,0.1990394830703735,0.0184237606823444,0.0179936089113884,0.0,0.0,0.0,0.0,0.0,0.0,1.4636842606281946,0.1815208055035081,0.0182560993737501,0.0
1df7eae0-a4f9-407e-92bc-9b87b6aee6fe,ok,17695999.0,v1.14-1.15,0.0,0.0,0.0,True,0.0925644916540212,0.2027219999999943,0.9327242508530617,4.0,actuator_motors,none,3554242,2442115,6.0,,A,,0.0,4.0,True,9.999591995257092,19.97242521951019,2.0000932205610504,74.490493,65.95182999999999,,True,0.0,0.002141066227722,sensor_combined,main,0.0145246928557753,0.0034491254482418,0.0,0.0299096420407295,0.0,0.0198327641934156,0.0253294073045253,0.0140813682693988,,0.0,0.0144202199143573,0.0034431908572471,0.0,0.0294710722193295,0.0,0.019638657180693,0.0250139339411612,0.0139831467911625,,0.0,0.0814419225634179
3f7a7c17-e615-4c36-843f-cde2547a719b,ok,17826047.0,v1.16+,0.0,0.0043196544276457,0.0065132435953104,False,0.0298824297844546,4.66575499999999,0.2366257086396213,4.0,actuator_motors,none,57833012,32481240,19.2,,A,,0.0,4.0,True,10.00202585025428,183.6265684607997,2.0000262941432925,460.18385,215.11352500000007,,True,0.0,0.0,,main,0.0325721321627497,0.3510736897587773,1.198832881450653,0.0317003469914197,0.0441015342250466,0.0365605309605598,0.0487915093079208,4.670407199859615,2.618847954273223,0.0,0.0320529050716762,0.300899602093651,0.7879267111633624,0.0312082634539027,0.0431567397363195,0.0359080505715971,0.047638557809031,1.7352609317146994,1.286155730511191,0.0,0.013988900610007796
b7d06140-fcc1-4eca-b9ca-a4b72847e5d2,ok,17760768.0,v1.14-1.15,0.0,0.0,0.0,True,0.0002208006863747,0.0112509999999588,0.3411830604076385,4.0,actuator_motors,none,63257082,38786693,17.1,,B,,0.0,4.0,True,10.001778396213073,199.9946641774933,2.00000007117438,562.064038,557.6900389999997,,True,0.0,0.0,,main,0.0014084451133385,0.0002635712793562,0.0002475387009326,0.0023471025284379,0.0029333622194826,0.0015979652525857,0.0033701174892485,0.0110612781718373,0.004687744192779,0.0,0.0014074541848563,0.0002635365505487,0.0002475080682834,0.0023443523857024,0.0029290683075438,0.0015966898646144,0.0033644513700589,0.0110005496474669,0.0046767909373381,0.0,0.00021893883474496752
f8947eaa-4401-4ae1-ac1b-534f66117288,ok,17760512.0,v1.14-1.15,0.0,0.0,0.1173076923076923,True,0.0009803921568627,0.1014029999999905,0.1511521279811859,4.0,actuator_motors,none,3972110,2542833,2.4,,A,,0.0,4.0,True,10.009544940050636,20.00964299008953,1.999990252474692,103.45873,102.08733899999996,,True,0.0,0.0,,main,118.2772491455078,67.28605041503901,141.64055786132803,0.519021815061569,2.697525572776794,8715.970214843748,60.82884788513171,0.0,0.0,0.0,4.78145060803015,4.223705505819996,4.960327884521214,0.4180665849730317,1.1225064373574,8.987378698766085,3.497466054997324,0.0,0.0,0.0,0.0009624639076034649
dac709fb-6944-4960-8ced-28352eaf2b19,ok,17761535.0,v1.14-1.15,0.0,0.0,0.0,True,0.0,0.0,0.2219081133604049,4.0,actuator_motors,none,3323603,2493294,1.1,,B,,0.0,4.0,True,10.012092123665637,20.0125291109855,2.000083742068312,77.107875,74.77045899999999,,True,0.0,0.0,,main,0.0003758391743758,0.1211852688342332,0.07623374722898,0.0039481806568801,0.002403126086574,0.0136884943582117,0.001359314576257,0.0,1.407204818725586,0.0092146400827914,0.0003757685645247,0.1143864014728359,0.0734676753486627,0.0039404070459926,0.002400243196788,0.013595653196999,0.0013583915445639,0.0,0.8784662481286315,0.0091724443014158,0.0
75f92e69-00d7-4671-a856-084d671cec7e,ok,17695743.0,v1.14-1.15,0.0,0.0,0.0,True,0.0,0.0,0.1100930035114288,4.0,actuator_motors,none,9892401,6162338,3.9,,B,,0.0,4.0,True,10.003885252206617,20.003618871449408,2.0000232372642017,259.705617,255.84632600000023,,True,0.0,0.0,,main,0.0027489989297464,0.0002808034056215,0.0,0.0044748140731826,0.0,0.0003673817773233,0.0021655784687027,0.0047331413254141,0.0098064700141549,0.0,0.0027452273426666,0.0002807639877241,0.0,0.0044648318606397,0.0,0.000367314309162,0.0021632369834879,0.0047219752319476,0.009758698645518,0.0,0.0
1893c537-c223-4a4e-bdbc-19f5835e87d8,ok,17694720.0,v1.14-1.15,0.0,0.0,0.0,True,0.0,0.0,0.2333583757281304,4.0,actuator_motors,none,5796563,3119192,3.4,,B,,0.0,4.0,True,10.008632424350743,20.00803902569279,1.999970983471833,118.486702,116.28537100000004,,True,0.0,0.0,,main,0.0028093731030821,0.0,0.0,0.0,0.0,0.0,0.0,0.0,0.0,0.000262604560703,0.0028054341899923,0.0,0.0,0.0,0.0,0.0,0.0,0.0,0.0,0.0002625700861606,0.0
1b97d8a1-838d-4d21-abb4-b8ba76726ee7,ok,17826047.0,v1.16+,0.0,0.0,0.0,False,0.0,0.0,0.3120584726333618,4.0,actuator_motors,none,2790040,1893947,3.1,,A,,0.0,4.0,True,10.015055706677174,20.014487301487456,1.99971796103844,63.897363,61.378518000000014,,True,0.0,0.0,,main,0.0013847423018887,0.0002292119024787,0.0005581602366873,0.0087573632597923,0.0046007735654711,0.0017321836086921,0.0043903569690883,0.0039454871090128,0.0009942734381183,0.0,0.0013837844304354,0.000229185637444,0.0005580045232017,0.0087192399655097,0.0045902223568744,0.0017306851088666,0.0043807474677581,0.0039377240873175,0.0009937794756788,0.0,0.0
0e8e8022-89af-4abe-8384-8e882db36998,ok,17826047.0,v1.16+,0.0,0.0,0.0,True,0.0,0.0,0.2489484697580337,4.0,actuator_motors,none,17898925,11664905,5.5,,C,,0.0,4.0,True,10.002418225531311,20.002602330698505,1.999986818984508,381.393155,375.0929110000002,,True,0.0,0.0,,main,0.0091389812529087,0.005773203074932,0.0043841380625963,0.0089286601170897,0.0077009608503431,0.0101867824792861,0.0147780593484639,0.0266623517498373,0.0021847277414053,0.0,0.009097473464672,0.0057566020016594,0.0043745557259698,0.0088890353209062,0.007671459812094,0.0101352469029494,0.0146699278435758,0.0263131054674738,0.0021823446939952,0.0,0.0
0dc92fc0-641b-4849-8108-db35fb88a3e7,ok,17694975.0,v1.14-1.15,0.7053726169844021,0.0,0.0350997935306262,True,0.0253571428571428,0.6015299999999968,0.2201407015323638,4.0,actuator_motors,none,10385317,6404045,5.0,,B,,0.0,4.0,True,10.0033500544175,20.003260390211697,2.00000735754002,290.360837,280.00585200000006,,True,0.0,0.0,,main,0.5959805846214294,0.0,0.0,0.0,0.0,0.0,0.0,0.0145457259844988,0.0,0.0,0.4674883339294555,0.0,0.0,0.0,0.0,0.0,0.0,0.0144409517022036,0.0,0.0,0.024440619621342512
c3e5175f-4346-4abc-b93e-fbeb542da3ed,ok,17761535.0,v1.14-1.15,0.0,0.0,0.0,True,0.0,0.0,0.2922322854399681,4.0,actuator_motors,none,3433211,2667391,3.4,,C,,0.0,4.0,True,9.888770980402793,19.75296050738352,1.9627358938357649,80.700127,72.96000399999998,,True,0.0,0.0135975050927479,vehicle_local_position,main,0.0009102635434828,0.0,0.0,0.0,0.0,0.0,0.0,0.2193782106041908,0.0492796383798122,0.0,0.0009098495048606,0.0,0.0,0.0,0.0,0.0,0.0,0.1983410653834203,0.0481038700375859,0.0,0.0
31a40df8-08d9-48b5-b11c-6661a7e5a445,ok,17760768.0,v1.14-1.15,0.0,0.0869565217391304,0.0,True,0.0680977054034048,0.9039999999999964,0.310001790523529,4.0,actuator_motors,none,36370760,16975427,14.7,,C,,0.0,4.0,True,123.44448090466214,243.4272539678496,123.44448090466214,158.328,135.1240000000001,,True,0.0,0.0,,main,0.0001573283079778,0.0081504229456186,0.0046689682640135,0.0105733438394961,0.0213948674499988,0.0147630758583545,0.0146270031109452,0.0904790833592414,0.0316005125641819,0.0,0.0001573159331774,0.0081173876283373,0.0046581024400199,0.0105178369589295,0.0211692102040941,0.014655162446758,0.0145210603349724,0.0866171256954385,0.0311114918882307,0.0,0.058007566204287514
6161f14a-a0cc-467c-8966-9d436e925841,ok,17762304.0,v1.14-1.15,0.0,0.0,0.0047704233750745,False,0.0003007518796992,0.0987979999999879,0.0825551450252532,4.0,actuator_motors,none,15983128,9658799,7.7,,B,,0.0,4.0,True,10.002936542265829,20.00283829621965,2.0000268703161592,334.849856,331.751135,,True,0.0,0.0,,main,0.1305318742990492,0.0,0.0,0.0,0.0,0.0,0.0,1.2092267036438014,0.6385250210762027,0.0,0.1226882072071053,0.0,0.0,0.0,0.0,0.0,0.0,0.7926425464441408,0.4937964597610408,0.0,0.00029824038174768865
4e4bf1e5-3454-4713-9ec0-c68c578addcd,ok,17694720.0,v1.14-1.15,0.0,0.0,0.0,True,0.0,0.0,0.2063946425914764,4.0,actuator_motors,none,130516935,74345519,28.0,,B,,0.0,4.0,True,10.000844899247626,199.2915947613833,1.9999986895714108,1222.957589,1213.7161400000005,,True,0.0,4.707387005114169e-05,vehicle_attitude,main,0.0279216160997748,0.0017064298153854,0.0,0.0135634259786456,0.0,0.0274137174710631,0.0095343191642314,0.0140950281638652,0.0169077273458242,0.0,0.0275389151956957,0.0017049755182302,0.0,0.0134722660851456,0.0,0.0270446905981285,0.0094891543932256,0.0139966169158426,0.0167663827100914,0.0,0.0
8f568acf-799c-477a-aba4-6f1e9eb4b25c,ok,17761535.0,v1.14-1.15,0.0,0.0,0.0,True,0.0,0.0,0.1600000113248825,4.0,actuator_motors,none,3737858,2395846,2.9,,C,,0.0,4.0,True,10.009608126256454,20.011292556704287,1.999980663170384,90.754542,87.659722,,True,0.0,0.0,,main,0.0010268425219692,0.0,0.0,0.0,0.0,0.0,0.0,8.890205478668213,9.032914638519284,0.0088581630494445,0.0010263156798118,0.0,0.0,0.0,0.0,0.0,0.0,2.291544921826096,2.305871151835846,0.0088191596860131,0.0
a04c4897-a6de-4814-bbc4-b5f32eb58d1b,ok,17629184.0,v1.12-1.13,0.0,0.0,0.0,True,0.0,0.0,0.3753846153846153,6.0,actuator_outputs,bus,11557622,6103480,5.1,,B,,,,False,10.003277605187735,20.003033895590782,2.0032479520346183,309.729026,298.8892259999999,True,True,0.0,0.0,,main,3.06969195662532e-05,2.828450124070514e-05,0.0,0.0,0.0,0.0,0.0,0.0001236027681443,0.0,0.0,3.069644842545946e-05,2.828410124174242e-05,0.0,0.0,0.0,0.0,0.0,0.0001235951299515,0.0,0.0,0.0
4c19bd82-caf1-4e2a-996e-4e74244509bf,ok,17695488.0,v1.14-1.15,0.0,0.0,0.0,True,0.0001689189189189,0.0105120000000056,0.3929739356040954,4.0,actuator_motors,none,12177983,7019753,8.7,,C,,0.0,4.0,True,10.009559406250297,170.9567460043477,1.9999902326058407,108.217647,103.601057,,True,0.0,0.0,,main,0.137788537889719,0.0,0.0,0.0,0.0,0.0,0.0,0.0638056956231594,0.0,0.0004158617375651,0.1290864993600598,0.0,0.0,0.0,0.0,0.0,0.0,0.0618527573474301,0.0,0.0004157752910384,0.00016151957617263212
57d2b3af-5aec-401b-9934-89c7bf132a54,ok,17826047.0,v1.16+,0.0,0.0,0.0,True,0.0174361835681406,1.5012540000000172,0.4441214680671691,4.0,actuator_motors,none,34310251,22494693,12.4,,C,,0.0,4.0,True,9.99999563409754,19.999858804960496,1.9999970374523768,721.160718,716.9395890000002,,True,0.0,0.0001316569268359,sensor_combined,main,0.0063501706346869,0.0098407086916267,0.0073299410752952,0.0128784344531595,0.0119851445779204,0.0115496008656918,0.011978926602751,0.0064518211409449,0.0023017231374979,0.0,0.0063300932528489,0.0097926042482748,0.0073032076141886,0.0127962125896561,0.0119138914867026,0.0114834133642633,0.0119077471333932,0.0064310972331309,0.0022990782305818,0.0,0.01732261640798226
2730b9af-7a04-48bb-8f2e-c16ea782ff4e,ok,17956928.0,v1.16+,0.0,0.0,0.0,True,0.0262919310970081,1.0999999999999943,0.1267279535531997,4.0,actuator_motors,none,83460641,41227836,16.6,,B,,0.0,4.0,True,125.0,249.99448646979687,100.00110236567674,362.64,220.56800000000004,,True,0.0,0.0,,main,0.0005816871183924,0.0002688165026484,0.0002587789786048,0.001712150289677,0.0058703218121081,8.34765742183663e-05,0.0004863086505793,0.1952458769083023,0.1235848069190979,0.0,0.0005815180040184,0.0002687803779661,0.0002587455011003,0.0017106862312569,0.005853158609279,8.347309024303022e-05,0.0004861904408502,0.1783519189538526,0.1165242943686156,0.0,0.015977961432506887
ebb3b6fe-f9fa-432c-abab-7cc6ab06ebaa,ok,17826240.0,v1.16+,0.0,0.0,0.0,True,0.0,0.0,0.1887194141745567,4.0,actuator_motors,none,3940901,2758200,2.7,,C,,0.0,4.0,True,10.010538094520465,20.01033379362799,1.9999476787881447,93.220092,89.10675200000004,,True,0.0,0.0,,main,0.012778281699866,0.0,0.0,0.0,0.0,0.0,0.0,0.1138244345784187,0.0835879921913146,0.0,0.012697328358605,0.0,0.0,0.0,0.0,0.0,0.0,0.107799529963339,0.0802777497640396,0.0,0.0
23ee80e3-dc26-4144-bebf-fc9760bfd8a9,ok,17825984.0,v1.16+,0.0,0.0,0.0,True,0.0,0.0,0.0926497429609298,4.0,actuator_motors,none,3209509,2447701,3.2,,C,,0.0,4.0,True,10.013798049210015,20.01380058640577,1.9999602865028825,70.085576,68.273559,,True,0.0,0.0,,main,0.0004225803713779,0.0002848531294148,4.719645221484825e-05,0.0086036287248134,0.0049584731459617,0.0010500757489353,0.004042936488986,0.0135386604815721,0.0062734191305935,0.0,0.0004224911094387,0.0002848125664649,4.719533849733962e-05,0.0085668284378879,0.0049462204045594,0.0010495248050508,0.0040347857823995,0.0134478316994873,0.0062538231499634,0.0,0.0
0647acaf-7f28-451b-b460-058c13ae918c,ok,17826240.0,v1.16+,0.1563421828908554,0.0619469026548672,0.0,True,0.0169082125603864,0.500402,0.2395426109433174,4.0,actuator_motors,none,7836866,5371835,4.4,,B,,0.0,4.0,True,10.005893715444586,20.00535086606568,2.000011223943585,167.692754,165.60274900000007,,True,0.0,0.0,,main,0.0022636474459432,0.0013200131943449,0.0016824539925437,0.0083405717741698,0.012097907718271,0.0016261820856016,0.0020202812738716,0.0,1.8326696455478668,0.0514074377715587,0.0022610892558963,0.001319142742849,0.001681040252305,0.0083059814079403,0.0120253129427928,0.00162486128323,0.002018243250118,0.0,1.041219604641232,0.0501296835379365,0.016646848989298454
82416bc5-ec85-4d88-b20b-b8c864c9726a,ok,17695488.0,v1.14-1.15,0.0032537960954446,0.0,0.0,True,0.0213978494623655,14.70013999999992,0.0975344866514205,4.0,actuator_motors,none,34205645,20517245,17.9,,C,,0.0,4.0,True,9.980675088101576,19.96028004003728,1.9967861057026184,932.42502,931.9036000000004,,True,0.0,0.0020852984855165,sensor_combined,main,0.003237492009066,0.0,0.0,0.0,0.0,0.0,0.0,14.929345512390135,,0.000198119036213,0.0032322626155183,0.0,0.0,0.0,0.0,0.0,0.0,2.768163037854467,,0.0001980994132284,0.02137945853029652
513e299c-6b6b-4666-a54c-89f10b5a9533,ok,17629184.0,v1.12-1.13,0.0,0.0,0.0,True,0.000780031201248,0.0974250000000012,0.1384605184197426,4.0,actuator_motors,none,3993599,2616853,2.3,,A,,0.0,4.0,True,9.984554602809563,19.961304333850222,1.992228417716688,129.866547,128.37191700000002,,True,0.0,0.0018465485019649,sensor_combined,main,0.0341844603419303,0.0,0.0,0.0,0.0,0.0,0.0,0.47347052693367,5.492333805561062,9.888489003060383e-05,0.0336131550905829,0.0,0.0,0.0,0.0,0.0,0.0,0.387620520914584,1.8706220663158617,9.888000124214788e-05,0.0007716049382716049
b05a3129-b0b9-4fe1-b546-170d2ec2ba3f,ok,17891583.0,v1.16+,0.0,0.0,0.0,True,0.0,0.0,0.3701486855745315,4.0,actuator_motors,none,3080311,2658353,3.3,,B,,0.0,4.0,True,10.015929018908771,20.01415499908572,1.9996549305144904,62.030881,56.22260399999999,,True,0.0,0.0,,main,0.0152850531041622,0.0026151014026254,0.0028630248270928,0.0057896769605576,0.0057385705411434,0.0039980613626539,0.0038030256982892,0.0153187949210405,0.0021601492539048,0.0,0.0151694135621517,0.0026116879746308,0.0028589341774069,0.0057729811919789,0.0057221676679942,0.0039900903539819,0.0037958124783147,0.0152026468458513,0.0021578194859995,0.0,0.0
dca005d8-feac-47b7-bbd1-63092be49fc0,ok,17760767.0,v1.14-1.15,0.0,0.1208791208791208,0.0,True,0.0,0.0,0.1712289154529571,4.0,actuator_motors,none,27101005,16961049,6.3,,C,,0.0,4.0,True,10.004295680414865,278.4046514875176,1.9999953155665275,225.442833,220.8080249999999,,True,0.0,0.0,,main,0.0028311989735811,0.0028896176954731,0.0009687520214356,0.0085223717615008,0.0061278180219233,0.0012402497814036,0.0005299763870425,1.0137637853622437,0.1099818032234903,0.0,0.0028271986784094,0.0028854507755338,0.0009682830840276,0.0084862613703503,0.0061091192944537,0.0012394813069779,0.0005298359991564,0.7000055011031174,0.1043436216975169,0.0,0.0
b836a0da-9fc3-4f64-a1d7-91c605889136,ok,17695488.0,v1.14-1.15,0.2209944751381215,0.0,0.0,True,0.0,0.0,0.0303185388445854,4.0,actuator_motors,none,6246966,3911277,4.0,,B,,0.0,4.0,True,10.005921309266624,20.005971995470137,2.000004752820284,178.877931,167.254452,,True,0.0,0.0,,main,0.0042382891289889,0.0,0.0,0.0,0.0,0.0,0.0,4.8534013330936425e-05,0.0,0.0,0.0042293328788191,0.0,0.0,0.0,0.0,0.0,0.0,4.853283559381814e-05,0.0,0.0,0.0
284178e7-c335-4a41-bff4-448dbac9371b,ok,17760767.0,v1.14-1.15,0.0,0.0,0.0,True,0.0675862068965517,4.898830000000004,0.9999999866560167,4.0,actuator_motors,none,2954190,2150838,4.1,,C,,0.0,4.0,True,10.012660552979831,20.012640225208912,1.9999296648112688,77.515977,72.51911100000001,,True,0.0,0.0,,main,0.0190830301493405,0.0,0.0,0.0,0.0,0.0,0.0,0.0,0.0,0.0,0.0189032329126125,0.0,0.0,0.0,0.0,0.0,0.0,0.0,0.0,0.0,0.06282051282051282
e10558d7-e28c-44c2-a224-86c65ec6754d,ok,17891583.0,v1.16+,0.0,0.0,0.0,True,0.0,0.0,0.206812660396099,4.0,actuator_motors,none,2986213,2607414,3.1,,B,,0.0,4.0,True,10.016202059100625,20.01459458393383,1.9999997377049523,61.43803,54.220045999999975,,True,0.0,0.0,,main,0.0003355879918672,0.0003772768453927,0.0002699879405554,0.0027381691150367,0.0017498198663815,0.0005280493875034,0.0035704522626474,1.0725351929664608,0.1320156775414941,0.0,0.0003355316948117,0.0003772056943788,0.0002699515003701,0.0027344271591677,0.0017482907151653,0.0005279100184859,0.0035640933296502,0.7287725888078485,0.1239998291033698,0.0,0.0
0bd113a3-4aea-4aa9-a0d9-cdad2878f165,ok,17825984.0,v1.16+,0.0,0.0,0.0,True,0.0,0.0,0.1445189654827115,4.0,actuator_motors,none,3601705,2623454,3.0,,C,,0.0,4.0,True,9.97905212839144,19.969482888410408,1.999936185709666,98.295594,95.87298000000004,,True,0.0,0.0021495624071695,sensor_combined,main,0.0,0.0,0.0,0.0,0.0,0.0,0.0,0.0,0.0,0.0031869576312601,0.0,0.0,0.0,0.0,0.0,0.0,0.0,0.0,0.0,0.0031818900457207,0.0
12fcc46b-ab5e-42f9-92e2-85c3c66b9b1b,ok,17826047.0,v1.16+,0.0,0.0,0.0,True,0.0,0.0,0.1665716171264648,4.0,actuator_motors,none,30043715,12422777,13.1,,B,,0.0,4.0,True,125.0,250.0,100.01388117712382,100.372,96.072,,True,0.0,0.0,,main,0.0002864362904801,0.0002778342168312,9.73675851128064e-05,0.0028433599043637,0.0028192400583065,7.5627671321854e-05,0.0008750568376854,0.2208170741796493,0.0632393583655357,0.0,0.0002863952754377,0.0002777956280525,9.736284519716464e-05,0.0028393252028537,0.0028152734545099,7.562481169369631e-05,0.0008746741986551,0.1995203675082866,0.061320246510441,0.0,0.0
1614a17a-b083-4876-93fe-4d1e44538db6,ok,17891392.0,v1.16+,0.0,0.0,0.0,False,0.5152517511824223,14.791071000000002,0.4539772361516951,4.0,actuator_motors,none,167485862,66814662,34.3,,A,,0.0,4.0,True,9.711545315408893,191.73091865250788,1.9432108780172213,176.611338,176.62590400000002,,True,0.0,0.016973904761673,sensor_combined,main,0.0102579082362353,0.0126524439081549,0.0097826229408383,0.0127474314533174,0.0098629904910922,0.0283874986693262,0.0157570881769061,0.0283650375902652,0.0283650375902652,0.0,0.0102056529450504,0.0125730705498516,0.0097350828779335,0.0126668668874416,0.0098146686723539,0.0279920402382067,0.0156342341305177,0.0279701989338534,0.0279701989338534,0.0,0.5152517511824223
c886dfb9-4bf3-466f-99d1-2b0009ccb829,ok,17564416.0,v1.12-1.13,0.0,0.0,0.0,True,0.0050556117290192,0.3986789999999871,0.3669473684210525,6.0,actuator_outputs,bus,3503982,2315104,3.6,,A,,,,False,10.0090975477672,20.00971797501927,2.0096247367245264,102.454893,98.92280600000002,True,True,0.0,0.0,,main,2.809618759869181e-09,0.0586991701275109,0.0,0.1368330851197241,0.0,0.3247337162494653,0.2161977618932722,0.0114072202704846,0.0,0.0,2.809618755922202e-09,0.0570409565069775,0.0,0.1282464011067736,0.0,0.2812114703729084,0.1957294034565551,0.0113426485254347,0.0,0.0,0.0
8876477b-1b4e-429a-8bcf-01d8f8188941,ok,17694720.0,v1.14-1.15,0.0,0.0,0.0,True,0.0,0.0,0.3154168650507926,4.0,actuator_motors,none,12882472,8243045,5.2,,C,,0.0,4.0,True,9.947231026027044,19.897546295379428,1.9906193679662827,322.070426,316.00548400000025,,True,0.0,0.0055800462748811,vehicle_attitude,main,0.0407736673951149,0.0035086397547274,0.0,0.1070003882050514,0.0,0.081701636314392,0.0079552214592695,0.0929548442363739,0.1401592880487442,0.0,0.0399643475455178,0.0035024988382469,0.0,0.1016540044085082,0.0,0.0785353903777403,0.0079237455069526,0.0888848947420452,0.1311679790041332,0.0,0.0
56ad4dc6-9cc6-44f7-92af-4c1e2ddcb8ac,ok,17891583.0,v1.16+,0.0,0.0,0.0,True,0.3333333333333333,2.498095,0.999999971678092,4.0,actuator_motors,none,3304505,2625265,3.5,,B,,0.0,4.0,True,10.013118370829805,20.0118954919835,1.999849706659132,75.814791,69.22582899999998,,True,0.0,0.0,,main,0.0019669247092679,0.0036617783247493,0.0015060029982123,0.0163278864696621,0.0129961513448506,0.0008398084144573,0.0065401237690821,0.0302262830547988,0.0053291481453925,0.0,0.0019649928456673,0.0036550903361482,0.0015048701129734,0.0161960199956659,0.0129124259946209,0.0008394559726793,0.0065188299519996,0.0297784703989404,0.0053149984835824,0.0,0.3035479632063075
0c007e7f-c8e1-47f4-b169-29111e62cf3c,ok,17761023.0,v1.14-1.15,0.0,0.0,0.0,True,0.0,0.0,0.3504871860146522,4.0,actuator_motors,none,4314476,3198509,2.9,,A,,0.0,4.0,True,10.009360950663131,20.009632011421555,1.9999605751361496,97.660624,91.440342,,True,0.0,0.0,,main,0.0045696176821365,0.0003301510005258,0.0001056950459314,0.0031527957762591,0.0024764909758232,0.003322591423057,0.0039459019899368,0.1329495906829834,0.0444580884650349,0.0,0.004559208677325,0.0003300965126767,0.0001056894606035,0.003147836137407,0.0024734295254409,0.0033170838124958,0.0039381373376818,0.1248244891610917,0.0434981752783826,0.0,0.0
66a167e9-0c7e-4a24-9fa3-8e4bbf18ea44,ok,17630207.0,v1.12-1.13,0.0,0.0,0.0,True,0.0,0.0,0.2189999999999999,6.0,actuator_outputs,per_channel,6412816,4250598,9.5,,B,,,,False,10.005954417306274,20.00566989656875,1.999941431182288,159.929442,154.63304900000006,True,True,0.0,0.0,,main,3.687598291435279e-05,0.0165686522610485,0.0,0.0132557544857263,0.0,0.0066761603811755,0.0082592882681638,0.0031046852585859,0.024247970432043,0.0,3.68753030120095e-05,0.0164328896916145,0.0,0.0131686657460053,0.0,0.0066539735164257,0.0082253669958691,0.0030998756755648,0.0239586559266907,0.0,0.0
e019dd2d-f732-46ff-9a34-03950026b3d9,ok,17695743.0,v1.14-1.15,0.6556776556776557,0.0,0.0,True,0.2697264358874627,1.084626,0.4250421524047847,4.0,actuator_motors,none,14164930,8200455,10.2,,A,,0.0,4.0,True,9.993136428592754,137.7559170174993,1.999934342896239,136.125232,135.213841,,True,0.0,0.0017633874357829,vehicle_attitude,main,0.0251188213005661,0.0,0.0,0.0,0.0,0.0,0.0,0.0567332841455936,0.4122785907238722,0.1521413624286651,0.0248085290918587,0.0,0.0,0.0,0.0,0.0,0.0,0.0551823421665697,0.3452044218219027,0.1416222651869386,0.2679615652129112
80fc6b04-89b5-46a8-a8ec-4e63ec795ff4,ok,17564927.0,v1.12-1.13,0.0,0.1122866894197952,0.0,True,0.0,0.0,0.3023529411764706,4.0,actuator_outputs,global,241915019,75811968,48.1,,B,,,,False,24.69664588044361,24.70068359881791,1.975326662152583,3001.485796,881.1892629999998,True,True,0.0,0.0121677917484625,sensor_combined,main,8.196661838155705e-06,0.0003669383877422,0.0,0.0031512399669736,0.0,0.0022070803679525,0.0033705808687955,0.0008646469912491,0.0,0.0131307952105999,8.196628245706625e-06,0.0003668710823161,0.0,0.0031462852166514,0.0,0.0022046483438682,0.003364913193101,0.0008642733993739,0.0,0.0130453336252868,0.0
0fd264af-93e9-4a40-be5b-00b3872b210c,ok,17826047.0,v1.16+,0.9029850746268656,0.0,0.0,True,0.0,0.0,0.4108819216489791,4.0,actuator_motors,none,3272117,2680476,2.5,,C,,0.0,4.0,True,9.99879595337352,19.984358010956697,1.999948452456428,66.793821,57.651672,,True,0.0,0.0018064130445955,sensor_combined,main,0.0015795486862771,0.0,0.0,0.0,0.0,0.0,0.0,2.5086478948593136,0.3156750619411468,0.0051051735179498,0.001578302511341,0.0,0.0,0.0,0.0,0.0,0.0,1.255230748123566,0.2743498889964071,0.0050921863021986,0.0
b58e2067-08eb-4ee0-a119-e138823b8cd1,ok,17694720.0,v1.14-1.15,0.0,0.0,0.0,True,0.2992517475632568,0.9666789999999992,0.4377753809094428,4.0,actuator_motors,none,8651478,5597504,4.0,,C,,0.0,4.0,True,10.012222921742865,201.23284723390904,2.000121409967145,77.233534,72.42970299999998,,True,0.0,0.0,,main,0.0041297118645161,0.0120633896440267,0.0,0.1982838645577423,0.0,0.0012047726893797,0.0053901956882327,0.3155321091413497,,0.0,0.0041212080087506,0.0119912068917656,0.0,0.1808904203379847,0.0,0.001204047533137,0.0053757205759481,0.2742412295175878,,0.0,0.2800350101345126
e67cfd71-7ff2-4250-bea5-fb3e107896a5,ok,17694975.0,v1.14-1.15,0.0,0.0,0.0,True,0.0263331138907175,0.3997439999999983,0.8422851892347069,4.0,actuator_motors,none,5910436,3864432,3.0,,C,,0.0,4.0,True,9.954686982896847,19.90868276774697,1.9869966349785733,152.9815,152.80297999999985,,True,0.0,0.0052007143347612,vehicle_attitude,main,0.0034918963094241,0.0,0.0,0.0,0.0,0.0,0.0,0.0353937424719333,,0.0,0.0034858137950664,0.0,0.0,0.0,0.0,0.0,0.0,0.034781781882249,,0.0,0.02621231979030144
49e6259e-3499-4b91-a724-f0bcedcbed60,ok,17629952.0,v1.12-1.13,0.0,0.0,0.0,True,0.0,0.0,0.159865379333496,4.0,actuator_motors,none,6078577,3340458,3.6,,B,,0.0,4.0,True,10.008966826737854,20.00857843352967,2.000041727366295,117.280853,112.484723,,True,0.0,0.0,,main,1.4805277714913244e-05,0.0001813293056329,0.0,0.0,0.0,0.0,0.0,0.0113026035018265,0.0,0.0,1.4805168117870878e-05,0.0001813128674614,0.0,0.0,0.0,0.0,0.0,0.0112392063336562,0.0,0.0,0.0
d13613e1-e449-47f2-acf1-f356db07ce3c,ok,17695744.0,v1.14-1.15,0.9073170731707316,0.0,0.0,False,0.0033444816053511,0.2997919999999965,0.4800382256507873,4.0,actuator_motors,none,3073413,2107369,2.5,,C,,0.0,4.0,True,10.012611431862162,20.022635416839965,2.017973038551919,102.028016,89.37348099999993,,True,0.0,0.0,,main,0.0001600478222826,0.1709168642759323,0.0,0.6469133973121644,0.0,8189.288134765624,0.0070939850527793,0.0,,0.0,0.0001600350159962,0.1577870866007739,0.0,0.4989028677317569,0.0,8.987378698766085,0.0070689411119548,0.0,,0.0,0.0029296875
333a57b3-af32-45a1-a447-ded36c328cfa,ok,17761535.0,v1.14-1.15,0.0,0.0,0.0,True,0.0,0.0,0.5409445717930793,4.0,actuator_motors,none,2866979,2152868,2.6,,B,,0.0,4.0,True,10.012640892017318,20.01334938693692,2.0002039667450413,74.244317,70.49126799999999,,True,0.0,0.0,,main,0.0024403411429375,0.0017218980472534,0.0002504633564967,0.0030254587065428,0.0016815145034343,0.0118618119508028,0.0036365835927426,0.0921603381633758,0.0581355944275856,0.0,0.0024373683459341,0.0017204172803868,0.0002504319957865,0.0030208912165329,0.001680102340748,0.0117920120858196,0.0036299872099902,0.0881576963642115,0.0565084863088519,0.0,0.0
a408a531-dbe5-4ebe-a121-632f6c3046fa,ok,17695743.0,v1.14-1.15,0.0,0.0,0.0,True,0.0,0.0,0.1289061725139617,4.0,actuator_motors,none,7608758,4746565,4.5,,A,,0.0,4.0,True,10.00485526466263,20.00470763286753,1.9999710968644024,197.253519,190.9321070000001,,True,0.0,0.0,,main,0.0007182217144872,0.0,0.0,0.0,0.0,0.0,0.0,8.836372489895434e-06,,0.0,0.0007179639167015,0.0,0.0,0.0,0.0,0.0,0.0,8.836333449386028e-06,,0.0,0.0
cde494bb-e2d1-48e8-aeea-0779909b51b6,ok,17695488.0,v1.14-1.15,0.0,0.0,0.0,True,0.0,0.0,0.1877077288925633,4.0,actuator_motors,none,29442264,10221953,10.2,,A,,0.0,4.0,True,10.010622418100276,199.98939221782013,1.9999994652407849,93.902846,86.60001700000001,,True,0.0,0.0,,main,0.0,0.0,0.0,0.0,0.0,0.0,0.0,0.0029640096705406,0.0,0.0,0.0,0.0,0.0,0.0,0.0,0.0,0.0,0.0029596256545845,0.0,0.0,0.0
5539ce1b-42ba-4c32-8763-74ddbe7fddee,ok,17694975.0,v1.14-1.15,0.1765557163531114,0.0,0.0,True,0.0,0.0,0.2270934760570526,4.0,actuator_motors,none,69797568,42385019,27.4,,C,,0.0,4.0,True,9.996003946917948,19.99201114606345,1.9988548613221573,1745.86497,1741.986279000001,,True,0.0,0.0004593234934074,sensor_combined,main,0.0113990610465407,0.0009731874335557,0.0,0.0057620540261268,0.0,0.001019696262665,0.0011190644465386,0.0051222167909145,0.0098973391577601,0.0,0.0113345812932738,0.0009727141936744,0.0,0.0057455168876739,0.0,0.0010191767255809,0.0011184387606658,0.0051091428644734,0.0098486812887688,0.0,0.0
08e27f9d-a6e2-41a3-89c2-76cf83f98f54,ok,17760384.0,v1.14-1.15,0.0,0.2887323943661972,0.0,True,0.0,0.0,0.1066972374916076,4.0,actuator_motors,none,7191721,4746787,38.8,,A,,0.0,4.0,True,9.88132094376716,195.7682897472576,1.9705558361663285,68.049213,62.56653500000001,,True,0.0,0.0131954796208073,sensor_combined,main,0.0059236718108877,0.0007770461816107,0.000497706697206,0.0091344316955655,0.0081774705555289,0.0015254996309522,0.0028633725713007,0.1246105648577213,0.0189792660996317,0.0,0.0059061958476456,0.0007767444375291,0.0004975828823084,0.0090929650989432,0.0081442162111279,0.0015243372383929,0.0028592809287967,0.1174368111566834,0.0188014067319414,0.0,0.0
aeaba112-25cd-4025-bc83-f3c04bccbd2f,ok,17629696.0,v1.12-1.13,0.0,0.0,0.0238652316331305,False,0.0,0.0,0.8280000000000001,6.0,actuator_outputs,per_channel,15532032,8811054,48.8,,C,,,,False,10.002263082262974,20.002186730928155,2.000004689342765,427.135324,425.6990409999998,True,True,0.0,0.0,,main,0.0181841703131794,0.0042424602201208,0.0,0.004431429808028,0.0,0.0,0.0052402869565412,0.0051206558477133,0.006776932789944,0.0,0.0180208156290254,0.0042334863576446,0.0,0.0044216399343928,0.0,0.0,0.0052266044322676,0.0051075898748098,0.006754072604102,0.0,0.0
32556bbb-db92-439e-8654-a072b4009724,ok,17891583.0,v1.16+,0.0,0.0,0.0,True,0.2944983818770226,2.999379000000001,0.9999999781681158,4.0,actuator_motors,none,3010868,2433234,2.9,,B,,0.0,4.0,True,10.01372330637854,20.013072108812555,2.000007708058904,68.729289,61.82433799999999,,True,0.0,0.0,,main,0.0012306631018873,0.0023641795036382,0.0010681650077458,0.042151459120214,0.0150665211491286,0.002612534945365,0.0083953094203025,0.0302540126256644,0.0031151969567872,0.0,0.0012299064567719,0.0023613892282181,0.0010675949254291,0.0412872870103188,0.0149541484241838,0.0026091282081346,0.008360264813771,0.0298053860369354,0.003110354784355,0.0,0.263768115942029
aafff692-6529-4391-8296-55a03a840fa6,ok,17761535.0,v1.14-1.15,0.0,0.0,0.0,True,0.0,0.0,0.4218112215399742,4.0,actuator_motors,none,41718583,25543153,18.0,,C,,0.0,4.0,True,9.94261898638564,220.68493294145472,1.9884954560910448,348.320709,341.42776499999974,,True,0.0,0.0060143232628295,vehicle_attitude,main,0.0039427808485925,0.0034773251973092,0.003471058839932,0.0180498741567134,0.0237068608403205,0.0013390468666329,0.0020881038159131,0.0690470308065414,0.0070729991421103,0.0,0.0039350284588172,0.0034712932812897,0.0034650486190682,0.0178889092236439,0.0234302169239826,0.0013381511428989,0.0020859267572296,0.0667676262169102,0.0070481028092377,0.0,0.0
8a54b5fe-5299-4e84-b668-6df1a9a93441,ok,17695743.0,v1.14-1.15,0.0,0.0,0.0833333333333333,True,0.1702786377708978,6.201411,0.5475814864039421,4.0,actuator_motors,none,2881200,2285834,2.1,,C,,0.0,4.0,True,10.01347571079747,20.01395572410116,1.999937111466597,68.914341,64.666119,,True,0.0,0.0,,main,0.0036946726148016,0.0007034017966361,0.0,0.0147117865737527,0.0,0.1977496884763241,0.119515329226852,0.0188470734283328,0.0360963892191648,0.0,0.0036878640769952,0.0007031545255395,0.0,0.0146046180566183,0.0,0.1804445366903272,0.1128958498855264,0.018671667834254,0.0354601792961974,0.0,0.1585014409221902
c6a6f6a7-76d2-4a9d-9976-c32a753555dc,ok,17826047.0,v1.16+,0.0,0.0,0.0,True,0.0,0.0,0.1491188555955886,4.0,actuator_motors,none,154526725,45870272,82.0,,B,,0.0,4.0,True,9.982686167699011,155.46157931381174,2.0000454619029338,230.492796,224.826407,,True,0.0,0.0,,main,0.0100338328629732,0.0,0.0,0.0,0.0,0.0,0.0,0.0049208379350602,0.0017042006365954,0.0098522892221808,0.0099838281762583,0.0,0.0,0.0,0.0,0.0,0.0,0.0049087701848389,0.0017027501344211,0.0098040718629729,0.0
f1ace2c1-3566-4ab5-994e-b0bbbca90dd5,ok,17761535.0,v1.14-1.15,0.2138084632516703,0.0,0.0,True,0.6785714285714286,80.698755,1.0,4.0,actuator_motors,none,8627252,5706205,7.0,,B,,0.0,4.0,True,10.00479504475854,20.00476157823581,2.0000074757560986,206.692636,201.6202669999999,,True,0.0,0.0,,main,0.0056638351641595,0.0,0.0,0.0,0.0,0.0,0.0,0.2300666689872741,0.1253493145108222,0.0581337630748748,0.005647855957114,0.0,0.0,0.0,0.0,0.0,0.0,0.2070683703441057,0.1180934892480772,0.0565067555719735,0.6611889801836636
9d43eb17-6bc1-45fe-8701-bedfda47ee70,ok,17564928.0,v1.12-1.13,0.0,0.4651624101165386,0.0,True,0.0020408163265306,0.3011529999999993,0.2952941176470588,4.0,actuator_outputs,global,178917474,54471348,47.4,,A,,,,False,24.9711516113455,24.97148269497741,1.9990123968114868,2044.879986,685.9474639999993,True,True,0.0,0.0011996224259484,sensor_combined,main,1.2417302968970034e-05,0.0018903066171333,0.0,0.0032571037765592,0.0,0.0010527001402806,0.0015307519002817,0.000429973003338,0.0002091734830173,0.0,1.2417225874901722e-05,0.0018885222359111,0.0,0.0032518109038965,0.0,0.0010521464400407,0.0015295814938406,0.000429880591435,0.0002091516092945,0.0,0.00019583843329253365
d0185cbe-254f-4ddc-ac44-ef4095adc90a,ok,17826047.0,v1.16+,0.0,0.0,0.0,True,0.0,0.0,0.3274922788143157,4.0,actuator_motors,none,3308664,2545454,6.6,,B,,0.0,4.0,True,10.012766928012889,20.011390639484908,1.9999250747024304,76.692319,66.852974,,True,0.0,0.0,,main,0.0009281784092308,0.0011665839818306,0.0004201999399811,0.0042675239965319,0.0064434447558596,0.0123705555684864,0.011934798490256,0.0038066108012571,0.0019238039152696,0.0,0.0009277479180122,0.0011659040514831,0.0004201116807098,0.0042584439397422,0.00642277450991,0.0122946654734034,0.011864140420365,0.003799383992321,0.0019219557744448,0.0,0.0
b9a77929-0961-44ad-bc48-2b5dd265a95a,ok,17826240.0,v1.16+,0.0,0.0,0.0,True,0.0,0.0,0.5405754968523979,4.0,actuator_motors,none,10480454,6522662,5.3,,C,,0.0,4.0,True,9.99979282725865,199.01570319501505,1.9999736629974256,83.342123,77.744476,,True,0.0,0.0007781650290672,vehicle_attitude,main,0.001745532429777,0.0002445400896249,0.0001744065637467,0.0029339151456952,0.0016635698499158,0.0003152469435008,0.0020099979825317,0.0001277808492886,0.0678891375660896,0.0008432312286458,0.0017440107585389,0.0002445101945707,0.00017439135669,0.0029296196164154,0.0016621876503044,0.0003151972636237,0.0020079806393716,0.0001277726860112,0.0656839313729485,0.0008428759089237,0.0
4d631738-ad24-410c-be4c-c6f23b296026,ok,17826047.0,v1.16+,0.0,0.0,0.0,True,2.181025081788441e-05,0.0037019999999969,0.3749806106090546,4.0,actuator_motors,none,41776793,24844922,14.5,,C,,0.0,4.0,True,9.8907846620939,199.80504888630227,1.9787106178152785,329.081373,324.72615,,True,0.0,0.0115079072732714,vehicle_attitude,main,0.0045922253513708,0.0046615063212811,0.0016667893156409,0.008416388509795,0.0061653423821553,0.0007903960620751,0.0014474352414254,0.1945843763649463,0.0275068411603569,0.0004648100890335,0.0045817132548569,0.0046506751473701,0.0016654017639531,0.0083811681926188,0.0061464144172267,0.0007900838636037,0.0014463887167657,0.1777983226811934,0.0271353254296955,0.0004647020982862,2.150329538001699e-05
97155b59-b9e0-46ea-8be2-11201de1fbaa,ok,17891392.0,v1.16+,0.0,0.0,0.0,True,0.0,0.0,0.0315150916576385,4.0,actuator_motors,none,3236400,2490122,3.4,,C,,0.0,4.0,True,10.010599278782038,20.01170215918182,1.9999462837956952,85.735937,82.07816899999999,,True,0.0,0.0,,main,0.0,0.0,0.0,0.0,0.0,0.0,0.0,0.0,2.735682964324951,0.0028033321723341,0.0,0.0,0.0,0.0,0.0,0.0,0.0,0.0,1.3179306571097495,0.0027994101647834,0.0
ee137382-d197-4835-b010-3033fcd9d3c1,ok,17695488.0,v1.14-1.15,0.0599945828819068,0.0,0.9010989010989012,True,0.0251369004420399,2.6186029999999985,0.136552071198821,4.0,actuator_motors,none,26167209,14758139,7.8,,A,,0.0,4.0,True,10.00446434886882,158.93794395821035,2.000090293731468,218.207019,212.19794299999987,,True,0.0,0.0,,main,0.1391431130468845,0.0318321823142468,0.0,0.0723419394344091,0.0,0.0507680336013436,0.5294876396656036,0.0607037069275975,0.0749714497476815,0.0,0.1302763245499485,0.0313360397996924,0.0,0.0698449851404191,0.0,0.0495213573552361,0.4249328032852903,0.0589325623168052,0.0722941028526964,0.0,0.024462279293739966
258a0e12-6d33-4baf-ab24-40710413e992,ok,17694975.0,v1.14-1.15,0.0,0.0,0.0,True,0.0,0.0,0.104458326101303,4.0,actuator_motors,none,2577846,1854708,2.9,,B,,0.0,4.0,True,10.013735062723134,20.01326171335689,1.9999566452351405,75.194582,71.74738799999997,,True,0.0,0.0,,main,0.0011070878535974,0.0,0.0,0.0,0.0,0.0,0.0,6.655679225921625,0.8224350541830057,0.0,0.0011064754837627,0.0,0.0,0.0,0.0,0.0,0.0,2.0354477548822985,0.6001735487008341,0.0,0.0
e4715794-473c-42fa-bb2c-70857ac1a16e,ok,17694848.0,v1.14-1.15,0.0,0.0,0.0,True,0.0,0.0,0.0729549825191497,4.0,actuator_motors,none,31709784,18829731,10.8,,A,,0.0,4.0,True,10.001192799516168,20.00114976580327,2.0000133755541363,807.080945,805.6255119999993,,True,0.0,0.0,,main,0.0002260860434034,0.0,0.0,0.0,0.0,0.0,0.0,0.0,0.0,0.0,0.0002260604898053,0.0,0.0,0.0,0.0,0.0,0.0,0.0,0.0,0.0,0.0
1cbd3e47-8c91-494d-ac59-2432b8858f7b,ok,17694720.0,v1.14-1.15,0.0,0.0,0.0,True,0.0,0.0,0.3129481524229049,4.0,actuator_motors,none,14857070,3778472,5.5,,C,,0.0,4.0,True,10.011476749859987,20.01040872395161,121.18892663113124,84.116728,79.979199,,True,0.0,0.0,,main,0.0044521361123769,0.0,0.0,0.0,0.0,0.0,0.0,4.347054800746263e-05,,0.0,0.0044422546725497,0.0,0.0,0.0,0.0,0.0,0.0,4.346960319057164e-05,,0.0,0.0
78b09171-070a-4fad-8680-7f328c928312,ok,17629952.0,v1.12-1.13,0.0,0.0,0.0,True,0.0,0.0,0.3589999999999999,6.0,actuator_outputs,per_channel,10947574,6270626,5.9,,A,,,,False,10.003989292938854,20.003720632439403,2.00003949758172,234.529636,230.0164310000001,True,True,0.0,0.0,,main,4.059746061102487e-05,1.3687780153759377e-07,0.0,0.0,0.0,0.0,0.0,0.0011687983875162,0.0,0.0002512836872483,4.059663655642378e-05,1.3687779216982836e-07,0.0,0.0,0.0,0.0,0.0,0.0011681158744425,0.0,0.0002512521207905,0.0
37edb356-de79-463c-92e8-d82054140c43,ok,17564416.0,v1.12-1.13,0.0,0.0,0.0,True,0.0,0.0,0.277,6.0,actuator_outputs,bus,7291327,4497127,4.7,,C,,,,False,10.003970280723282,20.003937692967977,2.003985899955208,249.760964,247.280864,True,True,0.0,0.0,,main,9.884885912470054e-06,0.0007308064581593,0.0,0.0002084350147924,0.0,0.0089718111790716,0.0008471210021525,0.0012446834472939,0.0,0.0,9.884837057307254e-06,0.0007305395491509,0.0,0.0002084132952327,0.0,0.0089318035967477,0.0008467623976629,0.0012439094710223,0.0,0.0,0.0
3ef02995-fdcc-4dec-bb4a-98e04f8c187c,ok,17695743.0,v1.14-1.15,0.0,0.0,0.0,True,0.0,0.0,0.1787978127598762,4.0,actuator_motors,none,80218293,47905774,20.7,,B,,0.0,4.0,True,10.001260074868444,201.21030021405736,2.000011205308681,762.463032,757.6450709999989,,True,0.0,0.0,,main,0.0006028133502695,0.0037746768211945,0.0,0.0019614428747445,0.0,0.0023671802482567,0.0026817630277946,0.0020038244547322,0.0191974949091672,0.0,0.0006026317312864,0.0037675706054737,0.0,0.0019595217573668,0.0,0.0023643828907893,0.0026781735173714,0.002001819476479,0.0190155479335724,0.0,0.0
ca2f0dc7-5d0d-490f-8073-fbb64018999a,ok,17761280.0,v1.14-1.15,0.0,0.0,0.0,True,0.0001017930111826,0.0176559999999881,0.2560788691043854,4.0,actuator_motors,none,78640618,48363573,16.2,,B,,0.0,4.0,True,9.98986794590073,198.5149514512649,2.0001733246084497,730.120611,726.01947,,True,0.0,0.001408845262975,vehicle_local_position,main,0.0112927705049514,0.0037364761810749,0.0048718396574258,0.0036849866155534,0.0029022460803389,0.0037182683590799,0.0077563477680087,0.0145386964082717,0.0027906991774216,0.5529037197120488,0.0112294831858615,0.0037295128939964,0.0048600106503949,0.0036782136860452,0.0028980426950585,0.0037113726873043,0.0077264219464371,0.0144340228862809,0.0027868124059995,0.4401265459227725,0.00010131516736300742
ec60629f-66d8-4026-a8b3-fec6d9273a47,ok,17826240.0,v1.16+,0.0,0.0,0.0,True,0.0,0.0,0.1887194141745567,4.0,actuator_motors,none,3940901,2758200,3.2,,C,,0.0,4.0,True,10.010538094520465,20.01033379362799,1.9999476787881447,93.220092,89.10675200000004,,True,0.0,0.0,,main,0.012778281699866,0.0,0.0,0.0,0.0,0.0,0.0,0.1138244345784187,0.0835879921913146,0.0,0.012697328358605,0.0,0.0,0.0,0.0,0.0,0.0,0.107799529963339,0.0802777497640396,0.0,0.0
d98f134a-4054-434f-aa96-d7bd58e34a1f,ok,17826047.0,v1.16+,0.0,0.0,0.0,True,0.0678617157490397,0.2965920000000039,0.9531330466270448,4.0,actuator_motors,none,3588277,2704554,3.3,,A,,0.0,4.0,True,10.011229300380249,20.01072331938016,2.000166649723058,86.922577,78.047567,,True,0.0,0.0,,main,0.0014009450736921,0.0007824892003554,0.000242759406683,0.007863748865202,0.0130827452987432,0.0068443320225924,0.0050292530097067,0.0207418591715395,0.006713878060691,0.0,0.0013999646657006,0.0007821832152906,0.0002427299453861,0.0078329907363339,0.0129979053449944,0.0068210159105234,0.0050166485597697,0.0205296758455925,0.006691440354743,0.0,0.060571428571428575
3c5d1cf1-e2d3-44d6-9024-51abb3b3ed9f,ok,17761535.0,v1.14-1.15,0.0,0.119205298013245,0.0,True,0.0006784260515603,0.098321999999996,0.2400000244379043,4.0,actuator_motors,none,26030544,16755029,11.9,,B,,0.0,4.0,True,10.001688134140608,20.00187388811108,2.0000052940325475,593.932952,589.6305949999996,,True,0.0,0.0,,main,0.0051183121511712,0.0048689049435779,0.0046868445351719,0.0124180518556386,0.0131095228251069,0.1225669302046297,0.0481877049431204,0.7648901700973469,0.0790793873369693,0.0023100434336811,0.0051052581156713,0.0048570901604205,0.0046758954770172,0.0123415802841513,0.0130243367224965,0.1156179648741994,0.0470626776311217,0.5680884618753654,0.0761082584879106,0.0023073793852712,0.0006730607437321219
be008871-5dd2-4de6-a2cf-2525ebb130cf,ok,16843072.0,v1.12-1.13,0.0,0.0,0.0,True,0.0,0.0,0.3736413493752479,4.0,actuator_motors,none,15602251,9178531,10.9,,C,,0.0,4.0,True,10.006989555724742,200.84603137620027,2.0001407427279885,131.375565,126.44035300000004,,True,0.0,0.0,,main,0.0097667693160474,0.0,0.0,0.0,0.0,0.0,0.0,5.488851020345464e-05,,0.0004964943276718,0.0097193827174402,0.0,0.0,0.0,0.0,0.0,0.0,5.488700388429796e-05,,0.0004963711151442,0.0
b293656d-b0cb-4780-b648-2ec2d9f8d485,ok,17825792.0,v1.16+,0.0,0.0,0.0,True,0.0,0.0,0.1846046701073646,4.0,actuator_motors,none,26612012,15953480,17.4,,A,,0.0,4.0,True,10.003570909306356,132.64237220511745,1.999987928898479,281.605622,276.7741780000001,,True,0.0,0.0,,main,0.0016897319583222,0.0010488027939572,0.0025011024437844,0.0036690576234832,0.0051014552824199,0.0001564280231832,0.0066040241159498,0.1522433310747145,0.0930581346154211,0.0,0.0016883059674123,0.0010482531845612,0.0024979798925305,0.0036623430506521,0.0050884869456482,0.0001564157895957,0.0065823130830573,0.1417107648601082,0.0889793959002024,0.0,0.0
cbe3b4a9-f5ba-475e-990b-fa6086f82f7e,ok,17891583.0,v1.16+,0.0,0.0,0.0,True,0.0,0.0,0.1591096341609953,4.0,actuator_motors,none,3210806,2513411,3.3,,A,,0.0,4.0,True,10.014870073544468,20.01346216743553,1.9999638887639104,71.854556,64.52340400000001,,True,0.0,0.0,,main,0.0008292337442981,0.0009225206420524,0.000112895748316,0.0065925544360652,0.0047532992437481,0.0015938993659801,0.0047832046169787,0.0033907935372553,0.0008979678561445,0.0,0.0008288901199469,0.0009220953814059,0.0001128893760706,0.0065709185873514,0.0047420379882098,0.0015926304565493,0.0047718014417976,0.003385057759085,0.0008975649242044,0.0,0.0
2d747df6-ca09-4594-812a-2de606e58fba,ok,17761535.0,v1.14-1.15,0.0,1.0,0.0,True,0.0,0.0,0.3486429732042924,4.0,actuator_motors,none,6008976,3652239,3.6,,B,,0.0,4.0,True,10.006325399316626,20.006248903840497,2.00003540127808,153.722891,142.65156200000004,,True,0.0,0.0,,main,0.0020690112258307,0.0,0.0,,,0.0,,0.0019295141100883,0.0017736083362251,0.0,0.0020668737698768,0.0,0.0,,,0.0,,0.0019276549888207,0.0017720373502282,0.0,0.0
f00f4a7c-8e26-42e1-b343-80da8264f46d,ok,17629952.0,v1.12-1.13,0.0,0.0,0.0,True,0.0,0.0,0.182,6.0,actuator_outputs,per_channel,5227144,3786195,5.8,,C,,,,False,10.009399016331557,20.00926851433593,2.000035349907093,104.523228,98.80517399999997,True,True,0.0,0.0,,main,0.0077266142470762,0.0046882644994184,0.0,0.011348978569731,0.0,0.0,0.0038070856477133,0.0001331950690655,0.4108259394764899,0.0,0.0076969168387334,0.0046773088161594,0.0,0.0112850620493155,0.0,0.0,0.0037998570379642,0.0001331861993898,0.3441753055705924,0.0,0.0
88705f51-0d7c-462c-a688-13b8b0000fd4,ok,17891583.0,v1.16+,0.0,0.0,0.0,True,0.0,0.0,0.1244065314531324,4.0,actuator_motors,none,30511432,12836727,10.5,,C,,0.0,4.0,True,10.015526349015673,200.94934031524,1.999804572943887,65.281862,62.28437000000001,,True,0.0,0.0,,main,0.0334495641291141,0.0384002570062875,0.0028498256579041,0.1898163557052612,0.0394477173686027,0.0708561837673187,0.0725801698863506,0.0,0.2064909189939499,0.0,0.0329022979127025,0.0376813144698607,0.0028457726032706,0.173798972277673,0.0386895311093471,0.0684585002522357,0.0700671195031411,0.0,0.1877160793193974,0.0,0.0
197dd71a-5106-4d41-87dd-462bdd168fea,ok,17761280.0,v1.14-1.15,0.0,0.0,0.0,True,0.0,0.0,0.1799756214022636,4.0,actuator_motors,none,39307279,23689844,11.6,,C,,0.0,4.0,True,10.002856231405932,200.00000285816367,1.9999999370529349,349.924805,340.5400059999999,,True,0.0,0.0,,main,0.0015544733207207,0.0,0.0,0.0,0.0,0.0,0.0,1.3399501494859576e-05,0.0,0.0,0.0015532663776802,0.0,0.0,0.0,0.0,0.0,0.0,1.3399411722341358e-05,0.0,0.0,0.0
f58e09f5-34d2-42ea-98ca-46f8af70a451,ok,17695488.0,v1.14-1.15,0.0,0.0,0.0,True,0.0003720810091082,0.0143500000001495,0.4367465287446973,4.0,actuator_motors,none,117196389,67332510,26.7,,B,,0.0,4.0,True,9.933076270045778,170.98832219820045,1.98609456360668,1150.604989,1146.0101529999986,,True,0.0,0.0068149517093176,vehicle_attitude,main,0.0103548734914511,0.0031147898989729,0.0,0.0050485279643908,0.0,0.0038016359903849,0.0030862335697747,0.0080838955473154,0.0090693812817335,0.0,0.0103016290332619,0.0031099489905856,0.0,0.0050358268770141,0.0,0.0037944280345238,0.0030814809269508,0.008051395895415,0.0090285014273989,0.0,0.00037043953722611203
e28794a4-7621-4dc6-a8e4-88f691688827,ok,17695488.0,v1.14-1.15,0.0,0.0,0.0,True,0.0,0.0,0.0480708092451095,4.0,actuator_motors,none,4113979,2720552,2.5,,C,,0.0,4.0,True,10.008343823605038,20.00721030933461,2.000027726190817,124.38786,123.75102799999998,,True,0.0,0.0,,main,0.0003945821430534,0.0,0.0,0.0,0.0,0.0,0.0,0.0,0.0,0.0,0.0003945043159916,0.0,0.0,0.0,0.0,0.0,0.0,0.0,0.0,0.0,0.0
02260c78-3936-4f8c-9302-6c9c68ed6158,ok,17826559.0,v1.16+,0.0,0.0,0.0,True,0.0,0.0,0.2402162188664078,4.0,actuator_motors,none,3638310,2737437,2.5,,B,,0.0,4.0,True,10.011576484239226,20.011896675361942,1.9999546086251483,79.047796,77.662769,,True,0.0,0.0,,main,0.0232474289834499,0.000473120281822,0.0030903971055522,0.0086637505330145,0.0219573412090539,0.0194109497591852,0.4753706663846969,2.588305640220642,11.658746051788324,0.0,0.0229813237885868,0.0004730083957104,0.0030856316440052,0.0086264356162294,0.0217197504104065,0.0192249602425975,0.3889092574652794,1.2776801245765808,2.5383483637684523,0.0,0.0
0396c450-6e1b-464d-8763-851dd2857934,ok,17629952.0,v1.12-1.13,0.0,0.0,0.0,True,0.0017241379310344,0.0980489999999996,0.1995777130126953,4.0,actuator_motors,none,5609532,3976993,3.1,,A,,0.0,4.0,True,10.007470805553394,20.00724426499921,1.9998908485105404,117.674018,115.98727099999998,,True,0.0,0.0,,main,0.0012626791722141,0.0005798742786282,0.0,0.0078216333640739,0.0,0.0,0.0015731223102193,0.0128711904399096,0.014581793686375,0.0,0.0012618826632877,0.0005797062165054,0.0,0.0077912029637921,0.0,0.0,0.0015718862494645,0.0127890606562079,0.0144765016629925,0.0,0.0016906170752324597
a36e3110-a985-4357-a250-f45836273a81,ok,17694720.0,v1.14-1.15,0.0,0.0,0.0,True,0.0,0.0,0.1216829031705856,4.0,actuator_motors,none,9741869,5940621,6.3,,B,,0.0,4.0,True,10.011181473748191,199.91481334753425,1.9998747664629,87.41922,84.89135299999997,,True,0.0,0.0,,main,0.0083758219145238,0.0,0.0,0.0,0.0,0.0,0.0,0.2424325898289679,0.2491839960217476,0.0,0.0083409393628296,0.0,0.0,0.0,0.0,0.0,0.0,0.2170712238580854,0.2224905349628337,0.0,0.0
7e33596c-89c9-4cc1-98e4-47b25f2ac79b,ok,17694720.0,v1.14-1.15,0.0,0.0,0.0,True,0.0,0.0,0.4951128825713942,4.0,actuator_motors,none,9353759,5257212,3.7,,C,,0.0,4.0,True,9.93913503302814,19.834549666210496,1.9846500751243488,66.270609,63.357094,,True,0.0,0.009476574043507,sensor_combined,main,0.0001292039087275,0.0,0.0,0.0,0.0,0.0,0.0,8.937254190444943,,0.0001297204034926,0.0001291955626213,0.0,0.0,0.0,0.0,0.0,0.0,2.2962907441218112,,0.0001297119905286,0.0
f4c1ad35-1130-48c4-903d-b919b8775e65,ok,17760511.0,v1.14-1.15,0.2366589327146171,0.0208816705336426,0.0,False,0.0713043478260869,7.69999700000001,1.0,4.0,actuator_motors,none,4084646,2764441,4.6,,C,,0.0,4.0,True,10.008322452122792,20.007479540316524,2.000002728037194,120.387922,114.14981800000002,,True,0.0,0.0,,main,0.0578239196911454,0.0,0.0,0.0,0.0,0.0,0.0,0.0,0.0,0.2076590359210967,0.0562138920724172,0.0,0.0,0.0,0.0,0.0,0.0,0.0,0.0,0.1886838046389697,0.06804979253112033
cd529f00-42a6-4290-a7d9-4f5c09093b6a,ok,17629696.0,v1.12-1.13,,,0.0,True,0.0092604025188294,1.697484999999915,0.4345473915338514,4.0,actuator_motors,none,63368543,31635498,12.7,,C,,0.0,4.0,True,9.995727425072332,19.991542327656216,1.9999942170129803,937.2709,810.4199959999995,,True,0.0,0.0005369060850867,vehicle_attitude,main,0.0029173962771892,0.0082886197604238,0.0,0.0464097760617731,0.0,0.0,0.0292337271384894,0.0010827166959643,0.0033610222977585,0.0,0.0029131489354508,0.0082544577922199,0.0,0.0453650442438348,0.0,0.0,0.0288145711357883,0.0010821309809799,0.0033553866863953,0.0,0.00800683249706416
3172d772-7c5f-4989-ae68-8ea4398b0dca,ok,17826559.0,v1.16+,0.0,0.0,0.0,True,0.0119189511323003,0.301203000000001,0.1092504203319549,4.0,actuator_motors,none,3771831,2817934,2.7,,B,,0.0,4.0,True,10.011420677351778,20.010280351910225,2.00016717781485,88.747375,83.887909,,True,0.0,0.0,,main,0.002195918012876,0.0235190855339169,0.0015998952439986,0.0127052290830761,0.0210135491564869,0.0016304921533446,0.0307614997960628,0.0038772765197791,0.0,0.0,0.0021935105087266,0.0232467732672013,0.001598616775032,0.0126251948493144,0.0207958095709573,0.0016291643441392,0.0302978492693528,0.0038697792562342,0.0,0.0,0.011235955056179775
8ee56044-295b-48ba-86ac-725e4792eb9c,ok,17826559.0,v1.16+,0.0,0.0,0.0,True,0.0,0.0,0.1636345211416481,4.0,actuator_motors,none,29298895,14700697,9.5,,C,,0.0,4.0,True,10.003473525320862,159.63964290668852,1.9999982500015312,280.305751,125.40550599999996,,True,0.0,0.0,,main,0.0219035483896732,0.0,0.0,0.0,0.0,0.0,0.0,0.0,0.0,0.0,0.0216671119753086,0.0,0.0,0.0,0.0,0.0,0.0,0.0,0.0,0.0,0.0
d7367fd7-a711-48a2-9c9b-9b834d82dbfd,ok,17826240.0,v1.16+,0.0,0.0,0.0,True,0.1641708604394255,1.5819560000000017,0.87375917006284,4.0,actuator_motors,none,11689481,6690778,4.2,,B,,0.0,4.0,True,10.009362004546556,199.4676546213569,2.000095113433958,101.410824,57.04094399999999,,True,0.0,0.0,,main,0.000221305937157,0.0,0.0,0.0,0.0,0.0,0.0,0.0242898000404238,0.0060533761512488,0.0,0.0002212814526104,0.0,0.0,0.0,0.0,0.0,0.0,0.0239994944301243,0.0060351280744542,0.0,0.09220958290244743
2b15e2a8-a7a3-44a1-96e7-bbebd41d1839,ok,17629184.0,v1.12-1.13,0.0,0.0,0.0789001793185893,True,0.0115677321156773,1.6974419999999952,0.2432018876075744,4.0,actuator_motors,none,11105237,7219811,10.9,,C,,0.0,4.0,True,10.000067862941853,19.999843336552946,2.000016736667003,334.017812,328.487973,,True,0.0,0.0,,main,0.0829035073518753,0.0018797088880091,0.0,0.002668032143265,0.0,0.5056586265563965,0.2392824292182923,0.007401053328067,0.0333788678050041,0.0086614487692714,0.0796458664980692,0.0018779444460028,0.0,0.002664479263568,0.0,0.4092304280895443,0.2145325259992312,0.0073737999195623,0.0328338874698759,0.0086241536205017,0.011356843992827256
17f488b1-e944-4f07-b341-5345a6e0f92c,ok,17891583.0,v1.16+,0.0,0.0,0.0,True,0.0,0.0,0.2590090528130531,4.0,actuator_motors,none,20740039,13608571,13.2,,A,,0.0,4.0,True,10.0019563271372,20.00202236915969,1.9999943361156247,482.343607,476.2496049999996,,True,0.0,0.0,,main,0.0202385950833558,0.0048764414153993,0.0087176395580172,0.0131479155272245,0.0083363303914666,0.2677392661571502,0.0147886706516146,0.0785738840699194,0.0101561579853296,0.0,0.0200365166903108,0.0048645900875482,0.0086798603432346,0.0130622319093523,0.0083017750993356,0.2372352088120677,0.0146803845612524,0.0756396908241458,0.0101049307686482,0.0,0.0
36ce821c-8283-44e2-afd2-60496b43411d,ok,17761535.0,v1.14-1.15,0.0,0.0,0.0,False,3.780908930506894e-05,0.0100690000000014,0.0690667480230331,4.0,actuator_motors,none,39099416,20159613,14.5,,C,,0.0,4.0,True,9.91279169226077,196.6349453818076,1.9825180580344888,287.069308,281.25776499999984,,True,0.0,0.0100035863091022,vehicle_attitude,main,0.0168725658208131,0.0,0.0,0.0,0.0,0.0,0.0,1.8765065670013428,0.065034519135952,9.58591786911712e-05,0.0167318052042195,0.0,0.0,0.0,0.0,0.0,0.0,1.0565765603018635,0.0630072109703473,9.585458449369652e-05,3.719177317977264e-05
c3f17483-001c-4454-bbe1-ceba1b52798a,ok,17761535.0,v1.14-1.15,0.0,0.0,0.0,True,0.0,0.0,0.2354376912117003,4.0,actuator_motors,none,5719689,3985428,3.9,,C,,0.0,4.0,True,10.007271435117024,20.00713749845622,1.999995498165115,135.571741,127.42456499999996,,True,0.0,0.0,,main,0.0058690063422545,0.0,0.0,0.0,0.0,0.0,0.0,3.577963459491729,0.0112469789106398,0.0014837277762126,0.0058518508157342,0.0,0.0,0.0,0.0,0.0,0.0,1.5212542397361195,0.011184201905894,0.0014826281397287,0.0
860fc3ee-23bf-4f58-ad7f-9ff3d870cce6,ok,17629951.0,v1.12-1.13,0.0,0.0,0.0,False,0.0113636363636363,2.102643999999998,0.1450526788830757,4.0,actuator_motors,none,19814205,12563085,5.0,,C,,0.0,4.0,True,10.004377352176023,199.5583536354741,2.0000372075048385,205.685086,202.15988100000013,,True,0.0,0.0,,main,0.0018608161772135,0.0027881510439328,0.0,0.0105116307269781,0.0,0.0,0.0147329212166368,0.0024046165286563,0.0157569240313023,0.0,0.0018590870035746,0.0027842713605666,0.0,0.0104567676686089,0.0,0.0,0.0146254460622336,0.0024017300646313,0.0156340725312348,0.0,0.011159631246967491
d0f6a451-1658-44ba-a059-ab69c5edf501,ok,17760511.0,v1.14-1.15,0.075,0.0,0.5105820105820106,True,0.1152263374485596,2.1975120000000032,0.893137975037098,4.0,actuator_motors,none,3952668,2768336,2.7,,B,,0.0,4.0,True,10.01270682971254,20.01225238857394,1.9997955645232293,74.893031,72.89485499999999,,True,0.0,0.0,,main,3.775063800811764,0.0594766525551675,0.0523919127881523,0.1060402970761057,0.0961944453418248,812.4061279296893,9.708910274505612,2.835022985935208,6.336233139038084,0.0,1.563407335269978,0.0577750621975883,0.0510655856126198,0.1007863374057598,0.0918445864229381,6.701230527167009,2.371076130870762,1.3441754285262135,1.9928255145797864,0.0,0.11140583554376658
88393d28-1ac8-45b9-b96f-ce3969640756,ok,17760384.0,v1.14-1.15,0.0,0.0,0.0,True,0.0,0.0,0.2563941061496734,4.0,actuator_motors,none,12778120,8749576,5.7,,C,,0.0,4.0,True,10.003432997876684,20.00328432211108,1.999966352702832,292.493267,288.50858200000016,,True,0.0,0.0,,main,0.0017948847962543,0.0003533267226885,0.001121460343711,0.0057664874475449,0.0036303758388385,0.0037041074247099,0.0050947500858455,0.0052897222340106,0.0008925132133299,0.0,0.0017932759154212,0.0003532643175011,0.0011208319768082,0.0057499249001149,0.0036238019301748,0.003697264112506,0.005081815759466,0.0052757807959661,0.0008921151602394,0.0,0.0
ebae68ae-52b1-41dd-9970-9582f7c5eb83,ok,17760256.0,v1.14-1.15,0.0,0.0,0.0,True,0.1081768830581316,1.6666120000000006,0.3588640958070754,4.0,actuator_motors,none,9064786,5183758,3.6,,A,,0.0,4.0,True,10.013876704208482,221.23485522085923,1.9999624712924504,68.402639,61.89196199999998,,True,0.0,0.0,,main,0.0410150051116943,0.0,0.0,0.0,0.0,0.0,0.0,2.141094875335693,0.2349753677845,0.0026213503908365,0.0401962036612204,0.0,0.0,0.0,0.0,0.0,0.0,1.1445714255558237,0.2110510247672689,0.0026179206443048,0.09728932512841378
21259c68-9adb-4f4b-b9b1-ee58e16471df,ok,17630207.0,v1.12-1.13,0.0,0.0,0.0,True,0.0,0.0,0.304,6.0,actuator_outputs,per_channel,14117696,8849751,5.9,,C,,,,False,10.003613839852717,20.003146305323565,2.00000821345886,290.918266,286.83994800000016,True,True,0.0,0.0,,main,0.0353910913690923,0.002476735250093,0.0,0.007853282499127,0.0,0.0,0.0051389609696343,0.0281406013295054,0.0543845867738127,0.0,0.034779221401027,0.0024736731962324,0.0,0.0078226059790369,0.0,0.0,0.0051258015742026,0.027751929401883,0.0529572666526348,0.0,0.0
92bab6a9-902a-467a-8a87-7be4b6aee5ba,ok,17761535.0,v1.14-1.15,0.0,0.0,0.0,False,0.0,0.0,0.4231132760643957,4.0,actuator_motors,none,9391480,5969244,5.8,,B,,0.0,4.0,True,10.003923673994192,20.00392458779361,2.0000870605581644,229.215577,226.86999899999995,,True,0.0,0.0,,main,0.0084097182378172,0.0008873748767655,0.0007977849687449,0.0107014456763863,0.0137504888698458,0.0063218192197382,0.0113505438901483,0.0282239823602139,0.0025584584334865,0.0,0.0083745535698157,0.000886981392441,0.0007974669074684,0.010644590468869,0.013656808686428,0.0063019203413229,0.011286609803097,0.0278330249735686,0.0025551911503274,0.0,0.0
ead0137f-41eb-4fb1-96ec-76806f40b05d,ok,17367040.0,v1.12-1.13,0.0,0.0,0.0,True,0.0,0.0,0.2249230638146399,4.0,actuator_motors,none,16591671,10008490,7.4,,C,,0.0,4.0,True,10.002179094396702,20.0021570414196,2.000015473803929,400.019194,397.012735,,True,0.0,0.0001432097971478,sensor_combined,main,0.1059835769236087,0.0002391702728345,0.0,0.0027773003559559,0.0,0.000141763605643,0.0024791593430563,0.0022667588666081,,0.0,0.1007350539153996,0.0002391416761843,0.0,0.0027734507832881,0.0,0.0001417535581326,0.0024760912972688,0.0022641936444903,,0.0,0.0
a0fa1dad-5189-4203-b752-d26f8acf6bcd,ok,17695743.0,v1.14-1.15,0.0,0.0,0.0,True,0.0,0.0,0.1804098084568977,4.0,actuator_motors,none,2622571,1998237,2.9,,B,,0.0,4.0,True,10.013871677225984,20.01539522614964,1.9996863747695013,64.855355,60.42995499999999,,True,0.0,0.0,,main,0.0005469790630741,0.0,0.0,0.0,0.0,0.0,0.0,0.2688814938068389,,0.0,0.0005468295245535,0.0,0.0,0.0,0.0,0.0,0.0,0.2381357988765489,,0.0,0.0
9ebb2e11-00d3-49bd-ae9d-02903f5ce176,ok,17630207.0,v1.12-1.13,0.1648936170212765,0.0691489361702127,0.0,True,0.0,0.0,0.562,6.0,actuator_outputs,per_channel,4128863,3038922,2.9,,B,,,,False,10.010615473093408,20.010831592724497,1.9999512185811468,92.327232,84.99623299999998,True,True,0.0,0.0,,main,0.0040153353475034,0.0023824218660593,0.0,0.0284477446228265,0.0,0.0,0.008744072727859,0.0026312369853258,0.0064603148959577,0.0,0.0040072954033886,0.0023795883985363,0.0,0.0280506214529287,0.0,0.0,0.0087060647263784,0.0026277813417068,0.0064395365036393,0.0,0.0
09db1dec-a241-4d04-a75b-db0fd8ffd625,ok,17761535.0,v1.14-1.15,0.5899280575539568,0.0,0.023391812865497,True,0.0128410914927768,0.3011930000000014,0.7387617073953151,4.0,actuator_motors,none,2966424,2121034,6.0,,C,,0.0,4.0,True,10.01462546475498,20.01344069810637,1.999928624769525,68.338896,62.315261000000014,,True,0.0,0.0,,main,0.0727574527263641,27.83181858062744,66.08195304870605,2.0386474430561066,22.43698072433472,0.0047047506086528,0.0884380880743265,2.5129659056663507,1.456315732002258,0.0,0.0702323921749559,3.3614795891137974,4.205915051747419,1.1114124963645051,1.1225064373574,0.0046937178601949,0.0847437218702695,1.2564606680462589,0.898662557397874,0.0,0.01171303074670571
02db21ae-cc49-4b74-94c8-3693f2c7e271,ok,17694975.0,v1.14-1.15,0.0,0.0,0.0,True,0.0,0.0,0.2017534434795377,4.0,actuator_motors,none,3772273,2870438,6.6,,A,,0.0,4.0,True,10.011367296837909,20.01039057213529,2.000180568025072,87.558489,83.35831900000001,,True,0.0,0.0,,main,0.0012711075134575,0.0,0.0,0.0,0.0,0.0,0.0,5.377101515477984e-05,,0.0,0.0012703003402323,0.0,0.0,0.0,0.0,0.0,0.0,5.376956954556547e-05,,0.0,0.0
8f13f02c-47b7-48b0-8397-c172da92ed7d,ok,17761535.0,v1.14-1.15,0.0,0.0,0.0,True,0.0046511627906976,0.2027590000000003,0.4537071615457534,4.0,actuator_motors,none,4427979,3242009,3.2,,A,,0.0,4.0,True,10.009109384428733,20.009059642353524,2.000001009174821,109.441503,107.53742300000002,,True,0.0,0.0,,main,0.006851482251659,0.0129771630279719,0.0359986871480941,0.1206129699945449,0.1116412214934825,0.1044606074690818,0.0544304311275481,0.0125905274413526,0.0340319581329822,0.0,0.0068281175085065,0.0128936811111177,0.0353658766049189,0.1138758302339008,0.1058375012262552,0.0993570777545293,0.0530007454341812,0.0125119258203574,0.0334656828938996,0.0,0.004553734061930784
f5bc419b-9aa7-4c7d-bb52-8592de27c4ee,ok,17761535.0,v1.14-1.15,0.0,0.1185185185185185,0.0,True,0.0,0.0,0.5362014621496201,4.0,actuator_motors,none,7274106,4490774,4.2,,B,,0.0,4.0,True,9.998916165030847,221.5815766752605,1.999874834901311,67.152887,62.54994799999999,,True,0.0,0.0010035050190163,vehicle_attitude,main,0.0317313546314835,0.0,0.0,0.0,0.0,0.0,0.0,0.0,0.0,0.0022914455039426,0.0312383178918972,0.0,0.0,0.0,0.0,0.0,0.0,0.0,0.0,0.0022888241463954,0.0
d1efe755-a0c6-4571-b379-76c891ae2e6b,ok,17695488.0,v1.14-1.15,0.0847457627118644,0.9576271186440678,0.0,True,0.0177304964539007,1.700894,0.3684166975319382,4.0,actuator_motors,none,4603310,3034423,4.8,,C,,0.0,4.0,True,10.008472789760598,20.00842500347848,1.999912636295008,117.141449,112.788164,,True,0.0,0.0,,main,0.0017153947381302,0.0,0.0,0.0,0.0,0.0,0.0,0.0,0.0,0.0054198508616536,0.0017139251289762,0.0,0.0,0.0,0.0,0.0,0.0,0.0,0.0,0.0054052163241656,0.017006802721088437
10ba1bc6-5167-4d71-b7e1-2ec923c1659c,ok,17826240.0,v1.16+,0.0,0.3193277310924369,0.0,True,0.0,0.0,0.2820299788997185,4.0,actuator_motors,none,5289366,3965032,5.8,,A,,0.0,4.0,True,10.008209854372025,20.00804083684997,1.9999829662467703,118.182364,113.807616,,True,0.0,0.0,,main,0.0044063762761652,0.0003889941785018,0.0007625660509802,0.0026872049085795,0.0017583504552021,0.0013461140915751,0.0025779093150049,0.0236926164478063,0.0031295895110815,10.572213172912594,0.0043966966245962,0.000388918539881,0.0007622754452171,0.0026836008286262,0.0017568063668078,0.0013452088922446,0.0025745922063672,0.0234163023043175,0.0031247025393165,2.4486068083849863,0.0
1b7c67b9-2cb5-406a-a9ac-b47db8af30c8,ok,17760511.0,v1.14-1.15,0.0,0.0,0.0,True,0.980316052120876,215.197362,1.0,4.0,actuator_motors,none,14350004,8215202,5.1,,A,,0.0,4.0,True,10.002709069302863,20.00270863562477,1.999955592822756,367.811991,360.6966029999999,,True,0.0,0.0,,main,0.0004470086205401,0.0007586316060042,0.0010256409877911,0.0232053236104547,0.0277150562033057,9.721363544464111,0.0200709085911512,0.0,0.0939133819192648,0.0,0.0004469087419499,0.000758343990501,0.0010251153774341,0.0229401741720635,0.0273379459291444,2.372238343865841,0.0198721431065186,0.0,0.0897615252886976,0.0,0.9598262757871878
6e90cfd5-3cae-4e53-add0-e1c3a6e7ab20,ok,17761535.0,v1.14-1.15,0.0,0.0,0.0,True,0.0,0.0,0.0718232810497283,4.0,actuator_motors,none,70337172,30858059,10.4,,C,,0.0,4.0,True,123.45107348759556,244.58623356535188,123.45107348759556,306.184,120.30800000000006,,True,0.0,0.0,,main,0.0002052331255981,0.007901219651103,0.0038145584985613,0.0048264021519571,0.007389735430479,0.015501757711172,0.0138992825523018,0.0793941169977188,0.0328687354922294,0.0,0.0002052120681612,0.0078701684693441,0.0038073015192188,0.0048147924136157,0.0073625651078376,0.0153828329192977,0.0138035733642538,0.0763998809353003,0.0323401109037708,0.0,0.0
a6cf700c-34ec-4908-a947-d569194c93ef,ok,17630207.0,v1.12-1.13,0.0,0.0,0.0,True,0.0,0.0,0.4679999999999999,6.0,actuator_outputs,per_channel,2877061,1952049,2.6,,C,,,,False,10.014795504034248,20.013770235793423,1.999987822296371,68.070945,65.838787,True,True,0.0,0.0,,main,3.467114220256917e-05,4.645969966077246e-06,0.0,0.0,0.0,0.0,0.0,0.0135466323699802,0.0,0.0,3.467054117241059e-05,4.645959173592211e-06,0.0,0.0,0.0,0.0,0.0,0.013455697069964,0.0,0.0,0.0
e5746daf-d52e-408d-a8c9-225bf096bfde,ok,17760256.0,v1.14-1.15,0.0,0.0,0.0,False,0.0,0.0,0.3460674151778221,4.0,actuator_motors,none,3076392,1974033,2.5,,A,,0.0,4.0,True,10.000616939467532,20.00139291896077,2.0001269939787165,70.778089,69.33332099999998,,True,0.0,0.0,,main,0.0058029940817505,0.0052561259828507,0.0092853166162967,0.0027053192723542,0.0016532957088202,0.1069174528121948,0.013916231226176,0.0,0.675803488492966,0.0173362651839852,0.005786221567513,0.0052423607660843,0.0092424730703534,0.0027016664826633,0.0016519305199699,0.1015790825741394,0.0138202895534331,0.0,0.516292744883011,0.0171877066477056,0.0
7d74aa24-a714-4e4f-a5a8-77b310f2dd24,ok,17694720.0,v1.14-1.15,0.0,0.0,0.0,True,0.0,0.0,0.2148928676555099,4.0,actuator_motors,none,2558018,1856393,2.3,,A,,0.0,4.0,True,10.014356129432832,20.014238618493664,2.000011182544276,68.901828,68.73134499999998,,True,0.0,0.0,,main,0.0346812326461076,0.0,0.0,0.0,0.0,0.0,0.0,0.0,0.0,0.0,0.0340933914978165,0.0,0.0,0.0,0.0,0.0,0.0,0.0,0.0,0.0,0.0
c733aec4-eb1a-41a8-81dc-f25b302f2485,ok,17761280.0,v1.14-1.15,0.0,0.0,0.3562822719449225,True,0.0008756567425569,0.098790000000001,0.1954919755458831,4.0,actuator_motors,none,4084407,2773458,2.5,,B,,0.0,4.0,True,10.008628473119188,20.008618539947992,2.000000329004383,115.654903,114.180041,,True,0.0,0.0,,main,0.09265169352293,0.0054159722756594,0.004674634640105,0.0421476637944579,0.0167475027963519,2.681320381164548,0.3384502723813054,0.3566380783915517,0.1803575970232485,0.3568096950650212,0.0886074882554241,0.0054013586387697,0.0046637424670251,0.0412836451858663,0.0166088097376141,1.3032714870572857,0.2915124315371408,0.3050096381257073,0.1658174408924917,0.3051361315672816,0.0008613264427217916
f9ffeabe-7d41-4ba6-b464-0351645c15de,ok,17629952.0,v1.12-1.13,0.0,0.0,0.0,True,0.001727115716753,0.0976789999999994,0.1942969053983688,4.0,actuator_motors,none,2933705,2152887,2.9,,C,,0.0,4.0,True,10.014472385313304,20.01303967258432,1.999855062356073,67.566651,57.89339400000001,,True,0.0,0.0,,main,3.728639740074868e-06,0.0027656942256726,0.0,0.0033349691075272,0.0,0.0020718192099593,0.0075132080819457,0.0006976764561841,0.0,0.0,3.728632788714992e-06,0.0027618767304607,0.0,0.0033294204310737,0.0,0.0020696759523242,0.0074851245115238,0.0006974331931047,0.0,0.0,0.0014684287812041115
1a657ba4-4d9d-442d-84c0-6f05210ef5ad,ok,17629184.0,v1.12-1.13,0.0,0.0,0.0,True,0.0,0.0,0.3661538461538462,6.0,actuator_outputs,bus,7440461,4201302,3.4,,B,,,,False,10.004996260726964,20.00499415599644,2.004977674447654,198.608798,190.1294550000001,True,True,0.0,0.0,,main,3.06969195662532e-05,2.828450124070514e-05,0.0,0.0,0.0,0.0,0.0,0.0001433645724318,0.0,0.0,3.069644842545946e-05,2.828410124174242e-05,0.0,0.0,0.0,0.0,0.0,0.0001433542967135,0.0,0.0,0.0
92efc31b-a802-4c01-b7bb-b39bd3a60a54,ok,17629951.0,v1.12-1.13,0.0,0.0,0.0,True,0.0,0.0,0.2619999999999999,6.0,actuator_outputs,per_channel,8962580,4628170,3.7,,A,,,,False,9.99950966557672,222.40001222403973,1.9875866764810384,80.208701,73.699908,True,True,0.0,0.0006651633471446,sensor_combined,main,0.0031464537605643,0.0010653261560946,0.0,0.0,0.0,0.0,0.0,0.0006279081571847,0.0,0.0,0.0031415140339658,0.0010647590988833,0.0,0.0,0.0,0.0,0.0,0.0006277111053404,0.0,0.0,0.0
66f911cc-7017-4408-86f1-7722298f4c6f,ok,17498240.0,v1.12-1.13,0.0,0.0,0.0,True,0.0,0.0,0.3436571428571424,6.0,actuator_outputs,global,3273449,1980046,1.8,,A,,,,False,9.988101064487529,19.940478564342687,5.000002916668368,83.371432,78.399956,True,True,0.0,0.0036284970704381,sensor_combined,main,0.0012149270623922,0.0028214224148541,0.0080012725666165,0.0229023657739162,0.0001017421454889,0.0,0.0357041619718074,0.2319502979516983,0.0,0.0,0.001214189635728,0.0028174496733994,0.0079694321152614,0.0226440432887046,0.0001017369701078,0.0,0.0350815451155878,0.2085985217258711,0.0,0.0,0.0
1b509f96-3774-4ff0-9655-3308221d1199,ok,17891392.0,v1.16+,0.0,0.0,0.0,True,0.0,0.0,0.036208376288414,4.0,actuator_motors,none,3154560,2490665,2.9,,C,,0.0,4.0,True,10.010713486999808,20.011704348555256,1.9998761513822896,84.118243,82.13861299999998,,True,0.0,0.0,,main,0.0,0.0,0.0,0.0,0.0,0.0,0.0,0.0,0.4697813063859939,0.0005182503940886,0.0,0.0,0.0,0.0,0.0,0.0,0.0,0.0,0.3851136185571268,0.0005181161487329,0.0
9f4a6863-c4b5-49eb-978d-b6f985aec9b6,ok,17761535.0,v1.14-1.15,0.0,0.0,0.0,True,0.0,0.0,0.3393138162791729,4.0,actuator_motors,none,5910691,4300800,3.8,,C,,0.0,4.0,True,10.0073665377804,20.007346110120007,2.000000044280444,135.940442,133.770058,,True,0.0,0.0,,main,0.0053483711322769,0.0135245364159345,0.0847103357315062,0.0244016465730965,0.0182427019812166,0.0023886822978965,0.0120257054921239,0.3214923232793807,0.0375789057463407,0.0,0.0053341193885516,0.0134338962033868,0.0813129796731098,0.0241086826956083,0.0180783003036284,0.0023858339313298,0.0119539712265987,0.2787616459491407,0.0368900239621906,0.0,0.0
e4dc646b-6c15-4c67-b13b-560e93494eda,ok,17826047.0,v1.16+,0.0,0.0,0.0,True,0.0,0.0,0.2250116944313049,4.0,actuator_motors,none,8695930,2915789,5.5,,A,,0.0,4.0,True,10.01181394044973,20.01119301067061,2.000087022654231,79.563725,73.89248400000002,,True,0.0,0.0,,main,0.0050869459519162,0.0,0.0,0.0,0.0,0.0,0.0,0.0029952802229672,2.1464692115783683,0.0,0.0050740511539632,0.0,0.0,0.0,0.0,0.0,0.0,0.0029908033086741,1.1462809389626791,0.0,0.0
f70914e1-b1af-45b3-b26a-92b52f3f7fa8,ok,17826047.0,v1.16+,0.0,0.0,0.0172018348623853,True,0.0054802115319003,0.1373699999999971,0.1897858008742332,4.0,actuator_motors,none,22408256,13515302,9.1,,B,,0.0,4.0,True,10.005913431618644,173.9522873840947,2.000072163987012,173.634762,165.0055269999999,,True,0.0,0.0,,main,2.383509945869445,0.0513168429955837,0.0938973795622586,0.7809461116790702,1.429727208614342,0.0185522095765917,0.4892171420156848,11.878585243225094,15.699412345886191,0.0,1.2189136162068646,0.0500435145838233,0.0897468966404724,0.5771447465106663,0.887778991221362,0.0183822166144961,0.3982505738390313,2.555565873278692,2.8153735299344764,0.0,0.005195067717808773
79350c0c-3f27-4732-b15d-535679fe7d98,ok,17891392.0,v1.16+,0.0111358574610244,0.0356347438752783,0.0,True,0.0,0.0,0.1815294027328491,4.0,actuator_motors,none,62553859,26076118,11.4,,C,,0.0,4.0,True,125.0,249.995472244861,100.00271660388292,220.524,176.05600000000007,,True,0.0,0.0,,main,0.0002593553217593,0.0001057461922755,6.423314116545914e-05,0.0007442883215844,0.0004294732891139,6.745124228473256e-05,0.000277136186196,0.0013212470803409,0.0162898004055023,0.0,0.0002593216949819,0.000105740601541,6.423107830558266e-05,0.0007440114763914,0.0004293810918574,6.744896755197815e-05,0.0002770977910567,0.0013203750014871,0.0161585451036484,0.0,0.0
bd51d523-bb0b-471d-9ec7-a8f0288a8063,ok,17761280.0,v1.14-1.15,0.0,0.0,0.0,True,0.0001063490375412,0.0074940000000012,0.2519503757357597,4.0,actuator_motors,none,8309864,5347332,5.1,,C,,0.0,4.0,True,9.999980862570316,199.69072365861723,1.999999482993331,74.166795,65.81988599999998,,True,0.0,0.0016150089900529,vehicle_attitude,main,0.0010856801702175,0.0,0.0,0.0,0.0,0.0,0.0,0.0314548103138804,0.0113214193843305,0.0608030470088124,0.0010850912457187,0.0,0.0,0.0,0.0,0.0,0.0,0.0309702428883343,0.0112578117514617,0.0590262128141257,9.432627458378532e-05
ec5784e0-551f-4d43-ad15-dd9f692beb11,ok,17760511.0,v1.14-1.15,0.0,0.0,0.0445235975066785,True,0.0416666666666666,3.5000809999999944,0.6455574526665087,4.0,actuator_motors,none,9205123,5820837,4.8,,C,,0.0,4.0,True,10.004534422532004,20.004308689977623,2.0000742130445137,224.452005,93.558709,,True,0.0,0.0,,main,0.0009638288698624,0.0026953070890158,0.0009439146408112,0.0264135249890386,0.0251332101412117,0.0037384393741376,0.0051307119661942,0.0501695692539215,0.0355320923030376,0.0028496296145021,0.0009633646850564,0.0026916812625463,0.000943469433523,0.026070711345721,0.0248225652595348,0.0037314687770288,0.0051175947116596,0.0489516456581388,0.0349153934573107,0.0028455771169514,0.017379679144385027
9b17ed48-1daf-4f84-a9d6-266d5d859e3e,ok,17761280.0,v1.14-1.15,0.0093617021276595,0.0,0.0,True,0.0092751631741669,2.999082000000044,0.267536149919033,4.0,actuator_motors,none,24098195,15360224,12.1,,B,,0.0,4.0,True,10.001589547400163,20.001586156564294,2.000014821447686,591.076235,582.2025450000001,,True,0.0,0.0,,main,0.006402473594062,0.0002719615891692,0.0002114818780682,0.0023117655888199,0.0028937091468833,0.0093272601719945,0.0058557246811687,0.0034943761886097,0.0019563390407711,0.0,0.0063820648247525,0.0002719246143198,0.0002114595189281,0.0023090975698495,0.0028895304299565,0.0092840298863429,0.0058386465628052,0.0034882850418503,0.0019544279017012,0.0,0.009130875887724045
2056a334-4dbf-4603-9179-70a2a2681479,ok,17825984.0,v1.16+,0.0,0.0,0.0,False,0.1274281274281274,1.599999999999998,0.3437947511672974,4.0,actuator_motors,none,38931234,16377901,11.6,,B,,0.0,4.0,True,125.0,249.9923352852807,100.01073158766177,130.032,128.304,,True,0.0,0.0,,main,0.0002648808585945,0.0007631271146237,0.0019667248707264,0.0923671796917915,0.2516292035579681,0.0003165296060615,0.0066352169029414,0.5097995400428772,4.37645959854126,0.0,0.0002648457838534,0.0007628360811814,0.0019647933994016,0.0883470659439886,0.2244460655205401,0.0003164795211343,0.0066133007434988,0.4119768870756242,1.6820300903668035,0.0,0.12557427258805512
553ad7cf-8f63-4f44-964b-d204681a2e50,ok,20057855.0,v1.16+,0.0069637883008356,0.0,0.0287610619469026,True,0.0,0.0,0.142958641052246,4.0,actuator_motors,none,39896748,24931980,12.1,,A,,0.0,4.0,True,10.00259073742661,198.63742030542875,1.9999761667195224,361.133957,356.1773849999997,,True,0.0,0.0,,main,0.0435271445661783,0.0131958606652915,0.0,0.058220681361854,0.0,0.1748908013105392,0.0829655703157186,0.1872608691453932,0.2705725878477099,0.0,0.0426064601974361,0.013109553729706,0.0,0.0565888952034105,0.0,0.1611752082225322,0.079703176484624,0.1716488632970757,0.2394676554382135,0.0,0.0
e0c63401-b09a-4533-9bcb-226cb40313d5,ok,17826047.0,v1.16+,0.0,0.0,0.0,True,0.0,0.0,0.2245933294296264,4.0,actuator_motors,none,13564987,8326464,3.6,,C,,0.0,4.0,True,10.007970050210869,221.57955907471327,2.0001204498766003,122.139641,118.4077,,True,0.0,0.0,,main,0.0006338844075798,0.0,0.0,0.0,0.0,0.0,0.0,0.0178670909255743,0.0130183750763535,0.0,0.0006336835877186,0.0,0.0,0.0,0.0,0.0,0.0,0.0177093505925552,0.0129343643679286,0.0,0.0
84d3fb42-f3e2-4276-8159-852468d170a7,ok,17761023.0,v1.14-1.15,0.0445859872611464,0.0,0.0,True,0.0616621983914209,2.299621,0.3542943000793457,4.0,actuator_motors,none,3345810,2496311,2.5,,B,,0.0,4.0,True,10.012129949980077,20.01238078404148,1.99997823707892,76.167106,74.655269,,True,0.0,0.0,,main,0.0015610166592523,0.0012641614070162,0.0027673419564962,0.0036203051451593,0.0055974954739213,0.0009935657260939,0.0051436331123113,0.7074035823345184,0.0521839218214154,0.0,0.0015597995392122,0.0012633630277673,0.0027635199153835,0.0036137676143072,0.0055818877119619,0.0009930724663648,0.0051304498188731,0.5349738437144628,0.0508679296631466,0.0,0.059895833333333336
b3d32fb2-46f2-48d4-a906-e2b02441d43e,ok,17826559.0,v1.16+,0.2127659574468085,0.0,0.0,True,0.0022321428571428,0.1988610000000008,0.2637114897370338,4.0,actuator_motors,none,4126105,2961482,2.9,,C,,0.0,4.0,True,10.01113461845682,20.011545924045286,1.9999086380534743,91.934796,89.59517999999997,,True,0.0,0.0,,main,0.0978982906788587,0.1107756920158863,1.110896790027618,0.0706089042127132,1.2130629122257233,0.0841746076941489,0.1696355693042278,10.456693315505982,10.7942898273468,0.0,0.0933977073567627,0.1050585928980342,0.7471128761634315,0.0682275559729266,0.7943774891445975,0.0808189672545382,0.156692221062779,2.4385741282461484,2.4676155014112555,0.0,0.0021668472372697724
648bc840-c493-418c-afc9-514fcc212af9,ok,17761535.0,v1.14-1.15,0.0,0.0,0.0,True,0.0003332026656213,0.0424509999999997,0.2372479528188704,4.0,actuator_motors,none,22527317,12808389,4.6,,C,,0.0,4.0,True,10.005368660172334,217.34660207638933,2.000017493341018,183.723769,179.32258500000006,,True,0.0,0.0,,main,0.0006491697015007,0.0,0.0,0.0,0.0,0.0,0.0,0.0011293276620563,0.0,0.00063186820189,0.0006489590819969,0.0,0.0,0.0,0.0,0.0,0.0,0.0011286904512735,0.0,0.0006316686572305,0.0003246753246753247
f4681696-961e-4a26-9ecf-e8c4638677b6,ok,17826559.0,v1.16+,0.0,0.0,0.0,True,0.0,0.0,0.1327398762106895,4.0,actuator_motors,none,2693095,2222278,2.8,,C,,0.0,4.0,True,10.014261652159762,20.0157207001646,1.9997728447003336,63.614628,59.87703799999999,,True,0.0,0.0,,main,0.0024571001646108,0.004383301292546,0.0014459772617556,0.0040893225814215,0.0028925469378009,0.0043963953270576,0.0074227623175829,0.0171326527372002,0.0043708335142582,0.0,0.0024540864296908,0.0043737226080748,0.0014449328433171,0.0040809840267972,0.002888371573594,0.0043867594129906,0.0073953491878885,0.016987543896954,0.0043613091642671,0.0,0.0
5d951821-a2aa-4510-adea-5e9ba974762b,ok,17760256.0,v1.14-1.15,0.0,0.0,0.0,True,0.0216126350789692,0.8012469999999894,0.6198220811784267,4.0,actuator_motors,none,11536164,7721823,3.6,,A,,0.0,4.0,True,10.003889557973547,20.004075508956475,2.000000744376555,244.677342,240.5147350000001,,True,0.0,0.0,,main,0.0011246892507188,0.0052538568852469,0.0036255838465876,0.0076646340778097,0.0071981373708695,0.0710680335760116,0.0132633465342223,0.0173335436731576,0.0075725837377831,0.0582419427111744,0.00112405726158,0.0052401035302356,0.0036190272603299,0.0076354100029391,0.0071723544322211,0.068656312861728,0.0131761584446847,0.0171850315101321,0.0075440556558906,0.0566089866041084,0.021207177814029365
337e6c98-00a9-46aa-90bc-4d0ee2c12592,ok,17695743.0,v1.14-1.15,0.0,0.0,0.0,True,6.341824331466019e-05,0.0037280000000095,0.332172358036041,4.0,actuator_motors,none,20525480,12075863,8.6,,B,,0.0,4.0,True,10.00568630758132,201.17754338375167,2.0001557859432086,168.120426,165.56614200000007,,True,0.0,0.0,,main,0.0024616778362542,0.0018376579741016,0.0,0.0082239715382456,0.0,0.0363407522439956,0.0079279720783233,0.0053273669444024,0.0076836862135678,0.1001167073845863,0.0024586528706795,0.0018359715464221,0.0,0.0081903389541038,0.0,0.0356960011902122,0.0078967108245512,0.005313226722989,0.0076543170430441,0.0954162717987213,6.235450615231127e-05
b76f538c-f2d1-4df8-ae3c-f25e27f03b07,ok,17761535.0,v1.14-1.15,0.0,0.0,0.0,True,0.0634170385431244,0.6439790000000585,0.3594947308301925,4.0,actuator_motors,none,89097756,52086539,20.1,,A,,0.0,4.0,True,10.001261927950504,200.3134076167572,1.9999831225787208,805.210534,795.2887900000007,,True,0.0,0.0,,main,0.0045580317964777,0.0003513301940984,0.0004139024124015,0.0027221453259699,0.0038062716368585,0.0031789598171599,0.0009331762907095,0.1418605759739875,0.0058157097548246,0.0001682961141341,0.0045476754273975,0.0003512684920971,0.0004138167784265,0.0027184469984517,0.0037990461140362,0.003173917607562,0.0009327411524008,0.1326590161920699,0.0057988637974247,0.0001682819539317,0.06264427528702902
3b154526-0c79-4fbf-a7b0-00cc7a82f4d0,ok,17826240.0,v1.16+,0.0,0.0,0.0,True,0.0463015245623941,3.101245000000006,0.408652052283287,4.0,actuator_motors,none,8411504,5456986,3.9,,B,,0.0,4.0,True,10.00547281310356,20.005470897275075,1.99999597809028,182.78552,177.08996399999995,,True,0.0,0.0,,main,0.0011936076334677,0.0,0.0,0.0,0.0,0.0,0.0,0.116389911621809,0.0493314014747738,0.0,0.0011928958502133,0.0,0.0,0.0,0.0,0.0,0.0,0.1101001861126946,0.048153200851147,0.0,0.04480874316939891
5f24708e-e67e-4195-92fe-0576fd1c2106,ok,17825920.0,v1.16+,0.0,0.0,0.0,True,0.0,0.0,0.1526490747928619,4.0,actuator_motors,none,4789064,3757314,3.5,,C,,0.0,4.0,True,10.010189118679826,20.00907180690644,2.000046867077617,97.330052,91.37703100000004,,True,0.0,0.0,,main,0.0029685543617233,0.0225868705660104,0.0032498587388545,0.0060805306304246,0.0055212770123034,0.0034981914330273,0.0015645420644432,0.095717092603445,0.0072535235900431,3.684076833724954,0.0029641569048011,0.0223355643147725,0.0032445893613451,0.0060621188021447,0.0055060906355314,0.0034920869935657,0.0015633194435692,0.0914090280186297,0.0072273433110917,1.5441688490434966,0.0
67757e9c-f4a5-44c0-920c-59ddd7a34a6a,ok,17760384.0,v1.14-1.15,0.0,0.0,0.0,True,0.0,0.0,0.1208738446235656,4.0,actuator_motors,none,6507334,3858675,3.7,,C,,0.0,4.0,True,10.005565790092026,20.00529308561125,2.000035833511089,180.24899,174.87325699999994,,True,0.0,0.000391536313223,sensor_combined,main,0.0033060326823033,0.0,0.0,0.0,0.0,0.0,0.0,0.0,0.0,0.0,0.0033005797712845,0.0,0.0,0.0,0.0,0.0,0.0,0.0,0.0,0.0,0.0
6f5aa8b5-d6a4-4f3a-af2f-dca1cd3b9a4b,ok,17826047.0,v1.16+,0.0,0.0,0.0,True,4.4230453298959954e-05,0.0087469999999996,0.1470183268189428,4.0,actuator_motors,none,93646510,35162256,23.3,,C,,0.0,4.0,True,9.99024880531812,199.7367211903012,1.9951105024959148,204.686748,198.26000499999995,,True,0.0,0.0004387996413485,vehicle_attitude,main,0.0053138921037316,0.0099292932078242,0.0034587823785841,0.0309269197285173,0.0149800145998596,0.0047604601830243,0.0040293176658451,0.0191668316721916,0.0102627595886587,0.0,0.0052998231975114,0.0098803216776564,0.0034528145478058,0.0304583196209761,0.0148689222504996,0.0047491650250292,0.004021221705596,0.0189854618134632,0.0102104550265145,0.0,4.2757230553095316e-05
83c235fd-b754-424f-93a2-c06343f1bf78,ok,17826240.0,v1.16+,0.0,0.0,0.0,True,0.0019029495718363,0.1020690000000001,0.3566931188106537,4.0,actuator_motors,none,5402751,4039911,3.4,,A,,0.0,4.0,True,10.008950270706483,20.00910480232588,1.999979699321105,113.457688,105.074106,,True,0.0,0.0,,main,0.0189949316903948,0.0029897627187892,0.003496528416872,0.010927699226886,0.016063336469233,0.0036999121541157,0.0093059779144823,0.3588526427745815,0.0801502548158168,0.0,0.0188167804209512,0.002985302266483,0.0034904297733061,0.0108684233632599,0.0159356862578133,0.003693084315561,0.0092629440772802,0.3066406986605339,0.0771001562886267,0.0,0.001755926251097454
f961eab3-0245-444c-9560-1ac22823f73c,ok,17695744.0,v1.14-1.15,0.8701298701298701,0.0,0.0,True,0.0,0.0,0.2560935914516449,4.0,actuator_motors,none,3369459,2404882,3.1,,B,,0.0,4.0,True,10.01313171243389,20.01327224826292,2.0002477412103685,76.235713,69.913337,,True,0.0,0.0,,main,0.0004887773189693,0.0,0.0,0.0,0.0,0.0,0.0,0.1631014555692672,,0.0031763149891048,0.0004886579062447,0.0,0.0,0.0,0.0,0.0,0.0,0.1510901058187553,,0.0031712811571902,0.0
85e50b6e-af28-4499-a0b5-c0ef964420e0,ok,17761535.0,v1.14-1.15,0.0,0.0,0.0,True,0.0,0.0,0.2089938856661319,4.0,actuator_motors,none,7444542,4862214,4.8,,A,,0.0,4.0,True,10.0055271969494,20.00497471774611,1.9999999113573448,180.641391,174.76005000000004,,True,0.0,0.0,,main,0.0019651923503261,0.0003659958296339,0.0003702814967255,0.0017778971407096,0.0013702221331186,0.003634275344666,0.0043951539555564,0.0217992199584841,0.0011585941014345,0.0,0.0019632638859614,0.0003659288694978,0.0003702129594502,0.0017763185523563,0.0013692842354259,0.0036276873229906,0.0043855234743969,0.0215650145148603,0.0011579234492476,0.0,0.0
47796d62-84a7-4728-af1b-ee6e10f91bb7,ok,17694848.0,v1.14-1.15,0.0,0.0,0.0,True,0.0,0.0,0.276996748149395,4.0,actuator_motors,none,4325284,2663037,4.7,,B,,0.0,4.0,True,10.008459468092136,20.008575435162903,1.999817816596908,120.504372,120.334148,,True,0.0,0.0,,main,0.0,0.0,0.0,0.0,0.0,0.0,0.0,0.0,0.0,0.0,0.0,0.0,0.0,0.0,0.0,0.0,0.0,0.0,0.0,0.0,0.0
0c4e1ea4-2868-457f-9db0-b50b0ac51e9a,ok,17826047.0,v1.16+,0.0,0.0,0.0,True,0.0719424460431654,2.999771000000002,0.9999999403953552,4.0,actuator_motors,none,2548802,2073115,3.8,,B,,0.0,4.0,True,10.015083729040782,20.016960864016934,2.000067109689796,61.266087,55.62511099999999,,True,0.0,0.0,,main,0.0088324226438998,0.0007458368549123,0.0027561100316233,0.0522109117358922,0.0580449527129529,0.0084082941757514,0.0124716980848461,0.1768386997282504,0.0495008457452058,0.0,0.0087936449656406,0.0007455588568241,0.002752318924578,0.0508935806617595,0.0564228209200356,0.0083731413828389,0.0123945670990845,0.1628317753254282,0.0483146661335911,0.0,0.06514657980456026
d72b0201-ba6b-4711-b6f8-8357fb9a6bd9,ok,17694912.0,v1.14-1.15,0.0,0.0,0.0193986420950533,True,2.303165701256377e-05,0.0090419999999999,0.2812490835785866,4.0,actuator_motors,none,54924750,33267137,12.8,,B,,0.0,4.0,True,9.998325345135106,123.06899907921986,2.000014143996549,618.383003,615.2711760000004,,True,0.0,0.0,,main,0.0062758913263678,0.0062899972312152,0.0,0.010485887248069,0.0,0.0169577781111001,0.0069850070634856,0.0126980761066079,0.1028539486229419,0.0,0.0062562799302882,0.006270297761881,0.0,0.0104312916562125,0.0,0.0168156000896593,0.0069607249100813,0.0126181315879383,0.0979013186508291,0.0,2.2891545579928692e-05
a19b62b4-7e79-40a3-93ee-9ea23ce638f8,ok,17630207.0,v1.12-1.13,0.0,0.0,0.0,True,0.0,0.0,0.1759999999999999,6.0,actuator_outputs,per_channel,7560468,3979212,3.4,,B,,,,False,10.015399529480872,173.9834272420964,2.000177203199096,64.210997,54.44202300000001,True,True,0.0,0.0,,main,0.0015890457201749,0.0021613360848277,0.0,0.0507542766630649,0.0,0.0,0.0017337016295641,0.0032751674763858,0.0,0.0,0.0015877845229144,0.0021590037580153,0.0,0.0495082650000309,0.0,0.0,0.0017322005036464,0.0032698157972998,0.0,0.0,0.0
2d973c34-7464-4374-bc86-cd2308966aa6,ok,17694720.0,v1.14-1.15,0.0,0.0,0.0,True,0.0,0.0,0.106337022781372,4.0,actuator_motors,none,8050042,5205475,4.1,,B,,0.0,4.0,True,10.01360383074183,200.70304030339767,1.999971513919248,74.159075,68.22834300000005,,True,0.0,0.0010056267325313,vehicle_attitude,main,0.0053931472823023,0.0026468700263649,0.0,0.0325760960578918,0.0,0.0020474673714488,0.0855691686272621,0.0007660269620828,,0.0,0.0053786563413352,0.0026433732349059,0.0,0.0320567439197433,0.0,0.002045374166822,0.0821044288287246,0.0007657337131776,,0.0,0.0
4cc9fca3-78d8-4a1f-aeb9-c56a24fa7485,ok,17760511.0,v1.14-1.15,0.0,0.0,0.0,True,0.0,0.0,0.2253976136445999,4.0,actuator_motors,none,11653337,7283483,7.0,,C,,0.0,4.0,True,10.002875742421734,20.002682095563674,1.9999822490054768,325.910869,321.378259,,True,0.0,0.0,,main,0.0008672165655298,0.0,0.0,0.0,0.0,0.0,0.0,0.0,0.0,0.0001176602472696,0.0008668407505036,0.0,0.0,0.0,0.0,0.0,0.0,0.0,0.0,0.0001176533258456,0.0
cfddc80a-b508-4bab-9902-a45718a8faf3,ok,17760511.0,v1.14-1.15,0.0,0.0,0.0,True,1.1846235858555944e-05,0.0029989999999884,0.2580401241779327,4.0,actuator_motors,none,30702769,18713383,11.0,,C,,0.0,4.0,True,9.874850908117,169.17794305651643,1.9867999449850813,304.657236,298.3107770000001,,True,0.0,0.0135321957732495,vehicle_attitude,main,0.003899539890699,0.0,0.0,0.0,0.0,0.0,0.0,0.0001094687417207,0.0,0.0,0.003891956393393,0.0,0.0,0.0,0.0,0.0,0.0,0.0001094627504552,0.0,0.0,1.1632370560796584e-05
c37a1a93-c58f-4c62-9d1d-07e51a3eb72f,ok,17630207.0,v1.12-1.13,0.0,0.0,0.0616844602609727,True,0.0,0.0,0.2274499999999998,6.0,actuator_outputs,per_channel,5480937,3479735,4.1,,B,,,,False,9.99377001654775,19.98811770698518,1.9999790835520843,167.810201,165.10819999999995,True,True,0.0,0.0005604407017136,sensor_combined,main,0.0114261994138359,0.0127904810011386,0.0,0.0162575546652078,0.0,0.0,0.0493031904101369,0.008921230584383,0.0242286600172519,0.0,0.0113614134352559,0.0127093736680484,0.0,0.0161268157171553,0.0,0.0,0.0481263156899591,0.0088816715098111,0.0239398024875012,0.0,0.0
0ab6ab14-f65c-4932-abe1-04396fada6a3,ok,17761280.0,v1.14-1.15,0.0019493177387914,0.0,0.0,True,0.0537069740062583,4.669370000000001,0.9517944051198508,4.0,actuator_motors,none,52589983,28634450,13.3,,B,,0.0,4.0,True,9.99190267484595,170.77823891504465,1.999958125259786,507.296814,225.9408420000001,,True,0.0,0.0012220562357829,vehicle_attitude,main,0.0040793924825266,0.0176098385825753,0.0024537443066947,0.052694504149258,0.0493148600682614,0.0471987375989555,0.0142851779237389,0.0,5.005119800567627,0.0,0.0040710943209966,0.017456581975393,0.0024507387916396,0.0513530715426558,0.048137436968671,0.0461187301114471,0.0141841061842352,0.0,1.7926124054691033,0.0,0.023947339338011825
954f7308-8335-4da9-bc08-c286812ce798,ok,17761535.0,v1.14-1.15,0.0,0.0,0.0,True,0.0,0.0,0.1669257313013076,4.0,actuator_motors,none,136636460,62106385,34.8,,B,,0.0,4.0,True,10.001083965970336,136.9985958095995,1.9999938049711847,989.523721,985.455513999998,,True,0.0,0.0,,main,0.0001114036567742,0.0001183888831292,8.301017223857343e-05,0.0004601425403961,0.0003945679141907,0.0054076810134574,0.002571282244753,0.0044956455472856,0.0027389706578105,0.0,0.0001113974518476,0.0001183818757184,8.300672708487978e-05,0.0004600367072816,0.0003944900927411,0.0053931120059151,0.0025679821543273,0.0044855703179963,0.0027352265128555,0.0,0.0
8a9743fa-90fa-49e1-8d1b-a7b53280a8c7,ok,17891583.0,v1.16+,0.0,0.0,0.0,True,0.0,0.0,0.1454242467880249,4.0,actuator_motors,none,9099504,5721901,4.1,,C,,0.0,4.0,True,10.00003623608636,199.8453304984279,2.0000036595811643,70.907779,65.00999700000001,,True,0.0,0.000843206313315,vehicle_attitude,main,0.2963338285684586,0.0010853605053853,0.0261732080020009,0.021237660292536,0.0951329082250594,0.08008793592453,0.0205075946636497,0.0430922877043485,0.0016450769559014,0.0385817633941769,0.2595401485330377,0.0010847719275129,0.0258365512157025,0.021015284174191,0.0908757332773101,0.0770424599738673,0.0203001453406577,0.042189655042265,0.0016437252989893,0.0378560934391235,0.0
9e8f0dc0-d8c3-40bd-9756-262b72ea15fb,ok,17694848.0,v1.14-1.15,0.6181818181818182,0.0,0.0,True,0.017865019850022,0.0149800000000013,0.3580547973513603,4.0,actuator_motors,none,11384049,7016812,4.3,,B,,0.0,4.0,True,10.012295443207542,200.30783465423173,1.999995851860456,80.945249,79.35284999999999,,True,0.0,0.0,,main,0.0019982819445431,0.0034657726529985,0.0,0.0088240292854607,0.0,0.0150345831178128,0.0104578899219632,0.0118757857009768,0.0180103302001952,0.0,0.0019962880349985,0.0034597807034561,0.0,0.0087853250572329,0.0,0.0149226839505659,0.0104035844766028,0.0118058219297346,0.017850065621241,0.0,0.017430600387346677
206ea0cf-efc7-4c29-b880-642df1d6bba5,ok,17630207.0,v1.12-1.13,0.0,0.0,0.0,True,0.0,0.0,0.2855931520462035,4.0,actuator_motors,none,6515762,3962178,3.0,,A,,0.0,4.0,True,10.005604411911232,20.00575843228012,2.00008514648195,164.514682,156.65728600000003,,True,0.0,0.0,,main,0.0007424238574458,0.0038779318565502,0.0,0.0,0.0,0.0,0.0,2.1771964788436904,0.0,0.0,0.0007421483971841,0.0038704320616842,0.0,0.0,0.0,0.0,0.0,1.155999197518543,0.0,0.0,0.0
8c713b07-fd39-4b63-98ac-6f98831a2959,ok,17761535.0,v1.14-1.15,0.1733333333333333,0.0,0.0,True,0.6867816091954023,27.99891999999999,1.0,4.0,actuator_motors,none,2975127,2099936,3.0,,B,,0.0,4.0,True,10.013593722661138,20.012625438174616,2.000038568311311,73.95766,69.63263899999997,,True,0.0,0.0,,main,0.0005772782722488,0.0,0.0,0.0,0.0,0.0,0.0,0.170123168826103,0.0354944147169589,0.0,0.0005771117112452,0.0,0.0,0.0,0.0,0.0,0.0,0.1571090157698466,0.0348790080359217,0.0,0.6416107382550336
3479f981-c76b-4b56-92a3-11dc73d9b6a8,ok,17694975.0,v1.14-1.15,0.0,0.0,0.0,True,0.0,0.0,0.1989963933825493,4.0,actuator_motors,none,16731628,9372457,4.8,,C,,0.0,4.0,True,10.000340374122825,129.18424645379972,2.0000548257453143,164.904601,161.81111599999994,,True,0.0,0.0,,main,0.0015059214783832,0.0044580027461051,0.0,0.0152968331240117,0.0,0.0102816531434655,0.0184536324813962,0.0174499005079269,0.2025177061557769,0.0003003882447956,0.0015047887157254,0.0044480952859398,0.0,0.0151810161672272,0.0,0.0102291564761716,0.0182854303478717,0.0172993992923439,0.184417447343244,0.0003003431372797,0.0
731c4e2f-5813-4992-83eb-50e8c32c93ac,ok,17694720.0,v1.14-1.15,0.0,0.0,0.0,True,0.0,0.0,0.2361082911491393,4.0,actuator_motors,none,5759663,3678444,4.5,,A,,0.0,4.0,True,10.005798172612533,20.005863043908896,2.0000899578032465,173.109066,165.306154,,True,0.0,0.0,,main,0.0101654835045337,0.0022138342494145,0.0,0.0092236383818089,0.0,0.1509712189435955,0.0035580956144258,0.0219596704468131,0.0219629756174981,0.0,0.0101141624860269,0.0022113873290911,0.0,0.0091813604016637,0.0,0.1406061241652456,0.0035517805674857,0.0217220296005555,0.0217252637451464,0.0,0.0
a05a5683-afae-4b01-b302-bfdf3a25870a,ok,17760256.0,v1.14-1.15,0.0,0.0,0.0,True,0.0,0.0,0.1480379194021225,4.0,actuator_motors,none,11394249,7373057,4.0,,B,,0.0,4.0,True,10.003900803158112,20.00351562146048,2.0000349934180144,278.197782,273.4180279999999,,True,0.0,0.0,,main,0.0023166841827332,0.0001784198335371,0.0001941058726515,0.0031402602326124,0.0025304396636783,0.0150134714320301,0.1198169767856597,0.0131796743720769,0.0060712433420121,0.0048231275752186,0.0023140048073117,0.0001784039186115,0.000194087036544,0.0031353399134787,0.0025272434919103,0.0149018847525015,0.1131652583693162,0.0130935781191293,0.0060528876014642,0.0048115335600793,0.0
6e31faa0-5881-453f-b68b-b56366188b9c,ok,17694720.0,v1.14-1.15,0.0,0.0703517587939698,0.0,True,0.9780334728033472,79.897885,1.0,4.0,actuator_motors,none,4614518,3074462,7.7,,B,,0.0,4.0,True,10.010280936847368,20.009321255910148,2.0001473954772977,97.63834,95.526985,,True,0.0,0.0007613729944085,sensor_combined,main,0.0005205807246966,0.0184900579042732,0.0,0.0692218728363514,0.0,0.1073403589427471,0.0141518847085535,0.0,1.3456735663115975,0.0,0.0005204452695593,0.0183211951292477,0.0,0.0669311622716148,0.0,0.1019610671230474,0.014052681632956,0.0,0.8525725957550332,0.0,0.9540816326530612
a6b0431d-30a3-4b42-a8ce-af3cf6f4617d,ok,17695743.0,v1.14-1.15,0.0,0.0,0.0,True,0.0,0.0,0.4331878323107955,4.0,actuator_motors,none,21373349,13081857,10.1,,B,,0.0,4.0,True,10.005265746555969,220.4743760849372,2.000031436958222,181.000711,176.21281200000007,,True,0.0,0.0,,main,0.0013129914063028,0.000309019756969,0.0,0.0036735731409862,0.0,0.0014619467314332,0.0021798046538606,0.0003309113992145,,0.0,0.001312130186853,0.000308972020198,0.0,0.0036668420509062,0.0,0.0014608791277036,0.002177432326544,0.0003308566601129,,0.0,0.0
b7460220-afce-4422-b49c-1af1e885b58f,ok,17760256.0,v1.14-1.15,0.0,0.0,0.0,True,0.0052692133511217,1.839513999999952,0.3038940250873563,4.0,actuator_motors,none,72490622,43006743,21.8,,B,,0.0,4.0,True,10.00165449390508,202.7566959059664,1.999978421102392,575.584788,571.9073879999994,,True,0.0,0.0,,main,0.0087302750907838,0.0012492178357206,0.0007681623101234,0.0083415256813168,0.0079696578904986,10.690710544586182,0.0945854745805263,0.134466253221035,0.0832202956080436,0.0,0.0086923865974938,0.0012484382123321,0.0007678674244597,0.0083069274243185,0.0079380678970151,2.458794555893969,0.0903757295688544,0.1261622788464945,0.0799383597138253,0.0,0.005234169827837759
8ec9b95b-1725-4c54-b616-4a947e84e2c3,ok,17891392.0,v1.16+,0.0,0.0181236673773987,0.0,True,0.0491767764298093,7.199999999999996,0.2447554916143417,4.0,actuator_motors,none,109453953,54605947,26.1,,C,,0.0,4.0,True,124.9989264765242,249.9978529530484,100.00085881878066,465.276,461.62,,True,0.0,0.0,,main,0.0007615469512529,0.0055998251773417,0.000386888423236,0.0141376219689845,0.0083667961880564,0.0005705016083084,0.0059246504679322,0.1462231129407882,3.268831253051758,0.0,0.00076125712151,0.0055842044447821,0.0003868136012078,0.0140386178225164,0.0083319885662466,0.0005703389341335,0.0059071687411124,0.136472287773222,1.4513400785456816,0.0,0.048722901910281176
34f52804-51a8-4065-9390-6df62d0591b8,ok,17695744.0,v1.14-1.15,0.0,0.0,0.0,True,0.7425876010781671,14.600593,1.0,4.0,actuator_motors,none,3163346,2204472,2.3,,A,,0.0,4.0,True,10.016808529041771,19.98743268281453,2.0127983470349893,83.973346,74.22147499999998,,True,0.0,0.0039152930821879,sensor_combined,main,0.0003206508554285,0.0064774597994983,0.0,0.2485703721642491,0.0,7811.381591796875,0.0190802794881164,0.0144745100289583,0.0859973654150962,0.0,0.0003205994579297,0.0064565712115737,0.0,0.2219991945190661,0.0,8.9634651376798,0.0189005337557676,0.0143707543189486,0.0824987955558509,0.0,0.6543942992874109
4dc9db60-62d0-43e0-ad1f-423ae26faeb6,ok,17760256.0,v1.14-1.15,0.0,0.0,0.0,True,0.0,0.0,0.3073674276471138,4.0,actuator_motors,none,12577886,8347252,3.8,,B,,0.0,4.0,True,9.996711264450784,19.990568804954577,1.999948482096312,312.150563,305.91733100000005,,True,0.0,0.0006617310069937,sensor_combined,main,0.0012975516263395,0.001277948054485,0.0011282763909548,0.0141127072274684,0.0243117336183786,0.0031055111903697,0.0043404506519436,0.0769722241908312,0.0355453692376613,0.0,0.0012967105337234,0.001277132173898,0.0011276403655109,0.014014050104066,0.0240209076504068,0.003100699050688,0.0043310580649116,0.0741536078610261,0.0349282147398271,0.0,0.0
347573d7-fe0f-404c-bf87-ba9912f56528,ok,17760512.0,v1.14-1.15,0.0,0.0,0.0,True,0.4237478897017445,7.0000009999999975,0.4009849786758422,4.0,actuator_motors,none,10068193,7085422,6.7,,B,,0.0,4.0,True,10.005525304111616,20.005529744936347,2.000000409972383,180.831058,177.70978000000002,,True,0.0,0.0,,main,0.0006150842556962,0.0008690439834026,0.0004733038440463,0.0748119287192821,0.033011950366199,0.0004496938112424,0.0064990599872544,0.0,0.0,0.0,0.0006148951689076,0.0008686665833157,0.0004731918711119,0.0721456962455099,0.032478758672908,0.0004495927292832,0.0064780321551511,0.0,0.0,0.0,0.4155629139072848
eeda974c-74c0-4295-9fb2-3c71108bedd4,ok,17694720.0,v1.14-1.15,0.0,0.0,0.0,True,0.0,0.0,0.2143415793776512,4.0,actuator_motors,none,42999881,15338840,10.6,,A,,0.0,4.0,True,10.005621690240016,259.156273637424,97.69284859092576,168.577548,167.745244,,True,0.0,0.00358118167832,sensor_combined,main,0.0,0.0,0.0,0.0,0.0,0.0,0.0,0.0007851446280255,0.0,0.0496464408934116,0.0,0.0,0.0,0.0,0.0,0.0,0.0,0.0007848365632217,0.0,0.0484533845068715,0.0
57fe6283-8b08-49c6-9294-64ad840bb48b,ok,17695743.0,v1.14-1.15,0.0,0.0,0.0,True,0.0,0.0,0.178725616633892,4.0,actuator_motors,none,2606951,1893455,2.3,,C,,0.0,4.0,True,9.999333193637309,20.000107310920605,1.9999973888922973,71.938004,64.71059699999999,,True,0.0,0.0,,main,0.0036945520900189,0.0068398880772292,0.0,0.0614883236587044,0.0,0.1566516652703284,0.0095682380720972,0.0093691049143671,0.0057651468552649,0.0,0.0036877439958657,0.0068166021644963,0.0,0.0596720022501845,0.0,0.1455293356996326,0.0095227523971977,0.0093254870793139,0.0057485919931329,0.0,0.0
83b2642f-88cc-450a-a1a3-3ab2810c55bb,ok,17694976.0,v1.14-1.15,0.0,0.0,0.6596958174904943,True,0.018559538193046,0.2204080000000061,0.449909545481205,4.0,actuator_motors,none,13276857,7524949,4.6,,B,,0.0,4.0,True,10.009612278335704,200.1350599554169,2.000042106149603,104.696738,104.438299,,True,0.0,0.0,,main,0.4708988592028617,36.176314163207984,0.0,1.005788978934281,0.0,0.0390425538644194,0.415295173227787,0.4691422045230858,0.4526512205600729,0.0,0.3858736827652279,3.615671842446561,0.0,0.6960374890583518,0.0,0.0382996678370261,0.3473381123284583,0.3846786961301837,0.3733903148653007,0.0,0.018443784811393124
20036397-7886-4706-b7d6-1d823a56cecd,ok,17695488.0,v1.14-1.15,0.0,0.0,0.2446043165467626,True,0.0031662269129287,0.1023489999999966,0.1913828372955322,4.0,actuator_motors,none,8364001,5478464,4.3,,B,,0.0,4.0,True,10.005215784866616,20.005322640743145,2.000104057093244,193.884354,189.488599,,True,0.0,0.0,,main,0.0295728316530585,0.0351784525439143,0.0,0.0243550762534141,0.0,7.814082026481624,0.0217679633758962,0.0051722283940762,0.006342893326655,0.8390868365764615,0.0291439896682751,0.0345738297718971,0.0,0.0240632206657132,0.0,2.176350672761972,0.0215344242970831,0.0051588983650089,0.0063228618392149,0.6092691639616828,0.003084832904884319
240921fa-165e-41f2-9132-e1617db7a400,ok,17826240.0,v1.16+,0.0,0.0,0.0,True,0.0,0.0,0.1803013198077678,4.0,actuator_motors,none,4933918,3542013,3.0,,C,,0.0,4.0,True,10.008690729773337,20.008357246905486,1.9999764165676848,110.673608,103.52964899999996,,True,0.0,0.0,,main,0.0015178651257883,0.0001484836335293,0.0003281639161286,0.0027927362825721,0.0025251708459109,0.0007272103219293,0.0018980407330673,0.0154727990273386,0.0022431916906498,0.0,0.00151671433287,0.0001484726109256,0.0003281100821279,0.0027888438399598,0.0025219879591063,0.0007269460326246,0.001896241729783,0.0153543158866846,0.0022406794923627,0.0,0.0
f896ae44-e566-4dbe-a6b6-d732217438fd,ok,17761280.0,v1.14-1.15,0.0089020771513353,0.0,0.0618181818181818,True,0.006900878293601,1.102602999999995,0.2437947146594524,4.0,actuator_motors,none,6833231,4080638,4.1,,C,,0.0,4.0,True,10.0056505818811,20.005835268030168,2.0000099390737827,164.316698,159.41438700000006,,True,0.0,0.0,,main,0.0109737336635589,0.001648995745927,0.0017228887649253,0.0224922947585582,0.0194179959595203,0.0168041631579399,0.0135397313162684,0.0035865493118762,0.0016035019652917,0.0,0.0109139591504471,0.0016476376452384,0.0017214062945872,0.0222430732179746,0.0192318722499534,0.0166645352572075,0.0134488882296152,0.0035801329809745,0.0016022177286826,0.0,0.0066707095209217705
60ad4c95-397b-4e5c-bd88-e638a6836ae4,ok,17761535.0,v1.14-1.15,0.0,0.0,0.1662269129287599,True,0.0,0.0,0.1713901154696941,4.0,actuator_motors,none,2829107,1930869,2.2,,B,,0.0,4.0,True,10.012269870960804,20.01264587164562,1.9998294278819977,75.150074,73.835553,,True,0.0,0.0,,main,0.0060299080796539,0.0,0.0,0.0,0.0,0.0,0.0,0.0,0.0,0.0,0.0060118009370738,0.0,0.0,0.0,0.0,0.0,0.0,0.0,0.0,0.0,0.0
0ea65be0-6177-47f1-a0f9-16431e597d28,ok,17761535.0,v1.14-1.15,0.0,0.0,0.0,True,0.0569444444444444,0.2000209999999995,0.5912974864244459,4.0,actuator_motors,none,2471791,1724922,2.2,,C,,0.0,4.0,True,10.012588640382637,19.999278948555617,2.000089500603639,74.266747,71.99762799999998,,True,0.0,0.0,,main,0.0101867620367556,0.0,0.0,0.0,0.0,0.0,0.0,0.4896779909729958,0.1425976537168027,0.0,0.0101352266665624,0.0,0.0,0.0,0.0,0.0,0.0,0.3985599831605506,0.1333043138462906,0.0,0.05510752688172043
2c428e28-060e-4d38-aaa9-5e36aeaa3fb1,ok,17761535.0,v1.14-1.15,0.0,0.0,0.0,True,0.0,0.0,0.1471071869134902,4.0,actuator_motors,none,3267161,2102034,2.5,,C,,0.0,4.0,True,10.01167894542908,20.01068507457793,2.000185877146163,79.109155,77.32039999999998,,True,0.0,0.0,,main,0.0003782018262427,0.0,0.0,0.0,0.0,0.0,0.0,7.665228843688966,2.3178416848182684,0.0,0.0003781303259591,0.0,0.0,0.0,0.0,0.0,0.0,2.159318332938732,1.1993144765908024,0.0,0.0
a9cb8670-61c3-4d25-84e5-e5a87e17b24b,ok,17629184.0,v1.12-1.13,0.9484536082474226,0.0,0.0,True,0.0,0.0,0.1377805352210998,4.0,actuator_motors,none,4646049,3013435,3.2,,B,,0.0,4.0,True,9.999466350080848,20.00036992750449,2.0000131627163857,144.845067,140.64451400000002,,True,0.0,0.0,,main,0.0535544237121939,0.0,0.0,0.0,0.0,0.0,0.0,0.0300508948974311,,0.0001332500636635,0.0521696128349404,0.0,0.0,0.0,0.0,0.0,0.0,0.0296082135425637,,0.0001332411866623,0.0
4be69fd3-58c4-4dc0-a361-6a5f2b710cb3,ok,17695487.0,v1.14-1.15,0.0,0.0,0.1019736842105263,True,0.0129586445080733,0.7804289999999998,0.139478488266468,4.0,actuator_motors,none,26904136,16353488,8.4,,B,,0.0,4.0,True,10.004105882666211,171.7493027902009,1.9999743425971968,242.65255,237.1389969999998,,True,0.0,0.0,,main,0.8704114258289337,0.0185234369710087,0.0,0.0495202401652932,0.0,0.0673260018229483,0.0554483896121382,0.0291253332979977,0.0641582585871219,0.0,0.62615842047927,0.018353967682618,0.0,0.0483331456240718,0.0,0.0651564568849592,0.0539656904855941,0.028709250501818,0.0621841191324744,0.0,0.01267792312568432
e508fd89-1311-4ff5-aded-291a7b48dd58,ok,17760768.0,v1.14-1.15,0.0,0.0,0.0,True,0.0,0.0,0.0908967748284338,4.0,actuator_motors,none,4244347,2787191,5.7,,A,,0.0,4.0,True,10.009010419784168,20.00834263763878,1.99999995020747,121.125831,114.77851400000002,,True,0.0,0.0,,main,0.0,0.0,0.0,0.0,0.0,0.0,0.0,0.0012925385381095,0.0,0.0,0.0,0.0,0.0,0.0,0.0,0.0,0.0,0.0012917039292718,0.0,0.0,0.0
034dc67c-5f97-47e9-a96a-b06467cab9dd,ok,17761535.0,v1.14-1.15,0.0190114068441064,0.0,0.0851393188854489,True,0.0278884462151394,2.400107000000005,0.5237529232518334,4.0,actuator_motors,none,5167716,3442272,5.5,,B,,0.0,4.0,True,10.007778038880629,20.00701984085603,2.000021167539205,129.005713,125.48469399999996,,True,0.0,0.0,,main,0.0017153864435385,0.0080942707601934,0.018047928996384,0.1727621704339977,0.1122859925031653,0.1304295808076858,0.0514648700132966,0.3049038156867025,0.1835145927965635,0.0,0.0017139168485886,0.00806168785577,0.017886998548895,0.1593617958609199,0.1064173502642008,0.1225977204885439,0.050184306200035,0.2661293336037158,0.1684884800999946,0.0,0.027131782945736434
38577cd0-1a48-4702-af1e-85451abc06a7,ok,17891583.0,v1.16+,0.0,0.0,0.0,True,0.0,0.0,0.0967787593603134,4.0,actuator_motors,none,4581161,3137166,3.8,,A,,0.0,4.0,True,10.008414092807987,20.00816128302148,2.0000106725460345,114.944978,107.48828200000004,,True,0.0,0.0,,main,0.0024987665237858,0.0,0.0,0.0,0.0,0.0,0.0,0.3315940245985975,0.1948754481971255,0.0,0.0024956497976165,0.0,0.0,0.0,0.0,0.0,0.0,0.2863767393240125,0.1780419525013116,0.0,0.0
63a26cfa-030f-4f7a-bcd5-558c2bbccb62,ok,17956928.0,v1.16+,0.0,0.0,0.0,True,0.0,0.0,0.3361064702272415,4.0,actuator_motors,none,15079770,9894392,8.5,,B,,0.0,4.0,True,10.00846531982494,198.16184785132967,2.000052228438105,114.744608,105.42548500000004,,True,0.0,0.0,,main,0.0033710341202095,0.0097679722122847,0.0004096297852811,0.0079764779657125,0.0043098136549815,0.0031888637109659,0.0072291404940187,0.0070958463009446,0.0016041515336837,0.0,0.0033653649218244,0.0097205739781921,0.000409545909905,0.0079448340254276,0.0043005530063567,0.0031837900683241,0.0072031355117789,0.0070707892477525,0.0016028662569477,0.0,0.0
2bea87a2-bfb6-4b93-9af0-c5aba97d2948,ok,17694720.0,v1.14-1.15,0.0,0.0,0.0,False,0.0170316301703163,12.900850999999989,0.3076440453529357,4.0,actuator_motors,none,31500750,18705923,12.1,,B,,0.0,4.0,True,9.99875208620089,19.99614300936758,1.9999847699369504,782.275983,780.3597479999984,,True,0.0,0.0002571786512669,sensor_combined,main,0.0022287423722445,0.0,0.0,0.0,0.0,0.0,0.0,0.028397477697581,4.617692351341248,0.0,0.0022262624100778,0.0,0.0,0.0,0.0,0.0,0.0,0.0280017437593521,1.7259209659403874,0.0,0.017001150453790106
dd1ccb85-ba42-45c2-baae-7b2d52a34b36,ok,17761535.0,v1.14-1.15,0.0,0.0,0.0,True,0.0,0.0,0.1899944469332695,4.0,actuator_motors,none,33079166,18912251,15.9,,C,,0.0,4.0,True,10.00343627445917,207.44507614493304,1.999977619125228,276.064793,272.0741339999999,,True,0.0,0.0,,main,0.0231728438287973,0.0002976982417749,0.0004329817616962,0.0006457902258262,0.0006899514410179,0.0004162924393313,0.0005210691626416,0.0481260644271969,0.0010601943358778,7.700780988670881e-05,0.0229084304971388,0.0002976539384457,0.0004328880521419,0.0006455817930493,0.0006897135339456,0.000416205813674,0.000520933453246,0.0470038691484968,0.001059632726771,7.700484493753221e-05,0.0
23e13b20-5621-498c-99e1-b4c69bfc6caf,ok,17694720.0,v1.14-1.15,0.0,0.0,0.0,True,0.1648068669527897,30.098462999999924,0.4083949655294417,4.0,actuator_motors,none,244443094,81274106,39.0,,B,,0.0,4.0,True,100.04511894559226,20.000034788257373,100.0461728333767,933.22575,931.9608320000006,,True,0.0,0.0,,main,0.0141821857541799,0.0050670248456299,0.0,0.0221734163351355,0.0,0.0860873162746429,0.0275394469499588,0.0142329055815935,0.0329884961247444,0.0,0.0140825593992174,0.0050542306759537,0.0,0.0219311606894103,0.0,0.0825816200058886,0.0271670578435036,0.0141325687169757,0.0324560537006071,0.0,0.16450680089964656
5bd0eaea-cf78-446a-8225-e7db3487e323,ok,17761280.0,v1.14-1.15,0.0,0.0,0.0,True,0.0163132137030995,0.2000210000000066,0.2455901861190795,4.0,actuator_motors,none,2902451,2402883,2.8,,B,,0.0,4.0,True,9.98468816009724,19.954190857179064,1.9999926154118808,65.427525,61.599877000000006,,True,0.0,0.0032051283518831,sensor_combined,main,0.0013681545387953,0.0,0.0,0.0,0.0,0.0,0.0,0.0189214991405606,,0.0075080639217048,0.0013672194681578,0.0,0.0,0.0,0.0,0.0,0.0,0.0187447141195513,,0.0074800186991809,0.01529051987767584
b749c21a-3f08-4731-bf76-46a8f9c9415b,ok,17694720.0,v1.14-1.15,0.0190930787589498,0.0,0.0448045757864632,False,0.7806048967834853,28.998003,0.99999999977443,4.0,actuator_motors,none,8249117,5082572,5.5,,A,,0.0,4.0,True,10.004897244454638,20.004545498491943,1.9999619146008605,209.4094,208.02313999999984,,True,0.0,0.0,,main,0.0424031592905519,0.0,0.0,0.0,0.0,0.0,0.0,5.042439532279967,9.32450819015503,0.0006067543581593,0.0415287776091624,0.0,0.0,0.0,0.0,0.0,0.0,1.798807826475503,2.334520504797846,0.0006065703571589,0.7753934191702432
dc27a2f2-45be-4796-84d2-a8b0fc0a626c,ok,17695488.0,v1.14-1.15,0.0,0.0,0.0,True,0.011204481792717,0.4972880000000046,0.5327685594558715,4.0,actuator_motors,none,3425758,2380181,2.6,,B,,0.0,4.0,True,10.011142755481297,20.01065686391525,1.9998420346997257,90.321502,71.39063799999998,,True,0.0,0.0,,main,0.0046169129200279,0.0,0.0,0.0,0.0,0.0,0.0,0.0,0.0,0.0,0.0046062876689266,0.0,0.0,0.0,0.0,0.0,0.0,0.0,0.0,0.0,0.008820286659316428
5c45ba46-2ba3-4111-af19-a24264795d85,ok,17891392.0,v1.16+,0.2415219189412737,0.0,0.0,False,0.7606592619132927,17.80000000000001,1.0,4.0,actuator_motors,none,172045465,65516587,28.0,,B,,0.0,4.0,True,125.0,250.00000000000003,100.0009918273427,604.8,278.672,,True,0.0,0.0,,main,0.0004103073151782,0.000187062050827,0.0002053585303656,0.1081687808036804,0.1080435663461685,0.0007007956155575,0.0037243084516376,4.450120741239516e-06,1.863795280456543,0.0,0.00041022316215,0.0001870445569031,0.0002053374471889,0.1027089059693696,0.1025959073591,0.0007005501729734,0.0037173903862686,4.4501108394815865e-06,1.0521477662560417,0.0,0.41662535118162286
83ccf23c-a423-4e36-9eae-98a1774fe9ed,ok,17826047.0,v1.16+,0.0,0.0,0.0,True,0.0705329153605015,5.002485000000007,0.8031650744378567,4.0,actuator_motors,none,5826782,4100155,2.7,,A,,0.0,4.0,True,10.006964996995595,20.00712414931355,2.0001034959921373,133.540813,127.61496200000002,,True,0.0,0.0,,main,0.0035178652964532,0.0014764568419195,0.0005367970850784,0.0116273893974721,0.0066262810258194,0.0070962716592475,0.0089384746272116,0.0329880410805344,0.0303319631144403,0.0,0.0035116920817866,0.0014753679511848,0.0005366530610619,0.01156031077086,0.0066044237276405,0.0070712116089554,0.0088987629287878,0.0324556131881407,0.029881044601762,0.0,0.06711409395973154
88003df3-bc15-4eec-b47d-5fc947541179,ok,17694720.0,v1.14-1.15,0.0,0.0,0.0,False,0.0,0.0,0.1578238368034362,4.0,actuator_motors,none,4591674,3037036,4.0,,B,,0.0,4.0,True,10.009177997234618,20.00993237201275,2.000163789113273,107.585742,105.24846399999994,,True,0.0,0.0,,main,0.0208018871024248,0.0,0.0,0.0,0.0,0.0,0.0,0.0,3.138567233085632,0.0,0.0205884822571741,0.0,0.0,0.0,0.0,0.0,0.0,0.0,1.4203496489732546,0.0,0.0
2b4ef308-ff9d-4d01-aa38-7a53efc8fe79,ok,17891583.0,v1.16+,0.0,0.0,0.0,True,0.0272572402044293,0.8987529999999992,0.4345772281289099,4.0,actuator_motors,none,3187524,2793595,3.4,,B,,0.0,4.0,True,10.015334658343193,20.01533548644805,2.000000124031016,64.840551,58.749949,,True,0.0,0.0,,main,0.0022547741536982,0.0006427239975892,0.0010289683734299,0.0071931011974811,0.0046329784207046,0.0023363395361229,0.0026594557217322,0.0104821885935962,0.0058438876410946,0.0,0.0022522359651014,0.0006425175389798,0.001028439348342,0.0071673542383243,0.0046222792095969,0.0023336145384301,0.0026559256267333,0.0104276313762536,0.0058268783644104,0.0,0.024464831804281346
4d28a7cf-ef09-4bae-b4b3-8eb8f7ffc135,ok,17956928.0,v1.16+,0.0,0.717948717948718,0.0,True,0.0,0.0,0.0731731295585632,4.0,actuator_motors,none,35957664,17796010,9.0,,C,,0.0,4.0,True,124.99346165916938,249.973847320658,100.00915415598682,152.472,148.232,,True,0.0,0.0,,main,0.0018280663061887,0.0008765807142481,5.532830982701853e-05,0.00691323436331,0.0006304664420895,0.0003335321671329,0.0026601399295032,9.524217603029685e-05,0.4481974840164184,0.0,0.001826397426551,0.000876196741746,5.532677927253944e-05,0.0068894475250282,0.0006302677816169,0.0003334765576443,0.0026566080194776,9.523764078221168e-05,0.3703196686533131,0.0,0.0
efe75f5d-87ba-4204-b10a-139c0da4c698,ok,17891392.0,v1.16+,0.0,0.1137724550898203,0.0,True,0.3045212765957447,0.7980900000000002,0.5397508248686789,4.0,actuator_motors,none,3585479,2803368,4.7,,C,,0.0,4.0,True,10.01245644581446,20.01259769289477,2.000077789188983,79.898628,75.22057100000002,,True,0.0,0.0,,main,0.0123359604738652,0.0044629943091422,0.0006210788968019,0.0079223085660487,0.0080681935884058,0.0078247879864647,0.0115476559847593,0.7668671160936352,0.3166813313961029,0.0,0.0122604925260153,0.0044530646829887,0.0006208861071248,0.0078910918434899,0.0080358197303087,0.0077943330984798,0.0114814906876091,0.569207987393441,0.2751144279520883,0.0,0.2855361596009975
98e4e0fc-2dbe-4000-ab26-dd029270a10b,ok,17694975.0,v1.14-1.15,0.0174672489082969,0.0,0.0,True,0.0302869619463505,0.0338650000000058,0.418786472082138,4.0,actuator_motors,none,12769494,7466588,5.0,,C,,0.0,4.0,True,10.008410749106826,199.2911808876521,1.999959401705185,113.558944,112.207739,,True,0.0,0.0,,main,0.001291161874542,0.0,0.0,0.0,0.0,0.0,0.0,0.4918958783149713,,0.0,0.0012903290418529,0.0,0.0,0.0,0.0,0.0,0.0,0.4000477126942034,,0.0,0.029806305061853455
86336754-84a6-44b7-9a89-f11bdbdde578,ok,17760511.0,v1.14-1.15,0.0,0.0,0.0,True,0.0,0.0,0.2443479001522064,4.0,actuator_motors,none,12118247,7514896,5.0,,B,,0.0,4.0,True,9.99195262834508,159.46498434768108,2.000136819931894,113.873403,107.12951200000003,,True,0.0,0.0013372766657986,vehicle_attitude,main,0.0049527302151545,0.001166739425389,0.0030351645313203,0.0049798844614997,0.0088895377237349,0.0084463832434266,0.0133485084865242,0.0128801334649324,0.0127431000582873,0.0,0.0049405057930904,0.0011660593139028,0.0030305677184942,0.0049675258495327,0.0088502583950151,0.008410912143525,0.0132602021180118,0.0127978899976156,0.0126625900024474,0.0,0.0
f0e77c32-0a0a-42bd-ac69-8fa3d067a4bc,ok,17761535.0,v1.14-1.15,0.0,0.0,0.0,True,0.0,0.0,0.2252084016799926,4.0,actuator_motors,none,15473718,9692782,6.0,,B,,0.0,4.0,True,10.002792510929323,20.00265984787154,1.9999798178980308,373.214609,364.46345000000014,,True,0.0,0.0,,main,0.0055620314553379,0.0014476413722149,0.0005812551826238,0.0018026527948677,0.0011135697364807,0.0034831100376322,0.0020488704554736,0.0358535043895244,0.0042753535788506,0.0,0.0055466204762083,0.0014465945496043,0.0005810863192621,0.0018010299662899,0.001112950177607,0.003477058058932,0.0020467743829676,0.0352257288092409,0.0042662402207239,0.0,0.0
e9e3e5ea-005b-43ac-a1fa-10f2e6ccc044,ok,17825984.0,v1.16+,0.0,0.0,0.0,True,0.0,0.0,0.0790535865351557,4.0,actuator_motors,none,2679758,1981734,2.4,,B,,0.0,4.0,True,10.013808781835356,20.013254442935256,2.000252031756001,69.015597,59.95912000000001,,True,0.0,0.0,,main,0.002021370048169,0.0,0.0,0.0,0.0,0.0,0.0,0.0010941296000964,7.732903623580937,0.0,0.0020193298286296,0.0,0.0,0.0,0.0,0.0,0.0,0.0010935314765488,2.167097917481651,0.0,0.0
ecf120e7-69cb-40b5-b70b-e7fb4ac51660,ok,17760256.0,v1.14-1.15,0.0,0.0,0.0,True,0.0315763177616787,0.6788560000000006,0.49701030254364,4.0,actuator_motors,none,9845031,5557583,4.2,,C,,0.0,4.0,True,9.972722453637022,205.2969735223584,2.000162959222718,74.110002,70.325905,,True,0.0,0.0062336810899755,vehicle_attitude,main,0.0008770034648478,0.0,0.0,0.0,0.0,0.0,0.0,0.7183762550354003,0.2259073793888091,0.0021078667603433,0.000876619122006,0.0,0.0,0.0,0.0,0.0,0.0,0.5413798071709467,0.2036812876690185,0.0021056483260991,0.02988744916296226
246b64b2-7c57-46fa-9503-1cb6ce5f8aee,ok,17695743.0,v1.14-1.15,0.0398230088495575,0.0,0.0843806104129264,True,0.060320452403393,3.401404999999997,0.4763925969600677,4.0,actuator_motors,none,4533988,3145505,3.7,,C,,0.0,4.0,True,10.009424881669606,20.00902547399956,1.999994316758231,110.814791,106.061115,,True,0.0,0.0,,main,0.0018078702967613,0.0018082478141877,0.0,0.0145077153574675,0.0,0.0013149180827895,0.0120556301437317,0.2295901693403716,0.3251952081918716,0.0,0.001806238066201,0.0018066149022855,0.0,0.0144034853385669,0.0,0.001314054335096,0.0119835398522099,0.2066809182040848,0.2815597755238996,0.0,0.05750224618149147
066cbcb5-0eb3-4dab-93b2-a6ea40654ffb,ok,17630207.0,v1.12-1.13,0.0,0.0,0.0,True,0.0,0.0,0.372,6.0,actuator_outputs,per_channel,11804855,5569443,4.8,,A,,,,False,10.009912305690678,199.35117734495208,1.9999508554789784,99.898005,93.492134,True,True,0.0,0.0,,main,0.0011917518975678,0.0008828482270473,0.0,0.0,0.0,0.0,0.0,0.0139774850104004,0.0,0.0,0.0011910423249754,0.0008824587457696,0.0,0.0,0.0,0.0,0.0,0.013880700790721,0.0,0.0,0.0
428891ce-3265-430e-b3d2-f4ff7af464d7,ok,17891583.0,v1.16+,0.0,0.0,0.0,True,0.5908319185059423,8.000539,0.9999999403953552,4.0,actuator_motors,none,2843689,2316053,2.6,,B,,0.0,4.0,True,10.015475990296189,20.015162604731696,1.99970207664384,62.161771,58.83012299999997,,True,0.0,0.0,,main,0.0084344618022441,0.000344951468287,0.0003648466197773,0.0078415759839117,0.0040348160080611,0.0008947533438913,0.0043789724819362,0.0159498520195484,0.0070462972857058,0.0,0.0083990904821592,0.0003448919862078,0.0003647800794335,0.0078109906145722,0.0040266979671594,0.0008943532907329,0.0043694126798505,0.0158239896896557,0.0070215881370895,0.0,0.5550239234449761
937093cf-2302-439f-af98-481fb6439fa9,ok,17891392.0,v1.16+,0.0,0.0,0.0,True,0.0,0.0,0.1973824858194457,4.0,actuator_motors,none,27642880,9486800,6.7,,A,,0.0,4.0,True,10.007111396886332,204.7214801256251,1.9999732138419,133.510349,131.56222699999992,,True,0.0,0.0005920654804129,vehicle_attitude,main,2.065093398094177,0.0180808345787226,1.776365433318944,0.2400983110070213,0.0550751309841868,0.0491454269737004,0.0443768225610255,0.0994026113301515,0.0100441982969641,0.0,1.120078041385294,0.0179193202595158,1.0211426742253178,0.2151906595443874,0.0536119785954395,0.0479759537173792,0.0434203654872675,0.0947669516736845,0.0099940905857604,0.0,0.0
808a070e-2e44-47b2-9be2-b25a6718b2f4,ok,17760256.0,v1.14-1.15,0.0,0.0,0.0,True,0.0,0.0,0.2461489781737327,4.0,actuator_motors,none,7370297,4863976,3.7,,C,,0.0,4.0,True,10.005505123525175,20.00562265180187,2.000034042621482,167.077442,156.209156,,True,0.0,0.0,,main,0.0092484626453369,0.0052306591300293,0.0012593182967975,0.0159041382372378,0.008770793210715,1.812398028373718,0.0018185429275035,0.0091854457743465,2.037466359138489,0.0006232506711967,0.0092059574852861,0.0052170267494558,0.0012585260205933,0.0157789925761451,0.0087325532378721,1.0340375102950192,0.0018168913802837,0.0091435161333568,1.1110237334245925,0.0006230565311582,0.0
2b60937f-fe36-4ba7-9117-52b34d6a82de,ok,17761023.0,v1.14-1.15,0.0,0.0,0.0,True,0.0,0.0,0.1072257429361343,4.0,actuator_motors,none,5247324,3695795,6.3,,B,,0.0,4.0,True,10.00782509360141,20.00739264347876,1.9998703055996192,124.521417,117.01056299999998,,True,0.0,0.0,,main,0.0042300205910578,0.0,0.0,0.0,0.0,0.0,0.0,0.0029769495129585,31.727292442321744,0.0001247565280209,0.0042210992035442,0.0,0.0,0.0,0.0,0.0,0.0,0.0029725271733045,3.4882093610558798,0.0001247487465724,0.0
bb04f892-4318-4770-96dc-14da356aba06,ok,17761280.0,v1.14-1.15,0.0,0.0,0.1298200514138817,True,0.0236000272832685,3.211186999999996,0.225395835761058,4.0,actuator_motors,none,18895500,11460710,10.0,,C,,0.0,4.0,True,10.00618226240386,212.50629843430096,2.0000432783558426,154.979227,154.80017999999993,,True,0.0,0.0,,main,0.0056201433762907,0.0002010774551308,0.0010668842005543,0.0049258507788181,0.0048998547717928,0.0191238299012184,0.0422627739608287,1.2005032896995544,0.0717500671744346,0.0,0.0056044092948407,0.0002010572417689,0.0010663154840727,0.0049137584695534,0.0048878895527066,0.0189432678596859,0.041394093842621,0.7886861022461031,0.0692928891732832,0.0,0.02349904917142081
1bb11f9e-7bc5-46b9-8ff4-e84f4382d0d8,ok,17825920.0,v1.16+,0.0081065431383902,0.0,0.0,True,0.0,0.0,0.0810288712382316,4.0,actuator_motors,none,36909235,21069225,11.0,,B,,0.0,4.0,True,10.00120890787819,20.001049123497747,2.0000027479712554,861.595633,807.5731169999999,,True,0.0,0.0,,main,0.0079390688799321,0.0031309399753808,0.0028966087847948,0.0040731577202677,0.0032991656567901,0.0120471423491835,0.0086990030482411,0.0501144357025622,0.0300258139148354,0.0,0.0079077202824008,0.0031260487894963,0.0028924216971898,0.0040648848701675,0.0032937353501508,0.0119751531292988,0.0086613847250771,0.0488991446142401,0.0295838639807346,0.0,0.0
2236b3c0-896f-453f-9ef8-c4616b3e562a,ok,17760511.0,v1.14-1.15,0.4228187919463087,0.0,0.0,True,0.0,0.0,0.2126393675804137,4.0,actuator_motors,none,2620549,2032209,3.1,,C,,0.0,4.0,True,10.013875433455311,20.014133666980552,2.0000452975776364,72.788764,68.493836,,True,0.0,0.0,,main,0.0028271293267607,0.0143699448090046,0.0045832243049517,0.0047548389993608,0.0064534716075286,0.0166291389614343,0.0082442155107855,0.0125624390784651,0.001337338675512,0.0011447274882812,0.0028231405128056,0.0142676757218714,0.00457275331418,0.0047435704583535,0.0064327371181167,0.0164923887729777,0.0082104175972191,0.0124841863227948,0.0013364452346121,0.0011440727873584,0.0
57325fdd-5090-4286-bf72-7b9a3308d7be,ok,17761535.0,v1.14-1.15,0.0,0.0,0.0,True,0.0,0.0,0.172263440489769,4.0,actuator_motors,none,4590063,3084368,3.9,,A,,0.0,4.0,True,10.008906059723284,20.00889369102337,2.000004464295679,112.116687,110.739888,,True,0.0,0.0,,main,0.0175689850002527,0.0,0.0,0.0,0.0,0.0,0.0,0.0333529956638812,0.0320012409240006,0.0,0.0174164345624436,0.0,0.0,0.0,0.0,0.0,0.0,0.0328088507037801,0.031499869504385,0.0,0.0
8ea36d0e-4220-48d1-aad7-bf22b71ebcc4,ok,17761535.0,v1.14-1.15,0.1745562130177514,0.0,0.0,True,0.0024183796856106,0.1007859999999993,0.3880424678325652,4.0,actuator_motors,none,11367402,7502479,8.0,,C,,0.0,4.0,True,10.00605908716962,20.005739337929143,2.000038580625875,169.360167,165.42261399999998,,True,0.0,0.0,,main,0.0022016640286892,0.0,0.0,0.0,0.0,0.0,0.0,0.0751758359372615,0.0601849041879176,0.0,0.0021992439179711,0.0,0.0,0.0,0.0,0.0,0.0,0.0724842165175196,0.0584433308245818,0.0,0.002354326074161271
5967b380-f747-43af-aa78-72c9bcd60cf0,ok,17695488.0,v1.14-1.15,0.0,0.0,0.0,False,0.0,0.0,0.0833234578371045,4.0,actuator_motors,none,6347904,1733165,9.4,,C,,0.0,4.0,True,10.01412825308532,20.014419023234627,1.999881194557786,64.998443,56.102534000000006,,True,0.0,0.0,,main,0.2703007638454437,0.0,0.0,0.0,0.0,0.0,0.0,4.176636866759508e-05,0.0,0.0,0.2392536943581605,0.0,0.0,0.0,0.0,0.0,0.0,4.176549647710464e-05,0.0,0.0,0.0
7c26fd6f-458b-4e48-9d11-fec781306a1e,ok,17825984.0,v1.16+,0.0,0.0,0.0,True,0.0024066699137609,0.2456449999999996,0.2683122605085373,4.0,actuator_motors,none,17410592,9830938,7.7,,A,,0.0,4.0,True,10.00767194003784,200.47880118721773,2.000006725122215,126.036823,122.16291299999996,,True,0.0,0.0,,main,0.014979674341157,0.0322475623339414,0.0152682732790708,0.0493734104558824,0.0244451995939016,0.0051443343050777,0.0130778696388006,0.0752492446452377,0.01187663548626,0.0,0.0148685870135937,0.0317385242738306,0.015152886219704,0.0481932340953416,0.0241511973627179,0.0051311474231743,0.0129930926367553,0.0725524901892393,0.0118066617412395,0.0,0.0023319730157408177
ee223dc9-6f53-485f-9dca-3a59df928882,ok,17630207.0,v1.12-1.13,0.0,0.0,0.0,True,0.0,0.0,0.2221691776067016,4.0,actuator_motors,none,44405914,17104195,11.7,,B,,0.0,4.0,True,9.907864944073134,19.79570279366944,1.984756300047965,197.860584,190.67549000000017,,True,0.0,0.0105005258320135,sensor_combined,main,0.0,0.000251161957567,0.0,0.0042018788633868,0.0,5.911971311434172e-05,0.0011103117663878,0.0064320994075387,0.0005115089312312,8.579584937251637e-05,0.0,0.0002511304216828,0.0,0.0041930756218828,0.0,5.911796561297654e-05,0.0011096958261601,0.0064115017331565,0.0005113781551313,8.57921691191304e-05,0.0
f40317f3-03a7-4919-98b1-b8dde17d3b93,ok,17826047.0,v1.16+,0.0,0.0,0.0,True,0.0,0.0,0.2544376015663147,4.0,actuator_motors,none,8935635,6191035,5.4,,C,,0.0,4.0,True,10.004994375426678,20.00546193274052,2.0000423011491275,196.638606,189.439911,,True,0.0,0.0,,main,0.0053839737549424,0.0010038711130619,0.0031552203930914,0.003911964863073,0.0077223983826115,0.006308530177921,0.0060431528836488,0.0924427937716243,0.0059699086705222,0.0,0.0053695319811423,0.0010033675714218,0.0031502531310219,0.003904333025706,0.0076927332901164,0.0062887146954661,0.0060249662681466,0.0884162839361997,0.005952159371851,0.0,0.0
9a1afc2b-849e-4d6d-a678-ecda9ac61122,ok,17760511.0,v1.14-1.15,0.0,0.0,0.0,True,0.0041570438799076,1.8031990000000064,0.2469110772013665,4.0,actuator_motors,none,17082517,10518768,5.2,,B,,0.0,4.0,True,10.002245909086556,20.001977983514934,2.000012566289001,438.543132,433.00515,,True,0.0,0.0,,main,0.1118110448122024,0.0009106589714065,0.0026292711030691,0.0038833641447126,0.0028590196743607,0.0139031242579221,0.0094447003677487,0.0292763035744428,0.0038465517573058,0.0,0.1059902576596841,0.00091024457309,0.0026258206166551,0.0038758433505393,0.0028549404508154,0.0138073623977487,0.0094003780407479,0.0288559374010231,0.0038391726936752,0.0,0.004103967168262654
8b084765-595a-44b5-b51d-abf41ac32d94,ok,17694720.0,v1.14-1.15,0.0090560780215952,0.0,0.0,True,0.0,0.0,0.1644738838076591,4.0,actuator_motors,none,4356504,2997696,3.9,,C,,0.0,4.0,True,10.010351088038536,20.010579973579752,1.9998834353654813,98.719224,97.005175,,True,0.0,0.0,,main,0.005264785606414,0.0017210835358127,0.0,0.0147469962015747,0.0,0.0140980908181518,0.0078677086159586,0.0225342564284801,,0.0,0.0052509750744593,0.0017196041687104,0.0,0.0146393165960756,0.0,0.0139996369973703,0.0078369195838418,0.0222841109931599,,0.0,0.0
b06009dc-fe97-436d-8e18-a1052544ff4c,ok,17694720.0,v1.14-1.15,0.0,0.0,0.0,True,0.0193198056587596,1.8454510000000008,0.4042832031846045,4.0,actuator_motors,none,14470298,9018674,4.4,,B,,0.0,4.0,True,10.007516108204236,219.6220274780296,1.9999390701293736,124.931107,122.46422599999998,,True,0.0,0.0,,main,0.0078020425746217,0.0131760488729923,0.0,0.008928870409727,0.0,0.0023969058878719,0.0042999787954613,0.081168597564101,0.1531773321330547,0.0,0.0077717640281548,0.0130899997749689,0.0,0.0088892437525067,0.0,0.0023940378909192,0.0042907603034064,0.0780424909400085,0.142521030096597,0.0,0.019606197907926386
4fc60bed-c636-4fbe-bfbd-a6980689c55e,ok,17694975.0,v1.14-1.15,0.0,0.0,0.0,True,0.0,0.0,0.2253684550523758,4.0,actuator_motors,none,9874517,6344040,7.3,,C,,0.0,4.0,True,10.010196553221894,156.5500638641215,1.9999125144653245,94.23751,88.64150400000001,,True,0.0,0.0,,main,0.0060594863258302,0.0008158875396475,0.0,0.0148519579321145,0.0,0.0037936822045594,0.0048180664889514,0.0089859241619706,0.0101772928610444,0.0,0.0060412014659576,0.000815554884336,0.0,0.0147427476019101,0.0,0.0037865043401881,0.0048064967542234,0.0089457909887055,0.0101258529344488,0.0,0.0
9d5cc891-aa15-4e6c-8345-a870faab47c9,ok,17695488.0,v1.14-1.15,0.242152466367713,0.0,0.0,True,0.0,0.0,0.2154242426156994,4.0,actuator_motors,none,4431300,2888035,2.8,,C,,0.0,4.0,True,10.008694415991071,20.00907220989849,1.9999801083059496,111.560674,107.16068800000004,,True,0.0,0.0,,main,0.0004941828025039,0.0,0.0,0.0,0.0,0.0,0.0,0.0003207388479495,0.0,0.0,0.000494060734397,0.0,0.0,0.0,0.0,0.0,0.0,0.000320687422241,0.0,0.0,0.0
57cc06f6-45b0-457d-bbe7-e2754611c50d,ok,17629951.0,v1.12-1.13,0.0,0.0,0.0,True,0.0388185654008438,4.598218000000003,0.2377505331063633,4.0,actuator_motors,none,5619786,3750286,2.7,,C,,0.0,4.0,True,10.007709081041993,20.007503861883546,2.000002558707727,123.762348,118.438739,,True,0.0,0.0,,main,0.0103587784804403,0.0056857597082853,0.0,0.0510074572637677,0.0,0.0,0.0514635073021053,0.0116404165979474,0.0,0.0,0.0103054939935302,0.005669656785953,0.0,0.0497491872680887,0.0,0.0,0.050183010187098,0.0115731881570734,0.0,0.0,0.037037037037037035
df14c679-3e75-46f5-a495-7ed0285cd9ff,ok,17761535.0,v1.14-1.15,0.0,0.0,0.0,True,0.6221692491060786,12.901248,1.0,4.0,actuator_motors,none,3442244,2454091,2.5,,C,,0.0,4.0,True,10.011633471636346,20.011608590208176,1.999999719298285,85.945675,83.889596,,True,0.0,0.0,,main,0.0005611157073872,0.0,0.0,0.0,0.0,0.0,0.0,0.0011986146739218,0.0006455307098804,0.0,0.0005609583408331,0.0,0.0,0.0,0.0,0.0,0.0,0.0011978969088454,0.0006453224445546,0.0,0.6048667439165701
fc21efd8-a759-457b-b337-4799e3805bae,ok,17760767.0,v1.14-1.15,0.0,0.0,0.0,True,0.1935628073312472,3.5976630000000114,0.8062538852335817,4.0,actuator_motors,none,9362413,6314823,3.3,,A,,0.0,4.0,True,10.004438942471744,20.00399253936778,2.000041390611585,225.445537,223.7161130000001,,True,0.0,0.0,,main,0.0034832571749575,0.0227263286709785,0.0043959798524156,0.0998520735651252,0.0795706659555433,0.0066500248387455,0.0273810233920811,0.1158630438148974,0.1044139198958873,0.0,0.00347720468553,0.022471932774367,0.0043863457568585,0.0951756921841113,0.0765634305768804,0.0066280109648796,0.027012868364662,0.1096281358323606,0.0993148050291001,0.0,0.19210292812777285
eba7d0eb-916a-44a9-b756-f334db92f67a,ok,17695488.0,v1.14-1.15,0.180327868852459,0.0,0.1856823266219239,False,0.1622554660529344,14.098545,0.2930333554744718,4.0,actuator_motors,none,3412455,2320375,2.7,,C,,0.0,4.0,True,10.011499306872029,20.011776532049364,1.9999142409656,88.982014,86.40824500000004,,True,0.0,0.0,,main,0.2175037428736687,1.2457345604896577,0.0,1.120372819900513,0.0,287.7698547363281,1.30842434167862,0.0,,0.0,0.1968026501987683,0.809032666112856,0.0,0.7515919316662758,0.0,5.665630020463687,0.8365651886260664,0.0,,0.0,0.15789473684210525
fbc13322-e9e7-4e3c-b548-cf0ae373d088,ok,17760256.0,v1.14-1.15,0.0,0.0,0.1221532091097308,True,0.1554126473740621,6.401708999999997,1.0,4.0,actuator_motors,none,4618780,3516902,2.8,,B,,0.0,4.0,True,10.009827386860731,20.00918262613576,2.000092608454631,96.05995,93.38369000000004,,True,0.0,0.0,,main,0.0269986696541309,0.0378753714263435,0.0236124705523248,0.0356301553547381,0.0821761518716811,0.0123756820335984,0.0611560687422748,0.3350928783416742,0.2142814874649043,0.0,0.0266406355747261,0.0371757114719372,0.023338008262036,0.0350100871993241,0.0789739692729865,0.0122997292833929,0.0593589447071192,0.2890008612237242,0.1941525335236438,0.0,0.15025906735751296
c39fdbf4-3d18-4331-b66e-358a4b37174c,ok,17761023.0,v1.14-1.15,0.0,0.0,0.0371720116618075,True,0.0071241094863142,1.1014199999999903,0.4424242220818994,4.0,actuator_motors,none,11183968,7269924,3.5,,B,,0.0,4.0,True,9.974630970302272,19.941593425985136,1.9963457255789945,274.659738,267.4793630000001,,True,0.0,0.003271294198466,vehicle_attitude,main,0.0073171772062778,0.0003004028520081,0.0002929883776232,0.0063463842496275,0.0082669278606772,0.0078900123015046,0.005078159365803,0.0398109927773475,0.0060297841206192,0.0,0.0072905365425138,0.0003003577401056,0.0002929454649102,0.0063263307531813,0.0082329439789525,0.0078590489154727,0.0050653090003063,0.0390389589228928,0.006011677721013,0.0,0.006926722566532993
a70d0c52-9590-40c5-a02f-01132949cbe9,ok,17761280.0,v1.14-1.15,0.0,0.0,0.0,True,0.0,0.0,0.1157120019197464,4.0,actuator_motors,none,11188382,7149131,4.2,,B,,0.0,4.0,True,10.003649979422892,20.003737661952684,1.999998075951218,276.855703,271.13113999999985,,True,0.0,0.0,,main,0.0188011176884174,0.0034654427086934,0.0071942184818908,0.0193258584477007,0.0428438136354088,0.0823245029896498,0.0095874103717505,0.0155330140143632,0.0113874663598835,0.0,0.0186265611861844,0.0034594518986594,0.0071684635427752,0.019141485699742,0.0419514175718503,0.0791110458018088,0.0095417428100157,0.0154136116175541,0.0113231172198283,0.0,0.0
7d2194b4-0ec5-4854-bd6e-20447994bc84,ok,17826047.0,v1.16+,0.0,0.0,0.0,True,0.0,0.0,0.1851971000432968,4.0,actuator_motors,none,4265684,3115955,4.1,,C,,0.0,4.0,True,10.010235821460356,20.00942817468121,1.99993518577398,98.252419,94.678574,,True,0.0,0.0,,main,0.0066942789591848,0.0287924941629171,0.0005820137797854,0.0405739381909369,0.0045245697721838,0.0057220747694373,0.039928364008665,0.3228478729724878,0.0629917830228805,0.0,0.0066719717721424,0.0283857787542668,0.0005818444754539,0.0397724245776723,0.0045143646772363,0.0057057658838033,0.0391518300199937,0.2797868921060208,0.0610873693420514,0.0,0.0
a52966eb-418a-4cbb-adfe-089919469b17,ok,17630207.0,v1.12-1.13,0.0,0.0,0.0,True,0.0,0.0,0.2542980790138244,4.0,actuator_motors,none,26752940,14866015,8.3,,C,,0.0,4.0,True,10.004532968080817,203.02288966085564,1.9999722462480247,211.745173,201.86870400000004,,True,0.0,0.0,,main,0.0028718940215185,0.0039404420414939,0.0,0.0056755082914605,0.0,0.0,0.0017521902977023,0.0004048360802698,0.0148311741184442,0.0,0.0028677780124944,0.0039326988341936,0.0,0.0056594632747346,0.0,0.0,0.0017506570031039,0.0004047541562536,0.0147222677414404,0.0,0.0
d7e98ab8-be6d-4d1a-99c8-fd634543e32c,ok,17695743.0,v1.14-1.15,0.0,0.0,0.0,True,0.0361048501544369,0.1887900000000044,0.5954319819808002,4.0,actuator_motors,none,9916522,6057274,5.8,,A,,0.0,4.0,True,10.01201268702892,201.27716221081727,2.000103334818536,86.439183,84.29164500000005,,True,0.0,0.0,,main,0.0066156218294054,0.0016877695044968,0.0,0.0041060555260628,0.0,0.00147071974352,0.0072537157917395,0.3527134656906128,0.5310029387474056,0.0,0.0065938346410543,0.001686346822095,0.0,0.004097648684852,0.0,0.0014696392944667,0.0072275341286699,0.3021125497397502,0.4259230361690706,0.0,0.03504294279695349
e3ae6a64-d90e-4ea7-8fbb-217a0330fd25,ok,17825984.0,v1.16+,0.0,0.0,0.0,True,0.0,0.0,0.0818091452121734,4.0,actuator_motors,none,3275240,2373709,3.5,,A,,0.0,4.0,True,10.012102955318678,20.012275211959853,2.0001426511995977,78.544764,76.846067,,True,0.0,0.0,,main,0.0011513503734022,0.0,0.0,0.0,0.0,0.0,0.0,0.0,0.0,0.0,0.0011506880778684,0.0,0.0,0.0,0.0,0.0,0.0,0.0,0.0,0.0,0.0
41f08da3-d932-44a1-9f37-4291c60fe45d,ok,17825984.0,v1.16+,0.0,0.0,0.0,True,0.0,0.0,0.2227843999862671,4.0,actuator_motors,none,30220294,12783605,19.4,,C,,0.0,4.0,True,125.0,250.0,100.00991276764474,100.392,96.144,,True,0.0,0.0,,main,0.0002602970635052,0.0002527029719203,0.0001139987747592,0.0084998467937111,0.0080869002267718,6.236979643290386e-05,0.0006400735495844,0.3508771955966949,0.4899887144565582,0.0,0.0002602631921021,0.0002526710479023,0.0001139922773926,0.0084639264971065,0.0080543764756939,6.23678515180192e-05,0.0006398687898794,0.3007541559543494,0.398768545738454,0.0,0.0
84ab3c70-17ae-4d62-9d2d-7f7f564f34a5,ok,16777728.0,v1.12-1.13,0.0,0.0,0.0,True,0.0,0.0,0.1847249567508697,4.0,actuator_motors,none,25528654,14200664,17.8,,B,,0.0,4.0,True,10.004757150746194,197.4764337681348,2.000011355908634,192.836653,188.093386,,True,0.0,0.0,,main,0.004026120644994,0.0,0.0,0.0,0.0,0.0,0.0,0.0002366489570704,,0.00564338080585,0.0040180375097914,0.0,0.0,0.0,0.0,0.0,0.0,0.0002366209601228,,0.0056275165896143,0.0
86130876-818d-4e33-91e8-8c680ac93aa2,ok,17891583.0,v1.16+,0.0,0.0,0.0,True,0.1721194879089616,1.8970180000000028,0.8155998840928077,4.0,actuator_motors,none,3147955,2444444,6.6,,B,,0.0,4.0,True,10.014350797584818,20.01376487062429,1.9997287816122813,72.613594,70.36050299999995,,True,0.0,0.0,,main,0.0078642514999955,0.0024438162799924,0.0007082829106366,0.0080948154209181,0.0139788694214075,0.0050082253292202,0.0127515320200473,0.0304607725702226,0.0033438354730606,0.0,0.007833489449249,0.0024408350171052,0.0007080321966731,0.0080622281431155,0.013882066116956,0.0049957258847312,0.012670915832224,0.0300060542193907,0.003338257286791,0.0,0.16530054644808742
49873b0c-6baf-482b-ab65-eccd61431f8c,ok,17891392.0,v1.16+,0.0,0.3045112781954887,0.0,True,0.0041084634346754,0.5,0.0479442119598388,4.0,actuator_motors,none,37547894,15604983,9.2,,B,,0.0,4.0,True,125.0,250.0,100.0077303648732,128.88,121.672,,True,0.0,0.0,,main,0.0002954117080662,0.0001994347403524,7.702478615101427e-05,0.001434054976562,0.0008429492008872,6.647886766586453e-05,0.0003491267561912,0.1854714304208755,0.1215707436203956,0.0,0.000295368082619,0.0001994148558882,7.702181989448933e-05,0.0014330277017192,0.0008425941187396,6.64766580438697e-05,0.0003490658256265,0.1701405270518918,0.1147301524540551,0.0,0.003861003861003861
0472f3ca-c79f-4119-9560-eb99db87de1e,ok,17630207.0,v1.12-1.13,0.0,0.0,0.0,True,0.0,0.0,0.2879328787326812,4.0,actuator_motors,none,180759840,87903639,49.9,,B,,0.0,4.0,True,9.921398862639874,196.23088793145035,1.983975768309508,1309.537901,1301.728519,,True,0.0,0.008221494551139,vehicle_attitude,main,0.0059390668291598,0.0076499123126268,0.0,0.0028882789891213,0.0,0.0,0.0015923187602311,0.0005360736802685,0.0021600555162876,0.0022282665595412,0.0059215000907996,0.0076208001096998,0.0,0.0028841159254948,0.0,0.0,0.0015910523648724,0.0005359300441039,0.0021577259504287,0.0022257876553675,0.0
b6ac4a5c-95ae-4024-b24a-50ebe5567877,ok,17695999.0,v1.14-1.15,0.0,0.0,0.0,True,0.0,0.0,0.383372738957405,4.0,actuator_motors,none,5333793,3459989,3.8,,C,,0.0,4.0,True,9.999246406900845,19.99945233358141,2.000003444845791,140.751854,131.818448,,True,0.0,0.0,,main,0.0098869177978485,0.0247900662012398,0.0,0.0509743072092532,0.0,9063.755126953123,0.0107270401902496,3.636164450645442,1.8562471866607664,0.3293032050132751,0.0098383620085033,0.0244877781510249,0.0,0.0497176455534292,0.0,8.987378698766085,0.0106699136638706,1.5338873973775853,1.049508590683356,0.2846548989419026,0.0
54762be6-1bab-4971-894b-6b4fe24bbe6e,ok,17630207.0,v1.12-1.13,0.0,0.0,0.0,True,0.0,0.0,0.158,6.0,actuator_outputs,per_channel,14093240,7424009,6.2,,A,,,,False,10.007859138596666,173.6351640799504,1.9999250729825728,114.165129,103.96906400000002,True,True,0.0,0.0,,main,0.0006688559311442,0.0002039521321421,0.0,0.00342029761523,0.0,0.0,0.0015182221075519,0.0150942826643586,0.0,0.0,0.0006686323467075,0.0002039313367334,0.0,0.0034144617005989,0.0,0.0,0.0015170707735411,0.0149814975042957,0.0,0.0,0.0
172f6527-5662-492d-b0e9-fff91c8d0a58,ok,17891392.0,v1.16+,0.0,0.3529411764705882,0.0,True,0.007070707070707,0.5,0.0547961622476576,4.0,actuator_motors,none,30861393,12825727,12.0,,B,,0.0,4.0,True,124.99527856468366,249.9905571293673,100.00944287063268,105.78,99.068,,True,0.0,0.0,,main,0.000308847753331,0.0001652425999054,8.414231160713824e-05,0.0011861442413646,0.0011751012993045,6.366679008351639e-05,0.0005634705885313,0.1332995593547821,0.1227422207593917,0.0,0.0003088000696813,0.0001652289488507,8.413877184139826e-05,0.0011854413280667,0.001174411408181,6.366476343945611e-05,0.0005633118985878,0.1251333419406503,0.1157741042236898,0.0,0.006597549481621112
2e5d6a16-aa11-45e0-a9b7-63449a4494a2,ok,17695488.0,v1.14-1.15,0.0,0.0,0.0,True,0.0,0.0,0.1346535772085189,4.0,actuator_motors,none,3427623,2406824,3.8,,C,,0.0,4.0,True,10.010169918272634,20.010364169108232,2.0000046593515144,91.602505,86.50804600000001,,True,0.0,0.0,,main,0.0352270137518644,0.0163515950553119,0.0,0.0305144760757684,0.0,0.0370562642812729,0.0348464220762253,10.322036695480344,11.962759017944336,0.0,0.0346207396248216,0.0162193474172947,0.0,0.0300581688729687,0.0,0.0363861845559425,0.0342530312398529,2.4267509766867943,2.56208055545393,0.0,0.0
d508fa65-290e-44b4-b056-af2ec0139860,ok,17630207.0,v1.12-1.13,0.0,0.0,0.0,True,0.0,0.0,0.1867999999999999,6.0,actuator_outputs,per_channel,2856159,1944965,5.6,,B,,,,False,10.000190003610069,19.99954857505742,1.99993514661172,86.58021,82.53206600000001,True,True,0.0,0.0,,main,0.0018804683408234,0.0009920445940224,0.0,0.0109108951408415,0.0,0.0,0.003269585315138,0.0082862236537039,0.0176016238518059,0.0,0.0018787024736579,0.0009915528429832,0.0,0.0108518007840968,0.0,0.0,0.0032642518434033,0.0082520813798317,0.0174485093687661,0.0,0.0
9624b8cf-5634-44d1-b27f-d33c0f44f042,ok,17826047.0,v1.16+,0.0,0.0,0.0,False,0.0080862533692722,0.2000000000000028,0.2473891615867612,4.0,actuator_motors,none,44155555,18126891,16.1,,B,,0.0,4.0,True,124.9967019339859,249.97361547188729,100.0039576792169,151.444,110.696,,True,0.0,0.0,,main,0.0002902808773797,0.0002224870841018,8.254520071204752e-05,0.0014497452648356,0.0013686526799574,7.039764750516042e-05,0.0005505942972376,0.1688937246799469,0.0326638147234916,0.0,0.0002902387540373,0.0002224623375209,8.25417940444353e-05,0.0014486953987389,0.0013677169285933,7.039516970706004e-05,0.0005504427758128,0.1560577670483914,0.0321416915959862,0.0,0.005928853754940711
259de1b1-1d42-47f5-a2e2-50b8adf93de3,ok,17760384.0,v1.14-1.15,0.1480090157776108,0.0,0.0,True,0.0003228811585611,0.0491319999999859,0.3627297341823578,4.0,actuator_motors,none,56865807,36942741,13.4,,A,,0.0,4.0,True,10.001339684888732,20.001417992520565,2.000014252152269,670.798079,664.5083030000003,,True,0.0,0.0,,main,0.0008392957737669,0.0032337337615899,0.0015669138287194,0.0021354599623009,0.0018370931502431,0.0005769730021711,0.0024803277454338,0.0051808071555569,0.0076847176067531,0.0,0.0008389437620165,0.0032285164890572,0.0015656875001131,0.0021331831085194,0.0018354077584538,0.0005768066172451,0.0024772568094749,0.0051674329470739,0.0076553405712321,0.0,0.00031964283842840524
1570e7f8-e7e3-4361-92f1-7f3092f97562,ok,17825984.0,v1.16+,0.0,0.0,0.0,True,0.0014214641080312,0.1012460000000032,0.6738310933113099,4.0,actuator_motors,none,5271236,3414421,4.1,,C,,0.0,4.0,True,10.006837138985482,20.006840492663216,2.000000013745705,146.358986,140.700054,,True,0.0,0.0,,main,0.001885864790529,0.1410289444029331,0.0237101976759731,0.2005458898842333,0.0155137799680232,0.0,0.0257754931226372,0.1888406395912169,0.0899550255388021,0.0,0.0018840887800514,0.1319304381330627,0.0234334764803477,0.1827763615914328,0.0153946715848601,0.0,0.0254489051852475,0.1729785797867013,0.0861364344162188,0.0,0.001366120218579235
26c1b2ef-9b0d-400c-995b-a71d6d52c366,ok,17499135.0,v1.12-1.13,0.0,0.0627177700348432,0.0,True,0.035264081697782,1.6424920000000045,0.5569620253164558,6.0,actuator_outputs,global,12638034,7461964,4.8,,A,,,,False,9.999854251416082,187.3557448372059,5.007009175461168,140.793587,133.65722699999998,True,True,0.0,0.0010569299314929,vehicle_attitude,main,0.012266352167353,0.0025810858467593,0.0115332547109574,0.0083191147074103,5.709708984795722e-05,0.0,0.0271065073087811,0.0099945442285388,0.0117174440063536,0.0,0.0121917300771087,0.0025777605653472,0.0114672537149542,0.0082847015986555,5.709545987116699e-05,0.0,0.0267456327832028,0.0099449290846565,0.0116493263528352,0.0,0.0
037465af-524b-4985-87e1-a961137907f1,ok,17760384.0,v1.14-1.15,0.0,0.0,0.0,True,0.0,0.0,0.1341891542077064,4.0,actuator_motors,none,6784105,4806784,4.2,,C,,0.0,4.0,True,10.011991464498806,20.01239213952096,1.999718078961025,76.855465,67.52873099999995,,True,0.0,0.0,,main,0.0013730954378843,3.763636559597215e-05,1.880455438367789e-05,0.0022832217859104,0.0011270119517575,0.0004056148522067,0.0039936058688908,0.0047741302521899,0.020112030301243,0.0,0.0013721536043964,3.76356573657346e-05,1.8804377580261573e-05,0.0022806191958226,0.0011263773505451,0.0004055326127401,0.0039856525927742,0.0047627702341466,0.0199124548935779,0.0,0.0
2e18b989-5b72-4484-9841-b55a00e1d362,ok,17630207.0,v1.12-1.13,0.1338582677165354,0.0,0.0,True,0.0,0.0,0.258,6.0,actuator_outputs,per_channel,2464879,1736959,4.1,,C,,,,False,10.014599585603428,20.014998031071773,1.9998078279906248,63.44498,58.15969199999999,True,True,0.0,0.0,,main,4.9299401325697545e-06,0.0001102108653867,0.0,0.0,0.0,0.0,0.0,0.0075656944885849,0.0,0.0,4.929927980454838e-06,0.0001102047926154,0.0,0.0,0.0,0.0,0.0,0.0075372181606451,0.0,0.0,0.0
aaff89f1-2e81-49bf-bada-04ad9ae4583b,ok,17629952.0,v1.12-1.13,0.0,0.0,0.0,True,0.0,0.0,0.5516208659857511,4.0,actuator_motors,none,4387826,2901601,4.2,,B,,0.0,4.0,True,10.008703726262375,20.008324048592293,1.999955798211944,108.850746,100.81080200000008,,True,0.0,0.0,,main,0.0005088316072942,0.0054665543604642,0.0,0.0035946176154538,0.0,0.0,0.0010345330403652,0.0119461562018841,0.0,0.0,0.0005087021963889,0.0054516669826391,0.0,0.0035881724182815,0.0,0.0,0.0010339982798459,0.0118753641157131,0.0,0.0,0.0
2abf0f34-5ce2-4ea7-94a2-e0c0772447b7,ok,17760256.0,v1.14-1.15,0.0,0.0,0.0,True,0.0,0.0,0.0898147463798522,4.0,actuator_motors,none,16827680,10528127,10.0,,C,,0.0,4.0,True,10.002237474324442,20.0021161733713,1.9999770915972952,427.372899,422.033776,,True,0.0,0.0,,main,0.0027533896733075,0.0003326068224851,0.000465963591705,0.0060072053689509,0.0066958604846149,0.0022324181860312,0.0039372856728732,0.0227126067504286,0.0178007662296294,0.0,0.0027496060395817,0.0003325515210979,0.0004658550643824,0.005989234046481,0.0066735427795682,0.002229930042915,0.0039295548493014,0.0224585156829912,0.0176441880015802,0.0,0.0
fa37c7d4-3fc8-45e8-9429-3a34453a3b0d,ok,17825792.0,v1.16+,0.0632222977566281,0.0,0.0,True,0.0,0.0,0.1510054290294647,4.0,actuator_motors,none,62904074,34166396,21.2,,B,,0.0,4.0,True,10.001590135420216,135.8680195413027,1.9999765261842524,647.654162,361.90185,,True,0.0,0.0,,main,0.0118624344002455,383560577843.2,9842586340556.8,0.0332083733752369,0.0263865918852388,0.0672336686402551,0.0193526917137205,0.0219365092925727,0.0062927409773692,0.0,0.0117926272382484,26.672763405759596,29.917739631944045,0.0326688865187846,0.0260444709888738,0.0650699442575275,0.0191678098752911,0.0216993658718681,0.0062730243540374,0.0,0.0
48a150b9-202b-464f-93c7-2f9b8c7090db,ok,17761280.0,v1.14-1.15,0.0,0.0,0.056469298245614,True,0.000141698253569,0.0149989999999888,0.153886181116104,4.0,actuator_motors,none,121216048,44439202,27.2,,B,,0.0,4.0,True,10.002768557774266,199.79196218490367,2.0000135021544274,364.259494,355.8464499999998,,True,0.0,0.0,,main,0.129724871367216,0.0004441444412805,0.0002583650843007,0.001612029527314,0.0014960587781388,0.0085225518327206,0.0085128097794949,0.0094914343208074,0.0004042869084514,1.5760293960571188,0.1219741264128131,0.000444045838333,0.00025833171379,0.0016107316023905,0.0014949407971096,0.0084864399198885,0.0084767801455373,0.0094466736637387,0.0004042052065191,0.946249219689853,0.00013836330051817056
715e4596-05a4-47c7-9ed9-21d9c719e613,ok,17694720.0,v1.14-1.15,0.0,0.0,0.0,True,0.0,0.0,0.2366530373692512,4.0,actuator_motors,none,50509119,12840180,9.3,,C,,0.0,4.0,True,10.002941338558465,20.00269168269693,114.73991338794671,282.668281,270.54281599999985,,True,0.0,0.0,,main,0.0022907187230885,0.0,0.0,0.0,0.0,0.0,0.0,0.0036565547343343,,0.0,0.0022880990268497,0.0,0.0,0.0,0.0,0.0,0.0,0.0036498857900342,,0.0,0.0
ca7a60e9-d7ff-4cb8-86f8-e85443924f0f,ok,17826047.0,v1.16+,0.0,0.0,0.0,True,0.0,0.0,0.0762126892805099,4.0,actuator_motors,none,3863100,2777838,3.8,,B,,0.0,4.0,True,10.011363945779337,20.01119323766866,2.0000859452136,85.678344,77.60677399999997,,True,0.0,0.0,,main,0.0254257459193468,0.0055470111547037,0.0129823881201446,0.0091158723924308,0.016459560021758,0.0498927025124429,0.0324291693978011,0.8907515287399287,7.559074497222898,0.0,0.0251078882240417,0.0055316831452966,0.0128988392517822,0.0090745736208419,0.0163255697452054,0.0486879708644863,0.0319144424323849,0.6369743842899325,2.146992064825012,0.0,0.0
ba63a79a-4b80-438a-ac7c-0f58218f3fd5,ok,17826047.0,v1.16+,0.0,0.0,0.0,True,0.0010216243827686,0.0174599999999998,0.3118293419480324,4.0,actuator_motors,none,17558912,9191783,4.3,,C,,0.0,4.0,True,10.015151515151516,199.9394810500038,2.0,65.659566,58.730002,,True,0.0,0.0,,main,0.0070969073101878,0.0012069826654624,0.0009929543681209,0.0117276816628873,0.0276756652630865,0.0030233318917453,0.0083548299968242,0.0447687285020946,0.0405596187338232,0.0,0.0070718427807287,0.0012062548474686,0.0009924617150267,0.0116594453883395,0.0272996165353094,0.0030187708146689,0.0083201215925632,0.0437955484853758,0.0397586633684829,0.0,0.0009080933822694767
96addca8-97cc-4ed2-82c6-34b482a2f4c0,ok,17825984.0,v1.16+,0.0,1.0,0.0,False,0.0,0.0,0.2862427875399589,4.0,actuator_motors,none,5404153,3718785,2.8,,B,,0.0,4.0,True,10.00748026469335,20.007111381099023,2.000054264245987,137.664988,136.183654,,True,0.0,0.0,,main,0.0147948237136006,267675897.6000001,1579119436.800001,1.6790432333946244,1.0769447684288034,2834.8556884765653,0.0513180054724216,10.921064758300782,21.16532573699952,0.0,0.0146864479353419,19.405287473059104,21.180133210777868,0.9854597283175222,0.7308979525465663,7.95009900077076,0.0500446203172689,2.478306983008735,3.0985291640962283,0.0,0.0
2429efe0-6ae5-4b9e-8449-935de97f4b96,ok,17695999.0,v1.14-1.15,0.0,0.0326340326340326,0.0,True,0.000465835925932,0.081167999999991,0.1735636621713637,4.0,actuator_motors,none,23548651,14916067,5.4,,C,,0.0,4.0,True,9.91227767830929,197.9787269557521,1.967684541257768,216.844471,212.5077,,True,0.0,0.0100182974086459,vehicle_attitude,main,0.0438716564327478,0.0005198855069465,0.0,0.0013234542682766,0.0,0.2970268353819847,0.6363892316818236,0.0020846309373155,0.0,0.0,0.0429365474519969,0.0005197504132964,0.0,0.0013225792746008,0.0,0.2600745954687493,0.4924921265588025,0.0020824611092469,0.0,0.0,0.00045577367581469547
a37f4132-36b9-4bd6-b015-26b4166a1110,ok,17695488.0,v1.14-1.15,0.148314606741573,0.0,0.0,True,0.007572172266919,0.3984850000000222,0.3702722609043121,4.0,actuator_motors,none,10467799,5817302,3.9,,C,,0.0,4.0,True,10.004637947361967,20.004630879025434,2.000013780980738,214.810726,211.28113899999988,,True,0.0,0.0,,main,0.0052639671368524,0.0350043807178735,0.0,0.1755535945296284,0.0,0.0151136994827538,0.0822859629988669,5.285929918289185,5.881352138519276,0.0,0.0052501608910655,0.0344056592860306,0.0,0.1617391809230393,0.0,0.0150006254149004,0.0790754366320367,1.8383137894569088,1.9288151643969385,0.0,0.007434944237918215
e89c5cd4-9c20-4837-8bef-b2d155944bb9,ok,17630207.0,v1.12-1.13,0.0,0.0,0.0,True,0.0,0.0,0.2542980790138244,4.0,actuator_motors,none,26752940,14866015,9.2,,C,,0.0,4.0,True,10.004532968080817,203.02288966085564,1.9999722462480247,211.745173,201.86870400000004,,True,0.0,0.0,,main,0.0028718940215185,0.0039404420414939,0.0,0.0056755082914605,0.0,0.0,0.0017521902977023,0.0004048360802698,0.0148311741184442,0.0,0.0028677780124944,0.0039326988341936,0.0,0.0056594632747346,0.0,0.0,0.0017506570031039,0.0004047541562536,0.0147222677414404,0.0,0.0
b101f9ec-0662-43ab-b591-ff51d2a9c501,ok,17695488.0,v1.14-1.15,0.0,0.0,0.0,True,0.0,0.0,0.0855793356895446,4.0,actuator_motors,none,5189500,3305924,5.5,,B,,0.0,4.0,True,10.006509798083838,20.005890472500045,1.9999137511598648,147.639698,140.90798099999995,,True,0.0,0.0,,main,0.3820793479681014,0.0,0.0,0.0,0.0,0.0,0.0,0.0001055974702467,0.0,0.0,0.3235891390142873,0.0,0.0,0.0,0.0,0.0,0.0,0.0001055918952263,0.0,0.0,0.0
e27bd9cd-34a4-4ad4-b3d4-460bb537c301,ok,17694720.0,v1.14-1.15,0.0,0.0,0.0,True,0.0072855597928168,0.2700089999999981,0.3072168946266173,4.0,actuator_motors,none,10765840,4756506,5.9,,B,,0.0,4.0,True,10.015547115124296,199.93774775093348,99.96889010421933,63.974626,61.52000899999998,,True,0.0,0.0,,main,0.012313618324697,0.0,0.0,0.0,0.0,0.0,0.0,0.5020519495010376,0.1644769012928009,0.0,0.0122384223866657,0.0,0.0,0.0,0.0,0.0,0.0,0.4068321396286757,0.1522719744158593,0.0,0.0069659863945578234
befd38b2-da32-49e8-acb6-50aac35bca0f,ok,17630207.0,v1.12-1.13,0.0,0.0,0.0,True,0.0061728395061728,0.597741000000001,0.243392689526081,4.0,actuator_motors,none,5104939,3550748,6.0,,C,,0.0,4.0,True,10.00984567267599,20.00981489585953,1.9999715366369712,103.832615,97.220118,,True,0.0,0.0,,main,0.0130452640820294,0.0041987981880083,0.0,0.0120055487379431,0.0,0.0,0.0149511080700904,0.0015656788076739,0.0082085533067583,0.0,0.0129609074687057,0.0041900078322592,0.0,0.011934053792874,0.0,0.0,0.0148404419444948,0.0015644544104514,0.0081750463704962,0.0,0.005752636625119847
204a11c9-0384-4cac-a639-dc086d67ff7f,ok,17891583.0,v1.16+,0.0,0.0929577464788732,0.0,True,0.0,0.0,0.0924870669841766,4.0,actuator_motors,none,49250717,20174841,9.6,,C,,0.0,4.0,True,125.0,250.00000000000003,100.0035156799325,170.52,102.768,,True,0.0,0.0,,main,0.0003815767122432,0.0004503805335843,0.0002241990878246,0.0081181693822145,0.007125062867999,6.615061283810064e-05,0.000442213990027,0.8929749727249146,0.2429921180009842,0.0,0.0003815039303635,0.0004502791427136,0.0002241739589649,0.0080853943080727,0.0070997995384544,6.614842498279599e-05,0.0004421162422364,0.6381496511809475,0.2175214713990437,0.0,0.0
90ccef8d-ee57-43ed-87d4-8da265760066,ok,17760767.0,v1.14-1.15,0.0,0.0,0.0,True,0.0123915737298636,1.0011200000000002,0.3007059216499328,4.0,actuator_motors,none,3756765,2836550,2.5,,C,,0.0,4.0,True,10.010617307799064,20.011227363574267,2.000040746592837,88.823833,80.65171900000003,,True,0.0,0.0,,main,0.002110928017646,0.0003036736874491,0.0002443190227495,0.0070866868598386,0.0065291262930259,0.0051620499696582,0.0020768936374224,0.1235364470630884,0.0933237507939341,0.0,0.0021087031395862,0.0003036275879274,0.0002442891817174,0.007061694301336,0.0065079038737676,0.0051487722635664,0.002074739875406,0.1164812527606638,0.0892223691717908,0.0,0.011185682326621925
670a6e48-afe7-4ecb-9544-2a81aca3dd11,ok,16777984.0,v1.12-1.13,0.0,0.0,0.0,True,0.0,0.0,0.2630667373538017,4.0,actuator_motors,none,5152781,3580863,3.7,,C,,0.0,4.0,True,10.00947007611629,20.00947197077333,2.0000032381004806,105.204426,101.16004699999998,,True,0.0,0.0,,main,0.0025406117783859,0.0008141508733388,0.0003359925176482,0.0031214418122544,0.0027330747107043,0.0620992612093687,0.2192498296499252,0.1026822589337825,0.025374068878591,0.0098753054626286,0.0025373898801895,0.0008138196322911,0.0003359360848025,0.003116580226904,0.0027293466531788,0.0602473847508853,0.1982357758909146,0.0977456289016262,0.0250574912614578,0.0098268632933711,0.0
e4393126-e1a4-400a-81ce-c7ea69bd4e88,ok,17826559.0,v1.16+,0.0,0.0,0.0,True,0.104091888011486,0.6007999999999996,0.680492764338851,4.0,actuator_motors,none,11748800,7587308,3.5,,A,,0.0,4.0,True,10.003357068741671,20.00332614728369,1.999975516707319,289.858054,278.576404,,True,0.0,0.0,,main,0.0019890534458681,0.0016125701018609,0.0045180036919191,0.0173083454370498,0.0201446952298283,0.0040776476263999,0.007505574892275,0.0142340231221169,0.0040393939008936,0.0,0.0019870778982755,0.0016112713067721,0.0045078281504833,0.0171602623001361,0.0199444753037345,0.004069356552394,0.007477548215228,0.0141336705742528,0.0040312574528696,0.0,0.09986225895316804
4fe1ea00-26d4-4829-8e5a-07192fd8a859,ok,17564416.0,v1.12-1.13,0.0,0.0,0.0,True,0.0,0.0,0.2884210526315789,4.0,actuator_outputs,bus,11136627,6082583,5.3,,A,,,,False,10.010458909512678,198.06574231872472,2.011192657919859,88.802416,85.45173499999999,True,True,0.0,0.0,,main,9.270222562918208e-07,0.00241683810018,0.0,0.0148289131466299,0.0,0.0017456389497965,0.0098823640961199,0.0005409618228441,0.0,0.0082500365562736,9.270218266069544e-07,0.002413922244135,0.0,0.0147200398099474,0.0,0.0017441170929426,0.0098338528779115,0.0005408155557447,0.0,0.0082161910284919,0.0
412fe507-7b99-4516-9a59-7181383e2595,ok,17629952.0,v1.12-1.13,0.0,0.0,0.0,True,0.5714285714285714,17.899242,0.5362590327858925,4.0,actuator_motors,none,2594892,1909961,1.8,,B,,0.0,4.0,True,10.017402856276856,20.01713236825925,1.9997553357190911,60.565199,51.222038000000005,,True,0.0,0.0,,main,9.876335838043816e-08,0.0108341613784432,0.0,0.0080490044318139,0.0,0.0486463593319058,0.0349617885425686,0.0060871921246871,0.0,0.0,9.8763353503338e-08,0.0107758923383829,0.0,0.0080167839752332,0.0,0.0475001508712933,0.0343645067532564,0.0060687400138729,0.0,0.0,0.4779050736497545
8f498d8e-2331-4c0c-bf1e-e454eac4f1e1,ok,17695744.0,v1.14-1.15,0.0,0.0,0.0,True,0.097945205479452,4.50057000000001,0.5085779935121535,4.0,actuator_motors,none,12209565,7805736,5.6,,C,,0.0,4.0,True,9.952717315207268,19.90545381132837,1.986490063510824,296.415143,293.499111,,True,0.0,0.0049054568235513,sensor_combined,main,0.0066600599326193,0.0108257198706269,0.0,0.0315249718725681,0.0,0.0280123151838779,0.0146609352901578,0.0634942784905433,0.3109356984496116,0.0,0.0066379797162903,0.0107675412721183,0.0,0.03103826251637,0.0,0.0276271467120707,0.0145545027839947,0.061559975757029,0.2707411558667177,0.0,0.09678510998307953
db32977c-4181-453b-9444-6eb2ccb59067,ok,17630207.0,v1.12-1.13,0.0,0.0,0.0,True,0.0,0.0,0.50175,6.0,actuator_outputs,per_channel,2730118,2049509,3.4,,B,,,,False,10.013527792009407,20.013303476651178,2.000095516011818,65.741829,54.543039,True,True,0.0,0.0,,main,0.0037996616330929,0.0005747379007516,0.0,0.0091400359291583,0.0,0.0,0.0013608305598609,0.0156766696833074,0.0503406882286069,0.0,0.003792461152659,0.0005745728021802,0.0,0.0090985185889989,0.0,0.0,0.0013599054691206,0.0155550600069909,0.0491145765216796,0.0,0.0
8b09231c-5f7b-4e06-881c-684edb44d186,ok,17761280.0,v1.14-1.15,0.0,0.0,0.0,True,0.0,0.0,0.2268947482109069,4.0,actuator_motors,none,63811694,33424306,20.8,,B,,0.0,4.0,True,10.000650925995584,20.00059720356065,1.9999903242629544,1499.27774,1496.459203999999,,True,0.0,0.0,,main,0.0091080186888575,0.0026390018872916,0.0036288902861997,0.0014752874965779,0.0019793235696852,0.0053922208957374,0.0006805294193327,0.0073427614755928,0.0708928041160106,0.0,0.0090667908336021,0.0026355258360052,0.0036223217500468,0.0014742003291041,0.0019773672897704,0.0053777349236846,0.0006802979641894,0.0073159346445212,0.0684926969287862,0.0,0.0
211b5b5c-f9e4-4753-9ae9-0c75096b131d,ok,17761535.0,v1.14-1.15,0.0,0.0,0.0,True,8.683227950521388e-05,0.0120060000000421,0.384665846824646,4.0,actuator_motors,none,50090522,31573429,16.6,,B,,0.0,4.0,True,10.002129578359424,207.4198689688409,1.999991612235613,459.423613,454.052335,,True,0.0,0.0,,main,0.0014594705309718,0.0009127786790486,0.000667424761923,0.0119559715501963,0.0078742417506873,0.0034759113332256,0.0041948861442506,0.0075929335318505,0.015816918388009,0.0,0.0014584065389739,0.0009123623499151,0.0006672021330697,0.0118850635455202,0.0078434016980108,0.0034698843156418,0.004186112138115,0.0075642523036535,0.015693134481602,0.0,8.582150686962153e-05
95808b3b-20fd-49db-9982-90da109baf45,ok,17695488.0,v1.14-1.15,0.0,0.0,0.0,True,0.0368,0.3990610000000032,0.7941611524956403,4.0,actuator_motors,none,2444858,1786785,2.2,,C,,0.0,4.0,True,10.015172157496098,20.01435525868833,2.0000823973339146,66.326187,62.51752599999999,,True,0.0,0.0,,main,0.0206443801522254,0.0,0.0,0.0,0.0,0.0,0.0,0.0259224716573953,0.0,0.0,0.0204341730764345,0.0,0.0,0.0,0.0,0.0,0.0,0.0255921802067493,0.0,0.0,0.03453453453453453
8c1ed65e-4ba0-48c4-a68e-16b682fef439,ok,17826240.0,v1.16+,0.0,0.0,0.0,True,0.0,0.0,0.1860832393169403,4.0,actuator_motors,none,4273168,3050165,2.7,,B,,0.0,4.0,True,10.009292883475853,20.009005293991216,2.000008538497992,104.283736,102.88306699999995,,True,0.0,0.0,,main,0.0101909302175045,0.0164127018302679,0.0306444853544234,0.0216013148427009,0.0201184067875146,0.0652355179190635,0.0276910152286291,0.0096342047676444,0.0042541250586509,0.0,0.0101393528067043,0.0162794692671993,0.0301843205005338,0.0213713127779453,0.0199187056446261,0.0631959182987251,0.0273145530093591,0.0095880917551255,0.0042451018501635,0.0,0.0
7eeefab7-d18d-4247-9433-b418d0d2d582,ok,17564928.0,v1.12-1.13,0.0,0.0,0.0,True,0.0,0.0,0.3717647058823529,6.0,actuator_outputs,bus,4148011,3096774,3.1,,B,,,,False,100.0044796232657,20.01475377667114,2.0154470012210224,64.690598,59.851591000000006,True,True,0.0,0.0,,main,2.455243702570442e-05,0.0006521616363897,0.0,0.0190545538440346,0.0,0.0002682864796952,0.0049892494222149,0.0016270208638161,0.0025675977347418,0.0,2.4552135619555965e-05,0.0006519490714025,0.0,0.0188752894552803,0.0,0.0002682504973131,0.0049768443615012,0.0016256986993023,0.0025643070871806,0.0,0.0
e4bd9b02-fdf2-4b8a-a273-c627312e09f5,ok,17891328.0,v1.16+,0.0,0.0,0.0,True,0.0,0.0,0.1060984030365943,4.0,actuator_motors,none,8958034,5255524,8.9,,C,,0.0,4.0,True,9.874203897540742,195.01874061119585,1.971726789874428,71.454603,69.63874700000001,,True,0.0,0.0135977600728538,vehicle_attitude,main,0.033478993922472,0.0,0.0,0.0,0.0,0.0,0.0,6.515429496765137,1.6038157939910889,0.0,0.0329307747492581,0.0,0.0,0.0,0.0,0.0,0.0,2.016958173503317,0.9569779822093984,0.0,0.0
4f31f221-6668-4b2c-ac13-90b40618645d,ok,17630207.0,v1.12-1.13,0.0,0.0,0.0,True,0.0,0.0,0.21,6.0,actuator_outputs,per_channel,16363950,9963026,9.3,,B,,,,False,9.996189721079428,19.992214879230488,1.99999383531312,510.272989,506.6351009999997,True,True,0.0,0.0005204131687201,sensor_combined,main,0.0101376520469784,0.0028421396855264,0.0,0.0147154694423079,0.0,0.0,0.1144242882728576,0.0142716066911816,0.0204022862017154,0.0,0.010086610722069,0.0028381084429603,0.0,0.0146082475225618,0.0,0.0,0.1083379381785242,0.0141707259992087,0.0201969477786144,0.0,0.0
569218ac-3d50-4490-a5e6-84decd6e53de,ok,17761280.0,v1.14-1.15,0.0,0.0,0.0,True,0.0,0.0,0.2952468216419218,4.0,actuator_motors,none,36256831,23082175,11.8,,B,,0.0,4.0,True,10.000989209333364,20.000971598835708,2.00000097644158,997.954631,993.188728,,True,0.0,0.0,,main,0.0110195234883576,0.0030116404523141,0.0054600633447989,0.0028277906239964,0.0038410118431784,0.0021831234917044,0.0028898369055241,0.1082348600029945,0.0570817058905959,0.0,0.0109592509185028,0.0030071145478614,0.0054452112367076,0.0028237999455217,0.003833653992232,0.0021807439402215,0.0028856693539528,0.102768533374881,0.0555120037025131,0.0,0.0
9e845f2c-8088-4d02-9595-f11b63733a4f,ok,17694720.0,v1.14-1.15,0.0,0.1107784431137724,0.0,True,0.000684462696783,0.1011659999999996,0.3200475126504898,4.0,actuator_motors,none,5521666,3640877,3.8,,C,,0.0,4.0,True,9.999786470242723,19.999578335276908,2.0000806077502817,155.839209,146.052925,,True,0.0,0.0,,main,0.0019462020311038,0.0008874980761902,0.0,0.0051776071544736,0.0,0.0006677737866993,0.0041398034198209,0.0200173491612076,0.0158989863004535,0.0,0.001944310633561,0.000887104482631,0.0,0.005164249434064,0.0,0.0006675509249928,0.0041312580097371,0.0198196361331047,0.0157739212808782,0.0,0.000641025641025641
c8c04e11-6aad-4925-99d8-54731290dbdc,ok,17761535.0,v1.14-1.15,0.0,0.0,0.0,True,0.0,0.0,0.3154051654040807,4.0,actuator_motors,none,2626640,1937722,2.6,,B,,0.0,4.0,True,10.01462534702267,20.014506822005256,1.9998609350433376,67.24777,67.04216199999999,,True,0.0,0.0,,main,0.0012976733269169,0.0,0.0,0.0,0.0,0.0,0.0,0.1296274743974208,0.1207651477307081,0.0,0.0012968320765853,0.0,0.0,0.0,0.0,0.0,0.0,0.1218879096967368,0.1140116196709383,0.0,0.0
2bf360a4-af92-4bcb-a01b-e528276a1915,ok,17825984.0,v1.16+,0.0,0.0,0.0,True,0.0,0.0,0.22829130589962,4.0,actuator_motors,none,2405296,1668412,2.4,,C,,0.0,4.0,True,10.01459953173487,20.01325845480132,2.00022734435831,67.98177,65.379494,,True,0.0,0.0,,main,0.0,0.0,0.0,0.0,0.0,0.0,0.0,0.0,0.0,0.7876434177160263,0.0,0.0,0.0,0.0,0.0,0.0,0.0,0.0,0.0,0.5808982260547629,0.0
94f171d2-9ebb-4554-9b04-25c3b815fb05,ok,17564416.0,v1.12-1.13,0.0,0.0,0.0,True,0.0,0.0,0.4857142857142857,6.0,actuator_outputs,bus,2752794,1860505,2.4,,B,,,,False,10.012549876540376,20.011501732642188,2.0123671989496525,81.675921,78.14944699999998,True,True,0.0,0.0,,main,1.372691895085154e-05,46.04699554443353,0.0,4.775737667083738,0.0,0.0556574054062364,0.2008420556783675,0.3356946527957915,0.6799266815185542,0.0,1.3726824737561768e-05,3.851147007338556,0.0,1.7536659828104475,0.0,0.0541637059477035,0.1830230237737621,0.2894514956956057,0.5187501505095883,0.0,0.0
44b6a14d-9a49-4046-9a60-e161e645d4f4,ok,17695743.0,v1.14-1.15,0.0,0.0,0.0,True,0.3906810035842294,1.0982509999999976,1.0,4.0,actuator_motors,none,2660768,2222218,2.4,,C,,0.0,4.0,True,10.01574397909329,20.015480778589684,2.00007619802491,61.933431,55.746783000000015,,True,0.0,0.0,,main,0.0003514325697324,0.0003763561253435,0.0,0.0053059462457895,0.0,0.0002144957106793,0.0005112745042424,0.0014959855179768,,0.0,0.0003513708317709,0.0003762853211414,0.0,0.0052919193085806,0.0,0.0002144727097633,0.0005111438479653,0.0014948676463827,,0.0,0.3488
d7b9c31a-dc2e-46a7-90a0-f5783d874b7e,ok,17761279.0,v1.14-1.15,0.0,0.0,0.0,True,0.0,0.0,0.0866677895188331,4.0,actuator_motors,none,2401922,1606720,4.5,,A,,0.0,4.0,True,10.01480649470231,20.014575337756057,1.999835771062437,66.488851,58.684659,,True,0.0,0.0,,main,0.0081942245364189,0.0,0.0,0.0,0.0,0.0,0.0,0.0001152371070929,0.0,0.0,0.0081608341600221,0.0,0.0,0.0,0.0,0.0,0.0,0.0001152304678075,0.0,0.0,0.0
09e0a83a-14c4-4bae-be0b-3d0f98985f80,ok,17761023.0,v1.14-1.15,0.0209551656920077,0.0,0.0,True,0.0002931978107896,0.1022219999999833,0.3973357588052746,4.0,actuator_motors,none,36795290,22476484,8.8,,B,,0.0,4.0,True,10.000957807960171,20.0009247269134,2.000007998087405,1028.569332,1023.2224740000008,,True,0.0,0.0,,main,0.0058209405047818,0.0021053527481853,0.0048074752790853,0.0042191918939352,0.0053137032315134,0.0053802216192707,0.0036232930026017,0.0253959008492529,0.013286525895819,0.0,0.0058040642892298,0.0021031395988504,0.004795956273277,0.004210316060953,0.0052996353236171,0.0053657999317252,0.0036167446893818,0.0250787827480555,0.0131990341329795,0.0,0.0002915168593917015
7ffda1ed-cec1-455c-9c9f-c974bfeca607,ok,17760256.0,v1.14-1.15,0.0,0.0,0.0,False,0.0007356547327121,0.0711309999999993,0.3112511351704597,4.0,actuator_motors,none,27070449,8985695,5.2,,A,,0.0,4.0,True,10.010374030576092,167.02407623813806,1.999884067634252,99.329321,97.62997700000004,,True,0.0,0.0,,main,0.0030076348222792,0.0,0.0,0.0,0.0,0.0,0.0,0.4910920813679672,0.2636804431676861,0.0028290128451771,0.0030031209371476,0.0,0.0,0.0,0.0,0.0,0.0,0.399508792003056,0.2340284498122164,0.0028250187195199,0.000726832222895215
0dd04417-8ad5-4e1b-ba2b-503e8532c347,ok,17630207.0,v1.12-1.13,1.0,0.0,0.0,True,0.0,0.0,0.156,6.0,actuator_outputs,per_channel,4500922,2885185,2.6,,B,,,,False,10.008086925112767,20.008044096914865,1.99997529538713,122.48173,113.95569100000002,True,True,0.0,0.0,,main,0.0010689767077565,0.0012516714865341,0.0,0.0,0.0,0.0,0.0,0.1536570429801939,0.0,0.0,0.0010684057590066,0.0012508887988228,0.0,0.0,0.0,0.0,0.0,0.1429369341244105,0.0,0.0,0.0
3e7cb48e-b2fa-4d31-89ed-52cff9ed18ab,ok,17826047.0,v1.16+,0.0,0.0,0.0,True,0.0,0.0,0.2406541898846626,4.0,actuator_motors,none,3648503,2772925,2.6,,C,,0.0,4.0,True,10.011844782519628,20.0118435990892,1.999999500000125,83.988804,77.79999400000004,,True,0.0,0.0,,main,0.0053860326297581,0.0011996754677966,0.0084534650668501,0.0171721119433641,0.0260351609438657,0.0606566347181797,0.0142829986289143,0.2926489531993866,0.0180814925581216,0.0,0.0053715798282946,0.001198956432198,0.0084179346274917,0.0170263376970315,0.0257020160871723,0.058888183048935,0.0141819575802595,0.2566935650151827,0.0179199665531734,0.0,0.0
21d8dcd8-5a23-49c8-b9cb-e76aa0af7d40,ok,17891583.0,v1.16+,0.0,0.0,0.0,True,0.0169230769230769,2.2017979999999966,0.1531059801578521,4.0,actuator_motors,none,6453134,4716343,3.2,,A,,0.0,4.0,True,10.006797327094535,20.007657422583808,1.999874280965865,135.371465,129.973268,,True,0.0,0.0,,main,0.0026114365435205,0.001406293537002,0.0002808680423186,0.0154114447534084,0.0081170249963179,0.0036063622450456,0.0157088619191199,0.4772080779075621,0.2088918074965475,0.0,0.0026080326678258,0.0014053056323267,0.000280828606274,0.0152938946449159,0.0080842591370373,0.0035998749131584,0.0155867548628559,0.3901538723725746,0.1897040783780862,0.0,0.016188373804267846
1a7b7730-7618-4546-8df1-38746041e0ab,ok,17630207.0,v1.12-1.13,0.0,0.0,0.0494186046511627,True,0.0,0.0,0.196,6.0,actuator_outputs,per_channel,6644452,4177844,3.1,,B,,,,False,10.000386006174343,19.99550656129159,2.000003133824862,205.721174,203.56711900000008,True,True,0.0,0.0002621332043382,sensor_combined,main,0.0090038108639419,0.0060718277003616,0.0,0.0249878196045756,0.0,0.0,0.0501620132476091,0.0093775626271963,0.0307846053503453,0.0,0.0089635182364326,0.0060534684332728,0.0,0.0246807292071552,0.0,0.0,0.0489444505977251,0.0093338662513668,0.0303202650224866,0.0,0.0
22c181f6-fd7e-43cf-9d98-b1f398c10834,ok,17694975.0,v1.14-1.15,0.0,0.0,0.0,True,0.0319148936170212,0.8014320000000019,0.4007642686367034,4.0,actuator_motors,none,6180265,3870255,15.1,,C,,0.0,4.0,True,10.00190500831332,20.00332899887128,1.9999360020479344,163.297065,159.713188,,True,0.0,0.0,,main,0.0006905874703079,0.0,0.0,0.0,0.0,0.0,0.0,7.163022928580176e-05,,0.0,0.0006903491245069,0.0,0.0,0.0,0.0,0.0,0.0,7.162766396343035e-05,,0.0,0.031154551007941355
0bf714ec-7090-4eb0-b0c4-7b256f4709c8,ok,17760384.0,v1.14-1.15,0.0,0.0,0.0,False,0.0,0.0,0.1623934641480446,4.0,actuator_motors,none,17499715,7415355,17.9,,C,,0.0,4.0,True,10.003595752423006,20.003688381896463,2.0000145150754025,250.984238,248.90883700000003,,True,0.0,0.0,,main,0.013647713791579,0.0111433466896414,0.001328390679555,0.0049839824670925,0.0030563794192858,0.002582169114612,0.0037692320067435,0.0,6.942438340187072,18.81955127716064,0.0135554225076104,0.0110817170197893,0.0013275091492476,0.0049716035403412,0.0030517181869564,0.0025788410438071,0.0037621462514388,0.0,2.072220323856244,2.986668888744478,0.0
6d54d9f5-8b9a-4897-9508-a8b229ed71e4,ok,17630207.0,v1.12-1.13,0.0,0.0,0.0,True,0.0,0.0,0.21085,6.0,actuator_outputs,per_channel,2391309,1696852,2.8,,B,,,,False,10.000619099099476,20.0001532102834,2.00004483433837,71.822196,68.38403600000001,True,True,0.0,0.0,,main,0.0022479155100882,0.0006448858533985,0.0,0.0076905883848667,0.0,0.0,0.0139506762847303,0.006947414856404,0.0292476825416087,0.0,0.0022453927279779,0.0006446780038712,0.0,0.0076611665611568,0.0,0.0,0.0138542612686675,0.0069233927665825,0.028828130066225,0.0,0.0
ec08d6ff-9861-424e-9235-4527ce513211,ok,17825984.0,v1.16+,0.0,0.0,0.0,True,0.002854006586169,1.0002979999999866,0.3841009259223937,4.0,actuator_motors,none,37180528,23471429,16.8,,B,,0.0,4.0,True,10.001188464154856,20.001169329467903,2.0000007956167547,912.88088,911.036724,,True,0.0,0.0,,main,0.0020537903183139,0.0029239505529403,0.0019247578456997,0.003028135979548,0.0029612756916321,0.0072803955990821,0.0058287109714001,0.0,0.0,0.0,0.002051684174204,0.0029196841240504,0.0019229078727703,0.0030235604104291,0.0029568997515526,0.0072540214511663,0.0058117897563484,0.0,0.0,0.0,0.0028477546549835705
304368a4-6121-4970-afe2-6ee442056fac,ok,17563904.0,v1.12-1.13,0.0,0.0,0.0,True,0.0,0.0,0.3188124999999999,6.0,actuator_outputs,bus,3236945,2426644,2.7,,A,,,,False,10.012789534809595,20.01270990623824,2.01256045307571,78.699352,71.96812899999999,True,True,0.0,0.0,,main,8.883949703886174e-06,0.0007240698381792,0.0,0.0145063200499862,0.0,0.0009557841694913,0.004515121364966,0.0670278597623109,0.0,0.0,8.883910241838722e-06,0.0007238078260829,0.0,0.0144021099833875,0.0,0.0009553276986372,0.0045049587832069,0.0648770823464231,0.0,0.0,0.7575757575757576
423efb25-14d5-4769-8d6f-59a8b4be8863,ok,17695743.0,v1.14-1.15,0.0981308411214953,0.0,0.0,True,0.0,0.0,0.1810716688632965,4.0,actuator_motors,none,15213809,8480180,6.1,,A,,0.0,4.0,True,10.00299146511829,20.003033778672226,2.000000017777778,338.374362,333.0956300000001,,True,0.0,0.0,,main,0.046187974512577,5099659.0,0.0,413216.1875,0.0,0.5780348777770996,0.3576851785182953,0.0953189320862293,0.1356686994433401,0.0,0.0451530574442066,15.444684428805566,0.0,3.848940778472605,0.0,0.4561803246997674,0.3057811749542852,0.0910455830390749,0.1272216399504211,0.0,0.0
ee3109fb-5fb7-40f8-95aa-2efa9b58182d,ok,17695743.0,v1.14-1.15,0.0,0.0,0.0,True,0.0155251141552511,1.7010179999999997,0.9126342720040316,4.0,actuator_motors,none,4041500,2533006,4.2,,B,,0.0,4.0,True,10.009182813811002,20.009385397693777,2.000004472737276,110.05492,109.46002199999997,,True,0.0,0.0,,main,0.00049306609435,0.0,0.0,0.0,0.0,0.0,0.0,0.0016142872627824,,0.0,0.0004929445772056,0.0,0.0,0.0,0.0,0.0,0.0,0.0016129857016397,,0.0,0.015370705244122965
91e7772b-2a8d-4dd0-af28-fb3c11f28a42,ok,17694720.0,v1.14-1.15,0.0,0.0,0.0,True,0.0,0.0,0.1467686891555785,4.0,actuator_motors,none,123303475,36839384,32.3,,C,,0.0,4.0,True,10.00168088022664,20.00174688493636,122.49251898413496,618.465347,613.7805290000001,,True,0.0,0.0,,main,0.0001728130737319,0.0,0.0,0.0,0.0,0.0,0.0,0.0008841407834552,0.0,0.0,0.0001727981432727,0.0,0.0,0.0,0.0,0.0,0.0,0.0008837501612191,0.0,0.0,0.0
2a5c48ce-886e-4b74-91a4-886848d2b8fa,ok,17826048.0,v1.16+,0.0,0.0,0.0,True,0.0,0.0,0.2551046088337898,4.0,actuator_motors,none,51721098,31676686,11.8,,B,,0.0,4.0,True,10.002229628416591,184.74227081147208,2.0000118439943315,448.551637,437.19878000000017,,True,0.0,0.0,,main,0.0022154092905111,0.0004379464706289,0.0007643064309377,0.0033251464134082,0.0051332660485059,0.0177884588949382,0.0180400948971509,0.0076840812107548,0.0060352239524945,0.0005501065810676,0.0022129588897752,0.000437850600063,0.0007640144975191,0.0033196303385283,0.0051201357533731,0.0176320958421805,0.0178793033027748,0.0076547090282622,0.006017084933855,0.00054995532791,0.0
b23a6485-9302-413b-b1ff-68db134378aa,ok,17826047.0,v1.16+,0.0,0.0,0.0,True,0.0,0.0,0.7245882152149475,4.0,actuator_motors,none,7020621,4653233,4.4,,B,,0.0,4.0,True,10.017225998091147,222.09582497285564,1.9998704417265505,60.290665,56.88197400000001,,True,0.0,0.0,,main,0.0034136201720684,0.002823339542374,0.000458260969026,0.0072853919118642,0.0058625149540603,0.0046759159304201,0.0067165968939661,0.0442920513451099,1.021925449371338,0.0,0.0034078069962884,0.0028193614052836,0.0004581559995358,0.0072589816394243,0.0058453972824217,0.0046650177948316,0.0066941410521933,0.0433391930074923,0.7040502501714611,0.0,0.0
1aaf93b3-2d6d-4f9f-a1b2-ac618e6bd42a,ok,17761280.0,v1.14-1.15,0.0,0.0,0.0,True,0.0,0.0,0.1032448649406432,4.0,actuator_motors,none,19874174,11948714,9.8,,B,,0.0,4.0,True,10.005122142123804,170.56109453885858,1.9999168620948429,191.459787,187.156408,,True,0.0,0.0,,main,0.0002098149780067,0.0300997860729694,0.0213893081992864,0.0012060315697453,0.001619825058151,0.0071641285903751,0.0034306307788938,0.0,0.0,0.0004629406495951,0.0002097929699225,0.0296556772315056,0.0211637673866113,0.0012053048978724,0.0016185145565395,0.0071385881320155,0.003424759589214,0.0,0.0,0.0004628335256326,0.0
b5b1d2f3-3e7b-49d7-a623-5b832a429d47,ok,17629952.0,v1.12-1.13,0.0573012939001848,0.0,0.0371471025260029,False,0.2457975345536047,27.79927100000004,0.95,6.0,actuator_outputs,per_channel,16300919,8927616,5.1,,C,,,,False,9.9961084640843,19.99233096115956,1.999995895822376,538.34346,535.4863760000002,True,True,0.0,0.0004761996991744,sensor_combined,main,0.0007352028042078,20.38689947128296,0.0,0.5411382466554642,0.0,5.589991092681885,0.1397391147911548,0.0114508958067744,1.3818146288394928,0.0,0.0007349326750178,3.062778560333535,0.0,0.4325212646148264,0.0,1.8855519968719068,0.1307993895425826,0.0113858305320712,0.8678626462589581,0.0,0.0
a2b4a38b-5fe4-426b-8119-a40e3d95ae82,ok,17761535.0,v1.14-1.15,0.0,0.0,0.0,True,0.0,0.0,0.2612262368202209,4.0,actuator_motors,none,7343518,4516995,8.1,,B,,0.0,4.0,True,10.014016159563043,161.7656569362291,1.9998520985294723,68.943318,66.54773099999998,,True,0.0,0.0,,main,0.0085350753273815,0.0006829702033428,0.0022164197172969,0.0032968989107757,0.0024805114604532,0.001586003601551,0.0041323255514726,0.0222450659610331,0.0220718481577932,0.0,0.0084988575072617,0.0006827370853292,0.0022139670824921,0.0032914760553635,0.0024774400699315,0.0015847472260741,0.0041238109429373,0.0220012536048749,0.0218317908347358,0.0,0.0
52201e25-4ed2-4ca6-921b-c0b5d49963ec,ok,17760320.0,v1.14-1.15,0.0,0.1067415730337078,0.0,True,0.0122399020807833,0.1018670000000021,0.2811932444572448,4.0,actuator_motors,none,3758546,2856475,8.8,,C,,0.0,4.0,True,10.01165862892095,20.01103938456759,2.000182613163489,85.601801,81.68080299999998,,True,0.0,0.0,,main,0.0066139817005023,0.0001617716901819,0.000171048285847,0.0031165090971626,0.0045091978739946,0.0004730794913484,0.0104215818457305,0.0,,1.3090528428554535,0.0065922052899855,0.000161758606553,0.0001710336587568,0.0031116628489932,0.0044990618999141,0.0004729676245257,0.0103676515308296,0.0,,0.8368374157126756,0.011627906976744186
15c1ccfb-6fa1-4df8-b5df-36f165a3cb4d,ok,17760256.0,v1.14-1.15,0.0,0.0,0.0,True,0.0,0.0,0.0839961856603622,4.0,actuator_motors,none,3623480,2428032,2.6,,C,,0.0,4.0,True,10.010527289736707,20.00969565408024,1.9999266276918464,96.819523,90.748197,,True,0.0,0.0,,main,0.0030267561320215,0.0004965678090229,0.0014036061009392,0.0053059340454637,0.0045036414638161,0.0029481664299964,0.0093569491058587,0.1329071044921874,0.6638754487037648,0.0,0.0030221847277079,0.0004964445600277,0.0014026219666795,0.0052919071726474,0.0044935304169194,0.0029438291100166,0.0093134440301995,0.1247869879449809,0.5091494890589726,0.0,0.0
e66db9fe-ac4e-4e0a-820a-f6575052e170,ok,17694975.0,v1.14-1.15,0.0,0.0,0.0,True,0.002415458937198,0.1025569999999973,0.5817259195260703,4.0,actuator_motors,none,5569328,4157803,4.4,,A,,0.0,4.0,True,10.010661857084912,20.01016913893999,1.999967753328921,89.243685,82.803799,,True,0.0,0.0,,main,0.0034910767804831,0.0045102297328412,0.0,0.0512247666716575,0.0,0.0078752826433628,0.0051619702018797,0.1995911017060279,0.2536106511950491,0.0,0.003484997117544,0.0045000891262639,0.0,0.0499559288508593,0.0,0.0078444344579474,0.0051486929054353,0.1819807501476563,0.2260279085097382,0.0,0.0022271714922048997
e6582484-f30a-4828-9d86-cf39ccaf3af8,ok,17826240.0,v1.16+,0.0,0.0,0.6612903225806451,True,0.3611793611793611,2.600576,0.999999937769238,4.0,actuator_motors,none,3204872,2336457,3.4,,C,,0.0,4.0,True,9.999561495584704,19.99940934386912,1.9999856977766963,86.109834,81.33159699999997,,True,0.0,0.0,,main,0.084326408803463,0.0037686454132199,0.0084012468345463,0.1425227999687196,0.2854831695556641,0.3871652126312256,5.649730777740482,0.0437651611864566,0.033098603785038,0.0,0.0809589728237376,0.003761561860449,0.0083661527792432,0.1332387997960452,0.2511346551104167,0.3272622493300616,1.8945763692979376,0.0428345227650545,0.0325626393914066,0.0,0.3387096774193548
d4e66e6d-8f4d-49a3-aef4-ec56c20f7859,ok,17760511.0,v1.14-1.15,0.5915492957746479,0.0,0.0,True,0.0011883541295306,0.2003249999999994,0.2694583058357236,4.0,actuator_motors,none,6275106,4107520,5.0,,B,,0.0,4.0,True,10.005995640671625,20.00570048014597,1.999953230978753,174.382821,168.27450900000005,,True,0.0,0.0,,main,0.0097498953342437,0.0250128917396068,0.0003519259596941,0.0330179929733276,0.0051724161719903,0.0369943596422672,0.0106831593438982,0.2162841171026229,0.1544823020696637,0.0,0.0097026718062609,0.0247051898182113,0.0003518640482786,0.0324846081594057,0.0051590851766729,0.0363264901219591,0.0106264975909049,0.1958004051853923,0.143652020175351,0.0,0.0011435105774728416
411e3a1b-cc34-422e-a8ac-5e6c29b39312,ok,17498880.0,v1.12-1.13,0.0,0.0,0.0,True,0.069679403761978,3.095403000000033,0.472,6.0,actuator_outputs,global,24972209,15361537,5.6,,B,,,,False,9.87867022042414,19.7791015868998,4.94504739389512,873.530569,867.2680890000005,True,True,0.0,0.0113143947555882,sensor_combined,main,0.0008559079724363,0.0003630557621363,0.0109206205233931,0.0050758714787662,1.1502694405862712e-06,0.0,0.0050679692067205,0.0011562372092157,0.0,0.0,0.0008555418920801,0.0003629898733401,0.010861421153031,0.0050630326702323,1.1502687790268856e-06,0.0,0.0050551702756258,0.0011555692817791,0.0,0.0,0.0
20d6292c-296e-4142-87c9-ee438e5f8317,ok,17826047.0,v1.16+,0.0,0.0,0.0,True,0.0010952902519167,0.1007719999999992,0.1582400083541869,4.0,actuator_motors,none,3998807,2944425,4.6,,C,,0.0,4.0,True,10.010358586732451,20.009909811837943,2.0000489259280267,93.360838,91.264273,,True,0.0,0.0,,main,0.0265623973682522,0.0297728629782795,0.0234222449362278,0.0369157910346984,0.0557693853974341,0.0361785016953943,0.1615527048707007,0.0,12.95325345993042,0.0,0.0262157421547561,0.0293382565428184,0.0231521534592764,0.0362507215477219,0.0542697763942758,0.035539427929313,0.1497576487556226,0.0,2.6357127040092143,0.0,0.0010649627263045794
2471e799-a860-4e3e-ba31-664b3c6f3d7a,ok,17630207.0,v1.12-1.13,0.0,0.0,0.0,True,0.0,0.0,0.179,6.0,actuator_outputs,per_channel,9061854,4896114,3.8,,A,,,,False,10.004093899265497,20.00386860738757,1.999980187330776,256.845063,249.005454,True,True,0.0,0.0,,main,0.0040794193744659,0.0021730381646193,0.0,0.0079435653984546,0.0,0.0,0.0018208128167316,0.0032480487250722,0.0026897057541645,0.0,0.0040711211036785,0.0021706805320527,0.0,0.0079121813739803,0.0,0.0,0.0018191571465471,0.0032427852091697,0.0026860949688267,0.0,0.0
aaad30f9-d297-4395-9ed8-d01591a808d2,ok,17826047.0,v1.16+,0.0,0.0,0.0,True,0.0026711680795414,1.0041709999999284,0.4632828831672665,4.0,actuator_motors,none,70726534,42372910,12.6,,B,,0.0,4.0,True,9.975607463541497,201.6604703553769,1.9930179140604167,571.930582,567.5849969999997,,True,0.0,0.0028726672077848,vehicle_attitude,main,0.0037148126284591,0.0048218020005151,0.0047897970536723,0.0452572947368025,0.0174659680575132,0.0011223205248825,0.0023620595107786,0.4201297059655189,0.0525500332936644,0.0008968428592197,0.0037079297524901,0.0048102143472333,0.0047783624741046,0.0442630701699622,0.0173151911487394,0.0011216911940321,0.0023592742333441,0.3507482096709606,0.0512158230157024,0.0008964409359526,0.0026501441629347895
a4034dc6-5823-4b3c-b326-6b3c5aa155df,ok,17761535.0,v1.14-1.15,0.0,0.0,0.0,True,0.0642054574638844,1.8,0.3818035423755645,4.0,actuator_motors,none,30766332,13691667,13.7,,B,,0.0,4.0,True,125.0,250.0,125.0,132.672,62.312,,True,0.0,0.0,,main,0.0001629120815778,0.0075250947847962,0.0039310149382799,0.0080550462007522,0.0119472714141011,0.0152316000312566,0.0156040154397487,0.0800897181034088,0.0290029109455643,0.0,0.0001628988128457,0.0074969225034863,0.0039233086880453,0.0080227774842849,0.0118764661620974,0.0151167638359498,0.0154835246016461,0.0770441100037855,0.0285902857551651,0.0,0.03007518796992481
e507c044-2573-48a4-a313-326cfdbc7f53,ok,17825792.0,v1.16+,0.0,0.0,0.0,False,0.0671912832929782,3.299999999999997,0.2927585951983923,4.0,actuator_motors,none,58405092,24206477,13.9,,C,,0.0,4.0,True,124.99739740573402,249.9895896229361,100.00624648635144,191.968,164.26,,True,0.0,0.0,,main,0.0016053679399192,0.0103430310264229,0.0464036025106903,0.1471893638372421,0.4901887178420867,0.0067095742560923,0.1870288074016559,0.5883007645606995,3.8572335720062143,0.0,0.0016040807142709,0.0102899078699927,0.0453591444812033,0.1373149194091878,0.3989027682069964,0.0066871652435201,0.1714533844161551,0.462664743229315,1.5804690519759574,0.0,0.057722308892355696
aaf2608e-2a6e-4e1d-b887-45cd26723511,ok,17826047.0,v1.16+,0.0,0.0,0.0,True,0.7583547557840618,58.102645,0.9340581551194193,4.0,actuator_motors,none,3631548,2624459,7.0,,C,,0.0,4.0,True,10.0118284692574,20.0114511324507,1.9999472161170324,82.069607,77.79090899999998,,True,0.0,0.0,,main,0.0411807410418987,0.0,0.0,0.0,0.0,0.0,0.0,0.0,0.0,0.0,0.0403553970808214,0.0,0.0,0.0,0.0,0.0,0.0,0.0,0.0,0.0,0.7177615571776156
4c171cf3-55be-44d4-9fce-31a8e2a1e523,ok,17826240.0,v1.16+,0.0,0.0,0.0,True,0.0,0.0,0.4603228475898504,4.0,actuator_motors,none,28529601,18426282,7.7,,B,,0.0,4.0,True,10.001630738132562,20.001712467436622,2.000004703161972,603.345337,596.6120299999993,,True,0.0,0.0,,main,0.0115301269106566,0.004066820628941,0.0080681837163865,0.0158170655369758,0.0220596140250563,0.0071247527375817,0.0073858989868313,0.0,0.1368021517992019,0.0,0.0114641615722866,0.0040585734661867,0.0080358099373012,0.0156932793393549,0.0218198208289281,0.0070994916020556,0.0073587567992774,0.0,0.1282191906554032,0.0,0.0
78e4f63f-dfd0-4405-b307-32bba4238116,ok,17761280.0,v1.14-1.15,0.4138181818181818,0.0,0.0,True,0.0,0.0,0.1753872036933899,4.0,actuator_motors,none,77028596,46355047,15.1,,A,,0.0,4.0,True,9.97556016909828,219.65174584454752,1.9993296397922704,685.937742,681.848151000001,,True,0.0,0.0032397801712501,vehicle_attitude,main,0.0532180840149521,0.0205692175775766,0.0110983150079846,0.0056542435660958,0.0050742075778543,0.0285393195226788,0.0068454903550445,0.0283547159284353,0.0094437238294631,40.95414695739747,0.0518503190347169,0.0203605280891913,0.0110371806198949,0.0056383183328414,0.0050613771710443,0.0281396593487026,0.0068221663681949,0.0279601619204856,0.0093994106388114,3.6508797372790767,0.0
739b7bd2-5ee6-4650-b47f-d76c2ccb844f,ok,17826047.0,v1.16+,0.0,0.0,0.0,True,0.0,0.0,0.159656123816967,4.0,actuator_motors,none,17140846,10380338,9.5,,C,,0.0,4.0,True,10.006805611446742,160.75234220371695,2.0000274345868494,152.158945,148.00856000000002,,True,0.0,0.0,,main,0.0042230426333844,0.5600916981697096,0.2547825604677201,0.6253822922706604,0.1246406748890876,0.0,0.0158574869856238,14.89034538269044,0.6360168218612675,4.127861029701309e-05,0.0042141506143028,0.4447446004119365,0.2269622989812854,0.4857430448951083,0.1174635845387192,0.0,0.0157330706027767,2.76571171616454,0.4922645204389809,4.1277758358623536e-05,0.0
54414f81-5333-492b-a5cc-6f3989b8142c,ok,17825856.0,v1.16+,0.0,0.0,0.0,True,0.0,0.0,0.0581939786672592,4.0,actuator_motors,none,27558579,15614685,7.4,,C,,0.0,4.0,True,10.001444630540597,20.00148804820613,1.9999901048183089,639.696605,635.7224340000004,,True,0.0,0.0,,main,0.0339855881407856,0.001970284152776,0.0021689498797059,0.0125898629892617,0.0122802724130451,0.010020913509652,0.0130888313520699,0.0599356705322861,0.0577070128172635,0.0,0.0334208380208105,0.0019683456887536,0.0021666011035542,0.0125112696298333,0.01220548154672,0.0099710370839926,0.0130039127862169,0.0582082181052852,0.0561033695816283,0.0,0.0
5978e43f-80d7-42df-ae43-c8aab24aaa88,ok,17629952.0,v1.12-1.13,0.0,0.0,0.0,True,0.0,0.0,0.0963929951190948,4.0,actuator_motors,none,14578466,7931611,4.6,,B,,0.0,4.0,True,10.003048520169916,20.002730391230887,2.0000076470880623,323.345709,320.6633669999999,,True,0.0,0.0,,main,7.228714821394533e-05,0.0018306357087567,0.0,0.0,0.0,0.0,0.0,0.0011205786722712,0.0,0.0,7.228453562395058e-05,0.0018289621373627,0.0,0.0,0.0,0.0,0.0,0.0011199512926325,0.0,0.0,0.0
e75011cd-7a6d-4d5f-b5d0-3e5dab8e6310,ok,17629696.0,v1.12-1.13,,,0.0,True,0.0,0.0,0.1215489551424979,4.0,actuator_motors,none,36525023,15970632,15.4,,B,,0.0,4.0,True,10.001676669034644,20.001539867504444,2.0016720421798087,599.542986,168.379987,,True,0.0,0.0,,main,0.000590294029098,0.0021969155874103,0.0,0.0,0.0,0.0,0.0,0.092432752251625,0.0,0.0,0.0005901198741093,0.0021945058969734,0.0,0.0,0.0,0.0,0.0,0.0884070920899935,0.0,0.0,0.00016680567139282736
995f4490-9ac7-4908-9685-3f232b774e4d,ok,17760384.0,v1.14-1.15,0.0,0.0,0.0,True,0.0,0.0,0.0623544067144393,4.0,actuator_motors,none,26818688,17643712,15.5,,C,,0.0,4.0,True,9.996716623581491,19.990722623240163,1.999979993950123,320.81666,314.87472500000007,,True,0.0,0.0006805614128821,sensor_combined,main,0.0013987239217385,0.0005797396879643,0.00091936805984,0.0016426899237558,0.0012094237608835,0.0017137188697233,0.0016627756413072,0.0049968087114393,0.0012869470519945,0.0,0.0013977466186458,0.0005795717038329,0.0009189456998749,0.0016413421844063,0.0012086929971095,0.0017122521290227,0.0016613947604087,0.0049843660944942,0.0012861196454467,0.0,0.0
def4855c-0135-4bfc-9c9b-b0802a50d926,ok,17695743.0,v1.14-1.15,0.0,0.0,0.0,True,0.4018177469504903,5.152264000000002,0.7671965181827544,4.0,actuator_motors,none,8001564,4598931,3.1,,C,,0.0,4.0,True,10.01519856535444,201.07517612740253,1.9998217346406848,64.419761,58.53519199999997,,True,0.0,0.0,,main,0.0011375706642866,0.0,0.0,0.0,0.0,0.0,0.0,2.455753850936889,4.625229835510254,0.0002742440614383,0.0011369241210577,0.0,0.0,0.0,0.0,0.0,0.0,1.240040624718039,1.7272618069020185,0.0002742064634095,0.3627334556839037
66193959-c127-46d4-a5bc-b88ffb450be3,ok,17564671.0,v1.12-1.13,0.0,0.0,0.0300973738565948,True,0.0007411799584939,0.1968739999999798,0.29575,6.0,actuator_outputs,per_channel,22196747,13953274,9.0,,A,,,,False,10.000160982520656,20.0000566412466,2.000027359783868,677.035931,674.671756999999,True,True,0.0,0.0,,main,0.0036035917000845,0.00062431061815,0.0,0.0109634839463979,0.0,0.0,0.0565346954390406,0.0049246994312852,0.0,0.0,0.0035971143200718,0.0006241158173492,0.0,0.0109038206386557,0.0,0.0,0.0549943975149154,0.0049126127649309,0.0,0.0,0.0
30de1ef4-17e9-4e7a-9841-0195300e7f88,ok,17760768.0,v1.14-1.15,0.0,0.0,0.0,True,0.0,0.0,0.342475026845932,4.0,actuator_motors,none,3544451,2628615,2.9,,C,,0.0,4.0,True,10.01137119235885,19.992057865683982,2.000000160000013,88.259996,83.71995600000004,,True,0.0,0.0018711726227168,sensor_combined,main,0.010263476986438,0.003716287727002,0.0031391652300953,0.0188448280096054,0.0166986351832747,0.011212897952646,0.0227552861906588,0.0869579557329416,0.0263898102566599,0.0,0.0102111651363525,0.0037093993905192,0.0031342483381944,0.018669463949824,0.0165607458994097,0.0111504994246859,0.022500246418911,0.083382928212487,0.0260476066167169,0.0,0.0
621f4fed-3d93-4f27-8f09-29a5e88fe7e4,ok,17891392.0,v1.16+,0.0,0.0,0.0,True,0.0007978117164349,0.1962299999999857,0.3207813680171967,4.0,actuator_motors,none,45945048,29639297,29.3,,C,,0.0,4.0,True,10.000919973740286,20.000716529349603,1.999984952206008,991.622858,877.320618999999,,True,0.0,6.830397869763528e-05,sensor_combined,main,0.0337185135111212,0.0,0.0,0.0,0.0,0.0,0.0,0.0223256217315792,0.0048231567954644,0.0611364517360925,0.0331625083778637,0.0,0.0,0.0,0.0,0.0,0.0,0.0220800532972237,0.0048115626400682,0.0593404580885277,0.0007055740348755166
8f107a6c-21b4-4524-8609-1d709c6899d6,ok,17761280.0,v1.14-1.15,0.0,0.0,0.0,True,0.0,0.0,0.0728215523064136,4.0,actuator_motors,none,3979552,2737873,2.8,,C,,0.0,4.0,True,10.008978303995043,20.008699378048547,2.000021103026405,107.626711,105.77776200000012,,True,0.0,0.0,,main,0.0108234634622931,0.0,0.0,0.0,0.0,0.0,0.0,0.0005463243986014,0.0,0.0,0.0107653090269272,0.0,0.0,0.0,0.0,0.0,0.0,0.0005461752177587,0.0,0.0,0.0
341ae3df-657a-473b-bb86-07d25ade15c0,ok,17826047.0,v1.16+,0.0,0.0,0.0,True,0.0011668502858504,1.8405690000001869,0.1796261467039585,4.0,actuator_motors,none,233675327,112538341,59.8,,B,,0.0,4.0,True,10.000508603697506,197.7467880039364,1.9999969353540183,1918.81072,1880.705151000001,,True,0.0,0.0,,main,0.0424534842371939,0.0035274454392492,0.0476733982563018,0.0241713143885135,0.0321959599852561,0.0306974485516548,0.0341683156788348,0.059493278712034,12.303398513793944,0.8808400869369497,0.0415770542585983,0.0035212385955049,0.0465718944429068,0.0238838118318969,0.0316885327403852,0.0302357076055763,0.0335975439595583,0.057790754876018,2.5880195299390825,0.6317185317857016,0.001143655538977313
1063bc9a-ed9b-4d60-b8e9-fd7b49a1f900,ok,17630207.0,v1.12-1.13,0.0,0.0,0.0,True,0.0,0.0,0.0706483781337738,4.0,actuator_motors,none,8252426,5164615,5.4,,B,,0.0,4.0,True,10.011119400903558,213.11606889042508,1.999944356577724,84.668427,79.34341000000002,,True,0.0,0.0,,main,0.0020730576943606,0.0012196134775876,0.0,0.0,0.0,0.0,0.0,0.0057616686448454,0.0,0.0001547006715554,0.0020709118753511,0.0012188703532251,0.0,0.0,0.0,0.0,0.0,0.0057451337141851,0.0,0.0001546887066404,0.0
bd40cd4c-ae40-4563-a225-44a543cf672c,ok,17694720.0,v1.14-1.15,0.0,0.0,0.0,True,0.0,0.0,0.0447838209569454,4.0,actuator_motors,none,30504378,10711922,5.2,,C,,0.0,4.0,True,10.00758156431368,129.83105195870087,117.90807926177452,124.431238,121.014435,,True,0.0,0.0,,main,0.0040003862231969,0.0060870889574289,0.0,0.0378747656941413,0.0,0.0091314977034926,0.0158801302313804,0.0045928671024739,0.0065078930929303,0.0,0.0039924059539225,0.0060686374708088,0.0,0.0371751278446582,0.0,0.0090900576604038,0.0157553601401319,0.004582352072162,0.0064868081861156,0.0,0.0
7cef9d43-0d18-4d75-ae69-cd23b49983a6,ok,17761535.0,v1.14-1.15,0.0,0.0,0.0,True,0.0,0.0,0.3097308278083801,4.0,actuator_motors,none,3959402,2951928,3.0,,B,,0.0,4.0,True,10.01140140545322,20.011352170928028,1.9999254380739613,85.300233,80.108049,,True,0.0,0.0,,main,0.1093843318521976,0.0134886326268315,0.0056289795320481,0.1200317293405532,0.0994684696197509,0.0148564856499433,0.0020238927099853,0.0,17.308981895446777,0.0,0.1038052054566961,0.0133984708892793,0.0056131960290715,0.1133570146740739,0.0948268535844329,0.0147472090484229,0.0020218473983304,0.0,2.907391753396442,0.0,0.0
a3d565c8-0dba-42b7-afb7-68f8aeec6bf0,ok,17694720.0,v1.14-1.15,0.0,0.0,0.0,True,0.0,0.0,0.4256924778223037,4.0,actuator_motors,none,14702144,7993638,4.9,,C,,63.0,4.0,True,10.002353283694456,20.002429823670905,2.0000466998245887,395.337502,202.9031640000001,,True,0.0,0.0,,main,0.0,0.0,0.0,0.0,0.0,0.0,0.0,0.0399636961519718,,0.0,0.0,0.0,0.0,0.0,0.0,0.0,0.0,0.0391858049978177,,0.0,0.0
b7e8e5bf-0ffa-4e7e-89be-8a54e42091c3,ok,17761023.0,v1.14-1.15,0.0,0.0,0.0449735449735449,True,0.0,0.0,0.3360390737652778,4.0,actuator_motors,none,3144583,2494223,3.4,,B,,0.0,4.0,True,10.012455148948217,20.01298387148716,1.99999135574206,75.091808,72.61192099999998,,True,0.0,0.0,,main,0.0285040747374296,0.1355310954153537,0.0607809264212846,0.2597649052739142,0.2675648897886276,0.4718382537364954,0.1177500892430543,0.0261228212155401,0.0115957950707524,0.0,0.0281053919284323,0.1271004669664624,0.0590053599157199,0.2309251204386504,0.2370976502722857,0.3865121322967287,0.1113178159736445,0.0257874483711288,0.0115290790936384,0.0,0.0
158af92a-ca1c-4e07-8a6e-88956e754ef4,ok,17826047.0,v1.16+,0.0,0.0,0.0,True,0.0,0.0,0.1642668545246124,4.0,actuator_motors,none,33760391,13716037,12.9,,B,,0.0,4.0,True,10.013674014801252,199.94512304918987,1.999988722285816,72.53174,66.78000400000002,,True,0.0,0.0,,main,0.0034511053934693,0.0009458338376134,0.0004831097379792,0.0076702690683305,0.0051120607182383,0.009252993389964,0.0060588980093598,0.026751023158431,0.0062912656925618,0.0,0.0034451639949218,0.0009453868186374,0.0004829930780412,0.0076410021162022,0.0050990384972462,0.009210446701396,0.0060406166927405,0.0263994703560368,0.0062715582936866,0.0,0.0
41f96338-145c-425e-b778-5976b9335165,ok,17761280.0,v1.14-1.15,0.0,0.0,0.0,True,0.0,0.0,0.2291298300027846,4.0,actuator_motors,none,4266175,3181544,4.5,,C,,0.0,4.0,True,10.010145489764582,20.009422385695213,1.999947842944373,101.055149,96.774651,,True,0.0,0.0,,main,0.0109792507253587,0.0061980081256478,0.0014851583633571,0.016083416994661,0.0223847957327961,0.0133452113717794,0.0128175798803567,0.0252353589981792,0.002545825112611,0.0,0.0109194163117584,0.0061788794722946,0.0014840566063957,0.015955449127197,0.0221379333771881,0.0132569484297879,0.0127361299589055,0.0249222047668795,0.0025425899894009,0.0,0.0
44998499-d55f-4bed-ad51-8e0f2d3c4880,ok,17826047.0,v1.16+,0.0393258426966292,0.0,0.0,True,0.0,0.0,0.0673942446708679,4.0,actuator_motors,none,3974456,2905523,4.3,,B,,0.0,4.0,True,10.011018938779722,20.010648710459705,1.9999944457297107,87.820065,83.90193999999995,,True,0.0,0.0,,main,0.0781890675425529,0.0026457419735379,0.004905103938654,0.0563415652140975,0.1878735870122909,0.020284088794142,0.0744425896555185,1.987392604351044,0.1178412847220897,0.0,0.0752828444389997,0.002642248159373,0.0048931131111802,0.054811584892068,0.1721648070398825,0.0200811069427527,0.0718020058503132,1.0944009682770934,0.1113994010791767,0.0,0.0
bdaf475e-9ca6-45fb-a391-0fadb9015c06,ok,17564671.0,v1.12-1.13,0.0,0.0,0.0256410256410256,True,0.0054945054945054,0.1085980000000006,0.587542857142857,6.0,actuator_outputs,bus,3874495,2449164,5.4,,C,,,,False,10.009732311243626,20.00952596007285,2.009866404477119,101.231995,90.98564899999998,True,True,0.0,0.0,,main,0.0157038541510701,0.0208175420761108,0.0,0.0,0.0,0.0,0.0,0.0009525806555757,0.0,0.0,0.0155818245323424,0.0206038180964227,0.0,0.0,0.0,0.0,0.0,0.0009521272385443,0.0,0.0,0.0
c00d2fed-cf30-4585-8b9d-2361326398e9,ok,17760256.0,v1.14-1.15,0.0,0.0,0.0,True,0.0,0.0,0.1956214606761932,4.0,actuator_motors,none,45630622,28947913,16.7,,B,,0.0,4.0,True,9.951396846302208,201.6793927165424,1.9998300429474904,421.409858,417.2265840000002,,True,0.0,0.0062282398393868,vehicle_attitude,main,0.0337141830474138,0.1512994423508643,0.3630157411098475,0.0039522386621683,0.0043115454260259,0.0478962128981947,0.0147581711411476,0.0107548010535538,0.0028527398593723,30.66462631225576,0.0331583191593082,0.1408912543326152,0.3096997015177354,0.0039444490843817,0.0043022773443327,0.0467845475006211,0.014650329073159,0.0106973795186109,0.002848678519151,3.4552001686120297,0.0
b83bf324-af7e-418b-9991-546da1b0fddc,ok,17694720.0,v1.14-1.15,0.0,0.0,0.0,True,0.0,0.0,0.1630761831998825,4.0,actuator_motors,none,111330747,28470764,40.1,,C,,0.0,4.0,True,10.000084739970555,20.000068099796103,92.12760583014332,677.001209,672.8581540000002,,True,0.0,0.0,,main,0.0,0.0,0.0,0.0,0.0,0.0,0.0,0.0001114504411816,0.0,0.0,0.0,0.0,0.0,0.0,0.0,0.0,0.0,0.0001114442310425,0.0,0.0,0.0
368da03f-0be0-4da4-92f6-5a4c405fe83d,ok,17760768.0,v1.14-1.15,0.0199600798403193,0.0,0.0,True,0.0,0.0,0.1319386705756187,4.0,actuator_motors,none,10221562,6817938,4.5,,C,,0.0,4.0,True,10.003936310558464,20.00385713139489,2.000090871598516,249.820683,244.7383129999999,,True,0.0,0.0,,main,0.0032643760554492,0.0080805601552128,0.0165445929393171,0.0292799312621354,0.0515559624880549,0.0110741393640637,0.0134464289061724,0.0552092339843511,0.0533471602946519,8.101340103149402,0.0032590595468471,0.0080480872445823,0.0164092222232241,0.0288594618980771,0.0502709363212468,0.0110132700539392,0.0133568279955664,0.0537390733155359,0.0519728657065658,2.2084216667628658,0.0
538febf5-f0ae-412a-a9f6-d8af6129017e,ok,17761279.0,v1.14-1.15,0.0,0.0,0.0,True,0.0,0.0,0.2259454385377465,4.0,actuator_motors,none,3393093,2145239,2.5,,B,,0.0,4.0,True,10.008502483745078,20.008456869821604,2.0000793174312173,105.045719,103.96983699999996,,True,0.0,0.0,,main,0.3636494874954223,0.0,0.0,0.0,0.0,0.0,0.0,0.0,0.0,0.890137106180191,0.3101645524208372,0.0,0.0,0.0,0.0,0.0,0.0,0.0,0.0,0.6366493693929203,0.0
4e735764-cf6f-44cd-8e17-f3f1d37f9daf,ok,17826240.0,v1.16+,0.1038552321007081,0.0,0.0,True,0.0,0.0,0.1165559068322181,4.0,actuator_motors,none,24816783,15949273,6.6,,B,,0.0,4.0,True,10.001522804865262,20.001468763629344,2.000000012638231,633.16488,628.2673499999996,,True,0.0,0.0,,main,0.0266774443909525,0.17447856515646,0.0187035571783781,0.0370331808924675,0.0084704363718628,0.0261670026928186,0.0136734415777027,0.0520889561623335,0.0053116309922188,0.0,0.0263278060456673,0.1608242747642231,0.018530796488005,0.0363639257388408,0.0084347635271849,0.0258305041586405,0.0135808035737103,0.0507776698302704,0.0052975740352613,0.0,0.0
98f084c4-bb36-4793-a1ec-a4c915485724,ok,17826303.0,v1.16+,0.0,0.0,0.0,True,0.002301495972382,0.1023679999999984,0.4554120004177092,4.0,actuator_motors,none,4070543,3072988,3.2,,B,,0.0,4.0,True,10.009953694947644,20.01011563719481,1.9999374802152925,92.380738,86.84581799999998,,True,0.0,0.0,,main,0.0037077010609209,0.0009881079196929,0.0008194569847546,0.0170114964246749,0.0219197634607553,0.0028096003457903,0.0112375408411025,0.3172811448574065,0.1943737328052518,0.0,0.0037008444802171,0.0009876200624064,0.0008191214131914,0.0168684212549146,0.0216829793655947,0.0028056607960538,0.0111748687619859,0.2755698736747056,0.1776219750429223,0.0,0.0021551724137931034
15965539-4425-4867-ad04-056c434c2567,ok,17694848.0,v1.14-1.15,0.0077519379844961,0.0,0.0,True,0.0,0.0,0.331742912530899,4.0,actuator_motors,none,7999569,4759348,4.5,,C,,0.0,4.0,True,10.015979607972657,247.3989660227406,1.999898533148022,63.086814,58.22932999999998,,True,0.0,0.0007439069197213,vehicle_attitude,main,0.0,0.0,0.0,0.0,0.0,0.0,0.0,0.0,0.0,0.0018635605520103,0.0,0.0,0.0,0.0,0.0,0.0,0.0,0.0,0.0,0.0018618262773277,0.0
87c330d1-ad9e-40ec-a2a2-6af389ba635a,ok,17760768.0,v1.14-1.15,0.0,0.0,0.0,True,0.1942112240388864,81.90000099999997,1.0,4.0,actuator_motors,none,18457562,10256098,6.0,,B,,0.0,4.0,True,10.002184899384806,20.00218520705027,1.9999548762916204,457.299669,452.61997799999983,,True,0.0,0.0,,main,0.0018063326715491,0.0,0.0,,,0.0,,0.0096539391204714,0.0092429760843515,0.0,0.0018047032146213,0.0,0.0,,,0.0,,0.0096076376063576,0.009200521186791,0.0,0.19200524246395806
703916e7-6bea-4cc8-8011-9cf02f246032,ok,17629952.0,v1.12-1.13,0.0,0.0,0.0,True,0.0,0.0,0.14775,6.0,actuator_outputs,per_channel,7742695,4318118,4.2,,C,,,,False,10.005243402585288,20.00468620864681,1.999992222252469,189.119165,182.6186299999999,True,True,0.0,0.0,,main,3.7819163480889983e-06,0.0020842843223363,0.0,0.0,0.0,0.0,0.0,0.001227277808357,0.0,0.0,3.781909196661397e-06,0.0020821152152691,0.0,0.0,0.0,0.0,0.0,0.0012265253185606,0.0,0.0,0.0
27cefde8-327b-4ec9-a0cf-c1609ffc9047,ok,17694720.0,v1.14-1.15,0.0803571428571428,0.0,0.0,True,0.0006443298969072,0.0996489999999994,0.3352854173630473,4.0,actuator_motors,none,11403144,4847243,4.0,,B,,0.0,4.0,True,10.007072397843585,20.005963700470488,86.86994825296132,158.677392,155.21205399999997,,True,0.0,0.0,,main,0.0436439886689186,0.0045109987258911,0.0,0.0929468423128128,0.0,0.0071347451535984,0.017362231388688,0.003174329875037,0.0040570315904915,0.0,0.0427184242822223,0.0045008546662582,0.0,0.0888775733482146,0.0,0.0071094132790066,0.0172132300407271,0.0031693023265478,0.0040488240292296,0.0,0.0006277463904582549
8f3d9832-dc69-4c42-890a-d659c93451f7,ok,17761535.0,v1.14-1.15,0.0,0.0,0.0,True,4.937052579609973e-05,0.002758,0.5833921745419501,4.0,actuator_motors,none,44394620,17009341,10.0,,C,,0.0,4.0,True,9.919041462636146,197.24498476314287,1.9999574576950665,82.194294,77.64903100000001,,True,0.0,0.0100723061917518,sensor_combined,main,0.0016254958463832,0.0,0.0,0.0,0.0,0.0,0.0,0.0,0.0,0.000902796012815,0.001624176157915,0.0,0.0,0.0,0.0,0.0,0.0,0.0,0.0,0.0009023887376004,4.726121272271846e-05
a025555a-37e6-4487-95d1-ab34993bc213,ok,17695743.0,v1.14-1.15,0.4696569920844327,0.0,0.0,True,0.2664765525982256,0.4332259999999905,0.40807688832283,4.0,actuator_motors,none,19962391,11670185,6.1,,B,,0.0,4.0,True,10.005063425233832,138.27039735742144,2.000066799064756,190.191371,187.778401,,True,0.0,0.0,,main,0.1201482538133859,0.0,0.0,0.0,0.0,0.0,0.0,0.1172055918723344,0.3036860704421996,0.0406388854607939,0.1134610460231745,0.0,0.0,0.0,0.0,0.0,0.0,0.1108305603326548,0.2651956909951662,0.0398348374833973,0.26322378716744915
3b76598d-9bbc-45b6-ade6-e19df0f89907,ok,17891583.0,v1.16+,0.0,0.0,0.0,True,0.0046242774566473,0.2000060000000019,0.2341527700424194,4.0,actuator_motors,none,14058333,8047154,2.7,,C,,0.0,4.0,True,10.002999241980474,20.003057891434903,2.000251640546388,338.156021,86.50003399999999,,True,0.0,0.0,,main,0.0020278951851651,106262124544.0,1088327794688.0,0.0039501274004578,0.0025584165705367,0.0032233391539193,0.0050523619865998,0.0470966901630163,0.0356462318450212,0.0,0.0020258417813139,25.389174751605207,27.715663500869297,0.0039423461318217,0.002555149394208,0.0032181553327574,0.0050396416330079,0.0460212773503254,0.035025610468341,0.0,0.001182033096926714
6c73b49c-d8a3-4fe5-8b40-7cfc408897f9,ok,17760511.0,v1.14-1.15,0.0,0.0847457627118644,0.0,True,0.0,0.0,0.2870857454137876,4.0,actuator_motors,none,3567752,2747508,3.0,,B,,0.0,4.0,True,10.01221293660365,20.011878864909065,1.999952522866196,81.087035,67.03318800000002,,True,0.0,0.0,,main,0.0023444167571142,0.0001827750107622,0.0002807504381053,0.0089853890705853,0.0125023343600332,0.0006136748823337,0.0024239562451839,0.0698014199733734,0.3921051263809202,,0.0023416728998085,0.0001827583094449,0.0002807110350758,0.008945260662648,0.0124248255366729,0.0006134866609036,0.0024210232020006,0.0674730424401491,0.3308170808859721,,0.0
b43d5443-690a-48cb-aec5-cfbf6030626d,ok,17891392.0,v1.16+,0.0,0.0,0.0,True,0.0,0.0,0.5108548035716951,4.0,actuator_motors,none,8446030,5346086,4.9,,C,,0.0,4.0,True,9.999661517733564,19.98921962149325,1.999953937902988,95.572689,89.55249000000003,,True,0.0,0.0009910739897636,sensor_combined,main,0.0005307857354637,0.0,0.0,0.0,0.0,0.0,0.0,0.3882015645503998,0.0792902745306491,0.0017303877975791,0.000530644918542,0.0,0.0,0.0,0.0,0.0,0.0,0.3280090709580085,0.0763036719039501,0.0017288924014423,0.0
c423c822-bba5-44ca-9305-644909306054,ok,17761535.0,v1.14-1.15,0.0,0.0,0.0,True,0.0017094017094017,0.1009839999999999,0.3833043217658993,4.0,actuator_motors,none,2852728,2104096,3.7,,C,,0.0,4.0,True,10.015491332621034,20.015882292451224,2.0000282752088987,65.706816,58.51892100000001,,True,0.0,0.0,,main,0.0424810428172349,0.0,0.0,0.0,0.0,0.0,0.0,0.0006579287553904,6.143517827987668,0.0,0.041603490177506,0.0,0.0,0.0,0.0,0.0,0.0,0.0006577124151525,1.9662053480136223,0.0,0.0015082956259426848
8e0d55ab-ca24-4f7f-bccc-e3e650a41006,ok,17695488.0,v1.14-1.15,0.1240310077519379,0.0,0.0,True,0.0,0.0,0.3309049978852272,4.0,actuator_motors,none,5692383,3079970,3.1,,A,,0.0,4.0,True,10.007189005216278,20.00729852505914,1.999961239966871,128.074907,125.790525,,True,0.0,0.0,,main,0.0022147236159071,0.0,0.0,0.0,0.0,0.0,0.0,0.0,,2.2366471512214048e-05,0.0022122747306291,0.0,0.0,0.0,0.0,0.0,0.0,0.0,,2.2366221386419707e-05,0.0
3288950c-2189-45be-9f7f-171816aea34c,ok,17498367.0,v1.12-1.13,0.0,0.0,0.0,True,0.0,0.0,0.2765714285714286,6.0,actuator_outputs,global,11994730,7254876,11.2,,B,,,,False,10.006612153179226,200.1462837376044,5.006816608769351,142.259502,139.73791200000005,True,True,0.0,0.0,,main,6.135842909316125e-07,5.4467047760908827e-08,0.0010275996639393,0.0,5.51904809071857e-06,0.0,0.0,0.0135642218403518,0.0,0.0,6.135841026888485e-07,5.4467046277579244e-08,0.0010270720448278,0.0,5.519032860828692e-06,0.0,0.0,0.0134730512963848,0.0,0.0,0.0
8ac43077-d5ce-4f9d-bb2d-4b5bd314622e,ok,17694975.0,v1.14-1.15,0.0,0.0,0.0,True,0.0002735978112175,0.099644000000012,0.2856770128011703,4.0,actuator_motors,none,15358288,9818300,9.2,,C,,0.0,4.0,True,10.002530314884128,20.002603157205463,1.9999965698837665,368.727372,365.5259290000002,,True,0.0,0.0,,main,0.002432561723981,0.0021189126302488,0.0,0.0228124139830469,0.0,0.0290694772265851,0.0140323562081903,0.0172803326509892,0.0458643533289432,0.0003388038807315,0.0024296078350854,0.0021166709010085,0.0,0.022556101614902,0.0,0.0286549737432325,0.0139348141354277,0.0171327257406692,0.0448436759034982,0.0003387464996569,0.000270929287455974
f64c129b-d791-4cf7-ae0e-452c8f3b013c,ok,17761023.0,v1.14-1.15,0.0733471074380165,0.0,0.0029203170629954,True,0.0033790918690601,1.3994280000000003,0.3869685903191566,4.0,actuator_motors,none,20076382,12717213,13.1,,B,,0.0,4.0,True,10.00205229923701,20.00200842370477,1.999999607105616,479.167231,473.57178199999953,,True,0.0,0.0,,main,0.0138190467376261,0.0004098353820154,0.0008242761570727,0.0039842210244387,0.0029374630539678,0.0136829466093331,0.0092369918245822,0.0149134520441293,0.0022566298954188,0.0025717674870975,0.0137244343501623,0.0004097514224341,0.0008239366280454,0.0039763050349212,0.0029331571396197,0.013590180348002,0.0091945917152436,0.0148033399361093,0.0022540875302427,0.0025684661520596,0.003338201543918214
c7b74a17-4dd9-42bb-901a-04c1c6e88b7f,ok,17761023.0,v1.14-1.15,0.0,0.0,0.0,True,0.0019770660340055,0.500011,0.4951026797294616,4.0,actuator_motors,none,11027354,7273904,5.3,,C,,0.0,4.0,True,10.00412835475463,20.00401238211063,2.0000223426620463,257.409364,252.9762590000001,,True,0.0,0.0,,main,0.0076685703825205,0.0015935596893541,0.0019189812242984,0.0082080133259296,0.0074622313492,0.0026026101782917,0.0027300090063363,0.0607712402939796,0.0140195565298199,0.0,0.0076393163591705,0.0015922913204146,0.0019171423319861,0.0081745107858976,0.0074345266414367,0.0025992292533043,0.0027262893000987,0.0589962287451958,0.0139221915015689,0.0,0.001941747572815534
e78b34fc-6250-466f-82ed-3681a21304e4,ok,17630207.0,v1.12-1.13,0.0,0.0,0.0,True,0.0,0.0,0.109937672317028,4.0,actuator_motors,none,8205645,5137956,4.8,,C,,0.0,4.0,True,10.011310121544357,199.8797971902189,1.9998343858081893,86.331444,81.008508,,True,0.0,0.0,,main,0.0,0.0007305191247723,0.0,0.0,0.0,0.0,0.0,0.0093213640153408,0.0,0.0001922271680086,0.0,0.0007302524255544,0.0,0.0,0.0,0.0,0.0,0.0092781881994014,0.0,0.0001922086947338,0.0
85bda2c5-12bf-4116-8777-36cde746349e,ok,17826240.0,v1.16+,0.0,0.0,0.0,True,0.0001148672708685,0.0037679999999795,0.4151979446411132,4.0,actuator_motors,none,37614444,23153781,11.8,,B,,0.0,4.0,True,9.996784298004894,198.95460492132992,2.0000012302745085,310.645323,304.9447180000003,,True,0.0,0.00088532958264,sensor_combined,main,0.002090416487772,0.0007922915625385,0.000471006213047,0.0054528784006833,0.0044941523810848,0.0014917274296749,0.001557374355616,0.4789697617292369,0.6380704045295714,0.0,0.0020882346073892,0.0007919778652606,0.0004708953244387,0.0054380652842733,0.0044840838333936,0.0014906159095653,0.0015561629057983,0.391345738441388,0.493518966515463,0.0,0.00011268113492439096
502856c6-1c68-4deb-9d13-dc1fae9df071,ok,17760256.0,v1.14-1.15,0.0,0.0,0.0,True,0.0,0.0,0.2606359310448169,4.0,actuator_motors,none,8217187,5261286,3.5,,B,,0.0,4.0,True,10.006134846550491,20.00552010071498,1.999999766153873,162.743173,158.45969899999992,,True,0.0,0.0,,main,0.0012171452108304,0.0245448630303144,0.0082017071545124,0.0634176116436719,0.0289245690219104,0.0415382236242294,0.0836856365203857,1.088148683309555,0.5441105887293816,0.1221284084022045,0.0012164050900936,0.0242484779091777,0.0081682559346606,0.0614878835869111,0.0285141490356214,0.0406986815967893,0.0803678577484155,0.7362778759667764,0.4344480738623781,0.1152272465433313,0.0
fc587431-e0b5-4b80-a9f6-ded078a07fee,ok,17761280.0,v1.14-1.15,0.0,0.0,0.0,True,0.0,0.0,0.3151360392570495,4.0,actuator_motors,none,8157158,4506468,6.0,,A,,0.0,4.0,True,10.00635486804758,20.006481183894035,1.99992989792762,143.779806,139.271547,,True,0.0,0.0,,main,0.0084507901221513,0.0,0.0,0.0,0.0,0.0,0.0,0.2373559549450873,0.1619656823575495,0.0731918808072802,0.0084152821022744,0.0,0.0,0.0,0.0,0.0,0.0,0.2129768086413234,0.1501131247384834,0.0706372741356454,0.0
7a7b38f4-9a25-4577-a436-fd2e1abb7587,ok,17630207.0,v1.12-1.13,0.0,0.0,0.0,True,0.0,0.0,0.2493999999999996,6.0,actuator_outputs,per_channel,20329806,12326374,8.0,,B,,,,False,9.983066572406056,19.973417069603745,1.9975405464279457,411.562689,409.5167280000001,True,True,0.0,0.0016080192594001,sensor_combined,main,0.1157848022878169,0.0575659576803445,0.0,0.0369078215211629,0.0,0.0,0.0137292044237255,0.002651530993171,0.0876445852220058,0.0,0.109558015873919,0.0559700013222164,0.0,0.0362430357315442,0.0,0.0,0.0136358127216433,0.0026480218865018,0.0840144270716589,0.0,0.0
4722bd64-36cd-4d1b-90f3-f664c81c016b,ok,17760511.0,v1.14-1.15,0.0,0.0993377483443708,0.0,True,0.0,0.0,0.2179555788636207,4.0,actuator_motors,none,3199635,2572038,5.4,,A,,0.0,4.0,True,10.014094729954763,20.01353469432878,2.0001830240466383,69.184679,65.851149,,True,0.0,0.0,,main,0.0021261841524392,0.0004274418883142,6.505717901745816e-05,0.0081437877379357,0.0088777014520019,0.0003473771284916,0.0022249965695664,0.0,0.1884242638945578,0.0050910336431115,0.0021239270217316,0.000427350561054,6.505506289096629e-05,0.0081108060415353,0.0088385263463394,0.000347316807026,0.0022225249302794,0.0,0.1726282816770491,0.005078118148266,0.0
bb754bf2-b9bc-4137-8629-ff36b91e737c,ok,17695743.0,v1.14-1.15,0.0,0.0,0.0,True,0.5637886597938144,7.500927000000004,0.5300368234515186,4.0,actuator_motors,none,6688771,4503635,7.3,,C,,0.0,4.0,True,10.005541175860918,20.005396161234245,2.000054588989938,160.346351,155.242801,,True,0.0,0.0002894380836036,sensor_combined,main,0.0031399014405906,0.0036692430730909,0.0,0.0740756243467331,0.0,0.0032605570740997,0.0258096028119325,0.0267422683537006,0.0468463454395532,0.0,0.0031349822445662,0.0036625278223048,0.0,0.0714604073384065,0.0,0.0032552529842807,0.0254821572198485,0.0263909436130797,0.0457821641362605,0.0,0.5444928438083385
4bd9fd35-5ef4-4900-bdbd-37786a2dcc79,ok,17891583.0,v1.16+,0.0,0.0,0.0,True,0.0,0.0,0.2358406484127044,4.0,actuator_motors,none,6593930,4734917,5.4,,C,,0.0,4.0,True,9.99956057486585,19.99947477949954,1.999970587845131,144.560712,138.87551499999998,,True,0.0,0.0006581896752283,sensor_combined,main,0.0037153089651837,0.0005436517589259,0.0008492821943946,0.0103134493343532,0.0098847836256027,0.0035708301700651,0.006734760897234,0.0416018348187208,0.1255904167890548,0.0,0.0037084242521185,0.0005435040338466,0.0008489217583319,0.0102606285814453,0.0098362487278347,0.0035644698924971,0.0067121837063634,0.0407597540093266,0.1183077129128001,0.0,0.0
5c92f6a7-872c-4ef9-996c-51d8f5ee7f7d,ok,17629952.0,v1.12-1.13,0.0,0.0025757575757575,0.0,True,0.0138573031322963,12.398134999999913,0.3299999999999999,6.0,actuator_outputs,bus,125362201,71237269,29.2,,C,,,,False,10.000290809365165,20.00022795717806,2.000000694730708,3302.257888,3297.8878469999986,True,True,0.0,0.0,,main,0.001830340642482,0.0008021746878512,0.0,0.0048941773362457,0.0,0.0,0.0086687685921788,0.0008788467268459,0.0059303955174982,0.0,0.0018286676102164,0.000801853117695,0.0,0.0048822397841667,0.0,0.0,0.008631410561229,0.0008784607671776,0.0059128799374309,0.0,0.0
9c28c9bd-54cb-4559-8d15-b8b59814286b,ok,17695488.0,v1.14-1.15,0.0,0.0305343511450381,0.0,True,0.0018587360594795,0.0975339999999995,0.1211746178567409,4.0,actuator_motors,none,2360981,1836755,3.0,,B,,0.0,4.0,True,10.016281564528024,20.01563361012017,1.9998775741611683,60.791745,53.75367800000001,,True,0.0,0.0,,main,0.0540253184735775,0.0107439653947949,0.0,0.1319997161626815,0.0,0.0940603166818618,0.3896084427833557,13.123263835906982,13.910361480712886,0.0,0.052616471152843,0.0106866590977639,0.0,0.1239857290412791,0.0,0.0898958365584463,0.3290220116195623,2.6478233552058543,2.70205637266203,0.0,0.0016420361247947454
25f000db-9b27-4af5-9e29-d56dc5c87167,ok,17630207.0,v1.12-1.13,0.0,0.0,0.0,True,0.0,0.0,0.2372999999999997,6.0,actuator_outputs,per_channel,4304006,2631961,4.5,,C,,,,False,10.007776216168246,20.008241655715054,1.9999851878826256,114.554694,111.77655,True,True,0.0,0.0,,main,2.2536951291840523e-06,0.0394113361835479,0.0,0.0,0.0,0.0,0.0,0.0024394951877184,0.0,0.0,2.253692589617e-06,0.0386545300014111,0.0,0.0,0.0,0.0,0.0,0.0024365244497526,0.0,0.0,0.0
a0e641e8-805b-4111-ba20-4b1f6afb340d,ok,17956992.0,v1.16+,0.0,0.0,0.0,True,0.0,0.0,0.080604276061058,4.0,actuator_motors,none,24469820,12267936,11.1,,B,,0.0,4.0,True,121.11191583441337,237.7072612921669,99.97522299306245,104.452,100.18800000000005,,True,0.0,0.0,,main,0.0003447030321694,0.001682314206846,0.0020684129558503,0.0035589998587965,0.0064306459389626,0.0002160006661142,0.0057423897087574,0.0763910338282585,0.1000214964151382,0.0,0.0003446436357282,0.0016809007013855,0.0020662767349897,0.0035526816054698,0.0064100575526434,0.000215977341329,0.0057259650368876,0.0736138100591265,0.0953297218089588,0.0,0.0
4ecb2274-be41-4d06-ab84-af2429a7d4db,ok,17825792.0,v1.16+,0.0,0.3317269076305221,0.0,True,0.0,0.0,0.4004054859280586,4.0,actuator_motors,none,58287102,33630814,13.7,,A,,0.0,4.0,True,10.001478038410957,134.81343158094694,1.999997586779772,605.492989,389.2086190000002,,True,0.0,0.0,,main,0.0056283520534634,0.0055408305488526,0.00463328207843,0.0035042068921029,0.0032271115342155,0.0002128420237568,0.00503247580491,0.0328543372452259,0.0103439120575785,0.0,0.0056125720625856,0.0055255366153212,0.0046225814669247,0.0034980814648036,0.0032219155853915,0.0002128193761067,0.0050198552226867,0.0323261707515851,0.0102907798815218,0.0,0.0
227a7d0f-1581-4e53-a568-5abdf817d24d,ok,17761023.0,v1.14-1.15,0.0,0.0,0.0,True,0.0,0.0,0.1156950443983077,4.0,actuator_motors,none,4232499,2728286,2.6,,B,,0.0,4.0,True,10.009496164248688,20.009556609929515,1.999942298315508,104.661533,97.862484,,True,0.0,0.0,,main,0.0012045727286022,0.0,0.0,0.0,0.0,0.0,0.0,2.9404576301574705,1.6841449022293085,0.0,0.0012038478129569,0.0,0.0,0.0,0.0,0.0,0.0,1.3712968663511382,0.9873622050699424,0.0,0.0
54135d2f-a61a-4c8f-b2a1-53f9c28aee2f,ok,17891583.0,v1.16+,0.0,0.0,0.0,True,0.0,0.0,0.1047178670763969,4.0,actuator_motors,none,7377168,4729636,5.0,,B,,0.0,4.0,True,9.920062100559718,197.8509735815582,1.9674507228796063,61.724785,57.03601,,True,0.0,0.0107027770407287,vehicle_attitude,main,0.002723979006987,0.0,0.0,0.0,0.0,0.0,0.0,2.483188548012526e-05,0.0,0.0,0.0027202756998013,0.0,0.0,0.0,0.0,0.0,0.0,2.483157717396088e-05,0.0,0.0,0.0
c4e6d77e-04d4-4b27-ad7d-92ea9e2ab92b,ok,17695488.0,v1.14-1.15,0.0,0.0,0.0,True,0.0,0.0,0.0686323493719101,4.0,actuator_motors,none,4118587,2842606,4.4,,B,,0.0,4.0,True,10.00839094085336,20.009461616850253,2.000003636370248,110.269748,104.22680800000003,,True,0.0,0.0,,main,0.0006435628747567,0.0,0.0,0.0,0.0,0.0,0.0,0.2696418762207031,,0.000224051400437,0.0006433558769757,0.0,0.0,0.0,0.0,0.0,0.0,0.2387348734768329,,0.0002240263046704,0.0
cc567a1a-dfe4-430f-ae64-8048546ffa32,ok,17761535.0,v1.14-1.15,0.0,0.0,0.0,True,0.0,0.0,0.2000040978193282,4.0,actuator_motors,none,39141765,25162681,16.9,,B,,0.0,4.0,True,9.963560863336571,19.923996839096475,1.9916460572792365,960.294518,955.8499169999996,,True,0.0,0.0038052449787894,vehicle_attitude,main,0.0171133570373057,0.0013107075123116,0.0008478960487991,0.0065195550210773,0.0056168218143284,0.010478089749813,0.0023301913402974,0.0409813316538929,0.0219217612408101,0.0,0.0169685730352172,0.0013098492850616,0.0008475367880071,0.006498394643278,0.0056011062907494,0.0104235750434032,0.0023274806545837,0.040163856382592,0.0216849342921686,0.0,0.0
ef9a0cbb-42cb-4234-b247-31da1de97ffd,ok,17761280.0,v1.14-1.15,0.0,0.0,0.0630048465266559,True,0.0678807947019867,1.1025149999999968,0.4879000604152673,4.0,actuator_motors,none,4806629,3248570,7.9,,C,,0.0,4.0,True,10.007404993505478,20.006815282325377,2.000059416399248,123.581029,120.87406500000002,,True,0.0,0.0,,main,0.0202223973348736,0.0,0.0,0.0,0.0,0.0,0.0,0.0142860756255686,0.0300642539747059,0.0,0.0200206401324714,0.0,0.0,0.0,0.0,0.0,0.0,0.0141849912424535,0.0296211827955516,0.0,0.06634304207119741
122898e6-3da4-44de-afd8-821c5b1d68e8,ok,17760256.0,v1.14-1.15,0.0,0.0,0.0,True,0.0,0.0,0.1119496762752532,4.0,actuator_motors,none,6221958,4143726,8.4,,C,,0.0,4.0,True,10.006699779057746,20.006254953676425,2.000031573313964,154.634254,149.021357,,True,0.0,0.0,,main,0.0008297174907056,0.0003496074248687,0.0003510123540763,0.0028786654118448,0.0044603230198845,0.0018422005698084,0.008794609690085,0.0206496186554431,0.0168421035632491,0.0,0.0008293734654311,0.0003495463264328,0.0003509507636521,0.0028745299889996,0.0044504052591723,0.0018405057994241,0.0087561623653252,0.0204393056082705,0.0167018479461785,0.0,0.0
4f5deb5a-fc75-4b40-a503-82cd7d634bf6,ok,17629952.0,v1.12-1.13,0.0,0.0,0.0,True,0.0019071163694155,0.9997800000001008,0.315,6.0,actuator_outputs,bus,111192835,60598211,23.1,,C,,,,False,10.000347270157905,20.00030735717152,1.9999994747618743,2833.363365,2831.4701250000044,True,True,0.0,0.0,,main,0.0035378754371777,0.0020229395944625,0.0,0.0057813521474599,0.0,0.0,0.0062433812301605,0.0013258463703095,0.0273174602538346,0.0,0.0035316318774974,0.0020208962074626,0.0,0.0057647042651618,0.0,0.0,0.0062239720695353,0.0013249682121268,0.0269509973516908,0.0,0.0
fef5d44e-ea5b-4926-bf76-39563009f469,ok,17695744.0,v1.14-1.15,0.8169642857142857,0.9553571428571428,0.0,True,0.918562874251497,76.69924400000001,1.0,4.0,actuator_motors,none,3871882,2602370,3.4,,B,,0.0,4.0,True,10.001360389122317,20.011825685093232,2.0000706310657144,88.332859,83.518447,,True,0.0,0.0,,main,0.0003070593884331,0.000502772963955,0.0,0.0008317195024574,0.0,8.766972747764613e-08,0.0004890603013336,0.009703879058361,,0.0157093028537929,0.0003070122553472,0.0005026466159761,0.0,0.0008313738154551,0.0,8.76697236346558e-08,0.0004889407503212,0.0096570988137278,,0.0155871889779787,0.8686296715741789
eb456400-8803-4062-b937-ea4b4320bb59,ok,17761280.0,v1.14-1.15,0.0,0.0,0.0,True,0.9486642221058146,179.703782,1.0,4.0,actuator_motors,none,5849975,3286450,3.4,,C,,0.0,4.0,True,10.005033077366992,20.00489314490248,1.9999675526097584,192.262956,190.885192,,True,0.0,0.0,,main,5.711878748115845e-06,0.0,0.0,0.0,0.0,0.0,0.0,0.0,0.0,0.0026915250346064,5.7118624353985465e-06,0.0,0.0,0.0,0.0,0.0,0.0,0.0,0.0,0.0026879093674198,0.9402907580477674
f41e7dc7-249c-4631-991f-de1d49c1e3b8,ok,17630207.0,v1.12-1.13,0.0,0.0,0.0,True,0.0,0.0,0.185,6.0,actuator_outputs,per_channel,3118438,2090170,3.8,,B,,,,False,10.000904102896836,19.99959090302145,1.9998891338055715,93.900796,90.16327000000004,True,True,0.0,0.0,,main,0.0019743186887353,0.001011563418433,0.0,0.0136721163988113,0.0,0.0,0.0051469316706061,0.0063047594390809,0.0268969655036926,0.0,0.0019723722830553,0.0010110521329276,0.0,0.0135794962693031,0.0,0.0,0.0051337314920328,0.0062849675882999,0.0265416002111171,0.0,0.0
025c84cc-0621-4534-9428-08a3bf5101f4,ok,17826047.0,v1.16+,0.0,0.0,0.0,True,0.0,0.0,0.183388328552246,4.0,actuator_motors,none,29857982,18381352,11.2,,C,,0.0,4.0,True,9.855971340700824,197.78847299768267,1.976601520370762,257.059754,251.97309099999995,,True,0.0,0.0151056909930958,vehicle_attitude,main,0.0010820722905918,0.0019432277884334,0.0025040086824446,0.0027779242955148,0.0122598007321357,0.0021232701372355,0.0017173602478578,0.0040701284073293,0.0022052023094147,0.0,0.001081487272354,0.0019413421637182,0.0025008788763227,0.0027740729945852,0.012185258009353,0.0021210191848877,0.0017158872709275,0.004061867841493,0.0022027744194724,0.0,0.0
275f67d2-125b-4f1d-b55d-75918abca89a,ok,17695488.0,v1.14-1.15,0.0,0.0,0.0,False,0.0,0.0,0.2266021570002564,4.0,actuator_motors,none,5761806,3578845,3.5,,B,,0.0,4.0,True,9.972195278930394,19.94360666971445,1.993058932683192,144.509668,141.85408300000006,,True,0.0,0.0034777087543107,vehicle_attitude,main,0.1703138545155524,1.509648847579956,0.0,14.575703144073431,0.0,1.7397003114223475,0.0800125531852244,0.0286526668816797,1.555622696876526,0.0,0.1572719645592988,0.9201428419940167,0.0,2.7457122093413786,0.0,1.0078485390247505,0.0769726643882302,0.0282498555383287,0.9382959109386236,0.0,0.0
25bb757b-205b-49a1-9ee9-1590108eb423,ok,17760384.0,v1.14-1.15,0.0,0.0,0.0,True,0.0,0.0,0.0979697197675704,4.0,actuator_motors,none,31514740,21061778,7.9,,A,,0.0,4.0,True,10.002736807007384,20.0023797011046,1.999984333897549,377.769674,371.1384739999998,,True,0.0,0.0,,main,0.0014276227157097,0.0063211293891072,0.0069697858998551,0.0117893831338733,0.0100416084751486,0.0007259800913743,0.0131428819149732,0.0598056940361857,0.0501652406528592,0.0,0.0014266046312456,0.0063012348440453,0.0069456092146506,0.0117204297724878,0.0099915265146632,0.0007257166953002,0.013057263607411,0.0580855838080678,0.0489475238380919,0.0,0.0
4ec3997c-e5f6-4abe-92ad-1dad994e9953,ok,17695488.0,v1.14-1.15,0.0396825396825396,0.0,0.0,True,0.0032414910858995,0.1994510000000033,0.4902954032007973,4.0,actuator_motors,none,2081733,1568188,3.7,,B,,0.0,4.0,True,10.015009149644731,20.014745590300247,1.999996455290836,62.141382,61.56841100000001,,True,0.0,0.0,,main,0.0041299763135612,0.0,0.0,0.0,0.0,0.0,0.0,0.0011128476297017,0.0,0.0,0.0041214713701542,0.0,0.0,0.0,0.0,0.0,0.0,0.0011122288737897,0.0,0.0,0.0032102728731942215
d721cc13-0f40-4040-9cfb-be4279fcf097,ok,17695232.0,v1.14-1.15,0.0,0.0,0.0,True,0.0,0.0,0.0491264909505843,4.0,actuator_motors,none,24250755,14796209,7.9,,B,,0.0,4.0,True,10.004650366005071,201.4103736547421,2.0000623391254706,217.000745,216.830863,,True,0.0,0.0,,main,0.0,0.0,0.0,0.0,0.0,0.0,0.0,0.0003193080017808,0.0,9.045880833582438e-05,0.0,0.0,0.0,0.0,0.0,0.0,0.0,0.0003192570338301,0.0,9.04547171845402e-05,0.0
80891879-fcfb-4c1b-bf15-1c095741ddc8,ok,17825792.0,v1.16+,0.0,0.0,0.0,True,0.0,0.0,0.1579549729824065,4.0,actuator_motors,none,4150792,2728630,3.7,,C,,0.0,4.0,True,10.01023511574694,20.010389618070395,1.9999487249326904,99.979756,93.899814,,True,0.0,0.0,,main,0.0021842818823643,0.0033378656371496,0.0023585109389387,0.022579547483474,0.0311064902693033,0.0023581483634188,0.0060143319424241,0.0765665095299482,0.0389901556074619,0.0021505307056941,0.0021818998068124,0.0033323073288004,0.0023557340174235,0.0223284029586385,0.0306324880319915,0.0023553722949644,0.0059963180397098,0.0737768190349603,0.0382492371996932,0.0021482216244435,0.0
60e496f8-a8c9-46f0-bfd0-407ca1523b26,ok,17761023.0,v1.14-1.15,0.096551724137931,0.0,0.0,True,0.0,0.0,0.1404133468866348,4.0,actuator_motors,none,3164393,2331035,4.0,,B,,0.0,4.0,True,10.013739126322394,20.012407969164595,2.00005530708495,72.024458,62.454478,,True,0.0,0.0,,main,0.0020240047946572,0.1075654640793799,0.0566858179867267,0.037932052463293,0.0238315068185329,1.0635749101638794,0.0125852232798933,0.0142726700752973,0.0058494445867836,0.001191055541858,0.0020219592566069,0.1021643309684606,0.0551374233344961,0.0372303225464629,0.0235519689559202,0.7244398720298355,0.0125066875970008,0.0141717744201161,0.0058324030093451,0.0011903467979192,0.0
fcde2ae6-1e90-4f4f-bf3c-663f19593dc1,ok,17761535.0,v1.14-1.15,0.0,0.0,0.0,True,0.0,0.0,0.0677630484104156,4.0,actuator_motors,none,4237732,2946908,4.2,,C,,0.0,4.0,True,10.008889824718006,20.00841833593563,2.000052020220941,106.547009,100.96975,,True,0.0,0.0,,main,0.0128837006166577,0.0,0.0,0.0,0.0,0.0,0.0,1.738765895424875e-05,,0.0,0.0128014117820065,0.0,0.0,0.0,0.0,0.0,0.0,1.7387507790659047e-05,,0.0,0.0
1374b998-d0ad-4510-abcf-ab90cd0a42b7,ok,17891392.0,v1.16+,0.0193861066235864,0.0,0.0,True,0.0,0.0,0.2184299796819686,4.0,actuator_motors,none,86822609,35505491,13.9,,A,,0.0,4.0,True,124.99837487161486,249.9934970346478,100.00325034128582,307.66,220.968,,True,0.0,0.0,,main,0.0002590660005807,0.0001016307796817,6.321432229015029e-05,0.0008793030894594,0.0003364298318047,5.116801403346456e-05,0.0002234956918982,0.0227519758045673,0.021632058545947,0.0,0.000259032448779,0.0001016256156238,6.321232434907755e-05,0.0008789167289665,0.0003363732519785,5.116670499528823e-05,0.0002234707204566,0.0224970096803738,0.0214014059661722,0.0,0.0
cecd9029-d2fd-4247-8001-7434bf673ec1,ok,17891392.0,v1.16+,0.0,0.3596059113300492,0.0,False,0.0052742616033755,0.203999999999997,0.046668580174446,4.0,actuator_motors,none,28743732,11935833,5.9,,C,,0.0,4.0,True,125.0,250.0,100.01419647927314,98.316,94.528,,True,0.0,0.0,,main,0.0003265117993578,0.0002065137523459,6.012482390360681e-05,0.0011812915327027,0.0013050159905105,6.475107802543791e-05,0.0005780737992608,0.0909773334860801,0.0712572932243347,0.0,0.0003264585059805,0.0002064924313162,6.012301647882912e-05,0.0011805943568513,0.0013041651972615,6.474898176487478e-05,0.0005779067789657,0.0870739307286772,0.0688329990507469,0.0,0.005060728744939271
ecc4f49a-ebce-4d83-a39c-a51d9fb12c52,ok,17826047.0,v1.16+,0.0,0.0,0.0,True,0.0,0.0,0.2188811637461184,4.0,actuator_motors,none,4566153,3385008,3.4,,C,,0.0,4.0,True,10.00895955864492,20.009102168487168,1.9999761162272496,103.492455,97.20094999999996,,True,0.0,0.0,,main,0.0011107205355074,0.0018828209256753,0.0005412178259575,0.011087710224092,0.0084561851341277,0.0047669403022155,0.0056644440395757,0.0034080391167662,0.0012947640148922,0.0,0.0011101041418385,0.001881050640095,0.0005410714204124,0.0110266921843501,0.0084206318898875,0.0047556144212301,0.005648461403199,0.0034022449123071,0.0012939265307833,0.0,0.0
035cc92b-0e37-4633-8cf7-bff8d02df70d,ok,17630207.0,v1.12-1.13,0.0,0.0,0.0,False,0.0,0.0,0.4489999999999999,6.0,actuator_outputs,per_channel,11337728,7103190,7.6,,B,,,,False,9.982415965489452,19.9648208874214,1.9955716107392376,227.751447,225.4795979999999,True,True,0.0,0.0022631452074643,sensor_combined,main,2.3023651465337025e-06,0.0602139765396714,0.0,0.0527822697535157,0.0,0.0023504212498664,0.0185076620429753,0.0014514806505758,0.2112762592732906,0.0,2.3023624960951367e-06,0.0584707524121141,0.0,0.05143644040751,0.0,0.0023476633305099,0.0183384795263092,0.0014504282707525,0.1916745634704352,0.0,0.0
fdfbc49c-7823-4ed9-94df-e04d962d1d77,ok,17891583.0,v1.16+,0.0,0.0,0.0,True,0.0,0.0,0.3183292753994465,4.0,actuator_motors,none,17171461,11323005,8.3,,B,,0.0,4.0,True,10.002490312280326,20.00224076146912,2.00002761942903,399.220714,389.1765129999998,,True,0.0,0.0,,main,0.0030397847993299,0.0017565448069944,0.0008672120748087,0.0061237404122948,0.0062212246004491,0.0060498428530991,0.0053842451889067,0.0129741200245916,0.0022334778215736,0.0,0.0030351739950554,0.0017550038863651,0.0008668362636736,0.0061050665112801,0.0062019526713823,0.0060316160298271,0.0053698019615028,0.012890677086879,0.002230987317618,0.0,0.0
738b7342-5d6d-4a47-83a8-97f85efff080,ok,17761280.0,v1.14-1.15,0.009861932938856,0.0,0.0,True,0.0,0.0,0.136138144135475,4.0,actuator_motors,none,54443173,34477856,15.0,,B,,0.0,4.0,True,9.961054961936345,197.26335222463496,1.999841546151644,505.786003,502.08635500000025,,True,0.0,0.0051110513791928,sensor_combined,main,0.0055667517706751,0.006881184503436,0.0023929057642817,0.0033095315098762,0.0035984772723168,0.0092404635623097,0.0065748901106417,0.0153335159644484,0.0024256188888102,0.0035394182545132,0.0055513146712063,0.0068576172055314,0.0023900473243601,0.0033040670636541,0.0035920182434518,0.009198031672146,0.0065533697982809,0.0152171456779056,0.0024226818238214,0.0035331692545983,0.0
ed52a2ab-f40e-4c69-9304-71bdbf8c2936,ok,17891583.0,v1.16+,0.0,0.0,0.0,True,0.0387700534759358,1.899642,0.4051109515130519,4.0,actuator_motors,none,3541193,2632547,2.9,,A,,0.0,4.0,True,10.013232902336725,20.01330366214163,2.000013281133945,76.759401,74.74213699999997,,True,0.0,0.0,,main,0.0005303321260726,0.0,0.0,0.0,0.0,0.0,0.0,0.0003876663831761,0.0,0.0,0.0005301915496898,0.0,0.0,0.0,0.0,0.0,0.0,0.0003875912599783,0.0,0.0,0.037516170763260026
f132cbe2-d342-49df-a8d5-8a7c156e6f9c,ok,17694848.0,v1.14-1.15,0.0,0.0,0.0,True,0.0,0.0,0.1290144473314285,4.0,actuator_motors,none,4050162,2664185,3.3,,B,,0.0,4.0,True,10.01070119119569,20.010115793489,2.00002028281439,92.608513,89.888659,,True,0.0,0.0,,main,0.0087414169684052,0.0,0.0,0.0,0.0,0.0,0.0,0.0,0.0,0.0,0.0087034319843166,0.0,0.0,0.0,0.0,0.0,0.0,0.0,0.0,0.0,0.0
0b7ca6ad-a5b4-4382-b0fa-6be83218c520,ok,17695743.0,v1.14-1.15,0.0054545454545454,0.0,0.0,True,5.138548103233432e-05,0.0105039999999974,0.1127466171979903,4.0,actuator_motors,none,34408859,18217511,12.3,,A,,0.0,4.0,True,10.003672376176974,161.61668812800076,1.999995747756789,277.684698,272.45020800000026,,True,0.0,0.0,,main,0.002401674282737,0.0,0.0,0.0,0.0,0.0,0.0,0.0011099677940364,,1.309065396526421e-05,0.0023987948724057,0.0,0.0,0.0,0.0,0.0,0.0,0.0011093522352426,,1.3090568283401344e-05,5.0339793606846214e-05
e81ab0c8-31a2-4a1c-85ef-279f6e158914,ok,17891583.0,v1.16+,0.0,0.0,0.0,True,0.0204937121564974,1.1970809999999688,0.4323978900909423,4.0,actuator_motors,none,17893360,11745708,14.0,,B,,0.0,4.0,True,10.00239352662722,20.00227494315477,1.999996735637512,435.43292,429.4206730000005,,True,0.0,0.0,,main,0.0023248856887221,0.0077728629112243,0.0035198882687836,0.0435220468789339,0.0286193871870636,0.0094828330911695,0.0061696220654994,0.0424963533878326,0.0282212849706411,0.0,0.0023221873234405,0.0077428098440954,0.0035137079604883,0.0426015751307446,0.0282175023115854,0.0094381532682322,0.0061506678674919,0.0416181767353803,0.0278304016218892,0.0,0.020192748967416244
a2a598cf-5654-4d25-bea0-9c7d83e6b780,ok,17771007.0,v1.14-1.15,0.0552486187845303,0.0,0.0,True,0.0002933534489984,0.0209959999999966,0.2769285187125206,4.0,actuator_motors,none,21249130,9702723,6.1,,A,,0.0,4.0,True,10.01054565897767,159.8279630103498,50.00713719565313,87.262665,83.51685199999999,,True,0.0,0.0,,main,0.0124136954545974,0.0,0.0,0.0,0.0,0.0,0.0,9.068833351135254,1.2943037748336792,0.0,0.0123372773083145,0.0,0.0,0.0,0.0,0.0,0.0,2.3094448461097774,0.8304294314021662,0.0,0.0005988502076014053
4ec71427-b576-462d-82e3-c1bc75306d41,ok,17826047.0,v1.16+,0.0,0.0,0.0,False,0.0005755880882335,0.3444529999999304,0.1364646315574645,4.0,actuator_motors,none,68805028,39474024,19.8,,B,,0.0,4.0,True,10.001499566400009,159.52660571119276,1.999995818789631,607.328587,604.423431,,True,0.0,0.0,,main,0.0009211603202857,0.0025905234739184,0.1032639496028423,0.0022257457952946,0.0042890244629234,0.0,0.0009418422472663,0.0,0.7777166485786438,3.981348636443724e-05,0.0009207363124839,0.002587173851587,0.098273013187146,0.0022232724924044,0.0042798528131033,0.0,0.0009413989921526,0.0,0.5753297591378653,3.981269382862467e-05,0.0005732384498242648
fe897738-b693-498b-8eb8-4626b9aa9327,ok,17760384.0,v1.14-1.15,0.0,0.0,0.0,True,0.0,0.0,0.3046840742230414,4.0,actuator_motors,none,14935326,9403915,6.1,,B,,0.0,4.0,True,10.008309953233688,200.65010395996228,1.9999430443570616,117.559149,110.53826299999994,,True,0.0,0.0,,main,0.0067904864903539,0.0011220367625355,0.0033102553570643,0.0323459696024656,0.0500982400029896,0.0052016704343259,0.0057165701407939,0.0088660736568272,0.0058193444274365,0.0268846284598111,0.0067675349796652,0.0011214077497602,0.003304788522889,0.0318338527412277,0.0488837217003988,0.0051881884789215,0.0057002925588701,0.008827000804476,0.0058024774475292,0.0265295862326903,0.0
4c6d758d-6688-4c24-8f16-73341e599f3b,ok,17826240.0,v1.16+,0.0344827586206896,0.0,0.0,True,0.0,0.0,0.3537606552243232,4.0,actuator_motors,none,3115121,2540037,5.0,,A,,0.0,4.0,True,10.014594650635823,20.014761931611563,2.0000116812276456,69.124326,64.772828,,True,0.0,0.0,,main,0.0047359424643218,0.0033276558620855,0.0019809732446447,0.0250185256823897,0.0253479255363344,0.0261666122823953,0.0597435615956783,0.0296559719368815,0.0212065074592828,0.0,0.0047247631712399,0.0033221314674475,0.0019790137045842,0.0247106862635194,0.0250319945414448,0.0258301237035133,0.0580269558329357,0.0292247386202354,0.02098477873003,0.0,0.0
cc20e732-0387-42e4-899f-8a4e98c47d10,ok,17761023.0,v1.14-1.15,0.0,0.0,0.0,True,0.0,0.0,0.180444660782814,4.0,actuator_motors,none,41187145,23441970,21.7,,B,,0.0,4.0,True,9.983447740184824,221.39665843767307,1.9944997693615487,364.360162,255.224433,,True,0.0,0.0001612446435858,vehicle_attitude,main,0.0439686402678489,0.0049636606127023,0.0030899844132363,0.0045237840386107,0.0031374878017231,0.0122863240540027,0.0039541969308629,0.0516944877803325,0.0179655689746141,0.0,0.0430294509516794,0.0049513822629752,0.0030852202230585,0.0045135824824508,0.0031325761576707,0.0122114597555556,0.0039463996420968,0.0504026612829224,0.0178060953310166,0.0,0.0
198c332b-35a7-4abd-af7d-a36a21c2557b,ok,17826559.0,v1.16+,0.0,0.0,0.0,True,0.001063829787234,0.1025029999999986,0.2191928043961523,4.0,actuator_motors,none,14819457,9613443,4.9,,A,,0.0,4.0,True,10.002642161976787,20.00264104638467,2.0000533259251005,378.182526,376.039615,,True,0.0,0.0,,main,0.0101462451275438,0.0,0.0,0.0,0.0,0.0,0.0,0.0175813287496566,0.0,0.9364757537841796,0.0100951175270556,0.0,0.0,0.0,0.0,0.0,0.0,0.0174285651154752,0.0,0.6608696992561137,0.0010568031704095112
a1c9be68-6bf1-48c4-bf04-c96dac15a291,ok,17630207.0,v1.12-1.13,0.0,0.0,0.0,True,0.0,0.0,0.1939999999999999,6.0,actuator_outputs,per_channel,4324881,2591956,3.1,,B,,,,False,10.00885407184008,20.008374261679013,1.9998884869046272,116.860929,110.601542,True,True,0.0,0.0,,main,2.712824789341539e-05,7.244854350574315e-05,0.0,0.0,0.0,0.0,0.0,0.0025893937563523,0.0,0.0,2.712787992915331e-05,7.244591923676397e-05,0.0,0.0,0.0,0.0,0.0,0.0025860470523842,0.0,0.0,0.0
7cd73314-f736-4e83-859f-659558db07aa,ok,16777471.0,v1.12-1.13,0.0,0.0,0.0,True,0.0,0.0,0.4885335430502891,4.0,actuator_motors,none,31535878,13728933,7.7,,C,,0.0,4.0,True,9.968000360483142,168.2718476534691,1.9999783494407253,63.655593,61.49039099999999,,True,0.0,0.0042503287150993,sensor_combined,main,0.0007274406671058,0.0,0.0,0.0,0.0,0.0,0.0,0.2668199449777595,0.1746826469898224,0.0,0.0007271762103869,0.0,0.0,0.0,0.0,0.0,0.0,0.2365097799361766,0.160998023447643,0.0,0.0
ebab304c-8373-4b27-a946-30453b279b2d,ok,17761535.0,v1.14-1.15,0.02734375,0.0,0.0,True,0.0,0.0,0.2861600026488304,4.0,actuator_motors,none,5272192,3722661,7.5,,A,,0.0,4.0,True,10.0078876082453,20.0071814675058,2.0000050039340884,127.592369,122.08894,,True,0.0,0.0,,main,0.0525119295343756,0.0335444500669837,0.0200781994499266,0.0107963532209396,0.0038501275121234,0.6586925089359283,0.0341693516820669,0.0054106954485177,0.0023687763605266,0.0,0.0511796209846308,0.0329941084716926,0.0198792904848613,0.0107384887107318,0.0038427347405267,0.5060296467936585,0.0335985457333484,0.0053961102230545,0.0023659752324287,0.0,0.0
57d569c7-c5dc-4c15-9620-37a2f1ec5bf1,ok,17760768.0,v1.14-1.15,0.0,0.0,0.0,True,0.0,0.0,0.0828125923871994,4.0,actuator_motors,none,8580940,4664431,8.2,,C,,0.0,4.0,True,9.913767581891056,168.7766448115085,1.9709460238026224,69.680058,68.14344400000002,,True,0.0,0.007996820706343,vehicle_attitude,main,0.0882338568568228,0.0,0.0,0.0,0.0,0.0,0.0,0.0021468766033649,0.0,0.0064350792206823,0.084556067301028,0.0,0.0,0.0,0.0,0.0,0.0,0.0021445753568627,0.0,0.0064144624979553,0.0
5069b6cf-11b4-4ada-8034-d2c0b4a322f7,ok,17761280.0,v1.14-1.15,0.0,0.0,0.0,True,0.0,0.0,0.2070283591747284,4.0,actuator_motors,none,30064944,18737786,9.2,,B,,0.0,4.0,True,10.003328839744354,199.42916563438536,2.0000443313237244,279.136877,269.3235120000001,,True,0.0,0.0,,main,0.0019778529298491,0.0019878515042364,0.0023707542219199,0.0072647684020921,0.0052315331296995,0.0008362792723346,0.005760505865328,0.0718108665198086,0.0527080424129962,5.355027461051938,0.001975899553979,0.0019858783419047,0.0023679484178357,0.0072385070836856,0.0052178962009417,0.000835929785656,0.0057439775951702,0.0693496165976681,0.0513659320417186,1.8492462258046916,0.0
886cac0b-4906-4d15-ad78-baa8a1a64eaa,ok,17891583.0,v1.16+,0.0,0.0,0.0140485312899106,True,0.0131458683607722,1.567500999999993,0.2947495579719543,4.0,actuator_motors,none,48382717,25639634,12.4,,A,,0.0,4.0,True,10.003192232767317,199.99380092072303,2.0000000384000005,312.562681,310.1897609999997,,True,0.0,0.0,,main,0.0230091824196279,0.02345015341416,0.0851239971816539,0.0104390368796885,0.0187522671185433,0.0024116360582411,0.0070079646538943,0.0521215014159679,0.0110019587446004,0.0,0.0227484629014714,0.0231794228464218,0.0816942635793366,0.0103849263827384,0.0185786109628943,0.0024087327309114,0.0069835229940191,0.0508086032889649,0.0109418774692967,0.0,0.013029279531169615
ad3730a4-af72-475f-bdaa-c489926615ff,ok,17761535.0,v1.14-1.15,0.0,0.0,0.0,True,0.0,0.0,0.1200964674353599,4.0,actuator_motors,none,3592779,2559133,2.6,,C,,0.0,4.0,True,10.010531035915392,20.01036222665824,2.0000028817245825,93.340772,89.54397199999997,,True,0.0,0.0,,main,0.004346733726561,0.0,0.0,0.0,0.0,0.0,0.0,0.0,0.0,0.003577327216044,0.004337313966444,0.0,0.0,0.0,0.0,0.0,0.0,0.0,0.0,0.0035709438002204,0.0
0cfab7c8-f38d-4315-a6f1-c133f66b56be,ok,17760256.0,v1.14-1.15,0.0245183887915936,0.0,0.0,True,0.0,0.0,0.3015349864959716,4.0,actuator_motors,none,11617759,7250679,3.4,,C,,0.0,4.0,True,10.003574814101023,20.00364245115708,2.0000217225557915,284.795689,279.6613489999999,,True,0.0,0.0,,main,0.0047532913507893,0.0001637533561734,0.0017211949743796,0.003067560493946,0.0040526129771023,0.0055239198030903,0.0238916589878499,0.0158385180868207,0.0128873694688081,0.0,0.0047420301325911,0.000163739950056,0.0017197154158055,0.0030628651300119,0.0040444232601768,0.0055087189114062,0.0236107192502361,0.0157143976332416,0.0128050339604497,0.0,0.0
9ce5d759-53b5-4520-9074-cffb20819e71,ok,17761280.0,v1.14-1.15,0.0,0.0,0.0,True,0.0,0.0,0.3925957500934594,4.0,actuator_motors,none,2239652,1681483,2.3,,C,,0.0,4.0,True,10.014507249718886,20.01521409628458,2.0001301844734467,62.911725,56.51280199999999,,True,0.0,0.0,,main,0.0013599759840872,0.0001994609810935,0.0001236029656865,0.001176124671474,0.0013973307795822,0.0012510514934547,0.0028644150588661,0.0069060416426509,0.4486882016062736,0.0,0.0013590520543352,0.0001994410913967,0.0001235953274693,0.0011754335786736,0.0013963554214213,0.0012502695806092,0.0028603204393143,0.0068823041624188,0.3706584584074164,0.0,0.0
3143275f-8f58-4619-ac11-30df1be2895d,ok,17825984.0,v1.16+,0.0,0.0,0.0,True,0.0236111111111111,1.297665,0.242809265851974,4.0,actuator_motors,none,3272789,2537480,3.1,,B,,0.0,4.0,True,9.908308383843432,19.81741296273008,1.9738925600804864,76.60297,72.79961700000003,,True,0.0,0.0104301741467216,vehicle_attitude,main,0.0111158895306289,0.0,0.0,0.0,0.0,0.0,0.0,0.0425114836543798,0.0407552607357502,0.0,0.011054562084831,0.0,0.0,0.0,0.0,0.0,0.0,0.0416326901259572,0.0399466618346766,0.0,0.022339027595269383
4f1e4a7f-7cd9-433d-9459-5be1f1a482aa,ok,17564159.0,v1.12-1.13,0.0,0.0,0.0,True,0.0,0.0,0.476,6.0,actuator_outputs,bus,8751757,4338312,7.0,,B,,,,False,10.01299984709406,200.5802792136892,2.014272904260704,68.290655,68.11727200000001,True,True,0.0,0.0,,main,0.0556174408644437,2.44564489548793e-06,0.0,0.0,0.0,0.0,0.0,0.0307217346504329,2.9051036834716792,0.0,0.0541258477390784,2.4456419049033288e-06,0.0,0.0,0.0,0.0,0.0,0.0302592701094834,1.3622843344043842,0.0,0.0
b5727847-0625-4c37-8567-75be43eccbd3,ok,17760384.0,v1.14-1.15,0.0,0.0,0.0,True,0.0,0.0,0.1342889487743377,4.0,actuator_motors,none,11907470,7428981,10.9,,C,,0.0,4.0,True,9.937023143824206,192.62105351911345,1.9816730512899887,110.419187,101.83776799999998,,True,0.0,0.0071695490668113,sensor_combined,main,0.0088046004995703,0.001872635341715,0.001542938593775,0.0059255935717374,0.0051031766925007,0.0008718891767784,0.0016928430530242,0.0324850030243396,0.0416010050103066,0.0,0.0087660660265033,0.0018708841460465,0.0015417494870115,0.0059081062898271,0.0050901996171379,0.0008715093021997,0.0016914118092428,0.0319685208316693,0.0407589573433483,0.0,0.0
24bd8054-c9fe-4329-ab73-50dcdd575f77,ok,17695488.0,v1.14-1.15,0.0,0.0,0.0,True,0.0,0.0,0.3062676489353179,4.0,actuator_motors,none,2850738,2037398,2.5,,C,,0.0,4.0,True,9.99972776498715,19.999549677411377,1.9999740978964395,82.024962,71.35035999999998,,True,0.0,0.0,,main,0.0053970194421708,0.0015814510639756,0.0,0.0223707493394613,0.0,0.1382778465747831,0.0141653025522827,0.0067963455803692,0.0128909088205546,0.0,0.0053825077226803,0.0015802018870763,0.0,0.0221241944308687,0.0,0.1295164593084531,0.0140659121511547,0.0067733545350198,0.0128085282735089,0.0,0.0
d404cfa8-ee96-4651-80a9-d4c74b66ce2e,ok,17695488.0,v1.14-1.15,0.0655270655270655,0.0,0.0,True,0.0683810637054354,11.701189,0.9999999393106098,4.0,actuator_motors,none,8273097,5371842,3.3,,C,,0.0,4.0,True,9.865396507615984,19.725278012738908,1.9718101593086097,178.136931,173.5534980000001,,True,0.0,0.014858023610911,vehicle_attitude,main,0.005381385772489,0.002614558651112,0.0,0.0199998542666435,0.0,0.0027695572935044,0.0114425746724009,1.8500478804111515,,0.0,0.0053669578543889,0.0026111466386191,0.0,0.0198024844203298,0.0,0.002765729136275,0.0113776035695593,1.047335794283702,,0.0,0.06647727272727273
9bf58a70-9650-4ccd-b99c-3a7a43ed48b4,ok,17695744.0,v1.14-1.15,0.1518987341772152,0.0,0.0,True,0.725705329153605,9.300667000000004,1.0,4.0,actuator_motors,none,2902563,2065520,2.8,,B,,0.0,4.0,True,10.021419648738284,20.02031650749144,2.015072851689464,78.27795,63.758995,,True,0.0,0.0,,main,0.0001141124761488,0.0552194422110913,0.0,0.5148623466491691,0.0,8235.118017578125,0.0069007811835035,0.0,6.76838681101799e-05,0.0,0.0001141059658154,0.0537487473944142,0.0,0.4153245745357074,0.0,8.987378698766085,0.0068770797694058,0.0,6.768157766052913e-05,0.0,0.5875634517766497
b2a255e0-924d-478a-bf67-93938cfe3da1,ok,17761535.0,v1.14-1.15,0.375,0.0,0.0,True,0.0,0.0,0.3234980076551437,4.0,actuator_motors,none,6053972,3994007,3.5,,C,,0.0,4.0,True,10.006687220964842,20.00583175704421,2.0000010573254,157.362841,147.77347600000004,,True,0.0,0.0,,main,0.0019929948728531,0.0126579044386744,0.0047973967622965,0.0193014163523912,0.0103701178915798,0.0225245006382465,0.0076544560026377,0.0496600890532135,0.0427481090649961,0.0,0.0019910114933777,0.01257846284,0.0047859259265864,0.0191175067256423,0.010316717083535,0.022274570152145,0.0076253092945974,0.0484663870480511,0.0418596406816177,0.0,0.0
d8344a60-31e3-4d97-97d9-bc3e43af9781,ok,17826559.0,v1.16+,0.0,0.0,0.0,False,0.0058275058275058,0.5001669999999976,0.235419875383377,4.0,actuator_motors,none,3670016,2799076,2.9,,B,,0.0,4.0,True,10.011111649019696,20.01084649522124,1.999873479268622,87.296456,85.48191199999998,,True,0.0,0.0,,main,0.0005433448648545,0.0,0.0,0.0,0.0,0.0,0.0,0.0016331673134118,5.517050600051874,0.0011363199795596,0.000543197306481,0.0,0.0,0.0,0.0,0.0,0.0,0.0016318351459127,1.874421911636792,0.001135674856676,0.005701254275940707
81b91c81-7238-42e1-8b8d-79d7021d5023,ok,17695743.0,v1.14-1.15,0.0,0.0,0.0,True,0.0,0.0,0.232407921552658,4.0,actuator_motors,none,2647906,2039201,2.9,,B,,0.0,4.0,True,10.014395732441638,20.01475042354653,1.9999572509137613,64.612064,59.056771000000005,,True,0.0,0.0,,main,0.0045461894012987,0.0391900688409805,0.0,0.015333979204297,0.0,0.9432914137840268,0.0045148872770369,0.0245125267654657,,0.0,0.0045358866958282,0.0384416297860372,0.0,0.0152176019218251,0.0,0.6643831405100192,0.0045047257474353,0.0242169158211538,,0.0,0.0
fc6bb66d-ed86-454a-99d3-6520ea1fce05,ok,17695743.0,v1.14-1.15,0.0,0.0,0.0,True,0.0,0.0,0.0817872375249863,4.0,actuator_motors,none,16800729,12005736,9.5,,B,,0.0,4.0,True,10.003528436595628,20.00352927017485,2.0000722374844777,281.2767,272.34023900000017,,True,0.0,0.0,,main,0.0079350799322128,0.0031821432057768,0.0,0.0099721765145659,0.0,0.035902689769864,0.0042367046698927,0.0027511593420058,0.0054843191755935,0.0,0.0079037627459428,0.0031770909033482,0.0,0.0099227824683345,0.0,0.0352732106321383,0.0042277551055324,0.0027473818299156,0.005469335057343,0.0,0.0
05be569c-4ba8-47ad-9879-f3173995baef,ok,17629951.0,v1.12-1.13,0.0,0.0,0.0,True,0.0,0.0,0.154,6.0,actuator_outputs,per_channel,7299192,4407791,5.0,,B,,,,False,9.99577003726374,19.99536620292578,2.000001732485577,236.333113,224.089834,True,True,0.0,0.0006131894496473,sensor_combined,main,0.0,0.0625449195504188,0.0,0.0,0.0,0.0,0.0,0.0,0.0,0.0009060595766641,0.0,0.0606668981467017,0.0,0.0,0.0,0.0,0.0,0.0,0.0,0.0009056493524588,0.0
52b9cddd-9200-4333-b9e1-edb56cd34158,ok,17695488.0,v1.14-1.15,0.4503816793893129,0.0,0.0817790530846484,True,0.000841852074564,1.0983699999999317,0.4630625471472739,4.0,actuator_motors,none,89217341,43866807,22.5,,B,,0.0,4.0,True,10.000603545930728,20.00055053980228,1.999997260769302,1672.591514,1662.9246040000032,,True,0.0,0.0,,main,0.0126698555424809,0.0165818437933921,0.0,0.0167835790663957,0.0,0.0068800894543528,0.0082329479977488,0.0252206645905971,0.0273925069719552,0.0,0.0125902644891383,0.0164458661361713,0.0,0.0166442911427122,0.0,0.0068565296395946,0.008199242153985,0.0249078719478253,0.0270240458299198,0.0,0.0008369701679918695
730ec94c-abaa-48bb-bebf-743eb43eb3ba,ok,17891392.0,v1.16+,0.0,0.0132743362831858,0.0,True,0.0,0.0,0.3145506814122199,4.0,actuator_motors,none,26077205,16872799,11.9,,A,,0.0,4.0,True,9.904442099150623,19.80696461675945,1.98085056407296,574.779532,565.9446429999998,,True,0.0,0.010425850540313,vehicle_local_position,main,0.0042559627909213,0.0002363930965657,0.0002055784279946,0.0070430427324026,0.0060908493585884,0.002912624599412,0.0057358337100595,0.004940259642899,0.0014151786454021,0.0,0.0042469317959343,0.0002363651601202,0.0002055572996452,0.0070183563506553,0.0060723751135768,0.0029083911267357,0.0057194464490932,0.0049280966028314,0.0014141782238418,0.0,0.0
2ce3b0b8-ba0c-4db0-a4a3-2180314b2696,ok,17629695.0,v1.12-1.13,0.0,0.0,0.0,True,0.0,0.0,0.3317650929093361,4.0,actuator_motors,none,51432289,34623463,12.9,,C,,0.0,4.0,True,10.002360763108912,285.65526035803055,2.000052021971664,388.159948,383.0476220000002,,True,0.0,0.0,,main,0.0009281439124606,0.0057707146741449,0.0,0.0153030663728713,0.0,0.0006336185033433,0.0059202140197157,0.0224156320095061,0.0,0.0014834492467343,0.0009277134532309,0.0057541278813927,0.0,0.0151871554848359,0.0,0.0006334178518925,0.0059027584127667,0.0221680940484145,0.0,0.0014823500228614,0.0
e644499b-6db1-4e86-856a-2c8b3c402220,ok,17891583.0,v1.16+,0.0,0.0,0.0,True,0.3238566131025958,1.5001549999999997,0.6177445173263545,4.0,actuator_motors,none,3438045,2490115,2.6,,B,,0.0,4.0,True,10.010080666034844,20.01195594295856,2.0000592201442657,87.074302,80.95779900000001,,True,0.0,0.0,,main,0.0,0.0,0.0,0.0,0.0,0.0,0.0,0.0,0.0,0.0066040156874805,0.0,0.0,0.0,0.0,0.0,0.0,0.0,0.0,0.0,0.0065823047098846,0.2990867579908676
3dbf1e2a-1b73-4420-9cd3-24be7db3554a,ok,17761535.0,v1.14-1.15,0.0,0.0,0.0,True,0.0,0.0,0.0774389833211898,4.0,actuator_motors,none,14617200,9016762,9.3,,C,,0.0,4.0,True,9.970188090377516,19.948829493500963,1.9973099272910904,372.167264,363.12682299999983,,True,0.0,0.0025707133393866,sensor_combined,main,0.0101338075008243,0.0,0.0,0.0,0.0,0.0,0.0,57.25367660522464,14.310044431686402,0.0027926709270104,0.0100828047521971,0.0,0.0,0.0,0.0,0.0,0.0,4.064807208140232,2.728509111800352,0.0027887786664085,0.0
1040a322-9fbf-4620-8e8c-f40026d3232a,ok,17760768.0,v1.14-1.15,0.0,0.0,0.0,True,0.0,0.0,0.1423230051994324,4.0,actuator_motors,none,3376316,2611025,2.9,,A,,0.0,4.0,True,10.013068623180189,20.013072680251216,2.0000013684219886,76.073018,71.810051,,True,0.0,0.0,,main,0.0015622155508026,0.0005338807939551,0.0123073380440473,0.0044259500689804,0.0169806487858295,0.0024633929599076,0.0169379070401191,0.1650408565998078,0.0171775668859481,0.0,0.0015609965614732,0.0005337383303075,0.0122322184790849,0.0044161843564085,0.0168380891428459,0.0024603637811553,0.016796060178024,0.1527561564454778,0.017031700533756,0.0,0.0
c20a8ea0-1087-44df-a647-4c1c73533593,ok,17695743.0,v1.14-1.15,0.0,0.0,0.0,True,0.0,0.0,0.1948601096868515,4.0,actuator_motors,none,26582210,18652194,10.2,,B,,0.0,4.0,True,10.002229463071677,20.00222694134041,1.9999996875000488,448.390194,443.0299549999995,,True,0.0,0.0,,main,0.001252988516353,0.0001418469444615,0.0,0.0008575159939937,0.0,0.0021102886646986,0.0038996915332972,0.0026658109854906,0.0617985675111412,0.0,0.0012522041813487,0.0001418368851349,0.0,0.0008571485372054,0.0,0.0021080651332204,0.0038921074469404,0.0026622640136912,0.0599642320528879,0.0,0.0
6e9df7ff-fffb-4bed-b87c-aa37fef50db8,ok,16842880.0,v1.12-1.13,0.0,0.0,0.0,True,0.0,0.0,0.3472642004489898,4.0,actuator_motors,none,9689432,6014279,5.8,,C,,0.0,4.0,True,10.010496165974423,201.2297913003921,2.000006122923773,89.835447,84.47071199999999,,True,0.0,0.0,,main,0.0091733262874186,0.0,0.0,0.0,0.0,0.0,0.0,0.0001966758114576,,0.0004536324209766,0.0091315068839649,0.0,0.0,0.0,0.0,0.0,0.0,0.0001966564733057,,0.0004535295608958,0.0
a4ac869f-6f57-4ac3-91ec-63b1997596b8,ok,17826240.0,v1.16+,0.0,0.0,0.0,True,0.6753393665158371,29.900577,1.0,4.0,actuator_motors,none,3941946,2772171,3.2,,C,,0.0,4.0,True,10.01013082911442,20.009029383290528,1.9999221377464087,96.750816,88.38193600000002,,True,0.0,0.0,,main,0.0036926281522028,0.0,0.0,0.0,0.0,0.0,0.0,0.0458522895351052,0.0,0.0031896003289148,0.0036858271381364,0.0,0.0,0.0,0.0,0.0,0.0,0.0448321410774219,0.0,0.003184524344496,0.6135662898252826
d5c5967c-378a-4740-8885-4b6f97329e54,ok,17826047.0,v1.16+,0.0,0.0,0.0,True,0.0,0.0,0.1532414257526397,4.0,actuator_motors,none,111945329,41181691,22.6,,B,,0.0,4.0,True,10.004084483946306,199.8979624473137,2.0000006625769067,244.66754,238.889997,,True,0.0,0.0,,main,0.0055982721503823,0.0072047839872538,0.0103600695263594,0.010762180481106,0.0165960690937936,0.0055857729865238,0.0040891325799748,0.0064972213469445,0.0037625376367941,0.0,0.005582660064881,0.0071789535254947,0.0103067718020886,0.0107046803997014,0.0164598593045129,0.0055702304079444,0.0040807947991454,0.0064762053854477,0.0037554769971329,0.0,0.0
007b1dc9-f39b-45c1-80e3-4189a9e9296e,ok,17761535.0,v1.14-1.15,0.0,0.5606936416184971,0.117096018735363,True,0.0359801488833746,1.900551,0.2768341451883316,4.0,actuator_motors,none,4030897,3186519,3.3,,C,,0.0,4.0,True,10.011255024207673,20.01038589553321,2.000124362762153,85.074429,80.63005499999996,,True,0.0,0.0,,main,0.0209705487824976,0.0005210321891354,0.0005373543710447,0.0036773778148926,0.001906249532476,0.0389537680894135,0.0607143094763157,1.122749310731887,13.233953905105563,23.673791027069083,0.0207536933037062,0.0005208964989949,0.0005372100478841,0.0036706327920366,0.0019044349445083,0.0382142145817706,0.0589425580353635,0.7527120931920126,2.6556302305063424,3.205741588255747,0.03399765533411489
433f67a4-17ad-4845-81ce-835e43193268,ok,16779520.0,v1.12-1.13,0.0,0.0,0.0,True,0.0,0.0,0.207602858543396,4.0,actuator_motors,none,6290166,3626866,3.7,,B,,0.0,4.0,True,10.014028194875063,20.014025806845044,2.0000007092201093,70.877761,65.14015000000002,,True,0.0,0.0,,main,0.001678609609371,0.0,0.0,0.0,0.0,0.0,0.0,1.9335235174366963e-05,0.0,8.43587627059605e-06,0.0016772023189014,0.0,0.0,0.0,0.0,0.0,0.0,1.9335048251116803e-05,0.0,8.435840688791932e-06,0.0
a6cb104b-3160-4d4d-9e71-90582fc91269,ok,17694976.0,v1.14-1.15,0.0,0.0,0.0,True,0.0028328611898017,0.1001060000000109,0.1802805006504058,4.0,actuator_motors,none,6163687,4090834,3.5,,B,,0.0,4.0,True,9.882163257300736,19.76432257969875,1.9818814939233604,110.0853,107.278738,,True,0.0,0.0135904993172031,vehicle_local_position,main,0.0108509133569896,0.0,0.0,0.0,0.0,0.0,0.0,0.0003407958109164,,0.013931775651872,0.0107924646312252,0.0,0.0,0.0,0.0,0.0,0.0,0.0003407377532142,,0.013835620510826,0.0027447392497712718
59f82431-e77b-4190-9f28-063595e00538,ok,17761280.0,v1.14-1.15,0.0,0.0,0.0,True,0.0004432624113475,0.029091000000001,0.2938155680894851,4.0,actuator_motors,none,14492588,9279057,15.9,,C,,0.0,4.0,True,10.007139522319395,197.46940171239007,1.9999357764984853,133.611191,128.64326000000003,,True,0.0,0.0,,main,0.0179216179996728,0.0066346039529889,0.0068040919490158,0.0075946677010506,0.0126938072964549,0.0324438650161027,0.0059357228223234,2.163318192958828,8.162877988815298,64.35991973876953,0.017762919092933,0.0066126918336089,0.0067810485824607,0.007565973403167,0.0126139162949,0.0319286763519111,0.0059181758214628,1.1516215377332617,2.215160320257109,3.6508797372790767,0.00042599643227987964
1d0cded3-fdd2-4579-8823-8fd7590462c5,ok,17761280.0,v1.14-1.15,0.0,0.0,0.0,True,0.0,0.0,0.1823315523564814,4.0,actuator_motors,none,38318679,24007198,17.0,,B,,0.0,4.0,True,10.002802725912858,217.80624501907133,1.9999967246003567,339.670651,332.50840700000003,,True,0.0,0.0,,main,0.0090873200446367,0.0555183390155434,0.0378098979592323,0.0138043571729212,0.0180096823722124,0.0295962874777614,0.0077475462341681,0.0133560840040444,0.0048676110105589,0.0,0.0090462788010706,0.0540319628739574,0.0371126253498756,0.0137099449092959,0.0178494292542321,0.0291667715024489,0.0077176881167811,0.0132676778177741,0.0048558024960837,0.0,0.0
cf699e47-890c-4d83-be5f-409d94ab2f78,ok,17891583.0,v1.16+,0.0,0.0,0.0,True,0.0,0.0,0.4718053021933883,4.0,actuator_motors,none,4235083,3153352,3.5,,C,,0.0,4.0,True,10.010637232910932,20.010642129697427,1.999958610482232,93.875131,91.384102,,True,0.0,0.0,,main,0.0015985388599801,1.5264273285865784,0.0733203392475843,0.0,0.0,0.0,0.0,0.0959371849894523,0.0292172918096184,0.0,0.0015972625567025,0.9268061816656822,0.0707569645238549,0.0,0.0,0.0,0.0,0.0916098739175448,0.028798602498478,0.0,0.0
65a5d9e5-9001-40c4-81ae-646821d18f50,ok,17826047.0,v1.16+,0.0,0.0,0.0,True,0.0,0.0,0.1280075550079345,4.0,actuator_motors,none,6831339,4323239,4.7,,A,,0.0,4.0,True,10.006934583906324,20.006231719504928,2.000000152777789,144.21352,138.350024,,True,0.0,0.0,,main,0.0026391475461423,0.0,0.0,0.0,0.0,0.0,0.0,5.468528652191157,1.2093374013900742,0.0,0.0026356711114631,0.0,0.0,0.0,0.0,0.0,0.0,1.8669486718614343,0.7926926521996146,0.0,0.0
085f7a67-269d-4f54-84cd-e94b36de7c3f,ok,17629952.0,v1.12-1.13,0.0,0.0,0.0,True,0.0033277870216306,0.102967999999997,0.6821347549557686,4.0,actuator_motors,none,2297214,1626987,3.0,,B,,0.0,4.0,True,10.015570595094982,20.01497538141952,2.000254634041137,62.074158,60.27332199999999,,True,0.0,0.0,,main,0.0099142246413975,0.0178044646978378,0.0,0.0,0.0,0.0,0.0,0.0012632778845727,0.0680251087993383,0.0,0.0098654011491166,0.0176478217790457,0.0,0.0,0.0,0.0,0.0,0.0012624806204393,0.0658112503733847,0.0,0.003205128205128205
9f74da2d-291a-44c9-903a-c5495eb15101,ok,17629952.0,v1.12-1.13,0.122257053291536,0.0,0.0,True,0.0,0.0,0.1740007683634756,4.0,actuator_motors,none,6804243,4361757,4.7,,C,,0.0,4.0,True,10.006302722268028,20.00641703018106,1.999965730994716,160.016727,157.8052619999999,,True,0.0,0.0,,main,0.0004465241436264,0.0009328122687293,0.0,0.0019480775576084,0.0,0.0,0.000448323614546,0.0007148944307118,0.0,0.0,0.0004464244813876,0.0009323774697345,0.0,0.0019461825152503,0.0,0.0,0.000448223147541,0.000714639015411,0.0,0.0,0.0
aefa5299-8f4c-4e41-aed1-ebff49c05208,ok,17826559.0,v1.16+,0.0,0.0,0.0,True,0.0075757575757575,0.1083650000000062,0.4714339151978492,4.0,actuator_motors,none,5807474,4101413,4.4,,C,,0.0,4.0,True,10.007343327084817,20.006493515281,1.9999624418817896,136.346721,132.02022399999996,,True,0.0,0.0,,main,0.0091425484046339,0.0049706550315022,0.0043729455210268,0.0274371195584535,0.0201206877827644,0.0155879668891429,0.0130973871797323,0.0464845076203345,0.0160446409136056,0.0,0.0091010083052508,0.004958342111111,0.0043634119777674,0.0270674680055876,0.0199209416524115,0.0154677225004703,0.0130123580392585,0.0454364588003902,0.0159172860981407,0.0,0.007304601899196494
0f45bb8e-713a-4bc6-9fd3-47f598c7e461,ok,17695743.0,v1.14-1.15,0.0,0.0,0.0,True,0.0,0.0,0.3453260838985442,4.0,actuator_motors,none,3902979,2933899,24.0,,B,,0.0,4.0,True,10.00957529742738,20.01021622118544,2.00014188240502,94.135303,86.935693,,True,0.0,0.0,,main,0.0079134054481983,0.0067404380999505,0.0,0.0042110257782042,0.0,0.0120324306190013,0.0091059412807226,0.073045240342617,,0.0,0.0078822586654799,0.0067178229143549,0.0,0.004202184221809,0.0,0.0119606164180164,0.0090647321736422,0.0705006252412187,,0.0,0.0
c8b3aec5-645b-41e2-96a3-b38a4b6f6095,ok,17695744.0,v1.14-1.15,0.1493506493506493,0.0,0.0,True,0.5949764521193093,3.298082000000001,1.0,4.0,actuator_motors,none,2873019,2049580,2.8,,C,,0.0,4.0,True,10.02233298565286,20.0223981536302,2.021775938024996,76.28695,63.70143299999998,,True,0.0,0.001272898337162,sensor_combined,main,0.0003601015065214,0.0325007773935793,0.0,0.2412226662039747,0.0,8309.988818359374,0.0100240587256848,0.0,0.0051610865630209,0.0,0.0003600366855348,0.0319837987763308,0.0,0.2160969149496593,0.0,8.987378698766085,0.0099741510899439,0.0,0.0051478138040831,0.0,0.4954248366013072
d8b7b132-d6d8-4e0e-9918-c5d367781f26,ok,17826047.0,v1.16+,0.0,0.0,0.0,False,0.0,0.0,0.2261624783277511,4.0,actuator_motors,none,2653440,2136639,3.3,,C,,0.0,4.0,True,10.014916733882371,20.01528754416024,1.9999640982054567,61.491126,57.102597,,True,0.0,0.0,,main,0.001158575649606,0.0,0.0,0.0,0.0,0.0,0.0,0.3339317172765731,1.0428253412246704,0.0040014540543779,0.0011579050187724,0.0,0.0,0.0,0.0,0.0,0.0,0.2881307597340155,0.7143338208566988,0.0039934695298212,0.0
7bb78d27-b828-425b-8a3e-0f25196679b7,ok,17695488.0,v1.14-1.15,0.0,0.0,0.0,True,0.0,0.0,0.1591635420918461,4.0,actuator_motors,none,8552566,5327738,3.8,,B,,0.0,4.0,True,10.011989266128104,170.76159184603875,1.9999975853687688,82.147947,79.58594600000002,,True,0.0,0.0,,main,0.0498605012893676,0.0,0.0,0.0,0.0,0.0,0.0,0.0003381929243914,0.0,0.0114767393097281,0.0486572994284152,0.0,0.0,0.0,0.0,0.0,0.0,0.0003381357500546,0.0,0.01141138112766,0.0
b2f69f88-4989-41c3-a9be-a4b3e47fb333,ok,17891392.0,v1.16+,0.063049853372434,0.0,0.0,True,0.0085256863159274,1.601823999999965,0.1853203684091567,4.0,actuator_motors,none,175237328,79741127,48.5,,B,,0.0,4.0,True,9.999925955409376,201.33394400366623,2.000008683105716,690.238003,689.1085739999993,,True,0.0,0.0,,main,0.0041960143949836,0.0025869117118418,0.0047939154785126,0.001694771752227,0.0029813974630087,0.0062505836598575,0.0016163615160621,0.0309973198920488,0.0212991718202829,0.0,0.0041872356751044,0.0025835714152008,0.0047824612581608,0.0016933372471247,0.0029769619115002,0.0062311297851088,0.0016150566097311,0.030526605508698,0.0210755146941977,0.0,0.008500949593472317
98ca96e8-1dbc-4152-ba74-4603b546d2f5,ok,17891583.0,v1.16+,0.0,0.0,0.0,True,0.0,0.0,0.1319123923778534,4.0,actuator_motors,none,8362801,5565889,5.1,,C,,0.0,4.0,True,9.999998476454524,199.8062005744923,1.9999923356937064,72.028057,65.639955,,True,0.0,0.0010377388716813,vehicle_attitude,main,0.004017237201333,0.0021951865288428,0.0005128831136971,0.0024287350941449,0.0017420635966118,0.0023442069184966,0.003701521269977,0.0118872536346316,0.010141717782244,0.0,0.004009189649384,0.0021927806271865,0.0005127516341067,0.0024257904838879,0.0017405479637883,0.0023414635519676,0.0036946874984964,0.0118171552068347,0.0100906356458754,0.0,0.0
03d7391c-2e65-4dc6-82a3-a791023f8657,ok,16777984.0,v1.12-1.13,0.0,0.0,0.0,True,0.0,0.0,0.1407868176698684,4.0,actuator_motors,none,14909786,8829960,5.3,,C,,0.0,4.0,True,10.003189920295885,20.00287306455537,1.999998479234383,313.251518,307.429769,,True,0.0,0.0,,main,0.0011150429956614,0.0001773293435689,0.0005024782236432,0.0005005034559871,0.0004034894518554,0.0052551934961229,0.0076102462131529,0.0422508496791122,0.0073666234500706,0.0030902444850653,0.0011144217969529,0.0001773136225793,0.0005023520237339,0.0005003782459093,0.0004034080718764,0.005241433154567,0.0075814343739051,0.0413826530138527,0.0073396224028226,0.0030854794937115,0.0
251da81a-b68a-420c-9585-4c54a1ec111c,ok,17760256.0,v1.14-1.15,0.0,0.0,0.0,True,0.6309586170770036,56.799634,1.0,4.0,actuator_motors,none,15322336,9499725,5.9,,B,,0.0,4.0,True,10.00244147070462,20.00228741169336,1.999985236093342,383.826429,381.8071010000001,,True,0.0,0.0,,main,0.0023405751446261,0.0017578364931978,0.0012882154143881,0.0056379730347543,0.0063057237071916,0.0154335311148315,0.0058105571428313,0.015667157806456,0.0040957107907161,0.0,0.0023378402652514,0.0017562933068109,0.0012873863768207,0.0056221391509129,0.0062859258145625,0.015315645553219,0.0057937409651391,0.0155456948992994,0.0040873461987968,0.0,0.6270171785528371
d03299a0-b033-4e9e-a418-cfa96054ee3e,ok,17630207.0,v1.12-1.13,0.0303030303030303,0.0303030303030303,0.0,True,0.0,0.0,0.5,6.0,actuator_outputs,per_channel,5252942,2960578,2.8,,B,,,,False,10.008886760003511,20.00928712915356,1.999956123233349,114.526653,111.99698999999998,True,True,0.0,0.0,,main,7.666675628570374e-06,0.0023757684975862,0.0,0.0,0.0,0.0,0.0,0.0078685072716325,0.0,0.0,7.666646239762987e-06,0.0023729508214907,0.0,0.0,0.0,0.0,0.0,0.0078377120046631,0.0,0.0,0.0
ee8f51f1-b949-478f-9aea-9331dbfe365d,ok,17760767.0,v1.14-1.15,0.0,0.0,0.0,True,0.0249445676274944,0.3016559999999799,0.8958600071941525,4.0,actuator_motors,none,12958658,8148320,5.1,,A,,0.0,4.0,True,10.002846079507176,20.00243564491507,2.000014674020706,368.606502,360.795216,,True,0.0,0.0,,main,0.0067671312950551,0.0003232195042073,0.001456999219954,0.0101120695471763,0.0198231432586908,0.0041758337989449,0.012164238654077,0.0256282375194132,0.0083717142697423,0.0,0.0067443370387733,0.0003231672800362,0.0014559388264605,0.0100612846452677,0.0196292233005079,0.0041671392013787,0.0120908488576432,0.0253053394879863,0.0083368658288767,0.0,0.024390243902439025
7861d00d-3926-45ec-8529-bb855bf89f73,ok,17629696.0,v1.12-1.13,0.0,0.0,0.0,True,0.0,0.0,0.3761439613546867,4.0,actuator_motors,none,13429713,7991248,5.3,,A,,0.0,4.0,True,10.007043902310397,167.41410088719832,2.000003184620456,130.221122,124.89905099999996,,True,0.0,0.0,,main,0.002501149661839,0.0048816311173141,0.0,0.0203243941068649,0.0,0.0,0.0129437427967786,0.0159749500453472,0.0225906986743211,0.0,0.0024980269927815,0.0048697545916601,0.0,0.0201206101723686,0.0,0.0,0.0128606884793715,0.0158486933851611,0.0223393078609254,0.0,0.0
f0220092-c33a-4b65-8746-697b1ed43af6,ok,17761023.0,v1.14-1.15,0.0,0.0,0.0,True,0.0,0.0,0.317098818719387,4.0,actuator_motors,none,3226770,2616955,2.7,,B,,0.0,4.0,True,10.013376480602712,20.013364331514083,1.9997308818547448,74.850498,70.12971999999996,,True,0.0,0.0,,main,0.001586114114616,0.0035599470604211,0.0019405340484809,0.0086908062454312,0.0066994968336075,0.0107419958338141,0.0123885518405586,0.0253918761387467,0.0080999393016099,0.0,0.0015848575641365,0.0035536254475137,0.0019386536445498,0.0086532585783382,0.0066771549355011,0.0106847104708444,0.0123124416839233,0.0250748577095397,0.0080673108670734,0.0,0.0
0821d7f2-f8e8-487a-9b95-a98804e1a948,ok,17630207.0,v1.12-1.13,0.0,0.0,0.0,True,0.0,0.0,0.3223,6.0,actuator_outputs,per_channel,3327384,2371111,8.3,,C,,,,False,10.01321494699665,20.01328419517964,1.9999810068028887,76.338381,69.732872,True,True,0.0,0.0,,main,8.700865873834118e-05,9.12915202206932e-05,0.0,0.0,0.0,0.0,0.0,0.0136160691268741,0.0,0.0,8.700487370454568e-05,9.12873534034559e-05,0.0,0.0,0.0,0.0,0.0,0.013524203418142,0.0,0.0,0.0
93e952b8-9b67-483b-9e7f-833a437f2557,ok,17694912.0,v1.14-1.15,0.4950276243093923,0.0,0.0039525691699604,True,0.0,0.0,0.2766235649585723,4.0,actuator_motors,none,40635238,25403821,12.1,,B,,0.0,4.0,True,10.000129623990274,123.05257601998916,1.999975314590403,454.829646,451.7790540000002,,True,0.0,0.0,,main,0.0054035852663218,0.0073184040375053,0.0,0.019945777952671,0.0,0.0141715789679437,0.0122157228179275,0.027982079423964,0.1243335008621215,2.284682523168157e-05,0.0053890382798481,0.0072917544612669,0.0,0.0197494670132665,0.0,0.0140721008821473,0.0121417129887268,0.027597734414065,0.1171904164141687,2.2846564246945097e-05,0.0
24eb7822-b7f4-4b58-b357-ff020caf3cc1,ok,17760256.0,v1.14-1.15,0.0,0.0,0.0,True,0.0,0.0,0.1530283838510513,4.0,actuator_motors,none,2815488,2396429,1.8,,C,,0.0,4.0,True,10.014865836473753,20.01545269746144,2.000237834730929,62.114602,57.632497999999984,,True,0.0,0.0,,main,0.0013037180295214,0.018031370639801,0.0069652852602303,0.002952365623787,0.0021271977340802,0.4036015212535856,0.0148436691612005,0.0028429499361664,0.009127396158874,0.0012212582631036,0.0013028689270844,0.0178707336061825,0.0069411397164138,0.0029480159515109,0.0021249384523722,0.339041448549067,0.0147345801005337,0.0028389163969549,0.0090859932218612,0.0012205131338328,0.0
753d641e-5a00-449f-a2f2-1f3944ede1ef,ok,17761280.0,v1.14-1.15,0.0070532915360501,0.0,0.0,False,0.0,0.0,0.169459968805313,4.0,actuator_motors,none,71739745,44086891,19.2,,B,,0.0,4.0,True,9.988596036697686,219.7477446203501,2.000188163890895,643.03607,641.3032529999997,,True,0.0,0.0016121087109969,vehicle_local_position,main,0.009705342631787,0.0075945442542433,0.0026767420349642,0.0050342550501227,0.0038274561753496,0.0041020723991096,0.0060320544987916,0.022766747046262,0.0122600967064499,34.475829696655275,0.009658548320257,0.0075658508868231,0.0026731659411023,0.0050216255571591,0.0038201501014801,0.0040936818380916,0.006013934488801,0.0225114522191098,0.0121855503989853,3.5688516109799435,0.0
835a80ed-b37a-4c7b-ad8f-f0e2261d7de5,ok,17761023.0,v1.14-1.15,0.0,0.0,0.0,True,0.0,0.0,0.2917844980955124,4.0,actuator_motors,none,5650980,4131984,2.8,,C,,0.0,4.0,True,9.874091926853346,19.735007070005555,1.970331399188632,136.089762,133.13993100000008,,True,0.0,0.0148694620380448,vehicle_local_position,main,0.046686035580933,0.0259085775353014,0.0416611371561884,0.017264681495726,0.0156263470649719,0.0127108007203787,0.0094278117176145,0.0710279408842324,0.022092140931636,0.0,0.0456290164129323,0.0255786370623471,0.0408166861761067,0.01711734033002,0.015505512875981,0.0126306965706601,0.0093836472664831,0.0686188797193647,0.0218516451849267,0.0,0.0
d5638ba5-cb4d-4397-b84d-92456841444f,ok,17761280.0,v1.14-1.15,0.0,0.0,0.0,True,0.0,0.0,0.151866029202938,4.0,actuator_motors,none,2740694,2346176,2.9,,A,,0.0,4.0,True,10.01530792512784,20.01589526352468,2.0002322564766004,61.164469,58.82971400000001,,True,0.0,0.0,,main,0.0089104571379721,0.1111748576164245,0.0306636150926351,0.0946746893227099,0.0420567750930786,0.0098022568970918,0.0045608747284859,0.0,0.0,0.00021722738893,0.0088709932689285,0.1054178858669064,0.0302028812758086,0.0904572317527465,0.0411964285004576,0.0097545264343298,0.0045505054560224,0.0,0.0,0.000217203798477,0.0
e9ab5fdb-ee3d-425d-bf50-31c8d2ac3363,ok,17629952.0,v1.12-1.13,0.0,0.0,0.0,True,0.0,0.0,0.1252707652747631,4.0,actuator_motors,none,4934119,2915720,3.0,,B,,0.0,4.0,True,10.008393690549234,20.008508577255427,2.0000323769947146,127.611461,119.60898500000002,,True,0.0,0.0,,main,0.0005056998925283,0.0123878410086035,0.0,0.0,0.0,0.0,0.0,0.726921021938324,0.0,0.0,0.0005055720694292,0.0123117395501394,0.0,0.0,0.0,0.0,0.0,0.5463400667571193,0.0,0.0,0.0
37ec19b0-6a51-4576-acd3-451e20fad888,ok,17826047.0,v1.16+,0.0,0.0,0.0,True,0.0006733581634156,0.0137549999999961,0.4348382338881494,4.0,actuator_motors,none,19761506,12239513,8.4,,C,,0.0,4.0,True,10.005831853880174,199.98829060829613,2.000002432751497,171.056137,167.20985599999997,,True,0.0,0.0,,main,0.0045817973557859,0.1231535524129867,0.1830619961023327,0.2391856089234352,0.117325150966644,0.0,0.2014137417078016,0.0467174924910068,0.0431986782699823,0.0,0.0045713328741958,0.1161404005256888,0.1681059894577127,0.2144543968537943,0.1109375708043673,0.0,0.1834989814472525,0.0456590697778515,0.0422916451936496,0.0,0.0006567200935826133
6aecf1b7-7eb5-46f5-857e-34ebb33a4d0c,ok,17629696.0,v1.12-1.13,,,0.0,True,0.0018063583815028,0.3004110000000537,0.3789614289999008,4.0,actuator_motors,none,48125530,24419180,10.1,,C,,0.0,4.0,True,9.9814257611149,19.965655612738,1.997150565073881,700.680997,554.7399689999994,,True,0.0,0.0018578798153152,sensor_combined,main,0.0016085493261925,0.0012477747863158,0.0,0.0087315020617097,0.0,0.0,0.004345677117817,0.0053058183053508,0.0048673008335754,0.0,0.0016072569963903,0.0012469969623226,0.0,0.0086936029485937,0.0,0.0,0.0043362619300662,0.005291792043396,0.0048554938215598,0.0,0.0014295925661186562
e521b3e1-665c-41f5-ab6e-04304b511a52,ok,17629952.0,v1.12-1.13,0.0,0.0,0.0,False,0.0,0.0,0.21,6.0,actuator_outputs,per_channel,8226496,5122538,5.6,,A,,,,False,10.004457844663046,20.004374162631954,2.000066872395337,220.075841,218.034321,True,True,0.0,0.0,,main,0.014375415816903,0.0096271079964935,0.0,0.0463672762736678,0.0,0.0,0.0,0.0260707688517868,0.2653671622276305,0.0,0.0142730692108766,0.0095810626785953,0.0,0.0453244285575498,0.0,0.0,0.0,0.025736719858949,0.2353623268862851,0.0,0.0
7ea569f6-a59e-4317-b1a8-a350a7ff2050,ok,17761535.0,v1.14-1.15,0.0,0.0,0.0,True,0.004007285974499,0.2000019999999978,0.2255587697029112,4.0,actuator_motors,none,11602135,7697751,7.5,,B,,0.0,4.0,True,10.003306168856112,20.00334518317236,2.000000102003648,276.076801,274.51903100000004,,True,0.0,0.0,,main,0.0019578150298912,0.0001722638822684,0.0088120809290558,0.0015884375141467,0.0080489627085626,0.0035892051062546,0.0076667541405186,0.0033424604451283,0.0013559086713939,0.002708953153342,0.0019559010078391,0.0001722490465495,0.0087734811411327,0.0015871772816357,0.0080167425851302,0.0035827792807542,0.007637513937529,0.0033368868404635,0.0013549902573279,0.0027052905527996,0.003986951794128307
ee49fb99-10c0-4eb7-9426-74d520c564fe,ok,17630207.0,v1.12-1.13,0.0,0.0,0.0,True,0.0,0.0,0.1536843612790107,4.0,actuator_motors,none,34323548,19955668,12.9,,C,,0.0,4.0,True,9.992391992584686,19.98463055853148,1.9984493540695536,650.396998,646.7371280000001,,True,0.0,0.0009243783255299,vehicle_attitude,main,0.0028854252421297,0.0023857130669057,0.0,0.0059748606057837,0.0,0.0,0.0024221607018262,0.0005739838379668,0.0,0.0,0.0028812703931343,0.0023828717715998,0.0,0.0059570819078342,0.0,0.0,0.0024192319988329,0.0005738191722509,0.0,0.0,0.0
b69bd985-a6ac-40bf-9595-a4bea76a0d8f,ok,17629184.0,v1.12-1.13,0.0,0.0,0.0,True,0.0,0.0,0.2032307692307691,6.0,actuator_outputs,bus,2750486,1853764,2.3,,B,,,,False,10.013621197002118,20.01317834063655,2.013933518758868,70.813924,64.995783,True,True,0.0,0.0,,main,2.941580896731466e-05,5.988114935462363e-05,0.0,0.0,0.0,0.0,0.0,0.0014488803804852,0.0,0.0,2.9415376330890277e-05,5.987935655016939e-05,0.0,0.0,0.0,0.0,0.0,0.0014478317660624,0.0,0.0,0.0
c8fff0d6-3f7d-4963-b32a-053cacd3f474,ok,17761535.0,v1.14-1.15,0.0,0.4108108108108108,0.0,True,0.2191011235955056,0.4021370000000104,0.5765017747879028,4.0,actuator_motors,none,3615322,2679696,3.0,,B,,0.0,4.0,True,10.010190351993367,20.01059385661486,1.9999695960906207,91.63159,89.07510599999998,,True,0.0,0.0,,main,0.0053016403922811,0.0045272475108504,0.0019750487932469,0.0070076233008876,0.0096247792243957,0.0171505854465067,0.0761146873235702,0.4356768459081649,0.1033383816480636,0.0,0.0052876361719437,0.0045170303513056,0.0019731009486827,0.0069831840164971,0.0095787561094025,0.0170051743910469,0.0733570427915731,0.361636407632848,0.0983404762222343,0.0,0.21195652173913043
ac2d27c5-9609-4fcc-977a-e5c5a055bd74,ok,17367040.0,v1.12-1.13,0.0,0.0,0.0,True,0.0,0.0,0.1715144842863082,4.0,actuator_motors,none,16331305,9806969,5.6,,A,,0.0,4.0,True,10.002500702514553,20.002655455618207,1.9999940438887056,387.98773,384.383712,,True,0.0,0.0,,main,0.1100986190140247,0.0001282396333408,0.0,0.0027508155326358,0.0,2.522107160984888e-05,0.0009219626081176,0.0018391897319816,,0.0,0.1044488573362551,0.0001282314113419,0.0,0.002747038963766,0.0,2.522075356396993e-05,0.000921537861639,0.0018375004934494,,0.0,0.0
8bf45ed3-d9e0-41b4-a80c-ba7ab473bcf9,ok,17760768.0,v1.14-1.15,0.0,0.0,0.0,True,0.0408719346049046,0.7040000000000077,0.2663430571556091,4.0,actuator_motors,none,26494541,12164308,12.6,,A,,0.0,4.0,True,123.55750793152738,244.5091340119928,123.55750793152738,114.256,110.11600000000006,,True,0.0,0.0,,main,0.0001339201990049,0.0078201042488217,0.0047726440243422,0.0055924006737768,0.0200041308999061,0.017578212544322,0.0161883421242237,0.0836357548832893,0.0289409987628457,0.0,0.0001339112324955,0.0077896857147457,0.0047612910669367,0.0055768212583622,0.0198066771898476,0.0174255027458954,0.0160587080827822,0.0803218270698987,0.0285301167851118,0.0,0.0391644908616188
3b389a56-dd41-40e3-ac40-d5c950d1210b,ok,17825984.0,v1.16+,0.0,0.0,0.0,True,0.0490883590462833,1.4999999999999998,0.4978766202926633,4.0,actuator_motors,none,22633902,9382089,6.6,,B,,0.0,4.0,True,125.0,250.0,100.00788809423643,75.576,71.288,,True,0.0,0.0,,main,0.0003428730997256,9.54619583353633e-05,9.778076491784304e-05,0.0052376273088157,0.0077374947257338,0.0001015917368931,0.0014186804997734,0.3206614255905151,0.0512641854584217,0.0,0.0003428143321771,9.545740213257908e-05,9.777598469045608e-05,0.0052239586457045,0.0077077138344321,0.000101586576802,0.0014176751233527,0.2781326910924358,0.0499934261102183,0.0,0.045931758530183726
a3001a07-221c-44ce-a250-020c0e517bcc,ok,16777984.0,v1.12-1.13,0.0,0.0,0.0,True,0.0,0.0,0.2464465647935867,4.0,actuator_motors,none,6045019,4074133,6.1,,C,,0.0,4.0,True,10.008097976364208,20.007287605949088,2.0000035284615096,123.607473,119.13972499999994,,True,0.0,0.0,,main,0.0014562163036316,0.0039781115949153,0.0058156770188361,0.0418560981750488,0.0546921778470277,0.0683739677071571,0.2110701739788054,0.1370438694953916,0.0514399360865354,0.0083251267205923,0.0014551570488814,0.0039702198316042,0.0057988312507179,0.0410038322348226,0.053248949800973,0.066137836276511,0.1915044100256979,0.1284317975732301,0.050160592405012,0.0082906639920797,0.0
85c87a76-68d8-472d-879b-bcc6a7f74091,ok,17695488.0,v1.14-1.15,0.0,0.0,0.0,True,0.0,0.0,0.1536311998963355,4.0,actuator_motors,none,8042034,4662740,12.9,,A,,0.0,4.0,True,10.003775346842858,20.003405597429847,1.9999564666440628,240.822764,233.957616,,True,0.0,0.0,,main,0.0001280382646655,0.0,0.0,0.0,0.0,0.0,0.0,0.0,0.0,0.0,0.0001280300684665,0.0,0.0,0.0,0.0,0.0,0.0,0.0,0.0,0.0,0.0
f386caa8-c372-40e0-b1c5-4687f8d614b7,ok,17826559.0,v1.16+,0.8752166377816292,0.0,0.0,False,0.9168886978942844,1012.200825,1.0,4.0,actuator_motors,none,48845504,28860287,14.2,,C,,0.0,4.0,True,10.000819854316788,20.00079017629453,1.9999922404766488,1164.653727,1162.537141,,True,0.0,0.0,,main,0.0031846985570154,0.0040036189137026,0.0007132703671231,0.0040003313450142,0.0028601539554074,0.0061919081024825,0.0046801668126136,0.025354303792119,0.1485423780977725,0.0,0.0031796381456425,0.0039956257587609,0.0007130161107099,0.0039923512943975,0.0028560714975359,0.0061728170058549,0.0046692488838158,0.0250382150991576,0.1384936411147516,0.0,0.9157081545064377
411b4237-d205-43d5-85c3-661602872c36,ok,17629952.0,v1.12-1.13,0.0,0.0271604938271604,0.0,True,0.0,0.0,0.4796499999999998,6.0,actuator_outputs,per_channel,7619561,4900826,17.4,,C,,,,False,10.004899844561647,20.005257995188806,1.9999708647460457,199.099894,194.825888,True,True,0.0,0.0,,main,0.002452979166992,0.0076861935667693,0.0,0.0058608138468116,0.0,0.0,0.0014119904022663,0.001712421386037,0.0060670100618153,0.0,0.0024499755245073,0.0076568052743376,0.0,0.0058437060883849,0.0,0.0,0.0014109944811953,0.0017109568642159,0.0060486798585921,0.0,0.0
95031977-f4fb-45f4-99e3-6663105e9ed4,ok,17629696.0,v1.12-1.13,,,0.0,True,0.0034399286533316,0.6972460000000069,0.4739418685436247,4.0,actuator_motors,none,78258422,38201035,19.3,,B,,0.0,4.0,True,9.971563989635127,19.94308113454464,1.994834413355708,1161.320233,788.2601160000004,,True,0.0,0.0029666667007947,sensor_combined,main,0.0013796936837024,0.0186435537412761,0.0,0.0075739939697086,0.0,0.0,0.0023337645456194,0.0009389148035552,0.0020537059986963,0.0,0.0013787427809078,0.0184718929886477,0.0,0.0075454552879979,0.0,0.0,0.002331045546656,0.0009384742987604,0.0020516000274027,0.0,0.002331807582692806
bdfe58ba-788a-442d-8ce1-5f13c17a7bc3,ok,17760384.0,v1.14-1.15,0.0,0.0,0.0,True,0.0,0.0,0.1395858764648438,4.0,actuator_motors,none,13378613,9103203,4.1,,C,,0.0,4.0,True,10.006420602571971,20.00628711528963,2.000038111475414,153.625517,145.95423899999997,,True,0.0,0.0,,main,0.0091430243104696,0.0116145610343664,0.0179493324831128,0.0219785230234264,0.0308515756390988,0.0008672678610309,0.0063851257320493,0.0240693838335572,0.0052393581019714,0.0,0.0091014798994019,0.0115476297733123,0.0177901452620918,0.0217404769065201,0.0303852331185984,0.0008668920015577,0.006364827176807,0.0237842819718283,0.0052256804193614,0.0,0.0
a3eabc10-c206-42e7-8e6a-4ff57b528dcd,ok,17695743.0,v1.14-1.15,0.0,0.0,0.0,True,0.0012978585334198,0.1987489999999923,0.486912727355957,4.0,actuator_motors,none,6468025,4435526,3.6,,C,,0.0,4.0,True,10.005822739188174,20.005732514671426,2.00003822437271,156.92145,154.12497799999997,,True,0.0,0.0,,main,0.0036809589015319,0.0011949975450988,0.0,0.0088105813600122,0.0,0.0026135498774237,0.0034193631261587,0.0187985222786664,0.0387832961976527,0.0,0.0036742007515521,0.0011942841038495,0.0,0.0087719946698795,0.0,0.0026101404950447,0.0034135303964299,0.0186240136692924,0.0380501207750292,0.0,0.001272264631043257
87eb82c5-1137-4a57-b6ec-2a59ffe9d793,ok,17564671.0,v1.12-1.13,0.0,0.15625,0.0804769001490312,True,0.0099693251533742,0.6005190000000056,0.3516571428571426,6.0,actuator_outputs,bus,4796058,3136246,4.4,,A,,,,False,10.007248234960391,20.007022166168053,2.007450818503615,133.611903,130.389693,True,True,0.0,0.0,,main,0.0008559948066249,0.0031241967342793,0.0,0.0237282387912273,0.0,0.0,0.0040564861148595,0.0021324361674487,0.0013089239364489,0.0,0.0008556286520064,0.0031193265725877,0.0,0.0234510995892367,0.0,0.0,0.0040482807575199,0.0021301657525482,0.0013080680422986,0.0,0.0
8edaef07-3610-4940-8c63-15e102f5fcaa,ok,17694720.0,v1.14-1.15,0.0,0.0,0.053347280334728,True,0.0,0.0,0.2467944324016571,4.0,actuator_motors,none,26703555,7505048,4.9,,C,,0.0,4.0,True,10.004164980056986,20.005417754191697,89.13242938866048,197.720286,183.53436,,True,0.0,0.0006132733937542,estimator_innovation_test_ratios,main,0.4153091311454773,0.0841027796268463,0.0,0.2456597834825515,0.0,535.5985107421875,0.1389881074428558,0.0239848177880048,0.0,0.0,0.3473479744753284,0.0807527136766991,0.0,0.2196653361169076,0.0,6.2852501626283495,0.130140243183894,0.0237017001285026,0.0,0.0,0.0
1aecf27f-31b0-4618-ab2d-57a8ca5f2eed,ok,17695488.0,v1.14-1.15,0.0,0.0,0.0,True,0.0,0.0,0.2954518381506205,4.0,actuator_motors,none,3749435,2434855,2.8,,A,,0.0,4.0,True,10.008752504999094,20.00812454215125,2.000070532401852,117.251939,116.22309700000004,,True,0.0,0.0,,main,0.0230988319963216,0.0,0.0,0.0,0.0,0.0,0.0,0.0,0.0,0.0,0.0228360922701258,0.0,0.0,0.0,0.0,0.0,0.0,0.0,0.0,0.0,0.0
82da5b9d-8ee9-4acc-82f6-a54b08a8b9dc,ok,17760256.0,v1.14-1.15,0.0,0.0,0.0,True,0.0,0.0,0.0954343050718306,4.0,actuator_motors,none,8997903,6643425,8.4,,C,,0.0,4.0,True,10.006699035986044,20.00627119654815,1.99997704206418,155.575333,149.86825200000007,,True,0.0,0.0,,main,0.0011188147473149,3.985869170719525e-05,0.0001741406442306,0.000514999803272,0.0018949400808196,0.0064214262878522,0.0237251094542443,0.0046577229630202,0.0042721864301711,0.0,0.0011181893405282,3.985789737065035e-05,0.0001741254835086,0.0005148672363859,0.0018931469467617,0.0064008967690591,0.0234480427801664,0.0046469093363375,0.0042630865501073,0.0,0.0
b898764e-e214-45d9-b956-316b08a6fe4d,ok,17629952.0,v1.12-1.13,0.0,0.0,0.0,True,0.0,0.0,0.2678289115428924,4.0,actuator_motors,none,27317702,17072348,8.8,,C,,0.0,4.0,True,10.003286147110346,160.47206085569834,1.9999686934034449,317.808968,312.15899700000006,,True,0.0,0.0,,main,5.223937841947191e-05,0.0011670279782265,0.0,0.0,0.0,0.0,0.0,0.2713619247078895,0.0,0.0,5.223801399066082e-05,0.0011663475304251,0.0,0.0,0.0,0.0,0.0,0.2400887075397934,0.0,0.0,0.0
56532940-0d06-419a-8e67-71886fa9ade3,ok,17891392.0,v1.16+,0.0,0.1,0.0,False,0.0014367816091954,0.0999999999999996,0.020135298371315,4.0,actuator_motors,none,17724050,9058097,8.2,,B,,0.0,4.0,True,124.9869041382923,249.9345206914615,100.0130958617077,76.32,69.27199999999999,,True,0.0,0.0,,main,0.0005157477571628,0.0002897483936976,6.322057015495375e-05,0.0185254253447055,0.0005685211508534,5.065301593276672e-05,0.0006818126421421,0.0013051419518887,0.6781660914421082,0.0,0.0005156148049995,0.0002897064247385,6.32185718189319e-05,0.018355919892733,0.0005683596039295,5.065173311207415e-05,0.0006815803134996,0.0013042909944644,0.5177015849357394,0.0,0.00130718954248366
203565b0-ed6a-4a66-8ea9-a38a27adb85b,ok,17760512.0,v1.14-1.15,0.0,0.0295250320924261,0.0,True,0.0,0.0,0.1774318516254425,4.0,actuator_motors,none,13747688,8398053,7.8,,B,,0.0,4.0,True,9.999858066530669,20.000050039464305,1.9999781027364625,381.249979,376.1212660000001,,True,0.0,0.0,,main,0.004653721069917,0.003687821526546,0.0021335414377972,0.0780411764979362,0.0556770736351608,0.0081821240019053,0.1281500235199923,0.5862981766462325,1.2425928771495798,0.0,0.004642925988594,0.0036810381847941,0.0021312686703853,0.0751456688797037,0.0541823370354067,0.0081488319020879,0.1205791438066691,0.4614031109934429,0.8076327308822728,0.0,0.0
455780ab-f182-4b2c-be66-68f835534a12,ok,17826047.0,v1.16+,0.0,0.0,0.0,True,0.0,0.0,0.4784931108355522,4.0,actuator_motors,none,5274343,3870869,4.8,,B,,0.0,4.0,True,10.00816142933041,20.00784387947315,1.9999006631619969,119.087384,114.29630299999997,,True,0.0,0.0,,main,0.0023008326184935,0.0050124186789616,0.0030234111123718,0.0512272713705896,0.0295451996847986,0.0038443710654973,0.0093449756968766,0.0065127268899232,0.0012563073774799,0.0,0.0022981897562038,0.0049998983291824,0.0030188497965039,0.0499583114963482,0.0291171510239225,0.0038370003555093,0.009301581546853,0.0064916107171428,0.0012555188836911,0.0,0.0
dfb0d8f1-7ec6-41c1-9be6-3066b2b7ae2e,ok,17761280.0,v1.14-1.15,0.064516129032258,0.0,0.0,True,0.0,0.0,0.7010593518164762,4.0,actuator_motors,none,3692726,2194406,8.7,,C,,0.0,4.0,True,10.011725105583391,20.01095780218569,1.999967886879271,88.640106,84.26468600000003,,True,0.0,0.0,,main,0.0003373315208591,0.000291310873581,0.0001644440053496,0.0253166694194078,0.009501758404076,0.0017386768013238,0.0054478577338159,0.1979455947875976,0.1375662416219711,0.0,0.0003372746373736,0.000291268450807,0.0001644304859162,0.0250015106514846,0.0094569006256779,0.0017371670525375,0.0054330718335503,0.1806080852960942,0.1288911045403536,0.0,0.0
69ff2381-d50e-453c-a014-3bf93ffc4172,ok,17761535.0,v1.14-1.15,0.0,0.0,0.0,True,0.0084455753959548,0.424648999999988,0.3864223301410674,4.0,actuator_motors,none,35315096,22579701,15.1,,C,,0.0,4.0,True,10.002800273882857,197.86867750296383,1.999987585039472,333.155081,327.310283,,True,0.0,0.0,,main,0.0032312750699929,0.0027256145258434,0.0056276635732501,0.0074286975432187,0.0098166528623551,0.0012586428783833,0.0062233651988208,0.0548619516193866,0.0393930524587631,58.115166664123535,0.0032260657195834,0.0027219067743112,0.0056118874354591,0.0074012406650064,0.0097687825548226,0.0012578514514486,0.0062040800326846,0.0534099068206143,0.0386369393854925,3.6508797372790767,0.008294911018227259
d2911b65-0cb1-45a9-93a6-5e0a67eae6db,ok,17694720.0,v1.14-1.15,0.0,0.004381161007667,0.0,True,0.0,0.0,0.0982123672962188,4.0,actuator_motors,none,174003009,54824967,33.2,,C,,0.0,4.0,True,10.001113870776152,20.001138556636665,90.73282731297468,920.545732,910.8858719999996,,True,0.0,0.0001708685852738,estimator_innovation_test_ratios,main,0.0004393841663841,0.0,0.0,0.0,0.0,0.0,0.0,0.0001213995201396,0.0,0.0,0.0004392876654275,0.0,0.0,0.0,0.0,0.0,0.0,0.0001213921518141,0.0,0.0,0.0
bc34b29a-2691-473b-abf5-afa03fca2b07,ok,17695488.0,v1.14-1.15,0.0,0.0,0.0,True,0.0,0.0,0.3152586042881011,4.0,actuator_motors,none,3129502,2534382,3.9,,C,,0.0,4.0,True,10.015734048397556,20.0151019079964,2.0000800346987115,64.19758,60.49201199999999,,True,0.0,0.0,,main,0.0103320968337357,0.0013349822023883,0.0,0.0116540709044784,0.0,0.0013086078804917,0.0036436418187804,0.0059751836815848,0.0024965285614598,0.000277546030702,0.010279085553692,0.0013340919059131,0.0,0.011586685259562,0.0,0.001307752399444,0.003637019836475,0.0059574030647159,0.0024934174110055,0.0002775075219275,0.0
6be2bbd0-34ad-49ea-8e3b-a060a6f1686f,ok,17694975.0,v1.14-1.15,0.0,0.0,0.0,True,0.0,0.0,0.2726832866668702,4.0,actuator_motors,none,17136276,10802299,5.1,,B,,0.0,4.0,True,10.00626209604762,202.1883514713783,2.000075717152149,154.312372,147.254123,,True,0.0,0.0,,main,0.0036713388748466,0.0009875120362266,0.0,0.0187106855213641,0.0,0.0028836333658546,0.0029966665897518,0.0037089567165821,0.004010172910057,0.0,0.0036646159599876,0.0009870247669788,0.0,0.0185377939290129,0.0,0.0028794836707124,0.0029921855343474,0.0037020954966977,0.00400215359874,0.0,0.0
a0049cec-4343-42eb-847b-6503057b48ff,ok,17826240.0,v1.16+,0.0,0.0,0.0,True,0.0,0.0,0.3902540847659111,4.0,actuator_motors,none,4044771,3046790,2.5,,A,,0.0,4.0,True,10.010898999068283,20.0105005977558,1.9999758639276424,88.087416,83.74886400000001,,True,0.0,0.0,,main,0.0090382250025868,0.0013709203572943,0.0024942374322563,0.0068161519244313,0.0054385565221309,0.0062008988112211,0.0068603364750742,0.0144665794447064,0.0054280614480376,0.0,0.0089976247000608,0.0013699815039454,0.0024911319848156,0.0067930269835046,0.0054238209761979,0.006181752347611,0.0068369114415142,0.0143629368576205,0.0054133826169357,0.0,0.0
8a572619-945e-4057-b1f7-41f5af2e23eb,ok,17761280.0,v1.14-1.15,0.0,0.0,0.0875,True,0.3294314381270903,5.498750000000001,0.8228242922574278,4.0,actuator_motors,none,3440146,2547573,3.2,,A,,0.0,4.0,True,10.015092493225096,20.01606434378173,1.9999959365161928,63.358644,59.813992000000006,,True,0.0,0.0,,main,0.0092182493768632,0.0004464817582629,0.0013112860964611,0.0108746334910392,0.014454320911318,0.011431860923767,0.0270548027008771,0.0,2.859523868560791,0.0,0.0091760206344122,0.0004463821149408,0.0013104271116822,0.0108159298677284,0.0143508530613657,0.0113670109707846,0.0266952914515236,0.0,1.3505438257547038,0.0,0.3082942097026604
6677d02f-71b1-405b-b7f8-871e16abbbc5,ok,17761280.0,v1.14-1.15,0.0,0.0,0.0,True,0.0,0.0,0.2309113204479217,4.0,actuator_motors,none,15237696,9774379,6.8,,C,,0.0,4.0,True,10.007041519908274,199.98209632619933,2.0000160698155294,144.129126,137.80417799999995,,True,0.0,0.0,,main,0.0124236634932458,0.0,0.0,0.0,0.0,0.0,0.0,0.1477119356393813,0.0788048118352884,0.0008419989462709,0.0123471230755356,0.0,0.0,0.0,0.0,0.0,0.0,0.1377703392664954,0.0758537726324897,0.0008416446640143,0.0
84f62071-d869-481f-950e-6a79365a46e8,ok,17760511.0,v1.14-1.15,0.0,0.0701754385964912,0.0,True,0.0,0.0,0.1230372488498687,4.0,actuator_motors,none,20442596,8458854,12.0,,B,,0.0,4.0,True,9.9411317957115,19.866697638111383,1.9852270850702525,135.165702,80.771784,,True,0.0,0.0066139344679138,sensor_combined,main,0.0258427164517342,1.6665648490743476e-05,11401504908902.4,0.0001253756170626,0.0002380979713052,0.1029260650277137,0.0008196466777008,0.0,0.0,0.0001438442137441,0.0255144371919409,1.6665509620366574e-05,29.969346052863173,0.0001253677581967,0.0002380696304817,0.097966707224804,0.0008193109508017,0.0,0.0,0.0001438338691571,0.0
626c39b4-76fe-41e6-b006-46aeb5408a2b,ok,17760511.0,v1.14-1.15,0.0,0.0,0.0,True,0.0,0.0,0.4763512313365936,4.0,actuator_motors,none,3234023,2449643,3.4,,C,,0.0,4.0,True,10.012114137319983,20.01241811558462,1.9999640006479884,76.628599,72.53331999999997,,True,0.0,0.0,,main,0.0054983977228403,0.0100775169208645,0.0046464593149721,0.0471338450908661,0.0260473139584064,0.0199465308338403,0.0381028853356838,0.2849634766578676,0.0311575900763273,0.0,0.0054833367164609,0.01002707733468,0.004635697845168,0.046056760480982,0.0257138606545223,0.0197502051710271,0.0373948986522558,0.2507302951089024,0.0306820450286162,0.0,0.0
0fdcf0a6-c6bd-41bf-9d10-bde34a837f42,ok,17630207.0,v1.12-1.13,0.0,0.0,0.0,True,0.0,0.0,0.172,6.0,actuator_outputs,per_channel,7131548,3660279,4.1,,A,,,,False,10.016344193793392,174.6587951282882,2.0001721774228827,61.871205,51.46267199999999,True,True,0.0,0.0,,main,0.0010110906383488,0.0122545912861824,0.0,0.0,0.0,0.0,0.0,0.0912661749869585,0.0,0.0,0.0010105798304956,0.0121801116434157,0.0,0.0,0.0,0.0,0.0,0.0873386505011899,0.0,0.0,0.0
c1506e1f-9ee3-4640-b073-1483605b9e32,ok,17629951.0,v1.12-1.13,0.0,0.0,0.0,True,1.0,101.302202,1.0,4.0,actuator_outputs,per_channel,3696160,2389900,3.7,,C,,,,False,10.00995778642648,20.00895101773129,1.9998969567655385,103.662687,101.39792699999995,True,True,0.0,0.0,,main,0.0032854401040822,0.0105000098235905,0.0,0.0,0.0,0.0,0.0,2.3013303995132444,0.0,0.0,0.0032800548378328,0.0104452675830531,0.0,0.0,0.0,0.0,0.0,1.1943255385964069,0.0,0.0,1.0
3e9488b0-3d49-428b-a8ff-ca7b17066c25,ok,17694720.0,v1.14-1.15,0.0,0.0,0.0,True,0.0,0.0,0.1192777246236801,4.0,actuator_motors,none,25122598,8166418,7.3,,C,,0.0,4.0,True,10.009827719368207,20.01016749398853,93.24054979255374,131.651392,126.668579,,True,0.0,0.0,,main,0.0007755847764201,0.0,0.0,0.0,0.0,0.0,0.0,0.0001116494677262,0.0,0.0,0.0007752841659699,0.0,0.0,0.0,0.0,0.0,0.0,0.0001116432353882,0.0,0.0,0.0
e94e4d38-fc2f-4940-81e8-2df25f8fec01,ok,17694720.0,v1.14-1.15,0.0,0.0,0.0,True,0.0,0.0,0.2593820765614509,4.0,actuator_motors,none,37693171,9387303,8.1,,C,,0.0,4.0,True,10.004584686337504,20.00500915670743,125.44766843564533,204.600279,192.53054899999992,,True,0.0,0.0,,main,0.0004308763891458,0.0,0.0,0.0,0.0,0.0,0.0,6.552632839884609e-05,0.0,0.0,0.0004307835885705,0.0,0.0,0.0,0.0,0.0,0.0,6.552418164276823e-05,0.0,0.0,0.0
90cddad7-5b9a-4a55-a5e8-cd92de020f1c,ok,17826047.0,v1.16+,0.5961945031712473,0.0,0.0,False,0.0245098039215686,0.3020999999999958,0.6630711786448955,4.0,actuator_motors,none,5232242,4029887,3.5,,B,,0.0,4.0,True,10.00968553522492,20.00943179626978,2.000052307588102,105.060887,101.93258499999996,,True,0.0,0.0,,main,0.0065156203694641,0.037442890740931,0.0219711003825068,0.0465866656973958,0.037179335579276,0.0714894905686378,0.0164523004554212,0.0894102748483418,0.0032577745732851,5.991411447525022,0.0064944854700441,0.0367589265386987,0.021733213869472,0.0455340742837476,0.0365048512090033,0.0690497277346663,0.0163184277077389,0.0856365175810662,0.0032524795226375,1.9446824596851695,0.023719165085388995
6da6327a-9a2b-4372-900a-c6465613e95f,ok,17695488.0,v1.14-1.15,0.0317460317460317,0.0,0.0,False,0.0006314580941446,0.0380610000000061,0.2399999786066209,4.0,actuator_motors,none,8467983,4633855,7.6,,C,,0.0,4.0,True,9.935926777428778,196.8880572946656,1.9996951033986248,61.919402,60.54654199999998,,True,0.0,0.0084139410235548,vehicle_attitude,main,0.0055990462424233,0.0,0.0,0.0,0.0,0.0,0.0,0.1850138723850249,0.3881761901080606,0.0002162060438422,0.0055834298471732,0.0,0.0,0.0,0.0,0.0,0.0,0.1697544811726016,0.3279907921468508,0.0002161826746838,0.0006239364719228587
0a9c0ee1-f96b-4a8f-8435-2733fb3898ff,ok,17760256.0,v1.14-1.15,0.0,0.0,0.0,True,0.0,0.0,0.2696443289518356,4.0,actuator_motors,none,7532976,5404154,8.2,,C,,0.0,4.0,True,10.00564752727884,20.005342420308068,1.999951009556607,180.5885,176.93252200000003,,True,0.0,0.0,,main,0.0046088207745924,0.0001999155530938,8.510424486303237e-05,0.0028053521178662,0.0024024289683438,0.0019812224432826,0.0032089291024021,0.0115849383175373,0.003204146772623,0.0140055690426379,0.0045982326800821,0.0001998955726425,8.510062370223483e-05,0.0028014244615382,0.0023995477495627,0.0019792624105113,0.0032037914773256,0.0115183467324252,0.0031990244332542,0.0139083973064124,0.0
06dc1afb-3686-49c3-bdbc-3b25d66054a2,ok,17826047.0,v1.16+,0.0,0.0,0.0,True,0.0,0.0,0.173673915863037,4.0,actuator_motors,none,18737966,11411532,17.5,,B,,0.0,4.0,True,10.002110661034289,20.0019897426956,1.999964380132763,458.659725,453.329307,,True,0.0,0.0,,main,0.0011834894889034,0.0012891341582871,0.0012891154270619,0.0021409745328128,0.0020099003915674,0.0022960705333389,0.0021205361117608,0.2617781013250349,0.3154617264866827,0.0,0.0011827897172787,0.0012883039382814,0.001288285231172,0.0021386859128402,0.0020078832441667,0.0022934385913715,0.0021182909484664,0.2325219176962155,0.2741877268041031,0.0,0.0
b7fefc49-f041-4d60-aec8-550443726090,ok,17761280.0,v1.14-1.15,0.0,1.0,0.0,True,0.0,0.0,0.1400682136416435,4.0,actuator_motors,none,103375957,52949470,23.7,,A,,0.0,4.0,True,9.989508435112992,220.71316854357536,2.000119588524185,1084.488695,1080.7504239999998,,True,0.0,0.0014014525164878,sensor_combined,main,0.0062299876939505,0.0,0.0,0.0,0.0,0.0,0.0,0.002270510373637,0.0004110921072424,0.000126044380886,0.0062106615468551,0.0,0.0,0.0,0.0,0.0,0.0,0.0022679366599847,0.0004110076320326,0.0001260364379604,0.0
41dd2406-dfc2-4cdb-82bc-84c5f737e532,ok,17694720.0,v1.14-1.15,0.0232558139534883,0.0,0.0,False,0.0723488602576808,7.101838000000001,0.9999999362639752,4.0,actuator_motors,none,4637321,3266876,2.7,,C,,0.0,4.0,True,10.008813112368438,20.008219064379965,2.000124762499337,106.046598,100.61202300000004,,True,0.0,0.0,,main,0.0616412214934825,0.0137984233908355,0.0,0.0415004760026931,0.0,0.0109293454326689,0.0041935866232961,0.0061115760356187,0.1098396684974432,0.0001372683982481,0.0598160328727073,0.0137040919067822,0.0,0.0406624387544962,0.0,0.0108700517729313,0.0041848180448934,0.0060929760996102,0.1042155620962813,0.0001372589778035,0.06848030018761726
19f8c4ec-3229-418c-9a14-a0e9cfbe39f0,ok,17694975.0,v1.14-1.15,0.890295358649789,0.0,0.0,True,0.0,0.0,0.2275331437587738,4.0,actuator_motors,none,4620282,3185533,2.6,,B,,0.0,4.0,True,10.00873593980224,20.008730926985333,1.9999583356319264,116.490652,108.939743,,True,0.0,0.0,,main,0.0026592826354317,0.004867639648728,0.0,0.0743448674678802,0.0,0.0059773557819426,0.0075442797038704,0.013042484363541,0.0228263698518276,0.0,0.0026557529995124,0.0048558309955282,0.0,0.0717110501930827,0.0,0.0059595622611335,0.0075159639512078,0.0129581635416566,0.022569746124276,0.0,0.0
c4662fa1-3023-4761-a0de-62df057856e5,ok,17825984.0,v1.16+,0.0,0.1,0.0,True,0.0,0.0,0.1784509360790252,4.0,actuator_motors,none,7593984,3948063,3.0,,C,,0.0,4.0,True,10.008873581349407,20.00945405209702,2.0001156363151216,108.295785,97.67871099999996,,True,0.0,0.0,,main,0.9326178789138792,1.2136075019836412,1.3464892148971557,1.6072075128555277,1.0151892423629754,0.0446904450654983,0.1507394999265668,0.0755917608737944,18.0323085784912,0.0,0.6588754977634389,0.7946235385269583,0.8529202599908267,0.9582797301171212,0.700713107794186,0.0437206167158316,0.1404047791257393,0.0728709853551518,2.94613798653521,0.0,0.0
aed7dd00-65d9-4ebf-9808-40bd8034edc0,ok,17891392.0,v1.16+,0.0458015267175572,0.0,0.0,True,0.0,0.0,0.1925287842750549,4.0,actuator_motors,none,37439476,15615208,7.4,,B,,0.0,4.0,True,125.003818309558,249.9923636141487,100.00916394293918,130.464,127.94,,True,0.0,0.0,,main,0.0002533341466914,0.0001188963578897,4.928108683088794e-05,0.002072591567412,0.0003903351025655,6.767852755729109e-05,0.0002348339039599,0.0,0.0564134828746318,0.0,0.0002533020630149,0.0001188892902779,4.927987255802195e-05,0.0020704467126033,0.0003902589416375,6.767623746907088e-05,0.0002348063347947,0.0,0.054879664398613,0.0,0.0
34cc957f-642a-4cb1-82e8-9e1f220ea4b6,ok,17826047.0,v1.16+,0.0990453460620525,0.0,0.0,True,0.0,0.0,0.1246624462306498,4.0,actuator_motors,none,16953748,10741424,5.8,,A,,0.0,4.0,True,10.002316770223649,20.0023838504936,1.999965879144704,403.948976,395.5206399999997,,True,0.0,0.0,,main,0.0465994685888289,0.0834924213588237,0.0772328115999696,0.1241302244365213,0.092925851047039,0.2063673622906207,0.1267688676714897,0.2112072870135304,0.857357561588287,0.0,0.0455463072058213,0.0801895473771274,0.0743955415730729,0.1170096028000847,0.0888583670460011,0.1876136641014001,0.1193541276638545,0.1916176200415441,0.6191548118098932,0.0,0.0
16939cb3-87a5-4860-be89-22b53fe693a8,ok,17826047.0,v1.16+,0.0,0.0,0.0,True,0.0027881040892193,0.3037529999999999,0.2930700443685055,4.0,actuator_motors,none,14165143,5329450,4.9,,A,,0.0,4.0,True,10.00902747066599,20.00903293447784,1.99980785407824,110.065038,107.539545,,True,0.0,0.0,,main,0.0460235713049768,0.007084718463011,0.0122512164991348,0.0313872864469885,0.0400966646149754,0.0116584375035017,0.0177242891862988,0.2504850029945373,2.4079584240913388,0.0,0.0449959000972192,0.0070597397538507,0.0121767777067734,0.0309047760578658,0.0393136555791688,0.0115910015468435,0.0175690456758564,0.2235314784563751,1.2261134093889396,0.0,0.0027198549410698096
5e746be8-3d97-497c-94a6-3aeb51639d36,ok,17891328.0,v1.16+,0.0,0.0,0.0,True,0.0,0.0,0.1183422654867172,4.0,actuator_motors,none,3588283,3089552,2.7,,C,,0.0,4.0,True,10.013350852800896,20.012803969458687,1.999986439808252,70.614599,68.382569,,True,0.0,0.0,,main,0.005993460654281,0.0025268119177781,0.0043318880489096,0.013013294013217,0.0101932495366781,0.0187008400913327,0.0045978197827935,0.0562941731885075,0.0256309997290372,0.0,0.005975571312763,0.0025236248960848,0.0043225324304723,0.0129293485893364,0.0101416487256655,0.0185281292835472,0.0045872820973228,0.0547667195849671,0.0253080326723229,0.0,0.0
0bbd400b-e126-472f-8c58-0cc97f1bc979,ok,17825984.0,v1.16+,0.0,0.0,0.0,True,0.0,0.0,0.1892100691795349,4.0,actuator_motors,none,6950934,4806293,3.5,,B,,0.0,4.0,True,9.987231281843222,19.96680911110739,1.9933217760404311,151.174405,149.01597299999997,,True,0.0,0.0019322764912898,sensor_combined,main,0.0085195989813655,0.0,0.0,0.0,0.0,0.0,0.0,4.762091875076292,0.493150091171264,0.0,0.0084835120174112,0.0,0.0,0.0,0.0,0.0,0.0,1.7513005815328375,0.400888043424731,0.0,0.0
266a20b3-a407-4ad7-8a0e-6a430bdb1b22,ok,17826240.0,v1.16+,0.0,0.0,0.0,True,0.0,0.0,0.2033025413751602,4.0,actuator_motors,none,10467102,7101445,5.7,,A,,0.0,4.0,True,10.004542412504067,20.00411089866071,2.0000069753052263,222.476946,215.5312880000002,,True,0.0,0.0,,main,0.0026547709712758,0.0001273625566682,0.0001761735074978,0.0035911086597479,0.0041526962304487,0.0005739708431065,0.0013806550123263,0.0268649151548743,0.0170238194987177,0.0,0.002651253291202,0.0001273544467463,0.0001761579907678,0.0035846760246394,0.0041440975842814,0.0005738061848451,0.0013797027845593,0.0265103888529526,0.0168805381281532,0.0,0.0
c9b917e9-4fcb-409e-a0c1-f7acf948fbe1,ok,17630207.0,v1.12-1.13,0.0,0.0,0.0,True,0.0,0.0,0.4669999999999999,6.0,actuator_outputs,per_channel,8272625,4348224,4.2,,B,,,,False,10.014818892782174,201.81596166897344,1.999906719679279,68.693557,57.495640000000016,True,True,0.0,0.0,,main,0.0004509459889959,0.0023731750552542,0.0,0.0335340056568384,0.0,0.0,0.0026233172276988,0.0029626344330608,0.0,0.0,0.00045084434341,0.0023703635226269,0.0,0.0329840029915484,0.0,0.0,0.0026198823369542,0.0029582544803355,0.0,0.0,0.0
ed21dcc4-bc08-488c-ace3-4d5d4b54d64c,ok,17629951.0,v1.12-1.13,0.0,0.2146341463414634,0.0,True,0.0061162079510703,0.198914000000002,0.4593060612678528,4.0,actuator_motors,none,5506223,4142122,15.9,,C,,0.0,4.0,True,10.009071867643156,20.00839728338059,2.0000632372935323,102.208979,98.16335399999991,,True,0.0,0.0,,main,0.0040096239186823,0.0016365165356546,0.0,0.0047834672965109,0.0,0.0,0.001840983889997,0.0013170650461688,0.0168075874447822,0.0,0.0040016067999729,0.0016351789016434,0.0,0.0047720628708269,0.0,0.0,0.001839291356122,0.0013161984768029,0.0166679029470738,0.0,0.005842259006815969
d326b037-6f36-45dd-8bd6-f8d6de6ea339,ok,17826047.0,v1.16+,0.0,0.0,0.0,True,0.0,0.0,0.1399533033370971,4.0,actuator_motors,none,30893349,18536986,30.2,,C,,0.0,4.0,True,9.999994973044076,20.00156416227622,2.0000099968753653,630.479655,623.6916410000002,,True,0.0,0.0,,main,0.0390974693000316,299873760.0,2668503296.0,1.308305263519287,1.3231297731399536,1.103266954421997,0.2290278673171997,0.0595285631716251,1.9352761507034304,0.0,0.0383525184005231,19.518872147394045,21.704783589263087,0.8365136031231055,0.8429153166876416,0.7434918284751318,0.2062235051170643,0.057824057467711,1.076801537679684,0.0,0.0
deaf5559-3a35-44ae-8b67-825f1a5ec5b9,ok,17630207.0,v1.12-1.13,0.0,0.0,0.0,True,0.0,0.0,0.1437999999999999,6.0,actuator_outputs,per_channel,5469974,3194720,32.2,,B,,,,False,10.00692390086185,20.006610937237703,1.9999898608572624,136.787995,130.435671,True,True,0.0,0.0,,main,3.405360257602297e-05,0.0002370890433667,0.0,0.0,0.0,0.0,0.0,0.0988635178655385,0.0,0.0,3.4053022765261824e-05,0.000237060942201,0.0,0.0,0.0,0.0,0.0,0.094276480144091,0.0,0.0,0.0
6efe7a49-25cb-4ef1-bee0-54f96238b2a2,ok,17826047.0,v1.16+,0.0,0.0,0.0,True,0.0,0.0,0.3581623092293739,4.0,actuator_motors,none,9549260,6006666,41.9,,A,,0.0,4.0,True,10.012382676066888,200.00069770541884,1.9999967901286084,81.443594,78.27015399999998,,True,0.0,0.0,,main,0.0019445472280494,0.0780758894979954,0.0480846606194973,0.2329242408275604,0.0250341091305017,0.0,0.0167526721954345,0.2380674377083778,0.065961005538702,0.0,0.0019426590434681,0.0751778684300988,0.0469643656699483,0.209388779332273,0.0247258892371872,0.0,0.0166138939752711,0.2135516458873427,0.0638767449045088,0.0,0.0
2ccfb94a-3508-456f-a110-4d9830716530,ok,17826047.0,v1.16+,0.0,0.0,0.0,True,0.0,0.0,0.2799597635865211,4.0,actuator_motors,none,3167717,2194479,27.8,,C,,0.0,4.0,True,10.011963399132627,20.011961483110507,1.999999831325316,83.263654,81.52001800000004,,True,0.0,0.0,,main,0.0102278395555913,0.0,0.0,0.0,0.0,0.0,0.0,0.0,0.0,0.0,0.0101758891313941,0.0,0.0,0.0,0.0,0.0,0.0,0.0,0.0,0.0,0.0
c7453450-619b-4928-bc94-a098fede54f8,ok,17695488.0,v1.14-1.15,0.0,0.0,0.0,True,0.0,0.0,0.1118279993534087,4.0,actuator_motors,none,6290391,3647525,22.4,,A,,0.0,4.0,True,10.015158342430844,164.96022625655814,1.9999677030008955,61.380836,58.58474500000002,,True,0.0,0.0,,main,0.0012415935460012,0.0,0.0,0.0,0.0,0.0,0.0,15.764834594726548,17.39677619934082,0.0,0.0012408234061356,0.0,0.0,0.0,0.0,0.0,0.0,2.819283513763142,2.9121754427069138,0.0,0.0
3bb8c7d0-8757-47e0-a1de-b664aa1f563a,ok,17695488.0,v1.14-1.15,0.0,0.0,0.0,True,0.0,0.0,0.2434228248894212,4.0,actuator_motors,none,5767994,3588733,31.9,,A,,0.0,4.0,True,10.006650133774617,20.0061820463488,1.9999887918716848,146.674534,142.30606900000004,,True,0.0,0.0,,main,0.0004085691063664,0.0,0.0,0.0,0.0,0.0,0.0,0.0002018518789554,0.0,0.0,0.000408485664736,0.0,0.0,0.0,0.0,0.0,0.0,0.0002018315096058,0.0,0.0,0.0
c2e323a3-f2e1-46d3-83e8-d5caec912561,ok,17826559.0,v1.16+,0.0,0.0,0.0,False,0.0091383812010443,0.3000000000000007,0.1056071072816848,4.0,actuator_motors,none,23126144,9822248,51.9,,B,,0.0,4.0,True,125.0,250.0,100.01787173202617,78.012,76.464,,True,0.0,0.0,,main,0.0003207811387255,0.0002399930963292,0.0001117867759603,0.0040097631281241,0.0047454214654862,6.741958532074932e-05,0.0005285576917231,0.3105572164058685,0.1605594456195831,0.0,0.0003207296994562,0.0002399643025928,0.0001117805282842,0.0040017454534567,0.0047341974475011,6.741731272265141e-05,0.0005284180543084,0.2704524028098407,0.1489021695648489,0.0,0.008917197452229299
d0151042-8f89-4190-be15-22b4b5952458,ok,17695488.0,v1.14-1.15,0.0,0.0,0.0,True,0.0,0.0,0.1906343460083006,4.0,actuator_motors,none,10645127,6672796,41.7,,C,,0.0,4.0,True,10.010482831454588,158.51049445742694,2.000017816583835,103.689323,100.64776600000002,,True,0.0,0.0,,main,0.003642377955839,0.0,0.0,0.0,0.0,0.0,0.0,0.142419921606779,,0.0,0.0036357605610863,0.0,0.0,0.0,0.0,0.0,0.0,0.1331487508324202,,0.0,0.0
76af6981-1a61-488b-bea3-7ca9f075ba9b,ok,17760384.0,v1.14-1.15,0.0,0.0,0.0,True,0.0,0.0,0.0528227686882019,4.0,actuator_motors,none,83943033,37409111,114.6,,C,,0.0,4.0,True,125.00129024266884,250.0,125.00129024266884,387.372,334.088,,True,0.0,0.0,,main,0.0002634664997458,0.0080848429352045,0.0039573651738464,0.0050800340250134,0.0084392121061682,0.029967738315463,0.0238658711314201,0.0712793916463851,0.0281042009592056,0.0,0.0002634317985424,0.0080523356856925,0.0039495554015867,0.0050671741860579,0.0084038010438425,0.0295274797271772,0.0235855328147799,0.0688536273295598,0.0277165246968954,0.0,0.0
96f84051-f5ac-4354-aeb4-666617a9bd68,ok,17825792.0,v1.16+,0.0,0.0949202817945865,0.0,True,0.003392586550123,1.490479999999934,0.3874186217784881,4.0,actuator_motors,none,153095338,86719145,216.5,,C,,0.0,4.0,True,9.94293777870455,199.42849635564568,1.988679877946121,1309.357922,1296.2886709999998,,True,0.0,0.0060502319206419,estimator_innovation_test_ratios,main,0.0185084003955125,0.0048361270455643,0.007194806006737,0.0210279947146773,0.0262617086060345,0.0048379951156675,0.0051862426567822,0.2848401173949241,0.1347776971757411,0.0,0.0183392044617192,0.0048244705495873,0.0071690468708603,0.0208099577240485,0.025922790836138,0.0048263296272185,0.0051728404185362,0.2506342883453321,0.1264367702308229,0.0,0.0033778150700036038
9b6c5a32-a2a2-468c-95f6-cce5ca641b08,ok,17629952.0,v1.12-1.13,0.0,0.0,0.306282722513089,True,0.0,0.0,0.534,6.0,actuator_outputs,per_channel,2377986,1544051,2.3,,A,,,,False,10.013031658472888,20.011386794225867,1.999924691577508,75.739905,69.765435,True,True,0.0,0.0,,main,0.0311288006603717,0.0066538595594465,0.0,0.0,0.0,0.0,0.0,0.0415590595453977,0.0,0.0,0.030654125127591,0.0066318203457989,0.0,0.0,0.0,0.0,0.0,0.0407186863477314,0.0,0.0,0.0
56853e0d-b21c-4d56-96bd-f8bc9d46d719,ok,17630207.0,v1.12-1.13,0.0,0.0,0.0498188405797101,True,0.0,0.0,0.3153000000000001,6.0,actuator_outputs,per_channel,7034416,4357058,5.2,,C,,,,False,10.000167863198538,19.99996319136421,1.9999861546413025,219.941657,216.746143,True,True,0.0,0.0,,main,0.005922794342041,0.0024862550199031,0.0,0.0213486440479755,0.0,0.0,0.1011105850338935,0.0034179082140326,0.0017940792022272,0.0,0.0059053235456469,0.002483169401256,0.0,0.0211239540064648,0.0,0.0,0.0963192932361424,0.0034120804411725,0.0017924717644285,0.0,0.0
20c3d36e-4eb9-440c-8188-445de9b482d0,ok,17825792.0,v1.16+,0.0,0.0,0.0,True,0.0,0.0,0.1047904506325721,4.0,actuator_motors,none,5836901,3369849,3.4,,A,,0.0,4.0,True,9.992314140627272,19.975894293077992,2.000001417323839,127.491837,120.45248000000004,,True,0.0,0.0014861768274467,sensor_combined,main,0.0,0.0,0.0,0.0,0.0,0.0,0.0,0.0007134960091207,0.0,3.553192764229595e-05,0.0,0.0,0.0,0.0,0.0,0.0,0.0,0.0007132415918531,0.0,3.553129639830779e-05,0.0
00f0f3b9-9713-4aa5-9220-45633a430a50,ok,17760511.0,v1.14-1.15,0.0,0.0,0.0,True,0.7265700483091787,12.239069999999998,0.8070370107889174,4.0,actuator_motors,none,8620388,4995103,3.3,,B,,0.0,4.0,True,10.014136671452638,253.51212899637176,2.000208256977344,68.3533,65.31851200000001,,True,0.0,0.0,,main,0.0049379807896912,0.0,0.0,0.0,0.0,0.0,0.0,1.21802065372467,0.9911509275436396,0.0246084004640578,0.0049258289498344,0.0,0.0,0.0,0.0,0.0,0.0,0.796615200753472,0.6887128271028555,0.0243104912635672,0.6901852807893076
bc8d4a2f-1066-45a5-b206-4d566701ad8b,ok,16779519.0,v1.12-1.13,0.0,0.0,0.0,True,0.0,0.0,0.1887498885393142,4.0,actuator_motors,none,7417797,4723573,3.9,,B,,0.0,4.0,True,10.006091546272428,20.00675917544278,1.9999999593220348,147.780192,141.480031,,True,0.0,0.0,,main,0.0006413156515918,0.000122617730085,0.0001069228146661,0.0006588454998563,0.0006559785251738,0.0127981740515679,0.0,0.0512289488688111,0.0481425877660512,0.0012181864294689,0.0006411100965883,0.0001226102131456,0.0001069170988293,0.0006586285564428,0.0006557634653056,0.0127169695344748,0.0,0.049959907247266,0.0470196336726071,0.0012174450424177,0.0
b0a12676-961f-4de9-b8d8-00d504d74b44,ok,17891456.0,v1.16+,0.0,0.0,0.0,True,1.798156889188582e-05,0.0029880000000002,0.5259469524025916,4.0,actuator_motors,none,92307297,24692154,25.2,,C,,0.0,4.0,True,9.954052528319131,323.02843097910466,2.0000056821353485,151.832529,148.38399199999995,,True,0.0,0.00354905283708,vehicle_attitude,main,0.0955292664468287,0.0,0.0,0.0,0.0,0.0,0.0,0.0050877660047262,0.0018005546065978,0.0,0.0912375948465442,0.0,0.0,0.0,0.0,0.0,0.0,0.0050748670559892,0.0017989355513257,0.0,1.766706417561062e-05
a33a50b0-a144-482c-99c1-5ef526c31e1d,ok,17760767.0,v1.14-1.15,0.0,0.0,0.0,True,0.1447741653938468,9.897423000000003,0.5436697155237198,4.0,actuator_motors,none,37417762,23704375,11.2,,C,,0.0,4.0,True,10.001070220861818,20.00100582315091,1.999994870805771,921.133658,916.6102810000006,,True,0.0,0.0,,main,0.0661652363836765,0.0004643531079636,0.0003134568454697,0.0040540473069995,0.0041718438733369,0.0010824275203049,0.0024400111287832,0.0546359885483979,0.0322814594954252,0.849380552768706,0.0640683197199053,0.0004642453294227,0.0003134077281365,0.0040458517997316,0.0041631658598578,0.0010818421180354,0.0024370391351122,0.0531956728386318,0.0317713619439514,0.6148507466787893,0.14397309319735271
e91b73db-dff7-4cfa-bb4b-8cddee64b696,ok,17826240.0,v1.16+,0.0,0.0,0.0,True,0.0632812967282732,0.5187560000000033,0.812828841805456,4.0,actuator_motors,none,7344577,4799413,5.5,,B,,0.0,4.0,True,9.983533759088765,199.34134079204367,1.9999950000125,60.696835,58.72013599999999,,True,0.0,0.0033735505682848,sensor_combined,main,0.001401126733981,0.0,0.0,0.0,0.0,0.0,0.0,0.0,0.0,0.0329931937158107,0.001400146071833,0.0,0.0,0.0,0.0,0.0,0.0,0.0,0.0,0.0324606012637239,0.06134400185539514
b4d61d2e-cbe9-43e2-bae7-ad28772d570d,ok,17825984.0,v1.16+,0.0,0.0,0.0,True,0.0,0.0,0.0653329506516456,4.0,actuator_motors,none,9991754,6306774,10.2,,C,,0.0,4.0,True,10.003332153211646,20.003343369210576,2.000013734156244,274.824726,264.8077979999999,,True,0.0,0.0,,main,4.804862055607373e-05,0.0,0.0,0.0,0.0,0.0,0.0,0.0002167866456147,0.4477763935923575,0.0,4.804746625807986e-05,0.0,0.0,0.0,0.0,0.0,0.0,0.0002167631507853,0.3700288577241922,0.0,0.0
608f6e09-3204-45e4-8d6f-7dad6e0c4a8e,ok,17761535.0,v1.14-1.15,0.0,0.0,0.0,True,0.0,0.0,0.1334130614995956,4.0,actuator_motors,none,12549709,7640793,10.7,,B,,0.0,4.0,True,10.008494449025736,197.46077204999608,2.000038481089728,114.966461,105.17881299999998,,True,0.0,0.0,,main,0.027184968907386,1.3927549207437551e-05,9.19213730412593e-06,0.0022227652370929,0.0049978327937424,0.0043286545667797,0.0051954996306449,0.0001372045597236,0.0065511533059179,0.0002542863076087,0.0268220207734675,1.3927452220024618e-05,9.192095056690717e-06,0.0022202985490127,0.004985385084577,0.0043193128898269,0.0051820495887829,0.0001371951480388,0.0065297877629657,0.0002542539823253,0.0
fffb31fe-cc17-44e9-a8e2-43b7bd842302,ok,17630207.0,v1.12-1.13,0.0,0.0,0.0,True,0.0,0.0,0.094,6.0,actuator_outputs,per_channel,19188990,10890483,9.1,,C,,,,False,10.006688128829996,173.77351812195602,1.9999906036805093,137.895019,133.56758800000003,True,True,0.0,0.0,,main,1.3492526704794727e-05,0.00014193104289,0.0,0.0,0.0,0.0,0.0,0.001804055966204,0.0,0.0,1.3492435681475042e-05,0.0001419209716324,0.0,0.0,0.0,0.0,0.0,0.001802430611766,0.0,0.0,0.0
dddfa2a1-8459-4504-a6a6-587bb0a90d38,ok,17170944.0,v1.12-1.13,0.0,0.0,0.0,False,0.0,0.0,0.3915402757485978,4.0,actuator_motors,none,4977609,3491787,3.0,,C,,0.0,4.0,True,10.008390841537633,20.00911513724235,2.000081260444353,105.35969,100.153985,,True,0.0,0.0,,main,0.0128598040901124,0.0,0.0,0.0,0.0,0.0,0.0,2.341507911682129,0.1142864562571048,0.0244348663836717,0.0127778189367219,0.0,0.0,0.0,0.0,0.0,0.0,1.2064221756699491,0.1082142505117717,0.0241411106715527,0.0
c057a299-71c7-4fe7-abce-ba4ab1793df3,ok,17760767.0,v1.14-1.15,0.015267175572519,0.0,0.0,True,0.0032493907392363,0.3005820000000003,0.7718152850866318,4.0,actuator_motors,none,5150658,3638380,2.9,,C,,0.0,4.0,True,10.00790913661604,20.00804459225608,2.000148905203201,127.894577,123.08529099999998,,True,0.0,0.0,,main,0.0048031567130237,0.0110643620137125,0.0073988534277305,0.0638593081384897,0.0676857680082321,0.020081637892872,0.0308837061747908,0.0286149098537862,0.0059481542790308,0.0,0.0047916583600466,0.0110035997466436,0.0073716161788055,0.0619031529832533,0.0654934725340275,0.0198826612432524,0.030416401558095,0.0282131495421572,0.0059305338475388,0.0,0.003117692907248636
b9b3856e-5d37-457e-9439-b75b22fcc69d,ok,17760512.0,v1.14-1.15,0.0,0.0,0.0540275049115913,True,0.0,0.0,0.097660031914711,4.0,actuator_motors,none,38285754,22515203,16.0,,B,,0.0,4.0,True,10.00090792363562,20.000937766283243,1.9999977758136829,1017.258997,1015.9075220000008,,True,0.0,0.0,,main,0.0251331036910414,0.012700967118144,0.0232040628790855,0.013176392391324,0.0263580163940787,0.004099593963474,0.0348261550068855,0.1211592517793178,0.0419326122850179,0.0,0.0248224614192,0.0126209863454201,0.0229389420321236,0.0130903388258909,0.026016629735708,0.0040912135245979,0.034233446432512,0.1143631962475216,0.0410772697283836,0.0,0.0
0eb9125f-8e0e-496d-b52f-2fa04e1477cd,ok,17891583.0,v1.16+,0.0,0.0,0.0,True,0.0462546504525515,5.399938999999961,0.4627138495445248,4.0,actuator_motors,none,69792261,42815615,17.5,,B,,0.0,4.0,True,10.00056709397914,20.00052204996592,2.000001348851007,1804.733815,1800.8652110000037,,True,0.0,0.0,,main,4.023090059490636e-05,0.0,0.0,0.0,0.0,0.0,0.0,0.0007040466094622,0.2737085133790969,0.0,4.023009135392928e-05,0.0,0.0,0.0,0.0,0.0,0.0,0.0007037988849143,0.2419327345663485,0.0,0.046141915471112835
dabe3025-17d6-473b-9b7d-027c0ab2d51f,ok,17695488.0,v1.14-1.15,0.0,0.0,0.0,True,0.0,0.0,0.1793270871043207,4.0,actuator_motors,none,3663436,2614122,4.2,,A,,0.0,4.0,True,10.012510697132369,20.01210550454793,1.999978588464524,76.758396,73.36246500000001,,True,0.0,0.0,,main,0.0012535933521576,0.0,0.0,0.0,0.0,0.0,0.0,0.0,0.0,0.0095950761344283,0.0012528082600669,0.0,0.0,0.0,0.0,0.0,0.0,0.0,0.0,0.009549335746988,0.0
b324bd5e-4939-4821-a9f2-c76a1d869b6d,ok,17956928.0,v1.16+,0.7101449275362319,0.0,0.0,True,0.0,0.0,0.1991857826709747,4.0,actuator_motors,none,10439146,6297666,5.2,,C,,0.0,4.0,True,10.003567308478813,20.003165949345764,1.999992918057864,274.686234,263.7550770000002,,True,0.0,0.0,,main,0.1499347247183321,3.5120774555252865e-05,0.0017123945290222,3.582939098123461e-05,0.0029538741800934,0.0016304404707625,0.0268473122268915,0.0,15.389439630508416,0.0,0.1397051796496918,3.512015783528993e-05,0.0017109300531126,3.5828749123937094e-05,0.002949520065987,0.0016291127456866,0.026493246307129,0.0,2.796637202452429,0.0,0.0
da3425c6-fd54-464c-b95c-6454ebdea39f,ok,17629184.0,v1.12-1.13,0.9423631123919308,0.0,0.0,True,0.0005945303210463,0.098859,0.1274120420217513,4.0,actuator_motors,none,5532516,3558974,3.5,,C,,0.0,4.0,True,9.999817170972763,19.99966405188593,1.999968464265375,172.841981,168.168699,,True,0.0,0.0,,main,0.0767715200781822,0.0,0.0,0.0,0.0,0.0,0.0,0.1292718276381492,,0.0001702738300082,0.0739672308941617,0.0,0.0,0.0,0.0,0.0,0.0,0.1215730246889016,,0.0001702593350649,0.0005777007510109763
080788da-61c0-43e0-aacd-ca60a30170ec,ok,17826240.0,v1.16+,0.0,0.0,0.0,True,0.0065586419753086,0.8988939999999843,0.3882914915680878,4.0,actuator_motors,none,11418366,7380099,6.5,,A,,0.0,4.0,True,10.003945581778927,20.003771191638865,2.000032061005439,264.820031,259.2060079999999,,True,0.0,0.0,,main,0.0014113353623542,0.0013478186388965,0.0009989863203372,0.0158563873730599,0.018578606750816,0.0091510950587689,0.00231447101105,0.8398163646459553,0.166350959986447,0.0,0.0014103403646752,0.0013469111466865,0.0009984876655749,0.0157319881545267,0.0184081326470005,0.0091094774932332,0.0023117967485599,0.6096657648175106,0.1538800374810197,0.0,0.00640542577241899
c12f1853-e299-4775-9020-b90e691a7974,ok,17569279.0,v1.12-1.13,0.1316455696202531,0.0544303797468354,0.0,True,0.046535677352637,3.102652000000006,0.3266666666666666,4.0,actuator_outputs,bus,17570304,11156705,10.2,,B,,,,False,10.002590929363588,20.002348626575376,2.002499989527155,390.776363,386.8013299999996,True,True,0.0,0.0,,main,0.3336330145597455,0.0130932078231125,0.0,0.0109069624450057,0.0,0.0,0.2851750478148449,0.0033449276816099,0.0,0.0471973419189453,0.2879068081166386,0.0130082327051166,0.0,0.0108479105268008,0.0,0.0,0.2508949330499632,0.0033393458547536,0.0,0.0461173973358333,0.0
7e581c76-6979-41e4-b417-a501676d09d8,ok,17694975.0,v1.14-1.15,0.0424973767051416,0.0,0.0,True,7.314834117849293e-06,0.0074839999999767,0.3351067543029785,4.0,actuator_motors,none,198943094,106309164,52.8,,B,,0.0,4.0,True,9.937614991568934,163.04892949932398,1.9865946829068712,1939.746991,1936.4564390000007,,True,0.0,0.0064157837339578,vehicle_attitude,main,0.0016759250080212,0.0053855126723647,0.0,0.0072025367058813,0.0,0.0034629149828106,0.0036780543159693,0.0204012408852577,0.0274474505335092,0.0,0.0016745222128059,0.0053710626562721,0.0,0.0071767223169904,0.0,0.0034569328990418,0.003671306814251,0.020195923362061,0.027077523047322,0.0,7.302041650845577e-06
6f8e59c1-7b8e-4f91-81f6-5f85722049bd,ok,17891392.0,v1.16+,0.0,0.0211565585331452,0.0,True,0.0,0.0,0.0480635404586792,4.0,actuator_motors,none,165765139,78494544,62.3,,B,,0.0,4.0,True,124.99788012233108,249.9929337810489,100.0014132677577,707.136,655.732,,True,0.0,0.0,,main,0.000565197202377,0.0001137538311013,6.742101541021857e-05,0.0027975519187748,0.0007349827210418,5.2050629165023565e-05,0.0002275620790896,0.0003613743465393,0.1163945697247982,0.0,0.0005650375385963,0.0001137473616248,6.741874271571011e-05,0.0027936460532842,0.0007347127535145,5.204927457802986e-05,0.000227536190767,0.0003613090665566,0.1101043585736089,0.0,0.0
cd7fc0d8-8e8c-4e22-abc3-e6d4572e1314,ok,17761280.0,v1.14-1.15,0.0,0.0,0.0,True,0.0,0.0,0.2945441290736197,4.0,actuator_motors,none,47381984,30128952,9.3,,C,,0.0,4.0,True,10.00074544935283,20.00080545508412,1.999999424012324,1316.387477,1311.830016,,True,0.0,0.0,,main,0.0118376214057207,0.0050289236940443,0.0012987819267436,0.0044404882006347,0.0030132830142974,0.0036542896181344,0.0032041005324572,0.1145275354385376,0.0725552916526795,0.0,0.0117681048348864,0.0050163208919776,0.001297939239063,0.0044306583218027,0.003008752176551,0.0036476289236338,0.0031989783407744,0.1084305800783226,0.0700439244796861,0.0,0.0
164a2545-5edc-45dd-a65d-398c8dd498e2,ok,17891392.0,v1.16+,0.0,0.1124183006535947,0.0,False,0.0,0.0,0.0572008192539215,4.0,actuator_motors,none,108028610,45148818,34.5,,B,,0.0,4.0,True,125.00133519905148,250.0026703695792,100.00373855734414,374.496,362.344,,True,0.0,0.0,,main,0.000275173340924,0.0004905188106931,0.0001303519391512,0.0022742832079529,0.0024405650328844,6.825584569014609e-05,0.0003838122065644,0.1753769963979721,0.2316170066595055,0.0,0.0002751354876841,0.0004903985456678,0.0001303434440754,0.002271700940362,0.0024375916908183,6.825351636590338e-05,0.0003837385695007,0.1615889441336845,0.2083279455629205,0.0,0.0
9dda00ed-0df6-4176-9215-65652a914da0,ok,17761280.0,v1.14-1.15,0.0329218106995884,0.0823045267489712,0.072,False,0.0968399592252803,4.297497000000007,0.9999999388190552,4.0,actuator_motors,none,4397021,3304055,4.1,,C,,0.0,4.0,True,10.009870314449484,20.00973773786664,1.9999993737375696,99.290887,97.771471,,True,0.0,0.0,,main,0.0085647299885749,0.0019043809152208,0.0065498743206262,0.0103444648906588,0.0356908038258552,0.0074218506924808,0.0311328448355197,0.0698345266282557,0.0173853194341063,0.0147494981996715,0.008528260773394,0.0019025698807874,0.0065285171011617,0.0102913270545413,0.0350686473861128,0.0073944442792953,0.030658047205235,0.0675039885036021,0.017235923809701,0.014641782230388,0.09519038076152304
e5894dba-282d-420d-9694-c47af61fb587,ok,17695488.0,v1.14-1.15,0.0,0.0,0.0,True,0.0,0.0,0.0822488084435462,4.0,actuator_motors,none,14373158,8966295,6.0,,A,,0.0,4.0,True,10.002417336025127,20.00269017089077,2.00000000538358,371.657688,365.229941,,True,0.0,0.0,,main,0.0032590416609309,0.0,0.0,0.0,0.0,0.0,0.0,0.0125521504320204,,0.0001349752208625,0.0032537424950039,0.0,0.0,0.0,0.0,0.0,0.0,0.0124740252716641,,0.0001349661125269,0.0
6cea90e0-2b12-4834-878d-9118c5c2cc37,ok,17695488.0,v1.14-1.15,0.4506172839506173,0.0,0.0,True,0.0,0.0,0.1150210708379745,4.0,actuator_motors,none,2275140,1616331,3.1,,B,,0.0,4.0,True,10.014247083877212,20.01471333467229,2.0000548970291887,67.462335,64.18607699999998,,True,0.0,0.0,,main,0.0006364812667015,0.0,0.0,0.0,0.0,0.0,0.0,0.0,0.0,0.0,0.000636278798407,0.0,0.0,0.0,0.0,0.0,0.0,0.0,0.0,0.0,0.0
cc78131b-5bd9-400b-aa93-cbca39c206d9,ok,17694975.0,v1.14-1.15,0.0,0.0,0.0,True,0.0,0.0,0.1930446768179534,4.0,actuator_motors,none,7851959,4696795,6.1,,A,,0.0,4.0,True,9.984632355089866,221.2939463926649,1.9844754943582288,65.264652,61.82418599999999,,True,0.0,0.002674355698265,vehicle_attitude,main,0.0012936044426169,0.0285485151223838,0.0,0.0441836090758442,0.0,0.0353238333016633,0.8753159552812573,0.0029275770531967,0.0041681904578581,0.0,0.0012927684572684,0.0281485997542119,0.0,0.0432353447593003,0.0,0.0347142601969024,0.6287771547095832,0.0029233000449762,0.0041595276159187,0.0,0.0
fd03539b-ef5c-411f-abbf-7f4a70de8916,ok,17891583.0,v1.16+,0.0,0.0,0.0,True,0.0,0.0,0.1815767347812652,4.0,actuator_motors,none,51731777,32519126,20.9,,B,,0.0,4.0,True,9.999142525282677,19.997572113543995,1.999994004927954,1222.725821,1217.3202229999993,,True,0.0,0.0001841689192152,sensor_combined,main,0.0010983117856085,0.0015518881846219,0.0012959056533873,0.0025189985986798,0.0016920985886827,0.005942041426897,0.0026800196617841,0.0030136328656226,0.0004201303177978,0.0,0.0010977090824828,0.0015506852505384,0.0012950666923873,0.0025158312396433,0.0016906686027566,0.0059244571221322,0.0026764348126393,0.0030091009767814,0.000420042087767,0.0,0.0
49a71199-ca13-48c1-801a-3fbce3584971,ok,17761280.0,v1.14-1.15,0.0,0.0,0.0,True,0.0,0.0,0.1535730883479118,4.0,actuator_motors,none,122687321,70152824,32.0,,A,,0.0,4.0,True,10.00030960274274,20.000322685346223,2.0000018444277954,3027.901707,3019.5712659999926,,True,0.0,0.0,,main,0.0128079785499721,0.0016647461452521,0.001449241884984,0.0148757500573992,0.0110852622892707,0.0017841676017269,0.0019478064205031,0.0069872057065367,0.0040074493736028,0.0,0.0127266500919629,0.0016633619913516,0.001448192747477,0.0147661912640251,0.0110242710909475,0.0017825778653346,0.0019459119052776,0.00696290829974,0.0039994409368351,0.0,0.0
3662188d-2333-4084-aaff-82fd49ecc295,ok,17891583.0,v1.16+,0.0,0.0,0.0,True,0.0726915520628683,0.499598000000006,0.4610952019691466,4.0,actuator_motors,none,5029293,3778699,3.4,,B,,0.0,4.0,True,10.009192136405082,20.008969414398784,1.9998958348093625,105.860952,101.81929,,True,0.0,0.0,,main,0.0037465787841938,0.0005400912079494,0.000639360374771,0.0058379594935104,0.0098786054644733,0.0979517858475446,0.0555342299863695,0.0,0.0,0.0,0.0037395778388476,0.0005399454111862,0.0006391560710044,0.0058209846416106,0.0098301310200251,0.093446431237567,0.0540470178953811,0.0,0.0,0.0,0.0696798493408663
459f9f78-2086-41a4-be89-425d88d1928f,ok,17695743.0,v1.14-1.15,0.0,0.0,0.0,True,0.0,0.0,0.2058582127094268,4.0,actuator_motors,none,3749696,2653576,2.6,,B,,0.0,4.0,True,10.01081492687181,20.009730786161665,2.000002739134186,92.113385,83.39015300000001,,True,0.0,0.0,,main,0.0052805335260927,0.0,0.0,0.0,0.0,0.0,0.0,1.5139037714106943e-05,0.0,0.0,0.0052666403962296,0.0,0.0,0.0,0.0,0.0,0.0,1.5138923120032053e-05,0.0,0.0,0.0
24f13245-84c0-41cb-91fe-f63d2e7a4c67,ok,17761535.0,v1.14-1.15,0.0,0.0,0.0,True,0.0,0.0,0.5175485670566559,4.0,actuator_motors,none,4422737,3237158,3.0,,B,,0.0,4.0,True,9.853346457685284,19.7068112062475,1.9723521573210017,109.278484,104.99408100000004,,True,0.0,0.0164991215856206,vehicle_local_position,main,0.0036881897365674,0.0005025455669965,0.0007930867723189,0.0050817490089684,0.0044904960785061,0.0006104041880462,0.0041679556015878,0.0240270428359508,0.0229247603565454,0.0,0.0036814050418447,0.0005024193332634,0.0007927724451861,0.0050688805004147,0.0044804438826538,0.0006102179671859,0.0041592937344833,0.0237429352880872,0.0226659362261322,0.0,0.0
e5041e51-b7a2-4421-aa9c-1224db8ca10b,ok,17826047.0,v1.16+,0.0,0.0,0.0,True,0.0,0.0,0.1325459748506545,4.0,actuator_motors,none,4486921,3440276,2.8,,B,,0.0,4.0,True,9.999646849319928,19.99954496040878,2.000108810388802,90.000012,85.23951899999999,,True,0.0,0.0,,main,0.0028113065985962,0.000735188316321,0.0008673681062646,0.0140077440999447,0.0165275160223245,0.0009189213829813,0.0025072979391552,0.0120190973859279,0.0026917530340142,0.0,0.0028073622669549,0.0007349181977746,0.0008669921599222,0.0139105423192609,0.0163924230974894,0.0009184994331999,0.0025041599118957,0.0119474416219313,0.0026881367547829,0.0,0.0
38f7ea64-3a7c-48e0-a419-afbf5a3494f9,ok,17761535.0,v1.14-1.15,0.0,0.0,0.0,True,0.0075471698113207,0.7987549999999999,0.2273570552468299,4.0,actuator_motors,none,4409875,3180904,3.4,,C,,0.0,4.0,True,10.009120276970744,20.00802362580096,2.000001887852249,107.334626,105.971681,,True,0.0,0.0,,main,0.0040709402877837,0.0003504322405206,0.0029013716382905,0.0092842013575136,0.0191016413271427,0.0016368838842026,0.0091282187029719,0.0054553064052015,0.0024497143691405,0.0,0.0040626764305578,0.0003503708534839,0.0028971707831318,0.0092413680712209,0.0189214954165585,0.0016355456499344,0.0090868083258469,0.0054404801180649,0.0024467187102369,0.0,0.0074142724745134385
b36b6eb1-1b4f-4f40-b22c-6defbf583b67,ok,17761280.0,v1.14-1.15,0.009925558312655,0.0,0.0,True,0.9475308641975309,184.20217,0.7781313776969909,4.0,actuator_motors,none,7162833,4382428,3.4,,B,,0.0,4.0,True,10.004572014563482,20.00473798001225,2.00006168190227,200.025581,194.38046100000005,,True,0.0,0.0,,main,0.0004065615648869,0.0010017115855589,0.0002288609830429,0.0023458416108042,0.0023567879106849,0.0017559300758875,0.0025217041838914,0.0,0.0014513040659949,0.0006953168194741,0.0004064789411275,0.0010012102073049,0.0002288347983631,0.0023430944198504,0.0023540150419114,0.0017543902329792,0.0025185300229725,0.0,0.0014502519420936,0.0006950751987298,0.9182452642073778
6019c4a4-97ed-4741-9ea4-990e9b992717,ok,17695488.0,v1.14-1.15,0.0,0.0,0.0,True,0.1952117863720073,10.598247999999998,0.994739172887057,4.0,actuator_motors,none,2264183,1675640,2.5,,C,,0.0,4.0,True,10.015384725334457,20.017127569038006,1.9999350354435983,60.249069,54.29184500000001,,True,0.0,0.0,,main,0.6839592456817627,0.0,0.0,0.0,0.0,0.0,0.0,0.0740184560418129,0.0,0.0,0.5211477146257223,0.0,0.0,0.0,0.0,0.0,0.0,0.0714071803354967,0.0,0.0,0.17520661157024794
9288b3ea-754b-4313-a0d3-12f7a5897f16,ok,17695744.0,v1.14-1.15,0.0,0.0,0.0,True,0.0092307692307692,0.598748999999998,0.7224866300821304,4.0,actuator_motors,none,6293238,3980943,3.2,,C,,0.0,4.0,True,10.00597579109746,20.0059752534275,1.999999879879887,166.905698,162.52997899999994,,True,0.0,0.0,,main,0.0052768971538171,0.0,0.0,0.0,0.0,0.0,0.0,0.1819874539971351,0.2697103500366212,0.0,0.0052630231185333,0.0,0.0,0.0,0.0,0.0,0.0,0.1671973047119535,0.2387888036210852,0.0,0.008955223880597015
edf4008e-e435-42c1-8524-8d62aafc36c8,ok,17694720.0,v1.14-1.15,0.0,0.0,0.0,True,0.0,0.0,0.0566842667758464,4.0,actuator_motors,none,7950977,5167071,4.9,,C,,0.0,4.0,True,10.004218467079683,20.003979602515088,1.9999456240380653,230.976155,226.62439800000007,,True,0.0,0.0,,main,0.0029113212134689,0.0015354292641859,0.0,0.0177984112873673,0.0,0.0031643776339478,0.003483348886948,0.0101024847012013,0.0522663779556751,0.0,0.0029070915251971,0.0015342516978989,0.0,0.0176418742432646,0.0,0.0031593815279787,0.0034772960791687,0.0100517957066251,0.0509462932475094,0.0,0.0
d70b9718-5238-42f2-8477-7b53b6a3f99a,ok,17825984.0,v1.16+,0.0,0.0,0.0,True,0.0,0.0,0.1981966257095336,4.0,actuator_motors,none,5897225,3802872,3.2,,C,,0.0,4.0,True,10.006575828918168,20.00749419415876,1.999959084170403,144.35709,135.41271600000002,,True,0.0,0.0,,main,0.0026071604341268,0.0,0.0,0.0,0.0,0.0,0.0,0.0060267174616456,21.70613975524899,0.0,0.00260376768704,0.0,0.0,0.0,0.0,0.0,0.0,0.0060086294378548,3.122635361715428,0.0,0.0
e8a6cb6a-4413-43b2-86c9-a9adc67ef010,ok,17761280.0,v1.14-1.15,0.0125,0.0,0.4087732919254658,True,0.0472827153227388,2.600962999999979,0.2521095395088195,4.0,actuator_motors,none,21401831,13173795,12.1,,B,,0.0,4.0,True,10.001913863984004,20.001887951339,2.000006357996865,514.52345,509.7751529999999,,True,0.0,0.0,,main,1.3915517091751095,6.352334457915232e-05,0.0001444564550183,0.0008246032870374,0.0014398836530745,22.6363540649414,0.6246637821197503,0.0097753141075372,0.0,18.02892684936523,0.8719424059722467,6.352132705693845e-05,0.0001444460221893,0.0008242634885333,0.0014388480146206,3.162785953272288,0.4853008910633349,0.009727844825321,0.0,2.9459602871464834,0.04679611650485437
ae668731-a4bb-4f4e-a797-216a67a97070,ok,17694975.0,v1.14-1.15,0.4308943089430894,0.0,0.0,True,0.0016357688113413,0.0998870000000238,0.1267747342586517,4.0,actuator_motors,none,6897327,4498208,3.5,,C,,0.0,4.0,True,10.005258625557245,20.00516848820877,1.999984401205673,184.812633,183.413355,,True,0.0,0.0,,main,0.0022205395973287,0.0,0.0,0.0,0.0,0.0,0.0,0.0050253971945494,,0.0001686503899691,0.0022180778428856,0.0,0.0,0.0,0.0,0.0,0.0,0.0050128120320844,,0.0001686361700908,0.0016198704103671706
b1d1ee7c-0056-49f0-898e-1be5dd2ae4ef,ok,17826047.0,v1.16+,0.0,0.0,0.0,True,0.0,0.0,0.1783075511455535,4.0,actuator_motors,none,2498137,1955450,3.7,,C,,0.0,4.0,True,10.01419376114176,20.014430870109223,1.999991406286926,64.181004,62.424023000000005,,True,0.0,0.0,,main,0.0533411405980586,0.0,0.0,0.0,0.0,0.0,0.0,0.0989839673042297,0.0686786875128745,0.0,0.0519671508634248,0.0,0.0,0.0,0.0,0.0,0.0,0.0943860868748806,0.0664230139084596,0.0,0.0
19b09a88-1290-4954-ae81-e38e43e14084,ok,17826303.0,v1.16+,0.0,0.0,0.0,True,0.0,0.0,0.1491755083203315,4.0,actuator_motors,none,17555943,9736873,7.7,,B,,0.0,4.0,True,10.007496613278091,197.11493234590827,1.999929449643236,123.029945,114.816714,,True,0.0,0.0,,main,0.0106623217463493,0.0060143353883177,0.0103616942651569,0.00694065336138,0.0072484906762838,0.0015508390264585,0.0065299971029162,0.0114523858763277,0.0,0.0003489993163384,0.0106058800391359,0.0059963214650025,0.0103083798797831,0.0069166778998223,0.0072223466283148,0.0015496377174796,0.0065087690345372,0.0113873037310786,0.0,0.0003489384302427,0.0
9fc4a388-bb0e-4047-94c5-0aa6d9447b7c,ok,17825792.0,v1.16+,0.2075471698113207,0.0,0.0,True,0.0,0.0,0.1648907750844954,4.0,actuator_motors,none,3255351,2515977,20.3,,C,,0.0,4.0,True,10.012602623546412,20.013577334340702,1.9999554295647128,77.555612,72.01588600000002,,True,0.0,0.0,,main,0.014340811409056,0.028388444893062,0.0036127515602856,0.1706381812691682,0.0613650545477866,33.27926940917968,0.0961670376360414,1.000002676248547,0.9416060209274244,0.0042286705691367,0.0142389546241385,0.0279929603420603,0.0036062412487479,0.1575490541798746,0.0595558669463318,3.5345407810514646,0.091819583515345,0.6931485186833235,0.663515476438747,0.0042197548672857,0.0
ded42fd0-c446-4fac-9c60-1b9194e1696d,ok,17630207.0,v1.12-1.13,0.0417910447761194,0.0,0.0,True,0.0,0.0,0.615,6.0,actuator_outputs,per_channel,15749753,9968147,43.3,,B,,,,False,9.92083833181754,19.83889464100628,1.98244369564444,341.142678,335.03712499999995,True,True,0.0,0.0081436318435136,sensor_combined,main,0.0040326894260942,0.0017401236575096,0.0,0.0206550922244787,0.0,0.0,0.006322541180998,0.0065881975926458,0.031502142548561,0.0,0.0040245799288354,0.0017386113964312,0.0,0.0204446684225593,0.0,0.0,0.0063026377668889,0.0065665902691763,0.0310161306463152,0.0,0.0
91d4248d-8572-4df4-9bd2-e399de81063d,ok,17826240.0,v1.16+,0.0585365853658536,0.0,0.0,True,0.0009053533008116,0.009883000000002,0.6479623909249368,4.0,actuator_motors,none,82795650,34197290,58.4,,A,,0.0,4.0,True,9.970087746722358,988.6173233327712,1.9899924579285848,100.556526,95.751516,,True,0.0,0.0034108060388922,sensor_combined,main,0.0404243662953376,0.0054025772027671,0.0389973875135183,0.0586463123559949,0.2986002981662749,0.0393445830792188,0.073730820044875,0.3463055133819579,0.0449880331754683,0.0,0.0396286744405055,0.0053880356336721,0.0382561976899814,0.056991028167966,0.2612869906981639,0.0385903059107101,0.0711393315676166,0.2973641842052126,0.0440054338444764,0.0,0.0008629266410834298
1c5ee64c-dffe-49c8-8b9f-cb08f0fd7ea2,ok,17826240.0,v1.16+,0.3016393442622951,0.0,0.0,True,0.0469354759688403,2.92962399999999,0.6971916757524003,4.0,actuator_motors,none,16370095,10022427,48.4,,B,,0.0,4.0,True,10.00630288759289,179.06125157228578,2.000109461772925,147.614049,142.876232,,True,0.0,0.0,,main,0.1110341548919677,2024018.625,6259356.0,0.2378970682621002,0.0667164474725723,0.0186774974688887,66.74533081054688,0.0861905559897422,0.0325803669169545,0.0,0.1052912526619713,14.52059600548873,15.649588022145714,0.213414027237208,0.0645851895541202,0.0185052149116657,3.497466054997324,0.0826766720399725,0.0320608800315966,0.0,0.04539316259565496
70489d54-e0eb-46c8-923f-fb868dc2014b,ok,17825792.0,v1.16+,0.0,0.7589498806682577,0.0,True,0.2717608293046636,4.084498000000002,0.9999999500801208,4.0,actuator_motors,none,19117527,10378838,7.9,,B,,0.0,4.0,True,10.00020944194608,132.568688626558,1.9999574493465453,209.869138,149.04039900000004,,True,0.0,0.0004567614003261,sensor_combined,main,0.0048539637355133,4.140884666412602e-05,2.8130508053436567e-05,0.0002562887253588,0.000196838757256,0.0001571749766299,0.0013758635381236,2.024911296367645,0.253642202913761,0.0,0.0048422212366522,4.140798934150207e-05,2.813011239811487e-05,0.0002562558890136,0.0001968193870496,0.0001571626259373,0.001374917905161,1.106881767538034,0.2260530768677375,0.0,0.19268088879794001
c67b0be3-fa04-4666-8955-dc80b6c967a3,ok,17630207.0,v1.12-1.13,0.0,0.0,0.0,True,0.0,0.0,0.204,6.0,actuator_outputs,per_channel,2523012,1811361,2.6,,C,,,,False,10.000200923879271,20.000616554439457,2.0001298892297603,75.617143,71.94350499999999,True,True,0.0,0.0,,main,0.0070410484680905,0.0047987244324758,0.0,0.0229744959622621,0.0,0.0,0.0080168855842202,0.0090828928165137,0.0283569886349141,0.0,0.0070163760318386,0.0047872472569426,0.0,0.0227145560255411,0.0,0.0,0.0079849210805178,0.0090418914326565,0.0279623719594266,0.0,0.0
3d1707b9-df27-4a1b-8b56-dcfc789278ac,ok,17761535.0,v1.14-1.15,0.0,0.0,0.0,True,0.0023375409069658,0.5,0.0642671585083007,4.0,actuator_motors,none,69313380,30908801,15.1,,C,,0.0,4.0,True,124.98279077335135,249.9244104011288,124.98279077335135,319.52,213.896,,True,0.0,0.0,,main,0.0002327329391846,0.0073716361075639,0.0049926047213375,0.0065567316487431,0.0083080772310495,0.0289903756231069,0.0212151341140264,0.0825780034065246,0.0305847600102424,0.0,0.0002327058610753,0.0073445983916088,0.0049801829977339,0.0065353297837058,0.0082737551268385,0.0285781036722211,0.0209932262068566,0.0793452368725702,0.0301263693101633,0.0,0.0015629884338855893
8ec5d62b-0ecf-42fc-8205-270e7fe46ee5,ok,17694975.0,v1.14-1.15,0.0,0.0,0.0,True,0.0,0.0,0.0511371612548828,4.0,actuator_motors,none,2649059,1883208,3.0,,C,,0.0,4.0,True,10.013347349437913,20.01280819724624,1.9999651672733365,72.114781,65.86583900000002,,True,0.0,0.0,,main,0.0006307689007371,0.0,0.0,0.0,0.0,0.0,0.0,0.2273236036300647,,0.0,0.000630570049649,0.0,0.0,0.0,0.0,0.0,0.0,0.2048358665964686,,0.0,0.0
78043fa7-3bc6-4456-8de3-08b7c10df9f4,ok,17891583.0,v1.16+,0.0845272206303724,0.0,0.018369690011481,True,0.018240659017358,1.798780999999991,0.3543483495712279,4.0,actuator_motors,none,16813612,11059758,6.0,,C,,0.0,4.0,True,10.002672770468802,19.999894011763747,1.9999988991360529,348.01283,339.877081,,True,0.0,0.0001723385940493,sensor_combined,main,0.1596718490123748,11.23563928604126,0.6670538783073405,8.291980457305902,0.3718927294015882,0.0352718457579612,0.7274668633937835,0.4199801713228218,0.3462102472782128,0.0,0.1481370763152583,2.5043529461255547,0.5110579237666605,2.229151711731812,0.3161913406796871,0.0346640451363391,0.5466560946486715,0.3506429076585061,0.2972934205683368,0.0,0.017800746482917025
0bbdcab9-0dc0-40e2-900c-7b619b591181,ok,17826559.0,v1.16+,0.3550295857988165,0.0,0.0,False,0.1846733668341708,13.799927999999994,0.9999999999900172,4.0,actuator_motors,none,3105610,2168824,3.0,,C,,0.0,4.0,True,10.01191716115903,20.01191781176826,2.0001525385792296,83.860614,79.16827200000002,,True,0.0,0.0,,main,0.4458867266774179,0.0091270441189408,0.0027035831008106,0.0171280354261398,0.0204507913440465,0.0081128729507327,0.039622526615858,0.0485402204096317,0.0591512843966484,0.0,0.3687227850370692,0.0090856443660121,0.0026999349938467,0.0169830043498967,0.0202444819621124,0.008080140513869,0.0388576920920489,0.047398930576075,0.0574679123149664,0.0,0.17479191438763378
03e53081-190b-4d81-8c2c-7a1d524d2bb1,ok,17694975.0,v1.14-1.15,0.0,0.0,0.0,True,0.0,0.0,0.3661699905991552,4.0,actuator_motors,none,23332918,15327581,11.1,,A,,0.0,4.0,True,10.002879257946518,20.002725364317307,2.0000114551217893,356.087748,351.476342,,True,0.0,0.0,,main,0.0024141855537891,0.0001886219979496,0.0,0.0012939705746248,0.0,0.0010151271708309,0.0012761793099343,0.0008103269734419,0.0016802452737465,0.0,0.0024112760895618,0.0001886042110571,0.0,0.0012931341161914,0.0,0.0010146122776696,0.0012753656852658,0.0008099988357938,0.0016788352409029,0.0,0.0
6a5aed8a-76e2-46a5-a977-7dd15ad2dfb2,ok,17761535.0,v1.14-1.15,0.0,0.0,0.0,True,0.0162241887905604,0.3022339999999985,0.442273486405611,4.0,actuator_motors,none,5909725,3862908,5.4,,B,,0.0,4.0,True,10.006640764241835,20.006167232594404,2.0000892281799447,140.614177,135.60237199999997,,True,0.0,0.0,,main,0.083334022760391,0.0,0.0,0.0,0.0,0.0,0.0,0.0005844975879881,4.6860482931137,0.0,0.080043344067541,0.0,0.0,0.0,0.0,0.0,0.0,0.0005843268358058,1.738015506529655,0.0,0.015580736543909348
011d4ba4-d4a8-4865-a3f5-6e5d5ff30f69,ok,17760256.0,v1.14-1.15,0.45,0.0,0.0446808510638297,False,0.4641790111881992,110.49738700000005,1.0,4.0,actuator_motors,none,30212096,17846458,15.3,,A,,0.0,4.0,True,10.003459713226086,222.44395353669665,1.9999841709437856,281.504886,279.6638309999999,,True,0.0,0.0,,main,0.0134920637123286,0.0011501455446705,0.0017285541514866,0.013614061102271,0.0067694686353206,0.0129433346912264,0.0039065166842192,0.1105898045003413,0.0132483282126486,0.0,0.0134018563043484,0.0011494846339973,0.0017270619211124,0.0135222223656969,0.0067466586655722,0.012860285588651,0.0038989060621594,0.1048912296106595,0.0131613365990856,0.0,0.46549994985457827
0c0d121d-9a16-4794-adf6-e38febb6fefd,ok,17761535.0,v1.14-1.15,0.0,0.0,0.0,True,0.0,0.0,0.2532416254281998,4.0,actuator_motors,none,2675350,2126250,2.3,,B,,0.0,4.0,True,10.014292713685462,20.013422921003887,1.9999471464349543,65.910159,59.95367099999997,,True,0.0,0.0,,main,0.0037015536334365,0.0062540860613808,0.0060377103742212,0.0204176182858645,0.0319701943546533,0.1610225275158881,0.0852451559156178,0.0215394634753465,0.0084997381549328,0.0,0.0036947197426031,0.006234610424509,0.0060195564364375,0.0202119731947382,0.0314697852030047,0.1493011060726313,0.0818059116221748,0.0213107673979797,0.0084638187739527,0.0,0.0
0ed66a3e-5c8b-4b14-b97c-cf244569ffac,ok,17761280.0,v1.14-1.15,0.7729119638826185,0.0,0.0,True,0.0,0.0,0.2152652561664579,4.0,actuator_motors,none,122315415,66775623,28.4,,B,,0.0,4.0,True,9.993250977056649,220.0196619925985,2.000122758108499,1087.998853,1084.1851220000003,,True,0.0,0.0009449773209016,vehicle_local_position,main,0.0604717653244733,0.0631002500653266,0.0251366272568702,0.0293700344860553,0.0149002686142921,0.0564948000013828,0.1032567590475082,0.009640672430396,0.0055988148320466,28.9918504714966,0.0587138707402876,0.0611894035351646,0.0248258985921491,0.0289469981237362,0.014790350143299,0.054956636151197,0.0982664956364102,0.0095944976811583,0.0055831997252333,3.4009256938082397,0.0
6acba6e4-c6b8-4d10-8a3e-9d401fba25f2,ok,17761535.0,v1.14-1.15,0.0,0.0,0.0,True,0.0,0.0,0.2026323184370994,4.0,actuator_motors,none,3726959,2703077,2.9,,A,,0.0,4.0,True,10.011001575880384,20.01068982485124,2.0000986025621423,87.084694,83.39876399999994,,True,0.0,0.0,,main,0.0030761469854041,0.0039153211517259,0.0004054719902342,0.0030878400197252,0.0024042542790994,0.0061866425909101,0.0039892806205898,0.007281271694228,0.0017139200994279,0.0,0.0030714253258006,0.0039076762302499,0.0004053898086808,0.0030830824329933,0.0024013686839908,0.0061675838835176,0.003981344539822,0.0072548912137157,0.001712453014446,0.0,0.0
0e693476-e220-4fce-94da-3dd9b82e5ffa,ok,17761023.0,v1.14-1.15,0.0,0.0,0.0,True,0.0,0.0,0.2561106145381927,4.0,actuator_motors,none,7924485,5333047,3.4,,A,,0.0,4.0,True,10.00524623139802,20.00483429126461,2.000037995444768,189.918639,181.450675,,True,0.0,0.0,,main,0.0015828556322958,0.0005131444457219,0.0004581792134558,0.0031059762695804,0.0020416836836375,0.0002629553520819,0.001562113140244,0.0219577487558126,0.0055868381168693,0.0,0.0015816042366645,0.0005130128321334,0.0004580742814105,0.0031011626899539,0.0020396022800691,0.0002629207853828,0.0015608943106472,0.0217201492007092,0.005571289621201,0.0,0.0
d072ce4e-af2a-4305-83b2-920b812a1f0b,ok,16842880.0,v1.12-1.13,0.0,0.0,0.0,True,0.0,0.0,0.2919733792543411,4.0,actuator_motors,none,29818642,15679866,6.7,,A,,0.0,4.0,True,10.004630428560144,201.25063992101352,2.0000169957776146,229.32389,223.45273899999987,,True,0.0,0.0,,main,0.0067636397201567,0.0,0.0,0.0,0.0,0.0,0.0,0.0002009901028941,,0.0004665092506911,0.0067408689269881,0.0,0.0,0.0,0.0,0.0,0.0,0.0002009699070894,,0.000466400469081,0.0
1d33794c-79e8-4200-be54-c6fa4bcacdf5,ok,17826047.0,v1.16+,0.3169014084507042,0.0,0.023961661341853,True,0.4577405857740586,4.098877000000002,0.535561379790306,4.0,actuator_motors,none,6100928,4530746,3.9,,C,,0.0,4.0,True,10.007982927630122,19.99990152170188,1.9998456665288031,124.70422,119.499162,,True,0.0,0.0,,main,0.0125227212905883,0.00642425424885,0.0323954883962869,0.0607362704351542,0.0974763493984935,0.0334633141756057,0.0806275337934493,0.0689856719225642,0.0059660143917426,0.0,0.0124449605275945,0.0064037066824322,0.0318818188375532,0.0589632617548347,0.0930133162119823,0.0329156028242313,0.0775419222008002,0.0667102287001036,0.0059482881960994,0.0,0.4372501998401279
2b568284-5261-4b49-af62-5a8bf4b3960d,ok,17761023.0,v1.14-1.15,0.0,0.0,0.0,True,0.0,0.0,0.1253529608249664,4.0,actuator_motors,none,3177267,2379939,2.8,,A,,0.0,4.0,True,10.012945289357496,20.01293945850368,2.0000001307189628,76.890457,72.59014299999994,,True,0.0,0.0,,main,0.0005010263383155,0.0,0.0,0.0,0.0,0.0,0.0,5.989417368255087e-05,,0.0,0.0005009008665276,0.0,0.0,0.0,0.0,0.0,0.0,5.989238009814679e-05,,0.0,0.0
c5c3983f-0f5b-4609-a72e-a34564631547,ok,17891583.0,v1.16+,0.1807909604519774,0.0,0.0,True,0.0,0.0,0.4262957938015459,4.0,actuator_motors,none,3655130,2828291,3.3,,C,,0.0,4.0,True,10.011472264200531,20.01182332412018,2.00003628808355,83.573303,76.13518499999999,,True,0.0,0.0,,main,0.0070006429450586,0.0043294021859765,0.0112786590121686,0.0352018896490335,0.1158507585525513,0.1109611421823502,0.0824033543467521,0.0307481534779071,0.0172124314121902,0.0,0.0069762522119499,0.0043200572865093,0.0112155291740753,0.0345964701579581,0.1096171261210498,0.1052255345123965,0.0791838968596172,0.0302849011678149,0.0170659756985717,0.0,0.0
5d32c3e2-278b-47f8-8b50-0e645ca34dcc,ok,17826559.0,v1.16+,0.0,0.0,0.0,True,0.1271630236794171,0.0150240000000003,0.8740097951143979,4.0,actuator_motors,none,6600091,4238423,12.8,,C,,0.0,4.0,True,10.01536506997842,161.37715245028525,1.999691952965608,63.818061,61.645427000000005,,True,0.0,0.0,,main,0.0016389488591812,0.0,0.0,0.0,0.0,0.0,0.0,0.0003670262711239,0.0,0.0,0.0016376072481875,0.0,0.0,0.0,0.0,0.0,0.0,0.000366958933458,0.0,0.0,0.12232382412528062
4a8102ff-3fec-4668-b722-ff552f518a95,ok,17694975.0,v1.14-1.15,0.0,0.0,0.0,True,0.0,0.0,0.0926572561264037,4.0,actuator_motors,none,3546375,2376048,2.6,,B,,0.0,4.0,True,10.009815997978038,20.0093559427602,1.9998431832811616,96.864314,90.712823,,True,0.0,0.0,,main,0.0179465473629534,0.0,0.0,0.0,0.0,0.0,0.0,0.1816021934151649,0.4737091481685637,0.0,0.0177874092477534,0.0,0.0,0.0,0.0,0.0,0.0,0.1668713085426913,0.3877824528371139,0.0,0.0
34e97410-ab2f-457d-ab0e-bc2c8dba8823,ok,17826047.0,v1.16+,0.0,0.0,0.0,True,0.0037878787878787,0.1020819999999993,0.4367673903703688,4.0,actuator_motors,none,2339178,1720784,2.6,,C,,0.0,4.0,True,9.999527565356498,19.999922692004617,2.0000229923903063,63.929765,52.77704799999998,,True,0.0,0.0,,main,0.0082441116217523,0.0062414286192506,0.0012038654182106,0.0105254876893013,0.0106341133359819,0.0578130880370736,0.0144696257077157,0.0133396578952669,0.058669521100819,0.0,0.0082103145576609,0.0062220315719968,0.0012031413532975,0.0104704803928307,0.0105779688333577,0.0562036524575567,0.014365939675552,0.0132514680745569,0.0570129509670669,0.0,0.003125
eaa508b9-9ca0-4439-b768-65327435e69a,ok,17825984.0,v1.16+,0.0,0.0,0.0,True,0.0,0.0,0.1755701482295989,4.0,actuator_motors,none,7191844,4953688,5.0,,A,,0.0,4.0,True,9.878830310776904,19.744665580448665,1.97444112166096,156.735872,149.87983100000005,,True,0.0,0.0137374355518686,vehicle_attitude,main,0.0040608022827655,0.0,0.0,0.0,0.0,0.0,0.0,2.3021812915802005,0.3335827827453614,0.0,0.0040525794784472,0.0,0.0,0.0,0.0,0.0,0.0,1.1945832475583862,0.2878691420122006,0.0,0.0
897fc073-14b4-4366-8ab6-c98d06d91c1f,ok,17694720.0,v1.14-1.15,0.0,0.0,0.0,True,0.4689569536423841,10.898387999999985,0.5439606010913849,4.0,actuator_motors,none,8335390,5372853,3.6,,C,,0.0,4.0,True,9.979302764131244,19.963410319871,1.9959348457598056,246.603392,241.623057,,True,0.0,0.0019789726940613,sensor_combined,main,0.0,0.0,0.0,0.0,0.0,0.0,0.0,0.004860396287404,0.0,0.0,0.0,0.0,0.0,0.0,0.0,0.0,0.0,0.004848622695505,0.0,0.0,0.45982142857142855
696eb442-7147-4651-b591-5a63a798c0e2,ok,17760511.0,v1.14-1.15,0.0,0.0,0.0,True,0.0,0.0,0.2327122554183005,4.0,actuator_motors,none,3301611,2433077,5.4,,C,,0.0,4.0,True,10.010635515617968,20.009940938658325,2.000263665189867,92.008017,87.80210899999999,,True,0.0,0.0,,main,0.0074163884855806,0.0018252139678224,0.0042241416871547,0.0062675071880221,0.0104622572660445,0.0131831426173448,0.0064286243170499,0.0126537716016173,0.0024784613400697,0.0018224221654236,0.0073890222987175,0.0018235502888806,0.0042152450456415,0.0062479480470086,0.0104079066108419,0.0130970012428057,0.0064080488459816,0.0125743816537747,0.002475395020221,0.001820763568952,0.0
03ab22c7-89ed-40e9-a6e0-1fb4c8747e0f,ok,17891392.0,v1.16+,0.0,0.1621621621621621,0.0,True,0.0111492281303602,0.5999999999999979,0.0789458006620407,4.0,actuator_motors,none,32360464,16569536,13.7,,C,,0.0,4.0,True,125.0,250.0,100.00991389077724,141.036,116.544,,True,0.0,0.0,,main,0.0002944462758023,0.0001468258997192,7.480202475562692e-05,0.0016436713049188,0.0015754424966871,6.037779530743137e-05,0.0003737570092198,0.1076379403471943,0.1001344613730904,0.0,0.0002944029350051,0.0001468151218517,7.479922722367965e-05,0.0016423219556282,0.0015742027890448,6.03759726417136e-05,0.0003736871794678,0.1022297662848703,0.0954324099458171,0.0,0.009193776520509194
7f47f5a2-994a-4fcf-906a-a27748dd2b9c,ok,17695743.0,v1.14-1.15,0.0,0.0,0.0,True,0.0,0.0,0.2197862267494201,4.0,actuator_motors,none,18888404,13670688,4.9,,C,,0.0,4.0,True,10.003167289654362,20.00316757978794,2.000000253565801,315.460683,310.1299049999999,,True,0.0,0.0,,main,0.002367196069099,0.0008613255398813,0.0,0.0315026562660931,0.0,0.0024600465316325,0.0037231441005132,0.0342181101441383,0.0436839580535888,0.0,0.0023643986742691,0.0008609548119015,0.0,0.0310166286747564,0.0,0.002457025570619,0.0037162303547839,0.0336456920857415,0.0427567214599493,0.0,0.0
07efa8c6-9de6-4d0a-bd45-5367ae04d44c,ok,17826047.0,v1.16+,0.569620253164557,0.0,0.0,True,0.0,0.0,0.3338136807084078,4.0,actuator_motors,none,3225510,2374464,2.8,,C,,0.0,4.0,True,10.013998550271078,20.01308348801344,2.000064107317966,76.374414,74.262878,,True,0.0,0.0,,main,0.0221907764673233,100127430.40000002,1566593587.2,0.0342137791216373,0.038666208833456,0.0002284230504301,0.0464577049016953,0.1461177855730058,0.0236764535307884,0.0,0.021948144094079,18.4219542467034,21.172169410076577,0.0336415043505558,0.0379373985509394,0.0002283969658572,0.0454108463219564,0.1363803927431898,0.0234005133415406,0.0,0.0
3876b745-53c0-4aef-9954-1e2a192e86dd,ok,17826047.0,v1.16+,0.0,0.0,0.0,True,0.0,0.0,0.411562317609787,4.0,actuator_motors,none,11651189,7184648,4.3,,C,,0.0,4.0,True,10.004776567639604,20.00446027637606,1.9999894425109728,195.910585,188.917965,,True,0.0,0.0,,main,0.0014675718033686,162425463603.2,2648534600908.8,0.0194867560639977,0.0205516011454164,10.606932210922238,0.0132887890562414,0.1624622479081154,0.0198744856752455,6.265713709581169e-05,0.0014664959723138,25.81348504797521,28.60502762218766,0.0192993203290608,0.0203432665611141,2.451602524007773,0.0132012676156492,0.1505403830343025,0.0196795664649429,6.265517421938889e-05,0.0
3852e668-263a-4674-b78f-d00c96ca213e,ok,17630207.0,v1.12-1.13,0.0432432432432432,0.0,0.1167048054919908,True,0.0,0.0,0.19375,6.0,actuator_outputs,per_channel,3933970,2544292,3.2,,A,,,,False,10.011916824811273,20.0113410626075,2.0000012023128613,86.711916,84.63712600000001,True,True,0.0,0.0,,main,0.0001008475228445,0.0001060224458342,0.0,0.0,0.0,0.0,0.0,329.8131546020508,0.0,0.0,0.0001008424380749,0.0001060168258519,0.0,0.0,0.0,0.0,0.0,4.8363020528145695,0.0,0.0,0.0
5307512c-9a11-439e-8a8a-daa125b66efa,ok,17564928.0,v1.12-1.13,0.0,0.0,0.001361470388019,True,0.0,0.0,0.0722352941176469,4.0,actuator_outputs,global,57029128,20258223,17.5,,C,,,,False,24.77117044332469,24.770344748089897,1.978321110423271,740.809649,167.00391499999992,True,True,0.0,0.0093503779204075,sensor_combined,main,2.156951381948602e-07,0.0001497094192018,0.0,0.0554003678262234,0.0,0.0002643604500917,0.0038730314583517,0.0009565366926835,0.0050653854850679,0.0,2.1569511493266725e-07,0.000149698213865,0.0,0.0539201905076787,0.0,0.000264325513025,0.0038655505815723,0.0009560795029838,0.0050525995788642,0.0,0.0
97b5c8de-77b5-47f9-a908-63c86c5dd44e,ok,17695743.0,v1.14-1.15,0.0,0.0,0.0,True,0.0,0.0,0.4869367331266401,4.0,actuator_motors,none,3177843,2469450,8.7,,A,,0.0,4.0,True,10.01289900109463,20.013062300450883,1.9997907152356813,75.09369,69.75050599999999,,True,0.0,0.0,,main,0.0475948005914688,0.2333133071660995,0.0,0.0737977214157581,0.0,0.1564114093780517,0.0450614728033542,0.3350211679935455,0.9517594367265694,0.0,0.0464968704770841,0.2097042934173482,0.0,0.0712016370221083,0.0,0.1453215974016381,0.0440757093357564,0.2889471479014454,0.6687312410144237,0.0,0.0
d58cbeda-a19d-47a7-9add-b8550933bad0,ok,17694975.0,v1.14-1.15,0.0,0.0,0.0,True,0.0,0.0,0.274990426748991,4.0,actuator_motors,none,123892907,62374031,35.8,,B,,0.0,4.0,True,9.977584080140632,122.2415481132368,1.994412970625952,1252.699988,1248.0930079999987,,True,0.0,0.0001745266841894,sensor_combined,main,0.0007031602843198,0.0,0.0,0.0,0.0,0.0,0.0,0.0026002395898103,0.0179059505462646,0.0001985720897209,0.0007029131829548,0.0,0.0,0.0,0.0,0.0,0.0,0.0025968648157296,0.0177475273636426,0.000198552376893,0.0
61f15c32-8182-4a20-96b8-affd016e6ada,ok,17760767.0,v1.14-1.15,0.0,0.0,0.0,True,0.0149700598802395,0.7010880000000057,0.5513410389423369,4.0,actuator_motors,none,3040555,2461273,3.1,,A,,0.0,4.0,True,10.013834464305184,20.01329606438389,1.999903482918868,69.270428,66.88193799999999,,True,0.0,0.0,,main,0.0120771034620702,0.0024352496024221,0.0041188968345522,0.0084256364032626,0.017829929664731,0.0412801869213581,0.0152785095386207,0.0546204090118377,0.715062648057938,0.0,0.0120047571547937,0.002432289187368,0.0041104374000549,0.008390338859784,0.0176728409740103,0.0404509051196034,0.0151629684888116,0.0531809002992872,0.5394496094305652,0.0,0.014326647564469915
3e2f551a-7341-4ab2-bae4-c6eea04e3b83,ok,17826047.0,v1.16+,0.0,0.0,0.0,True,0.0,0.0,0.1764517202973365,4.0,actuator_motors,none,12736641,8183232,3.9,,C,,0.0,4.0,True,10.007194117266208,131.087427914557,1.9999770805546244,137.278725,133.03712400000003,,True,0.0,0.0,,main,0.0221158750355243,0.0025706710293889,0.0009746792668011,0.004801752930507,0.0055488800629973,0.0154668265022337,0.0065923484507948,0.1268708527088165,0.1246840462088585,0.0,0.021874866015394,0.0025673725063539,0.0009742045753874,0.0047902612869105,0.0055335417421957,0.0153484343478837,0.0065707139511353,0.119444634621532,0.1175021483969024,0.0,0.0
6fc16abb-56b6-411a-9337-3788064bc258,ok,17695743.0,v1.14-1.15,0.0471204188481675,0.0,0.0,True,0.0137457044673539,0.5001759999999997,0.4191078886389728,4.0,actuator_motors,none,2152661,1620004,2.4,,B,,0.0,4.0,True,10.016152737118244,20.01633584013268,2.0002919125189407,62.070843,58.182412,,True,0.0,0.0,,main,0.0139946189243346,0.0021100560086779,0.0,0.1872266836464404,0.0,0.1774362444877624,0.02325682612136,0.4109932005405425,0.4918969273567199,0.0,0.0138975983741753,0.0021078329671102,0.0,0.1716200692956795,0.0,0.1633394006338583,0.0229905073882658,0.3442938539650493,0.4000484158541189,0.0,0.012841091492776886
54ae04b7-e6ed-46f7-ba8a-c6136f249426,ok,17761535.0,v1.14-1.15,0.0,0.0,0.0,True,0.0001087488445435,0.0074889999999996,0.2965253591537475,4.0,actuator_motors,none,7119784,4445919,3.1,,B,,0.0,4.0,True,10.015042742570346,161.3203085764611,1.999931554581274,67.024235,64.714075,,True,0.0,0.0,,main,0.0116810944862663,0.0007233828946482,0.0007878514472395,0.0020019714487716,0.0029480404220521,0.0047498173546046,0.0043365409132093,0.0145456822589039,0.0131890867836773,0.0,0.0116133971778361,0.0007231213793515,0.0007875412552008,0.0019999701744816,0.0029437034724648,0.0047385725652256,0.004327165215289,0.0144409086035095,0.013102868048762,0.0,0.00010425897930459261
4fa4d7ef-07d1-4916-8e4f-9d9fc6d7cad9,ok,17761535.0,v1.14-1.15,0.0,0.0,0.0,True,0.0,0.0,0.2102606236934661,4.0,actuator_motors,none,7249640,4803330,3.0,,A,,0.0,4.0,True,10.005307824342625,20.005441616792297,2.0000712368229663,175.224173,171.50219100000004,,True,0.0,0.0,,main,0.002451920765452,0.0,0.0,0.0,0.0,0.0,0.0,2.327503204345703,2.327503204345703,0.0155241433531045,0.0024489197122939,0.0,0.0,0.0,0.0,0.0,0.0,1.2022222342756077,1.2022222342756077,0.0154048765987226,0.0
670e0ff2-9811-4f8a-be96-18f124277286,ok,17956992.0,v1.16+,0.0,0.0,0.0,True,0.0024420024420024,0.100605999999999,0.6052918913633136,4.0,actuator_motors,none,3714292,2835614,2.6,,C,,0.0,4.0,True,10.011090418500144,20.01147892493226,1.999954620077311,84.667973,81.970588,,True,0.0,0.0,,main,0.0050300760194659,0.0028450816869735,0.0007523795589804,0.0178092014044523,0.0328900508582592,0.0136422647163271,0.0374961659312248,1.1976113319396966,0.3461318016052245,0.0,0.0050174674507819,0.0028410421022226,0.0007520966633677,0.0176524756155702,0.0323607477430488,0.0135500467840487,0.0368102776279118,0.7873710122925929,0.2972351473834396,0.0,0.0023612750885478157
8614a098-cd29-429d-bf19-9f249282e533,ok,17825856.0,v1.16+,0.0,0.0,0.0,True,0.0424665503199534,0.4998389999999801,0.7097240313887596,4.0,actuator_motors,none,6014064,3911424,3.3,,B,,0.0,4.0,True,10.005796415843356,20.00585089335653,2.0000148473724693,173.753606,171.81041799999994,,True,0.0,0.0,,main,0.0001953155668161,0.0,0.0,0.0,0.0,0.0,0.0,0.0,0.0,0.0,0.000195296495214,0.0,0.0,0.0,0.0,0.0,0.0,0.0,0.0,0.0,0.041857798165137614
58aa64df-ba3f-4221-9310-31bcfe5131c2,ok,17760511.0,v1.14-1.15,0.0,0.0,0.0,True,0.0,0.0,0.1435228362679481,4.0,actuator_motors,none,2965883,2429107,2.5,,B,,0.0,4.0,True,10.00034466505818,19.98624287507783,1.9998185858001143,69.217022,63.09375799999998,,True,0.0,0.0009844311052664,sensor_combined,main,0.0051175575703382,0.000565496640047,0.0009001726517453,0.0060312136309221,0.0077560076490044,0.0024954596883617,0.0020617208094336,0.1949551850557326,0.1464738517999645,0.0,0.0051045073770696,0.0005653368070758,0.0008997677393196,0.0060130986623309,0.0077260844451528,0.0024923511991659,0.0020595983798231,0.1781086826348426,0.1366910160779496,0.0,0.0
13fc4985-9b22-47d1-a4b8-377536fa279c,ok,17761280.0,v1.14-1.15,0.254957507082153,0.0,0.0,True,0.0,0.0,0.0881886646151542,4.0,actuator_motors,none,7166418,4821115,4.5,,A,,0.0,4.0,True,10.005349170843314,20.00482977803463,1.99998231354672,175.764773,167.80510300000006,,True,0.0,0.0,,main,0.0025957919540815,0.0028679211391136,0.0015113830508198,0.0034565352019853,0.0048729316331446,0.0014122708933427,0.0052701350301504,0.1260051924735307,0.0517038535326719,0.0,0.0025924287050862,0.0028638164992663,0.0015102420609604,0.0034505751144035,0.0048610973313849,0.0014112745767402,0.0052562964679666,0.1186761411398417,0.0504115666358986,0.0,0.0
4b3036f1-5845-43b9-b11f-f025ed1526a1,ok,17694720.0,v1.14-1.15,0.4864864864864865,0.0878378378378378,0.0,True,0.0271186440677966,0.3978450000000002,0.6322058290243147,4.0,actuator_motors,none,14142445,5041311,8.9,,C,,0.0,4.0,True,99.30933802624963,20.03752868954072,99.28468085134128,67.316641,59.054196,,True,0.0,0.0,,main,4.835843355976977e-05,0.0,0.0,0.0,0.0,0.0,0.0,0.0008217269787564,0.0,0.0002234130661236,4.835726432841624e-05,0.0,0.0,0.0,0.0,0.0,0.0,0.0008213895459816,0.0,0.000223388113141,0.026058631921824105
95a7537c-e64c-4fa1-b89b-d0084b5aea41,ok,17630207.0,v1.12-1.13,0.0,0.0,0.0,True,0.0,0.0,0.644,6.0,actuator_outputs,per_channel,20996626,11578742,13.3,,B,,,,False,9.964780538281854,220.90795695741969,1.9941122160355529,170.491256,164.77466899999993,True,True,0.0,0.003851870459799,sensor_combined,main,0.0022948734695091,0.0056131411110982,0.0,0.0293536528944969,0.0,0.0,0.0033091358840465,0.0038450890569947,0.0838191032409668,0.0,0.0022922442690751,0.0055974461392023,0.0,0.0289310838058905,0.0,0.0,0.0033036727427638,0.0038377155970959,0.0804910101626192,0.0,0.0
a40dc2cd-69f9-40c1-a694-6f93ab837faa,ok,17694720.0,v1.14-1.15,0.0,0.0205026455026455,0.0,True,0.0,0.0,0.2312498986721037,4.0,actuator_motors,none,26036584,16917188,14.8,,C,,0.0,4.0,True,9.9999978602567,19.99986087397844,1.9999979431614017,757.015355,745.8904149999995,,True,0.0,0.0,,main,0.0052035548025742,0.0006872934900457,0.0,0.0009939812065567,0.0,0.0012901232170406,0.0008728362328838,0.0027288858313113,0.0743702091276645,0.0,0.0051900630942723,0.0006870574120386,0.0,0.000993487534344,0.0,0.0012892917231592,0.0008724555328488,0.0027251691823761,0.0717346379270373,0.0,0.0
c45a3805-f8c0-4ede-a163-958336949046,ok,17694720.0,v1.14-1.15,0.0781954887218045,0.0,0.0009976720984369,True,0.0041806020066889,1.5995000000000346,0.430099519342184,4.0,actuator_motors,none,114475156,37266810,19.9,,A,,0.0,4.0,True,10.002126238051613,20.000834108489748,90.70307911145116,608.385883,598.0226190000008,,True,0.0,0.0,,main,0.0002119297423632,0.0,0.0,0.0,0.0,0.0,0.0,6.940329330973327e-05,0.0,0.0,0.0002119072884277,0.0,0.0,0.0,0.0,0.0,0.0,6.940088501260067e-05,0.0,0.0,0.0041583499667332
22332e61-4d74-4a49-9526-b29c4eb84d6b,ok,17761535.0,v1.14-1.15,0.0,0.0,0.0,True,0.0143084260731319,0.4975650000000016,0.4346273928880692,4.0,actuator_motors,none,2786813,2299673,3.0,,A,,0.0,4.0,True,10.01442988305877,20.014509773888985,2.00022940977005,66.8475,62.93047399999999,,True,0.0,0.0,,main,0.0041569881839677,0.0041894186288118,0.0007205129921203,0.024544827453792,0.0350018292665481,0.0308473234996199,0.0057497256202623,0.0237321130000054,0.0237100832164286,0.0,0.004148371779195,0.0041806674476483,0.0007202535472491,0.024248443184956,0.0344031941230633,0.0303811082296724,0.0057332590366493,0.0234548839934375,0.0234333646717996,0.0,0.013392857142857142
0fb3598c-81a1-4dde-8a39-11243df18657,ok,17891583.0,v1.16+,0.0,0.1639344262295081,0.0,True,0.0,0.0,0.2144525622949,4.0,actuator_motors,none,2797098,2268915,2.7,,B,,0.0,4.0,True,10.015307668178863,20.01568447593122,1.999887239691136,60.049333,55.68787600000001,,True,0.0,0.0,,main,0.0005558811826631,0.0,0.0,0.0,0.0,0.0,0.0,4.211615669191815e-05,0.0,0.0,0.0005557267379511,0.0,0.0,0.0,0.0,0.0,0.0,4.211526983149158e-05,0.0,0.0,0.0
d4a2fc1f-5fc3-4c5d-9836-5547540a4d0c,ok,17629696.0,v1.12-1.13,0.0,0.0,0.0,True,0.0,0.0,0.2245630323886871,4.0,actuator_motors,none,20125519,12457493,3.3,,C,,0.0,4.0,True,10.001945640962232,20.00187887901088,1.9999904829512705,468.334363,461.06901199999993,,True,0.0,0.0,,main,0.0097323505207896,0.0018230312969535,0.0,0.0064606240950524,0.0,0.0,0.0113558005541563,0.0042391866445541,0.0296844825148582,0.0080232854932546,0.0096852962502335,0.0018213715922216,0.0,0.0064398437179851,0.0,0.0,0.0112918074572423,0.0042302266061086,0.0292524276581668,0.0079912700701126,0.0
c5aa149c-84f7-40d3-984b-9660fca0ff40,ok,17826240.0,v1.16+,0.0220994475138121,0.0,0.0,True,0.2073732718894009,3.101827,0.7185274839401243,4.0,actuator_motors,none,4129968,3175291,2.8,,C,,0.0,4.0,True,10.011750668691812,20.01038434796157,1.9999348243462245,90.086565,86.83677800000001,,True,0.0,0.0,,main,0.0,0.0,0.0,0.0,0.0,0.0,0.0,0.0,0.0,0.0215719453990459,0.0,0.0,0.0,0.0,0.0,0.0,0.0,0.0,0.0,0.0213425639251402,0.19911504424778761
b07c6ed8-421c-48ef-a1d3-26ddda7b0750,ok,17695488.0,v1.14-1.15,0.0,0.0,0.0,True,0.0,0.0,0.1096680045127866,4.0,actuator_motors,none,2901818,2089925,3.2,,B,,0.0,4.0,True,10.01161568806895,20.01088902304097,1.9999862112751887,81.18883,76.44622100000001,,True,0.0,0.0,,main,0.0046718256897292,0.0,0.0,0.0,0.0,0.0,0.0,0.0010443603998282,0.0,0.0,0.0046609465824614,0.0,0.0,0.0,0.0,0.0,0.0,0.0010438154348993,0.0,0.0,0.0
de5dfc71-001f-4f49-a82c-847a95870a90,ok,17695488.0,v1.14-1.15,0.0,0.0,0.0,True,0.0,0.0,0.2134774327278137,4.0,actuator_motors,none,18780202,8641855,6.1,,B,,0.0,4.0,True,10.003053927472587,20.00308158720528,2.0000087963633435,327.15185,317.135024,,True,0.0,0.0,,main,0.0026480966713279,0.0,0.0,0.0,0.0,0.0,0.0,0.0250282355584204,,1.3490735818777468e-05,0.0026445966409218,0.0,0.0,0.0,0.0,0.0,0.0,0.0247201590972268,,1.3490644819619432e-05,0.0
c026adee-7272-4be5-9a29-ec5ea46e84b8,ok,16908288.0,v1.12-1.13,0.0,0.0,0.0,True,0.0,0.0,0.0597898110747337,4.0,actuator_motors,none,9945290,5566146,4.5,,C,,0.0,4.0,True,10.013732274749506,199.9997831013403,1.9999995310345928,72.415585,65.29001399999999,,True,0.0,0.0,,main,0.0323332082480192,0.0003793525320361,0.0003920286617358,0.0010106726695084,0.0006166000384837,0.0139971545431762,0.0,0.0022017504670657,0.0055650630965828,0.0,0.0318214911553857,0.0003792805960564,0.0003919518385772,0.0010101622837456,0.0006164100187867,0.0139000989946164,0.0,0.0021993301664536,0.0055496353440932,0.0,0.0
37aa2552-58fa-46a2-9fee-456b342bda64,ok,17694975.0,v1.14-1.15,0.0,0.0,0.0,True,0.0,0.0,0.2329015135765075,4.0,actuator_motors,none,3170249,2268576,2.3,,B,,0.0,4.0,True,10.01276075163734,20.01303318886475,2.0001159261821377,75.239551,70.06321499999996,,True,0.0,0.0,,main,0.0003586707884096,0.0,0.0,0.0,0.0,0.0,0.0,0.0,0.0,0.0011601068952586,0.0003586064814186,0.0,0.0,0.0,0.0,0.0,0.0,0.0,0.0,0.0011594344912444,0.0
9653403e-cbea-460b-9ad3-22ba8bfcbf6d,ok,17891392.0,v1.16+,0.0,0.7630769230769231,0.0,True,0.0,0.0,0.1545585874468087,4.0,actuator_motors,none,2855019,2328543,2.9,,B,,0.0,4.0,True,10.013701153884348,20.013329031678182,1.999869883465707,64.555985,58.61485699999999,,True,0.0,0.0,,main,0.1486031740903854,0.0041939008980989,0.013380379602313,0.0766421854496001,0.1110263705253601,0.1023078754544258,0.1520684957504272,0.0217906095087528,0.0053210246376693,0.0,0.1385465728870279,0.0041851310072124,0.0132916529114344,0.0738471103354362,0.1052842462222109,0.0974060505269971,0.141559018622826,0.0215565877262678,0.0053069180051051,0.0,0.0
95920139-d8b5-4344-b7c5-a50a2b24469d,ok,17826240.0,v1.16+,0.0,0.0,0.0,False,0.0229430379746835,2.197780999999992,0.6604916959215631,4.0,actuator_motors,none,6859940,5197414,3.2,,C,,0.0,4.0,True,10.007190755862297,20.007118553271354,2.00007460572408,136.273803,126.18515399999998,,True,0.0,0.0,,main,0.0088177260011434,0.0662221208214759,0.0187528438866138,0.0374382995069026,0.0257055535912513,0.0057158982381224,0.0162988267838954,0.0389772228896617,6.79286270141585,0.0248508639633655,0.0087790768872584,0.0641216725383983,0.0185791771141814,0.0367545009994919,0.0253807207567099,0.0056996244751217,0.0161674267615229,0.0382367897301764,2.053208276512439,0.024547103432101,0.021198830409356724
ebb46a71-1853-4200-bad8-8e2c421b088e,ok,17695488.0,v1.14-1.15,0.0,0.0,0.0,True,0.0003035592319951,0.0112090000000009,0.3730651512742042,4.0,actuator_motors,none,12259263,6600021,4.7,,C,,0.0,4.0,True,10.009994045207735,197.7462526754807,1.9997867740578263,95.393807,92.523466,,True,0.0,0.0,,main,0.0025984158739447,0.0,0.0,0.0,0.0,0.0,0.0,0.0753254160284995,,0.000246703956509,0.0025950458280092,0.0,0.0,0.0,0.0,0.0,0.0,0.0726233283560666,,0.000246673530092,0.00029448575425163807
0f20de60-ecc2-4fd2-901a-12f74322e0a8,ok,17760511.0,v1.14-1.15,0.0,0.0,0.0,True,0.0,0.0,0.2036610305309295,4.0,actuator_motors,none,4335666,2845669,4.0,,A,,0.0,4.0,True,10.008321865912189,20.008432290259005,1.9999583577135311,120.678762,114.52361200000004,,True,0.0,0.0,,main,0.0127997079864144,0.0,0.0,0.0,0.0,0.0,0.0,0.0001152423912571,,0.0,0.0127184840846825,0.0,0.0,0.0,0.0,0.0,0.0,0.0001152357513628,,0.0,0.0
2e633c87-2ea4-4f2e-b376-eb214599fe21,ok,17694720.0,v1.14-1.15,0.0092592592592592,0.0,0.0,True,0.0,0.0,0.0875034481287001,4.0,actuator_motors,none,12050271,3385690,5.4,,B,,0.0,4.0,True,10.01005824024946,20.0085829446662,100.68146966286136,108.832588,89.05521000000002,,True,0.0,0.0,,main,0.0003670968872029,0.0,0.0,0.0,0.0,0.0,0.0,0.0,0.0,0.0,0.000367029523626,0.0,0.0,0.0,0.0,0.0,0.0,0.0,0.0,0.0,0.0
342d9afc-77a3-4eff-bbd6-a2fce6e3d2f1,ok,17761535.0,v1.14-1.15,0.233009708737864,0.0,0.0,False,0.004040404040404,0.3992000000000075,0.1988707929849624,4.0,actuator_motors,none,5732884,4300974,5.2,,A,,0.0,4.0,True,10.009221082415364,20.009503564216573,2.000089290418372,99.767763,98.66550999999994,,True,0.0,0.0,,main,0.1085742477327584,0.0842396531254052,0.0590082328766584,0.2389700911939076,0.3203400716185547,0.0531664351001382,0.020072276610881,0.0789390910416839,5.296794152259821,13.929779052734377,0.1030747281944811,0.0808789608013905,0.0573328407879724,0.2142804628834141,0.2778893334314228,0.0518012786868075,0.0198734842082017,0.0759782352310305,1.8400406391612325,2.7033578125624502,0.003992015968063872
2bb87c9b-e866-4639-9b1a-067d53a09479,ok,17826047.0,v1.16+,0.0,0.0,0.0,True,0.0174361835681406,1.5012540000000172,0.4441214680671691,4.0,actuator_motors,none,34310251,22494693,9.9,,B,,0.0,4.0,True,9.99999563409754,19.999858804960496,1.9999970374523768,721.160718,716.9395890000002,,True,0.0,0.0001316569268359,sensor_combined,main,0.0063501706346869,0.0098407086916267,0.0073299410752952,0.0128784344531595,0.0119851445779204,0.0115496008656918,0.011978926602751,0.0064518211409449,0.0023017231374979,0.0,0.0063300932528489,0.0097926042482748,0.0073032076141886,0.0127962125896561,0.0119138914867026,0.0114834133642633,0.0119077471333932,0.0064310972331309,0.0022990782305818,0.0,0.01732261640798226
ab905faa-7e75-43e5-b9c3-da8fbfe17ec8,ok,17825792.0,v1.16+,0.0,0.0,0.0,True,0.6408317580340265,33.901364,0.9715002954006192,4.0,actuator_motors,none,2587024,2002538,3.9,,A,,0.0,4.0,True,10.01673689412828,20.014418829201336,2.0001304347355635,61.126476,52.893011,,True,0.0,0.0,,main,0.000355640402995,0.0,0.0,0.0,0.0,0.0,0.0,0.2093739405274385,0.0607486747205257,1.4731795545230847e-05,0.0003555771779366,0.0,0.0,0.0,0.0,0.0,0.0,0.1901028211859625,0.0589749557198567,1.4731687033396569e-05,0.5494327390599676
21bdc339-d2a6-423c-aa4c-2b7d3e2b9f97,ok,17630207.0,v1.12-1.13,0.0,0.0,0.0,True,0.0,0.0,0.1439999999999999,6.0,actuator_outputs,per_channel,21686517,11130673,7.8,,B,,,,False,10.005199043750707,174.4629376697345,1.999979661223784,177.174839,169.34602999999996,True,True,0.0,0.0,,main,0.0012004587682895,0.0001450042036594,0.0,0.0061541767325252,0.0,0.0,0.0013665073201991,0.0450738873332739,0.0029216800350695,0.0,0.0011997387938045,0.000144993691566,0.0,0.006135317124253,0.0,0.0,0.0013655744987791,0.0440875884993327,0.0029174202231438,0.0,0.0
36940a46-c489-452b-acaa-27fb34eee86d,ok,17694975.0,v1.14-1.15,0.1808986901011441,0.0,0.0,True,0.0072594685149295,2.701657999999952,0.3126458287239074,4.0,actuator_motors,none,125837516,76016650,25.6,,A,,0.0,4.0,True,9.92097994105746,19.841939095605458,1.9837418862973109,3075.138807,3068.980906000001,,True,0.0,0.0080536863815323,vehicle_attitude,main,0.0027441005222499,0.0005280193872749,0.0,0.0052070068195462,0.0,0.001283137826249,0.0019789370708167,0.0019874367862939,0.0068980298005044,0.0,0.0027403423520397,0.0005278800340901,0.0,0.0051934972355745,0.0,0.0012823153084357,0.0019769815543226,0.0019854644466387,0.0068743472392403,0.0,0.007244001573357808
e03fdaf0-4d87-4d59-9929-031fb1e26bb6,ok,17695488.0,v1.14-1.15,0.0,0.0,0.0,True,0.0,0.0,0.1153538942337035,4.0,actuator_motors,none,2401141,1665227,4.1,,B,,0.0,4.0,True,10.015820113622008,20.014338189101498,1.9999650155373403,67.408363,65.97605400000003,,True,0.0,0.0,,main,0.0091757335700094,0.0,0.0,0.0,0.0,0.0,0.0,0.3792516261339188,6.050058794021603,0.0,0.0091338922816532,0.0,0.0,0.0,0.0,0.0,0.0,0.3215410521683804,1.9530359563669355,0.0,0.0
4d7a6f6d-220b-4887-af7f-734d4454c40a,ok,17891583.0,v1.16+,0.0,0.0,0.0,True,0.0,0.0,0.1567885905504226,4.0,actuator_motors,none,20834853,11114694,10.7,,C,,0.0,4.0,True,9.999946880282172,199.90428815308425,1.9999992903228323,62.183671,52.15999099999999,,True,0.0,0.0,,main,0.0250136725604534,0.000192848269944,0.0008829679456539,0.0063277823850512,0.0024624812416732,0.550858449935913,0.0152788095176219,0.0018393567530438,0.0,0.0,0.0247059515847758,0.0001928296771067,0.0008825783587689,0.006307846027849,0.0024594543029086,0.4388086162874551,0.0151632639535083,0.0018376672078782,0.0,0.0,0.0
257076df-aff7-44c6-99ce-c8d17f63e182,ok,17761280.0,v1.14-1.15,0.0,0.0086565096952908,0.0,True,0.0,0.0,0.2055896282196044,4.0,actuator_motors,none,60962277,32233985,24.9,,A,,0.0,4.0,True,10.000679241781487,20.00067254766605,1.9999997878057407,1451.744628,1446.8893869999993,,True,0.0,0.0,,main,0.0080893399193882,0.002205358876381,0.0026463442365638,0.0018594607943668,0.0017644818930421,0.0035925524774938,0.0006203547061886,0.0041206077206879,0.1060228891670703,0.0,0.008056796594102,0.0022029306419244,0.0026428488329906,0.0018577341372467,0.0017629270236239,0.0035861146749969,0.0006201623657499,0.0041121412666822,0.1007705983354258,0.0,0.0
58506153-13d7-49be-9ca5-e14c9f06899c,ok,17761280.0,v1.14-1.15,0.0,0.0,0.0,True,0.0,0.0,0.1730226576328277,4.0,actuator_motors,none,93576879,55980277,25.6,,B,,0.0,4.0,True,9.981123635079255,220.3740992792828,2.000860276911264,838.47206,834.5958430000003,,True,0.0,0.0024907374692282,sensor_combined,main,0.0132098786532878,0.0053720478434115,0.0015847755479626,0.0059696245472878,0.0037726199720054,0.0190160620957612,0.0089349908754229,0.0313197337090968,0.0194659314118325,0.0115397302433848,0.0131233890517489,0.0053576698642043,0.0015835211163473,0.0059518769347005,0.0037655214889299,0.0188375167226017,0.0088953100345918,0.0308392769469831,0.0192788935165175,0.0114736553944542,0.0
9a389244-7fe9-43cd-8fab-d4a982b471f8,ok,17760512.0,v1.14-1.15,0.1131498470948012,0.0,0.0,True,0.0,0.0,0.0911804117262363,4.0,actuator_motors,none,6410943,4449778,2.8,,C,,0.0,4.0,True,10.005629817917535,20.005705422252944,2.000004284838901,161.622646,156.12879999999996,,True,0.0,0.0,,main,0.0172977095469831,0.0061269350117072,0.0027085230220109,0.0550346225500106,0.0132164733484387,0.1469621956348419,0.1518235504627227,0.1816846296191215,0.0236647599376737,0.0,0.0171498073129991,0.0061082416618231,0.0027048615834341,0.0535735839724931,0.0131298977463723,0.1371168782621636,0.1413463825411745,0.166941072570643,0.0233890901424785,0.0,0.0
6aa05a91-0bef-4096-a40c-ab2e10dc18e2,ok,17629952.0,v1.12-1.13,0.0,0.0,0.0,True,0.0,0.0,0.162,6.0,actuator_outputs,per_channel,7969482,4567234,3.9,,A,,,,False,10.005201963895152,20.00515709663525,2.000006440339041,188.671741,183.186988,True,True,0.0,0.0,,main,0.000226611708058,0.2982232570648193,0.0,0.0,0.0,0.0,0.0,0.0159140882082283,0.0,0.0,0.0002265860355032,0.2609966043118069,0.0,0.0,0.0,0.0,0.0,0.01578878673082,0.0,0.0,0.0
0f546fd0-4b4e-47fd-bbf2-6dd1a0b08077,ok,17694720.0,v1.14-1.15,0.0,0.0,0.0,True,0.0,0.0,0.2504924207925796,4.0,actuator_motors,none,3938007,2674205,2.7,,C,,0.0,4.0,True,10.007496005958137,20.0068297124048,2.0000929273944728,117.314662,110.350234,,True,0.0,0.0,,main,0.0113976164720952,0.0036715383874252,0.0,0.0092663937248289,0.0,0.0141178549267351,0.0096145516261458,0.0303753430023789,0.0384949844330549,0.0,0.0113331529990101,0.0036648147427475,0.0,0.0092237240916957,0.0,0.0140191261534686,0.0095686259598023,0.0299231465420193,0.0377725346960359,0.0,0.0
287e6342-dacc-4239-9f45-82eaa6acf751,ok,17695488.0,v1.14-1.15,0.0,0.0,0.0,True,0.0,0.0,0.3095693983137608,4.0,actuator_motors,none,29243845,18566142,10.4,,C,,0.0,4.0,True,10.003717237194548,200.0000044560799,1.9999996126630173,268.936886,263.689943,,True,0.0,0.0,,main,0.0041501390282064,0.0016449611459393,0.0,0.0042896071448922,0.0,0.0011857079924084,0.0016323108284268,0.1235648475587365,0.2720478653907778,0.0,0.0041415509541643,0.0016436096792239,0.0,0.0042804330064396,0.0,0.0011850055958567,0.0016309800570646,0.1165065302109662,0.2406280942341351,0.0,0.0
6af183d2-fe59-4a57-afa3-c26bb4e05c86,ok,17761280.0,v1.14-1.15,0.0,0.0,0.0,True,0.0,0.0,0.3787860088050365,4.0,actuator_motors,none,3564066,2371739,10.1,,C,,0.0,4.0,True,10.011116505514035,20.011272485814,1.999984642093242,81.343277,76.514541,,True,0.0,0.0,,main,0.0098940993659198,0.0,0.0,0.0,0.0,0.0,0.0,9.622970962524422,3.1561305761337284,0.0,0.0098454732428503,0.0,0.0,0.0,0.0,0.0,0.0,2.3630187283407302,1.4245844914474008,0.0,0.0
b896b530-6280-442c-954a-b4ab4000fbd7,ok,17825792.0,v1.16+,0.0,0.0,0.0,True,0.0,0.0,0.1730412513017652,4.0,actuator_motors,none,7905580,4769527,9.7,,B,,0.0,4.0,True,10.012748773103056,135.36042499766896,2.000080104474057,79.563673,74.26206400000002,,True,0.0,0.0,,main,0.0014507252140901,0.0008052240184042,0.000107216676406,0.0075886473990976,0.0057696669828146,0.0001122261724958,0.0033576023066416,0.7178493499755856,1.2024193406105033,0.0,0.0014496739288945,0.0008048999994711,0.0001072109291089,0.0075599984609294,0.0057530862007584,0.00011221987561,0.0033519781456313,0.5410731305294736,0.7895564564143602,0.0,0.0
bf216f67-c5cd-447a-b694-1819cec8b764,ok,17694720.0,v1.14-1.15,0.0,0.0,0.0,True,0.0,0.0,0.5462916612625122,4.0,actuator_motors,none,72313177,37733706,31.5,,C,,63.0,4.0,True,10.000463018426334,20.000467536768245,1.999992178738781,1959.31887,466.9217149999998,,True,0.0,0.0,,main,0.0,0.0,0.0,0.0,0.0,0.0,0.0,0.0386701952666044,,0.0,0.0,0.0,0.0,0.0,0.0,0.0,0.0,0.0379412365746129,,0.0,0.0
0dfe594c-b8bb-4d57-8123-b7c553203dc0,ok,17498879.0,v1.12-1.13,0.0,0.0085344320188346,0.0,True,0.0,0.0,0.3866666666666666,4.0,actuator_outputs,global,131744755,57546256,29.0,,B,,,,False,10.00059011566186,20.00059012156296,5.000590112711312,1694.501108,1099.1095440000006,True,True,0.0,0.0,,main,0.0058204739820212,0.0013944967300631,0.0214807512238621,0.0077380612026899,3.527048502292018e-05,0.0,0.0024249632377177,0.0053306971676647,0.0103953746147453,3.739130625035614e-05,0.005803600466247,0.0013935253224762,0.0212532914600735,0.0077082759617716,3.52698630339885e-05,0.0,0.0024220277590264,0.0053165392934571,0.0103417142672859,3.739060721288981e-05,0.0
79dd4bea-3c02-40b5-9acb-b2c182717d4c,ok,17891392.0,v1.16+,0.0,0.0,0.0412621359223301,True,0.0289855072463768,1.897037999999995,0.2808067247271537,4.0,actuator_motors,none,7879436,5590009,5.6,,C,,0.0,4.0,True,10.005923628440604,20.004761984618806,2.0000518428072183,164.354236,158.62667499999998,,True,0.0,0.0,,main,0.050597058981657,0.002010300848633,0.0011190401157364,0.033822152018547,0.0589603886008262,0.0550807297229766,0.0834099397063252,0.0316626578569411,0.0083846502006053,0.0,0.0493586301635955,0.0020082828978881,0.0011184144570606,0.0332627613104812,0.0572876613879047,0.0536172850648753,0.0801134187485188,0.0311717317002614,0.0083496942806333,0.0,0.027946537059538274
4d1841f6-2d3c-429d-ad02-36f8aec5db22,ok,17761023.0,v1.14-1.15,0.0,0.1050420168067226,0.0,True,0.000803780985757,0.0452790000000078,0.1787785172462461,4.0,actuator_motors,none,11886898,7431672,7.2,,B,,0.0,4.0,True,10.009070752698673,199.2939980594028,1.999952780335654,115.675265,108.875675,,True,0.0,0.0,,main,0.0007956745510455,0.0003378679946763,0.0001543178397696,0.0073365369811654,0.0054592379601672,0.06167683750391,0.0466892857104539,0.0298006591387093,0.005453141964972,0.0,0.000795358169863,0.0003378109301385,0.0001543059339965,0.0073097555028263,0.0054443903339184,0.0598495803766056,0.0456321215699367,0.0293652486944779,0.0054383274191379,0.0,0.0007544209065121612
684a42a6-395b-404b-96b6-cacb8346ab0f,ok,17825856.0,v1.16+,0.0,0.0,0.0,True,0.008080808080808,0.2999999999999971,0.6389527767896652,4.0,actuator_motors,none,5741503,3805179,3.5,,A,,0.0,4.0,True,10.006520470381298,20.006518122300463,1.9999999346405253,152.998896,148.51001499999992,,True,0.0,0.0,,main,0.0023477067705243,0.0010078271967358,0.0005575759278144,0.009236832614988,0.0081536353100091,0.0264781456440687,0.008769423700869,0.2499596059322354,0.3355105966329568,0.0,0.0023449552127098,0.0010073196798708,0.0005574205401143,0.009194433962795,0.008120574017193,0.0261336670836938,0.0087311956343561,0.2231112355378489,0.2893136881174233,0.0,0.0078125
8d057f78-b05d-4934-8c77-e5c7084e1393,ok,17761023.0,v1.14-1.15,0.0,0.0,0.0,True,0.0,0.0,0.140100061893463,4.0,actuator_motors,none,68454757,21286652,15.5,,B,,0.0,4.0,True,10.000036400673771,199.34820076786184,1.9999857552034987,147.077516,143.81992300000007,,True,0.0,0.001218845385338,vehicle_attitude,main,0.004996931226924,0.001029176521115,0.0007904406287707,0.0108407044783234,0.0227143935859203,0.0092645427212119,0.0069540313910692,0.0,1.1990986704826356,0.0,0.0049844880008288,0.0010286472820483,0.0007901283951008,0.0107823652881046,0.0224602628345556,0.0092218900810461,0.0069299636290024,0.0,0.7880475811810822,0.0,0.0
b298f907-06fd-4989-b86c-da6b18319b84,ok,17826047.0,v1.16+,0.0,0.0,0.0,True,0.0,0.0,0.1815964579582213,4.0,actuator_motors,none,3357728,2536243,3.7,,C,,0.0,4.0,True,10.012674707852334,20.01201711720949,1.999990525044888,80.401798,74.308221,,True,0.0,0.0,,main,0.0003918370057363,0.000836934428662,0.0023414706811308,0.0197935681790113,0.0144291874021291,0.0004622020933311,0.0018073497340083,0.2146913260221481,0.0811495333909988,0.0,0.0003917602576646,0.0008365843943332,0.002338733710181,0.0196002226755222,0.0143260773568098,0.0004620953108456,0.0018057184427246,0.1944899918590005,0.0780248578518613,0.0,0.0
55a019db-2509-4729-b0f1-6617a83fd3a3,ok,17761280.0,v1.14-1.15,0.0,0.0,0.0,True,0.0,0.0,0.2839314967393875,4.0,actuator_motors,none,6816097,4101882,4.1,,B,,0.0,4.0,True,10.00660996067752,20.006925474202607,1.9999600569380909,142.583692,141.18650300000016,,True,0.0,0.0,,main,0.0101502125617116,0.0030157664441503,0.0011512546043377,0.0093771021347492,0.0193347232416272,0.0003683594477479,0.0067688637645915,2.399760603904724,4.185820579528809,0.0,0.0100990451032811,0.0030112281425432,0.0011505924189362,0.0093334100369935,0.0191501823842281,0.0003682916200626,0.0067460578617838,1.2237050185269145,1.6459280894352202,0.0,0.0
6817dd86-7f4b-4634-95b5-0275ec6c6662,ok,17760256.0,v1.14-1.15,0.0122137404580152,0.015267175572519,0.0,False,0.0009549578226961,0.4974979999999505,0.1663162738084793,4.0,actuator_motors,none,36700160,21577503,27.0,,B,,0.0,4.0,True,10.001114832896093,20.00117759585076,2.0000090705950733,857.624125,627.894729999999,,True,0.0,0.0,,main,0.001331766747171,0.000550773309078,0.0009385656099766,0.0047388298436999,0.0065110297873616,0.202296994626522,0.0042630329728126,0.0211455888114869,0.81309034526348,1.76022734194703e-05,0.0013308807323926,0.0005506216891285,0.0009381254326764,0.0047276369364823,0.0064899245944073,0.1842338893087702,0.0042539719901333,0.0209251233474687,0.5950327624470196,1.7602118501273473e-05,0.0006992192052208367
95227703-a1ab-4a61-a553-408e3c29d662,ok,17761535.0,v1.14-1.15,0.0,0.1571428571428571,0.0,True,0.0800627943485086,0.597715,0.4111116528511046,4.0,actuator_motors,none,2752531,2144455,1.7,,A,,0.0,4.0,True,10.015066903316637,20.01455420286157,2.00016380903604,69.027773,63.662770000000016,,True,0.0,0.0,,main,0.0016317064000759,0.0020975648541934,0.0019533684360794,0.0028246472007595,0.0031447737361304,0.0082818281371146,0.0065289842430502,0.0,0.0176215373910963,0.0,0.0016303766135388,0.0020953680364766,0.0019514630927773,0.0028206653812496,0.0031398392776683,0.0082477219766512,0.0065077627452279,0.0,0.0174680782687965,0.0,0.07338129496402877
571fa4a3-49c8-479e-9b8c-e5bc2c1c164c,ok,17761535.0,v1.14-1.15,0.0,0.0,0.0,True,0.0,0.0,0.5155545864254235,4.0,actuator_motors,none,8746143,5274130,3.1,,B,,0.0,4.0,True,10.00641038905967,19.999883771326576,2.0000296030440268,154.790823,150.36352399999998,,True,0.0,0.0005830055759616,sensor_combined,main,0.0024590520304627,0.0,0.0,0.0,0.0,0.0,0.0,0.0875479526817797,0.0151355655398219,0.0001273771562409,0.0024560335094725,0.0,0.0,0.0,0.0,0.0,0.0,0.083925577428599,0.0150221656833253,0.0001273690444597,0.0
b7311079-6ab3-4f16-9501-5eaf05830c49,ok,17760767.0,v1.14-1.15,0.0,0.0,0.0,True,0.0,0.0,0.2572960138320922,4.0,actuator_motors,none,21059722,10424790,9.4,,B,,0.0,4.0,True,9.89139387011581,197.8929422768528,1.9781724380477843,137.939608,132.4575090000001,,True,0.0,0.0105175193459849,vehicle_attitude,main,0.0103338548913598,0.0026762708555906,0.0018648962955921,0.0648749515414237,0.0435191273689269,0.2025485157966607,0.6156102299690245,0.3556824624538415,0.0546391509473323,0.0,0.0102808256311379,0.002672696019477,0.0018631595354119,0.0628573758745147,0.042598777380472,0.184443067960759,0.4797127366807754,0.3043049898639253,0.0531986714032811,0.0,0.0
c912c876-faa2-4427-ad5c-4950c2dea345,ok,17695488.0,v1.14-1.15,0.1734197730956239,0.0405186385737439,0.0,True,0.0,0.0,0.4304098516702652,4.0,actuator_motors,none,21349139,14387821,10.0,,A,,0.0,4.0,True,10.00343671302568,20.00328296859015,2.000027247507051,306.04739,301.4880930000003,,True,0.0,0.0,,main,0.0081821668893098,0.0109603370539844,0.0,0.0093402378261089,0.0,0.0157610516529529,0.010336023569107,0.0089359805453568,0.0260636497288942,0.0,0.0081488744414294,0.0109007078681539,0.0,0.0092968875304348,0.0,0.0156381361149196,0.0102829721250014,0.0088962909396624,0.0257297815971781,0.0,0.0
d3293558-a62a-4aea-9fd9-667ba93f73e2,ok,17694720.0,v1.14-1.15,0.0,0.0,0.0,True,0.0,0.0,0.4091509133577347,4.0,actuator_motors,none,3578438,2650098,3.7,,B,,0.0,4.0,True,10.011261642861802,20.011644917478776,1.9999657810732825,82.581325,77.62374599999998,,True,0.0,0.0,,main,0.0080642942339181,0.0,0.0,0.0,0.0,0.0,0.0,0.0001498165918746,0.0,0.0001543172256788,0.0080319515772867,0.0,0.0,0.0,0.0,0.0,0.0,0.0001498053704897,0.0,0.0001543053200005,0.0
3706b530-9f92-4bd8-a0a5-589910daf293,ok,17761535.0,v1.14-1.15,0.0,0.0,0.0,True,0.0072939460247994,0.8990459999999985,0.2540152741325582,4.0,actuator_motors,none,5796664,3681126,5.1,,C,,0.0,4.0,True,10.006921002931486,20.006729691637364,2.000019457332149,140.084783,137.08656299999998,,True,0.0,0.0,,main,0.0100662363693118,0.0,0.0,0.0,0.0,0.0,0.0,2.8845534324646,1.2233078479766846,0.0,0.0100159092665319,0.0,0.0,0.0,0.0,0.0,0.0,1.3570080306141856,0.7989961085145733,0.0,0.007107320540156361
175d2cf3-26df-45ac-89bd-806be4301f8d,ok,17761280.0,v1.14-1.15,0.0,0.0,0.0,True,0.0,0.0,0.2842849716544151,4.0,actuator_motors,none,29482248,18545141,6.5,,C,,0.0,4.0,True,10.00365691254764,199.51422928921,1.999934734370308,275.083907,270.4584920000002,,True,0.0,0.0,,main,0.0022215991280972,0.0018612618092447,0.0008107447793008,0.0097890072967857,0.0039351547486148,0.000949400733225,0.0045291859889402,0.1407557688653465,4.239808225631712,8.03204650878906,0.002219135025578,0.0018595318078078,0.0008104163032803,0.0097414053632089,0.0039274322799434,0.000948950337397,0.0045189600911153,0.1316909978937595,1.6562848995013346,2.200778976168587,0.0
99d98c0f-b037-40ac-ac66-d28ca9eb774f,ok,17638400.0,v1.12-1.13,0.0,0.0,0.0,False,0.0,0.0,0.1934364303946495,4.0,actuator_motors,none,7716864,5068177,3.3,,C,,0.0,4.0,True,9.99969201098808,20.00009220992392,1.9999371093223133,266.294853,228.2016299999999,,True,0.0,0.0,,main,0.0628793179988861,0.0002030063093116,0.0,0.0034021058469079,0.0,0.0018485593551304,2.127104997634888,0.0163607748225331,0.0461560152471065,0.0,0.0609815632806724,0.0002029857063191,0.0,0.0033963317771027,0.0,0.0018468528719856,1.1401076556653862,0.0162283794548395,0.0451225086762895,0.0,0.0
2a308763-4239-4cbb-a3f0-5f4574f12653,ok,17760511.0,v1.14-1.15,0.0326086956521739,0.0326086956521739,0.0,True,0.8547854785478548,102.598236,0.9999999403375862,4.0,actuator_motors,none,6030580,3763345,2.7,,B,,0.0,4.0,True,10.004766983599795,20.00066806467155,1.9998803450337432,183.960351,181.99047500000003,,True,0.0,0.0,,main,0.0276530086062848,0.0,0.0,0.0280082798562943,0.0380668614059686,0.0,0.0356934655457734,0.0030753450701013,0.0004943191030179,1.0774791689982518e-05,0.0272775697871754,0.0,0.0,0.027623221335454,0.0373601963551287,0.0,0.0350712173775504,0.0030706258694226,0.0004941969675776,1.0774733642331503e-05,0.8431904503526858
d46420a0-e735-4f6a-9218-6ae241b165bb,ok,17630207.0,v1.12-1.13,0.02803738317757,0.02803738317757,0.0,True,0.0,0.0,0.182,6.0,actuator_outputs,per_channel,3656460,2314976,2.7,,C,,,,False,10.009911553291944,20.009279508880795,2.000013931804364,103.000594,95.080402,True,True,0.0,0.0,,main,1.5871168216108344e-05,1.4622683920606503e-05,0.0,0.0,0.0,0.0,0.0,1.3396531343460083,0.0,0.0003070719612878,1.5871042270450674e-05,1.4622577010206191e-05,0.0,0.0,0.0,0.0,0.0,0.850002685196519,0.0,0.0003070248243424,0.0
a50059ee-27be-44c8-be77-9b3db3f3a42e,ok,17825984.0,v1.16+,0.0,0.0,0.0,True,0.0239840106595602,3.0005529999999965,0.7276144623756409,4.0,actuator_motors,none,6573710,4599925,2.9,,B,,0.0,4.0,True,10.005811349493364,20.005822273228134,1.99993980826319,155.184908,150.17003300000007,,True,0.0,0.0,,main,0.0034131639404222,0.0010724731255322,0.0005772054719273,0.0103277899324893,0.007579855620861,0.0144129591062664,0.0301542058587074,0.0885713696479797,0.0081565715372562,0.0,0.0034073523166421,0.0010718984370849,0.0005770389529229,0.0102748226876109,0.0075512728598459,0.014310079763413,0.0297085054613877,0.0848661665140876,0.0081234864928995,0.0,0.02313624678663239
362cfe16-d6bc-4a54-af9b-836f45ba906e,ok,17761280.0,v1.14-1.15,0.0,0.0,0.0,True,0.000250815149235,0.0062449999999998,0.2833860866725444,4.0,actuator_motors,none,16012053,10292556,7.1,,A,,0.0,4.0,True,10.00669968827981,199.48008504553007,1.999954943387953,147.642015,142.63650300000003,,True,0.0,0.0,,main,0.0031009595841169,0.0058309128507971,0.0141261026728898,0.0086227669380605,0.0134072836954146,0.0915624629706144,0.0054958390537649,0.0409800643101334,0.0147082386538386,0.0086454451084136,0.0030961615254441,0.0058139788736035,0.0140272590470723,0.0085858032176041,0.013318201418306,0.0876101220957286,0.0054807920357964,0.0401626389308544,0.0146011215700655,0.0086082872583664,0.00024185551551503132
93cc3801-592b-44b0-ba05-2c764185b4d5,ok,17629952.0,v1.12-1.13,0.0,0.0,0.0,True,0.0,0.0,0.299,6.0,actuator_outputs,per_channel,9030240,4688793,3.4,,C,,,,False,9.93028812564101,201.082996214475,1.9721335018570365,71.536282,67.11094499999996,True,True,0.0,0.0066588937182967,vehicle_attitude,main,0.0,1.1572331004572336e-07,0.0,0.0,0.0,0.0,0.0,0.0008079084363998,0.0,0.0,0.0,1.1572330334978163e-07,0.0,0.0,0.0,0.0,0.0,0.0008075822540508,0.0,0.0,0.0
39d790e8-8e0b-4b33-91fd-1aab3c482739,ok,17825856.0,v1.16+,0.0,0.3,0.0,True,0.0,0.0,0.3573447108268737,4.0,actuator_motors,none,33164800,13604850,10.7,,C,,0.0,4.0,True,125.0,250.0,100.00870170553428,114.564,92.24000000000002,,True,0.0,0.0,,main,0.0002769443381112,9.737084474181756e-05,5.3659881814383065e-05,0.0004781868483405,0.0005536967364605,6.473241228377447e-05,0.0004058226768393,0.0089268591254949,0.0063690547831356,0.0,0.0002769059961068,9.73661045088192e-05,5.365844217442528e-05,0.0004780725534442,0.0005535435029831,6.473031723158579e-05,0.0004057403530885,0.0088872502658539,0.0063488580643644,0.0,0.0
da6e5561-6561-461a-9e66-ebba1bcebe35,ok,17695488.0,v1.14-1.15,0.0165289256198347,0.0,0.0,True,0.0,0.0,0.1865843355655669,4.0,actuator_motors,none,66497156,29548467,38.7,,C,,0.0,4.0,True,50.00418344799864,192.1293531612107,50.00417864311796,238.951653,236.59355699999992,,True,0.0,0.0,,main,15.05360221862793,0.0589984580874443,0.0,0.3088946342468261,0.0,6.317958831787109,0.3922383487224579,0.5042300820350647,,0.0,2.7759332616914327,0.0573236106101303,0.0,0.2691829903700692,0.0,1.99033144097134,0.3309127747849688,0.4082811939038952,,0.0,0.0
8c66a267-c7b8-4815-a7e2-d1e81600d2cc,ok,17826240.0,v1.16+,0.1851667496266799,0.0,0.0,True,0.0,0.0,0.1040559582412243,4.0,actuator_motors,none,39421425,25087875,10.1,,B,,0.0,4.0,True,10.001054530497916,20.001002966332763,1.9999993702215264,994.171397,991.800256,,True,0.0,0.0,,main,0.0174972929060459,0.2717243731021881,0.0892433151602745,0.0399461686611175,0.0687889382243156,0.0128686046227812,0.0106503948569297,0.044228820502758,0.0080244256183505,0.0,0.0173459777964751,0.2403737536249891,0.0854832488933227,0.0391689509108679,0.0665261740314119,0.0127865076954232,0.0105940789068106,0.0432786421715169,0.007992401119829,0.0,0.0
3aed0737-d5cc-4128-9169-346182f4fe14,ok,17825984.0,v1.16+,0.0,0.0,0.0,True,0.0023228803716608,0.1012500000000002,0.452776774764061,4.0,actuator_motors,none,4837274,3851630,4.0,,B,,0.0,4.0,True,9.977830611430608,19.955731038582904,1.999972447306955,90.262332,86.100435,,True,0.0,0.0027668641281676,sensor_combined,main,0.0069901177193969,0.0108916928991675,0.0011524421395733,0.0095063830260187,0.0063309913035482,0.0191023088991641,0.0073773998068645,0.016368189640343,0.0027511065709404,15.23890872001648,0.0069658001027671,0.0108328056143526,0.0011517785878851,0.0094614817086837,0.0063110347636038,0.0189221504756573,0.007350319897561,0.0162356748866846,0.0027473292036321,2.787410135432389,0.0022172949002217295
ef1ba1ad-f8ef-4a43-bffa-e6821a1dc879,ok,17826047.0,v1.16+,0.0,0.0,0.0,True,0.0,0.0,0.1649248972535133,4.0,actuator_motors,none,14485649,9125645,8.2,,C,,0.0,4.0,True,10.007533808436245,174.75604677255808,2.000035298332899,131.271087,125.195825,,True,0.0,0.0,,main,0.0051636940333991,0.0120803078636527,0.002577046630904,0.123109509050846,0.0597688671201466,0.0037162074586376,0.0068677376490086,0.0,0.6712926685810077,0.0,0.0051504078828144,0.0120079233132797,0.0025737317400991,0.1161011857401172,0.0580508344609887,0.0037093194193474,0.0068442621598455,0.0,0.5135973800466307,0.0,0.0
aaffbd1c-33f1-4bd6-8ef9-46f0b81892ff,ok,17826047.0,v1.16+,0.0,0.6384615384615384,0.0,True,0.0,0.0,0.2399999928019856,4.0,actuator_motors,none,2896683,2322350,3.6,,C,,0.0,4.0,True,10.015700007209714,20.01422693849185,2.0000895080056624,62.553777,60.7170190000001,,True,0.0,0.0,,main,0.0127081372775137,0.0025700870901346,0.0032141053816303,0.0108712434303015,0.0053364369086921,0.0293453903868794,0.0211078925058245,0.011671471176669,0.0011929532338399,0.0,0.0126280665539115,0.0025667900641967,0.0032089511860603,0.0108125762704476,0.0053222485836028,0.0289230568845739,0.0208882069646479,0.0116038849358663,0.0011922422305371,0.0,0.0
fe8acbe3-6715-47ab-86ef-85efa8e35d68,ok,17826559.0,v1.16+,0.0,0.1352201257861635,0.023076923076923,False,0.0472797927461139,4.801692000000003,0.6434870332479469,4.0,actuator_motors,none,6941744,4422944,4.4,,C,,0.0,4.0,True,9.929608145798422,19.83425776449409,1.987175398183956,156.717652,154.54676500000002,,True,0.0,0.0085960372538765,sensor_combined,main,0.0187641587108373,0.0024470709031447,0.0023662785533815,0.0142761217430233,0.0083471704274415,0.7816060781478882,0.4767840653657913,0.0,7.609288930892944,0.0,0.0185902835974247,0.0024440817006759,0.002363483324943,0.0141751775107786,0.0083125254584976,0.5775152485783984,0.3898667947338284,0.0,2.152841728605609,0.0,0.04691516709511568
a80b97c8-918e-4320-b8e0-d7310e468f1b,ok,17695488.0,v1.14-1.15,0.0,0.0,0.0,True,0.0019461077844311,0.0269639999999995,0.2993320688605308,4.0,actuator_motors,none,15164556,9254220,7.7,,B,,0.0,4.0,True,10.006461442561267,158.45874283692194,1.9999550217012008,145.302682,140.27977699999988,,True,0.0,0.0,,main,0.004322726977989,0.0,0.0,0.0,0.0,0.0,0.0,0.0002729238913161,,0.0008513119828421,0.0043134108315154,0.0,0.0,0.0,0.0,0.0,0.0,0.0002728866543659,,0.0008509498223225,0.0018734687995388384
a6a39cd8-5678-42ca-b318-89efaab9a3ad,ok,17826047.0,v1.16+,0.0,0.0,0.0,False,0.0,0.0,0.2772883176803586,4.0,actuator_motors,none,24630491,10527605,16.0,,C,,0.0,4.0,True,124.99400968035654,249.98801936071308,100.01198178768271,82.968,81.316,,True,0.0,0.0,,main,0.0002945745654869,0.0002466751611791,8.63491659401916e-05,0.0050116581842303,0.0040121117606759,9.380005212733522e-05,0.0014027597033418,0.2547152638435364,0.1669382154941558,0.0,0.0002945311869181,0.0002466447418638,8.634543806556001e-05,0.0049991416270711,0.0040040847034232,9.379565317752467e-05,0.0014017767550685,0.2269086654426962,0.1543834088815987,0.0,0.0
13d9fe02-af26-40e9-b7de-31a5d6474e33,ok,17695743.0,v1.14-1.15,0.0,0.1119402985074626,0.0,True,0.0,0.0,0.2663531988859175,4.0,actuator_motors,none,2691994,2014531,3.0,,A,,0.0,4.0,True,10.01430234137585,20.01495494315776,1.999981323251335,65.577929,58.720919,,True,0.0,0.0,,main,0.0015250708092935,0.0005150400102138,0.0,0.0157632827758789,0.0,0.0011940425029024,0.0038358222227543,0.0012044169125147,0.0023767240811139,0.0,0.0015239090698134,0.000514907422631,0.0,0.0156403326162247,0.0,0.001193330201109,0.0038284842155667,0.0012036921843233,0.0023739041396996,0.0,0.0
054c135d-ccd1-4522-aa80-d6ea600fb534,ok,17760768.0,v1.14-1.15,0.0,0.0,0.0,True,0.0,0.0,0.4570269799849719,4.0,actuator_motors,none,5906367,4000872,3.2,,A,,0.0,4.0,True,10.006293105630077,20.00662450449877,1.9999842810599984,149.995794,148.23132300000003,,True,0.0,0.0,,main,0.0271749044768512,0.005576143763028,0.0147159368731081,0.0472765095531941,0.1993753127753735,0.005350092658773,0.026055665872991,0.0434886176139116,0.1588612459599978,0.0,0.0268122226551677,0.0055606546264863,0.0146087081745441,0.046192994015382,0.1818008485617618,0.0053358317552014,0.0257220005136489,0.0425695395828732,0.1474378384332006,0.0,0.0
e9370530-e218-4a22-906e-64362677d6e2,ok,17630207.0,v1.12-1.13,0.0,0.0,0.0,True,0.0,0.0,0.5675999999999999,6.0,actuator_outputs,per_channel,4252153,2998627,3.8,,B,,,,False,10.009142064386124,20.008675571168844,2.000006545475967,104.647334,97.57260300000002,True,True,0.0,0.0,,main,0.0023001227411441,0.000768285288359,0.0,0.0089216175954788,0.0,0.0,0.0018300833180546,0.0069087977986782,0.0190401456318793,0.0,0.0022974815081632,0.000767990308293,0.0,0.0088820550987473,0.0,0.0,0.0018284107558869,0.0068850414111205,0.0188611505517649,0.0,0.0
09f09de5-200d-4178-99c8-458b2e0a3f84,ok,17761535.0,v1.14-1.15,0.0763888888888889,0.0,0.0,True,0.0,0.0,0.1228853866457938,4.0,actuator_motors,none,2834815,2213517,5.7,,C,,0.0,4.0,True,10.013360804819936,20.012482223638617,2.00014551413251,71.133076,65.53958499999999,,True,0.0,0.0,,main,0.0057074177311733,0.002349497063551,0.0194988862611352,0.0106175696477293,0.017772626504302,0.041417776979506,0.0903596822172402,0.5822048068046569,0.1246836956590408,0.0,0.0056911921308391,0.0023467413109029,0.0193112185954202,0.0105615990874302,0.0176165400421113,0.0405830318712812,0.0865076254939517,0.4588193216517746,0.1175018367094792,0.0,0.0
64ba3e3e-f82b-44bb-9e1c-0720af6974bb,ok,17630207.0,v1.12-1.13,0.0,0.0,0.0,True,0.0059743454577402,3.406690000000026,0.1426627486944198,4.0,actuator_motors,none,57798286,33241571,10.1,,B,,0.0,4.0,True,10.001614849130416,200.54477611294848,2.0000144522783465,575.894614,569.0324389999996,,True,0.0,0.0,,main,6.030346412444487e-06,0.0003590537817217,0.0,0.0,0.0,0.0,0.0,0.0031928927637636,0.0,0.0,6.030328229978658e-06,0.0003589893373381,0.0,0.0,0.0,0.0,0.0,0.0031878063057971,0.0,0.0,0.005903802743531863
d5dd99f1-bcd8-4396-894a-62142536f959,ok,17630207.0,v1.12-1.13,0.0,0.0,0.0,True,0.0,0.0,0.0919499999999999,6.0,actuator_outputs,per_channel,2560323,1755035,4.0,,B,,,,False,10.014525177065035,20.015422842944048,2.00002221563138,65.277501,62.20045200000001,True,True,0.0,0.0,,main,5.703150600311346e-05,8.088564209174365e-05,0.0,0.0,0.0,0.0,0.0,0.0002225690259365,0.0,0.0,5.702987976860574e-05,8.088237102458241e-05,0.0,0.0,0.0,0.0,0.0,0.0002225442611253,0.0,0.0,0.0
1a82b2d4-6be5-49fa-a5a7-f182499e7315,ok,17694720.0,v1.14-1.15,0.0326086956521739,0.0,0.0,True,0.0959069020866773,4.400465999999994,0.6916502729058261,4.0,actuator_motors,none,45091240,10380096,13.2,,C,,0.0,4.0,True,10.00400835160663,20.004068059482822,119.93348544768178,253.356488,249.217372,,True,0.0,0.0,,main,0.0059659853577613,0.0134318312630057,0.0,0.0759498998522758,0.0,0.0181600414216518,0.0363607481122016,0.0476208701729774,0.0622367225587368,0.0,0.0059482593343075,0.0133424239305035,0.0,0.0732038991799934,0.0,0.017997117384505,0.0357152956889166,0.0465217553439488,0.0603768005783347,0.0,0.09424290220820189
ba1ce4d5-83ad-44fa-b392-10a2553a41cc,ok,17825984.0,v1.16+,0.0,0.0814249363867684,0.0,True,0.0,0.0,0.07388656437397,4.0,actuator_motors,none,54914397,22369780,50.3,,C,,0.0,4.0,True,124.96370649964744,249.92222982641687,99.9834086855531,192.656,135.848,,True,0.0,0.0003318194072875,vehicle_attitude,main,0.0002642761974129,0.0001044211152475,5.726767631131224e-05,0.0002965516760013,0.0003081657632719,6.303328700596467e-05,0.0002255831088405,0.0004306095070205,0.0003775430028326,0.0,0.0002642412826099,0.0001044156637423,5.726603658053928e-05,0.0002965077132443,0.0003081182899559,6.303130049180651e-05,0.0002255576687968,0.0004305168213533,0.0003774717514061,0.0,0.0
4c20817a-08a4-470f-84b8-d37dcc38a0fc,ok,17825792.0,v1.16+,0.0,0.0,0.0,True,0.0,0.0,0.1396763578057288,4.0,actuator_motors,none,69656618,35764098,25.4,,C,,0.0,4.0,True,9.986374793621655,215.7962597167005,1.9941571896785264,512.870821,503.2771119999997,,True,0.0,0.0013872845473084,sensor_combined,main,0.0066013765987008,0.0022812702693045,0.0070368099026381,0.0045568618457764,0.0041620242409408,0.0025417817756533,0.0073121008928865,0.0096291990019381,0.0015953582245856,2.027523350989213e-06,0.0065796829319082,0.0022786721229161,0.00701216709281,0.0045465107844943,0.0041533869754282,0.0025385569117999,0.0072854970908921,0.009583133743509,0.0015940869925206,2.027521295566522e-06,0.0
66f9ff7e-0f43-4ea9-a718-0021eadf2697,ok,17630207.0,v1.12-1.13,0.0,0.0,0.0,True,0.0,0.0,0.379,6.0,actuator_outputs,per_channel,10363767,5760353,6.4,,C,,,,False,10.011057289967605,200.81526391622003,1.9998790731803533,84.023644,75.21223699999996,True,True,0.0,0.0,,main,0.0152877960354089,0.0196397280320525,0.0,0.1028960887342691,0.0,0.0,0.0147883803583681,0.0004210495899314,0.078347647562623,0.0,0.0151721151950903,0.0194493570918952,0.0,0.0979395279770162,0.0,0.0,0.014680098498453,0.0004209609734265,0.0754299135978461,0.0,0.0
7d300380-56dc-4d3f-b455-800db37baf29,ok,17826047.0,v1.16+,0.0,0.0048627995831886,0.0,True,0.0,0.0,0.0670384228229522,4.0,actuator_motors,none,80853603,43148606,26.0,,C,,0.0,4.0,True,10.000668982061676,20.00065185833068,2.0000020839086363,1454.418765,1446.890593,,True,0.0,0.0,,main,0.0080363474786281,0.0035946532152593,0.0046287016943097,0.0152908129617571,0.0209678828716277,0.0073260134086012,0.0056326176039874,0.0021720163058489,0.0005888266488909,0.0,0.008004228005642,0.003588207890577,0.0046180221967476,0.0151750866893578,0.02075108214675,0.0072993085199683,0.005616813730463,0.0021696608884857,0.0005886533585016,0.0,0.0
5265aa00-0307-43d0-b401-3d934b071193,ok,17694975.0,v1.14-1.15,0.0,0.0,0.0,True,0.0,0.0,0.651257407489179,4.0,actuator_motors,none,2789996,1783896,2.0,,B,,0.0,4.0,True,9.999901388255674,19.999740581399628,2.0002106035699456,86.45541,83.26864900000001,,True,0.0,0.0,,main,0.0062454448081553,0.0,0.0,0.0,0.0,0.0,0.0,0.0,0.0,0.0,0.0062260228416619,0.0,0.0,0.0,0.0,0.0,0.0,0.0,0.0,0.0,0.0
182e92cc-7f1c-4993-b69d-aaede05341da,ok,17498112.0,v1.12-1.13,0.0,0.0,0.0,True,0.0,0.0,0.5451428571428572,6.0,actuator_outputs,global,2275260,1531358,3.0,,B,,,,False,9.944796626230492,19.86212143857637,4.972398313115246,72.50604,68.86642000000002,True,True,0.0,0.0081539914945341,vehicle_attitude,main,0.0013519462547264,0.0023396801203489,0.0383786182850599,0.0390556503087282,2.7223164352108123e-06,0.0,0.0281485129147768,0.0090338235720992,0.0,0.0,0.0013510331982314,0.0023369473305553,0.03766047573591,0.0383122720963269,2.722312729714151e-06,0.0,0.0277596244144341,0.0089932626848486,0.0,0.0,0.0
79725955-99ca-45fd-9eda-28aee4462da1,ok,17761280.0,v1.14-1.15,0.0,0.0,0.0,True,0.0,0.0,0.1689854331314563,4.0,actuator_motors,none,39088709,24482751,8.7,,B,,0.0,4.0,True,9.99993705746948,199.8878543320676,2.0000072076243467,369.791408,363.7012450000002,,True,0.0,0.000405796117607,vehicle_attitude,main,0.0020853812107816,0.0004357546349638,0.0005963038711342,0.0022301340824924,0.0044326646020635,0.0050078151281923,0.001585004600929,0.0120950097683817,0.0,0.0,0.0020832098216431,0.0004356597214845,0.0005961261526268,0.0022276510244956,0.0044228692799109,0.0049953177277617,0.0015837498068644,0.0120224496288624,0.0,0.0,0.0
022ce74c-9951-4250-a124-ef935d8cb731,ok,17170944.0,v1.12-1.13,0.2054794520547945,0.0,0.0,False,0.0095642933049946,0.7999999999999972,0.1287027299404144,4.0,actuator_motors,none,28292493,12377851,7.6,,B,,0.0,4.0,True,124.95059679076752,249.8714907077897,99.9901185770751,101.084,94.012,,True,0.0,0.0,,main,0.0002808248100336,0.0009729593293741,0.0001015584351989,0.1085499599575996,0.0019845922477543,0.000124208786292,0.0041657388210296,0.5838195383548567,2.8468449115753174,0.0,0.0002807853861272,0.0009724863112391,0.0001015532784901,0.1030528189346611,0.0019826255461966,0.0001242010730194,0.0041570861525816,0.4598393590956913,1.3472533088362113,0.0,0.008884501480750246
6b95d5ba-c495-41ab-8b62-ee471fe3c230,ok,17760320.0,v1.14-1.15,0.0,0.0,0.1470588235294117,True,0.0,0.0,0.134027288109064,4.0,actuator_motors,none,9826386,5860283,3.5,,C,,0.0,4.0,True,9.883102892560862,199.03548295401583,1.970514485891668,68.550709,61.006418,,True,0.0,0.0145922335395023,vehicle_local_position,main,0.0892561137676239,0.0480827242136001,0.0239277020096778,0.0456584814935921,0.0129338143393397,0.0192820936441421,0.0919122345745563,0.0,,0.0008099933853372,0.0854949988228197,0.0469625181019428,0.0236459206185971,0.0446468128020409,0.0128508868431334,0.0190985497310871,0.0879305028240484,0.0,,0.0008096655177301,0.0
a9af264f-2692-4a88-ad73-65459811403a,ok,17695488.0,v1.14-1.15,0.0,0.0,0.0,True,0.0127906976744186,0.2962250000000033,0.4187150180339813,4.0,actuator_motors,none,4081307,2818973,4.1,,C,,0.0,4.0,True,9.968176622841591,19.91394121928041,1.989205602678224,93.613344,86.43887500000005,,True,0.0,0.0053785624414314,sensor_combined,main,0.0018312900792807,0.0003784816726692,0.0,0.0202590031549334,0.0,0.0005244637141004,0.0130856323521584,0.002962138876319,,0.0,0.0018296153119482,0.000378410066548,0.0,0.0200565197244686,0.0,0.0005243262310745,0.0130007551115262,0.0029577603872884,,0.0,0.011789924973204717
508cbf79-8b01-47c7-8f97-a6fa72965904,ok,17761792.0,v1.14-1.15,0.0,0.0,0.0,True,0.0,0.0,0.3828070387244224,4.0,actuator_motors,none,15173905,8966792,4.3,,A,,0.0,4.0,True,10.008075000644451,222.2229841864789,2.000000918033208,122.375623,115.07926699999996,,True,0.0,0.0,,main,0.0162947233766317,0.0018582703080028,0.0090022198855876,0.0978198155760765,0.3105433046817776,0.0206114016473293,0.0709448650479316,0.0333482578396796,0.011151373013854,0.0,0.016163389154237,0.0018565458597308,0.0089619414538759,0.0933262272313385,0.2704417876319953,0.0204018610994711,0.0685413102599278,0.0328042657893484,0.0110896548580623,0.0,0.0
d83a1923-8b5d-4efd-9d7f-dd2579aa1975,ok,17825984.0,v1.16+,0.0,0.0,0.0,True,0.056,3.1,0.6334498032927507,4.0,actuator_motors,none,29701925,12218686,5.2,,A,,0.0,4.0,True,124.98537042094176,249.9707397003745,100.0058522882447,102.08,74.94399999999999,,True,0.0,0.0,,main,0.0002764904347714,0.000115355978778,6.152108835522085e-05,0.000516097061336,0.0004035875899717,5.9286478062858805e-05,0.0002824873081408,0.0143925482407212,0.0058315987698733,0.0,0.0002764522183352,0.0001153493257887,6.151919601067699e-05,0.0005159639290517,0.0004035061704061,5.928472068907692e-05,0.0002824474161136,0.0142899586966355,0.0058146608160986,0.0,0.04089581304771178
68e41824-3d91-44ea-86eb-d2f5619b7d5a,ok,17826240.0,v1.16+,0.0,0.0,0.0,True,0.0018726591760299,0.1011620000000022,0.3329778015613556,4.0,actuator_motors,none,5329739,3916323,3.0,,C,,0.0,4.0,True,10.008473696765774,20.00817894892933,2.0001093451082843,115.416524,106.812641,,True,0.0,0.0,,main,0.0045085158199071,175955312640.0,4511909543936.0,0.0106744677759706,0.0035965191200375,168.20316314697266,0.0049956680741161,0.3006420135498047,0.0242589861154556,0.0,0.0044983829073071,25.89349589429625,29.13774158203704,0.0106178978579224,0.0035900671103702,5.13110014171944,0.0049832311277355,0.2628579991372394,0.0239694107677983,0.0,0.001728608470181504
1ad72cbb-434d-4ac7-af1a-8d7632a208ed,ok,17825984.0,v1.16+,0.0484848484848484,0.4787878787878787,0.0,True,0.0112517580872011,0.3012969999999981,0.2111538052558899,4.0,actuator_motors,none,3749621,3084959,3.0,,C,,0.0,4.0,True,10.001293316125135,20.01185481727372,2.00000034437092,75.507576,71.06003299999998,,True,0.0,0.0,,main,0.004488097410649,0.0003897791058989,0.0007915602909633,0.0039899502880871,0.0062984969234093,0.0160146813839674,0.0112673670984804,0.0183542015030979,0.0018538047967012,0.0,0.0044780559350023,0.0003897031617568,0.0007912471723401,0.0039820115462203,0.0062787442895431,0.0158877992329575,0.011204363135288,0.0181877962198816,0.0018520886212312,0.0,0.010526315789473684
3016cacc-127e-462b-8324-30e8a2b559be,ok,17891392.0,v1.16+,0.0140845070422535,0.0528169014084507,0.0,True,0.0,0.0,0.0275978997349739,4.0,actuator_motors,none,4439529,3300312,6.9,,C,,0.0,4.0,True,10.008603587127851,20.008270025870303,2.0000220980219363,113.203606,110.67707500000002,,True,0.0,0.0,,main,0.0,0.0,0.0,0.0,0.0,0.0,0.0,2.195807933807373,0.6022570431232452,0.001685760798864,0.0,0.0,0.0,0.0,0.0,0.0,0.0,1.161839930293251,0.4714132871630138,0.0016843414989713,0.0
ef996020-534c-4fbe-9c66-9070bbfa3f10,ok,17891583.0,v1.16+,0.0,0.0,0.0,True,0.2154431998221085,0.5812430000000006,0.2067427992820739,4.0,actuator_motors,none,14728412,9274499,11.4,,C,,0.0,4.0,True,10.007522647249484,200.0000662077487,1.999999245283304,132.495516,126.51016399999996,,True,0.0,0.0,,main,0.0010616415238473,0.0,0.0,0.0,0.0,0.0,0.0,0.0040608358103781,0.0,0.0,0.00106107838102,0.0,0.0,0.0,0.0,0.0,0.0,0.0040526128704608,0.0,0.0,0.2050366373039177
0cc00f21-f0d1-4230-9451-cad0e454905d,ok,17891392.0,v1.16+,0.0,0.0,0.0,True,0.0,0.0,0.122043752670288,4.0,actuator_motors,none,68131190,38987115,14.5,,B,,0.0,4.0,True,10.001712321941286,199.9982901585065,1.9999993825044788,583.334637,358.69000999999963,,True,0.0,0.0,,main,0.0066713172476738,0.0006347484653815,0.0003793813142692,0.0090829787775874,0.009836608543992,0.0006966805492993,0.0036486657336354,0.0316676946356892,0.0111601941287517,0.0,0.0066491624904548,0.0006345470977816,0.0003793093673746,0.0090419766199793,0.0097885440475688,0.000696437980061,0.0036420254999114,0.0311766138838071,0.0110983786522007,0.0,0.0
e318dca3-8d2a-43fc-a0b6-e06baf03318c,ok,17761280.0,v1.14-1.15,0.0,0.0,0.0,False,0.3667054714784633,39.29749600000001,1.0,4.0,actuator_motors,none,7020717,4608627,2.9,,A,,0.0,4.0,True,10.00574497481275,20.005745277950748,2.0000035619659977,174.058476,171.16004600000002,,True,0.0,0.0,,main,0.0029341960442252,0.0,0.0,0.0,0.0,0.0,0.0,0.0003614175700931,0.0,0.0,0.0029298996931846,0.0,0.0,0.0,0.0,0.0,0.0,0.0003613522744952,0.0,0.0,0.3614457831325301
b853a17d-aeec-402b-8f8f-5634c615391f,ok,17826559.0,v1.16+,0.0,0.0,0.0,True,0.0,0.0,0.1848250150680542,4.0,actuator_motors,none,9462161,5896180,4.8,,B,,0.0,4.0,True,10.010823716346952,158.7065545097633,1.9999261636455443,86.958787,83.01115800000002,,True,0.0,0.0,,main,0.000893135019578,9.045993065228672e-05,0.0001031994004733,0.0022324612829834,0.0013377760187722,0.0002915009943535,0.001567068172153,0.003360252873972,0.0,0.0,0.0008927364118191,9.045583939948768e-05,0.0001031940757815,0.0022299730438702,0.001336881993682,0.0002914585161933,0.0015658416020703,0.0033546198397026,0.0,0.0,0.0
a9cbc514-026b-48d3-a7b1-31e9ddbc56e0,ok,17761535.0,v1.14-1.15,0.0,0.0,0.0,True,0.0,0.0,0.3237899988889693,4.0,actuator_motors,none,6250214,4087293,4.7,,B,,0.0,4.0,True,10.00588313883217,20.005258604044325,2.000048278173673,180.62635,178.2671440000001,,True,0.0,0.0,,main,0.0074954602634534,0.0017804617062211,0.002592643792741,0.0042423231294378,0.0038408363820053,0.0059913524892181,0.0013637351687066,0.0073929237900301,0.0061165258986875,0.0,0.0074675088865674,0.0017788785631493,0.0025892886896299,0.0042333498460971,0.0038334792024133,0.0059734757054313,0.0013628061264505,0.00736573007408,0.0060978958828734,0.0,0.0
b7fb3e13-ebf6-4e40-904a-c3fdb4b9c80c,ok,17695488.0,v1.14-1.15,0.0,0.0,0.0,True,0.0,0.0,0.0729129962623118,4.0,actuator_motors,none,2853941,1981263,4.1,,B,,0.0,4.0,True,10.01141444608397,20.01102062784004,2.0001196216120687,83.499863,79.15335500000002,,True,0.0,0.0,,main,0.0073328495956957,0.0,0.0,0.0,0.0,0.0,0.0,0.0,0.0,0.0004671909409807,0.0073060949662695,0.0,0.0,0.0,0.0,0.0,0.0,0.0,0.0,0.0004670818412719,0.0
3c829f2c-f5f5-4f99-af7f-5fec7a1d8aae,ok,17761280.0,v1.14-1.15,0.0,0.0,0.0,True,0.0,0.0,0.1265397489070892,4.0,actuator_motors,none,15002502,9644520,8.4,,B,,0.0,4.0,True,10.007711459319657,201.8176248703822,1.9999557702089283,130.166175,124.22490400000004,,True,0.0,0.0,,main,0.1097648814320564,0.0042539574205875,0.0072471555322408,0.019027030095458,0.0230138916522264,1.2703885853290555,0.0568536929786205,0.1075887843966483,0.092680089920759,0.0132644707337021,0.1041481743578506,0.0042449349222185,0.0072210210915279,0.0188482799883432,0.0227530662049807,0.8199509998075212,0.0552962800687808,0.1021853862220939,0.0886334764353845,0.0131772679280782,0.0
6cf28ab8-22ca-4e27-926c-122372ec9799,ok,17760256.0,v1.14-1.15,0.0,0.0,0.0,True,0.1798561151079136,1.1028790000000015,0.6975462399423122,4.0,actuator_motors,none,7080068,4547270,3.8,,C,,0.0,4.0,True,10.004819013282289,20.00500237046552,2.000041409020601,196.522331,194.558255,,True,0.0,0.0,,main,0.0,0.0085563471540808,0.0007831210736185,0.0396646007895469,0.0256038106977939,0.0754876151680945,0.0116842478513717,0.0276969201862812,0.0145777229219675,0.0,0.0,0.0085199490913744,0.000782814594307,0.0388981618983975,0.025281522756338,0.0727741542414874,0.0116165141286303,0.0273202988421047,0.0144724893964612,0.0,0.1780264496439471
99a049a9-2766-4fbd-9f90-7294027443fc,ok,17761023.0,v1.14-1.15,0.0,0.0,0.0,False,0.0,0.0,0.2456064254045486,4.0,actuator_motors,none,2272251,1831781,2.2,,A,,0.0,4.0,True,10.01460769308204,20.01461960015952,1.9999172821097908,61.41809,59.799883,,True,0.0,0.0,,main,0.019648427888751,0.0,0.0,0.0,0.0,0.0,0.0,40.71492385864258,3.439435768127441,0.0535576734691858,0.0194578893404382,0.0,0.0,0.0,0.0,0.0,0.0,3.730858951077113,1.4905272891183048,0.0521726973950796,0.0
0ca4a70e-5457-44bc-b69e-f1761db4f2fe,ok,17761535.0,v1.14-1.15,0.0,0.0200471698113207,0.0,True,0.0,0.0,0.1099306643009185,4.0,actuator_motors,none,17606060,10730929,9.2,,C,,0.0,4.0,True,10.002336044531306,20.00233680022585,2.000000991813357,427.747575,423.6395569999997,,True,0.0,0.0,,main,0.0008497761155012,0.0007276935066329,0.000980230703135,0.0008317313040606,0.0019435557187534,0.0005336956237442,0.0012848545447923,0.0029343398055061,0.001581278454978,0.0,0.0008494152601943,0.0007274288660901,0.0009797505907409,0.0008313856072508,0.0019416694579772,0.0005335532588855,0.0012840298255455,0.0029300430338655,0.0015800295506056,0.0,0.0
911db1cc-94ff-4b8e-9054-8b41add5cb2e,ok,17761280.0,v1.14-1.15,0.0,0.0,0.0,True,0.0,0.0,0.2171634495258331,4.0,actuator_motors,none,80252425,48185454,56.4,,C,,0.0,4.0,True,10.000419781315848,20.000436655537627,1.9999963241616696,2234.014672,2229.422555000002,,True,0.0,0.0,,main,0.0107133783865719,0.0018944084586109,0.0084341784939169,0.0021305238245986,0.0030557208927348,0.0042467684717848,0.0019722078810445,0.0410278104245661,0.0131553362589329,0.0,0.0106563967641862,0.0018926163298991,0.0083988095433598,0.0021282574771489,0.003051061666764,0.0042377763997344,0.001970265632341,0.0402085043812405,0.0130695563132409,0.0,0.0
ab016ae5-c4ed-4d51-b157-df636f4d6e48,ok,17695488.0,v1.14-1.15,0.0,0.0,0.0,True,0.7222222222222222,39.298243,0.4092892199754715,4.0,actuator_motors,none,4442825,3055953,2.5,,B,,0.0,4.0,True,10.008353692451225,20.008662260752143,2.0000549657962923,112.489403,106.21437300000004,,True,0.0,0.0,,main,0.0035050855949521,0.0,0.0,0.0,0.0,0.0,0.0,0.0001305195051827,,0.0,0.0034989570988652,0.0,0.0,0.0,0.0,0.0,0.0,0.0001305109882531,,0.0,0.6793622674933569
8162580d-797a-4909-958a-911d4074e734,ok,17695488.0,v1.14-1.15,0.0,0.0,0.0,True,0.0,0.0,0.2170798629522323,4.0,actuator_motors,none,10345943,6107031,4.4,,B,,0.0,4.0,True,10.009648920047734,159.3678381649867,1.9999523041677765,99.563741,97.011274,,True,0.0,0.0,,main,0.001532802474685,0.0,0.0,0.0,0.0,0.0,0.0,0.070461706072092,0.0,0.0,0.0015316289320248,0.0,0.0,0.0,0.0,0.0,0.0,0.0680900564059847,0.0,0.0,0.0
3a0a0ea1-ad59-4140-9651-c893c21971c1,ok,17694720.0,v1.14-1.15,0.0068027210884353,0.0,0.0,True,0.4147204529370134,19.800027,1.0,4.0,actuator_motors,none,6930826,4584375,5.8,,C,,0.0,4.0,True,10.00661386902633,20.007016225132496,1.999946617341847,145.48155,141.21873200000002,,True,0.0,0.0,,main,2.5652605056762683,0.0,0.0,0.0,0.0,0.0,0.0,0.1149288598448038,0.1359627157449721,0.0012575580331031,1.2712371243175218,0.0,0.0,0.0,0.0,0.0,0.0,0.1087906000468225,0.1274804991133187,0.0012567679692978,0.4030261348005502
7f8a3deb-b0e2-4742-ab8d-45d7f01f9bcf,ok,17695743.0,v1.14-1.15,0.0,0.0,0.0,True,0.0,0.0,0.1424726739525794,4.0,actuator_motors,none,6417716,4281143,5.5,,C,,0.0,4.0,True,10.016283121146843,164.74123399182363,1.999941687650628,60.487894,55.17475400000002,,True,0.0,0.0,,main,0.0168411774560809,0.0006199806521181,0.0,0.0133580046705901,0.0,0.0440132385119795,0.006229638820514,0.0015927852480672,,0.0,0.0167009371778432,0.0006197885435119,0.0,0.0132695731680423,0.0,0.0430721699470794,0.0062103148333788,0.0015915181109836,,0.0,0.0
fbbc6caf-8bc0-4370-a980-169b754c7267,ok,17695488.0,v1.14-1.15,0.0,0.0,0.0,True,0.0,0.0,0.0534678205847739,4.0,actuator_motors,none,14683984,8628594,5.5,,A,,0.0,4.0,True,10.00836374397191,203.0536181470184,2.0000507643406853,124.869758,120.05375199999996,,True,0.0,0.0,,main,0.0518963867798446,0.0,0.0,0.0,0.0,0.0,0.0,0.0,0.0,5.10370338815846e-05,0.0505946178107565,0.0,0.0,0.0,0.0,0.0,0.0,0.0,0.0,5.103573153648259e-05,0.0
145fcaff-23d4-4f09-8480-8bcf70a2bfae,ok,17826559.0,v1.16+,0.0,0.0,0.0190023752969121,False,0.0108564535585042,0.6012580000000014,0.2061336278915405,4.0,actuator_motors,none,3864859,3158909,16.0,,B,,0.0,4.0,True,10.011944404806371,20.01193412944793,2.000000239520987,83.381248,82.27970400000004,,True,0.0,0.0,,main,0.0005982348637189,0.0023797670961357,0.0084439214784652,0.0176646456122398,0.0319474597461521,0.0008075506979366,0.0077106408542022,0.0034858210943639,0.0031638452899642,1.4089026868343366,0.0005980559925772,0.0023769399348549,0.0084084709944396,0.017510439113684,0.0314477546646671,0.0008072248043103,0.0076810657941683,0.0034797597018819,0.003158850863078,0.8791713271482049,0.010714285714285714
ad0262e4-7835-4752-88eb-528056ad33f9,ok,17630207.0,v1.12-1.13,1.0,0.0,0.0,True,0.0,0.0,0.434,6.0,actuator_outputs,per_channel,8277766,4716718,7.1,,B,,,,False,10.004712278392123,20.0045008408714,2.000030690126107,203.419527,196.80438700000008,True,True,0.0,0.0,,main,0.0006349949107971,0.0009756055078469,0.0,0.0,0.0,0.0,0.0,0.0064383460674434,0.0,0.0,0.0006347933868353,0.0009751299140962,0.0,0.0,0.0,0.0,0.0,0.0064177084514465,0.0,0.0,0.0
5c6a84b8-7174-4d99-826c-8dd2a6d0b461,ok,17761535.0,v1.14-1.15,0.0247383444338725,0.0,0.0,True,0.0,0.0,0.1664365343749523,4.0,actuator_motors,none,21362837,13079410,7.5,,A,,0.0,4.0,True,10.001802373354852,20.001707287908804,1.999991175727443,526.948275,515.610261,,True,0.0,0.0,,main,0.0019399561162572,0.0022879524505697,0.003188479936216,0.0074968958972021,0.0081632324494421,0.0036675165407359,0.0098162587266415,0.531482708454132,0.372369864583015,0.0,0.0019380768314848,0.0022853390727919,0.0031834075134163,0.0074689338386218,0.0081300934926153,0.0036608076003772,0.009768392250514,0.4262363566321982,0.3165390735732378,0.0,0.0
b6945ffc-c5e6-4e35-8909-1ee84ca0e233,ok,17695488.0,v1.14-1.15,0.0,0.0,0.0,True,0.0081699346405228,0.2000780000000013,0.2963718622922897,4.0,actuator_motors,none,2698683,2070997,3.2,,C,,0.0,4.0,True,10.015323601355371,20.01517093752216,2.000249353919459,63.644207,61.113751,,True,0.0,0.0,,main,0.0053557842271402,0.0011872817820403,0.0,0.0154579484835266,0.0,0.0009323131060227,0.0033282946737017,0.0700801584869623,0.0895927563309669,0.0,0.0053414930191711,0.0011865775204082,0.0,0.0153396915142579,0.0,0.0009318787720947,0.0033227681601661,0.0677335601416622,0.0858040083834567,0.0,0.00778816199376947
cd4c634f-f577-4851-ac95-201a17460cb2,ok,17825856.0,v1.16+,0.0,0.0,0.0,True,0.0,0.0,0.0810267031192777,4.0,actuator_motors,none,9722718,5676709,9.2,,A,,0.0,4.0,True,10.004471910015138,20.00445743766061,2.0000370875474185,224.750505,219.89568600000007,,True,0.0,0.0,,main,0.0030213293386623,0.0015070586698129,0.0010263311502058,0.0070436688605695,0.0097485534846782,0.0108858450315892,0.0056615324923768,0.0500883035361766,0.0212202313356101,0.0,0.0030167742957262,0.0015059241965645,0.0010258048324775,0.007018978099623,0.00970134291238,0.0108270207369676,0.0056455662512119,0.0488742592392249,0.0209982175242515,0.0,0.0
226c5692-be99-4a2f-8844-b5b516460f74,ok,17694975.0,v1.14-1.15,0.0,0.0,0.0,True,0.0085690989369394,0.5885979999999904,0.4381724968552589,4.0,actuator_motors,none,47676560,30100503,11.0,,A,,0.0,4.0,True,9.976108381448398,163.75738513245565,1.9956737922663192,460.524,456.9778609999999,,True,0.0,0.0026394705382587,vehicle_attitude,main,0.0132090055383741,0.0069661588873714,0.0,0.0544951565563678,0.0,0.063160253688693,0.0560501743108033,0.0,1.8724608242511749,0.0,0.0131225273198331,0.0069420073002073,0.0,0.0530621278074788,0.0,0.0612458440543544,0.0545356977072337,0.0,1.055169092441045,0.0,0.008497200652926728
dd851e1e-2fd3-4ad9-a55e-e2b29e3a81dc,ok,17695744.0,v1.14-1.15,0.0,0.0,0.0,True,0.0,0.0,0.0840406290989133,4.0,actuator_motors,none,12894484,7246269,9.6,,C,,0.0,4.0,True,10.009732568785775,201.6453375992592,1.9998869686525549,106.545866,103.650637,,True,0.0,0.0,,main,0.0,0.0,0.0,0.0,0.0,0.0,0.0,0.0,0.0,0.0024187053088098,0.0,0.0,0.0,0.0,0.0,0.0,0.0,0.0,0.0,0.0024157849491693,0.0
66ae9354-aafc-4450-9c4f-384be53bfe15,ok,17825984.0,v1.16+,0.0,0.0,0.0,False,0.0,0.0,0.0017220616340637,4.0,actuator_motors,none,127475330,47908447,21.7,,C,,0.0,4.0,True,124.98799046923638,249.94235369849065,100.00096076246108,416.324,416.128,,True,0.0,0.0,,main,0.0002549345081206,9.476608829572795e-05,6.116450531408176e-05,0.0003533265262376,0.0003222267550881,5.681471157004125e-05,0.0002333286684006,0.0001648438192205,0.0341852754354476,0.0,0.0002549020178406,9.476159827364816e-05,6.11626348419972e-05,0.0003532641211196,0.0003221748511968,5.68130976754442e-05,0.0002333014515004,0.000164830233971,0.033613943241273,0.0,0.0
bc4155e5-d3d0-429a-9d99-0122ee2e3ed0,ok,17891392.0,v1.16+,0.0,0.7028753993610224,0.0,True,0.0,0.0,0.123371289670467,4.0,actuator_motors,none,2907581,2381548,5.1,,B,,0.0,4.0,True,10.014604657042668,20.01520580317425,1.9999669929111552,66.000142,61.565849000000014,,True,0.0,0.0,,main,2.254098963737486,0.0056963217677548,0.0027000989764928,0.0650708816945552,0.0637119509279727,0.0424376368522643,0.0636394664645194,0.0371204128488898,0.0190643779933452,0.0,1.1799154212838243,0.0056801590764595,0.0026964602577136,0.0630413525284059,0.0617646314553612,0.041561852136272,0.0616964861899492,0.036448039043407,0.018884929863558,0.0,0.0
9c1ed126-8527-4ca2-b289-b221107efc42,ok,17891583.0,v1.16+,0.0,0.0,0.0,True,0.0127683097831949,2.365258999999924,0.1839931309223175,4.0,actuator_motors,none,57499694,35205174,10.3,,B,,0.0,4.0,True,10.001921077116815,197.7896447821664,2.0000419395767635,522.1556,519.1744719999996,,True,0.0,0.0,,main,0.0014482440892606,0.0007526730187237,0.0004779098613653,0.0048670716583728,0.0032047471962869,0.0034193804953247,0.0046454143710434,0.0711217492818832,0.0295095805078744,0.0,0.001447196395212,0.0007523899024408,0.0004777956988189,0.0048552657563929,0.003199622939038,0.0034135477064066,0.0046346577335322,0.0687064631390869,0.0290825534238291,0.0,0.012687821968555103
4beb5afd-7b5a-4ead-807f-7dce44ac94ce,ok,17630207.0,v1.12-1.13,0.0,0.0738636363636363,0.0,True,0.0,0.0,0.2401999999999999,6.0,actuator_outputs,per_channel,3790109,2624540,7.0,,A,,,,False,10.011036367626648,20.01061110624552,2.0001601277619523,87.340318,79.70715000000006,True,True,0.0,0.0,,main,3.727278090082109e-05,0.0001575007045175,0.0,0.0,0.0,0.0,0.0,0.0064991369843482,0.0,0.0,3.72720862879831e-05,0.0001574883025837,0.0,0.0,0.0,0.0,0.0,0.0064781086550645,0.0,0.0,0.0
af959f88-9bad-45da-ae8d-02cade79f44f,ok,17695743.0,v1.14-1.15,0.0,0.0,0.0,True,0.0,0.0,0.1005476832389831,4.0,actuator_motors,none,9850496,6033650,7.4,,B,,0.0,4.0,True,10.011239270158748,199.7585036634676,2.000047498395781,91.843696,83.524816,,True,0.0,0.0,,main,0.00039587237261,0.0010191319102887,0.0,0.0068722777999937,0.0,0.0003132114274194,0.00138372440706,0.0080518985632806,0.0089451725129038,0.0,0.0003957940358158,0.0010186129479275,0.0,0.0068487713327778,0.0,0.00031316238696,0.001382767942663,0.008019654993705,0.0089054014539592,0.0,0.0
0bcd49e8-837a-4a01-a73b-948644615910,ok,17695488.0,v1.14-1.15,0.0248226950354609,0.0,0.0,True,0.0154186214363045,4.03500200000002,0.0731831476092338,4.0,actuator_motors,none,88264565,29483040,14.0,,B,,0.0,4.0,True,9.999999683321612,199.99295859883705,1.9999994567902712,284.025772,277.10003499999965,,True,0.0,0.0,,main,0.0,0.0,0.0,0.0,0.0,0.0,0.0,0.0004473750756005,0.0,0.0,0.0,0.0,0.0,0.0,0.0,0.0,0.0,0.0004472750332079,0.0,0.0,0.01502919656676516
861599aa-46b0-433c-b584-0177d3d958ee,ok,17761535.0,v1.14-1.15,0.0,0.2658610271903323,0.0,True,0.0,0.0,0.1534675329923629,4.0,actuator_motors,none,4923322,3433763,3.3,,C,,0.0,4.0,True,10.007523778918095,20.00759651430905,2.0000232297780047,122.090419,113.95185799999996,,True,0.0,0.0,,main,0.0017729677958413,0.0036639769095927,0.0029760223347693,0.0238095995038746,0.0138089252635836,0.0050167199224233,0.0042452090419828,0.0346726365387439,0.0132013211026787,0.0,0.0017713979436963,0.0036572808972345,0.0029716027466582,0.0235305713442084,0.0137144507888953,0.0050041781113797,0.0042362235632587,0.0340850834868072,0.0131149430358464,0.0,0.0
144a4e23-2549-4eb3-af4a-9e6585e35970,ok,17761535.0,v1.14-1.15,0.0236220472440944,0.0393700787401574,0.0,True,0.0003237293622531,0.1014669999999995,0.1953530073165893,4.0,actuator_motors,none,13150502,8610120,4.3,,C,,0.0,4.0,True,10.00321913478477,20.0029690274078,1.99996306061918,317.537752,308.89365600000014,,True,0.0,0.0,,main,0.001312209945172,0.0002780630340566,0.0002221711780293,0.0035730754258111,0.0043682327959686,0.0071484027430415,0.0073187632020562,0.0517881210893392,0.0200443334877491,0.0,0.0013113497501239,0.0002780243816961,0.0002221465016679,0.0035667071568405,0.0043587197604633,0.0071229740233911,0.0072921110163397,0.0504916882220316,0.0198460905553141,0.0,0.00031466331025802394
d0f356ce-130d-4a74-a6a5-4c3835ad0f40,ok,17695488.0,v1.14-1.15,0.0,0.0,0.0,True,0.0,0.0,0.1012183785438537,4.0,actuator_motors,none,7171830,4476526,3.0,,B,,0.0,4.0,True,10.005723019318928,20.00552569886949,1.9999339277147603,188.539751,179.54967499999992,,True,0.0,0.0,,main,7.434374274453148e-05,0.0,0.0,0.0,0.0,0.0,0.0,0.0,0.0,0.0005163175053894,7.434097938544697e-05,0.0,0.0,0.0,0.0,0.0,0.0,0.0,0.0,0.000516184259369,0.0
3b7fcffd-cdb8-4f9b-a929-93c5becef811,ok,17826047.0,v1.16+,0.0,0.0,0.0,True,0.0705329153605015,5.002485000000007,0.8031650744378567,4.0,actuator_motors,none,5826782,4100155,6.1,,C,,0.0,4.0,True,10.006964996995595,20.00712414931355,2.0001034959921373,133.540813,127.61496200000002,,True,0.0,0.0,,main,0.0035178652964532,0.0014764568419195,0.0005367970850784,0.0116273893974721,0.0066262810258194,0.0070962716592475,0.0089384746272116,0.0329880410805344,0.0303319631144403,0.0,0.0035116920817866,0.0014753679511848,0.0005366530610619,0.01156031077086,0.0066044237276405,0.0070712116089554,0.0088987629287878,0.0324556131881407,0.029881044601762,0.0,0.06711409395973154
611a7cc1-8ed5-42b5-964b-8ee4fbe9dad5,ok,17891392.0,v1.16+,0.0,0.3068181818181818,0.0,False,0.00875,0.6000000000000014,0.1090228676795958,4.0,actuator_motors,none,24673465,10253833,6.9,,A,,0.0,4.0,True,125.0,250.00000000000003,100.01180358829085,84.384,79.128,,True,0.0,0.0,,main,0.0002860033710021,0.0001408028037985,7.296153817151204e-05,0.0009416708489879,0.0012197813484817,9.249039430869745e-05,0.0005590029759332,0.1879512220621109,0.2476658821105957,0.0,0.0002859624798344,0.0001407928920141,7.295887660794625e-05,0.0009412277551378,0.001219038019617,9.2486117335895e-05,0.0005588467919718,0.1722301612272376,0.2212745114353329,0.0,0.008244994110718492
7b74775b-ba0c-4485-bc9e-cbd899887242,ok,17760384.0,v1.14-1.15,0.0,0.0,0.0,True,0.0,0.0,0.0741779506206512,4.0,actuator_motors,none,17379238,11642344,6.4,,C,,0.0,4.0,True,10.004642364782134,20.00450606647541,2.0000172663361124,208.424536,202.848023,,True,0.0,0.0,,main,0.0006703936232952,0.0002501340313756,0.0001608390179171,0.0014589485304895,0.0015592481475323,0.0008100984647171,0.0014508842374198,0.0012731800903566,0.0009008333174278,0.0,0.0006701690098707,0.0002501027530745,0.000160826084709,0.0014578852990898,0.0015580337823067,0.0008097705120598,0.0014498327218466,0.0012723702838654,0.000900427810606,0.0,0.0
8e09c782-d849-4533-9a10-79fd4f2d1160,ok,17630207.0,v1.12-1.13,0.0,0.0,0.0,True,0.0,0.0,0.177,6.0,actuator_outputs,per_channel,2106084,1531642,2.1,,A,,,,False,9.999370794309453,20.000462805057687,2.0000035873080217,63.037107,59.368631,True,True,0.0,0.0,,main,0.0023065745132043,0.0007794726698193,0.0,0.0073942159768193,0.0,0.0,0.0033236155519261,0.011594595387578,0.0266169391572475,0.0,0.0023039184536938,0.0007791690387689,0.0,0.0073670127771147,0.0,0.0,0.0033181045493507,0.0115278931615778,0.0262688712585201,0.0,0.0
bff82f5d-2cba-4547-91ce-415560f26692,ok,17629184.0,v1.12-1.13,0.0,0.0,0.0,True,0.0,0.0,0.2834285714285714,6.0,actuator_outputs,bus,4317319,2636767,4.8,,C,,,,False,10.008266027821808,20.00909372398969,2.009309689935049,107.217048,98.970211,True,True,0.0,0.0,,main,1.3455600310408045e-05,1.336176978838921e-06,0.0,0.0,0.0,0.0,0.0,0.0020458242855966,0.0,0.0,1.345550978463024e-05,1.3361760861552568e-06,0.0,0.0,0.0,0.0,0.0,0.0020437344369162,0.0,0.0,0.0
d473bd3a-caff-493e-8356-c2c6749c4efc,ok,17891328.0,v1.16+,0.0,0.0,0.0,True,0.0,0.0,0.1372948855161667,4.0,actuator_motors,none,7299412,4997547,5.2,,B,,0.0,4.0,True,10.00587639718573,20.00586498230746,2.00000488236486,169.942197,167.82027500000007,,True,0.0,0.0,,main,0.0817942470312118,0.0,0.0,0.0,0.0,0.0,0.0,1.2176095879112836e-05,5.419952392578125,0.0,0.0786210024813632,0.0,0.0,0.0,0.0,0.0,0.0,1.2176021751059131e-05,1.8594107021881017,0.0,0.0
286facb0-a183-4636-a7cb-db7ce90098c3,ok,17826047.0,v1.16+,0.0,0.0,0.0,True,0.0,0.0,0.1461875081062316,4.0,actuator_motors,none,46730550,19829088,24.4,,B,,0.0,4.0,True,10.003965703869708,285.6404533538712,1.9999660853208752,236.275758,229.24111400000007,,True,0.0,0.0,,main,0.009574525617063,0.0249146968126296,0.0102518271654844,0.055137825757265,0.0715048223733901,0.0170343119651078,0.020551760867238,1.0602971315383911,1.5354978799819945,0.1101558282971381,0.0095289803322193,0.0246093865053521,0.0101996336018675,0.0536713989235124,0.069064036503159,0.0168908549093975,0.0203434230664872,0.7228502110109709,0.9303900201184891,0.1045003913243485,0.0
ae301b77-ebf4-48a5-8edd-92f783d014ba,ok,17826303.0,v1.16+,0.0,0.0,0.0,True,0.0,0.0,0.2684933513402936,4.0,actuator_motors,none,4622213,3118750,2.5,,C,,0.0,4.0,True,10.008176183081767,20.007642809144343,1.9999010366431471,126.383767,120.75018700000004,,True,0.0,0.0,,main,0.0042308593168854,0.0013415494468063,0.0008205931750126,0.0015062440186738,0.0022846630774438,0.016659104079008,0.0026611752808094,0.0274192892014978,0.0247643887996673,0.0,0.0042219343961397,0.0013406503733583,0.0008202566725083,0.0015051107709742,0.0022820572030303,0.0165218633127321,0.0026576406233784,0.0270501136475117,0.0244627215817679,0.0,0.0
da85650c-66ba-4f86-9f72-61ed91aa5032,ok,17760511.0,v1.14-1.15,0.0,0.0,0.0,True,0.0051724137931034,0.1005520000000004,0.7397361360490322,4.0,actuator_motors,none,3032692,2363464,3.0,,A,,0.0,4.0,True,10.016026860731197,20.01532945924836,2.000058894041896,65.31117,58.00789100000001,,True,0.0,0.0,,main,0.0049391412176191,0.0003913264372386,0.0005691991536878,0.0033770421287044,0.0032741794129833,0.0532510299235582,0.0686105154454708,0.0,5.826720952987671,0.0,0.0049269836750812,0.0003912498890179,0.0005690372212944,0.0033713527272356,0.0032688309589213,0.0518815997294024,0.0663592208875315,0.0,1.9208444635693829,0.0,0.004552352048558422
a51a2ae2-c159-4bee-89bf-c2753a3a9eb8,ok,17695743.0,v1.14-1.15,0.0284900284900284,0.0,0.0,True,0.0023724792408066,0.1010369999999909,0.3887007981538772,4.0,actuator_motors,none,7527117,5258534,2.9,,C,,0.0,4.0,True,9.889509269398802,19.773225494228527,1.9766311847997668,172.577524,170.88102300000003,,True,0.0,0.0127174975817484,vehicle_local_position,main,0.1391869485378265,0.0007121305097825,0.0,0.0065059633925557,0.0,0.0015051520895212,0.0033245959784835,0.0229392293840646,,0.0008033722988329,0.1303148049191334,0.0007118770651676,0.0,0.0064848909609873,0.0,0.0015040204834654,0.0033190817276641,0.0226800808883307,,0.0008030497680376,0.0023432923257176333
d1885d3b-d845-4453-b0f5-5b6d6f66fc87,ok,17695743.0,v1.14-1.15,0.9837837837837838,0.0,0.0,True,0.4111374407582938,8.501975999999999,0.5794220641255379,4.0,actuator_motors,none,3730511,2460908,3.2,,A,,0.0,4.0,True,10.0100912074638,20.01044381288398,2.0000256307632465,92.470215,84.43795800000008,,True,0.0,0.0,,main,0.0015950063243508,0.0,0.0,0.0,0.0,0.0,0.0,0.0648312285542488,0.0607521243393421,0.0,0.0015937356527368,0.0,0.0,0.0,0.0,0.0,0.0,0.062816315762477,0.0589782077750225,0.0,0.37351991388589884
ebcb42ce-b660-4394-929c-e964f58b1e35,ok,17694720.0,v1.14-1.15,0.0,0.0,0.0,True,0.0,0.0,0.1574971050024032,4.0,actuator_motors,none,3291077,2244640,2.6,,C,,0.0,4.0,True,10.009371093846784,20.00938375352731,2.0000937660538614,96.945856,91.110807,,True,0.0,0.0,,main,0.0081238899379968,0.00046259091323,0.0,0.0094991527963429,0.0,0.0016614930937066,0.0059726008679717,0.0098724802490323,0.0364892018958926,0.0,0.0080910687812897,0.0004624839510387,0.0,0.00945431953944,0.0,0.0016601143410371,0.0059548355889266,0.0098240657028835,0.0358392349869395,0.0,0.0
54237cd9-8f92-4163-965d-989bad10109f,ok,17761535.0,v1.14-1.15,0.0,0.0,0.0,True,0.0,0.0,0.0992383956909179,4.0,actuator_motors,none,3085227,2190463,2.7,,B,,0.0,4.0,True,10.01360880486531,20.012014193964127,1.999978144029693,77.128761,71.03523700000002,,True,0.0,0.0,,main,0.003169002267532,0.0,0.0,0.0,0.0,0.0,0.0,41.70964241027831,12.383950757980337,0.0167495920322835,0.0031639915630113,0.0,0.0,0.0,0.0,0.0,0.0,3.7544247123125496,2.594056284507128,0.0166108645582843,0.0
4124f0e3-748c-46d5-afb6-76622465d9db,ok,17761535.0,v1.14-1.15,0.0,0.0,0.0,True,0.0,0.0,0.1445670038461685,4.0,actuator_motors,none,2810357,2172094,2.5,,C,,0.0,4.0,True,10.013212965936056,20.014616964288635,2.000170268015492,71.13373,65.47280299999998,,True,0.0,0.0,,main,0.0217508390545845,0.0,0.0,0.0,0.0,0.0,0.0,0.0048490313347429,0.0032321993494406,0.0001135037506173,0.0215176646555356,0.0,0.0,0.0,0.0,0.0,0.0,0.0048373126498785,0.003226987021625,0.0001134973095539,0.0
9683ceb6-b2f4-49f2-a16c-5e171230d666,ok,17826240.0,v1.16+,0.0,0.0808823529411764,0.0,True,0.0,0.0,0.3013988181948661,4.0,actuator_motors,none,2492615,1971521,3.4,,B,,0.0,4.0,True,10.015227090570155,20.01522157600856,2.0000898360961497,65.615651,61.500187,,True,0.0,0.0,,main,0.0046993225114419,0.0,0.0,0.0,0.0,0.0,0.0,0.0038102649967186,0.0,0.0,0.0046883151666465,0.0,0.0,0.0,0.0,0.0,0.0,0.0038030243238061,0.0,0.0,0.0
cce69a90-9384-4b9b-bbdb-2a7774adc033,ok,17695488.0,v1.14-1.15,0.0795454545454545,0.0,0.0,False,0.0408921933085501,1.5024990000000005,0.3803393319249153,4.0,actuator_motors,none,2797543,1919484,4.6,,C,,0.0,4.0,True,9.272482075324142,18.0808251819541,1.697916525173623,97.464432,91.62097099999995,,True,0.0,0.0051923358138462,sensor_combined,main,0.7895056486129736,0.0,0.0,0.0,0.0,0.0,0.0,8.556644773483276,,0.0194454118609428,0.5819394077503801,0.0,0.0,0.0,0.0,0.0,0.0,2.257236700343827,,0.0192587655683768,0.039568345323741004
464e089d-2646-4f69-81ee-f50e1df24dcc,ok,17695488.0,v1.14-1.15,0.0,1.0,0.1486880466472303,True,0.0,0.0,0.1635745152831077,4.0,actuator_motors,none,2219203,1590433,3.0,,B,,0.0,4.0,True,10.014760114163574,20.01499408985817,2.000060416639845,67.920582,64.868405,,True,0.0,0.0,,main,0.1155679263174533,0.1200778111815452,0.0,0.1529501788318157,0.0,0.1431301310658455,0.3386792242527008,23.000869846343992,23.181638717651367,0.0,0.109363626194272,0.1133981571630146,0.0,0.1423240303202242,0.0,0.1337702287835112,0.2916834743441783,3.1780900732888284,3.185593614505282,0.0,0.0
9f587c97-9afd-450d-9998-d12b18558c6f,ok,17891583.0,v1.16+,0.0,0.0,0.0,True,0.0,0.0,0.6000121742486954,4.0,actuator_motors,none,12225476,7986526,5.1,,C,,0.0,4.0,True,10.003330228784892,20.003141754148395,1.999951812349864,285.915749,281.2772870000003,,True,0.0,0.0,,main,0.0037916618399322,0.0015657736454159,0.0021971856709569,0.0034975568763911,0.0036059931851923,0.0008195681148208,0.0040317022241652,0.0652992859482765,0.0307062473148106,0.0,0.0037844916091895,0.0015645490999356,0.0021947753884337,0.0034914546487919,0.0035995071794183,0.0008192324522597,0.0040235966915118,0.0632557793525002,0.0302442442771399,0.0,0.0
238f1bbe-754b-40a1-a38f-9d2ff98d8e5a,ok,17891583.0,v1.16+,0.0837696335078534,0.1335078534031413,0.0,True,0.0081871345029239,0.402479999999997,0.4963179253041744,4.0,actuator_motors,none,8334873,5995960,4.5,,B,,0.0,4.0,True,10.005744765915516,20.00569081106985,2.0001139894024043,175.348966,171.02001299999998,,True,0.0,0.0,,main,0.0032321629929356,0.0049915719078853,0.0016729709750507,0.0223909436725079,0.010186006501317,0.0094065780751407,0.0117215341422706,0.259781488776207,0.0091646777465939,0.0,0.0032269507822522,0.0049791553145668,0.0016715731179414,0.0221439466916004,0.0101344787496924,0.0093626117198509,0.0116533691097072,0.2309382843179361,0.0091229369211465,0.0,0.007959067652075043
b48ef0ea-3a41-4f1d-a103-2d8d0c98f4e4,ok,17695488.0,v1.14-1.15,0.0,0.0,0.0,True,0.0,0.0,0.1051296591758728,4.0,actuator_motors,none,2051062,1570589,3.4,,B,,0.0,4.0,True,10.01568611804914,20.016000579473125,1.999971333744216,60.375726,59.75552000000001,,True,0.0,0.0,,main,0.0020889944862574,0.0,0.0,0.0,0.0,0.0,0.0,0.0,0.0,0.0,0.0020868155712422,0.0,0.0,0.0,0.0,0.0,0.0,0.0,0.0,0.0,0.0
27e43ffc-8215-491c-8358-fd4c87f5a0fe,ok,17761280.0,v1.14-1.15,0.0,0.0,0.0,True,0.0,0.0,0.2370778203010558,4.0,actuator_motors,none,7119974,4748901,4.4,,A,,0.0,4.0,True,10.0144207659029,196.8951289900064,1.9999560324626564,63.992247,55.83652600000001,,True,0.0,0.0,,main,0.0049835685407742,0.0310787389054894,0.0312735218554735,0.0188070190139114,0.0413806244730949,0.0515109844505786,0.0084246459417045,0.1087808709591626,0.0696717789396642,0.0009397893445566,0.0049711916667086,0.0306055735110038,0.030794467478605,0.0186323535909041,0.0405473563048037,0.0502281625640455,0.0083893566732858,0.1032610972837266,0.0673518527623034,0.0009393480190309,0.0
5c44024c-ebe2-4d49-b874-660b3d87c890,ok,17826559.0,v1.16+,0.0,0.0,0.0,True,0.0,0.0,0.2717479899525642,4.0,actuator_motors,none,4223337,3184614,4.7,,B,,0.0,4.0,True,10.010193270551603,20.00965443681115,2.0000046930803195,101.307836,91.25978900000004,,True,0.0,0.0,,main,0.0027678029844537,0.0065160838887095,0.0041747737675905,0.0632506888359784,0.0336051993072032,0.0084196361713111,0.0074546933639794,0.0085500462912023,0.0054063159972429,0.0,0.0027639796709342,0.0064949459886186,0.0041660835775743,0.0613309030102988,0.0330528843230252,0.0083843887434979,0.0074270444617714,0.0085137016639714,0.0053917543306487,0.0,0.0
1c09d15d-088f-4b50-8f4f-e16a208d028d,ok,17760512.0,v1.14-1.15,0.0,0.0,0.0,True,0.0,0.0,0.2991278767585754,4.0,actuator_motors,none,9795006,6418367,6.4,,B,,0.0,4.0,True,10.003604195379806,20.0040173974054,2.0000041033881404,251.506353,244.590778,,True,0.0,0.0,,main,0.0010053946403786,0.0,0.0,0.0,0.0,0.0,0.0,0.0006496715184766,0.0,0.0022867993451654,0.001004889569689,0.0,0.0,0.0,0.0,0.0,0.0,0.000649460573294,0.0,0.0022841885989537,0.0
be1a4ca6-a045-4a09-ac1b-07d27790bf1a,ok,17761280.0,v1.14-1.15,0.0,0.0,0.0,True,0.0,0.0,0.2654545217752456,4.0,actuator_motors,none,59778451,31909514,13.3,,B,,0.0,4.0,True,10.000727815959769,20.000636748104792,2.000004071486915,1427.481787,1422.641914,,True,0.0,0.0,,main,0.0141601873561739,0.0020938629284501,0.0026560165453702,0.0051965577062219,0.0040910861920565,0.0133218049071729,0.0016412995872087,0.0116130170412361,0.1214933492243288,0.0,0.014060868388569,0.0020916738526856,0.0026524955665662,0.0051831021949879,0.0040827404532889,0.0132338499489625,0.0016399541270421,0.0115461035059294,0.1146611447102778,0.0,0.0
601ff888-bfce-47c9-a451-d822d8cf901b,ok,17629952.0,v1.12-1.13,0.0,0.0,0.0,True,0.0,0.0,0.2119766309857368,4.0,actuator_motors,none,7343741,4395800,4.0,,C,,0.0,4.0,True,10.00665911792419,20.00613452486956,2.0000232729980856,154.468931,151.81191400000003,,True,0.0,0.0,,main,3.2171105885936413e-06,0.0003495218697935,0.0,0.0,0.0,0.0,0.0,0.0038501989096403,0.0,6.587878015125166e-05,3.2171054137044707e-06,0.0003494608012542,0.0,0.0,0.0,0.0,0.0,0.0038428058642059,0.0,6.587661023971478e-05,0.0
b67deae1-d1e9-47ef-8789-73dbaa5c523b,ok,17694975.0,v1.14-1.15,0.0,0.0,0.0,True,0.0,0.0,0.2666077211499214,4.0,actuator_motors,none,7115548,4716473,3.2,,C,,0.0,4.0,True,10.005889188657305,20.00560865407669,1.9999461676381125,174.695694,169.79315600000007,,True,0.0,0.0,,main,0.0056563615566119,0.003696883842349,0.0,0.0263265896588564,0.0,0.0267287879250943,0.0088419508654624,0.0048637043917551,0.0248855054378509,0.0,0.0056404244128379,0.0036900671624274,0.0,0.0259860096052388,0.0,0.0263778142061028,0.0088030897221264,0.0048519147935099,0.0245809043393843,0.0,0.0
71f36a00-851d-4ea4-ad41-be8fb0c54137,ok,17761535.0,v1.14-1.15,0.0,0.0,0.0,True,0.0,0.0,0.4492876976728437,4.0,actuator_motors,none,2676368,2003715,2.3,,C,,0.0,4.0,True,10.01276600677276,20.01285191905584,2.00016613624846,73.844528,69.53693600000004,,True,0.0,0.0,,main,0.0095268034376204,0.0015650561952497,0.0014771077549085,0.0050598131492733,0.0048957325983792,0.0054904661141335,0.005683681438677,0.0587026208639145,0.0177179808728396,0.0,0.0094817096194871,0.0015638327711212,0.0014760179043345,0.0050470553114739,0.0048837874704455,0.0054754484493009,0.0056675902639449,0.0570442159133106,0.0175628472063129,0.0,0.0
ff64d244-0c91-4025-a1c1-604405795652,ok,17761023.0,v1.14-1.15,0.0,0.0,0.0,True,0.0,0.0,0.4513198152184486,4.0,actuator_motors,none,10144107,5845207,4.6,,C,,0.0,4.0,True,10.003890160961747,20.00392535911981,2.000000515090676,248.853558,239.3369489999998,,True,0.0,0.0,,main,0.0008560030080843,0.0,0.0,0.0179462954401969,0.0139055932406336,0.0,0.0018249199318233,0.0119835346471518,0.0013230826996732,0.0,0.0008556368464514,0.0,0.0,0.0177871617664015,0.0138097975216243,0.0,0.0018232567885393,0.011912300621404,0.0013222081970326,0.0,0.0
ecfafc35-90c8-40f3-8ef3-a003e26fb20f,ok,17694975.0,v1.14-1.15,0.0,0.0342465753424657,0.0,True,0.9668547249647392,99.90036,1.0,4.0,actuator_motors,none,5548502,3544414,3.6,,B,,0.0,4.0,True,10.006956340491383,20.006547560062288,2.000068882097376,146.172762,141.78861600000005,,True,0.0,0.0,,main,0.0005403993534855,0.0131828298792242,0.0,0.0022014378220774,0.0,0.9034395605325698,0.0009441681439056,0.0001533689617644,,0.0,0.0005402533903381,0.0130966925738636,0.0,0.0021990182082707,0.0,0.6436625445803782,0.0009437226975257,0.0001533572019475,,0.0,0.9371155160628845
875f2a48-343f-4af1-a1fa-4894a4965a2e,ok,17761280.0,v1.14-1.15,0.0,0.0,0.1312292358803986,True,0.0029448885149347,0.4023059999999816,0.2769944608211515,4.0,actuator_motors,none,10396426,6754519,4.4,,B,,0.0,4.0,True,10.004243463135806,20.003891628374262,2.000022266914572,240.164999,237.73989,,True,0.0,0.0,,main,14.32740306854248,0.0020357477478682,0.0012190939160063,0.010934610851109,0.0084459641948342,2.4914774894714355,0.4844167828559875,0.0485037863254547,0.2334848046302795,0.0,2.729642276612036,0.0020336784213636,0.0012183514244016,0.0108752602523879,0.0084104966046462,1.2503249960460037,0.3950219562950582,0.0473641825363928,0.2098433380060693,0.0,0.0029093931837073984
2c5605c7-1711-4862-866b-1d2470015a8b,ok,17825792.0,v1.16+,0.0,0.0,0.0,True,0.0184992901188786,0.3292409999999961,0.370596170425415,4.0,actuator_motors,none,19758383,12569240,5.5,,A,,0.0,4.0,True,10.005926124656373,202.2862159568763,1.999986000098,169.347679,165.1662990000001,,True,0.0,0.0,,main,0.0029044626047834,0.0030015851138159,0.002797810989432,0.0111325925216078,0.0055762651376426,0.3732010155916213,0.0037095739040523,0.0392728347331285,3.3553177356719965,0.0,0.0029002528027771,0.0029970893512474,0.0027939044011664,0.0110710813119463,0.0055607753280443,0.3171445221813924,0.0037027104033162,0.0385212712288066,1.4713975664656027,0.0,0.017998515586343394
3bdd4ef5-4fe4-42d3-b032-4af60d39fd84,ok,17760256.0,v1.14-1.15,0.0,0.0,0.0,True,0.0395939086294416,3.899043999999989,0.4595095202186574,4.0,actuator_motors,none,3425879,2238150,2.6,,C,,0.0,4.0,True,10.009572061686407,20.00919928134797,2.000237102732387,100.90061,98.47039100000003,,True,0.0,0.0,,main,0.000116168009481,0.0,0.0,0.0,0.0,0.0,0.0,0.0,0.0,0.0,0.0001161612625003,0.0,0.0,0.0,0.0,0.0,0.0,0.0,0.0,0.0,0.038537549407114624
d6fbb6a4-2364-43ea-a007-f29ecd39d94a,ok,17761535.0,v1.14-1.15,0.0,0.0,0.1820040899795501,True,0.0698924731182795,4.500840000000011,0.3813577950000761,4.0,actuator_motors,none,3967741,2805264,2.6,,A,,0.0,4.0,True,10.0094145987199,20.009631932522552,2.000180139935077,97.271551,93.01149399999998,,True,0.0,0.0,,main,0.2204311743378634,0.0017666728352196,0.0007246331253554,0.0062953883316367,0.0077329182066023,0.3534705191850659,0.2022517889738062,0.0,9.835697746276852,0.0,0.1992042178948792,0.0017651141043412,0.0007243707055366,0.0062756551499056,0.007703172443894,0.3026720486640162,0.1841962891959927,0.0,2.3828460303562298,0.0,0.06659836065573771
cf203c25-7f88-4731-ab5c-032dc86ce208,ok,17564416.0,v1.12-1.13,0.0,0.0,0.0,True,0.0,0.0,0.325,6.0,actuator_outputs,bus,4037804,2690972,4.3,,C,,,,False,10.00697402822227,20.005913486433663,2.007343472058437,134.1742,133.014904,True,True,0.0,0.0,,main,0.0181587319821119,0.1271470785140991,0.0,0.1033113338053226,0.0,0.0,0.0336505975574255,0.0193782746791839,0.0126382862217724,0.0,0.0179958312994804,0.1196897309917419,0.0,0.0983159613728199,0.0,0.0,0.033096805593241,0.0191929068261752,0.0125590896569633,0.0,0.0
c83838c1-8676-433d-9dd7-af1c418575ca,ok,17630207.0,v1.12-1.13,0.0,0.0,0.0,True,0.0,0.0,0.1947999999999999,6.0,actuator_outputs,per_channel,3587461,2358202,3.8,,A,,,,False,10.00005914502679,20.00021591865662,1.9999524394871924,109.394426,104.520987,True,True,0.0,0.0,,main,0.0026461790315806,0.0013451249338686,0.0,0.019900235440582,0.0,0.0,0.0077682008733972,0.0141864200588315,0.0151293720118701,0.0,0.0026426840640292,0.0013442210637794,0.0,0.0197048141210407,0.0,0.0,0.0077381837534532,0.014086734483213,0.0150160644816178,0.0,0.0
f18bf2d6-0634-411f-85c1-84f4ff39ee67,ok,17826240.0,v1.16+,0.0,0.0,0.0,True,0.0,0.0,0.2592102050781248,4.0,actuator_motors,none,4635559,3496431,3.8,,B,,0.0,4.0,True,10.011042754039137,20.0104241238617,1.9998989783649752,93.823755,88.44752999999999,,True,0.0,0.0,,main,0.0006491371314041,0.000428630154056,4.26685286583961e-05,0.0032284756773151,0.0023193842964246,0.0010972437390591,0.0016605922137387,0.0120529108680784,0.0061188445426523,0.0,0.0006489265330296,0.0004285383183929,4.266761838262048e-05,0.0032232753394855,0.0023166986765221,0.0010966422071255,0.0016592149549878,0.0119808529650216,0.0061002004283544,0.0,0.0
22436e7f-492b-441f-ab3b-14bbab1f022d,ok,17694720.0,v1.14-1.15,0.0,0.0,0.0,True,0.0781091311974886,2.002502000000049,0.60993592441082,4.0,actuator_motors,none,45324403,28181108,20.9,,B,,0.0,4.0,True,9.907179943242078,19.81254024524613,1.9808966658754428,1098.943572,1093.7498790000006,,True,0.0,0.0096139692484673,sensor_combined,main,0.023511267080903,0.0016185452695935,0.0,0.016782534494996,0.0,0.0076436107046902,0.0109318748116493,0.0776377990841865,0.228883184492588,0.0,0.0232391344424971,0.0016172368368467,0.0,0.0166432638130446,0.0,0.0076145463229787,0.0108725538031944,0.0747714225999682,0.2061057768333883,0.0,0.07772877618522601
7a483895-6201-4f66-af59-0c01218ae3df,ok,17695488.0,v1.14-1.15,0.6940298507462687,0.0,0.0,True,0.0,0.0,0.4934950299095362,4.0,actuator_motors,none,2756169,2013561,2.8,,B,,0.0,4.0,True,10.01629601521358,20.015771013925065,1.9997902658989424,62.159998,52.34247099999999,,True,0.0,0.0,,main,0.000209946661198,0.0,0.0,0.0,0.0,0.0,0.0,0.0,0.0,0.0011135153850773,0.0002099246254818,0.0,0.0,0.0,0.0,0.0,0.0,0.0,0.0,0.0011128958866589,0.0
53863ea2-a094-4c59-a957-98e566575bdf,ok,17761280.0,v1.14-1.15,0.0,0.0,0.0,True,0.0,0.0,0.1815277375280857,4.0,actuator_motors,none,5983799,4032997,3.2,,B,,0.0,4.0,True,10.006932526126077,20.006489395432464,1.9999074007787343,142.947521,137.18919399999996,,True,0.0,0.0,,main,0.0007121879898477,0.0998405553400516,0.0459627360105514,0.1592063531279564,0.0952040702104568,0.0476356027647852,0.0685029104351997,0.2796702682971954,1.0166557550430328,0.0043734293431043,0.000711934504327,0.0951652196072409,0.0449377397792192,0.1477355926234961,0.0909407113935753,0.0465358181491456,0.0662585196247357,0.2466024418533852,0.7014405726375393,0.004363893693213,0.0
85324e46-7f7f-41e5-bf71-6ce705fe3b4c,ok,17761535.0,v1.14-1.15,0.0,0.0,0.0,True,0.0,0.0,0.1183624118566513,4.0,actuator_motors,none,4895622,3190058,3.9,,B,,0.0,4.0,True,10.008042228384422,20.00806711140702,2.0000441783951985,124.432918,121.102768,,True,0.0,0.0,,main,0.007464797142893,0.0,0.0,0.0,0.0,0.0,0.0,0.0,0.0,0.0008822357514873,0.0074370734271582,0.0,0.0,0.0,0.0,0.0,0.0,0.0,0.0,0.0008818468102684,0.0
66705865-6555-4077-852a-8d75706e6937,ok,17825920.0,v1.16+,0.0,0.1173184357541899,0.0,True,0.2766497461928934,8.398960000000002,1.0,4.0,actuator_motors,none,17319536,4932606,5.1,,C,,0.0,4.0,True,9.998880793534088,19.98685068076824,1.999981735106564,83.487912,78.79667399999998,,True,0.0,0.0012499560569779,sensor_combined,main,0.01369433356449,0.0022600488038733,0.0062522783409804,0.1022096514701842,0.0658992744982242,0.270881763100624,0.7804841578006744,1.3292299270629844,0.1385116122663016,0.0,0.0136014135360903,0.0022574987350392,0.0062328139378669,0.0973169389793619,0.0638188320655924,0.2397109612086469,0.5768853260834601,0.845537709542877,0.129721806088703,0.0,0.2836710369487485
9924920f-3ecc-4b6e-a27b-d2771f0eb297,ok,17695488.0,v1.14-1.15,0.0,0.0,0.0,True,0.0,0.0,0.2130445420742034,4.0,actuator_motors,none,15463373,9209224,8.6,,B,,0.0,4.0,True,9.98539122998209,170.50103722890503,1.985624964131513,140.278397,136.76632700000002,,True,0.0,0.0022952489820739,sensor_combined,main,0.1835074037313461,0.0,0.0,0.0,0.0,0.0,0.0,0.0,0.0,0.0002125201186572,0.1684824057456135,0.0,0.0,0.0,0.0,0.0,0.0,0.0,0.0,0.0002124975394557,0.0
bcc6e67a-e0d6-4bda-b86b-53d2c7cf2539,ok,17761280.0,v1.14-1.15,0.0,0.0,0.0,True,0.0,0.0,0.4756916891783476,4.0,actuator_motors,none,13819207,8829000,4.1,,B,,0.0,4.0,True,10.007854448325414,199.68880443036525,1.9999431545569248,127.874452,123.15328399999996,,True,0.0,0.0,,main,0.0090216051321476,0.0028770321514457,0.0056336037814617,0.0123700643889606,0.0201854463666677,0.0018070832884404,0.0092040102463215,0.0,19.704849243164062,16.128302097320557,0.0089811535625936,0.0028729014153891,0.0056177943838084,0.0122941802956765,0.0199844209341146,0.0018054524778128,0.0091619114652588,0.0,3.0303679357908275,2.840732188761485,0.0
39dfff52-f646-4ce6-b61c-ab648f31cc09,ok,17761280.0,v1.14-1.15,0.0,0.0,0.0,True,0.0,0.0,0.218788668513298,4.0,actuator_motors,none,4293781,2866270,3.3,,B,,0.0,4.0,True,10.011804926391443,20.011612257209745,2.000109363555624,83.079622,79.15498500000001,,True,0.0,0.0,,main,0.0039370857411995,0.0,0.0,0.0,0.0,0.0,0.0,3.355012995598372e-05,0.0,0.0,0.0039293557017088,0.0,0.0,0.0,0.0,0.0,0.0,3.354956716296151e-05,0.0,0.0,0.0
ea2f976c-a76e-4f2d-892d-6e5d4957831c,ok,17694975.0,v1.14-1.15,0.0,0.0,0.0,True,0.7101226993865031,46.298259,1.0,4.0,actuator_motors,none,2886794,2231905,3.4,,B,,0.0,4.0,True,10.012825199435277,20.01067235859125,2.0000775812406,73.671884,65.19528499999998,,True,0.0,0.0,,main,0.0015442114905454,0.0016617249639239,0.0,0.001731118169846,0.0,0.0012621631496585,0.0014464375388342,0.0006773312983568,,0.0,0.0015430204219984,0.0016603458266159,0.0,0.0017296215117993,0.0,0.0012613672913486,0.0014453924557009,0.0006771020130418,,0.0,0.623989218328841
b6b22e80-2c26-4f19-b944-57d76e9220a7,ok,17891583.0,v1.16+,0.0,0.0,0.0,True,0.0207446808510638,9.898521999999955,0.1115244314074513,4.0,actuator_motors,none,70895876,21011206,27.4,,B,,0.0,4.0,True,10.001354119931062,20.001168971887484,2.0000099749340854,756.563725,752.067336,,True,0.0,0.0,,main,2.264724616907188e-05,0.0,0.0,0.0,0.0,0.0,0.0,5.332119035301729e-05,0.5379437178373336,0.0,2.26469897240642e-05,0.0,0.0,0.0,0.0,0.0,0.0,5.3319768828878304e-05,0.430446276029813,0.0,0.020604939902258618
69c12090-73ed-42e5-a8e7-273de4ef8727,ok,17694848.0,v1.14-1.15,0.0216216216216216,0.0,0.0,False,0.0,0.0,0.2160902328789234,4.0,actuator_motors,none,15737040,8481928,6.3,,C,,0.0,4.0,True,10.010451369723947,200.3208145868921,1.9998903796350151,91.574852,89.09728600000001,,True,0.0,0.0,,main,0.0025027019903063,0.0072324173524975,0.0,0.0139714190736413,0.0,0.0081269595772027,0.0072847102303057,0.0376041021198034,0.0509247271344065,0.0006474313093349,0.0024995754471308,0.0072063888461163,0.0,0.0138747184538417,0.0,0.0080941136794051,0.0072583048880342,0.0369143074816377,0.0496704690962866,0.0006472218161015,0.0
acea2a9e-097a-4594-942a-156dc0bfa648,ok,17760767.0,v1.14-1.15,0.0,0.0,0.0,True,0.0,0.0,0.2407518804073332,4.0,actuator_motors,none,9361513,6152564,4.4,,B,,0.0,4.0,True,10.004593571993912,20.004674280273136,2.0000201961950324,224.87969,218.23535800000008,,True,0.0,0.0,,main,0.0008761596487602,0.0,0.0,0.0,0.0,0.0,0.0,0.0844550881534814,0.0115397403948008,0.0001256432849913,0.0008757760449442,0.0,0.0,0.0,0.0,0.0,0.0,0.0810776379362443,0.0114736654300619,0.0001256353925348,0.0
81fdddcc-c8d2-4d44-893b-8c4643217e37,ok,17760511.0,v1.14-1.15,0.0,0.0,0.0,True,0.0015325670498084,0.1019459999999981,0.4568848013877868,4.0,actuator_motors,none,5445340,3631467,5.7,,B,,0.0,4.0,True,10.00722727308216,20.007247761174504,2.0000588817334783,137.860719,130.56775299999998,,True,0.0,0.0,,main,0.0340171018615365,0.0,0.0,0.0,0.0,0.0,0.0,0.1348954737186432,0.1348954737186432,0.0,0.033451315467388,0.0,0.0,0.0,0.0,0.0,0.0,0.1265405530525244,0.1265405530525244,0.0,0.001445086705202312
613ed6dd-0a1b-4628-9920-e64f319b17aa,ok,17891392.0,v1.16+,0.0,0.2361516034985422,0.0,True,0.0075,0.7999999999999972,0.0508956015110015,4.0,actuator_motors,none,48520481,20734835,12.4,,A,,0.0,4.0,True,124.99701848539058,249.9940369707812,100.0,167.22,160.05200000000005,,True,0.0,0.0,,main,0.0002861137327272,0.0001939680805662,6.738981028320268e-05,0.0010891266865655,0.000796987034846,6.590571138076484e-05,0.0003499243030091,0.2186914384365081,0.1906167119741439,0.0,0.0002860728099986,0.0001939492711903,6.73875396919469e-05,0.0010885340183839,0.0007966696093239,6.590353969478568e-05,0.0003498630937788,0.1977776916618226,0.1744714182371151,0.0,0.007151370679380214
605ef5d4-e0bf-44c2-b19a-a486653fff6b,ok,17695743.0,v1.14-1.15,0.0,0.0,0.0,True,0.0,0.0,0.4402284979820251,4.0,actuator_motors,none,4886666,3479222,3.2,,C,,0.0,4.0,True,10.008194482381862,20.00796334415301,1.9999802984396915,114.381426,105.685699,,True,0.0,0.0,,main,0.0055712442845106,0.0005458104307763,0.0,0.0150077966973185,0.0,0.0529562465846538,0.0059146750718355,0.0176662527024745,0.0265562378801405,0.0,0.0055557823047991,0.0005456615304415,0.0,0.0148962939394389,0.0,0.051601681086905,0.0058972520484917,0.0175120183067637,0.0262097420259706,0.0,0.0
4dba66e9-b5c0-44f3-b2a1-f06d437584ac,ok,17629952.0,v1.12-1.13,0.0,0.0,0.0,True,0.0,0.0,0.1522693514823912,4.0,actuator_motors,none,4359411,2708868,5.0,,A,,0.0,4.0,True,10.011080737055895,20.01043187389933,1.999961967936348,91.839148,89.64667699999998,,True,0.0,0.0,,main,1.033714669418373e-09,5.485657675308176e-05,0.0,0.0,0.0,0.0,0.0,0.0061449249507859,0.0,0.0,1.03371466888409e-09,5.485507218609857e-05,0.0,0.0,0.0,0.0,0.0,0.0061261218890798,0.0,0.0,0.0
7c594443-05a9-4452-9ccd-73cec2c99d00,ok,17826303.0,v1.16+,0.0,0.0,0.0,True,0.0,0.0,0.1201537311077117,4.0,actuator_motors,none,8594555,5761913,5.7,,B,,0.0,4.0,True,10.0051186921754,20.005223728405653,2.000014317651244,179.616868,174.02372200000002,,True,0.0,0.0,,main,0.00453597959131,0.0,0.0,0.0,0.0,0.0,0.0,0.0002668910979991,0.0,0.0,0.00452572303986,0.0,0.0,0.0,0.0,0.0,0.0,0.0002668554889056,0.0,0.0,0.0
278dd73b-5ef5-43f5-8de2-4107fc890133,ok,17630207.0,v1.12-1.13,0.0,0.0,0.0,True,0.0,0.0,0.206,6.0,actuator_outputs,per_channel,6342730,3966000,13.0,,B,,,,False,9.99000039578898,19.98459681609592,2.000058113933464,196.044652,192.1815490000001,True,True,0.0,0.0005727886373953,sensor_combined,main,0.0056345065124332,0.00335134123452,0.0,0.021546845883131,0.0,0.0,0.0198467176407575,0.0110724695026874,0.0199352495372295,0.0,0.0056186920572383,0.0033457380058823,0.0,0.0213179941193871,0.0,0.0,0.0196523391806998,0.0110116184809336,0.0197391444353321,0.0,0.0
d9355d93-d971-4807-983c-25bd139d9faf,ok,17826047.0,v1.16+,0.0,0.0,0.0,True,0.0,0.0,0.3237340319901705,4.0,actuator_motors,none,5924997,3982912,10.8,,C,,0.0,4.0,True,10.007378253839777,20.00722885441749,2.00000080000032,125.683409,119.61407299999998,,True,0.0,0.0,,main,0.0039843006525188,2.221723318099976,0.0869696736335754,2.59090793132782,0.1668967604637146,0.0,0.0161007978022098,0.3399741500616073,0.1930666416883468,0.0,0.0039763843470013,1.169916408348694,0.0833937086087391,1.278405076187287,0.1543478836359215,0.0,0.0159725546705062,0.2926503227779458,0.1765270021493867,0.0,0.0
45119151-7f80-4252-864e-fcaa3f245161,ok,17630207.0,v1.12-1.13,0.0,0.0,0.0942028985507246,True,0.0,0.0,0.6776,6.0,actuator_outputs,per_channel,3643794,2701789,3.1,,B,,,,False,10.011945889764908,20.01172864479445,2.000108249761128,81.980818,80.89747100000002,True,True,0.0,0.0,,main,0.0011270382092334,0.0112564668059348,0.0,0.0327187635004519,0.0,0.0,0.0364912010729312,0.0009719100547954,0.0094020279124378,0.0,0.0011264035784615,0.0111935842338353,0.0,0.0321949008924649,0.0,0.0,0.0358411637818627,0.0009714380560202,0.0093581039495854,0.0,0.0
f5b1d76c-da1b-4d52-9119-7dbae0c72bb8,ok,17761023.0,v1.14-1.15,0.0,0.0,0.0,True,0.0,0.0,0.3278172314167022,4.0,actuator_motors,none,65771923,39533742,21.1,,B,,0.0,4.0,True,9.998104248274462,19.995581172540376,1.999364968405306,1586.543805,1583.0131289999997,,True,0.0,0.0002835204227523,sensor_combined,main,0.0127298898994922,0.0001626018289243,0.0002312000695383,0.003045791061595,0.0031504294835031,0.0014235826209187,0.001056311535649,0.0541169725358485,0.0126837307587265,0.0,0.0126495459787938,0.0001625886106797,0.0002311733469209,0.0030411620369789,0.0031454772788594,0.0014225702878253,0.0010557540311832,0.0527034235969163,0.0126039660139878,0.0,0.0
e295682a-1a90-4d28-890f-5cec5b014c42,ok,17170944.0,v1.12-1.13,0.0,0.0,0.0,True,0.0,0.0,0.4927036635021743,4.0,actuator_motors,none,4406111,3119989,3.2,,C,,0.0,4.0,True,10.010486117752718,20.01047724229684,1.9998939841146053,93.401795,84.19595899999999,,True,0.0,0.0,,main,0.0145385411567985,0.0,0.0,0.0,0.0,0.0,0.0,3.494579529762268,0.1769762396812438,0.0136610955931246,0.0144338698596042,0.0,0.0,0.0,0.0,0.0,0.0,1.502872121782377,0.1629486408876669,0.0135686240499544,0.0
0c6b47bd-384a-44a7-8720-63805165a78e,ok,17695488.0,v1.14-1.15,0.0,0.0,0.0,True,0.0,0.0,0.1034988194704055,4.0,actuator_motors,none,6881133,4060450,4.0,,B,,0.0,4.0,True,10.006932314496789,20.00693809555953,2.000002885021583,144.115565,139.239989,,True,0.0,0.0,,main,0.003375139425043,0.0061215688707306,0.0,0.1273284349590538,0.0,0.0011464644630905,0.0038185479468666,1.958058500289913,21.18239622116089,0.0,0.0033694564256604,0.0061029081844059,0.0,0.1198506167004241,0.0,0.0011458077745733,0.003811275799472,1.0845331410673238,3.0992990113059933,0.0,0.0
c9dbf2fe-04b9-4f36-aab8-1d01fed8c69c,ok,17761280.0,v1.14-1.15,0.0,0.0,0.0,True,0.0,0.0,0.1880933940410613,4.0,actuator_motors,none,21678747,13435369,4.4,,B,,0.0,4.0,True,10.001635785853498,20.001627997455014,2.000011154667476,608.495741,604.1655829999999,,True,0.0,0.0,,main,0.1307656764984131,0.0024134013336151,0.0049230835400521,0.0033801337238401,0.0050099438056349,0.008444720506668,0.0087410178035497,0.0,0.0,4.611544132232671,0.122894993085518,0.0024104937577751,0.0049110047911861,0.0033744339123166,0.0049974357960555,0.0084092633318906,0.0087030362784125,0.0,0.0,1.724825928048553,0.0
a51cad4c-d3ee-4226-8eff-4b0d678e568c,ok,17695488.0,v1.14-1.15,0.0,0.0,0.0,True,0.0,0.0,0.0499275892972946,4.0,actuator_motors,none,10244920,6290944,6.1,,C,,0.0,4.0,True,10.003060994991356,20.003019308998127,1.999948748066661,308.364386,305.933911,,True,0.0,0.0,,main,0.0081516325473785,0.0,0.0,0.0,0.0,0.0,0.0,0.0004392578208353,0.0,0.0,0.0081185874503149,0.0,0.0,0.0,0.0,0.0,0.0,0.0004391613753606,0.0,0.0,0.0
cd0f4b48-0057-416f-a790-7e8c49cdf47a,ok,16777727.0,v1.12-1.13,0.0,0.0,0.0,True,0.0,0.0,0.0928349882364273,4.0,actuator_motors,none,22456324,12535758,13.7,,B,,0.0,4.0,True,9.846445998503262,156.87693797716778,1.9718570144563512,200.499076,194.184384,,True,0.0,0.0157532169563044,vehicle_attitude,main,0.0013500159955583,0.0,0.0,0.0,0.0,0.0,0.0,9.922734898282209e-06,,0.0,0.0013491055432888,0.0,0.0,0.0,0.0,0.0,0.0,9.92268566827394e-06,,0.0,0.0
1803c7eb-5d5b-4f1d-9a5f-705fe6a72b81,ok,17630207.0,v1.12-1.13,0.0,0.0,0.0,True,0.0,0.0,0.3429999999999999,6.0,actuator_outputs,per_channel,15166067,9204198,9.7,,B,,,,False,9.97112979598238,19.942258888647924,1.9968120286004736,311.660273,309.4686059999998,True,True,0.0,0.0030799155594666,sensor_combined,main,0.0026790997944772,0.055210531130433,0.0,0.0232629904523491,0.0,0.0035212636459618,0.0090550771914422,0.001577821036335,0.0783552594482898,0.0,0.0026755174035848,0.0537403025933349,0.0,0.0229965315967188,0.0,0.0035150785125339,0.0090143257998934,0.0015765775845147,0.075436972414934,0.0,0.0
2bdeed95-0d4b-44d4-ac32-14e081ec56fb,ok,17826559.0,v1.16+,0.048780487804878,0.0,0.0,False,0.0062849697248409,2.098169999999982,0.2193864285945891,4.0,actuator_motors,none,58460706,37311913,14.4,,B,,0.0,4.0,True,10.000758718104386,20.000757378750848,2.00000420368418,1306.324906,1304.0757040000012,,True,0.0,0.0,,main,0.0002137285395292,0.0,0.0,0.0,0.0,0.0,0.0,0.1515195816755295,0.1398008584976197,0.0001876785478089,0.0002137057028387,0.0,0.0,0.0,0.0,0.0,0.0,0.1410824454970436,0.1308535616187063,0.0001876609383934,0.006275830399510179
80c85275-6272-497d-a194-41197409b881,ok,17761535.0,v1.14-1.15,0.0,0.0,0.0,True,0.0,0.0,0.3859370023012161,4.0,actuator_motors,none,4382986,3316419,3.0,,B,,0.0,4.0,True,10.009861640589644,20.00988181837712,1.999992895547625,101.167704,96.420049,,True,0.0,0.0,,main,0.0677547566592692,0.043140591867268,0.0082817234331741,0.033171666227281,0.0131483817938715,0.1005736179649827,0.0615980476140975,0.1295453779399394,0.0485864479094743,0.0,0.0655580855731303,0.0422359625886575,0.0082476181327228,0.0326333585449789,0.0130626921250153,0.0958315147628936,0.0597753649366728,0.1218152313645476,0.0474430170879185,0.0,0.0
e2450fec-95c2-4666-9cc4-19b88e1eed04,ok,17695488.0,v1.14-1.15,0.0,0.0,0.0,True,0.0,0.0,0.4091089308261871,4.0,actuator_motors,none,2931170,2279842,3.2,,A,,0.0,4.0,True,10.014346196550598,20.01434174644917,1.9999999130434816,69.343882,62.219970000000025,,True,0.0,0.0,,main,0.0004375817545223,0.0001290037238504,0.0,0.0099506043829023,0.0,0.0064228686969727,0.0066943593788891,0.0009199407882988,,0.0,0.0004374860435462,0.0001289954035855,0.0,0.0099014231056218,0.0,0.0064023299739266,0.0066720516570715,0.0009195179021054,,0.0,0.0
fc5fa47e-d478-44b3-8eef-831d0a09af64,ok,17630207.0,v1.12-1.13,0.025089605734767,0.0,0.0,True,0.0052005943536404,0.4003210000000052,0.38,6.0,actuator_outputs,per_channel,6219724,3680715,3.3,,B,,,,False,10.007049977484856,20.006826314771043,2.000113522688822,139.240001,134.64380800000004,True,True,0.0,0.0,,main,6.319901149254292e-05,6.439981370931491e-05,0.0,0.0,0.0,0.0,0.0,0.201787060499191,0.0,0.0,6.31970145191535e-05,6.439774013033694e-05,0.0,0.0,0.0,0.0,0.0,0.1838096660925384,0.0,0.0,0.0
44d27924-2169-4506-a348-fc7d505820cf,ok,17695232.0,v1.14-1.15,0.0,0.0,0.0,True,0.0716814159292035,7.304011000000003,0.3414213955402374,4.0,actuator_motors,none,4241535,2725543,4.8,,A,,0.0,4.0,True,10.008214127049625,20.007947299338568,1.999987230850757,117.437867,112.99478700000004,,True,0.0,0.0,,main,0.0155953617766499,0.0,0.0,0.0,0.0,0.0,0.0,0.178114679455757,0.3168291628360749,0.0,0.0154750038594719,0.0,0.0,0.0,0.0,0.0,0.0,0.1639154314722137,0.2752266974421481,0.0,0.06870229007633588
24f6f17a-88f6-4c97-bfa8-db939f926588,ok,17761535.0,v1.14-1.15,0.0,0.0,0.0,True,0.0,0.0,0.172390878200531,4.0,actuator_motors,none,14754263,6933791,6.7,,B,,0.0,4.0,True,10.010630523775664,201.664689517908,2.000089498510307,91.034174,87.087041,,True,0.0,0.0,,main,0.0055011191405355,0.0,0.0,0.0,0.0,0.0,0.0,0.1033580102026462,0.0766848638653755,0.0,0.0054860432488816,0.0,0.0,0.0,0.0,0.0,0.0,0.0983582662133319,0.0738867498465774,0.0,0.0
9890cc69-96c2-4046-8f33-336273d14c1a,ok,17826240.0,v1.16+,0.0,0.0677290836653386,0.0,True,0.0,0.0,0.1747175484895706,4.0,actuator_motors,none,15507761,9628898,5.4,,B,,0.0,4.0,True,9.935778024455429,200.68208582414127,1.9840246017765424,125.035209,117.69653500000004,,True,0.0,0.0069975584944422,vehicle_attitude,main,0.0013058330281637,0.0017799722263589,0.0004207057572784,0.0086893341504037,0.0027010068530216,0.0007782162108924,0.0012696520483586,0.0748616714030504,0.0748616714030504,0.0001875097965239,0.0013049811697242,0.0017783899531189,0.0004206172854241,0.0086517991657089,0.002697365689077,0.0007779135576665,0.0012688467217809,0.072191975535328,0.072191975535328,0.0001874922187593,0.0
33bdaebb-4b31-4d0d-8f2f-9c3303497fdd,ok,17826047.0,v1.16+,0.0,0.0,0.0,True,0.8869524258125294,75.103365,1.0,4.0,actuator_motors,none,7476446,4555105,6.1,,A,,0.0,4.0,True,10.004668413957743,20.00450124377871,2.0000764658863672,216.061854,212.34295500000007,,True,0.0,0.0,,main,0.0021705871913582,4.981019446859131e-05,2.3823406445444547e-05,5.122730217408387e-05,3.762911219382657e-05,0.0014358769869431,0.0002608479815535,0.0021713378839194,8.95476507139392e-05,0.0,0.0021682348703108,4.980895398204722e-05,2.382312267260416e-05,5.1225990100648974e-05,3.762840423654414e-05,0.0014348471013237,0.0002608139666337,0.002168983936677,8.95436415624033e-05,0.0,0.8693444136657433
8ba2b3f5-cb0c-4d2d-bc3a-064070d0326e,ok,17761535.0,v1.14-1.15,0.854586129753915,0.0,0.0237136465324384,True,0.9293205654354764,391.702407,0.9138845726847648,4.0,actuator_motors,none,17751974,10751237,8.7,,B,,0.0,4.0,True,10.002224873673882,20.00223459036265,2.0000101883927086,446.243062,438.5912330000001,,True,0.0,0.0,,main,0.0028199358377605,0.000782786658965,0.0004018738574814,0.0044697371311485,0.0023475055582821,0.0014931656885892,0.0008055565063841,0.0018756058299913,0.0,0.0,0.0028159672776685,0.0007824804412799,0.0004017931278107,0.0044597775229965,0.0023447544717284,0.0014920520251539,0.0008052322198839,0.0018738490776834,0.0,0.0,0.9122649955237243
6513f98b-d4af-481c-b5c9-650ec853b284,ok,17891583.0,v1.16+,0.0,0.0,0.0,True,0.0597484276729559,0.3003290000000014,0.4547116011381149,4.0,actuator_motors,none,2974169,2386236,5.9,,C,,0.0,4.0,True,10.013307091114347,20.01246260197569,2.00003574349593,70.29288,63.65950099999999,,True,0.0,0.0,,main,0.0046262764371931,0.0001013390065054,0.000187515412108,0.0033612058032304,0.0021418321412056,25772.490234375,0.0062425518408417,0.0309354476630687,0.0069321719929575,0.0,0.0046156081107874,0.0001013338720551,0.0001874978332906,0.0033555695771505,0.0021395416886718,8.987378698766085,0.0062231478259417,0.0304665916906218,0.0069082549564112,0.0,0.0535966149506347
2a3ebb0e-3704-4a6d-8e40-58b7f7cabe9a,ok,17694720.0,v1.14-1.15,0.0,0.0890207715133531,0.0,True,0.0,0.0,0.2333963662385936,4.0,actuator_motors,none,5712686,3743934,2.4,,A,,0.0,4.0,True,10.000312747074092,20.00001812061636,2.000048075001729,163.075053,152.2824370000001,,True,0.0,0.0,,main,0.0012999690370634,0.0071644217241555,0.0,0.0278052757494151,0.0,0.0005312754074111,0.0058087438810616,0.0100820593070238,0.009171416517347,0.0,0.0012991248088825,0.0071388791806435,0.0,0.0274257286134263,0.0,0.0005311343305967,0.0057919381769388,0.0100315743914598,0.0091296144718005,0.0,0.0
181808d6-4b85-456d-867f-71efd7449415,ok,17825984.0,v1.16+,0.0,0.0,0.0,True,0.000801282051282,0.0988829999999998,0.6292163435369728,4.0,actuator_motors,none,6040817,3421187,2.7,,A,,0.0,4.0,True,10.007898769123392,20.00787183735212,1.999957329035425,128.264822,124.77687899999997,,True,0.0,0.0,,main,0.0014267656952142,0.0007111270911991,0.0012025943258777,0.0133156590163707,0.0142371432855725,0.0125031409785151,0.0059960582293569,0.0488301873207092,0.015181678161025,0.0,0.0014257488321416,0.000710874360138,0.0012018717885429,0.0132277848377508,0.0141367469437939,0.0124256221947479,0.0059781534087944,0.0476754357769267,0.0150675897384616,0.0,0.000777000777000777
f3b0ca30-6c50-49b8-9784-f942b7f41a4a,ok,17564416.0,v1.12-1.13,0.0,0.0,0.0,True,0.0,0.0,0.0943333333333328,6.0,actuator_outputs,bus,2989922,2037027,2.7,,A,,,,False,10.013892958862929,20.012557012730745,2.013701279053057,71.844222,68.09774199999997,True,True,0.0,0.0,,main,0.0007111746817827,8.102382707875222e-05,0.0,0.0,0.0,0.0,0.0,0.0027610738179646,0.0,0.0,0.0007109219169015,8.102054482576758e-05,0.0,0.0,0.0,0.0,0.0,0.002757269055528,0.0,0.0,0.0
99f68bd7-6f22-4a98-ad20-5e43b63db11b,ok,17694720.0,v1.14-1.15,0.0452261306532663,0.0,0.0,True,0.0,0.0,0.1441840097308158,4.0,actuator_motors,none,16315222,3821385,5.2,,B,,0.0,4.0,True,9.938871516040994,19.86692921039846,94.51092375141332,96.888712,91.16408899999998,,True,0.0,0.004602384882352,sensor_combined,main,0.0224883966147899,0.0,0.0,0.0,0.0,0.0,0.0,0.0,0.0,0.0,0.0222392608164349,0.0,0.0,0.0,0.0,0.0,0.0,0.0,0.0,0.0,0.0
14fc95cc-e0ac-43d9-ae8b-d970494cddb1,ok,17695487.0,v1.14-1.15,0.0,0.0,0.0984251968503937,True,0.0159936025589764,1.3936649999999997,0.17966268658638,4.0,actuator_motors,none,17963097,10574190,6.2,,B,,0.0,4.0,True,10.006513109206068,188.5282517703562,1.9999018002013749,151.81597,148.8078680000001,,True,0.0,0.0,,main,0.2862683981657026,0.0505806248635049,0.0,0.0425092895515257,0.0,0.0412556547671554,0.0502207107841966,0.0250152696855365,0.0496516019105911,0.0,0.2517453117883751,0.0493429873949912,0.0,0.0416305854919101,0.0,0.0404273452329376,0.0490003428272042,0.0247075097335904,0.0484583014048768,0.0,0.015644771655354883
e76c06a4-e669-4ae6-bfaa-129bf4b26bf7,ok,17761023.0,v1.14-1.15,0.0,0.0,0.0,True,0.002213613724405,0.1030609999999967,0.4313618540763851,4.0,actuator_motors,none,7847288,5246038,4.4,,B,,0.0,4.0,True,9.93019736841611,19.84970051536221,1.9838295359107352,186.287307,182.02977100000004,,True,0.0,0.0079164985396978,sensor_combined,main,0.000701979745645,0.0,0.0,0.0,0.0,0.0,0.0,0.0026246900204569,0.1464160472154617,5.64563459192868e-05,0.0007017334731088,0.0,0.0,0.0,0.0,0.0,0.0,0.0026212515369266,0.1366405953538321,5.6454752319768445e-05,0.0021609940572663426
d19ecb79-8949-44a4-8921-88159a8c5404,ok,17694720.0,v1.14-1.15,0.0,0.0,0.1420454545454545,True,0.22473604826546,1.300228999999998,0.6311072289943694,4.0,actuator_motors,none,3072926,2504987,5.3,,C,,0.0,4.0,True,10.014306458206237,20.01290739676343,2.00004794359531,69.806682,66.282127,,True,0.0,0.0,,main,0.0060670203063636,0.0264541212469338,0.0,0.6970436751842496,0.0,0.0024101548129692,0.0340374939143657,0.2499268949031824,0.5321745067834853,0.0,0.0060486900413613,0.0261102621253097,0.0,0.5288877226234691,0.0,0.002407255048178,0.0334710364678602,0.2230850655264953,0.4266879726535145,0.0,0.21225071225071226
3e959850-239b-405a-ae6d-54b778d22093,ok,17761535.0,v1.14-1.15,0.0,0.0,0.0,True,0.0,0.0,0.0916029214859008,4.0,actuator_motors,none,4871034,3086615,6.7,,A,,0.0,4.0,True,10.006266847660688,20.00559326503817,2.000020564314007,156.346404,152.12313600000002,,True,0.0,0.0,,main,0.0071023507975041,0.0,0.0,0.0,0.0,0.0,0.0,2.777929803414736e-05,0.0,0.0,0.0070772478937476,0.0,0.0,0.0,0.0,0.0,0.0,2.777891219659324e-05,0.0,0.0,0.0
51310d23-eec4-4c54-86af-ae795e91df19,ok,17761280.0,v1.14-1.15,0.0,0.0,0.0,True,0.0,0.0,0.2895753011107445,4.0,actuator_motors,none,14471044,7486586,7.0,,B,,0.0,4.0,True,10.00970827740385,200.5555037332861,1.9999419254958968,105.120027,101.45137100000002,,True,0.0,0.0,,main,0.0079601716715842,0.0,0.0,0.0,0.0,0.0,0.0,0.0003290869208285,5.2574756145477295,0.0,0.0079286566379768,0.0,0.0,0.0,0.0,0.0,0.0,0.0003290327836046,1.8337768473202307,0.0,0.0
72aa3008-fe4b-43ed-869e-f2aec481b1a1,ok,17761535.0,v1.14-1.15,0.0,0.0,0.0,True,0.0,0.0,0.2944682538509369,4.0,actuator_motors,none,4304520,3005055,3.5,,C,,0.0,4.0,True,10.008984064095932,20.008953406380755,1.9999764625885657,99.541732,92.570427,,True,0.0,0.0,,main,0.0016323154675774,0.0,0.0,0.0,0.0,0.0,0.0,7.2808970451354975,8.869059562683102,0.0009951613901648,0.001630984688655,0.0,0.0,0.0,0.0,0.0,0.0,2.1139513013134263,2.2894045665028058,0.0009946665453416,0.0
f34325c7-871e-4660-9fbc-ed0547ec70c8,ok,17761280.0,v1.14-1.15,0.0,0.0,0.0,True,0.0,0.0,0.2444178730249404,4.0,actuator_motors,none,11992360,8040332,5.1,,C,,0.0,4.0,True,10.002828698253206,20.002906497960605,1.9999709258884968,322.386218,316.6824389999999,,True,0.0,0.0,,main,0.0066009185276925,0.0021580307045951,0.0042499635950661,0.0050711455056443,0.0069729603826999,0.0167718433775007,0.0042233631713315,0.0061459906399249,0.0009056437411345,0.005058545526117,0.0065792278648646,0.0021557055009737,0.0042409580063861,0.0050583305533404,0.0069487617202029,0.0166327491028291,0.004214469804246,0.0061271810690729,0.0009052338932736,0.0050457940691686,0.0
0fa2b31f-c2c5-4dd3-a10c-5a27b90590ea,ok,17760511.0,v1.14-1.15,0.0,0.1540697674418604,0.0,True,0.0,0.0,0.1635962232947349,4.0,actuator_motors,none,23343674,9849922,10.1,,C,,0.0,4.0,True,9.944619991255054,19.89305628660478,1.9876689230651257,163.604839,76.416359,,True,0.0,0.0056765836809737,sensor_combined,main,0.0259825158864259,0.024604820087552,6259376599859.19,0.0004279222455807,0.0007905872189439,0.0904464777559041,0.0035499906633049,0.0,0.0,0.000100462778937,0.0256507055570089,0.0243069968721882,29.4651017113948,0.0004278307129681,0.000790274869484,0.0865872249928001,0.0035437043196978,0.0,0.0,0.0001004577328899,0.0
1c1e95ba-e135-4f55-9bea-d48516d2a133,ok,17563904.0,v1.12-1.13,0.0,0.0,0.0,True,0.0,0.0,0.307625,6.0,actuator_outputs,bus,3304665,2402939,2.5,,B,,,,False,10.012143369628394,20.01122882220472,2.012292036826662,81.369213,73.96027300000004,True,True,0.0,0.0,,main,0.0001196600060211,0.0007474365876987,0.0,0.1867654472589491,0.0,0.0015209878096356,0.0035382552538067,0.0347361974418163,0.0,0.0,0.0001196528473336,0.0007471573960824,0.0,0.1712314948035485,0.0,0.0015198322792271,0.0035320103550481,0.0341465125307435,0.0,0.0,0.0
2e16f5b7-98a8-48b1-ab27-3fbeba06a4ed,ok,17761023.0,v1.14-1.15,0.0,0.0,0.0,True,0.0,0.0,0.3609863400459286,4.0,actuator_motors,none,3355156,2546820,4.9,,B,,0.0,4.0,True,10.013066617664265,20.012317866828763,1.999881756991118,80.391654,77.50699800000002,,True,0.0,0.0,,main,0.0054829935543239,0.0003946983488276,0.0001542832760605,0.0065964790992438,0.0048256544396281,0.0036637620069086,0.0049409689381718,0.0167581401765346,0.003577334806323,0.0,0.0054680166656802,0.0003946204759245,0.0001542713756198,0.0065748175388291,0.0048140482924366,0.0036570667790514,0.0049288024109784,0.0166192718479304,0.0035709513634432,0.0,0.0
a3093fa2-dc90-474c-a455-a89a6e50c975,ok,17761535.0,v1.14-1.15,0.0,0.0,0.1802507836990595,True,0.0144874638515315,0.7208509999999961,0.2756782962009302,4.0,actuator_motors,none,17855498,8986611,9.4,,B,,0.0,4.0,True,10.007369948807511,136.98484210518714,2.0001541851139546,127.015372,124.68691799999996,,True,0.0,0.0,,main,0.0752271339297292,0.0010398295358754,0.0054967676289379,0.005369919212535,0.0197189575061201,0.0388632103800773,0.0269663700833916,0.0895692855119704,0.1123800732195373,0.0,0.0725319266380842,0.0010392892876218,0.0054817155351369,0.0053555526050916,0.0195270574735586,0.0381270483776902,0.0266091846297324,0.0857824672419107,0.1065019298942654,0.0,0.014178161235368468
c2340815-aaa3-4b96-a52a-89ae71ae30e2,ok,17629952.0,v1.12-1.13,0.1323828920570264,0.0,0.0,False,0.0,0.0,0.8479499999999996,6.0,actuator_outputs,per_channel,6361466,3880362,10.1,,B,,,,False,10.00663271231763,20.006531987286703,2.000071133616048,134.231412,125.98501399999996,True,True,0.0,0.0,,main,3.658546484075487e-05,0.0008628060459159,0.0,0.0,0.0,0.0,0.0,0.0871106091886756,0.0,6.000863552093506,3.658479560895879e-05,0.0008624340427418,0.0,0.0,0.0,0.0,0.0,0.083523359345569,0.0,1.9460335060313152,0.0
d35756a5-5a9b-4ee1-b697-3fc4fcf6d335,ok,17891392.0,v1.16+,0.0,0.2237196765498652,0.0,True,0.0,0.0,0.0593458235263823,4.0,actuator_motors,none,53054741,21385009,10.0,,C,,0.0,4.0,True,124.9944692712712,249.98893829782529,100.00553097345131,180.312,175.83200000000002,,True,0.0,0.0,,main,0.0002747881517279,9.943301847670229e-05,5.75723035581178e-05,0.0002984873426612,0.0003355506050866,6.633652810705826e-05,0.0003279109077993,0.0003138116153422,0.0002162695745937,0.0,0.0002747504043785,9.942807534179176e-05,5.757064633665571e-05,0.0002984428041768,0.0003354943205728,6.633432793687817e-05,0.0003278571567676,0.0003137623867759,0.0002162461917005,0.0,0.0
1f42fbb7-119b-4f37-98b6-973b14ea5710,ok,17694975.0,v1.14-1.15,0.0,0.0,0.0,True,0.0,0.0,0.2820993080735207,4.0,actuator_motors,none,4878046,3370795,4.3,,B,,0.0,4.0,True,10.008641798970158,20.00876011757505,1.9999860433874368,116.107549,114.66478,,True,0.0,0.0,,main,0.003341922420077,0.0148931956849992,0.0,0.0359316082671284,0.0,0.0112973439041525,0.0335014633834361,0.0323918891139327,0.3796249493956564,0.0,0.0033363506076051,0.0147833810310053,0.0,0.0353011264720235,0.0,0.0112340055052069,0.0329525160878233,0.0318783324908296,0.3218116864311289,0.0,0.0
96a6a5a2-265c-4625-be62-f0298f3b0501,ok,17695232.0,v1.14-1.15,0.0,0.0,0.0,True,0.0,0.0,0.3877759695053099,4.0,actuator_motors,none,5718331,3328817,3.0,,B,,0.0,4.0,True,10.00623871115357,20.00632920010725,2.004552745706848,145.148096,142.44938299999998,,True,0.0,0.0,,main,0.0284819839522242,0.4462792843580245,0.0,3.020609235763549,0.0,785.2545837402344,0.0637463897466659,0.6215563297271725,1.5085629224777215,0.0,0.0280839131390035,0.3689942477964816,0.0,1.3914334423331716,0.0,6.667280637873948,0.0617970070070115,0.4833863854323761,0.9197100483340662,0.0,0.0
acd0e88f-8aef-4ee5-9bd3-414fffef6a62,ok,17825984.0,v1.16+,0.0,0.0,0.0,True,0.0,0.0,0.0951561629772186,4.0,actuator_motors,none,4953729,3395265,4.1,,B,,0.0,4.0,True,10.008065425486244,20.00812164382362,2.0000945106899906,120.846623,118.077137,,True,0.0,0.0,,main,0.0129852992016821,0.0,0.0,0.0,0.0,0.0,0.0,0.0,0.0,0.0,0.0129017130207526,0.0,0.0,0.0,0.0,0.0,0.0,0.0,0.0,0.0,0.0
179aaf1c-ec5a-4d3d-a7fb-0124de461a1f,ok,17694720.0,v1.14-1.15,0.0,0.0,0.0149925037481259,True,0.0,0.0,0.150861145555973,4.0,actuator_motors,none,15142081,9088542,5.4,,B,,0.0,4.0,True,10.007451528859647,210.606950881546,1.9999231576694665,132.970878,128.374003,,True,0.0,0.0,,main,0.1068869214504957,0.0,0.0,0.0,0.0,0.0,0.0,4.402747726440428,7.564320540428159,0.0,0.101551499864433,0.0,0.0,0.0,0.0,0.0,0.0,1.6869076623856645,2.147604798848593,0.0,0.0
539017fa-459b-4bbe-a8a6-3b01577a919f,ok,17826240.0,v1.16+,0.0,0.0,0.0,True,0.0,0.0,0.2619522809982288,4.0,actuator_motors,none,9501529,6159827,5.5,,A,,0.0,4.0,True,10.011029674289697,200.05278382762307,2.000012471987888,89.216057,84.70926099999998,,True,0.0,0.0,,main,0.0118085687980055,0.0039951797574758,0.0010134002077393,0.0268315210938453,0.0401932802051305,0.0129642354324459,0.0289121178910136,0.2519534200429916,0.0405235890299081,0.0,0.0117393917052318,0.0039872202196417,0.0010128870643992,0.0264778679209955,0.0394065422370745,0.0128809190484677,0.0285020478509393,0.2247050675472993,0.039724037454647,0.0,0.0
0065ac7c-8524-4e9f-b160-4af46f8a4f1d,ok,17694720.0,v1.14-1.15,0.7530120481927711,0.0,0.0,True,0.0,0.0,0.0851028740406036,4.0,actuator_motors,none,7670767,5032662,3.7,,C,,0.0,4.0,True,10.013214048233822,200.75976171360588,2.000049858385756,70.361442,66.220577,,True,0.0,0.0,,main,0.0058544874191284,0.0036759709473699,0.0,0.0385331027209758,0.0,0.0077321473509073,0.4964602589607239,0.000206125943805,,0.0,0.0058374165028961,0.0036692310781594,0.0,0.0378092393397149,0.0,0.0077024075031286,0.4031024919678388,0.0002061047027714,,0.0,0.0
1fa0aa95-def8-4ed0-af5b-9e27607f87f5,ok,17891583.0,v1.16+,0.0,0.0,0.0,True,0.0008849557522123,0.0977440000000058,0.2812677159905433,4.0,actuator_motors,none,5125238,3769742,13.3,,C,,0.0,4.0,True,10.008604745960508,20.00871140612255,2.000144731502889,116.426628,112.98276300000002,,True,0.0,0.0,,main,0.001668860897189,0.0014935684332158,0.0015581256826408,0.0121643025893718,0.0122128782328218,0.0028406328056007,0.0066736124455928,0.0470859710127115,0.0026491216616705,0.0,0.0016674698962183,0.0014924541692318,0.0015569130642638,0.0120909120245586,0.0121389027289782,0.0028366058325312,0.0066514424752554,0.0460110402774056,0.002645618923637,0.0,0.0008547008547008547
65d57e91-3dcd-431d-90f1-9b58bb008b17,ok,17761535.0,v1.14-1.15,0.0,0.0,0.0,True,0.0,0.0,0.1136590808629989,4.0,actuator_motors,none,21272748,13430941,23.6,,C,,0.0,4.0,True,10.005164065277665,199.75799598123675,1.9999996795866144,193.859704,183.44999000000004,,True,0.0,0.0,,main,0.0014162403997033,0.0003279146723798,0.0007735033810604,0.0019507913850247,0.0047101486939936,0.0019038142287172,0.0033869489096105,0.0050823040772229,0.0011791401426307,0.0,0.0014152384771323,0.000327860920114,0.0007732043814949,0.0019488910625312,0.0046990906533823,0.0019020042712595,0.0033812261163839,0.0050694327620609,0.0011784455028908,0.0,0.0
dd46e974-4450-44e4-adc5-462eb61c7ba1,ok,17826047.0,v1.16+,0.0,0.0,0.0,True,0.0,0.0,0.2694569759070873,4.0,actuator_motors,none,42702016,13808873,22.6,,C,,0.0,4.0,True,9.985427961198283,192.42007295283656,2.0000453833827434,68.587034,61.14934099999999,,True,0.0,0.0011324220587558,vehicle_attitude,main,0.0026457076892256,0.0,0.0,0.0,0.0,0.0,0.0,0.1805581271648405,0.1805581271648405,0.0,0.0026422139655282,0.0,0.0,0.0,0.0,0.0,0.0,0.1659873157762241,0.1659873157762241,0.0,0.0
7f4c42b1-0968-4ccb-b794-20703920d727,ok,17760768.0,v1.14-1.15,0.0,0.0,0.0,True,0.0,0.0,0.2355727847607341,4.0,actuator_motors,none,5437990,3387195,3.1,,C,,0.0,4.0,True,10.007249887472126,20.007311580749487,1.999952044315369,139.368864,136.69486199999997,,True,0.0,0.0,,main,0.0328424103558063,0.0,0.0,0.0,0.0,0.0,0.0,0.0,0.0,0.0029113164637237,0.0323146231810779,0.0,0.0,0.0,0.0,0.0,0.0,0.0,0.0,0.0029070867892398,0.0
5db9c0c2-085d-4a8d-aa82-834828c1cf04,ok,17629952.0,v1.12-1.13,0.0,0.0,0.0,True,0.0,0.0,0.2204372495412826,4.0,actuator_motors,none,207064870,95607629,46.6,,B,,0.0,4.0,True,9.907039311878258,217.79152358695376,1.978965341215403,1473.668024,1466.639166999999,,True,0.0,0.0093380859874741,vehicle_attitude,main,0.0027661880943924,0.015551334619522,0.0,0.0018101264024153,0.0,0.0,0.0006986373336985,0.0003569550637621,0.0,0.0012423513690009,0.0027623692369366,0.0154316518384555,0.0,0.0018084900979333,0.0,0.0,0.0006983934002438,0.0003568913704599,0.0,0.0012415802891075,0.0
b0ccb181-d01f-40cc-98e1-bd00bc79e7de,ok,17760511.0,v1.14-1.15,0.0,0.0,0.0,True,0.0,0.0,0.1707194030284881,4.0,actuator_motors,none,7407997,4671377,5.7,,B,,0.0,4.0,True,9.903760415069634,169.2186164531996,1.98602044376113,72.234876,67.62322800000003,,True,0.0,0.0137009978905531,vehicle_attitude,main,0.0086140472907572,0.0,0.0,0.0,0.0,0.0,0.0,7.94915899859916e-06,0.0,0.0,0.0085771580776365,0.0,0.0,0.0,0.0,0.0,0.0,7.9491274042022e-06,0.0,0.0,0.0
ee1d85c7-4a22-40f7-ad1f-976218777741,ok,17564671.0,v1.12-1.13,0.0,0.0,0.0,False,0.0,0.0,0.2029999999999999,6.0,actuator_outputs,bus,48541673,26307127,10.5,,A,,,,False,10.00089179802667,20.000859217079164,2.0009364977054904,1077.375749,1070.1763999999991,True,True,0.0,0.0,,main,9.568611858412623e-06,1.6346311895176768e-05,0.0,0.0,0.0,0.0,0.0,0.1061266176402568,0.0,0.0,9.568566079538202e-06,1.6346178295676385e-05,0.0,0.0,0.0,0.0,0.0,0.1008643790432336,0.0,0.0,0.0
a78c6b48-6aeb-43a2-9a83-6c0423644c29,ok,17695743.0,v1.14-1.15,0.0,0.0,0.0,True,0.0012798634812286,0.1025039999999961,0.5413883745670318,4.0,actuator_motors,none,9782777,6381737,4.6,,C,,0.0,4.0,True,10.004027225270963,20.004239219681352,2.000004280263937,235.718704,234.39508,,True,0.0,0.0,,main,0.01604322232306,0.0041621309239417,0.0,0.0290292222052812,0.0,0.0070096920244395,0.0153049391694366,0.0112843559123575,0.024278550967574,0.0,0.0159158899079746,0.0041534932162466,0.0,0.0286158550932668,0.0,0.0069852383419849,0.0151890000521381,0.0112211625216119,0.0239885120551946,0.0,0.001271186440677966
0b83b8a3-5efc-4735-b72e-234c07f85a9f,ok,17694975.0,v1.14-1.15,0.0,0.0,0.0,True,0.0,0.0,0.1457151636481284,4.0,actuator_motors,none,2683753,2153933,4.8,,C,,0.0,4.0,True,10.015467802053433,20.01553686773996,1.9999915039120608,64.826704,53.44265600000001,,True,0.0,0.0,,main,0.0194829212501645,0.0037311522872187,0.0,0.0021101698628626,0.0,0.0062852022470906,0.0023060848703607,0.0025062088971026,0.0036173618282191,0.0,0.0192955588078613,0.0037242088046245,0.0,0.0021079465815556,0.0,0.0062655327383173,0.0023034299375295,0.0025030735929767,0.0036108349103343,0.0,0.0
3624f40e-502e-4ad3-b201-c710215109a0,ok,17761535.0,v1.14-1.15,0.0,0.0,0.0,True,0.0,0.0,0.2501945793628692,4.0,actuator_motors,none,12927449,8119166,11.5,,A,,0.0,4.0,True,10.003337778229042,20.00317273527505,2.0000072335205257,310.734663,302.0529949999997,,True,0.0,0.0,,main,0.0048792825778946,0.0016939503664616,0.0025356512051075,0.0027562456321902,0.0034479906898923,0.004577556438744,0.0107120198663324,0.0394500486552714,0.0064355716807767,0.0,0.0048674174585181,0.0016925172507292,0.0025324418656227,0.0027524541524328,0.0034420599987288,0.0045671112906426,0.0106550526431114,0.0386917739196544,0.0064149518091727,0.0,0.0
0fc4c32c-f968-4db6-a862-7c198cb7808d,ok,17761280.0,v1.14-1.15,0.0,0.0,0.0,True,0.0687567506111079,5.986509000000012,0.422387021780014,4.0,actuator_motors,none,53646764,33004232,12.1,,C,,0.0,4.0,True,10.002102581136151,200.2539862634918,1.999972232617752,499.896033,495.83130599999976,,True,0.0,0.0,,main,0.006622238503769,0.0010821206029504,0.0006873639737023,0.0039817723212763,0.0032235251856036,0.002273000171408,0.0037155991070903,0.0,0.0,76.93907928466797,0.0066004078080844,0.0010815355324905,0.0006871278472831,0.0039738660462426,0.0032183407667079,0.0022704208143649,0.0037087133200067,0.0,0.0,3.6508797372790767,0.06816196567950633
d2b464bf-9f01-44d3-8a72-93e88463bcd7,ok,17761535.0,v1.14-1.15,0.0763888888888889,0.0,0.0,True,0.0,0.0,0.3398279845714569,4.0,actuator_motors,none,3002091,2248731,2.8,,B,,0.0,4.0,True,10.013059195678313,20.013431359610863,2.000135757466168,71.57979,67.86556900000002,,True,0.0,0.0,,main,0.0007997146312845,0.0006186687416629,0.0002149224041204,0.0059290528763085,0.0074608253315091,32.175279712677,0.001899950025836,0.016768302489072,0.00202709446894,0.0,0.0007993950299206,0.0006184774450523,0.0002148993116091,0.005911545210802,0.0074331310370872,3.501805011612328,0.0018981474036858,0.0166292666159592,0.002025042685252,0.0,0.0
b5d60e27-3826-4a80-bbf8-0d33a5adcb83,ok,17694720.0,v1.14-1.15,0.0102564102564102,0.0256410256410256,0.0,True,0.0,0.0,0.2593875527381897,4.0,actuator_motors,none,11260658,6317861,4.1,,B,,0.0,4.0,True,9.97931393267167,196.3020372324252,1.9999941799111167,94.693704,92.96752,,True,0.0,0.0005757609809699,sensor_combined,main,0.0336685372516512,0.0,0.0,0.0,0.0,0.0,0.0,0.0013908266613725,2.498200833797455,0.0,0.0331141611083369,0.0,0.0,0.0,0.0,0.0,0.0,0.0013898603578415,1.2522487888412217,0.0,0.0
28498723-92ee-4e62-a43b-693249bbeb8b,ok,17694975.0,v1.14-1.15,0.0,0.0,0.2408824853669518,True,0.0503985797927726,2.831505999999999,0.3809252455830574,4.0,actuator_motors,none,43682253,24771120,13.4,,A,,0.0,4.0,True,9.993316806280111,118.7202418104501,2.000051014814736,444.120675,441.4927679999997,,True,0.0,0.0003119496087643,vehicle_attitude,main,0.0190288264304399,0.0184887696057558,0.0,0.0935197517275809,0.0,0.0463396687060594,0.2139258712530135,0.9050403207540512,2.0552471399307275,0.0002573313598986,0.0188500427810323,0.0183199302181941,0.0,0.0894016238225654,0.0,0.0452980440055452,0.1938596292021438,0.644503174104831,1.1168604862192522,0.0002572982558632,0.050059342149881315
0ef7420c-ab59-429d-bc14-84bcdb814023,ok,17695488.0,v1.14-1.15,0.0,0.0,0.0,True,0.0,0.0,0.3059545159339905,4.0,actuator_motors,none,40487517,25404221,15.9,,A,,0.0,4.0,True,10.002835686286662,199.99717537009,2.0000000113636363,352.534621,347.5697909999996,,True,0.0,0.0,,main,0.0018912436207756,0.0060473323799669,0.0,0.014442192018032,0.0,0.0003752716060262,0.0039827142842113,7.11322343349455,11.553196334838868,0.0,0.0018894574712337,0.0060291206502171,0.0,0.0143388969135692,0.0,0.0003752012092484,0.0039748042729306,2.093495253215456,2.5299753211852707,0.0,0.0
c6145644-299b-499b-823d-66426a397c75,ok,17826047.0,v1.16+,0.0,0.0,0.0,True,0.0,0.0,0.3010913319885731,4.0,actuator_motors,none,3090609,2549666,3.5,,C,,0.0,4.0,True,10.015022383874433,20.0149490861312,1.9998499962138176,66.420612,58.599945,,True,0.0,0.0,,main,0.0005241582693997,0.479219028353691,0.0137689093127846,0.3183249130845069,0.0193327062763273,0.0,0.0057560531888157,0.1358508490025996,0.0963578738272189,0.0,0.0005240209464378,0.3915142649572614,0.0136749791098093,0.2763619254902811,0.0191482036747331,0.0,0.0057395504116183,0.1273820167869529,0.0919936624420305,0.0,0.0
2b1714aa-a02d-48c3-8ea6-4b94eaff8c4e,ok,17826047.0,v1.16+,0.0,0.0,0.0,True,0.0018712230436516,0.080173000000002,0.4602238759398461,4.0,actuator_motors,none,85578493,50025944,23.9,,B,,0.0,4.0,True,9.85568227080776,199.19698330970047,1.9756696836396903,699.172075,694.804455,,True,0.0,0.0146668227682839,vehicle_attitude,main,0.0036843213834799,0.0027816201909445,0.0018793236347846,0.0196903954260051,0.0173939843662083,0.0009881723846774,0.0019596522673964,0.2385279789566994,0.0279365672729909,0.0017196644621435,0.0036775508961233,0.0027777586447469,0.0018775599155096,0.0194990473243693,0.0172444406371387,0.0009876844637533,0.0019577346537204,0.2139235606946876,0.0275534601417793,0.0017181875321858,0.001858821019913763
1f92fa36-3a98-4d98-aaff-a93d8703467f,ok,17694975.0,v1.14-1.15,0.9685990338164252,0.0,0.0,False,0.0,0.0,0.3811247825622558,4.0,actuator_motors,none,8870134,4931203,6.0,,C,,0.0,4.0,True,10.004754245807693,20.00442500945553,1.999999155875656,209.011434,204.3646739999999,,True,0.0,0.0,,main,0.0001613417356566,0.0,0.0,0.0,0.0,0.0,0.0,0.0,0.0,0.000178607685666,0.0001613287214785,0.0,0.0,0.0,0.0,0.0,0.0,0.0,0.0,0.0001785917372122,0.0
90d6442f-69ce-4b91-a785-527ea0e322f8,ok,17761023.0,v1.14-1.15,0.0,0.0,0.0,True,0.0,0.0,0.1446447670459747,4.0,actuator_motors,none,4405275,3173122,4.8,,A,,0.0,4.0,True,10.010598721396278,20.00978288207311,1.999768360164948,96.8948,92.66434599999998,,True,0.0,0.0,,main,0.0217926878482101,0.0,0.0,0.0,0.0,0.0,0.0,2.330582833290059,0.450324392318725,0.0003628321923315,0.0215586217411866,0.0,0.0,0.0,0.0,0.0,0.0,1.2031473136892916,0.371787250251655,0.0003627663846492,0.0
7ef568dd-30b1-497e-ab22-a540f50106c6,ok,17761280.0,v1.14-1.15,0.0,0.0,0.0,True,0.0018814675446848,0.2008359999999953,0.2372260302305221,4.0,actuator_motors,none,4512477,3154910,5.6,,C,,0.0,4.0,True,10.009031598521888,20.009018298228977,2.000025853545208,109.161996,106.312559,,True,0.0,0.0,,main,0.0018412365345284,0.0011832715477794,0.0011537098325788,0.0143394818529486,0.0017230713739991,0.0522923894226551,0.003717481996864,0.0062467903830111,0.0005169605719856,0.0002176709997002,0.0018395435363618,0.0011825720337571,0.0011530448208278,0.0142376438645162,0.0017215885895704,0.0509710124118154,0.0037105892378556,0.0062273600640693,0.0005168269939035,0.0002176473128053,0.0018231540565177757
4d90ca3e-c2c1-4236-95d0-6b8129a413d4,ok,17760512.0,v1.14-1.15,0.0,0.0,0.0,True,0.0006016847172081,0.0977890000000005,0.3179583542048929,4.0,actuator_motors,none,7857570,5314238,6.1,,B,,0.0,4.0,True,10.005335061860873,20.005450214629487,2.000064199162149,172.896724,166.2667020000001,,True,0.0,0.0,,main,0.0032253637909889,0.0715609174221754,0.5678814500570297,0.0374800730496645,0.2378118485212326,0.0002002768778766,0.0227394383400678,0.0,0.0,0.0001212711831612,0.0032201734626669,0.0691163867859865,0.4497253132389752,0.0367947662391467,0.2133451825193791,0.00020025682514,0.0224847510471545,0.0,0.0,0.0001212638304057,0.0005770340450086555
254087b2-bddd-4571-9958-9cbbdbd82f34,ok,17826047.0,v1.16+,0.0,0.0,0.0,True,0.0,0.0,0.162553995847702,4.0,actuator_motors,none,67788476,25932084,12.7,,C,,0.0,4.0,True,9.999982241760096,199.8313276221457,1.9999957830597384,147.814519,142.04972999999998,,True,0.0,0.0,,main,0.0120255819056183,0.0126694466453045,0.0108144527766853,0.0182611607015132,0.0184629461728036,0.0019672916387207,0.0044249797938391,0.0104171691928058,0.0045937994727864,0.0,0.0119538491086402,0.0125898607077314,0.0107563947841387,0.0180964281556157,0.0182945752402105,0.0019653590547472,0.0044152183562669,0.0103632843808801,0.0045832801793687,0.0,0.0
fa19a157-9f3f-4a82-8140-2891c83d8f8a,ok,17825984.0,v1.16+,0.0,0.0,0.0,True,0.0,0.0,0.2070433437824249,4.0,actuator_motors,none,11243127,6735198,5.7,,B,,0.0,4.0,True,10.010358511266997,202.85933976013035,1.9999318467669551,90.199841,84.79330600000003,,True,0.0,0.0,,main,0.0161978341639041,0.0002916120283771,0.0001314362307311,0.0063531473278999,0.0146618029102683,4.616543810698204e-05,0.0015135555295273,0.1651690602302551,0.5228528380393982,0.0,0.0160680488663313,0.0002915695178537,0.0001314275937465,0.0063330511584542,0.0145553578674116,4.616437251593976e-05,0.0015124112588228,0.1528661925668166,0.4205854428749927,0.0,0.0
9fe21f97-e07e-4769-8039-3af0722139b4,ok,17760384.0,v1.14-1.15,0.0,0.0,0.0,True,0.0,0.0,0.3213585495948787,4.0,actuator_motors,none,21268301,14051776,6.9,,B,,0.0,4.0,True,10.004859726980282,199.3789286999901,1.9999917290314944,185.089342,178.19599799999995,,True,0.0,0.0,,main,0.0139905349351465,0.002372232847847,0.0020557378767989,0.0464548502117395,0.0253683592192828,0.0042743922909721,0.0069447198184207,0.0148665634915232,0.0077200311934575,0.0,0.013893570741941,0.0023694235455071,0.0020536277391216,0.0454081183628271,0.0250519228787785,0.0042652830247366,0.0069207163193817,0.0147571393111592,0.0076903842384945,0.0,0.0
20c920ca-dacf-4f75-b173-e0e01bf23ca0,ok,17760256.0,v1.14-1.15,0.0,0.0,0.0,True,0.0,0.0,0.13452875521034,4.0,actuator_motors,none,7282350,4199867,6.4,,B,,0.0,4.0,True,10.01559174034052,200.0383162040729,1.9999504402525048,61.965825,56.96703900000001,,True,0.0,0.0,,main,0.0013108885847032,101.6824737548828,10660.443017578124,0.0130082799121737,0.0093129083048552,0.0013055860763415,0.0072341580642387,0.406703387200832,0.053420703113079,0.0,0.0013100301204145,4.63164144759901,9.27438905606112,0.0129243988878052,0.0092698105446656,0.0013047345399289,0.0072081170572095,0.3412489436842317,0.0520426814843117,0.0,0.0
9bad6dd9-14c0-4a9f-97a9-df8b842c9872,ok,17761535.0,v1.14-1.15,0.0,0.1096153846153846,0.0,True,0.0,0.0,0.1697614192962646,4.0,actuator_motors,none,10656036,7142558,7.6,,B,,0.0,4.0,True,9.911853104297109,19.81963260274206,1.98089028234539,260.59846,256.73426400000005,,True,0.0,0.0095964107757357,vehicle_local_position,main,0.0021256497595459,0.0004504905547946,0.0004208545200526,0.002614547079429,0.0034284120891243,0.0056041019968688,0.005217345803976,0.0,0.4204183399677275,0.0013301335508003,0.0021233937625031,0.0004503891143887,0.0004207659856282,0.002611135097112,0.0034225484824825,0.0055884574391894,0.0052037826108152,0.0,0.3509514338365333,0.0013292497068356,0.0
07f71c59-8b05-49c5-99f7-b8257f25c36c,ok,17825920.0,v1.16+,0.0,0.0,0.0,True,0.0,0.0,0.1691530406475067,4.0,actuator_motors,none,50488105,31230767,12.4,,B,,0.0,4.0,True,10.000892489431502,20.000828088937062,2.000004911074966,1152.482481,1146.5103570000017,,True,0.0,0.0,,main,0.0007531690353062,0.0,0.0,0.0,0.0,0.0,0.0,0.0003158407853334,0.0211137025617063,0.0,0.000752885545843,0.0,0.0,0.0,0.0,0.0,0.0,0.0003157909181323,0.0208938969014264,0.0,0.0
b52ee298-d038-4f3c-a73a-2edec6b52c2b,ok,17956928.0,v1.16+,0.0,0.0212765957446808,0.0,True,0.0,0.0,0.3872636258602142,4.0,actuator_motors,none,52188359,30286033,26.0,,C,,0.0,4.0,True,10.00095877717552,20.00094710279236,1.9999997787743145,1003.705795,500.0373829999999,,True,0.0,0.0,,main,0.0001095717205316,0.0033180750673636,0.0040294705890119,0.0015581959160044,0.0019246222684159,0.001311798824463,0.0018194712349213,1.6058217227458915,0.3431102037429807,0.0067802012199535,0.000109565717989,0.0033125824029821,0.004021374015048,0.0015569831883628,0.0019227725559294,0.0013109391681004,0.0018178180021698,0.9577480660578388,0.294987972062087,0.0067573190280095,0.0
5870f5ca-2106-4f77-b044-7f897f67bc33,ok,17760256.0,v1.14-1.15,0.0,0.0,0.0,True,0.0,0.0,0.4290690749883653,4.0,actuator_motors,none,9823528,6246849,3.7,,C,,0.0,4.0,True,10.003875912064752,20.003822157472108,1.9999283181510896,253.881649,246.8514369999999,,True,0.0,0.0,,main,0.0016786502150353,0.0004816958331502,0.0010989854112267,0.0049567781155928,0.0050879849586635,0.001720856205793,0.0020903702708892,0.0016110283730085,0.0006257818342419,0.0,0.001677242856518,0.000481579854955,0.0010983819688354,0.0049445337360615,0.0050750849015553,0.0017193772292467,0.0020881884869163,0.0016097320588783,0.0006255861144375,0.0,0.0
996bdb97-9e64-4e4e-aff1-68205889b246,ok,17694975.0,v1.14-1.15,0.5030674846625767,0.0,0.5652797704447633,False,0.2143385070214338,4.797664999999995,0.6041163086891174,4.0,actuator_motors,none,4903019,3354179,1.3,,C,,0.0,4.0,True,9.999514503858531,19.999852957010862,1.9999750650590808,139.767749,134.62242500000002,,True,0.0,0.0,,main,0.0329673845320939,0.0532343044877051,0.0,1.7348404765129064,0.0,0.417965933680534,2.258170199394215,0.0102007864974439,0.0228875624015927,0.0,0.0324356160979953,0.0518657197841873,0.0,1.0060731074865543,0.0,0.3492234036186236,1.181165749267859,0.010149109607683,0.0226295712531159,0.0,0.2078853046594982
84939c37-98c1-4f9d-9230-4a066fdc8cd4,ok,17761280.0,v1.14-1.15,0.0,0.0,0.0,True,0.0,0.0,0.2570014595985412,4.0,actuator_motors,none,12051821,7528607,6.0,,A,,0.0,4.0,True,10.008440657738111,199.64997217531325,2.0000546148246823,113.471301,108.354678,,True,0.0,0.0,,main,0.0288906195200979,0.0,0.0,0.0,0.0,0.0,0.0,4.757948040962219,4.243894100189209,0.0019194729975424,0.028481153359426,0.0,0.0,0.0,0.0,0.0,0.0,1.7505811683497243,1.657064371225614,0.0019176331632135,0.0
70ca4524-eefb-4820-a075-c5f63ad00595,ok,17761280.0,v1.14-1.15,0.0,0.0,0.0,True,0.0,0.0,0.3851036787033081,4.0,actuator_motors,none,24975042,15917544,7.2,,B,,0.0,4.0,True,10.00391291260346,198.8112316869686,2.0000201289579502,233.68127,228.3286539999997,,True,0.0,0.0,,main,0.003302944661118,0.0034357044845819,0.0037398674292489,0.0062494045589119,0.0111130925826728,0.0274682108312845,0.0031294320942834,0.0226488937623798,0.0184135511517524,43.78557319641112,0.0032975019208211,0.0034298159356173,0.0037328915123146,0.0062299580077647,0.0110517958818136,0.0270977285459381,0.0031245456136191,0.02239621570516,0.0182460744880778,3.6508797372790767,0.0
1386e28a-4ea5-4437-bf4d-adc369622e81,ok,17825792.0,v1.16+,0.0,0.0,0.0,True,0.072488304744932,0.0416769999999928,0.6214902266860007,4.0,actuator_motors,none,27998924,17571886,10.5,,C,,0.0,4.0,True,10.00403331537994,197.950604467116,1.9999990845365008,242.850384,235.67510400000003,,True,0.0,0.0,,main,0.0070917182601988,0.0059883488574996,0.0066134815569967,0.0286508360877633,0.0285521852783858,0.982610434293747,0.0054830331355333,0.0905909109860658,0.0251637017354369,0.0,0.007066690284162,0.0059704899578947,0.0065917084325616,0.0282480757387865,0.0281521680345604,0.6844143775372137,0.0054680560310488,0.0867196695177022,0.0248523088484276,0.0,0.07022920533517503
4678e5e2-4806-4d5f-a780-89ec63a357ec,ok,17694975.0,v1.14-1.15,0.9267015706806284,0.0,0.0,True,0.106290672451193,7.400249000000002,1.0,4.0,actuator_motors,none,2968402,2073342,2.5,,A,,0.0,4.0,True,10.009968770184893,20.009928184303405,1.999963308781244,93.085091,92.21148299999996,,True,0.0,0.0,,main,0.0032451999140903,0.0216783387586474,0.0,0.1552306748926639,0.0,0.2127870954573154,0.0255449623800814,0.1744037047028541,0.2007912784814834,0.0,0.0032399456172759,0.0214467052146558,0.0,0.1443000425544548,0.0,0.192921095560209,0.0252241419183402,0.1607605334225715,0.1829807382207016,0.0,0.10492505353319058
e875657f-2757-41c1-b00e-f4d839a4c82e,ok,18350080.0,v1.16+,0.0071428571428571,0.1142857142857142,0.0,True,0.0417981072555205,2.898127000000001,0.4458041011355815,4.0,actuator_motors,none,5085570,3485679,3.6,,B,,0.0,4.0,True,10.007288953525462,20.007548159577247,2.002678403019704,133.567774,126.76862100000004,,True,0.0,0.0,,main,0.1436391353607177,0.1864986717700957,0.0,0.1773469984531402,0.0,0.4657101541757546,0.1188079044222831,12.546980285644503,15.352871131896972,0.0,0.1342154020773379,0.171006677440965,0.0,0.1632636008463981,0.0,0.3823398718948658,0.1122637474103445,2.6061636653413585,2.7944034863239837,0.0,0.03955223880597015
503141ae-f6a3-4663-aad3-800eddbdf471,ok,17630207.0,v1.12-1.13,0.0,0.032,0.0,True,0.0034013605442176,0.199802,0.2670281946659087,4.0,actuator_motors,none,7656491,4494612,5.3,,C,,0.0,4.0,True,9.999652576173316,285.72533365377694,2.000035452241323,62.046244,58.76264499999999,,True,0.0,0.0,,main,5.330686558835396e-09,3.857598130707629e-06,0.0,0.0,0.0,0.0,0.0,0.0070556727237999,0.0,0.0,5.3306865446272874e-09,3.857590690195095e-06,0.0,0.0,0.0,0.0,0.0,0.0070308979319597,0.0,0.0,0.0032
bd39af0a-4147-416e-b624-afb9c889b953,ok,17825792.0,v1.16+,0.0,0.0,0.0,True,0.0,0.0,0.1652857095003128,4.0,actuator_motors,none,31068303,12900643,18.1,,C,,0.0,4.0,True,10.005757413100994,197.7219469583848,1.999963040683008,175.116873,172.20106699999988,,True,0.0,0.0,,main,0.0006614530284423,0.0,0.0,0.0,0.0,0.0,0.0,0.0004288515774533,0.0,0.0,0.0006612343648063,0.0,0.0,0.0,0.0,0.0,0.0,0.0004287596468976,0.0,0.0,0.0
7c5dcc5b-f531-48f4-b4ed-0d99a55fc082,ok,17630207.0,v1.12-1.13,0.0,0.0,0.0,True,0.0,0.0,0.1039999999999999,6.0,actuator_outputs,per_channel,40181941,21544296,12.2,,B,,,,False,10.000896254120205,20.00086516921656,2.000001333334222,1078.887848,1073.309444000001,True,True,0.0,0.0,,main,3.283250771346502e-05,0.000160688359756,0.0,0.0,0.0,0.0,0.0,0.0004517302993917,0.0,0.0,3.283196873848088e-05,0.0001606754507643,0.0,0.0,0.0,0.0,0.0,0.0004516282999763,0.0,0.0,0.0
36834cf1-0786-462d-9928-a2e9f9b17a57,ok,17695743.0,v1.14-1.15,0.0,0.0,0.0,True,0.0016920473773265,0.0989399999999989,0.5837350524961948,4.0,actuator_motors,none,2679360,2171111,4.1,,C,,0.0,4.0,True,10.014554833053136,20.015606823940004,1.9997767413429068,67.007674,59.12626100000002,,True,0.0,0.0,,main,0.0022700801724568,0.002103827567771,0.0,0.0323590259999036,0.0,0.0032699096947908,0.0095828709192574,0.0089862770400941,,0.0,0.0022675074332759,0.0021016176215745,0.0,0.0318464999692491,0.0,0.0032645751658733,0.009537246455711,0.0089461407240718,,0.0,0.0014814814814814814
e46a43bc-7294-4886-ab33-0072a8387a94,ok,17825792.0,v1.16+,0.0,0.0,0.0,True,0.0292437483448719,2.2818520000000007,0.4621772328391652,4.0,actuator_motors,none,10475763,6671077,4.8,,B,,0.0,4.0,True,10.009721199468707,199.69712373302667,1.9998920696545808,93.907058,92.518056,,True,0.0,0.0,,main,0.0061096938326954,0.0017097382806241,0.0038688127882778,0.0497656643390655,0.0657701700925827,0.0127628657966852,0.0550259210169314,0.2524321973323821,0.2128893554210659,0.0,0.0060911053282875,0.0017082783419684,0.0038613481786728,0.0485669624418419,0.0636977022101854,0.0126821068429126,0.0535653363104952,0.2250874186452305,0.1930054101552359,0.0,0.028667853434208575
ff4819a4-e4da-4121-b30e-e39de96aaba1,ok,17367040.0,v1.12-1.13,0.0,0.0,0.0,True,0.0,0.0,0.2428839415311812,4.0,actuator_motors,none,13125611,7988153,5.2,,A,,0.0,4.0,True,10.002914296803052,20.00233130620052,1.999956869680132,320.586521,317.81709300000034,,True,0.0,0.0003975593042737,sensor_combined,main,0.1190432757139206,5.942090865573846e-05,0.0,0.0031822004821151,0.0,3.444789399509318e-05,0.0007252795039676,0.0016069251578301,,0.0,0.112474102142236,5.941914330347793e-05,0.0,0.0031771479980015,0.0,3.444730068001843e-05,0.000725016615892,0.0016056354350724,,0.0,0.0
b093c2db-0741-4d29-b612-0ccbf7141369,ok,17694720.0,v1.14-1.15,0.0,0.0,0.0,True,0.222543352601156,5.901717999999999,0.9999999423747729,4.0,actuator_motors,none,3512546,2506385,2.8,,B,,0.0,4.0,True,10.014208197589046,20.01448257430092,1.9999608399276096,71.55637,69.18472899999999,,True,0.0,0.0,,main,1.1281103312969207,0.0,0.0,0.0,0.0,0.0,0.0,0.7410370707511901,0.683079659938812,8.268637648143339e-05,0.7552344175493337,0.0,0.0,0.0,0.0,0.0,0.0,0.5544809533515463,0.5206252461971628,8.268295815143716e-05,0.21388888888888888
3aa1034e-5da2-4989-a018-d95de037a281,ok,17826240.0,v1.16+,0.0,0.0,0.0,True,0.0,0.0,0.1092889547348022,4.0,actuator_motors,none,6805767,2605023,3.7,,A,,0.0,4.0,True,9.98373442949753,19.968792969741592,1.9999218400916416,67.928711,62.767944,,True,0.0,0.0022410334331178,sensor_combined,main,0.0001803872874006,0.0,0.0,0.0,0.0,0.0,0.0,0.0001380526846332,0.5831913650035858,0.0,0.0001803710195701,0.0,0.0,0.0,0.0,0.0,0.0,0.0001380431562382,0.4594426611501031,0.0,0.0
b76d81e4-282c-4e3c-a77a-b7dcb6ab6679,ok,17761535.0,v1.14-1.15,0.0,0.0,0.0,True,0.0459697732997481,4.795290000000023,0.6237113820094783,4.0,actuator_motors,none,5603612,3653915,3.5,,C,,0.0,4.0,True,10.005411005867536,20.00579981689409,1.999960888264879,160.704003,158.8069130000001,,True,0.0,0.0,,main,0.0240451991558074,0.0,0.0,0.0,0.0,0.0,0.0,8.093031883239746,3.066178798675537,0.0,0.0237606654437768,0.0,0.0,0.0,0.0,0.0,0.0,2.20750839308754,1.402703688335618,0.0,0.0453416149068323
b8dee24f-24b1-4477-a41e-f4b06a69f3c7,ok,17695488.0,v1.14-1.15,0.1163166397415185,0.0,0.0,True,0.1449886474213428,4.799243999999987,0.1424859523773192,4.0,actuator_motors,none,11109109,6811411,6.6,,B,,0.0,4.0,True,10.003035281964651,20.00311101692248,1.9999825379946523,311.176476,308.2950389999999,,True,0.0,0.0,,main,0.0002113949412887,0.0,0.0,0.0,0.0,0.0,0.0,0.0018678041407838,0.0,0.0,0.0002113726005265,0.0,0.0,0.0,0.0,0.0,0.0,0.001866061963656,0.0,0.0,0.1434991974317817
71e2b054-2464-4455-8ed2-03d2ae475e88,ok,17694720.0,v1.14-1.15,0.0,0.0,0.0,True,0.1912643289915345,21.623083,0.8039268374443048,4.0,actuator_motors,none,19667749,12227113,12.1,,C,,0.0,4.0,True,10.005843999748874,219.8880628754169,1.999902240072853,170.019875,165.79317499999996,,True,0.0,0.0,,main,0.0047942143864929,0.0096499118953943,0.0,0.0231444016098976,0.0,0.0038631460629403,0.0198260396718978,0.2234083265066146,0.3251772075891493,0.0,0.0047827587399939,0.0096036488801685,0.0,0.0228806320519417,0.0,0.0038557032764113,0.0196320634097103,0.201640673840942,0.2815461920722946,0.0,0.1862485367506623
2b518b3a-a5a6-49cf-966e-e3021bb3c77f,ok,17760512.0,v1.14-1.15,0.0,0.0,0.1509677419354838,True,0.0006972904064818,0.0647299999999972,0.1550051867961882,4.0,actuator_motors,none,183488871,62276641,32.1,,B,,0.0,4.0,True,9.996655491326248,252.5292583615872,1.996813512138484,309.814223,308.401244,,True,0.0,0.0003063567218327,sensor_combined,main,0.0561098702251911,1.1281564593315132,0.2928040474653245,5.1487614154815695,3.724346590042121,0.2862711608409882,1.1754786372184758,3.851788437366485,2.9864386320114136,0.0,0.0545922236457469,0.7552560928985839,0.2568135395543324,1.8162506656789024,1.1225064373574,0.2517474596078525,0.777248703419272,1.579347386950301,1.3828982588901912,0.0,0.0006940127562099239
6baeaa5e-5f24-4aa4-a3c8-e25e0574514c,ok,17760512.0,v1.14-1.15,0.0,0.0,0.0,True,0.0,0.0,0.1527361869812011,4.0,actuator_motors,none,14921156,9024111,6.1,,C,,0.0,4.0,True,10.006554527796691,164.16404536222703,2.000036000648012,149.464791,143.013655,,True,0.0,0.0,,main,0.0,0.0,0.0,0.0,0.0,0.0,0.0,0.1511630870401859,0.0,0.0,0.0,0.0,0.0,0.0,0.0,0.0,0.0,0.1407728113098974,0.0,0.0,0.0
e7fc6d68-29e2-4120-b5f5-09b08612e35b,ok,17826240.0,v1.16+,0.0,0.0,0.0,True,0.0,0.0,0.2371186017990112,4.0,actuator_motors,none,14224989,8539692,5.7,,C,,0.0,4.0,True,9.842302820506,198.978217643704,1.9648604013383328,114.340613,109.293673,,True,0.0,0.0147658937435445,sensor_combined,main,0.0020740624284371,0.0001412407204043,0.0002042395179159,0.0007293842150829,0.0014662827015854,0.0004648014641134,0.0019910800969228,0.0,2.3863674163818347,0.0001623045747692,0.0020719145303622,0.0001412307468728,0.0002042186638649,0.00072911834369,0.0014652087587792,0.0004646934773731,0.0019891005241696,0.0,1.2197577882735595,0.0001622914048067,0.0
d7f4393c-236c-4751-adda-48a2d9da117e,ok,17761280.0,v1.14-1.15,0.0,0.0503778337531486,0.0,True,0.0,0.0,0.3446420565247532,4.0,actuator_motors,none,11462075,6025618,4.1,,B,,0.0,4.0,True,10.007968526213885,20.004779636597046,1.9999990400004608,125.199482,120.75984,,True,0.0,0.001712260595805,sensor_combined,main,0.0026537127560004,0.0,0.0,0.0,0.0,0.0,0.0,0.0023742394987493,0.0,0.0013981298543512,0.0026501978772505,0.0,0.0,0.0,0.0,0.0,0.0,0.0023714254454281,0.0,0.0013971533808582,0.0
34b708b0-856a-4062-b3b7-706a83db55c4,ok,17826559.0,v1.16+,0.0,0.0,0.0,True,0.0,0.0,0.1695529460906982,4.0,actuator_motors,none,11205931,6934414,4.6,,B,,0.0,4.0,True,10.009465288725142,157.1702643776258,2.0000081887127727,106.054826,96.04680100000006,,True,0.0,0.0,,main,0.0002684476203285,4.456268143258055e-05,5.872114707017316e-05,0.0014285000506788,0.0018905523465946,0.0005861652083694,0.0022565184161066,0.0014218168100342,0.0,0.0,0.0002684115947132,4.4561688545789336e-05,5.871942305110713e-05,0.0014274807151132,0.0018887675017147,0.0005859934806475,0.0022539763019255,0.0014208069855904,0.0,0.0,0.0
e1cd3b39-67db-457e-9642-ee317a27e5e2,ok,17694975.0,v1.14-1.15,0.0,0.0,0.0,True,0.0,0.0,0.2557946443557739,4.0,actuator_motors,none,49003149,30597558,22.9,,B,,0.0,4.0,True,10.000815466819988,20.000814444929382,1.9999928696617104,1223.53097,1219.3398710000004,,True,0.0,0.0,,main,0.0048726494656875,0.0032500576227903,0.0,0.0060034577501937,0.0,0.0044269946636632,0.0022207441739737,0.0016638869419693,0.004324510297738,0.0,0.0048608165322034,0.0032447876010103,0.0,0.0059855087990696,0.0,0.004417224347599,0.0022182819662457,0.0016625042156791,0.0043151864740631,0.0,0.0
7a2ae88a-f161-4961-99f6-f5eb7d315434,ok,17760256.0,v1.14-1.15,0.0,0.0,0.0,True,0.0,0.0,0.2919793248176574,4.0,actuator_motors,none,4730364,3358233,9.6,,C,,0.0,4.0,True,10.0092447166926,20.00931602570808,2.000026075106306,107.358939,102.449896,,True,0.0,0.0,,main,0.0002687651809537,0.0003263681282987,0.0001513401395641,0.0021435648202896,0.0007927317812573,0.0107903235591947,0.0235380016267299,0.0083728790748864,0.005725814611651,0.0,0.0002687290700625,0.0003263148818061,0.0001513286888004,0.002141270663085,0.0007924177353772,0.0107325234342347,0.0232652545229828,0.0083380209628961,0.0057094844412001,0.0,0.0
0bad16c7-a0a5-4c49-b7cc-fd0dcedffd2c,ok,17761280.0,v1.14-1.15,0.0,0.0,0.0086775425199583,True,0.0,0.0,0.1889617979526519,4.0,actuator_motors,none,171651699,70485470,37.4,,C,,0.0,4.0,True,10.000867178743414,199.9991151034424,1.999999647416476,1151.804972,277.54001000000005,,True,0.0,0.0,,main,0.000187254219054,0.6440521717071517,0.1091752145439385,0.0174725810997187,0.0105621132068335,0.0103137435391545,0.0024422035901807,0.3541753008961676,0.0532841449603438,0.0055177678354084,0.000187236689171,0.4971640307455117,0.1036166891653771,0.0173216906493836,0.0105067237674572,0.0102609197829122,0.0024392262575091,0.30319263501382,0.0519130400178753,0.0055026007212963,0.0
3a298da1-ef73-4bfb-a76c-225be8a9ca4a,ok,17891583.0,v1.16+,0.0,0.0,0.0,True,0.0,0.0,0.1960320234298705,4.0,actuator_motors,none,2870233,1907469,9.8,,C,,0.0,4.0,True,10.01052653188935,20.01089283691457,2.0000594108556813,88.211645,85.68697800000001,,True,0.0,0.0,,main,0.0019920382183045,0.0,0.0,0.0,0.0,0.0,0.0,0.0,0.0,0.0,0.0019900567411886,0.0,0.0,0.0,0.0,0.0,0.0,0.0,0.0,0.0,0.0
414f0f0d-e5b4-4bb3-85cf-c3d98a89ed20,ok,17825984.0,v1.16+,0.0,0.1,0.0,True,0.0010024727661565,0.0285590000000013,0.0768343955278396,4.0,actuator_motors,none,11608489,6505507,17.7,,B,,0.0,4.0,True,9.998884169048669,156.98673615115158,2.0001045449994264,107.667263,104.76348700000004,,True,0.0,0.000516388604629,vehicle_attitude,main,0.0022031082771718,0.0,0.0,0.0,0.0,0.0,0.0,0.0001795743519323,10.410975217819214,0.0,0.0022006849926507,0.0,0.0,0.0,0.0,0.0,0.0,0.0001795582303883,2.434575630670254,0.0,0.0009744372624809173
32ee8126-0523-454c-a410-59c637166ab4,ok,17891392.0,v1.16+,0.0,0.0,0.0,True,0.0,0.0,0.1973824858194457,4.0,actuator_motors,none,27642880,9486800,14.7,,B,,0.0,4.0,True,10.007111396886332,204.7214801256251,1.9999732138419,133.510349,131.56222699999992,,True,0.0,0.0005920654804129,vehicle_attitude,main,2.065093398094177,0.0180808345787226,1.776365433318944,0.2400983110070213,0.0550751309841868,0.0491454269737004,0.0443768225610255,0.0994026113301515,0.0100441982969641,0.0,1.120078041385294,0.0179193202595158,1.0211426742253178,0.2151906595443874,0.0536119785954395,0.0479759537173792,0.0434203654872675,0.0947669516736845,0.0099940905857604,0.0,0.0
4c22c09c-4f85-4621-8f2e-87920afe2552,ok,17630207.0,v1.12-1.13,0.0,0.0,0.0,True,0.0,0.0,0.618,6.0,actuator_outputs,per_channel,4736134,3109835,3.3,,C,,,,False,10.007815465434602,20.00734525777744,1.9999562842888856,120.169981,118.70354300000004,True,True,0.0,0.0,,main,0.0027347721625119,0.0002852774632629,0.0,0.0062085692770779,0.0,0.0,0.0092473402619361,0.001443910645321,0.0133620407432317,0.0,0.0027310394769358,0.0002852367793846,0.0,0.0061893755137494,0.0,0.0,0.0092048453864656,0.0014428692087188,0.0132735560295635,0.0,0.0
5928b10b-10c5-4ec7-97d3-c886b8050b72,ok,17761535.0,v1.14-1.15,0.0,0.0,0.0,True,0.0,0.0,0.4245372414588928,4.0,actuator_motors,none,3056358,2229855,4.3,,A,,0.0,4.0,True,10.013100264239457,20.011952138414667,2.0000319501959343,79.570577,70.06645399999996,,True,0.0,0.0,,main,0.0534837577491996,0.0,0.0,0.0,0.0,0.0,0.0,0.0224302977323531,0.0042111860588192,0.0,0.0521025367243672,0.0,0.0,0.0,0.0,0.0,0.0,0.0221824381343272,0.0042023438302957,0.0,0.0
65aaf21b-1cf7-4d1b-bf4a-f59079ee1755,ok,17760256.0,v1.14-1.15,0.0,0.0,0.0,True,0.0,0.0,0.1463583111763,4.0,actuator_motors,none,7965018,4601374,4.2,,B,,0.0,4.0,True,10.005974789341623,20.00565236866577,2.0000049620376275,158.362849,150.59665899999993,,True,0.0,0.0,,main,0.0121717382222414,0.0003643455042038,0.0001398353895638,0.0034454536158591,0.0046093409880995,1.410694241523743,0.0052912819199263,0.0,,0.0002576397382654,0.0120982582681858,0.0003642791464981,0.000139825613507,0.0034395316392483,0.0045987505068836,0.8799147730415254,0.0052773322737852,0.0,,0.0002576065548474,0.0
23941d64-c72f-469b-909d-40810ad43d1f,ok,17630207.0,v1.12-1.13,0.0,0.0,0.0,True,0.0,0.0,0.3018639013171196,4.0,actuator_motors,none,21942403,12463000,7.9,,B,,0.0,4.0,True,9.882717790621172,218.2132951532518,1.980415766525217,153.283196,146.271486,,True,0.0,0.0118551993007387,vehicle_attitude,main,0.003639689402189,0.0022450879681855,0.0,0.0047910069581121,0.0,0.0,0.0017060407903045,0.0002441794422338,0.0117625648621469,0.0003526831322233,0.0036330817610375,0.002242571523915,0.0,0.0047795666102482,0.0,0.0,0.001704587155787,0.0002441496352858,0.01169392363633,0.0003526209541464,0.0
b9178f82-b4f7-4c37-ba17-3b26f0bbb07d,ok,17760768.0,v1.14-1.15,0.0,0.0,0.0,True,0.0,0.0,0.2060513854026793,4.0,actuator_motors,none,4076029,2635229,15.1,,B,,0.0,4.0,True,10.009108377121043,20.00847931212176,2.0000363562164307,112.814711,111.37802200000009,,True,0.0,0.0,,main,0.0315979048609733,0.0,0.0,0.0,0.0,0.0,0.0,0.0,0.0,0.0,0.0311089640623207,0.0,0.0,0.0,0.0,0.0,0.0,0.0,0.0,0.0,0.0
83ecf4b3-bd8f-40ba-a07c-08a55364a7b2,ok,17695743.0,v1.14-1.15,0.0,0.0,0.0,True,0.0,0.0,0.2035093036802666,4.0,actuator_motors,none,75931753,36404371,33.5,,C,,0.0,4.0,True,10.001174082358697,161.04177336587694,2.000013285997971,731.426716,728.0547160000007,,True,0.0,0.0,,main,0.0,0.0,0.0,0.0,0.0,0.0,0.0,1.0791315798996935e-05,0.0,0.0001025402722007,0.0,0.0,0.0,0.0,0.0,0.0,0.0,1.0791257573167489e-05,0.0,0.0001025350153063,0.0
2913bdd6-cc37-4f30-8120-b22ee09e3a15,ok,17694975.0,v1.14-1.15,0.0,0.0,0.0,True,0.0464177598385469,3.6022180000000006,0.8875379191450825,4.0,actuator_motors,none,8272220,4509901,3.3,,A,,0.0,4.0,True,10.00087150451682,20.004947199291543,2.000489721899528,198.364815,197.729999,,True,0.0,0.0,,main,0.0,0.0,0.0,0.0,0.0,0.0,0.0,0.0,,8.293908540508701e-05,0.0,0.0,0.0,0.0,0.0,0.0,0.0,0.0,,8.29356461493076e-05,0.04625439919557567
2f5a22e3-8d48-42a9-85f5-1f9efd71fe3a,ok,17760384.0,v1.14-1.15,0.0,0.0,0.0,True,0.0,0.0,0.135413372516632,4.0,actuator_motors,none,15497781,10629984,5.0,,C,,0.0,4.0,True,10.005289776165942,20.00530266690813,1.999937766642438,170.100995,161.95610299999996,,True,0.0,0.0,,main,0.0047726049087941,0.0171684455126523,0.0046818498522043,0.0442098230123519,0.0101032322272658,0.0031100399792194,0.0096151968464255,0.0297976415604352,0.829718828201294,0.0,0.0047612521371856,0.0170227331572721,0.0046709240817908,0.0432604491635819,0.0100525357560747,0.003105213808683,0.00956926503545,0.0293623184354337,0.6041623092569631,0.0,0.0
f2daf264-9320-44c4-84f8-abefa9118bd2,ok,17695743.0,v1.14-1.15,0.0,0.0,0.0,True,0.0137931034482758,0.102487,0.6936109870672224,4.0,actuator_motors,none,2757657,1935246,2.5,,A,,0.0,4.0,True,9.999034456170854,19.999374681931165,1.999874994826622,77.006726,72.43228899999998,,True,0.0,0.0,,main,0.0033337869914248,0.0007930349442176,0.0,0.0094877932220697,0.0,0.0060720453970134,0.0139882480725645,0.02838291618973,0.0665580563247203,0.0,0.0033282422434941,0.0007927206581551,0.0,0.009443066792813,0.0,0.006053684816062,0.0138913154298035,0.0279875842429599,0.0644366937577647,0.0,0.01287001287001287
f9113f8a-729a-4dbb-bd26-b90b464558a2,ok,17760256.0,v1.14-1.15,0.0,0.0,0.0,False,0.0,0.0,0.3185350492596626,4.0,actuator_motors,none,2508581,1434984,3.5,,A,,0.0,4.0,True,10.016182040144178,20.01618284920573,2.000328348979645,61.67928,59.41001299999999,,True,0.0,0.0,,main,0.0,0.0,0.0,0.0,0.0,0.0,0.0,0.0,0.0,0.0020336079993285,0.0,0.0,0.0,0.0,0.0,0.0,0.0,0.0,0.0,0.0020315430176825,0.0
c55d1140-0c6e-4a64-a134-b6c5a9170626,ok,17760256.0,v1.14-1.15,0.0,0.0,0.0,False,0.0,0.0,0.1165519654750823,4.0,actuator_motors,none,3675642,2989166,4.5,,C,,0.0,4.0,True,9.999634848900405,19.97499315877786,2.000043780099432,82.092526,78.42786100000001,,True,0.0,0.0017834331247611,sensor_combined,main,0.0008203217876143,0.0002606774680316,0.0001269971817237,0.0004748475475935,0.000487366435118,0.0143006028141826,0.0606740418821571,0.0100483170244842,0.0029904467519372,0.0009685093449661,0.0008199855075893,0.0002606434975638,0.0001269891182643,0.0004747348431736,0.0004872477106702,0.0141993137151077,0.0589045946005802,0.00999816834704,0.0029859842603978,0.0009680406423945,0.0
5c250b87-42d7-46b7-9919-09e1fc2273e6,ok,17826047.0,v1.16+,0.0,0.2916666666666667,0.0,True,0.0,0.0,0.2328669786453247,4.0,actuator_motors,none,3732521,3223337,3.5,,B,,0.0,4.0,True,10.013397508641669,20.01291980697866,2.0001946483127684,71.502554,66.83331,,True,0.0,0.0,,main,0.024591816868633,0.0042994405142962,0.00756733098533,0.0018543543468695,0.0032475934014655,0.0030707360827364,0.0031041750859003,0.0,0.1571502164006233,0.0253304970450699,0.024294305831529,0.0042902243267852,0.007538842367806,0.0018526371543754,0.0032423313595853,0.0030660310022709,0.0030993670817731,0.0,0.1459602724552465,0.0250149967605417,0.0
c920dd50-fa09-4350-99e9-93c6180d68cb,ok,17695488.0,v1.14-1.15,0.0325732899022801,0.0,0.0329380764163372,False,0.0181945416375087,2.001760000000018,0.0967284694314002,4.0,actuator_motors,none,5391603,3312892,5.3,,B,,0.0,4.0,True,10.006681506126492,20.00676269503516,2.00011953032213,151.691543,142.29157899999993,,True,0.0,0.0,,main,0.0016027236822992,0.0,0.0,0.0,0.0,0.0,0.0,0.0,0.0,0.0,0.0016014406913686,0.0,0.0,0.0,0.0,0.0,0.0,0.0,0.0,0.0,0.017139090309822018
12785732-ca83-48e8-bfb0-5e36228e7b22,ok,17694720.0,v1.14-1.15,0.0,0.0,0.0,True,0.0,0.0,0.1073953583836555,4.0,actuator_motors,none,12055113,3061732,6.6,,C,,0.0,4.0,True,10.014329608644852,20.01343368674383,121.84195538269232,67.612944,64.75501799999999,,True,0.0,0.0,,main,0.0013301856233738,0.0,0.0,0.0,0.0,0.0,0.0,0.0160992369055748,0.0,0.0,0.0013293017102363,0.0,0.0,0.0,0.0,0.0,0.0,0.0159710185061441,0.0,0.0,0.0
a7eb96d8-6bbd-420c-b6be-b2e2af23d3fb,ok,17761023.0,v1.14-1.15,0.0,0.0,0.0,True,0.0040195772154535,0.1844929999999998,0.2295848727226256,4.0,actuator_motors,none,18425695,11689650,11.6,,B,,0.0,4.0,True,10.00571510648385,218.79230880818525,1.9999208996802784,174.382814,168.970507,,True,0.0,0.0,,main,0.0051334839314222,0.0009479906293563,0.0008992053684778,0.0072130197659134,0.0036532454192638,0.0091859115287661,0.0042513991706073,0.0723764933645723,0.0230295311659574,0.0,0.0051203525235269,0.0009475415700199,0.000898801325524,0.00718713035817,0.0036465885261338,0.0091439776484471,0.0042423875055817,0.0698772074868472,0.0227683537727389,0.0,0.0038872104733131923
ed5551ed-0c36-4314-bb29-83864c59346c,ok,17761280.0,v1.14-1.15,0.0,0.0,0.0069400630914826,True,0.0005739882051051,0.1687509999999861,0.1000695541501044,4.0,actuator_motors,none,35000651,21950941,9.6,,C,,0.0,4.0,True,10.002841842731105,199.9999627431239,1.9999992658230543,316.753111,310.9798560000001,,True,0.0,0.0,,main,0.0009667083155363,0.0,0.0,0.0,0.0,0.0,0.0,0.0061984150670468,0.0,0.0001929604535689,0.0009662413539721,0.0,0.0,0.0,0.0,0.0,0.0,0.0061792839069222,0.0,0.0001929418390951,0.0005635919594213789
399d7715-66b9-4d1a-8c70-90eccae74cb2,ok,17695488.0,v1.14-1.15,0.0,0.0,0.0,True,0.0,0.0,0.0731898292899131,4.0,actuator_motors,none,9261115,5822109,4.1,,A,,0.0,4.0,True,10.004143001884795,20.00403095498741,1.9999961603127152,262.59387,253.84289200000003,,True,0.0,0.0,,main,0.0,0.0,0.0,0.0,0.0,0.0,0.0,0.0,0.0,0.0,0.0,0.0,0.0,0.0,0.0,0.0,0.0,0.0,0.0,0.0,0.0
332fb065-a9ff-498c-81f0-ee7818ef6895,ok,17695743.0,v1.14-1.15,0.0,0.0623441396508728,0.0,True,0.5794684731631058,10.402501,0.656008858414868,4.0,actuator_motors,none,8684015,5380835,6.0,,C,,0.0,4.0,True,10.004957461379972,20.004956431177632,2.0,201.347459,191.93997799999988,,True,0.0,0.0,,main,0.0003803485189564,0.0,0.0,0.0,0.0,0.0,0.0,0.0814683683216571,,0.0,0.0003802762047942,0.0,0.0,0.0,0.0,0.0,0.0,0.0783197180143669,,0.0,0.5507677067855374
0c59d545-998d-4fe4-b53a-bb8e62cc1579,ok,17695743.0,v1.14-1.15,0.2947761194029851,0.0,0.0,True,0.0,0.0,0.2306772843003273,4.0,actuator_motors,none,29797182,16917179,8.8,,C,,0.0,4.0,True,10.003179648581265,139.48260825390904,1.9999607619638564,268.316607,263.4276770000002,,True,0.0,0.0,,main,0.0088984230533242,0.0,0.0,0.0,0.0,0.0,0.0,0.0001108047319576,0.0,0.000328741769772,0.0088590653953165,0.0,0.0,0.0,0.0,0.0,0.0,0.0001107985935667,0.0,0.0003286877460359,0.0
13ce8057-9420-4638-b2a6-2226c65f76c2,ok,17761280.0,v1.14-1.15,0.0,0.0,0.0,True,0.0,0.0,0.2026998072862625,4.0,actuator_motors,none,12421818,7299655,8.5,,B,,0.0,4.0,True,10.0085868713998,199.9332697684736,2.000191980148908,104.483735,97.81999599999996,,True,0.0,0.0,,main,0.0019763768243137,0.0,0.0,0.0,0.0,0.0,0.0,2.294834512213127e-05,0.0,0.0,0.0019744263611152,0.0,0.0,0.0,0.0,0.0,0.0,2.294808181288768e-05,0.0,0.0,0.0
fee09d7b-0d44-47c7-902b-ff42866bafd9,ok,17891583.0,v1.16+,0.0,0.2291666666666666,0.0,True,0.0,0.0,0.0997281223535537,4.0,actuator_motors,none,6896602,4638303,2.4,,B,,0.0,4.0,True,9.993805472002448,19.98742206272432,1.9939398773187584,165.89993,159.35587199999992,,True,0.0,0.0011778929501235,sensor_combined,main,0.0026709928177297,0.0028961648931726,0.0021130270557478,0.0267510414123535,0.016750085633248,0.0357992464676499,0.036241197399795,0.0112668815534561,0.0081816921476274,0.0,0.0026674320555177,0.0028919790875364,0.0021107977539096,0.0263994881343705,0.016611350027714,0.0351733475191193,0.0355999327628149,0.0112038830000076,0.0081484035525268,0.0,0.0
59ea56ea-22f9-4895-9557-848eea753c6a,ok,17891392.0,v1.16+,0.0,0.0462633451957295,0.0,True,0.0,0.0,0.0799902826547621,4.0,actuator_motors,none,32828441,16694791,6.2,,A,,0.0,4.0,True,125.0,250.0,100.00431207957224,138.66,134.36,,True,0.0,0.0,,main,0.0005421771202236,0.0002443478733766,7.691436621826142e-05,0.0060408849967643,0.002485392615199,0.0001006804686767,0.0006995591684244,0.1645548939704895,0.0929903984069824,0.0,0.0005420301953125,0.000244318025297,7.69114084600578e-05,0.0060227120015834,0.0024823091350222,0.0001006754007384,0.0006993145909669,0.1523389487507536,0.0889174245327445,0.0,0.0
2c12c9d8-0080-4eec-93b0-6a77cb3096bb,ok,17891583.0,v1.16+,0.0,0.0,0.0,False,0.0610382201939532,6.00136599999999,0.7566140443086615,4.0,actuator_motors,none,7077888,4737742,3.4,,C,,0.0,4.0,True,10.00580058030748,20.00554934122433,1.9999649838533,179.476526,174.3998139999999,,True,0.0,0.0,,main,0.000543266366003,0.0,0.0,0.0,0.0,0.0,0.0,0.3739772021770456,0.0382830873131751,0.0,0.0005431188502552,0.0,0.0,0.0,0.0,0.0,0.0,0.3177096013604992,0.037568471369773,0.0,0.059510567296996664
9cfe7f77-7e90-4185-a6fe-e90c207e01ac,ok,16842880.0,v1.12-1.13,0.0,0.0,0.0,True,0.0,0.0,0.1989046871662139,4.0,actuator_motors,none,7234962,4355143,3.8,,A,,0.0,4.0,True,10.01486576888486,200.8754720144566,1.999833183145861,65.432424,59.967531,,True,0.0,0.0,,main,0.0083577204495668,0.0,0.0,0.0,0.0,0.0,0.0,2.6474625656192075e-06,,0.0004810372338397,0.0083229880920472,0.0,0.0,0.0,0.0,0.0,0.0,2.6474590610963747e-06,,0.0004809215725196,0.0
5e23e6c6-9686-452a-b34a-c561e1f964e2,ok,17630207.0,v1.12-1.13,0.0,0.0,0.0,True,0.0014381591562799,0.3002209999999934,0.168,6.0,actuator_outputs,per_channel,9316968,5365526,3.1,,B,,,,False,10.004643934838857,20.004548903014005,1.9999918691919336,214.339026,208.51529300000004,True,True,0.0,0.0,,main,3.640745853772387e-05,2.5072558855754323e-05,0.0,0.0,0.0,0.0,0.0,0.0003641257935669,0.0,0.0,3.640679580229091e-05,2.507224454440425e-05,0.0,0.0,0.0,0.0,0.0,0.0003640595158585,0.0,0.0,0.0
bc2a2eb9-d421-4bca-8b06-6bfdbff65893,ok,17695743.0,v1.14-1.15,0.0483460559796437,0.0,0.1727447216890595,True,0.0,0.0,0.2187395103275775,4.0,actuator_motors,none,4498831,3129644,2.9,,B,,0.0,4.0,True,10.009794969369644,20.0090981754194,1.9999553439922708,104.159411,100.82601499999996,,True,0.0,0.0,,main,0.113547385856509,161.72084045410156,0.0,61.52752380371079,0.0,0.0807776704430576,1.1246379613876345,0.2902535617351531,0.5807097822427746,0.0,0.1075507625857537,5.092036097319492,0.0,3.848940778472605,0.0,0.0776808472386001,0.7536014167498722,0.254838758542911,0.4578739754331959,0.0,0.0
d2362109-9b4c-4a27-8565-438406939c5f,ok,17760511.0,v1.14-1.15,0.015,0.0,0.0,True,0.0,0.0,0.4177876338362694,4.0,actuator_motors,none,4020309,2935068,6.2,,B,,0.0,4.0,True,10.009337843629202,20.00942666322801,1.9999651881059448,96.643606,86.56107399999996,,True,0.0,0.0,,main,0.0047996854409575,0.0112153969705104,0.0048291406594216,0.0224665571004152,0.0138116052374243,0.0085394199937581,0.0114259764552116,0.3254468262195562,0.0195909187197685,0.0,0.0047882036753762,0.0111529707289795,0.004817517763713,0.0222179014076754,0.0137170942557575,0.0085031653961242,0.0113611929953968,0.2817496299253419,0.0194014867714181,0.0,0.0
37b9dc50-0af5-4dd8-abf9-4f3f35d45e96,ok,17891392.0,v1.16+,0.0,0.5373406193078324,0.0,True,0.0,0.0,0.0061024725437164,4.0,actuator_motors,none,82961694,31265800,13.9,,B,,0.0,4.0,True,125.0,250.0,100.0043884029139,272.964,267.536,,True,0.0,0.0,,main,0.0002643646759679,0.0001019702031044,7.099396316334551e-05,0.0003285622224211,0.0003434476675465,5.34481874638002e-05,0.000420461082831,0.0007102292729541,0.0002577697159722,0.0,0.0002643297377844,0.0001019650044966,7.099144321120958e-05,0.0003285082576742,0.0003433887028967,5.344675916032188e-05,0.0004203727138395,0.0007099771794997,0.000257736499067,0.0,0.0
190653c8-518d-4ae4-95ae-75868722cb98,ok,17891583.0,v1.16+,0.0,0.0,0.0,True,0.0,0.0,0.1098732247948646,4.0,actuator_motors,none,5279105,3628679,5.3,,B,,0.0,4.0,True,10.008970292197128,20.00844347708951,1.999969576220386,116.011767,111.91235400000004,,True,0.0,0.0,,main,0.0111986928619444,0.0007238613383378,0.0005564204155234,0.0047939932206645,0.0070508040022104,0.0057345932116731,0.0057959101395681,1.7404915869235975,2.2691191196441647,0.0,0.0111364517493597,0.0007235994770791,0.0005562656710833,0.0047825386293986,0.0070260633101104,0.0057182130246592,0.005779178471429,1.0081373155936832,1.1845205662473983,0.0,0.0
909cde39-34c0-4414-a3e6-923c73f6bbd3,ok,17760511.0,v1.14-1.15,0.0,0.0,0.0,True,0.0,0.0,0.1848510295152663,4.0,actuator_motors,none,7199173,5054528,4.7,,A,,0.0,4.0,True,9.971319857388597,19.94306977705372,1.9943720515638623,177.582267,172.3610780000001,,True,0.0,0.0033811702527976,vehicle_attitude,main,0.0032161104609258,0.0007830553600797,0.0017012720461934,0.0176774564664808,0.0279964559711515,0.0012891647405922,0.0059151973109692,0.1440082758665084,0.1581060089170931,0.0284698013216256,0.0032109498394694,0.0007827489321874,0.00169982652216,0.0175230275175972,0.0276117195281508,0.0012883344812121,0.0058977712167781,0.1345381270804856,0.1467859197942446,0.028072067814591,0.0
754088d0-e608-459b-a006-1c51d6b9331a,ok,17629952.0,v1.12-1.13,0.0,0.0,0.0,True,0.0,0.0,0.6499264553189277,4.0,actuator_motors,none,2756508,1942376,3.1,,C,,0.0,4.0,True,10.014445912519951,20.01540830081745,1.999963038277082,66.953703,63.213687,,True,0.0,0.0,,main,0.0008646374597446,0.0003689888530061,0.0,0.0071527993073686,0.0,0.0,0.0008289209392387,0.0280623761005699,0.0,0.0,0.0008642638761036,0.0003689207933609,0.0,0.0071273393728459,0.0,0.0,0.0008285775740122,0.0276758423328223,0.0,0.0,0.0
914df007-07d7-4ed7-aa70-9dfedec697d5,ok,17761023.0,v1.14-1.15,0.0,0.0,0.0,True,0.0,0.0,0.266481539607048,4.0,actuator_motors,none,3412379,2721007,2.4,,A,,0.0,4.0,True,10.011420108818635,20.01196830617661,1.9999939632084047,81.413866,76.23356999999999,,True,0.0,0.0,,main,0.0058394759660586,6.670035872957668e-05,5.162308279977878e-05,0.0045978739392012,0.0018547949846833,0.01098493183963,0.1031481463462114,0.6841195404529571,0.0231115577742457,0.0,0.005822492311301,6.669813435955966e-05,5.162175037429565e-05,0.0045873360058672,0.0018530769765062,0.0109250357132496,0.0981680434428722,0.5212428993179423,0.0228485306567042,0.0,0.0
77d5ea0c-51ce-487e-92b2-a1d04d97030f,ok,17825984.0,v1.16+,0.0,0.0,0.0,True,0.0655307994757536,1.101348999999999,0.4583192378282545,4.0,actuator_motors,none,3717815,3032386,3.5,,A,,0.0,4.0,True,10.011747566468292,20.01246161532703,2.000098770309645,81.319637,76.31979800000002,,True,0.0,0.0,,main,0.001765950070694,0.0091797430068254,0.0012270375969819,0.1221544437110424,0.0208338372409343,0.0018339305650442,0.0060208344832062,0.0,0.0429381802678108,0.0,0.0017643926141919,0.0091378652555545,0.0012262854016014,0.1152504479939101,0.0206197808263862,0.001832250967582,0.0060027816849687,0.0,0.0420419031861113,0.0,0.061124694376528114
dab48eaf-6842-4641-a6d4-a15332348f30,ok,17891392.0,v1.16+,0.0,0.8045112781954887,0.0880681818181818,True,0.00625,0.3987929999999995,0.0784612834453582,4.0,actuator_motors,none,3203518,2488686,2.7,,B,,0.0,4.0,True,10.014067482404236,20.013865057934225,2.00008385963118,70.322335,64.04993000000002,,True,0.0,0.0,,main,1.2210341989994045,0.0030655382783152,0.0046953414799645,0.0453148001804947,0.0892421260476111,0.0862584318965673,0.0644329752773045,0.1515200562775133,2.923472273349756,0.0,0.7979729428123844,0.003060849096647,0.0046843527479652,0.0443180842437141,0.0854821572058219,0.0827391599577332,0.0624422397968249,0.1410828576497274,1.3669770457450152,0.0,0.005689900426742532
7f881726-acd5-4494-a3d0-83dc9debc327,ok,17826559.0,v1.16+,0.0,0.0,0.0,True,0.0,0.0,0.1384546339511871,4.0,actuator_motors,none,5581168,3830483,5.5,,C,,0.0,4.0,True,10.007628415455631,20.00750633923469,2.000069823449245,128.845269,120.01839199999996,,True,0.0,0.0,,main,0.0020032805390655,0.0,0.0,0.0,0.0,0.0,0.0,0.0004025554910185,0.0,0.0,0.0020012766483968,0.0,0.0,0.0,0.0,0.0,0.0,0.000402474487295,0.0,0.0,0.0
d07a4d7d-fe2c-4fda-92ae-426d1a509211,ok,17695743.0,v1.14-1.15,0.0,0.0,0.0,True,0.0,0.0,0.2441715434193611,4.0,actuator_motors,none,25609791,15597218,6.0,,B,,0.0,4.0,True,10.0039271604116,197.81534910472007,1.999950284460249,229.985708,225.756609,,True,0.0,0.0,,main,0.0050649495329707,0.0017297056503593,0.0,0.0294782691635191,0.0,0.0038008905481547,0.0062490091659128,0.0953684344887732,0.0213084388524293,0.0,0.005052165823809,0.0017282114323309,0.0,0.0290521391167581,0.0,0.0037936854151852,0.006229565070313,0.0910907765279384,0.0210845884214256,0.0,0.0
491cf015-ca76-4216-80b1-ce5dbf1197af,ok,17825984.0,v1.16+,0.241025641025641,0.0923076923076923,0.0,True,0.0,0.0,0.189134919643402,4.0,actuator_motors,none,3784649,2832792,3.1,,B,,0.0,4.0,True,10.010239568979795,20.01030115201192,1.999903004704272,92.766599,81.65857399999999,,True,0.0,0.0,,main,0.1703583508729931,0.0,0.0,0.0,0.0,0.0,0.0,6.766371250152582,1.2738672733306864,0.8334415674209578,0.1573099847120939,0.0,0.0,0.0,0.0,0.0,0.0,2.0498030347191,0.8214820265759712,0.6061948386027816,0.0
52cf402d-1444-4ab9-bbdb-a16c29814450,ok,17826047.0,v1.16+,0.0541516245487364,0.0288808664259927,0.0,True,0.0,0.0,0.2984611183404922,4.0,actuator_motors,none,24280671,6621917,6.9,,B,,0.0,4.0,True,9.940660418865749,19.876794537791152,1.9862691411070632,219.191891,213.60001100000008,,True,0.0,0.006045517261197,sensor_combined,main,0.0042173170484602,0.0,0.0,0.0,0.0,0.0,0.0,0.0,0.0,0.0292092943564057,0.004208449090833,0.0,0.0,0.0,0.0,0.0,0.0,0.0,0.0,0.0287908320457774,0.0
35fb01df-787f-46a7-848c-30a17552d773,ok,17826240.0,v1.16+,0.0,0.0,0.0,True,0.0,0.0,0.3440266609191892,4.0,actuator_motors,none,6510250,4365959,4.9,,B,,0.0,4.0,True,10.006198820600524,20.006523940242293,2.000064982503451,153.388716,148.77995599999997,,True,0.0,0.0,,main,0.0008058766950853,0.0,0.0,0.0,0.0,0.0,0.0,0.0650697194039821,0.0646101489663124,0.0,0.0008055521508115,0.0,0.0,0.0,0.0,0.0,0.0,0.0630402612477904,0.0626086748374301,0.0,0.0
88a0d833-2c48-40e2-b9fe-56a9e86bf3af,ok,17826047.0,v1.16+,0.0,0.0,0.0,True,0.0,0.0,0.2293182387948036,4.0,actuator_motors,none,12143540,7536108,5.1,,B,,0.0,4.0,True,9.931299337085283,199.26957233816427,1.970665550632588,102.592466,94.59320000000002,,True,0.0,0.0079633369353498,sensor_combined,main,0.0016217377386055,0.0003673727071145,0.000290412994218,0.0032254940131679,0.0051921356935054,0.0022027453873306,0.0017635275493375,0.0101233114488422,0.0101233114488422,0.0,0.0016204241419734,0.0003673052422841,0.000290370832527,0.0032203032661739,0.0051787030330437,0.0022003229004721,0.0017619743604217,0.0100724139441323,0.0100724139441323,0.0,0.0
38a23176-0c9c-4fa7-b320-fca4335707bf,ok,17826047.0,v1.16+,0.0,0.0,0.0,True,0.0,0.0,0.3865124136209488,4.0,actuator_motors,none,6535553,4788023,3.6,,C,,0.0,4.0,True,10.006941893472254,20.007089590050548,2.000035218332332,135.96817,133.167959,,True,0.0,0.0,,main,0.0010982682462781,0.002617388847284,0.0016019939095713,0.0105069450102746,0.004148951312527,0.0010419478057883,0.0027010319754481,0.0308425731956958,0.0027882383204996,0.0,0.0010976655909188,0.0026139694503896,0.0016007120861277,0.0104521306833186,0.0041403681465983,0.0010414053549442,0.0026973907438302,0.030376500064369,0.002784358394466,0.0,0.0
aab97a6d-090f-460f-8656-20fa8ad56ea7,ok,17761535.0,v1.14-1.15,0.100864553314121,0.0,0.0,True,0.0,0.0,0.5512881576378397,4.0,actuator_motors,none,7029033,4799186,3.5,,B,,0.0,4.0,True,10.005819033226734,20.00623342750024,2.0000146905840963,168.251688,133.50548300000003,,True,0.0,0.0,,main,0.0027017301879823,0.0011307395296171,0.0009172930498607,0.0064514549449086,0.0079365575686097,0.0034585550893098,0.0097006570547819,0.0696725115180015,0.0064828561618924,0.0,0.0026980870753077,0.0011301007251774,0.0009168725936924,0.0064307333845142,0.0079052287484098,0.0034525880419402,0.0096539077705054,0.0673525376248013,0.0064619328298345,0.0,0.0
26632d8f-dcdf-45bb-851b-d52a90b92a9a,ok,17826559.0,v1.16+,0.0,0.0,0.0,True,0.0,0.0,0.115443158149719,4.0,actuator_motors,none,4697361,3273457,4.2,,A,,0.0,4.0,True,10.00901006795409,20.00922065932537,1.9999989483573608,106.976691,101.697165,,True,0.0,0.0,,main,0.0403110459446906,0.0,0.0,0.0,0.0,0.0,0.0,2.4370051145553586,3.437237334251402,0.014521810831502,0.03951975107611,0.0,0.0,0.0,0.0,0.0,0.0,1.2346004859536883,1.4900319607682275,0.01441737914726,0.0
8d0e149d-8e5c-4d86-92e0-fbc401e2b49b,ok,17629952.0,v1.12-1.13,0.0,0.0,0.0,True,0.0,0.0,0.3653821431100366,4.0,actuator_motors,none,4269133,3019651,4.5,,A,,0.0,4.0,True,10.01008560614088,20.0101237886288,1.999967397179525,89.552467,81.93073099999997,,True,0.0,0.0,,main,5.679362584487535e-05,0.0003007046092534,0.0,0.0019591139163821,0.0,9.539876518829254e-05,0.000305357039906,0.0027261091861873,0.0,0.0,5.679201314796736e-05,0.0003006594066839,0.0,0.0019571973554792,0.0,9.539421501547776e-05,0.0003053104279337,0.0027224000899448,0.0,0.0,0.0
02f3cb80-b83d-42a4-b1b8-a5d4fe5ea9b4,ok,17695743.0,v1.14-1.15,0.0037393162393162,0.0,0.0,True,0.0,0.0,0.1253107875585555,4.0,actuator_motors,none,56077229,37927538,14.3,,C,,0.0,4.0,True,10.000952063135117,20.0009524726452,2.0000000042328043,945.08258,938.6999789999992,,True,0.0,0.0,,main,0.0019794546533375,0.0002017800870817,0.0,0.0010815238347277,0.0,0.0013307366752997,0.000832737860037,0.0010976546327583,0.0075742060318589,0.0,0.0019774981144697,0.000201759732218,0.0,0.0010809394091673,0.0,0.0013298520299832,0.000832391326233,0.0010970526503841,0.0075456657560422,0.0,0.0
02aefb75-e297-485e-b182-c5b244ed19e6,ok,17761279.0,v1.14-1.15,0.0,0.0,0.0,True,0.0,0.0,0.2446483731013861,4.0,actuator_motors,none,3107204,1972030,4.6,,A,,0.0,4.0,True,10.010799998871663,20.0100705343328,2.000024107242448,93.933027,93.173352,,True,0.0,0.0,,main,0.2321250073611736,0.0,0.0,0.0,0.0,0.0,0.0,0.0,0.0,0.0273431355133652,0.2087403269778384,0.0,0.0,0.0,0.0,0.0,0.0,0.0,0.0,0.0269759895665459,0.0
4d9f0dc8-288f-4fe8-8fd8-be37ff06278b,ok,17694975.0,v1.14-1.15,0.1984126984126984,0.0,0.0,True,0.3434343434343434,5.198910999999999,0.248238867521286,4.0,actuator_motors,none,2040631,1421195,2.9,,C,,0.0,4.0,True,9.967702093485372,19.93703562225536,1.9999216159753737,62.292422,59.62807299999999,,True,0.0,0.0027463107507388,sensor_combined,main,0.0040824683848768,0.0,0.0,0.0,0.0,0.0,0.0,0.0470025949180126,,0.0,0.0040741577218212,0.0,0.0,0.0,0.0,0.0,0.0,0.0459314103170501,,0.0,0.3258785942492013
7dbd39d4-b770-4a79-a4dc-da99044cf8d2,ok,17956992.0,v1.16+,0.0,0.0,0.0,True,0.0,0.0,0.11624007076025,4.0,actuator_motors,none,8631984,6067326,9.9,,B,,0.0,4.0,True,10.005259000814377,20.00518758176045,2.000000927224149,185.889678,181.213724,,True,0.0,0.0,,main,0.0013740650960244,0.0007643768243724,0.0004775305395014,0.0025261867791414,0.0028979185270145,0.003066309611313,0.003611060057301,0.0011197620362509,0.0130538099445402,0.0,0.0013731219324602,0.0007640848371902,0.0004774165580782,0.0025230013328801,0.0028937276557033,0.0030616180720248,0.003604555833325,0.0011191355703601,0.0129693432481998,0.0,0.0
33722454-bd76-4e48-9d83-afae19163524,ok,17891328.0,v1.16+,0.0,0.0,0.0,True,0.0,0.0,0.0890822708606719,4.0,actuator_motors,none,19399551,10801032,11.8,,C,,0.0,4.0,True,10.005249339049024,200.0000315328517,2.000002760237728,170.8267,169.63970599999996,,True,0.0,0.0,,main,0.0003560072364052,0.0,0.0,0.0,0.0,0.0,0.0,3.00411925309163e-06,0.0110280402936041,0.0,0.0003559438808652,0.0,0.0,0.0,0.0,0.0,0.0,3.004114740734424e-06,0.010967674860055,0.0,0.0
a3bb9055-b0f7-41ea-a427-848ef086928a,ok,17761280.0,v1.14-1.15,0.0165837479270315,0.0,0.0,True,0.103374530838007,3.3552180000000007,0.3738584816455841,4.0,actuator_motors,none,94189217,46162732,21.8,,C,,0.0,4.0,True,10.003350316175906,199.67735988847647,2.000005353549684,297.69441,292.98293499999994,,True,0.0,0.0,,main,0.1773573637008666,0.029144824296236,0.0085031452588736,0.0316545195877552,0.0146549611352383,0.030957150645554,0.0221057277172802,0.0642613254487514,0.0151255665346979,0.0,0.1632724047097561,0.0287281897048832,0.0084671971567689,0.0311638431707858,0.0145486149328918,0.0304876432065969,0.0218649382089071,0.0622809673878495,0.0150123157138153,0.0,0.10172155878400649
dcc153ee-9eb5-46cc-b18b-7ac11fa34c42,ok,17761535.0,v1.14-1.15,0.0,1.0,0.0,True,0.0,0.0,0.0405300855636596,4.0,actuator_motors,none,2783142,1903980,4.7,,C,,0.0,4.0,True,10.014516483879866,20.01348335333945,1.9999379299839573,69.695784,67.65413499999998,,True,0.0,0.0,,main,0.0444686843082303,0.0,0.0,0.0,0.0,0.0,0.0,0.0,0.0,0.0,0.043508320050649,0.0,0.0,0.0,0.0,0.0,0.0,0.0,0.0,0.0,0.0
5eef58b4-f72b-4a5a-b093-b4bb88bf38ad,ok,17630207.0,v1.12-1.13,0.0883935434281322,0.0,0.0121419676214196,True,0.0,0.0,0.2729999999999999,6.0,actuator_outputs,per_channel,78107715,39834667,19.3,,A,,,,False,9.927336242494237,219.80517354424845,1.9829996603842392,646.922967,645.9355549999996,True,True,0.0,0.0073483285140755,vehicle_attitude,main,0.0019703006604686,0.0081417352892458,0.0,0.0212853610515594,0.0,0.0,0.0066740300040691,0.0009437954693566,0.0098299982957541,0.0,0.0019683621639852,0.0081087701704581,0.0,0.0210619918573197,0.0,0.0,0.0066518572654957,0.0009433503744429,0.009781998166961,0.0,0.839638798069438
62463aae-b801-4f32-8015-5a8b9a053b81,ok,17760256.0,v1.14-1.15,0.0,0.0,0.0,True,0.1,1.0992449999999965,0.6478346779942512,4.0,actuator_motors,none,2868802,1985303,2.3,,B,,0.0,4.0,True,10.012038087033083,20.01245216374723,2.000075067752543,77.494377,75.018471,,True,0.0,0.0,,main,0.0,0.0010561305563896,0.0004404847481055,0.0360253915190696,0.0096804399974643,0.0021189574617892,0.0091597486287355,0.0225858103483915,0.0086515919305383,0.0,0.0,0.0010555732428762,0.000440387763178,0.0353916527252371,0.0096338847472655,0.0021167156377546,0.009118052554893,0.0223345275146736,0.008614381375407,0.0,0.10051546391752578
5310be39-1ed8-493e-a69d-f58bacd00a34,ok,17694975.0,v1.14-1.15,0.0,0.0,0.0,True,0.0,0.0,0.1545461058616638,4.0,actuator_motors,none,4774056,3099111,3.1,,A,,0.0,4.0,True,10.006943263353422,20.006857857011635,2.000059673013258,146.223715,141.19296099999997,,True,0.0,0.0,,main,0.0004961033002473,0.0,0.0,0.0,0.0,0.0,0.0,0.0002268857293529,,7.462853682227422e-05,0.0004959802816899,0.0,0.0,0.0,0.0,0.0,0.0,0.0002268599946782,,7.46257522515582e-05,0.0
a22280e2-d9d8-43f8-a2d2-cb4ad17540bb,ok,17825984.0,v1.16+,0.0,0.1,0.0,True,0.0010024727661565,0.0285590000000013,0.0768343955278396,4.0,actuator_motors,none,11608489,6505507,8.3,,A,,0.0,4.0,True,9.998884169048669,156.98673615115158,2.0001045449994264,107.667263,104.76348700000004,,True,0.0,0.000516388604629,vehicle_attitude,main,0.0022031082771718,0.0,0.0,0.0,0.0,0.0,0.0,0.0001795743519323,10.410975217819214,0.0,0.0022006849926507,0.0,0.0,0.0,0.0,0.0,0.0,0.0001795582303883,2.434575630670254,0.0,0.0009744372624809173
43086df2-8d17-4bd6-94af-ce0e0f55a03e,ok,17760511.0,v1.14-1.15,0.0,0.0664556962025316,0.0,False,0.0,0.0,0.1534830659627914,4.0,actuator_motors,none,21000620,9565919,13.5,,C,,0.0,4.0,True,10.00030817276206,19.99337565547594,1.999959881992862,151.703928,119.14716099999998,,True,0.0,0.0007458570071253,sensor_combined,main,0.0021091803908348,0.004494209610857,9252263165951.992,0.0007927239552373,0.0003702760179294,0.5330218642950056,0.0019212601939216,0.0,0.0,10.250049018859848,0.0021069591925977,0.0044841408071156,29.85588930411641,0.0007924099155562,0.0003702074826821,0.4272408622113262,0.0019194169340987,0.0,0.0,2.4203724858729228,0.0
eb90344a-8342-415c-bcc7-ec42e2503d6d,ok,17825984.0,v1.16+,0.0,0.0,0.0,True,0.0,0.0,0.1790660142898559,4.0,actuator_motors,none,43305325,16668257,15.1,,B,,0.0,4.0,True,9.999999072847768,199.8278900866631,1.999998160001693,75.096756,70.62000299999998,,True,0.0,0.0,,main,0.0031074963044375,0.0,0.0,0.0,0.0,0.0,0.0,2.5654616355896,6.662947416305542,0.0,0.0031026780170892,0.0,0.0,0.0,0.0,0.0,0.0,1.2712935365319933,2.0363966899401302,0.0,0.0
bee48525-257b-4ff9-8861-1e67c9450529,ok,17760767.0,v1.14-1.15,0.0,0.0,0.0,True,0.0,0.0,0.2553261846303937,4.0,actuator_motors,none,61481291,30998146,17.9,,C,,0.0,4.0,True,9.919648117122971,198.0464937826098,1.983871574664408,435.18376,432.6129269999997,,True,0.0,0.0083480199081173,vehicle_attitude,main,0.0015341968508437,0.0029312409576959,0.0029214420472271,0.0151355240494012,0.0186237320303916,0.0106491200625896,0.0834970921277999,0.0365436283871531,0.0325628507882356,0.0,0.0015330211731821,0.0029269532477503,0.0029171829285719,0.0150221248115216,0.0184524338719932,0.0105928175456608,0.0801938582138409,0.0358917440359791,0.0320439164345258,0.0,0.0
71a8f84f-924c-4fa5-9a21-6ca2a56405af,ok,17761280.0,v1.14-1.15,0.0,0.0,0.0,True,0.0,0.0,0.18392835855484,4.0,actuator_motors,none,21867064,12575416,8.0,,B,,0.0,4.0,True,10.002163773214756,20.00223234035836,1.9999904688322296,425.058623,419.8615709999998,,True,0.0,0.0,,main,0.0065703453728929,0.0,0.0,0.0,0.0,0.0,0.0,7.579507000627923e-05,0.0,0.0,0.0065488547363085,0.0,0.0,0.0,0.0,0.0,0.0,7.579219770509719e-05,0.0,0.0,0.0
1e08051b-ce86-4d5c-9963-12525a67a49b,ok,17760256.0,v1.14-1.15,0.0,0.0,0.0,True,0.0024570024570024,0.1010920000000012,0.3412130326032638,4.0,actuator_motors,none,14236327,8856733,6.4,,A,,0.0,4.0,True,10.003189496514862,20.00298795803576,1.9999986979664188,320.090368,162.83325099999993,,True,0.0,0.0,,main,0.0039707338204607,0.0326660254970172,0.021300125028938,0.0050349361961707,0.0047419972950592,0.4514000713825226,0.0168583190068602,0.0,0.0005631957537843,0.0016397446859627,0.0039628712634657,0.0321438324390444,0.0210764480232716,0.0050223032910908,0.0047307894436539,0.3725286570437383,0.0167177946838902,0.0,0.0005630372185772,0.0016384017724682,0.0012484394506866417
ed7d5563-6c4b-4926-8379-c91ebad1b236,ok,17826047.0,v1.16+,0.2736486486486486,0.0,0.0,True,0.0235849056603773,9.799691,0.21594690233469,4.0,actuator_motors,none,15592003,9434067,6.1,,B,,0.0,4.0,True,10.00229069544855,20.00219719899865,1.999982574594965,426.855795,423.9931589999997,,True,0.0,0.0,,main,0.0007578442018711,0.0,0.0,0.0,0.0,0.0,0.0,0.0157435026019811,0.006589010450989,0.0,0.0007575571829552,0.0,0.0,0.0,0.0,0.0,0.0,0.0156208592144711,0.0065673978069727,0.0,0.02339728591483388
8c5caa7e-149d-4e32-a0c3-de9164055232,ok,17761535.0,v1.14-1.15,0.0,0.194331983805668,0.0,True,0.0,0.0,0.1189090892672538,4.0,actuator_motors,none,13399731,8434582,4.7,,C,,0.0,4.0,True,10.00844166407756,221.9862758385528,2.0000765816556667,117.918805,105.69521599999996,,True,0.0,0.0,,main,0.0020564488950185,0.0016215591749642,0.0009780584950931,0.0021563610644079,0.001934678555699,0.0014497350202873,0.0015143659256864,0.0111864253412932,0.0058885995531454,0.0,0.002054337298421,0.0016202458674308,0.0009775805075243,0.0021540394547745,0.0019328094754667,0.001448685169021,0.0015132204299286,0.0111243200138748,0.0058713295151899,0.0,0.0
49f5e1a0-3122-4442-9eef-24ffa3ad3047,ok,17629952.0,v1.12-1.13,0.0,0.0,0.0,True,0.0,0.0,0.1476499999999999,6.0,actuator_outputs,per_channel,3789145,2477894,2.8,,B,,,,False,10.010879190072034,20.01055113861253,2.0000734249177325,90.121629,84.82926100000002,True,True,0.0,0.0,,main,0.0002424337289994,0.007190516218543,0.0,0.0,0.0,0.0,0.0,0.0129713583737611,0.0,0.0,0.0002424043466916,0.0071647877173144,0.0,0.0,0.0,0.0,0.0,0.0128879508034129,0.0,0.0,0.0
c0b076dc-d9fb-4e24-ad85-68dabce35608,ok,17694975.0,v1.14-1.15,0.0,0.0,0.0,True,0.0,0.0,0.0587102949619293,4.0,actuator_motors,none,6710898,3979291,4.8,,A,,0.0,4.0,True,10.004931246567688,20.004963600046064,1.9999973660968349,203.982678,202.456585,,True,0.0,0.0,,main,0.0064170516096055,0.0,0.0,0.0,0.0,0.0,0.0,0.0181441488675773,0.2792363226413726,0.0,0.0063965499938014,0.0,0.0,0.0,0.0,0.0,0.0,0.0179815081703703,0.2462632769448112,0.0,0.0
73f78b34-4350-46a4-9da6-00ba259a20a0,ok,17695743.0,v1.14-1.15,0.021021021021021,0.0,0.0,True,0.0,0.0,0.2495896458625793,4.0,actuator_motors,none,18362148,10523044,8.1,,B,,0.0,4.0,True,10.006241114609818,139.58630999114308,1.99993705334072,165.849061,163.2892569999999,,True,0.0,0.0,,main,0.006934521254152,0.0,0.0,0.0,0.0,0.0,0.0,0.0001208641799166,0.0,0.0004542481998214,0.006910588041518,0.0,0.0,0.0,0.0,0.0,0.0,0.00012085687643,0.0,0.0004541450603406,0.0
a7e79be8-6910-40a2-a387-2214f0cebef7,ok,17891392.0,v1.16+,0.0,0.1146953405017921,0.0,True,0.0,0.0,0.2180423319339751,4.0,actuator_motors,none,55105840,31951971,30.7,,A,,0.0,4.0,True,9.99296372903481,199.29202918858948,1.999990711101406,421.153829,416.8739569999997,,True,0.0,0.0010355541335974,vehicle_attitude,main,0.00180868289317,0.0001147019393101,6.072687774576477e-05,0.0008080879139015,0.0008008093485841,0.0006744841986801,0.0011093485285528,0.0065402030711993,0.001937241514679,0.0,0.0018070491958629,0.0001146953615456,6.072503394356959e-05,0.0008077615866521,0.0008004888718601,0.000674256836442,0.0011087336561704,0.006518908738838,0.0019353674822478,0.0,0.0
83c6a220-df90-4873-a92b-eda2d7388fd1,ok,17761280.0,v1.14-1.15,0.2389078498293515,0.0716723549488054,0.0,True,0.0357142857142857,1.0999959999999973,0.287957140803337,4.0,actuator_motors,none,4404965,3311111,5.5,,B,,0.0,4.0,True,10.008996675329907,20.009012868569297,2.0000046834280525,99.638823,95.24017300000004,,True,0.0,0.0,,main,0.0081832030788063,0.003033420164138,0.0047648999374359,0.0102112497668713,0.0109760355204343,0.0058897578623145,0.0285183973610401,0.0460760582238435,0.0056139170657843,0.00188156706281,0.00814990222093,0.0030288286282202,0.0047535837345411,0.0101594671676655,0.0109162360189534,0.0058724810428071,0.0281193175163196,0.0450460764063556,0.0055982177623593,0.0018797991328092,0.034
0c067361-71b3-4a1b-96a3-876b7ab34e2e,ok,17826047.0,v1.16+,0.0303030303030303,0.0158730158730158,0.0,True,0.0232693426410703,1.8999979999999963,0.3426521986722946,4.0,actuator_motors,none,16542986,10834259,5.9,,C,,0.0,4.0,True,10.002880484652668,20.002588438405592,2.000002008635111,347.610619,343.86017899999985,,True,0.0,0.0,,main,0.0107843682635575,0.0017510700854472,0.0021142932237125,0.0172671130858361,0.0143852271139621,0.0137283378280699,0.0121435800101608,0.1133410893380642,0.0425740899518132,0.0,0.0107266316948285,0.0017495387496154,0.0021120612512703,0.0171197306491259,0.0142827414184811,0.0136349578621579,0.0120704382820119,0.1073654847675487,0.0416927416636444,0.0,0.02298190175237001
3745b1e8-dd55-44f2-9423-31f14a88038c,ok,17694975.0,v1.14-1.15,0.0387836051123843,0.0,0.0,True,0.0,0.0,0.3651442974805832,4.0,actuator_motors,none,47146128,29102633,10.1,,B,,0.0,4.0,True,10.00084542904898,20.000817169249828,2.000006726181851,1143.475693,1139.129985999999,,True,0.0,0.0,,main,0.0345840334892272,0.0095627463422715,0.0,0.0158951783552765,0.0,0.0444745004177093,0.0090483600273728,0.1214942432940005,0.162149679660797,0.0,0.0339994459234694,0.009517312700746,0.0,0.0157701729236447,0.0,0.0435138885213681,0.0090076688922785,0.1146619419234899,0.150271462234667,0.0,0.0
18471c8a-2bb0-4180-ad36-9492ce49bb24,ok,17695743.0,v1.14-1.15,0.2356006582556226,0.0030170049369171,0.0,True,0.0,0.0,0.0964879095554351,4.0,actuator_motors,none,193623087,99566378,40.9,,C,,0.0,4.0,True,10.00057334738609,201.67153815398672,2.0000004909042746,1841.704903,1831.096473999996,,True,0.0,0.0,,main,0.0004471177817322,0.0004895120946457,0.0,0.0006641283398494,0.0,0.0007489551469916,0.0007883276353823,0.0005396380787715,,0.0,0.0004470178543619,0.0004893923226852,0.0,0.0006639079042164,0.0,0.0007486748200449,0.0007880170683602,0.0005394925265048,,0.0,0.0
bc234ffa-1ede-4cdc-acec-3bc2c09f600f,ok,17695488.0,v1.14-1.15,0.008,0.0,0.0,True,0.00023430864306,0.011994,0.6537594735622405,4.0,actuator_motors,none,13780093,8039319,8.2,,C,,0.0,4.0,True,10.007251804011942,174.0430576438684,2.0001288470099188,124.668513,120.12843299999996,,True,0.0,0.0,,main,0.0005881760152988,0.0016193805728107,0.0,0.0620323553681373,0.0,0.0022983164526522,0.0050161353312432,0.0654638886451684,,0.0,0.0005880031075831,0.0016180707899248,0.0,0.0601843888039944,0.0,0.0022956793631983,0.0050035964381214,0.0634102805182628,,0.0,0.00022596316800361542
0a3bfbdb-e439-42ba-bc6d-996dda072e4e,ok,17761535.0,v1.14-1.15,0.0,0.0,0.0,False,0.0140871525169045,0.8012469999999894,0.4679348573088644,4.0,actuator_motors,none,18471036,10876649,9.6,,B,,0.0,4.0,True,9.945938798393604,19.88441498665949,1.985075152762447,536.361652,534.8397829999994,,True,0.0,0.0061336410539455,vehicle_attitude,main,0.0267146855592727,0.0,0.0,0.0,0.0,0.0,0.0,0.0,0.0,0.0,0.0263640788722561,0.0,0.0,0.0,0.0,0.0,0.0,0.0,0.0,0.0,0.014055472263868066
ade09da2-9df0-48d6-bb15-a39c464d44d8,ok,17761280.0,v1.14-1.15,0.0,0.0,0.0,True,0.0,0.0,0.1692034296691417,4.0,actuator_motors,none,4028640,3103121,8.3,,B,,0.0,4.0,True,10.012061817102504,20.012060102661867,2.0000008727276533,82.466334,78.31973199999999,,True,0.0,0.0,,main,2.585612416267395,0.4813875406980514,0.2288718372583389,0.0766254756599664,0.0585176022723317,2.3429527282714844,0.3018229007720947,0.4227040931582451,0.0747394040226936,0.0052428973140195,1.276929286872953,0.392979176070291,0.206096543012972,0.0738315899336433,0.0568694409040489,1.206854466826911,0.2637655136223246,0.3525593517062326,0.0720782173297833,0.0052292011786604,0.0
4dbf2980-c051-423b-9164-5f071998d66f,ok,17891583.0,v1.16+,0.0,0.0,0.0,True,0.0,0.0,0.2325532495975494,4.0,actuator_motors,none,7388414,5306497,9.0,,B,,0.0,4.0,True,10.006356929976612,20.006103649613944,2.000052770121948,153.665166,148.956883,,True,0.0,0.0,,main,0.0053134981309995,0.0008579746034229,0.001943786611082,0.0123113244306296,0.0182177857495843,0.0047149424673989,0.0066604782128706,0.0,0.0190808361396193,0.0,0.0052994313071651,0.0008576067536016,0.0019418999023977,0.0122361563925855,0.0180538301685252,0.0047038619418731,0.0066383952291144,0.0,0.0189010799849137,0.0,0.0
fa0570de-a5e1-4189-a224-cbf07879d500,ok,17760767.0,v1.14-1.15,0.0,0.0030078203328654,0.0,True,0.0,0.0,0.0823583185672759,4.0,actuator_motors,none,102554408,59050475,19.4,,C,,0.0,4.0,True,9.90362279995636,19.8057096063862,1.9807276762489407,2542.827139,2538.479955999996,,True,0.0,0.0100093918888865,vehicle_attitude,main,0.0052328106947243,6.329593888949601e-05,4.808128578588362e-05,0.0010736542055383,0.0008267505094408,0.0005687281722202,0.0008567030308768,0.0007493205019272,0.0003415923274587,0.0,0.0052191671163188,6.329393578608116e-05,4.808012991791248e-05,0.0010730782510755,0.0008264089394874,0.0005685665076458,0.0008563362702902,0.0007490399014842,0.0003415339980824,0.0,0.0
89588da8-22e9-494e-8a83-cb545c000758,ok,17694976.0,v1.14-1.15,0.0337941628264208,0.0,0.065203357004519,True,0.0561174551386623,2.498818999999997,0.6722263947129249,4.0,actuator_motors,none,13416460,7606424,3.4,,C,,0.0,4.0,True,10.003290972874812,20.00301767379211,1.99998455028116,309.061997,306.520873,,True,0.0,0.0,,main,0.0295851532369852,3.04320092201233,0.0,3.4926823377609257,0.0,0.034918413311243,0.2855204075574875,5.096800184249879,5.558714151382445,0.0,0.0291559572628135,1.397036685692015,0.0,1.5024499259996151,0.0,0.0343225958916587,0.2511636227883752,1.807764073590522,1.8807945702340656,0.0,0.055537617048756864
4f00c68b-88f0-40fa-8936-aa2e1e89056a,ok,17694720.0,v1.14-1.15,0.0,0.0,0.0,True,0.0,0.0,0.1292450726032256,4.0,actuator_motors,none,8631166,5748301,5.2,,C,,0.0,4.0,True,10.004850743715853,20.004839666629493,2.000013419444879,201.803828,195.74843099999995,,True,0.0,0.0,,main,0.0037078709574416,0.0015405964397359,0.0,0.0157055827323347,0.0,0.0205840264447033,0.1343861684203144,0.2613276496529578,0.3162194669246667,0.0,0.0037010137491249,0.0015394109384706,0.0,0.0155835263864671,0.0,0.0203750383834775,0.1260916838620081,0.232164856422277,0.2747635871786963,0.0,0.0
f1c7d144-03fb-4448-9242-488ccc340567,ok,17825920.0,v1.16+,0.0,0.0,0.0,True,0.0,0.0,0.1234493345022201,4.0,actuator_motors,none,28453430,17637423,8.4,,B,,0.0,4.0,True,10.001512564708603,20.001469368404333,1.9999988469867545,647.428679,641.2818999999995,,True,0.0,0.0,,main,0.0012160129728727,0.0,0.0,0.0,0.0,0.0,0.0,6.128647000878114e-05,0.0393528036773204,0.0,0.0012152742279192,0.0,0.0,0.0,0.0,0.0,0.0,6.128459206980585e-05,0.0385982152852578,0.0,0.0
2c2f1ae6-d8b4-4f53-ba23-4f2a618a5159,ok,17760768.0,v1.14-1.15,0.0,0.0588235294117647,0.0,True,0.0001248088863927,0.0150670000000019,0.2446632921695708,4.0,actuator_motors,none,11879363,7235121,7.3,,C,,0.0,4.0,True,10.008832412263024,164.51507241288155,1.9999566334189829,117.555812,112.16917000000008,,True,0.0,0.0,,main,0.0,0.0,0.0,0.0,0.0,0.0,0.0,0.0003812803857726,0.0,0.0,0.0,0.0,0.0,0.0,0.0,0.0,0.0,0.0003812077168772,0.0,0.0,0.00011891666914409728
b9c1f7d5-a1f9-4590-b1bc-9dc0f6a21d1a,ok,17761280.0,v1.14-1.15,0.0,0.0,0.0,True,0.0465116279069767,0.7974510000000024,0.4557541728019689,4.0,actuator_motors,none,2668075,2064910,8.2,,C,,0.0,4.0,True,10.015879927631476,20.01559087112932,2.0001080708799925,61.584901,60.211648999999966,,True,0.0,0.0,,main,0.0041488205781206,0.0028902373975142,0.0030742731993086,0.0108770246617495,0.0138659602962434,0.0036193994921632,0.0318600201979279,0.0051926024490967,0.0007559125893749,0.0,0.004140237952353,0.0028860686918415,0.0030695572843251,0.0108182953122682,0.0137707073742888,0.0036128652278169,0.0313630185164302,0.0051791673775868,0.000755627031349,0.0,0.04501607717041801
476eaa6a-4f02-4c91-bdea-e1bdeaad44b5,ok,17761535.0,v1.14-1.15,0.0419463087248322,0.0335570469798657,0.0,True,0.0,0.0,0.2391927316784858,4.0,actuator_motors,none,66484422,40654594,25.7,,A,,0.0,4.0,True,10.00150851785624,220.87897574705525,2.0000044666766423,600.297687,596.1005169999995,,True,0.0,0.0,,main,0.0027404888533055,9.026291081681848e-05,0.0001289979700231,0.0021289575379341,0.0025873098056763,0.0013195824576541,0.0052364440634846,0.0005018656956963,0.0002837334468495,0.0,0.0027367405602698,9.025883736540312e-05,0.0001289896505004,0.0021266945191796,0.0025839684817801,0.0013187125738942,0.0052227815647881,0.000501739803227,0.0002836932021274,0.0,0.0
8a0f7cbf-318c-4402-bec1-cbd2c9fcd737,ok,17826240.0,v1.16+,0.0,0.0,0.0,True,0.0,0.0,0.3634502924978733,4.0,actuator_motors,none,15021921,9800298,5.3,,B,,0.0,4.0,True,10.003081909181487,20.00313478221952,2.000029207164655,326.774943,322.41678599999995,,True,0.0,0.0,,main,0.0015783793875016,0.0005878666997887,0.0003393873324966,0.0120444936677813,0.0089995405171066,0.0119961298070848,0.0240772016346454,0.0124071052763611,0.0046295250998809,0.0,0.0015771350559356,0.0005876939738502,0.0003393297536431,0.0119725359736769,0.0089592859869347,0.0119247465566615,0.0237919159967987,0.0123307679142644,0.0046188418082443,0.0,0.0
73ec2e2c-28bd-48c1-85a4-ba0b9f645d4f,ok,17826047.0,v1.16+,0.0,0.0,0.0,True,0.0,0.0,0.1129674494266509,4.0,actuator_motors,none,112014410,40042677,30.0,,C,,0.0,4.0,True,9.983954550849042,19.96805524161042,1.9967910638119133,624.304863,616.0003569999998,,True,0.0,0.001460395806077,sensor_combined,main,0.0019954527728259,0.0001114900507673,0.0001766750006936,0.0007704899122472,0.0004882154986262,0.0023410615976899,0.0007075805566273,0.0049712836742401,0.000555727520259,7.571738751721568e-05,0.0019934645015032,0.0001114838362134,0.0001766593955036,0.000770193237275,0.0004880963602148,0.0023383255822762,0.0007073303395307,0.0049589676443424,0.0005555731609057,7.571452110052028e-05,0.0
ba428ac1-1831-4498-a311-83358df55601,ok,17695232.0,v1.14-1.15,0.0,0.1125,0.0,True,0.0,0.0,0.1230717122554778,4.0,actuator_motors,none,2700087,1850951,3.2,,A,,0.0,4.0,True,10.013410417582392,20.01252338662572,2.000044606257995,76.657931,71.30579599999999,,True,0.0,0.0,,main,0.0074436833150685,0.0,0.0,0.0,0.0,0.0,0.0,0.0,,0.0002273967511428,0.0074161158223537,0.0,0.0,0.0,0.0,0.0,0.0,0.0,,0.0002273709004204,0.0
300720a9-c568-4dd0-bd5c-dcb5590ea5fd,ok,17694720.0,v1.14-1.15,0.0,0.0,0.0,True,0.0,0.0,0.3149629548192024,4.0,actuator_motors,none,28764126,16983106,7.2,,A,,0.0,4.0,True,10.001654165891347,20.00141617480069,2.0000113265463586,632.86789,629.1816289999995,,True,0.0,0.0,,main,28.18893384933472,0.0,0.0,0.0,0.0,0.0,0.0,0.0,,0.0,3.373789659681506,0.0,0.0,0.0,0.0,0.0,0.0,0.0,,0.0,0.0
aa9bec3b-947d-4f04-9f70-5dde104ae5a0,ok,17826047.0,v1.16+,0.086021505376344,0.086021505376344,0.0,True,0.0,0.0,0.1374947026371956,4.0,actuator_motors,none,12283081,7541134,4.8,,A,,0.0,4.0,True,10.010332888058896,200.39188424532807,2.0000716728980805,91.409703,82.99252200000004,,True,0.0,0.0,,main,0.0195494674146175,0.0013131308369338,0.0027255242923274,0.5853783726692204,0.3917131721973419,0.0482368677854537,0.0168488023802638,0.306006063520909,0.0681508511304856,0.0003581718512577,0.0193608311054928,0.0013122694346431,0.0027218167860644,0.4608230997668903,0.3305354862241593,0.0471095792396812,0.0167084357880134,0.2669736736619216,0.065928976940532,0.0003581077230323,0.0
f422de47-378d-4a42-b193-cc49b5107513,ok,17761023.0,v1.14-1.15,0.0,0.0,0.0,True,0.0,0.0,0.1251483634114265,4.0,actuator_motors,none,4842665,3359973,3.7,,C,,0.0,4.0,True,10.008188738486703,20.008001193824672,1.9999484887216976,119.518263,111.950727,,True,0.0,0.0,,main,0.0028663291363045,0.0,0.0,0.0,0.0,0.0,0.0,0.0055445954669266,0.0826235488057136,0.0,0.002862229047879,0.0,0.0,0.0,0.0,0.0,0.0,0.0055292807805618,0.0793873072277749,0.0,0.0
d16c9bb7-0e56-4ada-a730-beef81305d7b,ok,17760384.0,v1.14-1.15,0.0280898876404494,0.095505617977528,0.0,True,0.0,0.0,0.146042828261852,4.0,actuator_motors,none,15718993,10510992,4.7,,A,,0.0,4.0,True,9.8760151980836,197.25974451233785,1.9780404085043213,137.657534,131.94652299999993,,True,0.0,0.0132862378838703,vehicle_attitude,main,0.004930980107747,0.0052137319464236,0.0030871687922626,0.0153100481256842,0.0171643580310046,0.0021724624908529,0.0032647866057232,0.1161302682012319,0.0076932466588914,0.0,0.0049188626429951,0.0052001875036838,0.0030824132715695,0.015194031982149,0.0170187146587839,0.0021701061063699,0.0032594687612075,0.1098675849258437,0.0076638045440348,0.0,0.0
8ab93da8-5567-4605-885d-d092a424289e,ok,17761280.0,v1.14-1.15,0.0,0.0,0.0,True,0.0,0.0,0.1677338689565658,4.0,actuator_motors,none,27725939,14788818,11.1,,B,,0.0,4.0,True,10.001476602887315,20.00143052125577,1.9999860244137688,659.190599,58.245243,,True,0.0,0.0,,main,0.0015584683744236,0.0027183541096746,0.0035100513603538,0.0002974950184579,0.0005129461176693,0.0043026991188526,0.0002153768436983,0.0400924041867256,0.1463959723711014,0.0,0.0015572552228618,0.0027146660672335,0.0035039055073852,0.0002974507755893,0.0005128146057799,0.0042934689758793,0.0002153536534356,0.0393095593858817,0.1366230842415479,0.0,0.0
7c078119-7ab3-4bd5-9bde-1d9a72351752,ok,17826047.0,v1.16+,0.0,0.0,0.0,True,0.0,0.0,0.2060993269085883,4.0,actuator_motors,none,3169745,2307451,3.3,,C,,0.0,4.0,True,10.015575373574038,20.01541171317278,2.000013798544812,64.771363,56.94378900000002,,True,0.0,0.0,,main,0.0049246077425777,0.0,0.0,0.0,0.0,0.0,0.0,0.2609501957893371,0.2261424183845519,0.0,0.0049125215255458,0.0,0.0,0.0,0.0,0.0,0.0,0.2318655603973602,0.2038729958445018,0.0,0.0
5ded1715-1f2f-41fc-8a3b-737b54283616,ok,17761535.0,v1.14-1.15,0.0,0.0,0.0,True,0.0,0.0,0.1599999954575026,4.0,actuator_motors,none,8298809,4906693,5.6,,B,,0.0,4.0,True,10.000121675620983,247.46678256754453,1.9851508311585904,66.857375,64.019511,,True,0.0,0.0006730552602798,vehicle_attitude,main,0.0159325215965509,0.0,0.0,0.0,0.0,0.0,0.0,0.0,0.0,0.0,0.0158069311992401,0.0,0.0,0.0,0.0,0.0,0.0,0.0,0.0,0.0,0.0
1c126e44-21ec-4a49-961d-c07316327077,ok,17891392.0,v1.16+,0.0,0.0,0.0,True,0.0,0.0,0.3220930427312847,4.0,actuator_motors,none,3495110,2461551,3.0,,B,,0.0,4.0,True,10.010515685523467,20.01081202740573,1.9998181305293936,96.540587,91.172024,,True,0.0,0.0,,main,0.000766120996559,0.0,0.0,0.0,0.0,0.0,0.0,2.6321576476097093,1.2342199862003318,0.0,0.0007658276756716,0.0,0.0,0.0,0.0,0.0,0.0,1.289826864975954,0.8038921676881077,0.0,0.0
4744d377-401c-4da7-a049-676553d70c5f,ok,17630207.0,v1.12-1.13,0.0,0.0,0.0,True,0.0,0.0,0.2097993940114972,4.0,actuator_motors,none,6894075,4505783,5.0,,A,,0.0,4.0,True,10.006202222413094,20.0061566528258,2.0000636007685464,159.811731,155.31772999999995,,True,0.0,0.0,,main,0.0209894387051463,0.0342866936698556,0.0,0.0987963743507862,0.0,0.0,0.0480713805183768,0.0013319548103027,0.0698049187660218,0.0,0.0207721950596318,0.033712004260232,0.0,0.094215375589186,0.0,0.0,0.0469516947610464,0.0013310685453836,0.0674763129414419,0.0,0.0
01f86696-9726-49d5-9a35-efe0c38cc3d4,ok,17761280.0,v1.14-1.15,0.0645412130637636,0.0,0.0,True,0.0,0.0,0.481274402141571,4.0,actuator_motors,none,22751624,13561484,8.9,,C,,0.0,4.0,True,10.001556824391454,20.001458785253543,1.9999860932300857,634.103722,624.7861690000003,,True,0.0,0.0,,main,0.0272169349715113,0.0001203574989631,0.0001944880008522,0.001218963129213,0.0017719757044687,4.254271443642203e-05,0.0014451614872086,0.0,0.0,0.0011983795557171,0.0268531403553444,0.0001203502565804,0.0001944690905128,0.001218220796847,0.0017704076076664,4.2541809520811175e-05,0.0014441182463266,0.0,0.0,0.0011976620720919,0.0
f868d5dd-9187-4816-bc8a-fd47ff321284,ok,17826303.0,v1.16+,0.0,0.0,0.0,True,0.0,0.0,0.0537761747837066,4.0,actuator_motors,none,27541824,15864965,9.1,,B,,0.0,4.0,True,9.984716425202713,19.96948645282417,1.9958415455543947,721.485539,711.3205260000004,,True,0.0,0.0017025622574699,sensor_combined,main,0.0005675648688338,0.000468510693463,0.0009566331398673,0.0014225046732462,0.0029200197197496,0.002708337130025,0.0036259023589082,0.0,0.5995781421661376,0.0,0.0005674038648109,0.0004684009765957,0.0009561758579959,0.0014214938719396,0.0029157647432321,0.0027046761935637,0.0036193446219787,0.0,0.4697399333348607,0.0,0.0
965aa030-4ac0-4c51-976a-2e46419362ca,ok,17760256.0,v1.14-1.15,0.0,0.0,0.0,True,0.0,0.0,0.2908129319548607,4.0,actuator_motors,none,4616699,3105083,5.0,,C,,0.0,4.0,True,10.007669297732845,20.00750649948801,2.0001368221085083,126.191632,120.53803399999995,,True,0.0,0.0,,main,9.383428514411204e-05,0.0,0.0,0.0,0.0,0.0,0.0,0.0,0.0,0.0006993397109908,9.382988298295808e-05,0.0,0.0,0.0,0.0,0.0,0.0,0.0,0.0,0.0006990952869254,0.0
2cbf5e2c-d5d2-403c-a894-808dc57f5cee,ok,17629952.0,v1.12-1.13,0.0,0.0,0.0,True,0.0,0.0,0.41015,6.0,actuator_outputs,per_channel,4356440,3448444,3.3,,C,,,,False,9.963634901237189,19.915191164450142,2.0000658930799684,82.709988,80.24751999999998,True,True,0.0,0.0045841329071541,sensor_combined,main,1.5219429769786076e-05,0.0194369996897876,0.0,0.0353040536865592,0.0,0.003969456127379,0.0283306119963526,0.0439046034589409,0.1437387466430664,0.0,1.5219313955439902e-05,0.0192505138211377,0.0,0.0346951552527171,0.0,0.0039615986228879,0.0279367223288704,0.0429681092882231,0.134302498558593,0.0,0.0
4a417e78-eb30-4cc1-8ff5-c08f784d1dc9,ok,17695488.0,v1.14-1.15,0.0,0.0,0.0,True,0.0740115239419829,0.0660260000000008,0.7365459933876991,4.0,actuator_motors,none,8699476,4878254,6.5,,B,,0.0,4.0,True,9.897479915793738,172.60583287751427,1.98696904145094,77.186045,71.69068799999998,,True,0.0,0.0113454571140614,vehicle_attitude,main,0.0035229283035732,0.0040831062477082,0.0,0.4369492664933204,0.0,0.0042817373992875,0.0069184439023956,4.008894729614256,0.5366850316524505,0.0,0.0035167373276393,0.0040747929909837,0.0,0.3625223013193807,0.0,0.0042725968440587,0.0068946212832343,1.6112152779067328,0.4296275194528399,0.0,0.06837685282914965
e8c8802e-fd53-44c8-82ee-05ebb85da95a,ok,17826047.0,v1.16+,0.0,0.0,0.0,False,0.019487421755049,1.4975970000000416,0.254264925420284,4.0,actuator_motors,none,73258355,37898154,14.4,,A,,0.0,4.0,True,10.00063028791731,20.000629022139456,2.0000002287869525,1591.129918,846.3436960000005,,True,0.0,0.0,,main,0.015405592881143,0.0641776807606219,0.050868735462427,0.0883928216993806,0.0934525057673453,0.0261571444571017,0.0631873380392782,2.6458683967590315,5.613840150833113,0.0,0.0152881315730518,0.0622023701737141,0.0496171891970109,0.0847021326271646,0.0893401269654139,0.0258208972593301,0.0612713190526021,1.2935945803661393,1.8891644459629031,0.0,0.01036692636340789
6ed587d9-7432-416d-b244-f38bd29c9dbf,ok,16842880.0,v1.12-1.13,0.0,0.0,0.0,True,0.0,0.0,0.2027703151106834,4.0,actuator_motors,none,14189204,8555484,6.9,,A,,0.0,4.0,True,10.007229947499376,160.31191114482135,2.000076877028999,135.44855,130.39630700000004,,True,0.0,0.0,,main,0.0101943821646273,0.0,0.0,0.0,0.0,0.0,0.0,2.662878250703216e-05,,0.0019418022711761,0.0101427699243221,0.0,0.0,0.0,0.0,0.0,0.0,2.6628427967297217e-05,,0.001939919410181,0.0
e004286e-f67e-4cdc-81fd-8ac1212aa38a,ok,17630207.0,v1.12-1.13,0.0,0.0,0.0,True,0.0,0.0,0.425,6.0,actuator_outputs,per_channel,3503555,2260771,4.3,,C,,,,False,10.011030138602353,20.01131142977725,1.999968699285056,82.942621,79.237906,True,True,0.0,0.0,,main,5.093889399176987e-07,3.280714372522198e-05,0.0,0.0,0.0,0.0,0.0,0.775668501853942,0.0,0.0,5.093888101791967e-07,3.280660558265219e-05,0.0,0.0,0.0,0.0,0.0,0.5741769727863658,0.0,0.0,0.0
5dbdf728-10ab-44a0-9729-e87155d8f36c,ok,17694720.0,v1.14-1.15,0.0,0.0,0.0,True,0.018588531821046,0.6667769999999997,0.3423534281551837,4.0,actuator_motors,none,18455815,6524148,9.2,,C,,0.0,4.0,True,10.013320070139224,258.4053486819881,97.63706263022978,72.158296,68.27928899999999,,True,0.0,0.0035384638366238,sensor_combined,main,0.0,0.0,0.0,0.0,0.0,0.0,0.0,0.0006814457010477,0.0,0.1024456247687339,0.0,0.0,0.0,0.0,0.0,0.0,0.0,0.0006812136223526,0.0,0.0975310071849395,0.01757259865971705
6dafa597-d105-4074-8b78-7e1735971a26,ok,17694720.0,v1.14-1.15,0.0,0.0,0.0,True,0.0,0.0,0.4580259203910827,4.0,actuator_motors,none,5372466,3620717,5.1,,B,,0.0,4.0,True,10.007954086621709,20.00763106789923,2.000095337877772,120.284561,112.436616,,True,0.0,0.0,,main,0.0031831422820687,0.0187950506806373,0.0,0.007526381406933,0.0,0.4813155233860016,0.0054314020089805,0.013078668154776,0.1085229974240062,0.0002563918533269,0.003178086810025,0.0186206061221984,0.0,0.0074981995151677,0.0,0.3929305601202574,0.0054167051374833,0.01299388084434,0.1030284962947543,0.0002563589905527,0.0
5880a7c6-5791-4c41-b922-6fb9db39fa6e,ok,17891392.0,v1.16+,0.0,0.3118811881188119,0.0,False,0.0159404888416578,0.9959999999999988,0.0761400461196899,4.0,actuator_motors,none,28509932,11848087,7.2,,C,,0.0,4.0,True,125.0,250.0,100.0061284523615,97.788,93.368,,True,0.0,0.0,,main,0.0002853731275536,0.0001387038064422,5.93132366702774e-05,0.0011181036243215,0.0009571212576702,7.560760423075408e-05,0.0003868476487696,0.0696917209774254,0.0657436322420833,0.0,0.0002853324163876,0.0001386941879586,5.931147770980799e-05,0.0011174790120083,0.0009566635091765,7.560474611990768e-05,0.0003867728425097,0.067370495725748,0.0636728017375995,0.0,0.01529051987767584
ce059f36-490f-42d6-9fc1-302ebe7cf8d9,ok,17564415.0,v1.12-1.13,0.0,0.0,0.0,True,0.0,0.0,0.5408571428571429,6.0,actuator_outputs,bus,3302494,2406761,3.1,,C,,,,False,10.012890707315682,20.012004154979667,2.0126969330001856,78.451696,77.577069,True,True,0.0,0.0,,main,0.0005581772245932,0.0029836506349965,0.0,0.0098467151634395,0.0,0.0,0.0022959011839702,0.0132894125767052,0.0,0.0,0.0005580215016308,0.0029792083833318,0.0,0.0097985521704551,0.0,0.0,0.0022932696299359,0.0132018829587564,0.0,0.0,0.0
c3464a5b-81bd-4004-a282-b60b1ff7a5d3,ok,17826047.0,v1.16+,0.0,0.0,0.0,True,0.0,0.0,0.1356249898672104,4.0,actuator_motors,none,5954590,4218240,3.2,,B,,0.0,4.0,True,10.007001675420105,20.00624722298671,2.0000927093332823,139.264222,131.09822100000005,,True,0.0,0.0,,main,0.0013144764932803,0.0011328445514664,0.001594544306863,0.0066165954340249,0.0060440345201641,0.0295501071959733,0.0200672008097171,0.137251316010951,0.0215862618759273,0.0,0.001313613325381,0.0011322033672731,0.0015932743708899,0.0065948018465373,0.0060258426084174,0.0291219176912626,0.0198685082727619,0.1286142246543379,0.0213565779910414,0.0,0.0
ccf9ceac-0bb0-44b2-a12e-470d9c906270,ok,17695743.0,v1.14-1.15,0.9828815977175464,0.0,0.0,True,0.0006967010684482,0.0297350000000164,0.3555410206317901,4.0,actuator_motors,none,153733874,52045575,29.0,,B,,0.0,4.0,True,9.456874741071218,203.78398094352613,1.9128795992900904,368.041899,362.5199529999997,,True,0.0,0.0088616817315382,vehicle_attitude,main,10.469719171524051,0.0020626172656193,0.0,0.1075794294476511,0.0,0.003924565995112,0.0826256673783063,0.062001222372055,,0.0,2.4397104471034528,0.0020604929911689,0.0,0.1021769399569852,0.0,0.0039168849758728,0.0793892641134552,0.0601550738285526,,0.0,0.0006861379649352777
cb8236e3-709f-4f94-9f9c-fdee876e7d06,ok,17826047.0,v1.16+,0.0,0.0145985401459854,0.0,False,0.0082932967284374,0.3075079999999985,0.6024194564670319,4.0,actuator_motors,none,8607322,5501814,3.3,,A,,0.0,4.0,True,10.015258406243118,162.47216327282317,1.9997326203660983,65.300542,60.761979000000025,,True,0.0,0.0,,main,0.0284284316003322,0.0486866272985935,0.0453559905290603,0.1080259680747985,0.2848068028688431,0.4752472043037414,0.0088344956748187,0.645677000284195,0.3598242253065109,0.1103628017008304,0.028031842468838,0.0475385500830059,0.0443574881984199,0.1025800249410648,0.2506083590818055,0.3888255718872491,0.0087956998448678,0.498151849878467,0.3073554452968102,0.1046868103000739,0.007730447299674788
97e71d22-83db-4e41-83a4-7f84b2b68ab1,ok,17694976.0,v1.14-1.15,0.6208333333333333,0.0,0.0,True,0.0,0.0,0.3949206858873366,4.0,actuator_motors,none,5378899,3475687,6.0,,A,,0.0,4.0,True,10.009424562035411,20.00919575647133,1.999989855123924,103.435995,101.01272899999998,,True,0.0,0.0,,main,0.0025154976639896,0.0,0.0,0.0,0.0,0.0,0.0,0.0002049778013315,,0.0,0.0025123390955463,0.0,0.0,0.0,0.0,0.0,0.0,0.0002049567962523,,0.0,0.0
598147a6-65bf-4b5e-a2f9-93a2067f6cb6,ok,17695744.0,v1.14-1.15,0.9777777777777776,0.0148148148148148,0.0,True,0.0,0.0,0.2768971562385559,4.0,actuator_motors,none,2856944,2122400,3.0,,C,,0.0,4.0,True,10.014907032868017,20.01492473502881,2.000019338532852,67.310808,58.74087299999997,,True,0.0,0.0,,main,0.0004674580617574,0.0,0.0,0.0,0.0,0.0,0.0,0.0022852349211461,,0.002220635372214,0.0004673488372748,0.0,0.0,0.0,0.0,0.0,0.0,0.0022826277430777,,0.0022181734055656,0.0
d2e24967-515e-465d-9de0-8ac0075a5409,ok,17825984.0,v1.16+,0.0,0.2432432432432432,0.0,True,0.0974729241877256,1.2008650000000003,0.5611715316772461,4.0,actuator_motors,none,3977810,3012205,6.7,,C,,0.0,4.0,True,10.010949277141927,20.011698675685,1.9999763431369697,87.766891,83.15640599999998,,True,0.0,0.0,,main,0.0020359442569315,0.0008074967336142,0.0020292651897761,0.0223927265033125,0.0463793370872736,0.0054627968929708,0.0802403483539819,0.0390384383499622,0.0064721954986453,0.0,0.0020338745311775,0.0008071708835302,0.0020272090123871,0.0221456904758751,0.0453359548584683,0.0054479299368885,0.0771835611489192,0.0382957069572792,0.0064513407768838,0.0,0.09173272933182333
d728686b-b174-476a-8fc2-c00d2f90d07f,ok,17761023.0,v1.14-1.15,0.0,0.0,0.0,True,0.0174693763919821,0.6659840000000017,0.5918435484170913,4.0,actuator_motors,none,37229029,11729393,11.5,,C,,0.0,4.0,True,9.975620008134676,209.44812498358044,1.987400184712495,80.113065,75.421014,,True,0.0,0.0048560912587219,vehicle_attitude,main,0.0109392989426851,0.0351538402959701,0.0106778116896748,0.7778189301490743,0.1427240669727324,0.0102445472031831,0.0069311818573623,0.0,1.1112782478332517,0.0,0.0108798976252264,0.0345500536389251,0.0106212064486497,0.5753872928445005,0.1334149444458374,0.010192427489158,0.0069072716368694,0.0,0.747293568722717,0.0,0.016487125591171835
7e3e2cb0-56e3-405e-9a05-644c082b3583,ok,17761280.0,v1.14-1.15,0.0,0.0,0.0,True,0.0,0.0,0.1047019362449645,4.0,actuator_motors,none,10573133,7833994,4.0,,C,,0.0,4.0,True,10.005943099481687,20.006039029678284,2.000028199843593,180.743638,173.8456940000001,,True,0.0,0.0,,main,0.0048365530790761,0.0037043906282633,0.0039110023062676,0.0044596852501854,0.0049788564676418,0.0026325681828893,0.003997485502623,0.0015036800992675,0.0007690766447922,0.0,0.0048248945325732,0.0036975462708745,0.0039033742192563,0.0044497703212987,0.0049665029490751,0.0026291090448849,0.003989516786942,0.001502550704371,0.0007687810568928,0.0,0.0
9a1edcca-2219-41c4-8a6a-faef239b717e,ok,17761535.0,v1.14-1.15,0.0,0.0539419087136929,0.0,True,0.0,0.0,0.4575934559106827,4.0,actuator_motors,none,5072348,3668816,3.9,,B,,0.0,4.0,True,10.00855219702512,20.008523272858007,1.9999941802744448,117.051317,109.61997000000004,,True,0.0,0.0,,main,0.1283208705484867,0.0468343431130051,0.1612625785171985,0.0174889602698385,0.0583839001134037,0.3964091196656226,0.1766066148877143,0.0440199172124266,0.0344061393290758,0.0,0.1207305723309811,0.0457706988477722,0.1495078429642746,0.0173377884181002,0.056743122169847,0.3339040270678811,0.1626345454685481,0.0430785670681489,0.0338274836174837,0.0,0.0
166ad009-5a09-49cf-ba1d-fbad63885b23,ok,17760511.0,v1.14-1.15,0.0,0.0,0.0,True,0.0,0.0,0.3282306656241417,4.0,actuator_motors,none,16670632,9277596,14.6,,B,,0.0,4.0,True,10.007661636235689,221.38373146347072,1.9999881049396604,133.817762,127.14821399999992,,True,0.0,0.0,,main,0.001389993232442,0.0,0.0,0.0,0.0,0.0,0.0,0.8795237332582458,0.1149119637906547,0.0003056178917177,0.0013890280861099,0.0,0.0,0.0,0.0,0.0,0.0,0.6310184113742648,0.1087754455533086,0.0003055712000827,0.0
2660ee50-4bcd-4ea1-8a18-c08e1574f1a9,ok,17826047.0,v1.16+,0.0,0.0,0.0023724792408066,False,0.0058005289746567,0.5316290000000095,0.3432373881340026,4.0,actuator_motors,none,64487424,37797066,23.1,,A,,0.0,4.0,True,9.896075649387498,197.0294309075969,1.9764693170942431,510.48733,504.75378699999953,,True,0.0,0.0104754147283412,vehicle_attitude,main,0.0053714049980044,0.0165666848421096,0.0132104462012648,0.0080031150951981,0.0119389919564127,0.0009286303538829,0.0025935913901775,0.0549145095050334,0.0027932283934205,0.0025713828857988,0.0053570304535364,0.0164309543369896,0.0131239492000756,0.007971260016622,0.0118682844200318,0.0009281994434661,0.0025902338361903,0.0534597300001085,0.0027893345801794,0.0025680825372552,0.005745135000277208
7833d306-d776-41d4-85db-1c9a46616c6a,ok,17630207.0,v1.12-1.13,0.0,0.0368098159509202,0.0,True,0.0,0.0,0.425,6.0,actuator_outputs,per_channel,3495019,2471345,2.5,,C,,,,False,10.012194903018615,20.011997279161907,1.999824140464648,80.395677,75.11662599999995,True,True,0.0,0.0,,main,1.636096840229584e-06,0.0001112870231736,0.0,0.0,0.0,0.0,0.0,0.0118809640407562,0.0,0.0,1.6360955018246084e-06,0.0001112808312322,0.0,0.0,0.0,0.0,0.0,0.0118109394813178,0.0,0.0,0.0
8e7bc865-5ac0-47ee-a613-4663a0ffc70f,ok,17891583.0,v1.16+,0.0,0.0407239819004524,0.0,True,0.0,0.0,0.1026323363184928,4.0,actuator_motors,none,4476436,3148630,4.4,,B,,0.0,4.0,True,10.009567236939098,20.00941290589784,1.9999483896813608,103.306998,98.59878299999998,,True,0.0,0.0,,main,0.0199724135920405,0.0,0.0,0.0,0.0,0.0,0.0,0.0036507189041003,0.0,0.0,0.0197755814324441,0.0,0.0,0.0,0.0,0.0,0.0,0.0036440712041851,0.0,0.0,0.0
9299be1c-fa4e-449c-84d3-a4604cf34090,ok,17825792.0,v1.16+,0.0,0.0,0.0,True,0.0,0.0,0.1441040858626365,4.0,actuator_motors,none,23733219,14342205,7.8,,C,,0.0,4.0,True,9.987841005105883,131.35809281811785,1.99588987571946,247.415751,242.6634099999999,,True,0.0,0.0012235914287863,sensor_combined,main,0.0589540997520089,0.0115353796631097,0.0006910259195137,0.0510920764878392,0.0106848664581775,0.0013266978261526,0.0184200544841587,0.8517335295677184,1.3337222933769224,0.0,0.0572817226695552,0.0114693544367154,0.0006907872710381,0.0498296965139722,0.0106281866591572,0.0013258185402035,0.0182524602157959,0.6161222433490742,0.8474645436563137,0.0,0.0
533abfc2-0454-43e7-9afc-5ec6e261447d,ok,17826047.0,v1.16+,0.0,0.0,0.0,True,0.03515625,2.698704999999997,0.1152401261031627,4.0,actuator_motors,none,3303487,2301578,3.1,,B,,0.0,4.0,True,10.008728042701907,20.01216135365356,2.0001530308166,78.546386,76.76695199999999,,True,0.0,0.0,,main,0.134854993224144,0.0,0.0,0.0,0.0,0.0,0.0,0.8133336484432232,1.08871304392815,0.0,0.1265048834975728,0.0,0.0,0.0,0.0,0.0,0.0,0.5951669459735628,0.7365481078580306,0.0,0.034220532319391636
e1f179a1-1356-4c2e-bc50-dbcd7abcd492,ok,17761280.0,v1.14-1.15,0.0,0.0,0.0,True,0.0,0.0,0.1675701409578323,4.0,actuator_motors,none,5204946,3476262,3.0,,B,,0.0,4.0,True,10.006839523195325,20.00683073262756,1.9999605148357795,125.33395,118.87209899999998,,True,0.0,0.0,,main,6.607400500797655e-05,0.0215787602588534,0.0113475722726434,0.0196645262651145,0.0072886483278125,0.0158963576890528,0.0076347717782482,0.0,0.2742192566394805,0.0014942757843527,6.607182221705762e-05,0.0213492348572341,0.0112836715321991,0.0194736773795727,0.007262214497471,0.015771333804331,0.0076057744068813,0.0,0.2423336433152026,0.0014931604652175,0.0
bf8cc567-8c16-4649-af56-ead87f2f881a,ok,17695743.0,v1.14-1.15,0.0,0.1580756013745704,0.0,True,0.0020449897750511,0.1039999999999992,0.114640043862164,4.0,actuator_motors,none,24593559,10220242,6.7,,C,,0.0,4.0,True,125.00414195301369,234.15749701710195,125.0,120.252,97.75999999999972,,True,0.0,0.0,,main,4.3334495785529725e-05,0.0084028225392103,0.0,0.0039822575636208,0.0,0.0151254581287503,0.0065819658339023,0.0395336709916591,0.0682338863611219,0.0,4.333355687339199e-05,0.0083677153550907,0.0,0.0039743493640085,0.0,0.0150122089231315,0.0065603992786115,0.0387722193177039,0.0660067112823113,0.0,0.0016542597187758478
bd8cf97e-1998-4cb7-9bb4-bca4e5253bf6,ok,17891392.0,v1.16+,0.0,0.8333333333333334,0.0,True,0.0,0.0,0.0750855594873428,4.0,actuator_motors,none,4451197,3211012,3.5,,A,,0.0,4.0,True,10.00956838789796,20.009693801271315,2.0001235174317284,102.669703,96.74953399999998,,True,0.0,0.0,,main,1.0739362955093383,0.0279758926481008,0.0029911677353084,0.2332889944314956,0.0907330438494682,0.0859448298811912,0.1111157596111297,0.0,205.3879516601561,0.0,0.7294483935734649,0.0275917160265812,0.0029867030938766,0.2096845798748862,0.0868499874957251,0.0824504190069455,0.1053646992990915,0.0,3.675136377209024,0.0,0.0
6e610b03-486c-4b87-b151-b3432bf56830,ok,17761023.0,v1.14-1.15,0.0,0.0,0.0,True,0.0,0.0,0.53102414086461,4.0,actuator_motors,none,3713301,2859765,3.5,,C,,0.0,4.0,True,10.011884477685548,20.010957065795385,1.999935617891804,88.678665,84.03043300000002,,True,0.0,0.0,,main,0.0067054277285933,0.002314822608605,0.0020628925645723,0.0089148088824003,0.0076889912365004,0.0013920052617322,0.0019563608686439,0.0398121073842048,0.0236801754683255,0.0,0.0066830463435467,0.0023121475341701,0.0020607677234166,0.0088753065704829,0.0076595816008025,0.0013910373205565,0.0019544496869544,0.0390400308544916,0.0234041491883534,0.0,0.0
7c6b67be-db19-4720-83b3-a16f503daae8,ok,17761280.0,v1.14-1.15,0.0,0.0,0.0,True,0.0,0.0,0.2131172537803649,4.0,actuator_motors,none,71560479,44558475,18.6,,B,,0.0,4.0,True,10.001534612385738,199.99846614278871,1.999999984639017,651.164452,646.8802499999995,,True,0.0,0.0,,main,0.0016346670687198,0.0013565546367317,0.0021449263673275,0.0025986496824771,0.0030585003318265,0.0021123394370079,0.002218821668066,0.0439150590449569,0.014438185468316,0.0,0.001633332454742,0.0013556353477736,0.0021426292968784,0.0025952790305572,0.0030538326347002,0.0021101115848277,0.0022163637184317,0.0429781250824067,0.0143349473956376,0.0,0.0
7c093f68-07c6-4e29-99e0-e7ea5f009c84,ok,17760767.0,v1.14-1.15,0.0,0.0,0.0,True,0.0,0.0,0.4845006622374056,4.0,actuator_motors,none,4073423,2918063,3.7,,A,,0.0,4.0,True,10.010594355902676,20.01000976424329,1.999862217825951,96.295662,89.18634500000002,,True,0.0,0.0,,main,0.001078941556625,0.0017893195850774,0.0004407644912134,0.0052870490588247,0.0046313229016959,0.0032927142921835,0.0045547191984951,0.0032623521983623,0.0006978087709285,0.0,0.0010783599175158,0.00178772065983,0.0004406673830785,0.005273121683194,0.0046206313238433,0.0032873051790023,0.0045443778543957,0.0032570422728598,0.0006975654155918,0.0,0.0
480597bd-2f52-4bfd-a6c4-9b8ec7ea5f12,ok,17891583.0,v1.16+,0.0,0.0,0.0,True,0.5535248041775457,17.902071,0.9999999999994352,4.0,actuator_motors,none,3561054,2797755,3.7,,C,,0.0,4.0,True,10.011633103559856,20.01107319982371,1.999946185497119,81.99058,76.644305,,True,0.0,0.0,,main,0.0014565035235136,0.0004799165952135,0.0005672589206369,0.0093438627663999,0.0077576945535838,0.0011616564705036,0.0060323614394292,0.0461725799366831,0.0093745681922882,0.0,0.0014554438510762,0.0004798014720758,0.0005670980901142,0.0093004789197859,0.0077277583653822,0.0011609822697018,0.0060142395890107,0.0451383424125536,0.0093308996316789,0.0,0.5151883353584447
251632b7-6536-48d6-b495-bd533e6f19fa,ok,17826047.0,v1.16+,0.0,0.0,0.0,True,0.0006662225183211,0.1016260000000102,0.062395840883255,4.0,actuator_motors,none,5416938,3430313,2.9,,C,,0.0,4.0,True,10.006289493131728,20.00616146043667,2.000076144834391,155.192769,150.057442,,True,0.0,0.0,,main,0.0005187692295294,0.0,0.0,0.0,0.0,0.0,0.0,0.0,0.0,0.0,0.0005186347152918,0.0,0.0,0.0,0.0,0.0,0.0,0.0,0.0,0.0,0.0006422607578676942
f4760001-2240-46ab-8663-b6efeb0eccb5,ok,17760511.0,v1.14-1.15,0.0,0.0620915032679738,0.0,True,0.0,0.0,0.3357319384813308,4.0,actuator_motors,none,21268253,9112666,7.2,,C,,0.0,4.0,True,9.972107786153249,19.93569325072817,1.992992693244356,144.358807,82.384045,,True,0.0,0.0035000053978147,sensor_combined,main,0.0070528339827433,0.5100114941596985,11402133635072.0,0.0017792258877307,0.0011569657362997,2.096019911766052,0.0011589304776862,0.0,0.0,0.000176415038004,0.0070280790758284,0.412117262824152,29.969346052863173,0.0017776449403148,0.0011562969672211,1.130117387155782,0.0011582594361704,0.0,0.0,0.000176399478701,0.0
9e1ff3d2-f668-4639-86c9-761e421f389a,ok,17694975.0,v1.14-1.15,0.0,0.0,0.0,True,0.0,0.0,0.2802192777395247,4.0,actuator_motors,none,3811702,2602408,4.0,,A,,0.0,4.0,True,9.905029757966751,19.800668586755663,1.980953644989469,105.084929,101.75992000000004,,True,0.0,0.0113960643717532,vehicle_local_position,main,0.0006920320913195,0.0022729679942131,0.0,0.0051805485039949,0.0,0.0091545419767498,0.0042163293808698,0.0259584009647369,,0.0,0.0006917927475278,0.0022703887101424,0.0,0.005167175628596,0.0,0.0091128931483427,0.0042074655705737,0.0256272010579349,,0.0,0.0
e0dfc303-8ec7-414f-85fd-d49e63d48ff5,ok,17630207.0,v1.12-1.13,0.0,0.0,0.0,True,0.0012033694344163,0.102090000000004,0.2694732161561263,4.0,actuator_motors,none,27100836,13922383,7.4,,B,,0.0,4.0,True,10.005756067697773,285.72051511306825,2.0000057738261923,168.227073,166.26081900000003,,True,0.0,0.0,,main,0.0369046293199062,0.0508276298642158,0.0,0.0,0.0,0.0,0.0,108.17119140625,0.0,0.0,0.0362399571491435,0.049578072606342,0.0,0.0,0.0,0.0,0.0,4.692917213544436,0.0,0.0,0.001184834123222749
8d04a31b-47e2-4f82-87e6-ac75dfc06957,ok,17695744.0,v1.14-1.15,0.0,0.0,0.0,True,0.0,0.0,0.2090483292937278,4.0,actuator_motors,none,38839063,11831600,6.6,,A,,0.0,4.0,True,9.80491759000946,19.61866012109781,1.9211209415581216,102.048591,94.12859900000004,,True,0.0,0.019518341026337,sensor_combined,main,0.0072577421087771,0.0,0.0,0.0,0.0,0.0,0.0,4.737936830520619,,0.0002745159290498,0.0072315314422834,0.0,0.0,0.0,0.0,0.0,0.0,1.7470997085269149,,0.0002744782564464,0.0
d929b5bd-fafb-4bc4-8ec8-8c162740463a,ok,17695743.0,v1.14-1.15,0.0,0.0,0.0,True,0.0,0.0,0.5605098456144333,4.0,actuator_motors,none,9437573,6156687,4.9,,B,,0.0,4.0,True,10.004479618412203,20.00465703008997,1.9999690388540208,221.780815,213.711029,,True,0.0,0.0,,main,0.0097938130144029,0.0003870067448588,0.0,0.0136403341777622,0.0,0.0111112736165523,0.0116496124304831,0.0137233967427164,0.0173260716721415,0.0,0.0097461644823387,0.0003869318770641,0.0,0.0135481422261287,0.0,0.0110499969062391,0.0115822781366649,0.0136300836791929,0.0171776867916743,0.0,0.0
24c87e99-4bee-491b-8748-7bec4035bf2c,ok,17761535.0,v1.14-1.15,0.0,0.0452674897119341,0.0427493713327745,True,0.0,0.0,0.3660801716148853,4.0,actuator_motors,none,9931463,6555581,7.2,,C,,0.0,4.0,True,9.949709957186643,19.8956873911768,1.991663749116377,239.268085,235.1089630000001,,True,0.0,0.0054475222482658,sensor_combined,main,0.0138050202280282,0.0002565102011431,0.0001878215931355,0.0033723717089742,0.0041863709688186,0.0004721337230876,0.0030575353652238,0.2819216012954711,0.0086006049066781,1.0643704175949094,0.013710598935771,0.0002564773080262,0.0001878039568683,0.0033666980157923,0.0041776324977062,0.00047202230303,0.0030528706099863,0.2483602031928607,0.0085638304091461,0.7248252974062466,0.0
ef94502c-cb9c-4c43-921f-dabff12683f6,ok,17761024.0,v1.14-1.15,0.0,0.0,0.0,True,0.0,0.0,0.3782200068235397,4.0,actuator_motors,none,18497791,9621608,6.9,,A,,0.0,4.0,True,10.00815117382552,199.9994598798905,2.0000003114754583,122.552631,119.670319,,True,0.0,0.0,,main,0.0032025001477449,0.006274947989732,0.0026505219284445,0.005108087696135,0.003501296788454,0.0056903025135397,0.0029785504098981,0.1312215879559516,0.0864666238427161,0.0039165484136901,0.0031973830662057,0.0062553424765679,0.0026470154897597,0.0050950856743612,0.0034951815189454,0.0056741738977351,0.0029741233173263,0.123298100097548,0.0829308012758429,0.0039088987050823,0.0
b4e8bd03-f7ad-4378-961d-56e2c77bc3e4,ok,17826047.0,v1.16+,0.0,0.0,0.0,True,0.0009039548022598,0.102737999999988,0.3649011969566345,4.0,actuator_motors,none,19336598,11569933,13.4,,C,,0.0,4.0,True,10.002038015444157,19.99957711871673,2.000018582112445,449.156535,442.564671,,True,0.0,0.0,,main,0.0059757309500128,0.0,0.0,0.0,0.0,0.0,0.0,0.3828414157032965,0.0550085356459021,0.0,0.0059579470823895,0.0,0.0,0.0,0.0,0.0,0.0,0.3241403792266689,0.0535488575549234,0.0,0.0008904719501335708
fdf37bb8-e82a-4d3b-8a4e-84578ec40bb8,ok,17694720.0,v1.14-1.15,0.1961102106969205,0.0,0.0,True,0.0,0.0,0.2368786841630935,4.0,actuator_motors,none,55933787,13904378,13.9,,A,,0.0,4.0,True,10.00004810518768,20.0003266774006,124.38028949811148,308.465218,301.92434100000014,,True,0.0,0.0,,main,6.284966366365552e-05,0.0,0.0,0.0,0.0,0.0,0.0,0.0001002368735498,0.0,0.0,6.284768870629404e-05,0.0,0.0,0.0,0.0,0.0,0.0,0.00010023185017,0.0,0.0,0.0
556d9391-5cb5-42e7-9585-6e9cc289eb0d,ok,17761535.0,v1.14-1.15,0.0,0.0,0.0,True,0.0,0.0,0.1934193670749664,4.0,actuator_motors,none,60187166,21699619,21.9,,C,,0.0,4.0,True,10.009197411907,189.32750958820367,1.999845604512496,108.416709,103.17201799999997,,True,0.0,0.0,,main,0.0069505109451711,0.0025138493161648,0.0007294871960766,0.0061082335188984,0.0053121638484299,0.0007524265209212,0.002005399717018,0.0047417345456778,0.0033678801730275,0.0,0.0069264674892161,0.0025106948823807,0.0007292212496204,0.0060896538813273,0.0052981040759506,0.0007521435900007,0.0020033915872924,0.0047305279343147,0.003362221566045,0.0,0.0
42a0d943-1609-4986-afa7-caa3fe78355d,ok,17629952.0,v1.12-1.13,0.0,0.1158301158301158,0.0,True,0.0105355575065847,0.4024990000000059,0.2798970431089401,4.0,actuator_motors,none,6444420,3575654,3.1,,B,,0.0,4.0,True,10.007712659734384,20.00720587264031,2.0000911481867285,121.665122,113.916253,,True,0.0,0.0,,main,0.0001039475973811,0.0016852807020768,0.0,0.0,0.0,0.0,0.0,0.0092566428706049,0.0,0.0,0.0001039421952039,0.0016838622100356,0.0,0.0,0.0,0.0,0.0,0.009214062716475,0.0,0.0,0.009819967266775777
0daded3a-09a7-4bc6-b47d-6ffb146f6631,ok,17630207.0,v1.12-1.13,0.0,0.0,0.0,True,0.0,0.0,0.199,6.0,actuator_outputs,per_channel,2647410,1842096,4.8,,C,,,,False,9.99975180293852,20.00078097108866,2.0000244752995164,80.225001,75.74472699999995,True,True,0.0,0.0,,main,0.0014333046274259,0.0012569092214107,0.0,0.0074935150332748,0.0,0.0,0.0034823033493012,0.0101422229781746,0.0181842576712369,0.0,0.0014322784268034,0.001256119972289,0.0,0.0074655781264467,0.0,0.0,0.0034762541703093,0.0100911357695664,0.0180209014269157,0.0,0.0
19db58cc-e305-46d5-b38c-c370c16c6228,ok,17826048.0,v1.16+,0.0,0.0,0.0,True,0.0,0.0,0.1798591673374175,4.0,actuator_motors,none,5716340,3521338,7.5,,B,,0.0,4.0,True,10.011056412992511,20.01061355587005,2.000226499636577,86.581186,80.88564000000001,,True,0.0,0.0,,main,0.0041871556779369,0.0009140481153735,0.001664300536504,0.0020362312672659,0.0033761356491595,0.0007206479727756,0.004591868747957,0.0020700063440017,0.1867526233196257,0.0,0.0041784139351309,0.000913630627778,0.0016629171230971,0.0020341609583211,0.0033704492981991,0.00072038843071,0.0045813582814974,0.0020678668328952,0.1712206889542208,0.0,0.0
6efe27db-fa01-47c7-8d9c-967f7d28f727,ok,16777984.0,v1.12-1.13,0.0,0.0,0.0,True,0.0,0.0,0.1447459757328033,4.0,actuator_motors,none,86567323,47146514,26.4,,B,,0.0,4.0,True,10.000497248170795,20.00049545079244,1.999999746486668,1814.750457,1806.5300970000023,,True,0.0,0.0,,main,0.0002026366040809,0.0001529145309177,7.212127784441686e-05,0.0007878046133555,0.0004358821446658,0.0007111224957043,0.0010014079976826,0.0220653268508612,0.003079248778522,0.0005054240638855,0.0002026160760573,0.0001529028406825,7.21186772300969e-05,0.0007874944581848,0.0004357871756396,0.0007108697679088,0.0010009069231857,0.0218254103363898,0.0030745176018272,0.0005052963801644,0.0
7d373bf8-c662-46b4-8422-4b0d2a4c2c72,ok,16777984.0,v1.12-1.13,0.0,0.0,0.0,True,0.0,0.0,0.1637089297175406,4.0,actuator_motors,none,4817506,3306405,4.5,,B,,0.0,4.0,True,10.01012257197721,20.00910991103209,1.999995147219897,98.852661,94.00019100000004,,True,0.0,0.0,,main,0.0033955476246774,0.0001305500518355,7.121853523130987e-05,0.0041115381522103,0.0009643724217312,0.0195373062975704,0.0359753511846061,0.1311167672276494,0.0542191732674837,0.0368436399847268,0.0033897957696291,0.000130541530919,7.121599931183188e-05,0.0041031088761826,0.0009639077133912,0.0193489031020317,0.0353433512613989,0.123205434269612,0.0528003727783062,0.036181136764722,0.0
0a72d5f6-729b-4028-ad5d-b722ce94a689,ok,17695743.0,v1.14-1.15,0.445823927765237,0.0,0.0,True,0.0020604395604395,0.398918999999978,0.4461532160639762,4.0,actuator_motors,none,18468560,11888258,5.5,,C,,0.0,4.0,True,9.921641338068058,19.834123697797548,1.9842804227472628,445.949364,440.5466239999998,,True,0.0,0.0084817107922441,sensor_combined,main,0.0049506338313221,0.00055953374831,0.0,0.009662689641118,0.0,0.0036478865426033,0.0088527269661426,0.0160856641829013,0.0440290980041027,0.0,0.0049384197387359,0.0005593772676703,0.0,0.0096163044201916,0.0,0.0036412491412501,0.0088137713190981,0.0159576607426193,0.043087360723479,0.0,0.002033438770899232
e5b15dd2-ceec-4e8c-a852-72580d8e1884,ok,17825984.0,v1.16+,0.0120240480961923,0.0781563126252505,0.0,True,0.4369449378330373,2.799999999999997,0.7467036172747612,4.0,actuator_motors,none,70520029,28116361,14.3,,C,,0.0,4.0,True,124.95738152062734,249.890281367338,99.99512931664312,246.228,112.66000000000004,,True,0.0,0.0,,main,0.0002887197188101,0.0005696478183381,0.0003418685577344,0.0551492109894752,0.0340888947248458,0.0002150897751562,0.0034062000922858,0.9239249229431152,3.336154699325561,0.0,0.0002886780472928,0.0005694856306099,0.0003418101339941,0.0536821891449487,0.0335207440783554,0.0002150666466669,0.0034004121323273,0.6543673301428253,1.466987941389641,0.0,0.1995943204868154
3862af7d-b0fe-4918-8546-3f0888e11563,ok,17826240.0,v1.16+,0.0,0.0,0.0,True,0.0101449275362318,0.3013629999999949,0.42266166806221,4.0,actuator_motors,none,3599815,2679662,2.5,,B,,0.0,4.0,True,10.011282828233742,20.01010650978144,2.000050893950432,89.327012,69.00538399999999,,True,0.0,0.0,,main,0.0002248326971312,0.0,0.0,0.0,0.0,0.0,0.0,0.9097848653793336,0.6126725792884827,0.044992241077125,0.0002248074260481,0.0,0.0,0.0,0.0,0.0,0.0,0.6469905997875856,0.477892789876264,0.0440094605826313,0.007856341189674524
787e5e88-3eed-40c8-81d1-f999005c382d,ok,17760256.0,v1.14-1.15,0.0,0.0,0.0,True,0.0,0.0,0.075472742319107,4.0,actuator_motors,none,6264063,4763203,2.2,,C,,0.0,4.0,True,10.009867526252147,20.008839503201003,1.9999036392583047,104.065502,99.129553,,True,0.0,0.0,,main,0.0019598155282437,0.0046070167794823,0.0012398840859532,0.0016782231163233,0.0022051638457924,0.0033011241350322,0.003086719289422,0.0076611812226474,0.0013331776834093,0.0,0.0019578975952457,0.0045964369595066,0.0012391160644527,0.001676816473463,0.0022027360404828,0.0032956873863905,0.0030819651520488,0.0076319834054767,0.0013322897910993,0.0,0.0
60b3da9c-40e2-4d92-8577-d5446e4d792c,ok,17694975.0,v1.14-1.15,0.0,0.0,0.0,True,0.0,0.0,0.3440434861928224,4.0,actuator_motors,none,18680954,11892996,6.6,,B,,0.0,4.0,True,9.940112525540576,200.2132480830191,1.9880129426249256,166.950962,164.66201799999996,,True,0.0,0.0071776398943971,vehicle_local_position,main,0.0009435655723791,0.0002960156707558,0.0,0.0044620412169024,0.0,0.0006179690710268,0.0017254253907594,0.0429786860942838,0.4910864889621734,0.0,0.0009431206942102,0.0002959718667613,0.0,0.0044521158250443,0.0,0.0006177782067685,0.0017239385544076,0.0420807406173927,0.3995050414524689,0.0,0.0003789154597507578
5dc9ed05-00f1-48d6-bb18-6819fd07e30c,ok,17694720.0,v1.14-1.15,0.0,0.0,0.0,True,0.0,0.0,0.2139263749122619,4.0,actuator_motors,none,11227646,6971335,3.9,,C,,0.0,4.0,True,10.002859954604938,20.00274280800772,2.000012047762589,335.555838,330.20515800000027,,True,0.0,0.0,,main,0.0072558330139145,0.0023624376044608,0.0,0.021367098763585,0.0,0.0111405429895966,0.0234761459752917,0.0221706352196633,0.0476035803556442,0.0,0.0072296361015062,0.0023596514359799,0.0,0.0211420228108738,0.0,0.0110789442141916,0.0232048195215643,0.0219284398993651,0.0465052513199249,0.0,0.0
3f4b8d54-d264-4c85-a66b-c89704fe60d3,ok,17630207.0,v1.12-1.13,0.0,0.0,0.0,True,0.0,0.0,0.128,6.0,actuator_outputs,per_channel,8908986,5631619,5.0,,C,,,,False,10.004532746247609,20.00483038836228,1.999966095812852,210.34859,200.32105799999985,True,True,0.0,0.0,,main,0.0007480821222998,0.000331549468683,0.0,0.0017564288573339,0.0,0.0,0.000454588298453,0.0189887825399637,0.0,0.0,0.0007478024483396,0.0003314945183034,0.0,0.0017548881400115,0.0,0.0,0.0004544850044954,0.0188107458777032,0.0,0.0,0.0
38dbe81c-fac2-4a1e-891b-7ac4babfd737,ok,17760256.0,v1.14-1.15,0.0,0.0,0.0,True,0.0,0.0,0.119604867696762,4.0,actuator_motors,none,7508872,4985939,3.9,,B,,0.0,4.0,True,10.0054349569605,20.00560942977744,1.9999602949059097,170.513594,164.345963,,True,0.0,0.0,,main,0.0005696983425877,5.083225914859213e-05,2.3868105927249417e-05,0.0005322105134837,0.000387467443943,0.0163026079535484,0.0247512552887201,0.0063906139694154,0.0043621272780001,0.0,0.0005695361260936,5.083096723308753e-05,2.3867821088541505e-05,0.0005320689396975,0.0003873923978176,0.0161711472839907,0.024449905372255,0.0063702805785526,0.0043526407783462,0.0,0.0
a1fb3922-0edb-4097-b86a-772d888937d1,ok,17760256.0,v1.14-1.15,0.0,0.0,0.0,True,0.0,0.0,0.2084354608966544,4.0,actuator_motors,none,3580402,2627119,2.8,,A,,0.0,4.0,True,10.010787346688842,20.0110756500602,1.999885657700245,86.016948,85.822052,,True,0.0,0.0,,main,0.0015301455277949,0.0,0.0,0.0,0.0,0.0,0.0,0.0001116115308832,1.6690644025802617,0.0,0.0015289760479576,0.0,0.0,0.0,0.0,0.0,0.0,0.0001116053027797,0.9817279999852428,0.0,0.0
ec9e8e87-972b-4237-b903-89eb144978b9,ok,17498112.0,v1.12-1.13,0.0,0.0,0.0,True,0.0,0.0,0.496,6.0,actuator_outputs,global,4486863,2861086,6.7,,A,,,,False,9.9242486707744,19.82945464612295,4.968239972582202,162.323668,158.1323840000001,True,True,0.0,0.0094339168153947,vehicle_attitude,main,0.0004208775935694,0.0002137597213732,0.0215562377125024,0.0053602108731865,6.563236529473202e-05,0.0,0.0013105216436088,0.0009832656709477,0.0,0.0024358973838388,0.0004207890494383,0.0002137368780192,0.0213271878105394,0.0053458960736622,6.563021158527977e-05,0.0,0.0013096636596421,0.0009827825819018,0.0,0.0024329353948987,0.0
488026a5-03f5-4f0f-a5e7-9be84630304b,ok,17761280.0,v1.14-1.15,0.0,0.0,0.0,True,5.653870074065698e-05,0.0139799999999992,0.1602820813655852,4.0,actuator_motors,none,26983382,16293344,7.9,,B,,0.0,4.0,True,10.003826591925598,172.57769981573142,1.9999386105800403,253.326531,247.615243,,True,0.0,0.0,,main,0.0001704322115983,0.2544814258813856,0.505515426397322,0.2820594251155853,0.5124264717102045,0.0339120332151651,0.120107140392065,0.0,0.0,0.0005195163190364,0.0001704176896789,0.2267222807214145,0.4091353155808257,0.2484677108684849,0.4137152959958537,0.0333496982072222,0.113424341796119,0.0,0.0,0.0005193814171539,5.5224972732669714e-05
b33be9d5-fba1-407e-8a38-bfb2136fc175,ok,17826240.0,v1.16+,0.0,0.0,0.0,True,0.0263998809667202,1.5325149999999894,0.4867902100086212,4.0,actuator_motors,none,57737169,35448489,16.2,,B,,0.0,4.0,True,9.9482192703401,198.45971878234803,1.9880495597455303,503.111283,497.4015059999999,,True,0.0,0.0051884346341271,vehicle_attitude,main,0.0014001853996887,0.0002495005028322,0.0006316727376542,0.0031195681076496,0.0052510616369545,0.0007237918325699,0.0006072258111089,0.0857069417834281,0.0,0.0,0.0013992060541822,0.0002494693827579,0.0006314733164053,0.0031147123510152,0.0052373228871577,0.0007235300215849,0.0006070415241148,0.0822313340672526,0.0,0.0,0.026088052428163335
ecf95f1d-f0c2-4eaa-b2f2-fe4a6af92ec5,ok,17891392.0,v1.16+,0.0,0.0,0.0,True,0.0,0.0,0.0965936377644538,4.0,actuator_motors,none,3588314,2579833,2.4,,C,,0.0,4.0,True,9.930718091104858,19.95979733201045,2.000011490262091,102.227663,100.29130500000008,,True,0.0,0.0,,main,0.0521658279001712,0.0,0.0,0.0,0.0,0.0,0.0,0.0004401507379952,0.0,0.001395051786676,0.0508507329768571,0.0,0.0,0.0,0.0,0.0,0.0,0.0004400539000736,0.0,0.0013940796059888,0.0
44fb09de-035b-4c27-b765-5811c91fe907,ok,17630207.0,v1.12-1.13,0.0,0.0256410256410256,0.0,True,0.0,0.0,0.3627272727272727,6.0,actuator_outputs,per_channel,10551513,6176372,3.5,,B,,,,False,10.004358426603456,20.00446240427674,1.99994705304492,213.474373,210.648477,True,True,0.0,0.0,,main,4.477308175410144e-05,1.7239630324183963e-05,0.0,0.0,0.0,0.0,0.0,0.3465017467737196,0.0,0.0001507924753241,4.477207946959336e-05,1.7239481723464984e-05,0.0,0.0,0.0,0.0,0.0,0.297509930538426,0.0,0.0001507811072815,0.0
c6c9925c-3951-46e1-9d38-8c5677dad084,ok,17694720.0,v1.14-1.15,0.0,0.0,0.0,True,0.0051216389244558,0.301156000000006,0.2856492102146148,4.0,actuator_motors,none,16712205,5134681,4.5,,A,,0.0,4.0,True,10.011602103818532,20.008296366887446,125.00346486277778,81.502562,78.12608300000002,,True,0.0,0.0,,main,0.0004823944764211,0.0,0.0,0.0,0.0,0.0,0.0,6.411634240066633e-05,0.0,0.0,0.0004822781616105,0.0,0.0,0.0,0.0,0.0,0.0,6.411428703583942e-05,0.0,0.0,0.0048721071863581
910edaf3-9737-42e3-a3b8-5f832fd3839e,ok,17825984.0,v1.16+,0.0,0.2169312169312169,0.0393873085339168,True,0.0254041570438799,0.9996849999999996,0.2882578074932098,4.0,actuator_motors,none,4086917,3031484,2.8,,B,,0.0,4.0,True,10.011123446075286,20.010177829164707,2.0000733507563666,90.614685,86.557851,,True,0.0,0.0,,main,0.005516461492516,0.0033355344086885,0.005608623381704,0.0206737644970416,0.0249186965636908,0.0118011564947664,0.0809390805661678,0.0349680185317993,0.0027291296166367,0.0,0.0055013015461024,0.0033299838530808,0.0055929536168221,0.0204629626552616,0.0246132890186726,0.0117320658823259,0.0778301823661878,0.0343705262706424,0.0027254123042201,0.0,0.02412280701754386
7c3a6f47-b0ae-4410-8f00-580a6241b261,ok,17630207.0,v1.12-1.13,0.0,0.0,0.0,True,0.0,0.0,0.2535999999999999,6.0,actuator_outputs,per_channel,4197622,3311293,3.2,,C,,,,False,10.01192383223587,20.01072203515277,1.9999431153904303,83.762512,76.82943499999999,True,True,0.0,0.0,,main,0.0,0.0034653306822292,0.0,0.0089531702455133,0.0,0.0,0.0175661937333643,0.08173543587327,0.0,0.000316381714947,0.0,0.0034593402590696,0.0,0.0089133282483275,0.0,0.0,0.0174136914848166,0.0785666365455307,0.0,0.000316331676806,0.0
9cf97c42-959d-41a4-bc59-58f1e021bf5a,ok,17630207.0,v1.12-1.13,0.0,0.0,0.0,True,0.0,0.0,0.2365999999999999,6.0,actuator_outputs,per_channel,4224545,2704641,2.6,,C,,,,False,9.999765139615686,20.00031421405173,2.000042123964118,130.107016,118.831664,True,True,0.0,0.0,,main,0.0059863803908228,0.0014657417777925,0.0,0.0085549838840961,0.0,0.0,0.0115171167999506,0.0173743553459644,0.0150433676317334,0.0,0.005968533206999,0.0014646686268264,0.0,0.0085185973861276,0.0,0.0,0.0114512996771958,0.0172251470204046,0.0149313383117617,0.0,0.0
26c0c04d-a2e4-476e-a7c2-7a7695b172d3,ok,17694720.0,v1.14-1.15,0.0,0.0,0.0,True,0.0,0.0,0.336125223338604,4.0,actuator_motors,none,4337006,2692049,3.7,,C,,0.0,4.0,True,10.008456059310612,20.008176129068435,1.9999087772702269,119.639808,113.145159,,True,0.0,0.0,,main,0.0008323318208567,0.0,0.0,0.0,0.0,0.0,0.0,0.0,0.0,0.0,0.0008319856248133,0.0,0.0,0.0,0.0,0.0,0.0,0.0,0.0,0.0,0.0
22dbee22-3fd7-433e-9b46-4cbeac6964c1,ok,17826047.0,v1.16+,0.0,0.0,0.0,True,0.0,0.0,0.3029556944966315,4.0,actuator_motors,none,9977748,6681814,4.1,,C,,0.0,4.0,True,9.999901838233924,19.99114013312088,1.999932547329953,228.628007,224.44114100000007,,True,0.0,0.0007762480160124,sensor_combined,main,0.0082044447772204,0.0032214738894253,0.0025119762285612,0.0113791341427713,0.0097733079455792,0.0019013579003512,0.0013197700609453,0.0342293241992592,0.001423740905011,18.86240530014038,0.0081709712831586,0.0032162960595974,0.0025088264898845,0.0113148787833125,0.0097258580824062,0.001899552607395,0.0013188999299361,0.0336565350541775,0.001422728346895,2.988828764080059,0.0
902128db-bf27-4e9b-8f38-15188b3ffe5a,ok,17891583.0,v1.16+,0.0,0.0,0.0,True,0.0,0.0,0.1457399308681488,4.0,actuator_motors,none,5403647,4064262,2.8,,A,,0.0,4.0,True,10.009025404634654,20.008943448668223,1.9999908054721345,110.700425,106.76012299999998,,True,0.0,0.0,,main,0.0067723109619691,0.0008168119617039,0.0004450633467058,0.0043443586910143,0.0056444484740495,0.0022921456606127,0.0055317058227956,0.0070462124655023,0.0066762933973222,0.0,0.0067494818765702,0.0008164785523563,0.0004449643353909,0.0043349492070684,0.005628578265804,0.0022895227021185,0.0055164621280593,0.007021503910369,0.0066541056504159,0.0,0.0
85a947c4-c918-4c93-9a39-ea289ce77a42,ok,17630207.0,v1.12-1.13,0.0,0.0,0.0,True,0.0,0.0,0.185,6.0,actuator_outputs,per_channel,2016717,1482132,3.2,,B,,,,False,9.999516635207389,19.99943206214292,2.000005033346001,60.252171,56.674438,True,True,0.0,0.0,,main,0.0020945640280842,0.0003681038797367,0.0,0.0050047221593558,0.0,0.0,0.0036030230112373,0.0095116244629025,0.023027716204524,0.0,0.0020923734871358,0.000368036146125,0.0,0.004992240166026,0.0,0.0,0.0035965476730281,0.0094666737741971,0.0227665796665298,0.0,0.0
b467a18a-b13f-432f-a6fa-97ff637094a5,ok,17826240.0,v1.16+,0.0,0.0,0.0,True,0.0302325581395348,2.9015930000000054,0.4453044950962067,4.0,actuator_motors,none,6308038,4461392,6.1,,C,,0.0,4.0,True,10.007115589753036,20.006860673695527,1.999948311298995,135.583759,129.01806999999994,,True,0.0,0.0,,main,0.0,0.0,0.0,0.0,0.0,0.0,0.0,0.0086972878314554,0.0,0.0005920110736042,0.0,0.0,0.0,0.0,0.0,0.0,0.0,0.0086596842988461,0.0,0.0005918359041799,0.02869757174392936
008f894e-9342-48cc-a950-b242be1e5a5e,ok,17695743.0,v1.14-1.15,0.0,0.0,0.0,True,0.0,0.0,0.2229721665382385,4.0,actuator_motors,none,13776478,8844789,4.1,,A,,0.0,4.0,True,10.003168876269962,20.00337244819953,1.9999834993124144,303.659581,298.8438009999999,,True,0.0,0.0,,main,0.0478194987401366,0.0255469242110848,0.0,0.0478177962824701,0.0,0.0090181876439601,0.0075092227663844,0.0,0.1464683912694454,0.0022206561290659,0.0467113370382799,0.0252260548809103,0.0,0.0467097122746144,0.0,0.0089777666242391,0.0074811689073576,0.0,0.136686253175146,0.002218194116426,0.0
2084052f-bc1f-4e69-802b-636b265cd1e3,ok,17629439.0,v1.12-1.13,0.0,0.0,0.0,True,0.0,0.0,0.18675,6.0,actuator_outputs,per_channel,2344429,1641314,3.0,,B,,,,False,10.013294900647452,20.01219128928344,2.0001152599753818,75.816932,70.55282700000002,True,True,0.0,0.0,,main,0.0009956294961739,0.0,0.0,0.0,0.0,0.0,0.0,0.0,0.0,0.0,0.0009951341858635,0.0,0.0,0.0,0.0,0.0,0.0,0.0,0.0,0.0,0.0
6d50790b-4805-4ddd-ad91-540975494c32,ok,17761535.0,v1.14-1.15,0.0,0.0,0.0,True,0.0,0.0,0.076737105846405,4.0,actuator_motors,none,3951577,2571861,3.0,,B,,0.0,4.0,True,10.006955716246132,20.006620868424307,2.000042291216835,124.547919,120.18366799999995,,True,0.0,0.0,,main,0.0097687128931283,0.0,0.0,0.0,0.0,0.0,0.0,0.0002833399164956,0.0,0.0,0.0097213074938039,0.0,0.0,0.0,0.0,0.0,0.0,0.0002832997833221,0.0,0.0,0.0
8daf71f7-e479-485e-8c44-73412f5b2bea,ok,17630207.0,v1.12-1.13,0.0,0.0,0.0,True,0.0,0.0,0.3294,6.0,actuator_outputs,per_channel,12125553,7546186,7.5,,B,,,,False,9.99207064967783,19.96774876445653,1.996012064089302,249.658314,239.564841,True,True,0.0,0.0019818880186639,sensor_combined,main,2.946357255950716e-07,0.062409297004342,0.0,0.0214365787804126,0.0,0.001445915759541,0.0062838742509484,0.0029185875551775,0.1064441971480846,0.0,2.946356821899747e-07,0.060539250647095,0.0,0.0212100469853142,0.0,0.001444871429903,0.0062642130358955,0.0029143367474134,0.1011514473782998,0.0,0.0
25c2b07f-afa3-4693-926b-0b74b94d2ac3,ok,17695743.0,v1.14-1.15,0.0,0.0,0.0,True,0.0,0.0,0.2640068456530571,4.0,actuator_motors,none,37944859,23454783,8.7,,C,,0.0,4.0,True,10.000110529039056,200.5330306347333,1.9999568180752163,350.195845,327.7586780000003,,True,0.0,0.0003262818959036,vehicle_attitude,main,0.0011808275012299,0.0001483587402617,0.0,0.0010551969753578,0.0,0.0003375181986484,0.0010132940951734,0.0005789709975942,,0.0,0.0011801308727808,0.0001483477361921,0.0,0.0010546406463527,0.0,0.0003374612521944,0.0010127810592533,0.0005788034585498,,0.0,0.0
90cd5964-82f6-459e-a942-7224900793e5,ok,17761023.0,v1.14-1.15,0.0,0.0,0.0,True,0.0,0.0,0.0777458757162094,4.0,actuator_motors,none,3237396,2213263,3.4,,C,,0.0,4.0,True,9.882696353230791,19.750735744231992,1.9703723553380763,67.967787,62.95978500000002,,True,0.0,0.0148091471715451,vehicle_local_position,main,0.0010977948608342,0.0,0.0,0.0,0.0,0.0,0.0,3.1225539896695405e-05,0.0,0.0,0.0010971927246969,0.0,0.0,0.0,0.0,0.0,0.0,3.122505238967291e-05,0.0,0.0,0.0
8e0c18ab-1469-407a-8aa9-8bb3a56c9074,ok,17694720.0,v1.14-1.15,0.0,0.0,0.0,True,0.0,0.0,0.2195329442620274,4.0,actuator_motors,none,26582734,14580853,4.8,,C,,0.0,4.0,True,10.001806282614131,20.00174360778769,1.9999976970863769,532.045583,527.3998269999996,,True,0.0,0.0,,main,0.0053346980828791,0.0,0.0,0.0,0.0,0.0,0.0,0.0,0.0,3.555197235982632e-05,0.0053205189861736,0.0,0.0,0.0,0.0,0.0,0.0,0.0,0.0,3.555134040343514e-05,0.0
46c0935d-6879-42d3-bf6c-8ed082b45d3a,ok,17825984.0,v1.16+,0.0,0.0,0.0,True,0.000172245507263,0.0074620000000038,0.403980702161789,4.0,actuator_motors,none,8713607,5602281,4.5,,C,,0.0,4.0,True,9.999312813183264,196.19787917270585,2.00011828887491,75.055244,64.71907699999998,,True,0.0,0.001523231949054,vehicle_attitude,main,0.0048064910341054,0.0001886370497231,0.0004406689273309,0.0250062295235693,0.0139497817959636,0.0054815469775348,0.0036211493308655,0.5918081283569324,0.5084751367568952,0.0,0.0047949767369119,0.000188619259992,0.000440571861294,0.0246986901558731,0.0138533790865435,0.0054665779761758,0.0036146087544743,0.464870557769923,0.411099297384293,0.0,0.00014878738282993602
9ebadde2-7e22-4e65-8518-3a5479fd108d,ok,17760767.0,v1.14-1.15,0.1014492753623188,0.0,0.0,True,0.0,0.0,0.542891339957714,4.0,actuator_motors,none,6741393,4494038,12.8,,C,,0.0,4.0,True,10.005608670423928,20.00602054907603,2.000034234504119,171.563521,164.6751670000001,,True,0.0,0.0,,main,0.0017609048751182,0.0014320738962851,0.0004038270853925,0.0407779339700937,0.0227128993719816,0.0018561069853603,0.0048075940459966,0.0081179090775549,0.0027662438107654,0.0,0.0017593562997913,0.0014310494563953,0.0004037455691799,0.0399684469634481,0.0224588018059051,0.0018543865473388,0.0047960744719441,0.00808513609956,0.0027624247996112,0.0,0.0
f3884bf0-df61-4b0d-aa38-57aa13e19d28,ok,17695743.0,v1.14-1.15,0.0,0.0,0.0,True,0.0024549918166939,0.2001599999999967,0.2872554302215577,4.0,actuator_motors,none,3912161,2430717,4.1,,A,,0.0,4.0,True,9.999485968916169,19.999738446534327,2.0000406273312974,124.856216,122.18437400000008,,True,0.0,0.0,,main,181.24687118530272,0.0,0.0,0.0,0.0,0.0,0.0,0.0349203059449791,,0.0,4.8139006326259866,0.0,0.0,0.0,0.0,0.0,0.0,0.0343244246657738,,0.0,0.0023961661341853034
019a45d7-2553-4535-b9f7-f209633bf26d,ok,17564928.0,v1.12-1.13,0.0,0.0,0.0,True,0.0,0.0,0.4164705882352941,4.0,actuator_outputs,global,39063878,19003021,10.0,,C,,,,False,24.657587512300136,197.44416675669427,1.9738560375276688,269.847434,225.2812669999999,True,True,0.0,0.0143001369346111,vehicle_local_position,main,1.7693098197923942e-05,7.220677798613903e-05,0.0,0.0298664949834346,0.0,0.001195362303406,0.0204524919390677,0.0007126946700736,0.0174728155136108,0.0,1.7692941676908247e-05,7.220417120222968e-05,0.0,0.0294291773196599,0.0,0.0011946484267253,0.020246148474225,0.0007124408238299,0.0173219210377689,0.0,0.0
7690b5f6-ef1e-4f3a-9f28-0119b0175a9c,ok,17826047.0,v1.16+,0.0,0.0,0.0,True,0.0,0.0,0.182271386682987,4.0,actuator_motors,none,17880887,11811324,4.7,,B,,0.0,4.0,True,10.000141661958434,19.994642059081976,2.0000089409001847,372.07284,365.03194900000034,,True,0.0,0.0004433296409563,sensor_combined,main,0.0041748519986867,0.001011781906709,0.0033442587126046,0.0065903249196708,0.0068550072610378,0.0055318134836852,0.0087243914604187,0.109174072742462,0.3053269922733305,0.0,0.0041661614834282,0.0010112704003884,0.0033386791157192,0.0065687036704482,0.0068316185245654,0.0055165691966711,0.0086865538712743,0.1036156597499618,0.2664535781793641,0.0,0.0
f41c0f5c-6566-4aaf-bb7a-bd3b81c3ae47,ok,17760768.0,v1.14-1.15,0.0,0.0,0.0,True,0.0,0.0,0.1684196531772613,4.0,actuator_motors,none,4029871,2804039,4.5,,C,,0.0,4.0,True,10.009318394790457,20.009587950946443,2.0000785758569144,106.613439,99.16014200000004,,True,0.0,0.0,,main,0.0036190108279697,0.0012623813177924,0.0018092917685862,0.0542562985792756,0.0739456899464129,0.0130394535139203,0.0388836164027452,0.0113784534856677,4.025031614303589,0.0,0.0036124779652062,0.0012615851844421,0.0018076569718201,0.0528355880912576,0.0713394267879678,0.01295517170844,0.0381466908311455,0.0113142057841279,1.614431745329048,0.0,0.0
2c16cd61-1ca4-4e70-9f71-b3e58ae49de6,ok,17761280.0,v1.14-1.15,0.0,0.0,0.0,True,0.0,0.0,0.0886138454079628,4.0,actuator_motors,none,14526746,8640028,4.8,,A,,0.0,4.0,True,9.941003187545592,198.52182094285976,1.9833210399507888,120.154081,117.12345099999996,,True,0.0,0.0057538386901814,sensor_combined,main,0.0010642982844728,0.0,0.0,2.30854114294052,0.0093394734896719,0.0,0.0174605541862547,0.8257744580507266,0.8257744580507266,0.0001594645036675,0.0010637323205876,0.0,0.0,1.1965073499194874,0.0092961302667315,0.0,0.0173098701986222,0.6020042575947113,0.6020042575947113,0.000159451790555,0.0
0c02d58b-9848-4440-b237-5ec11b746b4c,ok,17761535.0,v1.14-1.15,0.0,0.0,0.0,True,0.0370821772165028,2.8775420000000054,0.257355535030365,4.0,actuator_motors,none,14600351,9142133,5.7,,A,,0.0,4.0,True,10.006525834440458,199.9854291363778,2.0001445340806594,137.670801,135.61005500000005,,True,0.0,0.0,,main,0.004357099533081,0.0,0.0,0.0,0.0,0.0,0.0,0.0008248210797319,47.08233070373535,0.0,0.0043476348573075,0.0,0.0,0.0,0.0,0.0,0.0,0.0008244811017596,3.675136377209024,0.0,0.03641920285241309
1f32ab9e-a748-45e5-97b9-ba461dfcd0cd,ok,17695743.0,v1.14-1.15,0.0,0.0,0.0,True,0.7645305514157973,4.801460000000002,0.7006982713937759,4.0,actuator_motors,none,3129666,2448792,4.5,,B,,0.0,4.0,True,10.013676493762835,20.01365329767083,2.000128483777986,72.057547,67.16328100000005,,True,0.0,0.0007659809257602,sensor_combined,main,0.0078546596458181,0.0092284325510263,0.0,0.0835336118936538,0.0,0.4565106496214866,0.0583913689479231,0.1082654934376476,0.1159187886863946,0.0,0.0078239723939449,0.0091861107440538,0.0,0.0802275631039373,0.0,0.376043609180176,0.05675017897425,0.1027961746379266,0.1096780913169846,0.0,0.7085635359116023
df147d88-3d81-4a5e-be0e-098efae4ab22,ok,17825792.0,v1.16+,0.0,0.0,0.0,True,0.0444960053034026,0.5285180000000196,0.4451440274715423,4.0,actuator_motors,none,35773856,22718402,20.4,,C,,0.0,4.0,True,10.00307564176362,198.19272033191243,1.999966404410495,312.098025,306.21707800000024,,True,0.0,0.0,,main,0.0224343478679656,0.0023087653331458,0.0021068414207547,0.0076134937815368,0.0080439010635018,11.566487121582032,0.0031286487821489,0.0494057260453699,0.0192501753568649,0.0,0.0221863994093399,0.002306104229586,0.0021046251427202,0.0075846574089651,0.0080117213431509,2.531033518276524,0.0031237647448545,0.0482240287501273,0.0190672347622096,0.0,0.04359853066344129
5efd451d-3acd-44ad-824f-d2b6f6a330e0,ok,17825856.0,v1.16+,0.0,0.0,0.0,True,0.0003605088324663,0.1025129999998171,0.4645538511569612,4.0,actuator_motors,none,91371819,57952207,27.3,,C,,0.0,4.0,True,9.87511127927218,19.74932242238522,1.9751273286568465,1970.435519,1966.4102290000028,,True,0.0,0.0128078879797484,vehicle_attitude,main,0.0087081621866673,0.0375512579455971,0.0411492077633738,0.0958634711802005,0.1090432707220314,0.0235632006078958,0.0902105689048765,0.1118877328932284,0.0484378483146428,0.0019577534403651,0.008670464834025,0.0368633771510854,0.0403251105466961,0.0915426106752676,0.1034977253906732,0.0232898737075543,0.0863708600652576,0.1060592311032325,0.0473012928405191,0.0019558395386564,0.00035969374646729354
5ee59a26-9247-4dba-837b-33035c724eb1,ok,17760256.0,v1.14-1.15,0.0,0.0,0.0,True,0.0,0.0,0.5103672988712785,4.0,actuator_motors,none,2505582,1818010,5.1,,B,,0.0,4.0,True,10.0163766187752,20.015171342896178,2.0003345956503007,63.854966,56.93974599999999,,True,0.0,0.0,,main,0.0017267572693526,0.0,0.0,0.0,0.0,0.0,0.0,0.0,0.0,0.0012137710582464,0.001725268138018,0.0,0.0,0.0,0.0,0.0,0.0,0.0,0.0,0.0012130350336721,0.0
f3c856d9-79a8-4009-a9ed-4073c60ff036,ok,17694720.0,v1.14-1.15,0.0,0.0,0.0,True,7.467144563918757e-05,0.0315679999999929,0.4317065272480249,4.0,actuator_motors,none,98054542,32876551,27.7,,C,,0.0,4.0,True,10.0028266665084,167.908414170458,90.6639864872558,433.106043,421.8489380000002,,True,0.0,0.0001369640927511,vehicle_attitude,main,0.004588714800775,0.0025470859836786,0.0,0.0079809175804257,0.0,0.0060127452015876,0.0146374218165874,0.0042263232171535,0.0092747351154685,0.0,0.0045782187457008,0.0025438476578717,0.0,0.0079492384981838,0.0,0.0059947407837627,0.0145313287903933,0.0042174173969511,0.0092319888632383,0.0,7.38891990410824e-05
5ca695f7-a3c0-4bc9-856a-a6bbd5959e30,ok,17563904.0,v1.12-1.13,0.0,0.0,0.0,True,0.0,0.0,0.2752499999999999,6.0,actuator_outputs,bus,3150901,2445588,3.1,,B,,,,False,10.012683514692844,20.01236438184525,2.012953118034316,76.727646,69.65520299999997,True,True,0.0,0.0,,main,3.648173151304945e-05,0.0006383085565175,0.0,0.0528118282556533,0.0,0.0017180125345475,0.0022314540343359,0.1235562719404694,0.0157245711423456,0.0,3.6481066070866624e-05,0.0006381049242597,0.0,0.0514645165710664,0.0,0.0017165384391145,0.0022289680383525,0.1164988976733227,0.0156022210090464,0.0,0.0
45a21fdf-0b74-4e72-8926-a46643f048c1,ok,17695743.0,v1.14-1.15,0.0,0.0,0.0,True,0.0,0.0,0.2475604683160781,4.0,actuator_motors,none,21471222,12008119,14.2,,C,,0.0,4.0,True,10.00598814378429,200.0000011969597,2.0000006726728987,167.032834,161.68009300000003,,True,0.0,0.0,,main,0.0068511966848745,0.0027016372419893,0.0,0.0181727568618953,0.0,0.0009227861883118,0.0158556466922163,0.0154598896391689,0.0172049879096447,0.0002560314300353,0.0068278338849235,0.0026979943797488,0.0,0.0180096059524388,0.0,0.000922360682884,0.0157312590346207,0.0153416031185639,0.0170586581220755,0.0002559986595821,0.0
5e4edc60-569b-4101-8b11-15eb8e5297dc,ok,17761280.0,v1.14-1.15,0.0,0.0,0.0,True,0.0,0.0,0.1785885214805602,4.0,actuator_motors,none,100397988,58753633,22.2,,C,,0.0,4.0,True,10.000402163412154,20.00040125926114,2.0000050424027007,2477.34279,2471.310609,,True,0.0,0.0,,main,0.0129813309758901,0.0007599592849146,0.0010594014311209,0.0088023385964334,0.0111593011766672,0.0043451027013361,0.0042182018980383,0.0064411676954478,0.0038664008956402,0.0,0.01289779565535,0.0007596706620757,0.0010588406614432,0.0087638238621916,0.0110974955552553,0.0043356899988495,0.0042093302240034,0.0064205120251181,0.0038589455783486,0.0,0.0
376cfb8d-d741-4115-801e-2d60ee5e53c9,ok,17761535.0,v1.14-1.15,0.0,0.0,0.0,True,0.7792592592592592,2.303763000000004,1.0,4.0,actuator_motors,none,2338954,1630168,2.7,,C,,0.0,4.0,True,10.014127416108026,19.999701560323253,1.9999644292040808,70.689587,67.43984599999999,,True,0.0,0.0,,main,0.016815373674035,0.0,0.0,0.0,0.0,0.0,0.0,1.02725476026535,0.4377585694193827,0.0,0.0166755604424913,0.0,0.0,0.0,0.0,0.0,0.0,0.7066825429790501,0.3630853518926131,0.0,0.7418899858956276
34ae2cb6-3299-4c18-9ffa-e0ed321f6268,ok,17694720.0,v1.14-1.15,0.0,0.0,0.0,True,0.0,0.0,0.0999948620796203,4.0,actuator_motors,none,12857521,3214362,3.7,,C,,0.0,4.0,True,10.011609234591976,20.010052902453545,96.49792358607289,82.682547,67.81822399999999,,True,0.0,0.0022267482982279,estimator_innovation_test_ratios,main,0.0026555762160569,0.0,0.0,0.0,0.0,0.0,0.0,0.0,0.0,0.0,0.0026520564035804,0.0,0.0,0.0,0.0,0.0,0.0,0.0,0.0,0.0,0.0
814f3010-bc7d-4d8b-b2b7-0363293c9076,ok,17695743.0,v1.14-1.15,0.0,0.0,0.0,True,0.0,0.0,0.7085994598658497,4.0,actuator_motors,none,2835747,2267190,3.3,,A,,0.0,4.0,True,10.013818778815384,20.014536429809027,1.9998489525849927,68.775352,58.715107,,True,0.0,0.0,,main,0.0018766635563224,0.000266040576389,0.0,0.0039383665658533,0.0,0.00029475716874,0.0010982475942,0.061824008822441,,0.0,0.0018749048232936,0.0002660051938701,0.0,0.003930631502608,0.0,0.0002947137363801,0.0010976449614971,0.0599881923475132,,0.0,0.0
27421cb1-4489-473d-a952-deb89cc26d1c,ok,17760511.0,v1.14-1.15,0.0,0.0488599348534201,0.0,True,0.0,0.0,0.2572645023465156,4.0,actuator_motors,none,6313051,4237131,7.2,,B,,0.0,4.0,True,10.005972050439851,20.00608944284509,1.999997407169485,153.516709,143.461299,,True,0.0,0.0,,main,0.010994626674801,0.0004775962472194,0.0001045927576342,0.0033735796925611,0.0029674322344362,0.0030890882364474,0.0054382106056436,0.0035081144887953,0.0009165731782559,0.0,0.0109346251624903,0.0004774822344316,0.000104587288193,0.0033679019385769,0.0029630380981248,0.0030843268065125,0.0054234769307616,0.003501975408703,0.000916153381557,0.0,0.0
233a4f54-86a4-475a-bc54-61336dc6bf9f,ok,17826047.0,v1.16+,0.0,0.0,0.0,False,0.0024196335983408,0.6009730000000104,0.3028388440608978,4.0,actuator_motors,none,13713548,8998817,10.7,,B,,0.0,4.0,True,10.00353635469784,20.003295245397105,2.0000595894042617,291.285715,289.2281290000001,,True,0.0,0.0,,main,0.0050103458575904,0.0027879148954525,0.009674469474703,0.0457420896738767,0.0970903761684893,0.001032575930003,0.0020748546696267,0.0,7.279860591888427,0.0,0.0049978358437143,0.0027840358686456,0.0096279714501692,0.044726767050387,0.0926615627387456,0.0010320431901753,0.0020727051314826,0.0,2.113826131526978,0.0,0.002398903358464702
eb75b101-5e33-4978-a88f-7a13966ad295,ok,17694975.0,v1.14-1.15,0.0,0.0,0.0,True,0.0,0.0,0.2145035795867443,4.0,actuator_motors,none,19978811,12952048,11.1,,C,,0.0,4.0,True,10.005624958513096,202.3042516155912,1.9999591107260928,182.35152,175.448683,,True,0.0,0.0,,main,0.0118725091218948,0.0005544178886339,0.0,0.0123621089383959,0.0,0.0095602786168456,0.0035207096487283,0.0046573248691856,0.0069083879003301,0.0,0.0118025838006744,0.0005542642558181,0.0,0.0122863220212148,0.0,0.0095148683470386,0.0035145264590733,0.0046465130880388,0.0068846343251635,0.0,0.0
a9c9c6f3-da38-42d0-8cdf-2501c05699a1,ok,17825984.0,v1.16+,0.0,0.1149273447820343,0.0,True,0.5429147465437788,6.700000000000003,1.0,4.0,actuator_motors,none,111114864,47838617,38.8,,A,,0.0,4.0,True,124.92857445187504,249.77242415902788,100.0037035469398,377.64,347.1759999999915,,True,0.0,0.0,,main,0.0003295764778158,0.0007185267284512,0.0004423366612172,0.0296113453805446,0.0347582921385765,0.0002052557494607,0.0064311139285564,0.8463351726531982,1.610242486000061,0.0,0.0003295221794184,0.0007182687117086,0.0004422388591961,0.0291813964509419,0.0341678652783563,0.0002052346873813,0.006410522551883,0.6132026865837682,0.9594431235324926,0.0,0.4984135378106822
0e035bda-9965-43ba-b296-e8978ea0dc6d,ok,17630207.0,v1.12-1.13,0.0,0.0,0.0,True,0.0236439499304589,1.001058999999998,0.3964000000000001,6.0,actuator_outputs,per_channel,2484656,1763741,3.3,,C,,,,False,10.013246489252197,20.01267082433932,2.0000403063678407,72.003254,71.81797999999998,True,True,0.0,0.0,,main,0.0053039450198411,0.0405325580388304,0.0,0.0,0.0,0.0,0.0,4.430795860290525,0.5989663124084346,0.0,0.0052899286430049,0.039732657124938,0.0,0.0,0.0,0.0,0.0,1.6920856904785673,0.4693573657177121,0.0,0.0
2a3dbcfd-dcfc-4af2-a58e-aba9d377ab82,ok,17760768.0,v1.14-1.15,0.0,0.0,0.0,True,0.0,0.0,0.239999970421195,4.0,actuator_motors,none,2470153,1870513,3.0,,C,,0.0,4.0,True,10.013245091467915,20.012173237616302,1.999997179860092,69.807719,62.87987100000002,,True,0.0,0.0,,main,0.0027447224594652,0.0,0.0,0.0,0.0,0.0,0.0,0.0014757154451217,,0.0,0.0027409625870749,0.0,0.0,0.0,0.0,0.0,0.0,0.0014746276471395,,0.0,0.0
36c55341-13f7-40d9-8736-5a53eea5c970,ok,17825792.0,v1.16+,0.0,0.0,0.0,True,0.1953206239168111,11.837762999999995,1.0,4.0,actuator_motors,none,10779076,4905094,4.1,,C,,0.0,4.0,True,10.014520601041273,161.74897484161798,1.999991694690978,65.812402,60.58915399999999,,True,0.0,0.0,,main,0.0064328745938837,0.0140248222276568,0.0026624586782418,0.0332278748974202,0.0224029562436043,0.042276677675545,0.0206668925005941,1.5633288502693177,0.3318353936076155,0.0,0.0064122719649952,0.0139273843838274,0.0026589206137108,0.032687761063983,0.0221556961115268,0.041407433685823,0.0204562298285538,0.9413067459282716,0.2865579861091001,0.0,0.17886049833359785
1ced92e4-0565-48c4-ac07-f39041eed434,ok,17761535.0,v1.14-1.15,0.0,0.0,0.0,True,0.0,0.0,0.4357119992375373,4.0,actuator_motors,none,4780758,3437784,2.9,,C,,0.0,4.0,True,10.008911480477014,20.008035496667286,1.999999964285715,112.492736,106.23987900000007,,True,0.0,0.0,,main,0.0015305780107155,0.0006253961124457,0.0019726418424397,0.0018620010931044,0.0029161280952394,0.0096595086157321,0.0050634170882403,0.0227346654050052,0.0048067307798191,0.0,0.0015294078700342,0.0006252006337937,0.0019706987394649,0.0018602697179508,0.0029118844417285,0.0096131538329414,0.0050506411005567,0.0224800842219389,0.0047952153357738,0.0,0.0
685b8ef8-e6ad-4d01-b5a9-9860ab537b13,ok,17761023.0,v1.14-1.15,0.0,0.0,0.0,True,0.0,0.0,0.2385519266128539,4.0,actuator_motors,none,13504640,7672158,4.3,,C,,0.0,4.0,True,9.974273702915836,183.11559069782228,1.9999830679399588,119.001709,106.72552299999998,,True,0.0,0.0030730613587404,sensor_combined,main,0.0033769006375223,0.0,0.0,0.0,0.0,0.0,0.0,0.547694432735443,0.0,0.0009760715300217,0.003371211712257,0.0,0.0,0.0,0.0,0.0,0.0,0.4367663608088583,0.0,0.0009755954819519,0.0
4b2ba481-b960-4158-9098-e2a9075c06f3,ok,17761535.0,v1.14-1.15,0.0052219321148825,0.0,0.0,True,0.0,0.0,0.2768281534314155,4.0,actuator_motors,none,43373444,26690656,13.1,,A,,0.0,4.0,True,10.002475988353211,222.0176215561046,2.0000481671781687,385.681699,379.7404540000001,,True,0.0,0.0,,main,0.0020092308404855,0.0001365554722724,0.0002244439536298,0.0034445323748514,0.002138704364188,0.0006947415415197,0.001006474281894,0.0074208509176969,0.0020814450690522,0.0,0.0020072150358932,0.0001365461494226,0.0002244187698537,0.0034386135610136,0.0021364205916391,0.0006945003203327,0.0010059681262472,0.0073934518695324,0.0020792818634734,0.0,0.0
eaf98000-82c5-477c-a185-c4be866b8886,ok,17891583.0,v1.16+,0.0,0.0291095890410958,0.0,True,0.0,0.0,0.3028106063604354,4.0,actuator_motors,none,13952359,9581481,8.6,,C,,0.0,4.0,True,9.999797365312473,19.99972335486317,2.000016651939672,291.792604,289.17303300000015,,True,0.0,0.0003811101708542,sensor_combined,main,0.0031314258812926,0.0005804364598589,0.0002827278527547,0.0067131910705938,0.0052123120054602,0.0083870557136833,0.0088473942596465,0.0118300425354391,0.1036868155002594,6.280369329452516,0.0031265331786969,0.0005802680717728,0.000282687892767,0.0066907579460203,0.0051987749265162,0.0083520797891873,0.0088084853933651,0.0117606146027533,0.0986562259975797,1.98518159298942,0.0
9a900826-c2ee-4259-8c2e-a065a002d750,ok,17826047.0,v1.16+,0.0,0.0,0.0,True,0.0162995104583889,0.9693709999999988,0.4243639633059501,4.0,actuator_motors,none,8196664,5470874,10.8,,B,,0.0,4.0,True,9.999425514486738,171.16026753871373,1.99989696053272,67.243905,62.915945,,True,0.0,0.00147126192614,vehicle_attitude,main,0.0069514798931777,0.0011945313424803,0.0041880463715642,0.0065127952490001,0.0147434487007558,0.0026614360045641,0.0121417334303259,0.2718242913484572,0.0993146374821662,0.0007889795640949,0.0069274297485624,0.0011938184575686,0.0041793009144428,0.0064916786338941,0.0146358206438499,0.0026579006551092,0.0120686138555611,0.2404523196439664,0.0946869287893598,0.0007886684833321,0.015194731110304413
dfe1ecb2-9339-404c-be00-3afe7c3dbdea,ok,17826240.0,v1.16+,0.0,0.1652173913043478,0.0,True,0.0,0.0,0.27129947245121,4.0,actuator_motors,none,4967266,2944275,3.6,,B,,0.0,4.0,True,10.00862672133188,20.008394231816755,2.000036843728045,111.521224,110.07829400000004,,True,0.0,0.0,,main,0.0059812617255374,0.0012415132077876,0.0010551619459874,0.0291178880259394,0.0220410333946347,0.0110407788306474,0.0233129194937646,0.0398003250360488,0.0198286604136228,0.0,0.0059634449887013,0.0012407431675425,0.0010546056539057,0.0287020159126487,0.0218016410681168,0.010980274368957,0.0230453243545958,0.0390286995622061,0.0196346331993172,0.0,0.0
84bab0d0-3bfb-41cc-8752-9dfbcfd9382f,ok,17760767.0,v1.14-1.15,0.000616522811344,0.0053945745992601,0.0,True,0.0,0.0,0.1732357636094092,4.0,actuator_motors,none,133454255,76569976,34.5,,C,,0.0,4.0,True,9.911732285715068,19.821378113956136,1.9821709765704685,3308.769843,3304.370040999988,,True,0.0,0.0089936706959098,sensor_combined,main,0.0089556819759309,0.0001132502642576,0.0001286126222112,0.001008130912669,0.0007682802039198,0.0014577397261746,0.00083849701914,0.0023921629879623,0.0021284114569425,0.0,0.0089158176872482,0.0001132438519305,0.0001286043523169,0.0010076230899729,0.0007679852277571,0.0014566782550604,0.0008381456769003,0.0023893063209169,0.0021261495981529,0.0,0.0
5ea07f1e-6266-436e-acff-94901abc30ee,ok,17761280.0,v1.14-1.15,0.0,0.0,0.0,True,0.0,0.0,0.1578732192516327,4.0,actuator_motors,none,10448525,6700823,4.9,,A,,0.0,4.0,True,10.011124195984983,202.63638915033457,1.9999309532034848,91.78778,85.74080999999998,,True,0.0,0.0,,main,0.0120472355745732,0.0005622281343676,0.001226677413797,0.0023332000593654,0.0038824062328785,0.0190243280492722,0.0022792725358158,0.0289374694228172,0.0228240314871072,0.0017661158577539,0.0119752452449538,0.0005620701433452,0.0012259256597685,0.0023304823745542,0.0038748891437805,0.018845628390605,0.0022766789344381,0.0285266867088628,0.022567459942122,0.0017645581089825,0.0
c574c4e1-92d9-4226-a6a4-351d04ef9566,ok,17826240.0,v1.16+,0.0,0.0,0.0,True,6.12294881214793e-05,0.0037389999999959,0.6041797656565905,4.0,actuator_motors,none,8011985,5111725,5.1,,A,,0.0,4.0,True,10.000433140788807,198.96404113669425,1.999782199721064,63.307689,57.16069,,True,0.0,0.0011888916884315,vehicle_attitude,main,0.0018983104382641,0.0001676089777902,0.0017419484793208,0.0011769410630222,0.0013050987035967,0.0002058263198705,0.0023692654795013,0.0058429210912436,0.8412304818630219,0.0045771530130878,0.0018965109240019,0.0001675949329748,0.0017404330466836,0.0011762490108391,0.001304247802543,0.0002058051405396,0.0023664631954089,0.0058259174296895,0.6104340882567914,0.0045667097031946,5.5466193355150034e-05
a0913310-d2eb-4f9d-a5ad-5a138fd03f06,ok,17760512.0,v1.14-1.15,0.1235955056179775,0.0,0.0222965440356744,False,0.0005643340857787,0.1024309999999957,0.3013480216264724,4.0,actuator_motors,none,7960297,4308696,7.8,,B,,0.0,4.0,True,10.00570123850972,20.0057617264169,2.00008609894445,179.064794,176.30694299999985,,True,0.0,0.0,,main,0.0185357188805937,0.0,0.0,0.0,0.0,0.0,0.0,0.307932974398136,0.2260454066097735,0.0,0.0183660261538214,0.0,0.0,0.0,0.0,0.0,0.0,0.2684480089071683,0.203793873214628,0.0,0.0005580357142857143
4ef8659f-2a60-4a72-9ba5-5ec6f16b70bc,ok,17170944.0,v1.12-1.13,0.0,0.0,0.0,False,0.1030595813204508,1.0,0.891192615032196,4.0,actuator_motors,none,22331858,9629935,5.4,,C,,0.0,4.0,True,124.94421026531118,249.8634354670507,100.0,80.528,61.272,,True,0.0,0.0,,main,0.0002655934076756,0.0002041469560936,6.520304668811149e-05,0.0235574785619974,0.002677573589608,7.263371662702411e-05,0.0042776213958859,0.2351606488227844,0.5727494359016418,0.0,0.0002655581439902,0.0002041261209393,6.520092106186049e-05,0.0232842833718631,0.0026739952754871,7.263107892635181e-05,0.0042684983807661,0.2112010416387174,0.4528253207978641,0.0,0.07930607187112763
425ca0ab-2740-4922-b98b-5fd831fad1c0,ok,17694976.0,v1.14-1.15,0.6208333333333333,0.0,0.0,True,0.0,0.0,0.3949206858873366,4.0,actuator_motors,none,5378899,3475687,3.8,,C,,0.0,4.0,True,10.009424562035411,20.00919575647133,1.999989855123924,103.435995,101.01272899999998,,True,0.0,0.0,,main,0.0025154976639896,0.0,0.0,0.0,0.0,0.0,0.0,0.0002049778013315,,0.0,0.0025123390955463,0.0,0.0,0.0,0.0,0.0,0.0,0.0002049567962523,,0.0,0.0
0b65d668-dc2f-423d-a728-89c5fb59533f,ok,17825984.0,v1.16+,0.0,1.0,0.0,True,0.0,0.0,0.1611558496952056,4.0,actuator_motors,none,3712344,2688119,3.5,,B,,0.0,4.0,True,10.009974100792594,20.009510713427225,1.9998223015040664,98.066109,94.503392,,True,0.0,0.0,,main,0.0015141302486881,69169104486.39998,407910134579.1998,39.14657745361328,0.0878198444843292,0.0,0.0096245162189006,1.0220047950744628,0.0538466967642307,0.0,0.0015129851092641,24.959820132928908,26.73431272870827,3.692537192764607,0.0841755506095199,0.0,0.0095784956111116,0.7040894920467353,0.0524469905501469,0.0,0.0
6e080b74-16c5-4957-8d0b-630cf1ede299,ok,17695744.0,v1.14-1.15,0.0,0.0,0.0,False,0.0144486692015209,1.5017660000000037,0.3116710305213928,4.0,actuator_motors,none,5937860,3675029,3.6,,B,,0.0,4.0,True,10.006870644903392,20.007162194247385,1.999981353333702,134.960436,131.02997300000004,,True,0.0,0.0,,main,0.026004609465599,0.0,0.0,0.0,0.0,0.0,0.0,0.000255583103717,0.0,0.0,0.025672239395015,0.0,0.0,0.0,0.0,0.0,0.0,0.0002555504479196,0.0,0.0,0.014032496307237814
d43be4b4-3c0f-435f-806f-6e1568fcb85c,ok,17760320.0,v1.14-1.15,0.0,0.0,0.0,True,0.0,0.0,0.1639873623847962,4.0,actuator_motors,none,38749379,22360685,8.7,,B,,0.0,4.0,True,9.939690279024743,200.74677256805924,1.988693864059046,265.269999,256.68935400000004,,True,0.0,0.0065076891040381,vehicle_attitude,main,0.0024599388591013,0.0,0.0,0.0,0.0,0.0,0.0,0.0415153244510291,0.0,2.9523220655391902e-05,0.0024569181623114,0.0,0.0,0.0,0.0,0.0,0.0,0.0406766954378426,0.0,2.952278485369046e-05,0.0
4020a64f-010d-4699-973c-f9b04c53cb38,ok,17694720.0,v1.14-1.15,0.8539682539682539,1.0,0.2884130982367758,True,0.100383631713555,4.399125000000012,0.2949662953615188,4.0,actuator_motors,none,5997012,3805183,17.1,,B,,0.0,4.0,True,10.006158932866445,20.00536439206242,2.0000776739025765,158.283655,156.43944799999997,,True,0.0,0.0,,main,2.13312463760376,0.4545168638229361,0.0,0.5615680932998657,0.0,0.2266852319240568,0.3989894390106199,0.0713798373937606,0.0779206484556198,0.0,1.142030793369559,0.3746737931264952,0.0,0.4456905044110029,0.0,0.2043155981188996,0.3357501466988963,0.0689473853533161,0.0750338598105013,0.0,0.09899117276166457
afd1472c-f54f-403d-8dd8-402d8ec951ce,ok,17825984.0,v1.16+,0.0,0.0,0.0286407766990291,False,0.7947084762371387,263.297909,1.0,4.0,actuator_motors,none,19388963,10376656,21.5,,C,,0.0,4.0,True,10.002381378231556,20.002318937614422,2.000019143735551,411.445867,407.1978030000004,,True,0.0,0.0,,main,0.0555931497365234,0.0126087827607989,0.0057139201089739,0.1921662464737891,0.120167629420757,0.0517241269350051,0.0698225744068622,0.0180205225013195,2.9621617555618283,0.0,0.0541028361759217,0.0125299539910711,0.0056976575865627,0.1757720274366078,0.1134783432333729,0.0504308431716508,0.0674928164130949,0.0178600775531436,1.3767897741875004,0.0,0.7877610490529383
32e2aa9d-06cb-4224-8688-bf132ed4e367,ok,17761535.0,v1.14-1.15,0.0,0.0,0.0,True,0.0,0.0,0.2648572735488415,4.0,actuator_motors,none,40493229,23229285,25.8,,C,,0.0,4.0,True,9.94125934385379,207.9798541806104,1.9866615702388803,375.198847,135.781169,,True,0.0,0.0066779289650673,vehicle_local_position,main,0.00200409241952,0.0032504252623766,0.0012547937687486,0.0065421970561146,0.0035222192294895,0.0096791746094822,0.0205648101866244,0.0102790013421326,0.0009031140507431,0.0,0.0020020869053504,0.0032451540495503,0.0012540071729891,0.0065208897654618,0.0035160307425537,0.0096326314905667,0.0203562095183456,0.0102265316588201,0.0009027064886137,0.0,0.0
3eb646d4-7ef0-43f3-8521-a10b0595039e,ok,17826047.0,v1.16+,0.0,0.0,0.0,True,0.0,0.0,0.4983092863112688,4.0,actuator_motors,none,3287375,2375181,3.3,,B,,0.0,4.0,True,10.010597978298232,20.01005208357953,1.9996765015319555,93.958227,90.557595,,True,0.0,0.0,,main,0.0064656193833798,0.0036059220787137,0.002730862761382,0.0132037298753857,0.014453443326056,0.0060721621615812,0.0320721356198191,0.3860493168234826,0.0685558248311281,0.0,0.0064448069284789,0.0035994363284254,0.0027271407303686,0.0131173204210644,0.0143499879798894,0.0060538008759024,0.0315685634729736,0.3264574822584075,0.0663080403936935,0.0,0.0
11c89c98-bdc2-422a-badf-a570aef61c3d,ok,17761792.0,v1.14-1.15,0.0,0.0,0.0,True,0.0,0.0,0.3397476375102996,4.0,actuator_motors,none,8211487,4958983,4.1,,C,,0.0,4.0,True,10.015084448181211,222.03242531834155,2.000235558990752,64.361907,59.407911000000006,,True,0.0,0.0,,main,0.046787092834711,0.0174022123217582,0.0251174289733171,0.1589201182126998,0.4005991935729978,0.1158121988177298,0.0538002982735633,0.0461424559354781,0.0129802273586392,0.0,0.0457255614819707,0.0172525278898703,0.0248071708803367,0.1474886389561703,0.3369001404665869,0.109582569169071,0.0524029618387127,0.0451095475124638,0.0128967061803337,0.0,0.0
c5780a58-6604-4f22-8345-c660568c820b,ok,17630207.0,v1.12-1.13,0.0175438596491228,0.0,0.0,True,0.0,0.0,0.30555,6.0,actuator_outputs,per_channel,4791076,3169960,4.0,,C,,,,False,10.007609504727531,20.00792779768048,2.0000421634904875,123.666037,119.042438,True,True,0.0,0.0,,main,0.0026360071729868,0.0032193697756156,0.0,0.1062254711985587,0.0,0.0,0.0614485371857881,0.0313987290486693,0.2675392597913741,0.0,0.0026325389994953,0.0032141987001698,0.0,0.1009537441663226,0.0,0.0,0.0596345197666921,0.0309158703755458,0.2370774301978887,0.0,0.0
31d3a42d-4d7c-4e56-b5da-1a3aa0447e28,ok,17695743.0,v1.14-1.15,0.672645739910314,0.9641255605381166,0.0,True,0.0047974583002382,0.3351940000000013,0.4525661796331405,4.0,actuator_motors,none,12269200,6895283,4.0,,C,,0.0,4.0,True,10.009039643956823,221.23169207922348,2.000122872413216,111.110645,110.16359699999995,,True,0.0,0.0,,main,0.0034528291551396,0.0031548323342576,0.0,0.0360633235424757,0.0,0.0013299710699357,0.0169234795495867,0.0138323321938514,,0.0,0.0034468818266931,0.0031498662926733,0.0,0.0354282650798478,0.0,0.001329087441792,0.016781872888145,0.0137375386306748,,0.0,0.004742015513613667
0229a46f-bf1f-4e68-9246-2dad6d50f160,ok,17761280.0,v1.14-1.15,0.0,0.1532846715328467,0.0,True,0.0,0.0,0.0448227047920227,4.0,actuator_motors,none,7505000,4837924,3.6,,B,,0.0,4.0,True,10.013503645689644,200.0001743313813,2.000003848492254,66.138645,59.28001000000002,,True,0.0,0.0,,main,0.0011090093059465,0.0,0.0,0.0,0.0,0.0,0.0,0.0004055676166899,0.0,0.0001261806901311,0.0011083948094057,0.0,0.0,0.0,0.0,0.0,0.0,0.0004054853963738,0.0,0.0001261727300174,0.0
