log_id,status,ver_sw,band,failsafe_frac,nav_state_forbidden_frac,filter_fault_flags_frac,landed_at_end,sat_frac,sat_max_run_s,motor_spread_p95,n_motors,actuator_source,pwm_source,ulg_bytes,parquet_bytes,elapsed_s,excluded_reason,group,skip_reason,reversible_flags,n_active_control_channels,is_quadrotor,rate_position_hz,rate_attitude_hz,rate_ratios_hz,duration_s,airborne_s,is_quad_from_outputs,is_quadrotor_final,dropout_frac_proxy,score_baro_vpos,score_gps_hpos[0],score_gps_hpos[1],score_gps_hvel[0],score_gps_hvel[1],score_gps_vpos,score_gps_vvel,score_heading,score_mag_field[0],score_hagl,score_log_baro_vpos,score_log_gps_hpos[0],score_log_gps_hpos[1],score_log_gps_hvel[0],score_log_gps_hvel[1],score_log_gps_vpos,score_log_gps_vvel,score_log_heading,score_log_mag_field[0],score_log_hagl
8012e4d3-f162-4950-99c6-957b66e48cdc,ok,17695743.0,v1.14-1.15,0.0,0.0,0.0,True,0.0091949709138675,2.4985020000000304,0.4120235502719879,4.0,actuator_motors,none,25622969,14962115,9.8,,C,,0.0,4.0,True,10.00197071531134,20.00152820372601,2.0000189397142383,537.871432,532.8362039999997,,True,0.0,0.0024832332273945,0.0004732632951345,0.0,0.0108266156166791,0.0,0.0017947744927369,0.0017428660939913,0.0705855205655097,0.1322458535432815,0.1940817423164844,0.002480155098518505,0.0004731513413822476,0.0,0.010768427424535829,0.0,0.0017931658095251318,0.0017413490652766802,0.06820571428780568,0.12420314130862561,0.177377473528648
522a1d3e-507c-486b-91a5-23de820f50cf,ok,17695743.0,v1.14-1.15,0.0,0.0,0.0,True,0.0,0.0,0.1931729018688202,4.0,actuator_motors,none,5117242,3467218,2.9,,A,,0.0,4.0,True,10.007971364447837,20.007580454996635,2.0000627759167062,130.881303,123.04137200000004,,True,0.0,0.0012228561681695,0.0003516963624861,0.0,0.0080743804341182,0.0,0.0015116376860532,0.007529210159555,0.0,,0.0,0.0012221090885507406,0.0003516345318170631,0.0,0.008041957040032893,0.0,0.0015104963118909394,0.007501007132618891,0.0,,0.0
9ce25379-e5d9-4a56-bb70-d9e294a376ec,ok,17826240.0,v1.16+,0.0,0.0,0.0,True,0.0,0.0,0.3508505195379257,4.0,actuator_motors,none,4678696,3475783,3.9,,C,,0.0,4.0,True,10.00929690737816,20.00890853213178,2.0000241264171645,111.258922,104.82899100000004,,True,0.0,0.0004681416408857,0.0,0.0,0.0,0.0,0.0,0.0,2.122460722923278,2.122460722923278,0.0006259731773752,0.0004680320967745077,0.0,0.0,0.0,0.0,0.0,0.0,1.1386213842109498,1.1386213842109498,0.0006257773378883855
77927978-1b51-4cc0-9f21-ccc4592e566d,ok,17761535.0,v1.14-1.15,0.0,0.0642857142857142,0.0,True,0.0017331022530329,0.0974950000000021,0.7637768864631651,4.0,actuator_motors,none,3215626,2603889,2.8,,C,,0.0,4.0,True,10.014971866705062,20.01516819602154,1.9999949037166893,67.655441,57.738693000000005,,True,0.0,0.0009655046014813,0.0,0.0,0.0,0.0,0.0,0.0,0.4224848374724388,0.1251874137669801,0.0,0.0009650388017106631,0.0,0.0,0.0,0.0,0.0,0.0,0.3524052278911989,0.1179496117969012,0.0
fdcd4e4e-430f-4209-8661-3ef6fc45d46e,ok,17826240.0,v1.16+,0.0,0.0,0.0,True,0.0,0.0,0.120778539776802,4.0,actuator_motors,none,21281739,12848296,7.3,,C,,0.0,4.0,True,10.00498442554894,165.1028171342398,1.9999760104400373,197.367357,190.73203299999992,,True,0.0,114.3454307556152,0.0043320321477949,0.0043722044676542,0.0173920089378952,0.0234217375516891,0.0061352436896413,0.0156907641328871,0.083399798721075,0.007009554002434,0.0,4.747931371833585,0.00432267590781952,0.004362674150599496,0.01724249898006067,0.023151657686718247,0.006116499708932639,0.015568936816617116,0.0801040584571463,0.00698510128072719,0.0
1663eccb-3a85-4a37-bebe-9b11b78a6422,ok,17695744.0,v1.14-1.15,0.0,0.0,0.0,True,0.0033222591362126,0.1012569999999897,0.4363479666411876,4.0,actuator_motors,none,3322398,2301765,25.8,,C,,0.0,4.0,True,10.010823702587237,20.009735763976146,2.0000003913044244,92.36322,90.270071,,True,0.0,0.0030421859584748,0.0088793395087122,0.0,0.0328377060592174,0.0,0.000351350812707,0.1141666650772094,0.0603097677230834,0.0950263272970914,0.0218249168246984,0.003037567874448157,0.008840149987518309,0.0,0.032310068461737264,0.0,0.000351289103464177,0.10810673989926307,0.058561099133046995,0.09077840617312198,0.021590162844000872
8b594286-4a1a-4c9f-a3c5-c1a444905f18,ok,17695488.0,v1.14-1.15,0.2508759635599159,0.0,0.0,False,0.0013962375073486,1.1026869999999462,0.4091777518391608,4.0,actuator_motors,none,96497786,36657317,47.1,,B,,0.0,4.0,True,10.000686860039927,20.00064179843736,2.0000033681958005,1367.747499,1360.1678899999977,,True,0.0,0.0169326760806143,0.0099356819409877,0.0,0.0098806326277554,0.0,0.0094538361299783,0.0276462091132998,0.0361040122807025,0.0363728947937488,0.0,0.016790916331067173,0.009886647578884583,0.0,0.009832138351635685,0.0,0.009409428284793915,0.02727095323915522,0.03546753675210004,0.03572701613509062,0.0
8c38b6af-9b62-4705-8e91-478f563b9eae,ok,18350080.0,v1.16+,0.0224719101123595,0.0870786516853932,0.2901307966706302,True,0.0789149198520345,4.100959999999999,0.5744628247864798,4.0,actuator_motors,none,6691911,4417172,5.1,,B,,0.0,4.0,True,10.005692822312028,20.00540014816261,1.999967725893952,167.843077,162.26594200000005,,True,0.0,0.3191773891448974,0.1206834074109792,0.0,0.2030559666454792,0.0,92.64034843444824,0.3239415362477302,18.68983011245727,24.007361984252928,0.0,0.27700835229290804,0.11393868440809003,0.0,0.1848649584752215,0.0,4.539461363615875,0.2806132996272808,2.9801022645009256,3.2191702608877786,0.0
8dc2ae68-8c25-4f57-ae32-8db6f0f7e3e1,ok,17761535.0,v1.14-1.15,0.0,0.0327586206896551,0.0,True,0.0,0.0,0.0977054193615912,4.0,actuator_motors,none,62293359,26491756,40.0,,B,,0.0,4.0,True,8.525601317721202,169.7631027882873,1.7057925571019674,187.38813,184.70935300000008,,True,0.0,0.0080382329411804,0.006547198514454,0.0012528162449598,0.0015967149869538,0.0012897357461042,0.0074176422785967,0.0022987074917182,0.0014670422591734,0.0097159535624086,0.0,0.008006098435010668,0.006525858703602795,0.001252032125524699,0.00159544159289706,0.0012889047513891287,0.007390266860797513,0.0022960695055175987,0.0014659672039841211,0.009669057202818304,0.0
2d1ca690-12bb-4056-841e-8af5451c12b3,ok,17761280.0,v1.14-1.15,0.0,0.0,0.0,True,0.0,0.0,0.101646228134632,4.0,actuator_motors,none,64107871,33864883,41.3,,C,,0.0,4.0,True,10.0025378549818,200.0000448299238,2.000000513995043,393.521956,240.90002099999992,,True,0.0,8.39594329590909e-05,0.0001804416067898,5.2272072207415445e-05,0.0003801662940531,0.0001945705487742,0.0009967668331228,0.0002857671410311,0.0714228503406045,0.1046924144029616,0.005461458209902,8.395590856316897e-05,0.00018042532916114776,5.227070607025603e-05,0.00038009404915700256,0.00019455162237994766,0.0009962703909270159,0.0002857263173788406,0.06898753179059283,0.09956693821456583,0.005446598526154994
60d95832-6715-486c-a835-fe72167fc251,ok,17695488.0,v1.14-1.15,0.9456427955133736,0.0,0.0,True,0.0,0.0,0.5230821371078491,4.0,actuator_motors,none,62680251,31692369,14.9,,C,,0.0,4.0,True,9.764785117078668,19.527021784083622,1.9522729118895872,1174.683246,1162.3921040000014,,True,0.0,0.0042139233089983,0.0106311870738864,0.0,0.0074716057628393,0.0,0.0072945139370858,0.0053382121026515,1.226015573740003,1.30167115330696,0.0,0.004205069598029239,0.010575073357840558,0.0,0.007443831575888385,0.0,0.0072680376467787,0.005324014353077547,0.8002132491181887,0.8336354474918802,0.0
c507aeb7-c106-4037-af6f-f42cebc8cfc1,ok,17761280.0,v1.14-1.15,0.3290322580645161,0.0,0.0,True,0.0182115108625723,0.8014660000000049,0.2532373850233853,4.0,actuator_motors,none,8702876,5056921,4.6,,B,,0.0,4.0,True,10.012760272472136,175.37847817928824,2.0000077279210164,73.802336,71.08937200000001,,True,0.0,0.0010676456615328,0.0042900982778519,0.0014075664861593,0.0430828292854131,0.0207437252625823,0.0026109356898814,0.0168845359236001,0.1551534473896026,0.0611474845558404,0.0,0.001067076133237069,0.004280922041510971,0.0014065767930498694,0.042180587328957145,0.020531504015291167,0.0026075331186027426,0.016743576622523994,0.1442331900321013,0.05935085520793228,0.0
9988a21a-4956-4392-9c23-5e97c08b7d28,ok,17826047.0,v1.16+,0.9011857707509882,0.0,0.0,True,0.2128953771289537,4.798176000000012,0.3631494343280792,4.0,actuator_motors,none,12777144,7929158,5.6,,A,,0.0,4.0,True,9.99991388634314,19.99550079536453,2.000008546571175,253.355717,246.627355,,True,0.0,0.065182676538825,0.0732415579259395,0.2650914043188095,0.0872946474701166,0.3681955486536026,0.0025169667787849,0.0245052790269255,0.0244100200943648,0.0174508155323565,0.0,0.06314631171877118,0.07068356219449853,0.23514437594762272,0.08369263623755305,0.31349275390693093,0.0025138045229858735,0.024209841467266104,0.024116856722928272,0.0173002986231294,0.0
bb118a8c-6771-485a-a333-66b9cd2f552a,ok,17891583.0,v1.16+,0.0,0.0,0.0,True,0.0038240917782026,1.2012510000000134,0.5146385014057159,4.0,actuator_motors,none,20194068,13251959,9.9,,A,,0.0,4.0,True,10.00234225220711,20.002342977780376,2.0000012520523667,426.841782,418.35979499999945,,True,0.0,0.005280027189292,0.0036208012141287,0.0027175116818398,0.0433730110526084,0.0271337049081921,0.0133220474701374,0.009480088436976,1.518789631128311,1.617061650753021,0.0,0.005266136718986023,0.00361426189371175,0.0027138259228547605,0.04245874492372251,0.026772112256490184,0.013234089323003741,0.009435434392948059,0.9237784810320728,0.9620521810668681,0.0
e2dcd680-18e0-4a7a-8877-f50f1f187a23,ok,17826559.0,v1.16+,0.0,0.0,0.0,True,0.0,0.0,0.0810872510075569,4.0,actuator_motors,none,12565042,7053063,4.8,,B,,0.0,4.0,True,9.998995546447382,199.9207917405685,2.0000008557217592,100.748682,91.73004199999998,,True,0.0,0.005155100650154,0.004133674246259,0.002475882845465,0.0064668036997318,0.0027638952713459,0.0088725791312754,0.014197616931051,0.0698580231517553,0.0029972507967613,0.0035121938679367,0.005141858608671619,0.0041251540865115165,0.0024728228972076575,0.006445983635991229,0.0027600827361600887,0.008833449087001875,0.014097774672857008,0.06752595102667863,0.002992767995744179,0.003506040518681683
26f01b44-c513-4b08-b9a9-0fdb4dcc2ea7,ok,17695488.0,v1.14-1.15,0.5649419218585006,0.0,0.0,False,0.0,0.0,0.022979736328125,4.0,actuator_motors,none,11534336,6184004,6.2,,C,,0.0,4.0,True,9.943730229125691,19.7834147867626,2.0025128036872086,475.820104,473.9498529999999,,True,0.0,0.0,0.0,0.0,0.0,0.0,0.0,0.0,0.0840596094727514,0.0,0.0,0.0,0.0,0.0,0.0,0.0,0.0,0.0,0.08071289179406002,0.0,0.0
2e4c185d-cf3a-48cf-ac7b-bdaba8e072b5,ok,17826047.0,v1.16+,0.0,0.0,0.0,True,0.0,0.0,0.1561065912246704,4.0,actuator_motors,none,149305769,48023330,37.5,,A,,0.0,4.0,True,9.182952974199075,183.47937683529784,1.8319065140066697,286.184328,280.0856759999999,,True,0.0,0.0025161277269944,0.1807551093399521,0.0220145345665514,0.2163633212447165,0.1458215624094006,1980.728271484375,0.0788956198841333,0.00209180500824,0.0009245103312423,0.0,0.002512967577408467,0.1661541569835009,0.021775713369770355,0.19586552283530173,0.13612190146547307,7.5917246073500415,0.07593794376909756,0.002089620230366107,0.0009240832347824691,0.0
bc3980db-4e18-4fea-871e-9d5337b4f1ad,ok,17761535.0,v1.14-1.15,0.1161290322580645,0.0,0.131578947368421,True,0.0152354570637119,0.5012779999999992,0.2582887530326843,4.0,actuator_motors,none,2865320,2043243,2.9,,B,,0.0,4.0,True,10.01205541289624,20.01211366505665,2.000080323225781,75.621134,72.239653,,True,0.0,0.6769776046276093,0.0023804947268217,0.0187153881415724,0.1149458549916744,0.0715268515050411,0.0008538423862773,0.0541669111698865,0.0,18.089353561401367,0.0,0.5169931283259074,0.002377665837796963,0.01854241016541941,0.10880584318739711,0.06908459535156085,0.0008534780702312372,0.05275079732531532,0.0,2.9491307744823416,0.0
7ce331e6-ea9b-4414-8563-dbdfc9ccefb7,ok,17891392.0,v1.16+,0.5305263157894737,0.0,0.0,True,0.4082710074791025,74.898647,1.0,4.0,actuator_motors,none,9345978,5906333,11.0,,C,,0.0,4.0,True,10.004043901376273,20.003866703965738,1.9999811540237409,234.265078,227.390249,,True,0.0,0.0076152327470481,0.0,0.0,0.0,0.0,0.0,0.0,0.0968203589320182,0.3156599938869454,0.1427635908126829,0.007586383233422141,0.0,0.0,0.0,0.0,0.0,0.0,0.0924154112126015,0.27433843621378395,0.13344953123506803
9b080d19-abbb-4e1b-b044-7b8ae9fe6620,ok,17694975.0,v1.14-1.15,0.0,0.0,0.0,True,0.0012165450121654,0.1019869999999976,0.7134287305176256,4.0,actuator_motors,none,3366598,2250718,3.1,,C,,0.0,4.0,True,10.010959934645882,20.011558740585865,2.000062429694337,86.880796,82.18917800000001,,True,0.0,0.0008480380551191,0.0,0.0,0.0,0.0,0.0,0.0,0.4717237666249274,0.2720254451036454,0.0,0.0008476786740125191,0.0,0.0,0.0,0.0,0.0,0.0,0.3864343441537687,0.24061046873015265,0.0
e3cc757b-5762-48fb-bb70-fadc6bbc8459,ok,17694720.0,v1.14-1.15,0.0,0.0,0.0,True,0.0,0.0,0.4140216261148453,4.0,actuator_motors,none,3496971,2020655,3.2,,B,,0.0,4.0,True,10.005113489353365,16.826952461141264,2.000309190649183,137.544683,137.051093,,True,0.0,0.2876269176602363,0.0025587539421394,0.0,0.0190008106641471,0.0,0.0046549758873879,0.0119151499588042,0.0870772328227757,,0.0,0.2528009255208629,0.0025554859048196976,0.0,0.018822549788992705,0.0,0.004644174992764334,0.011844723435951247,0.08349265696994389,,0.0
70796863-de94-4feb-af58-fef94b678991,ok,17694720.0,v1.14-1.15,0.1451187335092348,0.0,0.0,True,0.0,0.0,0.1579232186079024,4.0,actuator_motors,none,63022700,20569674,18.1,,B,,0.0,4.0,True,10.00393804990779,20.003854905083173,94.4776226437639,334.223096,323.4663959999997,,True,0.0,0.0013793162070214,0.0,0.0,0.0,0.0,0.0,0.0,0.0005666232900694,0.0,0.0,0.001378365824240462,0.0,0.0,0.0,0.0,0.0,0.0,0.0005664628197076103,0.0,0.0
3c53b37f-085a-4070-a767-35ba85415272,ok,17891583.0,v1.16+,0.0,0.0,0.0,True,0.0,0.0,0.1596965769305825,4.0,actuator_motors,none,53976877,20859226,14.4,,B,,0.0,4.0,True,9.991542214506971,199.54236446122323,1.9999990638302247,117.801916,113.76007999999992,,True,0.0,0.0007499025086872,79097.65234375,13649146.75,0.083403481170535,0.0016513543378096,0.0,0.0419378830119967,0.0192020656540989,0.007781311054714,0.0,0.0007496214722920875,11.27845111623703,16.429187641748605,0.08010745742695051,0.0016499923514436705,0.0,0.04108232832198697,0.019020032574385896,0.007751192792665046,0.0
06693148-ba61-4c90-98c8-ae378a6c454a,ok,17826047.0,v1.16+,0.0,0.0,0.0,True,0.0,0.0,0.2251817673444748,4.0,actuator_motors,none,74239355,24110402,19.2,,B,,0.0,4.0,True,9.999787626660176,193.3213489291377,1.9999642629336625,122.43512,118.70958000000006,,True,0.0,0.0102660313248634,0.366252964735031,2.0270389080047604,1.028635549545288,0.6580290913581838,0.0246439944952726,0.0163366731256246,0.0432401753962039,0.0123767163604497,0.0009002368315123,0.010213693521525773,0.31207193048615145,1.1075848836090258,0.7073634239831258,0.5056296026135662,0.024345229816325278,0.016204665451622798,0.042331423139841694,0.012300750965700451,0.0008998318613636988
f0d956f3-99ae-4ed2-a454-b9b3a70dd8cf,ok,17825984.0,v1.16+,0.0,0.0,0.0,True,0.0,0.0,0.2400000095367431,4.0,actuator_motors,none,3814214,2635616,2.4,,C,,0.0,4.0,True,10.0088760278249,20.009313832561613,1.999811679705768,106.947146,95.94511399999996,,True,0.0,0.0013351781235542,0.0022733216756023,0.0110744175035506,0.005705222999677,0.0062517753569409,0.0106758509762585,0.0130323471501469,0.2878901228308677,0.0584649624302983,0.0,0.0013342875658573573,0.0022707415893859916,0.01101354514696936,0.0056890098521243495,0.006232314078958801,0.010619266448290046,0.012948156790438481,0.2530053156820691,0.056819709892634976,0.0
1af4fd5c-77bf-448c-aa58-d5334bec6dc9,ok,17695488.0,v1.14-1.15,0.8814229249011858,0.0197628458498023,0.0,False,0.8636363636363636,94.295988,0.9999999999617192,4.0,actuator_motors,none,8585216,3977932,4.3,,B,,0.0,4.0,True,9.998894928008088,19.992462217798703,2.0000102842634093,190.69541,188.78107700000004,,True,0.0,0.0,0.0,0.0,0.0,0.0,0.0,0.0,3.635558459791355e-05,0.0,0.0,0.0,0.0,0.0,0.0,0.0,0.0,0.0,3.6354923749664785e-05,0.0,0.0
7b45f395-7c8d-48ef-904d-18871b82dfa6,ok,17825856.0,v1.16+,0.0,0.0,0.0,True,0.0,0.0,0.271574230492115,4.0,actuator_motors,none,4567194,2627278,2.9,,B,,0.0,4.0,True,10.008606251978458,20.00837062519032,2.000067824522227,112.727978,110.242114,,True,0.0,0.0013807625509798,0.0,0.0,0.0,0.0,0.0,0.0,0.0153412029612809,0.010409757727757,0.0,0.0013798101749380226,0.0,0.0,0.0,0.0,0.0,0.0,0.015224716557437366,0.010355949299433979,0.0
c3f02216-012e-4e46-8ee1-4764a981b5ad,ok,17694975.0,v1.14-1.15,0.5064935064935064,0.0173160173160173,0.0,True,0.0,0.0,0.5206478122621774,4.0,actuator_motors,none,7065689,5056411,3.8,,C,,0.0,4.0,True,9.955773860682298,19.90369029647833,1.982213152084696,113.898353,108.00056000000002,,True,0.0,0.0011296742304693,0.000334543219651,0.0,0.0080092808930203,0.0,0.0006144731451058,0.0012565957731567,0.0040198458591476,0.0246150672435759,0.0,0.0011290366286788372,0.0003344872725455615,0.0,0.00797737684192973,0.0,0.0006142844337841743,0.0012558069174674702,0.004011787866156676,0.024316997903397614,0.0
4997a8dd-e38a-4ec3-8451-66d2f0e60c19,ok,17826240.0,v1.16+,0.0,0.0,0.0,True,0.0018176310209027,0.4025549999999498,0.1389656364917755,4.0,actuator_motors,none,14362107,8015171,4.2,,B,,0.0,4.0,True,10.004276390673832,20.003185861688927,2.0000373023301914,336.887532,330.03186,,True,0.0,0.0117240206804126,0.0056449895258992,0.0037986631621606,0.0194697399623692,0.0173149889335036,0.0109794451389461,0.0365529606118798,0.0,0.0018436904298141,0.0,0.01165582683646553,0.005629116280710773,0.0037914664607229497,0.01928262933868218,0.017166792743723982,0.010919608613992712,0.03590074721004859,0.0,0.001841992918749958,0.0
1e90d3fe-d470-4506-8fb3-fb977a7b5740,ok,17695488.0,v1.14-1.15,0.0883905013192612,0.0092348284960422,0.0,True,0.0,0.0,0.1103700280189513,4.0,actuator_motors,none,14001369,8779090,5.5,,A,,0.0,4.0,True,10.002590623239014,20.002606570608847,1.99996073383866,376.772328,370.64442899999983,,True,0.0,0.0075230884831398,0.0095660846680402,0.0,0.2231014147400856,0.0,0.0192171342670917,0.0512835584580899,0.0,5.865565983951091,0.0,0.007494931184695016,0.009520619399870365,0.0,0.20138977619441753,0.0,0.019034817181000332,0.050011854228889936,0.0,1.926518480679678,0.0
37f5014b-c8fc-447d-9974-f72adcd6ff34,ok,17826047.0,v1.16+,0.0196078431372549,0.0,0.0432432432432432,True,0.1847415215886706,1.887211999999998,0.4997286170721046,4.0,actuator_motors,none,8548718,5704347,4.1,,C,,0.0,4.0,True,9.999512642477452,196.6853935996141,2.000146622993261,73.681896,70.03487700000001,,True,0.0,0.0106201991438865,187508850688.0001,2862536222310.4004,0.0102586619090288,0.0130304151214659,0.0141265804413706,0.0450567590072751,0.0365534886717796,0.0116458073258399,0.0,0.0105642009546601,25.957091884917485,28.68272913881143,0.010206398964959045,0.012946249614888957,0.014027730160444774,0.04407119878127454,0.035901256648336224,0.011578516842485117,0.0
5139e822-f7bc-4368-adca-11e2fab11a4e,ok,17825984.0,v1.16+,0.0,0.0,0.0,False,0.0,0.0,0.1692109555006027,4.0,actuator_motors,none,4039997,2769411,3.4,,C,,0.0,4.0,True,10.010326768916777,20.00929812239816,1.999793333857654,96.540604,94.850016,,True,0.0,0.0441372156143186,0.0,0.0,0.0,0.0,0.0,0.0,1.627686360734514e-05,0.0,0.0,0.043190913404707015,0.0,0.0,0.0,0.0,0.0,0.0,1.627673114063812e-05,0.0,0.0
99402f68-ccb0-42d1-9a9e-6f3c97b2a62d,ok,16777984.0,v1.12-1.13,0.0,0.0,0.0,True,0.0,0.0,0.1313649401068687,4.0,actuator_motors,none,5004435,3418514,3.9,,A,,0.0,4.0,True,10.009745710646088,20.00974541853341,1.9999988823535657,102.584406,98.430176,,True,0.0,0.0043554384261369,0.0001102631198591,0.0001020743511617,0.0197168946266174,0.0170157581567762,0.0415898382663726,0.0673471435904502,0.0697700127959251,0.0297771506011485,0.0304087989032268,0.004345980955205882,0.00011025704132812057,0.00010206914192960044,0.019525034483229675,0.016872611692473186,0.04074823653591957,0.06517626485185858,0.0674436840584008,0.029342420192975737,0.029955615639748256
db43ec11-e2cb-4c18-9641-dffd72587860,ok,17761280.0,v1.14-1.15,0.0,0.0,0.0,True,0.0221066319895968,1.5990409999999995,0.2971905946731566,4.0,actuator_motors,none,2898990,1948705,2.5,,B,,0.0,4.0,True,10.011659208952562,20.012643567782646,1.999745431179773,82.259964,76.885679,,True,0.0,0.0085751244332641,0.0,0.0,0.0,0.0,0.0,0.0,0.0004698074277257,0.0,0.0,0.008538566895368173,0.0,0.0,0.0,0.0,0.0,0.0,0.0004696971027690971,0.0,0.0
e1892af8-6963-492e-82a2-3aab47b7db62,ok,17761023.0,v1.14-1.15,0.0,0.0,0.0,True,0.0,0.0,0.1029768586158752,4.0,actuator_motors,none,15970237,9709675,4.7,,A,,0.0,4.0,True,10.006996867069756,199.9930900185723,2.000001333334222,142.881744,135.6799019999999,,True,0.0,0.0003027750572073,2.7134058475494385,1.5718164145946505,2.398242473602295,0.0715906713157892,0.0013358866563066,0.0580081483349204,0.0334784854203462,0.0120907847303897,0.000910529619432,0.00030272923008963865,1.3119494737057364,0.9446124253653873,1.2232583784444202,0.06914415327135515,0.0013349951536034037,0.056388035046261505,0.032930282719663063,0.012018275073341396,0.0009101153387955232
77571905-3d44-4b22-8986-8030a9379225,ok,17629184.0,v1.12-1.13,0.0,0.0,0.1423682409308692,True,0.0,0.0,0.2884462743997572,4.0,actuator_motors,none,9519550,6058209,3.8,,C,,0.0,4.0,True,10.00011266382919,19.99993045883181,1.9999630401341435,292.056481,225.00403099999983,,True,0.0,0.0018299122864846,0.0001071383456292,0.0,0.0020201068313326,0.0,0.0271730960346758,1.2954550027847302,0.0152883629314601,0.0244760951027274,0.0250882320106029,0.0018282400367326088,0.00010713260672654862,0.0,0.0020180691592762926,0.0,0.026810462055527458,0.8309310821559303,0.015172673554892492,0.02418135519153071,0.024778688896044298
9b3a8392-565c-4c1e-8bde-ebb9b3d5f518,ok,17760767.0,v1.14-1.15,0.0,0.0,0.0,True,0.038361246270061,4.21109100000001,0.0924298614263533,4.0,actuator_motors,none,15068943,8868769,6.5,,C,,0.0,4.0,True,9.9701955500754,220.88343125331835,1.999985516833506,134.834794,130.63003,,True,0.0,0.0011724331474397,0.0,0.0,0.0,0.0,0.0,0.0,0.0,0.0,0.0,0.0011717463844338211,0.0,0.0,0.0,0.0,0.0,0.0,0.0,0.0,0.0
7c226bef-bb09-40e8-8f52-d1563cdcb456,ok,17760256.0,v1.14-1.15,0.1307901907356948,0.0,0.0526315789473684,True,0.0097199977909095,0.609575999999997,0.2061736911535263,4.0,actuator_motors,none,25646473,12439981,6.3,,B,,0.0,4.0,True,10.004628197718716,199.62988881258872,1.999984259475504,201.026944,68.72701800000002,,True,0.0,0.0026068324921652,0.1634583681821822,297837310771.19965,0.115914865909143,0.1881977759767302,0.1028624720871448,0.0029367427341639,0.0,3.80975265502929,0.0,0.002603440597798954,0.15139692158344895,26.419813237367908,0.10967457602161884,0.1724376851794037,0.09790904717306607,0.0029324389292735087,0.0,1.5706456597246248,0.0
ef919789-9ea2-416a-876b-495af1ee11d7,ok,16779519.0,v1.12-1.13,0.0,0.0,0.0,True,0.0,0.0,0.2190194472670555,4.0,actuator_motors,none,67397150,25488028,12.8,,C,,0.0,4.0,True,9.56275055863953,190.5074062515773,1.8943089276885448,123.280638,116.46996799999997,,True,0.0,0.0017218857188709,8.472472472931258e-05,4.690641926572425e-05,0.0007455386250512,0.0003882291421177,0.0082256780471652,0.0,0.0261095468886196,0.0051357533317059,0.0,0.0017204049731960158,8.472113579253538e-05,4.690531919404023e-05,0.0007452608491836633,0.0003881538006835015,0.008192031541786292,0.0,0.02577451189558444,0.005122610330831249,0.0
4ecd843b-11c3-44e1-9a9d-49e59a64db1c,ok,17760256.0,v1.14-1.15,0.0,0.0,0.0,True,0.0,0.0,0.2455202668905257,4.0,actuator_motors,none,5514190,3625597,1.9,,C,,0.0,4.0,True,10.007561074984944,20.00720781597708,2.0000678277547697,137.519923,133.80977099999996,,True,0.0,0.0008610788936493,0.0003783473948715,0.0010355666454415,0.0016406797221861,0.0029846562538295,0.0016725095047149,0.0012291880557313,0.0159660018980503,0.0028024314087815,0.0,0.0008607083778990288,0.00037827583954384256,0.0010350308161956152,0.0016393352775451963,0.002980211010172476,0.0016711124182365747,0.0012284332225843974,0.015839885897632165,0.0027985119189078192,0.0
f83a61c5-afef-4270-bdb7-8d51907d6ff8,ok,17826559.0,v1.16+,0.0,0.2566191446028513,0.0,True,0.0,0.0,0.3053089067339897,4.0,actuator_motors,none,11633376,7833746,3.7,,B,,0.0,4.0,True,10.004077324233869,20.00367022089536,1.9999999428571444,244.892638,243.79031900000007,,True,0.0,0.0012338987435214,0.0005196982237976,0.0002230123063782,0.000825414143037,0.0008857774664647,0.0008962106076069,0.0012727769790217,0.0016517476178705,0.0003862136218231,0.0,0.0012331381160939584,0.0005195632274452421,0.000222987442830318,0.0008250736761211611,0.0008853853971117021,0.0008958092506626395,0.0012719676850302586,0.0016503849830534515,0.0003861390605393637,0.0
e34c6e15-3bfa-4f33-b36e-d4bea8659ea5,ok,17760384.0,v1.14-1.15,0.0,0.015267175572519,0.0,True,0.2909336148252404,5.6557849999999945,0.4311752617359161,4.0,actuator_motors,none,6940791,4117052,2.7,,B,,0.0,4.0,True,9.764503607788791,170.06375322508464,1.9373255038711936,63.702678,61.66499999999999,,True,0.0,0.1107861299067735,0.0,0.0,0.0,0.0,0.0,0.0,0.0550376443192362,345.3226287841797,0.0,0.10506798979240314,0.0,0.0,0.0,0.0,0.0,0.0,0.05357644811063008,5.2073074705591536,0.0
e9d55142-5e28-4fa2-ac37-35dcd66a58a2,ok,17825984.0,v1.16+,0.0,0.3202614379084967,0.0,True,0.0,0.0,0.4925194092094899,4.0,actuator_motors,none,3754787,3083336,4.6,,C,,0.0,4.0,True,10.013415679735996,20.01330472606421,2.0000530898446027,73.947195,69.48587800000003,,True,0.0,0.0056756869656965,0.0010326493240427,0.0006497263471828,0.0084648392628878,0.016561116091907,0.002360721596051,0.0049846760462969,1.4227203786373146,0.2939442977309227,0.0,0.0056596409406105865,0.0010321165085056653,0.0006495153664012569,0.008429213414553537,0.016425476324048144,0.002357939470512901,0.004972293679664021,0.8848910322188325,0.2576951485763844,0.0
9b9eb35b-e39b-41f6-9114-2e5e74962f41,ok,17761535.0,v1.14-1.15,0.0,0.0,0.0,True,0.0,0.0,0.4218112215399742,4.0,actuator_motors,none,41718583,25543153,10.2,,B,,0.0,4.0,True,9.94261898638564,220.68493294145472,1.9884954560910448,348.320709,341.42776499999974,,True,0.0,0.0039427808485925,0.0034773251973092,0.003471058839932,0.0180498741567134,0.0237068608403205,0.0013390468666329,0.0020881038159131,0.0690470308065414,0.0070729991421103,0.0,0.003935028458817213,0.0034712932812897817,0.003465048619068211,0.01788890922364396,0.023430216923982627,0.001338151142898924,0.0020859267572296805,0.06676762621691026,0.0070481028092377555,0.0
211b9e0d-c276-4de9-a9bd-63678a4fbe63,ok,17761535.0,v1.14-1.15,0.0,0.0,0.0,True,0.0,0.0,0.2342442512512205,4.0,actuator_motors,none,16642054,10455476,4.2,,A,,0.0,4.0,True,10.002393234311548,20.00230896164576,1.9999819030280108,401.857513,391.7552800000004,,True,0.0,0.0038739389623515,0.001490008883411,0.0018415235506836,0.0035698329331353,0.0034415052155964,0.0028534543118439,0.0057874776888638,0.042934677377343,0.011662305612117,0.0,0.0038664545839323986,0.0014888999216132938,0.001839830024982632,0.0035634762033669885,0.003435596788562935,0.0028493909390195616,0.005770794577671196,0.04203854450539886,0.01159482507173796,0.0
2cc1f885-f88a-4fd1-b58a-bcb8984a55dc,ok,17825984.0,v1.16+,0.0,0.1156462585034013,0.0,True,0.0,0.0,0.2399999946355819,4.0,actuator_motors,none,2678444,1915468,2.2,,B,,0.0,4.0,True,10.013440277428725,20.01318714234548,1.9999193039553576,71.948811,68.56360000000001,,True,0.0,0.0,0.0,0.0,0.0,0.0,0.0,0.0,0.0002707379375351,0.0,0.0017287871392909,0.0,0.0,0.0,0.0,0.0,0.0,0.0,0.00027070129463328954,0.0,0.0017272945068526459
8c6e7f4e-f8bb-407e-a11f-1741b0d292ab,ok,17760256.0,v1.14-1.15,0.0,0.0,0.0,False,0.0,0.0,0.1599999671177435,4.0,actuator_motors,none,10238084,5441071,4.5,,C,,0.0,4.0,True,9.909273409719448,168.57374992021442,1.9768816790226176,87.408711,83.927815,,True,0.0,0.0041121035814285,0.0,0.0,0.0,0.0,0.0,0.0,0.0,0.0,0.0034127748105674,0.004103671989977832,0.0,0.0,0.0,0.0,0.0,0.0,0.0,0.0,0.0034069645103582723
81494303-30b9-4458-83a2-28a77af0e09c,ok,17695743.0,v1.14-1.15,0.0,0.0,0.0,True,0.0,0.0,0.2118298225104808,4.0,actuator_motors,none,2608449,1706361,10.7,,A,,0.0,4.0,True,9.976289845894891,19.951678462476472,1.9998888110598827,82.269905,81.34438600000001,,True,0.0,88.41156463623047,0.0,0.0,0.0,0.0,0.0,0.0,0.0059431231580674,,0.0,4.493250032160496,0.0,0.0,0.0,0.0,0.0,0.0,0.005925532463001007,,0.0
c60c64e1-2809-4b70-a424-4ce19759ab83,ok,17760320.0,v1.14-1.15,0.0,0.0,0.0,True,0.0,0.0,0.1530197262763975,4.0,actuator_motors,none,3442224,2754616,3.8,,C,,0.0,4.0,True,9.952010341574288,19.88781435418312,2.013157045153558,62.171005,58.55245699999998,,True,0.0,0.0016092080506496,0.0,0.0,0.0,0.0,0.0,0.0,1.8165712237358087,0.9134614497423164,0.0502633497118949,0.001607914662742039,0.0,0.0,0.0,0.0,0.0,0.0,1.035520267062651,0.648913879217294,0.049040941971474
afcf3d85-8d2f-4415-8437-ed7cdd9456a1,ok,17760768.0,v1.14-1.15,0.0,0.0,0.0,False,0.0,0.0,0.5273452512919903,4.0,actuator_motors,none,5760652,3080959,3.8,,A,,0.0,4.0,True,10.008135321452738,20.0082066883646,2.0000032592645707,135.60693,132.29236099999997,,True,0.0,0.2680878192186355,0.0,0.0,0.0,0.0,0.0,0.0,163.25515289306622,19.327336311340343,0.0,0.23751011167566635,0.0,0.0,0.0,0.0,0.0,0.0,4.338035060491169,3.011966596495319,0.0
3a485774-3a19-4be6-9f31-4c0386061711,ok,17825984.0,v1.16+,0.0,0.0172413793103448,0.0,True,0.0,0.0,0.4243712007999419,4.0,actuator_motors,none,9516641,5779000,6.7,,C,,0.0,4.0,True,9.999464804058714,197.83823060496024,1.988145320422596,84.542965,81.54497000000005,,True,0.0,0.0018778859870508,0.0,0.0,0.0,0.0,0.0,0.0,2.5322358578705464e-05,15.024689197540283,0.0,0.0018761249634836078,0.0,0.0,0.0,0.0,0.0,0.0,2.5322037973195784e-05,2.774130607769371,0.0
35064c9b-5275-424d-989f-f954fbd4f5a0,ok,17695488.0,v1.14-1.15,0.0,0.0,0.0,True,0.0,0.0,0.2294026911258696,4.0,actuator_motors,none,21054560,10688091,8.4,,B,,0.0,4.0,True,10.002552208922786,20.00254170976945,2.000017360764508,391.669308,380.286638,,True,0.0,0.0024476398248225,0.0016029194230213,0.0,0.0014560559531673,0.0,0.0226878048852086,0.0018567433347925,0.0008380613406188,,0.0001207588429679,0.002444649233399521,0.0016016361188553748,0.0,0.0014549969315697524,0.0,0.02243426432850818,0.0018550217176249082,0.0008377103632934764,,0.00012075155220576596
58606428-791c-4854-ba28-ea08321d865c,ok,17695488.0,v1.14-1.15,0.0125588697017268,0.0136054421768707,0.0028929604628736,False,0.0433884297520661,4.098230000000001,0.1054150875657796,4.0,actuator_motors,none,29936215,16302315,10.6,,C,,0.0,4.0,True,10.001165468023627,20.00123857001517,1.999993117706242,829.368573,96.45395,,True,0.0,0.0011483975045848,1.5031854927539825,0.0,0.0518056830391286,0.0,0.0517251109704375,0.0097759474534541,0.7152758002281108,0.0,0.0,0.0011477386005780963,0.9175641178755491,0.0,0.05050838531417492,0.0,0.050431778811470075,0.009728472039820591,0.5395738841478623,0.0,0.0
1f877cee-487e-4458-8788-62c03b4953f3,ok,17761535.0,v1.14-1.15,0.0,0.0,0.0,True,0.0011527377521613,0.2037730000000124,0.2682316660881041,4.0,actuator_motors,none,7589867,5290285,8.4,,B,,0.0,4.0,True,10.005188291347862,20.00525252737467,2.000030986235052,176.183309,173.498466,,True,0.0,0.0068504269467666,0.0,0.0,0.0,0.0,0.0,0.0,0.3105447277426715,0.0154057902283966,0.0025405978551134,0.006827069384265779,0.0,0.0,0.0,0.0,0.0,0.0,0.2704428734870878,0.015288325926161365,0.002537375992200932
1fe65d2c-fe21-47e3-862a-76f5d8f6ed38,ok,17694975.0,v1.14-1.15,0.0,0.0,0.0,True,0.0017979371037441,0.0297610000000076,0.2919266238808631,4.0,actuator_motors,none,27156579,15773107,11.1,,C,,0.0,4.0,True,8.894790585366273,177.8465646594344,1.7673112128266326,94.889874,89.650128,,True,0.0,0.0590330630540847,0.0,0.0,0.0,0.0,0.0,0.0,0.0001692419282335,,0.0,0.05735628714614797,0.0,0.0,0.0,0.0,0.0,0.0,0.00016922760843401477,,0.0
de397d02-3a93-4fb9-a3c8-850757cd0b67,ok,17761535.0,v1.14-1.15,0.0,0.0,0.0,True,0.0,0.0,0.2900368317961692,4.0,actuator_motors,none,10391299,6235455,4.6,,A,,0.0,4.0,True,9.989625312494772,199.64760606443625,1.99999977083336,96.273991,91.730056,,True,0.0,0.0030562934931367,0.0,0.0,0.0,0.0,0.0,0.0,0.0611745618283748,0.0248805470764636,0.0051034327596425,0.0030516325226263353,0.0,0.0,0.0,0.0,0.0,0.0,0.05937637185615444,0.024576066361527118,0.005090454384126194
046fe741-f60b-4691-9708-7e58150f8b23,ok,17761535.0,v1.14-1.15,0.0,0.0,0.0,True,0.5826522597490819,22.712503,1.0,4.0,actuator_motors,none,69965890,23190860,15.0,,B,,0.0,4.0,True,9.47082279742922,189.64023773996823,1.891472897542216,129.565183,124.07969700000004,,True,0.0,0.0002241880371002,0.0,0.0,0.0,0.0,0.0,0.0,0.0046398498117923,0.0004818078130483,0.0,0.0002241629107174967,0.0,0.0,0.0,0.0,0.0,0.0,0.004629118889098092,0.00048169178093256673,0.0
f48ace81-9bd3-4960-8ccc-e1ac9b7da0e3,ok,17761535.0,v1.14-1.15,0.0,0.0,0.0,True,0.0,0.0,0.159660430252552,4.0,actuator_motors,none,2645526,2021388,3.0,,B,,0.0,4.0,True,10.01591231996638,20.014218741448925,2.000000451613005,62.048867,59.40634999999999,,True,0.0,0.0013511387398466,0.0,0.0,0.0,0.0,0.0,0.0,0.2871746301651001,0.0388416171073913,9.10607210244052e-05,0.001350226773269265,0.0,0.0,0.0,0.0,0.0,0.0,0.2524496071832068,0.038106262679547614,9.105657524862478e-05
c93e05ce-8a6c-4d31-bce5-9525de90c1c7,ok,17629952.0,v1.12-1.13,0.0222222222222222,0.0,0.0,True,0.0,0.0,0.2371116757392883,4.0,actuator_motors,none,2912228,2114960,3.4,,C,,0.0,4.0,True,10.015803475068845,20.015352865223136,2.000008000032,66.608479,60.271236,,True,0.0,0.0004179093171842,0.0005442769586807,0.0,0.0019716105191037,0.0,0.0,0.0010183744685491,0.0046500264899805,0.0,0.0,0.00041782201740691866,0.0005441288936999601,0.0,0.001969669446025496,0.0,0.0,0.0010178562770488263,0.0046392485157968726,0.0,0.0
acd377e7-d4b7-4bc3-a388-522410ccb7d5,ok,17825792.0,v1.16+,0.0,0.0,0.0,True,0.0,0.0,0.0767053067684173,4.0,actuator_motors,none,22173163,13939469,5.7,,A,,0.0,4.0,True,10.001917734420532,20.00201676231208,2.000005193137852,494.755636,486.10132,,True,0.0,0.0042615403654053,0.0015074617578648,0.0006797749374527,0.0018014355096966,0.001294526195852,0.002541095833294,0.0025416804710403,0.004501310037449,0.0032905109925195,0.0,0.004252485717645467,0.0015063266779722561,0.000679543995123184,0.0017998148707745703,0.0012936890192362788,0.002537872708301994,0.002538455864023253,0.004491209440691522,0.0032851091079535684,0.0
559ec7c2-3452-487e-9ff5-40ab945a23ec,ok,17695488.0,v1.14-1.15,0.2184873949579832,0.0,0.0,True,0.0424610051993067,4.900773999999998,0.143777623772621,4.0,actuator_motors,none,4415303,2827158,2.6,,B,,0.0,4.0,True,10.00759896331703,20.00769442607416,1.9999976540111903,118.721708,115.468113,,True,0.0,0.229322179406881,0.0,0.0,0.0,0.0,0.0,0.0,0.0138444174081087,0.0,0.0,0.20646294383449154,0.0,0.0,0.0,0.0,0.0,0.0,0.013749458887944443,0.0,0.0
9e311830-277f-4817-bdea-f2d7b4986476,ok,17761535.0,v1.14-1.15,0.0,0.0,0.0,True,0.0,0.0,0.1483207512646913,4.0,actuator_motors,none,9731106,5721468,3.9,,B,,0.0,4.0,True,10.012881889414082,247.0085411300127,2.000051542729566,78.759989,76.83307500000004,,True,0.0,0.056418820656836,0.0,0.0,0.0,0.0,0.0,0.0,0.0,0.0,0.0,0.054884717125415115,0.0,0.0,0.0,0.0,0.0,0.0,0.0,0.0,0.0
4eeec966-d65d-453f-9d6c-dc6c2b2c034f,ok,17761023.0,v1.14-1.15,0.0,0.0,0.0,True,0.003831417624521,0.5012500000000024,0.283123716711998,4.0,actuator_motors,none,8232761,4920617,4.8,,A,,0.0,4.0,True,10.006157019325306,20.006159360136888,1.9999986419762308,162.479637,156.55008799999985,,True,0.0,0.0029421189334243,0.0014060450950637,0.0011654122266918,0.0175607953220605,0.0173637799918651,3.444088077545166,0.0071559521369636,0.0331960428506135,0.0156371084507554,0.0542875610291959,0.0029377993718836307,0.001405057539249313,0.001164733661017392,0.017408386251941403,0.017214752214394252,1.4915746910105865,0.007130469806144957,0.032656952238614916,0.015516108631794411,0.052865241209242526
3ddb46c8-3d42-412c-bfe5-de9d6e813785,ok,17761280.0,v1.14-1.15,0.0,0.0,0.0,True,0.0084388185654008,0.4016759999999983,0.2457718551158905,4.0,actuator_motors,none,3093984,2313960,2.5,,B,,0.0,4.0,True,10.013000968362956,20.01354304652988,2.000175132575746,72.436872,71.07890199999997,,True,0.0,0.006522785173729,0.0009089550148928,0.002383645507507,0.0087249425705522,0.0179772395640611,0.0030811931937932,0.0154689513146877,0.0095615379977971,0.0010763946920633,0.0,0.006501603868029249,0.0009085421654386978,0.002380809130937606,0.008687100214742975,0.01781755988630593,0.003076456046261198,0.015350526794604361,0.009516115801195305,0.0010758157946742257,0.0
717e0325-5fa4-4e21-99fa-48fb83b2a4b1,ok,17825984.0,v1.16+,0.0,0.0,0.0,True,0.0187747035573122,1.2007930000000044,0.2588810712099071,4.0,actuator_motors,none,4602915,3326335,2.8,,C,,0.0,4.0,True,10.008328642567951,20.00921866164285,2.000109671171924,110.845413,101.176277,,True,0.0,0.0022000579163432,0.0004885212052613,0.0009864864114206,0.0087865115609019,0.0049099311465397,0.0104512612801045,0.0139800020027905,0.144812262058258,0.5064163759350766,0.0,0.0021976413326924966,0.000488401917625417,0.0009860001534656093,0.008748134802916174,0.004897916745147985,0.010397024417379212,0.013883183083773225,0.13524066029485993,0.40973356920923004,0.0
80a2cda4-3a7e-463e-9342-eef61e6bded2,ok,17695999.0,v1.14-1.15,0.0,0.0,0.0,True,3.1645569620253167e-05,0.0014829999999999,0.3061388090252876,4.0,actuator_motors,none,28990483,9885485,8.7,,C,,0.0,4.0,True,9.671393037202035,215.8043000648664,1.9400445037185687,67.087217,58.952455000000015,,True,0.0,0.0044275630032643,0.0087916878983378,0.0,0.0390289686620235,0.0,0.0044628115370869,0.0019139279611408,4.643613278865806,7.290713596343994,0.0002924751504906,0.004417790182093078,0.008753266041385441,0.0,0.038286593020063535,0.0,0.004452882723003164,0.0019120987346538485,1.7305245126610729,2.115136044615583,0.00029243238797155237
74a3ad97-8403-4741-84a0-55389c07914f,ok,17825792.0,v1.16+,0.0,0.0,0.0,True,2.7040181710021093e-05,0.0029710000000022,0.280510726571083,4.0,actuator_motors,none,15021962,9748032,8.8,,A,,0.0,4.0,True,10.006860848120114,160.77076571661212,2.0000128709315383,135.454571,129.43832999999998,,True,0.0,0.0135282528586685,0.0051264561014249,0.0046140098245814,0.0094337460119276,0.0060840770369395,0.0635108429938554,0.0034884375752881,0.0392690200358629,2.9982384920120237,0.0,0.013437563046947817,0.005113360562082239,0.00460339791104607,0.009389526118641555,0.006065643768741834,0.06157555118103259,0.003482367090504805,0.0385176006774951,1.3858538871284698,0.0
6be82620-0f1b-4046-867e-7f93b9566edb,ok,17629184.0,v1.12-1.13,0.0,0.0,0.2892690513219285,True,0.0394842351733649,1.4849389999999971,0.4882627725601196,4.0,actuator_motors,none,75906924,31431325,12.7,,B,,0.0,4.0,True,9.645721889475332,188.3695889430535,1.939371768848491,132.827218,131.40064700000002,,True,0.0,0.1686116784811019,0.0633706733584403,0.0,0.5128829598426818,0.0,1.929306149482727,0.7033908247947692,0.6157466769218443,3.0378615498542785,0.0,0.1558164446541567,0.06144374352316321,0.0,0.41401707546421535,0.0,1.0747655859350216,0.5326208673036027,0.47979718848033365,1.3957152324911206,0.0
f1d07e44-8e16-4391-9c2c-6cb1cbc1f2f5,ok,17760256.0,v1.14-1.15,0.0,0.0,0.0,True,0.0,0.0,0.0898147463798522,4.0,actuator_motors,none,16827680,10528127,4.2,,B,,0.0,4.0,True,10.002237474324442,20.0021161733713,1.9999770915972952,427.372899,422.033776,,True,0.0,0.0027533896733075,0.0003326068224851,0.000465963591705,0.0060072053689509,0.0066958604846149,0.0022324181860312,0.0039372856728732,0.0227126067504286,0.0178007662296294,0.0,0.0027496060395817436,0.00033255152109799076,0.0004658550643824812,0.005989234046481038,0.006673542779568277,0.002229930042915089,0.003929554849301448,0.02245851568299127,0.017644188001580293,0.0
3833b517-ff13-4234-bb6e-ee3f50b12d1a,ok,17761023.0,v1.14-1.15,0.0,0.0,0.0,True,0.0018382352941176,0.101237999999995,0.1733264699578285,4.0,actuator_motors,none,2647902,2034775,1.9,,B,,0.0,4.0,True,10.015689884807305,20.015697082628883,2.000001015873532,63.868515,54.390175,,True,0.0,0.0010934527614153,0.0,0.0,0.0,0.0,0.0,0.0,1.5161445389821884e-05,0.0,0.0,0.0010928553773790683,0.0,0.0,0.0,0.0,0.0,0.0,1.5161330456270433e-05,0.0,0.0
8111037a-c534-4f10-941b-1a83e356cd22,ok,17826304.0,v1.16+,0.0434782608695652,0.0197628458498023,0.0,True,0.0008583690987124,0.1021819999999991,0.2153728127479553,4.0,actuator_motors,none,4689883,3183075,2.8,,B,,0.0,4.0,True,10.008611078412232,20.00812979478303,1.9999122883656624,119.812564,116.498928,,True,0.0,0.0338049426674842,0.0,0.0,0.0,0.0,0.0,0.0,0.0064967207377776,0.0,0.0,0.033246114835778495,0.0,0.0,0.0,0.0,0.0,0.0,0.006475708007729522,0.0,0.0
f34186fe-6d76-44a6-9b65-3bbd65b06ae4,ok,17761280.0,v1.14-1.15,0.0,0.0,0.0,True,0.1780104712041884,5.298746999999999,0.5777575075626372,4.0,actuator_motors,none,3949092,2964825,3.2,,B,,0.0,4.0,True,10.009091287947422,20.010116023200457,1.9997986395643936,98.612668,95.54012500000005,,True,0.0,0.0036006459966301,0.0003820771977188,0.0016892449639271,0.0042376707307994,0.0085573567543178,1.45756917274535,0.0069069715449586,0.0788096752017736,0.0206126525998115,0.0008867839729646,0.0035941791893073258,0.0003820042248132222,0.0016878197944009239,0.004228717090328958,0.008520950125907102,0.899172720250515,0.006883227686402087,0.07585828072836547,0.020403086788027616,0.0008863910123542011
f2825e63-b775-45fd-b17c-45b317f43a17,ok,17695488.0,v1.14-1.15,0.9642857142857144,0.0,0.0,True,0.0001472103636095,0.0210179999999979,0.2505366057157516,4.0,actuator_motors,none,19533062,10876249,5.9,,C,,0.0,4.0,True,10.005485468742569,219.07435147970168,2.0000181494184304,168.095585,167.306198,,True,0.0,0.003159521962516,0.0,0.0,0.0,0.0,0.0,0.0,0.0367681104689836,0.0683516645804047,0.0,0.0031545411615425878,0.0,0.0,0.0,0.0,0.0,0.0,0.03610828849333272,0.06611696029092243,0.0
67e8a2e9-cb96-44c7-8fa7-707067cc0c0f,ok,17694720.0,v1.14-1.15,0.0,0.0,0.0,True,0.0,0.0,0.1045688182115554,4.0,actuator_motors,none,12258321,2985024,29.8,,B,,0.0,4.0,True,10.013868260085436,20.01482291375588,114.56813269253452,68.190548,62.23944000000013,,True,0.0,0.0010233364300802,0.0,0.0,0.0,0.0,0.0,0.0,2.4517759811715223e-05,,0.0,0.0010228131783002821,0.0,0.0,0.0,0.0,0.0,0.0,2.451745925635475e-05,,0.0
5843b69d-496b-4b52-a17d-b654478f4f13,ok,17695488.0,v1.14-1.15,0.0246406570841889,0.0,0.0,True,0.0,0.0,0.0865588784217834,4.0,actuator_motors,none,26390536,16057962,43.2,,C,,0.0,4.0,True,10.00406599967761,192.0225171486485,2.000017223967633,243.962539,236.6922219999999,,True,0.0,2.627044477776507e-05,0.0,0.0,0.0,0.0,0.0,0.0,0.0,0.0,9.741500289237587e-05,2.6270099715673938e-05,0.0,0.0,0.0,0.0,0.0,0.0,0.0,0.0,9.741025835910492e-05
ba8cd3d0-a94f-4c95-9421-c8b0fd3e992d,ok,17694720.0,v1.14-1.15,0.0,0.0,0.0,True,0.1586520873135238,0.2998459999999987,0.6970603168010712,4.0,actuator_motors,none,32501389,16400116,52.6,,B,,0.0,4.0,True,100.028432920532,200.0499185043267,2.000126141288644,67.758339,61.88862999999999,,True,0.0,0.0012350650504231,0.0009055092959897,0.0,0.0102705610916018,0.0,0.0015378819371107,0.0048678290331736,0.0498694786801934,0.0968284122645855,0.0,0.0012343029849860988,0.0009050995697690839,0.0,0.010218177248032295,0.0,0.0015367006076928119,0.004856019462566359,0.0486658504239351,0.092422753620988,0.0
7a10c97d-79c5-4186-b2cd-2fc728ee62ff,ok,17760256.0,v1.14-1.15,0.0,0.0,0.0,False,0.6732939279957012,125.30015,0.8908491283655167,4.0,actuator_motors,none,6818150,4252476,23.0,,C,,0.0,4.0,True,10.004776642243906,20.004798916566912,2.0000870757909315,188.092251,185.3082999999999,,True,0.0,0.0036713890149258,0.0,0.0,0.0,0.0,0.0,0.0,0.8915089666843414,0.2931760475039482,0.0264805969782173,0.003664665916657744,0.0,0.0,0.0,0.0,0.0,0.0,0.6373749055948265,0.2571012448169625,0.02613605518248775
6db84938-1ac7-47a0-bd89-72fc36598c89,ok,17826240.0,v1.16+,0.0,0.0,0.0,False,0.0,0.0,0.0741289138793945,4.0,actuator_motors,none,62139519,7491256,77.5,,B,,0.0,4.0,True,10.010020541584195,199.97999398537124,1.999996100510116,99.624472,95.76006400000004,,True,0.0,0.0059996092459186,0.001892913901247,0.002973965043202,0.0339401725679635,0.0370904013514518,0.0013185522286221,0.0059286701260134,0.0800590705126523,0.1359896682202812,0.0,0.005981683253931868,0.0018911245973711956,0.002969551557366128,0.033376914226550314,0.036419101292977235,0.001317683702013598,0.005911164716405528,0.07701573455953828,0.1275042253810879,0.0
4c065496-f908-49ba-af1c-4597de7db7d6,ok,17695744.0,v1.14-1.15,0.1160949868073878,0.2717678100263852,0.0,True,0.8556311413454271,33.600244,0.999999992338703,4.0,actuator_motors,none,5808489,3864904,5.2,,A,,0.0,4.0,True,10.006462379226706,20.00701946387377,2.000260515681616,137.0103,132.29371,,True,0.0,0.0003980136738391,0.0022829195484519,0.0,0.0052938278764486,0.0,7.184496280387975e-05,0.0013357895659282,4.140564269619061e-05,,0.0157077841460704,0.00039793448740764345,0.0022803176468218383,0.0,0.0052798648266325484,0.0,7.184238207814696e-05,0.0013348981927490079,4.140478550622866e-05,,0.015585693757984548
ee6e3cd6-436d-4a1e-aa86-09c8e798a255,ok,17825856.0,v1.16+,0.0,0.0,0.0,True,0.0,0.0,0.1037914276123046,4.0,actuator_motors,none,13220047,8215892,6.0,,B,,0.0,4.0,True,10.003372046418429,20.003233315297624,2.000048552415389,283.561975,278.4934779999997,,True,0.0,0.0021163842407986,0.0016025020275264,0.0023382114712148,0.0067084247712045,0.0047136549837887,0.0037492144154384,0.0015286911861039,0.0361525900661941,0.1532044559717176,0.0,0.0021141478544838815,0.0016012193912542704,0.0023354821084962474,0.006686023419131599,0.004702580499365719,0.0037422036289026022,0.0015275239271668778,0.03551442070020327,0.14254455078064343,0.0
bdd51f3b-ff5f-415f-85e3-a87c1031fa9d,ok,17761280.0,v1.14-1.15,0.0,0.0,0.0,True,0.0,0.0,0.2802044004201889,4.0,actuator_motors,none,53628927,33836296,20.5,,A,,0.0,4.0,True,10.00065203438736,20.000644772456724,2.0000002674533297,1526.240549,1521.0926420000023,,True,0.0,0.006529055070132,0.0026317688287235,0.0120028842240571,0.0033991385716944,0.0088049700949341,0.0011569180409424,0.001699322258355,0.0565974954515695,0.027707421220839,0.0,0.006507833112877968,0.0026283117892303967,0.011931420884984329,0.003393374558273299,0.008766432396061804,0.0011562493269808077,0.0016978800439130365,0.055053835360610225,0.027330516816589188,0.0
72b37fb5-a182-43b2-a4e0-01ecd368398f,ok,17761535.0,v1.14-1.15,0.0,0.0,0.0,True,0.0,0.0,0.2206360667943954,4.0,actuator_motors,none,70636595,34868148,19.8,,C,,0.0,4.0,True,9.977916973109664,202.5437652865636,2.00000036363643,181.757599,175.79553299999992,,True,0.0,0.0017566702910698,0.001015485060634,0.0009683564712759,0.0231731132604181,0.0307780694216489,0.0065329007571562,0.0181412708945572,0.0152889728080481,0.0029710061498917,0.0116442715283483,0.001755129150400758,0.0010149698044736005,0.000967887916609068,0.022908693826630945,0.030313924270612903,0.006511653846773487,0.017978681481152604,0.015173274247687852,0.002966601433257248,0.011576998723548391
660aa556-f62f-4aa9-8a1d-993e367b99ea,ok,17826559.0,v1.16+,0.0,0.0,0.0,True,0.010752688172043,0.3991210000000009,0.1580486416816711,4.0,actuator_motors,none,3744785,2759806,3.4,,B,,0.0,4.0,True,10.010641334335784,20.009997093920568,2.0002373918104555,88.425604,83.65629399999997,,True,0.0,0.004303484596312,0.068926267325878,0.0163403268903493,0.030370296165347,0.021902573108673,0.0044865225441753,0.0891777440905566,0.0048362891189754,0.0,0.0,0.004294251087839143,0.06665465616167401,0.01620826047899279,0.02991824847314955,0.02166615759809062,0.004476488103872906,0.08542304834627126,0.004824631842950205,0.0,0.0
9e605002-85dc-46a5-ae49-e64feba68806,ok,17761280.0,v1.14-1.15,0.0,0.0,0.0,True,0.0,0.0,0.3134904280304909,4.0,actuator_motors,none,6546484,3924667,3.2,,B,,0.0,4.0,True,10.004813952477653,20.005383460887728,1.99995643972428,196.812703,190.6550310000001,,True,0.0,0.0028360642492771,0.0,0.0,0.0,0.0,0.0,0.0,4.768738985061587,0.7038551926612729,0.0,0.0028320502066616327,0.0,0.0,0.0,0.0,0.0,0.0,1.7524535098520928,0.532893443963462,0.0
6b2138fb-5630-43af-aba3-6053fe31f08e,ok,17694975.0,v1.14-1.15,0.0,0.0,0.0,True,0.0,0.0,0.1790433287620544,4.0,actuator_motors,none,10849716,6813002,5.1,,A,,0.0,4.0,True,10.003559646860166,20.003763843388526,1.9999904737295853,266.244607,254.82058399999983,,True,0.0,0.0036913150455802,0.0004996555973775,0.0,0.0016084325965493,0.0,0.008453806862235,0.0053592542186379,0.0047208228148519,0.0191208794713019,0.0,0.0036845188616335058,0.0004995308110845542,0.0,0.0016071404542041692,0.0,0.008418273557684142,0.005344944519191166,0.0047097146768095965,0.018940372790312833,0.0
5f8c6180-7b1d-40e2-9a46-5fa860cf5703,ok,17761280.0,v1.14-1.15,0.0,0.0,0.0,True,0.0,0.0,0.1157859861850738,4.0,actuator_motors,none,6896813,3980937,4.4,,B,,0.0,4.0,True,10.006107795224764,20.00568190090865,2.000130350837459,166.709735,160.485771,,True,0.0,0.0030549902585335,0.000388439510425,0.0011621331097558,0.0099341437220573,0.0124867769423872,0.0057191852945834,0.0074266388313844,0.0022301284829154,0.0014546217862516,0.0,0.0030503332581101983,0.0003883640873292785,0.0011614583557920902,0.009885124491692671,0.01240946010328914,0.0057028928445441,0.0073991971318582645,0.0022276454373787013,0.0014535648488197429,0.0
c5542e7d-1730-4ea7-a012-8f293d763327,ok,17761280.0,v1.14-1.15,0.0,0.0,0.0,True,0.0,0.0,0.0715115293860435,4.0,actuator_motors,none,9251859,5823263,5.0,,C,,0.0,4.0,True,10.010851124840416,199.7953418180484,2.0001660367714664,87.60667,82.904771,,True,0.0,0.0014215353061445,0.0,0.0,0.0,0.0,0.0,0.0,0.0216977129690349,0.3265973366796991,0.0137908041477203,0.0014205258813399543,0.0,0.0,0.0,0.0,0.0,0.0,0.021465668156275656,0.2826172704785524,0.013696576338035138
572cb8ec-db8d-4266-8137-7c8c0e907c8b,ok,17826047.0,v1.16+,0.0,0.0,0.0,True,0.0,0.0,0.321626341342926,4.0,actuator_motors,none,7719810,5545713,5.3,,C,,0.0,4.0,True,10.00623028964941,20.00631209689351,1.9999690812233344,160.897519,151.31579100000002,,True,0.0,0.0022570053813979,0.0031660681357607,0.0010568515164777,0.0029006355209276,0.002543008304201,0.0069589660037308,0.0022771372692659,0.0931361034512513,0.0060623334255069,0.0005222413747105,0.002254462170726644,0.0031610666958596803,0.0010562934420803314,0.002896436795070974,0.002539780329935475,0.0069348641511878615,0.0022745485214056664,0.08905072427030394,0.006044031413576834,0.000522105054143199
9e818d17-355e-4abf-a208-165ae7f7a4ec,ok,17695744.0,v1.14-1.15,0.7377777777777778,0.32,0.0,True,0.0,0.0,0.2853889003396034,4.0,actuator_motors,none,3542920,2548338,3.7,,A,,0.0,4.0,True,10.001769846349717,20.0114760290386,1.999999703703748,81.177517,76.77546599999995,,True,0.0,0.0005417038686573,0.0005163679830729,0.0,0.0039087047567591,0.0,0.0001138837076723,0.0012374742771498,0.0082232963759452,,0.0022107605822384,0.0005415572000815404,0.0005162347110022419,0.0,0.0039010856178441932,0.0,0.00011387722341515956,0.0012367092369365102,0.008189669298803492,,0.0022083204467708358
278d4fc7-509c-489c-8cb0-38977667a75b,ok,17694720.0,v1.14-1.15,0.0,0.0,0.0,True,0.0,0.0,0.2697446234524249,4.0,actuator_motors,none,3989668,2884381,3.7,,C,,0.0,4.0,True,10.009683341613448,20.00794229188716,1.999946142864476,99.568738,93.011246,,True,0.0,0.0087452200241386,0.0002955721953185,0.0,0.0080601621419191,0.0,0.3618873178958892,0.0069672447629272,0.0009516162623185,0.0017695609712973,0.0494375858455895,0.008707202076929628,0.0002955285224626199,0.0,0.008027852532720429,0.0,0.30887147148237043,0.0069430856631302424,0.000951163762611112,0.0017679971428697719,0.048254388139074164
dbe094da-5ec8-4036-bac0-04b67cf8d0d3,ok,17760511.0,v1.14-1.15,0.0,0.0170212765957446,0.0,True,0.0435000626802055,3.3019359999999978,0.6582042217254622,4.0,actuator_motors,none,59739470,19865064,12.3,,C,,0.0,4.0,True,9.823687366603243,191.63478674458148,1.96455296902492,113.237568,110.601386,,True,0.0,0.0127357140183448,0.0015145228244364,0.0017032776260748,0.0315720021724695,0.007741518644616,0.0096848336979746,0.0044473846442997,0.2814142346382141,0.0171699398197233,5.844987964630127,0.012655296872653906,0.001513377091423511,0.0017018286937950256,0.031083854459454895,0.007711706849348685,0.009638236313143717,0.004437524253702916,0.2479643388220902,0.017024202241355448,1.9235167004671538
ad8351fa-697b-4754-a60a-8cdaa5908877,ok,17761535.0,v1.14-1.15,0.0,0.0,0.0,True,0.0,0.0,0.0796356528997421,4.0,actuator_motors,none,25121411,14972056,7.4,,C,,0.0,4.0,True,9.263114297200673,184.82696525815768,1.851721284337246,277.106398,273.54544900000025,,True,0.0,0.0,0.0,0.0,0.0,0.0,0.0,0.0,9.636153554311022e-05,0.0,0.0,0.0,0.0,0.0,0.0,0.0,0.0,0.0,9.635689306857902e-05,0.0,0.0
9973c454-88b7-4dcc-b0b8-ccfdffdedf99,ok,17826559.0,v1.16+,0.0,0.0,0.0,True,0.0,0.0,0.2601348176598547,4.0,actuator_motors,none,4486129,3428138,3.1,,C,,0.0,4.0,True,10.01061606985768,20.0101899171102,1.9999416438080355,95.286462,87.44480699999997,,True,0.0,0.0020226727938279,0.0008174091635737,0.0006087377551011,0.0052613553125411,0.0052132548298686,0.0006435385148506,0.0017115147202275,0.1624310538172722,0.1624310538172722,0.0,0.0020206299454245623,0.0008170752666445704,0.0006085525494311681,0.005247562739943421,0.00519971286167187,0.0006433315327364329,0.0017100517479365991,0.15051354817627108,0.15051354817627108,0.0
6690cc53-15fe-4c65-aa2e-27f393890818,ok,17761280.0,v1.14-1.15,0.0,0.0,0.0,True,0.0,0.0,0.3070892453193664,4.0,actuator_motors,none,6918417,4220161,4.5,,C,,0.0,4.0,True,10.015046697203758,171.40869594750723,2.000346380590056,65.667627,61.75697899999999,,True,0.0,0.0176922921091318,0.0,0.0,0.0,0.0,0.0,0.0,0.0001750274706864,0.0,0.0,0.0175376053530609,0.0,0.0,0.0,0.0,0.0,0.0,0.00017501215516571773,0.0,0.0
fe19f647-c8af-47d7-8044-31b5e0460be1,ok,17760256.0,v1.14-1.15,0.0,0.0,0.0,True,0.0,0.0,0.119604867696762,4.0,actuator_motors,none,7508872,4985939,6.2,,B,,0.0,4.0,True,10.0054349569605,20.00560942977744,1.9999602949059097,170.513594,164.345963,,True,0.0,0.0005696983425877,5.083225914859213e-05,2.3868105927249417e-05,0.0005322105134837,0.000387467443943,0.0163026079535484,0.0247512552887201,0.0063906139694154,0.0043621272780001,0.0,0.0005695361260936476,5.083096723308753e-05,2.3867821088541505e-05,0.0005320689396975132,0.00038739239781760326,0.01617114728399071,0.024449905372255002,0.0063702805785526015,0.004352640778346205,0.0
e15218d3-162c-49af-a292-7b014c260144,ok,17761280.0,v1.14-1.15,0.0223735408560311,0.0,0.1738938053097345,True,5.7613089693978473e-05,0.009998000000003,0.2837354779243469,4.0,actuator_motors,none,47710208,28485717,9.4,,C,,0.0,4.0,True,10.00199448802437,200.00000180801177,2.000000425720712,451.91793,364.49988999999977,,True,0.0,0.0017655472154729,15627.594824218748,9695.022753906249,0.0329383701086044,0.0169567162171006,0.8580834627151485,0.0061586854048073,0.0,0.0,0.0017198086832649,0.0017639904690580632,9.656857516892845,9.179471055037597,0.032407527281817526,0.016814555902204584,0.6195455601120997,0.006139798209045503,0.0,0.0,0.0017183315057107335
a1082e87-1fed-480d-9049-082330122a88,ok,17760511.0,v1.14-1.15,0.0,0.0,0.0,False,0.0,0.0,0.0276953279972076,4.0,actuator_motors,none,17231055,7626026,31.8,,B,,0.0,4.0,True,125.00625844890602,250.0,125.00625844890602,80.052,50.256,,True,0.0,0.0001316261259489,0.0082151461392641,0.0040623811073601,0.0034879494924098,0.0059832190163433,0.0147742880508303,0.0154759958386421,0.0777883604168891,0.0337824448943138,0.0,0.00013161746399046885,0.00818158550461538,0.0040541519164407295,0.003481880704235943,0.005965390640152635,0.014666211459873338,0.0153574639830932,0.0749111270684176,0.03322435249256957,0.0
1609a2f5-7ef4-46b2-ad6a-384aa9dc256d,ok,17695488.0,v1.14-1.15,0.0,0.0,0.0,False,0.2037833190025795,3.2099999999999937,0.5828148692846298,4.0,actuator_motors,none,19460548,8701265,30.8,,B,,0.0,4.0,True,82.63724094288878,85.33459895586141,99.2564467647524,126.41,115.26,,True,0.0,0.0010204958263784,0.0092097138985991,0.0,0.0080482883378862,0.0,0.0229096494615075,0.0154136912897229,0.0500261858105659,0.0775842145085334,0.0,0.0010199754744937672,0.009167563083863512,0.0,0.008016073598873678,0.0,0.022651163872157133,0.015296107081895043,0.04881510272566924,0.07472169725814617,0.0
9a387907-ccd8-45ff-889e-06b34f9c9b65,ok,17695743.0,v1.14-1.15,0.9731543624161074,1.0,0.0,False,0.9905100830367736,659.700641,1.0,4.0,actuator_motors,none,26455571,15219071,36.8,,C,,0.0,4.0,True,10.0014207430824,20.00151090975639,1.9999899808051889,675.902812,673.8957889999997,,True,0.0,0.0040036166086792,0.0047980570234358,0.0,0.0064590745605528,0.0,0.1071443483233451,0.1169407252222299,15.29976863861084,20.52738761901854,0.0,0.003995623462929227,0.004786583035098567,0.0,0.006438304128998434,0.0,0.10178404118173409,0.11059345262908254,2.7911509137617263,3.0693259672293496,0.0
9a02c4e7-c6f6-4905-bd98-f0f469c2f072,ok,17695743.0,v1.14-1.15,0.0,0.0,0.0,True,0.0,0.0,0.2019216477870941,4.0,actuator_motors,none,18386069,11526067,3.2,,B,,0.0,4.0,True,10.001974428221263,20.00220688684725,1.9999884814667763,457.278679,450.5030289999998,,True,0.0,0.0097794982604682,0.0028807030525058,0.0,0.0165458241477608,0.0,0.0140619687736034,0.0107657357119023,0.0014806467574089,0.0032940850127488,0.0,0.009731988464211553,0.0028765617787477765,0.0,0.016410433392617607,0.0,0.013964016490614555,0.010708197769674703,0.0014795516808132577,0.0032886714000556995,0.0
fc52a13e-0b94-4fae-83c6-65a92455e55d,ok,17826240.0,v1.16+,0.0,0.0,0.0,True,5.598007109469029e-05,0.0062509999999917,0.1999349296092987,4.0,actuator_motors,none,16376472,10180404,5.4,,B,,0.0,4.0,True,9.999483729791825,199.38563684139444,2.000042774861185,130.566553,125.045628,,True,0.0,0.002903375448659,0.000684438063763,0.0004152083580265,0.0027813054737634,0.0025790575775317,0.0003905659745214,0.00130593823269,0.0261266955174505,0.0115971222985535,0.0003327822181745,0.002899168794524976,0.0006842039428528536,0.00041512218288914553,0.002777444800511936,0.002575737515732771,0.00039048972348456733,0.0013050862370446552,0.025791224034739723,0.011530391106733914,0.0003327268584536134
db6e84cb-c38e-4d95-af40-aca4181365b9,ok,17761535.0,v1.14-1.15,0.7096774193548387,0.0,0.0,True,0.0,0.0,0.2042373806238171,4.0,actuator_motors,none,6294423,4189667,4.4,,C,,0.0,4.0,True,10.010574865917436,20.01046949483452,2.0000183569252434,92.649698,88.92555699999998,,True,0.0,0.0013885322259739,0.0,0.0,0.0,0.0,0.0,0.0,0.0301812873221933,0.01433379156515,0.0,0.0013875691065477708,0.0,0.0,0.0,0.0,0.0,0.0,0.029734793863035982,0.014232034003260476,0.0
f6aa2d92-1557-4b4f-b1e3-c21087e83a58,ok,17761535.0,v1.14-1.15,0.0,0.0,0.0,True,0.0,0.0,0.217486323416233,4.0,actuator_motors,none,13040852,7843414,4.4,,B,,0.0,4.0,True,10.00257104985162,20.00257039779189,1.999980833074934,377.741949,371.4003819999997,,True,0.0,0.0032308276044204,0.0003130910830805,0.0002204214557423,0.001835522102192,0.0014837893773801,0.0010235487949103,0.0018853232380934,0.0154557333327829,0.0044076207093894,0.0,0.0032256196951388157,0.00031304208029530434,0.00022039716650240507,0.001833839590042392,0.0014826896496303846,0.0010230253260093763,0.0018835482468420343,0.015337510081572208,0.004397935597667989,0.0
cfff23d2-ea18-404e-91e0-6574af14b609,ok,17760768.0,v1.14-1.15,0.0,0.0,0.0,True,0.0,0.0,0.0966743886470794,4.0,actuator_motors,none,33731684,9378216,10.7,,C,,0.0,4.0,True,7.855188092420599,152.61444095995847,1.5176509332970889,85.612775,79.73999199999999,,True,0.0,0.0051392258843407,0.0,0.0,0.0,0.0,0.0,0.0,0.0415053663775324,0.0389050224795937,0.0,0.005126065134448373,0.0,0.0,0.0,0.0,0.0,0.0,0.040667134252453906,0.03816729550329429,0.0
26587c6a-7c51-4a40-8724-88f3ebc8c70f,ok,17629952.0,v1.12-1.13,0.3469387755102041,0.0,0.0,True,0.0025041736227045,0.1017920000000032,0.2451728731393814,4.0,actuator_motors,none,11422377,7320420,5.5,,C,,0.0,4.0,True,10.004005251102356,20.00390803957064,1.9999577585923924,243.62665,239.582544,,True,0.0,0.0019943292019888,0.0006507548823719,0.0,0.0070091061294078,0.0,0.0,0.0024479215731844,0.0029556069057434,0.0014769598026759,0.0,0.0019923431676050498,0.0006505432332295987,0.0,0.006984656525139701,0.0,0.0,0.002444930293787229,0.0029512476869652587,0.001475870170310061,0.0
5c0a26f2-438d-46b6-a0f1-cfc52520ec9a,ok,17760511.0,v1.14-1.15,0.0182186234817813,0.0,0.0408163265306122,True,0.0038659793814432,0.3012040000000127,0.3243577197194099,4.0,actuator_motors,none,8012893,5180729,4.4,,C,,0.0,4.0,True,9.963401633767504,19.91826551548534,1.991875824240665,245.442701,233.8845760000001,,True,0.0,0.0007178982137702,0.0,0.0,0.0,0.0,0.0,0.0,0.1909559100866317,0.0545865595340728,0.0,0.0007176406481107788,0.0,0.0,0.0,0.0,0.0,0.0,0.1747562704491698,0.05314880342280938,0.0
062e498e-fe32-4cd7-bf33-52442ca89222,ok,17760256.0,v1.14-1.15,0.0,0.0,0.0,True,0.0,0.0,0.1596878059208393,4.0,actuator_motors,none,9179469,6733343,3.3,,C,,0.0,4.0,True,10.005859599144175,20.00626986913857,2.0000191833671823,166.541741,161.65142499999996,,True,0.0,0.0021871533244848,8.327059076691504e-05,3.3734641510818594e-05,0.0027493921807035,0.0018040766532067,0.0069470431189983,0.020168403442949,0.0130898584146052,0.0016928629542235,0.0,0.0021847649864593856,8.326712396372553e-05,3.37340725105963e-05,0.0027456195154640264,0.0018024512615152312,0.006923023593904025,0.019967715083096985,0.013004926578870582,0.0016914316768092815,0.0
014034d5-3ac8-4783-be42-ad901aac0376,ok,17825792.0,v1.16+,0.0,0.0,0.0,True,0.0001528409308012,0.0148120000000062,0.2683254797011614,4.0,actuator_motors,none,11994346,8018715,4.5,,A,,0.0,4.0,True,10.009613792593065,202.4245069581466,2.0000153235004885,100.587714,91.60690599999997,,True,0.0,0.0099566405639052,0.0072346166009083,0.0052603837335482,0.0023453916655853,0.0055050265043973,0.0042942013009451,0.0070508077042177,0.0597942627966403,0.0048883299110457,0.0,0.009907399796896145,0.00720857230047303,0.005246596245551411,0.002342645527560777,0.005489929227917839,0.00428500752907957,0.007026066986198411,0.058074797584461185,0.004876420820991434,0.0
2f89e944-7285-427e-801f-05f62dd71818,ok,17825856.0,v1.16+,0.0,0.0,0.0,True,0.0,0.0,0.1972810595861829,4.0,actuator_motors,none,2809424,2090566,2.5,,C,,0.0,4.0,True,10.01379368743816,20.013707858932143,1.9999604763055523,71.463754,71.29223099999999,,True,0.0,0.0002429057996778,0.0,0.0,0.0,0.0,0.0,0.0,0.0013286791043356,3.4443972587585425,0.0,0.00024287630284057998,0.0,0.0,0.0,0.0,0.0,0.0,0.00132779719135425,1.4916442599420305,0.0
ca4461b3-ea36-483c-bfd5-b9be65354976,ok,17826047.0,v1.16+,0.6639344262295082,0.087431693989071,0.0,True,0.0,0.0,0.2342872947454452,4.0,actuator_motors,none,7055799,4737800,3.6,,A,,0.0,4.0,True,10.005783080623788,20.00651259381904,2.000076852953075,160.227076,158.52730700000006,,True,0.0,0.0087720863521099,0.0011681639589369,0.0050646760500967,0.0087846703827381,0.0132807437330484,0.0023759771138429,0.0139327030628919,0.0892740488052368,0.0072134835645556,0.0237986203283071,0.008733835135181946,0.0011674821863159024,0.0050518937190945,0.008746309659714012,0.013193327771431815,0.002373158943276593,0.013836535178477275,0.08551146408726402,0.007187590835274955,0.023519847441597314
3ccdf5e8-c6b7-42d0-b580-70b1faefc214,ok,17825792.0,v1.16+,0.0,0.0,0.0,True,0.0,0.0,0.1834465190768242,4.0,actuator_motors,none,15740981,9602810,5.1,,A,,0.0,4.0,True,10.005515749909993,135.95413272478655,2.0000631172566288,160.960817,155.17414800000012,,True,0.0,0.0031388495583087,0.0004873847719863,0.0002147861647245,0.006527881976217,0.0033415858051739,0.0002383309154538,0.0048562271287664,0.1934226565062999,0.2085704341530798,0.0,0.003133933654203227,0.0004872660386059791,0.00021476310147860647,0.006506667627795642,0.0033360151138396876,0.0002383025191528908,0.004844473694009968,0.17682536076416316,0.1894382017576998,0.0
5ab4f4af-0959-46fb-93b0-e64c8defe2bf,ok,17826240.0,v1.16+,0.0,0.0,0.0,True,0.0,0.0,0.1429395914077758,4.0,actuator_motors,none,69065487,20691861,18.7,,B,,0.0,4.0,True,7.666086596284971,141.20911167178986,1.5310159722475796,105.058447,96.704358,,True,0.0,0.0027895004022866,0.0002798498026095,0.0002770381979644,0.0072644692845642,0.0046192058362066,0.0207981448620557,0.025818845257163,0.0697994008660316,0.0327126607298851,0.0,0.002785616966260695,0.00027981065195752087,0.0002769998299689376,0.007238210123460638,0.004608570044957366,0.02058481626940914,0.025491167082466962,0.0674711550718867,0.032188991453405154,0.0
ea3a60bd-cae2-42b1-869c-56b1a4185648,ok,17761280.0,v1.14-1.15,0.0,0.0,0.0,True,0.0,0.0,0.1987876921892166,4.0,actuator_motors,none,16599701,10592580,6.1,,C,,0.0,4.0,True,10.00203121345409,20.002140016239203,1.9999763002808413,460.773694,455.562615,,True,0.0,0.0019631194882094,0.0025927275419235,0.0079956986010074,0.0021696202456951,0.002755023073405,0.0012530940584838,0.0019089655252173,0.0387811735272407,0.0258336402475833,0.0,0.0019611950872879536,0.002589372222238675,0.007963902379166733,0.0021672700184762984,0.002751234953314659,0.0012523095913964059,0.0019071457660660147,0.03804807735308689,0.02550558959361355,0.0
4007c56d-dffa-4933-aedc-534ee57ed3cd,ok,17760256.0,v1.14-1.15,0.0,0.0,0.0054559625876851,False,0.0132450331125827,1.8999740000000145,0.174722982943058,4.0,actuator_motors,none,12636169,6214679,3.9,,C,,0.0,4.0,True,10.004052655777109,20.00385589145758,2.000037448842095,256.451328,150.36384699999994,,True,0.0,0.0217257576994597,0.0082300104200839,0.0031749126384966,0.0112542737741023,0.0071539026685059,0.0151912053115665,0.0208770914934575,3.707316243648528,2.973576986789703,0.0,0.021493116926272787,0.008196328559512477,0.003169883245808776,0.011191415610659672,0.007128434897312225,0.015076974369845463,0.02066215142050014,1.5491179459808193,1.3796666932675825,0.0
9e750a70-2fea-4c72-affa-d9c0caec4103,ok,17760384.0,v1.14-1.15,0.0,0.0,0.0,True,0.0,0.0,0.1069061011075973,4.0,actuator_motors,none,10843139,7559488,5.4,,C,,0.0,4.0,True,10.008056645985542,20.00811615799647,1.999842093113438,124.345629,116.749831,,True,0.0,0.0024878539610654,0.0048573512583971,0.000513258203864,0.0056813170202076,0.0021371058188378,0.0018250321736559,0.0019048685440793,0.9112445712089536,0.1579151034355163,0.0,0.0024847643756302144,0.004845592390368284,0.0005131265319246253,0.005665239205364141,0.0021348254565364258,0.0018233688259064109,0.0019030565826615006,0.6477546378170506,0.14662106336785807,0.0
388c4dc6-2919-4dfc-8885-063a49d8eb57,ok,17694720.0,v1.14-1.15,0.9274193548387096,0.0,0.0,True,0.001743679163034,0.0975389999999998,0.4490412339568138,4.0,actuator_motors,none,3955739,2729949,2.6,,C,,0.0,4.0,True,8.194401769963738,16.444527549500783,1.6339111215943574,147.673093,144.04192299999994,,True,0.0,0.0014753415714949,0.0,0.0,0.0,0.0,0.0,0.0,0.0623607976362109,,0.0007280502555659,0.0014742543243611685,0.0,0.0,0.0,0.0,0.0,0.0,0.06049359924390388,,0.0007277853555444731
286a97af-942d-46ee-a396-190a037434f7,ok,17761023.0,v1.14-1.15,0.0,0.0,0.0,True,0.0,0.0,0.0865069296211004,4.0,actuator_motors,none,3757677,2430701,2.6,,A,,0.0,4.0,True,10.01116326943013,20.01047119684448,2.000010342594921,90.839404,88.17576600000001,,True,0.0,0.0018351694161538,0.0,0.0,0.0,0.0,0.0,0.0,1.821397668123245,0.7995410591363901,0.0,0.0018334875501191722,0.0,0.0,0.0,0.0,0.0,0.0,1.03723238916159,0.5875316652460201,0.0
a7cbbd58-3429-4ed3-b03b-9615b3d3de48,ok,17760768.0,v1.14-1.15,0.0,0.0,0.0,True,0.0506666666666666,2.503429999999998,0.2291696898639202,4.0,actuator_motors,none,2622040,1869051,3.2,,C,,0.0,4.0,True,10.01296208006294,20.011703711678585,1.999991578982825,76.251812,74.97018299999998,,True,0.0,1335.46865234375,0.0179361026734113,0.0213521521538496,0.0499632023274898,0.0384816959500313,137.77969360351568,6.506329059600835,0.0217489842325449,0.2577756106853485,0.0,5.778828308034865,0.017777148646984535,0.02112738877858674,0.04875511815293687,0.03775973870930261,4.932887737683375,2.015746539293716,0.021515849316949897,0.22934477248398838,0.0
79095b53-cfcb-45ab-ace1-eab0629b63c9,ok,17826047.0,v1.16+,0.0,0.0,0.0,True,0.0,0.0,0.2243324220180511,4.0,actuator_motors,none,10302255,6913898,4.3,,A,,0.0,4.0,True,10.00464816325585,20.004641783377373,2.000000298368343,215.123648,213.0899959999999,,True,0.0,0.0002476605659467,0.0006251454673474,0.0010963019100017,0.028283348865807,0.0423734756186603,0.0010445761086884,0.0356664642691611,0.0165199653245508,0.099635250866413,0.0,0.00024762990313127985,0.0006249501453186088,0.0010957014099089565,0.0278907602460942,0.041500301012296854,0.0010440309186935772,0.03504514631551516,0.01638499513740196,0.0949785346947218,0.0
06f093b1-38f5-489c-9db4-5c4595d89c7f,ok,17695488.0,v1.14-1.15,0.0027247956403269,0.0,0.0,False,0.0059945504087193,0.7986120000000199,0.187117376923561,4.0,actuator_motors,none,7278743,4673620,4.5,,B,,0.0,4.0,True,10.005376444132748,20.005281023216824,2.0000307401985,183.367976,182.82319500000008,,True,0.0,0.0010099555074702,0.0,0.0,0.0,0.0,0.0,0.0,0.0,0.0,0.0011734404542949,0.001009445845535052,0.0,0.0,0.0,0.0,0.0,0.0,0.0,0.0,0.0011727525111659507
a4d131a0-2ecc-4b16-b4c3-dc44414db22b,ok,17826304.0,v1.16+,0.0,0.0,0.0,True,0.0,0.0,0.1598241537809371,4.0,actuator_motors,none,33922711,8216718,10.3,,C,,0.0,4.0,True,9.995728563905407,19.98792598228501,2.0000031503055635,250.008936,247.7681099999999,,True,0.0,0.0049065376399084,0.0020393696497194,0.0015689866675529,0.0080467858351766,0.0160981158725917,0.1324742071330545,0.1641483902931212,0.0,1.1183023512363428,0.0,0.004894539813289772,0.0020372929583835097,0.0015677570939264865,0.008014583091080819,0.01596991523437621,0.1244048029572434,0.15198982425366186,0.0,0.7506149901714697,0.0
037378d5-c789-41bb-9de1-026647e177c8,ok,17629951.0,v1.12-1.13,0.0,0.0,0.0,True,0.0,0.0,0.1721809685230254,4.0,actuator_motors,none,8754065,5013748,4.1,,C,,0.0,4.0,True,10.007531825978194,20.008093551731864,2.000003503882108,129.16197,126.84690499999994,,True,0.0,3.355849548825063e-05,0.0087689710780978,0.0,0.0,0.0,0.0,0.0,0.0203149380162358,0.0,0.0028084544232115,3.355793241453815e-05,0.008730746946219812,0.0,0.0,0.0,0.0,0.0,0.020111342399783544,0.0,0.002804518083386249
65b34673-29bd-4630-a466-3755bb6f294f,ok,17694975.0,v1.14-1.15,0.0,0.0,0.0,True,0.0,0.0,0.0869686424732208,4.0,actuator_motors,none,4359972,2832804,2.8,,A,,0.0,4.0,True,10.007951415516798,20.00815342917566,2.0000768269854143,116.834426,112.42532300000003,,True,0.0,0.0030145062250085,0.0,0.0,0.0,0.0,0.0,0.0,0.1932645544409749,0.2271206781268119,0.0,0.0030099717117116702,0.0,0.0,0.0,0.0,0.0,0.0,0.17669287414016732,0.20467051307410644,0.0
38e8d21f-cbd8-4024-baec-880bd2406e6b,ok,17826047.0,v1.16+,0.0,0.1267605633802817,0.0,True,0.0255474452554744,0.3010000000000019,0.425816063582897,4.0,actuator_motors,none,41426973,12648260,11.5,,C,,0.0,4.0,True,99.99698167879026,999.95472244861,99.99698167879026,65.853,54.791,,True,0.0,0.0002683360653463,0.0002671800320968,0.0004289370845071,0.0706476449966429,0.0461017183959483,6.888304051244626e-05,0.0021788629237562,0.8937108516693115,2.136460065841675,0.0,0.0002683000696634665,0.00026714434586831465,0.00042884511729369306,0.0682637410661592,0.04507060603514042,6.888066818475261e-05,0.0021764926443208323,0.6385383176760234,1.1430947963969853,0.0
2f0f37b3-d1e2-4b65-add1-f2775d307003,ok,17761535.0,v1.14-1.15,0.0,0.0,0.0,True,0.0013850415512465,0.0974790000000069,0.429807950928807,4.0,actuator_motors,none,3685117,2904398,2.7,,C,,0.0,4.0,True,10.012992046342449,20.01217617419364,2.000000405063373,79.1832,72.16684399999997,,True,0.0,0.0015326958266086,0.0,0.0,0.0,0.0,0.0,0.0,0.0826063856482505,0.0540445178747177,0.0,0.00153152244716299,0.0,0.0,0.0,0.0,0.0,0.0,0.07937145380067201,0.05263468629999773,0.0
a33ea34a-cafe-4439-b970-fd6ed3054856,ok,17761535.0,v1.14-1.15,0.0,0.0,0.0,True,0.003723008190618,0.5010350000000017,0.2704461455345152,4.0,actuator_motors,none,5278483,3647848,3.3,,C,,0.0,4.0,True,10.006680037345738,20.006726972830062,2.0000175419720407,138.052487,134.299362,,True,0.0,0.0070428553735837,0.0058445091126486,0.0068584479158744,0.0171821103431284,0.0200311685912311,0.0070895784301683,0.0243347026407718,0.0388916982337832,0.0057196610141545,0.1145124826580286,0.00701817030216646,0.005827496225064226,0.00683503574842891,0.017036167253413486,0.019833184271694015,0.007064565520086409,0.024043331258490338,0.038154470142971166,0.005703365858746815,0.10841707401258398
a6b892d7-04fc-4355-a677-10c6581fa7b2,ok,17170944.0,v1.12-1.13,0.1142857142857142,0.0,0.0,False,0.0038610038610038,0.1000000000000014,0.4414252370595931,4.0,actuator_motors,none,17601252,7644074,6.4,,C,,0.0,4.0,True,124.89687123183349,249.7937293729373,99.95557529986672,63.028,51.272,,True,0.0,0.0002513907093089,0.0009383458527736,0.0001938151835929,0.1295583248138427,0.0400739982724189,5.847734792041592e-05,0.003046975005418,1.8488883972167969,2.6614432334899902,0.0,0.00025135911595927543,0.0009379058815125191,0.00019379640385669726,0.12182669332079837,0.03929186280710282,5.847563818695948e-05,0.0030423423850096994,1.0469288821324274,1.2978573957773358,0.0
f02755ea-b927-4451-a2ed-f90dfeeb9ce2,ok,17694720.0,v1.14-1.15,0.0,0.0,0.0,True,0.0,0.0,0.1618295431137084,4.0,actuator_motors,none,22552768,14535134,21.1,,C,,0.0,4.0,True,10.00469337265729,200.44343038026284,2.0000180285985327,211.519972,207.2605159999999,,True,0.0,0.0069535682443529,0.0022027705563232,0.0,0.017297445051372,0.0,0.0056138593703508,1.5535426616668702,0.0032610919559374,0.0057776425033807,0.0,0.006929503680674748,0.0022003480141454144,0.0,0.01714954731472827,0.0,0.005598160389013423,0.9374816741000778,0.0032557861276315283,0.005761015937760957,0.0
d8284017-f034-42f7-84ec-cef9453c2ce7,ok,17891392.0,v1.16+,0.0,0.4294871794871794,0.0,True,0.0,0.0,0.0456602275371552,4.0,actuator_motors,none,21795133,8966714,13.6,,B,,0.0,4.0,True,124.94568759504672,249.7283199304499,100.00271562024768,73.248,59.916,,True,0.0,0.0002933939395006,0.0001543497055536,4.574115246214205e-05,0.0011952986242249,0.0011725140502676,6.71456909913104e-05,0.0004086292756255,0.1075887978076934,0.094376266002655,0.0,0.0002933509079153306,0.00015433779486338968,4.574010636752736e-05,0.0011945848235710348,0.0011718271925163775,6.714343682030573e-05,0.0004085458094201002,0.10218539833041902,0.09018458088440778,0.0
1b585d0c-b02c-4761-83f2-1fe69777cdd6,ok,17825856.0,v1.16+,0.0,0.0,0.0,True,0.0004703284119258,0.0382249999999828,0.2455908477306365,4.0,actuator_motors,none,98844267,48261186,31.3,,C,,0.0,4.0,True,10.001109735445302,211.99020744185404,1.9999778179800136,812.504244,171.15711799999997,,True,0.0,0.003465528646484,2.009831623581701e-05,5.554903618758535e-05,0.0005773877492174,0.0002018386207055,0.000574463722296,0.0002417194802546,0.0103371080011129,0.0045072617009282,0.0,0.003459537539662418,2.0098114267365396e-05,5.5547493397008094e-05,0.0005772211250456787,0.0002018182540315707,0.0005742987811773192,0.00024169027080793274,0.010284045462384902,0.004497134416386441,0.0
4bff0a50-d6cd-49d7-81a3-7fe3a882e60f,ok,17761535.0,v1.14-1.15,0.0180109631949882,0.0137039937353171,0.0,True,2.1909464614845305e-05,0.0048299999998562,0.3803813561797141,4.0,actuator_motors,none,142822055,81964440,37.2,,C,,0.0,4.0,True,10.00072050645467,220.97857284879333,1.9999941342818524,1289.048427,1284.8135599999985,,True,0.0,0.005338428961113,0.0016611962695606,0.000767034990713,0.0147498018108308,0.0143570640590041,0.004194086859934,0.0061184145743027,0.0039843170437961,0.0026331883738748,0.0,0.005324230060026214,0.0016598180092004644,0.0007667409697145006,0.014642081428480256,0.014254977364779165,0.004185316192382072,0.0060997730748227905,0.0039764006732299,0.002629727607271002,0.0
ed3de9e1-532b-4584-83cb-d295c8815362,ok,17760384.0,v1.14-1.15,0.0,0.0,0.0,True,0.0,0.0,0.1794404380023479,4.0,actuator_motors,none,20246528,13598630,6.8,,A,,0.0,4.0,True,10.004107026082192,20.00391489093386,2.0000275066544533,239.227551,231.22757199999987,,True,0.0,0.0021736707072705,0.0019423718564212,0.0013254858087748,0.0025335892336442,0.0018129125004634,0.0004322815191699,0.0026758364168926,0.0096643118187784,0.0008107416972052,0.0,0.002171311702945908,0.001940487891386195,0.0013246081279435526,0.0025303851072607545,0.0018112711580369604,0.00043218811243169375,0.0026722627402574798,0.009617911071971363,0.0008104132236815381,0.0
e4341bf2-e3b3-428e-89a0-312d6c4bf75f,ok,17694975.0,v1.14-1.15,0.0,0.0,0.0,True,0.0024630541871921,0.1009259999999869,0.5811077728867531,4.0,actuator_motors,none,9508243,6074531,4.3,,A,,0.0,4.0,True,10.00410540341628,20.00417374327286,1.999992689681893,246.939837,243.607596,,True,0.0,0.0024849212379194,0.0038114519556984,0.0,0.0093860193155705,0.0,0.0083003347273915,0.0182112403213977,0.0022277105832472,0.0517479537054896,0.0,0.0024818389262851867,0.003804206776625594,0.0,0.00934224433828089,0.0,0.008266076389001219,0.01804740182940533,0.00222523291502869,0.0504534978773679,0.0
9010f76c-f5de-4d0c-b494-98a8039408e1,ok,17694720.0,v1.14-1.15,0.0397672162948593,0.0543161978661493,0.0401402961808261,False,0.0027733755942947,1.2981169999999906,0.2830389313399791,4.0,actuator_motors,none,17686528,11212456,8.2,,B,,0.0,4.0,True,9.999951930055634,19.99990176444314,2.0000263964459424,512.671001,504.3276010000001,,True,0.0,0.0028437115252017,0.1036381740123033,0.0,0.0190326813608407,0.0,0.0099372736643999,0.0050724121974781,0.0296493144705891,0.3461268693208694,0.0,0.002839675826680346,0.09861215320522243,0.0,0.018853825719266585,0.0,0.009888223641782781,0.005059590853212037,0.029218272880224622,0.297231483334061,0.0
12bfea6c-1b06-4732-848e-dced2a90fc3a,ok,17761023.0,v1.14-1.15,0.1104651162790697,0.002906976744186,0.0704419889502762,True,0.2482002576473262,1.959510999999992,0.7750966668128967,4.0,actuator_motors,none,18205330,11590602,11.2,,C,,0.0,4.0,True,10.006450215937951,195.83319222329013,1.9999828751466315,144.534587,139.29041600000005,,True,0.0,0.1154241919517515,0.0342190824449061,0.0684051126241682,0.0318979024887083,0.0762572839856146,0.0999112859368322,0.3032410740852354,0.2047128230333317,0.7837583899497985,0.0,0.10923477377500647,0.033646632216552695,0.0661669875512497,0.031399730468319786,0.0734895446677858,0.09522952740367308,0.26485429567675817,0.18624121740545946,0.5787225933436351,0.0
13400ee6-5911-43cd-b550-a30f9f998fa1,ok,17761280.0,v1.14-1.15,0.0122448979591836,0.0,0.0,True,0.0,0.0,0.2228690296411514,4.0,actuator_motors,none,13594784,8769330,5.8,,A,,0.0,4.0,True,9.983162664287374,196.82593476247047,2.0000015269721203,121.183473,117.98584399999996,,True,0.0,0.003877203410957,0.0002005901696975,0.0001287765357119,0.0015727604331914,0.0013596047530882,0.0022661307826638,0.0053573088021948,0.0,0.0765747707337141,0.0006498700589872,0.0038697064297778397,0.00020057005417934887,0.00012876824472560707,0.0015715249407540675,0.001358681327447054,0.0022635669808446514,0.005343009471279512,0.0,0.07378449266403582,0.0006496589848826258
445fec2a-289e-4d61-8226-6dff1e58dfae,ok,17695488.0,v1.14-1.15,0.0,0.0,0.0,True,0.0,0.0,0.0565302938222885,4.0,actuator_motors,none,10176175,6126599,5.1,,C,,0.0,4.0,True,10.011729581432544,285.5993441154738,1.9999999761904763,84.303526,78.03014499999999,,True,0.0,0.1745062440633774,0.0,0.0,0.0,0.0,0.0,0.0,0.000953522126656,0.0,0.0,0.16084784146147038,0.0,0.0,0.0,0.0,0.0,0.0,0.0009530678132086686,0.0,0.0
fb0349a2-54c4-4480-9f3e-06e664a4924a,ok,17891583.0,v1.16+,0.0,0.1257096512570965,0.0,True,0.0,0.0,0.4958353921771045,4.0,actuator_motors,none,25493504,14499358,19.2,,A,,0.0,4.0,True,10.001623102909726,20.001625786513493,2.000001235773121,615.778994,227.699222,,True,0.0,0.0015267017879523,85656760320.0,863908003840.0,0.0054819006472826,0.0042437447700649,0.0016764883766882,0.0020177486585453,0.0430102776736021,0.04337746091187,0.0,0.001525537563575957,25.173613988210636,27.484732123045504,0.005466929717773361,0.004234765480140923,0.0016750846387308697,0.002015715737876751,0.04211102992368292,0.04246300979326143,0.0
83e2683e-c58e-4f3a-b91b-1f968c951b68,ok,17826047.0,v1.16+,0.0,0.0,0.0,True,0.0,0.0,0.223611156642437,4.0,actuator_motors,none,2898669,2203461,2.7,,B,,0.0,4.0,True,10.013621795395794,20.01225185454355,1.999999863013708,73.041296,66.43004400000001,,True,0.0,0.0009612502821255,0.0,0.0,0.0,0.0,0.0,0.0,0.0002688920969376,0.0,0.0,0.0009607885769255373,0.0,0.0,0.0,0.0,0.0,0.0,0.00026885595193696044,0.0,0.0
7bf71468-755b-48d7-bc15-d2d204f91a8a,ok,17695743.0,v1.14-1.15,0.0005359056806002,0.0,0.0,True,1.487196170469861e-05,0.0105490000000827,0.1960226416587829,4.0,actuator_motors,none,195862045,98212123,48.3,,B,,0.0,4.0,True,10.00055164879256,161.10512804735453,2.000006394729441,1890.377655,1882.7376489999967,,True,0.0,0.0019999633077532,0.0,0.0,0.0,0.0,0.0,0.0,0.0002006264840019,,0.0104438960552215,0.001997966043663603,0.0,0.0,0.0,0.0,0.0,0.0,0.00020060636120025816,,0.01038973534564652
6f9d34de-d0fe-4de2-95bd-916ed3ece020,ok,17761535.0,v1.14-1.15,0.0,0.0,0.0,True,0.0,0.0,0.3483845680952072,4.0,actuator_motors,none,7217044,4517300,4.4,,B,,0.0,4.0,True,9.96960566174642,197.5799271398618,1.9852698312085069,68.047441,57.80110900000001,,True,0.0,0.005138296354562,0.0,0.0,0.0,0.0,0.0,0.0,5.093157196824905e-05,0.1400476247072219,0.0,0.005125140356880682,0.0,0.0,0.0,0.0,0.0,0.0,5.093027499977504e-05,0.1310700375927754,0.0
ce5e128c-c304-4616-ab14-c347082f669c,ok,17695488.0,v1.14-1.15,0.0,0.0,0.0,False,0.0001480560243996,0.007558000000003,0.2069500982761383,4.0,actuator_motors,none,16852447,9082069,6.8,,A,,0.0,4.0,True,9.880546580371888,196.63989773610805,1.9759526719816007,125.309128,119.424879,,True,0.0,0.0087949308566749,0.0,0.0,0.0,0.0,0.0,0.0,0.0299413038417696,0.7506136417388916,0.0002521726280974,0.008756480731953826,0.0,0.0,0.0,0.0,0.0,0.0,0.029501814056359887,0.5599663788934538,0.00025214083792451453
e59c0d36-eefa-4735-b6d1-69f8c3abbf1d,ok,17761535.0,v1.14-1.15,0.0,0.0,0.0,True,0.0,0.0,0.1329690992832183,4.0,actuator_motors,none,2616202,2072308,2.3,,C,,0.0,4.0,True,10.015176880142526,20.013646776815907,2.0000788338764983,65.278159,59.174475000000015,,True,0.0,0.0110377832315862,0.006477243732661,0.0047330809757113,0.0115169477649033,0.0142895020544528,0.0087199863046407,0.0102222058922052,0.065627995878458,0.013768367934972,0.0,0.010977311478080868,0.006456356535270382,0.004721915166541088,0.01145113256676473,0.014188369404866548,0.008682186805865664,0.01017031248930018,0.0635642928673368,0.013674445084794158,0.0
ce3fb367-7b64-41c3-9c13-9cd2bbf20772,ok,17761280.0,v1.14-1.15,0.0,0.0,0.1312292358803986,True,0.0029448885149347,0.4023059999999816,0.2769944608211515,4.0,actuator_motors,none,10396426,6754519,3.8,,C,,0.0,4.0,True,10.004243463135806,20.003891628374262,2.000022266914572,240.164999,237.73989,,True,0.0,14.32740306854248,0.0020357477478682,0.0012190939160063,0.010934610851109,0.0084459641948342,2.4914774894714355,0.4844167828559875,0.0485037863254547,0.2334848046302795,0.0,2.729642276612036,0.002033678421363653,0.0012183514244016786,0.010875260252387902,0.008410496604646234,1.2503249960460037,0.3950219562950582,0.04736418253639282,0.2098433380060693,0.0
31c619e4-af99-440f-aa0b-b6023f2e9520,ok,17694720.0,v1.14-1.15,0.0,0.0,0.0,True,0.1111702127659574,9.098185,0.9882176187977264,4.0,actuator_motors,none,7350071,4563086,3.8,,C,,0.0,4.0,True,10.004944301494495,20.0052981872412,2.000022271347748,195.511828,187.984491,,True,0.0,0.0023455477552488,0.7534370154142379,0.0,0.2807927504181861,0.0,0.0142915025819092,0.0069854682544246,0.0115591578651219,0.0809810508042573,0.0,0.002342801251977375,0.5615778705998227,0.0,0.24747922248618062,0.0,0.014190341746569272,0.006961182901839085,0.011492861199817395,0.07786900918266984,0.0
6b364390-d37f-4472-97cd-c91d3666d237,ok,17761280.0,v1.14-1.15,0.0,0.0,0.0,True,0.0198598130841121,0.2026620000000001,0.68946053981781,4.0,actuator_motors,none,13151588,8331878,5.6,,C,,0.0,4.0,True,10.00258433007846,20.002859006634672,1.9999841090087844,349.200544,342.424376,,True,0.0,0.0018555675284005,0.0021048669703304,0.0012881145230494,0.004514349065721,0.0050146994646638,0.0077193134464323,0.0031798534793779,0.0544504422694444,0.0366582464426755,0.0,0.0018538480896688133,0.0021026548414631216,0.001287285615279556,0.00450418995501763,0.005002167737074114,0.007689671989795934,0.0031748084374695414,0.05301972340695285,0.03600231508748236,0.0
7f79788e-a5df-4281-b6a7-5d0f6b2d649e,ok,17826559.0,v1.16+,0.0,0.0138089758342922,0.0,False,0.0001224309897321,0.0166269999999713,0.1314304456114768,4.0,actuator_motors,none,45596740,27209187,11.9,,C,,0.0,4.0,True,10.00236817643392,160.82971853132196,2.0000402325590234,431.696756,427.80910099999966,,True,0.0,0.0023289961507543,0.0,0.0,0.0,0.0,0.0,0.0,0.0,0.0,0.017958668526262,0.0023262882428755323,0.0,0.0,0.0,0.0,0.0,0.0,0.0,0.0,0.017799316642276672
29828422-511d-483e-a56c-ee8281a18751,ok,17761535.0,v1.14-1.15,0.0,0.0,0.0,True,0.0,0.0,0.1350796252489089,4.0,actuator_motors,none,6407834,4281317,6.1,,B,,0.0,4.0,True,10.0053562473561,20.005817775749684,1.999917102851316,171.162692,167.42749700000005,,True,0.0,0.0007357919763308,0.0,0.0,0.0,0.0,0.0,0.0,0.1517219722270965,0.0175537692382931,0.0009985758224502,0.0007355214141247826,0.0,0.0,0.0,0.0,0.0,0.0,0.14125818959278993,0.01740148139863262,0.0009980775772764116
b8b82b60-d355-4289-a886-0875ae2eaa72,ok,17891583.0,v1.16+,0.0307692307692307,0.0,0.0,False,0.0,0.0,0.2177770733833313,4.0,actuator_motors,none,2526969,1958791,5.5,,B,,0.0,4.0,True,10.01619157718038,20.018077937208226,2.000060673840601,62.939704,56.386873,,True,0.0,0.1070716045796871,0.0,0.0,0.0,0.0,0.0,0.0,0.0,0.0,0.0987672954797744,0.10171833508510084,0.0,0.0,0.0,0.0,0.0,0.0,0.0,0.0,0.09418891094434988
6cc887a6-bc8a-497f-952e-294fcbbc8583,ok,17826047.0,v1.16+,0.072879330943847,0.0,0.0,False,0.0,0.0,0.2484622493386268,4.0,actuator_motors,none,22347608,13046162,7.1,,B,,0.0,4.0,True,9.999999976150727,19.997616072407872,1.999999579952356,419.334836,410.270014,,True,0.0,0.0090935609303414,0.0031968541676178,0.0018863596022129,0.0132837108336388,0.0112195447087287,0.0012533244327642,0.0016954343998804,0.0285161131992935,0.0019769741920754,0.0,0.00905246346545183,0.0031917550937734258,0.001884582660221937,0.013196255978905025,0.011157072456192471,0.0012525396773309856,0.001693998773422851,0.02811709668654277,0.001975022550404155,0.0
cdcca667-1a33-4733-9f9b-6e94ed05d0f3,ok,17761535.0,v1.14-1.15,0.0,0.0,0.0,True,0.0,0.0,0.2086579538881778,4.0,actuator_motors,none,2455032,1784704,3.4,,B,,0.0,4.0,True,10.012567012828416,20.01472764159876,1.999921003120377,72.226725,64.65908400000001,,True,0.0,0.0025073671247809,0.0,0.0,0.0,0.0,0.0,0.0,0.0,0.0,0.0009293466107919,0.0025042289244839003,0.0,0.0,0.0,0.0,0.0,0.0,0.0,0.0,0.0009289150355983359
4e38a1ce-4b30-42b4-b23f-72d8c737883e,ok,17695488.0,v1.14-1.15,0.0,0.0,0.0,True,0.0,0.0,0.3272319734096527,4.0,actuator_motors,none,15679089,8916899,4.9,,C,,0.0,4.0,True,10.007515259055117,220.7279173491873,1.999912683348945,129.524768,121.81443500000002,,True,0.0,0.0088653446175157,0.0032591803697869,0.0,0.0041556430747732,0.0,0.0155669402331113,0.0046477526659145,0.0071703142020851,0.0084742179140448,0.0,0.008826278171815536,0.003253880753260917,0.0,0.004147032237558381,0.0,0.01544701836219055,0.0046369852135729915,0.0071447297255649075,0.0084385133000644,0.0
46b6b6f8-8e2a-4b4c-abc7-dbcb94936e4e,ok,17825984.0,v1.16+,0.0,0.2786885245901639,0.0,True,0.5831157528285466,10.800000000000004,0.4666197061538696,4.0,actuator_motors,none,38861482,16380755,7.2,,B,,0.0,4.0,True,125.00287830525389,250.0,100.0069081447026,134.522,114.84900000000006,,True,0.0,0.0012974257115274,0.0003081745235249,0.0002841934168827,0.0217114947736263,0.0215877907350658,0.003907495108433,0.0465049296617507,1.589768409729004,0.2171242535114288,0.0,0.0012965847820726774,0.0003081270475101068,0.0002841530415830154,0.021479157186803058,0.021358074544050764,0.003899880678541302,0.045455973510835544,0.9515684546204511,0.1964909069953905,0.0
6d0c5beb-b758-4138-ab8f-17ec666285b8,ok,17695488.0,v1.14-1.15,0.0,0.0,0.0,True,0.0,0.0,0.0990423202514648,4.0,actuator_motors,none,3052601,2085254,3.7,,C,,0.0,4.0,True,10.010806145191856,20.01006371938424,1.9999235876189911,92.231965,87.86856299999998,,True,0.0,0.0026003048638813,0.0,0.0,0.0,0.0,0.0,0.0,0.0,0.0,0.0,0.002596929920510492,0.0,0.0,0.0,0.0,0.0,0.0,0.0,0.0,0.0
45582887-6f3d-4e95-8bdc-f0d0668309a9,ok,17695743.0,v1.14-1.15,0.942528735632184,0.0,0.0,True,0.0,0.0,0.1444448292255401,4.0,actuator_motors,none,15240252,9409907,12.0,,B,,0.0,4.0,True,10.007616225722703,218.6654822075469,2.000103836159925,130.031731,123.862273,,True,0.0,0.0007001068443059,0.0,0.0,0.0,0.0,0.0,0.0,6.774766370654106e-05,,0.0,0.000699861883834845,0.0,0.0,0.0,0.0,0.0,0.0,6.774536893721514e-05,,0.0
17e0c485-4311-4717-a6ad-8405fe32ce5c,ok,17761280.0,v1.14-1.15,0.0384307445956765,0.0,0.0,True,0.0040609137055837,0.3013270000000005,0.3245497092604637,4.0,actuator_motors,none,8255986,5100260,4.9,,C,,0.0,4.0,True,10.004619736761583,20.00467081443656,1.999960575034605,202.807497,196.9775449999999,,True,0.0,0.0049223621375858,0.0062942183576524,0.0033371295779943,0.0040823309682309,0.0049392906948923,0.0042098306119441,0.0066088443621992,0.0304485149681567,0.0057877524755895,0.0,0.004910286922587961,0.006274492494607781,0.003331573718069208,0.0040740208638841,0.004927132417682654,0.004200994066611913,0.006587101693665681,0.029994158885481466,0.005771067783188524,0.0
9af058ed-2535-408a-99d2-532ee884313a,ok,17761280.0,v1.14-1.15,0.0,0.0,0.0,True,0.0,0.0,0.5186039209365845,4.0,actuator_motors,none,3293547,2449310,4.9,,C,,0.0,4.0,True,10.013882350662168,20.01350390848896,1.999752088287875,69.697773,60.21349599999999,,True,0.0,0.0042003671871498,0.0075012118555605,0.0099573825951665,0.0563264958560465,0.0431211279705163,0.0338093111291527,0.0312759228050708,1.96430606245994,0.0,0.0,0.004191570269815082,0.007473217672280816,0.009908134512584828,0.054797319179125364,0.04221730347550101,0.033250340441846445,0.030796795616341126,1.086642962042151,0.0,0.0
21335375-9365-4b65-99c3-53fd2fb3bbb2,ok,17761535.0,v1.14-1.15,0.0,0.0,0.0,True,0.2001254705144291,14.398720000000004,0.9196639642119409,4.0,actuator_motors,none,6767369,4609170,10.3,,C,,0.0,4.0,True,10.005486718336002,20.00549131817519,2.000003351687574,163.660732,159.37997199999978,,True,0.0,0.0168477397412061,0.0,0.0,0.0,0.0,0.0,0.0,3.480533766746521,2.0675297260284444,0.0,0.01670739075593938,0.0,0.0,0.0,0.0,0.0,0.0,1.4997421836928306,1.1208725881927952,0.0
b542b8e7-2953-4c05-a5f6-12841b7bb488,ok,17695743.0,v1.14-1.15,0.0,0.0,0.0,True,0.502859971400286,7.392586000000001,0.5404825821518898,4.0,actuator_motors,none,8820443,4978597,10.8,,B,,0.0,4.0,True,9.97175093873717,200.3305028103924,1.985389315647836,68.969546,63.894994,,True,0.0,0.0011326142121106,0.0,0.0,0.0,0.0,0.0,0.0,0.9101206779479968,1.2798525810241697,0.0005685632000677,0.001131973288534314,0.0,0.0,0.0,0.0,0.0,0.0,0.6471664222343552,0.824110783430427,0.0005684016292507107
a36328cd-7c0c-46c1-ad51-a5f1e5fa36cf,ok,17629952.0,v1.12-1.13,0.0,0.0,0.0,True,0.0,0.0,0.1630521684885024,4.0,actuator_motors,none,82930651,46795496,24.5,,C,,0.0,4.0,True,9.959436526986575,172.0793992312571,1.991004470821912,889.351708,889.184132,,True,0.0,0.0,8.340457497979514e-06,0.0,0.0,0.0,0.0,0.0,0.0,0.0,0.0016040200716815,0.0,8.340422716557272e-06,0.0,0.0,0.0,0.0,0.0,0.0,0.0,0.00160273500548411
6df1f5e9-5628-4cf7-9b89-e151d7040aab,ok,17170944.0,v1.12-1.13,0.0,0.0,0.0,True,0.0,0.0,0.0745458841323852,4.0,actuator_motors,none,32636886,12914156,5.0,,C,,0.0,4.0,True,124.89665862900448,249.81041673847847,99.92937853107344,115.708,48.864,,True,0.0,0.0002657972800079,0.0001561408134875,0.0001117942738346,0.0274816021323204,0.0265046134591102,7.459701009793207e-05,0.0033056221436709,0.4321460723876953,0.917095184326172,0.0,0.0002657619621689886,0.00015612862477943506,0.00011178802532046329,0.027110761760619745,0.026159451825358723,7.45942278793369e-05,0.003300170585350186,0.3591740691935393,0.6508111155831571,0.0
e05f86fb-d594-404c-ae9d-2985d6124a01,ok,17891583.0,v1.16+,0.0,0.0,0.0,True,0.0,0.0,0.0585443250834941,4.0,actuator_motors,none,11186552,3036115,4.2,,C,,0.0,4.0,True,10.012398269889156,20.01165409311562,2.0000499350215564,75.836603,70.29637299999999,,True,0.0,0.1109861638396978,0.0,0.0,0.0,0.0,0.0,0.0,0.0004304029484046,0.0,0.0003026582387974,0.10524805679029291,0.0,0.0,0.0,0.0,0.0,0.0,0.00043031035162393455,0.0,0.0003026124470319145
f3e8f40a-5013-4d59-bb7e-924a49abf813,ok,17695999.0,v1.14-1.15,0.0,0.0501138952164009,0.0,True,0.0,0.0,0.079267331957817,4.0,actuator_motors,none,24043076,14745539,8.7,,B,,0.0,4.0,True,9.910494847435698,197.7226703235531,1.9775933028520287,223.19557,217.38027,,True,0.0,0.0021413724869489,0.0002305848560354,0.0,0.0013619154808111,0.0,0.0266643195413052,0.0333084175363183,0.0004753386281663,0.0,0.0,0.0021390830167081166,0.00023055827543346123,0.0,0.0013609889150967148,0.0,0.026315022153693777,0.03276571047066299,0.00047522569054824415,0.0,0.0
611b0f77-2208-484a-8bc7-977b2aa2f872,ok,17695743.0,v1.14-1.15,0.0,0.0,0.0,True,0.0,0.0,0.1224456518888472,4.0,actuator_motors,none,26548644,16632695,7.9,,B,,0.0,4.0,True,9.931533390653662,197.826935579296,1.983785211737108,247.17073,240.4057310000001,,True,0.0,0.0040279440581798,0.0018976543215103,0.0,0.029577980749309,0.0,1.1723055243492126,0.0064318780787289,0.0002432920737192,,0.0,0.004019853609485003,0.0018958560501871587,0.0,0.029148990852471572,0.0,0.7757890571651229,0.006411281818833152,0.00024326248300199338,,0.0
cd49a203-accb-473c-babd-e382dcc1aa64,ok,17891392.0,v1.16+,0.0,0.2600619195046439,0.0,True,0.0,0.0,0.0932431071996688,4.0,actuator_motors,none,45633062,18329029,9.8,,C,,0.0,4.0,True,124.99363673386276,249.9681828594701,100.00381815404978,156.66,152.568,,True,0.0,0.0002799075809889,0.000116115923447,6.177204340929165e-05,0.0003104568750131,0.0003107060620095,6.417284748749807e-05,0.0004112548704142,0.0003543876227922,0.0003041400923393,0.0,0.00027986841417050823,0.00011610918251497568,6.177013559518416e-05,0.00031040869324946047,0.0003106578028770265,6.417078849840774e-05,0.00041117032830808805,0.0003543248423305802,0.00030409385111705137,0.0
5071a159-9124-434f-ba2a-280ac279b691,ok,17891392.0,v1.16+,0.0,0.0,0.0355029585798816,True,0.0052083333333333,0.1994199999999999,0.1686866775155067,4.0,actuator_motors,none,4420329,3167391,4.7,,C,,0.0,4.0,True,10.009218371433706,20.0094884915338,2.0000762417122586,100.996814,96.020141,,True,0.0,0.0340045703575015,0.0040133771253749,0.0003625548662967,0.0365893375128506,0.006865597446449,0.0040633726282976,0.0113174641970545,0.0,0.2943758741021154,0.0,0.03343919615142198,0.004005345010830699,0.00036248915916231014,0.03593584070170852,0.006842136553120691,0.004055139425251525,0.011253900833592874,0.0,0.258028628475733,0.0
4f7b15b6-76ee-4ca4-b188-3a6717a7b9d0,ok,17825792.0,v1.16+,0.0,0.0,0.0,True,0.0,0.0,0.1107500374317169,4.0,actuator_motors,none,14217629,9433670,5.3,,B,,0.0,4.0,True,10.003342460756947,20.003049985076007,1.999941116161565,301.887993,296.27873199999993,,True,0.0,0.0134925744961947,0.0016406818060204,0.0011859157588332,0.0056356276618316,0.0068749166792258,0.0024535540258511,0.004919261788018,0.0234408435411751,0.0030838532256893,0.0,0.013402360288302223,0.0016393373579661895,0.001185213116201457,0.00561980692428615,0.006851392197243154,0.002450548976535749,0.004907201754551937,0.023170326247727708,0.0030791079037450564,0.0
715031d6-d126-4250-a36a-71d7b1d961f2,ok,17695488.0,v1.14-1.15,0.4107883817427386,0.0,0.0,True,1.0633320573348643e-05,0.0037869999999884,0.1578344047069548,4.0,actuator_motors,none,36521460,22873851,9.8,,C,,0.0,4.0,True,10.003086816267304,198.01972029875915,1.999987461156456,334.189026,329.1543439999997,,True,0.0,0.0012468276778236,0.0,0.0,0.0,0.0,0.0,0.0,0.0350478835403919,,0.0,0.0012460510336884116,0.0,0.0,0.0,0.0,0.0,0.0,0.03444768993740685,,0.0
73fac1f4-0e6d-4016-9973-96f5400c5c3d,ok,17629696.0,v1.12-1.13,,,0.0,True,0.0017361111111111,0.199629999999999,0.4519867599010468,4.0,actuator_motors,none,7030802,3960494,3.1,,C,,0.0,4.0,True,10.008382816921037,20.007458056475524,1.999976168351204,119.401986,115.26000299999998,,True,0.0,0.0013866680907085,0.0013373764697462,0.0,0.0083657592535018,0.0,0.0,0.0042561153881251,0.0774768598377704,2.703152632713318,0.0,0.0013857075543724632,0.0013364829783694613,0.0,0.008330960234996868,0.0,0.0,0.0042470837464308525,0.0746220669765456,1.3091845197461518,0.0
4e3d0891-dd6d-454d-80ea-69f3256a7974,ok,17695232.0,v1.14-1.15,0.0,0.0726256983240223,0.0,True,0.0,0.0,0.1112653374671936,4.0,actuator_motors,none,2929315,2026964,2.4,,B,,0.0,4.0,True,10.01236265225224,20.01138582202311,2.000014822195737,82.221489,77.24630100000002,,True,0.0,0.0030055421637371,0.0,0.0,0.0,0.0,0.0,0.0,0.0,,2.525124291423707e-05,0.003001034551508651,0.0,0.0,0.0,0.0,0.0,0.0,0.0,,2.5250924106969556e-05
4503dcb0-1fe4-4200-a0ea-e6e437b22884,ok,17761535.0,v1.14-1.15,0.0,0.1780104712041884,0.0,True,0.0,0.0,0.2337585568428039,4.0,actuator_motors,none,7744126,5342964,4.1,,A,,0.0,4.0,True,9.994186011568424,19.984167664507776,2.000055356029457,189.324674,185.476348,,True,0.0,0.0025760159362107,0.0003002181649208,0.0002825998381013,0.0021403804188594,0.0027659935643896,0.0011493119178339,0.0035551509819924,0.0,0.1279063776135441,6.35199619864579e-05,0.002572703694198288,0.0003001731084651445,0.0002825599142885175,0.0021380930679765465,0.002762175243537198,0.0011486519645047461,0.003548846370884386,0.0,0.12036315106174218,6.351794467909826e-05
3c1feb78-824b-44bc-b29b-7cce052f3434,ok,17694912.0,v1.14-1.15,0.0,0.0,0.0,True,4.021232105517131e-05,0.0110210000000003,0.3328452993184327,4.0,actuator_motors,none,23964064,15118849,7.3,,C,,0.0,4.0,True,9.996350190702742,122.27312124912268,1.9962575049854367,266.711995,265.4257259999999,,True,0.0,0.0058741035871207,0.0105184791609644,0.0,0.098052330315113,0.0,0.0174867659807205,0.0493485711514948,0.0610133752226829,0.0825283631682394,5.311036875355052e-05,0.005856918306549586,0.010463544840262948,0.0,0.09353800161933333,0.0,0.017335631842874653,0.04816956320933912,0.05922446579431353,0.07929938209235222,5.31089584478503e-05
ef0bf480-4c20-4c67-8144-1db7a79a9581,ok,17761280.0,v1.14-1.15,0.0,0.0,0.0,True,0.0,0.0,0.0999261617660522,4.0,actuator_motors,none,20276231,12143326,12.5,,C,,0.0,4.0,True,10.001770884327843,20.00161088298804,1.999999272727537,572.52045,562.5158449999996,,True,0.0,9.482226014370095e-05,0.0,0.0,0.0,0.0,0.0,0.0,0.0,51.85273189544677,0.000591270183213,9.481776479736194e-05,0.0,0.0,0.0,0.0,0.0,0.0,0.0,3.967509402474077,0.000591095451870451
7607d78b-1251-4821-aab8-c8848cde0884,ok,17760767.0,v1.14-1.15,0.0,0.0,0.0,True,0.0,0.0,0.1953693717718124,4.0,actuator_motors,none,6640677,4562085,4.0,,B,,0.0,4.0,True,10.006382578785823,20.0063821379754,1.9999973717983257,156.521635,150.01995600000006,,True,0.0,0.0028560884762555,0.0014988326001912,0.0014902553986757,0.0030731019098311,0.002502022543922,0.0009765841648913,0.0008109617047011,0.0059551071375608,0.0106780203059315,0.0,0.0028520176049005442,0.0014977104717247174,0.0014891460700842457,0.0030683895839936724,0.0024988976967236193,0.0009761076168100454,0.0008106330529285194,0.005937445570048952,0.010621412860854239,0.0
1a018fe7-ce8f-4ce7-a5b3-6b7a4dcd4a23,ok,17695743.0,v1.14-1.15,0.0,0.0,0.0,False,0.0001010917913465,0.0037269999999978,0.443683886528015,4.0,actuator_motors,none,53361368,17484754,17.1,,C,,0.0,4.0,True,9.990626006364884,199.0301580482234,1.999987893878589,113.551276,113.48513299999996,,True,0.0,0.0256145237013697,0.0018770511262118,0.0,0.0787448033690452,0.0,0.0068566890899091,0.0074644406326115,0.1656866177916526,0.1684881225228309,0.0,0.025291968259282514,0.0018752916671323056,0.0,0.07579814613302405,0.0,0.006833288901585502,0.007436719558372348,0.15331028490147608,0.155710710223532,0.0
1cc60a6c-1f4d-4ffb-a2bf-3cae1a94a5d2,ok,17761280.0,v1.14-1.15,0.0,0.0,0.0,True,0.0,0.0,0.1567872047424316,4.0,actuator_motors,none,2600971,1817832,2.2,,B,,0.0,4.0,True,10.013116365040949,20.01261353207425,2.000044384546616,72.98118,68.37326200000001,,True,0.0,0.0,4.458664989215321e-05,0.0002273273130413,0.0006933593016583,0.0015638429089449,0.000743992376374,0.0021632686723023,0.0,0.1075680069625377,0.0,0.0,4.458565593702355e-05,0.0002273014781029233,0.0006931190391501172,0.0015626213799767542,0.0007437157512421049,0.0021609321756679116,0.0,0.10216662688714101,0.0
c5712063-6a8a-4360-af0c-3d3b8c2b3348,ok,17761535.0,v1.14-1.15,0.0,0.0,0.0,True,0.0091996320147194,1.4010310000000177,0.3198237761855125,4.0,actuator_motors,none,8641060,5388271,4.0,,B,,0.0,4.0,True,10.00414236268838,20.00418949895389,1.9999590979019708,221.996798,217.4621370000001,,True,0.0,0.0028724385541863,0.0,0.0,0.0,0.0,0.0,0.0,0.0,0.0,0.0007713583501754,0.002868320985653042,0.0,0.0,0.0,0.0,0.0,0.0,0.0,0.0,0.0007710610062192116
96f6cb90-d0c3-405f-b4e7-1f1ea198142f,ok,17695743.0,v1.14-1.15,0.0,0.0210970464135021,0.0,True,0.0,0.0,0.395167201757431,4.0,actuator_motors,none,37560503,24022003,10.4,,C,,0.0,4.0,True,10.002863225803504,200.3977997466025,2.000026618851387,346.205439,341.780854,,True,0.0,0.0728356808423996,0.0097092205658554,0.0,0.0169166736304759,0.0,0.0120673719793558,0.0089164016768336,0.0551607243716716,0.0904121197760105,0.0,0.07030531197959758,0.009662388972037106,0.0,0.016775180209666635,0.0,0.01199514175151342,0.008876885289679063,0.05369310070064352,0.0865557163200826,0.0
d74a4cfe-671a-4796-9001-c26e902010fb,ok,17629695.0,v1.12-1.13,0.0056031641397495,0.0,0.0,True,0.0,0.0,0.3681192725896834,4.0,actuator_motors,none,202899415,115285852,41.8,,B,,0.0,4.0,True,10.00068349539452,285.62316574710854,2.0004024485795884,1532.009899,1301.8491749999998,,True,0.0,1.1088652627222473e-06,0.0040786651661619,0.0,0.0058907359605655,0.0,0.0002336390600248,0.0014904003590345,0.0200554282404482,0.0,0.0003683824572362,1.1088646479316162e-06,0.004070369959324097,0.0,0.005873453413554357,0.0,0.0002336117706701054,0.0014892908147260708,0.01985696723194278,0.0,0.0003683146210780561
7410b678-7a41-4dab-8ede-16afb68383da,ok,17761280.0,v1.14-1.15,0.0738396624472573,0.0569620253164556,0.0,True,0.0050845751107531,0.4476279999999999,0.2400000090587273,4.0,actuator_motors,none,26104647,14783813,10.1,,B,,0.0,4.0,True,10.004170286791323,187.75023214657125,2.000049286320924,235.517161,139.045721,,True,0.0,0.001643007970415,0.0022374660475179,0.0020950558828189,0.018603422679007,0.0098991910926997,0.0066670577507466,0.0024495341349393,12.522809982299805,0.6499099731445312,0.0,0.0016416597094199275,0.002234966647881235,0.0020928643136822285,0.01843249564238703,0.009850515072431556,0.006644931212712254,0.0024465389164629765,2.6043778879468005,0.5007207246933567,0.0
5f55e4d7-55fb-4ad0-94f9-86fd676d6f4a,ok,17825792.0,v1.16+,0.0,0.0,0.0,True,0.0,0.0,0.2560985058546066,4.0,actuator_motors,none,31826728,13643650,11.2,,A,,0.0,4.0,True,9.999454972005212,161.03076706477415,2.00006546947974,199.003628,194.12209200000007,,True,0.0,0.0010834110667929,0.0,0.0,0.0,0.0,0.0,0.0,5.770559619122648e-05,0.0,0.0,0.0010828246005741818,0.0,0.0,0.0,0.0,0.0,0.0,5.770393128735979e-05,0.0,0.0
4cc3ca74-6dac-4abe-8570-9b43c334902e,ok,17761280.0,v1.14-1.15,0.0,0.0,0.0,True,0.0,0.0,0.1664863228797912,4.0,actuator_motors,none,2829713,2048275,1.3,,B,,0.0,4.0,True,10.01425462527476,20.014268827936643,1.999948807065788,69.478683,68.089802,,True,0.0,0.0226939164102077,0.0,0.0,0.0,0.0,0.0,0.0,19.59732275009156,27.82209663391113,0.0156934905797243,0.022440240254601087,0.0,0.0,0.0,0.0,0.0,0.0,3.0251611037617483,3.3611423371935323,0.015571621140698958
0fc5ec68-b499-44d3-88ce-b66928cf8be0,ok,17630207.0,v1.12-1.13,0.0,0.0,0.0,True,0.0,0.0,0.2971807271242142,4.0,actuator_motors,none,22614573,12730224,8.2,,A,,0.0,4.0,True,9.87095174966922,195.6430235958798,1.969202889078672,162.315892,155.2744319999999,,True,0.0,0.0043636554619297,0.0026902015903033,0.0,0.005626784148626,0.0,0.0,0.0013123964308761,0.0002336124540306,0.0145955765154212,0.0020984364673495,0.004354162323937676,0.002686589474767476,0.0,0.0056110129318625605,0.0,0.0,0.0013115359914230471,0.00023358517089029908,0.014490086309902936,0.0020962378248162647
08f0d61f-e0a1-4207-8233-0a03dc2a73a7,ok,17826240.0,v1.16+,0.0,0.0,0.0,True,0.0,0.0,0.1190112680196762,4.0,actuator_motors,none,12749036,7756893,7.6,,C,,0.0,4.0,True,10.008369794246972,198.34911377346768,1.99992217846681,114.296609,109.21159100000004,,True,0.0,0.0189010225236415,292845309132.8,7534871366860.8,0.0069909535348415,0.0120610523968935,149.91080322265623,0.0141063956543803,0.0036501857452094,0.0019198120106011,0.0,0.0187246175540241,26.40291035137133,29.650562876442816,0.00696663011597483,0.011988897501014081,5.0166889551440015,0.014007826345420703,0.003643539984486441,0.0019179715267352913,0.0
8ecf4cc0-7a62-4525-b013-011b5e4fcfbb,ok,17761535.0,v1.14-1.15,0.0,0.0,0.0,True,0.0,0.0,0.2541144043207168,4.0,actuator_motors,none,18237755,11971045,7.4,,B,,0.0,4.0,True,9.967179220442324,19.927764761661344,1.9933962540326164,455.276563,450.78967200000005,,True,0.0,0.002993396052625,0.000972337287385,0.0006420126155717,0.0039416695013642,0.0040483000921085,0.0018711682874709,0.0025061124004423,0.2216296605765819,0.0374566365033387,0.0005606265418464,0.0029889247633319454,0.0009718648736902803,0.0006418066136382679,0.003933921475566154,0.004040127773863668,0.0018694198328530085,0.0025029773375480385,0.20018575473278558,0.03677217610787297,0.0005604694494973734
fa78e324-5891-4db6-95e7-913dda4a4fe3,ok,17761535.0,v1.14-1.15,0.0845070422535211,0.0,0.0,True,0.0,0.0,0.178942459821701,4.0,actuator_motors,none,88025561,24651986,29.5,,B,,0.0,4.0,True,9.10322112558869,168.2659411317064,1.7611838426445428,113.534774,104.04440799999996,,True,0.0,0.0023257196182385,0.0004311211727326,0.000183168073272,0.0056304322555661,0.0080508939921855,0.0127235742751508,0.0210440984927117,0.3064955621957776,0.0503624996170401,0.0,0.002323019318317074,0.0004310282667013565,0.00018315130004864833,0.005614640619967641,0.00801865844620871,0.01264330972162667,0.02082572972160756,0.2673484092607656,0.04913534231911374,0.0
ebba33eb-7512-4297-9b36-c810346b6494,ok,17956992.0,v1.16+,0.0,0.0139982502187226,0.0,True,0.0,0.0,0.0010466694831848,4.0,actuator_motors,none,269818979,120507710,54.1,,B,,0.0,4.0,True,124.99956540634508,249.9991308126901,100.00086918730986,1150.008,1145.7240000000004,,True,0.0,0.0005652345134876,0.0001008078688755,5.643185431836173e-05,0.0003233934694435,0.0003250230322009,5.724468064727262e-05,0.0002073840878438,0.0003264086553826,0.0002763146767392,0.0,0.0005650748286300762,0.00010080278810373803,5.643026210117172e-05,0.0003233411890465829,0.00032497022365752154,5.724304223306811e-05,0.00020736258673646158,0.000326355395666752,0.0002762765088696424,0.0
891a6505-c042-4bb2-8732-dce802caad85,ok,17694720.0,v1.14-1.15,0.0,0.1713395638629283,0.0,True,0.0,0.0,0.1172917723655699,4.0,actuator_motors,none,6004836,4038143,3.9,,C,,0.0,4.0,True,10.005842892465152,20.00584633335948,1.9999834138183337,153.888578,149.31494200000003,,True,0.0,0.0067334481282159,0.0109139014501124,0.0,0.1223186068236827,0.0,0.0096590148750692,0.0107478079386055,0.2653214886784553,0.8204218298196793,0.0,0.006710879718535619,0.010854774641451846,0.0,0.11539673009152225,0.0,0.00961266481582289,0.010690460789031088,0.2353262311388578,0.5990682488593122,0.0
e4ae1376-d436-494e-a3b4-1d66f415af4c,ok,17694975.0,v1.14-1.15,0.0,0.0,0.0,True,0.0,0.0,0.0958883717656135,4.0,actuator_motors,none,3392401,2357807,3.1,,C,,0.0,4.0,True,10.009814488398224,20.010492710662483,1.9998711749651457,96.054692,91.29615,,True,0.0,0.5126355767250059,0.0,0.0,0.0,0.0,0.0,0.0,0.0011591636342927,0.0,0.0,0.4138535444097946,0.0,0.0,0.0,0.0,0.0,0.0,0.0011584923228502933,0.0,0.0
85197c88-8bbc-4cdd-bd52-d84d60ef3a00,ok,17826047.0,v1.16+,0.0,0.0,0.0,True,0.0,0.0,0.1426577419042587,4.0,actuator_motors,none,56167911,36919305,35.1,,A,,0.0,4.0,True,10.000740508517426,20.00074055263257,1.999999222039776,1216.347426,1210.0802740000004,,True,0.0,0.0249772179871797,0.0101767424494028,0.0022933922708034,0.0172725237905979,0.0110472191125154,0.0035363151691854,0.0075322221964597,0.0266526799649,0.0152042852714657,0.0,0.024670385989391412,0.01012530806792351,0.002290766460658306,0.017125049498327757,0.010986644301298814,0.003530077108869962,0.007503996656269474,0.026303684813762215,0.015089858519716802,0.0
38737092-fad7-4f3c-8b0f-6f1a9e64cc56,ok,17170944.0,v1.12-1.13,0.0,0.0,0.0,False,0.0006071645415907,0.0999999999999943,0.3511838823556895,4.0,actuator_motors,none,121427399,37196233,42.9,,C,,0.0,4.0,True,99.95713301769106,999.6578131852772,99.95713301769106,207.648,164.281,,True,0.0,0.0002553679383709,0.0003929713566321,0.0003599599862354,0.0462910978123545,0.0503964014351367,5.992009755573236e-05,0.0021862389985471,1.4431174993515017,3.2533297538757324,0.0,0.00025533533752894786,0.0003928941636109687,0.00035989521618217356,0.04525162311324958,0.04916761810105384,5.9918302418396326e-05,0.0021838526555122656,0.893274887456098,1.4477021476829133,0.0
4c453b12-9362-41f6-b075-dcc4e7337ee9,ok,17761280.0,v1.14-1.15,0.0115448048378229,0.0093457943925233,0.0,True,0.0,0.0,0.257561036944389,4.0,actuator_motors,none,97075704,43832792,33.4,,B,,0.0,4.0,True,10.001019534695311,172.51763573460696,1.9999902115547563,913.362791,51.11315500000001,,True,0.0,0.0007265839376486,0.0008484563441015,0.0007682671857764,0.0038506208220496,0.0032656744588166,0.0020677816937677,0.0018467938352841,12.56715660095215,0.3066699981689438,0.0,0.0007263201033301591,0.000848096608483175,0.0007679722196075804,0.003843226158310657,0.0032603537246911935,0.0020656467757242214,0.0018450906082328133,2.6076519162206737,0.26748191475010086,0.0
e1a04338-574c-4c12-b115-cadd9467dd6e,ok,17891392.0,v1.16+,0.0,0.7624309392265194,0.0385604113110539,True,0.1973875181422351,2.2015550000000026,0.2007390439510346,4.0,actuator_motors,none,3902754,2698097,3.8,,C,,0.0,4.0,True,10.012773715319144,20.0129430804268,2.000120682606381,77.451084,68.936115,,True,0.0,1.3599663257598846,0.1369808837771411,0.0164697721600532,0.0861254058778285,0.2874956607818589,0.1118530683219432,0.1573483884334562,0.0678299576044082,154.8522750854491,0.0,0.8586473501899076,0.12837640176614754,0.01633561646757168,0.08261668987064093,0.25269898328355744,0.10602805429407472,0.1461315164844313,0.0656285121356243,5.048908604024341,0.0
7d5b533e-7a2d-4995-9e9a-49582c4cadc2,ok,17694720.0,v1.14-1.15,0.1104972375690607,0.0,0.0,True,0.0,0.0,0.2026879370212554,4.0,actuator_motors,none,8540867,5580901,3.9,,B,,0.0,4.0,True,10.005371602384786,20.005183771877768,2.0000633503211747,178.458753,174.7100729999999,,True,0.0,0.2037648320198058,0.0017957228468731,0.0,0.0163646984845399,0.0,0.0027827324345707,0.0249563176184892,0.051620852202177,0.0662581488490104,0.0,0.18545400556606959,0.0017941124641808206,0.0,0.01623223994860351,0.0,0.0027788678025007316,0.02464999472467165,0.05033264270150876,0.06415546232585888,0.0
8c2ca824-8eca-4755-a48d-5616c9db512c,ok,17760384.0,v1.14-1.15,0.0,0.0,0.0,True,0.0,0.0,0.1658497527241706,4.0,actuator_motors,none,5368210,3631830,3.9,,B,,0.0,4.0,True,10.00615763061799,20.00570049081555,1.999963089288808,158.410174,153.83940500000008,,True,0.0,26.92939720153808,0.0010998916346579,0.0018115457147359,0.0064130438491702,0.0069872175343334,0.00206941338256,0.0028711759485304,0.2889928221702575,0.0678138360381126,0.0,3.3296797972515018,0.0010992871970239033,0.001809906844757697,0.006392567779461246,0.006962920045466845,0.0020672750961768425,0.002867061995573981,0.25386115541575666,0.06561341451836818,0.0
2d9dc3d2-60f9-4272-ae6b-a73e545b6af3,ok,17826047.0,v1.16+,0.0068493150684931,0.0,0.0494186046511627,True,0.0016234616391725,0.0276050000000003,0.1867596864700317,4.0,actuator_motors,none,7862554,4722373,4.1,,A,,0.0,4.0,True,10.013918469541116,199.06502445793848,2.00020863940999,68.084987,66.837623,,True,0.0,0.1175573796033856,0.0135305661708116,0.0041473218239843,0.0065552140586078,0.0033627610653638,0.1484515219926833,0.0253641512244939,0.0,0.0163409292697906,0.0,0.1111453925886454,0.01343984547913122,0.004138745389473817,0.00653382207804791,0.0033571196280385122,0.13841453241086432,0.025047818984421284,0.0,0.016208853173434647,0.0
eae909cc-c23f-4fc9-bd31-e4f146028b1c,ok,17630207.0,v1.12-1.13,0.0,0.0,0.030188679245283,True,0.0134788189987163,2.897467000000006,0.35313531011343,4.0,actuator_motors,none,14203633,8932355,5.8,,C,,0.0,4.0,True,10.0032004573928,20.002942916840155,2.0000399250872114,317.220099,311.5971770000001,,True,0.0,0.0021575807593762,0.00292564262636,0.0,0.1256184697151177,0.0,0.0,0.0052115875761955,0.0011842483654618,0.0387624949216841,0.0,0.002155256524558731,0.002921371262932063,0.0,0.11833263545662316,0.0,0.0,0.0051980542533638825,0.001183547696489084,0.038030095920647454,0.0
277c496d-4f2a-4e68-a3c7-982ab4482427,ok,17761535.0,v1.14-1.15,0.0,0.0,0.0,True,5.427506603466368e-05,0.0104950000000201,0.4124238863587379,4.0,actuator_motors,none,24153667,14714456,10.1,,C,,0.0,4.0,True,9.959801990791052,221.0382459191512,1.9900156277573129,200.957917,194.973958,,True,0.0,0.003939024079591,0.0018116257502697,0.0047105698380619,0.0258532473817467,0.0488917529582976,0.0064126253360882,0.0043694825842976,0.0331708097830414,0.0047439267393201,0.0,0.003931286436759656,0.0018099867355624547,0.004699509823011078,0.02552470277728911,0.04773413339211006,0.0063921519331329646,0.004359964112395832,0.03263252959793889,0.004732709779833269,0.0
686c182a-eec6-4554-b0b3-5d403e049a20,ok,17695488.0,v1.14-1.15,0.0277777777777777,0.0,0.0027472527472527,False,0.0,0.0,0.162231010715186,4.0,actuator_motors,none,37683200,10490344,10.3,,C,,0.0,4.0,True,8.59052597930278,164.31878332028,1.7125634468829165,84.687703,83.84205999999998,,True,0.0,0.0125888799782842,0.0,0.0,0.0,0.0,0.0,0.0,0.0,0.0,0.0,0.01251029884048356,0.0,0.0,0.0,0.0,0.0,0.0,0.0,0.0,0.0
a460b418-d3b0-41ed-93eb-c926316ca4ca,ok,17694975.0,v1.14-1.15,0.0,0.1129326047358834,0.0,True,0.0,0.0,0.1322114825248716,4.0,actuator_motors,none,11031478,6966380,4.7,,A,,0.0,4.0,True,10.003761560120909,20.003593651064875,1.9999594971706207,274.115981,270.4807300000001,,True,0.0,0.0046947446651756,3.003025776706636e-05,0.0,0.0009949949104338,0.0,0.0002469795930664,0.0007614377420395,0.0004381254315376,,0.0,0.004683758722153121,3.002980686790264e-05,0.0,0.0009945002311063209,0.0,0.0002469490986276038,0.0007611479953953567,0.00043802948261480586,,0.0
f95d23c6-9ba5-46c9-a7be-38e84a7e708a,ok,17826047.0,v1.16+,0.0046054651519803,0.0,0.0,True,0.0007320197645336,0.2974990000000161,0.2624239802360534,4.0,actuator_motors,none,77736131,47746367,17.0,,A,,0.0,4.0,True,9.988449841378142,19.97508099832744,1.997568373271496,1645.002463,1641.270265000005,,True,0.0,0.0034508934477344,0.0005243426305241,0.0006253203435335,0.0020493316464126,0.0017163050477392,0.0006333533267024,0.001006516884081,0.0193911720067262,0.006894163833931,0.0,0.0034449527780961264,0.0005242052109615323,0.0006251249122346821,0.0020472346308123193,0.0017148338793060874,0.0006331528431310024,0.0010060106855984351,0.019205558896828435,0.006870507750155388,0.0
8db0ea75-8b73-428e-ae0c-857ccdb66c0c,ok,17761280.0,v1.14-1.15,0.0,0.0,0.0,True,0.0,0.0,0.412721686810255,4.0,actuator_motors,none,8319520,5787965,5.1,,B,,0.0,4.0,True,10.00490936459463,20.00483112925549,2.000023431909913,186.531448,183.979029,,True,0.0,0.0226547213271259,0.0095376743935048,0.0089647815562784,0.0179651485756039,0.0310684642754494,0.1863948568701739,0.0098785874899476,0.2405717492103573,0.0515819240361452,23.70006561279297,0.022401914188948085,0.009492477929270084,0.008924836457325669,0.017805682351334638,0.030595608528849065,0.17091917675984722,0.009830113221325664,0.21557236142137362,0.05029562471496361,3.2068059000187827
7a1b3a5d-c531-49be-8300-23e78d6ef991,ok,17694720.0,v1.14-1.15,0.0259541984732824,0.0381679389312977,0.0180012414649286,False,0.0220025510204081,3.4034090000000106,0.2784448340535164,4.0,actuator_motors,none,11120757,7273534,4.7,,C,,0.0,4.0,True,10.000196680886894,20.00004813676182,1.999961481301735,322.160045,313.25880600000016,,True,0.0,0.0047058769268915,0.0032902861014008,0.0,0.0123202711343765,0.0,0.001421668176772,0.0040242374874651,0.0024162036948837,0.2787984684109688,0.0,0.004694838903572786,0.00328488495438943,0.0,0.012244994251054804,0.0,0.0014206585633464832,0.004016161901920063,0.0024132893681967174,0.24592094052607952,0.0
a60a47b9-15f1-4dbc-8b48-3da45c7ca97e,ok,17826047.0,v1.16+,0.0,0.1208791208791208,0.0,True,0.0276595744680851,1.0,0.1835518300533282,4.0,actuator_motors,none,39119959,14646988,12.0,,B,,0.0,4.0,True,125.0,250.0,100.00756429652044,131.952,47.07199999999999,,True,0.0,0.0002607032365631,9.4397873908747e-05,6.793760985601693e-05,0.000448093865998,0.0004674610390793,7.678586553083733e-05,0.0003589098923839,0.0401820614933967,0.0276122577488422,0.0,0.0002606692593795023,9.439341870981975e-05,6.793530220111757e-05,0.00044799350192219266,0.00046735181320567263,7.678291764716757e-05,0.00035884549963547665,0.03939575696048619,0.027237914704092016,0.0
0ea3681a-92df-4805-aa7e-0b71a75ba85d,ok,17639168.0,v1.12-1.13,0.0,0.0,0.0122354497354497,True,0.0023492560689115,0.5446850000000723,0.1597136363387106,4.0,actuator_motors,none,66279682,37603377,14.5,,A,,0.0,4.0,True,9.999898313968188,200.0177904589387,2.000011413972424,604.839144,569.6021439999995,,True,0.0,0.0054865890182554,0.0089227465912699,0.0,0.0007412033621221,0.0,0.0091026049107312,0.0027878665830939,0.0036408297717571,0.0202963658608496,0.0,0.005471592516814621,0.00888317411051175,0.0,0.0007409288065693787,0.0,0.009061425904825102,0.002783987690602129,0.0036342179944211803,0.02009313985885728,0.0
ca4a7dd7-b71a-470d-9db6-537f3c12a3d0,ok,17826047.0,v1.16+,0.0,0.0,0.0,True,0.0,0.0,0.3257557272911072,4.0,actuator_motors,none,5811695,4153156,4.5,,A,,0.0,4.0,True,10.007203076262456,20.00674640143525,2.000026227616667,132.402894,126.19534799999998,,True,0.0,0.006101135816425,0.0,0.0,0.0,0.0,0.0,0.0,0.0049942212179303,0.0042916793376207,0.0063875050283968,0.006082599245183009,0.0,0.0,0.0,0.0,0.0,0.0,0.004981791462597427,0.0042824963461137715,0.006367191374641591
f390c6e1-8028-41e8-957a-cd91105d55ac,ok,17760256.0,v1.14-1.15,0.0,0.0,0.0,True,9.298472514560562e-05,0.0374610000000075,0.107551524043083,4.0,actuator_motors,none,45471359,28202636,14.8,,B,,0.0,4.0,True,10.002318612925649,221.149739051046,1.9999926124674792,418.500834,414.0455020000008,,True,0.0,0.0049001676961779,0.0009427191223949,0.0007438788656145,0.0102382263168692,0.0101156774908304,0.0091153442859649,0.0058962756767868,0.0753284826874732,0.0032478836830705,0.0,0.004888200951235417,0.0009422750417966355,0.0007436023248645276,0.010186170681234006,0.010064856463998963,0.009074050284901535,0.005878960672711782,0.07262618019473349,0.003242620701483475,0.0
73f350f7-8413-44b7-8f0e-837e0a780b21,ok,17826304.0,v1.16+,0.0400878638110928,0.0,0.0,True,0.0099085783106147,0.699997999999999,0.4720398783683777,4.0,actuator_motors,none,86806496,56519222,18.5,,C,,0.0,4.0,True,10.000545354343988,20.00054519762212,1.999999772987748,1832.56447,1826.6898060000008,,True,0.0,0.0068302197614684,0.0015089129447005,0.0013056741736363,0.0108465913217514,0.0115096713416278,0.0190328024327754,0.023340418934822,0.0248047127388417,0.0062576391501352,7.473355650901794,0.006806999483577296,0.001507775679442267,0.0013048225223512373,0.010788188981452538,0.011443938965645686,0.018853944529908993,0.023072196947567708,0.02450207028111101,0.006238141423816965,2.1369266109491076
b45160d9-2a57-4ea0-899c-2bf6f17f7fcc,ok,17825984.0,v1.16+,0.0,0.0,0.0,True,0.0,0.0,0.0044581353664398,4.0,actuator_motors,none,21107067,8552667,8.2,,C,,0.0,4.0,True,124.2700628441132,247.48345475779988,100.0194671561266,71.452,69.37999999999997,,True,0.0,0.0003964305215049,7.943096716189757e-05,6.517932015412952e-05,0.0003371470374986,0.0003176447193254,0.0001199541584355,0.0008730608591576,0.0004788291698787,0.0003706967981997,0.0,0.0003963519636868351,7.942781268966618e-05,6.517719607453853e-05,0.00033709021620721425,0.00031759428092225457,0.0001199469645107254,0.000872679963206479,0.0004787145677734978,0.0003706281071167877,0.0
bdcb789b-0e16-4a4d-812f-ca32f363bbc8,ok,17891392.0,v1.16+,0.0,0.197452229299363,0.0,True,0.0,0.0,0.0491936266422269,4.0,actuator_motors,none,18177401,9099535,4.9,,C,,0.0,4.0,True,124.94800332778702,249.8050023399719,100.0130005200208,76.432,72.136,,True,0.0,0.0004994877963326,0.0001430446136509,8.646334063087098e-05,0.0006661052932031,0.002816292643547,5.9361068088037314e-05,0.0003296924696769,0.0304167196154594,0.0599127598106861,0.0,0.0004993630938264494,0.00014303438374569635,8.64596028916845e-05,0.0006658835435392358,0.002812334321540474,5.935930628955619e-05,0.00032963813305720733,0.029963302571185645,0.05818660267158448,0.0
aade289c-3aef-4d0f-a03c-92db527221e1,ok,17694720.0,v1.14-1.15,0.0,0.0729483282674772,0.0,True,0.0,0.0,0.1939240708947181,4.0,actuator_motors,none,5609602,3667178,4.3,,B,,0.0,4.0,True,10.00037608891011,20.00014280475797,1.999947288889267,160.136545,151.17090099999993,,True,0.0,0.0012947254581376,0.0077524068765342,0.0,0.0103974491357803,0.0,0.0004571390163619,0.0014063760172575,0.0137605527415871,,0.0,0.0012938880238853206,0.007722511378978305,0.0,0.010343767442664024,0.0,0.00045703456015455267,0.0014053879967502868,0.01366673600276308,,0.0
4d82e666-d865-4056-a184-3b39dc3b605d,ok,17694975.0,v1.14-1.15,0.0,0.0,0.0,True,0.0319148936170212,0.8014320000000019,0.4007642686367034,4.0,actuator_motors,none,6180265,3870255,4.4,,C,,0.0,4.0,True,10.00190500831332,20.00332899887128,1.9999360020479344,163.297065,159.713188,,True,0.0,0.0006905874703079,0.0,0.0,0.0,0.0,0.0,0.0,7.163022928580176e-05,,0.0,0.00069034912450693,0.0,0.0,0.0,0.0,0.0,0.0,7.162766396343035e-05,,0.0
2b7ba021-f184-48ee-a83b-0f19d05bc14d,ok,17891583.0,v1.16+,0.0,0.0,0.0477453580901856,True,0.1002673796791443,3.244960000000006,0.8765619844198227,4.0,actuator_motors,none,8329732,5353676,4.4,,B,,0.0,4.0,True,10.01322424688936,198.18834525259103,1.999839851750932,74.700743,70.68382200000002,,True,0.0,0.0057526849675923,0.0023597175022587,0.0005076820438262,0.0050825514830648,0.0056919674854725,0.0538952382281421,0.1044924218207587,0.0427661351859569,0.0409593233838676,0.0,0.005736201461489988,0.002356937741022128,0.000507553216897623,0.005069678916838954,0.005675829447709551,0.052493050708759446,0.09938588266912665,0.04187692766108663,0.040142714310196365,0.0
feda1984-155a-47ea-9aa5-d8858b12b17a,ok,17760384.0,v1.14-1.15,0.0,0.0,0.0,True,0.0,0.0,0.0987312316894531,4.0,actuator_motors,none,27932394,18610849,7.8,,C,,0.0,4.0,True,10.003056095473976,20.00330809716189,1.9999832593993845,324.153734,315.8483079999999,,True,0.0,0.0014391659991815,8.055210637394344e-05,8.819283684715648e-05,0.0004134673567023,0.0007554818294011,0.0030386638827621,0.0008832640131004,0.0206631679087877,0.0040873016230762,0.0,0.0014381313923232844,8.054886222723686e-05,8.818894808755973e-05,0.00041338190262893925,0.0007551965966535537,0.0030340564748822002,0.0008828741649842997,0.020452580647190584,0.004078971297119061,0.0
0bba0f63-5f36-44ed-9b9a-f470ffec3da8,ok,17826047.0,v1.16+,0.0,0.0,0.0,True,0.0,0.0,0.2321804046630859,4.0,actuator_motors,none,7737744,4912294,1.8,,C,,0.0,4.0,True,10.000557761371198,199.56696090611985,2.0001174283819108,60.50549,53.031137000000015,,True,0.0,0.0015168526093475,0.0005733508325647,0.000553409778513,0.0027254994725808,0.0012361905712168,0.000183014068898,0.001098147855373,0.2474350750446319,0.072656162828207,0.0005814672753331,0.0015157033504523754,0.0005731865297751931,0.0005532567037942835,0.0027217920337804895,0.0012354271167713021,0.00018299732386631247,0.001097545332082966,0.2210895032367987,0.07013796758708346,0.0005812982887405675
f0d49fce-0af1-488a-bc1e-d558356cb76d,ok,17695743.0,v1.14-1.15,0.6354166666666666,0.0,0.0,True,0.0209251101321585,0.2003249999999994,0.9034366321690048,4.0,actuator_motors,none,4161446,3110750,3.8,,B,,0.0,4.0,True,10.010041465920418,20.01073524436168,2.0000288171691354,95.841959,90.828433,,True,0.0,0.0070152119034901,0.0047544871922582,0.0,0.0143970351666212,0.0,0.025318771507591,0.006282265856862,0.0142970972694456,0.0257859915494918,0.0,0.006990719782695878,0.004743220316059606,0.0,0.014294381950714474,0.0,0.02500356083372693,0.00626261468436376,0.014195857588999642,0.025459139757238833,0.0
fc96d4f6-e675-4634-86d1-79135d504027,ok,17694720.0,v1.14-1.15,0.0,0.3333333333333333,0.0,True,0.0,0.0,0.1541318595409393,4.0,actuator_motors,none,15327802,4094381,5.2,,B,,0.0,4.0,True,10.011946770840051,20.011608452746167,101.00439576631224,80.985539,76.29728500000019,,True,0.0,0.0003480409330222,0.0,0.0,0.0,0.0,0.0,0.0,0.0011415041517466,0.0,0.0,0.00034798038082602497,0.0,0.0,0.0,0.0,0.0,0.0,0.001140853131263663,0.0,0.0
5ffcf209-d767-4b19-b0dd-2d900b1777a1,ok,17695743.0,v1.14-1.15,0.0,0.171945701357466,0.0,False,0.0236111111111111,0.1039999999999992,0.087258594110608,4.0,actuator_motors,none,16861047,7089141,6.0,,B,,0.0,4.0,True,125.0,231.5846862127453,125.0,82.356,71.91199999999996,,True,0.0,0.0001716384431347,0.010162160731852,0.0,0.0037915327120572,0.0,0.0149684716016054,0.0071533555164933,0.0227712150663137,0.0,0.0,0.0001716237149423777,0.010110873145616078,0.0,0.0037843629690660525,0.0,0.014857549549829895,0.007127891631620879,0.022515820771671056,0.0,0.0
f377f6bd-e652-486f-8b97-3eecf987070c,ok,17695488.0,v1.14-1.15,0.0,0.0379746835443038,0.0,True,0.0008756567425569,0.1014180000000095,0.1445705026388168,4.0,actuator_motors,none,4681374,3011423,4.7,,B,,0.0,4.0,True,10.00851155687321,20.008573601754097,1.9999781619405808,117.739232,114.19799899999998,,True,0.0,0.0003217400735593,0.0,0.0,0.0,0.0,0.0,0.0,0.0002182655298383,0.0,0.0,0.0003216883263209756,0.0,0.0,0.0,0.0,0.0,0.0,0.00021824171338302001,0.0,0.0
df75252c-e137-4609-b692-d20701d62e9e,ok,16842880.0,v1.12-1.13,0.0,0.0,0.0,True,0.0,0.0,0.2481416106224059,4.0,actuator_motors,none,11177515,6718320,5.2,,C,,0.0,4.0,True,10.008625867766742,201.2432464635072,2.0001194686744173,104.210365,99.08406499999997,,True,0.0,0.0097796881571412,0.0,0.0,0.0,0.0,0.0,0.0,6.095925782574341e-05,,0.000347048434196,0.009732176521758246,0.0,0.0,0.0,0.0,0.0,0.0,6.0957399885691454e-05,,0.00034698822681767587
6263d9ec-af59-48da-aebe-dee75c8d30f0,ok,17761535.0,v1.14-1.15,0.0,0.0,0.0,True,0.0,0.0,0.1772197559475899,4.0,actuator_motors,none,8119385,4527881,4.7,,B,,0.0,4.0,True,10.007916607136815,20.007701322340683,2.000071738110276,121.402705,119.166397,,True,0.0,0.0019332605996169,0.0,0.0,0.0,0.0,0.0,0.0,0.0007587403641082,16.765399932861325,0.001817744388245,0.001931394256375328,0.0,0.0,0.0,0.0,0.0,0.0,0.0007584526661543058,2.8772527416238303,0.0018160942902494736
5c703fed-e6cd-41d2-9f3e-cdd5a5c8cf3c,ok,17629952.0,v1.12-1.13,0.0,0.0,0.0,True,0.0,0.0,0.2429177328944206,4.0,actuator_motors,none,6436668,4167777,4.8,,B,,0.0,4.0,True,9.946173243555329,19.910000831591468,1.98801465485362,167.487777,162.93848000000006,,True,0.0,0.0114267850294709,0.1065178617835042,0.0,0.4538170039653777,0.0,163.27774963378897,21.32195816040038,0.0146075349301099,0.0,0.0,0.011361992434955372,0.10121802297560803,0.0,0.3741925142205079,0.0,5.1015585906367855,3.1055708648656872,0.014501872626039936,0.0,0.0
c3e56705-eb74-45d4-b691-18a590465ae5,ok,17760511.0,v1.14-1.15,0.0,0.0,0.0,True,0.0,0.0,0.2097457632422447,4.0,actuator_motors,none,2890477,2012532,3.2,,C,,0.0,4.0,True,10.014164143114089,20.01277884939116,1.9999406394430488,69.162804,63.01729199999999,,True,0.0,0.0013857570942491,0.0,0.0,0.0,0.0,0.0,0.0,0.0,0.0,0.0,0.0013847978189996928,0.0,0.0,0.0,0.0,0.0,0.0,0.0,0.0,0.0
7384174d-b8a3-446a-a9f9-dd9675344230,ok,17826047.0,v1.16+,0.0,0.0,0.0,True,0.0001585942208265,0.0064819999999912,0.1764099121093749,4.0,actuator_motors,none,12880264,7208749,10.4,,C,,0.0,4.0,True,9.62039255876813,172.106039394664,1.9235996715542536,118.708043,115.45560699999992,,True,0.0,0.0008254067564848,0.0,0.0,0.0,0.0,0.0,0.0,0.000398886106268,0.0,0.000283730844967,0.0008250662956608702,0.0,0.0,0.0,0.0,0.0,0.0,0.0003988065723543923,0.0,0.00028369060098293363
b9ff0ece-82b6-4b1c-a43a-a71e0e98963d,ok,17891583.0,v1.16+,0.0,0.0,0.0,True,0.0,0.0,0.298640608787536,4.0,actuator_motors,none,36888795,13652280,8.3,,B,,0.0,4.0,True,9.9950929751092,19.99024843290956,1.990278025820896,206.473797,198.4322970000001,,True,0.0,0.0021794475615024,0.0,0.0,0.0,0.0,0.0,0.0,0.0384446922689676,0.0073211276903748,0.001442031643819,0.002177076010820865,0.0,0.0,0.0,0.0,0.0,0.0,0.03772410559175207,0.0072944583225052605,0.0014409929146550874
a00fb082-b490-4b74-85d5-553101ce6d6e,ok,17826047.0,v1.16+,0.0,0.0,0.0,True,0.0,0.0,0.2492688119411468,4.0,actuator_motors,none,92774379,56397105,25.8,,B,,0.0,4.0,True,10.000508787906265,20.00050856633317,2.000000141511845,1965.218452,1959.150278000004,,True,0.0,0.004650112055242,0.0006122764025349,0.0011373141373042,0.0018978807900566,0.0014178595331031,0.0009798346611205,0.0014639355300459,0.0234876706264913,0.0100025299936532,0.0,0.004639333685015605,0.0006120890378137801,0.0011366678855285197,0.0018960820897628856,0.001416855319385885,0.0009793549364805795,0.0014628650210712264,0.02321607976085751,0.009952835794241803,0.0
f7dc8968-a583-43c7-ba0f-23587449226c,ok,17761280.0,v1.14-1.15,0.0,0.0118081180811808,0.0,True,0.0,0.0,0.2688985362648963,4.0,actuator_motors,none,25022735,17063740,4.9,,C,,0.0,4.0,True,10.001497879543807,20.00151265772078,1.999985558775862,677.829973,674.2459890000001,,True,0.0,0.0063547228928655,0.0029945322312414,0.0037698693340644,0.0015814817161299,0.0029509043670259,0.0227577639743685,0.0024406492593698,0.0150046504568308,0.0164599204435944,20.278696537017822,0.006334616775590171,0.0029900575504244096,0.003762781185344209,0.0015802324908318862,0.002946558995153271,0.022502669071467127,0.002437675712240473,0.014893194214122342,0.016325924330657434,3.057706409637716
840f1d6c-7342-4ee0-bb43-e9a4d63d2e2b,ok,17761023.0,v1.14-1.15,0.0,0.0,0.0,True,0.0,0.0,0.0182292699813842,4.0,actuator_motors,none,19756765,8797449,4.2,,C,,0.0,4.0,True,125.0,250.00000000000003,125.0,85.788,72.41599999999998,,True,0.0,0.0009140251437202,0.008237225934863,0.0035219297278672,0.0034578980412334,0.006481354124844,0.0156619176268577,0.0174252297729253,0.0940263196825981,0.0317902956157924,0.0,0.0009136076771024805,0.008203485149660872,0.0035157422569990497,0.0034519332582542027,0.006460440466442519,0.01554053553869983,0.01727515138185976,0.08986476192117972,0.031295444488381285,0.0
2dce1242-dd61-4d0c-b724-76683ea2a4c2,ok,17367040.0,v1.12-1.13,0.0,0.0,0.0,True,0.0,0.0,0.1818049103021621,4.0,actuator_motors,none,14613324,8922141,6.6,,B,,0.0,4.0,True,10.002755509943402,20.00288704569337,2.0000364012430647,345.339579,340.58467999999993,,True,0.0,0.1216152813285587,0.0001484292843088,0.0,0.0023166944039985,0.0,6.686769156658551e-05,0.0008739812736166,0.002315998065751,,0.0,0.11476986178504558,0.00014841826977248613,0.0,0.002314015004952326,0.0,6.686545602215437e-05,0.0008735995743657586,0.002313320275937763,,0.0
59102137-d76d-4cd3-bee7-7a655235fb62,ok,17760384.0,v1.14-1.15,0.0,0.0,0.0,True,0.0,0.0,0.0959794908761978,4.0,actuator_motors,none,23420386,14189808,9.8,,B,,0.0,4.0,True,10.0017426683271,20.00160728121912,1.9999821420949373,620.599871,613.1849170000006,,True,0.0,0.0026366442907601,0.1198907122015953,0.243772953748703,0.0076497998088598,0.0070053287781775,0.0577461160719394,0.0188844315707683,0.0,4.811793327331543,0.0002590848016552,0.0026331744420350907,0.11323110215448945,0.21814946459570808,0.007620688460036678,0.006980905458449379,0.05614033873414354,0.018708334237406803,0.0,1.7598891854287613,0.0002590512449838662
9434f26d-e4a0-4115-87c1-3d241b7fb72f,ok,17760256.0,v1.14-1.15,0.0,0.0,0.0,True,0.0011980830670926,0.1997559999999794,0.3767148584127426,4.0,actuator_motors,none,23232389,15288168,9.1,,B,,0.0,4.0,True,10.001968769008862,20.00176629825433,1.9999957029795288,505.046509,500.7512629999997,,True,0.0,0.0072441447991877,0.0090472563169896,0.0089090899564325,0.0399259384721517,0.0442438349127769,0.0123022953048348,0.0145188965834677,0.0098086115904152,0.0029508883599191,0.0,0.007218032016268544,0.009006575078512522,0.008869638161092918,0.03914949760996824,0.04329302053551441,0.012227237035621029,0.01441450660949018,0.009760819422174724,0.002946543035142808,0.0
066954dd-411e-450c-9f26-c99033c6efcb,ok,17695488.0,v1.14-1.15,0.4897959183673469,0.0,0.0,False,0.00802192326856,0.1958880000000036,0.4867006495925326,4.0,actuator_motors,none,8230155,4897948,3.3,,C,,0.0,4.0,True,10.014352698426528,170.9255072070388,1.9999394102863168,71.642103,69.24870199999998,,True,0.0,0.1803170546889305,0.0,0.0,0.0,0.0,0.0,0.0,0.0308868762105703,0.0,0.011437177658081,0.16578309280111658,0.0,0.0,0.0,0.0,0.0,0.0,0.030419476619701374,0.0,0.011372267598092277
92da7a00-7889-4e0c-9cb1-ae90ddbcb062,ok,17891583.0,v1.16+,0.0,0.0,0.0,True,0.0,0.0,0.051887822151184,4.0,actuator_motors,none,2897319,2239091,3.0,,A,,0.0,4.0,True,10.01631615843027,20.0157476930022,2.000132890719149,63.828732,57.74249799999998,,True,0.0,0.0018355618522036,3.350217975821577e-05,4.954279447701991e-05,0.0004630360548617,0.0003995318664237,0.0003670810474432,0.0012051726283971,0.0,0.0076694859191775,0.0,0.0018338792672248582,3.350161857272542e-05,4.9541567273310186e-05,0.0004629288867481732,0.0003994520748197075,0.00036701368967883896,0.0012044469908188314,0.0,0.007640224927987675,0.0
6a14fb95-3e37-4a98-bb86-df2b3d2cda0d,ok,17761535.0,v1.14-1.15,0.0,0.0,0.043026706231454,True,0.0524714828897338,4.50057000000001,0.5822725176811142,4.0,actuator_motors,none,5619298,3719823,4.0,,A,,0.0,4.0,True,10.007099683815085,20.00752875345648,1.9999921791350608,134.497733,131.49763400000003,,True,0.0,0.0317705266177654,0.0,0.0,0.0,0.0,0.0,0.0,0.0724102132022376,4.436062335968018,0.0,0.031276284405659605,0.0,0.0,0.0,0.0,0.0,0.0,0.0699086510215958,1.6930549634726002,0.0
c237b6b8-81f9-4c86-a7ec-d05a50b5556d,ok,17761280.0,v1.14-1.15,0.0,0.0,0.0,True,0.0,0.0,0.1929895281791687,4.0,actuator_motors,none,21548769,13308451,18.1,,A,,0.0,4.0,True,10.001784013656886,20.001837623163137,1.999991245466617,519.811875,514.474003,,True,0.0,0.0151157842483371,0.0,0.0,0.0,0.0,0.0,0.0,0.0,0.0,0.0001997650877456,0.015002679138974547,0.0,0.0,0.0,0.0,0.0,0.0,0.0,0.0,0.00019974513735734214
7c393f31-7099-4464-b323-22d41414548f,ok,17760512.0,v1.14-1.15,0.0,0.0,0.0,True,0.0,0.0,0.1054011881351471,4.0,actuator_motors,none,12059377,7474408,4.1,,A,,0.0,4.0,True,10.00303980051298,20.003344669092574,2.000026662855449,320.254949,317.13486200000017,,True,0.0,0.0024947510100901,0.0,0.0,0.0,0.0,0.0,0.0,0.0,0.0,6.376780986785889,0.002491644284720325,0.0,0.0,0.0,0.0,0.0,0.0,0.0,0.0,1.9983373628056111
c58d1f04-0913-4f4a-a50f-556f432b6e97,ok,17760512.0,v1.14-1.15,0.0,0.0,0.1534622582657517,True,0.0480376766091051,2.401112999999981,0.3961705803871154,4.0,actuator_motors,none,13058420,7988458,6.6,,A,,0.0,4.0,True,10.003200524632277,20.00303507890145,1.999964607825062,319.953199,318.573479,,True,0.0,0.2552949860692022,0.0587804030627012,0.1262981303036212,0.0371496617794036,0.0542821327224371,0.0563859224319458,0.0638461321592329,45.95213718414296,3.4417593955993597,0.0,0.22737059362485754,0.05711768256965949,0.1189362640360608,0.036476240704197055,0.05286009240455763,0.05485357536941474,0.06189076782973783,3.8491287250472785,1.491050558223893,0.0
98dbc16e-666a-496a-b915-e5ff0c73ce39,ok,17891583.0,v1.16+,0.1232876712328767,0.3150684931506849,0.0,True,0.0,0.0,0.3367630690336227,4.0,actuator_motors,none,3403185,2947012,3.4,,C,,0.0,4.0,True,10.014337981843848,20.014243326670748,2.000009496447969,69.72903,65.100179,,True,0.0,0.0063066537957638,0.0007584748178487,0.0004221827053697,0.0098573594819754,0.0067177551332861,0.0144971266854554,0.0156585534103214,0.07336799018085,0.0072413333458825,0.0,0.0062868500745766834,0.0007581873211875118,0.0004220936113264375,0.009809092643853835,0.0066952915633275885,0.014393048032757934,0.015537223194257613,0.07080135935529865,0.007215240779165369,0.0
8a064495-d21a-4064-85b9-69fe2a5acb8b,ok,17695743.0,v1.14-1.15,0.0,0.0,0.0,True,0.0,0.0,0.661024934053421,4.0,actuator_motors,none,15619544,8800333,6.9,,B,,0.0,4.0,True,10.00780406066494,200.00003115507923,1.9998412157322227,128.25957,122.350031,,True,0.0,0.001336608082056,0.0,0.0,0.0,0.0,0.0,0.0,0.1653032004833221,,0.0011331432731822,0.0013357156166359716,0.0,0.0,0.0,0.0,0.0,0.0,0.1529813110820433,,0.0011325017509221085
38c4a482-3a79-4d36-b03c-d3adacd00cc4,ok,17629696.0,v1.12-1.13,,,0.0,True,0.0,0.0,0.2476346716284752,4.0,actuator_motors,none,31610278,16603027,11.7,,A,,0.0,4.0,True,10.0000000405515,19.995945058327976,2.0000032974673654,493.298969,492.1600859999992,,True,0.0,0.0011858508223667,0.0148464832454919,0.0,0.0207615792751312,0.0,0.0,0.0071702080313116,0.0006540988833876,0.0064798110397532,0.0,0.0011851482566508143,0.014737353020615187,0.0,0.020548995042632284,0.0,0.0,0.007144624310643916,0.000653885053951625,0.006458907317052948,0.0
4141b556-a0c2-4201-8fbe-e6eb52f4c8c8,ok,17891583.0,v1.16+,0.0,0.0,0.0,True,0.0049652432969215,0.3007510000000053,0.3991470783948898,4.0,actuator_motors,none,4461944,3307039,4.7,,B,,0.0,4.0,True,10.009391583804913,20.00903911712262,2.0000484262932976,103.435652,100.68886299999996,,True,0.0,0.0023625713190995,0.0011582123523112,0.0034649503650143,0.0115412733983248,0.0060315765207633,5.754661822319029,0.0068761756643652,0.0479340387508271,0.0495677940547465,0.0071036342997103,0.002359784835461807,0.0011575421418321304,0.0034589612551565547,0.011475180943789378,0.006013459376562104,1.9102329068457076,0.006852642585281861,0.04682064379478116,0.04837845471896087,0.007078522343546436
cfd0376a-e8eb-4eb9-acdc-ab8472c5e5af,ok,17826559.0,v1.16+,0.0,0.0,0.0,True,0.0077021822849807,0.2008480000000005,0.1159007549285888,4.0,actuator_motors,none,3513540,2668245,5.0,,C,,0.0,4.0,True,10.01169885104176,20.01267227982517,1.9997816480838069,82.875257,77.94285399999998,,True,0.0,0.0039718212792649,0.032785999123007,0.0031160174403339,0.028584353160113,0.034798533655703,0.0021551775280386,0.0566004258580505,0.0014889850572217,0.0,0.0,0.003963954420751699,0.03226000422584426,0.003111172719536992,0.028183442460082263,0.03420675429713561,0.0021528584643481534,0.055056608793663,0.0014878776181419169,0.0,0.0
99b539dd-d66f-4e36-9fb6-129165e11743,ok,17761535.0,v1.14-1.15,0.0,0.0,0.0,True,0.0,0.0,0.1558020263910293,4.0,actuator_motors,none,5996894,4102110,3.3,,B,,0.0,4.0,True,10.006853768906232,20.00684594899401,2.0000000687285246,145.462125,143.6298839999999,,True,0.0,0.0023416164214722,0.003610670636408,0.0021630255621857,0.010141472890973,0.0111154693178832,0.0013036847580224,0.0076972219860181,0.3527666568756102,0.0066715307766571,0.0,0.00233887911006231,0.0036041678135193484,0.002160689590299153,0.010090393213257963,0.011054146491685573,0.0013028356989050894,0.0076677495136956335,0.3021518708085399,0.00664937460433649,0.0
e0d51863-a3f0-45d6-aa17-7329f62a518c,ok,17761535.0,v1.14-1.15,0.0,0.0,0.0,True,0.0014847809948032,0.198447999999999,0.3223179936408996,4.0,actuator_motors,none,5890448,4145438,3.3,,B,,0.0,4.0,True,10.00729041906263,20.006481552886537,1.9999618202234464,138.89361,134.76649999999998,,True,0.0,0.0,0.0043373089283704,0.0015762293129228,0.0281098823994398,0.0133738545700907,0.0013843328633811,0.0112473994493484,1.0455882966518386,0.1001821681857109,0.0,0.0,0.004327929914009194,0.0015749883673380715,0.027722050814316977,0.013285214013108884,0.0013833755580271113,0.011184617767330358,0.7156854237484377,0.09547577353448165,0.0
4024baba-79e4-46b2-b545-24ab667640fe,ok,17760767.0,v1.14-1.15,0.0,0.0,0.0,True,0.0,0.0,0.0762804448604582,4.0,actuator_motors,none,2827619,2263927,3.6,,B,,0.0,4.0,True,10.01413563664673,20.01431171023071,1.999871724763229,63.882565,60.16423099999999,,True,0.0,0.0013750972575508,0.0008036019542487,7.176065882958933e-05,0.0027091378346085,0.0028517852886579,0.0013830445532221,0.0052124570822343,0.0,0.0652262749150393,0.0,0.0013741526771444007,0.0008032792390763864,7.175808415668424e-05,0.002705474735107886,0.002847726663379206,0.0013820890280251477,0.005198919251015607,0.0,0.06318724130291571,0.0
3acd88c0-8496-420b-ba54-ff67e7e7122a,ok,17694720.0,v1.14-1.15,0.0,0.0,0.0,False,0.0,0.0,0.2361082911491393,4.0,actuator_motors,none,5759663,3628924,4.2,,B,,0.0,4.0,True,10.005569082146016,20.005274373863816,2.00004378919402,170.523749,164.96643,,True,0.0,0.0104943122714757,0.0022170934826135,0.0,0.0093324100598692,0.0,0.153287400305271,0.0036734445020556,0.0220412593334913,0.0219629756174981,0.0,0.01043962921776684,0.002214639357538592,0.0,0.00928913217074548,0.0,0.1426164732835245,0.0036667138828023545,0.021801862134418735,0.02172526374514646,0.0
300a0a1c-3cbe-4beb-8a5b-b4241b911d4f,ok,17760511.0,v1.14-1.15,0.0093023255813953,0.0,0.0,True,0.0,0.0,0.2064401060342788,4.0,actuator_motors,none,26474567,15121268,6.4,,C,,0.0,4.0,True,10.004489325821012,200.0709219265912,2.0000441428182443,211.740775,207.0965779999999,,True,0.0,0.0040735201677307,0.0017682852922007,0.0065833119908347,0.0017823533329647,0.0018045890959911,0.24403453245759,0.0025625672540627,0.0241535734385251,0.0853489249944685,0.0013215015816967,0.004065245847248541,0.0017667237163667693,0.006561736632228007,0.0017807668261270347,0.0018029627813475814,0.2183597531419893,0.00255928947708537,0.023866489433390505,0.08190152515014151,0.0013206291669951762
f6ddeab3-8832-4f84-9bfb-d85af6465844,ok,17761280.0,v1.14-1.15,0.0102915951972555,0.0,0.0,True,0.0,0.0,0.0678103566169738,4.0,actuator_motors,none,23971689,13291177,6.2,,A,,0.0,4.0,True,10.001663153274214,20.00163518293077,1.999991527028184,584.076232,430.04904299999976,,True,0.0,0.002347245987039,0.0005918160022702,0.0005616767826722,0.0054428340634331,0.0069088956573978,0.0001976956053113,0.0043394773034378,0.0116193893365561,0.0029139532125554,0.0,0.0023444955083696773,0.0005916409482430397,0.0005615191013093145,0.005428075370636361,0.006885138598388169,0.0001976760661102873,0.004330088922449241,0.011552402629351928,0.002909715880488739,0.0
259e9890-d6a1-4b3f-b481-4109280e982b,ok,17695743.0,v1.14-1.15,0.0,0.0,0.0,True,0.007168458781362,0.3001300000000029,0.27494637966156,4.0,actuator_motors,none,4387186,2698050,3.2,,C,,0.0,4.0,True,9.992465907807013,19.98564084560417,2.000044741214389,140.849836,139.57560499999997,,True,0.0,221.91365661621091,0.0,0.0,0.0,0.0,0.0,0.0,0.0271746404469013,,0.0,5.406784506420858,0.0,0.0,0.0,0.0,0.0,0.0,0.026811965610352255,,0.0
31b22693-3830-4550-ba5e-52ec4ab4263e,ok,17825984.0,v1.16+,0.0,0.0,0.0,True,0.0,0.0,0.2873826816678047,4.0,actuator_motors,none,5780814,4000999,3.6,,B,,0.0,4.0,True,10.003262023618204,20.00576226142385,2.0000004604317607,139.315859,137.82012700000004,,True,0.0,0.0035155101446434,0.0002095157804433,0.0006846935895737,0.0024212628602981,0.0036769547034054,0.0016381227294914,0.0027852185536175,0.0,0.0,0.0,0.0035093451832860357,0.00020949383507738611,0.000684459293858981,0.002418336326365455,0.003670211230700552,0.0016367824699264344,0.0027813470194682508,0.0,0.0,0.0
8d49233c-67a8-431e-88f3-21e236d5f8a8,ok,17891392.0,v1.16+,0.0,0.0,0.0,True,0.0,0.0,0.5485321179148741,4.0,actuator_motors,none,7718365,5565546,5.0,,B,,0.0,4.0,True,9.999454687426192,19.988378249885127,1.999878674027109,89.132949,78.78650700000001,,True,0.0,0.0004269591256161,0.0,0.0,0.0,0.0,0.0,0.0,0.1178597938269376,0.0113124576862901,0.0028407986741513,0.0004268680045043641,0.0,0.0,0.0,0.0,0.0,0.0,0.11141595884266844,0.011248950337498415,0.002836771231231172
ab1ad8f4-27f3-4319-9fd9-acada91b73d2,ok,17695488.0,v1.14-1.15,0.0039285714285714,0.0,0.0,True,0.1051132317333713,0.8013390000000982,0.7969160772860047,4.0,actuator_motors,none,47081457,29300101,18.9,,C,,0.0,4.0,True,9.97601008949631,19.9547254291724,1.9943392219916585,1413.672657,1407.7815739999994,,True,0.0,0.0026999685447662,0.0019615277065895,0.0,0.0030357561423443,0.0,0.0060528232948854,0.0072503878967836,0.0018158581049647,0.1476529939100134,0.0,0.0026963301772087566,0.0019596064231411966,0.0,0.0030311575391410565,0.0,0.006034578544450723,0.0072242301940194315,0.0018142114277560984,0.1377189820913273,0.0
e16f2346-c965-46e2-b502-018b5862fdef,ok,16777728.0,v1.12-1.13,0.0,0.0,0.0,True,0.0,0.0,0.3052865147590637,4.0,actuator_motors,none,50996037,23468046,14.3,,B,,0.0,4.0,True,10.003445128491247,200.0000063089273,1.99999986851212,289.531424,56.339964,,True,0.0,0.0005511599010787,0.0005714856379199,0.0002087430213578,0.0014315468608401,0.0009677747846581,0.0009922031778842,0.0017298347665928,0.0435058511793613,0.0059489340521395,0.0054688242729753,0.0005510080682473053,0.0005713224021910145,0.000208721237564741,0.0014305231744862412,0.0009673067925574879,0.0009917112696661403,0.0017283403256087165,0.042586054782801,0.005931309009562032,0.005453924551465268
f0dbd745-8dfa-4c4d-8c37-d17a8a76d5a0,ok,17629696.0,v1.12-1.13,0.0,0.0,0.0,True,0.0,0.0,0.1860557687468826,4.0,actuator_motors,none,18501068,11752027,6.7,,B,,0.0,4.0,True,10.005480429972463,157.65700370476046,2.000021101040064,183.799735,178.32297900000006,,True,0.0,0.0039415507926605,0.0008890536642866,0.0,0.0109955941792577,0.0,0.0,0.0138670664746314,0.0032328366651199,0.0005210846997215,0.0,0.003933803232928832,0.0008886586901624017,0.0,0.01093558214482066,0.0,0.0,0.013771798423626582,0.0032276222838079033,0.0005209489822341821,0.0
6cdcccc0-5465-438b-9ff4-4bd90c435542,ok,17761023.0,v1.14-1.15,0.0,0.0,0.0,True,0.0,0.0,0.2735409945249558,4.0,actuator_motors,none,40770317,25930723,17.5,,B,,0.0,4.0,True,9.9662402651368,19.932469132333924,1.9910488843733616,1006.406734,997.4125250000002,,True,0.0,0.0032180429901927,9.068361068784724e-05,3.4801337460521584e-05,0.0025157984578981,0.0017350444046314,0.0596591925248503,0.0034332563285715,0.0071948926663026,0.0037524822750128,0.0001675714047451,0.003212876171578124,9.067949917778605e-05,3.4800731908026386e-05,0.002512639134661995,0.001733540953873053,0.05794733994047875,0.003427376158972078,0.007169132911377406,0.0037454592770345967,0.00016755736622553694
03d818ef-e11e-434a-ac0d-8b7706e0a99b,ok,17694975.0,v1.14-1.15,0.0,0.0,0.0,True,0.0033641481893375,0.3289390000000196,0.5013817653059962,4.0,actuator_motors,none,26824178,17059155,11.3,,C,,0.0,4.0,True,10.003773359274474,137.27734460953255,2.000023976804074,255.916127,253.07010799999983,,True,0.0,0.0040818887297064,0.0076359538827091,0.0,0.0112161443568766,0.0,0.0003660241083707,0.0030723818112164,0.0113059929572045,0.012791849579662,3.852330701192841e-05,0.004073580423286501,0.007606947553938815,0.0,0.011153709825805273,0.0,0.0003659571378881215,0.003067671691277971,0.011242557901907249,0.012710724961948191,3.852256500839307e-05
d72a3ae8-a86d-4c13-b8ca-bc359a616fb1,ok,17761535.0,v1.14-1.15,0.0,0.0,0.0,True,0.0055658627087198,0.1019160000000027,0.3603928253054617,4.0,actuator_motors,none,2608118,1947997,3.9,,B,,0.0,4.0,True,10.01600018903344,20.015487994510643,1.999698212211474,60.69073,53.878312,,True,0.0,0.1561082899570465,0.0,0.0,0.0,0.0,0.0,0.0,1.8757396936416624,0.8734550476074219,0.0073948670178651,0.14505944229625387,0.0,0.0,0.0,0.0,0.0,0.0,1.0563099259021957,0.6277843451593306,0.007367659039347642
af15e570-dc0e-42af-b7a0-6323e3307288,ok,17761535.0,v1.14-1.15,0.0,0.0,0.0,True,7.578092240538751e-05,0.0037169999999377,0.6251823529601094,4.0,actuator_motors,none,77498339,46165509,16.5,,C,,0.0,4.0,True,10.001431488922265,202.4292968869429,2.000010114828773,697.49278,692.7916110000003,,True,0.0,0.0147377416491508,0.0007815995602868,0.0014161624712869,0.002583900722675,0.0038749020779505,0.0016584626282565,0.0069826346356421,1.757321321964263,0.6237927138805379,0.0,0.014630196495538435,0.0007812942704164086,0.0014151606589222067,0.002580568190589656,0.0038674139824182185,0.001657088897755908,0.006958368935939193,1.0142596729343156,0.4847645943567837,0.0
3351f2a6-01ff-4ebf-903d-49f04b1aedbb,ok,17891583.0,v1.16+,0.0,0.0,0.0,True,0.0,0.0,0.2862223386764526,4.0,actuator_motors,none,3737300,2643143,3.8,,C,,0.0,4.0,True,10.009163925288233,20.00906589255544,2.0001662995409046,108.841263,101.095068,,True,0.0,0.000945154641522,0.0,0.0,0.0,0.0,0.0,0.0,0.0001402970214257,0.0159027900546789,0.0,0.0009447082641154479,0.0,0.0,0.0,0.0,0.0,0.0,0.00014028718071899335,0.015777665498714535,0.0
b06be6ed-acfc-4a67-912d-d816da05c40b,ok,17761535.0,v1.14-1.15,0.0,0.1128205128205128,0.0,True,0.0,0.0,0.1230690598487854,4.0,actuator_motors,none,10666079,6828376,6.1,,B,,0.0,4.0,True,9.699199565539988,182.0201031113925,1.9394825874617,99.479,97.305569,,True,0.0,0.0035515412222594,0.0,0.0,0.0,0.0,0.0,0.0,10.445477294921874,10.445477294921874,0.0345507785677907,0.0035452493924606437,0.0,0.0,0.0,0.0,0.0,0.0,2.4375946558920574,2.4375946558920574,0.03396730212960389
06c2f090-75d0-4d2a-8205-486925a060f0,ok,17761535.0,v1.14-1.15,0.0,0.0,0.0425963488843813,True,0.0469023185100722,4.007798999999992,0.514623750909231,4.0,actuator_motors,none,13849716,7131899,8.7,,C,,0.0,4.0,True,10.010444739338851,200.05481115344529,1.9998722953342487,98.112495,93.750262,,True,0.0,0.0168166635558009,0.0,0.0,0.0,0.0,0.0,0.0,0.0005742889188695,1.3497354388237,0.0,0.016676828992300073,0.0,0.0,0.0,0.0,0.0,0.0,0.0005741240780961321,0.8543027425945936,0.0
c351d264-e188-4fb5-8970-991505ee6adb,ok,17826559.0,v1.16+,0.0,0.0,0.0,True,0.0,0.0,0.1115431874990462,4.0,actuator_motors,none,23159054,10906236,9.5,,B,,0.0,4.0,True,9.8790486193921,181.9657498703594,1.982760814671736,175.451713,164.45494,,True,0.0,0.0005873375426745,0.0,0.0,0.0,0.0,0.0,0.0,0.085088164359331,0.0390621304512023,0.0,0.0005871651274872876,0.0,0.0,0.0,0.0,0.0,0.0,0.08166124116525095,0.0383185086460876,0.0
e9aadc60-346f-4cd0-a1f8-3828c5a94510,ok,17760511.0,v1.14-1.15,0.0198412698412698,0.0,0.0,True,0.0,0.0,0.093669518828392,4.0,actuator_motors,none,54116569,33034444,20.2,,C,,0.0,4.0,True,10.001992174353918,218.5905733456756,2.000019745721784,503.456757,498.7816920000004,,True,0.0,0.0030410521896556,0.0002690386609174,0.0003018057730514,0.0006366884161252,0.0007079831033479,0.0001478001489886,0.0011495811399072,0.0264531070366501,0.0020677510183304,0.0,0.003036437543664628,0.000269002476506724,0.00030176023885050257,0.0006364858160464404,0.0007077326015376467,0.00014778922762268592,0.0011489208774769638,0.026109274053106823,0.0020656161635856716,0.0
033f91af-7aa2-424f-8c64-25ce517f6a7c,ok,17760511.0,v1.14-1.15,0.0,0.0,0.0,True,0.0004991608594999,0.0391230000000177,0.3174541145563124,4.0,actuator_motors,none,199596198,50158508,40.1,,C,,0.0,4.0,True,10.002273102172111,191.63570609540463,2.000024737821981,391.361754,385.742158,,True,0.0,0.0172648976556956,0.0004344185086665,0.0004667617584345,0.0006899446918396,0.0007072869688272,0.0176623415201901,0.0039120640256442,0.0,0.0,0.0,0.01711755282137117,0.0004343241762650026,0.00046665285905032585,0.0006897067894207527,0.0007070369592777823,0.017508175013552493,0.0039044318018635377,0.0,0.0,0.0
d10bfbec-5372-4d3d-87a8-fee2a8edb574,ok,17761535.0,v1.14-1.15,0.0,0.0,0.1346324180690876,True,0.0489130434782608,0.5014589999999828,0.8078448386653677,4.0,actuator_motors,none,9457158,6058452,4.1,,C,,0.0,4.0,True,10.004305267369206,20.004266630633555,1.999995288899986,225.057438,220.726498,,True,0.0,0.0073113229591399,0.0026605353923514,0.0027192252455279,0.0200433153659105,0.0161655684933066,0.0057690944522619,0.1869118511676788,0.0180672220885753,0.0022028593812137,0.0,0.007284724803885706,0.0026570024330525672,0.002715534841073468,0.019845092439533044,0.016036296995029196,0.005752516954404707,0.17135485100619016,0.017905949434046702,0.002200436643801182,0.0
6dcb9bd9-9cc6-47bf-a857-496aeeae01ab,ok,17825984.0,v1.16+,0.0,0.0,0.0,False,0.0051020408163265,0.1020010000000013,0.1742876976728437,4.0,actuator_motors,none,3306613,2201672,3.3,,C,,0.0,4.0,True,10.014284706394976,20.01433107222871,2.0000147087695903,64.105772,58.725096,,True,0.0,0.0019080147147178,0.0,0.0,0.0,0.0,0.0,0.0,5.789563822746269,2.3421363472938523,0.0587919987738131,0.0019061967667223856,0.0,0.0,0.0,0.0,0.0,0.0,1.9153867013255461,1.2066102274540433,0.05712863446070412
85320381-9d0e-41bc-992e-5afea57a9d82,ok,17761535.0,v1.14-1.15,0.0,0.0,0.0,True,0.0,0.0,0.3201425194740295,4.0,actuator_motors,none,3268163,2460895,3.8,,C,,0.0,4.0,True,10.0127521414744,20.01253850189387,2.0002773956116844,83.924739,78.25036400000002,,True,0.0,0.0060537084937095,0.0,0.0,0.0,0.0,0.0,0.0,0.000115246194764,0.0690258339047431,0.0,0.006035458417171292,0.0,0.0,0.0,0.0,0.0,0.0,0.00011523955443147335,0.0667477981725542,0.0
b3240c58-47ab-4d39-9c3a-80d5527a6a22,ok,17826047.0,v1.16+,0.0,0.0,0.0,True,0.0048250904704463,0.199276999999995,0.3845280945301055,4.0,actuator_motors,none,4166490,3204105,2.8,,B,,0.0,4.0,True,10.011476761949252,20.01058768815922,2.0000652821308087,87.809605,82.91333000000002,,True,0.0,0.0015110489621292,0.006033188314177,0.0116550792008638,0.0568166365846991,0.0998390559107065,0.0143486522138118,0.0119375761132687,1.2585427165031433,0.319737546145916,0.0,0.0015099084763882022,0.00601506150532244,0.011587681940059784,0.055261216517566755,0.0951638562911131,0.014246684545249083,0.011866885280216408,0.814719789594561,0.27743288815190115,0.0
28b9796b-921a-4209-81a6-6dd4b720ccdd,ok,17761280.0,v1.14-1.15,0.0,0.0,0.0,True,0.0004737091425864,0.1005540000000166,0.3294323682785034,4.0,actuator_motors,none,9049986,6261087,3.8,,C,,0.0,4.0,True,10.004398250368927,20.00429410777385,1.9999832611100727,217.074734,211.135044,,True,0.0,0.0055312126874923,0.0356303608044981,0.05907365642488,0.094854077324271,0.1145243346691128,0.0160790488589554,0.0350640764459967,0.0879667744040489,0.0258101943880319,8.637664699554442,0.0055159717055084006,0.03501028558070438,0.057394617009725625,0.09062109167063852,0.10842770821206617,0.01595115012475115,0.03446333441067025,0.0843106097358769,0.02548273391159252,2.2656788281913567
17cc210c-2851-4836-bdf8-a17d3c2dba6e,ok,17694720.0,v1.14-1.15,0.0,0.0,0.0,True,0.0,0.0,0.2831204459071159,4.0,actuator_motors,none,19131816,11932789,5.4,,B,,0.0,4.0,True,10.002233230269006,219.8999261343895,2.0000339764808053,165.857297,163.22289400000005,,True,0.0,0.0015364127699285,0.0025334252044558,0.0,0.0080859795212745,0.0,0.0012599756708368,0.0024086717516183,0.0464768081903457,0.1375747989863155,0.0,0.001535233695371005,0.0025302214925913007,0.0,0.008053463155703853,0.0,0.00125918256761519,0.002405775551546016,0.04542910134955662,0.12889862703165567,0.0
540ebbb8-d12f-4ef0-9f39-45d64b8ca1c9,ok,17761535.0,v1.14-1.15,0.0,0.0,0.0,True,0.0,0.0,0.1666185975074767,4.0,actuator_motors,none,3231931,2557881,2.6,,B,,0.0,4.0,True,10.011765785326306,19.99868923623751,2.000262850330082,76.092481,74.71989000000005,,True,0.0,0.0018344782525673,9.770501201273876e-05,9.143459174083546e-05,0.0026430229190737,0.0016927483491599,0.0701137587428093,0.0016454096185043,0.0240596257150173,0.001545483386144,0.0002340385777642,0.0018327976523734991,9.770023918893589e-05,9.143041185334098e-05,0.0026395362761651867,0.0016913172654219246,0.0677649594046723,0.001644057415180331,0.02377475315943962,0.0015442903557431728,0.00023401119500858988
39a8c4db-ab5c-4e7a-8ad0-b702db7b34ae,ok,17695743.0,v1.14-1.15,0.8874172185430463,0.5529801324503312,0.0,True,0.0,0.0,0.1575411409139633,4.0,actuator_motors,none,2921028,2048842,2.4,,A,,0.0,4.0,True,10.01316057688402,20.01285371625437,1.9999349408919227,74.391616,68.61163500000002,,True,0.0,0.0217043261975049,0.0,0.0,0.0,0.0,0.0,0.0,3.488499096420129e-05,,0.0,0.021472140919190898,0.0,0.0,0.0,0.0,0.0,0.0,3.4884382497054876e-05,,0.0
2cbe4277-b720-4489-91c4-d3574c68c942,ok,17826559.0,v1.16+,0.0,0.0,0.0,True,0.0,0.0,0.2508441805839538,4.0,actuator_motors,none,2489011,1917151,3.0,,C,,0.0,4.0,True,10.015568766187528,20.01402287878066,1.9999499225137511,63.91187,59.54972500000001,,True,0.0,0.0023808648111298,0.0025012711528688,0.0097922380082309,0.0049028672510758,0.0067375496029853,0.0038587801740504,0.0048181459540501,0.1143235124647617,0.1143235124647617,0.0,0.00237803504314536,0.00249814818069483,0.009744604750658904,0.004890887338757937,0.00671495375265285,0.003851354179225234,0.004806575838286762,0.10824750550764849,0.10824750550764849,0.0
885401e3-bde7-4075-82ea-86fc97fb4260,ok,17826047.0,v1.16+,0.0,0.0,0.0,True,0.0,0.0,0.2203841373324394,4.0,actuator_motors,none,8241990,5454188,5.1,,B,,0.0,4.0,True,10.004725673306664,20.00493520719896,1.999953177566784,213.148253,210.27872900000008,,True,0.0,0.0057294566649943,0.0,0.0,0.0,0.0,0.0,0.0,0.000967280138866,0.0,0.0137595210690051,0.005713105752989012,0.0,0.0,0.0,0.0,0.0,0.0,0.0009668126248861806,0.0,0.013665718333349767
d33bb979-7945-47db-acd2-72e17522c265,ok,17760384.0,v1.14-1.15,0.0,0.0,0.0,True,0.0,0.0,0.1823353126645088,4.0,actuator_motors,none,53116192,33106580,26.4,,A,,0.0,4.0,True,10.000813846429326,20.00073179004514,1.999999641839706,1228.798363,1225.449915,,True,0.0,0.0007986799173522,0.0,0.0,0.0,0.0,0.0,0.0,2.2334996174322444e-06,0.0591179385781288,0.0,0.0007983611422685555,0.0,0.0,0.0,0.0,0.0,0.0,2.233497123175688e-06,0.057436428291915316,0.0
363a2041-40ea-4c87-b89f-d10226fdc10b,ok,17694720.0,v1.14-1.15,0.0,0.0,0.0,True,0.0015483722975168,0.2103340000000173,0.5112167596817015,4.0,actuator_motors,none,21595491,13395892,6.8,,C,,0.0,4.0,True,10.005079793634604,219.8026766088809,2.000080378565348,187.085706,183.094133,,True,0.0,0.0021857498795725,0.0041050512343645,0.0,0.0071856294060125,0.0,0.0013384449877776,0.002288192033302,0.0163927722722291,0.0211054427549242,0.0,0.0021833646034168323,0.0040966484994682355,0.0,0.00715993578085647,0.0,0.0013375500687292205,0.002285578108593087,0.01625986133294951,0.02088580785104119,0.0
042c232c-8f12-4921-961d-1d763026ddb6,ok,17694975.0,v1.14-1.15,0.0,0.0,0.0,True,0.0,0.0,0.194827064871788,4.0,actuator_motors,none,37301202,24165200,13.8,,B,,0.0,4.0,True,10.000987462194615,20.001026405711865,1.9999848292817428,960.635843,956.417871,,True,0.0,0.003299803007394,0.0011190300574526,0.0,0.0082328198477625,0.0,0.0002990484063047,0.0008079314720816,0.0068294703960418,0.0104727087076753,0.0,0.003294370604742162,0.0011184044100198813,0.0,0.008199115050427589,0.0,0.00029900370024267233,0.0008076052711366588,0.006806255201482101,0.010418249785468379,0.0
62c2b39f-a1ec-4c8d-b790-595c2acf7189,ok,17761535.0,v1.14-1.15,0.0,0.0,0.0,True,0.0020273251796285,0.1462470000000166,0.4396724864840506,4.0,actuator_motors,none,178189235,63060893,46.7,,A,,0.0,4.0,True,9.522294830052106,190.1134233484261,1.911043624788529,326.12132,322.30650999999995,,True,0.0,0.0004273200916941,0.0,0.0,0.0,0.0,0.0,0.0,0.0010174755938351,,0.0002501266702893,0.00042722881646528425,0.0,0.0,0.0,0.0,0.0,0.0,0.0010169583163914563,,0.0002500953938289809
5f61ecd0-0991-454b-8431-01e9e1480125,ok,17891392.0,v1.16+,0.0,0.8406072106261859,0.0,True,0.0012150668286755,0.1013290000000002,0.1683597281575203,4.0,actuator_motors,none,3909742,2907731,2.7,,C,,0.0,4.0,True,10.010141060208456,20.00994674217776,2.00006782150884,88.847428,82.27464799999998,,True,0.0,0.0273878897540271,0.0018854204914532,0.0030883882427588,0.0402436792850494,0.057291947491467,0.0974907413125038,0.1132576383650302,0.0061780414311215,0.0047542036976665,0.0,0.027019551706912406,0.001883645317188135,0.0030836289682636127,0.03945499271253727,0.05571087262166344,0.09302642976987702,0.10729052651662119,0.006159035572312466,0.004742938162921394,0.0
932ea85a-8e9a-4b86-b823-676417a8bab3,ok,17629952.0,v1.12-1.13,0.0,0.0,0.0,True,0.0,0.0,0.2033452548086643,4.0,actuator_motors,none,202423079,94620988,49.7,,C,,0.0,4.0,True,9.898742401433616,200.4025111885899,1.9782572134989924,1471.462111,1465.125055999999,,True,0.0,0.0046022814000025,0.0184146256186068,0.0,0.0017200051050167,0.0,0.0,0.0008840734953992,0.0007090787257766,0.0,0.0002799693320412,0.004591723284844542,0.018247129527345897,0.0,0.0017185275902154421,0.0,0.0,0.000883682932600428,0.0007088274482336159,0.0,0.0002799301479411518
2adea738-c41f-44be-bfe9-63a98bfe8ce9,ok,17826047.0,v1.16+,0.0,0.0,0.0,True,0.0,0.0,0.1244772411882877,4.0,actuator_motors,none,10076165,6499385,7.3,,B,,0.0,4.0,True,10.004850194245162,20.004847320930097,1.999999747572848,205.84652,202.5602199999999,,True,0.0,0.0117962900549173,6447837388.799986,1123882470.3999977,0.2470740795135497,0.018919039517641,0.0,0.0287966217845678,0.024103470891714,0.0157199390232563,0.0,0.011727256190697378,22.587010623129267,20.84005502013945,0.22080007111910724,0.018742300169222147,0.0,0.028389790849411276,0.023817567305223258,0.015597660590028248,0.0
7f2afbf9-cdbf-4f37-9c9a-efe955698f8c,ok,17761280.0,v1.14-1.15,0.0,0.0616740088105726,0.0,True,0.0,0.0,0.0596705615520477,4.0,actuator_motors,none,12443434,7789678,8.2,,A,,0.0,4.0,True,10.00895165542062,200.0000053669665,2.000002432435391,111.409194,104.180239,,True,0.0,0.0099837666377425,0.0,0.0,0.0,0.0,0.0,0.0,0.0009918825817294,0.0,8.256306682596894e-05,0.009934258088103371,0.0,0.0,0.0,0.0,0.0,0.0,0.0009913909912412711,0.0,8.255965868355692e-05
b0e71720-0c40-4c62-882d-7a416dbc1d31,ok,17891583.0,v1.16+,0.0,0.0,0.0333988212180746,True,0.1042311661506708,10.000022,1.0,4.0,actuator_motors,none,4539638,3203425,2.7,,C,,0.0,4.0,True,10.00964811737848,20.00928647741962,2.000009722819544,101.191662,96.913186,,True,0.0,0.0359381370246409,706227313049.5986,6219137338572.789,0.0603453699499367,0.0562039148062467,0.1467160508036613,0.0529067408293484,0.0227480031549929,0.0163925383239984,0.0,0.03530742875770277,26.58573020833538,29.45865232151345,0.058594675763423316,0.054681267784723,0.136902249351149,0.05155466401541427,0.02249312539817857,0.016259631157899065,0.0
c17d8e82-d384-458c-83d0-6ec1311a3d6f,ok,17694975.0,v1.14-1.15,0.0,0.0,0.0,True,0.0,0.0,0.2780064046382904,4.0,actuator_motors,none,10132300,5611127,11.8,,B,,0.0,4.0,True,10.004472977499624,20.004106521582145,2.000064696598252,227.81547,220.86187400000009,,True,0.0,0.0072837678017094,0.0109052706975489,0.0,0.0775269418954849,0.0,0.016224009450525,0.0519184805452823,0.0303752026520669,0.0600754536688327,0.0,0.00725736927466935,0.010846237030687789,0.0,0.07466854676250535,0.0,0.016093806596405556,0.050615621337047424,0.029923010329208653,0.05834008829705309,0.0
d0cf4466-adac-410d-9bc5-ed06e6a9772a,ok,17760256.0,v1.14-1.15,0.0,0.0,0.0,True,0.0932489451476793,1.7007709999999747,0.3229029595851898,4.0,actuator_motors,none,18703947,11289837,4.6,,B,,0.0,4.0,True,10.001988783082924,20.00189114486198,2.0000072050468765,478.773935,474.0066189999996,,True,0.0,0.0279878351837396,0.0007657060050405,0.000833320710808,0.0008433831506408,0.001657992741093,0.0202397786080836,0.0026101836934685,0.0,0.0092755254358053,0.0,0.027603333484104674,0.0007654130017574647,0.0008329736918764627,0.0008430277029097861,0.0016566197884823922,0.020037676736644135,0.0026067830802098384,0.0,0.00923277192061599,0.0
eb3bc893-2ef2-4464-80c8-fbd8d5721b7b,ok,17825856.0,v1.16+,0.0652173913043478,0.0,0.0,False,0.008867939602141,0.7947489999999959,0.272596026957035,4.0,actuator_motors,none,8550641,5305164,3.8,,C,,0.0,4.0,True,10.010668169726554,130.4545178754606,1.999929035485104,91.656879,89.37040299999998,,True,0.0,0.0669312819838523,0.0432461887598038,0.0247524818405509,0.069489823281765,0.1556483909487725,0.0025934843113645,0.0835332199931145,0.4027570813894272,0.1666398972272874,0.0,0.06478656723145661,0.042337187245184746,0.0244511022979386,0.06718173409698239,0.14466156390521065,0.002590127034371859,0.0802272014163941,0.33843964385536246,0.15412773433025875,0.0
1e915e50-437e-473b-b16f-455fd227b7e3,ok,17761535.0,v1.14-1.15,0.0,0.0,0.0,True,0.0,0.0,0.1823890805244445,4.0,actuator_motors,none,7759143,5078390,3.5,,A,,0.0,4.0,True,10.005011139831112,20.00458369288468,1.999975051655957,205.210355,199.67455099999995,,True,0.0,0.0044918193249031,0.0,0.0,0.0,0.0,0.0,0.0,5.39161663055419,0.774563884735106,0.0,0.004481761212713775,0.0,0.0,0.0,0.0,0.0,0.0,1.8549872302188486,0.5735546939977131,0.0
cfcf4d80-63cb-4cab-8b87-84ed9a5acf69,ok,17695744.0,v1.14-1.15,0.8818181818181818,0.0,0.0,False,0.0316122233930453,2.601485000000004,0.5205353140275212,4.0,actuator_motors,none,2983110,2053443,2.4,,C,,0.0,4.0,True,10.018001547340448,20.021024487883903,2.014943891418704,108.729974,94.22134800000002,,True,0.0,0.0003150192147586,0.4518693968653678,0.0,0.8470058977603907,0.0,7876.340063476562,0.0072236909996718,0.0,0.0,0.0,0.0003149696066238368,0.3728519652947059,0.0,0.6135658943686862,0.0,8.971745570470903,0.007197725115207012,0.0,0.0,0.0
dd18f29b-0e39-45d4-b9ef-36ed3559123a,ok,17760384.0,v1.14-1.15,0.0,0.0,0.0,True,0.0,0.0,0.4175863392489353,4.0,actuator_motors,none,2712517,2147429,2.5,,A,,0.0,4.0,True,10.013614616278566,20.007803321955777,1.9998129470735,71.67873,65.98471999999998,,True,0.0,0.0075358018279075,0.0011189474491402,0.0013071635039523,0.0181221660226583,0.0277338873594999,0.0010054455720819,0.0325715873390436,0.5079691380262378,0.3065572649240495,0.0,0.007507549520396269,0.0011183218940419325,0.0013063099095166244,0.017959916844364366,0.027356269085507676,0.0010049404502360192,0.032052377434107014,0.4107638038765008,0.26739563580562753,0.0
e4db7730-7076-41a9-8450-365c78d08231,ok,17891583.0,v1.16+,0.0,0.0,0.0,True,0.0362068965517241,0.1999289999999973,0.6835150912404057,4.0,actuator_motors,none,10408081,7153386,8.3,,C,,0.0,4.0,True,10.003992781333451,20.0041386169796,2.000024733781356,234.436398,231.97232,,True,0.0,0.0030805556802079,16392735487.999857,263920520396.79767,0.008266277052462,0.0129141916055232,0.0119661320932209,0.019863006286323,0.0,0.1780151218175887,0.0,0.0030758204907426483,23.52010411565388,26.298913835666088,0.008232298506600719,0.012831514477823228,0.011895103994217778,0.019668310713682968,0.0,0.16383092200403945,0.0
cec16dba-e437-4607-aa19-6e169fb62534,ok,16973952.0,v1.12-1.13,0.0,0.0,0.0,True,0.0,0.0,0.1746166437864303,4.0,actuator_motors,none,10725025,5533137,5.7,,B,,0.0,4.0,True,10.012853447694864,163.85974907569346,2.0001856388509136,74.307163,68.27546,,True,0.0,0.0110286831855773,0.0,0.0,0.0,0.0,0.0,0.0,0.0034793086815625,,0.0242877382785081,0.010968310739321686,0.0,0.0,0.0,0.0,0.0,0.0,0.003473269890270582,,0.02399748155838567
84e969d7-73f2-4ae5-b3a2-6c9805c2e345,ok,17760256.0,v1.14-1.15,0.0,0.0,0.0,True,0.1613395876513581,0.6996129999999994,0.7205119147896766,4.0,actuator_motors,none,32488553,19670924,17.0,,A,,0.0,4.0,True,10.00111215415942,20.001015261944065,2.00000465142694,918.130304,916.719945,,True,0.0,0.0,0.0006752835353836,0.0003529248351696,0.003570374334231,0.0036689008586108,0.0029786895960569,0.0044248235411941,0.0311754565685987,0.0014759451150894,0.0,0.0,0.0006750556340499273,0.00035286257184904426,0.0035640156784806244,0.0036621868588442253,0.002974262090133671,0.004415062791978652,0.030699371514559804,0.0014748569786528745,0.0
daeab6fa-c44e-4852-b174-bc79a4858217,ok,17695488.0,v1.14-1.15,0.3922651933701657,0.0,0.0,True,0.0,0.0,0.42930339127779,4.0,actuator_motors,none,3587984,2445654,2.3,,B,,0.0,4.0,True,10.011550408206476,20.01127565706132,1.9999593041988768,89.433501,82.75619300000002,,True,0.0,4.5272739225765686e-05,0.0,0.0,0.0,0.0,0.0,0.0,2.575964331626892,,0.0002873766265111,4.5271714446236785e-05,0.0,0.0,0.0,0.0,0.0,0.0,1.274234882884256,,0.0002873353417576936
fadd354a-0d4c-4ed4-a788-57452d7f4e89,ok,17694720.0,v1.14-1.15,0.0,0.0881458966565349,0.0,True,0.0006849315068493,0.0974139999999996,0.3123865492641925,4.0,actuator_motors,none,5531188,3615610,3.3,,B,,0.0,4.0,True,10.000546085798986,19.99984284929586,2.0001030468425984,156.860715,145.93924900000007,,True,0.0,0.0027395495329983,0.0115080348681658,0.0,0.0255839837715029,0.0,0.0006437537580495,0.0067355869570746,0.0432293245568871,0.0522617131471633,0.0,0.002735803806685429,0.011442321111825646,0.0,0.025262190614887988,0.0,0.0006435466374839932,0.0067130042397688045,0.0423210219915698,0.05094186013157093,0.0
5061507f-53be-445d-9e7a-7257f811d0e1,ok,17695488.0,v1.14-1.15,0.0,0.0,0.0,True,0.0,0.0,0.2130794428288936,4.0,actuator_motors,none,5373107,3381176,3.4,,C,,0.0,4.0,True,10.00739887204289,20.00628804673645,1.99999205907212,136.053496,134.03766099999996,,True,0.0,0.0004231311453622,0.0,0.0,0.0,0.0,0.0,0.0,0.0002054884360404,0.0,0.0,0.00042304165062356314,0.0,0.0,0.0,0.0,0.0,0.0,0.00020546732618356497,0.0,0.0
696590b3-101b-4aa4-820d-d67b22eecea3,ok,17891392.0,v1.16+,0.0257510729613733,0.0,0.0,False,1.0,67.1,0.1324393630027769,4.0,actuator_motors,none,24776209,10312530,8.2,,B,,0.0,4.0,True,124.97656103506468,250.00000000000003,100.00234389649351,85.468,67.01599999999999,,True,0.0,0.0256505906581878,0.0301647409796714,0.0275132346898315,0.8869532465934746,0.8178089261054993,0.0528297828510402,0.1933896392583847,6.82966947555542,8.593626976013184,0.0,0.02532713383253712,0.029718732150784768,0.027141547782021647,0.634963489499434,0.5976318890796833,0.05148157037100337,0.17679769436745835,2.0579202965389927,2.2610990213580906,0.0
9bce479a-8561-4404-866b-a22d982fb2d4,ok,17825984.0,v1.16+,0.0,0.0,0.0,True,0.0,0.0,0.2382012456655502,4.0,actuator_motors,none,8209400,5448419,4.9,,C,,0.0,4.0,True,10.004879868894932,20.00475419464836,2.000053498918466,199.757243,197.64184,,True,0.0,0.0014533295878209,0.0009428837802261,0.0011434374377131,0.0021590251242741,0.0030183007707819,0.0020207927795127,0.0018070720601826,0.0,0.0,0.0,0.001452274526486344,0.0009424395445344155,0.0011427842110279306,0.0021566977787933765,0.0030137548460254975,0.0020187537243270695,0.001805441269808832,0.0,0.0,0.0
f556e4d8-55e0-41fa-9fa9-300d78a88ee5,ok,17891583.0,v1.16+,0.0,0.0,0.0,True,0.0,0.0,0.1049894332885742,4.0,actuator_motors,none,10319490,6357887,5.8,,A,,0.0,4.0,True,10.0039149944319,20.003739675347127,2.000035806701655,247.634229,240.9537770000001,,True,0.0,0.0006838156841695,0.0,0.0,0.0,0.0,0.0,0.0,0.0024003072758205,0.0505888015031814,0.0,0.0006835819887548663,0.0,0.0,0.0,0.0,0.0,0.0,0.002397431139798712,0.0493507703367892,0.0
6ab6bab5-5787-4bd4-9bb4-70fb51d9af50,ok,17891392.0,v1.16+,0.2694300518134715,0.3316062176165803,0.0,True,0.7038777908343126,48.70009399999999,1.0,4.0,actuator_motors,none,4348678,3429044,7.0,,B,,0.0,4.0,True,10.010262302425652,20.0102366398775,2.000261687867076,89.381083,85.14174400000006,,True,0.0,0.0552574537694453,0.113438810408115,0.0067653965903446,0.0362699033692478,0.0098007342312484,0.4444020986557007,0.0024969371850601,0.3567587718367576,0.1242093805223703,0.0,0.053784769166015295,0.10745325372048808,0.006742613992647753,0.035627634394370944,0.009753018548027322,0.3676954633803016,0.0024938250169227296,0.30509859927068345,0.11708001572676813,0.0
2f5d7761-0ae2-4113-9ea0-fce2114c029b,ok,17760320.0,v1.14-1.15,0.0,0.0,0.0,True,0.0,0.0,0.1526441097259521,4.0,actuator_motors,none,3338433,2662143,6.5,,A,,0.0,4.0,True,9.768933402818991,19.512517780477143,1.9482413431831256,77.88458,71.71996800000002,,True,0.0,0.0026644293218851,0.0001055408418324,4.381573307909996e-05,0.0035362699534744,0.0020339307491667,0.0005883221499971,0.0047650499269366,0.0,0.007277459022589,0.2352946408092975,0.0026608860225976264,0.00010553527278959018,4.3814773197905825e-05,0.003530032052491498,0.0020318651124542906,0.0005881491563683416,0.004753733012734991,0.0,0.007251106095336384,0.2113095171794057
2de86afc-0f53-415f-a5e1-59bd6ab7f445,ok,17826047.0,v1.16+,0.0053933420122745,0.0,0.0,True,0.0,0.0,0.170388601720333,4.0,actuator_motors,none,126218261,76860060,25.0,,A,,0.0,4.0,True,10.000368897183511,20.00036793702313,2.000000470198786,2718.071557,2713.3799689999937,,True,0.0,0.0008017681306228,0.0003750424133613,0.0002423135127173,0.0010970444884151,0.0009800599422305,0.00165904792957,0.0012366675306111,0.0012738184072077,0.0006315460777841,0.0,0.0008014468862526899,0.00037497210253453555,0.0002422841595397626,0.001096443174848627,0.0009795799970430885,0.001657673229805536,0.0012359034871674056,0.0012730077888544588,0.0006313467364843128,0.0
3a1b9d6c-00e5-4359-ba09-daf8420f5ae8,ok,17695488.0,v1.14-1.15,0.0,0.0,0.0,True,0.0,0.0,0.2935830429196358,4.0,actuator_motors,none,5980449,3703876,4.4,,A,,0.0,4.0,True,10.015514617464737,152.4970514446414,1.9997508834923992,61.24873,60.73903,,True,0.0,0.0,0.0,0.0,0.0,0.0,0.0,0.0,0.1062056772410869,0.0,0.0,0.0,0.0,0.0,0.0,0.0,0.0,0.0,0.10093585076657889,0.0,0.0
f7749e6d-7887-4805-84b2-ac9a2c56c4c3,ok,17761280.0,v1.14-1.15,0.0416666666666666,0.0,0.0,True,0.0,0.0,0.2761673718690872,4.0,actuator_motors,none,2629251,1883591,3.0,,C,,0.0,4.0,True,10.0143368278024,20.01464944152136,2.0000061470777166,68.252742,66.865227,,True,0.0,0.0065932940691709,0.0,0.0,0.0,0.0,0.0,0.0,0.0921954363584518,0.3404482811689371,0.0,0.006571653376050914,0.0,0.0,0.0,0.0,0.0,0.0,0.08818983233353339,0.29300409620317197,0.0
5746a10e-38be-43fd-85cc-e27e406f2267,ok,17761535.0,v1.14-1.15,0.0,0.0472222222222222,0.0,True,0.0011487650775416,0.1011069999999847,0.3540751338005066,4.0,actuator_motors,none,7309734,5072818,6.1,,B,,0.0,4.0,True,10.005641393027652,20.00511782226265,2.0000549482883274,178.520728,174.116972,,True,0.0,0.0030565208406187,0.0002096405900374,0.0004464372032089,0.00606578909792,0.0081600100733339,0.0060069201281294,0.0104311465751379,0.0,0.0047468732809647,0.0,0.0030518591773591856,0.00020961861851959872,0.000446337579769999,0.006047466256889664,0.008126897203409067,0.005988950508887653,0.010377117563928385,0.0,0.004735642404998383,0.0
2cb6ff34-eef4-4466-9b2d-f13f0db891c4,ok,17891392.0,v1.16+,0.0,0.0,0.0,True,0.292846049003138,3.465635000000006,0.9379920080304146,4.0,actuator_motors,none,13825183,8803911,5.1,,C,,0.0,4.0,True,9.974068897861825,202.10557435754663,1.982534586451233,114.684699,110.899468,,True,0.0,0.0017038643825799,0.0001486363849835,0.0005074286396848,0.0039447675924748,0.0077995117055251,0.0018760249833576,0.0068299694918096,0.0046288466546684,0.0015495378989726,0.0,0.001702414452418719,0.00014862533969050426,0.0005072999413076016,0.0039370073982093546,0.007769252748987383,0.0018742674462675349,0.0068067509116880205,0.0046181664892091575,0.0015483386038647265,0.0
53e765e2-3c69-4f3b-8d19-dd9e36562c40,ok,17825792.0,v1.16+,0.0,0.0,0.0,True,7.603488915199374e-05,0.0037939999999707,0.3173231601715087,4.0,actuator_motors,none,37682538,23413911,12.1,,C,,0.0,4.0,True,10.003009472493156,197.9925107154215,1.999975328548619,327.544503,322.22425300000003,,True,0.0,0.0018820679397322,0.0002370831934968,8.883068585419096e-05,0.0029875177424401,0.0014708989765495,3.211803138256073,0.0012952339893672,0.0514636179432272,0.0116394213400781,0.0,0.0018802990689429076,0.00023705509371771652,8.882674064245181e-05,0.0029830639795682596,0.0014698182642658242,1.4378908548736848,0.0012943958974289793,0.05018311541292402,0.011572204350631428,0.0
fb2217f4-8b61-418e-8f13-4617d18aafd8,ok,17761279.0,v1.14-1.15,0.0,0.0,0.0,True,0.0,0.0,0.1970998227596282,4.0,actuator_motors,none,12032752,7607242,10.3,,B,,0.0,4.0,True,10.002768459813524,20.00272732162754,1.9999798110522,360.173852,355.31333999999987,,True,0.0,0.0241130410693585,0.0004458781302673,0.0009132178005529,0.0078620370943099,0.0079927084501832,0.0079506548121571,0.0248085531406104,0.1251317895948886,0.0208226038143038,0.0,0.02382691219389951,0.00044577875615184055,0.000912801070867956,0.007831292319908487,0.007960935942639871,0.007919214891544324,0.024505817721501486,0.11790017510185836,0.020608776598246052,0.0
b41316fc-b1f5-483a-ac33-7fe803102a18,ok,17826240.0,v1.16+,0.0,0.0,0.0,True,0.0,0.0,0.2529715448617935,4.0,actuator_motors,none,12041880,7568902,9.2,,B,,0.0,4.0,True,10.003028055631829,20.00274261561315,2.0000301357924224,332.754832,328.3059119999999,,True,0.0,0.0005781442159786,0.0,0.0,0.0,0.0,0.0,0.0,0.0088003885466605,0.0,0.0,0.0005779771549984901,0.0,0.0,0.0,0.0,0.0,0.0,0.008761890825775045,0.0,0.0
7dd885bd-415b-44dc-8ec8-4c82ddc25011,ok,17825792.0,v1.16+,0.0,0.0,0.0,True,0.0,0.0,0.1581765592098236,4.0,actuator_motors,none,48500788,28328041,11.6,,B,,0.0,4.0,True,9.996011466301018,138.8993690060111,1.998013461696215,503.353632,341.8260390000002,,True,0.0,0.0012350616743788,0.0025713184149935,0.0002243922062916,0.0122787188738584,0.0013786454219371,6.059922088752501e-05,0.0015881339786574,0.1416401825845241,0.1022389493882656,0.0,0.0012342996131062842,0.002568018231801851,0.00022436703412603257,0.012203946852800629,0.0013776959628821236,6.059738482891436e-05,0.0015868742274830457,0.132465985040824,0.09734351970169924,0.0
fcd05b31-14fc-455a-845d-b67c82a28028,ok,17761280.0,v1.14-1.15,0.0,0.0,0.0,True,0.0,0.0,0.2907225966453552,4.0,actuator_motors,none,180499252,96386692,41.6,,B,,0.0,4.0,True,10.000549660008048,200.10425724307,2.0000078631917857,1769.265732,1766.4642379999975,,True,0.0,0.0071247273823246,0.0080226765945553,0.0129940089304,0.0128956917207687,0.0108019717969,0.0029922115500085,0.0041904495097696,0.0496463805437087,0.0088250559289008,0.0,0.0070994664261701725,0.007990666017714317,0.012910311063864968,0.012813250291329441,0.010744047259025951,0.002987743795121594,0.00418169402730508,0.048453327011602425,0.00878634272026227,0.0
46969280-f01c-4d74-9520-e2de5dc6fcfe,ok,17694975.0,v1.14-1.15,0.0,0.0,0.0,True,0.4760672703751617,2.8000919999999496,0.7978374719619751,4.0,actuator_motors,none,15733668,9969080,4.8,,C,,0.0,4.0,True,10.002695600853952,20.00257400802421,1.999967969704249,389.998963,386.46733800000027,,True,0.0,0.0067638514796271,0.0044106131419539,0.0,0.0088177588768303,0.0,0.0106398223433643,0.0035548265674151,0.0025261859060265,0.0066993996733799,0.0,0.006741079263793943,0.0044009148941658765,0.0,0.008779109475589837,0.0,0.010583617753359734,0.0035485231055118562,0.0025230004619653614,0.00667705842186171,0.0
7cf89550-7008-4d78-9f33-30c200797813,ok,17760320.0,v1.14-1.15,0.0,0.0,0.0,True,0.0,0.0,0.0844368666410446,4.0,actuator_motors,none,26584738,16338762,7.3,,B,,0.0,4.0,True,9.995595632803898,247.5465174865301,1.9999347570952752,226.88048,220.7629,,True,0.0,0.0055945703294128,0.0,0.0,0.0,0.0,0.0,0.0,0.0001077571563655,0.0,0.0022496963269077,0.005578978845565466,0.0,0.0,0.0,0.0,0.0,0.0,0.00010775135098017014,0.0,0.002247169549071647
d866394f-804f-4a6f-9080-d1ef8ca14e5f,ok,17761280.0,v1.14-1.15,0.0,0.0449678800856531,0.0,True,0.0,0.0,0.500907751917839,4.0,actuator_motors,none,10611148,6684642,3.8,,C,,0.0,4.0,True,10.004077056017438,20.004274687439604,2.0000024871825803,234.535345,229.88620799999995,,True,0.0,0.0086886035278439,0.0061880267225205,0.0039460457861423,0.0224504433572292,0.0152410399168729,0.0054651976563036,0.0192290712147951,10.716228675842284,18.21104822158813,2.1084868431091297,0.008651074836820328,0.006168959503705568,0.003938280568701479,0.022202141605998683,0.015126062050986776,0.0054503176537429605,0.01904652899136985,2.4609749470271667,2.955485541746124,1.1341360621653398
09b05d63-d7ec-4cfe-93fa-fc2637196623,ok,17695743.0,v1.14-1.15,0.0,0.0,0.0,True,0.0,0.0,0.3594617106020448,4.0,actuator_motors,none,4239072,3029508,3.1,,B,,0.0,4.0,True,10.009121575073353,20.009425069044145,2.0001159286705583,102.915838,94.943166,,True,0.0,0.0029152651550248,0.0070364234270527,0.0,0.057798208668828,0.0,0.0091392460744827,0.0119419551920145,0.0627352157607674,0.0650389995425939,0.0,0.002911024010271062,0.007011783317702917,0.0,0.0561895861985336,0.0,0.009097735887930088,0.011871212690695217,0.06084597685514629,0.0630114177797392,0.0
6bace4c7-d064-4d84-9f0f-8cbec9e0c74c,ok,17760384.0,v1.14-1.15,0.0,0.0,0.0,True,0.0,0.0,0.1746172070503233,4.0,actuator_motors,none,15785578,10661409,6.6,,A,,0.0,4.0,True,10.005284823546315,20.00530643427676,2.000049223731565,186.571712,178.18674800000014,,True,0.0,0.0027845824253745,0.0010117900616023,0.0016338290413841,0.0051417836919426,0.0037488240050151,0.0035539303906261,0.001252699655015,0.0912735521793365,0.0118356114253401,0.0,0.002780712657859206,0.0010112785470390798,0.0016324957947164002,0.0051286098608719095,0.003741814676668699,0.0035476301027925036,0.001251915681456132,0.08734541069188541,0.011766118367557692,0.0
ac5ab6bf-75f8-442c-b41c-35f10600d50c,ok,17826559.0,v1.16+,0.0,0.0,0.0,True,0.0,0.0,0.4633287668228147,4.0,actuator_motors,none,42413610,26417710,8.8,,C,,0.0,4.0,True,10.001006169671646,20.00091073141647,1.9999964858200123,1004.714754,998.7086229999992,,True,0.0,0.0010250090097542,2.612894995763777e-05,5.04527361044893e-05,0.0009240115818101,0.0016373295686207,0.0001310069070314,0.0017353910370729,0.0530942671000956,0.0064111582236364,0.0,0.0010244840467164321,2.612860860257098e-05,5.045146340800625e-05,0.0009235849458992288,0.001635990605912137,0.0001309983263759636,0.0017338869858736937,0.05173275155719297,0.006390694167715264,0.0
9e082b2f-6292-4e70-84cf-e520db2b4144,ok,17761535.0,v1.14-1.15,0.0,0.0,0.0,True,0.5770104895104895,21.851264,0.999999939505356,4.0,actuator_motors,none,10384231,5682217,7.1,,B,,0.0,4.0,True,10.010327071749243,199.9999724454688,1.999999745664772,86.809562,80.07993400000001,,True,0.0,0.0002560822264058,0.0,0.0,0.0,0.0,0.0,0.0,0.002563407307025,0.001239203492878,0.0,0.0002560494429491805,0.0,0.0,0.0,0.0,0.0,0.0,0.002560127382506732,0.0012384363139580777,0.0
3b06fbd6-c7be-45bd-8b86-b39d5c9b60e9,ok,17761280.0,v1.14-1.15,0.0,0.0,0.0,True,0.0,0.0,0.2564301967620849,4.0,actuator_motors,none,14710013,9460455,7.4,,A,,0.0,4.0,True,10.007668977250972,199.76081410798392,2.000061768330962,137.308617,132.16787999999997,,True,0.0,0.0531151380389928,0.0,0.0,0.0,0.0,0.0,0.0,8.627999687194826,8.552591514587402,0.0009131107712164,0.05175257004138258,0.0,0.0,0.0,0.0,0.0,0.0,2.2646754874317128,2.2568124804644394,0.0009126941391776565
21826e03-8f87-4cfb-b4d7-c13c781a04b9,ok,17761280.0,v1.14-1.15,0.0,0.0,0.0344155844155844,True,0.0,0.0,0.1604688763618469,4.0,actuator_motors,none,33436466,20921083,9.2,,A,,0.0,4.0,True,10.003228829002497,199.4904225255065,1.999994716626335,307.756671,302.6025439999999,,True,0.0,0.0768634736537931,0.0163845302537083,0.0028512998716905,0.0222262615337967,0.0104989926330745,0.0103752345778047,0.021176049299538,45.33394050598143,0.923314064741134,0.0,0.07405262472917502,0.01625175221198421,0.0028472426266631123,0.021982858211421378,0.010444260961560793,0.010321781240895233,0.020954952623607196,3.835874748822362,0.6540497734695486,0.0
2a32ce28-38e5-4991-aa73-c2e8d3b14093,ok,17695488.0,v1.14-1.15,0.0129310344827586,0.0,0.0,True,0.0,0.0,0.0903540700674057,4.0,actuator_motors,none,31515761,19695535,6.2,,A,,0.0,4.0,True,10.001036483673245,20.00102823074713,2.000000395299224,936.22487,930.8464359999988,,True,0.0,0.0053478456102311,0.0170737917535006,0.0,0.0237597942352294,0.0,0.0087486517149955,0.0096601827535778,0.0,,0.0,0.005333596662103583,0.016929672697228563,0.0,0.02348192315791759,0.0,0.008710604011284893,0.009613821521023308,0.0,,0.0
92da84f6-0478-4c79-b8f3-f14ca4864b66,ok,17694975.0,v1.14-1.15,0.0,0.0,0.0,True,0.0,0.0,0.4052474528551101,4.0,actuator_motors,none,3861615,2730271,4.0,,C,,0.0,4.0,True,10.009269378478088,20.009327424938085,2.000022810516567,97.78925,93.722218,,True,0.0,0.0071802719030529,0.0155228558927774,0.0,0.0770036071538924,0.0,0.0435931971296668,0.0303787495940923,0.025317111518234,0.0338973049074411,0.0,0.007154616486128406,0.015403608818777049,0.0,0.07418274742945277,0.0,0.0426697556022971,0.029926452702347416,0.0250019418341076,0.03333545288251773,0.0
0905371f-9c90-40c8-85fb-f42a5a61bb63,ok,17760256.0,v1.14-1.15,0.0033745781777277,0.0,0.0,True,0.0,0.0,0.2127284198999403,4.0,actuator_motors,none,39158650,20578709,9.1,,B,,0.0,4.0,True,10.000368281507344,20.000975682905388,1.9999815966018968,896.672,869.6608940000003,,True,0.0,0.0004960370541084,0.0001427652008715,0.0001418862346326,0.0010187962907366,0.001553853508085,6.336813592910766,0.0008229570114053,0.0,,0.0,0.0004959140683975081,0.00014275501089004838,0.0001418761697328468,0.0010182776700116151,0.0015526475268398659,1.9929046329637987,0.0008226185679542016,0.0,,0.0
3885bced-89d4-464e-9bdd-e9ad9fb39001,ok,17761023.0,v1.14-1.15,0.0,0.0,0.0,True,0.2150537634408602,2.902529000000001,0.3376718759536743,4.0,actuator_motors,none,12113170,7726268,5.6,,C,,0.0,4.0,True,9.963302607089686,19.94635306361314,1.9830323828509195,353.812875,345.35027099999985,,True,0.0,0.0021271786419674,0.0002402820922725,0.0003104439616436,0.0071108818985521,0.009500818233937,0.0024881890742108,0.0105405730195343,0.0263357577845454,0.0126748882699757,0.0,0.0021249194007857473,0.000240253229154001,0.00031039578388767725,0.007085718795347916,0.00945596930429193,0.0024850986570761836,0.010485408485015875,0.025994942516879643,0.012595234238125714,0.0
5cd67b7e-210c-4ebd-a88b-66f0cfc40725,ok,17760384.0,v1.14-1.15,0.0,0.0,0.0,True,0.0,0.0,0.2559780061244964,4.0,actuator_motors,none,27936062,17161147,12.2,,B,,0.0,4.0,True,10.004271601275915,200.07664402720653,1.999978249163591,233.301699,226.31881900000005,,True,0.0,0.0112276937812566,0.0056607822887599,0.0049797927495092,0.0430190935730934,0.0556002050638198,0.0093967619352042,0.0109112810343503,0.0050777801778167,0.0021654785843566,9.920852661132804,0.011165131081775236,0.005644820270708054,0.004967434591990063,0.04211948224905558,0.054109519909820776,0.009352887008441913,0.01085218251253308,0.005064931728096884,0.0021631373149768457,2.3906740497897965
075e36ca-9a78-406d-a5f4-778206828ef0,ok,17825984.0,v1.16+,0.0,0.0,0.0,True,0.002854006586169,1.0002979999999866,0.3841009259223937,4.0,actuator_motors,none,37180528,23471429,11.1,,B,,0.0,4.0,True,10.001188464154856,20.001169329467903,2.0000007956167547,912.88088,911.036724,,True,0.0,0.0020537903183139,0.0029239505529403,0.0019247578456997,0.003028135979548,0.0029612756916321,0.0072803955990821,0.0058287109714001,0.0,0.0,0.0,0.002051684174204015,0.0029196841240504098,0.001922907872770318,0.0030235604104291926,0.002956899751552676,0.007254021451166315,0.005811789756348432,0.0,0.0,0.0
403eb6fe-073a-4d33-86fa-7f1f91ccf646,ok,17761023.0,v1.14-1.15,0.0,0.0,0.1146666666666666,True,0.0068212824010914,0.4964459999999988,0.3171202793717384,4.0,actuator_motors,none,2880000,2180398,2.6,,B,,0.0,4.0,True,9.97307737015832,19.93283903279288,1.999936512082536,74.673853,73.30051399999999,,True,0.0,0.0164744040928781,0.005325633380562,0.0147894197143614,0.0296217594295739,0.0545420661568639,0.0476206831634044,0.0293555890209972,0.0059137119911611,0.0028890647459775,0.0,0.016340173339205455,0.005311502344053342,0.014681122707520785,0.02919151094357035,0.05310661218167449,0.04652157683510565,0.028932964718902353,0.005896294630174583,0.002884899419095129,0.0
6c540cd4-1276-428d-af08-37f5f09f0bfc,ok,17826047.0,v1.16+,0.3206896551724137,0.0,0.0,True,0.0986378581493659,0.0420990000000003,0.9653878584504126,4.0,actuator_motors,none,11243804,7060921,4.1,,A,,0.0,4.0,True,10.00715007955648,160.24939785069222,2.00015703797052,136.733415,135.30407799999998,,True,0.0,0.0095693800598382,0.0021313743782229,0.0004464856232516,0.0214855005033313,0.0080262829083949,0.0005744728870922,0.0151732925325631,0.0097195051610469,0.3400659680366515,0.0,0.009523883561047828,0.00212910622214089,0.0004463859782046655,0.021257940855985206,0.00799424362313169,0.0005743079407116569,0.015059329479952161,0.009672574620146954,0.2927188426291675,0.0
698b9d56-aa1e-4f00-a23b-b4f6e7df4546,ok,17760511.0,v1.14-1.15,0.0,0.0,0.0,True,0.0004790419161676,0.1007590000000391,0.3283922553062437,4.0,actuator_motors,none,38791965,19203096,14.1,,B,,0.0,4.0,True,9.737853469267582,19.47453919618833,1.9492427507924937,828.233248,427.2551599999998,,True,0.0,0.0016653976228553,0.0,0.0,0.0,0.0,0.0,0.0,0.000270490636467,0.0,0.0,0.001664012386001047,0.0,0.0,0.0,0.0,0.0,0.0,0.00027045406047028627,0.0,0.0
a2b3185c-ee05-4813-9785-d0917e8ce78b,ok,17695743.0,v1.14-1.15,0.9610778443113772,0.0,0.0,True,0.4570372651678472,23.600186000000008,0.394441819190979,4.0,actuator_motors,none,14008285,9095988,5.2,,C,,0.0,4.0,True,9.948850660083314,19.894402046133823,1.987909936598332,331.60255,326.4967219999999,,True,0.0,0.0176060298457741,0.0027034564176574,0.0,0.0663503840565681,0.0,0.0088966772891581,0.0156148638576269,0.3846623569726944,0.4663656502962112,0.0,0.017452839142153308,0.002699808652260497,0.0,0.06424196222135498,0.0,0.008857335027187717,0.015494206284441503,0.3254563243394851,0.3827869927574146,0.0
cad13b61-ea31-4c37-b4d7-6cc26e2f375a,ok,17761280.0,v1.14-1.15,0.0,0.0,0.0,True,0.0,0.0,0.3678783304989337,4.0,actuator_motors,none,12985669,8534201,5.0,,B,,0.0,4.0,True,10.008360429217031,199.78078249591496,2.0001584260505227,118.691278,114.186308,,True,0.0,0.0082586839795112,0.0041660737944766,0.0039344860007986,0.0168513231910765,0.0194199725985526,0.0075353067368268,0.003932701377198,0.0408097691833972,0.0318558156490325,75.41644630432124,0.008224767657146765,0.004157419736349913,0.00392676615321627,0.01671091482686582,0.019233811235849163,0.007507058132198011,0.003924988522094233,0.03999903439750898,0.03135894378014886,4.297727875457657
3e68dc9c-0087-4d77-a104-5ec2c13f7792,ok,17891392.0,v1.16+,0.0,0.0,0.0,True,0.0034944670937682,0.1017430000000132,0.4907336589769941,4.0,actuator_motors,none,8221226,5897401,3.3,,B,,0.0,4.0,True,9.959966596570924,19.92052288937728,1.994383407220977,176.32042,172.57805099999996,,True,0.0,0.0204193851910531,0.0013477637665346,0.0014699584222398,0.0504121571779251,0.0975923664867877,0.0116455440409481,0.137423726171255,0.0340130377560853,0.0217097295448184,0.0,0.020213704744279568,0.00134685634818162,0.0014688790909435311,0.049182617795075545,0.09311902323387426,0.011578256588427666,0.12876581567937392,0.0334473850551824,0.021477429467831665,0.0
c6c51d96-8a30-4758-b5d7-8f4e2f5479e9,ok,17629696.0,v1.12-1.13,,,0.0,True,0.0066445182724252,0.301478000000003,0.4493345603346824,4.0,actuator_motors,none,20355405,10057374,10.5,,B,,0.0,4.0,True,9.97446909356171,19.942163890301096,1.9968218200522256,314.112993,121.29999399999998,,True,0.0,0.0016952673031482,0.0056502267252653,0.0,0.0053680782439187,0.0,0.0,0.0032488783472217,0.0027848384925164,0.0,0.0,0.0016938319594987795,0.005634324068532069,0.0,0.005353721467848894,0.0,0.0,0.003243612145048221,0.002780968013908445,0.0,0.0
d08d1f8e-78c8-4809-af71-ad9ac1b49f47,ok,17761023.0,v1.14-1.15,0.0,0.0,0.0,True,0.0,0.0,0.0813329428434372,4.0,actuator_motors,none,3182257,2340457,3.2,,B,,0.0,4.0,True,10.012739380776464,20.011787724583314,2.0000509512979843,80.367569,70.95412400000002,,True,0.0,0.0111889466643333,0.0,0.0,0.0,0.0,0.0,0.0,7.618407835252583e-05,0.0,0.0,0.01112681344123258,0.0,0.0,0.0,0.0,0.0,0.0,7.618117649301135e-05,0.0,0.0
de427e5e-6b01-4efd-b9af-31863b739599,ok,17826559.0,v1.16+,0.0742857142857142,0.0071428571428571,0.0,True,0.0,0.0,0.2626051515340805,4.0,actuator_motors,none,12946285,8193457,5.8,,C,,0.0,4.0,True,10.002600190208874,20.00261857137235,1.9999994391990128,349.547381,343.92113900000004,,True,0.0,0.0011524688510689,0.0014407395676244,0.0011534198420122,0.0023188926512375,0.0017556460166815,0.003344921558164,0.0034836184233426,0.021105047687888,0.0127644998021423,0.0,0.001151805268632349,0.0014397026981599718,0.0011527551643986955,0.002316208168890147,0.0017541066716468586,0.003339339751721951,0.003477564679897138,0.02088542094965365,0.012683720255286034,0.0
04c517ac-2ad1-400a-88b4-61b0dc58d59b,ok,17761023.0,v1.14-1.15,0.0,0.0,0.0,True,0.0,0.0,0.2865507043898105,4.0,actuator_motors,none,53744438,33165755,16.5,,B,,0.0,4.0,True,10.000739762874044,20.000707356213915,1.9999954206362087,1294.702952,1293.2150060000015,,True,0.0,0.0201653054915368,0.0003113111903076,0.0001609980950888,0.004992814688012,0.0047644458711147,0.0023491223109886,0.0011094386340118,0.1023830104619264,0.0139832224696874,0.0,0.019964678372583766,0.00031126274303351956,0.00016098513628636527,0.004980391921313653,0.004753131821438061,0.0023463674366868753,0.001108823661777757,0.09747420974878165,0.01388635914422446,0.0
13d90e81-3f70-45e1-8338-7666e04ecfe0,ok,17826047.0,v1.16+,0.0,0.0,0.0,True,0.0076861112975766,0.902275000000003,0.1523398160934447,4.0,actuator_motors,none,111267566,56217157,24.7,,C,,0.0,4.0,True,10.001066375233602,165.7461748273421,2.00000344843157,921.147209,209.63194600000008,,True,0.0,0.118056102097034,328712460697.5995,8515784802303.987,0.0089015895500779,0.015554445516318,0.0260061062872409,0.0050849844235926,0.001395004033111,1.4125305891036974,0.0,0.11159155424047269,26.51844922592939,29.77294259283131,0.008862203958835184,0.015434715092793535,0.025673698277885827,0.0050720995514222334,0.0013940319189485668,0.8806762335718424,0.0
a0165d56-6253-4497-9e30-71fe6b6f41f7,ok,17694720.0,v1.14-1.15,0.0,0.0,0.0,True,0.0,0.0,0.2697446234524249,4.0,actuator_motors,none,3989668,2884381,2.7,,B,,0.0,4.0,True,10.009683341613448,20.00794229188716,1.999946142864476,99.568738,93.011246,,True,0.0,0.0087452200241386,0.0002955721953185,0.0,0.0080601621419191,0.0,0.3618873178958892,0.0069672447629272,0.0009516162623185,0.0017695609712973,0.0494375858455895,0.008707202076929628,0.0002955285224626199,0.0,0.008027852532720429,0.0,0.30887147148237043,0.0069430856631302424,0.000951163762611112,0.0017679971428697719,0.048254388139074164
9922859c-fc46-411f-9416-29cc6abc5758,ok,17761280.0,v1.14-1.15,0.121311475409836,0.0557377049180327,0.0,False,0.0520570948782535,3.6987029999999934,0.526659781965592,4.0,actuator_motors,none,5275809,3826788,2.8,,C,,0.0,4.0,True,10.008327360617374,20.00747821041881,1.999999550000101,119.974681,118.73002900000004,,True,0.0,0.0071343085728585,0.0019643679261207,0.0012116685975342,0.0092753060162067,0.0137647278606891,0.0048291231505572,0.0195873323827981,0.1272275745868683,0.008438074029982,0.0104483319446444,0.007108979790998574,0.0019624410783920633,0.0012109351195674347,0.00923255451752147,0.013670854441277216,0.004817500338994889,0.019397969337894675,0.11976114420843395,0.008402672491110005,0.010394125376308667
4ce0e7e0-9554-4e8e-8794-77d2f7145372,ok,17760511.0,v1.14-1.15,0.0092592592592592,0.0092592592592592,0.0,True,0.0,0.0,0.3512958094477645,4.0,actuator_motors,none,11764784,7251904,4.8,,B,,0.0,4.0,True,10.008583203516949,222.0349529671416,1.99994032253547,106.352715,97.993505,,True,0.0,0.0004774266213644,0.0,0.0,0.0,0.0,0.0,0.0,4.098342033103105e-05,0.0,3.4942866477649625e-05,0.0004773126895362891,0.0,0.0,0.0,0.0,0.0,0.0,4.0982580533605144e-05,0.0,3.494225598991221e-05
4a8e48c0-8073-424e-9a5d-21c32a595315,ok,17760384.0,v1.14-1.15,0.0,0.0,0.0,True,0.0,0.0,0.064886637032032,4.0,actuator_motors,none,8516723,5797563,3.9,,C,,0.0,4.0,True,10.010064782497729,20.009571625756145,2.000047521129102,100.300724,95.381486,,True,0.0,0.001598743838258,0.0001501757651567,0.0003890914958901,0.001547779655084,0.0010521580697968,0.0012667317641898,0.0011230843374505,0.0048417737707495,0.001148089999333,0.0,0.0015974672078167248,0.000150164489905312,0.0003890158194234231,0.001546583078685603,0.0010516049394479212,0.0012659301364021049,0.0011224541500276033,0.004830090082133278,0.0011474314480123108,0.0
7b7a9454-fde3-44f0-a045-23ed173b5566,ok,17826240.0,v1.16+,0.0,0.0,0.0,True,0.0003176836324854,0.0062619999999995,0.4646503686904907,4.0,actuator_motors,none,19899299,11994716,11.7,,B,,0.0,4.0,True,9.9999253322063,199.41084719880885,2.000095688122193,158.120573,154.23999600000005,,True,0.0,0.0045563519001007,0.0009929293766617,0.000324187852675,0.0049243323504924,0.0044410330243408,0.0003848719177767,0.0006981648970395,0.0281189464032649,0.1256841599941253,0.0001020361160044,0.004546003151900774,0.0009924367483579557,0.0003241353151474678,0.004912247482974984,0.004431200736773795,0.00038479787357789945,0.0006979212933048943,0.027730866957440925,0.11839099302984264,0.00010203091067400014
83830e93-f166-4f99-bfa9-5d1128a1c7f5,ok,17826047.0,v1.16+,0.0,0.0,0.0,True,0.0,0.0,0.127707028388977,4.0,actuator_motors,none,12040336,7611652,9.0,,A,,0.0,4.0,True,10.00348383752996,20.00340018461568,2.0000432410782443,279.207724,273.23448,,True,0.0,0.0024338745046406,0.0037306847749277,0.0008532435283996,0.0196182476356625,0.0091467494145035,0.0028859313810244,0.0039103029761463,0.0,1.3720922231674202,0.0,0.0024309174292168486,0.003723743030100393,0.0008528797230685438,0.019428290216936685,0.009105171246484432,0.0028817750756775944,0.00390267761331893,0.0,0.8637723602984858,0.0
2f90c7ea-7f37-4814-918d-c73a79f06648,ok,17760767.0,v1.14-1.15,0.0,0.1853146853146853,0.0,True,0.0,0.0,0.1156667798757553,4.0,actuator_motors,none,15023717,9541141,9.3,,C,,0.0,4.0,True,10.006265780685212,188.28838928149528,1.999968000511992,139.846754,135.179484,,True,0.0,0.0102436805143952,0.0017488535377196,0.0010472506633959,0.0073259207652881,0.0060340261319652,0.0020202584913931,0.0097469402477145,0.0272004495374858,0.0029361569322645,0.0,0.010191569588799148,0.001747326073985674,0.0010467026789712402,0.007299216550421146,0.006015894298364526,0.002018220513573466,0.009699745249034266,0.026837091587309125,0.0029318548425155714,0.0
d9b0e445-2b05-4a86-ad30-0fcec5bab02c,ok,17761280.0,v1.14-1.15,0.0227133210558624,0.001841620626151,0.0,True,0.0,0.0,0.1933081701397895,4.0,actuator_motors,none,91490164,54064038,20.6,,C,,0.0,4.0,True,9.804146269139556,215.53994663519543,1.9627721438847865,834.849347,815.6520080000004,,True,0.0,0.0218522038310765,0.0107399217784404,0.0090209200978279,0.0053975172340869,0.0041377270594239,0.0051586501998826,0.0060282219201326,0.0208893267437815,0.0070026696659624,25.799584197998016,0.021616866677110252,0.010682658456076789,0.008980474652896593,0.005383002842302991,0.004129190207488264,0.005145389947724642,0.006010124882593979,0.020674136386277672,0.006978264841116026,3.288386372396378
b176f84b-5009-40e4-8743-31c63ce1c5df,ok,17760511.0,v1.14-1.15,0.0,0.1983471074380165,0.0,True,0.0,0.0,0.1063585102558135,4.0,actuator_motors,none,15347948,7496019,7.8,,C,,0.0,4.0,True,9.999977644074056,19.999965950186947,1.999913021024215,116.014843,97.442647,,True,0.0,0.0125393351539968,1.5046444787003555e-05,1.4238537733035608e-05,9.643503872212022e-05,0.0001075634267181,0.0836041718721389,0.0019516394473612,0.0,,0.0002493384672561,0.012461368778745175,1.5046331590388661e-05,1.423843636601943e-05,9.643038916269144e-05,0.00010755764218751523,0.08029268123259409,0.0019497374733379233,0.0,,0.00024930738758660397
baa6dc01-44d6-4fab-adae-6c658fbd33b1,ok,17891392.0,v1.16+,0.0273348519362186,0.0091116173120728,0.0,True,0.0,0.0,0.3899773389101028,4.0,actuator_motors,none,20862307,13547622,8.1,,A,,0.0,4.0,True,9.936246365722264,19.87023253804397,1.9886102926354847,439.026434,434.68005,,True,0.0,0.0033474716357886,0.0007471862365491,0.0004458162584342,0.0134144295938312,0.0159113984555005,0.0162497281096875,0.021799283940345,0.0448106933385133,0.0038416769821196,0.0,0.0033418813247435564,0.0007469072318833697,0.00044571691189183036,0.013325252752293383,0.015786139109018396,0.016119114337104577,0.021565077131720553,0.04383571430629247,0.003834316585922656,0.0
b563cdbe-7721-4a33-a182-4abe35eda4ab,ok,17694975.0,v1.14-1.15,0.3443456162642948,0.0,0.0,True,0.000255167134473,0.0977169999999887,0.4830026119947433,4.0,actuator_motors,none,14153022,8334200,5.9,,C,,0.0,4.0,True,10.002546417882163,20.002295676320283,2.000043480537095,392.337961,391.89614200000034,,True,0.0,0.0007707373821176,0.0,0.0,0.0,0.0,0.0,0.0,0.0427207298576831,,0.0,0.0007704405165886172,0.0,0.0,0.0,0.0,0.0,0.0,0.04183338355726891,,0.0
b97f96d0-c15c-4a33-a874-fa5c51fe47fc,ok,17760511.0,v1.14-1.15,0.0,0.0,0.0,True,0.0,0.0,0.3045017383992672,4.0,actuator_motors,none,2435686,1741439,2.3,,B,,0.0,4.0,True,10.014329789530798,20.014756652951604,2.000109359825613,65.774332,58.613937,,True,0.0,0.003064576187171,0.0,0.0,0.0,0.0,0.0,0.0,1.2626372575759888,0.0259969206526875,0.0,0.0030598899453564686,0.0,0.0,0.0,0.0,0.0,0.0,0.8165310610837454,0.025664745430903763,0.0
80b880d7-fb59-47ff-92dd-1b0281490a80,ok,17760384.0,v1.14-1.15,0.0,0.0,0.0,True,0.0,0.0,0.2401874423027038,4.0,actuator_motors,none,4466723,3030696,4.4,,C,,0.0,4.0,True,10.000157753248448,19.99984850209636,2.0000643074111664,131.220483,125.93320100000004,,True,0.0,0.0344128467142581,0.0011898042401298,0.0031225194688886,0.0011151667917147,0.0029115851270034,0.0375223226845264,0.0152966472320258,0.0,0.049937157332897,0.0,0.03383396788239774,0.0011890969840068527,0.0031176545295861003,0.001114545455114422,0.002907354672590308,0.036835488731761304,0.015180833075941137,0.0,0.04873031221919404,0.0
e7eb6c96-1450-41d4-844e-2cd7378f2412,ok,17695999.0,v1.14-1.15,0.0,0.0543209876543209,0.0,True,0.0,0.0,0.3833749726895008,4.0,actuator_motors,none,22308447,13886368,7.0,,C,,0.0,4.0,True,9.922135506594886,198.2629649027136,1.975636605480892,205.319466,196.58765599999987,,True,0.0,0.0022437015431933,0.00014779117555,0.0,0.0005626091733574,0.0,0.0066309492103755,0.0075177798280492,0.0025196950882673,0.0,0.0,0.0022411882036396415,0.0001477802555101252,0.0,0.0005624509681521123,0.0,0.006609061172360429,0.007489662154995324,0.002516525978941557,0.0,0.0
57a3b512-7aa6-40b5-b871-76b905f26972,ok,17826047.0,v1.16+,0.0,0.0,0.0,True,0.0058309037900874,0.3026119999999999,0.3044892102479934,4.0,actuator_motors,none,3306370,2589331,2.5,,C,,0.0,4.0,True,10.012538607739469,20.013270841807813,1.9998915321987407,76.127969,68.56699,,True,0.0,0.0132948528975248,0.0038319676183164,0.0094400886446237,0.0226839654147625,0.0395332477986812,0.0733929932117462,0.0366321347653866,0.0342853110283613,0.019211458414793,0.0,0.013207251914700971,0.0038246443328357176,0.009395809456002454,0.022430510027699052,0.038771812218755815,0.07082465308114028,0.035977126452521276,0.03371066745252976,0.01902924833025021,0.0
ddc6b899-97e6-4165-a785-229aa1c8eeb0,ok,17825984.0,v1.16+,0.0,0.0,0.0,True,0.0,0.0,0.2994498908519745,4.0,actuator_motors,none,41772236,26825907,9.8,,B,,0.0,4.0,True,10.000953762268963,20.00100647420661,2.0000119170260247,1011.454705,1010.0688899999988,,True,0.0,0.0015946319617796,0.0013830559561029,0.0008187199942767,0.0026846164721064,0.0023584107751958,0.0037755128461867,0.0045347355771809,0.0220149006694555,0.0061851280042901,0.0,0.0015933618862555815,0.0013821004151569722,0.0008183850258799332,0.002681019325839097,0.0023556340893571203,0.0037684034862619452,0.004524484642306689,0.021776071586631415,0.006166078608357115,0.0
5c25fcb5-1fa5-45f1-b1ab-9316064b41e4,ok,17760768.0,v1.14-1.15,0.0,0.0,0.0,True,0.0265282583621684,2.299324000000013,0.1677162881940603,4.0,actuator_motors,none,3713825,2707313,2.5,,C,,0.0,4.0,True,10.01014080753105,20.01043226537962,2.000068969411275,91.522781,86.67390799999997,,True,0.0,0.0146374394185841,0.2585116744041443,0.0917921774089336,0.6705580353736881,0.7007941067218786,4.417579200118808,0.0927306093275547,0.0,0.0,3.118769049644471,0.01453134613845897,0.2299298119937072,0.08782054548267496,0.5131577235303872,0.5310952635959442,1.6896490736327865,0.08867970976518572,0.0,0.0,1.4155543443613463
91a31f28-d304-491c-9a8d-75b451268c30,ok,17891583.0,v1.16+,0.0,0.0,0.0,True,0.0,0.0,0.1960556805133819,4.0,actuator_motors,none,8306877,2467828,3.2,,A,,0.0,4.0,True,9.998683894166488,19.99836823945528,2.000107098171677,60.061635,56.090444,,True,0.0,9.704636140668296e-05,0.0,0.0,0.0,0.0,0.0,0.0,0.0,0.0,0.0031968350638635,9.70416527131904e-05,0.0,0.0,0.0,0.0,0.0,0.0,0.0,0.0,0.0031917360508962453
8e2d1b52-4a31-438d-b245-ba69a1780560,ok,17891392.0,v1.16+,0.0,0.7373737373737373,0.0,True,0.0,0.0,0.1042211279273033,4.0,actuator_motors,none,2798119,2290392,2.5,,C,,0.0,4.0,True,10.015000578267712,20.015744037530496,1.999823095014151,63.344619,57.374552,,True,0.0,0.1058104075491427,0.0052892628591507,0.0075196138583123,0.084922221302986,0.0762840680778024,0.0355486541986465,0.0540575224906206,0.0539690077304839,0.0195658307522535,0.0,0.10057846665995401,0.005275323838181046,0.007491482498646362,0.08150829898786334,0.07351443068650365,0.03493138693862456,0.05264702404803275,0.05256304525657092,0.01937688055365412,0.0
d08e3e54-e09d-4dc4-b5ee-e02df4c353a6,ok,17761792.0,v1.14-1.15,0.0,0.0,0.0,True,0.0,0.0,0.2848555870354175,4.0,actuator_motors,none,13018448,7578683,6.8,,C,,0.0,4.0,True,10.009576635799316,221.14129579480988,2.000023024655308,102.866543,98.55569100000004,,True,0.0,0.0107779116369783,0.0054140274878591,0.0071656623622402,0.0624059708788991,0.2274210155010223,0.0317607596516609,0.0525148883461952,0.0291628274135291,0.0154244995210319,0.0,0.010720243935575812,0.005399424325276776,0.007140110992742747,0.06053611990392585,0.20491523279224283,0.0312668181415234,0.05118243217144758,0.028745682830634972,0.015306751190675356,0.0
d3299236-fbda-4af8-99cd-f59debbc12a2,ok,17761535.0,v1.14-1.15,0.0,0.1839285714285714,0.0,True,0.3774064656738103,15.599995000000009,0.7317636758089066,4.0,actuator_motors,none,11573125,7637604,6.5,,B,,0.0,4.0,True,10.003576609467643,20.00357632762903,2.000001125448662,279.264672,275.3201349999999,,True,0.0,0.0043984299991279,0.0002065617809421,0.0002113568494678,0.006387178832665,0.0032626967877149,0.0031843245029449,0.0056387570220977,0.0030952218105085,0.0002432570574455,0.0,0.004388785176940889,0.00020654044999481543,0.00021133451675561723,0.006366867249209752,0.0032573857416371066,0.0031792652789702732,0.005622918742633695,0.0030904414730767143,0.0002432274752447903,0.0
60fca266-22bd-430f-aee0-467168565ce1,ok,17695488.0,v1.14-1.15,0.0,0.0,0.0,True,0.0,0.0,0.2109254285693168,4.0,actuator_motors,none,16532699,9360821,9.3,,A,,0.0,4.0,True,10.00733659778906,164.27949270092162,2.0000019007110263,141.476622,137.49033399999993,,True,0.0,0.1357734367251392,0.0,0.0,0.0,0.0,0.0,0.0,0.007822158630006,,0.0,0.127313860905739,0.0,0.0,0.0,0.0,0.0,0.0,0.007791724153036222,,0.0
091e2539-e516-40be-946d-aeff1dbedd49,ok,17825984.0,v1.16+,0.0,0.0,0.0,True,0.0,0.0,0.0615786015987395,4.0,actuator_motors,none,68073982,30039349,14.7,,B,,0.0,4.0,True,124.99776956979464,249.99553913958923,100.0035686883286,223.692,219.492,,True,0.0,0.0002996211405843,0.0002514700754545,8.459244418190792e-05,0.0018571262480691,0.0025306832510977,0.0005317755858413,0.0013903646031394,0.1385451555252075,0.0518011599779129,0.0,0.00029957626313428885,0.0002514384621548303,8.458886644286663e-05,0.0018554039211744395,0.00252748646447271,0.0005316342433105697,0.0013893989412523421,0.12975126803219325,0.0505040850227676,0.0
b410ff33-6ddf-4118-87dc-370c576f156a,ok,17826047.0,v1.16+,0.0,0.0,0.0,True,0.0142465753424657,0.5987100000000112,0.6246530055999755,4.0,actuator_motors,none,9004408,6357434,3.8,,C,,0.0,4.0,True,10.005336179295623,20.0053172027302,1.999999946666668,188.191844,182.559769,,True,0.0,0.0056721428409218,0.0027032517828047,0.0003799105688813,0.0052885632030665,0.004509167629294,0.0033597846049815,0.0089674787595868,0.0139049219433218,0.0013089990534354,0.0,0.0056561168114448775,0.0026996045691168,0.00037983842113367564,0.005274627863048793,0.004499031790980272,0.003354153138835783,0.008927509692063467,0.013809135430855221,0.0013081430610884725,0.0
df0f6416-9fea-4961-9cb3-0c307e541db7,ok,17825856.0,v1.16+,0.0,0.0,0.0,True,0.0,0.0,0.0990729711949825,4.0,actuator_motors,none,4045670,2804654,3.1,,A,,0.0,4.0,True,10.009109624306069,20.00870397678899,2.00008442461624,104.599553,104.376008,,True,0.0,0.0002551375306211,0.0,0.0,0.0,0.0,0.0,0.0,0.0023211423191241,0.1353548765182494,0.0,0.00025510498857634793,0.0,0.0,0.0,0.0,0.0,0.0,0.0023184526295886823,0.1269452685992736,0.0
ce6d7213-961b-4c24-9b8e-667f7b91b76f,ok,17761280.0,v1.14-1.15,0.0,0.0,0.0,True,0.0071716718960107,0.1997649999999993,0.7329249921047484,4.0,actuator_motors,none,17291054,10871232,6.3,,C,,0.0,4.0,True,10.00211877366444,20.001871377302333,2.000020288774073,450.979163,446.1294660000001,,True,0.0,0.0016362903465051,0.0017134119872935,0.0006655029981629,0.0094106900505721,0.0052495488664135,0.0075265120947733,0.0083934421651065,0.1106624141335486,0.0018410523829516,0.0,0.001634953082025965,0.0017119457715565594,0.0006652816492427536,0.009366685367819297,0.005235818017641048,0.007498329226740753,0.008358413102535014,0.10495660681782586,0.0018393597232116239,0.0
250c7ae8-e9f2-466c-978d-3911fbfd829d,ok,17695743.0,v1.14-1.15,0.0,0.0,0.0,True,0.0001797160486431,0.0101050000000029,0.2750954508781433,4.0,actuator_motors,none,6647055,4034529,2.9,,B,,0.0,4.0,True,9.561613899523268,188.4548929309964,1.893007173489619,65.891683,61.52843399999998,,True,0.0,0.0085426941514015,0.0003453225595876,0.0,0.0022115644533187,0.0,0.00014604650205,0.0007975659333169,0.0290515925735235,0.0339301837142556,0.0,0.008506411825826277,0.0003452629494752695,0.0,0.0022091225442831806,0.0,0.00014603583829787597,0.0007972480466204101,0.028637594150433623,0.033367253220793716,0.0
8c9898cc-5841-4850-9e03-e325ef05974c,ok,17695743.0,v1.14-1.15,0.0,0.0,0.0,True,0.0001123613541148,0.0050659999999993,0.2821635097265243,4.0,actuator_motors,none,44841439,16725637,8.8,,C,,0.0,4.0,True,9.680879444384567,190.5172612617551,1.9425503492958405,87.318737,81.94974200000001,,True,0.0,0.0058426708448678,0.0004777203284902,0.0,0.0054390402510762,0.0,0.0011463179253041,0.0015720206662081,0.0020828776876442,0.0073343274882063,0.0,0.005825668636958963,0.0004776062564623121,0.0,0.005424302088470597,0.0,0.0011456614045842444,0.0015707863351472437,0.002080711505320394,0.007307562099429259,0.0
9b2f55e4-7039-4510-a8a3-dcc609ad328b,ok,17695743.0,v1.14-1.15,0.0,0.1387755102040816,0.0,False,0.008313539192399,0.1000000000000085,0.16504458617419,4.0,actuator_motors,none,19685207,8091169,5.0,,A,,0.0,4.0,True,125.0,226.4156788236752,125.0,96.756,84.1279999999997,,True,0.0,0.0001491136790718,0.0092438561841845,0.0,0.0038949481677263,0.0,0.0122682144865393,0.0077451536664738,0.0191046092659235,0.0,0.0,0.00014910256273220862,0.009201393226002729,0.0,0.0038873824960145484,0.0,0.012193569827555026,0.007715313940288796,0.018924407721218513,0.0,0.0
d7da7818-a085-4de4-a8fe-6e175b4c964b,ok,17826240.0,v1.16+,0.5743589743589743,0.0769230769230769,0.0,True,0.0,0.0,0.1783599577844141,4.0,actuator_motors,none,2944639,2146743,3.0,,C,,0.0,4.0,True,10.012281556619545,20.01274210368708,1.9999904636216304,75.605727,67.20937599999999,,True,0.0,0.0001027052334393,0.0007028388761682,0.0005808661109767,0.0021872311714105,0.004136064951308,0.0028163736336864,0.0045886139385402,0.1939336352050304,0.0186030097305774,0.0,0.00010269995961790837,0.0007025920005943346,0.0005806974735579404,0.002184842663490485,0.004127534947012812,0.002812415084225248,0.004578118344174921,0.1772534315203443,0.018432090235823383,0.0
3e74c9f9-221e-45ac-a743-aeca65ddbfd2,ok,17891583.0,v1.16+,0.0,0.1001564945226917,0.0,True,0.0012279983626688,0.297505000000001,0.2345103710889816,4.0,actuator_motors,none,26497372,15130747,10.6,,A,,0.0,4.0,True,10.001522400221704,20.00149274381076,1.9999940234370632,641.386204,244.34998600000003,,True,0.0,0.0052350519457831,0.0014997639460489,0.0014904117560945,0.0047478610649704,0.002936377574224,0.0044098881538957,0.0038871735567227,0.0457888793200254,0.05185956209898,0.0,0.005221396697900729,0.0014986404233076152,0.001489302194825102,0.00473662552178771,0.002932074838508043,0.0044001930894474045,0.0038796380192413797,0.04477150905693643,0.050559609300489,0.0
c1a6fcb2-c0dd-4603-9da6-3a0e17899eff,ok,17695488.0,v1.14-1.15,0.2294736842105263,0.0,0.0,True,0.0692438402718776,3.8987520000000018,0.8816687583543659,4.0,actuator_motors,none,8673346,5404379,2.3,,B,,0.0,4.0,True,10.004193756346211,20.00419115879364,1.999999941176472,238.469957,235.42000699999988,,True,0.0,0.7224605441093445,0.0,0.0,0.0,0.0,0.0,0.0,0.0007535571232438,0.0,0.0,0.5437538174658773,0.0,0.0,0.0,0.0,0.0,0.0,0.0007532733416296267,0.0,0.0
6c5fb646-c383-4096-a28c-69cedb6f17e3,ok,17825984.0,v1.16+,0.0,0.0,0.0,True,0.0002262635404587,0.0105879999999842,0.2736881822347641,4.0,actuator_motors,none,48096059,29172134,14.6,,B,,0.0,4.0,True,10.002703755506763,285.6806648069507,2.0000319580139694,376.591666,371.2473019999997,,True,0.0,0.0445344813168048,0.0034699195181019,0.0038830297882668,0.0176303940825164,0.0212731127627193,0.005705309798941,0.0291450997814536,0.054132616892457,0.011756479088217,0.0,0.043571313740346555,0.0034639132375673233,0.003875510287443187,0.0174767815563682,0.021049998772179498,0.005689096158984719,0.028728457388472784,0.052718264682798395,0.01168790859639442,0.0
674422ec-f9b9-4f80-ab30-c3533e3f9680,ok,17826559.0,v1.16+,0.0,0.0285714285714285,0.0,True,0.0079016681299385,0.198802999999998,0.4014962077140808,4.0,actuator_motors,none,5656596,3788673,3.5,,B,,0.0,4.0,True,10.00830073833163,20.00748020526545,2.000000333333389,120.249853,113.93000199999996,,True,0.0,0.0,0.0,0.0,0.0,0.0,0.0,0.0,0.0420596934854984,0.0,0.0,0.0,0.0,0.0,0.0,0.0,0.0,0.0,0.041199229104419886,0.0,0.0
772051f3-1e48-4d9c-ae42-cf44e868798f,ok,17760320.0,v1.14-1.15,0.1137724550898203,0.3473053892215569,0.0,True,0.0080645161290322,0.5,0.0614062190055847,4.0,actuator_motors,none,16959697,7206662,4.0,,C,,0.0,4.0,True,122.46881785588042,194.31401888447448,123.92061808816844,78.9,62.06399999999999,,True,0.0,4.180650648777373e-05,0.0087857851758599,0.0037181754596531,0.0064905625768005,0.0055431453511118,0.0124267479404807,0.0104258470237255,0.0,0.0263998303562402,0.0,4.180563262013686e-05,0.008747414744414999,0.0037112801320185957,0.006469589577644878,0.0055278386596783885,0.012350169668229643,0.010371872708474289,0.0,0.026057369038917623,0.0
66d3d20d-733c-4d2b-bac8-aee08920cbb2,ok,17760256.0,v1.14-1.15,0.0,0.08,0.0,True,0.0,0.0,0.5808064751327037,4.0,actuator_motors,none,4986856,3681100,5.2,,C,,0.0,4.0,True,10.007975340807391,20.007739711148844,1.999888236698541,122.046569,114.94258799999996,,True,0.0,0.0028113425010815,0.0007429196470184,0.0005652073217788,0.0066410001832991,0.011390446871519,0.010270132496953,0.0053974533686414,0.0194334583356976,0.0206267122179269,0.0,0.002807398068789695,0.0007426438188211075,0.0005650476522819167,0.006619045886970605,0.01132606416879001,0.010217753010450584,0.0053829393197197,0.019247039981908673,0.020416862358260044,0.0
1ccf1be6-2c88-402e-99e0-2f8039601997,ok,17695999.0,v1.14-1.15,0.3132022471910112,0.0126404494382022,0.0,True,0.0,0.0,0.1516391783952709,4.0,actuator_motors,none,39196487,24068112,10.7,,C,,0.0,4.0,True,9.917181280011002,200.0480079935404,1.9834397532094863,362.476233,350.57012099999986,,True,0.0,0.0032135216752067,0.0020899312570691,0.0,0.0016943833325058,0.0,0.0100420128554105,0.0072658293880522,0.0004375159944174,0.0,0.0,0.0032083693495507685,0.002087750388787377,0.0,0.0016929494844973541,0.0,0.009991926874586637,0.007239560416865405,0.00043742031220203023,0.0,0.0
fa1651f6-5f55-459a-a325-d2488862102e,ok,17826559.0,v1.16+,0.0,0.0,0.0,True,0.0,0.0,0.2223113864660262,4.0,actuator_motors,none,31221888,19303540,12.4,,B,,0.0,4.0,True,9.999780458170822,157.4811984647672,2.0000029144779314,304.32372,300.534123,,True,0.0,0.0001385466399369,0.0,0.0,0.0,0.0,0.0,0.0,0.0101799746975302,0.0,0.0,0.0001385370432375645,0.0,0.0,0.0,0.0,0.0,0.0,0.010128507748554134,0.0,0.0
84773db7-47ef-4013-b048-9f1a782164cc,ok,17825792.0,v1.16+,0.0,0.0,0.0,False,0.0091491308325709,0.5017320000000041,0.0958780467510223,4.0,actuator_motors,none,5829272,4226048,2.8,,B,,0.0,4.0,True,9.999891832640364,19.999827516534832,2.000000965517708,116.013944,109.20587799999996,,True,0.0,0.0334570840001106,0.0076089638285338,0.0002463730692397,0.0052242383360862,0.0032304145395755,0.0014522432582452,0.0015464299591258,0.0485865518450736,0.0138623256236314,0.0,0.03290957436227352,0.007580161674029423,0.0002463427243790787,0.005210639345340271,0.003225207960452669,0.0014511897728260337,0.001545235467622956,0.04744311620763759,0.013767122404214443,0.0
ae8790c5-c197-468f-a0a9-1b78ac9e125d,ok,17826240.0,v1.16+,0.0,0.0,0.0,True,0.0,0.0,0.1712138175964355,4.0,actuator_motors,none,3601633,2759075,6.1,,A,,0.0,4.0,True,10.011151149980572,20.01140421956124,1.999902404762648,83.371505,78.797571,,True,0.0,0.0003649401842267,0.0,0.0,0.0,0.0,0.0,0.0,0.2318888530135154,0.2220057286322116,0.0010320469737052,0.00036487360975430926,0.0,0.0,0.0,0.0,0.0,0.0,0.20854864433174697,0.20049354865348212,0.0010315147793621326
2e646bea-dea5-410d-a5ac-578fbbf42cc6,ok,17694975.0,v1.14-1.15,0.0,0.0,0.0,True,0.0,0.0,0.3794935017824172,4.0,actuator_motors,none,12557139,6687479,7.4,,A,,0.0,4.0,True,9.935761683841402,196.2691440591267,1.9786226189763427,93.721266,93.26468200000002,,True,0.0,0.0320540224201977,0.0,0.0,0.0,0.0,0.0,0.0,0.0091103652957826,0.0804180596023798,0.0050788917578756,0.03155101299569168,0.0,0.0,0.0,0.0,0.0,0.0,0.009069116257791809,0.07734805845968737,0.005066037691701033
eb79623b-519d-4528-a01b-48d7ef00bd0e,ok,17891583.0,v1.16+,0.0,0.0,0.0,True,0.0,0.0,0.0867001295089721,4.0,actuator_motors,none,64242093,27139188,12.3,,C,,0.0,4.0,True,10.000958527883125,20.000946942421773,1.9999874020211024,1030.182304,1026.5323019999996,,True,0.0,0.0001425197551725,0.0,0.0,0.0,0.0,0.0,0.0,3.3006597277562832e-06,0.5623596906661987,0.0,0.00014250960019703771,0.0,0.0,0.0,0.0,0.0,0.0,3.30065428059095e-06,0.4461973006227073,0.0
84d75fd0-ece3-40c5-ad5f-e6eba89fd42b,ok,17760256.0,v1.14-1.15,0.0,0.0,0.0374639769452449,True,0.0087351235886481,0.3626570000000022,0.2115222811698913,4.0,actuator_motors,none,21580000,15031838,9.9,,B,,0.0,4.0,True,10.014471490174486,199.97156814684428,2.000000116788328,68.692583,65.79006,,True,0.0,0.0,0.0,0.0,0.0,0.0,0.0,0.0,0.0,0.0,0.0,0.0,0.0,0.0,0.0,0.0,0.0,0.0,0.0,0.0,0.0
af14a6f8-ebba-4b10-bc9b-22f564e8bbf3,ok,17956992.0,v1.16+,0.0,0.0,0.0,True,0.0,0.0,0.062676228582859,4.0,actuator_motors,none,17494802,11150949,10.5,,B,,0.0,4.0,True,9.992265930490651,19.97830719858836,2.000505655708529,466.601819,457.67355600000025,,True,0.0,0.0150027567520737,0.0,0.0,0.0,0.0,0.0,0.0,2.4861390113830564,3.612290668487547,0.0040114285424351,0.01489132850195757,0.0,0.0,0.0,0.0,0.0,0.0,1.2487948233489619,1.528724624811047,0.004003404215145008
70cdc2f7-454c-4d20-8df9-b9631b51e3c4,ok,17761535.0,v1.14-1.15,0.0098389982110912,0.988819320214669,0.0,True,0.0003565380158659,0.1988039999999955,0.2646419882774353,4.0,actuator_motors,none,43745960,26366589,13.6,,C,,0.0,4.0,True,10.00088778081523,20.000799925439743,1.999997750335716,1125.754988,1121.8297050000008,,True,0.0,0.0158515910618007,0.0571862444281577,0.0300704349763691,0.0070279421051964,0.0045600100886076,0.0031793054309673,0.0022667752578854,0.0206165957264601,0.5813606113195413,0.0,0.015727266697201033,0.055610892339245495,0.02962718337570437,0.0070033612215658755,0.004549644741383707,0.0031742621260993495,0.002264209998696499,0.02040695027043836,0.4582856228698135,0.0
e7dd1aa5-2f42-4e46-8d97-d1206aeffdef,ok,17891520.0,v1.16+,0.0,0.0,0.0,True,0.0,0.0,0.2559525027871131,4.0,actuator_motors,none,13225023,8447365,4.9,,C,,0.0,4.0,True,10.00756442251762,200.00002019777187,1.999998970464665,118.392751,112.43040999999998,,True,0.0,0.0036201390088535,0.021043743006885,0.0894234050065278,0.0962782610207795,0.1687464877963064,0.0181020461022853,0.0505738917738198,0.1009363498538732,0.0997003141790627,0.0045636428985744,0.0036136020772822124,0.02082538156241531,0.0856485700459309,0.09192104409445426,0.15593179652217504,0.017940154855233845,0.0493365784520679,0.0961610448558528,0.09503770102995752,0.004553261054358175
ea084fb8-132a-4fbd-a258-f5c94c847716,ok,17760384.0,v1.14-1.15,0.0,0.0,0.0,True,0.0,0.0,0.153134748339653,4.0,actuator_motors,none,9058954,6361636,3.1,,A,,0.0,4.0,True,10.009043758046907,20.00812940943703,2.000033680567181,100.091562,91.18130800000004,,True,0.0,0.0058474782854318,0.0001226571330334,0.0223382264375686,0.0017709030071273,0.0137564381584525,0.0008958234102465,0.0105020003393292,0.0038847818505018,0.0023166367318481,0.0,0.005830448140965668,0.00012264961126231763,0.022092382664714524,0.0017693368071831496,0.013662677261797583,0.0008954223999270785,0.010447237413591406,0.003877255571160601,0.0023139574661002033,0.0
687c41e7-2801-4e22-a316-33e8478bdc95,ok,17761535.0,v1.14-1.15,0.0754716981132075,0.0,0.0,True,0.0,0.0,0.5521544963121414,4.0,actuator_motors,none,3172453,2352643,2.4,,C,,0.0,4.0,True,10.012858287781365,20.01259682515249,1.9998457487397487,76.089441,64.90540200000002,,True,0.0,0.000307466101367,0.0,0.0,0.0,0.0,0.0,0.0,0.1476084411144256,0.1057321727275848,0.0003365904442034,0.00030741884335183206,0.0,0.0,0.0,0.0,0.0,0.0,0.13768016054802634,0.10050771530089064,0.00033653381034775545
fbf78393-b995-44d4-84ed-a8f94f84ccae,ok,17761535.0,v1.14-1.15,0.0,0.0559006211180124,0.0,True,0.0,0.0,0.0931141525506973,4.0,actuator_motors,none,8991821,5647241,3.4,,A,,0.0,4.0,True,10.013091896685046,221.9298062680592,1.9999122841019847,78.847925,74.32525600000001,,True,0.0,0.0015489712357521,0.0004241028131218,0.0001590336571098,0.0038132373942062,0.0029710983624681,0.0016144699882715,0.0015928487177006,0.0152373509481549,0.0152373509481549,0.0,0.0015477728171918136,0.0004240129069424953,0.0001590210125983373,0.003805985434277367,0.0029666933726768276,0.00161316813261622,0.0015915814796823575,0.015122428455342911,0.015122428455342911,0.0
4287b232-f4a8-417d-aa49-b21eb88081fb,ok,17826047.0,v1.16+,0.0,0.0,0.0,True,0.3196004993757803,4.402313999999997,0.3161134719848633,4.0,actuator_motors,none,3959784,3123344,2.7,,C,,0.0,4.0,True,9.881454851078576,19.75177580367395,1.999948049542232,84.717131,80.13241599999999,,True,0.0,0.0056729236617684,0.0001525626561488,0.0001664685900323,0.0064075930975377,0.00192617647117,0.0082534703426063,0.0089004253037273,0.0183102009817957,0.050076962634921,0.0,0.00565689322804251,0.00015255101965028946,0.00016645473567408867,0.006387151746325992,0.0019243237719732036,0.008219596711964275,0.00886104998402296,0.018144587803948828,0.048863459230827175,0.0
967adbbb-7a99-40f6-8126-3e05cb146b3f,ok,17761280.0,v1.14-1.15,0.2389078498293515,0.0716723549488054,0.0,True,0.0357142857142857,1.0999959999999973,0.287957140803337,4.0,actuator_motors,none,4404965,3311111,4.7,,C,,0.0,4.0,True,10.008996675329907,20.009012868569297,2.0000046834280525,99.638823,95.24017300000004,,True,0.0,0.0081832030788063,0.003033420164138,0.0047648999374359,0.0102112497668713,0.0109760355204343,0.0058897578623145,0.0285183973610401,0.0460760582238435,0.0056139170657843,0.00188156706281,0.008149902220930033,0.0030288286282202457,0.004753583734541143,0.010159467167665536,0.010916236018953487,0.005872481042807149,0.02811931751631969,0.045046076406355676,0.005598217762359372,0.0018797991328092735
8662dc04-492e-426a-bd48-fedfb83a2819,ok,17695488.0,v1.14-1.15,0.0200400801603206,0.0,0.0,False,0.0,0.0,0.0160054296255111,4.0,actuator_motors,none,31129600,17030781,13.4,,C,,0.0,4.0,True,10.001184702989727,20.00215312456091,2.000395919238424,745.202026,743.4165890000003,,True,0.0,0.0,0.0,0.0,0.0,0.0,0.0,0.0,0.0001039343733282,0.0,0.0,0.0,0.0,0.0,0.0,0.0,0.0,0.0,0.00010392897252543656,0.0,0.0
393720cc-406d-4e83-a471-06b57e8272a4,ok,17694975.0,v1.14-1.15,0.2363636363636363,0.0,0.0,True,0.0014814814814814,0.1016979999999989,0.2740368038415908,4.0,actuator_motors,none,5828075,3974045,7.0,,C,,0.0,4.0,True,9.835192998461713,19.656826638166315,1.9642409927273976,139.854451,137.429111,,True,0.0,0.0018409127253107,0.0003590007429011,0.0,0.0090076982043683,0.0,0.0020039056893438,0.0037114188075065,0.0100124550983309,0.0183491427451372,0.0,0.001839220322205544,0.0003589363175531022,0.0,0.008967370880888729,0.0,0.0020019005486329755,0.0037045484865691897,0.009962662557657946,0.018182828625582733,0.0
67c11066-1264-4af4-b94a-a36d6820a6e5,ok,17760511.0,v1.14-1.15,0.0017953321364452,0.0,0.0,True,0.0025230745004849,1.640525999999909,0.1498588323593139,4.0,actuator_motors,none,140687828,73831068,28.9,,C,,0.0,4.0,True,10.000051215663298,247.3080866148063,2.00006116424847,1126.867903,1123.2125779999997,,True,0.0,0.0007917828857898,0.0,0.0,0.0,0.0,0.0,0.0,1.030063962936401,0.4843816459178923,0.0009278979443479,0.0007914695910840356,0.0,0.0,0.0,0.0,0.0,0.0,0.7080673013929686,0.39499828548079463,0.0009274677131701853
2614ee35-79e5-4304-b905-314be888c7c5,ok,17695743.0,v1.14-1.15,0.0,0.0,0.0,True,0.0017452006980802,0.1009480000000024,0.4130265042185781,4.0,actuator_motors,none,2892941,2245220,2.7,,C,,0.0,4.0,True,9.9991428227263,19.999753779466307,2.0000190230817005,65.960739,57.39456100000001,,True,0.0,0.0012618533102795,0.0029830114450305,0.0,0.017069764714688,0.0,0.010342965228483,0.0051603194791823,0.5253230631351468,2.547092843055725,0.0,0.001261057842496619,0.0029785710946090443,0.0,0.01692571325316691,0.0,0.010289842745633958,0.005147050658611698,0.4222062323022443,1.2661283505421637,0.0
bb87ed15-cdfb-4a30-8c31-d876ef1f88a2,ok,17761535.0,v1.14-1.15,0.2832764505119454,0.0546075085324232,0.0,True,0.0,0.0,0.1586333870887756,4.0,actuator_motors,none,55603870,24921578,14.2,,A,,0.0,4.0,True,8.50449663848359,170.56630162159,1.6899698000573022,166.531834,162.920386,,True,0.0,0.0328041952103376,0.0010501321638002,0.0017121439683251,0.0029877708991989,0.0064187230542302,0.0256674624979495,0.0033914181636646,0.002939063811209,0.0015048307599499,0.0,0.032277622519522264,0.0010495811607364308,0.001710679920709613,0.0029833163822376575,0.0063982107796894784,0.025343583587596922,0.003385680274478783,0.0029347532071939335,0.0015036996367656398,0.0
b48a234c-03d3-4dae-9f9d-cf335744cad3,ok,17891583.0,v1.16+,0.0,0.0543478260869565,0.0,False,0.955958549222798,73.70066999999999,1.0,4.0,actuator_motors,none,2942841,2033907,2.7,,C,,0.0,4.0,True,10.013306431001116,20.01266988079512,2.000070652177305,79.018681,76.66580600000002,,True,0.0,0.007876450731419,0.0,0.0,0.0,0.0,0.0,0.0,0.0086383903399109,0.0049118477385491,0.1424883648753169,0.007845593418187255,0.0,0.0,0.0,0.0,0.0,0.0,0.008601292934237349,0.004899823970982173,0.13320865981779467
a9ca40fb-70b4-498b-90f5-3e7a31a630e6,ok,17761535.0,v1.14-1.15,0.0,0.0,0.0,True,0.0120481927710843,0.2974639999999979,0.2728909313678742,4.0,actuator_motors,none,7562541,3745861,5.0,,C,,0.0,4.0,True,9.999906875867218,19.98599244428097,1.999959903242916,144.399502,66.31803999999998,,True,0.0,0.0159886832349001,0.0,0.0,0.0,0.0,0.0,0.0,10.33335642814636,0.0,0.0826132152229547,0.015862210545929387,0.0,0.0,0.0,0.0,0.0,0.0,2.4277502737235954,0.0,0.07937776223673225
1f8567a9-ea53-4632-a4eb-edff86a8c860,ok,17695743.0,v1.14-1.15,0.0072202166064981,0.0,0.0,True,0.0030228800750508,0.1547559999999919,0.2208473622415533,4.0,actuator_motors,none,16051790,9547709,5.4,,B,,0.0,4.0,True,10.006958373883416,159.26227244341945,1.999935436866875,138.300862,134.3137,,True,0.0,0.0040314571931958,0.0,0.0,0.0,0.0,0.0,0.0,0.0058625606121495,,0.0140472944825887,0.004023352644437669,0.0,0.0,0.0,0.0,0.0,0.0,0.005845442674398774,,0.013949545582877173
ebd943b4-d8b5-4b86-86e5-86b77ff478d4,ok,17695743.0,v1.14-1.15,0.0,0.0,0.0,True,0.0,0.0,0.1147233769297599,4.0,actuator_motors,none,10653884,6697026,3.9,,C,,0.0,4.0,True,10.013710024004798,159.97664722531798,2.000025289793467,76.117584,70.291208,,True,0.0,0.0078004986979067,0.0,0.0,0.0,0.0,0.0,0.0,0.0,0.0,0.0001618439971935,0.007770232102407214,0.0,0.0,0.0,0.0,0.0,0.0,0.0,0.0,0.0001618309018667005
6400e487-aa50-465e-98f2-4cb30de9b193,ok,18350080.0,v1.16+,0.0,0.0512820512820512,0.1445623342175066,True,0.0,0.0,0.1893099255859851,4.0,actuator_motors,none,5879925,3957945,3.5,,A,,0.0,4.0,True,10.006751035316668,20.00617433994259,1.99998604009744,150.276727,144.32392199999992,,True,0.0,0.0832946896553039,0.062233742326498,0.0,0.3025736510753631,0.0,5.554680919647216,0.1819376051425933,5.1730534076690695,4.42793626785278,0.0,0.08000703594989626,0.060373994954732925,0.0,0.2643420389779049,0.0,1.8801794386315234,0.16715513006317906,1.820193595191774,1.6915590005353762,0.0
fc74f4ed-8a19-4fb9-af7a-ffda09eff68c,ok,17695488.0,v1.14-1.15,0.1097560975609756,0.0,0.0,True,0.0,0.0,0.1357283055782318,4.0,actuator_motors,none,2879320,2004504,2.4,,A,,0.0,4.0,True,10.012406905812652,20.012331087197506,1.9998843337337544,79.967732,74.98124499999999,,True,0.0,0.0,0.0,0.0,0.0,0.0,0.0,0.0,8.828066311252769e-05,,0.0,0.0,0.0,0.0,0.0,0.0,0.0,0.0,8.827676660411044e-05,,0.0
5665cde1-948e-4f16-a9f9-7028b77ace97,ok,17891583.0,v1.16+,0.0281774580335731,0.0,0.0,True,0.0,0.0,0.248891222476959,4.0,actuator_motors,none,38751283,25359667,8.6,,A,,0.0,4.0,True,10.00129694589553,20.00126011936824,1.9999979442445373,825.015024,820.4005140000003,,True,0.0,0.0052055846899747,0.0015426973695866,0.0016213681665249,0.0055159402545541,0.0063176066614687,0.0018190174014307,0.0023921612882986,0.2047509104013443,0.0038285981863737,0.0,0.0051920824716823214,0.001541508634414908,0.0016200551682033842,0.005500783167620414,0.0062977342380245785,0.0018173649928139074,0.00238930462530938,0.1862728322145867,0.0038212877575260333,0.0
aef0e777-e6db-4d3d-b1a0-153099297f86,ok,17761280.0,v1.14-1.15,0.0290055248618784,0.0,0.0,True,0.0,0.0,0.2292560011148451,4.0,actuator_motors,none,39576018,24755487,12.6,,C,,0.0,4.0,True,9.980226792902505,197.11650821164253,2.000464278786865,362.200242,358.388728,,True,0.0,0.0128139741718769,0.1092199329286813,0.0147210771683603,0.0074218638474121,0.0038161653792485,0.0556787755340337,0.0066428040154278,0.0046250566840171,0.0007945402176119,0.6110717296600345,0.0127325698756588,0.10365700514316843,0.014613773909737374,0.007394457337311965,0.0038089022923770317,0.05418394917376194,0.006620837817273664,0.0046143939738043024,0.0007942247376298278,0.4768996281322693
358ddf93-4de4-4372-ad7a-64783e9b2e9c,ok,17629952.0,v1.12-1.13,0.0,0.0,0.0,True,0.0,0.0,0.1227572603151202,4.0,actuator_motors,none,6940248,4484714,2.9,,B,,0.0,4.0,True,10.007140718577196,20.006611249864864,2.00011276080554,140.760604,127.893816,,True,0.0,0.0005411718273535,0.0001090154877601,0.0,0.0015540189226157,0.0,0.0,0.001242761145113,0.0005080767063191,0.0,0.0,0.0005410254466891528,0.00010900954600363927,0.0,0.0015528126847257457,0.0,0.0,0.001241989556681686,0.0005079476790513309,0.0,0.0
845a6b84-c30f-4455-ae40-7ceadba53a3e,ok,17695488.0,v1.14-1.15,0.9965986394557824,0.0,0.0,True,0.0,0.0,0.4422922357916832,4.0,actuator_motors,none,23301676,12001302,9.7,,C,,0.0,4.0,True,10.002196050470168,20.00209520167283,1.999967609719976,435.138439,424.5937419999995,,True,0.0,0.009273316245526,0.0006192455475684,0.0,0.0033339164219796,0.0,0.0006854597304482,0.0022787807974964,0.0101945549249649,0.0393283763900399,0.0020489159505814,0.009230583031019975,0.000619053894160573,0.0,0.0033283712439804852,0.0,0.0006852249102275764,0.0022761883142552314,0.010142940941233193,0.03857471260719847,0.0020468197850514406
28a0d84e-a602-4eca-90e0-3e8f8e552fb9,ok,17695488.0,v1.14-1.15,0.0,0.0,0.0,True,0.0011587485515643,0.0980920000000011,0.133853393048048,4.0,actuator_motors,none,3756800,2392567,2.4,,C,,0.0,4.0,True,10.011130174759714,20.010903047787657,2.000143118812193,88.083534,86.30308599999996,,True,0.0,0.0098724907729774,0.0262862481176853,0.0,0.12016680277884,0.0,3106.8680419921875,0.2122513055801391,1.3458383083343506,6.747947466373439,0.0,0.009824076123946852,0.02594670210366441,0.0,0.11347760527041069,0.0,8.04169225305472,0.1924792139919293,0.8526428255774114,2.0474279652395535,0.0
48399b22-86b7-4249-b279-abe8ec0da2fb,ok,17761023.0,v1.14-1.15,0.0,0.0,0.0,True,0.0,0.0,0.3168385922908783,4.0,actuator_motors,none,26726552,8388431,10.3,,C,,0.0,4.0,True,9.95056802491322,195.54044243971163,2.000129208346859,61.353073,55.42244600000001,,True,0.0,0.0070530283264815,0.0,0.0,0.0925615131855011,0.0242386274039745,39.513427734375,0.0283966623246669,0.0644555166363716,0.0486929826438427,0.0,0.0070282720584733125,0.0,0.0,0.08852495137782959,0.02394953404317109,3.701633468159184,0.02800095090128413,0.06246341644290441,0.047544610354803236,0.0
5d329eef-98f0-4984-8677-a2d79ead95a9,ok,17826047.0,v1.16+,0.0,0.0,0.0,True,1.362138011823358e-05,0.0012499999999988,0.1756434574723243,4.0,actuator_motors,none,44891830,17416614,11.9,,C,,0.0,4.0,True,10.01019989369188,199.9694275941397,1.9999957128297028,97.734731,91.82003199999996,,True,0.0,0.0027600184548646,0.0003100176327279,0.000467069541628,0.0006642952066613,0.0007370042003458,0.0062813449185341,0.0025423761107958,0.0066965271253138,0.0034474960993975,0.0,0.0027562165977861996,0.0003099695871913181,0.0004669604986021046,0.0006640746602670401,0.0007367327461172191,0.006261699495076853,0.0025391497399265763,0.0066742049860045415,0.0034415671075962166,0.0
b6bf4fa6-4f26-4fa3-8272-a50da18e02b4,ok,17825792.0,v1.16+,0.0773638968481375,0.0,0.0,True,0.0361885648405141,0.0675550000000058,0.639393262565136,4.0,actuator_motors,none,18801129,11836117,5.2,,B,,0.0,4.0,True,10.0054688903014,160.68558365670893,2.000014911353777,169.388677,163.93102500000003,,True,0.0,0.0187327200546859,0.0038859797175973,0.0058036867063492,0.0353617973625659,0.0368088159710168,1.3462003469467163,0.0071098739746957,0.0389809507876634,2.9148311376571585,0.0,0.018559423519569827,0.00387844880209954,0.005786910195767604,0.034750928303682795,0.036147549638187684,0.8527971459654912,0.0070847179876127545,0.03824037776967497,1.3647721963687833,0.0
fe1dbd0f-6d8c-4d73-9fb0-22980636179a,ok,17760511.0,v1.14-1.15,0.0,0.1011673151750972,0.0,True,0.0,0.0,0.0756072282791137,4.0,actuator_motors,none,5432735,3544499,3.5,,A,,0.0,4.0,True,10.00705473941684,20.006987223669103,2.0001278983745525,127.726685,123.49710399999996,,True,0.0,0.0,0.0,0.0,0.0,0.0,0.0,0.0,0.0,0.0,0.0003440965156187,0.0,0.0,0.0,0.0,0.0,0.0,0.0,0.0,0.0,0.00034403732798978485
0d10957b-facd-4c8b-9c39-34e3c25e4d32,ok,17629696.0,v1.12-1.13,,,0.0,True,0.0109824873849807,2.1000489999999843,0.4652384810149669,4.0,actuator_motors,none,36565738,18531326,9.0,,B,,0.0,4.0,True,10.001477700597146,20.00137280201741,1.999996603556064,676.705397,673.8600239999988,,True,0.0,0.00263830893673,0.0018148986622691,0.0,0.016299371048808,0.0,0.0,0.0079776691272854,0.0025367041584104,0.0033393962774425,0.0,0.002634834709089462,0.0018132537236558196,0.0,0.01616796229767874,0.0,0.0,0.007946015760215216,0.002533492155204628,0.0033338328758547257,0.0
7f8a6ff7-4f32-42ff-9883-9f64dd2d666a,ok,17630207.0,v1.12-1.13,0.0,0.0,0.0,True,0.0,0.0,0.3039614588022231,4.0,actuator_motors,none,19606985,11088818,8.6,,B,,0.0,4.0,True,9.879171754991336,195.9050859767496,1.9643617912116569,140.222842,133.234617,,True,0.0,0.0043623837409541,0.0048076306702569,0.0,0.0066025940468534,0.0,0.0,0.0042768056737259,0.0002528554105083,0.0119671516586095,0.0003633910455391,0.004352896127402379,0.0047961109209717,0.0,0.00658089239520197,0.0,0.0,0.00426768613276425,0.0002528234479668092,0.011896111503108299,0.000363325035004385
21a3f166-853b-4895-8fee-3cc56d05922b,ok,17695743.0,v1.14-1.15,0.6086956521739131,0.0,0.0,True,0.0602218700475435,0.3014480000000006,0.6463898569345474,4.0,actuator_motors,none,2796438,1994683,3.4,,C,,0.0,4.0,True,10.013754117208936,20.01424787046872,1.9999425604732264,68.228762,63.07068900000001,,True,0.0,0.0047800057567655,0.0,0.0,0.0,0.0,0.0,0.0,1.156102800369262,0.622086253762245,0.0,0.004768617804481138,0.0,0.0,0.0,0.0,0.0,0.0,0.7683023329718548,0.483713131691341,0.0
8dd03b36-cff7-436a-8228-99b00e70a3fe,ok,17956928.0,v1.16+,0.0,0.0,0.0,True,0.0,0.0,0.2841917887330055,4.0,actuator_motors,none,62809270,34807228,16.8,,C,,0.0,4.0,True,10.00193819673903,183.6533219074012,2.0001185115086133,501.769541,53.06701,,True,0.0,0.0040608810028061,0.0008167853025952,0.0012818870542105,0.0013664730417076,0.0013195302395615,0.0056739375926554,0.0033643195638433,0.002741250465624,0.0007076405716361,0.0,0.004052657880111083,0.0008164519150049703,0.001281066138473237,0.0013655402670649868,0.0013186604246156117,0.005657901438915067,0.0033586729020183615,0.0027375000908141044,0.0007073903121023608,0.0
e5dbe9fc-451a-405b-a48d-4ddfb7d8ba63,ok,17760767.0,v1.14-1.15,0.0,0.0,0.0,True,0.0432766615146831,0.2031269999999949,0.6216835260391235,4.0,actuator_motors,none,2968815,2313086,3.2,,B,,0.0,4.0,True,10.012325641761802,20.01351353232601,1.999892450228232,72.151683,64.70209,,True,0.0,4.542422866821289,0.0,0.0,0.0,0.0,0.0,0.0,20.45345258712768,1.0025906443595871,0.0295408613979816,1.7124317457351341,0.0,0.0,0.0,0.0,0.0,0.0,3.0658855921942436,0.6944416645337173,0.029112937225481576
79c7131c-16cd-4802-aa9c-155a2097a144,ok,17694975.0,v1.14-1.15,0.0,0.0,0.0,True,0.0,0.0,0.2007584691047668,4.0,actuator_motors,none,33247018,18951521,14.3,,B,,0.0,4.0,True,9.933048157330616,162.644961972436,1.987228164587331,312.762613,310.31231400000013,,True,0.0,0.0019645196967758,0.0063208740437403,0.0,0.0521753152832387,0.0,0.0042901716893538,0.0090460232459008,0.0089310033246874,0.0133249655365943,0.0,0.0019625925514867803,0.006300981102578673,0.0,0.050859749939813306,0.0,0.004280995139413005,0.009005353062561837,0.008891357789252482,0.013236969021775331,0.0
579d36a4-e574-4211-a53e-1873c379d1c2,ok,17761280.0,v1.14-1.15,0.2540827952905431,0.0,0.0,False,0.0068525387898368,3.342399999999998,0.2258604526519775,4.0,actuator_motors,none,147085411,79724590,31.7,,B,,0.0,4.0,True,9.9674606452902,218.4675358016884,1.9955561450594137,1323.331894,1321.6976929999994,,True,0.0,0.0213856039568779,0.0461333759129039,0.0418261542916294,0.0023313958896324,0.0019092021160759,0.0104917725548147,0.0035769483773037,0.0233996201306581,0.0110187098849564,25.94956312179564,0.021160140709598173,0.045100867946953414,0.040975090920367406,0.002328682402891492,0.0019073819061134706,0.010437115873731398,0.0035705663118081694,0.023130046205140874,0.010958446182580673,3.2939670865295723
f39ec69b-9be5-439d-9d49-7f702ce80f33,ok,17695488.0,v1.14-1.15,0.0,0.0,0.0,True,0.0,0.0,0.2651112452149391,4.0,actuator_motors,none,3416150,2461725,3.3,,B,,0.0,4.0,True,10.01022752520451,20.00921508792663,1.9998421774034223,97.548065,93.55561800000002,,True,0.0,0.0,0.0018597004353068,0.0,0.0418673444539308,0.0,0.0143312683328986,0.0062092383857816,0.0186806073412298,0.0222409956157207,0.0002139925811206,0.0,0.001857973333382214,0.0,0.041014626641270285,0.0,0.0142295464243089,0.006190040493656868,0.018508267759698487,0.021997271826384134,0.00021396968797413008
c95dee01-7d4b-4381-891a-5b84ac746bb4,ok,17826559.0,v1.16+,0.0,0.0,0.0,True,0.0,0.0,0.1019373804330825,4.0,actuator_motors,none,15249762,6159109,5.7,,A,,0.0,4.0,True,10.010679305738982,197.7742362933749,2.0000426190899923,82.867709,79.37351899999997,,True,0.0,0.0149258531164377,0.0,0.0,0.0,0.0,0.0,0.0,0.4379734992980957,0.1233647875487804,0.0,0.014815558708577722,0.0,0.0,0.0,0.0,0.0,0.0,0.36323483026819003,0.11632845608941045,0.0
ce61a96b-7a46-42ad-ba87-22e6819061e0,ok,17826047.0,v1.16+,0.0,0.0,0.0,True,0.0,0.0,0.2931170508265492,4.0,actuator_motors,none,3080631,2429993,2.7,,A,,0.0,4.0,True,10.014360593090492,20.013906304883022,1.9997695559670507,68.208136,61.17547500000003,,True,0.0,0.0021791562903672,0.0037687969859689,0.000685135833919,0.0308078065514564,0.004744769539684,0.0023364359512925,0.006896530278027,0.0047108468599617,0.0019411671441048,0.0,0.002176785373073069,0.003761712864107372,0.0006849012355119411,0.030342773061396863,0.004733548600539711,0.0023337107288615684,0.00687285798854205,0.0046997855460600094,0.0019392855138099005,0.0
ad2d39cf-5851-4f43-9692-01d370649bc2,ok,17761023.0,v1.14-1.15,0.0718954248366013,0.0,0.0,True,0.0,0.0,0.1081487238407135,4.0,actuator_motors,none,2651201,1890158,2.5,,A,,0.0,4.0,True,9.84289625023218,19.685855628961,1.960526289993075,76.161276,71.83014800000002,,True,0.0,0.0041689860168844,0.0,0.0,0.0,0.0,0.0,0.0,0.0004429142398294,0.0,0.0,0.004160319872354186,0.0,0.0,0.0,0.0,0.0,0.0,0.00044281618227046913,0.0,0.0
ff411cea-225e-43f7-8c62-8a5abe06853f,ok,17695232.0,v1.14-1.15,0.1153846153846153,0.0029585798816568,0.0,True,0.0,0.0,0.1499566065147518,4.0,actuator_motors,none,6537460,4318627,8.0,,B,,0.0,4.0,True,10.006704987416644,20.00610043781253,1.9999985465849075,162.067826,157.87887499999997,,True,0.0,0.0010001714341342,0.0,0.0,0.0,0.0,0.0,0.0,0.0027655018260702,0.0028231497853994,3.0483801492664493e-05,0.0009996715959401964,0.0,0.0,0.0,0.0,0.0,0.0,0.002761684861490813,0.0028191721825312033,3.0483336871030036e-05
7af2a624-e86e-4fe1-bc25-07716be7b94e,ok,17629696.0,v1.12-1.13,0.0,0.6602564102564102,0.0,True,0.6087551299589603,27.898689000000005,1.0,4.0,actuator_motors,none,3696047,2678723,8.0,,C,,0.0,4.0,True,10.013456752457246,20.011832091811826,2.000160735497557,77.700017,73.08483099999991,,True,0.0,0.0001715271791908,0.0181417963467538,0.0,0.0018536876013968,0.0,0.0,0.0003202262814738,0.0001755341545504,0.0,0.0,0.00017151247008618286,0.017979197570693446,0.0,0.0018519716427752456,0.0,0.0,0.0003201750199813528,0.00017551875023332262,0.0,0.0
ffa677e0-9a58-4803-8ec6-3f11c25a3540,ok,17761535.0,v1.14-1.15,0.0,0.0,0.0,True,0.0,0.0,0.4245372414588928,4.0,actuator_motors,none,3056358,2229855,2.8,,B,,0.0,4.0,True,10.013100264239457,20.011952138414667,2.0000319501959343,79.570577,70.06645399999996,,True,0.0,0.0534837577491996,0.0,0.0,0.0,0.0,0.0,0.0,0.0224302977323531,0.0042111860588192,0.0,0.05210253672436725,0.0,0.0,0.0,0.0,0.0,0.0,0.022182438134327253,0.00420234383029577,0.0
85a7a1ba-46da-4590-ba94-54e47e10d5c1,ok,17826047.0,v1.16+,0.0,0.0,0.0,True,0.0019685039370078,0.1020630000000011,0.2731908857822418,4.0,actuator_motors,none,3757307,2729768,2.9,,B,,0.0,4.0,True,10.008991247244882,20.00817093351603,1.999983881903297,101.69193,101.524391,,True,0.0,0.0015231081051751,0.0,0.0,0.0,0.0,0.0,0.0,0.0002152755434508,2.275810134410858,0.0,0.0015219493524796033,0.0,0.0,0.0,0.0,0.0,0.0,0.00021525237499600414,1.1865652077822364,0.0
3871d43b-ea3c-48da-9b0b-187af0e97089,ok,17825792.0,v1.16+,0.0,0.0068093385214007,0.0,True,0.0,0.0,0.1075182855129242,4.0,actuator_motors,none,151451698,80209824,35.8,,C,,0.0,4.0,True,9.877339102920944,133.9443667559027,1.9747473014584125,1584.600196,1528.829642,,True,0.0,0.0040743412449955,0.005891868378967,0.0062539316713809,0.0098414739593863,0.0128463124856352,0.0042048143222928,0.0411404311656951,0.0106332015246152,0.0084973338991403,0.0,0.004066063593073515,0.005874579199610025,0.006234456994064553,0.009793362058356235,0.012764498540079041,0.004195998793684618,0.04031668078984127,0.010577066615862777,0.008461434778630355,0.0
6833d3e4-d0f4-4f99-904a-88a7e3bfacb2,ok,17761280.0,v1.14-1.15,0.0,0.0,0.0,True,0.0,0.0,0.2229028016328812,4.0,actuator_motors,none,17539019,11349078,4.3,,B,,0.0,4.0,True,10.001928751398951,20.00204160844716,1.9999838314560128,498.226763,493.45368399999984,,True,0.0,0.0113964801654219,0.0016273799352347,0.0032075917813926,0.0097655527293682,0.0085604526102542,0.0111888485029339,0.0095173474401235,0.0814140856266021,0.0411306999623775,0.0,0.01133202949694423,0.0016260571873889845,0.0032024584330693313,0.009718177897229266,0.008524019709569522,0.011126716365998037,0.00947234281342413,0.07826952324306324,0.04030733406916479,0.0
db30b83d-2cd2-4301-816f-ef20085ada32,ok,17761535.0,v1.14-1.15,0.0613207547169811,0.0,0.0,True,0.0,0.0,0.4232005417346953,4.0,actuator_motors,none,4212214,2982466,2.6,,B,,0.0,4.0,True,10.009828812174836,20.008244770147133,1.99997326351532,104.443727,94.902413,,True,0.0,0.0004162130222539,0.0,0.0,0.0,0.0,0.0,0.0,0.1000989619642495,0.0508103327825665,8.612335550424173e-05,0.00041612642964043554,0.0,0.0,0.0,0.0,0.0,0.0,0.09540014117972398,0.04956161203420054,8.611964710097863e-05
bff53469-acbb-4908-9fc3-c5160bd07898,ok,17826240.0,v1.16+,0.1082251082251082,0.0,0.0,True,0.1020966271649954,3.4015229999999974,0.3765619099140169,4.0,actuator_motors,none,5028886,3574071,4.4,,C,,0.0,4.0,True,10.00848151907127,20.008042287456764,2.000006062798648,111.688511,109.6981399999999,,True,0.0,0.0035867980215698,0.0001903729236801,0.0005987708136672,0.0040149426320567,0.0024719287524931,0.0018667968630325,0.0051470029633492,0.0455235335975885,0.0040467497659847,0.0,0.003580380801815625,0.00019035480505455874,0.0005985916219498291,0.004006904258443292,0.0024688785621491266,0.0018650565632893873,0.005133802419713464,0.04451774905224099,0.004038583697427735,0.0
c0ed4d38-2c3b-4362-82a5-9c74ba0ce297,ok,17826559.0,v1.16+,0.0,0.0,0.1015384615384615,True,0.15,4.797958999999999,0.999999999983938,4.0,actuator_motors,none,3233479,2838837,2.9,,A,,0.0,4.0,True,10.015022068728037,20.01456280021844,1.999969812955636,64.3237,57.97338699999999,,True,0.0,0.0497143976390361,0.011893567815423,0.0145425766706466,0.0112844968214631,0.0479311518371104,0.0229022081941366,0.1780068576335905,2.329127168655396,0.4378370344638824,0.0,0.04851812492157394,0.011823395191643894,0.014437847535817068,0.011221301858382033,0.046817888928934195,0.022643889237059987,0.16382390663315557,1.2027101581202295,0.36313992496569275,0.0
a2dda5f1-2a86-4a24-b3e4-652593b8c8f6,ok,17826047.0,v1.16+,0.0,0.0,0.0,True,0.0,0.0,0.0912391796708106,4.0,actuator_motors,none,5991322,4032178,4.1,,A,,0.0,4.0,True,10.007667625896229,20.00764410374997,2.0000012046339304,129.824753,124.49909399999996,,True,0.0,0.0045465247472748,0.0015103342942893,0.0013702495896723,0.0084420660510659,0.0076889322372153,0.05364176556468,0.0752545587718486,10.12237548828123,1.5791322171688074,0.0,0.004536220524101866,0.0015091948865624779,0.0013693116544091428,0.00840663110124709,0.00765952305169928,0.05225251147815227,0.07255743240473551,2.4089588890551554,0.947452992420629,0.0
502b2e0b-5e63-47fa-9b48-a0527c991459,ok,17761535.0,v1.14-1.15,0.0,0.0,0.0,False,0.2374154770848985,6.398649000000006,0.99999994135905,4.0,actuator_motors,none,6658136,4859352,5.3,,C,,0.0,4.0,True,9.834110231643873,19.66051122226301,1.9639736472283096,138.743165,135.18102100000004,,True,0.0,0.0236825592815875,0.0001008958213787,0.0001661963688093,0.0086072127334773,0.0025254872394725,0.0016973942692857,0.0040538302622735,0.0369699530303477,0.0257376279681919,0.0,0.023406477855591135,0.00010089073173766028,0.00016618255972278945,0.008570381867792506,0.0025223035556827377,0.0016959553237082012,0.004045635631339063,0.03630295392919871,0.02541199081793466,0.0
c16dec48-f6b2-4584-9851-66597a1d9120,ok,17695488.0,v1.14-1.15,0.0324357405140758,0.0,0.0,True,0.0,0.0,0.0688926979899406,4.0,actuator_motors,none,28311552,16123685,10.2,,B,,0.0,4.0,True,10.00118374347044,20.00114763559012,1.9999940865500865,821.050688,227.98747299999985,,True,0.0,0.0,0.0,0.0,0.0,0.0,0.0,0.0,0.0105406083166599,0.0,0.0,0.0,0.0,0.0,0.0,0.0,0.0,0.0,0.010485443413969668,0.0,0.0
fc265325-68a4-4bf4-b8e6-4fe9b92dcde9,ok,17760256.0,v1.14-1.15,0.0,0.0,0.0,False,0.0,0.0,0.1462141662836074,4.0,actuator_motors,none,82371883,42387381,16.3,,C,,0.0,4.0,True,10.000017167649895,20.00037120608955,1.999997091418512,1799.451135,1798.9116750000007,,True,0.0,0.0003533889321261,4.284607093723024e-05,1.888232654891907e-05,0.0009192626544972,0.0007048418890917,0.2878847807645797,0.0006867119198432,0.0,,0.0,0.00035332650496437104,4.2845153070550756e-05,1.8882148280035203e-05,0.0009188403913439073,0.0007045936047080301,0.2530011677526203,0.0006864762411022009,0.0,,0.0
8869d5f3-c41e-45c5-9bc9-1761e5f25c6d,ok,17694975.0,v1.14-1.15,0.0,0.0,0.0,True,0.001865671641791,0.1020639999999986,0.571309719234705,4.0,actuator_motors,none,12215788,7479854,4.3,,C,,0.0,4.0,True,9.935336679660358,19.87045474599184,1.984533864028758,324.316528,323.99208000000004,,True,0.0,0.0008400885679293,0.0,0.0,0.0,0.0,0.0,0.0,0.0313100913539529,,0.0,0.0008397358910343806,0.0,0.0,0.0,0.0,0.0,0.0,0.03082992737293277,,0.0
c973ccf7-4076-42f0-ab36-4a277fbff065,ok,17760511.0,v1.14-1.15,0.0,0.0,0.0,True,0.0,0.0,0.1382054716348648,4.0,actuator_motors,none,43987266,26538164,14.0,,C,,0.0,4.0,True,9.99803942082203,138.5258827343601,2.0010887754291904,448.236022,441.1538820000004,,True,0.0,0.003429451258853,0.0,0.0,0.0,0.0,0.0,0.0,3.692332174978217e-05,0.0,0.0,0.0034235841011455823,0.0,0.0,0.0,0.0,0.0,0.0,3.6922640100716765e-05,0.0,0.0
b1bbd34a-5164-4e03-9851-c949d91f1a8a,ok,17761023.0,v1.14-1.15,0.0,0.0,0.0,True,0.0,0.0,0.2385974287986754,4.0,actuator_motors,none,40828618,14727982,10.7,,B,,0.0,4.0,True,9.607066201126091,212.0644279814192,1.9255454436675343,81.343381,74.83470799999999,,True,0.0,0.0018874311645049,0.0021386227454058,0.0001636156230233,0.0055712751345708,0.0038010389544069,0.0008352170116268,0.0062308018095791,0.0240029254928231,0.0165198920294642,0.0,0.0018856522043959728,0.002136339147039565,0.0001636022394470729,0.0055558129839379106,0.0037938332594864644,0.0008348684119892723,0.006211470621628514,0.02371938353982009,0.01638492303346722,0.0
ec6764ec-3c7f-430b-8548-cb31a48075cc,ok,17826047.0,v1.16+,0.0,0.0,0.0,True,0.0,0.0,0.2316314697492401,4.0,actuator_motors,none,9436634,6226543,2.7,,B,,0.0,4.0,True,10.00398225215003,20.003536040855984,2.0000698713626943,236.534718,232.1116989999999,,True,0.0,0.0209629762917756,0.0059369104681536,0.0078372784191742,0.0157165901735425,0.0166294815018772,0.015309960860759,0.0361477136611937,0.0249923896044492,0.0070556493708863,0.0,0.020746276323056204,0.005919356458656829,0.007806726478221292,0.015594363563844391,0.016492725710383956,0.015193946033104115,0.03550971442766967,0.02468518778666059,0.0070308747426619305,0.0
f245f5ec-0df4-4bd4-b1ce-593e587c0b2f,ok,17760768.0,v1.14-1.15,0.345679012345679,0.0,0.0,True,0.3454545454545454,25.497391,0.8338033355772495,4.0,actuator_motors,none,2930501,2122728,3.3,,C,,0.0,4.0,True,10.01109223938351,20.01054600242208,1.9999702568525903,78.508849,77.01482,,True,0.0,0.0513907492160797,2.5078036308288563,5.724402713775633,0.0181712761521339,0.0208720643073319,0.2916668593883513,0.0270085219293832,0.0305033922195434,0.0080609414726495,0.0,0.050113810825488325,1.254990095414304,1.9057431057481016,0.018008151669923367,0.02065722702896915,0.25593352334107433,0.026650228798442983,0.030047413162020652,0.00802862563184528,0.0
707dd136-4813-4829-a062-11e1bf306c78,ok,17825856.0,v1.16+,0.9877398720682304,0.0,0.0,False,0.0078125,0.1477469999999989,0.241862915456295,4.0,actuator_motors,none,32571392,16252542,7.8,,A,,0.0,4.0,True,10.001109759911015,20.001059486388403,2.0000007270802858,944.210505,942.0194999999992,,True,0.0,0.0124267633538692,48.637088775634766,8.236997604370117,1.0856343507766724,1.1576244831085205,0.0883529037237167,16.439346313476562,0.0225207126699387,0.0096452012658118,0.0,0.012350184892430716,3.9047383118727583,2.223216898258931,0.7350730539544684,0.7690078401596661,0.08466545588058631,2.8587289357529384,0.022270865619567332,0.009598983262397508,0.0
f1e2104f-630e-4f63-af1d-3e02443a55af,ok,17695488.0,v1.14-1.15,0.0,1.0,0.0,True,0.0126213592233009,0.102248000000003,0.2390571027994155,4.0,actuator_motors,none,8208260,4607604,3.4,,C,,0.0,4.0,True,10.004407006438043,19.99964363569352,2.0000020435856234,207.057095,205.961774,,True,0.0,0.0012778149393852,0.0,0.0,0.0,0.0,0.0,0.0,0.311231537163257,,0.0,0.0012769992286864758,0.0,0.0,0.0,0.0,0.0,0.0,0.27096680029616727,,0.0
645dee94-514d-4660-9e53-87a311b01e64,ok,17826303.0,v1.16+,0.4227129337539432,0.1041009463722397,0.0,True,0.0,0.0,0.1352255821228026,4.0,actuator_motors,none,4646894,2912132,4.8,,B,,0.0,4.0,True,10.006091846555202,20.005893921411744,2.0000236925883583,156.655714,153.74396699999988,,True,0.0,0.0276047881692647,0.0,0.0,0.0,0.0,0.0,0.0,0.0,0.0,0.0,0.027230645807999148,0.0,0.0,0.0,0.0,0.0,0.0,0.0,0.0,0.0
6026d509-315f-4279-a8fc-58035d16d04d,ok,17825984.0,v1.16+,0.0,0.0,0.0,True,0.0,0.0,0.0853138931095599,4.0,actuator_motors,none,23472821,9971000,8.2,,C,,0.0,4.0,True,9.384374080943363,190.70822667325544,1.866242795094586,134.520902,128.205211,,True,0.0,0.0036924605141393,0.0018048074445687,0.0013030062778852,0.0427393123507499,0.0275058855302631,0.1171653375029563,0.1898321188986301,0.0,2.7322997450828552,0.0,0.0036856601168065786,0.0018031807365817476,0.0013021581019108947,0.04185120455857433,0.02713439538183605,0.11079452838392759,0.1738122206154317,0.0,1.317024597306133,0.0
d5934e2f-d86f-44d3-8289-63e8b5eca464,ok,17891392.0,v1.16+,0.0,0.0,0.0,True,0.0,0.0,0.2071571424603462,4.0,actuator_motors,none,130438528,44599749,34.5,,C,,0.0,4.0,True,9.926727538160172,200.4906429741569,1.9913146301617484,231.200703,225.3613219999998,,True,0.0,0.0008652358083054,0.0,0.0,0.0,0.0,0.0,0.0,0.0,0.0,0.0052372650243341,0.0008648617075780913,0.0,0.0,0.0,0.0,0.0,0.0,0.0,0.0,0.005223598248782401
385b0b89-cc6c-489c-b252-c30e8d74c85d,ok,17629184.0,v1.12-1.13,0.0,0.0,0.0,True,0.0009132420091324,0.1987419999999815,0.2282104879617691,4.0,actuator_motors,none,7574249,5104475,4.8,,B,,0.0,4.0,True,9.977721832439231,19.95604769564896,1.999957766896252,227.367595,219.4821590000001,,True,0.0,0.0609231019392608,0.0214507056400179,0.0,0.009054669458419,0.0,0.1685231961309909,0.1558699697256086,0.052704363875091,0.0884532809257507,6.897465937072411e-05,0.05913938003943995,0.021223877273175196,0.0,0.009013921725710815,0.0,0.1557407260029873,0.1448532809871811,0.05136243767843455,0.08475768017029385,6.897228072828319e-05
220cae11-04b5-415a-ba25-6138c815dbc6,ok,17761535.0,v1.14-1.15,0.3238610735227785,0.0,0.0,True,0.0,0.0,0.119043692946434,4.0,actuator_motors,none,46731213,28287939,7.8,,B,,0.0,4.0,True,10.000851126909197,20.0008037837044,1.9999912294951288,1114.198826,1109.5265319999994,,True,0.0,0.0065182706573978,0.0046702141640707,0.001909297297243,0.0030009698471985,0.0024831432034261,0.0067611595848575,0.0031014232197776,0.0386285347864031,0.0065225814003497,0.0,0.006497118598026305,0.004659342549273894,0.0019074769059022518,0.0029964759256904086,0.00248006529754283,0.006738405450700181,0.0030966237277270567,0.03790112632989544,0.006501401415185729,0.0
3183dec6-9b5c-4efb-9599-f756b960d481,ok,17760767.0,v1.14-1.15,0.0,0.0,0.0,True,0.0,0.0,0.1109088361263274,4.0,actuator_motors,none,11823064,7578940,14.2,,C,,0.0,4.0,True,10.003732134536932,20.003289742578986,2.000017784990603,283.871396,278.70649899999995,,True,0.0,0.0049003445776179,0.0015579521772451,0.0043374453671276,0.0087495213840156,0.0058422427857294,0.0033005428384058,0.00507956109941,0.0287510833702981,0.0209835620597004,0.0,0.004888376970137711,0.0015567398287757565,0.004328065763535762,0.008711466137488225,0.005825243064210965,0.0032951080022147893,0.005066703650678992,0.02834552610243793,0.020766439209340303,0.0
6193f443-00b6-49d4-a2ff-f43679193256,ok,17761023.0,v1.14-1.15,0.0,0.0,0.0,True,0.0,0.0,0.1614223182201385,4.0,actuator_motors,none,29231721,16471998,17.7,,B,,0.0,4.0,True,9.913794171745062,198.19016836285505,1.9891303050567195,92.395717,89.07000899999997,,True,0.0,0.0012267091777175,0.0,0.0,0.0,0.0,0.0,0.0,0.0032872002688236,0.0,0.0,0.001225957384772213,0.0,0.0,0.0,0.0,0.0,0.0,0.0032818092370566457,0.0,0.0
94bb1c74-163c-4d1c-b192-489e52501956,ok,17694975.0,v1.14-1.15,0.0006134969325153,0.0,0.0,True,0.0078431372549019,1.7013560000000325,0.3070122525095938,4.0,actuator_motors,none,29874632,18513447,17.4,,B,,0.0,4.0,True,10.001239114243514,20.00127471374949,1.999988527538337,819.470426,815.9946399999998,,True,0.0,0.0094396303407847,0.0126863563433289,0.0,0.1203029364347457,0.0,0.0390495516359805,0.0284681696444749,2.1560356736183155,3.9658243179321246,0.0,0.00939535543802933,0.012606558710126767,0.0,0.1135991276937584,0.0,0.038306402641073156,0.028070481303793225,1.149316706347601,1.602579309483176,0.0
7b763a41-c0e7-4523-b87e-963f57c45535,ok,17694720.0,v1.14-1.15,0.0,0.0615384615384615,0.0,False,0.0,0.0,0.2469721645116805,4.0,actuator_motors,none,19397238,3931724,14.4,,B,,0.0,4.0,True,10.010328019810732,20.0100196615188,98.96420983472348,95.408722,93.468455,,True,0.0,523.296630859375,,0.0,,0.0,,,0.0367255359888076,,0.0,5.778828308034865,,0.0,,0.0,,,0.03606722303817233,,0.0
2bfedcce-3c29-4ae1-b5be-9f80e60679ba,ok,17760256.0,v1.14-1.15,0.0,0.0,0.0,True,0.0,0.0,0.1460673213005066,4.0,actuator_motors,none,5442684,3847587,3.2,,B,,0.0,4.0,True,10.00745988083389,20.00761826078993,2.0001267550208603,124.584667,119.15234899999992,,True,0.0,0.0014558987168129,0.0002044930362899,0.0005185110698221,0.0024678673362359,0.0031427754438482,0.0134097700938582,0.0221438351087272,0.0183103706687688,0.0183103706687688,0.0,0.0014548399238150846,0.00020447213043897318,0.0005183766894071512,0.002464827152460787,0.0031378472478787917,0.013320654918920637,0.021902220732669824,0.01814475443977237,0.01814475443977237,0.0
e2cdd32f-d474-4238-b608-eafa817a8c62,ok,17694975.0,v1.14-1.15,0.0,0.0,0.0,True,0.0,0.0,0.0639606177806854,4.0,actuator_motors,none,2749710,2005426,2.7,,C,,0.0,4.0,True,10.013603380341449,20.01436726289748,2.000064692739989,69.7921,62.543712,,True,0.0,0.0085009665694087,0.0028350319364108,0.0,0.0054595056455582,0.0,0.0073333075037226,0.0027101880870759,0.0011397959373425,,0.0,0.008465036834484898,0.0028310208126914416,0.0,0.005444656565850341,0.0,0.007306549540865272,0.0027065221494354777,0.001139146863114403,,0.0
accdb259-c80d-49e0-a35b-a3212f7c9dc4,ok,17761280.0,v1.14-1.15,0.0,0.0,0.0,True,0.0,0.0,0.172196865081787,4.0,actuator_motors,none,7565746,5018501,4.1,,B,,0.0,4.0,True,10.005473444776785,20.00574770165097,1.9998806170972387,170.449706,164.70343200000002,,True,0.0,0.001101228618063,0.0001481427585531,0.0003579252079362,0.0006554785970365,0.0011400649673305,0.020597350411117,0.00376720050117,0.0009870314970612,0.0,0.1967978507280344,0.0011006227106159958,0.0001481317864982511,0.0003578611679895137,0.000655263864770726,0.0011394155867761177,0.02038809353532729,0.0037601223722796805,0.0009865447017682954,0.0,0.17964953238756148
7500c859-866b-4b32-89a5-9782acffcb64,ok,17760511.0,v1.14-1.15,0.0,0.0,0.0,True,0.0,0.0,0.2054398536682129,4.0,actuator_motors,none,3239757,2318552,3.0,,B,,0.0,4.0,True,10.013106297109667,20.012879065659305,2.0000224867393106,74.22679,65.34930100000001,,True,0.0,0.0009519776795059,0.0,0.0,0.0,0.0,0.0,0.0,7.559360819868737e-05,0.0,0.0,0.0009515248361298307,0.0,0.0,0.0,0.0,0.0,0.0,7.55907511458695e-05,0.0,0.0
5901eeac-c677-4e25-aab5-374c7d690ae3,ok,17825984.0,v1.16+,0.0,0.0,0.0,True,0.0,0.0,0.1449155688285827,4.0,actuator_motors,none,5080875,3961564,6.4,,C,,0.0,4.0,True,10.009458136049837,20.00943404268192,2.0000013270150983,105.859024,102.379989,,True,0.0,0.0403014365583658,0.0035386441159062,0.0018389660399407,0.0062941108830273,0.0034262118162587,0.0287594818510115,0.0315580163151025,0.0734515395015478,0.0182657008059322,0.0,0.039510514001541215,0.0035323978460303027,0.001837277212040461,0.0062743856922145265,0.003420355724881254,0.02835368983277828,0.031070296557391634,0.07087919479473341,0.01810088682935562,0.0
ceac31e6-b2c1-40a9-817d-057ee9b9d5b6,ok,17695743.0,v1.14-1.15,0.0,0.0,0.0756062767475035,True,0.0107444359171143,0.8033229999999918,0.7520026172323697,4.0,actuator_motors,none,4911941,3206223,3.7,,C,,0.0,4.0,True,9.999791938661662,19.999770473390218,1.9999988530472528,139.647172,130.33540600000003,,True,0.0,0.0025557050714269,0.0010426836612168,0.0,0.0179726761765778,0.0,0.0020085300318896,0.0133352359756827,0.0615992004051804,0.1740940779447554,0.0,0.002552444810882345,0.0010421404441776781,0.0,0.01781307707712873,0.0,0.0020065156323154716,0.013247104355839548,0.059776450837743966,0.1604968527308711,0.0
c5312309-9a21-4066-84d0-7115521bbecc,ok,17630207.0,v1.12-1.13,0.0,0.0,0.0,True,0.0,0.0,0.1946617618203163,4.0,actuator_motors,none,60976273,20090652,25.0,,C,,0.0,4.0,True,9.6335819362806,214.27399032286283,1.9233364526632264,130.103997,125.929951,,True,0.0,0.0,0.0115402203053235,0.0,0.0,0.0,0.0,0.0,0.1150796536356209,0.0,0.000375549007731,0.0,0.011474139865607823,0.0,0.0,0.0,0.0,0.0,0.10892584059871768,0.0,0.000375478506852867
558d60f8-8a59-405b-835c-3ab1f032ce24,ok,17825984.0,v1.16+,0.0,0.0987868284228769,0.0,True,0.4192913385826771,5.0,1.0,4.0,actuator_motors,none,84000348,35134651,26.0,,B,,0.0,4.0,True,124.99825800967152,249.98954222848133,100.00418077678832,286.992,253.9680000000048,,True,0.0,0.0002998306183144,0.000171494699316,9.530928218737245e-05,0.0017639647703617,0.0023205062840133,8.84671491803598e-05,0.0011792194563895,0.0768108814954757,0.0848477855324745,0.0,0.00029978567809730493,0.00017147999578108144,9.530474054630832e-05,0.0017624108116567289,0.0023178180671857276,8.846323619289662e-05,0.0011785247232346016,0.07400378525796888,0.08143968731906323,0.0
d616c83b-cf3c-4590-9fcd-fe96d71432f3,ok,17695488.0,v1.14-1.15,0.0184069611780455,0.0,0.0,True,0.0,0.0,0.2835901871323585,4.0,actuator_motors,none,166131071,85764321,35.7,,C,,0.0,4.0,True,10.00070028177974,146.40160800554753,2.0000046147811075,1503.376987,1494.668614000003,,True,0.0,0.0031859246315434,0.0025255540851503,0.0,0.0063641677144914,0.0,0.000824972812552,0.0037645949516445,0.0047870901413261,0.0302535349503157,0.0,0.0031808603271416573,0.0025223702329656822,0.0,0.006344001912948442,0.0,0.0008246327095189251,0.003757526598173982,0.00477566846188401,0.02980492238869575,0.0
829e7c68-79d9-470a-899f-af61434757ce,ok,17695743.0,v1.14-1.15,0.0,0.0,0.0,True,0.0,0.0,0.316211661696434,4.0,actuator_motors,none,6659702,4126918,2.9,,B,,0.0,4.0,True,10.006247435684037,20.006293964940728,1.9999782347196249,145.034482,140.21183899999994,,True,0.0,0.0017895953496918,0.1184492111206054,0.0,0.0453963037580251,0.0,0.1604741066694259,0.0177293671295046,0.4978106319904327,0.0243612081743776,0.0001137690233008,0.0017879959318568219,0.11194309288900305,0.0,0.0443960515701593,0.0,0.14882863426406753,0.017574035171136797,0.4040044632125513,0.024069206776147555,0.00011376255209627901
4fe154b2-6fe2-4dd3-9ce0-92039441607e,ok,17761280.0,v1.14-1.15,0.0,0.0198675496688741,0.0,True,0.0,0.0,0.1400408521294593,4.0,actuator_motors,none,8825376,5693121,2.8,,B,,0.0,4.0,True,10.003959036494065,20.003826174963912,1.999976558833306,222.421811,217.392406,,True,0.0,0.0078732958063482,0.0006998204742558,0.0010226337704807,0.0098219418898223,0.0122124524787068,0.0003457935119513,0.001119805406779,0.0038489690050482,0.0,3.5137599479639865e-05,0.007842463143631875,0.0006995757140931645,0.0010221112367765023,0.009774020152758172,0.012138482111721029,0.0003457337391538129,0.0011191788923769976,0.0038415806760783845,0.0,3.513698216865178e-05
94cb0a05-f1fa-4a71-8897-e6b4186e802e,ok,17761535.0,v1.14-1.15,0.0,0.0,0.0,True,0.0,0.0,0.1478663653135297,4.0,actuator_motors,none,34203795,15785405,13.5,,B,,0.0,4.0,True,125.0,250.0,125.0,156.984,152.76000000000002,,True,0.0,0.0003735338395927,0.0085116503760218,0.0064746481366455,0.0128451902419328,0.0155707783997058,0.0239876601845026,0.0203270018100738,0.0611922919750204,0.0262666959315538,0.0,0.00037346409319592526,0.008475630527874263,0.006453777640040957,0.012763390529603715,0.01545079768897799,0.023704475943635287,0.020123165928059326,0.05939307975621822,0.025927650525785478,0.0
0ae539bf-9dd1-4393-a645-98ab97a865d4,ok,18350080.0,v1.16+,0.0711111111111111,0.0711111111111111,0.1816192560175054,False,0.2293144208037825,5.2990020000000015,0.9999999781799273,4.0,actuator_motors,none,3572784,2642388,3.3,,C,,0.0,4.0,True,10.010827627646924,20.01067367795545,1.9999095289545687,91.046886,84.22501099999998,,True,0.0,0.2121799156069755,0.0323991101235151,0.0,0.2920897901058197,0.0,0.8729885220527649,0.274534543603658,0.9814294099807738,1.1915972828865034,0.0,0.19242032185049807,0.03188532691262356,0.0,0.256260899931535,0.0,0.6275352953346667,0.2425810481180955,0.6838185084772074,0.7846306308960399,0.0
dd152b77-5609-44e0-8e6a-90f703990876,ok,17761535.0,v1.14-1.15,0.0,0.0,0.0,True,0.2567049808429119,1.0007719999999978,1.0,4.0,actuator_motors,none,3782762,2888165,3.5,,A,,0.0,4.0,True,10.011289864836654,20.010151224839795,1.999922722985984,87.583371,78.327693,,True,0.0,0.0272715580649673,0.0001988810909097,0.000160425370268,0.0099455371964722,0.0075137900421395,0.0019295182719361,0.0017563936708029,0.0576739711686968,0.0247284919023513,0.0171391428448259,0.02690631475243064,0.00019886131668730845,0.00016041250349437339,0.009896405831390924,0.00748570213176853,0.001927659142653707,0.0017548530151742145,0.056072130151171566,0.02442769155296654,0.016993924664401003
b2adcdc1-1c9c-4213-bdd2-764bba6211d7,ok,17826303.0,v1.16+,0.0,0.0,0.0,True,0.0018796992481203,0.1989919999999969,0.2784847017377613,4.0,actuator_motors,none,3904753,2399152,2.5,,A,,0.0,4.0,True,10.009330190756138,20.00844930835212,2.000044936789452,109.470755,106.44167200000004,,True,0.0,0.7639211475849145,0.0,0.0,0.0,0.0,0.0,0.0,0.0,0.0,0.0,0.5675392556699025,0.0,0.0,0.0,0.0,0.0,0.0,0.0,0.0,0.0
063f5016-010d-4f4c-85d9-26b925622d1c,ok,17826559.0,v1.16+,0.0,0.2516129032258064,0.0,False,0.0227497527200791,1.1999999999999955,0.0654990673065185,4.0,actuator_motors,none,43397784,17835944,7.5,,C,,0.0,4.0,True,124.89076030825454,249.9933697554765,99.91790471650644,151.0,100.28,,True,0.0,0.0003271794295869,0.0007461546687409,0.000134609491215,0.0036981095559894,0.0027699992060661,8.003573748283088e-05,0.0006967599620111,0.075058527290821,0.0151577517390251,0.0,0.00032712591806892134,0.0007458764337416847,0.0001346004321703839,0.003691288360691293,0.002766169828217747,8.00325347940789e-05,0.0006965173374829325,0.07237510408906721,0.015044020849783549,0.0
64c179f1-2c15-4daf-b492-45fb649325af,ok,17760256.0,v1.14-1.15,0.0,0.298780487804878,0.0,True,0.0177850967476327,0.4399999999999977,0.0639229476451873,4.0,actuator_motors,none,23964945,9222964,8.0,,A,,0.0,4.0,True,125.00680050051685,250.0,125.00680050051685,73.344,48.704,,True,0.0,0.0010416868608444,0.0074601070955395,0.0037429109215736,0.0045310617424547,0.0072525045834481,0.0167315751314163,0.0198745932430028,0.0917802974581718,0.0366964824497699,0.0,0.0010411446815743867,0.0074324181198128815,0.0037359236601941194,0.004520827385554715,0.0072263316421458165,0.016593144304801154,0.01967967193650163,0.08780966427685408,0.036039198315003344,0.0
dc614b3f-58a0-4dae-a8fc-59b8a26c7083,ok,17694975.0,v1.14-1.15,0.0,0.0,0.0,False,0.0,0.0,0.1332708597183227,4.0,actuator_motors,none,9275240,5712803,6.5,,B,,0.0,4.0,True,9.914298810848042,217.72173071958167,1.987726394474328,81.424577,77.06093000000001,,True,0.0,0.0018661259207874,0.0044634188641793,0.0,0.0046222383156418,0.0,0.0053172077285125,0.0045855984091758,0.0012465842883102,,0.0,0.0018643868709990916,0.004453487351568623,0.0,0.004611588576596786,0.0,0.005303121291111188,0.004575116584202223,0.0012458079472323505,,0.0
16153a76-7dbb-4c6f-aac3-4c6519f7956f,ok,17694975.0,v1.14-1.15,0.0,0.0,0.0,True,0.0,0.0,0.360934482514858,4.0,actuator_motors,none,14058802,8702560,11.6,,C,,0.0,4.0,True,10.007996438535953,219.955345051411,1.999846127541757,121.448178,118.83075999999996,,True,0.0,0.0036165823927149,0.0147021272219717,0.0,0.0188059972599148,0.0,0.0046766021754592,0.010894560161978,0.0621585831046104,0.1719203740358352,0.0,0.0036100582838664358,0.014595098705523531,0.0,0.01863135069782445,0.0,0.004665700845747729,0.010835641980270313,0.060303236629145676,0.15864374860431663,0.0
78d77df7-6edd-42c6-81d1-1fd45fed372c,ok,17695488.0,v1.14-1.15,0.3474576271186441,0.0,0.2746987951807229,False,0.4326683291770573,41.40097299999999,1.0,4.0,actuator_motors,none,7374190,4681866,3.9,,B,,0.0,4.0,True,10.006178286703022,20.006016172479534,2.000003175762618,165.665655,160.06358399999996,,True,0.0,5.073962926864624,0.0,0.0,0.0,0.0,0.0,0.0,0.0,0.0,0.0008991917711682,1.8040112630265015,0.0,0.0,0.0,0.0,0.0,0.0,0.0,0.0,0.000898787740430135
6589ad78-37f6-455c-a2eb-1bfee71c18be,ok,17761024.0,v1.14-1.15,0.0,0.0,0.0,True,0.0,0.0,0.0852338537573814,4.0,actuator_motors,none,8489276,5087285,7.2,,B,,0.0,4.0,True,10.004549173336194,20.00477622653175,1.9999677332394743,217.0976,212.132795,,True,0.0,0.0037363069830462,0.0,0.0,0.0,0.0,0.0,0.0,0.0850707568228243,0.0404621899127959,0.0,0.0037293443258044796,0.0,0.0,0.0,0.0,0.0,0.0,0.0816451985276937,0.03966502780859247,0.0
6b776cc9-c250-4e0b-a00b-905285a97df4,ok,17825792.0,v1.16+,0.0,0.0471204188481675,0.0,False,0.0118056667200256,0.6818749999999909,0.0648804284632205,4.0,actuator_motors,none,10542040,6145492,8.4,,C,,0.0,4.0,True,10.011025881636346,160.975866742616,1.9999958288857045,93.86826,87.42159599999987,,True,0.0,0.0,0.0,0.0,0.0,0.0,0.0,0.0,0.0032560833729803,0.0,0.0,0.0,0.0,0.0,0.0,0.0,0.0,0.0,0.0032507938125706922,0.0,0.0
697f6dce-243c-4b83-937f-653e8f4f218d,ok,17826240.0,v1.16+,0.0671140939597315,0.0671140939597315,0.0,True,0.2185886402753872,2.4988790000000023,0.3124650716781616,4.0,actuator_motors,none,3026121,2234535,3.8,,A,,0.0,4.0,True,10.012898284089207,20.01224278382069,2.000079341078413,72.778887,58.07167499999999,,True,0.0,0.0002183272990805,0.0,0.0,0.0,0.0,0.0,0.0,0.6104095280170441,0.0,0.0,0.00021830346914415876,0.0,0.0,0.0,0.0,0.0,0.0,0.4764885118789996,0.0,0.0
20de7a24-7662-460b-b299-2080f92e1ab0,ok,17761535.0,v1.14-1.15,0.0,0.0,0.0,True,0.0,0.0,0.1640109717845916,4.0,actuator_motors,none,7066538,4521621,3.0,,B,,0.0,4.0,True,10.00542861671016,20.005489768618645,1.999986857229224,185.844193,179.82269100000013,,True,0.0,0.0002755137349595,0.0,0.0,0.0,0.0,0.0,0.0,0.0126953833736479,0.0,0.0,0.00027547578802019967,0.0,0.0,0.0,0.0,0.0,0.0,0.012615472615236155,0.0,0.0
c237126a-d4e1-400d-8152-01be4988660f,ok,17761280.0,v1.14-1.15,0.0145477545857052,0.0,0.0,True,0.0,0.0,0.1982588738203048,4.0,actuator_motors,none,85177434,51627717,22.7,,C,,0.0,4.0,True,9.978926956788566,198.30633171284688,2.000934858493211,791.329008,787.4721959999996,,True,0.0,0.0072055642493069,0.0053614739328622,0.009653328359127,0.0036744894459843,0.0032751708291471,0.0058125433512032,0.0036168009508401,0.0201124675571918,0.0080752384848892,0.0108819417655467,0.00717972820584109,0.005347152398379183,0.009607032684705316,0.003667755001694629,0.0032698191391160947,0.0057957156972561295,0.003610276054382823,0.01991288352871027,0.008042808217706362,0.010823159496257432
4f70558f-6b4a-4021-85ed-9079ca995090,ok,17761023.0,v1.14-1.15,0.0,0.0,0.0,True,0.0224824600297331,1.2310230000000004,0.3395014524459838,4.0,actuator_motors,none,81186645,28433815,19.1,,B,,0.0,4.0,True,9.993146389427316,197.4049932738841,2.0000884079482137,149.038787,145.67235800000006,,True,0.0,0.0288967259228228,0.0,0.0,0.0,0.0,0.0,0.0,3.2460803627967816,0.1308596335351467,0.0,0.028487088280484282,0.0,0.0,0.0,0.0,0.0,0.0,1.445996289808688,0.12297808115176032,0.0
a6c2aec1-d22b-4c8f-b01c-061275525daa,ok,17761535.0,v1.14-1.15,0.0,0.0,0.0,True,0.0,0.0,0.2530652433633804,4.0,actuator_motors,none,3026153,2295155,2.6,,A,,0.0,4.0,True,10.012612305325518,20.01382789203325,2.000069944475015,69.38778,63.588618,,True,0.0,0.0179754605516791,0.012877953145653,0.0052729194518178,0.0341745004057883,0.0339946083724498,0.0850622117519378,0.0173393119126558,1.095187997817992,1.494623279571533,0.0,0.01781581228933878,0.012795737401712078,0.005259066288449882,0.0336035243288718,0.03342956173265215,0.0816373233688806,0.017190701453074008,0.7396432857766644,0.9141377276516314,0.0
985554ed-158c-4d44-a608-c252a834b114,ok,17760767.0,v1.14-1.15,0.0,0.0,0.0,True,0.0034129692832764,0.1997590000000002,0.6641475312709468,4.0,actuator_motors,none,2649282,2120489,3.1,,A,,0.0,4.0,True,10.016294619724087,20.014876072132,1.999884631655312,64.156626,58.56650600000001,,True,0.0,1.2929430723190307,0.0024955755565315,0.0008065536734648,0.0180300094187259,0.0103901633992791,0.0981596946716308,0.1903606086969373,0.0,0.0,0.0,0.8298361768423418,0.0024924667789044358,0.0008062285838404535,0.01786939649415984,0.010336556653706256,0.09363577392490477,0.1742562937367927,0.0,0.0,0.0
300f07a5-997b-4bd5-a51b-649d689ddebc,ok,17760511.0,v1.14-1.15,0.0,0.0,0.0,True,0.1086691086691086,5.502409999999998,0.4665349334478378,4.0,actuator_motors,none,15879338,9800283,6.3,,C,,0.0,4.0,True,10.0025863031425,20.0023207359586,2.0000286678896027,411.274639,409.4357409999999,,True,0.0,0.0053328608395531,0.0,0.0,0.0,0.0,0.0,0.0,0.442636780440807,0.2819292604923224,0.0,0.0053186914903075744,0.0,0.0,0.0,0.0,0.0,0.0,0.3664725367008686,0.24836617795291055,0.0
0d6ec2cd-8012-48ed-9163-b402942edc68,ok,17695488.0,v1.14-1.15,0.0,0.0,0.0,True,0.0,0.0,0.1682742536067962,4.0,actuator_motors,none,10795763,6684890,3.8,,B,,0.0,4.0,True,10.003189275797215,20.00305387113294,2.000001028571958,297.871817,292.090205,,True,0.0,0.0197573965415358,0.0004165980353718,0.0,0.0022309524938464,0.0,0.0416789995506405,0.0213192794471979,0.0408433945849537,,0.0,0.019564752478302343,0.0004165112825034756,0.0,0.002228467614410543,0.0,0.040833834018782864,0.021095202783182897,0.04003134083754873,,0.0
4ec43bb2-c5b2-4b9a-9557-d6006585c577,ok,17629184.0,v1.12-1.13,0.0,0.0,0.0,True,0.0248313299728576,0.7167589999999997,0.4297620892524718,4.0,actuator_motors,none,50421269,21368148,18.1,,A,,0.0,4.0,True,9.57242149844541,192.11297584347864,1.918738181953709,86.31498,84.20858000000004,,True,0.0,0.1022817771881818,0.0074756676331162,0.0,0.2405847609043121,0.0,0.0528092524036765,0.3984547257423401,0.0929155237972736,0.148850176855921,0.0,0.09738237422404988,0.007447863314416272,0.0,0.21558284983184017,0.0,0.05146206992765044,0.33536785969454486,0.08884891782440225,0.1387615959832624,0.0
538cdcfa-6b4f-4988-9e91-d2230c491821,ok,17826240.0,v1.16+,0.0,0.0,0.2689189189189189,True,0.0596455351056578,6.4029370000000085,0.242581636458635,4.0,actuator_motors,none,25617373,8849409,9.1,,C,,0.0,4.0,True,10.00327625057504,20.003149557297625,2.000027037653648,295.822121,293.3762770000002,,True,0.0,0.7203331589698792,2.1156951189041138,2.175499200820923,1.0018921494483948,1.6198532581329346,2.2370407581329346,1.1230289936065674,0.0,0.0,0.0,0.5425179691440163,1.136452279480834,1.1554648485905483,0.6940928080375144,0.9631183078582713,1.1746595661941341,0.7528438395315702,0.0,0.0,0.0
a4fd36d5-fa31-423b-9ed6-4ed7a11a3458,ok,17826047.0,v1.16+,0.0,0.0,0.0,True,0.8869524258125294,75.103365,1.0,4.0,actuator_motors,none,7476446,4555105,17.8,,A,,0.0,4.0,True,10.004668413957743,20.00450124377871,2.0000764658863672,216.061854,212.34295500000007,,True,0.0,0.0021705871913582,4.981019446859131e-05,2.3823406445444547e-05,5.122730217408387e-05,3.762911219382657e-05,0.0014358769869431,0.0002608479815535,0.0021713378839194,8.95476507139392e-05,0.0,0.0021682348703108444,4.980895398204722e-05,2.382312267260416e-05,5.1225990100648974e-05,3.762840423654414e-05,0.0014348471013237826,0.00026081396663377995,0.002168983936677025,8.95436415624033e-05,0.0
666b80d4-68ee-4ccd-b94d-620140a712d7,ok,17694975.0,v1.14-1.15,0.0,0.0,0.0,True,0.010978956999085,3.2996579999999653,0.3546228125691413,4.0,actuator_motors,none,17323133,10475219,7.0,,B,,0.0,4.0,True,10.002270375262045,20.00228072553992,2.000030597753172,442.455578,437.232057,,True,0.0,0.0058238642290234,0.0,0.0,0.0,0.0,0.0,0.0,0.0140473671257495,0.7023389101028418,0.0,0.005806971088914046,0.0,0.0,0.0,0.0,0.0,0.0,0.013949617219731383,0.5320031349482728,0.0
a2fc063c-1d42-4460-aafe-0d0bf72917c8,ok,17761535.0,v1.14-1.15,0.0,0.1006493506493506,0.0,True,0.0,0.0,0.2113759219646453,4.0,actuator_motors,none,6470591,4490424,3.7,,C,,0.0,4.0,True,9.973664259732914,19.940749968643846,1.9933994451960104,152.072824,147.26973299999992,,True,0.0,0.0056519486941397,0.0002916834171628,0.0004523203300777,0.0022957924054935,0.0017572413897141,0.0014901589718647,0.0032182530034333,0.01007443331182,0.0029297739965841,0.0,0.005636036361091034,0.00029164088582513245,0.00045221806407403216,0.0022931611006258845,0.0017556992474097885,0.0014890497867553541,0.003213085511133055,0.010024024486062247,0.002925490573017793,0.0
6b823f6b-2835-4bfa-ad42-c28b5690075d,ok,17761024.0,v1.14-1.15,0.0,0.0,0.0,True,0.0,0.0,0.2619129471480846,4.0,actuator_motors,none,11791209,6206900,7.3,,B,,0.0,4.0,True,9.848782429975474,196.4444219936533,1.958019097929596,78.70589,74.03014099999997,,True,0.0,0.0026435843668877,0.0002260062079585,0.0004750472493469,0.0015661982237361,0.0027787175844423,0.0006290190620347,0.0020146605442278,0.0774188954383133,0.0619505709037183,0.0011440295784268,0.0026400962438146588,0.00022598067240287237,0.0004749344501242371,0.0015649730144117,0.0027748640856080213,0.0006288213124656521,0.00201263383730137,0.07456826910782814,0.06010737833140752,0.0011433756752641645
0992ed0a-6f17-4ac6-ad58-7558480c7a16,ok,17694975.0,v1.14-1.15,0.0,0.0,0.0,True,0.1164485981308411,2.673521000000008,0.4268170729279518,4.0,actuator_motors,none,17598934,11101703,8.8,,C,,0.0,4.0,True,10.006180851113765,200.11064903497265,1.999933596975996,153.703861,150.57656499999996,,True,0.0,0.0071092553436756,0.0061389783397316,0.0,0.0059942399617284,0.0,0.0012358824023976,0.0039927597157657,0.0133052833378314,0.0200272751040756,7.517456833738834e-05,0.007084103723741367,0.006120211578865096,0.0,0.005976345976989071,0.0,0.0012351193283897722,0.003984809805054528,0.013217545450283244,0.01982936723677765,7.517174287112723e-05
6c72770e-16e8-4c89-9039-a6522b547ead,ok,17825856.0,v1.16+,0.0,0.0,0.0,True,0.0,0.0,0.2990980848670005,4.0,actuator_motors,none,26269202,16436764,9.1,,B,,0.0,4.0,True,10.003817094613847,130.43768362988342,1.999997736382176,284.866819,280.3801949999999,,True,0.0,0.003343272418715,0.0007531095179729,0.000160860869073,0.0078822555020451,0.0123174669221042,7.933297456474972e-05,0.0017989940126426,0.3459422081708905,0.1460042580962179,0.0,0.0033376961087743817,0.0007528260733008619,0.00016084793235072352,0.007851352808543021,0.01224222416313281,7.932982787074637e-05,0.0017973777610414852,0.2970942943207386,0.1362813339018909,0.0
5c7cdeb3-267a-40b1-ac00-3eebc091ff79,ok,17761023.0,v1.14-1.15,0.0,0.0,0.0811287477954144,True,0.0,0.0,0.126671826839447,4.0,actuator_motors,none,96757277,29567097,34.6,,B,,0.0,4.0,True,9.135934879056183,179.21025980696896,1.783113424310779,124.62035,119.28455000000002,,True,0.0,0.0063052942976355,0.0001938084169523,0.0002143792196875,0.0037858504336327,0.0027355760568752,0.0433830380439757,0.0535049263387918,0.0281519910320638,0.0233646554872392,0.0,0.006285499095686205,0.00019378963852729794,0.00021435624374623402,0.0037787021377853063,0.0027318411785057983,0.042468355046929494,0.05212263041519035,0.02776300730256778,0.023095880430567987,0.0
739a2b13-6d0c-4509-9489-8a754db93443,ok,17695488.0,v1.14-1.15,0.0,0.0,0.0,True,0.0022935779816513,0.1019650000000003,0.1679092094302176,4.0,actuator_motors,none,3912580,2841358,2.6,,C,,0.0,4.0,True,10.010110739806631,20.00992302113978,2.000026574821191,94.300624,87.26728399999999,,True,0.0,0.0042461158707737,0.0215630780905485,0.0,0.0288233418017625,0.0,0.0296228002756833,0.0168132752180099,0.0,,0.0,0.0042371265582377225,0.021333883824808664,0.0,0.028415762620359327,0.0,0.02919252184448981,0.016673496687118684,0.0,,0.0
25191ea4-ddd5-4a71-987a-02cced99b18f,ok,17695488.0,v1.14-1.15,0.1240310077519379,0.0,0.0,True,0.0,0.0,0.3309049978852272,4.0,actuator_motors,none,5692383,3079970,3.8,,A,,0.0,4.0,True,10.007189005216278,20.00729852505914,1.999961239966871,128.074907,125.790525,,True,0.0,0.0022147236159071,0.0,0.0,0.0,0.0,0.0,0.0,0.0,,2.2366471512214048e-05,0.002212274730629176,0.0,0.0,0.0,0.0,0.0,0.0,0.0,,2.2366221386419707e-05
4717e3ac-83a5-4046-9a7d-c05e87752772,ok,17826047.0,v1.16+,0.0,0.0,0.111578947368421,False,0.0646560299208212,2.502697000000005,0.3990563988685607,4.0,actuator_motors,none,12063874,7247952,5.5,,C,,0.0,4.0,True,10.011110958883023,167.8497352677316,2.0000188937955072,94.495576,88.23568900000002,,True,0.0,0.3877433955669398,0.1977927893400191,0.0938404992222784,0.306943333148956,0.2511586785316466,0.03004667237401,0.111722157895565,15.639382553100583,85.23203735351561,0.0,0.3276789714825485,0.18048052091026806,0.08969489741282768,0.26769107727443714,0.22407006479332542,0.02960411419941786,0.1059103066010928,2.811772328520752,4.457041771653874,0.0
446b9884-ae01-421e-93cb-afc67aba7c82,ok,17826559.0,v1.16+,0.0064935064935064,0.0822510822510822,0.0811059907834101,True,0.0,0.0,0.1406886734068393,4.0,actuator_motors,none,9722288,6111620,4.2,,A,,0.0,4.0,True,9.935705035314946,19.866496866154044,1.981622725102284,218.514978,215.90786099999988,,True,0.0,3.76601585149765,0.0028966553858481,0.0057444046251475,0.0629402799531814,0.0285479731857772,5.916666793823232,0.8179408073425283,0.0,15.577563953399656,0.0,1.5615107046252055,0.0028924681636469025,0.005727968446898331,0.06103891711669008,0.02814807285952359,1.9339339763926793,0.5977044360076931,0.0,2.808050212096886,0.0
ec3c19f6-8ce0-4fd7-b7c5-dd31530f2e0e,ok,17826240.0,v1.16+,0.0,0.0,0.0,True,0.0,0.0,0.1503865838050842,4.0,actuator_motors,none,6517386,4664166,4.7,,C,,0.0,4.0,True,10.007406591166657,20.00666267016988,2.0000014721200428,134.708549,123.420017,,True,0.0,0.0048907875083386,3.3847248960228155e-05,9.770749020390204e-05,0.0005502579500898,0.0010112369753187,0.0018445012683514,0.0036285895039327,0.0060326650040224,0.0005947261961409,0.0,0.004878866460187902,3.384667615502228e-05,9.770271713798807e-05,0.0005501066136974719,0.0010107260196444087,0.0018428022647756117,0.003622022055294116,0.006014541333327336,0.0005945494166035204,0.0
ac828042-b912-4b71-8df1-deca7486fdeb,ok,17694720.0,v1.14-1.15,0.0,0.1256830601092896,0.0002632425633975,True,0.0022758306781975,0.200000000000017,0.0659819126129149,4.0,actuator_motors,none,54805513,21550842,10.4,,B,,0.0,4.0,True,125.0,246.98658092553444,125.0,273.168,219.664,,True,0.0,0.0005389559664763,0.0107372626662254,0.0,0.0045827133581042,0.0,0.01358372438699,0.0069740610197186,0.023325590416789,0.0521422028541564,0.0,0.0005388107818724632,0.010680027595599646,0.0,0.004572244698303262,0.0,0.013492292661254294,0.006949854735070775,0.023057706534412355,0.050828278996099124,0.0
7b60cb84-da4e-4b2c-bf00-7d5ee0b2f805,ok,17760256.0,v1.14-1.15,0.0,0.0,0.0,True,0.0,0.0,0.1742491722106933,4.0,actuator_motors,none,2833117,1932933,2.8,,B,,0.0,4.0,True,10.013106365724337,20.013013725504138,1.9999933775053729,75.960398,69.70063299999998,,True,0.0,0.014052054286003,0.000746691218228,0.000410109765653,0.0082501399563625,0.0063091869698837,0.0490478450432419,0.1946211114525793,0.0,0.0,0.005692483135499,0.013954239439139392,0.0007464125830346513,0.0004100256936281116,0.008216293582501184,0.006289367369798743,0.04788293852013283,0.17782907356287622,0.0,0.0,0.005676342179153151
0b1a6841-b0b0-4513-bfd6-1af17a565ee6,ok,17826047.0,v1.16+,0.0,0.0,0.0,False,0.0,0.0,0.0754661008715629,4.0,actuator_motors,none,4794474,1941995,2.8,,B,,0.0,4.0,True,8.100655360822328,16.21824503941849,1.5073760011980206,66.849858,63.21143299999999,,True,0.0,0.0443372819572685,0.0,0.0,0.0,0.0,0.0,0.0,0.0,0.0,0.0,0.043382504294415765,0.0,0.0,0.0,0.0,0.0,0.0,0.0,0.0,0.0
152e6aea-4366-41fa-bbff-280fcf5688d0,ok,17760512.0,v1.14-1.15,0.0,1.0,0.0,True,0.0,0.0,0.1218797504901886,4.0,actuator_motors,none,6307499,3698852,4.6,,A,,0.0,4.0,True,10.005053271690208,20.00502017037513,2.000012051619012,194.238009,192.490152,,True,0.0,0.0102644711732864,0.0,0.0,0.0,0.0,0.0,0.0,2.1418157100677484,0.2910053968429564,0.0,0.010212149222565602,0.0,0.0,0.0,0.0,0.0,0.0,1.144800884411053,0.2554212922143707,0.0
faf003b2-d5f9-4386-80ad-16e491595ccc,ok,17761535.0,v1.14-1.15,0.0,0.0,0.0,True,0.0029425079221367,0.205251000000004,0.3754375681281088,4.0,actuator_motors,none,18825615,11916597,7.3,,B,,0.0,4.0,True,10.002060277589786,20.002115882187184,2.000029176372172,449.15069,441.8084319999998,,True,0.0,0.0085659780539571,0.0010673722950741,0.0022080014226958,0.0029446012573316,0.0038540179375558,0.0039954200852662,0.0019565163180232,0.0055486967321485,0.1259419187903404,0.0,0.00852949823944144,0.0010668030582883287,0.0022055673698241386,0.002940274410859974,0.0038466102372639254,0.0039874595910714605,0.00195460483280046,0.005533359422997644,0.11861994649575758,0.0
c9c21d9a-c0f0-44ec-85af-98d41cd4862e,ok,17695999.0,v1.14-1.15,0.0,0.1320754716981132,0.0,True,0.0,0.0,0.0715165138244628,4.0,actuator_motors,none,8687158,5488627,5.4,,B,,0.0,4.0,True,9.9110628012482,197.68204479552057,1.9744308921279927,79.287504,74.33529300000001,,True,0.0,0.0023660445585846,0.0002403676946414,0.0,0.0014005760196596,0.0,0.0137302480638027,0.013625731319189,0.0002188963262597,0.0,0.0,0.002363249882508669,0.00024033881095546369,0.0,0.001399596127901402,0.0,0.013636842226895275,0.013533735771226746,0.0002188723719544842,0.0,0.0
8ca6f2c5-4424-4433-9669-5b44ea4059af,ok,17826047.0,v1.16+,0.0,0.0,0.0,True,0.0,0.0,0.266654747724533,4.0,actuator_motors,none,5870109,4082764,4.6,,A,,0.0,4.0,True,10.006967776277785,20.00721116948424,2.0000650727491327,134.913324,127.71196099999996,,True,0.0,0.0048559491988271,0.0,0.0,0.0,0.0,0.0,0.0,0.1674124583601948,0.1276705391705035,0.0016796552459709,0.004844197107200599,0.0,0.0,0.0,0.0,0.0,0.0,0.15478972561701923,0.12015403521014331,0.001678246202682226
cdfac74e-bc29-4ca0-ae91-fa20c4973386,ok,17891392.0,v1.16+,0.0,0.0919540229885057,0.0,True,0.8719211822660099,2.4000000000000057,1.0,4.0,actuator_motors,none,20366513,10172509,9.8,,C,,0.0,4.0,True,125.0,250.00000000000003,100.01163331782224,85.488,81.224,,True,0.0,0.0005465861031552,9.73874775809236e-05,7.237178215291351e-05,0.0005647692014463,0.0117751229554414,6.208967170095993e-05,0.0005973281222395,2.2854750625356249e-07,0.6956653594970703,0.0,0.0005464367793808411,9.738273572839102e-05,7.236916344183394e-05,0.0005646097793424876,0.011706335654520025,6.208774421707812e-05,0.0005971497928072804,2.2854748013658516e-07,0.5280752062839198,0.0
b75b93a6-bc35-4da9-a8fb-5ff95f074adc,ok,17694720.0,v1.14-1.15,0.0,0.0,0.0,True,0.0,0.0,0.1148314855992793,4.0,actuator_motors,none,3290658,2342068,7.8,,C,,0.0,4.0,True,10.012922648080291,20.01216420783959,1.999927252646185,80.009992,74.22550699999998,,True,0.0,0.011855773627758,0.0,0.0,0.0,0.0,0.0,0.0,0.0761613845825195,0.1149084348231553,0.0,0.011786044530773568,0.0,0.0,0.0,0.0,0.0,0.0,0.07340043616435292,0.10877228030511056,0.0
1bb24cc3-bf59-41ce-abe0-025ffba51e42,ok,17694720.0,v1.14-1.15,0.0435525192143467,0.0,0.0145074224021592,True,0.0482917874772162,17.723036999999977,0.4806155025959002,4.0,actuator_motors,none,136196401,45466784,25.5,,B,,0.0,4.0,True,10.002057317683317,158.4011828584781,97.63528131928246,592.444511,588.0040140000002,,True,0.0,0.0004743967147078,0.0,0.0,0.0,0.0,0.0,0.0,0.0002700514742173,0.0,0.0,0.0004742842241616948,0.0,0.0,0.0,0.0,0.0,0.0,0.00027001501688136043,0.0,0.0
8f3755ce-89fc-423b-9b50-02a0ab809d07,ok,17761280.0,v1.14-1.15,0.0,0.0,0.0,True,0.0,0.0,0.159423117339611,4.0,actuator_motors,none,5377182,3858833,4.5,,A,,0.0,4.0,True,10.00739030611394,20.007396261465967,2.000056923430792,121.862069,116.35147000000003,,True,0.0,0.0032443729811348,0.0004103469254914,0.0002895712059398,0.0034753770916722,0.0018424708629027,0.0004675599382608,0.0250386864878237,0.0022266569896601,0.0,0.0002203659481892,0.0032391213588629955,0.0004102627562167181,0.0002895292882900463,0.0034693519244907117,0.0018407755954635474,0.00046745066617237394,0.024730354793075556,0.0022241816627735682,0.0,0.0002203416711801246
a765097f-4f30-42f9-b676-7d7807c39654,ok,17695743.0,v1.14-1.15,0.0,0.0,0.0,True,0.0,0.0,0.3161294311285019,4.0,actuator_motors,none,2798424,2312728,3.0,,B,,0.0,4.0,True,10.015106194038044,20.015114279208188,2.000073834786756,65.980512,64.62971,,True,0.0,0.0035394099890254,0.0001712610879621,0.0,0.0043676490429788,0.0,0.0008033744990825,0.002072473638691,0.0465184178203344,0.0624813340604305,0.0,0.0035331610182623282,0.00017124642445614312,0.0,0.004358138546183179,0.0,0.0008030519665210088,0.0020703290277879925,0.0454688621951401,0.060607053718992485,0.0
610d33b9-9aba-4b04-8230-21fe50c05d81,ok,17170944.0,v1.12-1.13,0.0,0.0,0.0,True,0.0,0.0,0.4355263949701454,4.0,actuator_motors,none,3969915,2918128,3.7,,B,,0.0,4.0,True,10.012245390821365,20.01135327362991,2.0001161734144057,84.241723,80.51214299999997,,True,0.0,0.0181564692407846,0.0,0.0,0.0,0.0,0.0,0.0,3.321853065490722,0.1990394830703735,0.0184237606823444,0.01799360891138849,0.0,0.0,0.0,0.0,0.0,0.0,1.4636842606281946,0.18152080550350816,0.018256099373750105
1df7eae0-a4f9-407e-92bc-9b87b6aee6fe,ok,17695999.0,v1.14-1.15,0.0,0.0,0.0,True,0.0925644916540212,0.2027219999999943,0.9327242508530617,4.0,actuator_motors,none,3554242,2442115,6.0,,B,,0.0,4.0,True,9.999591995257092,19.97242521951019,2.0000932205610504,74.490493,65.95182999999999,,True,0.0,0.0145246928557753,0.0034491254482418,0.0,0.0299096420407295,0.0,0.0198327641934156,0.0253294073045253,0.0140813682693988,,0.0,0.014420219914357345,0.003443190857247102,0.0,0.029471072219329507,0.0,0.01963865718069309,0.025013933941161238,0.013983146791162521,,0.0
3f7a7c17-e615-4c36-843f-cde2547a719b,ok,17826047.0,v1.16+,0.0,0.0043196544276457,0.0065132435953104,False,0.0298824297844546,4.66575499999999,0.2366257086396213,4.0,actuator_motors,none,57833012,32481240,19.2,,B,,0.0,4.0,True,10.00202585025428,183.6265684607997,2.0000262941432925,460.18385,215.11352500000007,,True,0.0,0.0325721321627497,0.3510736897587773,1.198832881450653,0.0317003469914197,0.0441015342250466,0.0365605309605598,0.0487915093079208,4.670407199859615,2.618847954273223,0.0,0.03205290507167621,0.300899602093651,0.7879267111633624,0.03120826345390272,0.043156739736319505,0.03590805057159711,0.04763855780903103,1.7352609317146994,1.286155730511191,0.0
061311ff-682e-4555-8ca3-ea0f1b974e5b,ok,17170944.0,v1.12-1.13,0.0,0.0,0.0,True,0.0,0.0,0.2340843640267849,4.0,actuator_motors,none,60093803,23277929,18.8,,C,,0.0,4.0,True,9.507606689648757,190.04522367313024,1.918552539710621,111.515627,106.33974199999992,,True,0.0,0.0078494719229638,0.00819593667984,0.0038334551732987,0.0282219167798757,0.0157199664041399,0.0260653249919413,0.017063096538186,0.0,0.1450615108013152,0.0,0.00781882508807491,0.008162532386341674,0.0038261262082173553,0.027831016089854187,0.015597687547147215,0.025731414304544727,0.01691915696903322,0.0,0.13545835678712578,0.0
b7d06140-fcc1-4eca-b9ca-a4b72847e5d2,ok,17760768.0,v1.14-1.15,0.0,0.0,0.0,True,0.0002208006863747,0.0112509999999588,0.3411830604076385,4.0,actuator_motors,none,63257082,38786693,17.1,,C,,0.0,4.0,True,10.001778396213073,199.9946641774933,2.00000007117438,562.064038,557.6900389999997,,True,0.0,0.0014084451133385,0.0002635712793562,0.0002475387009326,0.0023471025284379,0.0029333622194826,0.0015979652525857,0.0033701174892485,0.0110612781718373,0.004687744192779,0.0,0.0014074541848563171,0.0002635365505487594,0.0002475080682834435,0.002344352385702418,0.002929068307543862,0.0015966898646144654,0.0033644513700589363,0.011000549647466943,0.004676790937338187,0.0
f8947eaa-4401-4ae1-ac1b-534f66117288,ok,17760512.0,v1.14-1.15,0.0,0.0,0.1173076923076923,True,0.0009803921568627,0.1014029999999905,0.1511521279811859,4.0,actuator_motors,none,3972110,2542833,2.4,,A,,0.0,4.0,True,10.009544940050636,20.00964299008953,1.999990252474692,103.45873,102.08733899999996,,True,0.0,118.2772491455078,67.28605041503901,141.64055786132803,0.519021815061569,2.697525572776794,8715.970214843748,60.82884788513171,0.0,0.0,0.0,4.78145060803015,4.223705505819996,4.960327884521214,0.4180665849730317,1.3076638318133278,9.07302700410127,3.551804907870039,0.0,0.0,0.0
dac709fb-6944-4960-8ced-28352eaf2b19,ok,17761535.0,v1.14-1.15,0.0,0.0,0.0,True,0.0,0.0,0.2219081133604049,4.0,actuator_motors,none,3323603,2493294,1.1,,C,,0.0,4.0,True,10.012092123665637,20.0125291109855,2.000083742068312,77.107875,74.77045899999999,,True,0.0,0.0003758391743758,0.1211852688342332,0.07623374722898,0.0039481806568801,0.002403126086574,0.0136884943582117,0.001359314576257,0.0,1.407204818725586,0.0092146400827914,0.00037576856452471366,0.11438640147283598,0.07346767534866279,0.003940407045992648,0.002400243196788034,0.013595653196999041,0.001358391544563995,0.0,0.8784662481286315,0.0091724443014158
75f92e69-00d7-4671-a856-084d671cec7e,ok,17695743.0,v1.14-1.15,0.0,0.0,0.0,True,0.0,0.0,0.1100930035114288,4.0,actuator_motors,none,9892401,6162338,3.9,,C,,0.0,4.0,True,10.003885252206617,20.003618871449408,2.0000232372642017,259.705617,255.84632600000023,,True,0.0,0.0027489989297464,0.0002808034056215,0.0,0.0044748140731826,0.0,0.0003673817773233,0.0021655784687027,0.0047331413254141,0.0098064700141549,0.0,0.0027452273426666375,0.000280763987724143,0.0,0.004464831860639727,0.0,0.00036731430916202155,0.002163236983487941,0.004721975231947643,0.009758698645518019,0.0
1893c537-c223-4a4e-bdbc-19f5835e87d8,ok,17694720.0,v1.14-1.15,0.0,0.0,0.0,True,0.0,0.0,0.2333583757281304,4.0,actuator_motors,none,5796563,3119192,3.4,,C,,0.0,4.0,True,10.008632424350743,20.00803902569279,1.999970983471833,118.486702,116.28537100000004,,True,0.0,0.0028093731030821,0.0,0.0,0.0,0.0,0.0,0.0,0.0,0.0,0.000262604560703,0.002805434189992395,0.0,0.0,0.0,0.0,0.0,0.0,0.0,0.0,0.0002625700861606649
c8b6a38d-89bd-4b9c-9ccc-ec9e2b8003a1,ok,17761535.0,v1.14-1.15,0.0,0.0,0.0,True,0.0,0.0,0.197017267346382,4.0,actuator_motors,none,19506655,12517105,5.6,,B,,0.0,4.0,True,9.749186899819088,194.7519621549024,1.9452011200698187,183.221507,178.27998100000016,,True,0.0,0.0029723515617661,0.0003889174695359,0.0002354426469537,0.0027469416963867,0.0051861815154552,0.0027205735677853,0.0035816708696074,0.0183415496721863,0.0035209604538977,0.0,0.0029679428588455905,0.0003888418607399307,0.0002354149346833792,0.0027431757470308387,0.005172779592665137,0.0027168795059775933,0.0035752719611359548,0.01817537234075833,0.0035147763842972336,0.0
1b97d8a1-838d-4d21-abb4-b8ba76726ee7,ok,17826047.0,v1.16+,0.0,0.0,0.0,False,0.0,0.0,0.3120584726333618,4.0,actuator_motors,none,2790040,1893947,3.1,,A,,0.0,4.0,True,10.015055706677174,20.014487301487456,1.99971796103844,63.897363,61.378518000000014,,True,0.0,0.0013847423018887,0.0002292119024787,0.0005581602366873,0.0087573632597923,0.0046007735654711,0.0017321836086921,0.0043903569690883,0.0039454871090128,0.0009942734381183,0.0,0.0013837844304354955,0.00022918563744401012,0.000558004523201747,0.008719239965509756,0.0045902223568744455,0.0017306851088666549,0.0043807474677581065,0.003937724087317552,0.0009937794756788004,0.0
9c36e574-dd65-4ae2-a6bb-ff0aab3bf872,ok,17761023.0,v1.14-1.15,0.0,0.0,0.0,True,0.0,0.0,0.1783741824328899,4.0,actuator_motors,none,5448757,3679575,3.2,,A,,0.0,4.0,True,7.954490027928369,16.072230935131312,1.5363509223358638,213.599188,209.37009200000008,,True,0.0,0.0053103275597095,0.0028993223793804,0.0065759351477026,0.0901423722505569,0.1002001628279679,0.03488235399127,0.0307871632277963,0.0185848478227853,0.0147367231547832,0.0,0.005296277488684061,0.002895127450595192,0.0065544080086801,0.0863083044550584,0.09549212945772625,0.03428775261539146,0.030322746505295012,0.01841425986468187,0.014629192792968863,0.0
0e8e8022-89af-4abe-8384-8e882db36998,ok,17826047.0,v1.16+,0.0,0.0,0.0,True,0.0,0.0,0.2489484697580337,4.0,actuator_motors,none,17898925,11664905,5.5,,C,,0.0,4.0,True,10.002418225531311,20.002602330698505,1.999986818984508,381.393155,375.0929110000002,,True,0.0,0.0091389812529087,0.005773203074932,0.0043841380625963,0.0089286601170897,0.0077009608503431,0.0101867824792861,0.0147780593484639,0.0266623517498373,0.0021847277414053,0.0,0.00909747346467207,0.0057566020016594005,0.004374555725969865,0.00888903532090629,0.007671459812094079,0.010135246902949487,0.014669927843575818,0.026313105467473882,0.0021823446939952832,0.0
0dc92fc0-641b-4849-8108-db35fb88a3e7,ok,17694975.0,v1.14-1.15,0.7053726169844021,0.0,0.0350997935306262,True,0.0253571428571428,0.6015299999999968,0.2201407015323638,4.0,actuator_motors,none,10385317,6404045,5.0,,B,,0.0,4.0,True,10.0033500544175,20.003260390211697,2.00000735754002,290.360837,280.00585200000006,,True,0.0,0.5959805846214294,0.0,0.0,0.0,0.0,0.0,0.0,0.0145457259844988,0.0,0.0,0.4674883339294555,0.0,0.0,0.0,0.0,0.0,0.0,0.0144409517022036,0.0,0.0
c3e5175f-4346-4abc-b93e-fbeb542da3ed,ok,17761535.0,v1.14-1.15,0.0,0.0,0.0,True,0.0,0.0,0.2922322854399681,4.0,actuator_motors,none,3433211,2667391,3.4,,A,,0.0,4.0,True,9.888770980402793,19.75296050738352,1.9627358938357649,80.700127,72.96000399999998,,True,0.0,0.0009102635434828,0.0,0.0,0.0,0.0,0.0,0.0,0.2193782106041908,0.0492796383798122,0.0,0.0009098495048606288,0.0,0.0,0.0,0.0,0.0,0.0,0.1983410653834203,0.04810387003758597,0.0
31a40df8-08d9-48b5-b11c-6661a7e5a445,ok,17760768.0,v1.14-1.15,0.0,0.0869565217391304,0.0,True,0.0680977054034048,0.9039999999999964,0.310001790523529,4.0,actuator_motors,none,36370760,16975427,14.7,,B,,0.0,4.0,True,123.44448090466214,243.4272539678496,123.44448090466214,158.328,135.1240000000001,,True,0.0,0.0001573283079778,0.0081504229456186,0.0046689682640135,0.0105733438394961,0.0213948674499988,0.0147630758583545,0.0146270031109452,0.0904790833592414,0.0316005125641819,0.0,0.000157315933177475,0.008117387628337316,0.00465810244001997,0.010517836958929506,0.021169210204094152,0.014655162446758036,0.014521060334972477,0.08661712569543857,0.031111491888230793,0.0
6161f14a-a0cc-467c-8966-9d436e925841,ok,17762304.0,v1.14-1.15,0.0,0.0,0.0047704233750745,False,0.0003007518796992,0.0987979999999879,0.0825551450252532,4.0,actuator_motors,none,15983128,9658799,7.7,,B,,0.0,4.0,True,10.002936542265829,20.00283829621965,2.0000268703161592,334.849856,331.751135,,True,0.0,0.1305318742990492,0.0,0.0,0.0,0.0,0.0,0.0,1.2092267036438014,0.6385250210762027,0.0,0.12268820720710535,0.0,0.0,0.0,0.0,0.0,0.0,0.7926425464441408,0.49379645976104086,0.0
2a0f72b1-c4e1-4f52-81f3-cd8e103302cf,ok,17761535.0,v1.14-1.15,0.0,0.0,0.0,True,0.0262282708682218,1.7680409999999966,0.7110254615757018,4.0,actuator_motors,none,37092621,13050982,16.5,,A,,0.0,4.0,True,9.581744960068496,212.5640216856061,1.8734334293320063,71.231947,66.80567300000001,,True,0.0,0.0012647128489334,0.0,0.0,0.0,0.0,0.0,0.0,0.0190607077442109,0.0190607077442109,0.0,0.0012639137733014586,0.0,0.0,0.0,0.0,0.0,0.0,0.01888132826995615,0.01888132826995615,0.0
4e4bf1e5-3454-4713-9ec0-c68c578addcd,ok,17694720.0,v1.14-1.15,0.0,0.0,0.0,True,0.0,0.0,0.2063946425914764,4.0,actuator_motors,none,130516935,74345519,28.0,,C,,0.0,4.0,True,10.000844899247626,199.2915947613833,1.9999986895714108,1222.957589,1213.7161400000005,,True,0.0,0.0279216160997748,0.0017064298153854,0.0,0.0135634259786456,0.0,0.0274137174710631,0.0095343191642314,0.0140950281638652,0.0169077273458242,0.0,0.027538915195695755,0.0017049755182302815,0.0,0.01347226608514568,0.0,0.02704469059812851,0.009489154393225695,0.013996616915842629,0.016766382710091485,0.0
8f568acf-799c-477a-aba4-6f1e9eb4b25c,ok,17761535.0,v1.14-1.15,0.0,0.0,0.0,True,0.0,0.0,0.1600000113248825,4.0,actuator_motors,none,3737858,2395846,2.9,,C,,0.0,4.0,True,10.009608126256454,20.011292556704287,1.999980663170384,90.754542,87.659722,,True,0.0,0.0010268425219692,0.0,0.0,0.0,0.0,0.0,0.0,8.890205478668213,9.032914638519284,0.0088581630494445,0.0010263156798118464,0.0,0.0,0.0,0.0,0.0,0.0,2.291544921826096,2.305871151835846,0.008819159686013153
4c19bd82-caf1-4e2a-996e-4e74244509bf,ok,17695488.0,v1.14-1.15,0.0,0.0,0.0,True,0.0001689189189189,0.0105120000000056,0.3929739356040954,4.0,actuator_motors,none,12177983,7019753,8.7,,A,,0.0,4.0,True,10.009559406250297,170.9567460043477,1.9999902326058407,108.217647,103.601057,,True,0.0,0.137788537889719,0.0,0.0,0.0,0.0,0.0,0.0,0.0638056956231594,0.0,0.0004158617375651,0.12908649936005984,0.0,0.0,0.0,0.0,0.0,0.0,0.06185275734743018,0.0,0.00041577529103841945
57d2b3af-5aec-401b-9934-89c7bf132a54,ok,17826047.0,v1.16+,0.0,0.0,0.0,True,0.0174361835681406,1.5012540000000172,0.4441214680671691,4.0,actuator_motors,none,34310251,22494693,12.4,,B,,0.0,4.0,True,9.99999563409754,19.999858804960496,1.9999970374523768,721.160718,716.9395890000002,,True,0.0,0.0063501706346869,0.0098407086916267,0.0073299410752952,0.0128784344531595,0.0119851445779204,0.0115496008656918,0.011978926602751,0.0064518211409449,0.0023017231374979,0.0,0.006330093252848961,0.009792604248274852,0.007303207614188665,0.012796212589656145,0.011913891486702606,0.011483413364263397,0.01190774713339322,0.006431097233130941,0.0022990782305818305,0.0
2730b9af-7a04-48bb-8f2e-c16ea782ff4e,ok,17956928.0,v1.16+,0.0,0.0,0.0,True,0.0262919310970081,1.0999999999999943,0.1267279535531997,4.0,actuator_motors,none,83460641,41227836,16.6,,C,,0.0,4.0,True,125.0,249.99448646979687,100.00110236567674,362.64,220.56800000000004,,True,0.0,0.0005816871183924,0.0002688165026484,0.0002587789786048,0.001712150289677,0.0058703218121081,8.34765742183663e-05,0.0004863086505793,0.1952458769083023,0.1235848069190979,0.0,0.0005815180040184721,0.00026878037796614746,0.00025874550110030784,0.0017106862312569276,0.005853158609279041,8.347309024303022e-05,0.00048619044085020905,0.1783519189538526,0.11652429436861564,0.0
ebb3b6fe-f9fa-432c-abab-7cc6ab06ebaa,ok,17826240.0,v1.16+,0.0,0.0,0.0,True,0.0,0.0,0.1887194141745567,4.0,actuator_motors,none,3940901,2758200,2.7,,B,,0.0,4.0,True,10.010538094520465,20.01033379362799,1.9999476787881447,93.220092,89.10675200000004,,True,0.0,0.012778281699866,0.0,0.0,0.0,0.0,0.0,0.0,0.1138244345784187,0.0835879921913146,0.0,0.012697328358605079,0.0,0.0,0.0,0.0,0.0,0.0,0.10779952996333902,0.08027774976403965,0.0
23ee80e3-dc26-4144-bebf-fc9760bfd8a9,ok,17825984.0,v1.16+,0.0,0.0,0.0,True,0.0,0.0,0.0926497429609298,4.0,actuator_motors,none,3209509,2447701,3.2,,C,,0.0,4.0,True,10.013798049210015,20.01380058640577,1.9999602865028825,70.085576,68.273559,,True,0.0,0.0004225803713779,0.0002848531294148,4.719645221484825e-05,0.0086036287248134,0.0049584731459617,0.0010500757489353,0.004042936488986,0.0135386604815721,0.0062734191305935,0.0,0.0004224911094387733,0.00028481256646493725,4.719533849733962e-05,0.008566828437887964,0.0049462204045594834,0.0010495248050508591,0.0040347857823995305,0.013447831699487304,0.006253823149963446,0.0
0647acaf-7f28-451b-b460-058c13ae918c,ok,17826240.0,v1.16+,0.1563421828908554,0.0619469026548672,0.0,True,0.0169082125603864,0.500402,0.2395426109433174,4.0,actuator_motors,none,7836866,5371835,4.4,,B,,0.0,4.0,True,10.005893715444586,20.00535086606568,2.000011223943585,167.692754,165.60274900000007,,True,0.0,0.0022636474459432,0.0013200131943449,0.0016824539925437,0.0083405717741698,0.012097907718271,0.0016261820856016,0.0020202812738716,0.0,1.8326696455478668,0.0514074377715587,0.0022610892558963137,0.0013191427428490487,0.0016810402523050028,0.008305981407940304,0.012025312942792897,0.00162486128323006,0.0020182432501180095,0.0,1.0412196046412319,0.05012968353793654
82416bc5-ec85-4d88-b20b-b8c864c9726a,ok,17695488.0,v1.14-1.15,0.0032537960954446,0.0,0.0,True,0.0213978494623655,14.70013999999992,0.0975344866514205,4.0,actuator_motors,none,34205645,20517245,17.9,,A,,0.0,4.0,True,9.980675088101576,19.96028004003728,1.9967861057026184,932.42502,931.9036000000004,,True,0.0,0.003237492009066,0.0,0.0,0.0,0.0,0.0,0.0,14.929345512390135,,0.000198119036213,0.0032322626155183495,0.0,0.0,0.0,0.0,0.0,0.0,2.768163037854467,,0.00019809941322849342
513e299c-6b6b-4666-a54c-89f10b5a9533,ok,17629184.0,v1.12-1.13,0.0,0.0,0.0,True,0.000780031201248,0.0974250000000012,0.1384605184197426,4.0,actuator_motors,none,3993599,2616853,2.3,,B,,0.0,4.0,True,9.984554602809563,19.961304333850222,1.992228417716688,129.866547,128.37191700000002,,True,0.0,0.0341844603419303,0.0,0.0,0.0,0.0,0.0,0.0,0.47347052693367,5.492333805561062,9.888489003060383e-05,0.033613155090582984,0.0,0.0,0.0,0.0,0.0,0.0,0.387620520914584,1.8706220663158617,9.888000124214787e-05
b05a3129-b0b9-4fe1-b546-170d2ec2ba3f,ok,17891583.0,v1.16+,0.0,0.0,0.0,True,0.0,0.0,0.3701486855745315,4.0,actuator_motors,none,3080311,2658353,3.3,,C,,0.0,4.0,True,10.015929018908771,20.01415499908572,1.9996549305144904,62.030881,56.22260399999999,,True,0.0,0.0152850531041622,0.0026151014026254,0.0028630248270928,0.0057896769605576,0.0057385705411434,0.0039980613626539,0.0038030256982892,0.0153187949210405,0.0021601492539048,0.0,0.015169413562151757,0.0026116879746308896,0.0028589341774069546,0.005772981191978996,0.005722167667994264,0.003990090353981902,0.003795812478314799,0.015202646845851302,0.0021578194859995644,0.0
dca005d8-feac-47b7-bbd1-63092be49fc0,ok,17760767.0,v1.14-1.15,0.0,0.1208791208791208,0.0,True,0.0,0.0,0.1712289154529571,4.0,actuator_motors,none,27101005,16961049,6.3,,B,,0.0,4.0,True,10.004295680414865,278.4046514875176,1.9999953155665275,225.442833,220.8080249999999,,True,0.0,0.0028311989735811,0.0028896176954731,0.0009687520214356,0.0085223717615008,0.0061278180219233,0.0012402497814036,0.0005299763870425,1.0137637853622437,0.1099818032234903,0.0,0.0028271986784094423,0.002885450775533843,0.0009682830840276866,0.008486261370350325,0.006109119294453712,0.0012394813069779953,0.0005298359991564084,0.7000055011031174,0.10434362169751693,0.0
b836a0da-9fc3-4f64-a1d7-91c605889136,ok,17695488.0,v1.14-1.15,0.2209944751381215,0.0,0.0,True,0.0,0.0,0.0303185388445854,4.0,actuator_motors,none,6246966,3911277,4.0,,A,,0.0,4.0,True,10.005921309266624,20.005971995470137,2.000004752820284,178.877931,167.254452,,True,0.0,0.0042382891289889,0.0,0.0,0.0,0.0,0.0,0.0,4.8534013330936425e-05,0.0,0.0,0.004229332878819196,0.0,0.0,0.0,0.0,0.0,0.0,4.853283559381814e-05,0.0,0.0
284178e7-c335-4a41-bff4-448dbac9371b,ok,17760767.0,v1.14-1.15,0.0,0.0,0.0,True,0.0675862068965517,4.898830000000004,0.9999999866560167,4.0,actuator_motors,none,2954190,2150838,4.1,,B,,0.0,4.0,True,10.012660552979831,20.012640225208912,1.9999296648112688,77.515977,72.51911100000001,,True,0.0,0.0190830301493405,0.0,0.0,0.0,0.0,0.0,0.0,0.0,0.0,0.0,0.01890323291261257,0.0,0.0,0.0,0.0,0.0,0.0,0.0,0.0,0.0
e10558d7-e28c-44c2-a224-86c65ec6754d,ok,17891583.0,v1.16+,0.0,0.0,0.0,True,0.0,0.0,0.206812660396099,4.0,actuator_motors,none,2986213,2607414,3.1,,B,,0.0,4.0,True,10.016202059100625,20.01459458393383,1.9999997377049523,61.43803,54.220045999999975,,True,0.0,0.0003355879918672,0.0003772768453927,0.0002699879405554,0.0027381691150367,0.0017498198663815,0.0005280493875034,0.0035704522626474,1.0725351929664608,0.1320156775414941,0.0,0.0003355316948117823,0.0003772056943788561,0.00026995150037017015,0.0027344271591677187,0.0017482907151653542,0.0005279100184859032,0.003564093329650256,0.7287725888078485,0.12399982910336989,0.0
0bd113a3-4aea-4aa9-a0d9-cdad2878f165,ok,17825984.0,v1.16+,0.0,0.0,0.0,True,0.0,0.0,0.1445189654827115,4.0,actuator_motors,none,3601705,2623454,3.0,,B,,0.0,4.0,True,9.97905212839144,19.969482888410408,1.999936185709666,98.295594,95.87298000000004,,True,0.0,0.0,0.0,0.0,0.0,0.0,0.0,0.0,0.0,0.0,0.0031869576312601,0.0,0.0,0.0,0.0,0.0,0.0,0.0,0.0,0.0,0.0031818900457207234
12fcc46b-ab5e-42f9-92e2-85c3c66b9b1b,ok,17826047.0,v1.16+,0.0,0.0,0.0,True,0.0,0.0,0.1665716171264648,4.0,actuator_motors,none,30043715,12422777,13.1,,C,,0.0,4.0,True,125.0,250.0,100.01388117712382,100.372,96.072,,True,0.0,0.0002864362904801,0.0002778342168312,9.73675851128064e-05,0.0028433599043637,0.0028192400583065,7.5627671321854e-05,0.0008750568376854,0.2208170741796493,0.0632393583655357,0.0,0.00028639527543779215,0.0002777956280525355,9.736284519716464e-05,0.0028393252028537197,0.0028152734545099935,7.562481169369631e-05,0.00087467419865514,0.19952036750828664,0.061320246510441,0.0
1614a17a-b083-4876-93fe-4d1e44538db6,ok,17891392.0,v1.16+,0.0,0.0,0.0,False,0.5152517511824223,14.791071000000002,0.4539772361516951,4.0,actuator_motors,none,167485862,66814662,34.3,,C,,0.0,4.0,True,9.711545315408893,191.73091865250788,1.9432108780172213,176.611338,176.62590400000002,,True,0.0,0.0102579082362353,0.0126524439081549,0.0097826229408383,0.0127474314533174,0.0098629904910922,0.0283874986693262,0.0157570881769061,0.0283650375902652,0.0283650375902652,0.0,0.010205652945050438,0.0125730705498516,0.009735082877933518,0.012666866887441664,0.00981466867235391,0.027992040238206742,0.015634234130517795,0.027970198933853482,0.027970198933853482,0.0
8876477b-1b4e-429a-8bcf-01d8f8188941,ok,17694720.0,v1.14-1.15,0.0,0.0,0.0,True,0.0,0.0,0.3154168650507926,4.0,actuator_motors,none,12882472,8243045,5.2,,C,,0.0,4.0,True,9.947231026027044,19.897546295379428,1.9906193679662827,322.070426,316.00548400000025,,True,0.0,0.0407736673951149,0.0035086397547274,0.0,0.1070003882050514,0.0,0.081701636314392,0.0079552214592695,0.0929548442363739,0.1401592880487442,0.0,0.039964347545517816,0.0035024988382469173,0.0,0.10165400440850825,0.0,0.07853539037774034,0.00792374550695267,0.08888489474204529,0.1311679790041332,0.0
56ad4dc6-9cc6-44f7-92af-4c1e2ddcb8ac,ok,17891583.0,v1.16+,0.0,0.0,0.0,True,0.3333333333333333,2.498095,0.999999971678092,4.0,actuator_motors,none,3304505,2625265,3.5,,A,,0.0,4.0,True,10.013118370829805,20.0118954919835,1.999849706659132,75.814791,69.22582899999998,,True,0.0,0.0019669247092679,0.0036617783247493,0.0015060029982123,0.0163278864696621,0.0129961513448506,0.0008398084144573,0.0065401237690821,0.0302262830547988,0.0053291481453925,0.0,0.001964992845667317,0.003655090336148296,0.0015048701129734001,0.01619601999566591,0.01291242599462091,0.0008394559726793806,0.006518829951999606,0.0297784703989404,0.005314998483582412,0.0
0c007e7f-c8e1-47f4-b169-29111e62cf3c,ok,17761023.0,v1.14-1.15,0.0,0.0,0.0,True,0.0,0.0,0.3504871860146522,4.0,actuator_motors,none,4314476,3198509,2.9,,B,,0.0,4.0,True,10.009360950663131,20.009632011421555,1.9999605751361496,97.660624,91.440342,,True,0.0,0.0045696176821365,0.0003301510005258,0.0001056950459314,0.0031527957762591,0.0024764909758232,0.003322591423057,0.0039459019899368,0.1329495906829834,0.0444580884650349,0.0,0.0045592086773250965,0.00033009651267670794,0.0001056894606035903,0.0031478361374070573,0.002473429525440966,0.003317083812495879,0.003938137337681842,0.12482448916109179,0.04349817527838263,0.0
d4d855ab-6d4a-4859-9727-67722c1ce28b,ok,17825920.0,v1.16+,0.0,0.1448275862068965,0.0,True,0.0,0.0,0.3581787556409835,4.0,actuator_motors,none,8858156,5884391,10.2,,A,,0.0,4.0,True,9.583374910987992,177.740033396052,1.915897658676567,71.859678,67.53777799999997,,True,0.0,0.0049733782885596,0.0019063958141487,0.0029471000889316,0.0368821792304516,0.0480544570833444,0.008439575554803,0.0164279568009078,0.0040189161198213,0.0018084862909745,0.0,0.00496105189507747,0.0019045809478515422,0.002942765902896483,0.036218305849826896,0.046935547414614115,0.008404161450860547,0.016294477792904886,0.004010861848846747,0.0018068529485972158,0.0
e019dd2d-f732-46ff-9a34-03950026b3d9,ok,17695743.0,v1.14-1.15,0.6556776556776557,0.0,0.0,True,0.2697264358874627,1.084626,0.4250421524047847,4.0,actuator_motors,none,14164930,8200455,10.2,,B,,0.0,4.0,True,9.993136428592754,137.7559170174993,1.999934342896239,136.125232,135.213841,,True,0.0,0.0251188213005661,0.0,0.0,0.0,0.0,0.0,0.0,0.0567332841455936,0.4122785907238722,0.1521413624286651,0.024808529091858735,0.0,0.0,0.0,0.0,0.0,0.0,0.055182342166569726,0.34520442182190275,0.14162226518693868
0fd264af-93e9-4a40-be5b-00b3872b210c,ok,17826047.0,v1.16+,0.9029850746268656,0.0,0.0,True,0.0,0.0,0.4108819216489791,4.0,actuator_motors,none,3272117,2680476,2.5,,C,,0.0,4.0,True,9.99879595337352,19.984358010956697,1.999948452456428,66.793821,57.651672,,True,0.0,0.0015795486862771,0.0,0.0,0.0,0.0,0.0,0.0,2.5086478948593136,0.3156750619411468,0.0051051735179498,0.0015783025113410092,0.0,0.0,0.0,0.0,0.0,0.0,1.255230748123566,0.27434988899640717,0.0050921863021986405
b58e2067-08eb-4ee0-a119-e138823b8cd1,ok,17694720.0,v1.14-1.15,0.0,0.0,0.0,True,0.2992517475632568,0.9666789999999992,0.4377753809094428,4.0,actuator_motors,none,8651478,5597504,4.0,,B,,0.0,4.0,True,10.012222921742865,201.23284723390904,2.000121409967145,77.233534,72.42970299999998,,True,0.0,0.0041297118645161,0.0120633896440267,0.0,0.1982838645577423,0.0,0.0012047726893797,0.0053901956882327,0.3155321091413497,,0.0,0.004121208008750692,0.011991206891765614,0.0,0.18089042033798472,0.0,0.0012040475331370163,0.005375720575948188,0.27424122951758784,,0.0
e67cfd71-7ff2-4250-bea5-fb3e107896a5,ok,17694975.0,v1.14-1.15,0.0,0.0,0.0,True,0.0263331138907175,0.3997439999999983,0.8422851892347069,4.0,actuator_motors,none,5910436,3864432,3.0,,B,,0.0,4.0,True,9.954686982896847,19.90868276774697,1.9869966349785733,152.9815,152.80297999999985,,True,0.0,0.0034918963094241,0.0,0.0,0.0,0.0,0.0,0.0,0.0353937424719333,,0.0,0.003485813795066487,0.0,0.0,0.0,0.0,0.0,0.0,0.034781781882249084,,0.0
49e6259e-3499-4b91-a724-f0bcedcbed60,ok,17629952.0,v1.12-1.13,0.0,0.0,0.0,True,0.0,0.0,0.159865379333496,4.0,actuator_motors,none,6078577,3340458,3.6,,B,,0.0,4.0,True,10.008966826737854,20.00857843352967,2.000041727366295,117.280853,112.484723,,True,0.0,1.4805277714913244e-05,0.0001813293056329,0.0,0.0,0.0,0.0,0.0,0.0113026035018265,0.0,0.0,1.4805168117870878e-05,0.00018131286746147745,0.0,0.0,0.0,0.0,0.0,0.01123920633365629,0.0,0.0
d13613e1-e449-47f2-acf1-f356db07ce3c,ok,17695744.0,v1.14-1.15,0.9073170731707316,0.0,0.0,False,0.0033444816053511,0.2997919999999965,0.4800382256507873,4.0,actuator_motors,none,3073413,2107369,2.5,,B,,0.0,4.0,True,10.012611431862162,20.022635416839965,2.017973038551919,102.028016,89.37348099999993,,True,0.0,0.0001600478222826,0.1709168642759323,0.0,0.6469133973121644,0.0,8189.288134765624,0.0070939850527793,0.0,,0.0,0.00016003501599628524,0.1577870866007739,0.0,0.4989028677317569,0.0,9.010704357518332,0.007068941111954895,0.0,,0.0
333a57b3-af32-45a1-a447-ded36c328cfa,ok,17761535.0,v1.14-1.15,0.0,0.0,0.0,True,0.0,0.0,0.5409445717930793,4.0,actuator_motors,none,2866979,2152868,2.6,,C,,0.0,4.0,True,10.012640892017318,20.01334938693692,2.0002039667450413,74.244317,70.49126799999999,,True,0.0,0.0024403411429375,0.0017218980472534,0.0002504633564967,0.0030254587065428,0.0016815145034343,0.0118618119508028,0.0036365835927426,0.0921603381633758,0.0581355944275856,0.0,0.0024373683459341686,0.0017204172803868636,0.0002504319957865894,0.0030208912165329838,0.0016801023407480675,0.011792012085819635,0.003629987209990254,0.08815769636421154,0.05650848630885193,0.0
a408a531-dbe5-4ebe-a121-632f6c3046fa,ok,17695743.0,v1.14-1.15,0.0,0.0,0.0,True,0.0,0.0,0.1289061725139617,4.0,actuator_motors,none,7608758,4746565,4.5,,B,,0.0,4.0,True,10.00485526466263,20.00470763286753,1.9999710968644024,197.253519,190.9321070000001,,True,0.0,0.0007182217144872,0.0,0.0,0.0,0.0,0.0,0.0,8.836372489895434e-06,,0.0,0.0007179639167015461,0.0,0.0,0.0,0.0,0.0,0.0,8.836333449386028e-06,,0.0
cde494bb-e2d1-48e8-aeea-0779909b51b6,ok,17695488.0,v1.14-1.15,0.0,0.0,0.0,True,0.0,0.0,0.1877077288925633,4.0,actuator_motors,none,29442264,10221953,10.2,,C,,0.0,4.0,True,10.010622418100276,199.98939221782013,1.9999994652407849,93.902846,86.60001700000001,,True,0.0,0.0,0.0,0.0,0.0,0.0,0.0,0.0,0.0029640096705406,0.0,0.0,0.0,0.0,0.0,0.0,0.0,0.0,0.0,0.0029596256545845107,0.0,0.0
5539ce1b-42ba-4c32-8763-74ddbe7fddee,ok,17694975.0,v1.14-1.15,0.1765557163531114,0.0,0.0,True,0.0,0.0,0.2270934760570526,4.0,actuator_motors,none,69797568,42385019,27.4,,C,,0.0,4.0,True,9.996003946917948,19.99201114606345,1.9988548613221573,1745.86497,1741.986279000001,,True,0.0,0.0113990610465407,0.0009731874335557,0.0,0.0057620540261268,0.0,0.001019696262665,0.0011190644465386,0.0051222167909145,0.0098973391577601,0.0,0.011334581293273832,0.0009727141936744678,0.0,0.005745516887673995,0.0,0.0010191767255809739,0.0011184387606658853,0.005109142864473408,0.009848681288768832,0.0
08e27f9d-a6e2-41a3-89c2-76cf83f98f54,ok,17760384.0,v1.14-1.15,0.0,0.2887323943661972,0.0,True,0.0,0.0,0.1066972374916076,4.0,actuator_motors,none,7191721,4746787,38.8,,C,,0.0,4.0,True,9.88132094376716,195.7682897472576,1.9705558361663285,68.049213,62.56653500000001,,True,0.0,0.0059236718108877,0.0007770461816107,0.000497706697206,0.0091344316955655,0.0081774705555289,0.0015254996309522,0.0028633725713007,0.1246105648577213,0.0189792660996317,0.0,0.005906195847645609,0.0007767444375291288,0.0004975828823084105,0.009092965098943206,0.008144216211127944,0.0015243372383929703,0.0028592809287967262,0.11743681115668343,0.018801406731941417,0.0
32556bbb-db92-439e-8654-a072b4009724,ok,17891583.0,v1.16+,0.0,0.0,0.0,True,0.2944983818770226,2.999379000000001,0.9999999781681158,4.0,actuator_motors,none,3010868,2433234,2.9,,B,,0.0,4.0,True,10.01372330637854,20.013072108812555,2.000007708058904,68.729289,61.82433799999999,,True,0.0,0.0012306631018873,0.0023641795036382,0.0010681650077458,0.042151459120214,0.0150665211491286,0.002612534945365,0.0083953094203025,0.0302540126256644,0.0031151969567872,0.0,0.0012299064567719868,0.002361389228218117,0.0010675949254291197,0.041287287010318884,0.014954148424183866,0.0026091282081346775,0.008360264813771038,0.029805386036935486,0.0031103547843550333,0.0
dc2ab150-cfea-4712-bacd-5a25afd4801d,ok,17761535.0,v1.14-1.15,0.0266222961730449,0.0,0.0,False,0.0,0.0,0.1440791457891464,4.0,actuator_motors,none,184915860,48036783,96.7,,B,,0.0,4.0,True,8.598615197924335,172.01678723296698,1.7312137927762408,346.720259,336.2301980000001,,True,0.0,0.0349963665008544,0.0080029176548123,0.001274100964656,0.0070929506327956,0.0056843028869479,0.0208692397922277,0.0048014578176662,0.0210537740029394,0.0025262478040531,0.0,0.03439791608397631,0.007971064143809548,0.0012732899867939605,0.007067913977913488,0.005668208199872897,0.020654460258175487,0.004789967584313759,0.02083520577107423,0.002523062204018147,0.0
aafff692-6529-4391-8296-55a03a840fa6,ok,17761535.0,v1.14-1.15,0.0,0.0,0.0,True,0.0,0.0,0.4218112215399742,4.0,actuator_motors,none,41718583,25543153,18.0,,A,,0.0,4.0,True,9.94261898638564,220.68493294145472,1.9884954560910448,348.320709,341.42776499999974,,True,0.0,0.0039427808485925,0.0034773251973092,0.003471058839932,0.0180498741567134,0.0237068608403205,0.0013390468666329,0.0020881038159131,0.0690470308065414,0.0070729991421103,0.0,0.003935028458817213,0.0034712932812897817,0.003465048619068211,0.01788890922364396,0.023430216923982627,0.001338151142898924,0.0020859267572296805,0.06676762621691026,0.0070481028092377555,0.0
8a54b5fe-5299-4e84-b668-6df1a9a93441,ok,17695743.0,v1.14-1.15,0.0,0.0,0.0833333333333333,True,0.1702786377708978,6.201411,0.5475814864039421,4.0,actuator_motors,none,2881200,2285834,2.1,,B,,0.0,4.0,True,10.01347571079747,20.01395572410116,1.999937111466597,68.914341,64.666119,,True,0.0,0.0036946726148016,0.0007034017966361,0.0,0.0147117865737527,0.0,0.1977496884763241,0.119515329226852,0.0188470734283328,0.0360963892191648,0.0,0.0036878640769952174,0.0007031545255395059,0.0,0.014604618056618357,0.0,0.18044453669032726,0.11289584988552641,0.018671667834254047,0.0354601792961974,0.0
c6a6f6a7-76d2-4a9d-9976-c32a753555dc,ok,17826047.0,v1.16+,0.0,0.0,0.0,True,0.0,0.0,0.1491188555955886,4.0,actuator_motors,none,154526725,45870272,82.0,,C,,0.0,4.0,True,9.982686167699011,155.46157931381174,2.0000454619029338,230.492796,224.826407,,True,0.0,0.0100338328629732,0.0,0.0,0.0,0.0,0.0,0.0,0.0049208379350602,0.0017042006365954,0.0098522892221808,0.009983828176258371,0.0,0.0,0.0,0.0,0.0,0.0,0.004908770184838922,0.0017027501344211737,0.009804071862972916
f1ace2c1-3566-4ab5-994e-b0bbbca90dd5,ok,17761535.0,v1.14-1.15,0.2138084632516703,0.0,0.0,True,0.6785714285714286,80.698755,1.0,4.0,actuator_motors,none,8627252,5706205,7.0,,C,,0.0,4.0,True,10.00479504475854,20.00476157823581,2.0000074757560986,206.692636,201.6202669999999,,True,0.0,0.0056638351641595,0.0,0.0,0.0,0.0,0.0,0.0,0.2300666689872741,0.1253493145108222,0.0581337630748748,0.005647855957114029,0.0,0.0,0.0,0.0,0.0,0.0,0.2070683703441057,0.11809348924807729,0.05650675557197356
d0185cbe-254f-4ddc-ac44-ef4095adc90a,ok,17826047.0,v1.16+,0.0,0.0,0.0,True,0.0,0.0,0.3274922788143157,4.0,actuator_motors,none,3308664,2545454,6.6,,B,,0.0,4.0,True,10.012766928012889,20.011390639484908,1.9999250747024304,76.692319,66.852974,,True,0.0,0.0009281784092308,0.0011665839818306,0.0004201999399811,0.0042675239965319,0.0064434447558596,0.0123705555684864,0.011934798490256,0.0038066108012571,0.0019238039152696,0.0,0.0009277479180122945,0.0011659040514831276,0.0004201116807098147,0.004258443939742212,0.006422774509910053,0.012294665473403478,0.01186414042036501,0.003799383992321032,0.0019219557744448222,0.0
b9a77929-0961-44ad-bc48-2b5dd265a95a,ok,17826240.0,v1.16+,0.0,0.0,0.0,True,0.0,0.0,0.5405754968523979,4.0,actuator_motors,none,10480454,6522662,5.3,,A,,0.0,4.0,True,9.99979282725865,199.01570319501505,1.9999736629974256,83.342123,77.744476,,True,0.0,0.001745532429777,0.0002445400896249,0.0001744065637467,0.0029339151456952,0.0016635698499158,0.0003152469435008,0.0020099979825317,0.0001277808492886,0.0678891375660896,0.0008432312286458,0.0017440107585389583,0.0002445101945707766,0.00017439135669007567,0.00292961961641543,0.001662187650304437,0.00031519726362378537,0.0020079806393716237,0.00012777268601127714,0.0656839313729485,0.0008428759089237458
4d631738-ad24-410c-be4c-c6f23b296026,ok,17826047.0,v1.16+,0.0,0.0,0.0,True,2.181025081788441e-05,0.0037019999999969,0.3749806106090546,4.0,actuator_motors,none,41776793,24844922,14.5,,B,,0.0,4.0,True,9.8907846620939,199.80504888630227,1.9787106178152785,329.081373,324.72615,,True,0.0,0.0045922253513708,0.0046615063212811,0.0016667893156409,0.008416388509795,0.0061653423821553,0.0007903960620751,0.0014474352414254,0.1945843763649463,0.0275068411603569,0.0004648100890335,0.004581713254856909,0.004650675147370188,0.0016654017639531151,0.008381168192618851,0.006146414417226792,0.0007900838636037587,0.0014463887167657414,0.17779832268119342,0.0271353254296955,0.0004647020982862297
812311c9-63c9-4081-adab-813f20697100,ok,17629312.0,v1.12-1.13,0.0157159487776484,0.0,0.0783645655877342,True,0.017446541019222,0.4536110000000022,0.4004792362451553,4.0,actuator_motors,none,71367217,31016453,17.5,,A,,0.0,4.0,True,9.758584850657972,195.44795966448248,1.949726690576006,119.791992,117.510072,,True,0.0,0.094020653143525,0.0094100423622876,0.0,0.0816350016742944,0.0,0.040493064187467,0.2583036705851553,0.4723426803946495,0.5231735706329346,0.0,0.08985958238057251,0.00936604371769742,0.0,0.07847378679839113,0.0,0.039694700983556264,0.22976452071012005,0.3868547923943077,0.42079603369180807,0.0
97155b59-b9e0-46ea-8be2-11201de1fbaa,ok,17891392.0,v1.16+,0.0,0.0,0.0,True,0.0,0.0,0.0315150916576385,4.0,actuator_motors,none,3236400,2490122,3.4,,C,,0.0,4.0,True,10.010599278782038,20.01170215918182,1.9999462837956952,85.735937,82.07816899999999,,True,0.0,0.0,0.0,0.0,0.0,0.0,0.0,0.0,0.0,2.735682964324951,0.0028033321723341,0.0,0.0,0.0,0.0,0.0,0.0,0.0,0.0,1.3179306571097495,0.0027994101647834117
ee137382-d197-4835-b010-3033fcd9d3c1,ok,17695488.0,v1.14-1.15,0.0599945828819068,0.0,0.9010989010989012,True,0.0251369004420399,2.6186029999999985,0.136552071198821,4.0,actuator_motors,none,26167209,14758139,7.8,,A,,0.0,4.0,True,10.00446434886882,158.93794395821035,2.000090293731468,218.207019,212.19794299999987,,True,0.0,0.1391431130468845,0.0318321823142468,0.0,0.0723419394344091,0.0,0.0507680336013436,0.5294876396656036,0.0607037069275975,0.0749714497476815,0.0,0.13027632454994859,0.03133603979969246,0.0,0.06984498514041913,0.0,0.04952135735523618,0.4249328032852903,0.05893256231680521,0.07229410285269648,0.0
258a0e12-6d33-4baf-ab24-40710413e992,ok,17694975.0,v1.14-1.15,0.0,0.0,0.0,True,0.0,0.0,0.104458326101303,4.0,actuator_motors,none,2577846,1854708,2.9,,B,,0.0,4.0,True,10.013735062723134,20.01326171335689,1.9999566452351405,75.194582,71.74738799999997,,True,0.0,0.0011070878535974,0.0,0.0,0.0,0.0,0.0,0.0,6.655679225921625,0.8224350541830057,0.0,0.00110647548376274,0.0,0.0,0.0,0.0,0.0,0.0,2.0354477548822985,0.6001735487008341,0.0
e4715794-473c-42fa-bb2c-70857ac1a16e,ok,17694848.0,v1.14-1.15,0.0,0.0,0.0,True,0.0,0.0,0.0729549825191497,4.0,actuator_motors,none,31709784,18829731,10.8,,A,,0.0,4.0,True,10.001192799516168,20.00114976580327,2.0000133755541363,807.080945,805.6255119999993,,True,0.0,0.0002260860434034,0.0,0.0,0.0,0.0,0.0,0.0,0.0,0.0,0.0,0.0002260604898053578,0.0,0.0,0.0,0.0,0.0,0.0,0.0,0.0,0.0
1cbd3e47-8c91-494d-ac59-2432b8858f7b,ok,17694720.0,v1.14-1.15,0.0,0.0,0.0,True,0.0,0.0,0.3129481524229049,4.0,actuator_motors,none,14857070,3778472,5.5,,B,,0.0,4.0,True,10.011476749859987,20.01040872395161,121.18892663113124,84.116728,79.979199,,True,0.0,0.0044521361123769,0.0,0.0,0.0,0.0,0.0,0.0,4.347054800746263e-05,,0.0,0.004442254672549768,0.0,0.0,0.0,0.0,0.0,0.0,4.3469603190571635e-05,,0.0
3ef02995-fdcc-4dec-bb4a-98e04f8c187c,ok,17695743.0,v1.14-1.15,0.0,0.0,0.0,True,0.0,0.0,0.1787978127598762,4.0,actuator_motors,none,80218293,47905774,20.7,,B,,0.0,4.0,True,10.001260074868444,201.21030021405736,2.000011205308681,762.463032,757.6450709999989,,True,0.0,0.0006028133502695,0.0037746768211945,0.0,0.0019614428747445,0.0,0.0023671802482567,0.0026817630277946,0.0020038244547322,0.0191974949091672,0.0,0.0006026317312864349,0.003767570605473706,0.0,0.0019595217573668672,0.0,0.002364382890789319,0.0026781735173714055,0.002001819476479033,0.01901554793357245,0.0
ca2f0dc7-5d0d-490f-8073-fbb64018999a,ok,17761280.0,v1.14-1.15,0.0,0.0,0.0,True,0.0001017930111826,0.0176559999999881,0.2560788691043854,4.0,actuator_motors,none,78640618,48363573,16.2,,A,,0.0,4.0,True,9.98986794590073,198.5149514512649,2.0001733246084497,730.120611,726.01947,,True,0.0,0.0112927705049514,0.0037364761810749,0.0048718396574258,0.0036849866155534,0.0029022460803389,0.0037182683590799,0.0077563477680087,0.0145386964082717,0.0027906991774216,0.5529037197120488,0.011229483185861585,0.0037295128939964063,0.004860010650394998,0.0036782136860452675,0.0028980426950585285,0.0037113726873043047,0.00772642194643719,0.014434022886280958,0.0027868124059995314,0.4401265459227725
ec60629f-66d8-4026-a8b3-fec6d9273a47,ok,17826240.0,v1.16+,0.0,0.0,0.0,True,0.0,0.0,0.1887194141745567,4.0,actuator_motors,none,3940901,2758200,3.2,,B,,0.0,4.0,True,10.010538094520465,20.01033379362799,1.9999476787881447,93.220092,89.10675200000004,,True,0.0,0.012778281699866,0.0,0.0,0.0,0.0,0.0,0.0,0.1138244345784187,0.0835879921913146,0.0,0.012697328358605079,0.0,0.0,0.0,0.0,0.0,0.0,0.10779952996333902,0.08027774976403965,0.0
d98f134a-4054-434f-aa96-d7bd58e34a1f,ok,17826047.0,v1.16+,0.0,0.0,0.0,True,0.0678617157490397,0.2965920000000039,0.9531330466270448,4.0,actuator_motors,none,3588277,2704554,3.3,,B,,0.0,4.0,True,10.011229300380249,20.01072331938016,2.000166649723058,86.922577,78.047567,,True,0.0,0.0014009450736921,0.0007824892003554,0.000242759406683,0.007863748865202,0.0130827452987432,0.0068443320225924,0.0050292530097067,0.0207418591715395,0.006713878060691,0.0,0.001399964665700693,0.0007821832152906652,0.00024272994538614164,0.007832990736333999,0.01299790534499446,0.006821015910523475,0.005016648559769796,0.02052967584559256,0.006691440354743014,0.0
3c5d1cf1-e2d3-44d6-9024-51abb3b3ed9f,ok,17761535.0,v1.14-1.15,0.0,0.119205298013245,0.0,True,0.0006784260515603,0.098321999999996,0.2400000244379043,4.0,actuator_motors,none,26030544,16755029,11.9,,B,,0.0,4.0,True,10.001688134140608,20.00187388811108,2.0000052940325475,593.932952,589.6305949999996,,True,0.0,0.0051183121511712,0.0048689049435779,0.0046868445351719,0.0124180518556386,0.0131095228251069,0.1225669302046297,0.0481877049431204,0.7648901700973469,0.0790793873369693,0.0023100434336811,0.005105258115671374,0.0048570901604205715,0.004675895477017203,0.012341580284151386,0.01302433672249651,0.11561796487419947,0.047062677631121784,0.5680884618753654,0.0761082584879106,0.002307379385271229
be008871-5dd2-4de6-a2cf-2525ebb130cf,ok,16843072.0,v1.12-1.13,0.0,0.0,0.0,True,0.0,0.0,0.3736413493752479,4.0,actuator_motors,none,15602251,9178531,10.9,,B,,0.0,4.0,True,10.006989555724742,200.84603137620027,2.0001407427279885,131.375565,126.44035300000004,,True,0.0,0.0097667693160474,0.0,0.0,0.0,0.0,0.0,0.0,5.488851020345464e-05,,0.0004964943276718,0.009719382717440281,0.0,0.0,0.0,0.0,0.0,0.0,5.488700388429796e-05,,0.0004963711151442886
b293656d-b0cb-4780-b648-2ec2d9f8d485,ok,17825792.0,v1.16+,0.0,0.0,0.0,True,0.0,0.0,0.1846046701073646,4.0,actuator_motors,none,26612012,15953480,17.4,,B,,0.0,4.0,True,10.003570909306356,132.64237220511745,1.999987928898479,281.605622,276.7741780000001,,True,0.0,0.0016897319583222,0.0010488027939572,0.0025011024437844,0.0036690576234832,0.0051014552824199,0.0001564280231832,0.0066040241159498,0.1522433310747145,0.0930581346154211,0.0,0.0016883059674123308,0.001048253184561239,0.0024979798925305655,0.003662343050652124,0.005088486945648292,0.0001564157895957488,0.006582313083057353,0.14171076486010822,0.08897939590020248,0.0
cbe3b4a9-f5ba-475e-990b-fa6086f82f7e,ok,17891583.0,v1.16+,0.0,0.0,0.0,True,0.0,0.0,0.1591096341609953,4.0,actuator_motors,none,3210806,2513411,3.3,,C,,0.0,4.0,True,10.014870073544468,20.01346216743553,1.9999638887639104,71.854556,64.52340400000001,,True,0.0,0.0008292337442981,0.0009225206420524,0.000112895748316,0.0065925544360652,0.0047532992437481,0.0015938993659801,0.0047832046169787,0.0033907935372553,0.0008979678561445,0.0,0.0008288901199469091,0.0009220953814059467,0.00011288937607060118,0.00657091858735145,0.004742037988209853,0.0015926304565493474,0.004771801441797636,0.003385057759085077,0.000897564924204411,0.0
2d747df6-ca09-4594-812a-2de606e58fba,ok,17761535.0,v1.14-1.15,0.0,1.0,0.0,True,0.0,0.0,0.3486429732042924,4.0,actuator_motors,none,6008976,3652239,3.6,,B,,0.0,4.0,True,10.006325399316626,20.006248903840497,2.00003540127808,153.722891,142.65156200000004,,True,0.0,0.0020690112258307,0.0,0.0,,,0.0,,0.0019295141100883,0.0017736083362251,0.0,0.0020668737698768605,0.0,0.0,,,0.0,,0.0019276549888207948,0.0017720373502282231,0.0
88705f51-0d7c-462c-a688-13b8b0000fd4,ok,17891583.0,v1.16+,0.0,0.0,0.0,True,0.0,0.0,0.1244065314531324,4.0,actuator_motors,none,30511432,12836727,10.5,,B,,0.0,4.0,True,10.015526349015673,200.94934031524,1.999804572943887,65.281862,62.28437000000001,,True,0.0,0.0334495641291141,0.0384002570062875,0.0028498256579041,0.1898163557052612,0.0394477173686027,0.0708561837673187,0.0725801698863506,0.0,0.2064909189939499,0.0,0.03290229791270252,0.03768131446986077,0.0028457726032706577,0.17379897227767307,0.03868953110934713,0.06845850025223578,0.0700671195031411,0.0,0.1877160793193974,0.0
197dd71a-5106-4d41-87dd-462bdd168fea,ok,17761280.0,v1.14-1.15,0.0,0.0,0.0,True,0.0,0.0,0.1799756214022636,4.0,actuator_motors,none,39307279,23689844,11.6,,A,,0.0,4.0,True,10.002856231405932,200.00000285816367,1.9999999370529349,349.924805,340.5400059999999,,True,0.0,0.0015544733207207,0.0,0.0,0.0,0.0,0.0,0.0,1.3399501494859576e-05,0.0,0.0,0.0015532663776802308,0.0,0.0,0.0,0.0,0.0,0.0,1.3399411722341358e-05,0.0,0.0
f58e09f5-34d2-42ea-98ca-46f8af70a451,ok,17695488.0,v1.14-1.15,0.0,0.0,0.0,True,0.0003720810091082,0.0143500000001495,0.4367465287446973,4.0,actuator_motors,none,117196389,67332510,26.7,,C,,0.0,4.0,True,9.933076270045778,170.98832219820045,1.98609456360668,1150.604989,1146.0101529999986,,True,0.0,0.0103548734914511,0.0031147898989729,0.0,0.0050485279643908,0.0,0.0038016359903849,0.0030862335697747,0.0080838955473154,0.0090693812817335,0.0,0.01030162903326198,0.0031099489905856577,0.0,0.005035826877014166,0.0,0.0037944280345238277,0.003081480926950884,0.008051395895415054,0.00902850142739899,0.0
e28794a4-7621-4dc6-a8e4-88f691688827,ok,17695488.0,v1.14-1.15,0.0,0.0,0.0,True,0.0,0.0,0.0480708092451095,4.0,actuator_motors,none,4113979,2720552,2.5,,C,,0.0,4.0,True,10.008343823605038,20.00721030933461,2.000027726190817,124.38786,123.75102799999998,,True,0.0,0.0003945821430534,0.0,0.0,0.0,0.0,0.0,0.0,0.0,0.0,0.0,0.0003945043159916978,0.0,0.0,0.0,0.0,0.0,0.0,0.0,0.0,0.0
02260c78-3936-4f8c-9302-6c9c68ed6158,ok,17826559.0,v1.16+,0.0,0.0,0.0,True,0.0,0.0,0.2402162188664078,4.0,actuator_motors,none,3638310,2737437,2.5,,B,,0.0,4.0,True,10.011576484239226,20.011896675361942,1.9999546086251483,79.047796,77.662769,,True,0.0,0.0232474289834499,0.000473120281822,0.0030903971055522,0.0086637505330145,0.0219573412090539,0.0194109497591852,0.4753706663846969,2.588305640220642,11.658746051788324,0.0,0.02298132378858684,0.0004730083957104657,0.0030856316440052486,0.00862643561622941,0.02171975041040652,0.019224960242597577,0.38890925746527943,1.2776801245765808,2.5383483637684523,0.0
0396c450-6e1b-464d-8763-851dd2857934,ok,17629952.0,v1.12-1.13,0.0,0.0,0.0,True,0.0017241379310344,0.0980489999999996,0.1995777130126953,4.0,actuator_motors,none,5609532,3976993,3.1,,C,,0.0,4.0,True,10.007470805553394,20.00724426499921,1.9998908485105404,117.674018,115.98727099999998,,True,0.0,0.0012626791722141,0.0005798742786282,0.0,0.0078216333640739,0.0,0.0,0.0015731223102193,0.0128711904399096,0.014581793686375,0.0,0.001261882663287779,0.0005797062165054889,0.0,0.007791202963792183,0.0,0.0,0.0015718862494645488,0.012789060656207989,0.014476501662992507,0.0
a36e3110-a985-4357-a250-f45836273a81,ok,17694720.0,v1.14-1.15,0.0,0.0,0.0,True,0.0,0.0,0.1216829031705856,4.0,actuator_motors,none,9741869,5940621,6.3,,B,,0.0,4.0,True,10.011181473748191,199.91481334753425,1.9998747664629,87.41922,84.89135299999997,,True,0.0,0.0083758219145238,0.0,0.0,0.0,0.0,0.0,0.0,0.2424325898289679,0.2491839960217476,0.0,0.008340939362829654,0.0,0.0,0.0,0.0,0.0,0.0,0.21707122385808542,0.2224905349628337,0.0
7e33596c-89c9-4cc1-98e4-47b25f2ac79b,ok,17694720.0,v1.14-1.15,0.0,0.0,0.0,True,0.0,0.0,0.4951128825713942,4.0,actuator_motors,none,9353759,5257212,3.7,,A,,0.0,4.0,True,9.93913503302814,19.834549666210496,1.9846500751243488,66.270609,63.357094,,True,0.0,0.0001292039087275,0.0,0.0,0.0,0.0,0.0,0.0,8.937254190444943,,0.0001297204034926,0.00012919556262137673,0.0,0.0,0.0,0.0,0.0,0.0,2.2962907441218112,,0.00012971199052860637
f4c1ad35-1130-48c4-903d-b919b8775e65,ok,17760511.0,v1.14-1.15,0.2366589327146171,0.0208816705336426,0.0,False,0.0713043478260869,7.69999700000001,1.0,4.0,actuator_motors,none,4084646,2764441,4.6,,B,,0.0,4.0,True,10.008322452122792,20.007479540316524,2.000002728037194,120.387922,114.14981800000002,,True,0.0,0.0578239196911454,0.0,0.0,0.0,0.0,0.0,0.0,0.0,0.0,0.2076590359210967,0.056213892072417226,0.0,0.0,0.0,0.0,0.0,0.0,0.0,0.0,0.18868380463896975
cd529f00-42a6-4290-a7d9-4f5c09093b6a,ok,17629696.0,v1.12-1.13,,,0.0,True,0.0092604025188294,1.697484999999915,0.4345473915338514,4.0,actuator_motors,none,63368543,31635498,12.7,,B,,0.0,4.0,True,9.995727425072332,19.991542327656216,1.9999942170129803,937.2709,810.4199959999995,,True,0.0,0.0029173962771892,0.0082886197604238,0.0,0.0464097760617731,0.0,0.0,0.0292337271384894,0.0010827166959643,0.0033610222977585,0.0,0.0029131489354508916,0.008254457792219996,0.0,0.04536504424383489,0.0,0.0,0.028814571135788374,0.0010821309809799116,0.003355386686395307,0.0
b65db692-35cb-453e-9ede-4486154ee38e,ok,17826240.0,v1.16+,0.0,0.0,0.0,True,0.0,0.0,0.1866027057170867,4.0,actuator_motors,none,19720555,11452247,4.7,,A,,0.0,4.0,True,8.167376113311601,16.325112232784694,1.6315572820559554,518.300716,421.2448819999996,,True,0.0,0.0089571350254118,0.0164169874042272,0.0132043547928333,0.0100322859361767,0.00893488782458,0.0053848666138947,0.004936613375321,0.0774402841925621,1.9042032361030576,0.0,0.00891725783814937,0.016283685630214883,0.013117937194608085,0.009982296615699928,0.008895207896347946,0.005370420058314046,0.004924468253625679,0.0745881207570233,1.066159079397695,0.0
3172d772-7c5f-4989-ae68-8ea4398b0dca,ok,17826559.0,v1.16+,0.0,0.0,0.0,True,0.0119189511323003,0.301203000000001,0.1092504203319549,4.0,actuator_motors,none,3771831,2817934,2.7,,A,,0.0,4.0,True,10.011420677351778,20.010280351910225,2.00016717781485,88.747375,83.887909,,True,0.0,0.002195918012876,0.0235190855339169,0.0015998952439986,0.0127052290830761,0.0210135491564869,0.0016304921533446,0.0307614997960628,0.0038772765197791,0.0,0.0,0.002193510508726652,0.023246773267201367,0.0015986167750320136,0.012625194849314413,0.02079580957095731,0.0016291643441392611,0.030297849269352802,0.0038697792562342923,0.0,0.0
8ee56044-295b-48ba-86ac-725e4792eb9c,ok,17826559.0,v1.16+,0.0,0.0,0.0,True,0.0,0.0,0.1636345211416481,4.0,actuator_motors,none,29298895,14700697,9.5,,B,,0.0,4.0,True,10.003473525320862,159.63964290668852,1.9999982500015312,280.305751,125.40550599999996,,True,0.0,0.0219035483896732,0.0,0.0,0.0,0.0,0.0,0.0,0.0,0.0,0.0,0.02166711197530864,0.0,0.0,0.0,0.0,0.0,0.0,0.0,0.0,0.0
d7367fd7-a711-48a2-9c9b-9b834d82dbfd,ok,17826240.0,v1.16+,0.0,0.0,0.0,True,0.1641708604394255,1.5819560000000017,0.87375917006284,4.0,actuator_motors,none,11689481,6690778,4.2,,B,,0.0,4.0,True,10.009362004546556,199.4676546213569,2.000095113433958,101.410824,57.04094399999999,,True,0.0,0.000221305937157,0.0,0.0,0.0,0.0,0.0,0.0,0.0242898000404238,0.0060533761512488,0.0,0.0002212814526104066,0.0,0.0,0.0,0.0,0.0,0.0,0.023999494430124356,0.006035128074454212,0.0
2d2b340a-e6b7-46f3-a596-018584c9002f,ok,17694975.0,v1.14-1.15,0.0,0.0,0.0,True,0.0,0.0,0.0994841903448104,4.0,actuator_motors,none,8549369,5126735,4.0,,C,,0.0,4.0,True,9.68159630265938,193.1865565216592,1.9333697064620776,75.268289,71.869684,,True,0.0,0.0036377916694618,0.0,0.0,0.0,0.0,0.0,0.0,0.0,0.0,0.0,0.003631190908631644,0.0,0.0,0.0,0.0,0.0,0.0,0.0,0.0,0.0
2b15e2a8-a7a3-44a1-96e7-bbebd41d1839,ok,17629184.0,v1.12-1.13,0.0,0.0,0.0789001793185893,True,0.0115677321156773,1.6974419999999952,0.2432018876075744,4.0,actuator_motors,none,11105237,7219811,10.9,,B,,0.0,4.0,True,10.000067862941853,19.999843336552946,2.000016736667003,334.017812,328.487973,,True,0.0,0.0829035073518753,0.0018797088880091,0.0,0.002668032143265,0.0,0.5056586265563965,0.2392824292182923,0.007401053328067,0.0333788678050041,0.0086614487692714,0.07964586649806926,0.0018779444460028136,0.0,0.0026644792635680255,0.0,0.4092304280895443,0.21453252599923128,0.007373799919562306,0.032833887469875964,0.008624153620501705
17f488b1-e944-4f07-b341-5345a6e0f92c,ok,17891583.0,v1.16+,0.0,0.0,0.0,True,0.0,0.0,0.2590090528130531,4.0,actuator_motors,none,20740039,13608571,13.2,,C,,0.0,4.0,True,10.0019563271372,20.00202236915969,1.9999943361156247,482.343607,476.2496049999996,,True,0.0,0.0202385950833558,0.0048764414153993,0.0087176395580172,0.0131479155272245,0.0083363303914666,0.2677392661571502,0.0147886706516146,0.0785738840699194,0.0101561579853296,0.0,0.020036516690310827,0.004864590087548244,0.008679860343234633,0.013062231909352347,0.008301775099335638,0.23723520881206775,0.014680384561252497,0.07563969082414586,0.010104930768648244,0.0
36ce821c-8283-44e2-afd2-60496b43411d,ok,17761535.0,v1.14-1.15,0.0,0.0,0.0,False,3.780908930506894e-05,0.0100690000000014,0.0690667480230331,4.0,actuator_motors,none,39099416,20159613,14.5,,B,,0.0,4.0,True,9.91279169226077,196.6349453818076,1.9825180580344888,287.069308,281.25776499999984,,True,0.0,0.0168725658208131,0.0,0.0,0.0,0.0,0.0,0.0,1.8765065670013428,0.065034519135952,9.58591786911712e-05,0.016731805204219546,0.0,0.0,0.0,0.0,0.0,0.0,1.0565765603018635,0.06300721097034731,9.585458449369652e-05
6ce0d02b-bf45-48f6-bf03-fdb460f5c634,ok,17629952.0,v1.12-1.13,0.0,0.0,0.0,True,0.0,0.0,0.2170510619878768,4.0,actuator_motors,none,87757120,23506779,18.6,,C,,0.0,4.0,True,9.60990865525712,180.47532254423868,1.899888739592504,130.447774,121.91065900000002,,True,0.0,0.0024599146912805,0.0010047969582956,0.0,0.0185415769927203,0.0,0.0,0.0016855180496349,0.0004946581320837,0.0014345267612952,0.0,0.002456894053795857,0.0010042924877306124,0.0,0.018371777641149344,0.0,0.0,0.0016840991582413687,0.0004945358290803364,0.001433498810745048,0.0
c3f17483-001c-4454-bbe1-ceba1b52798a,ok,17761535.0,v1.14-1.15,0.0,0.0,0.0,True,0.0,0.0,0.2354376912117003,4.0,actuator_motors,none,5719689,3985428,3.9,,B,,0.0,4.0,True,10.007271435117024,20.00713749845622,1.999995498165115,135.571741,127.42456499999996,,True,0.0,0.0058690063422545,0.0,0.0,0.0,0.0,0.0,0.0,3.577963459491729,0.0112469789106398,0.0014837277762126,0.0058518508157342315,0.0,0.0,0.0,0.0,0.0,0.0,1.5212542397361195,0.011184201905894003,0.0014826281397287287
f016bc73-2197-42c5-b59a-9389c50d5b2d,ok,17826047.0,v1.16+,0.0,0.0,0.0,True,0.0,0.0,0.1164052933454513,4.0,actuator_motors,none,16296565,10502094,6.2,,B,,0.0,4.0,True,9.452637420019572,180.10011004220135,1.8862117605932007,149.699527,145.87375499999993,,True,0.0,0.0047224130481481,0.0012362553621642,0.0003713398327818,0.0250229910016059,0.029392042197287,0.0124417654238641,0.0212608875706791,0.0696671210229396,0.0319433815777301,0.0,0.004711297436917292,0.0012354918277215393,0.000371270903209764,0.02471504258428648,0.028968377681366373,0.012365002713718333,0.021038028159168057,0.06734749822387603,0.031443802742074825,0.0
860fc3ee-23bf-4f58-ad7f-9ff3d870cce6,ok,17629951.0,v1.12-1.13,0.0,0.0,0.0,False,0.0113636363636363,2.102643999999998,0.1450526788830757,4.0,actuator_motors,none,19814205,12563085,5.0,,A,,0.0,4.0,True,10.004377352176023,199.5583536354741,2.0000372075048385,205.685086,202.15988100000013,,True,0.0,0.0018608161772135,0.0027881510439328,0.0,0.0105116307269781,0.0,0.0,0.0147329212166368,0.0024046165286563,0.0157569240313023,0.0,0.001859087003574688,0.0027842713605666673,0.0,0.010456767668608927,0.0,0.0,0.014625446062233621,0.0024017300646313874,0.01563407253123488,0.0
d0f6a451-1658-44ba-a059-ab69c5edf501,ok,17760511.0,v1.14-1.15,0.075,0.0,0.5105820105820106,True,0.1152263374485596,2.1975120000000032,0.893137975037098,4.0,actuator_motors,none,3952668,2768336,2.7,,C,,0.0,4.0,True,10.01270682971254,20.01225238857394,1.9997955645232293,74.893031,72.89485499999999,,True,0.0,3.775063800811764,0.0594766525551675,0.0523919127881523,0.1060402970761057,0.0961944453418248,812.4061279296893,9.708910274505612,2.835022985935208,6.336233139038084,0.0,1.563407335269978,0.05777506219758833,0.05106558561261985,0.10078633740575985,0.09184458642293816,6.701230527167009,2.371076130870762,1.3441754285262137,1.9928255145797864,0.0
88393d28-1ac8-45b9-b96f-ce3969640756,ok,17760384.0,v1.14-1.15,0.0,0.0,0.0,True,0.0,0.0,0.2563941061496734,4.0,actuator_motors,none,12778120,8749576,5.7,,C,,0.0,4.0,True,10.003432997876684,20.00328432211108,1.999966352702832,292.493267,288.50858200000016,,True,0.0,0.0017948847962543,0.0003533267226885,0.001121460343711,0.0057664874475449,0.0036303758388385,0.0037041074247099,0.0050947500858455,0.0052897222340106,0.0008925132133299,0.0,0.0017932759154212054,0.0003532643175011979,0.0011208319768082388,0.00574992490011498,0.0036238019301748797,0.0036972641125060327,0.005081815759466049,0.005275780795966149,0.0008921151602394037,0.0
ebae68ae-52b1-41dd-9970-9582f7c5eb83,ok,17760256.0,v1.14-1.15,0.0,0.0,0.0,True,0.1081768830581316,1.6666120000000006,0.3588640958070754,4.0,actuator_motors,none,9064786,5183758,3.6,,B,,0.0,4.0,True,10.013876704208482,221.23485522085923,1.9999624712924504,68.402639,61.89196199999998,,True,0.0,0.0410150051116943,0.0,0.0,0.0,0.0,0.0,0.0,2.141094875335693,0.2349753677845,0.0026213503908365,0.040196203661220405,0.0,0.0,0.0,0.0,0.0,0.0,1.1445714255558237,0.21105102476726892,0.002617920644304864
92bab6a9-902a-467a-8a87-7be4b6aee5ba,ok,17761535.0,v1.14-1.15,0.0,0.0,0.0,False,0.0,0.0,0.4231132760643957,4.0,actuator_motors,none,9391480,5969244,5.8,,C,,0.0,4.0,True,10.003923673994192,20.00392458779361,2.0000870605581644,229.215577,226.86999899999995,,True,0.0,0.0084097182378172,0.0008873748767655,0.0007977849687449,0.0107014456763863,0.0137504888698458,0.0063218192197382,0.0113505438901483,0.0282239823602139,0.0025584584334865,0.0,0.008374553569815719,0.0008869813924410732,0.0007974669074684844,0.010644590468869036,0.013656808686428091,0.0063019203413229,0.011286609803097002,0.027833024973568623,0.0025551911503274654,0.0
ead0137f-41eb-4fb1-96ec-76806f40b05d,ok,17367040.0,v1.12-1.13,0.0,0.0,0.0,True,0.0,0.0,0.2249230638146399,4.0,actuator_motors,none,16591671,10008490,7.4,,A,,0.0,4.0,True,10.002179094396702,20.0021570414196,2.000015473803929,400.019194,397.012735,,True,0.0,0.1059835769236087,0.0002391702728345,0.0,0.0027773003559559,0.0,0.000141763605643,0.0024791593430563,0.0022667588666081,,0.0,0.10073505391539961,0.00023914167618435103,0.0,0.002773450783288143,0.0,0.0001417535581326272,0.0024760912972688637,0.0022641936444903745,,0.0
a0fa1dad-5189-4203-b752-d26f8acf6bcd,ok,17695743.0,v1.14-1.15,0.0,0.0,0.0,True,0.0,0.0,0.1804098084568977,4.0,actuator_motors,none,2622571,1998237,2.9,,B,,0.0,4.0,True,10.013871677225984,20.01539522614964,1.9996863747695013,64.855355,60.42995499999999,,True,0.0,0.0005469790630741,0.0,0.0,0.0,0.0,0.0,0.0,0.2688814938068389,,0.0,0.000546829524553521,0.0,0.0,0.0,0.0,0.0,0.0,0.23813579887654898,,0.0
09db1dec-a241-4d04-a75b-db0fd8ffd625,ok,17761535.0,v1.14-1.15,0.5899280575539568,0.0,0.023391812865497,True,0.0128410914927768,0.3011930000000014,0.7387617073953151,4.0,actuator_motors,none,2966424,2121034,6.0,,A,,0.0,4.0,True,10.01462546475498,20.01344069810637,1.999928624769525,68.338896,62.315261000000014,,True,0.0,0.0727574527263641,27.83181858062744,66.08195304870605,2.0386474430561066,22.43698072433472,0.0047047506086528,0.0884380880743265,2.5129659056663507,1.456315732002258,0.0,0.07023239217495592,3.3614795891137974,4.205915051747419,1.1114124963645051,2.032537003329833,0.004693717860194926,0.08474372187026953,1.2564606680462587,0.898662557397874,0.0
02db21ae-cc49-4b74-94c8-3693f2c7e271,ok,17694975.0,v1.14-1.15,0.0,0.0,0.0,True,0.0,0.0,0.2017534434795377,4.0,actuator_motors,none,3772273,2870438,6.6,,B,,0.0,4.0,True,10.011367296837909,20.01039057213529,2.000180568025072,87.558489,83.35831900000001,,True,0.0,0.0012711075134575,0.0,0.0,0.0,0.0,0.0,0.0,5.377101515477984e-05,,0.0,0.0012703003402323458,0.0,0.0,0.0,0.0,0.0,0.0,5.376956954556547e-05,,0.0
8f13f02c-47b7-48b0-8397-c172da92ed7d,ok,17761535.0,v1.14-1.15,0.0,0.0,0.0,True,0.0046511627906976,0.2027590000000003,0.4537071615457534,4.0,actuator_motors,none,4427979,3242009,3.2,,B,,0.0,4.0,True,10.009109384428733,20.009059642353524,2.000001009174821,109.441503,107.53742300000002,,True,0.0,0.006851482251659,0.0129771630279719,0.0359986871480941,0.1206129699945449,0.1116412214934825,0.1044606074690818,0.0544304311275481,0.0125905274413526,0.0340319581329822,0.0,0.006828117508506591,0.01289368111111771,0.035365876604918974,0.11387583023390088,0.10583750122625524,0.09935707775452932,0.05300074543418128,0.012511925820357407,0.03346568289389968,0.0
2ca72688-7243-4dec-9d49-49523be36260,ok,17760511.0,v1.14-1.15,0.0,0.0,0.0,True,0.0,0.0,0.340857669711113,4.0,actuator_motors,none,176404593,53489706,26.4,,B,,0.0,4.0,True,9.496256146766978,182.8124103812678,1.888772401250645,344.206652,337.6509479999999,,True,0.0,0.0040547042153775,0.0026556810480542,0.008663399843499,0.0033692261204123,0.0046748153399676,0.002469973580446,0.0019393223628867,0.0373416123911738,0.0385899944230914,0.0,0.004046506055510858,0.002652160957920205,0.008626087938843086,0.003363562994755947,0.004663922326096038,0.0024669282093286032,0.0019374443049875573,0.0366612987130766,0.03786401866618632,0.0
f5bc419b-9aa7-4c7d-bb52-8592de27c4ee,ok,17761535.0,v1.14-1.15,0.0,0.1185185185185185,0.0,True,0.0,0.0,0.5362014621496201,4.0,actuator_motors,none,7274106,4490774,4.2,,C,,0.0,4.0,True,9.998916165030847,221.5815766752605,1.999874834901311,67.152887,62.54994799999999,,True,0.0,0.0317313546314835,0.0,0.0,0.0,0.0,0.0,0.0,0.0,0.0,0.0022914455039426,0.0312383178918972,0.0,0.0,0.0,0.0,0.0,0.0,0.0,0.0,0.0022888241463954063
d1efe755-a0c6-4571-b379-76c891ae2e6b,ok,17695488.0,v1.14-1.15,0.0847457627118644,0.9576271186440678,0.0,True,0.0177304964539007,1.700894,0.3684166975319382,4.0,actuator_motors,none,4603310,3034423,4.8,,A,,0.0,4.0,True,10.008472789760598,20.00842500347848,1.999912636295008,117.141449,112.788164,,True,0.0,0.0017153947381302,0.0,0.0,0.0,0.0,0.0,0.0,0.0,0.0,0.0054198508616536,0.0017139251289762436,0.0,0.0,0.0,0.0,0.0,0.0,0.0,0.0,0.00540521632416561
10ba1bc6-5167-4d71-b7e1-2ec923c1659c,ok,17826240.0,v1.16+,0.0,0.3193277310924369,0.0,True,0.0,0.0,0.2820299788997185,4.0,actuator_motors,none,5289366,3965032,5.8,,B,,0.0,4.0,True,10.008209854372025,20.00804083684997,1.9999829662467703,118.182364,113.807616,,True,0.0,0.0044063762761652,0.0003889941785018,0.0007625660509802,0.0026872049085795,0.0017583504552021,0.0013461140915751,0.0025779093150049,0.0236926164478063,0.0031295895110815,10.572213172912594,0.004396696624596249,0.0003889185398810323,0.0007622754452171545,0.0026836008286262652,0.001756806366807825,0.0013452088922446552,0.0025745922063672108,0.02341630230431759,0.0031247025393165663,2.4486068083849863
1b7c67b9-2cb5-406a-a9ac-b47db8af30c8,ok,17760511.0,v1.14-1.15,0.0,0.0,0.0,True,0.980316052120876,215.197362,1.0,4.0,actuator_motors,none,14350004,8215202,5.1,,B,,0.0,4.0,True,10.002709069302863,20.00270863562477,1.999955592822756,367.811991,360.6966029999999,,True,0.0,0.0004470086205401,0.0007586316060042,0.0010256409877911,0.0232053236104547,0.0277150562033057,9.721363544464111,0.0200709085911512,0.0,0.0939133819192648,0.0,0.0004469087419499668,0.0007583439905010009,0.0010251153774341647,0.022940174172063548,0.027337945929144486,2.3722383438658414,0.0198721431065186,0.0,0.08976152528869764,0.0
6e90cfd5-3cae-4e53-add0-e1c3a6e7ab20,ok,17761535.0,v1.14-1.15,0.0,0.0,0.0,True,0.0,0.0,0.0718232810497283,4.0,actuator_motors,none,70337172,30858059,10.4,,C,,0.0,4.0,True,123.45107348759556,244.58623356535188,123.45107348759556,306.184,120.30800000000006,,True,0.0,0.0002052331255981,0.007901219651103,0.0038145584985613,0.0048264021519571,0.007389735430479,0.015501757711172,0.0138992825523018,0.0793941169977188,0.0328687354922294,0.0,0.00020521206816125176,0.007870168469344109,0.003807301519218812,0.004814792413615796,0.007362565107837667,0.0153828329192977,0.01380357336425381,0.07639988093530033,0.03234011090377082,0.0
e5746daf-d52e-408d-a8c9-225bf096bfde,ok,17760256.0,v1.14-1.15,0.0,0.0,0.0,False,0.0,0.0,0.3460674151778221,4.0,actuator_motors,none,3076392,1974033,2.5,,B,,0.0,4.0,True,10.000616939467532,20.00139291896077,2.0001269939787165,70.778089,69.33332099999998,,True,0.0,0.0058029940817505,0.0052561259828507,0.0092853166162967,0.0027053192723542,0.0016532957088202,0.1069174528121948,0.013916231226176,0.0,0.675803488492966,0.0173362651839852,0.005786221567513069,0.005242360766084388,0.009242473070353465,0.0027016664826633383,0.0016519305199699157,0.10157908257413947,0.013820289553433182,0.0,0.516292744883011,0.017187706647705626
7d74aa24-a714-4e4f-a5a8-77b310f2dd24,ok,17694720.0,v1.14-1.15,0.0,0.0,0.0,True,0.0,0.0,0.2148928676555099,4.0,actuator_motors,none,2558018,1856393,2.3,,A,,0.0,4.0,True,10.014356129432832,20.014238618493664,2.000011182544276,68.901828,68.73134499999998,,True,0.0,0.0346812326461076,0.0,0.0,0.0,0.0,0.0,0.0,0.0,0.0,0.0,0.03409339149781659,0.0,0.0,0.0,0.0,0.0,0.0,0.0,0.0,0.0
c733aec4-eb1a-41a8-81dc-f25b302f2485,ok,17761280.0,v1.14-1.15,0.0,0.0,0.3562822719449225,True,0.0008756567425569,0.098790000000001,0.1954919755458831,4.0,actuator_motors,none,4084407,2773458,2.5,,A,,0.0,4.0,True,10.008628473119188,20.008618539947992,2.000000329004383,115.654903,114.180041,,True,0.0,0.09265169352293,0.0054159722756594,0.004674634640105,0.0421476637944579,0.0167475027963519,2.681320381164548,0.3384502723813054,0.3566380783915517,0.1803575970232485,0.3568096950650212,0.08860748825542418,0.00540135863876974,0.004663742467025132,0.04128364518586636,0.01660880973761412,1.3032714870572855,0.29151243153714085,0.3050096381257073,0.1658174408924917,0.3051361315672816
f9ffeabe-7d41-4ba6-b464-0351645c15de,ok,17629952.0,v1.12-1.13,0.0,0.0,0.0,True,0.001727115716753,0.0976789999999994,0.1942969053983688,4.0,actuator_motors,none,2933705,2152887,2.9,,B,,0.0,4.0,True,10.014472385313304,20.01303967258432,1.999855062356073,67.566651,57.89339400000001,,True,0.0,3.728639740074868e-06,0.0027656942256726,0.0,0.0033349691075272,0.0,0.0020718192099593,0.0075132080819457,0.0006976764561841,0.0,0.0,3.7286327887149916e-06,0.0027618767304607677,0.0,0.003329420431073773,0.0,0.0020696759523242793,0.007485124511523896,0.0006974331931047162,0.0,0.0
1b509f96-3774-4ff0-9655-3308221d1199,ok,17891392.0,v1.16+,0.0,0.0,0.0,True,0.0,0.0,0.036208376288414,4.0,actuator_motors,none,3154560,2490665,2.9,,B,,0.0,4.0,True,10.010713486999808,20.011704348555256,1.9998761513822896,84.118243,82.13861299999998,,True,0.0,0.0,0.0,0.0,0.0,0.0,0.0,0.0,0.0,0.4697813063859939,0.0005182503940886,0.0,0.0,0.0,0.0,0.0,0.0,0.0,0.0,0.3851136185571268,0.0005181161487329166
9f4a6863-c4b5-49eb-978d-b6f985aec9b6,ok,17761535.0,v1.14-1.15,0.0,0.0,0.0,True,0.0,0.0,0.3393138162791729,4.0,actuator_motors,none,5910691,4300800,3.8,,B,,0.0,4.0,True,10.0073665377804,20.007346110120007,2.000000044280444,135.940442,133.770058,,True,0.0,0.0053483711322769,0.0135245364159345,0.0847103357315062,0.0244016465730965,0.0182427019812166,0.0023886822978965,0.0120257054921239,0.3214923232793807,0.0375789057463407,0.0,0.005334119388551691,0.013433896203386891,0.08131297967310985,0.02410868269560836,0.018078300303628447,0.0023858339313298027,0.01195397122659879,0.27876164594914077,0.036890023962190634,0.0
e4dc646b-6c15-4c67-b13b-560e93494eda,ok,17826047.0,v1.16+,0.0,0.0,0.0,True,0.0,0.0,0.2250116944313049,4.0,actuator_motors,none,8695930,2915789,5.5,,A,,0.0,4.0,True,10.01181394044973,20.01119301067061,2.000087022654231,79.563725,73.89248400000002,,True,0.0,0.0050869459519162,0.0,0.0,0.0,0.0,0.0,0.0,0.0029952802229672,2.1464692115783683,0.0,0.0050740511539632506,0.0,0.0,0.0,0.0,0.0,0.0,0.002990803308674184,1.1462809389626791,0.0
f70914e1-b1af-45b3-b26a-92b52f3f7fa8,ok,17826047.0,v1.16+,0.0,0.0,0.0172018348623853,True,0.0054802115319003,0.1373699999999971,0.1897858008742332,4.0,actuator_motors,none,22408256,13515302,9.1,,B,,0.0,4.0,True,10.005913431618644,173.9522873840947,2.000072163987012,173.634762,165.0055269999999,,True,0.0,2.383509945869445,0.0513168429955837,0.0938973795622586,0.7809461116790702,1.429727208614342,0.0185522095765917,0.4892171420156848,11.878585243225094,15.699412345886191,0.0,1.2189136162068646,0.050043514583823355,0.08974689664047247,0.5771447465106663,0.887778991221362,0.01838221661449618,0.3982505738390313,2.5555658732786917,2.8153735299344764,0.0
79350c0c-3f27-4732-b15d-535679fe7d98,ok,17891392.0,v1.16+,0.0111358574610244,0.0356347438752783,0.0,True,0.0,0.0,0.1815294027328491,4.0,actuator_motors,none,62553859,26076118,11.4,,B,,0.0,4.0,True,125.0,249.995472244861,100.00271660388292,220.524,176.05600000000007,,True,0.0,0.0002593553217593,0.0001057461922755,6.423314116545914e-05,0.0007442883215844,0.0004294732891139,6.745124228473256e-05,0.000277136186196,0.0013212470803409,0.0162898004055023,0.0,0.000259321694981901,0.00010574060154103873,6.423107830558266e-05,0.000744011476391489,0.0004293810918574303,6.744896755197815e-05,0.0002770977910567749,0.001320375001487154,0.016158545103648406,0.0
bd51d523-bb0b-471d-9ec7-a8f0288a8063,ok,17761280.0,v1.14-1.15,0.0,0.0,0.0,True,0.0001063490375412,0.0074940000000012,0.2519503757357597,4.0,actuator_motors,none,8309864,5347332,5.1,,C,,0.0,4.0,True,9.999980862570316,199.69072365861723,1.999999482993331,74.166795,65.81988599999998,,True,0.0,0.0010856801702175,0.0,0.0,0.0,0.0,0.0,0.0,0.0314548103138804,0.0113214193843305,0.0608030470088124,0.0010850912457187225,0.0,0.0,0.0,0.0,0.0,0.0,0.030970242888334384,0.011257811751461715,0.059026212814125734
ec5784e0-551f-4d43-ad15-dd9f692beb11,ok,17760511.0,v1.14-1.15,0.0,0.0,0.0445235975066785,True,0.0416666666666666,3.5000809999999944,0.6455574526665087,4.0,actuator_motors,none,9205123,5820837,4.8,,C,,0.0,4.0,True,10.004534422532004,20.004308689977623,2.0000742130445137,224.452005,93.558709,,True,0.0,0.0009638288698624,0.0026953070890158,0.0009439146408112,0.0264135249890386,0.0251332101412117,0.0037384393741376,0.0051307119661942,0.0501695692539215,0.0355320923030376,0.0028496296145021,0.0009633646850564107,0.0026916812625463493,0.0009434694335230567,0.026070711345721056,0.02482256525953488,0.003731468777028855,0.005117594711659626,0.04895164565813886,0.03491539345731078,0.0028455771169514244
9b17ed48-1daf-4f84-a9d6-266d5d859e3e,ok,17761280.0,v1.14-1.15,0.0093617021276595,0.0,0.0,True,0.0092751631741669,2.999082000000044,0.267536149919033,4.0,actuator_motors,none,24098195,15360224,12.1,,C,,0.0,4.0,True,10.001589547400163,20.001586156564294,2.000014821447686,591.076235,582.2025450000001,,True,0.0,0.006402473594062,0.0002719615891692,0.0002114818780682,0.0023117655888199,0.0028937091468833,0.0093272601719945,0.0058557246811687,0.0034943761886097,0.0019563390407711,0.0,0.0063820648247525855,0.00027192461431988223,0.00021145951892813746,0.002309097569849536,0.002889530429956584,0.009284029886342962,0.005838646562805218,0.003488285041850367,0.00195442790170126,0.0
2056a334-4dbf-4603-9179-70a2a2681479,ok,17825984.0,v1.16+,0.0,0.0,0.0,False,0.1274281274281274,1.599999999999998,0.3437947511672974,4.0,actuator_motors,none,38931234,16377901,11.6,,B,,0.0,4.0,True,125.0,249.9923352852807,100.01073158766177,130.032,128.304,,True,0.0,0.0002648808585945,0.0007631271146237,0.0019667248707264,0.0923671796917915,0.2516292035579681,0.0003165296060615,0.0066352169029414,0.5097995400428772,4.37645959854126,0.0,0.0002648457838534901,0.000762836081181425,0.001964793399401676,0.08834706594398861,0.2244460655205401,0.00031647952113437273,0.006613300743498849,0.41197688707562424,1.6820300903668037,0.0
553ad7cf-8f63-4f44-964b-d204681a2e50,ok,20057855.0,v1.16+,0.0069637883008356,0.0,0.0287610619469026,True,0.0,0.0,0.142958641052246,4.0,actuator_motors,none,39896748,24931980,12.1,,B,,0.0,4.0,True,10.00259073742661,198.63742030542875,1.9999761667195224,361.133957,356.1773849999997,,True,0.0,0.0435271445661783,0.0131958606652915,0.0,0.058220681361854,0.0,0.1748908013105392,0.0829655703157186,0.1872608691453932,0.2705725878477099,0.0,0.042606460197436184,0.013109553729706082,0.0,0.05658889520341059,0.0,0.16117520822253223,0.07970317648462406,0.1716488632970757,0.23946765543821355,0.0
e0c63401-b09a-4533-9bcb-226cb40313d5,ok,17826047.0,v1.16+,0.0,0.0,0.0,True,0.0,0.0,0.2245933294296264,4.0,actuator_motors,none,13564987,8326464,3.6,,B,,0.0,4.0,True,10.007970050210869,221.57955907471327,2.0001204498766003,122.139641,118.4077,,True,0.0,0.0006338844075798,0.0,0.0,0.0,0.0,0.0,0.0,0.0178670909255743,0.0130183750763535,0.0,0.0006336835877186181,0.0,0.0,0.0,0.0,0.0,0.0,0.01770935059255528,0.012934364367928676,0.0
84d3fb42-f3e2-4276-8159-852468d170a7,ok,17761023.0,v1.14-1.15,0.0445859872611464,0.0,0.0,True,0.0616621983914209,2.299621,0.3542943000793457,4.0,actuator_motors,none,3345810,2496311,2.5,,C,,0.0,4.0,True,10.012129949980077,20.01238078404148,1.99997823707892,76.167106,74.655269,,True,0.0,0.0015610166592523,0.0012641614070162,0.0027673419564962,0.0036203051451593,0.0055974954739213,0.0009935657260939,0.0051436331123113,0.7074035823345184,0.0521839218214154,0.0,0.001559799539212209,0.00126336302776736,0.0027635199153835527,0.0036137676143072196,0.005581887711961906,0.000993072466364802,0.005130449818873137,0.5349738437144628,0.050867929663146655,0.0
b3d32fb2-46f2-48d4-a906-e2b02441d43e,ok,17826559.0,v1.16+,0.2127659574468085,0.0,0.0,True,0.0022321428571428,0.1988610000000008,0.2637114897370338,4.0,actuator_motors,none,4126105,2961482,2.9,,B,,0.0,4.0,True,10.01113461845682,20.011545924045286,1.9999086380534743,91.934796,89.59517999999997,,True,0.0,0.0978982906788587,0.1107756920158863,1.110896790027618,0.0706089042127132,1.2130629122257233,0.0841746076941489,0.1696355693042278,10.456693315505982,10.7942898273468,0.0,0.0933977073567627,0.10505859289803426,0.7471128761634315,0.06822755597292669,0.7943774891445975,0.08081896725453827,0.15669222106277902,2.4385741282461484,2.4676155014112555,0.0
648bc840-c493-418c-afc9-514fcc212af9,ok,17761535.0,v1.14-1.15,0.0,0.0,0.0,True,0.0003332026656213,0.0424509999999997,0.2372479528188704,4.0,actuator_motors,none,22527317,12808389,4.6,,B,,0.0,4.0,True,10.005368660172334,217.34660207638933,2.000017493341018,183.723769,179.32258500000006,,True,0.0,0.0006491697015007,0.0,0.0,0.0,0.0,0.0,0.0,0.0011293276620563,0.0,0.00063186820189,0.0006489590819969642,0.0,0.0,0.0,0.0,0.0,0.0,0.0011286904512735443,0.0,0.000631668657230579
f4681696-961e-4a26-9ecf-e8c4638677b6,ok,17826559.0,v1.16+,0.0,0.0,0.0,True,0.0,0.0,0.1327398762106895,4.0,actuator_motors,none,2693095,2222278,2.8,,C,,0.0,4.0,True,10.014261652159762,20.0157207001646,1.9997728447003336,63.614628,59.87703799999999,,True,0.0,0.0024571001646108,0.004383301292546,0.0014459772617556,0.0040893225814215,0.0028925469378009,0.0043963953270576,0.0074227623175829,0.0171326527372002,0.0043708335142582,0.0,0.0024540864296908726,0.004373722608074874,0.0014449328433171608,0.00408098402679726,0.0028883715735940232,0.004386759412990636,0.007395349187888563,0.016987543896954078,0.004361309164267169,0.0
5d951821-a2aa-4510-adea-5e9ba974762b,ok,17760256.0,v1.14-1.15,0.0,0.0,0.0,True,0.0216126350789692,0.8012469999999894,0.6198220811784267,4.0,actuator_motors,none,11536164,7721823,3.6,,A,,0.0,4.0,True,10.003889557973547,20.004075508956475,2.000000744376555,244.677342,240.5147350000001,,True,0.0,0.0011246892507188,0.0052538568852469,0.0036255838465876,0.0076646340778097,0.0071981373708695,0.0710680335760116,0.0132633465342223,0.0173335436731576,0.0075725837377831,0.0582419427111744,0.0011240572615800004,0.005240103530235638,0.0036190272603299238,0.007635410002939101,0.007172354432221174,0.06865631286172806,0.01317615844468479,0.017185031510132193,0.007544055655890672,0.05660898660410841
337e6c98-00a9-46aa-90bc-4d0ee2c12592,ok,17695743.0,v1.14-1.15,0.0,0.0,0.0,True,6.341824331466019e-05,0.0037280000000095,0.332172358036041,4.0,actuator_motors,none,20525480,12075863,8.6,,A,,0.0,4.0,True,10.00568630758132,201.17754338375167,2.0001557859432086,168.120426,165.56614200000007,,True,0.0,0.0024616778362542,0.0018376579741016,0.0,0.0082239715382456,0.0,0.0363407522439956,0.0079279720783233,0.0053273669444024,0.0076836862135678,0.1001167073845863,0.002458652870679541,0.0018359715464221441,0.0,0.008190338954103826,0.0,0.03569600119021223,0.007896710824551215,0.005313226722989062,0.007654317043044121,0.09541627179872138
b76f538c-f2d1-4df8-ae3c-f25e27f03b07,ok,17761535.0,v1.14-1.15,0.0,0.0,0.0,True,0.0634170385431244,0.6439790000000585,0.3594947308301925,4.0,actuator_motors,none,89097756,52086539,20.1,,C,,0.0,4.0,True,10.001261927950504,200.3134076167572,1.9999831225787208,805.210534,795.2887900000007,,True,0.0,0.0045580317964777,0.0003513301940984,0.0004139024124015,0.0027221453259699,0.0038062716368585,0.0031789598171599,0.0009331762907095,0.1418605759739875,0.0058157097548246,0.0001682961141341,0.0045476754273975125,0.0003512684920971851,0.00041381677842659517,0.0027184469984517412,0.003799046114036262,0.0031739176075620715,0.0009327411524008563,0.1326590161920699,0.00579886379742475,0.00016828195393179943
3b154526-0c79-4fbf-a7b0-00cc7a82f4d0,ok,17826240.0,v1.16+,0.0,0.0,0.0,True,0.0463015245623941,3.101245000000006,0.408652052283287,4.0,actuator_motors,none,8411504,5456986,3.9,,B,,0.0,4.0,True,10.00547281310356,20.005470897275075,1.99999597809028,182.78552,177.08996399999995,,True,0.0,0.0011936076334677,0.0,0.0,0.0,0.0,0.0,0.0,0.116389911621809,0.0493314014747738,0.0,0.0011928958502133457,0.0,0.0,0.0,0.0,0.0,0.0,0.11010018611269468,0.048153200851147,0.0
5f24708e-e67e-4195-92fe-0576fd1c2106,ok,17825920.0,v1.16+,0.0,0.0,0.0,True,0.0,0.0,0.1526490747928619,4.0,actuator_motors,none,4789064,3757314,3.5,,A,,0.0,4.0,True,10.010189118679826,20.00907180690644,2.000046867077617,97.330052,91.37703100000004,,True,0.0,0.0029685543617233,0.0225868705660104,0.0032498587388545,0.0060805306304246,0.0055212770123034,0.0034981914330273,0.0015645420644432,0.095717092603445,0.0072535235900431,3.684076833724954,0.0029641569048011905,0.0223355643147725,0.003244589361345127,0.006062118802144777,0.005506090635531491,0.00349208699356574,0.0015633194435692277,0.0914090280186297,0.007227343311091702,1.5441688490434966
67757e9c-f4a5-44c0-920c-59ddd7a34a6a,ok,17760384.0,v1.14-1.15,0.0,0.0,0.0,True,0.0,0.0,0.1208738446235656,4.0,actuator_motors,none,6507334,3858675,3.7,,B,,0.0,4.0,True,10.005565790092026,20.00529308561125,2.000035833511089,180.24899,174.87325699999994,,True,0.0,0.0033060326823033,0.0,0.0,0.0,0.0,0.0,0.0,0.0,0.0,0.0,0.0033005797712845077,0.0,0.0,0.0,0.0,0.0,0.0,0.0,0.0,0.0
6f5aa8b5-d6a4-4f3a-af2f-dca1cd3b9a4b,ok,17826047.0,v1.16+,0.0,0.0,0.0,True,4.4230453298959954e-05,0.0087469999999996,0.1470183268189428,4.0,actuator_motors,none,93646510,35162256,23.3,,A,,0.0,4.0,True,9.99024880531812,199.7367211903012,1.9951105024959148,204.686748,198.26000499999995,,True,0.0,0.0053138921037316,0.0099292932078242,0.0034587823785841,0.0309269197285173,0.0149800145998596,0.0047604601830243,0.0040293176658451,0.0191668316721916,0.0102627595886587,0.0,0.0052998231975114425,0.009880321677656408,0.0034528145478058096,0.030458319620976174,0.014868922250499678,0.0047491650250292205,0.004021221705596088,0.018985461813463254,0.010210455026514551,0.0
83c235fd-b754-424f-93a2-c06343f1bf78,ok,17826240.0,v1.16+,0.0,0.0,0.0,True,0.0019029495718363,0.1020690000000001,0.3566931188106537,4.0,actuator_motors,none,5402751,4039911,3.4,,B,,0.0,4.0,True,10.008950270706483,20.00910480232588,1.999979699321105,113.457688,105.074106,,True,0.0,0.0189949316903948,0.0029897627187892,0.003496528416872,0.010927699226886,0.016063336469233,0.0036999121541157,0.0093059779144823,0.3588526427745815,0.0801502548158168,0.0,0.018816780420951217,0.002985302266483039,0.0034904297733061623,0.010868423363259917,0.01593568625781333,0.003693084315561035,0.009262944077280231,0.30664069866053395,0.07710015628862675,0.0
f961eab3-0245-444c-9560-1ac22823f73c,ok,17695744.0,v1.14-1.15,0.8701298701298701,0.0,0.0,True,0.0,0.0,0.2560935914516449,4.0,actuator_motors,none,3369459,2404882,3.1,,B,,0.0,4.0,True,10.01313171243389,20.01327224826292,2.0002477412103685,76.235713,69.913337,,True,0.0,0.0004887773189693,0.0,0.0,0.0,0.0,0.0,0.0,0.1631014555692672,,0.0031763149891048,0.000488657906244767,0.0,0.0,0.0,0.0,0.0,0.0,0.15109010581875532,,0.0031712811571902827
85e50b6e-af28-4499-a0b5-c0ef964420e0,ok,17761535.0,v1.14-1.15,0.0,0.0,0.0,True,0.0,0.0,0.2089938856661319,4.0,actuator_motors,none,7444542,4862214,4.8,,A,,0.0,4.0,True,10.0055271969494,20.00497471774611,1.9999999113573448,180.641391,174.76005000000004,,True,0.0,0.0019651923503261,0.0003659958296339,0.0003702814967255,0.0017778971407096,0.0013702221331186,0.003634275344666,0.0043951539555564,0.0217992199584841,0.0011585941014345,0.0,0.0019632638859614937,0.00036592886949783415,0.0003702129594502927,0.0017763185523563267,0.001369284235425917,0.003627687322990626,0.004385523474396964,0.021565014514860367,0.0011579234492476898,0.0
47796d62-84a7-4728-af1b-ee6e10f91bb7,ok,17694848.0,v1.14-1.15,0.0,0.0,0.0,True,0.0,0.0,0.276996748149395,4.0,actuator_motors,none,4325284,2663037,4.7,,A,,0.0,4.0,True,10.008459468092136,20.008575435162903,1.999817816596908,120.504372,120.334148,,True,0.0,0.0,0.0,0.0,0.0,0.0,0.0,0.0,0.0,0.0,0.0,0.0,0.0,0.0,0.0,0.0,0.0,0.0,0.0,0.0,0.0
0c4e1ea4-2868-457f-9db0-b50b0ac51e9a,ok,17826047.0,v1.16+,0.0,0.0,0.0,True,0.0719424460431654,2.999771000000002,0.9999999403953552,4.0,actuator_motors,none,2548802,2073115,3.8,,A,,0.0,4.0,True,10.015083729040782,20.016960864016934,2.000067109689796,61.266087,55.62511099999999,,True,0.0,0.0088324226438998,0.0007458368549123,0.0027561100316233,0.0522109117358922,0.0580449527129529,0.0084082941757514,0.0124716980848461,0.1768386997282504,0.0495008457452058,0.0,0.00879364496564065,0.0007455588568241193,0.002752318924578002,0.05089358066175955,0.05642282092003564,0.00837314138283897,0.012394567099084524,0.16283177532542825,0.04831466613359115,0.0
d72b0201-ba6b-4711-b6f8-8357fb9a6bd9,ok,17694912.0,v1.14-1.15,0.0,0.0,0.0193986420950533,True,2.303165701256377e-05,0.0090419999999999,0.2812490835785866,4.0,actuator_motors,none,54924750,33267137,12.8,,C,,0.0,4.0,True,9.998325345135106,123.06899907921986,2.000014143996549,618.383003,615.2711760000004,,True,0.0,0.0062758913263678,0.0062899972312152,0.0,0.010485887248069,0.0,0.0169577781111001,0.0069850070634856,0.0126980761066079,0.1028539486229419,0.0,0.006256279930288237,0.006270297761881061,0.0,0.010431291656212548,0.0,0.016815600089659325,0.006960724910081358,0.01261813158793837,0.09790131865082911,0.0
8e9b4478-eb94-494b-927e-ee59af880683,ok,17825984.0,v1.16+,0.0,0.0,0.0,True,0.0,0.0,0.1688522815704345,4.0,actuator_motors,none,13395544,8081514,3.7,,B,,0.0,4.0,True,9.6979395274938,230.57472548663952,1.92200858000214,115.899813,103.77389099999996,,True,0.0,0.004261471517384,0.000948519015219,0.0004467540449695,0.0220009952783583,0.0359392687678336,0.0630921028554439,0.1367988184094428,0.1463879436254499,0.0896120697259902,0.0,0.004252417161775415,0.0009480694553128382,0.00044665428009362033,0.021762465634618047,0.035308521238550855,0.06118173987305846,0.12821625839965312,0.1366160807506428,0.08582173355989985,0.0
2d973c34-7464-4374-bc86-cd2308966aa6,ok,17694720.0,v1.14-1.15,0.0,0.0,0.0,True,0.0,0.0,0.106337022781372,4.0,actuator_motors,none,8050042,5205475,4.1,,B,,0.0,4.0,True,10.01360383074183,200.70304030339767,1.999971513919248,74.159075,68.22834300000005,,True,0.0,0.0053931472823023,0.0026468700263649,0.0,0.0325760960578918,0.0,0.0020474673714488,0.0855691686272621,0.0007660269620828,,0.0,0.005378656341335264,0.002643373234905904,0.0,0.03205674391974333,0.0,0.0020453741668220427,0.08210442882872461,0.0007657337131776371,,0.0
4cc9fca3-78d8-4a1f-aeb9-c56a24fa7485,ok,17760511.0,v1.14-1.15,0.0,0.0,0.0,True,0.0,0.0,0.2253976136445999,4.0,actuator_motors,none,11653337,7283483,7.0,,B,,0.0,4.0,True,10.002875742421734,20.002682095563674,1.9999822490054768,325.910869,321.378259,,True,0.0,0.0008672165655298,0.0,0.0,0.0,0.0,0.0,0.0,0.0,0.0,0.0001176602472696,0.0008668407505036847,0.0,0.0,0.0,0.0,0.0,0.0,0.0,0.0,0.00011765332584561855
cfddc80a-b508-4bab-9902-a45718a8faf3,ok,17760511.0,v1.14-1.15,0.0,0.0,0.0,True,1.1846235858555944e-05,0.0029989999999884,0.2580401241779327,4.0,actuator_motors,none,30702769,18713383,11.0,,B,,0.0,4.0,True,9.874850908117,169.17794305651643,1.9867999449850813,304.657236,298.3107770000001,,True,0.0,0.003899539890699,0.0,0.0,0.0,0.0,0.0,0.0,0.0001094687417207,0.0,0.0,0.0038919563933930076,0.0,0.0,0.0,0.0,0.0,0.0,0.00010946275045522658,0.0,0.0
0ab6ab14-f65c-4932-abe1-04396fada6a3,ok,17761280.0,v1.14-1.15,0.0019493177387914,0.0,0.0,True,0.0537069740062583,4.669370000000001,0.9517944051198508,4.0,actuator_motors,none,52589983,28634450,13.3,,B,,0.0,4.0,True,9.99190267484595,170.77823891504465,1.999958125259786,507.296814,225.9408420000001,,True,0.0,0.0040793924825266,0.0176098385825753,0.0024537443066947,0.052694504149258,0.0493148600682614,0.0471987375989555,0.0142851779237389,0.0,5.005119800567627,0.0,0.0040710943209966545,0.01745658197539305,0.0024507387916396766,0.05135307154265589,0.04813743696867108,0.04611873011144711,0.014184106184235245,0.0,1.7926124054691033,0.0
954f7308-8335-4da9-bc08-c286812ce798,ok,17761535.0,v1.14-1.15,0.0,0.0,0.0,True,0.0,0.0,0.1669257313013076,4.0,actuator_motors,none,136636460,62106385,34.8,,B,,0.0,4.0,True,10.001083965970336,136.9985958095995,1.9999938049711847,989.523721,985.455513999998,,True,0.0,0.0001114036567742,0.0001183888831292,8.301017223857343e-05,0.0004601425403961,0.0003945679141907,0.0054076810134574,0.002571282244753,0.0044956455472856,0.0027389706578105,0.0,0.00011139745184765873,0.0001183818757184366,8.300672708487978e-05,0.00046003670728165976,0.00039449009274113736,0.005393112005915105,0.0025679821543273733,0.004485570317996319,0.002735226512855581,0.0
8a9743fa-90fa-49e1-8d1b-a7b53280a8c7,ok,17891583.0,v1.16+,0.0,0.0,0.0,True,0.0,0.0,0.1454242467880249,4.0,actuator_motors,none,9099504,5721901,4.1,,B,,0.0,4.0,True,10.00003623608636,199.8453304984279,2.0000036595811643,70.907779,65.00999700000001,,True,0.0,0.2963338285684586,0.0010853605053853,0.0261732080020009,0.021237660292536,0.0951329082250594,0.08008793592453,0.0205075946636497,0.0430922877043485,0.0016450769559014,0.0385817633941769,0.2595401485330377,0.001084771927512929,0.025836551215702504,0.021015284174191032,0.0908757332773101,0.07704245997386738,0.020300145340657792,0.042189655042265045,0.0016437252989893647,0.03785609343912354
9e8f0dc0-d8c3-40bd-9756-262b72ea15fb,ok,17694848.0,v1.14-1.15,0.6181818181818182,0.0,0.0,True,0.017865019850022,0.0149800000000013,0.3580547973513603,4.0,actuator_motors,none,11384049,7016812,4.3,,C,,0.0,4.0,True,10.012295443207542,200.30783465423173,1.999995851860456,80.945249,79.35284999999999,,True,0.0,0.0019982819445431,0.0034657726529985,0.0,0.0088240292854607,0.0,0.0150345831178128,0.0104578899219632,0.0118757857009768,0.0180103302001952,0.0,0.001996288034998592,0.0034597807034561583,0.0,0.008785325057232934,0.0,0.014922683950565969,0.010403584476602836,0.011805821929734617,0.017850065621241088,0.0
206ea0cf-efc7-4c29-b880-642df1d6bba5,ok,17630207.0,v1.12-1.13,0.0,0.0,0.0,True,0.0,0.0,0.2855931520462035,4.0,actuator_motors,none,6515762,3962178,3.0,,C,,0.0,4.0,True,10.005604411911232,20.00575843228012,2.00008514648195,164.514682,156.65728600000003,,True,0.0,0.0007424238574458,0.0038779318565502,0.0,0.0,0.0,0.0,0.0,2.1771964788436904,0.0,0.0,0.0007421483971841625,0.0038704320616842454,0.0,0.0,0.0,0.0,0.0,1.155999197518543,0.0,0.0
8c713b07-fd39-4b63-98ac-6f98831a2959,ok,17761535.0,v1.14-1.15,0.1733333333333333,0.0,0.0,True,0.6867816091954023,27.99891999999999,1.0,4.0,actuator_motors,none,2975127,2099936,3.0,,B,,0.0,4.0,True,10.013593722661138,20.012625438174616,2.000038568311311,73.95766,69.63263899999997,,True,0.0,0.0005772782722488,0.0,0.0,0.0,0.0,0.0,0.0,0.170123168826103,0.0354944147169589,0.0,0.0005771117112452775,0.0,0.0,0.0,0.0,0.0,0.0,0.15710901576984662,0.034879008035921776,0.0
3479f981-c76b-4b56-92a3-11dc73d9b6a8,ok,17694975.0,v1.14-1.15,0.0,0.0,0.0,True,0.0,0.0,0.1989963933825493,4.0,actuator_motors,none,16731628,9372457,4.8,,B,,0.0,4.0,True,10.000340374122825,129.18424645379972,2.0000548257453143,164.904601,161.81111599999994,,True,0.0,0.0015059214783832,0.0044580027461051,0.0,0.0152968331240117,0.0,0.0102816531434655,0.0184536324813962,0.0174499005079269,0.2025177061557769,0.0003003882447956,0.0015047887157254817,0.004448095285939822,0.0,0.015181016167227203,0.0,0.010229156476171678,0.018285430347871768,0.017299399292343982,0.184417447343244,0.00030034313727974655
731c4e2f-5813-4992-83eb-50e8c32c93ac,ok,17694720.0,v1.14-1.15,0.0,0.0,0.0,True,0.0,0.0,0.2361082911491393,4.0,actuator_motors,none,5759663,3678444,4.5,,C,,0.0,4.0,True,10.005798172612533,20.005863043908896,2.0000899578032465,173.109066,165.306154,,True,0.0,0.0101654835045337,0.0022138342494145,0.0,0.0092236383818089,0.0,0.1509712189435955,0.0035580956144258,0.0219596704468131,0.0219629756174981,0.0,0.010114162486026958,0.0022113873290911064,0.0,0.009181360401663764,0.0,0.14060612416524565,0.003551780567485794,0.02172202960055555,0.02172526374514646,0.0
48185401-9289-452e-9590-982239b7a84c,ok,17826047.0,v1.16+,0.0,0.0,0.0,True,5.522116074879894e-05,0.0112379999999916,0.2275409698486328,4.0,actuator_motors,none,28926651,16306734,14.7,,B,,0.0,4.0,True,9.659009557971824,173.1081321607832,1.9324016558303272,267.300417,264.02512000000013,,True,0.0,0.0014095651276875,0.0,0.0,0.0,0.0,0.0,0.0,0.0001151092819782,0.0,0.0002185902812925,0.0014085726233197954,0.0,0.0,0.0,0.0,0.0,0.0,0.0001151026574131623,0.0,0.00021856639391793078
a05a5683-afae-4b01-b302-bfdf3a25870a,ok,17760256.0,v1.14-1.15,0.0,0.0,0.0,True,0.0,0.0,0.1480379194021225,4.0,actuator_motors,none,11394249,7373057,4.0,,B,,0.0,4.0,True,10.003900803158112,20.00351562146048,2.0000349934180144,278.197782,273.4180279999999,,True,0.0,0.0023166841827332,0.0001784198335371,0.0001941058726515,0.0031402602326124,0.0025304396636783,0.0150134714320301,0.1198169767856597,0.0131796743720769,0.0060712433420121,0.0048231275752186,0.0023140048073117905,0.00017840391861159772,0.00019408703654402772,0.003135339913478735,0.0025272434919103113,0.014901884752501524,0.11316525836931622,0.013093578119129394,0.006052887601464292,0.004811533560079331
6e31faa0-5881-453f-b68b-b56366188b9c,ok,17694720.0,v1.14-1.15,0.0,0.0703517587939698,0.0,True,0.9780334728033472,79.897885,1.0,4.0,actuator_motors,none,4614518,3074462,7.7,,C,,0.0,4.0,True,10.010280936847368,20.009321255910148,2.0001473954772977,97.63834,95.526985,,True,0.0,0.0005205807246966,0.0184900579042732,0.0,0.0692218728363514,0.0,0.1073403589427471,0.0141518847085535,0.0,1.3456735663115975,0.0,0.0005204452695593207,0.01832119512924772,0.0,0.06693116227161489,0.0,0.10196106712304742,0.014052681632956063,0.0,0.8525725957550332,0.0
a6b0431d-30a3-4b42-a8ce-af3cf6f4617d,ok,17695743.0,v1.14-1.15,0.0,0.0,0.0,True,0.0,0.0,0.4331878323107955,4.0,actuator_motors,none,21373349,13081857,10.1,,A,,0.0,4.0,True,10.005265746555969,220.4743760849372,2.000031436958222,181.000711,176.21281200000007,,True,0.0,0.0013129914063028,0.000309019756969,0.0,0.0036735731409862,0.0,0.0014619467314332,0.0021798046538606,0.0003309113992145,,0.0,0.0013121301868530197,0.00030897202019805175,0.0,0.0036668420509062944,0.0,0.0014608791277036146,0.0021774323265440127,0.0003308566601129638,,0.0
b7460220-afce-4422-b49c-1af1e885b58f,ok,17760256.0,v1.14-1.15,0.0,0.0,0.0,True,0.0052692133511217,1.839513999999952,0.3038940250873563,4.0,actuator_motors,none,72490622,43006743,21.8,,C,,0.0,4.0,True,10.00165449390508,202.7566959059664,1.999978421102392,575.584788,571.9073879999994,,True,0.0,0.0087302750907838,0.0012492178357206,0.0007681623101234,0.0083415256813168,0.0079696578904986,10.690710544586182,0.0945854745805263,0.134466253221035,0.0832202956080436,0.0,0.008692386597493808,0.001248438212332141,0.0007678674244597583,0.008306927424318595,0.007938067897015146,2.458794555893969,0.09037572956885445,0.12616227884649456,0.07993835971382537,0.0
8ec9b95b-1725-4c54-b616-4a947e84e2c3,ok,17891392.0,v1.16+,0.0,0.0181236673773987,0.0,True,0.0491767764298093,7.199999999999996,0.2447554916143417,4.0,actuator_motors,none,109453953,54605947,26.1,,C,,0.0,4.0,True,124.9989264765242,249.9978529530484,100.00085881878066,465.276,461.62,,True,0.0,0.0007615469512529,0.0055998251773417,0.000386888423236,0.0141376219689845,0.0083667961880564,0.0005705016083084,0.0059246504679322,0.1462231129407882,3.268831253051758,0.0,0.0007612571215100556,0.005584204444782181,0.0003868136012078786,0.014038617822516499,0.008331988566246644,0.0005703389341335038,0.00590716874111244,0.13647228777322204,1.4513400785456816,0.0
34f52804-51a8-4065-9390-6df62d0591b8,ok,17695744.0,v1.14-1.15,0.0,0.0,0.0,True,0.7425876010781671,14.600593,1.0,4.0,actuator_motors,none,3163346,2204472,2.3,,C,,0.0,4.0,True,10.016808529041771,19.98743268281453,2.0127983470349893,83.973346,74.22147499999998,,True,0.0,0.0003206508554285,0.0064774597994983,0.0,0.2485703721642491,0.0,7811.381591796875,0.0190802794881164,0.0144745100289583,0.0859973654150962,0.0,0.00032059945792976423,0.0064565712115737485,0.0,0.22199919451906616,0.0,8.9634651376798,0.018900533755767685,0.014370754318948648,0.08249879555585096,0.0
4dc9db60-62d0-43e0-ad1f-423ae26faeb6,ok,17760256.0,v1.14-1.15,0.0,0.0,0.0,True,0.0,0.0,0.3073674276471138,4.0,actuator_motors,none,12577886,8347252,3.8,,B,,0.0,4.0,True,9.996711264450784,19.990568804954577,1.999948482096312,312.150563,305.91733100000005,,True,0.0,0.0012975516263395,0.001277948054485,0.0011282763909548,0.0141127072274684,0.0243117336183786,0.0031055111903697,0.0043404506519436,0.0769722241908312,0.0355453692376613,0.0,0.0012967105337234356,0.0012771321738980499,0.001127640365510981,0.014014050104066061,0.024020907650406844,0.0031006990506880026,0.004331058064911666,0.07415360786102612,0.03492821473982718,0.0
347573d7-fe0f-404c-bf87-ba9912f56528,ok,17760512.0,v1.14-1.15,0.0,0.0,0.0,True,0.4237478897017445,7.0000009999999975,0.4009849786758422,4.0,actuator_motors,none,10068193,7085422,6.7,,B,,0.0,4.0,True,10.005525304111616,20.005529744936347,2.000000409972383,180.831058,177.70978000000002,,True,0.0,0.0006150842556962,0.0008690439834026,0.0004733038440463,0.0748119287192821,0.033011950366199,0.0004496938112424,0.0064990599872544,0.0,0.0,0.0,0.0006148951689076287,0.000868666583315745,0.0004731918711119924,0.07214569624550993,0.032478758672908094,0.0004495927292832841,0.00647803215515119,0.0,0.0,0.0
eeda974c-74c0-4295-9fb2-3c71108bedd4,ok,17694720.0,v1.14-1.15,0.0,0.0,0.0,True,0.0,0.0,0.2143415793776512,4.0,actuator_motors,none,42999881,15338840,10.6,,C,,0.0,4.0,True,10.005621690240016,259.156273637424,97.69284859092576,168.577548,167.745244,,True,0.0,0.0,0.0,0.0,0.0,0.0,0.0,0.0,0.0007851446280255,0.0,0.0496464408934116,0.0,0.0,0.0,0.0,0.0,0.0,0.0,0.0007848365632217792,0.0,0.04845338450687158
57fe6283-8b08-49c6-9294-64ad840bb48b,ok,17695743.0,v1.14-1.15,0.0,0.0,0.0,True,0.0,0.0,0.178725616633892,4.0,actuator_motors,none,2606951,1893455,2.3,,A,,0.0,4.0,True,9.999333193637309,20.000107310920605,1.9999973888922973,71.938004,64.71059699999999,,True,0.0,0.0036945520900189,0.0068398880772292,0.0,0.0614883236587044,0.0,0.1566516652703284,0.0095682380720972,0.0093691049143671,0.0057651468552649,0.0,0.0036877439958657417,0.006816602164496317,0.0,0.0596720022501845,0.0,0.14552933569963264,0.009522752397197734,0.009325487079313934,0.005748591993132919,0.0
83b2642f-88cc-450a-a1a3-3ab2810c55bb,ok,17694976.0,v1.14-1.15,0.0,0.0,0.6596958174904943,True,0.018559538193046,0.2204080000000061,0.449909545481205,4.0,actuator_motors,none,13276857,7524949,4.6,,B,,0.0,4.0,True,10.009612278335704,200.1350599554169,2.000042106149603,104.696738,104.438299,,True,0.0,0.4708988592028617,36.176314163207984,0.0,1.005788978934281,0.0,0.0390425538644194,0.415295173227787,0.4691422045230858,0.4526512205600729,0.0,0.3858736827652279,3.615671842446561,0.0,0.6960374890583518,0.0,0.03829966783702611,0.34733811232845835,0.3846786961301837,0.3733903148653007,0.0
20036397-7886-4706-b7d6-1d823a56cecd,ok,17695488.0,v1.14-1.15,0.0,0.0,0.2446043165467626,True,0.0031662269129287,0.1023489999999966,0.1913828372955322,4.0,actuator_motors,none,8364001,5478464,4.3,,A,,0.0,4.0,True,10.005215784866616,20.005322640743145,2.000104057093244,193.884354,189.488599,,True,0.0,0.0295728316530585,0.0351784525439143,0.0,0.0243550762534141,0.0,7.814082026481624,0.0217679633758962,0.0051722283940762,0.006342893326655,0.8390868365764615,0.029143989668275156,0.03457382977189711,0.0,0.024063220665713297,0.0,2.1763506727619717,0.0215344242970831,0.005158898365008968,0.006322861839214924,0.6092691639616828
240921fa-165e-41f2-9132-e1617db7a400,ok,17826240.0,v1.16+,0.0,0.0,0.0,True,0.0,0.0,0.1803013198077678,4.0,actuator_motors,none,4933918,3542013,3.0,,C,,0.0,4.0,True,10.008690729773337,20.008357246905486,1.9999764165676848,110.673608,103.52964899999996,,True,0.0,0.0015178651257883,0.0001484836335293,0.0003281639161286,0.0027927362825721,0.0025251708459109,0.0007272103219293,0.0018980407330673,0.0154727990273386,0.0022431916906498,0.0,0.0015167143328700394,0.00014847261092569095,0.00032811008212793786,0.0027888438399598274,0.002521987959106338,0.0007269460326246515,0.001896241729783091,0.015354315886684683,0.002240679492362734,0.0
f896ae44-e566-4dbe-a6b6-d732217438fd,ok,17761280.0,v1.14-1.15,0.0089020771513353,0.0,0.0618181818181818,True,0.006900878293601,1.102602999999995,0.2437947146594524,4.0,actuator_motors,none,6833231,4080638,4.1,,C,,0.0,4.0,True,10.0056505818811,20.005835268030168,2.0000099390737827,164.316698,159.41438700000006,,True,0.0,0.0109737336635589,0.001648995745927,0.0017228887649253,0.0224922947585582,0.0194179959595203,0.0168041631579399,0.0135397313162684,0.0035865493118762,0.0016035019652917,0.0,0.010913959150447175,0.00164763764523848,0.0017214062945872268,0.022243073217974675,0.01923187224995349,0.016664535257207524,0.01344888822961523,0.0035801329809745097,0.00160221772868268,0.0
60ad4c95-397b-4e5c-bd88-e638a6836ae4,ok,17761535.0,v1.14-1.15,0.0,0.0,0.1662269129287599,True,0.0,0.0,0.1713901154696941,4.0,actuator_motors,none,2829107,1930869,2.2,,B,,0.0,4.0,True,10.012269870960804,20.01264587164562,1.9998294278819977,75.150074,73.835553,,True,0.0,0.0060299080796539,0.0,0.0,0.0,0.0,0.0,0.0,0.0,0.0,0.0,0.006011800937073878,0.0,0.0,0.0,0.0,0.0,0.0,0.0,0.0,0.0
0ea65be0-6177-47f1-a0f9-16431e597d28,ok,17761535.0,v1.14-1.15,0.0,0.0,0.0,True,0.0569444444444444,0.2000209999999995,0.5912974864244459,4.0,actuator_motors,none,2471791,1724922,2.2,,B,,0.0,4.0,True,10.012588640382637,19.999278948555617,2.000089500603639,74.266747,71.99762799999998,,True,0.0,0.0101867620367556,0.0,0.0,0.0,0.0,0.0,0.0,0.4896779909729958,0.1425976537168027,0.0,0.010135226666562452,0.0,0.0,0.0,0.0,0.0,0.0,0.39855998316055063,0.13330431384629063,0.0
2c428e28-060e-4d38-aaa9-5e36aeaa3fb1,ok,17761535.0,v1.14-1.15,0.0,0.0,0.0,True,0.0,0.0,0.1471071869134902,4.0,actuator_motors,none,3267161,2102034,2.5,,B,,0.0,4.0,True,10.01167894542908,20.01068507457793,2.000185877146163,79.109155,77.32039999999998,,True,0.0,0.0003782018262427,0.0,0.0,0.0,0.0,0.0,0.0,7.665228843688966,2.3178416848182684,0.0,0.00037813032595913714,0.0,0.0,0.0,0.0,0.0,0.0,2.159318332938732,1.1993144765908024,0.0
a9cb8670-61c3-4d25-84e5-e5a87e17b24b,ok,17629184.0,v1.12-1.13,0.9484536082474226,0.0,0.0,True,0.0,0.0,0.1377805352210998,4.0,actuator_motors,none,4646049,3013435,3.2,,C,,0.0,4.0,True,9.999466350080848,20.00036992750449,2.0000131627163857,144.845067,140.64451400000002,,True,0.0,0.0535544237121939,0.0,0.0,0.0,0.0,0.0,0.0,0.0300508948974311,,0.0001332500636635,0.05216961283494042,0.0,0.0,0.0,0.0,0.0,0.0,0.02960821354256373,,0.00013324118666233206
4be69fd3-58c4-4dc0-a361-6a5f2b710cb3,ok,17695487.0,v1.14-1.15,0.0,0.0,0.1019736842105263,True,0.0129586445080733,0.7804289999999998,0.139478488266468,4.0,actuator_motors,none,26904136,16353488,8.4,,B,,0.0,4.0,True,10.004105882666211,171.7493027902009,1.9999743425971968,242.65255,237.1389969999998,,True,0.0,0.8704114258289337,0.0185234369710087,0.0,0.0495202401652932,0.0,0.0673260018229483,0.0554483896121382,0.0291253332979977,0.0641582585871219,0.0,0.62615842047927,0.018353967682618096,0.0,0.048333145624071865,0.0,0.06515645688495927,0.05396569048559417,0.028709250501818016,0.062184119132474444,0.0
e508fd89-1311-4ff5-aded-291a7b48dd58,ok,17760768.0,v1.14-1.15,0.0,0.0,0.0,True,0.0,0.0,0.0908967748284338,4.0,actuator_motors,none,4244347,2787191,5.7,,A,,0.0,4.0,True,10.009010419784168,20.00834263763878,1.99999995020747,121.125831,114.77851400000002,,True,0.0,0.0,0.0,0.0,0.0,0.0,0.0,0.0,0.0012925385381095,0.0,0.0,0.0,0.0,0.0,0.0,0.0,0.0,0.0,0.0012917039292718985,0.0,0.0
034dc67c-5f97-47e9-a96a-b06467cab9dd,ok,17761535.0,v1.14-1.15,0.0190114068441064,0.0,0.0851393188854489,True,0.0278884462151394,2.400107000000005,0.5237529232518334,4.0,actuator_motors,none,5167716,3442272,5.5,,A,,0.0,4.0,True,10.007778038880629,20.00701984085603,2.000021167539205,129.005713,125.48469399999996,,True,0.0,0.0017153864435385,0.0080942707601934,0.018047928996384,0.1727621704339977,0.1122859925031653,0.1304295808076858,0.0514648700132966,0.3049038156867025,0.1835145927965635,0.0,0.0017139168485886425,0.008061687855770019,0.01788699854889505,0.15936179586091992,0.10641735026420082,0.12259772048854396,0.050184306200035014,0.2661293336037158,0.16848848009999465,0.0
38577cd0-1a48-4702-af1e-85451abc06a7,ok,17891583.0,v1.16+,0.0,0.0,0.0,True,0.0,0.0,0.0967787593603134,4.0,actuator_motors,none,4581161,3137166,3.8,,B,,0.0,4.0,True,10.008414092807987,20.00816128302148,2.0000106725460345,114.944978,107.48828200000004,,True,0.0,0.0024987665237858,0.0,0.0,0.0,0.0,0.0,0.0,0.3315940245985975,0.1948754481971255,0.0,0.0024956497976165904,0.0,0.0,0.0,0.0,0.0,0.0,0.28637673932401253,0.17804195250131166,0.0
63a26cfa-030f-4f7a-bcd5-558c2bbccb62,ok,17956928.0,v1.16+,0.0,0.0,0.0,True,0.0,0.0,0.3361064702272415,4.0,actuator_motors,none,15079770,9894392,8.5,,C,,0.0,4.0,True,10.00846531982494,198.16184785132967,2.000052228438105,114.744608,105.42548500000004,,True,0.0,0.0033710341202095,0.0097679722122847,0.0004096297852811,0.0079764779657125,0.0043098136549815,0.0031888637109659,0.0072291404940187,0.0070958463009446,0.0016041515336837,0.0,0.0033653649218244592,0.00972057397819214,0.0004095459099050584,0.007944834025427628,0.004300553006356789,0.003183790068324191,0.0072031355117789415,0.007070789247752551,0.0016028662569477004,0.0
2bea87a2-bfb6-4b93-9af0-c5aba97d2948,ok,17694720.0,v1.14-1.15,0.0,0.0,0.0,False,0.0170316301703163,12.900850999999989,0.3076440453529357,4.0,actuator_motors,none,31500750,18705923,12.1,,A,,0.0,4.0,True,9.99875208620089,19.99614300936758,1.9999847699369504,782.275983,780.3597479999984,,True,0.0,0.0022287423722445,0.0,0.0,0.0,0.0,0.0,0.0,0.028397477697581,4.617692351341248,0.0,0.002226262410077863,0.0,0.0,0.0,0.0,0.0,0.0,0.028001743759352164,1.7259209659403874,0.0
dd1ccb85-ba42-45c2-baae-7b2d52a34b36,ok,17761535.0,v1.14-1.15,0.0,0.0,0.0,True,0.0,0.0,0.1899944469332695,4.0,actuator_motors,none,33079166,18912251,15.9,,B,,0.0,4.0,True,10.00343627445917,207.44507614493304,1.999977619125228,276.064793,272.0741339999999,,True,0.0,0.0231728438287973,0.0002976982417749,0.0004329817616962,0.0006457902258262,0.0006899514410179,0.0004162924393313,0.0005210691626416,0.0481260644271969,0.0010601943358778,7.700780988670881e-05,0.022908430497138817,0.00029765393844578613,0.0004328880521419288,0.000645581793049386,0.0006897135339456807,0.0004162058136740148,0.0005209334532460796,0.0470038691484968,0.0010596327267710323,7.700484493753221e-05
23e13b20-5621-498c-99e1-b4c69bfc6caf,ok,17694720.0,v1.14-1.15,0.0,0.0,0.0,True,0.1648068669527897,30.098462999999924,0.4083949655294417,4.0,actuator_motors,none,244443094,81274106,39.0,,C,,0.0,4.0,True,100.04511894559226,20.000034788257373,100.0461728333767,933.22575,931.9608320000006,,True,0.0,0.0141821857541799,0.0050670248456299,0.0,0.0221734163351355,0.0,0.0860873162746429,0.0275394469499588,0.0142329055815935,0.0329884961247444,0.0,0.014082559399217457,0.005054230675953749,0.0,0.021931160689410367,0.0,0.08258162000588866,0.027167057843503678,0.014132568716975756,0.032456053700607196,0.0
5bd0eaea-cf78-446a-8225-e7db3487e323,ok,17761280.0,v1.14-1.15,0.0,0.0,0.0,True,0.0163132137030995,0.2000210000000066,0.2455901861190795,4.0,actuator_motors,none,2902451,2402883,2.8,,A,,0.0,4.0,True,9.98468816009724,19.954190857179064,1.9999926154118808,65.427525,61.599877000000006,,True,0.0,0.0013681545387953,0.0,0.0,0.0,0.0,0.0,0.0,0.0189214991405606,,0.0075080639217048,0.001367219468157876,0.0,0.0,0.0,0.0,0.0,0.0,0.018744714119551368,,0.007480018699180986
b749c21a-3f08-4731-bf76-46a8f9c9415b,ok,17694720.0,v1.14-1.15,0.0190930787589498,0.0,0.0448045757864632,False,0.7806048967834853,28.998003,0.99999999977443,4.0,actuator_motors,none,8249117,5082572,5.5,,B,,0.0,4.0,True,10.004897244454638,20.004545498491943,1.9999619146008605,209.4094,208.02313999999984,,True,0.0,0.0424031592905519,0.0,0.0,0.0,0.0,0.0,0.0,5.042439532279967,9.32450819015503,0.0006067543581593,0.041528777609162494,0.0,0.0,0.0,0.0,0.0,0.0,1.798807826475503,2.334520504797846,0.0006065703571589044
dc27a2f2-45be-4796-84d2-a8b0fc0a626c,ok,17695488.0,v1.14-1.15,0.0,0.0,0.0,True,0.011204481792717,0.4972880000000046,0.5327685594558715,4.0,actuator_motors,none,3425758,2380181,2.6,,C,,0.0,4.0,True,10.011142755481297,20.01065686391525,1.9998420346997257,90.321502,71.39063799999998,,True,0.0,0.0046169129200279,0.0,0.0,0.0,0.0,0.0,0.0,0.0,0.0,0.0,0.0046062876689266985,0.0,0.0,0.0,0.0,0.0,0.0,0.0,0.0,0.0
5c45ba46-2ba3-4111-af19-a24264795d85,ok,17891392.0,v1.16+,0.2415219189412737,0.0,0.0,False,0.7606592619132927,17.80000000000001,1.0,4.0,actuator_motors,none,172045465,65516587,28.0,,C,,0.0,4.0,True,125.0,250.00000000000003,100.0009918273427,604.8,278.672,,True,0.0,0.0004103073151782,0.000187062050827,0.0002053585303656,0.1081687808036804,0.1080435663461685,0.0007007956155575,0.0037243084516376,4.450120741239516e-06,1.863795280456543,0.0,0.0004102231621500374,0.00018704455690316904,0.00020533744718896044,0.1027089059693696,0.1025959073591,0.0007005501729734714,0.00371739038626864,4.4501108394815865e-06,1.0521477662560417,0.0
83ccf23c-a423-4e36-9eae-98a1774fe9ed,ok,17826047.0,v1.16+,0.0,0.0,0.0,True,0.0705329153605015,5.002485000000007,0.8031650744378567,4.0,actuator_motors,none,5826782,4100155,2.7,,C,,0.0,4.0,True,10.006964996995595,20.00712414931355,2.0001034959921373,133.540813,127.61496200000002,,True,0.0,0.0035178652964532,0.0014764568419195,0.0005367970850784,0.0116273893974721,0.0066262810258194,0.0070962716592475,0.0089384746272116,0.0329880410805344,0.0303319631144403,0.0,0.003511692081786698,0.001475367951184823,0.0005366530610619356,0.011560310770860054,0.006604423727640501,0.007071211608955444,0.008898762928787886,0.03245561318814077,0.029881044601762014,0.0
88003df3-bc15-4eec-b47d-5fc947541179,ok,17694720.0,v1.14-1.15,0.0,0.0,0.0,False,0.0,0.0,0.1578238368034362,4.0,actuator_motors,none,4591674,3037036,4.0,,C,,0.0,4.0,True,10.009177997234618,20.00993237201275,2.000163789113273,107.585742,105.24846399999994,,True,0.0,0.0208018871024248,0.0,0.0,0.0,0.0,0.0,0.0,0.0,3.138567233085632,0.0,0.02058848225717414,0.0,0.0,0.0,0.0,0.0,0.0,0.0,1.4203496489732546,0.0
2b4ef308-ff9d-4d01-aa38-7a53efc8fe79,ok,17891583.0,v1.16+,0.0,0.0,0.0,True,0.0272572402044293,0.8987529999999992,0.4345772281289099,4.0,actuator_motors,none,3187524,2793595,3.4,,C,,0.0,4.0,True,10.015334658343193,20.01533548644805,2.000000124031016,64.840551,58.749949,,True,0.0,0.0022547741536982,0.0006427239975892,0.0010289683734299,0.0071931011974811,0.0046329784207046,0.0023363395361229,0.0026594557217322,0.0104821885935962,0.0058438876410946,0.0,0.0022522359651014337,0.0006425175389798601,0.001028439348342096,0.007167354238324392,0.004622279209596955,0.0023336145384301138,0.0026559256267333917,0.010427631376253634,0.0058268783644104555,0.0
4d28a7cf-ef09-4bae-b4b3-8eb8f7ffc135,ok,17956928.0,v1.16+,0.0,0.717948717948718,0.0,True,0.0,0.0,0.0731731295585632,4.0,actuator_motors,none,35957664,17796010,9.0,,C,,0.0,4.0,True,124.99346165916938,249.973847320658,100.00915415598682,152.472,148.232,,True,0.0,0.0018280663061887,0.0008765807142481,5.532830982701853e-05,0.00691323436331,0.0006304664420895,0.0003335321671329,0.0026601399295032,9.524217603029685e-05,0.4481974840164184,0.0,0.0018263974265510078,0.000876196741746014,5.532677927253944e-05,0.006889447525028241,0.0006302677816169881,0.0003334765576443357,0.0026566080194776547,9.523764078221167e-05,0.3703196686533131,0.0
efe75f5d-87ba-4204-b10a-139c0da4c698,ok,17891392.0,v1.16+,0.0,0.1137724550898203,0.0,True,0.3045212765957447,0.7980900000000002,0.5397508248686789,4.0,actuator_motors,none,3585479,2803368,4.7,,A,,0.0,4.0,True,10.01245644581446,20.01259769289477,2.000077789188983,79.898628,75.22057100000002,,True,0.0,0.0123359604738652,0.0044629943091422,0.0006210788968019,0.0079223085660487,0.0080681935884058,0.0078247879864647,0.0115476559847593,0.7668671160936352,0.3166813313961029,0.0,0.012260492526015342,0.004453064682988712,0.0006208861071248102,0.00789109184348998,0.008035819730308731,0.007794333098479883,0.011481490687609158,0.569207987393441,0.27511442795208835,0.0
98e4e0fc-2dbe-4000-ab26-dd029270a10b,ok,17694975.0,v1.14-1.15,0.0174672489082969,0.0,0.0,True,0.0302869619463505,0.0338650000000058,0.418786472082138,4.0,actuator_motors,none,12769494,7466588,5.0,,B,,0.0,4.0,True,10.008410749106826,199.2911808876521,1.999959401705185,113.558944,112.207739,,True,0.0,0.001291161874542,0.0,0.0,0.0,0.0,0.0,0.0,0.4918958783149713,,0.0,0.0012903290418529944,0.0,0.0,0.0,0.0,0.0,0.0,0.4000477126942034,,0.0
86336754-84a6-44b7-9a89-f11bdbdde578,ok,17760511.0,v1.14-1.15,0.0,0.0,0.0,True,0.0,0.0,0.2443479001522064,4.0,actuator_motors,none,12118247,7514896,5.0,,B,,0.0,4.0,True,9.99195262834508,159.46498434768108,2.000136819931894,113.873403,107.12951200000003,,True,0.0,0.0049527302151545,0.001166739425389,0.0030351645313203,0.0049798844614997,0.0088895377237349,0.0084463832434266,0.0133485084865242,0.0128801334649324,0.0127431000582873,0.0,0.004940505793090468,0.0011660593139028088,0.0030305677184942364,0.004967525849532729,0.00885025839501518,0.008410912143525079,0.013260202118011821,0.012797889997615618,0.012662590002447419,0.0
f0e77c32-0a0a-42bd-ac69-8fa3d067a4bc,ok,17761535.0,v1.14-1.15,0.0,0.0,0.0,True,0.0,0.0,0.2252084016799926,4.0,actuator_motors,none,15473718,9692782,6.0,,B,,0.0,4.0,True,10.002792510929323,20.00265984787154,1.9999798178980308,373.214609,364.46345000000014,,True,0.0,0.0055620314553379,0.0014476413722149,0.0005812551826238,0.0018026527948677,0.0011135697364807,0.0034831100376322,0.0020488704554736,0.0358535043895244,0.0042753535788506,0.0,0.005546620476208386,0.0014465945496043228,0.000581086319262104,0.0018010299662899027,0.0011129501776070483,0.003477058058932086,0.002046774382967662,0.035225728809240964,0.004266240220723966,0.0
e9e3e5ea-005b-43ac-a1fa-10f2e6ccc044,ok,17825984.0,v1.16+,0.0,0.0,0.0,True,0.0,0.0,0.0790535865351557,4.0,actuator_motors,none,2679758,1981734,2.4,,A,,0.0,4.0,True,10.013808781835356,20.013254442935256,2.000252031756001,69.015597,59.95912000000001,,True,0.0,0.002021370048169,0.0,0.0,0.0,0.0,0.0,0.0,0.0010941296000964,7.732903623580937,0.0,0.002019329828629671,0.0,0.0,0.0,0.0,0.0,0.0,0.001093531476548859,2.167097917481651,0.0
ecf120e7-69cb-40b5-b70b-e7fb4ac51660,ok,17760256.0,v1.14-1.15,0.0,0.0,0.0,True,0.0315763177616787,0.6788560000000006,0.49701030254364,4.0,actuator_motors,none,9845031,5557583,4.2,,B,,0.0,4.0,True,9.972722453637022,205.2969735223584,2.000162959222718,74.110002,70.325905,,True,0.0,0.0008770034648478,0.0,0.0,0.0,0.0,0.0,0.0,0.7183762550354003,0.2259073793888091,0.0021078667603433,0.0008766191220060433,0.0,0.0,0.0,0.0,0.0,0.0,0.5413798071709467,0.20368128766901852,0.002105648326099174
246b64b2-7c57-46fa-9503-1cb6ce5f8aee,ok,17695743.0,v1.14-1.15,0.0398230088495575,0.0,0.0843806104129264,True,0.060320452403393,3.401404999999997,0.4763925969600677,4.0,actuator_motors,none,4533988,3145505,3.7,,C,,0.0,4.0,True,10.009424881669606,20.00902547399956,1.999994316758231,110.814791,106.061115,,True,0.0,0.0018078702967613,0.0018082478141877,0.0,0.0145077153574675,0.0,0.0013149180827895,0.0120556301437317,0.2295901693403716,0.3251952081918716,0.0,0.0018062380662010181,0.0018066149022855232,0.0,0.014403485338566958,0.0,0.0013140543350960074,0.011983539852209953,0.20668091820408488,0.28155977552389966,0.0
428891ce-3265-430e-b3d2-f4ff7af464d7,ok,17891583.0,v1.16+,0.0,0.0,0.0,True,0.5908319185059423,8.000539,0.9999999403953552,4.0,actuator_motors,none,2843689,2316053,2.6,,A,,0.0,4.0,True,10.015475990296189,20.015162604731696,1.99970207664384,62.161771,58.83012299999997,,True,0.0,0.0084344618022441,0.000344951468287,0.0003648466197773,0.0078415759839117,0.0040348160080611,0.0008947533438913,0.0043789724819362,0.0159498520195484,0.0070462972857058,0.0,0.008399090482159288,0.0003448919862078239,0.0003647800794335062,0.007810990614572299,0.004026697967159462,0.0008943532907329137,0.004369412679850594,0.015823989689655735,0.007021588137089565,0.0
937093cf-2302-439f-af98-481fb6439fa9,ok,17891392.0,v1.16+,0.0,0.0,0.0,True,0.0,0.0,0.1973824858194457,4.0,actuator_motors,none,27642880,9486800,6.7,,A,,0.0,4.0,True,10.007111396886332,204.7214801256251,1.9999732138419,133.510349,131.56222699999992,,True,0.0,2.065093398094177,0.0180808345787226,1.776365433318944,0.2400983110070213,0.0550751309841868,0.0491454269737004,0.0443768225610255,0.0994026113301515,0.0100441982969641,0.0,1.120078041385294,0.01791932025951583,1.0211426742253178,0.21519065954438749,0.05361197859543951,0.04797595371737922,0.04342036548726757,0.09476695167368458,0.009994090585760484,0.0
808a070e-2e44-47b2-9be2-b25a6718b2f4,ok,17760256.0,v1.14-1.15,0.0,0.0,0.0,True,0.0,0.0,0.2461489781737327,4.0,actuator_motors,none,7370297,4863976,3.7,,B,,0.0,4.0,True,10.005505123525175,20.00562265180187,2.000034042621482,167.077442,156.209156,,True,0.0,0.0092484626453369,0.0052306591300293,0.0012593182967975,0.0159041382372378,0.008770793210715,1.812398028373718,0.0018185429275035,0.0091854457743465,2.037466359138489,0.0006232506711967,0.009205957485286194,0.005217026749455842,0.0012585260205933658,0.0157789925761451,0.008732553237872104,1.0340375102950192,0.0018168913802837831,0.009143516133356852,1.1110237334245923,0.0006230565311582111
2b60937f-fe36-4ba7-9117-52b34d6a82de,ok,17761023.0,v1.14-1.15,0.0,0.0,0.0,True,0.0,0.0,0.1072257429361343,4.0,actuator_motors,none,5247324,3695795,6.3,,B,,0.0,4.0,True,10.00782509360141,20.00739264347876,1.9998703055996192,124.521417,117.01056299999998,,True,0.0,0.0042300205910578,0.0,0.0,0.0,0.0,0.0,0.0,0.0029769495129585,31.727292442321744,0.0001247565280209,0.004221099203544231,0.0,0.0,0.0,0.0,0.0,0.0,0.0029725271733045296,3.4882093610558793,0.00012474874657244234
bb04f892-4318-4770-96dc-14da356aba06,ok,17761280.0,v1.14-1.15,0.0,0.0,0.1298200514138817,True,0.0236000272832685,3.211186999999996,0.225395835761058,4.0,actuator_motors,none,18895500,11460710,10.0,,C,,0.0,4.0,True,10.00618226240386,212.50629843430096,2.0000432783558426,154.979227,154.80017999999993,,True,0.0,0.0056201433762907,0.0002010774551308,0.0010668842005543,0.0049258507788181,0.0048998547717928,0.0191238299012184,0.0422627739608287,1.2005032896995544,0.0717500671744346,0.0,0.005604409294840729,0.0002010572417689079,0.001066315484072747,0.004913758469553432,0.004887889552706607,0.01894326785968594,0.04139409384262109,0.7886861022461031,0.06929288917328322,0.0
1bb11f9e-7bc5-46b9-8ff4-e84f4382d0d8,ok,17825920.0,v1.16+,0.0081065431383902,0.0,0.0,True,0.0,0.0,0.0810288712382316,4.0,actuator_motors,none,36909235,21069225,11.0,,C,,0.0,4.0,True,10.00120890787819,20.001049123497747,2.0000027479712554,861.595633,807.5731169999999,,True,0.0,0.0079390688799321,0.0031309399753808,0.0028966087847948,0.0040731577202677,0.0032991656567901,0.0120471423491835,0.0086990030482411,0.0501144357025622,0.0300258139148354,0.0,0.007907720282400815,0.003126048789496393,0.002892421697189833,0.004064884870167543,0.0032937353501508327,0.011975153129298848,0.008661384725077196,0.04889914461424017,0.029583863980734648,0.0
2236b3c0-896f-453f-9ef8-c4616b3e562a,ok,17760511.0,v1.14-1.15,0.4228187919463087,0.0,0.0,True,0.0,0.0,0.2126393675804137,4.0,actuator_motors,none,2620549,2032209,3.1,,B,,0.0,4.0,True,10.013875433455311,20.014133666980552,2.0000452975776364,72.788764,68.493836,,True,0.0,0.0028271293267607,0.0143699448090046,0.0045832243049517,0.0047548389993608,0.0064534716075286,0.0166291389614343,0.0082442155107855,0.0125624390784651,0.001337338675512,0.0011447274882812,0.002823140512805678,0.01426767572187144,0.004572753314180051,0.0047435704583535625,0.006432737118116733,0.016492388772977713,0.008210417597219147,0.01248418632279484,0.001336445234612161,0.001144072787358449
57325fdd-5090-4286-bf72-7b9a3308d7be,ok,17761535.0,v1.14-1.15,0.0,0.0,0.0,True,0.0,0.0,0.172263440489769,4.0,actuator_motors,none,4590063,3084368,3.9,,A,,0.0,4.0,True,10.008906059723284,20.00889369102337,2.000004464295679,112.116687,110.739888,,True,0.0,0.0175689850002527,0.0,0.0,0.0,0.0,0.0,0.0,0.0333529956638812,0.0320012409240006,0.0,0.01741643456244369,0.0,0.0,0.0,0.0,0.0,0.0,0.03280885070378012,0.03149986950438507,0.0
8ea36d0e-4220-48d1-aad7-bf22b71ebcc4,ok,17761535.0,v1.14-1.15,0.1745562130177514,0.0,0.0,True,0.0024183796856106,0.1007859999999993,0.3880424678325652,4.0,actuator_motors,none,11367402,7502479,8.0,,B,,0.0,4.0,True,10.00605908716962,20.005739337929143,2.000038580625875,169.360167,165.42261399999998,,True,0.0,0.0022016640286892,0.0,0.0,0.0,0.0,0.0,0.0,0.0751758359372615,0.0601849041879176,0.0,0.0021992439179711024,0.0,0.0,0.0,0.0,0.0,0.0,0.07248421651751968,0.05844333082458189,0.0
5967b380-f747-43af-aa78-72c9bcd60cf0,ok,17695488.0,v1.14-1.15,0.0,0.0,0.0,False,0.0,0.0,0.0833234578371045,4.0,actuator_motors,none,6347904,1733165,9.4,,C,,0.0,4.0,True,10.01412825308532,20.014419023234627,1.999881194557786,64.998443,56.102534000000006,,True,0.0,0.2703007638454437,0.0,0.0,0.0,0.0,0.0,0.0,4.176636866759508e-05,0.0,0.0,0.2392536943581605,0.0,0.0,0.0,0.0,0.0,0.0,4.1765496477104644e-05,0.0,0.0
7c26fd6f-458b-4e48-9d11-fec781306a1e,ok,17825984.0,v1.16+,0.0,0.0,0.0,True,0.0024066699137609,0.2456449999999996,0.2683122605085373,4.0,actuator_motors,none,17410592,9830938,7.7,,B,,0.0,4.0,True,10.00767194003784,200.47880118721773,2.000006725122215,126.036823,122.16291299999996,,True,0.0,0.014979674341157,0.0322475623339414,0.0152682732790708,0.0493734104558824,0.0244451995939016,0.0051443343050777,0.0130778696388006,0.0752492446452377,0.01187663548626,0.0,0.01486858701359379,0.031738524273830664,0.015152886219704002,0.04819323409534161,0.02415119736271795,0.005131147423174377,0.012993092636755375,0.07255249018923934,0.011806661741239522,0.0
ee223dc9-6f53-485f-9dca-3a59df928882,ok,17630207.0,v1.12-1.13,0.0,0.0,0.0,True,0.0,0.0,0.2221691776067016,4.0,actuator_motors,none,44405914,17104195,11.7,,B,,0.0,4.0,True,9.907864944073134,19.79570279366944,1.984756300047965,197.860584,190.67549000000017,,True,0.0,0.0,0.000251161957567,0.0,0.0042018788633868,0.0,5.911971311434172e-05,0.0011103117663878,0.0064320994075387,0.0005115089312312,8.579584937251637e-05,0.0,0.00025113042168283466,0.0,0.004193075621882849,0.0,5.911796561297654e-05,0.0011096958261601385,0.0064115017331565,0.0005113781551313638,8.57921691191304e-05
f40317f3-03a7-4919-98b1-b8dde17d3b93,ok,17826047.0,v1.16+,0.0,0.0,0.0,True,0.0,0.0,0.2544376015663147,4.0,actuator_motors,none,8935635,6191035,5.4,,B,,0.0,4.0,True,10.004994375426678,20.00546193274052,2.0000423011491275,196.638606,189.439911,,True,0.0,0.0053839737549424,0.0010038711130619,0.0031552203930914,0.003911964863073,0.0077223983826115,0.006308530177921,0.0060431528836488,0.0924427937716243,0.0059699086705222,0.0,0.005369531981142393,0.0010033675714218413,0.0031502531310219567,0.0039043330257060916,0.007692733290116451,0.006288714695466103,0.006024966268146647,0.08841628393619973,0.0059521593718510745,0.0
9a1afc2b-849e-4d6d-a678-ecda9ac61122,ok,17760511.0,v1.14-1.15,0.0,0.0,0.0,True,0.0041570438799076,1.8031990000000064,0.2469110772013665,4.0,actuator_motors,none,17082517,10518768,5.2,,B,,0.0,4.0,True,10.002245909086556,20.001977983514934,2.000012566289001,438.543132,433.00515,,True,0.0,0.1118110448122024,0.0009106589714065,0.0026292711030691,0.0038833641447126,0.0028590196743607,0.0139031242579221,0.0094447003677487,0.0292763035744428,0.0038465517573058,0.0,0.10599025765968415,0.0009102445730900119,0.002625820616655193,0.003875843350539382,0.0028549404508154907,0.013807362397748792,0.009400378040747961,0.028855937401023157,0.0038391726936752727,0.0
8b084765-595a-44b5-b51d-abf41ac32d94,ok,17694720.0,v1.14-1.15,0.0090560780215952,0.0,0.0,True,0.0,0.0,0.1644738838076591,4.0,actuator_motors,none,4356504,2997696,3.9,,B,,0.0,4.0,True,10.010351088038536,20.010579973579752,1.9998834353654813,98.719224,97.005175,,True,0.0,0.005264785606414,0.0017210835358127,0.0,0.0147469962015747,0.0,0.0140980908181518,0.0078677086159586,0.0225342564284801,,0.0,0.005250975074459334,0.0017196041687104272,0.0,0.014639316596075641,0.0,0.013999636997370309,0.007836919583841842,0.022284110993159977,,0.0
b06009dc-fe97-436d-8e18-a1052544ff4c,ok,17694720.0,v1.14-1.15,0.0,0.0,0.0,True,0.0193198056587596,1.8454510000000008,0.4042832031846045,4.0,actuator_motors,none,14470298,9018674,4.4,,C,,0.0,4.0,True,10.007516108204236,219.6220274780296,1.9999390701293736,124.931107,122.46422599999998,,True,0.0,0.0078020425746217,0.0131760488729923,0.0,0.008928870409727,0.0,0.0023969058878719,0.0042999787954613,0.081168597564101,0.1531773321330547,0.0,0.007771764028154863,0.013089999774968974,0.0,0.008889243752506756,0.0,0.002394037890919205,0.0042907603034064755,0.0780424909400085,0.14252103009659706,0.0
4fc60bed-c636-4fbe-bfbd-a6980689c55e,ok,17694975.0,v1.14-1.15,0.0,0.0,0.0,True,0.0,0.0,0.2253684550523758,4.0,actuator_motors,none,9874517,6344040,7.3,,B,,0.0,4.0,True,10.010196553221894,156.5500638641215,1.9999125144653245,94.23751,88.64150400000001,,True,0.0,0.0060594863258302,0.0008158875396475,0.0,0.0148519579321145,0.0,0.0037936822045594,0.0048180664889514,0.0089859241619706,0.0101772928610444,0.0,0.006041201465957605,0.0008155548843360762,0.0,0.014742747601910166,0.0,0.0037865043401881645,0.00480649675422348,0.00894579098870551,0.010125852934448861,0.0
9d5cc891-aa15-4e6c-8345-a870faab47c9,ok,17695488.0,v1.14-1.15,0.242152466367713,0.0,0.0,True,0.0,0.0,0.2154242426156994,4.0,actuator_motors,none,4431300,2888035,2.8,,B,,0.0,4.0,True,10.008694415991071,20.00907220989849,1.9999801083059496,111.560674,107.16068800000004,,True,0.0,0.0004941828025039,0.0,0.0,0.0,0.0,0.0,0.0,0.0003207388479495,0.0,0.0,0.0004940607343970719,0.0,0.0,0.0,0.0,0.0,0.0,0.0003206874222410625,0.0,0.0
57cc06f6-45b0-457d-bbe7-e2754611c50d,ok,17629951.0,v1.12-1.13,0.0,0.0,0.0,True,0.0388185654008438,4.598218000000003,0.2377505331063633,4.0,actuator_motors,none,5619786,3750286,2.7,,A,,0.0,4.0,True,10.007709081041993,20.007503861883546,2.000002558707727,123.762348,118.438739,,True,0.0,0.0103587784804403,0.0056857597082853,0.0,0.0510074572637677,0.0,0.0,0.0514635073021053,0.0116404165979474,0.0,0.0,0.010305493993530241,0.005669656785953093,0.0,0.04974918726808876,0.0,0.0,0.050183010187098004,0.011573188157073463,0.0,0.0
df14c679-3e75-46f5-a495-7ed0285cd9ff,ok,17761535.0,v1.14-1.15,0.0,0.0,0.0,True,0.6221692491060786,12.901248,1.0,4.0,actuator_motors,none,3442244,2454091,2.5,,B,,0.0,4.0,True,10.011633471636346,20.011608590208176,1.999999719298285,85.945675,83.889596,,True,0.0,0.0005611157073872,0.0,0.0,0.0,0.0,0.0,0.0,0.0011986146739218,0.0006455307098804,0.0,0.00056095834083314,0.0,0.0,0.0,0.0,0.0,0.0,0.0011978969088454463,0.0006453224445546566,0.0
fc21efd8-a759-457b-b337-4799e3805bae,ok,17760767.0,v1.14-1.15,0.0,0.0,0.0,True,0.1935628073312472,3.5976630000000114,0.8062538852335817,4.0,actuator_motors,none,9362413,6314823,3.3,,B,,0.0,4.0,True,10.004438942471744,20.00399253936778,2.000041390611585,225.445537,223.7161130000001,,True,0.0,0.0034832571749575,0.0227263286709785,0.0043959798524156,0.0998520735651252,0.0795706659555433,0.0066500248387455,0.0273810233920811,0.1158630438148974,0.1044139198958873,0.0,0.003477204685530024,0.02247193277436709,0.00438634575685859,0.09517569218411136,0.07656343057688042,0.006628010964879658,0.027012868364662,0.10962813583236065,0.0993148050291001,0.0
eba7d0eb-916a-44a9-b756-f334db92f67a,ok,17695488.0,v1.14-1.15,0.180327868852459,0.0,0.1856823266219239,False,0.1622554660529344,14.098545,0.2930333554744718,4.0,actuator_motors,none,3412455,2320375,2.7,,C,,0.0,4.0,True,10.011499306872029,20.011776532049364,1.9999142409656,88.982014,86.40824500000004,,True,0.0,0.2175037428736687,1.2457345604896577,0.0,1.120372819900513,0.0,287.7698547363281,1.30842434167862,0.0,,0.0,0.19680265019876836,0.809032666112856,0.0,0.7515919316662758,0.0,5.665630020463687,0.8365651886260664,0.0,,0.0
fbc13322-e9e7-4e3c-b548-cf0ae373d088,ok,17760256.0,v1.14-1.15,0.0,0.0,0.1221532091097308,True,0.1554126473740621,6.401708999999997,1.0,4.0,actuator_motors,none,4618780,3516902,2.8,,A,,0.0,4.0,True,10.009827386860731,20.00918262613576,2.000092608454631,96.05995,93.38369000000004,,True,0.0,0.0269986696541309,0.0378753714263435,0.0236124705523248,0.0356301553547381,0.0821761518716811,0.0123756820335984,0.0611560687422748,0.3350928783416742,0.2142814874649043,0.0,0.026640635574726197,0.037175711471937226,0.023338008262036008,0.03501008719932416,0.07897396927298657,0.012299729283392905,0.059358944707119235,0.28900086122372426,0.1941525335236438,0.0
c39fdbf4-3d18-4331-b66e-358a4b37174c,ok,17761023.0,v1.14-1.15,0.0,0.0,0.0371720116618075,True,0.0071241094863142,1.1014199999999903,0.4424242220818994,4.0,actuator_motors,none,11183968,7269924,3.5,,A,,0.0,4.0,True,9.974630970302272,19.941593425985136,1.9963457255789945,274.659738,267.4793630000001,,True,0.0,0.0073171772062778,0.0003004028520081,0.0002929883776232,0.0063463842496275,0.0082669278606772,0.0078900123015046,0.005078159365803,0.0398109927773475,0.0060297841206192,0.0,0.007290536542513881,0.00030035774010562263,0.000292945464910235,0.006326330753181323,0.008232943978952587,0.007859048915472788,0.0050653090003063075,0.03903895892289287,0.006011677721013062,0.0
a70d0c52-9590-40c5-a02f-01132949cbe9,ok,17761280.0,v1.14-1.15,0.0,0.0,0.0,True,0.0,0.0,0.1157120019197464,4.0,actuator_motors,none,11188382,7149131,4.2,,A,,0.0,4.0,True,10.003649979422892,20.003737661952684,1.999998075951218,276.855703,271.13113999999985,,True,0.0,0.0188011176884174,0.0034654427086934,0.0071942184818908,0.0193258584477007,0.0428438136354088,0.0823245029896498,0.0095874103717505,0.0155330140143632,0.0113874663598835,0.0,0.018626561186184432,0.003459451898659487,0.007168463542775214,0.019141485699742042,0.04195141757185036,0.07911104580180886,0.009541742810015737,0.015413611617554168,0.011323117219828382,0.0
7d2194b4-0ec5-4854-bd6e-20447994bc84,ok,17826047.0,v1.16+,0.0,0.0,0.0,True,0.0,0.0,0.1851971000432968,4.0,actuator_motors,none,4265684,3115955,4.1,,B,,0.0,4.0,True,10.010235821460356,20.00942817468121,1.99993518577398,98.252419,94.678574,,True,0.0,0.0066942789591848,0.0287924941629171,0.0005820137797854,0.0405739381909369,0.0045245697721838,0.0057220747694373,0.039928364008665,0.3228478729724878,0.0629917830228805,0.0,0.006671971772142427,0.028385778754266802,0.0005818444754539208,0.03977242457767234,0.004514364677236352,0.0057057658838033315,0.03915183001999371,0.2797868921060208,0.06108736934205148,0.0
a52966eb-418a-4cbb-adfe-089919469b17,ok,17630207.0,v1.12-1.13,0.0,0.0,0.0,True,0.0,0.0,0.2542980790138244,4.0,actuator_motors,none,26752940,14866015,8.3,,A,,0.0,4.0,True,10.004532968080817,203.02288966085564,1.9999722462480247,211.745173,201.86870400000004,,True,0.0,0.0028718940215185,0.0039404420414939,0.0,0.0056755082914605,0.0,0.0,0.0017521902977023,0.0004048360802698,0.0148311741184442,0.0,0.0028677780124944435,0.003932698834193691,0.0,0.00565946327473461,0.0,0.0,0.001750657003103949,0.0004047541562536418,0.01472226774144049,0.0
d7e98ab8-be6d-4d1a-99c8-fd634543e32c,ok,17695743.0,v1.14-1.15,0.0,0.0,0.0,True,0.0361048501544369,0.1887900000000044,0.5954319819808002,4.0,actuator_motors,none,9916522,6057274,5.8,,A,,0.0,4.0,True,10.01201268702892,201.27716221081727,2.000103334818536,86.439183,84.29164500000005,,True,0.0,0.0066156218294054,0.0016877695044968,0.0,0.0041060555260628,0.0,0.00147071974352,0.0072537157917395,0.3527134656906128,0.5310029387474056,0.0,0.006593834641054351,0.001686346822095018,0.0,0.004097648684852052,0.0,0.00146963929446678,0.007227534128669958,0.3021125497397502,0.4259230361690706,0.0
e3ae6a64-d90e-4ea7-8fbb-217a0330fd25,ok,17825984.0,v1.16+,0.0,0.0,0.0,True,0.0,0.0,0.0818091452121734,4.0,actuator_motors,none,3275240,2373709,3.5,,C,,0.0,4.0,True,10.012102955318678,20.012275211959853,2.0001426511995977,78.544764,76.846067,,True,0.0,0.0011513503734022,0.0,0.0,0.0,0.0,0.0,0.0,0.0,0.0,0.0,0.0011506880778684287,0.0,0.0,0.0,0.0,0.0,0.0,0.0,0.0,0.0
911e57ab-613f-4a03-a72c-d8382fb30af6,ok,17891583.0,v1.16+,0.0,0.0,0.0,True,0.0788075880758807,4.497503000000002,0.9999999381169384,4.0,actuator_motors,none,39920542,15364962,11.9,,B,,0.0,4.0,True,9.468069422195027,188.0121481644377,1.9538488291160887,65.479548,61.86998900000002,,True,0.0,0.0014309713500551,0.0003481619030935,0.0012283347779884,0.024709612969309,0.0262033656239509,0.0067162051796913,0.0200894367881119,0.0081264247186481,0.0025814128690399,0.0,0.001429948486229042,0.000348101308802125,0.0012275809920295215,0.024409268031906833,0.025865939216267033,0.006693751951276385,0.019890306577839054,0.008093583132442387,0.002578086745675127,0.0
41f08da3-d932-44a1-9f37-4291c60fe45d,ok,17825984.0,v1.16+,0.0,0.0,0.0,True,0.0,0.0,0.2227843999862671,4.0,actuator_motors,none,30220294,12783605,19.4,,C,,0.0,4.0,True,125.0,250.0,100.00991276764474,100.392,96.144,,True,0.0,0.0002602970635052,0.0002527029719203,0.0001139987747592,0.0084998467937111,0.0080869002267718,6.236979643290386e-05,0.0006400735495844,0.3508771955966949,0.4899887144565582,0.0,0.00026026319210218897,0.00025267104790237417,0.00011399227739266656,0.008463926497106568,0.008054376475693967,6.23678515180192e-05,0.0006398687898794831,0.3007541559543494,0.39876854573845405,0.0
84ab3c70-17ae-4d62-9d2d-7f7f564f34a5,ok,16777728.0,v1.12-1.13,0.0,0.0,0.0,True,0.0,0.0,0.1847249567508697,4.0,actuator_motors,none,25528654,14200664,17.8,,B,,0.0,4.0,True,10.004757150746194,197.4764337681348,2.000011355908634,192.836653,188.093386,,True,0.0,0.004026120644994,0.0,0.0,0.0,0.0,0.0,0.0,0.0002366489570704,,0.00564338080585,0.004018037509791422,0.0,0.0,0.0,0.0,0.0,0.0,0.0002366209601228373,,0.0056275165896143295
86130876-818d-4e33-91e8-8c680ac93aa2,ok,17891583.0,v1.16+,0.0,0.0,0.0,True,0.1721194879089616,1.8970180000000028,0.8155998840928077,4.0,actuator_motors,none,3147955,2444444,6.6,,C,,0.0,4.0,True,10.014350797584818,20.01376487062429,1.9997287816122813,72.613594,70.36050299999995,,True,0.0,0.0078642514999955,0.0024438162799924,0.0007082829106366,0.0080948154209181,0.0139788694214075,0.0050082253292202,0.0127515320200473,0.0304607725702226,0.0033438354730606,0.0,0.007833489449249043,0.0024408350171052054,0.0007080321966731423,0.00806222814311552,0.013882066116956039,0.0049957258847312756,0.012670915832224015,0.030006054219390788,0.0033382572867910096,0.0
49873b0c-6baf-482b-ab65-eccd61431f8c,ok,17891392.0,v1.16+,0.0,0.3045112781954887,0.0,True,0.0041084634346754,0.5,0.0479442119598388,4.0,actuator_motors,none,37547894,15604983,9.2,,B,,0.0,4.0,True,125.0,250.0,100.0077303648732,128.88,121.672,,True,0.0,0.0002954117080662,0.0001994347403524,7.702478615101427e-05,0.001434054976562,0.0008429492008872,6.647886766586453e-05,0.0003491267561912,0.1854714304208755,0.1215707436203956,0.0,0.00029536808261900247,0.00019941485588829497,7.702181989448933e-05,0.001433027701719222,0.0008425941187396926,6.64766580438697e-05,0.00034906582562650344,0.17014052705189184,0.11473015245405511,0.0
0472f3ca-c79f-4119-9560-eb99db87de1e,ok,17630207.0,v1.12-1.13,0.0,0.0,0.0,True,0.0,0.0,0.2879328787326812,4.0,actuator_motors,none,180759840,87903639,49.9,,C,,0.0,4.0,True,9.921398862639874,196.23088793145035,1.983975768309508,1309.537901,1301.728519,,True,0.0,0.0059390668291598,0.0076499123126268,0.0,0.0028882789891213,0.0,0.0,0.0015923187602311,0.0005360736802685,0.0021600555162876,0.0022282665595412,0.005921500090799699,0.007620800109699825,0.0,0.00288411592549485,0.0,0.0,0.0015910523648724998,0.0005359300441039141,0.002157725950428774,0.002225787655367555
b6ac4a5c-95ae-4024-b24a-50ebe5567877,ok,17695999.0,v1.14-1.15,0.0,0.0,0.0,True,0.0,0.0,0.383372738957405,4.0,actuator_motors,none,5333793,3459989,3.8,,B,,0.0,4.0,True,9.999246406900845,19.99945233358141,2.000003444845791,140.751854,131.818448,,True,0.0,0.0098869177978485,0.0247900662012398,0.0,0.0509743072092532,0.0,9063.755126953123,0.0107270401902496,3.636164450645442,1.8562471866607664,0.3293032050132751,0.009838362008503325,0.024487778151024958,0.0,0.04971764555342925,0.0,9.090084242186718,0.010669913663870607,1.5338873973775853,1.049508590683356,0.28465489894190266
172f6527-5662-492d-b0e9-fff91c8d0a58,ok,17891392.0,v1.16+,0.0,0.3529411764705882,0.0,True,0.007070707070707,0.5,0.0547961622476576,4.0,actuator_motors,none,30861393,12825727,12.0,,C,,0.0,4.0,True,124.99527856468366,249.9905571293673,100.00944287063268,105.78,99.068,,True,0.0,0.000308847753331,0.0001652425999054,8.414231160713824e-05,0.0011861442413646,0.0011751012993045,6.366679008351639e-05,0.0005634705885313,0.1332995593547821,0.1227422207593917,0.0,0.00030880006968137056,0.00016522894885079138,8.413877184139826e-05,0.0011854413280667387,0.0011744114081810987,6.366476343945611e-05,0.0005633118985878424,0.12513334194065032,0.11577410422368982,0.0
2e5d6a16-aa11-45e0-a9b7-63449a4494a2,ok,17695488.0,v1.14-1.15,0.0,0.0,0.0,True,0.0,0.0,0.1346535772085189,4.0,actuator_motors,none,3427623,2406824,3.8,,C,,0.0,4.0,True,10.010169918272634,20.010364169108232,2.0000046593515144,91.602505,86.50804600000001,,True,0.0,0.0352270137518644,0.0163515950553119,0.0,0.0305144760757684,0.0,0.0370562642812729,0.0348464220762253,10.322036695480344,11.962759017944336,0.0,0.0346207396248216,0.016219347417294715,0.0,0.030058168872968735,0.0,0.03638618455594257,0.03425303123985298,2.4267509766867943,2.56208055545393,0.0
9624b8cf-5634-44d1-b27f-d33c0f44f042,ok,17826047.0,v1.16+,0.0,0.0,0.0,False,0.0080862533692722,0.2000000000000028,0.2473891615867612,4.0,actuator_motors,none,44155555,18126891,16.1,,B,,0.0,4.0,True,124.9967019339859,249.97361547188729,100.0039576792169,151.444,110.696,,True,0.0,0.0002902808773797,0.0002224870841018,8.254520071204752e-05,0.0014497452648356,0.0013686526799574,7.039764750516042e-05,0.0005505942972376,0.1688937246799469,0.0326638147234916,0.0,0.0002902387540373505,0.00022246233752096562,8.25417940444353e-05,0.0014486953987389191,0.0013677169285933207,7.039516970706004e-05,0.0005504427758128618,0.15605776704839147,0.03214169159598629,0.0
259de1b1-1d42-47f5-a2e2-50b8adf93de3,ok,17760384.0,v1.14-1.15,0.1480090157776108,0.0,0.0,True,0.0003228811585611,0.0491319999999859,0.3627297341823578,4.0,actuator_motors,none,56865807,36942741,13.4,,A,,0.0,4.0,True,10.001339684888732,20.001417992520565,2.000014252152269,670.798079,664.5083030000003,,True,0.0,0.0008392957737669,0.0032337337615899,0.0015669138287194,0.0021354599623009,0.0018370931502431,0.0005769730021711,0.0024803277454338,0.0051808071555569,0.0076847176067531,0.0,0.0008389437620165153,0.0032285164890572928,0.001565687500113119,0.0021331831085194945,0.0018354077584538792,0.0005768066172451467,0.002477256809474995,0.00516743294707396,0.007655340571232163,0.0
1570e7f8-e7e3-4361-92f1-7f3092f97562,ok,17825984.0,v1.16+,0.0,0.0,0.0,True,0.0014214641080312,0.1012460000000032,0.6738310933113099,4.0,actuator_motors,none,5271236,3414421,4.1,,B,,0.0,4.0,True,10.006837138985482,20.006840492663216,2.000000013745705,146.358986,140.700054,,True,0.0,0.001885864790529,0.1410289444029331,0.0237101976759731,0.2005458898842333,0.0155137799680232,0.0,0.0257754931226372,0.1888406395912169,0.0899550255388021,0.0,0.0018840887800514502,0.13193043813306274,0.023433476480347777,0.18277636159143285,0.01539467158486013,0.0,0.025448905185247568,0.17297857978670136,0.08613643441621889,0.0
037465af-524b-4985-87e1-a961137907f1,ok,17760384.0,v1.14-1.15,0.0,0.0,0.0,True,0.0,0.0,0.1341891542077064,4.0,actuator_motors,none,6784105,4806784,4.2,,B,,0.0,4.0,True,10.011991464498806,20.01239213952096,1.999718078961025,76.855465,67.52873099999995,,True,0.0,0.0013730954378843,3.763636559597215e-05,1.880455438367789e-05,0.0022832217859104,0.0011270119517575,0.0004056148522067,0.0039936058688908,0.0047741302521899,0.020112030301243,0.0,0.0013721536043964616,3.76356573657346e-05,1.8804377580261573e-05,0.0022806191958226604,0.0011263773505451454,0.0004055326127401492,0.0039856525927742074,0.00476277023414667,0.019912454893577947,0.0
aaff89f1-2e81-49bf-bada-04ad9ae4583b,ok,17629952.0,v1.12-1.13,0.0,0.0,0.0,True,0.0,0.0,0.5516208659857511,4.0,actuator_motors,none,4387826,2901601,4.2,,A,,0.0,4.0,True,10.008703726262375,20.008324048592293,1.999955798211944,108.850746,100.81080200000008,,True,0.0,0.0005088316072942,0.0054665543604642,0.0,0.0035946176154538,0.0,0.0,0.0010345330403652,0.0119461562018841,0.0,0.0,0.0005087021963889542,0.00545166698263912,0.0,0.0035881724182815016,0.0,0.0,0.0010339982798459016,0.011875364115713185,0.0,0.0
2abf0f34-5ce2-4ea7-94a2-e0c0772447b7,ok,17760256.0,v1.14-1.15,0.0,0.0,0.0,True,0.0,0.0,0.0898147463798522,4.0,actuator_motors,none,16827680,10528127,10.0,,C,,0.0,4.0,True,10.002237474324442,20.0021161733713,1.9999770915972952,427.372899,422.033776,,True,0.0,0.0027533896733075,0.0003326068224851,0.000465963591705,0.0060072053689509,0.0066958604846149,0.0022324181860312,0.0039372856728732,0.0227126067504286,0.0178007662296294,0.0,0.0027496060395817436,0.00033255152109799076,0.0004658550643824812,0.005989234046481038,0.006673542779568277,0.002229930042915089,0.003929554849301448,0.02245851568299127,0.017644188001580293,0.0
fa37c7d4-3fc8-45e8-9429-3a34453a3b0d,ok,17825792.0,v1.16+,0.0632222977566281,0.0,0.0,True,0.0,0.0,0.1510054290294647,4.0,actuator_motors,none,62904074,34166396,21.2,,B,,0.0,4.0,True,10.001590135420216,135.8680195413027,1.9999765261842524,647.654162,361.90185,,True,0.0,0.0118624344002455,383560577843.2,9842586340556.8,0.0332083733752369,0.0263865918852388,0.0672336686402551,0.0193526917137205,0.0219365092925727,0.0062927409773692,0.0,0.011792627238248456,26.58573020833538,29.917739631944045,0.0326688865187846,0.026044470988873886,0.06506994425752755,0.019167809875291174,0.021699365871868173,0.00627302435403741,0.0
48a150b9-202b-464f-93c7-2f9b8c7090db,ok,17761280.0,v1.14-1.15,0.0,0.0,0.056469298245614,True,0.000141698253569,0.0149989999999888,0.153886181116104,4.0,actuator_motors,none,121216048,44439202,27.2,,B,,0.0,4.0,True,10.002768557774266,199.79196218490367,2.0000135021544274,364.259494,355.8464499999998,,True,0.0,0.129724871367216,0.0004441444412805,0.0002583650843007,0.001612029527314,0.0014960587781388,0.0085225518327206,0.0085128097794949,0.0094914343208074,0.0004042869084514,1.5760293960571188,0.12197412641281313,0.0004440458383330268,0.00025833171379003326,0.0016107316023905155,0.0014949407971096285,0.008486439919888508,0.008476780145537315,0.009446673663738785,0.0004042052065191667,0.946249219689853
715e4596-05a4-47c7-9ed9-21d9c719e613,ok,17694720.0,v1.14-1.15,0.0,0.0,0.0,True,0.0,0.0,0.2366530373692512,4.0,actuator_motors,none,50509119,12840180,9.3,,C,,0.0,4.0,True,10.002941338558465,20.00269168269693,114.73991338794671,282.668281,270.54281599999985,,True,0.0,0.0022907187230885,0.0,0.0,0.0,0.0,0.0,0.0,0.0036565547343343,,0.0,0.0022880990268497273,0.0,0.0,0.0,0.0,0.0,0.0,0.0036498857900342263,,0.0
ca7a60e9-d7ff-4cb8-86f8-e85443924f0f,ok,17826047.0,v1.16+,0.0,0.0,0.0,True,0.0,0.0,0.0762126892805099,4.0,actuator_motors,none,3863100,2777838,3.8,,C,,0.0,4.0,True,10.011363945779337,20.01119323766866,2.0000859452136,85.678344,77.60677399999997,,True,0.0,0.0254257459193468,0.0055470111547037,0.0129823881201446,0.0091158723924308,0.016459560021758,0.0498927025124429,0.0324291693978011,0.8907515287399287,7.559074497222898,0.0,0.025107888224041783,0.0055316831452966965,0.012898839251782215,0.009074573620841972,0.016325569745205465,0.04868797086448637,0.03191444243238493,0.6369743842899325,2.1469920648250116,0.0
ba63a79a-4b80-438a-ac7c-0f58218f3fd5,ok,17826047.0,v1.16+,0.0,0.0,0.0,True,0.0010216243827686,0.0174599999999998,0.3118293419480324,4.0,actuator_motors,none,17558912,9191783,4.3,,B,,0.0,4.0,True,10.015151515151516,199.9394810500038,2.0,65.659566,58.730002,,True,0.0,0.0070969073101878,0.0012069826654624,0.0009929543681209,0.0117276816628873,0.0276756652630865,0.0030233318917453,0.0083548299968242,0.0447687285020946,0.0405596187338232,0.0,0.007071842780728775,0.0012062548474686375,0.000992461715026705,0.011659445388339502,0.02729961653530941,0.003018770814668913,0.008320121592563245,0.04379554848537586,0.03975866336848298,0.0
96addca8-97cc-4ed2-82c6-34b482a2f4c0,ok,17825984.0,v1.16+,0.0,1.0,0.0,False,0.0,0.0,0.2862427875399589,4.0,actuator_motors,none,5404153,3718785,2.8,,C,,0.0,4.0,True,10.00748026469335,20.007111381099023,2.000054264245987,137.664988,136.183654,,True,0.0,0.0147948237136006,267675897.6000001,1579119436.800001,1.6790432333946244,1.0769447684288034,2834.8556884765653,0.0513180054724216,10.921064758300782,21.165325736999517,0.0,0.014686447935341913,19.405287473059104,21.180133210777868,0.9854597283175222,0.7308979525465663,7.95009900077076,0.05004462031726894,2.478306983008735,3.0985291640962283,0.0
2429efe0-6ae5-4b9e-8449-935de97f4b96,ok,17695999.0,v1.14-1.15,0.0,0.0326340326340326,0.0,True,0.000465835925932,0.081167999999991,0.1735636621713637,4.0,actuator_motors,none,23548651,14916067,5.4,,C,,0.0,4.0,True,9.91227767830929,197.9787269557521,1.967684541257768,216.844471,212.5077,,True,0.0,0.0438716564327478,0.0005198855069465,0.0,0.0013234542682766,0.0,0.2970268353819847,0.6363892316818236,0.0020846309373155,0.0,0.0,0.04293654745199695,0.0005197504132964593,0.0,0.001322579274600817,0.0,0.2600745954687493,0.4924921265588025,0.0020824611092469672,0.0,0.0
a37f4132-36b9-4bd6-b015-26b4166a1110,ok,17695488.0,v1.14-1.15,0.148314606741573,0.0,0.0,True,0.007572172266919,0.3984850000000222,0.3702722609043121,4.0,actuator_motors,none,10467799,5817302,3.9,,B,,0.0,4.0,True,10.004637947361967,20.004630879025434,2.000013780980738,214.810726,211.28113899999988,,True,0.0,0.0052639671368524,0.0350043807178735,0.0,0.1755535945296284,0.0,0.0151136994827538,0.0822859629988669,5.285929918289185,5.881352138519276,0.0,0.005250160891065555,0.03440565928603062,0.0,0.1617391809230393,0.0,0.01500062541490049,0.07907543663203671,1.8383137894569088,1.9288151643969382,0.0
e89c5cd4-9c20-4837-8bef-b2d155944bb9,ok,17630207.0,v1.12-1.13,0.0,0.0,0.0,True,0.0,0.0,0.2542980790138244,4.0,actuator_motors,none,26752940,14866015,9.2,,C,,0.0,4.0,True,10.004532968080817,203.02288966085564,1.9999722462480247,211.745173,201.86870400000004,,True,0.0,0.0028718940215185,0.0039404420414939,0.0,0.0056755082914605,0.0,0.0,0.0017521902977023,0.0004048360802698,0.0148311741184442,0.0,0.0028677780124944435,0.003932698834193691,0.0,0.00565946327473461,0.0,0.0,0.001750657003103949,0.0004047541562536418,0.01472226774144049,0.0
b101f9ec-0662-43ab-b591-ff51d2a9c501,ok,17695488.0,v1.14-1.15,0.0,0.0,0.0,True,0.0,0.0,0.0855793356895446,4.0,actuator_motors,none,5189500,3305924,5.5,,A,,0.0,4.0,True,10.006509798083838,20.005890472500045,1.9999137511598648,147.639698,140.90798099999995,,True,0.0,0.3820793479681014,0.0,0.0,0.0,0.0,0.0,0.0,0.0001055974702467,0.0,0.0,0.3235891390142873,0.0,0.0,0.0,0.0,0.0,0.0,0.00010559189522630732,0.0,0.0
e27bd9cd-34a4-4ad4-b3d4-460bb537c301,ok,17694720.0,v1.14-1.15,0.0,0.0,0.0,True,0.0072855597928168,0.2700089999999981,0.3072168946266173,4.0,actuator_motors,none,10765840,4756506,5.9,,C,,0.0,4.0,True,10.015547115124296,199.93774775093348,99.96889010421933,63.974626,61.52000899999998,,True,0.0,0.012313618324697,0.0,0.0,0.0,0.0,0.0,0.0,0.5020519495010376,0.1644769012928009,0.0,0.012238422386665731,0.0,0.0,0.0,0.0,0.0,0.0,0.40683213962867576,0.15227197441585932,0.0
befd38b2-da32-49e8-acb6-50aac35bca0f,ok,17630207.0,v1.12-1.13,0.0,0.0,0.0,True,0.0061728395061728,0.597741000000001,0.243392689526081,4.0,actuator_motors,none,5104939,3550748,6.0,,C,,0.0,4.0,True,10.00984567267599,20.00981489585953,1.9999715366369712,103.832615,97.220118,,True,0.0,0.0130452640820294,0.0041987981880083,0.0,0.0120055487379431,0.0,0.0,0.0149511080700904,0.0015656788076739,0.0082085533067583,0.0,0.012960907468705754,0.004190007832259292,0.0,0.011934053792874048,0.0,0.0,0.01484044194449488,0.001564454410451416,0.00817504637049626,0.0
204a11c9-0384-4cac-a639-dc086d67ff7f,ok,17891583.0,v1.16+,0.0,0.0929577464788732,0.0,True,0.0,0.0,0.0924870669841766,4.0,actuator_motors,none,49250717,20174841,9.6,,C,,0.0,4.0,True,125.0,250.00000000000003,100.0035156799325,170.52,102.768,,True,0.0,0.0003815767122432,0.0004503805335843,0.0002241990878246,0.0081181693822145,0.007125062867999,6.615061283810064e-05,0.000442213990027,0.8929749727249146,0.2429921180009842,0.0,0.00038150393036352846,0.00045027914271362487,0.00022417395896495078,0.008085394308072764,0.007099799538454482,6.614842498279599e-05,0.0004421162422364109,0.6381496511809475,0.2175214713990437,0.0
90ccef8d-ee57-43ed-87d4-8da265760066,ok,17760767.0,v1.14-1.15,0.0,0.0,0.0,True,0.0123915737298636,1.0011200000000002,0.3007059216499328,4.0,actuator_motors,none,3756765,2836550,2.5,,C,,0.0,4.0,True,10.010617307799064,20.011227363574267,2.000040746592837,88.823833,80.65171900000003,,True,0.0,0.002110928017646,0.0003036736874491,0.0002443190227495,0.0070866868598386,0.0065291262930259,0.0051620499696582,0.0020768936374224,0.1235364470630884,0.0933237507939341,0.0,0.0021087031395862826,0.00030362758792744723,0.0002442891817174503,0.0070616943013360614,0.006507903873767602,0.005148772263566406,0.0020747398754060163,0.11648125276066389,0.08922236917179087,0.0
670a6e48-afe7-4ecb-9544-2a81aca3dd11,ok,16777984.0,v1.12-1.13,0.0,0.0,0.0,True,0.0,0.0,0.2630667373538017,4.0,actuator_motors,none,5152781,3580863,3.7,,B,,0.0,4.0,True,10.00947007611629,20.00947197077333,2.0000032381004806,105.204426,101.16004699999998,,True,0.0,0.0025406117783859,0.0008141508733388,0.0003359925176482,0.0031214418122544,0.0027330747107043,0.0620992612093687,0.2192498296499252,0.1026822589337825,0.025374068878591,0.0098753054626286,0.0025373898801895407,0.0008138196322911204,0.0003359360848025642,0.0031165802269040757,0.0027293466531788197,0.06024738475088532,0.19823577589091465,0.09774562890162622,0.025057491261457867,0.00982686329337112
e4393126-e1a4-400a-81ce-c7ea69bd4e88,ok,17826559.0,v1.16+,0.0,0.0,0.0,True,0.104091888011486,0.6007999999999996,0.680492764338851,4.0,actuator_motors,none,11748800,7587308,3.5,,B,,0.0,4.0,True,10.003357068741671,20.00332614728369,1.999975516707319,289.858054,278.576404,,True,0.0,0.0019890534458681,0.0016125701018609,0.0045180036919191,0.0173083454370498,0.0201446952298283,0.0040776476263999,0.007505574892275,0.0142340231221169,0.0040393939008936,0.0,0.0019870778982755796,0.0016112713067721412,0.00450782815048331,0.01716026230013612,0.019944475303734506,0.00406935655239405,0.007477548215228067,0.014133670574252882,0.004031257452869619,0.0
412fe507-7b99-4516-9a59-7181383e2595,ok,17629952.0,v1.12-1.13,0.0,0.0,0.0,True,0.5714285714285714,17.899242,0.5362590327858925,4.0,actuator_motors,none,2594892,1909961,1.8,,C,,0.0,4.0,True,10.017402856276856,20.01713236825925,1.9997553357190911,60.565199,51.222038000000005,,True,0.0,9.876335838043816e-08,0.0108341613784432,0.0,0.0080490044318139,0.0,0.0486463593319058,0.0349617885425686,0.0060871921246871,0.0,0.0,9.8763353503338e-08,0.0107758923383829,0.0,0.00801678397523326,0.0,0.04750015087129338,0.034364506753256495,0.006068740013872994,0.0,0.0
8f498d8e-2331-4c0c-bf1e-e454eac4f1e1,ok,17695744.0,v1.14-1.15,0.0,0.0,0.0,True,0.097945205479452,4.50057000000001,0.5085779935121535,4.0,actuator_motors,none,12209565,7805736,5.6,,C,,0.0,4.0,True,9.952717315207268,19.90545381132837,1.986490063510824,296.415143,293.499111,,True,0.0,0.0066600599326193,0.0108257198706269,0.0,0.0315249718725681,0.0,0.0280123151838779,0.0146609352901578,0.0634942784905433,0.3109356984496116,0.0,0.00663797971629037,0.010767541272118345,0.0,0.03103826251637009,0.0,0.02762714671207071,0.014554502783994767,0.061559975757029026,0.2707411558667177,0.0
8b09231c-5f7b-4e06-881c-684edb44d186,ok,17761280.0,v1.14-1.15,0.0,0.0,0.0,True,0.0,0.0,0.2268947482109069,4.0,actuator_motors,none,63811694,33424306,20.8,,A,,0.0,4.0,True,10.000650925995584,20.00059720356065,1.9999903242629544,1499.27774,1496.459203999999,,True,0.0,0.0091080186888575,0.0026390018872916,0.0036288902861997,0.0014752874965779,0.0019793235696852,0.0053922208957374,0.0006805294193327,0.0073427614755928,0.0708928041160106,0.0,0.009066790833602116,0.002635525836005286,0.0036223217500468106,0.001474200329104156,0.0019773672897704024,0.005377734923684668,0.0006802979641894811,0.007315934644521225,0.06849269692878623,0.0
211b5b5c-f9e4-4753-9ae9-0c75096b131d,ok,17761535.0,v1.14-1.15,0.0,0.0,0.0,True,8.683227950521388e-05,0.0120060000000421,0.384665846824646,4.0,actuator_motors,none,50090522,31573429,16.6,,A,,0.0,4.0,True,10.002129578359424,207.4198689688409,1.999991612235613,459.423613,454.052335,,True,0.0,0.0014594705309718,0.0009127786790486,0.000667424761923,0.0119559715501963,0.0078742417506873,0.0034759113332256,0.0041948861442506,0.0075929335318505,0.015816918388009,0.0,0.0014584065389739121,0.0009123623499151136,0.0006672021330697514,0.011885063545520278,0.007843401698010805,0.0034698843156418884,0.004186112138115037,0.0075642523036535455,0.015693134481602082,0.0
95808b3b-20fd-49db-9982-90da109baf45,ok,17695488.0,v1.14-1.15,0.0,0.0,0.0,True,0.0368,0.3990610000000032,0.7941611524956403,4.0,actuator_motors,none,2444858,1786785,2.2,,C,,0.0,4.0,True,10.015172157496098,20.01435525868833,2.0000823973339146,66.326187,62.51752599999999,,True,0.0,0.0206443801522254,0.0,0.0,0.0,0.0,0.0,0.0,0.0259224716573953,0.0,0.0,0.020434173076434595,0.0,0.0,0.0,0.0,0.0,0.0,0.025592180206749363,0.0,0.0
8c1ed65e-4ba0-48c4-a68e-16b682fef439,ok,17826240.0,v1.16+,0.0,0.0,0.0,True,0.0,0.0,0.1860832393169403,4.0,actuator_motors,none,4273168,3050165,2.7,,B,,0.0,4.0,True,10.009292883475853,20.009005293991216,2.000008538497992,104.283736,102.88306699999995,,True,0.0,0.0101909302175045,0.0164127018302679,0.0306444853544234,0.0216013148427009,0.0201184067875146,0.0652355179190635,0.0276910152286291,0.0096342047676444,0.0042541250586509,0.0,0.010139352806704352,0.016279469267199326,0.030184320500533844,0.021371312777945392,0.019918705644626167,0.06319591829872512,0.027314553009359102,0.009588091755125507,0.004245101850163539,0.0
e4bd9b02-fdf2-4b8a-a273-c627312e09f5,ok,17891328.0,v1.16+,0.0,0.0,0.0,True,0.0,0.0,0.1060984030365943,4.0,actuator_motors,none,8958034,5255524,8.9,,C,,0.0,4.0,True,9.874203897540742,195.01874061119585,1.971726789874428,71.454603,69.63874700000001,,True,0.0,0.033478993922472,0.0,0.0,0.0,0.0,0.0,0.0,6.515429496765137,1.6038157939910889,0.0,0.032930774749258145,0.0,0.0,0.0,0.0,0.0,0.0,2.016958173503317,0.9569779822093983,0.0
569218ac-3d50-4490-a5e6-84decd6e53de,ok,17761280.0,v1.14-1.15,0.0,0.0,0.0,True,0.0,0.0,0.2952468216419218,4.0,actuator_motors,none,36256831,23082175,11.8,,B,,0.0,4.0,True,10.000989209333364,20.000971598835708,2.00000097644158,997.954631,993.188728,,True,0.0,0.0110195234883576,0.0030116404523141,0.0054600633447989,0.0028277906239964,0.0038410118431784,0.0021831234917044,0.0028898369055241,0.1082348600029945,0.0570817058905959,0.0,0.010959250918502845,0.0030071145478614896,0.005445211236707694,0.002823799945521767,0.003833653992232027,0.0021807439402215553,0.0028856693539528184,0.10276853337488101,0.055512003702513114,0.0
9e845f2c-8088-4d02-9595-f11b63733a4f,ok,17694720.0,v1.14-1.15,0.0,0.1107784431137724,0.0,True,0.000684462696783,0.1011659999999996,0.3200475126504898,4.0,actuator_motors,none,5521666,3640877,3.8,,A,,0.0,4.0,True,9.999786470242723,19.999578335276908,2.0000806077502817,155.839209,146.052925,,True,0.0,0.0019462020311038,0.0008874980761902,0.0,0.0051776071544736,0.0,0.0006677737866993,0.0041398034198209,0.0200173491612076,0.0158989863004535,0.0,0.0019443106335610995,0.0008871044826310488,0.0,0.005164249434064017,0.0,0.0006675509249928165,0.004131258009737195,0.019819636133104702,0.015773921280878254,0.0
c8c04e11-6aad-4925-99d8-54731290dbdc,ok,17761535.0,v1.14-1.15,0.0,0.0,0.0,True,0.0,0.0,0.3154051654040807,4.0,actuator_motors,none,2626640,1937722,2.6,,B,,0.0,4.0,True,10.01462534702267,20.014506822005256,1.9998609350433376,67.24777,67.04216199999999,,True,0.0,0.0012976733269169,0.0,0.0,0.0,0.0,0.0,0.0,0.1296274743974208,0.1207651477307081,0.0,0.0012968320765853016,0.0,0.0,0.0,0.0,0.0,0.0,0.12188790969673687,0.11401161967093836,0.0
2bf360a4-af92-4bcb-a01b-e528276a1915,ok,17825984.0,v1.16+,0.0,0.0,0.0,True,0.0,0.0,0.22829130589962,4.0,actuator_motors,none,2405296,1668412,2.4,,B,,0.0,4.0,True,10.01459953173487,20.01325845480132,2.00022734435831,67.98177,65.379494,,True,0.0,0.0,0.0,0.0,0.0,0.0,0.0,0.0,0.0,0.0,0.7876434177160263,0.0,0.0,0.0,0.0,0.0,0.0,0.0,0.0,0.0,0.5808982260547629
44b6a14d-9a49-4046-9a60-e161e645d4f4,ok,17695743.0,v1.14-1.15,0.0,0.0,0.0,True,0.3906810035842294,1.0982509999999976,1.0,4.0,actuator_motors,none,2660768,2222218,2.4,,A,,0.0,4.0,True,10.01574397909329,20.015480778589684,2.00007619802491,61.933431,55.746783000000015,,True,0.0,0.0003514325697324,0.0003763561253435,0.0,0.0053059462457895,0.0,0.0002144957106793,0.0005112745042424,0.0014959855179768,,0.0,0.00035137083177092903,0.0003762853211414646,0.0,0.005291919308580689,0.0,0.00021447270976335652,0.0005111438479653078,0.001494867646382736,,0.0
d7b9c31a-dc2e-46a7-90a0-f5783d874b7e,ok,17761279.0,v1.14-1.15,0.0,0.0,0.0,True,0.0,0.0,0.0866677895188331,4.0,actuator_motors,none,2401922,1606720,4.5,,C,,0.0,4.0,True,10.01480649470231,20.014575337756057,1.999835771062437,66.488851,58.684659,,True,0.0,0.0081942245364189,0.0,0.0,0.0,0.0,0.0,0.0,0.0001152371070929,0.0,0.0,0.008160834160022156,0.0,0.0,0.0,0.0,0.0,0.0,0.00011523046780753089,0.0,0.0
09e0a83a-14c4-4bae-be0b-3d0f98985f80,ok,17761023.0,v1.14-1.15,0.0209551656920077,0.0,0.0,True,0.0002931978107896,0.1022219999999833,0.3973357588052746,4.0,actuator_motors,none,36795290,22476484,8.8,,C,,0.0,4.0,True,10.000957807960171,20.0009247269134,2.000007998087405,1028.569332,1023.2224740000008,,True,0.0,0.0058209405047818,0.0021053527481853,0.0048074752790853,0.0042191918939352,0.0053137032315134,0.0053802216192707,0.0036232930026017,0.0253959008492529,0.013286525895819,0.0,0.005804064289229805,0.0021031395988504657,0.004795956273277085,0.0042103160609530295,0.005299635323617104,0.005365799931725227,0.003616744689381874,0.025078782748055577,0.013199034132979511,0.0
7ffda1ed-cec1-455c-9c9f-c974bfeca607,ok,17760256.0,v1.14-1.15,0.0,0.0,0.0,False,0.0007356547327121,0.0711309999999993,0.3112511351704597,4.0,actuator_motors,none,27070449,8985695,5.2,,A,,0.0,4.0,True,10.010374030576092,167.02407623813806,1.999884067634252,99.329321,97.62997700000004,,True,0.0,0.0030076348222792,0.0,0.0,0.0,0.0,0.0,0.0,0.4910920813679672,0.2636804431676861,0.0028290128451771,0.0030031209371476973,0.0,0.0,0.0,0.0,0.0,0.0,0.399508792003056,0.23402844981221646,0.0028250187195199765
3e7cb48e-b2fa-4d31-89ed-52cff9ed18ab,ok,17826047.0,v1.16+,0.0,0.0,0.0,True,0.0,0.0,0.2406541898846626,4.0,actuator_motors,none,3648503,2772925,2.6,,A,,0.0,4.0,True,10.011844782519628,20.0118435990892,1.999999500000125,83.988804,77.79999400000004,,True,0.0,0.0053860326297581,0.0011996754677966,0.0084534650668501,0.0171721119433641,0.0260351609438657,0.0606566347181797,0.0142829986289143,0.2926489531993866,0.0180814925581216,0.0,0.005371579828294642,0.0011989564321980405,0.008417934627491708,0.017026337697031567,0.025702016087172326,0.05888818304893503,0.014181957580259507,0.25669356501518276,0.017919966553173492,0.0
21d8dcd8-5a23-49c8-b9cb-e76aa0af7d40,ok,17891583.0,v1.16+,0.0,0.0,0.0,True,0.0169230769230769,2.2017979999999966,0.1531059801578521,4.0,actuator_motors,none,6453134,4716343,3.2,,C,,0.0,4.0,True,10.006797327094535,20.007657422583808,1.999874280965865,135.371465,129.973268,,True,0.0,0.0026114365435205,0.001406293537002,0.0002808680423186,0.0154114447534084,0.0081170249963179,0.0036063622450456,0.0157088619191199,0.4772080779075621,0.2088918074965475,0.0,0.0026080326678258464,0.00140530563232674,0.00028082860627404567,0.015293894644915975,0.008084259137037373,0.003599874913158472,0.015586754862855955,0.39015387237257465,0.18970407837808628,0.0
22c181f6-fd7e-43cf-9d98-b1f398c10834,ok,17694975.0,v1.14-1.15,0.0,0.0,0.0,True,0.0319148936170212,0.8014320000000019,0.4007642686367034,4.0,actuator_motors,none,6180265,3870255,15.1,,B,,0.0,4.0,True,10.00190500831332,20.00332899887128,1.9999360020479344,163.297065,159.713188,,True,0.0,0.0006905874703079,0.0,0.0,0.0,0.0,0.0,0.0,7.163022928580176e-05,,0.0,0.00069034912450693,0.0,0.0,0.0,0.0,0.0,0.0,7.162766396343035e-05,,0.0
0bf714ec-7090-4eb0-b0c4-7b256f4709c8,ok,17760384.0,v1.14-1.15,0.0,0.0,0.0,False,0.0,0.0,0.1623934641480446,4.0,actuator_motors,none,17499715,7415355,17.9,,B,,0.0,4.0,True,10.003595752423006,20.003688381896463,2.0000145150754025,250.984238,248.90883700000003,,True,0.0,0.013647713791579,0.0111433466896414,0.001328390679555,0.0049839824670925,0.0030563794192858,0.002582169114612,0.0037692320067435,0.0,6.942438340187072,18.81955127716064,0.013555422507610411,0.011081717019789394,0.0013275091492476391,0.0049716035403412386,0.0030517181869564197,0.002578841043807105,0.0037621462514388373,0.0,2.0722203238562438,2.986668888744478
ec08d6ff-9861-424e-9235-4527ce513211,ok,17825984.0,v1.16+,0.0,0.0,0.0,True,0.002854006586169,1.0002979999999866,0.3841009259223937,4.0,actuator_motors,none,37180528,23471429,16.8,,C,,0.0,4.0,True,10.001188464154856,20.001169329467903,2.0000007956167547,912.88088,911.036724,,True,0.0,0.0020537903183139,0.0029239505529403,0.0019247578456997,0.003028135979548,0.0029612756916321,0.0072803955990821,0.0058287109714001,0.0,0.0,0.0,0.002051684174204015,0.0029196841240504098,0.001922907872770318,0.0030235604104291926,0.002956899751552676,0.007254021451166315,0.005811789756348432,0.0,0.0,0.0
423efb25-14d5-4769-8d6f-59a8b4be8863,ok,17695743.0,v1.14-1.15,0.0981308411214953,0.0,0.0,True,0.0,0.0,0.1810716688632965,4.0,actuator_motors,none,15213809,8480180,6.1,,A,,0.0,4.0,True,10.00299146511829,20.003033778672226,2.000000017777778,338.374362,333.0956300000001,,True,0.0,0.046187974512577,5099659.0,0.0,413216.1875,0.0,0.5780348777770996,0.3576851785182953,0.0953189320862293,0.1356686994433401,0.0,0.04515305744420668,15.444684428805566,0.0,3.8866016985439455,0.0,0.4561803246997674,0.30578117495428525,0.09104558303907494,0.12722163995042116,0.0
ee3109fb-5fb7-40f8-95aa-2efa9b58182d,ok,17695743.0,v1.14-1.15,0.0,0.0,0.0,True,0.0155251141552511,1.7010179999999997,0.9126342720040316,4.0,actuator_motors,none,4041500,2533006,4.2,,C,,0.0,4.0,True,10.009182813811002,20.009385397693777,2.000004472737276,110.05492,109.46002199999997,,True,0.0,0.00049306609435,0.0,0.0,0.0,0.0,0.0,0.0,0.0016142872627824,,0.0,0.0004929445772056495,0.0,0.0,0.0,0.0,0.0,0.0,0.0016129857016397892,,0.0
91e7772b-2a8d-4dd0-af28-fb3c11f28a42,ok,17694720.0,v1.14-1.15,0.0,0.0,0.0,True,0.0,0.0,0.1467686891555785,4.0,actuator_motors,none,123303475,36839384,32.3,,B,,0.0,4.0,True,10.00168088022664,20.00174688493636,122.49251898413496,618.465347,613.7805290000001,,True,0.0,0.0001728130737319,0.0,0.0,0.0,0.0,0.0,0.0,0.0008841407834552,0.0,0.0,0.0001727981432727679,0.0,0.0,0.0,0.0,0.0,0.0,0.0008837501612191261,0.0,0.0
2a5c48ce-886e-4b74-91a4-886848d2b8fa,ok,17826048.0,v1.16+,0.0,0.0,0.0,True,0.0,0.0,0.2551046088337898,4.0,actuator_motors,none,51721098,31676686,11.8,,C,,0.0,4.0,True,10.002229628416591,184.74227081147208,2.0000118439943315,448.551637,437.19878000000017,,True,0.0,0.0022154092905111,0.0004379464706289,0.0007643064309377,0.0033251464134082,0.0051332660485059,0.0177884588949382,0.0180400948971509,0.0076840812107548,0.0060352239524945,0.0005501065810676,0.0022129588897752033,0.0004378506000630945,0.0007640144975191027,0.0033196303385283517,0.0051201357533731855,0.017632095842180503,0.017879303302774832,0.0076547090282622875,0.006017084933855078,0.0005499553279100292
b23a6485-9302-413b-b1ff-68db134378aa,ok,17826047.0,v1.16+,0.0,0.0,0.0,True,0.0,0.0,0.7245882152149475,4.0,actuator_motors,none,7020621,4653233,4.4,,B,,0.0,4.0,True,10.017225998091147,222.09582497285564,1.9998704417265505,60.290665,56.88197400000001,,True,0.0,0.0034136201720684,0.002823339542374,0.000458260969026,0.0072853919118642,0.0058625149540603,0.0046759159304201,0.0067165968939661,0.0442920513451099,1.021925449371338,0.0,0.0034078069962884096,0.002819361405283677,0.0004581559995358562,0.007258981639424335,0.005845397282421754,0.0046650177948316576,0.006694141052193382,0.04333919300749233,0.7040502501714611,0.0
1aaf93b3-2d6d-4f9f-a1b2-ac618e6bd42a,ok,17761280.0,v1.14-1.15,0.0,0.0,0.0,True,0.0,0.0,0.1032448649406432,4.0,actuator_motors,none,19874174,11948714,9.8,,C,,0.0,4.0,True,10.005122142123804,170.56109453885858,1.9999168620948429,191.459787,187.156408,,True,0.0,0.0002098149780067,0.0300997860729694,0.0213893081992864,0.0012060315697453,0.001619825058151,0.0071641285903751,0.0034306307788938,0.0,0.0,0.0004629406495951,0.00020979296992256532,0.0296556772315056,0.021163767386611347,0.0012053048978724866,0.0016185145565395275,0.007138588132015583,0.0034247595892140906,0.0,0.0,0.00046283352563265893
a2b4a38b-5fe4-426b-8119-a40e3d95ae82,ok,17761535.0,v1.14-1.15,0.0,0.0,0.0,True,0.0,0.0,0.2612262368202209,4.0,actuator_motors,none,7343518,4516995,8.1,,B,,0.0,4.0,True,10.014016159563043,161.7656569362291,1.9998520985294723,68.943318,66.54773099999998,,True,0.0,0.0085350753273815,0.0006829702033428,0.0022164197172969,0.0032968989107757,0.0024805114604532,0.001586003601551,0.0041323255514726,0.0222450659610331,0.0220718481577932,0.0,0.008498857507261749,0.0006827370853292056,0.002213967082492139,0.003291476055363579,0.002477440069931566,0.0015847472260741974,0.004123810942937373,0.022001253604874975,0.02183179083473584,0.0
52201e25-4ed2-4ca6-921b-c0b5d49963ec,ok,17760320.0,v1.14-1.15,0.0,0.1067415730337078,0.0,True,0.0122399020807833,0.1018670000000021,0.2811932444572448,4.0,actuator_motors,none,3758546,2856475,8.8,,C,,0.0,4.0,True,10.01165862892095,20.01103938456759,2.000182613163489,85.601801,81.68080299999998,,True,0.0,0.0066139817005023,0.0001617716901819,0.000171048285847,0.0031165090971626,0.0045091978739946,0.0004730794913484,0.0104215818457305,0.0,,1.3090528428554535,0.006592205289985576,0.00016175860655304934,0.00017103365875688974,0.003111662848993271,0.004499061899914186,0.0004729676245257086,0.010367651530829629,0.0,,0.8368374157126756
15c1ccfb-6fa1-4df8-b5df-36f165a3cb4d,ok,17760256.0,v1.14-1.15,0.0,0.0,0.0,True,0.0,0.0,0.0839961856603622,4.0,actuator_motors,none,3623480,2428032,2.6,,B,,0.0,4.0,True,10.010527289736707,20.00969565408024,1.9999266276918464,96.819523,90.748197,,True,0.0,0.0030267561320215,0.0004965678090229,0.0014036061009392,0.0053059340454637,0.0045036414638161,0.0029481664299964,0.0093569491058587,0.1329071044921874,0.6638754487037648,0.0,0.00302218472770792,0.0004964445600277221,0.0014026219666795038,0.005291907172647424,0.004493530416919438,0.0029438291100166137,0.00931344403019953,0.12478698794498094,0.5091494890589726,0.0
e66db9fe-ac4e-4e0a-820a-f6575052e170,ok,17694975.0,v1.14-1.15,0.0,0.0,0.0,True,0.002415458937198,0.1025569999999973,0.5817259195260703,4.0,actuator_motors,none,5569328,4157803,4.4,,A,,0.0,4.0,True,10.010661857084912,20.01016913893999,1.999967753328921,89.243685,82.803799,,True,0.0,0.0034910767804831,0.0045102297328412,0.0,0.0512247666716575,0.0,0.0078752826433628,0.0051619702018797,0.1995911017060279,0.2536106511950491,0.0,0.0034849971175440683,0.004500089126263938,0.0,0.0499559288508593,0.0,0.0078444344579474,0.005148692905435378,0.1819807501476563,0.22602790850973822,0.0
e6582484-f30a-4828-9d86-cf39ccaf3af8,ok,17826240.0,v1.16+,0.0,0.0,0.6612903225806451,True,0.3611793611793611,2.600576,0.999999937769238,4.0,actuator_motors,none,3204872,2336457,3.4,,B,,0.0,4.0,True,9.999561495584704,19.99940934386912,1.9999856977766963,86.109834,81.33159699999997,,True,0.0,0.084326408803463,0.0037686454132199,0.0084012468345463,0.1425227999687196,0.2854831695556641,0.3871652126312256,5.649730777740482,0.0437651611864566,0.033098603785038,0.0,0.08095897282373762,0.0037615618604490606,0.008366152779243215,0.1332387997960452,0.2511346551104167,0.3272622493300616,1.8945763692979378,0.0428345227650545,0.03256263939140663,0.0
d4e66e6d-8f4d-49a3-aef4-ec56c20f7859,ok,17760511.0,v1.14-1.15,0.5915492957746479,0.0,0.0,True,0.0011883541295306,0.2003249999999994,0.2694583058357236,4.0,actuator_motors,none,6275106,4107520,5.0,,A,,0.0,4.0,True,10.005995640671625,20.00570048014597,1.999953230978753,174.382821,168.27450900000005,,True,0.0,0.0097498953342437,0.0250128917396068,0.0003519259596941,0.0330179929733276,0.0051724161719903,0.0369943596422672,0.0106831593438982,0.2162841171026229,0.1544823020696637,0.0,0.009702671806260934,0.0247051898182113,0.0003518640482786103,0.03248460815940571,0.005159085176672936,0.03632649012195911,0.010626497590904909,0.19580040518539238,0.143652020175351,0.0
20d6292c-296e-4142-87c9-ee438e5f8317,ok,17826047.0,v1.16+,0.0,0.0,0.0,True,0.0010952902519167,0.1007719999999992,0.1582400083541869,4.0,actuator_motors,none,3998807,2944425,4.6,,B,,0.0,4.0,True,10.010358586732451,20.009909811837943,2.0000489259280267,93.360838,91.264273,,True,0.0,0.0265623973682522,0.0297728629782795,0.0234222449362278,0.0369157910346984,0.0557693853974341,0.0361785016953943,0.1615527048707007,0.0,12.95325345993042,0.0,0.026215742154756177,0.02933825654281843,0.02315215345927643,0.036250721547721944,0.05426977639427588,0.03553942792931309,0.1497576487556226,0.0,2.6357127040092143,0.0
de9e1a8b-d5f0-4d29-b82e-fea2408461c8,ok,17695743.0,v1.14-1.15,0.0358974358974358,0.0,0.0,True,0.0,0.0,0.2400000095367431,4.0,actuator_motors,none,52099076,21303274,8.7,,C,,0.0,4.0,True,9.477298422197292,193.5904622029884,1.9009524187451248,101.168886,98.36509800000002,,True,0.0,0.0079182134009897,0.0,0.0,0.0,0.0,0.0,0.0,0.1805242121219634,0.1871065214276313,0.0,0.007887028858333785,0.0,0.0,0.0,0.0,0.0,0.0,0.16595858738982683,0.17151885164126193,0.0
aaad30f9-d297-4395-9ed8-d01591a808d2,ok,17826047.0,v1.16+,0.0,0.0,0.0,True,0.0026711680795414,1.0041709999999284,0.4632828831672665,4.0,actuator_motors,none,70726534,42372910,12.6,,A,,0.0,4.0,True,9.975607463541497,201.6604703553769,1.9930179140604167,571.930582,567.5849969999997,,True,0.0,0.0037148126284591,0.0048218020005151,0.0047897970536723,0.0452572947368025,0.0174659680575132,0.0011223205248825,0.0023620595107786,0.4201297059655189,0.0525500332936644,0.0008968428592197,0.0037079297524901553,0.004810214347233328,0.004778362474104641,0.04426307016996221,0.017315191148739466,0.0011216911940321545,0.0023592742333441606,0.35074820967096065,0.05121582301570248,0.0008964409359526899
a4034dc6-5823-4b3c-b326-6b3c5aa155df,ok,17761535.0,v1.14-1.15,0.0,0.0,0.0,True,0.0642054574638844,1.8,0.3818035423755645,4.0,actuator_motors,none,30766332,13691667,13.7,,B,,0.0,4.0,True,125.0,250.0,125.0,132.672,62.312,,True,0.0,0.0001629120815778,0.0075250947847962,0.0039310149382799,0.0080550462007522,0.0119472714141011,0.0152316000312566,0.0156040154397487,0.0800897181034088,0.0290029109455643,0.0,0.0001628988128457096,0.007496922503486358,0.0039233086880453415,0.00802277748428496,0.01187646616209743,0.015116763835949898,0.015483524601646141,0.07704411000378551,0.028590285755165142,0.0
e507c044-2573-48a4-a313-326cfdbc7f53,ok,17825792.0,v1.16+,0.0,0.0,0.0,False,0.0671912832929782,3.299999999999997,0.2927585951983923,4.0,actuator_motors,none,58405092,24206477,13.9,,B,,0.0,4.0,True,124.99739740573402,249.9895896229361,100.00624648635144,191.968,164.26,,True,0.0,0.0016053679399192,0.0103430310264229,0.0464036025106903,0.1471893638372421,0.4901887178420867,0.0067095742560923,0.1870288074016559,0.5883007645606995,3.8572335720062143,0.0,0.0016040807142709865,0.010289907869992735,0.045359144481203366,0.13731491940918789,0.39890276820699644,0.006687165243520133,0.17145338441615518,0.46266474322931506,1.5804690519759574,0.0
aaf2608e-2a6e-4e1d-b887-45cd26723511,ok,17826047.0,v1.16+,0.0,0.0,0.0,True,0.7583547557840618,58.102645,0.9340581551194193,4.0,actuator_motors,none,3631548,2624459,7.0,,C,,0.0,4.0,True,10.0118284692574,20.0114511324507,1.9999472161170324,82.069607,77.79090899999998,,True,0.0,0.0411807410418987,0.0,0.0,0.0,0.0,0.0,0.0,0.0,0.0,0.0,0.0403553970808214,0.0,0.0,0.0,0.0,0.0,0.0,0.0,0.0,0.0
4c171cf3-55be-44d4-9fce-31a8e2a1e523,ok,17826240.0,v1.16+,0.0,0.0,0.0,True,0.0,0.0,0.4603228475898504,4.0,actuator_motors,none,28529601,18426282,7.7,,C,,0.0,4.0,True,10.001630738132562,20.001712467436622,2.000004703161972,603.345337,596.6120299999993,,True,0.0,0.0115301269106566,0.004066820628941,0.0080681837163865,0.0158170655369758,0.0220596140250563,0.0071247527375817,0.0073858989868313,0.0,0.1368021517992019,0.0,0.011464161572286613,0.004058573466186701,0.008035809937301264,0.015693279339354972,0.021819820828928107,0.007099491602055633,0.007358756799277479,0.0,0.1282191906554032,0.0
78e4f63f-dfd0-4405-b307-32bba4238116,ok,17761280.0,v1.14-1.15,0.4138181818181818,0.0,0.0,True,0.0,0.0,0.1753872036933899,4.0,actuator_motors,none,77028596,46355047,15.1,,B,,0.0,4.0,True,9.97556016909828,219.65174584454752,1.9993296397922704,685.937742,681.848151000001,,True,0.0,0.0532180840149521,0.0205692175775766,0.0110983150079846,0.0056542435660958,0.0050742075778543,0.0285393195226788,0.0068454903550445,0.0283547159284353,0.0094437238294631,40.95414695739747,0.05185031903471697,0.02036052808919135,0.01103718061989499,0.005638318332841464,0.0050613771710443164,0.02813965934870261,0.006822166368194986,0.02796016192048564,0.009399410638811435,3.7365772827925414
739b7bd2-5ee6-4650-b47f-d76c2ccb844f,ok,17826047.0,v1.16+,0.0,0.0,0.0,True,0.0,0.0,0.159656123816967,4.0,actuator_motors,none,17140846,10380338,9.5,,B,,0.0,4.0,True,10.006805611446742,160.75234220371695,2.0000274345868494,152.158945,148.00856000000002,,True,0.0,0.0042230426333844,0.5600916981697096,0.2547825604677201,0.6253822922706604,0.1246406748890876,0.0,0.0158574869856238,14.89034538269044,0.6360168218612675,4.127861029701309e-05,0.0042141506143028905,0.44474460041193653,0.22696229898128548,0.48574304489510833,0.11746358453871922,0.0,0.015733070602776705,2.76571171616454,0.49226452043898095,4.1277758358623536e-05
54414f81-5333-492b-a5cc-6f3989b8142c,ok,17825856.0,v1.16+,0.0,0.0,0.0,True,0.0,0.0,0.0581939786672592,4.0,actuator_motors,none,27558579,15614685,7.4,,B,,0.0,4.0,True,10.001444630540597,20.00148804820613,1.9999901048183089,639.696605,635.7224340000004,,True,0.0,0.0339855881407856,0.001970284152776,0.0021689498797059,0.0125898629892617,0.0122802724130451,0.010020913509652,0.0130888313520699,0.0599356705322861,0.0577070128172635,0.0,0.033420838020810556,0.0019683456887536637,0.002166601103554247,0.012511269629833306,0.012205481546720033,0.009971037083992605,0.013003912786216964,0.05820821810528526,0.05610336958162832,0.0
5978e43f-80d7-42df-ae43-c8aab24aaa88,ok,17629952.0,v1.12-1.13,0.0,0.0,0.0,True,0.0,0.0,0.0963929951190948,4.0,actuator_motors,none,14578466,7931611,4.6,,C,,0.0,4.0,True,10.003048520169916,20.002730391230887,2.0000076470880623,323.345709,320.6633669999999,,True,0.0,7.228714821394533e-05,0.0018306357087567,0.0,0.0,0.0,0.0,0.0,0.0011205786722712,0.0,0.0,7.228453562395058e-05,0.0018289621373627019,0.0,0.0,0.0,0.0,0.0,0.00111995129263258,0.0,0.0
e75011cd-7a6d-4d5f-b5d0-3e5dab8e6310,ok,17629696.0,v1.12-1.13,,,0.0,True,0.0,0.0,0.1215489551424979,4.0,actuator_motors,none,36525023,15970632,15.4,,C,,0.0,4.0,True,10.001676669034644,20.001539867504444,2.0016720421798087,599.542986,168.379987,,True,0.0,0.000590294029098,0.0021969155874103,0.0,0.0,0.0,0.0,0.0,0.092432752251625,0.0,0.0,0.0005901198741093353,0.0021945058969734836,0.0,0.0,0.0,0.0,0.0,0.08840709208999353,0.0,0.0
995f4490-9ac7-4908-9685-3f232b774e4d,ok,17760384.0,v1.14-1.15,0.0,0.0,0.0,True,0.0,0.0,0.0623544067144393,4.0,actuator_motors,none,26818688,17643712,15.5,,A,,0.0,4.0,True,9.996716623581491,19.990722623240163,1.999979993950123,320.81666,314.87472500000007,,True,0.0,0.0013987239217385,0.0005797396879643,0.00091936805984,0.0016426899237558,0.0012094237608835,0.0017137188697233,0.0016627756413072,0.0049968087114393,0.0012869470519945,0.0,0.0013977466186458766,0.0005795717038329758,0.0009189456998749574,0.0016413421844063618,0.0012086929971095084,0.0017122521290227966,0.0016613947604087016,0.004984366094494259,0.001286119645446713,0.0
def4855c-0135-4bfc-9c9b-b0802a50d926,ok,17695743.0,v1.14-1.15,0.0,0.0,0.0,True,0.4018177469504903,5.152264000000002,0.7671965181827544,4.0,actuator_motors,none,8001564,4598931,3.1,,B,,0.0,4.0,True,10.01519856535444,201.07517612740253,1.9998217346406848,64.419761,58.53519199999997,,True,0.0,0.0011375706642866,0.0,0.0,0.0,0.0,0.0,0.0,2.455753850936889,4.625229835510254,0.0002742440614383,0.001136924121057764,0.0,0.0,0.0,0.0,0.0,0.0,1.240040624718039,1.7272618069020185,0.0002742064634095499
30de1ef4-17e9-4e7a-9841-0195300e7f88,ok,17760768.0,v1.14-1.15,0.0,0.0,0.0,True,0.0,0.0,0.342475026845932,4.0,actuator_motors,none,3544451,2628615,2.9,,C,,0.0,4.0,True,10.01137119235885,19.992057865683982,2.000000160000013,88.259996,83.71995600000004,,True,0.0,0.010263476986438,0.003716287727002,0.0031391652300953,0.0188448280096054,0.0166986351832747,0.011212897952646,0.0227552861906588,0.0869579557329416,0.0263898102566599,0.0,0.010211165136352585,0.003709399390519215,0.003134248338194452,0.018669463949824005,0.016560745899409722,0.011150499424685937,0.022500246418911088,0.08338292821248709,0.026047606616716987,0.0
322f97b7-8c84-4ab2-8002-039a2e89915d,ok,17825792.0,v1.16+,0.0238095238095238,0.0,0.0,False,0.0094212298701468,0.6765120000000024,0.1932606667280197,4.0,actuator_motors,none,56082651,22968070,43.9,,C,,0.0,4.0,True,9.207379173013276,183.4213252708305,1.8427147577561624,108.708098,102.974043,,True,0.0,0.0083490392658859,0.0003034273599041,0.0002602724052849,0.0107289006933569,0.0137764748185872,0.0021642028237692,0.0044812076259404,0.0217411128804086,0.0026692100218497,0.0,0.008314378824845509,0.00030338133513261207,0.0002602385402983772,0.010671754419406926,0.01368244183381228,0.002161864310241912,0.004471196910634613,0.021508145485013095,0.002665654007207084,0.0
621f4fed-3d93-4f27-8f09-29a5e88fe7e4,ok,17891392.0,v1.16+,0.0,0.0,0.0,True,0.0007978117164349,0.1962299999999857,0.3207813680171967,4.0,actuator_motors,none,45945048,29639297,29.3,,C,,0.0,4.0,True,10.000919973740286,20.000716529349603,1.999984952206008,991.622858,877.320618999999,,True,0.0,0.0337185135111212,0.0,0.0,0.0,0.0,0.0,0.0,0.0223256217315792,0.0048231567954644,0.0611364517360925,0.03316250837786378,0.0,0.0,0.0,0.0,0.0,0.0,0.02208005329722378,0.00481156264006821,0.05934045808852772
8c3115b2-b30f-4f3a-addd-31ae4e5a7cd2,ok,17826303.0,v1.16+,0.0,0.0,0.0016528925619834,True,0.0,0.0,0.1536258101463317,4.0,actuator_motors,none,99567537,29345335,32.7,,C,,0.0,4.0,True,9.126759277921227,167.24695241772264,1.8257409089560963,132.511432,128.27425200000002,,True,0.0,0.2169878356158731,0.0532421326264738,0.0133279369212687,0.0636759016662836,0.0481867978349328,0.0730586349964141,0.0926442880183458,0.0240138259716331,0.0015619746933225,0.0,0.19637881856995776,0.05187315223264091,0.01323990132919788,0.06173074082122175,0.04706181222450059,0.07051310800493873,0.08860071067962047,0.023730028451588815,0.001560756079648653,0.0
8f107a6c-21b4-4524-8609-1d709c6899d6,ok,17761280.0,v1.14-1.15,0.0,0.0,0.0,True,0.0,0.0,0.0728215523064136,4.0,actuator_motors,none,3979552,2737873,2.8,,C,,0.0,4.0,True,10.008978303995043,20.008699378048547,2.000021103026405,107.626711,105.77776200000012,,True,0.0,0.0108234634622931,0.0,0.0,0.0,0.0,0.0,0.0,0.0005463243986014,0.0,0.0,0.010765309026927239,0.0,0.0,0.0,0.0,0.0,0.0,0.0005461752177587628,0.0,0.0
341ae3df-657a-473b-bb86-07d25ade15c0,ok,17826047.0,v1.16+,0.0,0.0,0.0,True,0.0011668502858504,1.8405690000001869,0.1796261467039585,4.0,actuator_motors,none,233675327,112538341,59.8,,A,,0.0,4.0,True,10.000508603697506,197.7467880039364,1.9999969353540183,1918.81072,1880.705151000001,,True,0.0,0.0424534842371939,0.0035274454392492,0.0476733982563018,0.0241713143885135,0.0321959599852561,0.0306974485516548,0.0341683156788348,0.059493278712034,12.303398513793944,0.8808400869369497,0.04157705425859832,0.003521238595504977,0.04657189444290685,0.023883811831896987,0.031688532740385286,0.03023570760557633,0.033597543959558336,0.05779075487601808,2.5880195299390825,0.6317185317857016
1063bc9a-ed9b-4d60-b8e9-fd7b49a1f900,ok,17630207.0,v1.12-1.13,0.0,0.0,0.0,True,0.0,0.0,0.0706483781337738,4.0,actuator_motors,none,8252426,5164615,5.4,,B,,0.0,4.0,True,10.011119400903558,213.11606889042508,1.999944356577724,84.668427,79.34341000000002,,True,0.0,0.0020730576943606,0.0012196134775876,0.0,0.0,0.0,0.0,0.0,0.0057616686448454,0.0,0.0001547006715554,0.0020709118753511747,0.0012188703532251992,0.0,0.0,0.0,0.0,0.0,0.005745133714185105,0.0,0.00015468870664048118
bd40cd4c-ae40-4563-a225-44a543cf672c,ok,17694720.0,v1.14-1.15,0.0,0.0,0.0,True,0.0,0.0,0.0447838209569454,4.0,actuator_motors,none,30504378,10711922,5.2,,B,,0.0,4.0,True,10.00758156431368,129.83105195870087,117.90807926177452,124.431238,121.014435,,True,0.0,0.0040003862231969,0.0060870889574289,0.0,0.0378747656941413,0.0,0.0091314977034926,0.0158801302313804,0.0045928671024739,0.0065078930929303,0.0,0.003992405953922525,0.006068637470808838,0.0,0.03717512784465823,0.0,0.00909005766040385,0.015755360140131982,0.004582352072162004,0.006486808186115654,0.0
7cef9d43-0d18-4d75-ae69-cd23b49983a6,ok,17761535.0,v1.14-1.15,0.0,0.0,0.0,True,0.0,0.0,0.3097308278083801,4.0,actuator_motors,none,3959402,2951928,3.0,,C,,0.0,4.0,True,10.01140140545322,20.011352170928028,1.9999254380739613,85.300233,80.108049,,True,0.0,0.1093843318521976,0.0134886326268315,0.0056289795320481,0.1200317293405532,0.0994684696197509,0.0148564856499433,0.0020238927099853,0.0,17.308981895446777,0.0,0.10380520545669612,0.013398470889279326,0.005613196029071523,0.11335701467407394,0.09482685358443292,0.014747209048422963,0.002021847398330496,0.0,2.907391753396442,0.0
a3d565c8-0dba-42b7-afb7-68f8aeec6bf0,ok,17694720.0,v1.14-1.15,0.0,0.0,0.0,True,0.0,0.0,0.4256924778223037,4.0,actuator_motors,none,14702144,7993638,4.9,,B,,63.0,4.0,True,10.002353283694456,20.002429823670905,2.0000466998245887,395.337502,202.9031640000001,,True,0.0,0.0,0.0,0.0,0.0,0.0,0.0,0.0,0.0399636961519718,,0.0,0.0,0.0,0.0,0.0,0.0,0.0,0.0,0.03918580499781777,,0.0
b7e8e5bf-0ffa-4e7e-89be-8a54e42091c3,ok,17761023.0,v1.14-1.15,0.0,0.0,0.0449735449735449,True,0.0,0.0,0.3360390737652778,4.0,actuator_motors,none,3144583,2494223,3.4,,B,,0.0,4.0,True,10.012455148948217,20.01298387148716,1.99999135574206,75.091808,72.61192099999998,,True,0.0,0.0285040747374296,0.1355310954153537,0.0607809264212846,0.2597649052739142,0.2675648897886276,0.4718382537364954,0.1177500892430543,0.0261228212155401,0.0115957950707524,0.0,0.02810539192843234,0.1271004669664624,0.059005359915719986,0.23092512043865046,0.23709765027228574,0.38651213229672876,0.11131781597364451,0.025787448371128827,0.011529079093638468,0.0
0a0d02c2-2981-4d4f-8834-108658f9195d,ok,17695743.0,v1.14-1.15,0.0416666666666666,0.0,0.0,True,0.0,0.0,0.1559650167822837,4.0,actuator_motors,none,65667649,19789615,22.7,,A,,0.0,4.0,True,9.435407162077269,142.17698942010549,1.8901532725288688,100.408837,97.24504800000004,,True,0.0,0.0065143812447786,0.0,0.0,0.0,0.0,0.0,0.0,0.0001166620790172,0.0,0.0004507879028096,0.006493254366002519,0.0,0.0,0.0,0.0,0.0,0.0,0.00011665527452607193,0.0,0.00045068632846745023
158af92a-ca1c-4e07-8a6e-88956e754ef4,ok,17826047.0,v1.16+,0.0,0.0,0.0,True,0.0,0.0,0.1642668545246124,4.0,actuator_motors,none,33760391,13716037,12.9,,C,,0.0,4.0,True,10.013674014801252,199.94512304918987,1.999988722285816,72.53174,66.78000400000002,,True,0.0,0.0034511053934693,0.0009458338376134,0.0004831097379792,0.0076702690683305,0.0051120607182383,0.009252993389964,0.0060588980093598,0.026751023158431,0.0062912656925618,0.0,0.0034451639949218834,0.0009453868186374561,0.0004829930780412573,0.007641002116202279,0.005099038497246251,0.009210446701396056,0.0060406166927405025,0.026399470356036833,0.006271558293686627,0.0
41f96338-145c-425e-b778-5976b9335165,ok,17761280.0,v1.14-1.15,0.0,0.0,0.0,True,0.0,0.0,0.2291298300027846,4.0,actuator_motors,none,4266175,3181544,4.5,,A,,0.0,4.0,True,10.010145489764582,20.009422385695213,1.999947842944373,101.055149,96.774651,,True,0.0,0.0109792507253587,0.0061980081256478,0.0014851583633571,0.016083416994661,0.0223847957327961,0.0133452113717794,0.0128175798803567,0.0252353589981792,0.002545825112611,0.0,0.01091941631175845,0.0061788794722946305,0.0014840566063957846,0.015955449127197072,0.02213793337718816,0.013256948429787994,0.01273612995890552,0.02492220476687954,0.002542589989400988,0.0
44998499-d55f-4bed-ad51-8e0f2d3c4880,ok,17826047.0,v1.16+,0.0393258426966292,0.0,0.0,True,0.0,0.0,0.0673942446708679,4.0,actuator_motors,none,3974456,2905523,4.3,,C,,0.0,4.0,True,10.011018938779722,20.010648710459705,1.9999944457297107,87.820065,83.90193999999995,,True,0.0,0.0781890675425529,0.0026457419735379,0.004905103938654,0.0563415652140975,0.1878735870122909,0.020284088794142,0.0744425896555185,1.987392604351044,0.1178412847220897,0.0,0.07528284443899971,0.002642248159373037,0.004893113111180241,0.054811584892068096,0.17216480703988252,0.020081106942752704,0.07180200585031325,1.0944009682770934,0.11139940107917679,0.0
c00d2fed-cf30-4585-8b9d-2361326398e9,ok,17760256.0,v1.14-1.15,0.0,0.0,0.0,True,0.0,0.0,0.1956214606761932,4.0,actuator_motors,none,45630622,28947913,16.7,,C,,0.0,4.0,True,9.951396846302208,201.6793927165424,1.9998300429474904,421.409858,417.2265840000002,,True,0.0,0.0337141830474138,0.1512994423508643,0.3630157411098475,0.0039522386621683,0.0043115454260259,0.0478962128981947,0.0147581711411476,0.0107548010535538,0.0028527398593723,30.66462631225576,0.03315831915930821,0.14089125433261523,0.3096997015177354,0.003944449084381765,0.004302277344332756,0.04678454750062114,0.014650329073159052,0.010697379518610975,0.002848678519151012,3.4552001686120297
b83bf324-af7e-418b-9991-546da1b0fddc,ok,17694720.0,v1.14-1.15,0.0,0.0,0.0,True,0.0,0.0,0.1630761831998825,4.0,actuator_motors,none,111330747,28470764,40.1,,B,,0.0,4.0,True,10.000084739970555,20.000068099796103,92.12760583014332,677.001209,672.8581540000002,,True,0.0,0.0,0.0,0.0,0.0,0.0,0.0,0.0,0.0001114504411816,0.0,0.0,0.0,0.0,0.0,0.0,0.0,0.0,0.0,0.00011144423104259108,0.0,0.0
368da03f-0be0-4da4-92f6-5a4c405fe83d,ok,17760768.0,v1.14-1.15,0.0199600798403193,0.0,0.0,True,0.0,0.0,0.1319386705756187,4.0,actuator_motors,none,10221562,6817938,4.5,,B,,0.0,4.0,True,10.003936310558464,20.00385713139489,2.000090871598516,249.820683,244.7383129999999,,True,0.0,0.0032643760554492,0.0080805601552128,0.0165445929393171,0.0292799312621354,0.0515559624880549,0.0110741393640637,0.0134464289061724,0.0552092339843511,0.0533471602946519,8.101340103149402,0.0032590595468471417,0.008048087244582362,0.0164092222232241,0.028859461898077175,0.050270936321246816,0.01101327005393927,0.013356827995566414,0.05373907331553597,0.05197286570656585,2.2084216667628658
538febf5-f0ae-412a-a9f6-d8af6129017e,ok,17761279.0,v1.14-1.15,0.0,0.0,0.0,True,0.0,0.0,0.2259454385377465,4.0,actuator_motors,none,3393093,2145239,2.5,,B,,0.0,4.0,True,10.008502483745078,20.008456869821604,2.0000793174312173,105.045719,103.96983699999996,,True,0.0,0.3636494874954223,0.0,0.0,0.0,0.0,0.0,0.0,0.0,0.0,0.890137106180191,0.31016455242083724,0.0,0.0,0.0,0.0,0.0,0.0,0.0,0.0,0.6366493693929203
4e735764-cf6f-44cd-8e17-f3f1d37f9daf,ok,17826240.0,v1.16+,0.1038552321007081,0.0,0.0,True,0.0,0.0,0.1165559068322181,4.0,actuator_motors,none,24816783,15949273,6.6,,B,,0.0,4.0,True,10.001522804865262,20.001468763629344,2.000000012638231,633.16488,628.2673499999996,,True,0.0,0.0266774443909525,0.17447856515646,0.0187035571783781,0.0370331808924675,0.0084704363718628,0.0261670026928186,0.0136734415777027,0.0520889561623335,0.0053116309922188,0.0,0.026327806045667358,0.16082427476422312,0.018530796488005045,0.03636392573884086,0.008434763527184943,0.02583050415864054,0.013580803573710314,0.050777669830270454,0.005297574035261359,0.0
98f084c4-bb36-4793-a1ec-a4c915485724,ok,17826303.0,v1.16+,0.0,0.0,0.0,True,0.002301495972382,0.1023679999999984,0.4554120004177092,4.0,actuator_motors,none,4070543,3072988,3.2,,A,,0.0,4.0,True,10.009953694947644,20.01011563719481,1.9999374802152925,92.380738,86.84581799999998,,True,0.0,0.0037077010609209,0.0009881079196929,0.0008194569847546,0.0170114964246749,0.0219197634607553,0.0028096003457903,0.0112375408411025,0.3172811448574065,0.1943737328052518,0.0,0.0037008444802171456,0.0009876200624064039,0.0008191214131914626,0.016868421254914688,0.021682979365594702,0.002805660796053873,0.011174868761985908,0.2755698736747056,0.17762197504292232,0.0
15965539-4425-4867-ad04-056c434c2567,ok,17694848.0,v1.14-1.15,0.0077519379844961,0.0,0.0,True,0.0,0.0,0.331742912530899,4.0,actuator_motors,none,7999569,4759348,4.5,,B,,0.0,4.0,True,10.015979607972657,247.3989660227406,1.999898533148022,63.086814,58.22932999999998,,True,0.0,0.0,0.0,0.0,0.0,0.0,0.0,0.0,0.0,0.0,0.0018635605520103,0.0,0.0,0.0,0.0,0.0,0.0,0.0,0.0,0.0,0.0018618262773277792
54a844a4-6a68-4ffc-8d29-5d01811af891,ok,17695743.0,v1.14-1.15,0.0,0.0,0.0,True,0.0141668871057813,0.2974340000000026,0.4120673971816311,4.0,actuator_motors,none,50345230,14975948,16.3,,B,,0.0,4.0,True,9.25486394765952,142.61881754672956,1.792131172781548,77.5928,73.48937399999998,,True,0.0,0.0287887370213866,0.0,0.0,0.0,0.0,0.0,0.0,0.0001853231486165,0.0,0.0002773639309452,0.028382126756014134,0.0,0.0,0.0,0.0,0.0,0.0,0.00018530597840311935,0.0,0.0002773254726812311
87c330d1-ad9e-40ec-a2a2-6af389ba635a,ok,17760768.0,v1.14-1.15,0.0,0.0,0.0,True,0.1942112240388864,81.90000099999997,1.0,4.0,actuator_motors,none,18457562,10256098,6.0,,C,,0.0,4.0,True,10.002184899384806,20.00218520705027,1.9999548762916204,457.299669,452.61997799999983,,True,0.0,0.0018063326715491,0.0,0.0,,,0.0,,0.0096539391204714,0.0092429760843515,0.0,0.0018047032146213855,0.0,0.0,,,0.0,,0.009607637606357643,0.00920052118679105,0.0
27cefde8-327b-4ec9-a0cf-c1609ffc9047,ok,17694720.0,v1.14-1.15,0.0803571428571428,0.0,0.0,True,0.0006443298969072,0.0996489999999994,0.3352854173630473,4.0,actuator_motors,none,11403144,4847243,4.0,,C,,0.0,4.0,True,10.007072397843585,20.005963700470488,86.86994825296132,158.677392,155.21205399999997,,True,0.0,0.0436439886689186,0.0045109987258911,0.0,0.0929468423128128,0.0,0.0071347451535984,0.017362231388688,0.003174329875037,0.0040570315904915,0.0,0.04271842428222232,0.004500854666258247,0.0,0.08887757334821467,0.0,0.007109413279006636,0.017213230040727195,0.0031693023265478106,0.004048824029229655,0.0
8f3d9832-dc69-4c42-890a-d659c93451f7,ok,17761535.0,v1.14-1.15,0.0,0.0,0.0,True,4.937052579609973e-05,0.002758,0.5833921745419501,4.0,actuator_motors,none,44394620,17009341,10.0,,B,,0.0,4.0,True,9.919041462636146,197.24498476314287,1.9999574576950665,82.194294,77.64903100000001,,True,0.0,0.0016254958463832,0.0,0.0,0.0,0.0,0.0,0.0,0.0,0.0,0.000902796012815,0.0016241761579150942,0.0,0.0,0.0,0.0,0.0,0.0,0.0,0.0,0.0009023887376004834
a025555a-37e6-4487-95d1-ab34993bc213,ok,17695743.0,v1.14-1.15,0.4696569920844327,0.0,0.0,True,0.2664765525982256,0.4332259999999905,0.40807688832283,4.0,actuator_motors,none,19962391,11670185,6.1,,C,,0.0,4.0,True,10.005063425233832,138.27039735742144,2.000066799064756,190.191371,187.778401,,True,0.0,0.1201482538133859,0.0,0.0,0.0,0.0,0.0,0.0,0.1172055918723344,0.3036860704421996,0.0406388854607939,0.1134610460231745,0.0,0.0,0.0,0.0,0.0,0.0,0.11083056033265484,0.2651956909951662,0.039834837483397306
3b76598d-9bbc-45b6-ade6-e19df0f89907,ok,17891583.0,v1.16+,0.0,0.0,0.0,True,0.0046242774566473,0.2000060000000019,0.2341527700424194,4.0,actuator_motors,none,14058333,8047154,2.7,,C,,0.0,4.0,True,10.002999241980474,20.003057891434903,2.000251640546388,338.156021,86.50003399999999,,True,0.0,0.0020278951851651,106262124544.0,1088327794688.0,0.0039501274004578,0.0025584165705367,0.0032233391539193,0.0050523619865998,0.0470966901630163,0.0356462318450212,0.0,0.002025841781313991,25.389174751605207,27.715663500869297,0.003942346131821735,0.0025551493942080872,0.0032181553327574586,0.005039641633007929,0.04602127735032542,0.03502561046834105,0.0
6c73b49c-d8a3-4fe5-8b40-7cfc408897f9,ok,17760511.0,v1.14-1.15,0.0,0.0847457627118644,0.0,True,0.0,0.0,0.2870857454137876,4.0,actuator_motors,none,3567752,2747508,3.0,,B,,0.0,4.0,True,10.01221293660365,20.011878864909065,1.999952522866196,81.087035,67.03318800000002,,True,0.0,0.0023444167571142,0.0001827750107622,0.0002807504381053,0.0089853890705853,0.0125023343600332,0.0006136748823337,0.0024239562451839,0.0698014199733734,0.3921051263809202,,0.002341672899808589,0.00018275830944494508,0.0002807110350758245,0.008945260662648056,0.012424825536672929,0.0006134866609036688,0.0024210232020006757,0.06747304244014916,0.33081708088597217,
b43d5443-690a-48cb-aec5-cfbf6030626d,ok,17891392.0,v1.16+,0.0,0.0,0.0,True,0.0,0.0,0.5108548035716951,4.0,actuator_motors,none,8446030,5346086,4.9,,C,,0.0,4.0,True,9.999661517733564,19.98921962149325,1.999953937902988,95.572689,89.55249000000003,,True,0.0,0.0005307857354637,0.0,0.0,0.0,0.0,0.0,0.0,0.3882015645503998,0.0792902745306491,0.0017303877975791,0.0005306449185420863,0.0,0.0,0.0,0.0,0.0,0.0,0.3280090709580085,0.07630367190395018,0.0017288924014423881
c423c822-bba5-44ca-9305-644909306054,ok,17761535.0,v1.14-1.15,0.0,0.0,0.0,True,0.0017094017094017,0.1009839999999999,0.3833043217658993,4.0,actuator_motors,none,2852728,2104096,3.7,,A,,0.0,4.0,True,10.015491332621034,20.015882292451224,2.0000282752088987,65.706816,58.51892100000001,,True,0.0,0.0424810428172349,0.0,0.0,0.0,0.0,0.0,0.0,0.0006579287553904,6.143517827987668,0.0,0.041603490177506086,0.0,0.0,0.0,0.0,0.0,0.0,0.00065771241515259,1.9662053480136226,0.0
8e0d55ab-ca24-4f7f-bccc-e3e650a41006,ok,17695488.0,v1.14-1.15,0.1240310077519379,0.0,0.0,True,0.0,0.0,0.3309049978852272,4.0,actuator_motors,none,5692383,3079970,3.1,,C,,0.0,4.0,True,10.007189005216278,20.00729852505914,1.999961239966871,128.074907,125.790525,,True,0.0,0.0022147236159071,0.0,0.0,0.0,0.0,0.0,0.0,0.0,,2.2366471512214048e-05,0.002212274730629176,0.0,0.0,0.0,0.0,0.0,0.0,0.0,,2.2366221386419707e-05
8ac43077-d5ce-4f9d-bb2d-4b5bd314622e,ok,17694975.0,v1.14-1.15,0.0,0.0,0.0,True,0.0002735978112175,0.099644000000012,0.2856770128011703,4.0,actuator_motors,none,15358288,9818300,9.2,,B,,0.0,4.0,True,10.002530314884128,20.002603157205463,1.9999965698837665,368.727372,365.5259290000002,,True,0.0,0.002432561723981,0.0021189126302488,0.0,0.0228124139830469,0.0,0.0290694772265851,0.0140323562081903,0.0172803326509892,0.0458643533289432,0.0003388038807315,0.0024296078350854113,0.0021166709010085566,0.0,0.022556101614902013,0.0,0.028654973743232587,0.013934814135427775,0.017132725740669277,0.04484367590349825,0.00033874649965695525
f64c129b-d791-4cf7-ae0e-452c8f3b013c,ok,17761023.0,v1.14-1.15,0.0733471074380165,0.0,0.0029203170629954,True,0.0033790918690601,1.3994280000000003,0.3869685903191566,4.0,actuator_motors,none,20076382,12717213,13.1,,C,,0.0,4.0,True,10.00205229923701,20.00200842370477,1.999999607105616,479.167231,473.57178199999953,,True,0.0,0.0138190467376261,0.0004098353820154,0.0008242761570727,0.0039842210244387,0.0029374630539678,0.0136829466093331,0.0092369918245822,0.0149134520441293,0.0022566298954188,0.0025717674870975,0.013724434350162367,0.00040975142243417887,0.0008239366280454516,0.003976305034921252,0.002933157139619722,0.01359018034800205,0.009194591715243687,0.014803339936109352,0.002254087530242796,0.0025684661520596697
c7b74a17-4dd9-42bb-901a-04c1c6e88b7f,ok,17761023.0,v1.14-1.15,0.0,0.0,0.0,True,0.0019770660340055,0.500011,0.4951026797294616,4.0,actuator_motors,none,11027354,7273904,5.3,,C,,0.0,4.0,True,10.00412835475463,20.00401238211063,2.0000223426620463,257.409364,252.9762590000001,,True,0.0,0.0076685703825205,0.0015935596893541,0.0019189812242984,0.0082080133259296,0.0074622313492,0.0026026101782917,0.0027300090063363,0.0607712402939796,0.0140195565298199,0.0,0.00763931635917051,0.0015922913204146193,0.001917142331986188,0.008174510785897687,0.007434526641436738,0.002599229253304303,0.0027262893000987317,0.05899622874519585,0.013922191501568973,0.0
e78b34fc-6250-466f-82ed-3681a21304e4,ok,17630207.0,v1.12-1.13,0.0,0.0,0.0,True,0.0,0.0,0.109937672317028,4.0,actuator_motors,none,8205645,5137956,4.8,,C,,0.0,4.0,True,10.011310121544357,199.8797971902189,1.9998343858081893,86.331444,81.008508,,True,0.0,0.0,0.0007305191247723,0.0,0.0,0.0,0.0,0.0,0.0093213640153408,0.0,0.0001922271680086,0.0,0.0007302524255544865,0.0,0.0,0.0,0.0,0.0,0.00927818819940144,0.0,0.00019220869473387863
85bda2c5-12bf-4116-8777-36cde746349e,ok,17826240.0,v1.16+,0.0,0.0,0.0,True,0.0001148672708685,0.0037679999999795,0.4151979446411132,4.0,actuator_motors,none,37614444,23153781,11.8,,B,,0.0,4.0,True,9.996784298004894,198.95460492132992,2.0000012302745085,310.645323,304.9447180000003,,True,0.0,0.002090416487772,0.0007922915625385,0.000471006213047,0.0054528784006833,0.0044941523810848,0.0014917274296749,0.001557374355616,0.4789697617292369,0.6380704045295714,0.0,0.002088234607389207,0.0007919778652606677,0.00047089532443875156,0.00543806528427338,0.0044840838333936196,0.0014906159095653994,0.001556162905798386,0.39134573844138804,0.493518966515463,0.0
502856c6-1c68-4deb-9d13-dc1fae9df071,ok,17760256.0,v1.14-1.15,0.0,0.0,0.0,True,0.0,0.0,0.2606359310448169,4.0,actuator_motors,none,8217187,5261286,3.5,,C,,0.0,4.0,True,10.006134846550491,20.00552010071498,1.999999766153873,162.743173,158.45969899999992,,True,0.0,0.0012171452108304,0.0245448630303144,0.0082017071545124,0.0634176116436719,0.0289245690219104,0.0415382236242294,0.0836856365203857,1.088148683309555,0.5441105887293816,0.1221284084022045,0.0012164050900936756,0.02424847790917775,0.00816825593466069,0.06148788358691119,0.028514149035621474,0.04069868159678932,0.08036785774841557,0.7362778759667764,0.43444807386237816,0.11522724654333134
fc587431-e0b5-4b80-a9f6-ded078a07fee,ok,17761280.0,v1.14-1.15,0.0,0.0,0.0,True,0.0,0.0,0.3151360392570495,4.0,actuator_motors,none,8157158,4506468,6.0,,B,,0.0,4.0,True,10.00635486804758,20.006481183894035,1.99992989792762,143.779806,139.271547,,True,0.0,0.0084507901221513,0.0,0.0,0.0,0.0,0.0,0.0,0.2373559549450873,0.1619656823575495,0.0731918808072802,0.008415282102274489,0.0,0.0,0.0,0.0,0.0,0.0,0.21297680864132348,0.1501131247384834,0.07063727413564544
b7cb4e4f-d6d6-4763-8253-73c4ec5bbe21,ok,17825984.0,v1.16+,0.0,0.0,0.3469387755102041,False,0.0274673160728018,0.2033760000000057,0.5287985384464264,4.0,actuator_motors,none,56388076,15833184,21.0,,B,,0.0,4.0,True,9.425462830417905,183.65455066598184,1.8755818803892368,113.362119,112.435813,,True,0.0,1.3102432489395142,0.0,0.0,0.0,0.0,0.0,0.0,0.0056086340453475,0.0,0.0,0.8373528215609939,0.0,0.0,0.0,0.0,0.0,0.0,0.005592964220990821,0.0,0.0
4722bd64-36cd-4d1b-90f3-f664c81c016b,ok,17760511.0,v1.14-1.15,0.0,0.0993377483443708,0.0,True,0.0,0.0,0.2179555788636207,4.0,actuator_motors,none,3199635,2572038,5.4,,B,,0.0,4.0,True,10.014094729954763,20.01353469432878,2.0001830240466383,69.184679,65.851149,,True,0.0,0.0021261841524392,0.0004274418883142,6.505717901745816e-05,0.0081437877379357,0.0088777014520019,0.0003473771284916,0.0022249965695664,0.0,0.1884242638945578,0.0050910336431115,0.0021239270217316207,0.0004273505610540614,6.505506289096629e-05,0.008110806041535384,0.008838526346339467,0.00034731680702602784,0.0022225249302794195,0.0,0.1726282816770491,0.005078118148266043
bb754bf2-b9bc-4137-8629-ff36b91e737c,ok,17695743.0,v1.14-1.15,0.0,0.0,0.0,True,0.5637886597938144,7.500927000000004,0.5300368234515186,4.0,actuator_motors,none,6688771,4503635,7.3,,A,,0.0,4.0,True,10.005541175860918,20.005396161234245,2.000054588989938,160.346351,155.242801,,True,0.0,0.0031399014405906,0.0036692430730909,0.0,0.0740756243467331,0.0,0.0032605570740997,0.0258096028119325,0.0267422683537006,0.0468463454395532,0.0,0.0031349822445662324,0.0036625278223048506,0.0,0.07146040733840654,0.0,0.003255252984280737,0.025482157219848554,0.02639094361307971,0.04578216413626051,0.0
4bd9fd35-5ef4-4900-bdbd-37786a2dcc79,ok,17891583.0,v1.16+,0.0,0.0,0.0,True,0.0,0.0,0.2358406484127044,4.0,actuator_motors,none,6593930,4734917,5.4,,C,,0.0,4.0,True,9.99956057486585,19.99947477949954,1.999970587845131,144.560712,138.87551499999998,,True,0.0,0.0037153089651837,0.0005436517589259,0.0008492821943946,0.0103134493343532,0.0098847836256027,0.0035708301700651,0.006734760897234,0.0416018348187208,0.1255904167890548,0.0,0.0037084242521185718,0.0005435040338466497,0.0008489217583319257,0.010260628581445353,0.009836248727834725,0.0035644698924971346,0.006712183706363403,0.04075975400932668,0.11830771291280012,0.0
9c28c9bd-54cb-4559-8d15-b8b59814286b,ok,17695488.0,v1.14-1.15,0.0,0.0305343511450381,0.0,True,0.0018587360594795,0.0975339999999995,0.1211746178567409,4.0,actuator_motors,none,2360981,1836755,3.0,,B,,0.0,4.0,True,10.016281564528024,20.01563361012017,1.9998775741611683,60.791745,53.75367800000001,,True,0.0,0.0540253184735775,0.0107439653947949,0.0,0.1319997161626815,0.0,0.0940603166818618,0.3896084427833557,13.123263835906982,13.910361480712886,0.0,0.052616471152843035,0.01068665909776398,0.0,0.12398572904127911,0.0,0.0898958365584463,0.32902201161956235,2.6478233552058543,2.70205637266203,0.0
a0e641e8-805b-4111-ba20-4b1f6afb340d,ok,17956992.0,v1.16+,0.0,0.0,0.0,True,0.0,0.0,0.080604276061058,4.0,actuator_motors,none,24469820,12267936,11.1,,B,,0.0,4.0,True,121.11191583441337,237.7072612921669,99.97522299306245,104.452,100.18800000000005,,True,0.0,0.0003447030321694,0.001682314206846,0.0020684129558503,0.0035589998587965,0.0064306459389626,0.0002160006661142,0.0057423897087574,0.0763910338282585,0.1000214964151382,0.0,0.00034464363572823687,0.001680900701385551,0.0020662767349897498,0.0035526816054698156,0.006410057552643486,0.0002159773413290381,0.00572596503688761,0.0736138100591265,0.09532972180895882,0.0
4ecb2274-be41-4d06-ab84-af2429a7d4db,ok,17825792.0,v1.16+,0.0,0.3317269076305221,0.0,True,0.0,0.0,0.4004054859280586,4.0,actuator_motors,none,58287102,33630814,13.7,,C,,0.0,4.0,True,10.001478038410957,134.81343158094694,1.999997586779772,605.492989,389.2086190000002,,True,0.0,0.0056283520534634,0.0055408305488526,0.00463328207843,0.0035042068921029,0.0032271115342155,0.0002128420237568,0.00503247580491,0.0328543372452259,0.0103439120575785,0.0,0.005612572062585638,0.005525536615321274,0.004622581466924787,0.0034980814648036796,0.003221915585391567,0.00021281937610678566,0.005019855222686763,0.03232617075158513,0.010290779881521899,0.0
227a7d0f-1581-4e53-a568-5abdf817d24d,ok,17761023.0,v1.14-1.15,0.0,0.0,0.0,True,0.0,0.0,0.1156950443983077,4.0,actuator_motors,none,4232499,2728286,2.6,,C,,0.0,4.0,True,10.009496164248688,20.009556609929515,1.999942298315508,104.661533,97.862484,,True,0.0,0.0012045727286022,0.0,0.0,0.0,0.0,0.0,0.0,2.9404576301574705,1.6841449022293085,0.0,0.0012038478129569666,0.0,0.0,0.0,0.0,0.0,0.0,1.3712968663511382,0.9873622050699423,0.0
54135d2f-a61a-4c8f-b2a1-53f9c28aee2f,ok,17891583.0,v1.16+,0.0,0.0,0.0,True,0.0,0.0,0.1047178670763969,4.0,actuator_motors,none,7377168,4729636,5.0,,B,,0.0,4.0,True,9.920062100559718,197.8509735815582,1.9674507228796063,61.724785,57.03601,,True,0.0,0.002723979006987,0.0,0.0,0.0,0.0,0.0,0.0,2.483188548012526e-05,0.0,0.0,0.0027202756998013825,0.0,0.0,0.0,0.0,0.0,0.0,2.483157717396088e-05,0.0,0.0
c4e6d77e-04d4-4b27-ad7d-92ea9e2ab92b,ok,17695488.0,v1.14-1.15,0.0,0.0,0.0,True,0.0,0.0,0.0686323493719101,4.0,actuator_motors,none,4118587,2842606,4.4,,A,,0.0,4.0,True,10.00839094085336,20.009461616850253,2.000003636370248,110.269748,104.22680800000003,,True,0.0,0.0006435628747567,0.0,0.0,0.0,0.0,0.0,0.0,0.2696418762207031,,0.000224051400437,0.0006433558769757807,0.0,0.0,0.0,0.0,0.0,0.0,0.23873487347683295,,0.00022402630467040558
cc567a1a-dfe4-430f-ae64-8048546ffa32,ok,17761535.0,v1.14-1.15,0.0,0.0,0.0,True,0.0,0.0,0.2000040978193282,4.0,actuator_motors,none,39141765,25162681,16.9,,B,,0.0,4.0,True,9.963560863336571,19.923996839096475,1.9916460572792365,960.294518,955.8499169999996,,True,0.0,0.0171133570373057,0.0013107075123116,0.0008478960487991,0.0065195550210773,0.0056168218143284,0.010478089749813,0.0023301913402974,0.0409813316538929,0.0219217612408101,0.0,0.016968573035217236,0.0013098492850616007,0.0008475367880071768,0.006498394643278032,0.005601106290749425,0.010423575043403226,0.002327480654583775,0.040163856382592004,0.02168493429216866,0.0
ef9a0cbb-42cb-4234-b247-31da1de97ffd,ok,17761280.0,v1.14-1.15,0.0,0.0,0.0630048465266559,True,0.0678807947019867,1.1025149999999968,0.4879000604152673,4.0,actuator_motors,none,4806629,3248570,7.9,,C,,0.0,4.0,True,10.007404993505478,20.006815282325377,2.000059416399248,123.581029,120.87406500000002,,True,0.0,0.0202223973348736,0.0,0.0,0.0,0.0,0.0,0.0,0.0142860756255686,0.0300642539747059,0.0,0.02002064013247147,0.0,0.0,0.0,0.0,0.0,0.0,0.014184991242453565,0.029621182795551648,0.0
122898e6-3da4-44de-afd8-821c5b1d68e8,ok,17760256.0,v1.14-1.15,0.0,0.0,0.0,True,0.0,0.0,0.1119496762752532,4.0,actuator_motors,none,6221958,4143726,8.4,,B,,0.0,4.0,True,10.006699779057746,20.006254953676425,2.000031573313964,154.634254,149.021357,,True,0.0,0.0008297174907056,0.0003496074248687,0.0003510123540763,0.0028786654118448,0.0044603230198845,0.0018422005698084,0.008794609690085,0.0206496186554431,0.0168421035632491,0.0,0.0008293734654311151,0.00034954632643283476,0.0003509507636521879,0.0028745299889996762,0.0044504052591723235,0.0018405057994241268,0.008756162365325284,0.02043930560827055,0.016701847946178523,0.0
fef5d44e-ea5b-4926-bf76-39563009f469,ok,17695744.0,v1.14-1.15,0.8169642857142857,0.9553571428571428,0.0,True,0.918562874251497,76.69924400000001,1.0,4.0,actuator_motors,none,3871882,2602370,3.4,,A,,0.0,4.0,True,10.001360389122317,20.011825685093232,2.0000706310657144,88.332859,83.518447,,True,0.0,0.0003070593884331,0.000502772963955,0.0,0.0008317195024574,0.0,8.766972747764613e-08,0.0004890603013336,0.009703879058361,,0.0157093028537929,0.0003070122553472784,0.0005026466159761492,0.0,0.0008313738154551512,0.0,8.76697236346558e-08,0.0004889407503212776,0.009657098813727836,,0.015587188977978726
eb456400-8803-4062-b937-ea4b4320bb59,ok,17761280.0,v1.14-1.15,0.0,0.0,0.0,True,0.9486642221058146,179.703782,1.0,4.0,actuator_motors,none,5849975,3286450,3.4,,A,,0.0,4.0,True,10.005033077366992,20.00489314490248,1.9999675526097584,192.262956,190.885192,,True,0.0,5.711878748115845e-06,0.0,0.0,0.0,0.0,0.0,0.0,0.0,0.0,0.0026915250346064,5.7118624353985465e-06,0.0,0.0,0.0,0.0,0.0,0.0,0.0,0.0,0.002687909367419861
cb5f5336-3768-474a-bea5-ef735c8e5109,ok,17695487.0,v1.14-1.15,0.0,0.0,0.0,True,0.0,0.0,0.3471414610743522,4.0,actuator_motors,none,23724397,14050304,10.5,,A,,0.0,4.0,True,9.474200426817568,18.943328993608425,2.001881366972324,558.338434,527.100017,,True,0.0,0.0043187758885324,0.0048318097367882,0.0,0.0086407171096652,0.0,0.0116505144163966,0.0038084207917563,0.059565589390695,0.1068814828991889,0.0,0.0043094767402891,0.004820174010147109,0.0,0.008603599773926223,0.0,0.011583169735396677,0.0038011871173930386,0.05785900279473099,0.10154658647665851,0.0
025c84cc-0621-4534-9428-08a3bf5101f4,ok,17826047.0,v1.16+,0.0,0.0,0.0,True,0.0,0.0,0.183388328552246,4.0,actuator_motors,none,29857982,18381352,11.2,,B,,0.0,4.0,True,9.855971340700824,197.78847299768267,1.976601520370762,257.059754,251.97309099999995,,True,0.0,0.0010820722905918,0.0019432277884334,0.0025040086824446,0.0027779242955148,0.0122598007321357,0.0021232701372355,0.0017173602478578,0.0040701284073293,0.0022052023094147,0.0,0.0010814872723540836,0.00194134216371826,0.0025008788763227507,0.0027740729945852746,0.012185258009353056,0.002121019184887793,0.001715887270927561,0.004061867841493017,0.002202774419472494,0.0
275f67d2-125b-4f1d-b55d-75918abca89a,ok,17695488.0,v1.14-1.15,0.0,0.0,0.0,False,0.0,0.0,0.2266021570002564,4.0,actuator_motors,none,5761806,3578845,3.5,,A,,0.0,4.0,True,9.972195278930394,19.94360666971445,1.993058932683192,144.509668,141.85408300000006,,True,0.0,0.1703138545155524,1.509648847579956,0.0,14.575703144073431,0.0,1.7397003114223475,0.0800125531852244,0.0286526668816797,1.555622696876526,0.0,0.15727196455929882,0.9201428419940167,0.0,2.7457122093413786,0.0,1.0078485390247505,0.07697266438823029,0.028249855538328757,0.9382959109386237,0.0
25bb757b-205b-49a1-9ee9-1590108eb423,ok,17760384.0,v1.14-1.15,0.0,0.0,0.0,True,0.0,0.0,0.0979697197675704,4.0,actuator_motors,none,31514740,21061778,7.9,,C,,0.0,4.0,True,10.002736807007384,20.0023797011046,1.999984333897549,377.769674,371.1384739999998,,True,0.0,0.0014276227157097,0.0063211293891072,0.0069697858998551,0.0117893831338733,0.0100416084751486,0.0007259800913743,0.0131428819149732,0.0598056940361857,0.0501652406528592,0.0,0.0014266046312456449,0.006301234844045325,0.0069456092146506845,0.011720429772487821,0.009991526514663285,0.0007257166953002586,0.013057263607411022,0.05808558380806782,0.048947523838091984,0.0
4ec3997c-e5f6-4abe-92ad-1dad994e9953,ok,17695488.0,v1.14-1.15,0.0396825396825396,0.0,0.0,True,0.0032414910858995,0.1994510000000033,0.4902954032007973,4.0,actuator_motors,none,2081733,1568188,3.7,,B,,0.0,4.0,True,10.015009149644731,20.014745590300247,1.999996455290836,62.141382,61.56841100000001,,True,0.0,0.0041299763135612,0.0,0.0,0.0,0.0,0.0,0.0,0.0011128476297017,0.0,0.0,0.004121471370154257,0.0,0.0,0.0,0.0,0.0,0.0,0.0011122288737897207,0.0,0.0
d721cc13-0f40-4040-9cfb-be4279fcf097,ok,17695232.0,v1.14-1.15,0.0,0.0,0.0,True,0.0,0.0,0.0491264909505843,4.0,actuator_motors,none,24250755,14796209,7.9,,B,,0.0,4.0,True,10.004650366005071,201.4103736547421,2.0000623391254706,217.000745,216.830863,,True,0.0,0.0,0.0,0.0,0.0,0.0,0.0,0.0,0.0003193080017808,0.0,9.045880833582438e-05,0.0,0.0,0.0,0.0,0.0,0.0,0.0,0.00031925703383016034,0.0,9.04547171845402e-05
80891879-fcfb-4c1b-bf15-1c095741ddc8,ok,17825792.0,v1.16+,0.0,0.0,0.0,True,0.0,0.0,0.1579549729824065,4.0,actuator_motors,none,4150792,2728630,3.7,,A,,0.0,4.0,True,10.01023511574694,20.010389618070395,1.9999487249326904,99.979756,93.899814,,True,0.0,0.0021842818823643,0.0033378656371496,0.0023585109389387,0.022579547483474,0.0311064902693033,0.0023581483634188,0.0060143319424241,0.0765665095299482,0.0389901556074619,0.0021505307056941,0.0021818998068124746,0.0033323073288004474,0.0023557340174235873,0.02232840295863854,0.030632488031991516,0.002355372294964488,0.0059963180397098114,0.07377681903496033,0.03824923719969325,0.0021482216244435226
60e496f8-a8c9-46f0-bfd0-407ca1523b26,ok,17761023.0,v1.14-1.15,0.096551724137931,0.0,0.0,True,0.0,0.0,0.1404133468866348,4.0,actuator_motors,none,3164393,2331035,4.0,,B,,0.0,4.0,True,10.013739126322394,20.012407969164595,2.00005530708495,72.024458,62.454478,,True,0.0,0.0020240047946572,0.1075654640793799,0.0566858179867267,0.037932052463293,0.0238315068185329,1.0635749101638794,0.0125852232798933,0.0142726700752973,0.0058494445867836,0.001191055541858,0.0020219592566069772,0.10216433096846068,0.05513742333449616,0.037230322546462996,0.02355196895592027,0.7244398720298355,0.01250668759700082,0.014171774420116126,0.005832403009345138,0.0011903467979192135
fcde2ae6-1e90-4f4f-bf3c-663f19593dc1,ok,17761535.0,v1.14-1.15,0.0,0.0,0.0,True,0.0,0.0,0.0677630484104156,4.0,actuator_motors,none,4237732,2946908,4.2,,A,,0.0,4.0,True,10.008889824718006,20.00841833593563,2.000052020220941,106.547009,100.96975,,True,0.0,0.0128837006166577,0.0,0.0,0.0,0.0,0.0,0.0,1.738765895424875e-05,,0.0,0.012801411782006564,0.0,0.0,0.0,0.0,0.0,0.0,1.7387507790659047e-05,,0.0
1374b998-d0ad-4510-abcf-ab90cd0a42b7,ok,17891392.0,v1.16+,0.0193861066235864,0.0,0.0,True,0.0,0.0,0.2184299796819686,4.0,actuator_motors,none,86822609,35505491,13.9,,B,,0.0,4.0,True,124.99837487161486,249.9934970346478,100.00325034128582,307.66,220.968,,True,0.0,0.0002590660005807,0.0001016307796817,6.321432229015029e-05,0.0008793030894594,0.0003364298318047,5.116801403346456e-05,0.0002234956918982,0.0227519758045673,0.021632058545947,0.0,0.00025903244877900053,0.00010162561562389248,6.321232434907755e-05,0.0008789167289665622,0.00033637325197857445,5.1166704995288226e-05,0.00022347072045665524,0.022497009680373894,0.021401405966172276,0.0
cecd9029-d2fd-4247-8001-7434bf673ec1,ok,17891392.0,v1.16+,0.0,0.3596059113300492,0.0,False,0.0052742616033755,0.203999999999997,0.046668580174446,4.0,actuator_motors,none,28743732,11935833,5.9,,A,,0.0,4.0,True,125.0,250.0,100.01419647927314,98.316,94.528,,True,0.0,0.0003265117993578,0.0002065137523459,6.012482390360681e-05,0.0011812915327027,0.0013050159905105,6.475107802543791e-05,0.0005780737992608,0.0909773334860801,0.0712572932243347,0.0,0.0003264585059805355,0.00020649243131628606,6.012301647882912e-05,0.0011805943568513545,0.0013041651972615107,6.474898176487478e-05,0.0005779067789657087,0.08707393072867725,0.06883299905074691,0.0
ecc4f49a-ebce-4d83-a39c-a51d9fb12c52,ok,17826047.0,v1.16+,0.0,0.0,0.0,True,0.0,0.0,0.2188811637461184,4.0,actuator_motors,none,4566153,3385008,3.4,,B,,0.0,4.0,True,10.00895955864492,20.009102168487168,1.9999761162272496,103.492455,97.20094999999996,,True,0.0,0.0011107205355074,0.0018828209256753,0.0005412178259575,0.011087710224092,0.0084561851341277,0.0047669403022155,0.0056644440395757,0.0034080391167662,0.0012947640148922,0.0,0.0011101041418385832,0.0018810506400950765,0.0005410714204124115,0.011026692184350116,0.008420631889887504,0.004755614421230195,0.005648461403199081,0.003402244912307123,0.0012939265307833172,0.0
fdfbc49c-7823-4ed9-94df-e04d962d1d77,ok,17891583.0,v1.16+,0.0,0.0,0.0,True,0.0,0.0,0.3183292753994465,4.0,actuator_motors,none,17171461,11323005,8.3,,A,,0.0,4.0,True,10.002490312280326,20.00224076146912,2.00002761942903,399.220714,389.1765129999998,,True,0.0,0.0030397847993299,0.0017565448069944,0.0008672120748087,0.0061237404122948,0.0062212246004491,0.0060498428530991,0.0053842451889067,0.0129741200245916,0.0022334778215736,0.0,0.0030351739950554876,0.0017550038863651087,0.000866836263673628,0.0061050665112801425,0.006201952671382358,0.006031616029827145,0.005369801961502879,0.012890677086879064,0.002230987317618052,0.0
738b7342-5d6d-4a47-83a8-97f85efff080,ok,17761280.0,v1.14-1.15,0.009861932938856,0.0,0.0,True,0.0,0.0,0.136138144135475,4.0,actuator_motors,none,54443173,34477856,15.0,,C,,0.0,4.0,True,9.961054961936345,197.26335222463496,1.999841546151644,505.786003,502.08635500000025,,True,0.0,0.0055667517706751,0.006881184503436,0.0023929057642817,0.0033095315098762,0.0035984772723168,0.0092404635623097,0.0065748901106417,0.0153335159644484,0.0024256188888102,0.0035394182545132,0.005551314671206319,0.0068576172055314355,0.002390047324360101,0.0033040670636541466,0.0035920182434518205,0.009198031672146093,0.00655336979828097,0.015217145677905657,0.002422681823821407,0.003533169254598324
ed52a2ab-f40e-4c69-9304-71bdbf8c2936,ok,17891583.0,v1.16+,0.0,0.0,0.0,True,0.0387700534759358,1.899642,0.4051109515130519,4.0,actuator_motors,none,3541193,2632547,2.9,,A,,0.0,4.0,True,10.013232902336725,20.01330366214163,2.000013281133945,76.759401,74.74213699999997,,True,0.0,0.0005303321260726,0.0,0.0,0.0,0.0,0.0,0.0,0.0003876663831761,0.0,0.0,0.0005301915496898797,0.0,0.0,0.0,0.0,0.0,0.0,0.0003875912599783094,0.0,0.0
f132cbe2-d342-49df-a8d5-8a7c156e6f9c,ok,17694848.0,v1.14-1.15,0.0,0.0,0.0,True,0.0,0.0,0.1290144473314285,4.0,actuator_motors,none,4050162,2664185,3.3,,C,,0.0,4.0,True,10.01070119119569,20.010115793489,2.00002028281439,92.608513,89.888659,,True,0.0,0.0087414169684052,0.0,0.0,0.0,0.0,0.0,0.0,0.0,0.0,0.0,0.008703431984316699,0.0,0.0,0.0,0.0,0.0,0.0,0.0,0.0,0.0
0b7ca6ad-a5b4-4382-b0fa-6be83218c520,ok,17695743.0,v1.14-1.15,0.0054545454545454,0.0,0.0,True,5.138548103233432e-05,0.0105039999999974,0.1127466171979903,4.0,actuator_motors,none,34408859,18217511,12.3,,A,,0.0,4.0,True,10.003672376176974,161.61668812800076,1.999995747756789,277.684698,272.45020800000026,,True,0.0,0.002401674282737,0.0,0.0,0.0,0.0,0.0,0.0,0.0011099677940364,,1.309065396526421e-05,0.002398794872405797,0.0,0.0,0.0,0.0,0.0,0.0,0.0011093522352426841,,1.3090568283401344e-05
e81ab0c8-31a2-4a1c-85ef-279f6e158914,ok,17891583.0,v1.16+,0.0,0.0,0.0,True,0.0204937121564974,1.1970809999999688,0.4323978900909423,4.0,actuator_motors,none,17893360,11745708,14.0,,B,,0.0,4.0,True,10.00239352662722,20.00227494315477,1.999996735637512,435.43292,429.4206730000005,,True,0.0,0.0023248856887221,0.0077728629112243,0.0035198882687836,0.0435220468789339,0.0286193871870636,0.0094828330911695,0.0061696220654994,0.0424963533878326,0.0282212849706411,0.0,0.002322187323440568,0.007742809844095496,0.003513707960488339,0.0426015751307446,0.028217502311585426,0.009438153268232235,0.006150667867491997,0.041618176735380374,0.027830401621889246,0.0
a2a598cf-5654-4d25-bea0-9c7d83e6b780,ok,17771007.0,v1.14-1.15,0.0552486187845303,0.0,0.0,True,0.0002933534489984,0.0209959999999966,0.2769285187125206,4.0,actuator_motors,none,21249130,9702723,6.1,,C,,0.0,4.0,True,10.01054565897767,159.8279630103498,50.00713719565313,87.262665,83.51685199999999,,True,0.0,0.0124136954545974,0.0,0.0,0.0,0.0,0.0,0.0,9.068833351135254,1.2943037748336792,0.0,0.012337277308314513,0.0,0.0,0.0,0.0,0.0,0.0,2.3094448461097774,0.8304294314021662,0.0
4ec71427-b576-462d-82e3-c1bc75306d41,ok,17826047.0,v1.16+,0.0,0.0,0.0,False,0.0005755880882335,0.3444529999999304,0.1364646315574645,4.0,actuator_motors,none,68805028,39474024,19.8,,B,,0.0,4.0,True,10.001499566400009,159.52660571119276,1.999995818789631,607.328587,604.423431,,True,0.0,0.0009211603202857,0.0025905234739184,0.1032639496028423,0.0022257457952946,0.0042890244629234,0.0,0.0009418422472663,0.0,0.7777166485786438,3.981348636443724e-05,0.0009207363124839955,0.002587173851587031,0.09827301318714607,0.00222327249240441,0.004279852813103344,0.0,0.0009413989921526937,0.0,0.5753297591378653,3.981269382862467e-05
fe897738-b693-498b-8eb8-4626b9aa9327,ok,17760384.0,v1.14-1.15,0.0,0.0,0.0,True,0.0,0.0,0.3046840742230414,4.0,actuator_motors,none,14935326,9403915,6.1,,B,,0.0,4.0,True,10.008309953233688,200.65010395996228,1.9999430443570616,117.559149,110.53826299999994,,True,0.0,0.0067904864903539,0.0011220367625355,0.0033102553570643,0.0323459696024656,0.0500982400029896,0.0052016704343259,0.0057165701407939,0.0088660736568272,0.0058193444274365,0.0268846284598111,0.006767534979665218,0.001121407749760263,0.0033047885228890627,0.03183385274122775,0.048883721700398855,0.005188188478921573,0.005700292558870112,0.008827000804476055,0.0058024774475292735,0.026529586232690337
4c6d758d-6688-4c24-8f16-73341e599f3b,ok,17826240.0,v1.16+,0.0344827586206896,0.0,0.0,True,0.0,0.0,0.3537606552243232,4.0,actuator_motors,none,3115121,2540037,5.0,,C,,0.0,4.0,True,10.014594650635823,20.014761931611563,2.0000116812276456,69.124326,64.772828,,True,0.0,0.0047359424643218,0.0033276558620855,0.0019809732446447,0.0250185256823897,0.0253479255363344,0.0261666122823953,0.0597435615956783,0.0296559719368815,0.0212065074592828,0.0,0.004724763171239965,0.00332213146744757,0.0019790137045842316,0.02471068626351944,0.025031994541444898,0.02583012370351331,0.058026955832935746,0.029224738620235453,0.020984778730030067,0.0
cc20e732-0387-42e4-899f-8a4e98c47d10,ok,17761023.0,v1.14-1.15,0.0,0.0,0.0,True,0.0,0.0,0.180444660782814,4.0,actuator_motors,none,41187145,23441970,21.7,,C,,0.0,4.0,True,9.983447740184824,221.39665843767307,1.9944997693615487,364.360162,255.224433,,True,0.0,0.0439686402678489,0.0049636606127023,0.0030899844132363,0.0045237840386107,0.0031374878017231,0.0122863240540027,0.0039541969308629,0.0516944877803325,0.0179655689746141,0.0,0.04302945095167949,0.004951382262975273,0.003085220223058556,0.004513582482450836,0.0031325761576707282,0.01221145975555562,0.003946399642096893,0.050402661282922416,0.017806095331016677,0.0
198c332b-35a7-4abd-af7d-a36a21c2557b,ok,17826559.0,v1.16+,0.0,0.0,0.0,True,0.001063829787234,0.1025029999999986,0.2191928043961523,4.0,actuator_motors,none,14819457,9613443,4.9,,C,,0.0,4.0,True,10.002642161976787,20.00264104638467,2.0000533259251005,378.182526,376.039615,,True,0.0,0.0101462451275438,0.0,0.0,0.0,0.0,0.0,0.0,0.0175813287496566,0.0,0.9364757537841796,0.010095117527055693,0.0,0.0,0.0,0.0,0.0,0.0,0.017428565115475234,0.0,0.6608696992561137
7cd73314-f736-4e83-859f-659558db07aa,ok,16777471.0,v1.12-1.13,0.0,0.0,0.0,True,0.0,0.0,0.4885335430502891,4.0,actuator_motors,none,31535878,13728933,7.7,,C,,0.0,4.0,True,9.968000360483142,168.2718476534691,1.9999783494407253,63.655593,61.49039099999999,,True,0.0,0.0007274406671058,0.0,0.0,0.0,0.0,0.0,0.0,0.2668199449777595,0.1746826469898224,0.0,0.0007271762103869966,0.0,0.0,0.0,0.0,0.0,0.0,0.23650977993617664,0.16099802344764302,0.0
ebab304c-8373-4b27-a946-30453b279b2d,ok,17761535.0,v1.14-1.15,0.02734375,0.0,0.0,True,0.0,0.0,0.2861600026488304,4.0,actuator_motors,none,5272192,3722661,7.5,,C,,0.0,4.0,True,10.0078876082453,20.0071814675058,2.0000050039340884,127.592369,122.08894,,True,0.0,0.0525119295343756,0.0335444500669837,0.0200781994499266,0.0107963532209396,0.0038501275121234,0.6586925089359283,0.0341693516820669,0.0054106954485177,0.0023687763605266,0.0,0.051179620984630886,0.03299410847169261,0.019879290484861388,0.010738488710731879,0.003842734740526797,0.5060296467936585,0.03359854573334841,0.005396110223054542,0.002365975232428764,0.0
57d569c7-c5dc-4c15-9620-37a2f1ec5bf1,ok,17760768.0,v1.14-1.15,0.0,0.0,0.0,True,0.0,0.0,0.0828125923871994,4.0,actuator_motors,none,8580940,4664431,8.2,,A,,0.0,4.0,True,9.913767581891056,168.7766448115085,1.9709460238026224,69.680058,68.14344400000002,,True,0.0,0.0882338568568228,0.0,0.0,0.0,0.0,0.0,0.0,0.0021468766033649,0.0,0.0064350792206823,0.08455606730102806,0.0,0.0,0.0,0.0,0.0,0.0,0.0021445753568627947,0.0,0.006414462497955331
5069b6cf-11b4-4ada-8034-d2c0b4a322f7,ok,17761280.0,v1.14-1.15,0.0,0.0,0.0,True,0.0,0.0,0.2070283591747284,4.0,actuator_motors,none,30064944,18737786,9.2,,B,,0.0,4.0,True,10.003328839744354,199.42916563438536,2.0000443313237244,279.136877,269.3235120000001,,True,0.0,0.0019778529298491,0.0019878515042364,0.0023707542219199,0.0072647684020921,0.0052315331296995,0.0008362792723346,0.005760505865328,0.0718108665198086,0.0527080424129962,5.355027461051938,0.0019758995539790928,0.001985878341904714,0.002367948417835774,0.007238507083685691,0.0052178962009417395,0.0008359297856560025,0.005743977595170226,0.06934961659766815,0.051365932041718645,1.8492462258046913
886cac0b-4906-4d15-ad78-baa8a1a64eaa,ok,17891583.0,v1.16+,0.0,0.0,0.0140485312899106,True,0.0131458683607722,1.567500999999993,0.2947495579719543,4.0,actuator_motors,none,48382717,25639634,12.4,,C,,0.0,4.0,True,10.003192232767317,199.99380092072303,2.0000000384000005,312.562681,310.1897609999997,,True,0.0,0.0230091824196279,0.02345015341416,0.0851239971816539,0.0104390368796885,0.0187522671185433,0.0024116360582411,0.0070079646538943,0.0521215014159679,0.0110019587446004,0.0,0.02274846290147142,0.023179422846421834,0.08169426357933668,0.010384926382738458,0.01857861096289437,0.0024087327309114228,0.006983522994019177,0.05080860328896493,0.010941877469296712,0.0
ad3730a4-af72-475f-bdaa-c489926615ff,ok,17761535.0,v1.14-1.15,0.0,0.0,0.0,True,0.0,0.0,0.1200964674353599,4.0,actuator_motors,none,3592779,2559133,2.6,,C,,0.0,4.0,True,10.010531035915392,20.01036222665824,2.0000028817245825,93.340772,89.54397199999997,,True,0.0,0.004346733726561,0.0,0.0,0.0,0.0,0.0,0.0,0.0,0.0,0.003577327216044,0.004337313966444053,0.0,0.0,0.0,0.0,0.0,0.0,0.0,0.0,0.0035709438002204026
0cfab7c8-f38d-4315-a6f1-c133f66b56be,ok,17760256.0,v1.14-1.15,0.0245183887915936,0.0,0.0,True,0.0,0.0,0.3015349864959716,4.0,actuator_motors,none,11617759,7250679,3.4,,B,,0.0,4.0,True,10.003574814101023,20.00364245115708,2.0000217225557915,284.795689,279.6613489999999,,True,0.0,0.0047532913507893,0.0001637533561734,0.0017211949743796,0.003067560493946,0.0040526129771023,0.0055239198030903,0.0238916589878499,0.0158385180868207,0.0128873694688081,0.0,0.004742030132591128,0.00016373995005608216,0.0017197154158055845,0.0030628651300119917,0.004044423260176868,0.005508718911406232,0.02361071925023616,0.015714397633241606,0.012805033960449706,0.0
9ce5d759-53b5-4520-9074-cffb20819e71,ok,17761280.0,v1.14-1.15,0.0,0.0,0.0,True,0.0,0.0,0.3925957500934594,4.0,actuator_motors,none,2239652,1681483,2.3,,C,,0.0,4.0,True,10.014507249718886,20.01521409628458,2.0001301844734467,62.911725,56.51280199999999,,True,0.0,0.0013599759840872,0.0001994609810935,0.0001236029656865,0.001176124671474,0.0013973307795822,0.0012510514934547,0.0028644150588661,0.0069060416426509,0.4486882016062736,0.0,0.001359052054335202,0.00019944109139677894,0.00012359532746933447,0.0011754335786736943,0.0013963554214213466,0.0012502695806092745,0.002860320439314384,0.006882304162418865,0.37065845840741646,0.0
3143275f-8f58-4619-ac11-30df1be2895d,ok,17825984.0,v1.16+,0.0,0.0,0.0,True,0.0236111111111111,1.297665,0.242809265851974,4.0,actuator_motors,none,3272789,2537480,3.1,,B,,0.0,4.0,True,9.908308383843432,19.81741296273008,1.9738925600804864,76.60297,72.79961700000003,,True,0.0,0.0111158895306289,0.0,0.0,0.0,0.0,0.0,0.0,0.0425114836543798,0.0407552607357502,0.0,0.011054562084831097,0.0,0.0,0.0,0.0,0.0,0.0,0.04163269012595729,0.03994666183467669,0.0
b5727847-0625-4c37-8567-75be43eccbd3,ok,17760384.0,v1.14-1.15,0.0,0.0,0.0,True,0.0,0.0,0.1342889487743377,4.0,actuator_motors,none,11907470,7428981,10.9,,C,,0.0,4.0,True,9.937023143824206,192.62105351911345,1.9816730512899887,110.419187,101.83776799999998,,True,0.0,0.0088046004995703,0.001872635341715,0.001542938593775,0.0059255935717374,0.0051031766925007,0.0008718891767784,0.0016928430530242,0.0324850030243396,0.0416010050103066,0.0,0.008766066026503306,0.0018708841460465845,0.001541749487011591,0.0059081062898271065,0.0050901996171379684,0.0008715093021997618,0.001691411809242851,0.0319685208316693,0.040758957343348376,0.0
24bd8054-c9fe-4329-ab73-50dcdd575f77,ok,17695488.0,v1.14-1.15,0.0,0.0,0.0,True,0.0,0.0,0.3062676489353179,4.0,actuator_motors,none,2850738,2037398,2.5,,C,,0.0,4.0,True,9.99972776498715,19.999549677411377,1.9999740978964395,82.024962,71.35035999999998,,True,0.0,0.0053970194421708,0.0015814510639756,0.0,0.0223707493394613,0.0,0.1382778465747831,0.0141653025522827,0.0067963455803692,0.0128909088205546,0.0,0.005382507722680353,0.0015802018870763972,0.0,0.02212419443086876,0.0,0.12951645930845318,0.014065912151154764,0.00677335453501987,0.012808528273508974,0.0
7477fbd8-acb6-4c40-93a0-d9c27427899a,ok,17761280.0,v1.14-1.15,0.0,0.0,0.0,True,0.0,0.0,0.1062736883759498,4.0,actuator_motors,none,40949019,15948678,9.6,,B,,0.0,4.0,True,9.472290266013308,189.40694624581263,1.9066704037406577,75.448539,69.18000499999998,,True,0.0,0.0014138858648948,0.0,0.0,0.0,0.0,0.0,0.0,1.5229618747980564e-05,0.0,0.0002078566103591,0.0014128872694311792,0.0,0.0,0.0,0.0,0.0,0.0,1.5229502778514405e-05,0.0,0.00020783501116683644
d404cfa8-ee96-4651-80a9-d4c74b66ce2e,ok,17695488.0,v1.14-1.15,0.0655270655270655,0.0,0.0,True,0.0683810637054354,11.701189,0.9999999393106098,4.0,actuator_motors,none,8273097,5371842,3.3,,C,,0.0,4.0,True,9.865396507615984,19.725278012738908,1.9718101593086097,178.136931,173.5534980000001,,True,0.0,0.005381385772489,0.002614558651112,0.0,0.0199998542666435,0.0,0.0027695572935044,0.0114425746724009,1.8500478804111515,,0.0,0.005366957854388977,0.0026111466386191484,0.0,0.0198024844203298,0.0,0.0027657291362750045,0.011377603569559386,1.047335794283702,,0.0
9bf58a70-9650-4ccd-b99c-3a7a43ed48b4,ok,17695744.0,v1.14-1.15,0.1518987341772152,0.0,0.0,True,0.725705329153605,9.300667000000004,1.0,4.0,actuator_motors,none,2902563,2065520,2.8,,B,,0.0,4.0,True,10.021419648738284,20.02031650749144,2.015072851689464,78.27795,63.758995,,True,0.0,0.0001141124761488,0.0552194422110913,0.0,0.5148623466491691,0.0,8235.118017578125,0.0069007811835035,0.0,6.76838681101799e-05,0.0,0.00011410596581546239,0.05374874739441428,0.0,0.4153245745357074,0.0,9.016284397522687,0.006877079769405806,0.0,6.768157766052913e-05,0.0
b2a255e0-924d-478a-bf67-93938cfe3da1,ok,17761535.0,v1.14-1.15,0.375,0.0,0.0,True,0.0,0.0,0.3234980076551437,4.0,actuator_motors,none,6053972,3994007,3.5,,A,,0.0,4.0,True,10.006687220964842,20.00583175704421,2.0000010573254,157.362841,147.77347600000004,,True,0.0,0.0019929948728531,0.0126579044386744,0.0047973967622965,0.0193014163523912,0.0103701178915798,0.0225245006382465,0.0076544560026377,0.0496600890532135,0.0427481090649961,0.0,0.001991011493377703,0.012578462840000089,0.004785925926586447,0.019117506725642358,0.01031671708353502,0.02227457015214505,0.007625309294597496,0.04846638704805115,0.04185964068161772,0.0
d8344a60-31e3-4d97-97d9-bc3e43af9781,ok,17826559.0,v1.16+,0.0,0.0,0.0,False,0.0058275058275058,0.5001669999999976,0.235419875383377,4.0,actuator_motors,none,3670016,2799076,2.9,,A,,0.0,4.0,True,10.011111649019696,20.01084649522124,1.999873479268622,87.296456,85.48191199999998,,True,0.0,0.0005433448648545,0.0,0.0,0.0,0.0,0.0,0.0,0.0016331673134118,5.517050600051874,0.0011363199795596,0.0005431973064810551,0.0,0.0,0.0,0.0,0.0,0.0,0.001631835145912717,1.874421911636792,0.0011356748566760586
81b91c81-7238-42e1-8b8d-79d7021d5023,ok,17695743.0,v1.14-1.15,0.0,0.0,0.0,True,0.0,0.0,0.232407921552658,4.0,actuator_motors,none,2647906,2039201,2.9,,C,,0.0,4.0,True,10.014395732441638,20.01475042354653,1.9999572509137613,64.612064,59.056771000000005,,True,0.0,0.0045461894012987,0.0391900688409805,0.0,0.015333979204297,0.0,0.9432914137840268,0.0045148872770369,0.0245125267654657,,0.0,0.004535886695828299,0.038441629786037206,0.0,0.015217601921825159,0.0,0.6643831405100192,0.004504725747435345,0.02421691582115385,,0.0
fc6bb66d-ed86-454a-99d3-6520ea1fce05,ok,17695743.0,v1.14-1.15,0.0,0.0,0.0,True,0.0,0.0,0.0817872375249863,4.0,actuator_motors,none,16800729,12005736,9.5,,B,,0.0,4.0,True,10.003528436595628,20.00352927017485,2.0000722374844777,281.2767,272.34023900000017,,True,0.0,0.0079350799322128,0.0031821432057768,0.0,0.0099721765145659,0.0,0.035902689769864,0.0042367046698927,0.0027511593420058,0.0054843191755935,0.0,0.00790376274594284,0.0031770909033482647,0.0,0.009922782468334517,0.0,0.03527321063213837,0.0042277551055324054,0.0027473818299156064,0.0054693350573430275,0.0
52b9cddd-9200-4333-b9e1-edb56cd34158,ok,17695488.0,v1.14-1.15,0.4503816793893129,0.0,0.0817790530846484,True,0.000841852074564,1.0983699999999317,0.4630625471472739,4.0,actuator_motors,none,89217341,43866807,22.5,,A,,0.0,4.0,True,10.000603545930728,20.00055053980228,1.999997260769302,1672.591514,1662.9246040000032,,True,0.0,0.0126698555424809,0.0165818437933921,0.0,0.0167835790663957,0.0,0.0068800894543528,0.0082329479977488,0.0252206645905971,0.0273925069719552,0.0,0.012590264489138352,0.01644586613617133,0.0,0.016644291142712233,0.0,0.006856529639594637,0.008199242153985055,0.02490787194782533,0.027024045829919872,0.0
730ec94c-abaa-48bb-bebf-743eb43eb3ba,ok,17891392.0,v1.16+,0.0,0.0132743362831858,0.0,True,0.0,0.0,0.3145506814122199,4.0,actuator_motors,none,26077205,16872799,11.9,,C,,0.0,4.0,True,9.904442099150623,19.80696461675945,1.98085056407296,574.779532,565.9446429999998,,True,0.0,0.0042559627909213,0.0002363930965657,0.0002055784279946,0.0070430427324026,0.0060908493585884,0.002912624599412,0.0057358337100595,0.004940259642899,0.0014151786454021,0.0,0.004246931795934305,0.00023636516012021656,0.00020555729964521062,0.007018356350655331,0.006072375113576805,0.0029083911267357506,0.005719446449093227,0.004928096602831497,0.0014141782238418256,0.0
2ce3b0b8-ba0c-4db0-a4a3-2180314b2696,ok,17629695.0,v1.12-1.13,0.0,0.0,0.0,True,0.0,0.0,0.3317650929093361,4.0,actuator_motors,none,51432289,34623463,12.9,,C,,0.0,4.0,True,10.002360763108912,285.65526035803055,2.000052021971664,388.159948,383.0476220000002,,True,0.0,0.0009281439124606,0.0057707146741449,0.0,0.0153030663728713,0.0,0.0006336185033433,0.0059202140197157,0.0224156320095061,0.0,0.0014834492467343,0.0009277134532309659,0.005754127881392728,0.0,0.015187155484835922,0.0,0.0006334178518925845,0.005902758412766733,0.02216809404841453,0.0,0.001482350022861418
e644499b-6db1-4e86-856a-2c8b3c402220,ok,17891583.0,v1.16+,0.0,0.0,0.0,True,0.3238566131025958,1.5001549999999997,0.6177445173263545,4.0,actuator_motors,none,3438045,2490115,2.6,,C,,0.0,4.0,True,10.010080666034844,20.01195594295856,2.0000592201442657,87.074302,80.95779900000001,,True,0.0,0.0,0.0,0.0,0.0,0.0,0.0,0.0,0.0,0.0,0.0066040156874805,0.0,0.0,0.0,0.0,0.0,0.0,0.0,0.0,0.0,0.006582304709884652
3dbf1e2a-1b73-4420-9cd3-24be7db3554a,ok,17761535.0,v1.14-1.15,0.0,0.0,0.0,True,0.0,0.0,0.0774389833211898,4.0,actuator_motors,none,14617200,9016762,9.3,,B,,0.0,4.0,True,9.970188090377516,19.948829493500963,1.9973099272910904,372.167264,363.12682299999983,,True,0.0,0.0101338075008243,0.0,0.0,0.0,0.0,0.0,0.0,57.25367660522464,14.310044431686402,0.0027926709270104,0.010082804752197102,0.0,0.0,0.0,0.0,0.0,0.0,4.064807208140232,2.728509111800352,0.002788778666408539
1040a322-9fbf-4620-8e8c-f40026d3232a,ok,17760768.0,v1.14-1.15,0.0,0.0,0.0,True,0.0,0.0,0.1423230051994324,4.0,actuator_motors,none,3376316,2611025,2.9,,C,,0.0,4.0,True,10.013068623180189,20.013072680251216,2.0000013684219886,76.073018,71.810051,,True,0.0,0.0015622155508026,0.0005338807939551,0.0123073380440473,0.0044259500689804,0.0169806487858295,0.0024633929599076,0.0169379070401191,0.1650408565998078,0.0171775668859481,0.0,0.001560996561473268,0.0005337383303075046,0.012232218479084943,0.0044161843564085234,0.016838089142845913,0.0024603637811553324,0.016796060178024028,0.1527561564454778,0.01703170053375603,0.0
c20a8ea0-1087-44df-a647-4c1c73533593,ok,17695743.0,v1.14-1.15,0.0,0.0,0.0,True,0.0,0.0,0.1948601096868515,4.0,actuator_motors,none,26582210,18652194,10.2,,C,,0.0,4.0,True,10.002229463071677,20.00222694134041,1.9999996875000488,448.390194,443.0299549999995,,True,0.0,0.001252988516353,0.0001418469444615,0.0,0.0008575159939937,0.0,0.0021102886646986,0.0038996915332972,0.0026658109854906,0.0617985675111412,0.0,0.0012522041813487477,0.0001418368851349187,0.0,0.0008571485372054334,0.0,0.0021080651332204404,0.0038921074469404214,0.002662264013691291,0.05996423205288791,0.0
6e9df7ff-fffb-4bed-b87c-aa37fef50db8,ok,16842880.0,v1.12-1.13,0.0,0.0,0.0,True,0.0,0.0,0.3472642004489898,4.0,actuator_motors,none,9689432,6014279,5.8,,B,,0.0,4.0,True,10.010496165974423,201.2297913003921,2.000006122923773,89.835447,84.47071199999999,,True,0.0,0.0091733262874186,0.0,0.0,0.0,0.0,0.0,0.0,0.0001966758114576,,0.0004536324209766,0.009131506883964918,0.0,0.0,0.0,0.0,0.0,0.0,0.0001966564733057167,,0.00045352956089585546
a4ac869f-6f57-4ac3-91ec-63b1997596b8,ok,17826240.0,v1.16+,0.0,0.0,0.0,True,0.6753393665158371,29.900577,1.0,4.0,actuator_motors,none,3941946,2772171,3.2,,A,,0.0,4.0,True,10.01013082911442,20.009029383290528,1.9999221377464087,96.750816,88.38193600000002,,True,0.0,0.0036926281522028,0.0,0.0,0.0,0.0,0.0,0.0,0.0458522895351052,0.0,0.0031896003289148,0.003685827138136414,0.0,0.0,0.0,0.0,0.0,0.0,0.044832141077421984,0.0,0.0031845243444960122
d5c5967c-378a-4740-8885-4b6f97329e54,ok,17826047.0,v1.16+,0.0,0.0,0.0,True,0.0,0.0,0.1532414257526397,4.0,actuator_motors,none,111945329,41181691,22.6,,B,,0.0,4.0,True,10.004084483946306,199.8979624473137,2.0000006625769067,244.66754,238.889997,,True,0.0,0.0055982721503823,0.0072047839872538,0.0103600695263594,0.010762180481106,0.0165960690937936,0.0055857729865238,0.0040891325799748,0.0064972213469445,0.0037625376367941,0.0,0.005582660064881003,0.00717895352549477,0.01030677180208869,0.010704680399701403,0.016459859304512933,0.00557023040794445,0.004080794799145492,0.006476205385447789,0.0037554769971329754,0.0
007b1dc9-f39b-45c1-80e3-4189a9e9296e,ok,17761535.0,v1.14-1.15,0.0,0.5606936416184971,0.117096018735363,True,0.0359801488833746,1.900551,0.2768341451883316,4.0,actuator_motors,none,4030897,3186519,3.3,,B,,0.0,4.0,True,10.011255024207673,20.01038589553321,2.000124362762153,85.074429,80.63005499999996,,True,0.0,0.0209705487824976,0.0005210321891354,0.0005373543710447,0.0036773778148926,0.001906249532476,0.0389537680894135,0.0607143094763157,1.122749310731887,13.233953905105563,23.673791027069083,0.020753693303706203,0.0005208964989949171,0.0005372100478841325,0.003670632792036631,0.0019044349445083257,0.03821421458177064,0.05894255803536355,0.7527120931920126,2.6556302305063424,3.205741588255747
433f67a4-17ad-4845-81ce-835e43193268,ok,16779520.0,v1.12-1.13,0.0,0.0,0.0,True,0.0,0.0,0.207602858543396,4.0,actuator_motors,none,6290166,3626866,3.7,,C,,0.0,4.0,True,10.014028194875063,20.014025806845044,2.0000007092201093,70.877761,65.14015000000002,,True,0.0,0.001678609609371,0.0,0.0,0.0,0.0,0.0,0.0,1.9335235174366963e-05,0.0,8.43587627059605e-06,0.0016772023189014329,0.0,0.0,0.0,0.0,0.0,0.0,1.9335048251116803e-05,0.0,8.435840688791932e-06
a6cb104b-3160-4d4d-9e71-90582fc91269,ok,17694976.0,v1.14-1.15,0.0,0.0,0.0,True,0.0028328611898017,0.1001060000000109,0.1802805006504058,4.0,actuator_motors,none,6163687,4090834,3.5,,C,,0.0,4.0,True,9.882163257300736,19.76432257969875,1.9818814939233604,110.0853,107.278738,,True,0.0,0.0108509133569896,0.0,0.0,0.0,0.0,0.0,0.0,0.0003407958109164,,0.013931775651872,0.01079246463122527,0.0,0.0,0.0,0.0,0.0,0.0,0.0003407377532142042,,0.013835620510826025
59f82431-e77b-4190-9f28-063595e00538,ok,17761280.0,v1.14-1.15,0.0,0.0,0.0,True,0.0004432624113475,0.029091000000001,0.2938155680894851,4.0,actuator_motors,none,14492588,9279057,15.9,,C,,0.0,4.0,True,10.007139522319395,197.46940171239007,1.9999357764984853,133.611191,128.64326000000003,,True,0.0,0.0179216179996728,0.0066346039529889,0.0068040919490158,0.0075946677010506,0.0126938072964549,0.0324438650161027,0.0059357228223234,2.163318192958828,8.162877988815298,64.35991973876953,0.017762919092933028,0.006612691833608929,0.006781048582460724,0.007565973403167099,0.012613916294900033,0.03192867635191114,0.005918175821462856,1.1516215377332617,2.215160320257109,4.1799092225639916
1d0cded3-fdd2-4579-8823-8fd7590462c5,ok,17761280.0,v1.14-1.15,0.0,0.0,0.0,True,0.0,0.0,0.1823315523564814,4.0,actuator_motors,none,38318679,24007198,17.0,,C,,0.0,4.0,True,10.002802725912858,217.80624501907133,1.9999967246003567,339.670651,332.50840700000003,,True,0.0,0.0090873200446367,0.0555183390155434,0.0378098979592323,0.0138043571729212,0.0180096823722124,0.0295962874777614,0.0077475462341681,0.0133560840040444,0.0048676110105589,0.0,0.009046278801070602,0.05403196287395746,0.03711262534987567,0.013709944909295956,0.01784942925423212,0.02916677150244894,0.007717688116781144,0.013267677817774187,0.0048558024960837515,0.0
ed8cba58-a98e-4eeb-b205-ad8339c0e5db,ok,17760768.0,v1.14-1.15,0.0,0.0,0.0,True,0.0,0.0,0.1135411858558655,4.0,actuator_motors,none,54672322,15146366,16.7,,A,,0.0,4.0,True,7.37044405282941,145.8840563810929,1.5486129285804509,144.697861,135.698962,,True,0.0,0.0021875682403333,0.0,0.0,0.0682707365602254,0.2480098038911818,290.0596618652344,0.1791722349822519,0.0167368748690932,0.0020328924641944,0.0180636064149439,0.002185178996718082,0.0,0.0,0.06604120706454533,0.2215501255984169,5.673528269748899,0.16481269653652925,0.016598356815156954,0.0020308289344583546,0.01790239791998799
cf699e47-890c-4d83-be5f-409d94ab2f78,ok,17891583.0,v1.16+,0.0,0.0,0.0,True,0.0,0.0,0.4718053021933883,4.0,actuator_motors,none,4235083,3153352,3.5,,A,,0.0,4.0,True,10.010637232910932,20.010642129697427,1.999958610482232,93.875131,91.384102,,True,0.0,0.0015985388599801,1.5264273285865784,0.0733203392475843,0.0,0.0,0.0,0.0,0.0959371849894523,0.0292172918096184,0.0,0.001597262556702558,0.9268061816656822,0.07075696452385498,0.0,0.0,0.0,0.0,0.09160987391754481,0.028798602498478022,0.0
65a5d9e5-9001-40c4-81ae-646821d18f50,ok,17826047.0,v1.16+,0.0,0.0,0.0,True,0.0,0.0,0.1280075550079345,4.0,actuator_motors,none,6831339,4323239,4.7,,A,,0.0,4.0,True,10.006934583906324,20.006231719504928,2.000000152777789,144.21352,138.350024,,True,0.0,0.0026391475461423,0.0,0.0,0.0,0.0,0.0,0.0,5.468528652191157,1.2093374013900742,0.0,0.002635671111463198,0.0,0.0,0.0,0.0,0.0,0.0,1.8669486718614345,0.7926926521996146,0.0
085f7a67-269d-4f54-84cd-e94b36de7c3f,ok,17629952.0,v1.12-1.13,0.0,0.0,0.0,True,0.0033277870216306,0.102967999999997,0.6821347549557686,4.0,actuator_motors,none,2297214,1626987,3.0,,C,,0.0,4.0,True,10.015570595094982,20.01497538141952,2.000254634041137,62.074158,60.27332199999999,,True,0.0,0.0099142246413975,0.0178044646978378,0.0,0.0,0.0,0.0,0.0,0.0012632778845727,0.0680251087993383,0.0,0.00986540114911663,0.017647821779045794,0.0,0.0,0.0,0.0,0.0,0.0012624806204393358,0.06581125037338474,0.0
9f74da2d-291a-44c9-903a-c5495eb15101,ok,17629952.0,v1.12-1.13,0.122257053291536,0.0,0.0,True,0.0,0.0,0.1740007683634756,4.0,actuator_motors,none,6804243,4361757,4.7,,C,,0.0,4.0,True,10.006302722268028,20.00641703018106,1.999965730994716,160.016727,157.8052619999999,,True,0.0,0.0004465241436264,0.0009328122687293,0.0,0.0019480775576084,0.0,0.0,0.000448323614546,0.0007148944307118,0.0,0.0,0.0004464244813876062,0.0009323774697345036,0.0,0.0019461825152503728,0.0,0.0,0.00044822314754101915,0.0007146390154110034,0.0,0.0
aefa5299-8f4c-4e41-aed1-ebff49c05208,ok,17826559.0,v1.16+,0.0,0.0,0.0,True,0.0075757575757575,0.1083650000000062,0.4714339151978492,4.0,actuator_motors,none,5807474,4101413,4.4,,B,,0.0,4.0,True,10.007343327084817,20.006493515281,1.9999624418817896,136.346721,132.02022399999996,,True,0.0,0.0091425484046339,0.0049706550315022,0.0043729455210268,0.0274371195584535,0.0201206877827644,0.0155879668891429,0.0130973871797323,0.0464845076203345,0.0160446409136056,0.0,0.009101008305250837,0.0049583421111110935,0.004363411977767471,0.02706746800558768,0.019920941652411598,0.015467722500470325,0.013012358039258563,0.045436458800390205,0.015917286098140707,0.0
0f45bb8e-713a-4bc6-9fd3-47f598c7e461,ok,17695743.0,v1.14-1.15,0.0,0.0,0.0,True,0.0,0.0,0.3453260838985442,4.0,actuator_motors,none,3902979,2933899,24.0,,C,,0.0,4.0,True,10.00957529742738,20.01021622118544,2.00014188240502,94.135303,86.935693,,True,0.0,0.0079134054481983,0.0067404380999505,0.0,0.0042110257782042,0.0,0.0120324306190013,0.0091059412807226,0.073045240342617,,0.0,0.007882258665479923,0.0067178229143549815,0.0,0.004202184221809014,0.0,0.01196061641801641,0.009064732173642264,0.0705006252412187,,0.0
c8b3aec5-645b-41e2-96a3-b38a4b6f6095,ok,17695744.0,v1.14-1.15,0.1493506493506493,0.0,0.0,True,0.5949764521193093,3.298082000000001,1.0,4.0,actuator_motors,none,2873019,2049580,2.8,,C,,0.0,4.0,True,10.02233298565286,20.0223981536302,2.021775938024996,76.28695,63.70143299999998,,True,0.0,0.0003601015065214,0.0325007773935793,0.0,0.2412226662039747,0.0,8309.988818359374,0.0100240587256848,0.0,0.0051610865630209,0.0,0.0003600366855348569,0.03198379877633081,0.0,0.21609691494965938,0.0,9.025333872149567,0.00997415108994399,0.0,0.005147813804083159,0.0
d8b7b132-d6d8-4e0e-9918-c5d367781f26,ok,17826047.0,v1.16+,0.0,0.0,0.0,False,0.0,0.0,0.2261624783277511,4.0,actuator_motors,none,2653440,2136639,3.3,,B,,0.0,4.0,True,10.014916733882371,20.01528754416024,1.9999640982054567,61.491126,57.102597,,True,0.0,0.001158575649606,0.0,0.0,0.0,0.0,0.0,0.0,0.3339317172765731,1.0428253412246704,0.0040014540543779,0.0011579050187724598,0.0,0.0,0.0,0.0,0.0,0.0,0.2881307597340155,0.7143338208566988,0.003993469529821294
7bb78d27-b828-425b-8a3e-0f25196679b7,ok,17695488.0,v1.14-1.15,0.0,0.0,0.0,True,0.0,0.0,0.1591635420918461,4.0,actuator_motors,none,8552566,5327738,3.8,,B,,0.0,4.0,True,10.011989266128104,170.76159184603875,1.9999975853687688,82.147947,79.58594600000002,,True,0.0,0.0498605012893676,0.0,0.0,0.0,0.0,0.0,0.0,0.0003381929243914,0.0,0.0114767393097281,0.0486572994284152,0.0,0.0,0.0,0.0,0.0,0.0,0.00033813575005461996,0.0,0.011411381127660006
b2f69f88-4989-41c3-a9be-a4b3e47fb333,ok,17891392.0,v1.16+,0.063049853372434,0.0,0.0,True,0.0085256863159274,1.601823999999965,0.1853203684091567,4.0,actuator_motors,none,175237328,79741127,48.5,,B,,0.0,4.0,True,9.999925955409376,201.33394400366623,2.000008683105716,690.238003,689.1085739999993,,True,0.0,0.0041960143949836,0.0025869117118418,0.0047939154785126,0.001694771752227,0.0029813974630087,0.0062505836598575,0.0016163615160621,0.0309973198920488,0.0212991718202829,0.0,0.004187235675104473,0.002583571415200877,0.004782461258160884,0.001693337247124714,0.0029769619115002787,0.006231129785108848,0.0016150566097311418,0.030526605508698033,0.02107551469419773,0.0
98ca96e8-1dbc-4152-ba74-4603b546d2f5,ok,17891583.0,v1.16+,0.0,0.0,0.0,True,0.0,0.0,0.1319123923778534,4.0,actuator_motors,none,8362801,5565889,5.1,,A,,0.0,4.0,True,9.999998476454524,199.8062005744923,1.9999923356937064,72.028057,65.639955,,True,0.0,0.004017237201333,0.0021951865288428,0.0005128831136971,0.0024287350941449,0.0017420635966118,0.0023442069184966,0.003701521269977,0.0118872536346316,0.010141717782244,0.0,0.004009189649384079,0.0021927806271865246,0.0005127516341067957,0.002425790483887921,0.001740547963788361,0.002341463551967611,0.0036946874984964536,0.01181715520683477,0.01009063564587546,0.0
03d7391c-2e65-4dc6-82a3-a791023f8657,ok,16777984.0,v1.12-1.13,0.0,0.0,0.0,True,0.0,0.0,0.1407868176698684,4.0,actuator_motors,none,14909786,8829960,5.3,,C,,0.0,4.0,True,10.003189920295885,20.00287306455537,1.999998479234383,313.251518,307.429769,,True,0.0,0.0011150429956614,0.0001773293435689,0.0005024782236432,0.0005005034559871,0.0004034894518554,0.0052551934961229,0.0076102462131529,0.0422508496791122,0.0073666234500706,0.0030902444850653,0.0011144217969529429,0.00017731362257935573,0.00050235202373395,0.0005003782459093482,0.00040340807187642686,0.005241433154567094,0.007581434373905158,0.04138265301385279,0.007339622402822699,0.0030854794937115646
251da81a-b68a-420c-9585-4c54a1ec111c,ok,17760256.0,v1.14-1.15,0.0,0.0,0.0,True,0.6309586170770036,56.799634,1.0,4.0,actuator_motors,none,15322336,9499725,5.9,,B,,0.0,4.0,True,10.00244147070462,20.00228741169336,1.999985236093342,383.826429,381.8071010000001,,True,0.0,0.0023405751446261,0.0017578364931978,0.0012882154143881,0.0056379730347543,0.0063057237071916,0.0154335311148315,0.0058105571428313,0.015667157806456,0.0040957107907161,0.0,0.0023378402652514158,0.0017562933068109572,0.0012873863768207686,0.0056221391509129895,0.006285925814562587,0.015315645553219086,0.00579374096513915,0.015545694899299438,0.0040873461987968145,0.0
ee8f51f1-b949-478f-9aea-9331dbfe365d,ok,17760767.0,v1.14-1.15,0.0,0.0,0.0,True,0.0249445676274944,0.3016559999999799,0.8958600071941525,4.0,actuator_motors,none,12958658,8148320,5.1,,A,,0.0,4.0,True,10.002846079507176,20.00243564491507,2.000014674020706,368.606502,360.795216,,True,0.0,0.0067671312950551,0.0003232195042073,0.001456999219954,0.0101120695471763,0.0198231432586908,0.0041758337989449,0.012164238654077,0.0256282375194132,0.0083717142697423,0.0,0.006744337038773381,0.00032316728003629403,0.0014559388264605605,0.010061284645267739,0.019629223300507984,0.0041671392013787265,0.012090848857643265,0.02530533948798637,0.008336865828876784,0.0
7861d00d-3926-45ec-8529-bb855bf89f73,ok,17629696.0,v1.12-1.13,0.0,0.0,0.0,True,0.0,0.0,0.3761439613546867,4.0,actuator_motors,none,13429713,7991248,5.3,,B,,0.0,4.0,True,10.007043902310397,167.41410088719832,2.000003184620456,130.221122,124.89905099999996,,True,0.0,0.002501149661839,0.0048816311173141,0.0,0.0203243941068649,0.0,0.0,0.0129437427967786,0.0159749500453472,0.0225906986743211,0.0,0.0024980269927815007,0.004869754591660195,0.0,0.02012061017236865,0.0,0.0,0.012860688479371581,0.01584869338516117,0.022339307860925438,0.0
f0220092-c33a-4b65-8746-697b1ed43af6,ok,17761023.0,v1.14-1.15,0.0,0.0,0.0,True,0.0,0.0,0.317098818719387,4.0,actuator_motors,none,3226770,2616955,2.7,,C,,0.0,4.0,True,10.013376480602712,20.013364331514083,1.9997308818547448,74.850498,70.12971999999996,,True,0.0,0.001586114114616,0.0035599470604211,0.0019405340484809,0.0086908062454312,0.0066994968336075,0.0107419958338141,0.0123885518405586,0.0253918761387467,0.0080999393016099,0.0,0.0015848575641365362,0.0035536254475137105,0.0019386536445498302,0.00865325857833829,0.006677154935501177,0.010684710470844403,0.012312441683923358,0.025074857709539777,0.008067310867073421,0.0
f836792a-412b-439a-928e-2735f510480a,ok,17694975.0,v1.14-1.15,0.2718676122931442,0.0567375886524822,0.05,True,0.0566516731411435,6.257988000000012,0.5286537721753117,4.0,actuator_motors,none,24257060,13722327,7.9,,B,,0.0,4.0,True,9.560954974788851,190.8344074744357,1.9228850619172844,220.9737,216.98252400000007,,True,0.0,0.002206070208922,0.0010988212656229,0.0,0.0923865944147108,0.0,0.3586922645568846,0.0188868809491395,0.229283347725868,3.0751903533935367,5.9168496227357335e-05,0.0022036404089220644,0.0010982180034137948,0.0,0.08836483886023198,0.0,0.3065226669640196,0.018710738215081978,0.20643135545596747,1.404917458091043,5.916674584092925e-05
93e952b8-9b67-483b-9e7f-833a437f2557,ok,17694912.0,v1.14-1.15,0.4950276243093923,0.0,0.0039525691699604,True,0.0,0.0,0.2766235649585723,4.0,actuator_motors,none,40635238,25403821,12.1,,C,,0.0,4.0,True,10.000129623990274,123.05257601998916,1.999975314590403,454.829646,451.7790540000002,,True,0.0,0.0054035852663218,0.0073184040375053,0.0,0.019945777952671,0.0,0.0141715789679437,0.0122157228179275,0.027982079423964,0.1243335008621215,2.2846825231681574e-05,0.0053890382798481296,0.007291754461266952,0.0,0.019749467013266516,0.0,0.014072100882147333,0.012141712988726804,0.027597734414065055,0.11719041641416872,2.2846564246945097e-05
24eb7822-b7f4-4b58-b357-ff020caf3cc1,ok,17760256.0,v1.14-1.15,0.0,0.0,0.0,True,0.0,0.0,0.1530283838510513,4.0,actuator_motors,none,2815488,2396429,1.8,,B,,0.0,4.0,True,10.014865836473753,20.01545269746144,2.000237834730929,62.114602,57.632497999999984,,True,0.0,0.0013037180295214,0.018031370639801,0.0069652852602303,0.002952365623787,0.0021271977340802,0.4036015212535856,0.0148436691612005,0.0028429499361664,0.009127396158874,0.0012212582631036,0.0013028689270844654,0.017870733606182528,0.006941139716413866,0.0029480159515109993,0.0021249384523722376,0.339041448549067,0.0147345801005337,0.002838916396954922,0.009085993221861224,0.001220513133832819
753d641e-5a00-449f-a2f2-1f3944ede1ef,ok,17761280.0,v1.14-1.15,0.0070532915360501,0.0,0.0,False,0.0,0.0,0.169459968805313,4.0,actuator_motors,none,71739745,44086891,19.2,,C,,0.0,4.0,True,9.988596036697686,219.7477446203501,2.000188163890895,643.03607,641.3032529999997,,True,0.0,0.009705342631787,0.0075945442542433,0.0026767420349642,0.0050342550501227,0.0038274561753496,0.0041020723991096,0.0060320544987916,0.022766747046262,0.0122600967064499,34.475829696655275,0.009658548320257053,0.007565850886823156,0.00267316594110239,0.005021625557159135,0.0038201501014801993,0.004093681838091681,0.006013934488801032,0.02251145221910986,0.012185550398985357,3.5688516109799435
835a80ed-b37a-4c7b-ad8f-f0e2261d7de5,ok,17761023.0,v1.14-1.15,0.0,0.0,0.0,True,0.0,0.0,0.2917844980955124,4.0,actuator_motors,none,5650980,4131984,2.8,,A,,0.0,4.0,True,9.874091926853346,19.735007070005555,1.970331399188632,136.089762,133.13993100000008,,True,0.0,0.046686035580933,0.0259085775353014,0.0416611371561884,0.017264681495726,0.0156263470649719,0.0127108007203787,0.0094278117176145,0.0710279408842324,0.022092140931636,0.0,0.045629016412932356,0.025578637062347122,0.040816686176106766,0.01711734033002003,0.015505512875981075,0.01263069657066018,0.009383647266483122,0.06861887971936478,0.0218516451849267,0.0
d5638ba5-cb4d-4397-b84d-92456841444f,ok,17761280.0,v1.14-1.15,0.0,0.0,0.0,True,0.0,0.0,0.151866029202938,4.0,actuator_motors,none,2740694,2346176,2.9,,C,,0.0,4.0,True,10.01530792512784,20.01589526352468,2.0002322564766004,61.164469,58.82971400000001,,True,0.0,0.0089104571379721,0.1111748576164245,0.0306636150926351,0.0946746893227099,0.0420567750930786,0.0098022568970918,0.0045608747284859,0.0,0.0,0.00021722738893,0.008870993268928573,0.10541788586690642,0.03020288127580863,0.09045723175274652,0.041196428500457676,0.009754526434329816,0.004550505456022467,0.0,0.0,0.00021720379847701583
e9ab5fdb-ee3d-425d-bf50-31c8d2ac3363,ok,17629952.0,v1.12-1.13,0.0,0.0,0.0,True,0.0,0.0,0.1252707652747631,4.0,actuator_motors,none,4934119,2915720,3.0,,B,,0.0,4.0,True,10.008393690549234,20.008508577255427,2.0000323769947146,127.611461,119.60898500000002,,True,0.0,0.0005056998925283,0.0123878410086035,0.0,0.0,0.0,0.0,0.0,0.726921021938324,0.0,0.0,0.0005055720694292512,0.01231173955013949,0.0,0.0,0.0,0.0,0.0,0.5463400667571193,0.0,0.0
37ec19b0-6a51-4576-acd3-451e20fad888,ok,17826047.0,v1.16+,0.0,0.0,0.0,True,0.0006733581634156,0.0137549999999961,0.4348382338881494,4.0,actuator_motors,none,19761506,12239513,8.4,,C,,0.0,4.0,True,10.005831853880174,199.98829060829613,2.000002432751497,171.056137,167.20985599999997,,True,0.0,0.0045817973557859,0.1231535524129867,0.1830619961023327,0.2391856089234352,0.117325150966644,0.0,0.2014137417078016,0.0467174924910068,0.0431986782699823,0.0,0.004571332874195863,0.11614040052568883,0.1681059894577127,0.21445439685379436,0.11093757080436739,0.0,0.1834989814472525,0.04565906977785158,0.04229164519364964,0.0
6aecf1b7-7eb5-46f5-857e-34ebb33a4d0c,ok,17629696.0,v1.12-1.13,,,0.0,True,0.0018063583815028,0.3004110000000537,0.3789614289999008,4.0,actuator_motors,none,48125530,24419180,10.1,,A,,0.0,4.0,True,9.9814257611149,19.965655612738,1.997150565073881,700.680997,554.7399689999994,,True,0.0,0.0016085493261925,0.0012477747863158,0.0,0.0087315020617097,0.0,0.0,0.004345677117817,0.0053058183053508,0.0048673008335754,0.0,0.0016072569963903164,0.0012469969623226606,0.0,0.008693602948593785,0.0,0.0,0.004336261930066263,0.005291792043396077,0.00485549382155989,0.0
4c6101bd-528c-4552-bded-cdbf026d2ddc,ok,17761280.0,v1.14-1.15,0.0357142857142857,0.0,0.0,False,0.0165357406362571,2.137252000000018,0.1224670454859733,4.0,actuator_motors,none,18073540,11399259,12.6,,A,,0.0,4.0,True,9.13569385206227,184.946808694732,1.82570545872035,183.82825,167.053544,,True,0.0,0.0056202668929472,0.0203891396522521,0.0386995682492852,0.0109001724049448,0.0039788521826267,0.0185818127356469,0.0073172154370695,0.0111766310874372,0.0145069158170372,70.37792205810547,0.005604532121187961,0.020184064002941,0.037969515587043576,0.010841193723853787,0.0039709574845766754,0.018411280150555216,0.007290574495595432,0.011114634063743427,0.014402697231455245,4.26798860665629
7ea569f6-a59e-4317-b1a8-a350a7ff2050,ok,17761535.0,v1.14-1.15,0.0,0.0,0.0,True,0.004007285974499,0.2000019999999978,0.2255587697029112,4.0,actuator_motors,none,11602135,7697751,7.5,,A,,0.0,4.0,True,10.003306168856112,20.00334518317236,2.000000102003648,276.076801,274.51903100000004,,True,0.0,0.0019578150298912,0.0001722638822684,0.0088120809290558,0.0015884375141467,0.0080489627085626,0.0035892051062546,0.0076667541405186,0.0033424604451283,0.0013559086713939,0.002708953153342,0.0019559010078391676,0.00017224904654958078,0.00877348114113275,0.0015871772816357546,0.008016742585130219,0.003582779280754243,0.00763751393752901,0.003336886840463552,0.0013549902573279792,0.0027052905527996385
ee49fb99-10c0-4eb7-9426-74d520c564fe,ok,17630207.0,v1.12-1.13,0.0,0.0,0.0,True,0.0,0.0,0.1536843612790107,4.0,actuator_motors,none,34323548,19955668,12.9,,A,,0.0,4.0,True,9.992391992584686,19.98463055853148,1.9984493540695536,650.396998,646.7371280000001,,True,0.0,0.0028854252421297,0.0023857130669057,0.0,0.0059748606057837,0.0,0.0,0.0024221607018262,0.0005739838379668,0.0,0.0,0.002881270393134363,0.0023828717715998426,0.0,0.0059570819078342985,0.0,0.0,0.0024192319988329885,0.0005738191722509698,0.0,0.0
a0d0fed6-6072-4b6a-9623-beaa419d7970,ok,17826047.0,v1.16+,0.0,0.0,0.0,True,0.0,0.0,0.2690418474376201,4.0,actuator_motors,none,97033263,31147094,22.6,,A,,0.0,4.0,True,9.126232432132202,156.32989407566367,1.85079168211232,134.832077,128.17781200000005,,True,0.0,0.0066276615485548,0.002606151998043,0.0025445747189223,0.0095656231045722,0.0095694571733474,0.0135228347033262,0.0082558397203683,0.069338010251522,0.0324708983302116,0.0,0.006605795161920306,0.002602761872768283,0.002541342770134659,0.009520162209815627,0.00952395994362022,0.013432217197131247,0.008221946691456239,0.06703977500320422,0.03195485981922932,0.0
c8fff0d6-3f7d-4963-b32a-053cacd3f474,ok,17761535.0,v1.14-1.15,0.0,0.4108108108108108,0.0,True,0.2191011235955056,0.4021370000000104,0.5765017747879028,4.0,actuator_motors,none,3615322,2679696,3.0,,C,,0.0,4.0,True,10.010190351993367,20.01059385661486,1.9999695960906207,91.63159,89.07510599999998,,True,0.0,0.0053016403922811,0.0045272475108504,0.0019750487932469,0.0070076233008876,0.0096247792243957,0.0171505854465067,0.0761146873235702,0.4356768459081649,0.1033383816480636,0.0,0.005287636171943763,0.004517030351305647,0.00197310094868274,0.006983184016497114,0.009578756109402503,0.017005174391046905,0.07335704279157312,0.36163640763284804,0.09834047622223434,0.0
ac2d27c5-9609-4fcc-977a-e5c5a055bd74,ok,17367040.0,v1.12-1.13,0.0,0.0,0.0,True,0.0,0.0,0.1715144842863082,4.0,actuator_motors,none,16331305,9806969,5.6,,B,,0.0,4.0,True,10.002500702514553,20.002655455618207,1.9999940438887056,387.98773,384.383712,,True,0.0,0.1100986190140247,0.0001282396333408,0.0,0.0027508155326358,0.0,2.522107160984888e-05,0.0009219626081176,0.0018391897319816,,0.0,0.10444885733625515,0.00012823141134193686,0.0,0.0027470389637660763,0.0,2.5220753563969934e-05,0.0009215378616390826,0.0018375004934494594,,0.0
8bf45ed3-d9e0-41b4-a80c-ba7ab473bcf9,ok,17760768.0,v1.14-1.15,0.0,0.0,0.0,True,0.0408719346049046,0.7040000000000077,0.2663430571556091,4.0,actuator_motors,none,26494541,12164308,12.6,,C,,0.0,4.0,True,123.55750793152738,244.5091340119928,123.55750793152738,114.256,110.11600000000006,,True,0.0,0.0001339201990049,0.0078201042488217,0.0047726440243422,0.0055924006737768,0.0200041308999061,0.017578212544322,0.0161883421242237,0.0836357548832893,0.0289409987628457,0.0,0.00013391123249557145,0.007789685714745723,0.004761291066936706,0.005576821258362204,0.019806677189847608,0.01742550274589548,0.016058708082782248,0.08032182706989871,0.028530116785111866,0.0
3b389a56-dd41-40e3-ac40-d5c950d1210b,ok,17825984.0,v1.16+,0.0,0.0,0.0,True,0.0490883590462833,1.4999999999999998,0.4978766202926633,4.0,actuator_motors,none,22633902,9382089,6.6,,B,,0.0,4.0,True,125.0,250.0,100.00788809423643,75.576,71.288,,True,0.0,0.0003428730997256,9.54619583353633e-05,9.778076491784304e-05,0.0052376273088157,0.0077374947257338,0.0001015917368931,0.0014186804997734,0.3206614255905151,0.0512641854584217,0.0,0.00034281433217716624,9.545740213257907e-05,9.777598469045608e-05,0.005223958645704522,0.0077077138344321195,0.00010158657680207632,0.0014176751233527997,0.2781326910924358,0.04999342611021839,0.0
a3001a07-221c-44ce-a250-020c0e517bcc,ok,16777984.0,v1.12-1.13,0.0,0.0,0.0,True,0.0,0.0,0.2464465647935867,4.0,actuator_motors,none,6045019,4074133,6.1,,B,,0.0,4.0,True,10.008097976364208,20.007287605949088,2.0000035284615096,123.607473,119.13972499999994,,True,0.0,0.0014562163036316,0.0039781115949153,0.0058156770188361,0.0418560981750488,0.0546921778470277,0.0683739677071571,0.2110701739788054,0.1370438694953916,0.0514399360865354,0.0083251267205923,0.0014551570488814504,0.003970219831604266,0.005798831250717918,0.04100383223482264,0.053248949800973035,0.06613783627651103,0.19150441002569796,0.1284317975732301,0.050160592405012014,0.008290663992079726
85c87a76-68d8-472d-879b-bcc6a7f74091,ok,17695488.0,v1.14-1.15,0.0,0.0,0.0,True,0.0,0.0,0.1536311998963355,4.0,actuator_motors,none,8042034,4662740,12.9,,A,,0.0,4.0,True,10.003775346842858,20.003405597429847,1.9999564666440628,240.822764,233.957616,,True,0.0,0.0001280382646655,0.0,0.0,0.0,0.0,0.0,0.0,0.0,0.0,0.0,0.0001280300684665013,0.0,0.0,0.0,0.0,0.0,0.0,0.0,0.0,0.0
f386caa8-c372-40e0-b1c5-4687f8d614b7,ok,17826559.0,v1.16+,0.8752166377816292,0.0,0.0,False,0.9168886978942844,1012.200825,1.0,4.0,actuator_motors,none,48845504,28860287,14.2,,C,,0.0,4.0,True,10.000819854316788,20.00079017629453,1.9999922404766488,1164.653727,1162.537141,,True,0.0,0.0031846985570154,0.0040036189137026,0.0007132703671231,0.0040003313450142,0.0028601539554074,0.0061919081024825,0.0046801668126136,0.025354303792119,0.1485423780977725,0.0,0.003179638145642557,0.003995625758760995,0.0007130161107099853,0.003992351294397537,0.002856071497535902,0.006172817005854974,0.00466924888381585,0.025038215099157667,0.1384936411147516,0.0
95031977-f4fb-45f4-99e3-6663105e9ed4,ok,17629696.0,v1.12-1.13,,,0.0,True,0.0034399286533316,0.6972460000000069,0.4739418685436247,4.0,actuator_motors,none,78258422,38201035,19.3,,A,,0.0,4.0,True,9.971563989635127,19.94308113454464,1.994834413355708,1161.320233,788.2601160000004,,True,0.0,0.0013796936837024,0.0186435537412761,0.0,0.0075739939697086,0.0,0.0,0.0023337645456194,0.0009389148035552,0.0020537059986963,0.0,0.0013787427809078753,0.01847189298864772,0.0,0.007545455287997935,0.0,0.0,0.0023310455466560966,0.0009384742987604512,0.002051600027402753,0.0
bdfe58ba-788a-442d-8ce1-5f13c17a7bc3,ok,17760384.0,v1.14-1.15,0.0,0.0,0.0,True,0.0,0.0,0.1395858764648438,4.0,actuator_motors,none,13378613,9103203,4.1,,B,,0.0,4.0,True,10.006420602571971,20.00628711528963,2.000038111475414,153.625517,145.95423899999997,,True,0.0,0.0091430243104696,0.0116145610343664,0.0179493324831128,0.0219785230234264,0.0308515756390988,0.0008672678610309,0.0063851257320493,0.0240693838335572,0.0052393581019714,0.0,0.009101479899401965,0.011547629773312394,0.017790145262091876,0.02174047690652015,0.030385233118598427,0.0008668920015577073,0.006364827176807082,0.023784281971828372,0.0052256804193614795,0.0
a3eabc10-c206-42e7-8e6a-4ff57b528dcd,ok,17695743.0,v1.14-1.15,0.0,0.0,0.0,True,0.0012978585334198,0.1987489999999923,0.486912727355957,4.0,actuator_motors,none,6468025,4435526,3.6,,B,,0.0,4.0,True,10.005822739188174,20.005732514671426,2.00003822437271,156.92145,154.12497799999997,,True,0.0,0.0036809589015319,0.0011949975450988,0.0,0.0088105813600122,0.0,0.0026135498774237,0.0034193631261587,0.0187985222786664,0.0387832961976527,0.0,0.0036742007515521823,0.0011942841038495337,0.0,0.008771994669879598,0.0,0.002610140495044749,0.003413530396429937,0.018624013669292408,0.03805012077502921,0.0
8edaef07-3610-4940-8c63-15e102f5fcaa,ok,17694720.0,v1.14-1.15,0.0,0.0,0.053347280334728,True,0.0,0.0,0.2467944324016571,4.0,actuator_motors,none,26703555,7505048,4.9,,B,,0.0,4.0,True,10.004164980056986,20.005417754191697,89.13242938866048,197.720286,183.53436,,True,0.0,0.4153091311454773,0.0841027796268463,0.0,0.2456597834825515,0.0,535.5985107421875,0.1389881074428558,0.0239848177880048,0.0,0.0,0.34734797447532845,0.08075271367669912,0.0,0.21966533611690764,0.0,6.2852501626283495,0.13014024318389403,0.023701700128502638,0.0,0.0
1aecf27f-31b0-4618-ab2d-57a8ca5f2eed,ok,17695488.0,v1.14-1.15,0.0,0.0,0.0,True,0.0,0.0,0.2954518381506205,4.0,actuator_motors,none,3749435,2434855,2.8,,A,,0.0,4.0,True,10.008752504999094,20.00812454215125,2.000070532401852,117.251939,116.22309700000004,,True,0.0,0.0230988319963216,0.0,0.0,0.0,0.0,0.0,0.0,0.0,0.0,0.0,0.022836092270125896,0.0,0.0,0.0,0.0,0.0,0.0,0.0,0.0,0.0
82da5b9d-8ee9-4acc-82f6-a54b08a8b9dc,ok,17760256.0,v1.14-1.15,0.0,0.0,0.0,True,0.0,0.0,0.0954343050718306,4.0,actuator_motors,none,8997903,6643425,8.4,,C,,0.0,4.0,True,10.006699035986044,20.00627119654815,1.99997704206418,155.575333,149.86825200000007,,True,0.0,0.0011188147473149,3.985869170719525e-05,0.0001741406442306,0.000514999803272,0.0018949400808196,0.0064214262878522,0.0237251094542443,0.0046577229630202,0.0042721864301711,0.0,0.0011181893405282535,3.985789737065035e-05,0.0001741254835086532,0.0005148672363859755,0.0018931469467617006,0.0064008967690591615,0.023448042780166413,0.004646909336337511,0.004263086550107349,0.0
b898764e-e214-45d9-b956-316b08a6fe4d,ok,17629952.0,v1.12-1.13,0.0,0.0,0.0,True,0.0,0.0,0.2678289115428924,4.0,actuator_motors,none,27317702,17072348,8.8,,C,,0.0,4.0,True,10.003286147110346,160.47206085569834,1.9999686934034449,317.808968,312.15899700000006,,True,0.0,5.223937841947191e-05,0.0011670279782265,0.0,0.0,0.0,0.0,0.0,0.2713619247078895,0.0,0.0,5.223801399066082e-05,0.001166347530425146,0.0,0.0,0.0,0.0,0.0,0.24008870753979347,0.0,0.0
a80a4f91-41d2-4c16-88b4-58855b45217f,ok,17826047.0,v1.16+,0.0,0.0,0.0,True,0.0,0.0,0.1922461092472076,4.0,actuator_motors,none,15428392,7311580,7.6,,C,,0.0,4.0,True,9.019134398936554,221.72425941716344,1.8191847728485488,99.636483,99.787482,,True,0.0,0.0373028965666889,0.0,0.0,0.0,0.0,0.0,0.0,5.6587145081721246e-05,0.0,0.0,0.03662397586154977,0.0,0.0,0.0,0.0,0.0,0.0,5.658554408962376e-05,0.0,0.0
56532940-0d06-419a-8e67-71886fa9ade3,ok,17891392.0,v1.16+,0.0,0.1,0.0,False,0.0014367816091954,0.0999999999999996,0.020135298371315,4.0,actuator_motors,none,17724050,9058097,8.2,,C,,0.0,4.0,True,124.9869041382923,249.9345206914615,100.0130958617077,76.32,69.27199999999999,,True,0.0,0.0005157477571628,0.0002897483936976,6.322057015495375e-05,0.0185254253447055,0.0005685211508534,5.065301593276672e-05,0.0006818126421421,0.0013051419518887,0.6781660914421082,0.0,0.0005156148049995133,0.0002897064247385381,6.32185718189319e-05,0.018355919892733014,0.0005683596039295782,5.065173311207415e-05,0.00068158031349968,0.0013042909944644264,0.5177015849357394,0.0
203565b0-ed6a-4a66-8ea9-a38a27adb85b,ok,17760512.0,v1.14-1.15,0.0,0.0295250320924261,0.0,True,0.0,0.0,0.1774318516254425,4.0,actuator_motors,none,13747688,8398053,7.8,,C,,0.0,4.0,True,9.999858066530669,20.000050039464305,1.9999781027364625,381.249979,376.1212660000001,,True,0.0,0.004653721069917,0.003687821526546,0.0021335414377972,0.0780411764979362,0.0556770736351608,0.0081821240019053,0.1281500235199923,0.5862981766462325,1.2425928771495798,0.0,0.004642925988594094,0.0036810381847941828,0.0021312686703853314,0.07514566887970371,0.05418233703540679,0.008148831902087997,0.12057914380666915,0.4614031109934429,0.8076327308822728,0.0
455780ab-f182-4b2c-be66-68f835534a12,ok,17826047.0,v1.16+,0.0,0.0,0.0,True,0.0,0.0,0.4784931108355522,4.0,actuator_motors,none,5274343,3870869,4.8,,B,,0.0,4.0,True,10.00816142933041,20.00784387947315,1.9999006631619969,119.087384,114.29630299999997,,True,0.0,0.0023008326184935,0.0050124186789616,0.0030234111123718,0.0512272713705896,0.0295451996847986,0.0038443710654973,0.0093449756968766,0.0065127268899232,0.0012563073774799,0.0,0.0022981897562038616,0.0049998983291824365,0.0030188497965039835,0.049958311496348266,0.029117151023922545,0.0038370003555093612,0.009301581546853049,0.006491610717142833,0.001255518883691162,0.0
dfb0d8f1-7ec6-41c1-9be6-3066b2b7ae2e,ok,17761280.0,v1.14-1.15,0.064516129032258,0.0,0.0,True,0.0,0.0,0.7010593518164762,4.0,actuator_motors,none,3692726,2194406,8.7,,C,,0.0,4.0,True,10.011725105583391,20.01095780218569,1.999967886879271,88.640106,84.26468600000003,,True,0.0,0.0003373315208591,0.000291310873581,0.0001644440053496,0.0253166694194078,0.009501758404076,0.0017386768013238,0.0054478577338159,0.1979455947875976,0.1375662416219711,0.0,0.00033727463737365297,0.000291268450807077,0.00016443048591625848,0.025001510651484635,0.009456900625677927,0.0017371670525375442,0.005433071833550335,0.18060808529609423,0.1288911045403536,0.0
69ff2381-d50e-453c-a014-3bf93ffc4172,ok,17761535.0,v1.14-1.15,0.0,0.0,0.0,True,0.0084455753959548,0.424648999999988,0.3864223301410674,4.0,actuator_motors,none,35315096,22579701,15.1,,C,,0.0,4.0,True,10.002800273882857,197.86867750296383,1.999987585039472,333.155081,327.310283,,True,0.0,0.0032312750699929,0.0027256145258434,0.0056276635732501,0.0074286975432187,0.0098166528623551,0.0012586428783833,0.0062233651988208,0.0548619516193866,0.0393930524587631,58.115166664123535,0.0032260657195834377,0.002721906774311233,0.005611887435459154,0.007401240665006411,0.009768782554822624,0.001257851451448624,0.006204080032684678,0.05340990682061431,0.03863693938549255,4.0794875186314705
d2911b65-0cb1-45a9-93a6-5e0a67eae6db,ok,17694720.0,v1.14-1.15,0.0,0.004381161007667,0.0,True,0.0,0.0,0.0982123672962188,4.0,actuator_motors,none,174003009,54824967,33.2,,B,,0.0,4.0,True,10.001113870776152,20.001138556636665,90.73282731297468,920.545732,910.8858719999996,,True,0.0,0.0004393841663841,0.0,0.0,0.0,0.0,0.0,0.0,0.0001213995201396,0.0,0.0,0.00043928766542755893,0.0,0.0,0.0,0.0,0.0,0.0,0.0001213921518141897,0.0,0.0
bc34b29a-2691-473b-abf5-afa03fca2b07,ok,17695488.0,v1.14-1.15,0.0,0.0,0.0,True,0.0,0.0,0.3152586042881011,4.0,actuator_motors,none,3129502,2534382,3.9,,B,,0.0,4.0,True,10.015734048397556,20.0151019079964,2.0000800346987115,64.19758,60.49201199999999,,True,0.0,0.0103320968337357,0.0013349822023883,0.0,0.0116540709044784,0.0,0.0013086078804917,0.0036436418187804,0.0059751836815848,0.0024965285614598,0.000277546030702,0.010279085553692058,0.0013340919059131673,0.0,0.011586685259562048,0.0,0.0013077523994440873,0.0036370198364750607,0.005957403064715919,0.002493417411005523,0.000277507521927561
6be2bbd0-34ad-49ea-8e3b-a060a6f1686f,ok,17694975.0,v1.14-1.15,0.0,0.0,0.0,True,0.0,0.0,0.2726832866668702,4.0,actuator_motors,none,17136276,10802299,5.1,,B,,0.0,4.0,True,10.00626209604762,202.1883514713783,2.000075717152149,154.312372,147.254123,,True,0.0,0.0036713388748466,0.0009875120362266,0.0,0.0187106855213641,0.0,0.0028836333658546,0.0029966665897518,0.0037089567165821,0.004010172910057,0.0,0.0036646159599876614,0.000987024766978867,0.0,0.018537793929012995,0.0,0.0028794836707124473,0.0029921855343474253,0.00370209549669779,0.004002153598740092,0.0
a0049cec-4343-42eb-847b-6503057b48ff,ok,17826240.0,v1.16+,0.0,0.0,0.0,True,0.0,0.0,0.3902540847659111,4.0,actuator_motors,none,4044771,3046790,2.5,,B,,0.0,4.0,True,10.010898999068283,20.0105005977558,1.9999758639276424,88.087416,83.74886400000001,,True,0.0,0.0090382250025868,0.0013709203572943,0.0024942374322563,0.0068161519244313,0.0054385565221309,0.0062008988112211,0.0068603364750742,0.0144665794447064,0.0054280614480376,0.0,0.008997624700060807,0.0013699815039454341,0.0024911319848156762,0.0067930269835046525,0.00542382097619795,0.006181752347611088,0.0068369114415142,0.014362936857620584,0.005413382616935723,0.0
8a572619-945e-4057-b1f7-41f5af2e23eb,ok,17761280.0,v1.14-1.15,0.0,0.0,0.0875,True,0.3294314381270903,5.498750000000001,0.8228242922574278,4.0,actuator_motors,none,3440146,2547573,3.2,,C,,0.0,4.0,True,10.015092493225096,20.01606434378173,1.9999959365161928,63.358644,59.813992000000006,,True,0.0,0.0092182493768632,0.0004464817582629,0.0013112860964611,0.0108746334910392,0.014454320911318,0.011431860923767,0.0270548027008771,0.0,2.859523868560791,0.0,0.009176020634412209,0.0004463821149408497,0.0013104271116822475,0.010815929867728483,0.014350853061365737,0.011367010970784621,0.026695291451523613,0.0,1.3505438257547038,0.0
9ee0a52e-7c4b-428b-88c7-05aebd8f6d63,ok,17694975.0,v1.14-1.15,0.0,0.0,0.0,True,0.0,0.0,0.4445609748363495,4.0,actuator_motors,none,20833283,11318365,7.6,,C,,0.0,4.0,True,9.654943412572369,118.50600557621252,1.9251703301458711,214.22393,212.87101199999995,,True,0.0,0.0029449426569044,0.0022998131345957,0.0,0.0279539600014686,0.0,0.0068591152317821,0.006464738305658,0.0366706065833568,0.0794366654008626,0.0002596684847958,0.0029406148080407023,0.002297172612065991,0.0,0.027570380039261634,0.0,0.006835698518541177,0.006443931510490981,0.03601423807853456,0.07643929894202528,0.00025963477676995035
6677d02f-71b1-405b-b7f8-871e16abbbc5,ok,17761280.0,v1.14-1.15,0.0,0.0,0.0,True,0.0,0.0,0.2309113204479217,4.0,actuator_motors,none,15237696,9774379,6.8,,A,,0.0,4.0,True,10.007041519908274,199.98209632619933,2.0000160698155294,144.129126,137.80417799999995,,True,0.0,0.0124236634932458,0.0,0.0,0.0,0.0,0.0,0.0,0.1477119356393813,0.0788048118352884,0.0008419989462709,0.012347123075535697,0.0,0.0,0.0,0.0,0.0,0.0,0.13777033926649546,0.07585377263248973,0.0008416446640143827
f0d8e9a2-690f-40e2-aa08-6d6de897976b,ok,17761535.0,v1.14-1.15,0.0,0.0,0.0,True,0.0,0.0,0.2453986406326294,4.0,actuator_motors,none,24373585,15449100,10.0,,B,,0.0,4.0,True,9.63182876165949,166.06091950434836,1.924574661138064,239.01731,232.63133000000013,,True,0.0,0.0049524363363161,0.0002679845216334,0.0001762219333613,0.0017351088521536,0.0027173914713785,0.0010591593163553,0.001885923044756,0.0152930100448429,0.0097864175681024,0.0,0.004940213362538729,0.0002679486201953591,0.0001762064081003021,0.0017336052897675462,0.0027137060381742743,0.0010585988028737263,0.0018841469246239546,0.015177250680876856,0.009738840736355777,0.0
84f62071-d869-481f-950e-6a79365a46e8,ok,17760511.0,v1.14-1.15,0.0,0.0701754385964912,0.0,True,0.0,0.0,0.1230372488498687,4.0,actuator_motors,none,20442596,8458854,12.0,,B,,0.0,4.0,True,9.9411317957115,19.866697638111383,1.9852270850702525,135.165702,80.771784,,True,0.0,0.0258427164517342,1.6665648490743476e-05,11401504908902.4,0.0001253756170626,0.0002380979713052,0.1029260650277137,0.0008196466777008,0.0,0.0,0.0001438442137441,0.02551443719194096,1.6665509620366574e-05,29.981696307442114,0.00012536775819678965,0.00023806963048173595,0.09796670722480404,0.0008193109508017669,0.0,0.0,0.00014383386915718026
626c39b4-76fe-41e6-b006-46aeb5408a2b,ok,17760511.0,v1.14-1.15,0.0,0.0,0.0,True,0.0,0.0,0.4763512313365936,4.0,actuator_motors,none,3234023,2449643,3.4,,C,,0.0,4.0,True,10.012114137319983,20.01241811558462,1.9999640006479884,76.628599,72.53331999999997,,True,0.0,0.0054983977228403,0.0100775169208645,0.0046464593149721,0.0471338450908661,0.0260473139584064,0.0199465308338403,0.0381028853356838,0.2849634766578676,0.0311575900763273,0.0,0.005483336716460957,0.010027077334680045,0.004635697845168018,0.046056760480982,0.025713860654522303,0.01975020517102716,0.037394898652255815,0.2507302951089024,0.03068204502861621,0.0
3e9488b0-3d49-428b-a8ff-ca7b17066c25,ok,17694720.0,v1.14-1.15,0.0,0.0,0.0,True,0.0,0.0,0.1192777246236801,4.0,actuator_motors,none,25122598,8166418,7.3,,C,,0.0,4.0,True,10.009827719368207,20.01016749398853,93.24054979255374,131.651392,126.668579,,True,0.0,0.0007755847764201,0.0,0.0,0.0,0.0,0.0,0.0,0.0001116494677262,0.0,0.0,0.0007752841659699434,0.0,0.0,0.0,0.0,0.0,0.0,0.00011164323538826539,0.0,0.0
e94e4d38-fc2f-4940-81e8-2df25f8fec01,ok,17694720.0,v1.14-1.15,0.0,0.0,0.0,True,0.0,0.0,0.2593820765614509,4.0,actuator_motors,none,37693171,9387303,8.1,,C,,0.0,4.0,True,10.004584686337504,20.00500915670743,125.44766843564533,204.600279,192.53054899999992,,True,0.0,0.0004308763891458,0.0,0.0,0.0,0.0,0.0,0.0,6.552632839884609e-05,0.0,0.0,0.0004307835885705326,0.0,0.0,0.0,0.0,0.0,0.0,6.552418164276823e-05,0.0,0.0
90cddad7-5b9a-4a55-a5e8-cd92de020f1c,ok,17826047.0,v1.16+,0.5961945031712473,0.0,0.0,False,0.0245098039215686,0.3020999999999958,0.6630711786448955,4.0,actuator_motors,none,5232242,4029887,3.5,,C,,0.0,4.0,True,10.00968553522492,20.00943179626978,2.000052307588102,105.060887,101.93258499999996,,True,0.0,0.0065156203694641,0.037442890740931,0.0219711003825068,0.0465866656973958,0.037179335579276,0.0714894905686378,0.0164523004554212,0.0894102748483418,0.0032577745732851,5.991411447525022,0.006494485470044193,0.036758926538698736,0.021733213869472037,0.0455340742837476,0.03650485120900339,0.06904972773466632,0.016318427707738947,0.08563651758106626,0.0032524795226375356,1.9446824596851697
6da6327a-9a2b-4372-900a-c6465613e95f,ok,17695488.0,v1.14-1.15,0.0317460317460317,0.0,0.0,False,0.0006314580941446,0.0380610000000061,0.2399999786066209,4.0,actuator_motors,none,8467983,4633855,7.6,,B,,0.0,4.0,True,9.935926777428778,196.8880572946656,1.9996951033986248,61.919402,60.54654199999998,,True,0.0,0.0055990462424233,0.0,0.0,0.0,0.0,0.0,0.0,0.1850138723850249,0.3881761901080606,0.0002162060438422,0.005583429847173293,0.0,0.0,0.0,0.0,0.0,0.0,0.1697544811726016,0.32799079214685084,0.00021618267468381125
0a9c0ee1-f96b-4a8f-8435-2733fb3898ff,ok,17760256.0,v1.14-1.15,0.0,0.0,0.0,True,0.0,0.0,0.2696443289518356,4.0,actuator_motors,none,7532976,5404154,8.2,,A,,0.0,4.0,True,10.00564752727884,20.005342420308068,1.999951009556607,180.5885,176.93252200000003,,True,0.0,0.0046088207745924,0.0001999155530938,8.510424486303237e-05,0.0028053521178662,0.0024024289683438,0.0019812224432826,0.0032089291024021,0.0115849383175373,0.003204146772623,0.0140055690426379,0.004598232680082151,0.00019989557264250656,8.510062370223483e-05,0.00280142446153823,0.0023995477495627987,0.0019792624105113557,0.0032037914773256765,0.01151834673242522,0.0031990244332542324,0.013908397306412466
06dc1afb-3686-49c3-bdbc-3b25d66054a2,ok,17826047.0,v1.16+,0.0,0.0,0.0,True,0.0,0.0,0.173673915863037,4.0,actuator_motors,none,18737966,11411532,17.5,,C,,0.0,4.0,True,10.002110661034289,20.0019897426956,1.999964380132763,458.659725,453.329307,,True,0.0,0.0011834894889034,0.0012891341582871,0.0012891154270619,0.0021409745328128,0.0020099003915674,0.0022960705333389,0.0021205361117608,0.2617781013250349,0.3154617264866827,0.0,0.0011827897172787185,0.0012883039382814493,0.0012882852311720478,0.0021386859128402994,0.002007883244166736,0.0022934385913715486,0.002118290948466478,0.23252191769621552,0.2741877268041031,0.0
b7fefc49-f041-4d60-aec8-550443726090,ok,17761280.0,v1.14-1.15,0.0,1.0,0.0,True,0.0,0.0,0.1400682136416435,4.0,actuator_motors,none,103375957,52949470,23.7,,A,,0.0,4.0,True,9.989508435112992,220.71316854357536,2.000119588524185,1084.488695,1080.7504239999998,,True,0.0,0.0062299876939505,0.0,0.0,0.0,0.0,0.0,0.0,0.002270510373637,0.0004110921072424,0.000126044380886,0.006210661546855135,0.0,0.0,0.0,0.0,0.0,0.0,0.0022679366599847447,0.0004110076320326832,0.00012603643796045729
41dd2406-dfc2-4cdb-82bc-84c5f737e532,ok,17694720.0,v1.14-1.15,0.0232558139534883,0.0,0.0,False,0.0723488602576808,7.101838000000001,0.9999999362639752,4.0,actuator_motors,none,4637321,3266876,2.7,,B,,0.0,4.0,True,10.008813112368438,20.008219064379965,2.000124762499337,106.046598,100.61202300000004,,True,0.0,0.0616412214934825,0.0137984233908355,0.0,0.0415004760026931,0.0,0.0109293454326689,0.0041935866232961,0.0061115760356187,0.1098396684974432,0.0001372683982481,0.05981603287270731,0.013704091906782252,0.0,0.04066243875449628,0.0,0.010870051772931362,0.004184818044893412,0.0060929760996102774,0.10421556209628137,0.00013725897780359758
19f8c4ec-3229-418c-9a14-a0e9cfbe39f0,ok,17694975.0,v1.14-1.15,0.890295358649789,0.0,0.0,True,0.0,0.0,0.2275331437587738,4.0,actuator_motors,none,4620282,3185533,2.6,,A,,0.0,4.0,True,10.00873593980224,20.008730926985333,1.9999583356319264,116.490652,108.939743,,True,0.0,0.0026592826354317,0.004867639648728,0.0,0.0743448674678802,0.0,0.0059773557819426,0.0075442797038704,0.013042484363541,0.0228263698518276,0.0,0.0026557529995124033,0.004855830995528234,0.0,0.07171105019308274,0.0,0.005959562261133525,0.007515963951207878,0.012958163541656657,0.022569746124276,0.0
c4662fa1-3023-4761-a0de-62df057856e5,ok,17825984.0,v1.16+,0.0,0.1,0.0,True,0.0,0.0,0.1784509360790252,4.0,actuator_motors,none,7593984,3948063,3.0,,C,,0.0,4.0,True,10.008873581349407,20.00945405209702,2.0001156363151216,108.295785,97.67871099999996,,True,0.0,0.9326178789138792,1.2136075019836412,1.3464892148971557,1.6072075128555277,1.0151892423629754,0.0446904450654983,0.1507394999265668,0.0755917608737944,18.0323085784912,0.0,0.6588754977634389,0.7946235385269583,0.8529202599908267,0.9582797301171212,0.700713107794186,0.04372061671583161,0.14040477912573934,0.07287098535515184,2.9461379865352106,0.0
aed7dd00-65d9-4ebf-9808-40bd8034edc0,ok,17891392.0,v1.16+,0.0458015267175572,0.0,0.0,True,0.0,0.0,0.1925287842750549,4.0,actuator_motors,none,37439476,15615208,7.4,,A,,0.0,4.0,True,125.003818309558,249.9923636141487,100.00916394293918,130.464,127.94,,True,0.0,0.0002533341466914,0.0001188963578897,4.928108683088794e-05,0.002072591567412,0.0003903351025655,6.767852755729109e-05,0.0002348339039599,0.0,0.0564134828746318,0.0,0.0002533020630149395,0.00011888929027794359,4.927987255802195e-05,0.002070446712603376,0.0003902589416375638,6.767623746907088e-05,0.00023480633479470747,0.0,0.05487966439861301,0.0
34cc957f-642a-4cb1-82e8-9e1f220ea4b6,ok,17826047.0,v1.16+,0.0990453460620525,0.0,0.0,True,0.0,0.0,0.1246624462306498,4.0,actuator_motors,none,16953748,10741424,5.8,,B,,0.0,4.0,True,10.002316770223649,20.0023838504936,1.999965879144704,403.948976,395.5206399999997,,True,0.0,0.0465994685888289,0.0834924213588237,0.0772328115999696,0.1241302244365213,0.092925851047039,0.2063673622906207,0.1267688676714897,0.2112072870135304,0.857357561588287,0.0,0.04554630720582132,0.08018954737712747,0.07439554157307297,0.1170096028000847,0.08885836704600117,0.1876136641014001,0.11935412766385455,0.19161762004154417,0.6191548118098932,0.0
16939cb3-87a5-4860-be89-22b53fe693a8,ok,17826047.0,v1.16+,0.0,0.0,0.0,True,0.0027881040892193,0.3037529999999999,0.2930700443685055,4.0,actuator_motors,none,14165143,5329450,4.9,,C,,0.0,4.0,True,10.00902747066599,20.00903293447784,1.99980785407824,110.065038,107.539545,,True,0.0,0.0460235713049768,0.007084718463011,0.0122512164991348,0.0313872864469885,0.0400966646149754,0.0116584375035017,0.0177242891862988,0.2504850029945373,2.4079584240913388,0.0,0.04499590009721925,0.007059739753850779,0.012176777706773431,0.030904776057865836,0.039313655579168875,0.011591001546843584,0.017569045675856418,0.22353147845637514,1.2261134093889396,0.0
5e746be8-3d97-497c-94a6-3aeb51639d36,ok,17891328.0,v1.16+,0.0,0.0,0.0,True,0.0,0.0,0.1183422654867172,4.0,actuator_motors,none,3588283,3089552,2.7,,A,,0.0,4.0,True,10.013350852800896,20.012803969458687,1.999986439808252,70.614599,68.382569,,True,0.0,0.005993460654281,0.0025268119177781,0.0043318880489096,0.013013294013217,0.0101932495366781,0.0187008400913327,0.0045978197827935,0.0562941731885075,0.0256309997290372,0.0,0.005975571312763081,0.0025236248960848378,0.004322532430472363,0.012929348589336434,0.01014164872566555,0.018528129283547214,0.004587282097322821,0.054766719584967136,0.02530803267232294,0.0
0bbd400b-e126-472f-8c58-0cc97f1bc979,ok,17825984.0,v1.16+,0.0,0.0,0.0,True,0.0,0.0,0.1892100691795349,4.0,actuator_motors,none,6950934,4806293,3.5,,C,,0.0,4.0,True,9.987231281843222,19.96680911110739,1.9933217760404311,151.174405,149.01597299999997,,True,0.0,0.0085195989813655,0.0,0.0,0.0,0.0,0.0,0.0,4.762091875076292,0.493150091171264,0.0,0.0084835120174112,0.0,0.0,0.0,0.0,0.0,0.0,1.7513005815328375,0.40088804342473106,0.0
266a20b3-a407-4ad7-8a0e-6a430bdb1b22,ok,17826240.0,v1.16+,0.0,0.0,0.0,True,0.0,0.0,0.2033025413751602,4.0,actuator_motors,none,10467102,7101445,5.7,,B,,0.0,4.0,True,10.004542412504067,20.00411089866071,2.0000069753052263,222.476946,215.5312880000002,,True,0.0,0.0026547709712758,0.0001273625566682,0.0001761735074978,0.0035911086597479,0.0041526962304487,0.0005739708431065,0.0013806550123263,0.0268649151548743,0.0170238194987177,0.0,0.0026512532912020834,0.0001273544467463724,0.00017615799076782572,0.003584676024639429,0.004144097584281462,0.0005738061848451465,0.0013797027845593615,0.02651038885295268,0.016880538128153297,0.0
ed21dcc4-bc08-488c-ace3-4d5d4b54d64c,ok,17629951.0,v1.12-1.13,0.0,0.2146341463414634,0.0,True,0.0061162079510703,0.198914000000002,0.4593060612678528,4.0,actuator_motors,none,5506223,4142122,15.9,,B,,0.0,4.0,True,10.009071867643156,20.00839728338059,2.0000632372935323,102.208979,98.16335399999991,,True,0.0,0.0040096239186823,0.0016365165356546,0.0,0.0047834672965109,0.0,0.0,0.001840983889997,0.0013170650461688,0.0168075874447822,0.0,0.004001606799972903,0.0016351789016434658,0.0,0.004772062870826959,0.0,0.0,0.0018392913561220757,0.0013161984768029088,0.016667902947073876,0.0
d326b037-6f36-45dd-8bd6-f8d6de6ea339,ok,17826047.0,v1.16+,0.0,0.0,0.0,True,0.0,0.0,0.1399533033370971,4.0,actuator_motors,none,30893349,18536986,30.2,,B,,0.0,4.0,True,9.999994973044076,20.00156416227622,2.0000099968753653,630.479655,623.6916410000002,,True,0.0,0.0390974693000316,299873760.0,2668503296.0,1.308305263519287,1.3231297731399536,1.103266954421997,0.2290278673171997,0.0595285631716251,1.9352761507034304,0.0,0.03835251840052314,19.518872147394045,21.704783589263087,0.8365136031231055,0.8429153166876416,0.7434918284751318,0.20622350511706433,0.05782405746771105,1.076801537679684,0.0
6efe7a49-25cb-4ef1-bee0-54f96238b2a2,ok,17826047.0,v1.16+,0.0,0.0,0.0,True,0.0,0.0,0.3581623092293739,4.0,actuator_motors,none,9549260,6006666,41.9,,C,,0.0,4.0,True,10.012382676066888,200.00069770541884,1.9999967901286084,81.443594,78.27015399999998,,True,0.0,0.0019445472280494,0.0780758894979954,0.0480846606194973,0.2329242408275604,0.0250341091305017,0.0,0.0167526721954345,0.2380674377083778,0.065961005538702,0.0,0.0019426590434681644,0.07517786843009887,0.04696436566994833,0.209388779332273,0.02472588923718721,0.0,0.01661389397527113,0.2135516458873427,0.06387674490450888,0.0
2ccfb94a-3508-456f-a110-4d9830716530,ok,17826047.0,v1.16+,0.0,0.0,0.0,True,0.0,0.0,0.2799597635865211,4.0,actuator_motors,none,3167717,2194479,27.8,,B,,0.0,4.0,True,10.011963399132627,20.011961483110507,1.999999831325316,83.263654,81.52001800000004,,True,0.0,0.0102278395555913,0.0,0.0,0.0,0.0,0.0,0.0,0.0,0.0,0.0,0.01017588913139416,0.0,0.0,0.0,0.0,0.0,0.0,0.0,0.0,0.0
c7453450-619b-4928-bc94-a098fede54f8,ok,17695488.0,v1.14-1.15,0.0,0.0,0.0,True,0.0,0.0,0.1118279993534087,4.0,actuator_motors,none,6290391,3647525,22.4,,C,,0.0,4.0,True,10.015158342430844,164.96022625655814,1.9999677030008955,61.380836,58.58474500000002,,True,0.0,0.0012415935460012,0.0,0.0,0.0,0.0,0.0,0.0,15.764834594726548,17.39677619934082,0.0,0.0012408234061356757,0.0,0.0,0.0,0.0,0.0,0.0,2.819283513763142,2.9121754427069138,0.0
3bb8c7d0-8757-47e0-a1de-b664aa1f563a,ok,17695488.0,v1.14-1.15,0.0,0.0,0.0,True,0.0,0.0,0.2434228248894212,4.0,actuator_motors,none,5767994,3588733,31.9,,A,,0.0,4.0,True,10.006650133774617,20.0061820463488,1.9999887918716848,146.674534,142.30606900000004,,True,0.0,0.0004085691063664,0.0,0.0,0.0,0.0,0.0,0.0,0.0002018518789554,0.0,0.0,0.0004084856647360694,0.0,0.0,0.0,0.0,0.0,0.0,0.00020183150960589597,0.0,0.0
c2e323a3-f2e1-46d3-83e8-d5caec912561,ok,17826559.0,v1.16+,0.0,0.0,0.0,False,0.0091383812010443,0.3000000000000007,0.1056071072816848,4.0,actuator_motors,none,23126144,9822248,51.9,,C,,0.0,4.0,True,125.0,250.0,100.01787173202617,78.012,76.464,,True,0.0,0.0003207811387255,0.0002399930963292,0.0001117867759603,0.0040097631281241,0.0047454214654862,6.741958532074932e-05,0.0005285576917231,0.3105572164058685,0.1605594456195831,0.0,0.0003207296994562232,0.00023996430259283033,0.0001117805282842609,0.004001745453456726,0.004734197447501112,6.741731272265141e-05,0.0005284180543084799,0.27045240280984073,0.14890216956484895,0.0
d0151042-8f89-4190-be15-22b4b5952458,ok,17695488.0,v1.14-1.15,0.0,0.0,0.0,True,0.0,0.0,0.1906343460083006,4.0,actuator_motors,none,10645127,6672796,41.7,,B,,0.0,4.0,True,10.010482831454588,158.51049445742694,2.000017816583835,103.689323,100.64776600000002,,True,0.0,0.003642377955839,0.0,0.0,0.0,0.0,0.0,0.0,0.142419921606779,,0.0,0.0036357605610863528,0.0,0.0,0.0,0.0,0.0,0.0,0.13314875083242023,,0.0
76af6981-1a61-488b-bea3-7ca9f075ba9b,ok,17760384.0,v1.14-1.15,0.0,0.0,0.0,True,0.0,0.0,0.0528227686882019,4.0,actuator_motors,none,83943033,37409111,114.6,,C,,0.0,4.0,True,125.00129024266884,250.0,125.00129024266884,387.372,334.088,,True,0.0,0.0002634664997458,0.0080848429352045,0.0039573651738464,0.0050800340250134,0.0084392121061682,0.029967738315463,0.0238658711314201,0.0712793916463851,0.0281042009592056,0.0,0.00026343179854249174,0.008052335685692543,0.003949555401586799,0.005067174186057921,0.008403801043842512,0.029527479727177244,0.023585532814779948,0.0688536273295598,0.02771652469689545,0.0
96f84051-f5ac-4354-aeb4-666617a9bd68,ok,17825792.0,v1.16+,0.0,0.0949202817945865,0.0,True,0.003392586550123,1.490479999999934,0.3874186217784881,4.0,actuator_motors,none,153095338,86719145,216.5,,C,,0.0,4.0,True,9.94293777870455,199.42849635564568,1.988679877946121,1309.357922,1296.2886709999998,,True,0.0,0.0185084003955125,0.0048361270455643,0.007194806006737,0.0210279947146773,0.0262617086060345,0.0048379951156675,0.0051862426567822,0.2848401173949241,0.1347776971757411,0.0,0.018339204461719286,0.0048244705495873695,0.007169046870860361,0.020809957724048513,0.02592279083613803,0.004826329627218515,0.00517284041853627,0.2506342883453321,0.12643677023082292,0.0
20c3d36e-4eb9-440c-8188-445de9b482d0,ok,17825792.0,v1.16+,0.0,0.0,0.0,True,0.0,0.0,0.1047904506325721,4.0,actuator_motors,none,5836901,3369849,3.4,,B,,0.0,4.0,True,9.992314140627272,19.975894293077992,2.000001417323839,127.491837,120.45248000000004,,True,0.0,0.0,0.0,0.0,0.0,0.0,0.0,0.0,0.0007134960091207,0.0,3.553192764229595e-05,0.0,0.0,0.0,0.0,0.0,0.0,0.0,0.0007132415918531284,0.0,3.553129639830779e-05
00f0f3b9-9713-4aa5-9220-45633a430a50,ok,17760511.0,v1.14-1.15,0.0,0.0,0.0,True,0.7265700483091787,12.239069999999998,0.8070370107889174,4.0,actuator_motors,none,8620388,4995103,3.3,,C,,0.0,4.0,True,10.014136671452638,253.51212899637176,2.000208256977344,68.3533,65.31851200000001,,True,0.0,0.0049379807896912,0.0,0.0,0.0,0.0,0.0,0.0,1.21802065372467,0.9911509275436396,0.0246084004640578,0.004925828949834458,0.0,0.0,0.0,0.0,0.0,0.0,0.796615200753472,0.6887128271028555,0.02431049126356728
bc8d4a2f-1066-45a5-b206-4d566701ad8b,ok,16779519.0,v1.12-1.13,0.0,0.0,0.0,True,0.0,0.0,0.1887498885393142,4.0,actuator_motors,none,7417797,4723573,3.9,,A,,0.0,4.0,True,10.006091546272428,20.00675917544278,1.9999999593220348,147.780192,141.480031,,True,0.0,0.0006413156515918,0.000122617730085,0.0001069228146661,0.0006588454998563,0.0006559785251738,0.0127981740515679,0.0,0.0512289488688111,0.0481425877660512,0.0012181864294689,0.0006411100965883771,0.00012261021314560148,0.00010691709882938389,0.0006586285564428576,0.0006557634653056861,0.01271696953447485,0.0,0.049959907247266025,0.04701963367260716,0.0012174450424177758
b0a12676-961f-4de9-b8d8-00d504d74b44,ok,17891456.0,v1.16+,0.0,0.0,0.0,True,1.798156889188582e-05,0.0029880000000002,0.5259469524025916,4.0,actuator_motors,none,92307297,24692154,25.2,,B,,0.0,4.0,True,9.954052528319131,323.02843097910466,2.0000056821353485,151.832529,148.38399199999995,,True,0.0,0.0955292664468287,0.0,0.0,0.0,0.0,0.0,0.0,0.0050877660047262,0.0018005546065978,0.0,0.09123759484654428,0.0,0.0,0.0,0.0,0.0,0.0,0.005074867055989201,0.0017989355513257522,0.0
a33a50b0-a144-482c-99c1-5ef526c31e1d,ok,17760767.0,v1.14-1.15,0.0,0.0,0.0,True,0.1447741653938468,9.897423000000003,0.5436697155237198,4.0,actuator_motors,none,37417762,23704375,11.2,,B,,0.0,4.0,True,10.001070220861818,20.00100582315091,1.999994870805771,921.133658,916.6102810000006,,True,0.0,0.0661652363836765,0.0004643531079636,0.0003134568454697,0.0040540473069995,0.0041718438733369,0.0010824275203049,0.0024400111287832,0.0546359885483979,0.0322814594954252,0.849380552768706,0.06406831971990536,0.0004642453294227385,0.00031340772813655553,0.004045851799731632,0.00416316585985787,0.0010818421180354783,0.0024370391351122597,0.053195672838631886,0.03177136194395147,0.6148507466787893
e91b73db-dff7-4cfa-bb4b-8cddee64b696,ok,17826240.0,v1.16+,0.0,0.0,0.0,True,0.0632812967282732,0.5187560000000033,0.812828841805456,4.0,actuator_motors,none,7344577,4799413,5.5,,B,,0.0,4.0,True,9.983533759088765,199.34134079204367,1.9999950000125,60.696835,58.72013599999999,,True,0.0,0.001401126733981,0.0,0.0,0.0,0.0,0.0,0.0,0.0,0.0,0.0329931937158107,0.0014001460718330882,0.0,0.0,0.0,0.0,0.0,0.0,0.0,0.0,0.03246060126372395
b4d61d2e-cbe9-43e2-bae7-ad28772d570d,ok,17825984.0,v1.16+,0.0,0.0,0.0,True,0.0,0.0,0.0653329506516456,4.0,actuator_motors,none,9991754,6306774,10.2,,A,,0.0,4.0,True,10.003332153211646,20.003343369210576,2.000013734156244,274.824726,264.8077979999999,,True,0.0,4.804862055607373e-05,0.0,0.0,0.0,0.0,0.0,0.0,0.0002167866456147,0.4477763935923575,0.0,4.8047466258079864e-05,0.0,0.0,0.0,0.0,0.0,0.0,0.00021676315078535707,0.37002885772419225,0.0
608f6e09-3204-45e4-8d6f-7dad6e0c4a8e,ok,17761535.0,v1.14-1.15,0.0,0.0,0.0,True,0.0,0.0,0.1334130614995956,4.0,actuator_motors,none,12549709,7640793,10.7,,C,,0.0,4.0,True,10.008494449025736,197.46077204999608,2.000038481089728,114.966461,105.17881299999998,,True,0.0,0.027184968907386,1.3927549207437551e-05,9.19213730412593e-06,0.0022227652370929,0.0049978327937424,0.0043286545667797,0.0051954996306449,0.0001372045597236,0.0065511533059179,0.0002542863076087,0.02682202077346757,1.3927452220024618e-05,9.192095056690717e-06,0.002220298549012701,0.004985385084577072,0.004319312889826941,0.005182049588782944,0.0001371951480388697,0.006529787762965769,0.0002542539823253832
cf0692cb-7146-4fcc-a035-c662f5b4790c,ok,17760320.0,v1.14-1.15,0.0,0.0,0.1498327759197324,True,0.0,0.0,0.275387954711914,4.0,actuator_motors,none,158011796,54285576,33.8,,C,,0.0,4.0,True,9.51958568970554,200.8911711296712,1.9038209404226736,312.111965,308.5188299999997,,True,0.0,1.962974298000336,0.0086214554496109,0.0649485707283018,0.0102073238231241,0.0164023887366056,30.15663089752197,0.2276126846671101,0.0250505672767757,0.0358732881024479,0.0,1.0861935942373484,0.00858450294029012,0.06292650759940899,0.010155580899940102,0.01626932265454356,3.439027092484276,0.20507137660930252,0.024741945302054928,0.03524482757554142,0.0
dddfa2a1-8459-4504-a6a6-587bb0a90d38,ok,17170944.0,v1.12-1.13,0.0,0.0,0.0,False,0.0,0.0,0.3915402757485978,4.0,actuator_motors,none,4977609,3491787,3.0,,C,,0.0,4.0,True,10.008390841537633,20.00911513724235,2.000081260444353,105.35969,100.153985,,True,0.0,0.0128598040901124,0.0,0.0,0.0,0.0,0.0,0.0,2.341507911682129,0.1142864562571048,0.0244348663836717,0.012777818936721969,0.0,0.0,0.0,0.0,0.0,0.0,1.2064221756699491,0.10821425051177179,0.024141110671552782
c057a299-71c7-4fe7-abce-ba4ab1793df3,ok,17760767.0,v1.14-1.15,0.015267175572519,0.0,0.0,True,0.0032493907392363,0.3005820000000003,0.7718152850866318,4.0,actuator_motors,none,5150658,3638380,2.9,,C,,0.0,4.0,True,10.00790913661604,20.00804459225608,2.000148905203201,127.894577,123.08529099999998,,True,0.0,0.0048031567130237,0.0110643620137125,0.0073988534277305,0.0638593081384897,0.0676857680082321,0.020081637892872,0.0308837061747908,0.0286149098537862,0.0059481542790308,0.0,0.004791658360046674,0.011003599746643687,0.007371616178805594,0.061903152983253364,0.0654934725340275,0.01988266124325244,0.03041640155809502,0.02821314954215722,0.005930533847538862,0.0
3badfe9f-1d7c-46e6-b6fa-466340112649,ok,17694720.0,v1.14-1.15,0.0,0.0,0.0,True,0.5457974137931034,22.296949,0.8717953227460384,4.0,actuator_motors,none,6713481,4238567,3.8,,B,,0.0,4.0,True,8.285963161475838,16.6602946847151,1.5780788929112806,227.995743,227.059611,,True,0.0,0.0006262385606532,0.0,0.0,0.0,0.0,0.0,0.0,0.1081186715513468,,0.0001682173278823,0.000626042555112325,0.0,0.0,0.0,0.0,0.0,0.0,0.10266368687805644,,0.0001682031809340857
b9b3856e-5d37-457e-9439-b75b22fcc69d,ok,17760512.0,v1.14-1.15,0.0,0.0,0.0540275049115913,True,0.0,0.0,0.097660031914711,4.0,actuator_motors,none,38285754,22515203,16.0,,A,,0.0,4.0,True,10.00090792363562,20.000937766283243,1.9999977758136829,1017.258997,1015.9075220000008,,True,0.0,0.0251331036910414,0.012700967118144,0.0232040628790855,0.013176392391324,0.0263580163940787,0.004099593963474,0.0348261550068855,0.1211592517793178,0.0419326122850179,0.0,0.024822461419200012,0.012620986345420134,0.022938942032123686,0.01309033882589092,0.026016629735708063,0.004091213524597957,0.03423344643251208,0.11436319624752167,0.04107726972838367,0.0
0eb9125f-8e0e-496d-b52f-2fa04e1477cd,ok,17891583.0,v1.16+,0.0,0.0,0.0,True,0.0462546504525515,5.399938999999961,0.4627138495445248,4.0,actuator_motors,none,69792261,42815615,17.5,,B,,0.0,4.0,True,10.00056709397914,20.00052204996592,2.000001348851007,1804.733815,1800.8652110000037,,True,0.0,4.023090059490636e-05,0.0,0.0,0.0,0.0,0.0,0.0,0.0007040466094622,0.2737085133790969,0.0,4.0230091353929276e-05,0.0,0.0,0.0,0.0,0.0,0.0,0.0007037988849143184,0.24193273456634856,0.0
dabe3025-17d6-473b-9b7d-027c0ab2d51f,ok,17695488.0,v1.14-1.15,0.0,0.0,0.0,True,0.0,0.0,0.1793270871043207,4.0,actuator_motors,none,3663436,2614122,4.2,,C,,0.0,4.0,True,10.012510697132369,20.01210550454793,1.999978588464524,76.758396,73.36246500000001,,True,0.0,0.0012535933521576,0.0,0.0,0.0,0.0,0.0,0.0,0.0,0.0,0.0095950761344283,0.0012528082600669667,0.0,0.0,0.0,0.0,0.0,0.0,0.0,0.0,0.009549335746988066
b324bd5e-4939-4821-a9f2-c76a1d869b6d,ok,17956928.0,v1.16+,0.7101449275362319,0.0,0.0,True,0.0,0.0,0.1991857826709747,4.0,actuator_motors,none,10439146,6297666,5.2,,C,,0.0,4.0,True,10.003567308478813,20.003165949345764,1.999992918057864,274.686234,263.7550770000002,,True,0.0,0.1499347247183321,3.5120774555252865e-05,0.0017123945290222,3.582939098123461e-05,0.0029538741800934,0.0016304404707625,0.0268473122268915,0.0,15.389439630508416,0.0,0.13970517964969187,3.512015783528993e-05,0.0017109300531126912,3.5828749123937094e-05,0.0029495200659870055,0.0016291127456866997,0.02649324630712904,0.0,2.796637202452429,0.0
da3425c6-fd54-464c-b95c-6454ebdea39f,ok,17629184.0,v1.12-1.13,0.9423631123919308,0.0,0.0,True,0.0005945303210463,0.098859,0.1274120420217513,4.0,actuator_motors,none,5532516,3558974,3.5,,B,,0.0,4.0,True,9.999817170972763,19.99966405188593,1.999968464265375,172.841981,168.168699,,True,0.0,0.0767715200781822,0.0,0.0,0.0,0.0,0.0,0.0,0.1292718276381492,,0.0001702738300082,0.07396723089416177,0.0,0.0,0.0,0.0,0.0,0.0,0.12157302468890165,,0.00017025933506499016
080788da-61c0-43e0-aacd-ca60a30170ec,ok,17826240.0,v1.16+,0.0,0.0,0.0,True,0.0065586419753086,0.8988939999999843,0.3882914915680878,4.0,actuator_motors,none,11418366,7380099,6.5,,B,,0.0,4.0,True,10.003945581778927,20.003771191638865,2.000032061005439,264.820031,259.2060079999999,,True,0.0,0.0014113353623542,0.0013478186388965,0.0009989863203372,0.0158563873730599,0.018578606750816,0.0091510950587689,0.00231447101105,0.8398163646459553,0.166350959986447,0.0,0.0014103403646752678,0.0013469111466865773,0.0009984876655749814,0.015731988154526706,0.01840813264700053,0.0091094774932332,0.002311796748559968,0.6096657648175106,0.1538800374810197,0.0
2625b562-cdbe-49f0-a3a0-8587b141e993,ok,17762048.0,v1.14-1.15,0.0,0.0,0.0,False,0.010840059357921,2.9262239999999906,0.0895361900329589,4.0,actuator_motors,none,22670115,13642273,21.2,,B,,0.0,4.0,True,9.196707084570424,149.4738371756878,1.8372977617813788,210.566111,209.33002900000005,,True,0.0,0.0086806613951921,0.0,0.0,0.0,0.0,0.0,0.0,0.0138581227511167,0.0065796513110399,0.0305060990154743,0.008643201084810783,0.0,0.0,0.0,0.0,0.0,0.0,0.013762976988096481,0.006558099887601234,0.030050039832050474
7e581c76-6979-41e4-b417-a501676d09d8,ok,17694975.0,v1.14-1.15,0.0424973767051416,0.0,0.0,True,7.314834117849293e-06,0.0074839999999767,0.3351067543029785,4.0,actuator_motors,none,198943094,106309164,52.8,,C,,0.0,4.0,True,9.937614991568934,163.04892949932398,1.9865946829068712,1939.746991,1936.4564390000007,,True,0.0,0.0016759250080212,0.0053855126723647,0.0,0.0072025367058813,0.0,0.0034629149828106,0.0036780543159693,0.0204012408852577,0.0274474505335092,0.0,0.0016745222128059691,0.005371062656272177,0.0,0.007176722316990496,0.0,0.0034569328990418737,0.0036713068142510043,0.020195923362061025,0.02707752304732204,0.0
6f8e59c1-7b8e-4f91-81f6-5f85722049bd,ok,17891392.0,v1.16+,0.0,0.0211565585331452,0.0,True,0.0,0.0,0.0480635404586792,4.0,actuator_motors,none,165765139,78494544,62.3,,C,,0.0,4.0,True,124.99788012233108,249.9929337810489,100.0014132677577,707.136,655.732,,True,0.0,0.000565197202377,0.0001137538311013,6.742101541021857e-05,0.0027975519187748,0.0007349827210418,5.2050629165023565e-05,0.0002275620790896,0.0003613743465393,0.1163945697247982,0.0,0.0005650375385963946,0.00011374736162486872,6.741874271571011e-05,0.0027936460532842922,0.0007347127535145647,5.204927457802986e-05,0.00022753619076707274,0.00036130906655666554,0.11010435857360894,0.0
cd7fc0d8-8e8c-4e22-abc3-e6d4572e1314,ok,17761280.0,v1.14-1.15,0.0,0.0,0.0,True,0.0,0.0,0.2945441290736197,4.0,actuator_motors,none,47381984,30128952,9.3,,B,,0.0,4.0,True,10.00074544935283,20.00080545508412,1.999999424012324,1316.387477,1311.830016,,True,0.0,0.0118376214057207,0.0050289236940443,0.0012987819267436,0.0044404882006347,0.0030132830142974,0.0036542896181344,0.0032041005324572,0.1145275354385376,0.0725552916526795,0.0,0.011768104834886498,0.005016320891977673,0.0012979392390630854,0.004430658321802735,0.0030087521765510294,0.003647628923633814,0.0031989783407744368,0.10843058007832261,0.07004392447968615,0.0
164a2545-5edc-45dd-a65d-398c8dd498e2,ok,17891392.0,v1.16+,0.0,0.1124183006535947,0.0,False,0.0,0.0,0.0572008192539215,4.0,actuator_motors,none,108028610,45148818,34.5,,B,,0.0,4.0,True,125.00133519905148,250.0026703695792,100.00373855734414,374.496,362.344,,True,0.0,0.000275173340924,0.0004905188106931,0.0001303519391512,0.0022742832079529,0.0024405650328844,6.825584569014609e-05,0.0003838122065644,0.1753769963979721,0.2316170066595055,0.0,0.0002751354876841981,0.0004903985456678424,0.0001303434440754048,0.002271700940362,0.002437591690818356,6.825351636590338e-05,0.00038373856950071287,0.1615889441336845,0.2083279455629205,0.0
9dda00ed-0df6-4176-9215-65652a914da0,ok,17761280.0,v1.14-1.15,0.0329218106995884,0.0823045267489712,0.072,False,0.0968399592252803,4.297497000000007,0.9999999388190552,4.0,actuator_motors,none,4397021,3304055,4.1,,B,,0.0,4.0,True,10.009870314449484,20.00973773786664,1.9999993737375696,99.290887,97.771471,,True,0.0,0.0085647299885749,0.0019043809152208,0.0065498743206262,0.0103444648906588,0.0356908038258552,0.0074218506924808,0.0311328448355197,0.0698345266282557,0.0173853194341063,0.0147494981996715,0.008528260773394027,0.001902569880787426,0.006528517101161768,0.010291327054541359,0.0350686473861128,0.007394444279295399,0.030658047205235097,0.06750398850360219,0.017235923809701095,0.014641782230388097
e5894dba-282d-420d-9694-c47af61fb587,ok,17695488.0,v1.14-1.15,0.0,0.0,0.0,True,0.0,0.0,0.0822488084435462,4.0,actuator_motors,none,14373158,8966295,6.0,,A,,0.0,4.0,True,10.002417336025127,20.00269017089077,2.00000000538358,371.657688,365.229941,,True,0.0,0.0032590416609309,0.0,0.0,0.0,0.0,0.0,0.0,0.0125521504320204,,0.0001349752208625,0.0032537424950039254,0.0,0.0,0.0,0.0,0.0,0.0,0.012474025271664123,,0.00013496611252696706
6cea90e0-2b12-4834-878d-9118c5c2cc37,ok,17695488.0,v1.14-1.15,0.4506172839506173,0.0,0.0,True,0.0,0.0,0.1150210708379745,4.0,actuator_motors,none,2275140,1616331,3.1,,B,,0.0,4.0,True,10.014247083877212,20.01471333467229,2.0000548970291887,67.462335,64.18607699999998,,True,0.0,0.0006364812667015,0.0,0.0,0.0,0.0,0.0,0.0,0.0,0.0,0.0,0.0006362787984070316,0.0,0.0,0.0,0.0,0.0,0.0,0.0,0.0,0.0
cc78131b-5bd9-400b-aa93-cbca39c206d9,ok,17694975.0,v1.14-1.15,0.0,0.0,0.0,True,0.0,0.0,0.1930446768179534,4.0,actuator_motors,none,7851959,4696795,6.1,,B,,0.0,4.0,True,9.984632355089866,221.2939463926649,1.9844754943582288,65.264652,61.82418599999999,,True,0.0,0.0012936044426169,0.0285485151223838,0.0,0.0441836090758442,0.0,0.0353238333016633,0.8753159552812573,0.0029275770531967,0.0041681904578581,0.0,0.0012927684572684958,0.028148599754211984,0.0,0.043235344759300354,0.0,0.034714260196902456,0.6287771547095832,0.0029233000449762543,0.0041595276159187445,0.0
fd03539b-ef5c-411f-abbf-7f4a70de8916,ok,17891583.0,v1.16+,0.0,0.0,0.0,True,0.0,0.0,0.1815767347812652,4.0,actuator_motors,none,51731777,32519126,20.9,,C,,0.0,4.0,True,9.999142525282677,19.997572113543995,1.999994004927954,1222.725821,1217.3202229999993,,True,0.0,0.0010983117856085,0.0015518881846219,0.0012959056533873,0.0025189985986798,0.0016920985886827,0.005942041426897,0.0026800196617841,0.0030136328656226,0.0004201303177978,0.0,0.0010977090824828937,0.0015506852505384262,0.001295066692387375,0.0025158312396433157,0.0016906686027566428,0.005924457122132212,0.002676434812639372,0.0030091009767814056,0.0004200420877670425,0.0
49a71199-ca13-48c1-801a-3fbce3584971,ok,17761280.0,v1.14-1.15,0.0,0.0,0.0,True,0.0,0.0,0.1535730883479118,4.0,actuator_motors,none,122687321,70152824,32.0,,A,,0.0,4.0,True,10.00030960274274,20.000322685346223,2.0000018444277954,3027.901707,3019.5712659999926,,True,0.0,0.0128079785499721,0.0016647461452521,0.001449241884984,0.0148757500573992,0.0110852622892707,0.0017841676017269,0.0019478064205031,0.0069872057065367,0.0040074493736028,0.0,0.012726650091962973,0.0016633619913516912,0.0014481927474770937,0.014766191264025176,0.011024271090947547,0.0017825778653346113,0.0019459119052776014,0.006962908299740024,0.00399944093683516,0.0
3662188d-2333-4084-aaff-82fd49ecc295,ok,17891583.0,v1.16+,0.0,0.0,0.0,True,0.0726915520628683,0.499598000000006,0.4610952019691466,4.0,actuator_motors,none,5029293,3778699,3.4,,B,,0.0,4.0,True,10.009192136405082,20.008969414398784,1.9998958348093625,105.860952,101.81929,,True,0.0,0.0037465787841938,0.0005400912079494,0.000639360374771,0.0058379594935104,0.0098786054644733,0.0979517858475446,0.0555342299863695,0.0,0.0,0.0,0.0037395778388476194,0.0005399454111862858,0.0006391560710044367,0.005820984641610639,0.009830131020025196,0.09344643123756707,0.05404701789538112,0.0,0.0,0.0
459f9f78-2086-41a4-be89-425d88d1928f,ok,17695743.0,v1.14-1.15,0.0,0.0,0.0,True,0.0,0.0,0.2058582127094268,4.0,actuator_motors,none,3749696,2653576,2.6,,B,,0.0,4.0,True,10.01081492687181,20.009730786161665,2.000002739134186,92.113385,83.39015300000001,,True,0.0,0.0052805335260927,0.0,0.0,0.0,0.0,0.0,0.0,1.5139037714106943e-05,0.0,0.0,0.005266640396229666,0.0,0.0,0.0,0.0,0.0,0.0,1.5138923120032051e-05,0.0,0.0
24f13245-84c0-41cb-91fe-f63d2e7a4c67,ok,17761535.0,v1.14-1.15,0.0,0.0,0.0,True,0.0,0.0,0.5175485670566559,4.0,actuator_motors,none,4422737,3237158,3.0,,C,,0.0,4.0,True,9.853346457685284,19.7068112062475,1.9723521573210017,109.278484,104.99408100000004,,True,0.0,0.0036881897365674,0.0005025455669965,0.0007930867723189,0.0050817490089684,0.0044904960785061,0.0006104041880462,0.0041679556015878,0.0240270428359508,0.0229247603565454,0.0,0.0036814050418447148,0.0005024193332634107,0.0007927724451861681,0.0050688805004147795,0.004480443882653819,0.0006102179671859497,0.004159293734483347,0.02374293528808723,0.02266593622613227,0.0
e5041e51-b7a2-4421-aa9c-1224db8ca10b,ok,17826047.0,v1.16+,0.0,0.0,0.0,True,0.0,0.0,0.1325459748506545,4.0,actuator_motors,none,4486921,3440276,2.8,,C,,0.0,4.0,True,9.999646849319928,19.99954496040878,2.000108810388802,90.000012,85.23951899999999,,True,0.0,0.0028113065985962,0.000735188316321,0.0008673681062646,0.0140077440999447,0.0165275160223245,0.0009189213829813,0.0025072979391552,0.0120190973859279,0.0026917530340142,0.0,0.002807362266954972,0.0007349181977746641,0.0008669921599222563,0.013910542319260958,0.016392423097489478,0.0009184994331999161,0.002504159911895708,0.011947441621931319,0.002688136754782959,0.0
38f7ea64-3a7c-48e0-a419-afbf5a3494f9,ok,17761535.0,v1.14-1.15,0.0,0.0,0.0,True,0.0075471698113207,0.7987549999999999,0.2273570552468299,4.0,actuator_motors,none,4409875,3180904,3.4,,A,,0.0,4.0,True,10.009120276970744,20.00802362580096,2.000001887852249,107.334626,105.971681,,True,0.0,0.0040709402877837,0.0003504322405206,0.0029013716382905,0.0092842013575136,0.0191016413271427,0.0016368838842026,0.0091282187029719,0.0054553064052015,0.0024497143691405,0.0,0.004062676430557855,0.0003503708534839143,0.002897170783131882,0.00924136807122099,0.01892149541655853,0.0016355456499344613,0.009086808325846907,0.005440480118064944,0.0024467187102369873,0.0
b36b6eb1-1b4f-4f40-b22c-6defbf583b67,ok,17761280.0,v1.14-1.15,0.009925558312655,0.0,0.0,True,0.9475308641975309,184.20217,0.7781313776969909,4.0,actuator_motors,none,7162833,4382428,3.4,,C,,0.0,4.0,True,10.004572014563482,20.00473798001225,2.00006168190227,200.025581,194.38046100000005,,True,0.0,0.0004065615648869,0.0010017115855589,0.0002288609830429,0.0023458416108042,0.0023567879106849,0.0017559300758875,0.0025217041838914,0.0,0.0014513040659949,0.0006953168194741,0.0004064789411275497,0.0010012102073049141,0.00022883479836314518,0.002343094419850454,0.002354015041911414,0.001754390232979261,0.0025185300229725984,0.0,0.0014502519420936904,0.0006950751987298691
6019c4a4-97ed-4741-9ea4-990e9b992717,ok,17695488.0,v1.14-1.15,0.0,0.0,0.0,True,0.1952117863720073,10.598247999999998,0.994739172887057,4.0,actuator_motors,none,2264183,1675640,2.5,,A,,0.0,4.0,True,10.015384725334457,20.017127569038006,1.9999350354435983,60.249069,54.29184500000001,,True,0.0,0.6839592456817627,0.0,0.0,0.0,0.0,0.0,0.0,0.0740184560418129,0.0,0.0,0.5211477146257223,0.0,0.0,0.0,0.0,0.0,0.0,0.07140718033549673,0.0,0.0
9288b3ea-754b-4313-a0d3-12f7a5897f16,ok,17695744.0,v1.14-1.15,0.0,0.0,0.0,True,0.0092307692307692,0.598748999999998,0.7224866300821304,4.0,actuator_motors,none,6293238,3980943,3.2,,B,,0.0,4.0,True,10.00597579109746,20.0059752534275,1.999999879879887,166.905698,162.52997899999994,,True,0.0,0.0052768971538171,0.0,0.0,0.0,0.0,0.0,0.0,0.1819874539971351,0.2697103500366212,0.0,0.005263023118533327,0.0,0.0,0.0,0.0,0.0,0.0,0.16719730471195351,0.2387888036210852,0.0
edf4008e-e435-42c1-8524-8d62aafc36c8,ok,17694720.0,v1.14-1.15,0.0,0.0,0.0,True,0.0,0.0,0.0566842667758464,4.0,actuator_motors,none,7950977,5167071,4.9,,A,,0.0,4.0,True,10.004218467079683,20.003979602515088,1.9999456240380653,230.976155,226.62439800000007,,True,0.0,0.0029113212134689,0.0015354292641859,0.0,0.0177984112873673,0.0,0.0031643776339478,0.003483348886948,0.0101024847012013,0.0522663779556751,0.0,0.00290709152519712,0.0015342516978989606,0.0,0.017641874243264695,0.0,0.0031593815279787212,0.003477296079168785,0.010051795706625143,0.0509462932475094,0.0
d70b9718-5238-42f2-8477-7b53b6a3f99a,ok,17825984.0,v1.16+,0.0,0.0,0.0,True,0.0,0.0,0.1981966257095336,4.0,actuator_motors,none,5897225,3802872,3.2,,C,,0.0,4.0,True,10.006575828918168,20.00749419415876,1.999959084170403,144.35709,135.41271600000002,,True,0.0,0.0026071604341268,0.0,0.0,0.0,0.0,0.0,0.0,0.0060267174616456,21.70613975524899,0.0,0.0026037676870400593,0.0,0.0,0.0,0.0,0.0,0.0,0.006008629437854819,3.122635361715428,0.0
e8a6cb6a-4413-43b2-86c9-a9adc67ef010,ok,17761280.0,v1.14-1.15,0.0125,0.0,0.4087732919254658,True,0.0472827153227388,2.600962999999979,0.2521095395088195,4.0,actuator_motors,none,21401831,13173795,12.1,,B,,0.0,4.0,True,10.001913863984004,20.001887951339,2.000006357996865,514.52345,509.7751529999999,,True,0.0,1.3915517091751095,6.352334457915232e-05,0.0001444564550183,0.0008246032870374,0.0014398836530745,22.636354064941397,0.6246637821197503,0.0097753141075372,0.0,18.02892684936523,0.8719424059722467,6.352132705693845e-05,0.000144446022189316,0.0008242634885333818,0.0014388480146206965,3.162785953272288,0.48530089106333496,0.00972784482532106,0.0,2.9459602871464834
ae668731-a4bb-4f4e-a797-216a67a97070,ok,17694975.0,v1.14-1.15,0.4308943089430894,0.0,0.0,True,0.0016357688113413,0.0998870000000238,0.1267747342586517,4.0,actuator_motors,none,6897327,4498208,3.5,,B,,0.0,4.0,True,10.005258625557245,20.00516848820877,1.999984401205673,184.812633,183.413355,,True,0.0,0.0022205395973287,0.0,0.0,0.0,0.0,0.0,0.0,0.0050253971945494,,0.0001686503899691,0.0022180778428856356,0.0,0.0,0.0,0.0,0.0,0.0,0.005012812032084428,,0.00016863617009085116
b1d1ee7c-0056-49f0-898e-1be5dd2ae4ef,ok,17826047.0,v1.16+,0.0,0.0,0.0,True,0.0,0.0,0.1783075511455535,4.0,actuator_motors,none,2498137,1955450,3.7,,B,,0.0,4.0,True,10.01419376114176,20.014430870109223,1.999991406286926,64.181004,62.424023000000005,,True,0.0,0.0533411405980586,0.0,0.0,0.0,0.0,0.0,0.0,0.0989839673042297,0.0686786875128745,0.0,0.05196715086342482,0.0,0.0,0.0,0.0,0.0,0.0,0.09438608687488063,0.06642301390845962,0.0
19b09a88-1290-4954-ae81-e38e43e14084,ok,17826303.0,v1.16+,0.0,0.0,0.0,True,0.0,0.0,0.1491755083203315,4.0,actuator_motors,none,17555943,9736873,7.7,,A,,0.0,4.0,True,10.007496613278091,197.11493234590827,1.999929449643236,123.029945,114.816714,,True,0.0,0.0106623217463493,0.0060143353883177,0.0103616942651569,0.00694065336138,0.0072484906762838,0.0015508390264585,0.0065299971029162,0.0114523858763277,0.0,0.0003489993163384,0.010605880039135977,0.005996321465002557,0.01030837987978312,0.006916677899822385,0.007222346628314847,0.001549637717479689,0.006508769034537278,0.011387303731078616,0.0,0.00034893843024272293
9fc4a388-bb0e-4047-94c5-0aa6d9447b7c,ok,17825792.0,v1.16+,0.2075471698113207,0.0,0.0,True,0.0,0.0,0.1648907750844954,4.0,actuator_motors,none,3255351,2515977,20.3,,B,,0.0,4.0,True,10.012602623546412,20.013577334340702,1.9999554295647128,77.555612,72.01588600000002,,True,0.0,0.014340811409056,0.028388444893062,0.0036127515602856,0.1706381812691682,0.0613650545477866,33.27926940917968,0.0961670376360414,1.000002676248547,0.9416060209274244,0.0042286705691367,0.0142389546241385,0.027992960342060315,0.003606241248747922,0.15754905417987466,0.05955586694633182,3.5345407810514646,0.09181958351534503,0.6931485186833235,0.663515476438747,0.004219754867285742
91d4248d-8572-4df4-9bd2-e399de81063d,ok,17826240.0,v1.16+,0.0585365853658536,0.0,0.0,True,0.0009053533008116,0.009883000000002,0.6479623909249368,4.0,actuator_motors,none,82795650,34197290,58.4,,B,,0.0,4.0,True,9.970087746722358,988.6173233327712,1.9899924579285848,100.556526,95.751516,,True,0.0,0.0404243662953376,0.0054025772027671,0.0389973875135183,0.0586463123559949,0.2986002981662749,0.0393445830792188,0.073730820044875,0.3463055133819579,0.0449880331754683,0.0,0.039628674440505565,0.005388035633672167,0.03825619768998143,0.05699102816796602,0.2612869906981639,0.03859030591071012,0.07113933156761666,0.2973641842052126,0.04400543384447643,0.0
1c5ee64c-dffe-49c8-8b9f-cb08f0fd7ea2,ok,17826240.0,v1.16+,0.3016393442622951,0.0,0.0,True,0.0469354759688403,2.92962399999999,0.6971916757524003,4.0,actuator_motors,none,16370095,10022427,48.4,,B,,0.0,4.0,True,10.00630288759289,179.06125157228578,2.000109461772925,147.614049,142.876232,,True,0.0,0.1110341548919677,2024018.625,6259356.0,0.2378970682621002,0.0667164474725723,0.0186774974688887,66.74533081054688,0.0861905559897422,0.0325803669169545,0.0,0.10529125266197131,14.52059600548873,15.649588022145714,0.21341402723720806,0.06458518955412021,0.018505214911665773,3.551804907870039,0.08267667203997252,0.03206088003159662,0.0
89fc246c-8166-4461-a27c-bc153bcdf801,ok,17761280.0,v1.14-1.15,0.0,0.0,0.0,False,0.0,0.0,0.3212267577648162,4.0,actuator_motors,none,64370502,12418145,76.8,,B,,0.0,4.0,True,9.04907907384637,18.17745767714431,1.8729162722607515,87.485632,85.20833999999998,,True,0.0,0.0133676153607666,0.0003348427155287,0.0004228985519148,0.0030173847451806,0.0041418903507292,0.0001168656439404,0.0017717253183946,0.0159744139760732,0.0,7.732628726959231,0.013279057125891953,0.0003347866682176355,0.000422809155525042,0.003012841576527937,0.004133336334620375,0.00011685881568302047,0.0017701576644543397,0.015848165744774562,0.0,2.1670664387249534
70489d54-e0eb-46c8-923f-fb868dc2014b,ok,17825792.0,v1.16+,0.0,0.7589498806682577,0.0,True,0.2717608293046636,4.084498000000002,0.9999999500801208,4.0,actuator_motors,none,19117527,10378838,7.9,,C,,0.0,4.0,True,10.00020944194608,132.568688626558,1.9999574493465453,209.869138,149.04039900000004,,True,0.0,0.0048539637355133,4.140884666412602e-05,2.8130508053436567e-05,0.0002562887253588,0.000196838757256,0.0001571749766299,0.0013758635381236,2.024911296367645,0.253642202913761,0.0,0.004842221236652295,4.140798934150207e-05,2.813011239811487e-05,0.00025625588901369723,0.00019681938704965083,0.0001571626259373903,0.001374917905161064,1.106881767538034,0.22605307686773757,0.0
4ed46322-0a65-4049-a0e9-988d8425f817,ok,17761280.0,v1.14-1.15,0.0,0.1213720316622691,0.0,True,0.0,0.0,0.107738983631134,4.0,actuator_motors,none,22903588,13444659,10.4,,C,,0.0,4.0,True,9.577486085874945,192.78904765721649,1.919381832098825,198.957284,194.417118,,True,0.0,0.0353934306651353,0.0004234767853631,0.0003641954230261,0.0107066403608769,0.0075914198765531,0.0124965596478432,0.0104158460162579,0.0,93.2993797302246,0.0,0.03478148073416197,0.0004233871443755879,0.00036412911997071444,0.010649730138118896,0.0075627500537032225,0.012419122114110967,0.010361974845121484,0.0,4.546474611995559,0.0
3d1707b9-df27-4a1b-8b56-dcfc789278ac,ok,17761535.0,v1.14-1.15,0.0,0.0,0.0,True,0.0023375409069658,0.5,0.0642671585083007,4.0,actuator_motors,none,69313380,30908801,15.1,,B,,0.0,4.0,True,124.98279077335135,249.9244104011288,124.98279077335135,319.52,213.896,,True,0.0,0.0002327329391846,0.0073716361075639,0.0049926047213375,0.0065567316487431,0.0083080772310495,0.0289903756231069,0.0212151341140264,0.0825780034065246,0.0305847600102424,0.0,0.00023270586107533976,0.007344598391608866,0.004980182997733937,0.0065353297837058445,0.008273755126838594,0.02857810367222117,0.020993226206856654,0.0793452368725702,0.03012636931016332,0.0
8ec5d62b-0ecf-42fc-8205-270e7fe46ee5,ok,17694975.0,v1.14-1.15,0.0,0.0,0.0,True,0.0,0.0,0.0511371612548828,4.0,actuator_motors,none,2649059,1883208,3.0,,C,,0.0,4.0,True,10.013347349437913,20.01280819724624,1.9999651672733365,72.114781,65.86583900000002,,True,0.0,0.0006307689007371,0.0,0.0,0.0,0.0,0.0,0.0,0.2273236036300647,,0.0,0.0006305700496490258,0.0,0.0,0.0,0.0,0.0,0.0,0.20483586659646869,,0.0
78043fa7-3bc6-4456-8de3-08b7c10df9f4,ok,17891583.0,v1.16+,0.0845272206303724,0.0,0.018369690011481,True,0.018240659017358,1.798780999999991,0.3543483495712279,4.0,actuator_motors,none,16813612,11059758,6.0,,A,,0.0,4.0,True,10.002672770468802,19.999894011763747,1.9999988991360529,348.01283,339.877081,,True,0.0,0.1596718490123748,11.23563928604126,0.6670538783073405,8.291980457305902,0.3718927294015882,0.0352718457579612,0.7274668633937835,0.4199801713228218,0.3462102472782128,0.0,0.14813707631525838,2.5043529461255547,0.5110579237666605,2.229151711731812,0.3161913406796871,0.03466404513633917,0.5466560946486715,0.3506429076585061,0.2972934205683368,0.0
0bbdcab9-0dc0-40e2-900c-7b619b591181,ok,17826559.0,v1.16+,0.3550295857988165,0.0,0.0,False,0.1846733668341708,13.799927999999994,0.9999999999900172,4.0,actuator_motors,none,3105610,2168824,3.0,,C,,0.0,4.0,True,10.01191716115903,20.01191781176826,2.0001525385792296,83.860614,79.16827200000002,,True,0.0,0.4458867266774179,0.0091270441189408,0.0027035831008106,0.0171280354261398,0.0204507913440465,0.0081128729507327,0.039622526615858,0.0485402204096317,0.0591512843966484,0.0,0.36872278503706923,0.009085644366012157,0.002699934993846722,0.01698300434989674,0.020244481962112402,0.008080140513869016,0.038857692092048916,0.047398930576075006,0.05746791231496648,0.0
03e53081-190b-4d81-8c2c-7a1d524d2bb1,ok,17694975.0,v1.14-1.15,0.0,0.0,0.0,True,0.0,0.0,0.3661699905991552,4.0,actuator_motors,none,23332918,15327581,11.1,,C,,0.0,4.0,True,10.002879257946518,20.002725364317307,2.0000114551217893,356.087748,351.476342,,True,0.0,0.0024141855537891,0.0001886219979496,0.0,0.0012939705746248,0.0,0.0010151271708309,0.0012761793099343,0.0008103269734419,0.0016802452737465,0.0,0.002411276089561853,0.0001886042110571757,0.0,0.0012931341161914484,0.0,0.0010146122776696512,0.0012753656852658266,0.0008099988357938493,0.001678835240902914,0.0
6a5aed8a-76e2-46a5-a977-7dd15ad2dfb2,ok,17761535.0,v1.14-1.15,0.0,0.0,0.0,True,0.0162241887905604,0.3022339999999985,0.442273486405611,4.0,actuator_motors,none,5909725,3862908,5.4,,A,,0.0,4.0,True,10.006640764241835,20.006167232594404,2.0000892281799447,140.614177,135.60237199999997,,True,0.0,0.083334022760391,0.0,0.0,0.0,0.0,0.0,0.0,0.0005844975879881,4.6860482931137,0.0,0.080043344067541,0.0,0.0,0.0,0.0,0.0,0.0,0.0005843268358058373,1.738015506529655,0.0
011d4ba4-d4a8-4865-a3f5-6e5d5ff30f69,ok,17760256.0,v1.14-1.15,0.45,0.0,0.0446808510638297,False,0.4641790111881992,110.49738700000005,1.0,4.0,actuator_motors,none,30212096,17846458,15.3,,A,,0.0,4.0,True,10.003459713226086,222.44395353669665,1.9999841709437856,281.504886,279.6638309999999,,True,0.0,0.0134920637123286,0.0011501455446705,0.0017285541514866,0.013614061102271,0.0067694686353206,0.0129433346912264,0.0039065166842192,0.1105898045003413,0.0132483282126486,0.0,0.01340185630434845,0.001149484633997307,0.0017270619211124873,0.013522222365696963,0.0067466586655722995,0.01286028558865103,0.0038989060621594522,0.10489122961065951,0.013161336599085652,0.0
0c0d121d-9a16-4794-adf6-e38febb6fefd,ok,17761535.0,v1.14-1.15,0.0,0.0,0.0,True,0.0,0.0,0.2532416254281998,4.0,actuator_motors,none,2675350,2126250,2.3,,C,,0.0,4.0,True,10.014292713685462,20.013422921003887,1.9999471464349543,65.910159,59.95367099999997,,True,0.0,0.0037015536334365,0.0062540860613808,0.0060377103742212,0.0204176182858645,0.0319701943546533,0.1610225275158881,0.0852451559156178,0.0215394634753465,0.0084997381549328,0.0,0.003694719742603185,0.006234610424509092,0.006019556436437596,0.020211973194738286,0.03146978520300475,0.14930110607263136,0.0818059116221748,0.021310767397979737,0.008463818773952721,0.0
0ed66a3e-5c8b-4b14-b97c-cf244569ffac,ok,17761280.0,v1.14-1.15,0.7729119638826185,0.0,0.0,True,0.0,0.0,0.2152652561664579,4.0,actuator_motors,none,122315415,66775623,28.4,,C,,0.0,4.0,True,9.993250977056649,220.0196619925985,2.000122758108499,1087.998853,1084.1851220000003,,True,0.0,0.0604717653244733,0.0631002500653266,0.0251366272568702,0.0293700344860553,0.0149002686142921,0.0564948000013828,0.1032567590475082,0.009640672430396,0.0055988148320466,28.991850471496598,0.05871387074028764,0.06118940353516462,0.024825898592149124,0.028946998123736294,0.014790350143299096,0.05495663615119705,0.09826649563641024,0.009594497681158316,0.0055831997252333496,3.4009256938082393
6acba6e4-c6b8-4d10-8a3e-9d401fba25f2,ok,17761535.0,v1.14-1.15,0.0,0.0,0.0,True,0.0,0.0,0.2026323184370994,4.0,actuator_motors,none,3726959,2703077,2.9,,B,,0.0,4.0,True,10.011001575880384,20.01068982485124,2.0000986025621423,87.084694,83.39876399999994,,True,0.0,0.0030761469854041,0.0039153211517259,0.0004054719902342,0.0030878400197252,0.0024042542790994,0.0061866425909101,0.0039892806205898,0.007281271694228,0.0017139200994279,0.0,0.003071425325800698,0.00390767623024991,0.00040538980868089593,0.003083082432993304,0.002401368683990894,0.006167583883517631,0.003981344539822054,0.007254891213715781,0.0017124530144460438,0.0
0e693476-e220-4fce-94da-3dd9b82e5ffa,ok,17761023.0,v1.14-1.15,0.0,0.0,0.0,True,0.0,0.0,0.2561106145381927,4.0,actuator_motors,none,7924485,5333047,3.4,,B,,0.0,4.0,True,10.00524623139802,20.00483429126461,2.000037995444768,189.918639,181.450675,,True,0.0,0.0015828556322958,0.0005131444457219,0.0004581792134558,0.0031059762695804,0.0020416836836375,0.0002629553520819,0.001562113140244,0.0219577487558126,0.0055868381168693,0.0,0.0015816042366645013,0.0005130128321334089,0.00045807428141054297,0.003101162689953959,0.00203960228006913,0.00026292078538283866,0.0015608943106472626,0.02172014920070921,0.005571289621201054,0.0
d072ce4e-af2a-4305-83b2-920b812a1f0b,ok,16842880.0,v1.12-1.13,0.0,0.0,0.0,True,0.0,0.0,0.2919733792543411,4.0,actuator_motors,none,29818642,15679866,6.7,,B,,0.0,4.0,True,10.004630428560144,201.25063992101352,2.0000169957776146,229.32389,223.45273899999987,,True,0.0,0.0067636397201567,0.0,0.0,0.0,0.0,0.0,0.0,0.0002009901028941,,0.0004665092506911,0.006740868926988188,0.0,0.0,0.0,0.0,0.0,0.0,0.00020096990708942856,,0.0004664004690810465
1d33794c-79e8-4200-be54-c6fa4bcacdf5,ok,17826047.0,v1.16+,0.3169014084507042,0.0,0.023961661341853,True,0.4577405857740586,4.098877000000002,0.535561379790306,4.0,actuator_motors,none,6100928,4530746,3.9,,C,,0.0,4.0,True,10.007982927630122,19.99990152170188,1.9998456665288031,124.70422,119.499162,,True,0.0,0.0125227212905883,0.00642425424885,0.0323954883962869,0.0607362704351542,0.0974763493984935,0.0334633141756057,0.0806275337934493,0.0689856719225642,0.0059660143917426,0.0,0.01244496052759455,0.0064037066824322005,0.03188181883755323,0.05896326175483478,0.0930133162119823,0.03291560282423133,0.0775419222008002,0.06671022870010361,0.0059482881960994365,0.0
2b568284-5261-4b49-af62-5a8bf4b3960d,ok,17761023.0,v1.14-1.15,0.0,0.0,0.0,True,0.0,0.0,0.1253529608249664,4.0,actuator_motors,none,3177267,2379939,2.8,,C,,0.0,4.0,True,10.012945289357496,20.01293945850368,2.0000001307189628,76.890457,72.59014299999994,,True,0.0,0.0005010263383155,0.0,0.0,0.0,0.0,0.0,0.0,5.989417368255087e-05,,0.0,0.0005009008665276879,0.0,0.0,0.0,0.0,0.0,0.0,5.989238009814679e-05,,0.0
c5c3983f-0f5b-4609-a72e-a34564631547,ok,17891583.0,v1.16+,0.1807909604519774,0.0,0.0,True,0.0,0.0,0.4262957938015459,4.0,actuator_motors,none,3655130,2828291,3.3,,B,,0.0,4.0,True,10.011472264200531,20.01182332412018,2.00003628808355,83.573303,76.13518499999999,,True,0.0,0.0070006429450586,0.0043294021859765,0.0112786590121686,0.0352018896490335,0.1158507585525513,0.1109611421823502,0.0824033543467521,0.0307481534779071,0.0172124314121902,0.0,0.0069762522119499164,0.004320057286509379,0.011215529174075312,0.03459647015795813,0.10961712612104982,0.10522553451239655,0.07918389685961728,0.03028490116781499,0.017065975698571705,0.0
5d32c3e2-278b-47f8-8b50-0e645ca34dcc,ok,17826559.0,v1.16+,0.0,0.0,0.0,True,0.1271630236794171,0.0150240000000003,0.8740097951143979,4.0,actuator_motors,none,6600091,4238423,12.8,,C,,0.0,4.0,True,10.01536506997842,161.37715245028525,1.999691952965608,63.818061,61.645427000000005,,True,0.0,0.0016389488591812,0.0,0.0,0.0,0.0,0.0,0.0,0.0003670262711239,0.0,0.0,0.0016376072481875312,0.0,0.0,0.0,0.0,0.0,0.0,0.0003669589334580102,0.0,0.0
4e949013-45c1-496f-8847-9730ca72cc76,ok,17629952.0,v1.12-1.13,0.0,0.0,0.0,True,0.1043872919818457,3.301321999999999,0.4117274284362793,4.0,actuator_motors,none,2495662,1737103,2.5,,B,,0.0,4.0,True,9.088337060745078,18.202627775063142,1.8422835525727523,76.585763,73.163469,,True,0.0,0.0043519008904695,0.001449630013667,0.0,0.0,0.0,0.0,0.0,0.15781831741333,0.0,0.0,0.00434245875403883,0.0014485803144066531,0.0,0.0,0.0,0.0,0.0,0.14653747341629347,0.0,0.0
3478674c-0951-4147-b827-d97e5a606477,ok,17695744.0,v1.14-1.15,0.0,0.0,0.0,True,0.0,0.0,0.1024939462542533,4.0,actuator_motors,none,96022854,33741147,24.8,,B,,0.0,4.0,True,9.5838008975172,200.82296716210607,1.9176585654860043,181.654098,176.82834400000002,,True,0.0,0.0102172556798905,0.0,0.0,0.0,0.0,0.0,0.0,0.1315738677978515,0.0189263224601745,0.0805910751223564,0.01016541235503844,0.0,0.0,0.0,0.0,0.0,0.0,0.12360946703427249,0.01874944785831516,0.07750818320656246
5000e3ac-587c-4dba-97da-baed7d649ccf,ok,17891392.0,v1.16+,0.0,0.0,0.0,True,1.5076134479119554e-05,0.0024060000000076,0.5320068751912913,4.0,actuator_motors,none,71272972,36987395,29.5,,A,,0.0,4.0,True,9.761640636368387,183.9929493723349,1.960490657524687,583.252441,238.82921299999995,,True,0.0,0.0034814005019143,0.0,0.0,0.0,0.0,0.0,0.0,0.0,0.0,0.0063205609098076,0.0034753544555958813,0.0,0.0,0.0,0.0,0.0,0.0,0.0,0.0,0.0063006699354455084
4a8102ff-3fec-4668-b722-ff552f518a95,ok,17694975.0,v1.14-1.15,0.0,0.0,0.0,True,0.0,0.0,0.0926572561264037,4.0,actuator_motors,none,3546375,2376048,2.6,,B,,0.0,4.0,True,10.009815997978038,20.0093559427602,1.9998431832811616,96.864314,90.712823,,True,0.0,0.0179465473629534,0.0,0.0,0.0,0.0,0.0,0.0,0.1816021934151649,0.4737091481685637,0.0,0.017787409247753447,0.0,0.0,0.0,0.0,0.0,0.0,0.16687130854269133,0.3877824528371139,0.0
34e97410-ab2f-457d-ab0e-bc2c8dba8823,ok,17826047.0,v1.16+,0.0,0.0,0.0,True,0.0037878787878787,0.1020819999999993,0.4367673903703688,4.0,actuator_motors,none,2339178,1720784,2.6,,C,,0.0,4.0,True,9.999527565356498,19.999922692004617,2.0000229923903063,63.929765,52.77704799999998,,True,0.0,0.0082441116217523,0.0062414286192506,0.0012038654182106,0.0105254876893013,0.0106341133359819,0.0578130880370736,0.0144696257077157,0.0133396578952669,0.058669521100819,0.0,0.00821031455766092,0.006222031571996842,0.0012031413532975629,0.010470480392830713,0.010577968833357708,0.05620365245755671,0.014365939675552036,0.01325146807455692,0.05701295096706694,0.0
eaa508b9-9ca0-4439-b768-65327435e69a,ok,17825984.0,v1.16+,0.0,0.0,0.0,True,0.0,0.0,0.1755701482295989,4.0,actuator_motors,none,7191844,4953688,5.0,,C,,0.0,4.0,True,9.878830310776904,19.744665580448665,1.97444112166096,156.735872,149.87983100000005,,True,0.0,0.0040608022827655,0.0,0.0,0.0,0.0,0.0,0.0,2.3021812915802005,0.3335827827453614,0.0,0.004052579478447224,0.0,0.0,0.0,0.0,0.0,0.0,1.1945832475583862,0.2878691420122006,0.0
897fc073-14b4-4366-8ab6-c98d06d91c1f,ok,17694720.0,v1.14-1.15,0.0,0.0,0.0,True,0.4689569536423841,10.898387999999985,0.5439606010913849,4.0,actuator_motors,none,8335390,5372853,3.6,,B,,0.0,4.0,True,9.979302764131244,19.963410319871,1.9959348457598056,246.603392,241.623057,,True,0.0,0.0,0.0,0.0,0.0,0.0,0.0,0.0,0.004860396287404,0.0,0.0,0.0,0.0,0.0,0.0,0.0,0.0,0.0,0.004848622695505033,0.0,0.0
696eb442-7147-4651-b591-5a63a798c0e2,ok,17760511.0,v1.14-1.15,0.0,0.0,0.0,True,0.0,0.0,0.2327122554183005,4.0,actuator_motors,none,3301611,2433077,5.4,,C,,0.0,4.0,True,10.010635515617968,20.009940938658325,2.000263665189867,92.008017,87.80210899999999,,True,0.0,0.0074163884855806,0.0018252139678224,0.0042241416871547,0.0062675071880221,0.0104622572660445,0.0131831426173448,0.0064286243170499,0.0126537716016173,0.0024784613400697,0.0018224221654236,0.007389022298717504,0.00182355028888065,0.004215245045641569,0.006247948047008665,0.010407906610841918,0.013097001242805792,0.006408048845981699,0.012574381653774783,0.002475395020221011,0.0018207635689520007
03ab22c7-89ed-40e9-a6e0-1fb4c8747e0f,ok,17891392.0,v1.16+,0.0,0.1621621621621621,0.0,True,0.0111492281303602,0.5999999999999979,0.0789458006620407,4.0,actuator_motors,none,32360464,16569536,13.7,,B,,0.0,4.0,True,125.0,250.0,100.00991389077724,141.036,116.544,,True,0.0,0.0002944462758023,0.0001468258997192,7.480202475562692e-05,0.0016436713049188,0.0015754424966871,6.037779530743137e-05,0.0003737570092198,0.1076379403471943,0.1001344613730904,0.0,0.00029440293500511525,0.00014681512185175295,7.479922722367965e-05,0.0016423219556282835,0.0015742027890448518,6.03759726417136e-05,0.00037368717946786054,0.10222976628487039,0.09543240994581711,0.0
7f47f5a2-994a-4fcf-906a-a27748dd2b9c,ok,17695743.0,v1.14-1.15,0.0,0.0,0.0,True,0.0,0.0,0.2197862267494201,4.0,actuator_motors,none,18888404,13670688,4.9,,C,,0.0,4.0,True,10.003167289654362,20.00316757978794,2.000000253565801,315.460683,310.1299049999999,,True,0.0,0.002367196069099,0.0008613255398813,0.0,0.0315026562660931,0.0,0.0024600465316325,0.0037231441005132,0.0342181101441383,0.0436839580535888,0.0,0.002364398674269153,0.0008609548119015195,0.0,0.031016628674756443,0.0,0.0024570255706190224,0.00371623035478396,0.033645692085741585,0.042756721459949326,0.0
4d5abfdd-3948-433e-b79a-a079f2ee5aa3,ok,17891392.0,v1.16+,0.0,0.0,0.0,False,0.0025840836597084,0.1996680000000026,0.0692905098199811,4.0,actuator_motors,none,9387594,5870490,3.5,,C,,0.0,4.0,True,8.77228357307116,143.28961071798153,1.79660007278881,103.194831,98.261652,,True,0.0,0.0,0.0,0.0,0.0,0.0,0.0,0.0,6.149485039710998,0.8868306010961511,0.0029547488200478,0.0,0.0,0.0,0.0,0.0,0.0,0.0,1.9670403316941352,0.6348984908125369,0.002950392129593863
07efa8c6-9de6-4d0a-bd45-5367ae04d44c,ok,17826047.0,v1.16+,0.569620253164557,0.0,0.0,True,0.0,0.0,0.3338136807084078,4.0,actuator_motors,none,3225510,2374464,2.8,,B,,0.0,4.0,True,10.013998550271078,20.01308348801344,2.000064107317966,76.374414,74.262878,,True,0.0,0.0221907764673233,100127430.40000002,1566593587.2,0.0342137791216373,0.038666208833456,0.0002284230504301,0.0464577049016953,0.1461177855730058,0.0236764535307884,0.0,0.021948144094079004,18.421954246703397,21.172169410076577,0.03364150435055583,0.03793739855093941,0.0002283969658572523,0.04541084632195644,0.1363803927431898,0.023400513341540686,0.0
3876b745-53c0-4aef-9954-1e2a192e86dd,ok,17826047.0,v1.16+,0.0,0.0,0.0,True,0.0,0.0,0.411562317609787,4.0,actuator_motors,none,11651189,7184648,4.3,,C,,0.0,4.0,True,10.004776567639604,20.00446027637606,1.9999894425109728,195.910585,188.917965,,True,0.0,0.0014675718033686,162425463603.2,2648534600908.8,0.0194867560639977,0.0205516011454164,10.606932210922238,0.0132887890562414,0.1624622479081154,0.0198744856752455,6.265713709581169e-05,0.001466495972313833,25.81348504797521,28.60502762218766,0.019299320329060888,0.02034326656111419,2.451602524007773,0.013201267615649218,0.15054038303430256,0.01967956646494298,6.265517421938889e-05
97b5c8de-77b5-47f9-a908-63c86c5dd44e,ok,17695743.0,v1.14-1.15,0.0,0.0,0.0,True,0.0,0.0,0.4869367331266401,4.0,actuator_motors,none,3177843,2469450,8.7,,C,,0.0,4.0,True,10.01289900109463,20.013062300450883,1.9997907152356813,75.09369,69.75050599999999,,True,0.0,0.0475948005914688,0.2333133071660995,0.0,0.0737977214157581,0.0,0.1564114093780517,0.0450614728033542,0.3350211679935455,0.9517594367265694,0.0,0.04649687047708415,0.20970429341734823,0.0,0.07120163702210831,0.0,0.14532159740163814,0.044075709335756455,0.28894714790144543,0.6687312410144237,0.0
d58cbeda-a19d-47a7-9add-b8550933bad0,ok,17694975.0,v1.14-1.15,0.0,0.0,0.0,True,0.0,0.0,0.274990426748991,4.0,actuator_motors,none,123892907,62374031,35.8,,A,,0.0,4.0,True,9.977584080140632,122.2415481132368,1.994412970625952,1252.699988,1248.0930079999987,,True,0.0,0.0007031602843198,0.0,0.0,0.0,0.0,0.0,0.0,0.0026002395898103,0.0179059505462646,0.0001985720897209,0.00070291318295487,0.0,0.0,0.0,0.0,0.0,0.0,0.002596864815729645,0.017747527363642615,0.0001985523768930604
61f15c32-8182-4a20-96b8-affd016e6ada,ok,17760767.0,v1.14-1.15,0.0,0.0,0.0,True,0.0149700598802395,0.7010880000000057,0.5513410389423369,4.0,actuator_motors,none,3040555,2461273,3.1,,C,,0.0,4.0,True,10.013834464305184,20.01329606438389,1.999903482918868,69.270428,66.88193799999999,,True,0.0,0.0120771034620702,0.0024352496024221,0.0041188968345522,0.0084256364032626,0.017829929664731,0.0412801869213581,0.0152785095386207,0.0546204090118377,0.715062648057938,0.0,0.012004757154793716,0.0024322891873680076,0.0041104374000549785,0.008390338859784083,0.017672840974010322,0.04045090511960343,0.015162968488811617,0.05318090029928721,0.5394496094305652,0.0
3e2f551a-7341-4ab2-bae4-c6eea04e3b83,ok,17826047.0,v1.16+,0.0,0.0,0.0,True,0.0,0.0,0.1764517202973365,4.0,actuator_motors,none,12736641,8183232,3.9,,C,,0.0,4.0,True,10.007194117266208,131.087427914557,1.9999770805546244,137.278725,133.03712400000003,,True,0.0,0.0221158750355243,0.0025706710293889,0.0009746792668011,0.004801752930507,0.0055488800629973,0.0154668265022337,0.0065923484507948,0.1268708527088165,0.1246840462088585,0.0,0.02187486601539403,0.0025673725063539697,0.0009742045753874133,0.004790261286910592,0.005533541742195792,0.015348434347883782,0.006570713951135368,0.11944463462153208,0.11750214839690248,0.0
6fc16abb-56b6-411a-9337-3788064bc258,ok,17695743.0,v1.14-1.15,0.0471204188481675,0.0,0.0,True,0.0137457044673539,0.5001759999999997,0.4191078886389728,4.0,actuator_motors,none,2152661,1620004,2.4,,B,,0.0,4.0,True,10.016152737118244,20.01633584013268,2.0002919125189407,62.070843,58.182412,,True,0.0,0.0139946189243346,0.0021100560086779,0.0,0.1872266836464404,0.0,0.1774362444877624,0.02325682612136,0.4109932005405425,0.4918969273567199,0.0,0.013897598374175302,0.0021078329671102435,0.0,0.17162006929567952,0.0,0.16333940063385835,0.02299050738826588,0.34429385396504936,0.40004841585411893,0.0
54ae04b7-e6ed-46f7-ba8a-c6136f249426,ok,17761535.0,v1.14-1.15,0.0,0.0,0.0,True,0.0001087488445435,0.0074889999999996,0.2965253591537475,4.0,actuator_motors,none,7119784,4445919,3.1,,C,,0.0,4.0,True,10.015042742570346,161.3203085764611,1.999931554581274,67.024235,64.714075,,True,0.0,0.0116810944862663,0.0007233828946482,0.0007878514472395,0.0020019714487716,0.0029480404220521,0.0047498173546046,0.0043365409132093,0.0145456822589039,0.0131890867836773,0.0,0.01161339717783614,0.0007231213793515937,0.0007875412552008469,0.0019999701744816156,0.002943703472464811,0.004738572565225689,0.0043271652152890305,0.014440908603509552,0.013102868048762043,0.0
4fa4d7ef-07d1-4916-8e4f-9d9fc6d7cad9,ok,17761535.0,v1.14-1.15,0.0,0.0,0.0,True,0.0,0.0,0.2102606236934661,4.0,actuator_motors,none,7249640,4803330,3.0,,C,,0.0,4.0,True,10.005307824342625,20.005441616792297,2.0000712368229663,175.224173,171.50219100000004,,True,0.0,0.002451920765452,0.0,0.0,0.0,0.0,0.0,0.0,2.327503204345703,2.327503204345703,0.0155241433531045,0.002448919712293981,0.0,0.0,0.0,0.0,0.0,0.0,1.2022222342756075,1.2022222342756075,0.015404876598722642
670e0ff2-9811-4f8a-be96-18f124277286,ok,17956992.0,v1.16+,0.0,0.0,0.0,True,0.0024420024420024,0.100605999999999,0.6052918913633136,4.0,actuator_motors,none,3714292,2835614,2.6,,C,,0.0,4.0,True,10.011090418500144,20.01147892493226,1.999954620077311,84.667973,81.970588,,True,0.0,0.0050300760194659,0.0028450816869735,0.0007523795589804,0.0178092014044523,0.0328900508582592,0.0136422647163271,0.0374961659312248,1.1976113319396966,0.3461318016052245,0.0,0.00501746745078193,0.0028410421022226303,0.0007520966633677054,0.01765247561557027,0.03236074774304886,0.013550046784048728,0.036810277627911885,0.7873710122925929,0.29723514738343965,0.0
8614a098-cd29-429d-bf19-9f249282e533,ok,17825856.0,v1.16+,0.0,0.0,0.0,True,0.0424665503199534,0.4998389999999801,0.7097240313887596,4.0,actuator_motors,none,6014064,3911424,3.3,,B,,0.0,4.0,True,10.005796415843356,20.00585089335653,2.0000148473724693,173.753606,171.81041799999994,,True,0.0,0.0001953155668161,0.0,0.0,0.0,0.0,0.0,0.0,0.0,0.0,0.0,0.00019529649521405975,0.0,0.0,0.0,0.0,0.0,0.0,0.0,0.0,0.0
58aa64df-ba3f-4221-9310-31bcfe5131c2,ok,17760511.0,v1.14-1.15,0.0,0.0,0.0,True,0.0,0.0,0.1435228362679481,4.0,actuator_motors,none,2965883,2429107,2.5,,A,,0.0,4.0,True,10.00034466505818,19.98624287507783,1.9998185858001143,69.217022,63.09375799999998,,True,0.0,0.0051175575703382,0.000565496640047,0.0009001726517453,0.0060312136309221,0.0077560076490044,0.0024954596883617,0.0020617208094336,0.1949551850557326,0.1464738517999645,0.0,0.005104507377069635,0.0005653368070758811,0.0008997677393196669,0.0060130986623309415,0.007726084445152828,0.0024923511991659097,0.00205959837982311,0.17810868263484267,0.13669101607794965,0.0
13fc4985-9b22-47d1-a4b8-377536fa279c,ok,17761280.0,v1.14-1.15,0.254957507082153,0.0,0.0,True,0.0,0.0,0.0881886646151542,4.0,actuator_motors,none,7166418,4821115,4.5,,C,,0.0,4.0,True,10.005349170843314,20.00482977803463,1.99998231354672,175.764773,167.80510300000006,,True,0.0,0.0025957919540815,0.0028679211391136,0.0015113830508198,0.0034565352019853,0.0048729316331446,0.0014122708933427,0.0052701350301504,0.1260051924735307,0.0517038535326719,0.0,0.002592428705086256,0.0028638164992663808,0.0015102420609604571,0.0034505751144035973,0.004861097331384941,0.0014112745767402522,0.0052562964679666105,0.11867614113984178,0.05041156663589861,0.0
4b3036f1-5845-43b9-b11f-f025ed1526a1,ok,17694720.0,v1.14-1.15,0.4864864864864865,0.0878378378378378,0.0,True,0.0271186440677966,0.3978450000000002,0.6322058290243147,4.0,actuator_motors,none,14142445,5041311,8.9,,B,,0.0,4.0,True,99.30933802624963,20.03752868954072,99.28468085134128,67.316641,59.054196,,True,0.0,4.835843355976977e-05,0.0,0.0,0.0,0.0,0.0,0.0,0.0008217269787564,0.0,0.0002234130661236,4.835726432841624e-05,0.0,0.0,0.0,0.0,0.0,0.0,0.0008213895459816823,0.0,0.00022338811314102168
a40dc2cd-69f9-40c1-a694-6f93ab837faa,ok,17694720.0,v1.14-1.15,0.0,0.0205026455026455,0.0,True,0.0,0.0,0.2312498986721037,4.0,actuator_motors,none,26036584,16917188,14.8,,C,,0.0,4.0,True,9.9999978602567,19.99986087397844,1.9999979431614017,757.015355,745.8904149999995,,True,0.0,0.0052035548025742,0.0006872934900457,0.0,0.0009939812065567,0.0,0.0012901232170406,0.0008728362328838,0.0027288858313113,0.0743702091276645,0.0,0.0051900630942723945,0.0006870574120386956,0.0,0.0009934875343440576,0.0,0.0012892917231592336,0.0008724555328488334,0.0027251691823761584,0.07173463792703733,0.0
c45a3805-f8c0-4ede-a163-958336949046,ok,17694720.0,v1.14-1.15,0.0781954887218045,0.0,0.0009976720984369,True,0.0041806020066889,1.5995000000000346,0.430099519342184,4.0,actuator_motors,none,114475156,37266810,19.9,,C,,0.0,4.0,True,10.002126238051613,20.000834108489748,90.70307911145116,608.385883,598.0226190000008,,True,0.0,0.0002119297423632,0.0,0.0,0.0,0.0,0.0,0.0,6.940329330973327e-05,0.0,0.0,0.00021190728842773276,0.0,0.0,0.0,0.0,0.0,0.0,6.940088501260067e-05,0.0,0.0
22332e61-4d74-4a49-9526-b29c4eb84d6b,ok,17761535.0,v1.14-1.15,0.0,0.0,0.0,True,0.0143084260731319,0.4975650000000016,0.4346273928880692,4.0,actuator_motors,none,2786813,2299673,3.0,,C,,0.0,4.0,True,10.01442988305877,20.014509773888985,2.00022940977005,66.8475,62.93047399999999,,True,0.0,0.0041569881839677,0.0041894186288118,0.0007205129921203,0.024544827453792,0.0350018292665481,0.0308473234996199,0.0057497256202623,0.0237321130000054,0.0237100832164286,0.0,0.00414837177919504,0.0041806674476483575,0.00072025354724918,0.024248443184956,0.034403194123063384,0.030381108229672424,0.005733259036649306,0.023454883993437512,0.023433364671799656,0.0
0fb3598c-81a1-4dde-8a39-11243df18657,ok,17891583.0,v1.16+,0.0,0.1639344262295081,0.0,True,0.0,0.0,0.2144525622949,4.0,actuator_motors,none,2797098,2268915,2.7,,A,,0.0,4.0,True,10.015307668178863,20.01568447593122,1.999887239691136,60.049333,55.68787600000001,,True,0.0,0.0005558811826631,0.0,0.0,0.0,0.0,0.0,0.0,4.211615669191815e-05,0.0,0.0,0.0005557267379511027,0.0,0.0,0.0,0.0,0.0,0.0,4.211526983149158e-05,0.0,0.0
d4a2fc1f-5fc3-4c5d-9836-5547540a4d0c,ok,17629696.0,v1.12-1.13,0.0,0.0,0.0,True,0.0,0.0,0.2245630323886871,4.0,actuator_motors,none,20125519,12457493,3.3,,C,,0.0,4.0,True,10.001945640962232,20.00187887901088,1.9999904829512705,468.334363,461.06901199999993,,True,0.0,0.0097323505207896,0.0018230312969535,0.0,0.0064606240950524,0.0,0.0,0.0113558005541563,0.0042391866445541,0.0296844825148582,0.0080232854932546,0.009685296250233587,0.001821371592221634,0.0,0.006439843717985153,0.0,0.0,0.011291807457242349,0.004230226606108673,0.029252427658166883,0.007991270070112674
c5aa149c-84f7-40d3-984b-9660fca0ff40,ok,17826240.0,v1.16+,0.0220994475138121,0.0,0.0,True,0.2073732718894009,3.101827,0.7185274839401243,4.0,actuator_motors,none,4129968,3175291,2.8,,B,,0.0,4.0,True,10.011750668691812,20.01038434796157,1.9999348243462245,90.086565,86.83677800000001,,True,0.0,0.0,0.0,0.0,0.0,0.0,0.0,0.0,0.0,0.0,0.0215719453990459,0.0,0.0,0.0,0.0,0.0,0.0,0.0,0.0,0.0,0.021342563925140272
b07c6ed8-421c-48ef-a1d3-26ddda7b0750,ok,17695488.0,v1.14-1.15,0.0,0.0,0.0,True,0.0,0.0,0.1096680045127866,4.0,actuator_motors,none,2901818,2089925,3.2,,B,,0.0,4.0,True,10.01161568806895,20.01088902304097,1.9999862112751887,81.18883,76.44622100000001,,True,0.0,0.0046718256897292,0.0,0.0,0.0,0.0,0.0,0.0,0.0010443603998282,0.0,0.0,0.004660946582461412,0.0,0.0,0.0,0.0,0.0,0.0,0.0010438154348993596,0.0,0.0
de5dfc71-001f-4f49-a82c-847a95870a90,ok,17695488.0,v1.14-1.15,0.0,0.0,0.0,True,0.0,0.0,0.2134774327278137,4.0,actuator_motors,none,18780202,8641855,6.1,,B,,0.0,4.0,True,10.003053927472587,20.00308158720528,2.0000087963633435,327.15185,317.135024,,True,0.0,0.0026480966713279,0.0,0.0,0.0,0.0,0.0,0.0,0.0250282355584204,,1.3490735818777468e-05,0.002644596640921848,0.0,0.0,0.0,0.0,0.0,0.0,0.0247201590972268,,1.3490644819619432e-05
c026adee-7272-4be5-9a29-ec5ea46e84b8,ok,16908288.0,v1.12-1.13,0.0,0.0,0.0,True,0.0,0.0,0.0597898110747337,4.0,actuator_motors,none,9945290,5566146,4.5,,B,,0.0,4.0,True,10.013732274749506,199.9997831013403,1.9999995310345928,72.415585,65.29001399999999,,True,0.0,0.0323332082480192,0.0003793525320361,0.0003920286617358,0.0010106726695084,0.0006166000384837,0.0139971545431762,0.0,0.0022017504670657,0.0055650630965828,0.0,0.031821491155385774,0.00037928059605647454,0.000391951838577253,0.0010101622837456342,0.0006164100187867269,0.013900098994616444,0.0,0.002199330166453693,0.0055496353440932815,0.0
37aa2552-58fa-46a2-9fee-456b342bda64,ok,17694975.0,v1.14-1.15,0.0,0.0,0.0,True,0.0,0.0,0.2329015135765075,4.0,actuator_motors,none,3170249,2268576,2.3,,A,,0.0,4.0,True,10.01276075163734,20.01303318886475,2.0001159261821377,75.239551,70.06321499999996,,True,0.0,0.0003586707884096,0.0,0.0,0.0,0.0,0.0,0.0,0.0,0.0,0.0011601068952586,0.00035860648141860407,0.0,0.0,0.0,0.0,0.0,0.0,0.0,0.0,0.0011594344912444982
9653403e-cbea-460b-9ad3-22ba8bfcbf6d,ok,17891392.0,v1.16+,0.0,0.7630769230769231,0.0,True,0.0,0.0,0.1545585874468087,4.0,actuator_motors,none,2855019,2328543,2.9,,C,,0.0,4.0,True,10.013701153884348,20.013329031678182,1.999869883465707,64.555985,58.61485699999999,,True,0.0,0.1486031740903854,0.0041939008980989,0.013380379602313,0.0766421854496001,0.1110263705253601,0.1023078754544258,0.1520684957504272,0.0217906095087528,0.0053210246376693,0.0,0.13854657288702799,0.004185131007212439,0.0132916529114344,0.07384711033543621,0.10528424622221093,0.09740605052699718,0.141559018622826,0.021556587726267867,0.0053069180051051445,0.0
95920139-d8b5-4344-b7c5-a50a2b24469d,ok,17826240.0,v1.16+,0.0,0.0,0.0,False,0.0229430379746835,2.197780999999992,0.6604916959215631,4.0,actuator_motors,none,6859940,5197414,3.2,,A,,0.0,4.0,True,10.007190755862297,20.007118553271354,2.00007460572408,136.273803,126.18515399999998,,True,0.0,0.0088177260011434,0.0662221208214759,0.0187528438866138,0.0374382995069026,0.0257055535912513,0.0057158982381224,0.0162988267838954,0.0389772228896617,6.79286270141585,0.0248508639633655,0.008779076887258451,0.06412167253839837,0.01857917711418144,0.03675450099949198,0.025380720756709926,0.005699624475121776,0.016167426761522913,0.038236789730176454,2.053208276512439,0.024547103432101043
ebb46a71-1853-4200-bad8-8e2c421b088e,ok,17695488.0,v1.14-1.15,0.0,0.0,0.0,True,0.0003035592319951,0.0112090000000009,0.3730651512742042,4.0,actuator_motors,none,12259263,6600021,4.7,,C,,0.0,4.0,True,10.009994045207735,197.7462526754807,1.9997867740578263,95.393807,92.523466,,True,0.0,0.0025984158739447,0.0,0.0,0.0,0.0,0.0,0.0,0.0753254160284995,,0.000246703956509,0.0025950458280092703,0.0,0.0,0.0,0.0,0.0,0.0,0.07262332835606661,,0.00024667353009203015
0f20de60-ecc2-4fd2-901a-12f74322e0a8,ok,17760511.0,v1.14-1.15,0.0,0.0,0.0,True,0.0,0.0,0.2036610305309295,4.0,actuator_motors,none,4335666,2845669,4.0,,C,,0.0,4.0,True,10.008321865912189,20.008432290259005,1.9999583577135311,120.678762,114.52361200000004,,True,0.0,0.0127997079864144,0.0,0.0,0.0,0.0,0.0,0.0,0.0001152423912571,,0.0,0.01271848408468257,0.0,0.0,0.0,0.0,0.0,0.0,0.00011523575136285529,,0.0
2e633c87-2ea4-4f2e-b376-eb214599fe21,ok,17694720.0,v1.14-1.15,0.0092592592592592,0.0,0.0,True,0.0,0.0,0.0875034481287001,4.0,actuator_motors,none,12050271,3385690,5.4,,B,,0.0,4.0,True,10.01005824024946,20.0085829446662,100.68146966286136,108.832588,89.05521000000002,,True,0.0,0.0003670968872029,0.0,0.0,0.0,0.0,0.0,0.0,0.0,0.0,0.0,0.00036702952362607165,0.0,0.0,0.0,0.0,0.0,0.0,0.0,0.0,0.0
342d9afc-77a3-4eff-bbd6-a2fce6e3d2f1,ok,17761535.0,v1.14-1.15,0.233009708737864,0.0,0.0,False,0.004040404040404,0.3992000000000075,0.1988707929849624,4.0,actuator_motors,none,5732884,4300974,5.2,,C,,0.0,4.0,True,10.009221082415364,20.009503564216573,2.000089290418372,99.767763,98.66550999999994,,True,0.0,0.1085742477327584,0.0842396531254052,0.0590082328766584,0.2389700911939076,0.3203400716185547,0.0531664351001382,0.020072276610881,0.0789390910416839,5.296794152259821,13.929779052734377,0.10307472819448113,0.08087896080139054,0.05733284078797248,0.2142804628834141,0.2778893334314228,0.05180127868680751,0.019873484208201782,0.07597823523103056,1.8400406391612325,2.7033578125624502
2bb87c9b-e866-4639-9b1a-067d53a09479,ok,17826047.0,v1.16+,0.0,0.0,0.0,True,0.0174361835681406,1.5012540000000172,0.4441214680671691,4.0,actuator_motors,none,34310251,22494693,9.9,,C,,0.0,4.0,True,9.99999563409754,19.999858804960496,1.9999970374523768,721.160718,716.9395890000002,,True,0.0,0.0063501706346869,0.0098407086916267,0.0073299410752952,0.0128784344531595,0.0119851445779204,0.0115496008656918,0.011978926602751,0.0064518211409449,0.0023017231374979,0.0,0.006330093252848961,0.009792604248274852,0.007303207614188665,0.012796212589656145,0.011913891486702606,0.011483413364263397,0.01190774713339322,0.006431097233130941,0.0022990782305818305,0.0
ab905faa-7e75-43e5-b9c3-da8fbfe17ec8,ok,17825792.0,v1.16+,0.0,0.0,0.0,True,0.6408317580340265,33.901364,0.9715002954006192,4.0,actuator_motors,none,2587024,2002538,3.9,,C,,0.0,4.0,True,10.01673689412828,20.014418829201336,2.0001304347355635,61.126476,52.893011,,True,0.0,0.000355640402995,0.0,0.0,0.0,0.0,0.0,0.0,0.2093739405274385,0.0607486747205257,1.4731795545230847e-05,0.0003555771779366914,0.0,0.0,0.0,0.0,0.0,0.0,0.19010282118596256,0.058974955719856746,1.4731687033396569e-05
36940a46-c489-452b-acaa-27fb34eee86d,ok,17694975.0,v1.14-1.15,0.1808986901011441,0.0,0.0,True,0.0072594685149295,2.701657999999952,0.3126458287239074,4.0,actuator_motors,none,125837516,76016650,25.6,,C,,0.0,4.0,True,9.92097994105746,19.841939095605458,1.9837418862973109,3075.138807,3068.980906000001,,True,0.0,0.0027441005222499,0.0005280193872749,0.0,0.0052070068195462,0.0,0.001283137826249,0.0019789370708167,0.0019874367862939,0.0068980298005044,0.0,0.0027403423520397955,0.0005278800340901952,0.0,0.005193497235574575,0.0,0.0012823153084357203,0.0019769815543226226,0.001985464446638716,0.006874347239240335,0.0
e03fdaf0-4d87-4d59-9929-031fb1e26bb6,ok,17695488.0,v1.14-1.15,0.0,0.0,0.0,True,0.0,0.0,0.1153538942337035,4.0,actuator_motors,none,2401141,1665227,4.1,,B,,0.0,4.0,True,10.015820113622008,20.014338189101498,1.9999650155373403,67.408363,65.97605400000003,,True,0.0,0.0091757335700094,0.0,0.0,0.0,0.0,0.0,0.0,0.3792516261339188,6.050058794021603,0.0,0.009133892281653235,0.0,0.0,0.0,0.0,0.0,0.0,0.3215410521683804,1.9530359563669355,0.0
9d1861bd-39fd-4b00-baee-cc9a361966de,ok,17760511.0,v1.14-1.15,0.5730337078651685,0.0,0.0,True,0.0002288516550878,0.048687000000001,0.2439513981342314,4.0,actuator_motors,none,23708305,14855257,16.3,,C,,0.0,4.0,True,9.6045405367648,179.6277291735428,1.9259638158023025,230.092092,224.106237,,True,0.0,0.0025969065725803,0.0003374412684934,0.0023921619867905,0.0055730787571519,0.0045782167930155,0.0036999558797106,0.0087654718197882,0.0044936700724065,0.0009983614669181,0.0,0.0025935404371403557,0.0003373843479930827,0.002389305322134362,0.005557606612105485,0.004567768635663154,0.0036931278799704945,0.008727278100052728,0.004483603682470941,0.000997863435558103,0.0
4d7a6f6d-220b-4887-af7f-734d4454c40a,ok,17891583.0,v1.16+,0.0,0.0,0.0,True,0.0,0.0,0.1567885905504226,4.0,actuator_motors,none,20834853,11114694,10.7,,B,,0.0,4.0,True,9.999946880282172,199.90428815308425,1.9999992903228323,62.183671,52.15999099999999,,True,0.0,0.0250136725604534,0.000192848269944,0.0008829679456539,0.0063277823850512,0.0024624812416732,0.550858449935913,0.0152788095176219,0.0018393567530438,0.0,0.0,0.02470595158477589,0.00019282967710674905,0.0008825783587689953,0.006307846027849022,0.0024594543029086485,0.4388086162874551,0.015163263953508314,0.001837667207878271,0.0,0.0
257076df-aff7-44c6-99ce-c8d17f63e182,ok,17761280.0,v1.14-1.15,0.0,0.0086565096952908,0.0,True,0.0,0.0,0.2055896282196044,4.0,actuator_motors,none,60962277,32233985,24.9,,C,,0.0,4.0,True,10.000679241781487,20.00067254766605,1.9999997878057407,1451.744628,1446.8893869999993,,True,0.0,0.0080893399193882,0.002205358876381,0.0026463442365638,0.0018594607943668,0.0017644818930421,0.0035925524774938,0.0006203547061886,0.0041206077206879,0.1060228891670703,0.0,0.008056796594102092,0.002202930641924453,0.0026428488329906527,0.0018577341372467105,0.0017629270236239319,0.0035861146749969976,0.0006201623657499416,0.00411214126668226,0.10077059833542586,0.0
58506153-13d7-49be-9ca5-e14c9f06899c,ok,17761280.0,v1.14-1.15,0.0,0.0,0.0,True,0.0,0.0,0.1730226576328277,4.0,actuator_motors,none,93576879,55980277,25.6,,C,,0.0,4.0,True,9.981123635079255,220.3740992792828,2.000860276911264,838.47206,834.5958430000003,,True,0.0,0.0132098786532878,0.0053720478434115,0.0015847755479626,0.0059696245472878,0.0037726199720054,0.0190160620957612,0.0089349908754229,0.0313197337090968,0.0194659314118325,0.0115397302433848,0.01312338905174898,0.0053576698642043485,0.0015835211163473758,0.005951876934700546,0.0037655214889299646,0.018837516722601783,0.008895310034591833,0.030839276946983143,0.01927889351651753,0.011473655394454257
9a389244-7fe9-43cd-8fab-d4a982b471f8,ok,17760512.0,v1.14-1.15,0.1131498470948012,0.0,0.0,True,0.0,0.0,0.0911804117262363,4.0,actuator_motors,none,6410943,4449778,2.8,,B,,0.0,4.0,True,10.005629817917535,20.005705422252944,2.000004284838901,161.622646,156.12879999999996,,True,0.0,0.0172977095469831,0.0061269350117072,0.0027085230220109,0.0550346225500106,0.0132164733484387,0.1469621956348419,0.1518235504627227,0.1816846296191215,0.0236647599376737,0.0,0.01714980731299918,0.0061082416618231826,0.0027048615834341966,0.05357358397249316,0.01312989774637231,0.13711687826216362,0.1413463825411745,0.16694107257064303,0.023389090142478506,0.0
0f546fd0-4b4e-47fd-bbf2-6dd1a0b08077,ok,17694720.0,v1.14-1.15,0.0,0.0,0.0,True,0.0,0.0,0.2504924207925796,4.0,actuator_motors,none,3938007,2674205,2.7,,B,,0.0,4.0,True,10.007496005958137,20.0068297124048,2.0000929273944728,117.314662,110.350234,,True,0.0,0.0113976164720952,0.0036715383874252,0.0,0.0092663937248289,0.0,0.0141178549267351,0.0096145516261458,0.0303753430023789,0.0384949844330549,0.0,0.011333152999010197,0.0036648147427475576,0.0,0.009223724091695735,0.0,0.01401912615346869,0.009568625959802379,0.029923146542019368,0.03777253469603592,0.0
287e6342-dacc-4239-9f45-82eaa6acf751,ok,17695488.0,v1.14-1.15,0.0,0.0,0.0,True,0.0,0.0,0.3095693983137608,4.0,actuator_motors,none,29243845,18566142,10.4,,C,,0.0,4.0,True,10.003717237194548,200.0000044560799,1.9999996126630173,268.936886,263.689943,,True,0.0,0.0041501390282064,0.0016449611459393,0.0,0.0042896071448922,0.0,0.0011857079924084,0.0016323108284268,0.1235648475587365,0.2720478653907778,0.0,0.004141550954164325,0.0016436096792239816,0.0,0.004280433006439698,0.0,0.0011850055958567464,0.0016309800570646878,0.11650653021096628,0.24062809423413517,0.0
6af183d2-fe59-4a57-afa3-c26bb4e05c86,ok,17761280.0,v1.14-1.15,0.0,0.0,0.0,True,0.0,0.0,0.3787860088050365,4.0,actuator_motors,none,3564066,2371739,10.1,,B,,0.0,4.0,True,10.011116505514035,20.011272485814,1.999984642093242,81.343277,76.514541,,True,0.0,0.0098940993659198,0.0,0.0,0.0,0.0,0.0,0.0,9.622970962524422,3.1561305761337284,0.0,0.009845473242850317,0.0,0.0,0.0,0.0,0.0,0.0,2.3630187283407302,1.4245844914474008,0.0
b896b530-6280-442c-954a-b4ab4000fbd7,ok,17825792.0,v1.16+,0.0,0.0,0.0,True,0.0,0.0,0.1730412513017652,4.0,actuator_motors,none,7905580,4769527,9.7,,C,,0.0,4.0,True,10.012748773103056,135.36042499766896,2.000080104474057,79.563673,74.26206400000002,,True,0.0,0.0014507252140901,0.0008052240184042,0.000107216676406,0.0075886473990976,0.0057696669828146,0.0001122261724958,0.0033576023066416,0.7178493499755856,1.2024193406105033,0.0,0.0014496739288945048,0.0008048999994711775,0.00010721092910895061,0.007559998460929431,0.005753086200758471,0.00011221987561001599,0.0033519781456313245,0.5410731305294736,0.7895564564143602,0.0
bf216f67-c5cd-447a-b694-1819cec8b764,ok,17694720.0,v1.14-1.15,0.0,0.0,0.0,True,0.0,0.0,0.5462916612625122,4.0,actuator_motors,none,72313177,37733706,31.5,,A,,63.0,4.0,True,10.000463018426334,20.000467536768245,1.999992178738781,1959.31887,466.9217149999998,,True,0.0,0.0,0.0,0.0,0.0,0.0,0.0,0.0,0.0386701952666044,,0.0,0.0,0.0,0.0,0.0,0.0,0.0,0.0,0.03794123657461294,,0.0
79dd4bea-3c02-40b5-9acb-b2c182717d4c,ok,17891392.0,v1.16+,0.0,0.0,0.0412621359223301,True,0.0289855072463768,1.897037999999995,0.2808067247271537,4.0,actuator_motors,none,7879436,5590009,5.6,,C,,0.0,4.0,True,10.005923628440604,20.004761984618806,2.0000518428072183,164.354236,158.62667499999998,,True,0.0,0.050597058981657,0.002010300848633,0.0011190401157364,0.033822152018547,0.0589603886008262,0.0550807297229766,0.0834099397063252,0.0316626578569411,0.0083846502006053,0.0,0.04935863016359551,0.002008282897888143,0.0011184144570606902,0.03326276131048124,0.057287661387904726,0.05361728506487531,0.08011341874851884,0.031171731700261468,0.00834969428063335,0.0
bbda1aed-8046-4490-b74f-4143e856f04c,ok,17826047.0,v1.16+,0.0,0.0,0.0,True,0.0,0.0,0.1691304922103881,4.0,actuator_motors,none,31010946,18813413,10.6,,A,,0.0,4.0,True,8.962309415769209,223.5141931987436,1.788769693993408,284.566425,279.5510360000001,,True,0.0,0.013834904320538,0.0006472844397649,0.0004022879060357,0.002536374842748,0.0024400937370955,0.0032636982388794,0.0059993070550262,0.0050589489750564,0.0019864227622747,0.0,0.01374007566105168,0.0006470750415471854,0.00040220700995097924,0.0025331636727509467,0.0024371215423465873,0.0032583839354978824,0.00598138286520904,0.0050461954874345015,0.001984452433418715,0.0
4d1841f6-2d3c-429d-ad02-36f8aec5db22,ok,17761023.0,v1.14-1.15,0.0,0.1050420168067226,0.0,True,0.000803780985757,0.0452790000000078,0.1787785172462461,4.0,actuator_motors,none,11886898,7431672,7.2,,C,,0.0,4.0,True,10.009070752698673,199.2939980594028,1.999952780335654,115.675265,108.875675,,True,0.0,0.0007956745510455,0.0003378679946763,0.0001543178397696,0.0073365369811654,0.0054592379601672,0.06167683750391,0.0466892857104539,0.0298006591387093,0.005453141964972,0.0,0.0007953581698630897,0.0003378109301385455,0.00015430593399659746,0.007309755502826377,0.005444390333918443,0.05984958037660568,0.04563212156993678,0.029365248694477982,0.005438327419137994,0.0
684a42a6-395b-404b-96b6-cacb8346ab0f,ok,17825856.0,v1.16+,0.0,0.0,0.0,True,0.008080808080808,0.2999999999999971,0.6389527767896652,4.0,actuator_motors,none,5741503,3805179,3.5,,B,,0.0,4.0,True,10.006520470381298,20.006518122300463,1.9999999346405253,152.998896,148.51001499999992,,True,0.0,0.0023477067705243,0.0010078271967358,0.0005575759278144,0.009236832614988,0.0081536353100091,0.0264781456440687,0.008769423700869,0.2499596059322354,0.3355105966329568,0.0,0.0023449552127098976,0.001007319679870803,0.0005574205401143719,0.009194433962795009,0.008120574017193054,0.02613366708369384,0.008731195634356178,0.22311123553784898,0.2893136881174233,0.0
0dc9e8a2-db85-4caa-97a6-3a5e1d5be4ef,ok,17826240.0,v1.16+,0.0,0.0,0.0,True,0.0,0.0,0.1415104493498802,4.0,actuator_motors,none,97685197,28116285,19.2,,C,,0.0,4.0,True,9.09385164611198,166.57859425825163,1.8174571873951613,126.267654,119.02942399999996,,True,0.0,0.0043980179820209,0.0002432734254398,0.000812798726838,0.0031135406577959,0.0045383115531876,0.0207886864431202,0.0172226909548044,0.0448186079040169,0.0093419583048671,0.0,0.004388374964042103,0.0002432438392582946,0.0008124685848333809,0.0031087036276745946,0.004528044469075369,0.020575550517112417,0.01707606158678853,0.043843289396763234,0.009298592086765228,0.0
8d057f78-b05d-4934-8c77-e5c7084e1393,ok,17761023.0,v1.14-1.15,0.0,0.0,0.0,True,0.0,0.0,0.140100061893463,4.0,actuator_motors,none,68454757,21286652,15.5,,C,,0.0,4.0,True,10.000036400673771,199.34820076786184,1.9999857552034987,147.077516,143.81992300000007,,True,0.0,0.004996931226924,0.001029176521115,0.0007904406287707,0.0108407044783234,0.0227143935859203,0.0092645427212119,0.0069540313910692,0.0,1.1990986704826356,0.0,0.004984488000828857,0.001028647282048348,0.0007901283951008465,0.010782365288104664,0.02246026283455562,0.00922189008104613,0.006929963629002451,0.0,0.7880475811810822,0.0
b298f907-06fd-4989-b86c-da6b18319b84,ok,17826047.0,v1.16+,0.0,0.0,0.0,True,0.0,0.0,0.1815964579582213,4.0,actuator_motors,none,3357728,2536243,3.7,,C,,0.0,4.0,True,10.012674707852334,20.01201711720949,1.999990525044888,80.401798,74.308221,,True,0.0,0.0003918370057363,0.000836934428662,0.0023414706811308,0.0197935681790113,0.0144291874021291,0.0004622020933311,0.0018073497340083,0.2146913260221481,0.0811495333909988,0.0,0.00039176025766460304,0.0008365843943332987,0.0023387337101810645,0.0196002226755222,0.01432607735680981,0.00046209531084568533,0.0018057184427246182,0.19448999185900057,0.07802485785186132,0.0
55a019db-2509-4729-b0f1-6617a83fd3a3,ok,17761280.0,v1.14-1.15,0.0,0.0,0.0,True,0.0,0.0,0.2839314967393875,4.0,actuator_motors,none,6816097,4101882,4.1,,C,,0.0,4.0,True,10.00660996067752,20.006925474202607,1.9999600569380909,142.583692,141.18650300000016,,True,0.0,0.0101502125617116,0.0030157664441503,0.0011512546043377,0.0093771021347492,0.0193347232416272,0.0003683594477479,0.0067688637645915,2.399760603904724,4.185820579528809,0.0,0.010099045103281155,0.003011228142543218,0.0011505924189362954,0.009333410036993525,0.0191501823842281,0.000368291620062662,0.0067460578617838975,1.2237050185269143,1.6459280894352202,0.0
6817dd86-7f4b-4634-95b5-0275ec6c6662,ok,17760256.0,v1.14-1.15,0.0122137404580152,0.015267175572519,0.0,False,0.0009549578226961,0.4974979999999505,0.1663162738084793,4.0,actuator_motors,none,36700160,21577503,27.0,,C,,0.0,4.0,True,10.001114832896093,20.00117759585076,2.0000090705950733,857.624125,627.894729999999,,True,0.0,0.001331766747171,0.000550773309078,0.0009385656099766,0.0047388298436999,0.0065110297873616,0.202296994626522,0.0042630329728126,0.0211455888114869,0.81309034526348,1.76022734194703e-05,0.0013308807323926708,0.0005506216891285967,0.0009381254326764709,0.004727636936482398,0.006489924594407351,0.18423388930877024,0.004253971990133356,0.020925123347468755,0.5950327624470196,1.7602118501273473e-05
95227703-a1ab-4a61-a553-408e3c29d662,ok,17761535.0,v1.14-1.15,0.0,0.1571428571428571,0.0,True,0.0800627943485086,0.597715,0.4111116528511046,4.0,actuator_motors,none,2752531,2144455,1.7,,B,,0.0,4.0,True,10.015066903316637,20.01455420286157,2.00016380903604,69.027773,63.662770000000016,,True,0.0,0.0016317064000759,0.0020975648541934,0.0019533684360794,0.0028246472007595,0.0031447737361304,0.0082818281371146,0.0065289842430502,0.0,0.0176215373910963,0.0,0.0016303766135388204,0.002095368036476676,0.0019514630927773666,0.002820665381249693,0.0031398392776683572,0.008247721976651233,0.006507762745227937,0.0,0.017468078268796577,0.0
571fa4a3-49c8-479e-9b8c-e5bc2c1c164c,ok,17761535.0,v1.14-1.15,0.0,0.0,0.0,True,0.0,0.0,0.5155545864254235,4.0,actuator_motors,none,8746143,5274130,3.1,,C,,0.0,4.0,True,10.00641038905967,19.999883771326576,2.0000296030440268,154.790823,150.36352399999998,,True,0.0,0.0024590520304627,0.0,0.0,0.0,0.0,0.0,0.0,0.0875479526817797,0.0151355655398219,0.0001273771562409,0.0024560335094725013,0.0,0.0,0.0,0.0,0.0,0.0,0.08392557742859905,0.015022165683325317,0.00012736904445976376
b7311079-6ab3-4f16-9501-5eaf05830c49,ok,17760767.0,v1.14-1.15,0.0,0.0,0.0,True,0.0,0.0,0.2572960138320922,4.0,actuator_motors,none,21059722,10424790,9.4,,B,,0.0,4.0,True,9.89139387011581,197.8929422768528,1.9781724380477843,137.939608,132.4575090000001,,True,0.0,0.0103338548913598,0.0026762708555906,0.0018648962955921,0.0648749515414237,0.0435191273689269,0.2025485157966607,0.6156102299690245,0.3556824624538415,0.0546391509473323,0.0,0.010280825631137911,0.002672696019477049,0.0018631595354119627,0.06285737587451473,0.04259877738047208,0.18444306796075904,0.47971273668077546,0.3043049898639253,0.05319867140328112,0.0
c912c876-faa2-4427-ad5c-4950c2dea345,ok,17695488.0,v1.14-1.15,0.1734197730956239,0.0405186385737439,0.0,True,0.0,0.0,0.4304098516702652,4.0,actuator_motors,none,21349139,14387821,10.0,,C,,0.0,4.0,True,10.00343671302568,20.00328296859015,2.000027247507051,306.04739,301.4880930000003,,True,0.0,0.0081821668893098,0.0109603370539844,0.0,0.0093402378261089,0.0,0.0157610516529529,0.010336023569107,0.0089359805453568,0.0260636497288942,0.0,0.00814887444142942,0.010900707868153938,0.0,0.009296887530434866,0.0,0.015638136114919605,0.010282972125001476,0.00889629093966249,0.025729781597178147,0.0
d3293558-a62a-4aea-9fd9-667ba93f73e2,ok,17694720.0,v1.14-1.15,0.0,0.0,0.0,True,0.0,0.0,0.4091509133577347,4.0,actuator_motors,none,3578438,2650098,3.7,,A,,0.0,4.0,True,10.011261642861802,20.011644917478776,1.9999657810732825,82.581325,77.62374599999998,,True,0.0,0.0080642942339181,0.0,0.0,0.0,0.0,0.0,0.0,0.0001498165918746,0.0,0.0001543172256788,0.008031951577286787,0.0,0.0,0.0,0.0,0.0,0.0,0.00014980537048975198,0.0,0.00015430532000054782
3706b530-9f92-4bd8-a0a5-589910daf293,ok,17761535.0,v1.14-1.15,0.0,0.0,0.0,True,0.0072939460247994,0.8990459999999985,0.2540152741325582,4.0,actuator_motors,none,5796664,3681126,5.1,,A,,0.0,4.0,True,10.006921002931486,20.006729691637364,2.000019457332149,140.084783,137.08656299999998,,True,0.0,0.0100662363693118,0.0,0.0,0.0,0.0,0.0,0.0,2.8845534324646,1.2233078479766846,0.0,0.010015909266531979,0.0,0.0,0.0,0.0,0.0,0.0,1.3570080306141856,0.7989961085145733,0.0
175d2cf3-26df-45ac-89bd-806be4301f8d,ok,17761280.0,v1.14-1.15,0.0,0.0,0.0,True,0.0,0.0,0.2842849716544151,4.0,actuator_motors,none,29482248,18545141,6.5,,B,,0.0,4.0,True,10.00365691254764,199.51422928921,1.999934734370308,275.083907,270.4584920000002,,True,0.0,0.0022215991280972,0.0018612618092447,0.0008107447793008,0.0097890072967857,0.0039351547486148,0.000949400733225,0.0045291859889402,0.1407557688653465,4.239808225631712,8.03204650878906,0.0022191350255780467,0.0018595318078078657,0.0008104163032803742,0.009741405363208944,0.003927432279943453,0.0009489503373970863,0.004518960091115319,0.1316909978937595,1.6562848995013346,2.200778976168587
99d98c0f-b037-40ac-ac66-d28ca9eb774f,ok,17638400.0,v1.12-1.13,0.0,0.0,0.0,False,0.0,0.0,0.1934364303946495,4.0,actuator_motors,none,7716864,5068177,3.3,,C,,0.0,4.0,True,9.99969201098808,20.00009220992392,1.9999371093223133,266.294853,228.2016299999999,,True,0.0,0.0628793179988861,0.0002030063093116,0.0,0.0034021058469079,0.0,0.0018485593551304,2.127104997634888,0.0163607748225331,0.0461560152471065,0.0,0.060981563280672446,0.000202985706319101,0.0,0.0033963317771027717,0.0,0.001846852871985623,1.1401076556653862,0.016228379454839514,0.045122508676289544,0.0
2a308763-4239-4cbb-a3f0-5f4574f12653,ok,17760511.0,v1.14-1.15,0.0326086956521739,0.0326086956521739,0.0,True,0.8547854785478548,102.598236,0.9999999403375862,4.0,actuator_motors,none,6030580,3763345,2.7,,C,,0.0,4.0,True,10.004766983599795,20.00066806467155,1.9998803450337432,183.960351,181.99047500000003,,True,0.0,0.0276530086062848,0.0,0.0,0.0280082798562943,0.0380668614059686,0.0,0.0356934655457734,0.0030753450701013,0.0004943191030179,1.0774791689982518e-05,0.027277569787175483,0.0,0.0,0.02762322133545402,0.03736019635512875,0.0,0.03507121737755047,0.003070625869422677,0.0004941969675776924,1.0774733642331503e-05
a50059ee-27be-44c8-be77-9b3db3f3a42e,ok,17825984.0,v1.16+,0.0,0.0,0.0,True,0.0239840106595602,3.0005529999999965,0.7276144623756409,4.0,actuator_motors,none,6573710,4599925,2.9,,B,,0.0,4.0,True,10.005811349493364,20.005822273228134,1.99993980826319,155.184908,150.17003300000007,,True,0.0,0.0034131639404222,0.0010724731255322,0.0005772054719273,0.0103277899324893,0.007579855620861,0.0144129591062664,0.0301542058587074,0.0885713696479797,0.0081565715372562,0.0,0.003407352316642102,0.0010718984370849476,0.0005770389529229277,0.01027482268761092,0.007551272859845967,0.014310079763413029,0.029708505461387712,0.08486616651408763,0.008123486492899552,0.0
362cfe16-d6bc-4a54-af9b-836f45ba906e,ok,17761280.0,v1.14-1.15,0.0,0.0,0.0,True,0.000250815149235,0.0062449999999998,0.2833860866725444,4.0,actuator_motors,none,16012053,10292556,7.1,,A,,0.0,4.0,True,10.00669968827981,199.48008504553007,1.999954943387953,147.642015,142.63650300000003,,True,0.0,0.0031009595841169,0.0058309128507971,0.0141261026728898,0.0086227669380605,0.0134072836954146,0.0915624629706144,0.0054958390537649,0.0409800643101334,0.0147082386538386,0.0086454451084136,0.0030961615254441023,0.0058139788736035845,0.014027259047072384,0.008585803217604134,0.013318201418306011,0.08761012209572865,0.005480792035796429,0.04016263893085446,0.014601121570065548,0.008608287258366416
39d790e8-8e0b-4b33-91fd-1aab3c482739,ok,17825856.0,v1.16+,0.0,0.3,0.0,True,0.0,0.0,0.3573447108268737,4.0,actuator_motors,none,33164800,13604850,10.7,,C,,0.0,4.0,True,125.0,250.0,100.00870170553428,114.564,92.24000000000002,,True,0.0,0.0002769443381112,9.737084474181756e-05,5.3659881814383065e-05,0.0004781868483405,0.0005536967364605,6.473241228377447e-05,0.0004058226768393,0.0089268591254949,0.0063690547831356,0.0,0.00027690599610689806,9.736610450881919e-05,5.3658442174425276e-05,0.0004780725534442963,0.0005535435029831583,6.473031723158579e-05,0.0004057403530885917,0.008887250265853908,0.006348858064364421,0.0
da6e5561-6561-461a-9e66-ebba1bcebe35,ok,17695488.0,v1.14-1.15,0.0165289256198347,0.0,0.0,True,0.0,0.0,0.1865843355655669,4.0,actuator_motors,none,66497156,29548467,38.7,,C,,0.0,4.0,True,50.00418344799864,192.1293531612107,50.00417864311796,238.951653,236.59355699999992,,True,0.0,15.05360221862793,0.0589984580874443,0.0,0.3088946342468261,0.0,6.317958831787109,0.3922383487224579,0.5042300820350647,,0.0,2.7759332616914327,0.05732361061013039,0.0,0.2691829903700692,0.0,1.9903314409713402,0.33091277478496883,0.4082811939038952,,0.0
8c66a267-c7b8-4815-a7e2-d1e81600d2cc,ok,17826240.0,v1.16+,0.1851667496266799,0.0,0.0,True,0.0,0.0,0.1040559582412243,4.0,actuator_motors,none,39421425,25087875,10.1,,B,,0.0,4.0,True,10.001054530497916,20.001002966332763,1.9999993702215264,994.171397,991.800256,,True,0.0,0.0174972929060459,0.2717243731021881,0.0892433151602745,0.0399461686611175,0.0687889382243156,0.0128686046227812,0.0106503948569297,0.044228820502758,0.0080244256183505,0.0,0.017345977796475148,0.24037375362498914,0.08548324889332277,0.0391689509108679,0.06652617403141198,0.01278650769542329,0.010594078906810663,0.043278642171516946,0.007992401119829023,0.0
3aed0737-d5cc-4128-9169-346182f4fe14,ok,17825984.0,v1.16+,0.0,0.0,0.0,True,0.0023228803716608,0.1012500000000002,0.452776774764061,4.0,actuator_motors,none,4837274,3851630,4.0,,C,,0.0,4.0,True,9.977830611430608,19.955731038582904,1.999972447306955,90.262332,86.100435,,True,0.0,0.0069901177193969,0.0108916928991675,0.0011524421395733,0.0095063830260187,0.0063309913035482,0.0191023088991641,0.0073773998068645,0.016368189640343,0.0027511065709404,15.23890872001648,0.006965800102767128,0.01083280561435264,0.001151778587885123,0.009461481708683795,0.006311034763603888,0.018922150475657328,0.007350319897561096,0.01623567488668465,0.002747329203632109,2.7874101354323892
ef1ba1ad-f8ef-4a43-bffa-e6821a1dc879,ok,17826047.0,v1.16+,0.0,0.0,0.0,True,0.0,0.0,0.1649248972535133,4.0,actuator_motors,none,14485649,9125645,8.2,,A,,0.0,4.0,True,10.007533808436245,174.75604677255808,2.000035298332899,131.271087,125.195825,,True,0.0,0.0051636940333991,0.0120803078636527,0.002577046630904,0.123109509050846,0.0597688671201466,0.0037162074586376,0.0068677376490086,0.0,0.6712926685810077,0.0,0.005150407882814484,0.012007923313279783,0.002573731740099163,0.11610118574011724,0.058050834460988736,0.00370931941934749,0.0068442621598455745,0.0,0.5135973800466307,0.0
73af4ad7-5337-4a49-9711-5c311c438741,ok,17761535.0,v1.14-1.15,0.0,0.0,0.0,True,0.0006997900629811,0.1001190000000065,0.1710715174674987,4.0,actuator_motors,none,32207627,20357019,9.0,,C,,0.0,4.0,True,9.450408824556469,18.88790583149484,1.8897010093633384,154.777571,151.438053,,True,0.0,0.0210841377265751,0.0,0.0,11.622598361968992,0.730970388650894,0.0,0.0576310226693749,0.5687923729419708,0.4884929358959198,0.0,0.020864942963125303,0.0,0.0,2.5354887283107077,0.5486821695491374,0.0,0.056031522768829146,0.4503061341734763,0.39776415567534495,0.0
aaffbd1c-33f1-4bd6-8ef9-46f0b81892ff,ok,17826047.0,v1.16+,0.0,0.6384615384615384,0.0,True,0.0,0.0,0.2399999928019856,4.0,actuator_motors,none,2896683,2322350,3.6,,A,,0.0,4.0,True,10.015700007209714,20.01422693849185,2.0000895080056624,62.553777,60.7170190000001,,True,0.0,0.0127081372775137,0.0025700870901346,0.0032141053816303,0.0108712434303015,0.0053364369086921,0.0293453903868794,0.0211078925058245,0.011671471176669,0.0011929532338399,0.0,0.012628066553911512,0.002566790064196794,0.0032089511860603228,0.010812576270447637,0.005322248583602835,0.028923056884573917,0.020888206964647986,0.011603884935866369,0.0011922422305371166,0.0
fe8acbe3-6715-47ab-86ef-85efa8e35d68,ok,17826559.0,v1.16+,0.0,0.1352201257861635,0.023076923076923,False,0.0472797927461139,4.801692000000003,0.6434870332479469,4.0,actuator_motors,none,6941744,4422944,4.4,,A,,0.0,4.0,True,9.929608145798422,19.83425776449409,1.987175398183956,156.717652,154.54676500000002,,True,0.0,0.0187641587108373,0.0024470709031447,0.0023662785533815,0.0142761217430233,0.0083471704274415,0.7816060781478882,0.4767840653657913,0.0,7.609288930892944,0.0,0.01859028359742471,0.0024440817006759763,0.0023634833249430555,0.014175177510778698,0.008312525458497698,0.5775152485783984,0.38986679473382846,0.0,2.152841728605609,0.0
a80b97c8-918e-4320-b8e0-d7310e468f1b,ok,17695488.0,v1.14-1.15,0.0,0.0,0.0,True,0.0019461077844311,0.0269639999999995,0.2993320688605308,4.0,actuator_motors,none,15164556,9254220,7.7,,C,,0.0,4.0,True,10.006461442561267,158.45874283692194,1.9999550217012008,145.302682,140.27977699999988,,True,0.0,0.004322726977989,0.0,0.0,0.0,0.0,0.0,0.0,0.0002729238913161,,0.0008513119828421,0.0043134108315154,0.0,0.0,0.0,0.0,0.0,0.0,0.00027288665436595586,,0.0008509498223225197
a6a39cd8-5678-42ca-b318-89efaab9a3ad,ok,17826047.0,v1.16+,0.0,0.0,0.0,False,0.0,0.0,0.2772883176803586,4.0,actuator_motors,none,24630491,10527605,16.0,,B,,0.0,4.0,True,124.99400968035654,249.98801936071308,100.01198178768271,82.968,81.316,,True,0.0,0.0002945745654869,0.0002466751611791,8.63491659401916e-05,0.0050116581842303,0.0040121117606759,9.380005212733522e-05,0.0014027597033418,0.2547152638435364,0.1669382154941558,0.0,0.00029453118691819035,0.00024664474186388545,8.634543806556001e-05,0.004999141627071198,0.004004084703423245,9.379565317752467e-05,0.0014017767550685847,0.22690866544269628,0.15438340888159877,0.0
13d9fe02-af26-40e9-b7de-31a5d6474e33,ok,17695743.0,v1.14-1.15,0.0,0.1119402985074626,0.0,True,0.0,0.0,0.2663531988859175,4.0,actuator_motors,none,2691994,2014531,3.0,,C,,0.0,4.0,True,10.01430234137585,20.01495494315776,1.999981323251335,65.577929,58.720919,,True,0.0,0.0015250708092935,0.0005150400102138,0.0,0.0157632827758789,0.0,0.0011940425029024,0.0038358222227543,0.0012044169125147,0.0023767240811139,0.0,0.001523909069813476,0.0005149074226310594,0.0,0.015640332616224745,0.0,0.0011933302011090583,0.0038284842155667242,0.0012036921843233495,0.002373904139699628,0.0
a6881abf-7694-479c-a9ee-1ae46f698a9d,ok,17761280.0,v1.14-1.15,0.0,0.0455311973018549,0.0,True,0.0,0.0,0.165976881980896,4.0,actuator_motors,none,166550706,59271752,26.6,,B,,0.0,4.0,True,9.476743573853776,188.6886722380634,1.886731245043528,309.474466,305.05806399999983,,True,0.0,0.0016136121761519,0.0,0.0,0.0,0.0,0.0,0.0,0.0004828090313822,0.0,0.0015598621976096,0.0016123117028095124,0.0,0.0,0.0,0.0,0.0,0.0,0.00048269251660322445,0.0,0.0015586468762302736
054c135d-ccd1-4522-aa80-d6ea600fb534,ok,17760768.0,v1.14-1.15,0.0,0.0,0.0,True,0.0,0.0,0.4570269799849719,4.0,actuator_motors,none,5906367,4000872,3.2,,A,,0.0,4.0,True,10.006293105630077,20.00662450449877,1.9999842810599984,149.995794,148.23132300000003,,True,0.0,0.0271749044768512,0.005576143763028,0.0147159368731081,0.0472765095531941,0.1993753127753735,0.005350092658773,0.026055665872991,0.0434886176139116,0.1588612459599978,0.0,0.02681222265516778,0.0055606546264863,0.014608708174544169,0.046192994015382086,0.18180084856176182,0.005335831755201491,0.025722000513648997,0.04256953958287328,0.14743783843320066,0.0
09f09de5-200d-4178-99c8-458b2e0a3f84,ok,17761535.0,v1.14-1.15,0.0763888888888889,0.0,0.0,True,0.0,0.0,0.1228853866457938,4.0,actuator_motors,none,2834815,2213517,5.7,,C,,0.0,4.0,True,10.013360804819936,20.012482223638617,2.00014551413251,71.133076,65.53958499999999,,True,0.0,0.0057074177311733,0.002349497063551,0.0194988862611352,0.0106175696477293,0.017772626504302,0.041417776979506,0.0903596822172402,0.5822048068046569,0.1246836956590408,0.0,0.005691192130839177,0.0023467413109029577,0.019311218595420246,0.010561599087430226,0.017616540042111335,0.040583031871281205,0.0865076254939517,0.4588193216517746,0.11750183670947924,0.0
64ba3e3e-f82b-44bb-9e1c-0720af6974bb,ok,17630207.0,v1.12-1.13,0.0,0.0,0.0,True,0.0059743454577402,3.406690000000026,0.1426627486944198,4.0,actuator_motors,none,57798286,33241571,10.1,,B,,0.0,4.0,True,10.001614849130416,200.54477611294848,2.0000144522783465,575.894614,569.0324389999996,,True,0.0,6.030346412444487e-06,0.0003590537817217,0.0,0.0,0.0,0.0,0.0,0.0031928927637636,0.0,0.0,6.030328229978658e-06,0.0003589893373381539,0.0,0.0,0.0,0.0,0.0,0.0031878063057971476,0.0,0.0
1a82b2d4-6be5-49fa-a5a7-f182499e7315,ok,17694720.0,v1.14-1.15,0.0326086956521739,0.0,0.0,True,0.0959069020866773,4.400465999999994,0.6916502729058261,4.0,actuator_motors,none,45091240,10380096,13.2,,B,,0.0,4.0,True,10.00400835160663,20.004068059482822,119.93348544768178,253.356488,249.217372,,True,0.0,0.0059659853577613,0.0134318312630057,0.0,0.0759498998522758,0.0,0.0181600414216518,0.0363607481122016,0.0476208701729774,0.0622367225587368,0.0,0.005948259334307583,0.013342423930503586,0.0,0.07320389917999341,0.0,0.017997117384505018,0.03571529568891663,0.046521755343948895,0.06037680057833473,0.0
ba1ce4d5-83ad-44fa-b392-10a2553a41cc,ok,17825984.0,v1.16+,0.0,0.0814249363867684,0.0,True,0.0,0.0,0.07388656437397,4.0,actuator_motors,none,54914397,22369780,50.3,,A,,0.0,4.0,True,124.96370649964744,249.92222982641687,99.9834086855531,192.656,135.848,,True,0.0,0.0002642761974129,0.0001044211152475,5.726767631131224e-05,0.0002965516760013,0.0003081657632719,6.303328700596467e-05,0.0002255831088405,0.0004306095070205,0.0003775430028326,0.0,0.00026424128260993927,0.00010441566374234343,5.7266036580539274e-05,0.0002965077132443019,0.0003081182899559235,6.303130049180651e-05,0.00022555766879682712,0.00043051682135333017,0.00037747175140619366,0.0
4c20817a-08a4-470f-84b8-d37dcc38a0fc,ok,17825792.0,v1.16+,0.0,0.0,0.0,True,0.0,0.0,0.1396763578057288,4.0,actuator_motors,none,69656618,35764098,25.4,,A,,0.0,4.0,True,9.986374793621655,215.7962597167005,1.9941571896785264,512.870821,503.2771119999997,,True,0.0,0.0066013765987008,0.0022812702693045,0.0070368099026381,0.0045568618457764,0.0041620242409408,0.0025417817756533,0.0073121008928865,0.0096291990019381,0.0015953582245856,2.027523350989213e-06,0.006579682931908283,0.0022786721229161658,0.0070121670928100024,0.004546510784494309,0.004153386975428262,0.0025385569117999745,0.0072854970908921915,0.009583133743509028,0.0015940869925206466,2.027521295566522e-06
7d300380-56dc-4d3f-b455-800db37baf29,ok,17826047.0,v1.16+,0.0,0.0048627995831886,0.0,True,0.0,0.0,0.0670384228229522,4.0,actuator_motors,none,80853603,43148606,26.0,,B,,0.0,4.0,True,10.000668982061676,20.00065185833068,2.0000020839086363,1454.418765,1446.890593,,True,0.0,0.0080363474786281,0.0035946532152593,0.0046287016943097,0.0152908129617571,0.0209678828716277,0.0073260134086012,0.0056326176039874,0.0021720163058489,0.0005888266488909,0.0,0.00800422800564202,0.0035882078905770318,0.004618022196747677,0.015175086689357858,0.020751082146750074,0.0072993085199683705,0.005616813730463013,0.002169660888485788,0.0005886533585016738,0.0
5265aa00-0307-43d0-b401-3d934b071193,ok,17694975.0,v1.14-1.15,0.0,0.0,0.0,True,0.0,0.0,0.651257407489179,4.0,actuator_motors,none,2789996,1783896,2.0,,C,,0.0,4.0,True,9.999901388255674,19.999740581399628,2.0002106035699456,86.45541,83.26864900000001,,True,0.0,0.0062454448081553,0.0,0.0,0.0,0.0,0.0,0.0,0.0,0.0,0.0,0.006226022841661985,0.0,0.0,0.0,0.0,0.0,0.0,0.0,0.0,0.0
79725955-99ca-45fd-9eda-28aee4462da1,ok,17761280.0,v1.14-1.15,0.0,0.0,0.0,True,0.0,0.0,0.1689854331314563,4.0,actuator_motors,none,39088709,24482751,8.7,,B,,0.0,4.0,True,9.99993705746948,199.8878543320676,2.0000072076243467,369.791408,363.7012450000002,,True,0.0,0.0020853812107816,0.0004357546349638,0.0005963038711342,0.0022301340824924,0.0044326646020635,0.0050078151281923,0.001585004600929,0.0120950097683817,0.0,0.0,0.002083209821643173,0.0004356597214845118,0.0005961261526268149,0.002227651024495697,0.004422869279910941,0.0049953177277617345,0.001583749806864445,0.012022449628862425,0.0,0.0
022ce74c-9951-4250-a124-ef935d8cb731,ok,17170944.0,v1.12-1.13,0.2054794520547945,0.0,0.0,False,0.0095642933049946,0.7999999999999972,0.1287027299404144,4.0,actuator_motors,none,28292493,12377851,7.6,,C,,0.0,4.0,True,124.95059679076752,249.8714907077897,99.9901185770751,101.084,94.012,,True,0.0,0.0002808248100336,0.0009729593293741,0.0001015584351989,0.1085499599575996,0.0019845922477543,0.000124208786292,0.0041657388210296,0.5838195383548567,2.8468449115753174,0.0,0.0002807853861272694,0.0009724863112391995,0.0001015532784901552,0.1030528189346611,0.001982625546196605,0.00012420107301940145,0.0041570861525816365,0.4598393590956913,1.3472533088362113,0.0
6b95d5ba-c495-41ab-8b62-ee471fe3c230,ok,17760320.0,v1.14-1.15,0.0,0.0,0.1470588235294117,True,0.0,0.0,0.134027288109064,4.0,actuator_motors,none,9826386,5860283,3.5,,B,,0.0,4.0,True,9.883102892560862,199.03548295401583,1.970514485891668,68.550709,61.006418,,True,0.0,0.0892561137676239,0.0480827242136001,0.0239277020096778,0.0456584814935921,0.0129338143393397,0.0192820936441421,0.0919122345745563,0.0,,0.0008099933853372,0.08549499882281973,0.046962518101942824,0.023645920618597153,0.04464681280204093,0.012850886843133489,0.019098549731087145,0.08793050282404848,0.0,,0.0008096655177301717
a9af264f-2692-4a88-ad73-65459811403a,ok,17695488.0,v1.14-1.15,0.0,0.0,0.0,True,0.0127906976744186,0.2962250000000033,0.4187150180339813,4.0,actuator_motors,none,4081307,2818973,4.1,,B,,0.0,4.0,True,9.968176622841591,19.91394121928041,1.989205602678224,93.613344,86.43887500000005,,True,0.0,0.0018312900792807,0.0003784816726692,0.0,0.0202590031549334,0.0,0.0005244637141004,0.0130856323521584,0.002962138876319,,0.0,0.0018296153119482725,0.00037841006654809335,0.0,0.02005651972446867,0.0,0.0005243262310745012,0.013000755111526251,0.002957760387288448,,0.0
7d8b5fd3-91b4-4066-987a-ee35fabf79f6,ok,17630207.0,v1.12-1.13,0.0,0.0011413896418889,0.1160220994475138,True,0.0,0.0,0.1878342509269714,4.0,actuator_motors,none,13213294,6652534,6.4,,B,,0.0,4.0,True,9.584004430992929,181.2653462916612,1.9199647067821013,113.469925,109.75027600000004,,True,0.0,0.0001432517310604,0.010443715378642,0.0,0.0299757659435272,0.0,0.0077943727374076,0.0277572866529226,0.0,0.0391730569303035,0.0,0.0001432414715109612,0.010389556536514851,0.0,0.029535273754583955,0.0,0.0077641535391146255,0.02737903667869372,0.0,0.038425259296716606,0.0
508cbf79-8b01-47c7-8f97-a6fa72965904,ok,17761792.0,v1.14-1.15,0.0,0.0,0.0,True,0.0,0.0,0.3828070387244224,4.0,actuator_motors,none,15173905,8966792,4.3,,B,,0.0,4.0,True,10.008075000644451,222.2229841864789,2.000000918033208,122.375623,115.07926699999996,,True,0.0,0.0162947233766317,0.0018582703080028,0.0090022198855876,0.0978198155760765,0.3105433046817776,0.0206114016473293,0.0709448650479316,0.0333482578396796,0.011151373013854,0.0,0.01616338915423701,0.0018565458597308501,0.008961941453875903,0.0933262272313385,0.27044178763199533,0.02040186109947118,0.0685413102599278,0.03280426578934841,0.011089654858062363,0.0
d83a1923-8b5d-4efd-9d7f-dd2579aa1975,ok,17825984.0,v1.16+,0.0,0.0,0.0,True,0.056,3.1,0.6334498032927507,4.0,actuator_motors,none,29701925,12218686,5.2,,A,,0.0,4.0,True,124.98537042094176,249.9707397003745,100.0058522882447,102.08,74.94399999999999,,True,0.0,0.0002764904347714,0.000115355978778,6.152108835522085e-05,0.000516097061336,0.0004035875899717,5.9286478062858805e-05,0.0002824873081408,0.0143925482407212,0.0058315987698733,0.0,0.000276452218335297,0.00011534932578871656,6.151919601067699e-05,0.000515963929051791,0.00040350617040619126,5.9284720689076915e-05,0.00028244741611365375,0.014289958696635583,0.005814660816098648,0.0
68e41824-3d91-44ea-86eb-d2f5619b7d5a,ok,17826240.0,v1.16+,0.0,0.0,0.0,True,0.0018726591760299,0.1011620000000022,0.3329778015613556,4.0,actuator_motors,none,5329739,3916323,3.0,,A,,0.0,4.0,True,10.008473696765774,20.00817894892933,2.0001093451082843,115.416524,106.812641,,True,0.0,0.0045085158199071,175955312640.0,4511909543936.0,0.0106744677759706,0.0035965191200375,168.20316314697266,0.0049956680741161,0.3006420135498047,0.0242589861154556,0.0,0.004498382907307151,25.893495894296255,29.13774158203704,0.010617897857922443,0.0035900671103702613,5.13110014171944,0.004983231127735554,0.2628579991372394,0.023969410767798356,0.0
1ad72cbb-434d-4ac7-af1a-8d7632a208ed,ok,17825984.0,v1.16+,0.0484848484848484,0.4787878787878787,0.0,True,0.0112517580872011,0.3012969999999981,0.2111538052558899,4.0,actuator_motors,none,3749621,3084959,3.0,,B,,0.0,4.0,True,10.001293316125135,20.01185481727372,2.00000034437092,75.507576,71.06003299999998,,True,0.0,0.004488097410649,0.0003897791058989,0.0007915602909633,0.0039899502880871,0.0062984969234093,0.0160146813839674,0.0112673670984804,0.0183542015030979,0.0018538047967012,0.0,0.004478055935002336,0.00038970316175685463,0.0007912471723401359,0.0039820115462203196,0.0062787442895431604,0.015887799232957564,0.01120436313528802,0.018187796219881626,0.0018520886212312776,0.0
3016cacc-127e-462b-8324-30e8a2b559be,ok,17891392.0,v1.16+,0.0140845070422535,0.0528169014084507,0.0,True,0.0,0.0,0.0275978997349739,4.0,actuator_motors,none,4439529,3300312,6.9,,C,,0.0,4.0,True,10.008603587127851,20.008270025870303,2.0000220980219363,113.203606,110.67707500000002,,True,0.0,0.0,0.0,0.0,0.0,0.0,0.0,0.0,2.195807933807373,0.6022570431232452,0.001685760798864,0.0,0.0,0.0,0.0,0.0,0.0,0.0,1.161839930293251,0.47141328716301384,0.0016843414989713803
ef996020-534c-4fbe-9c66-9070bbfa3f10,ok,17891583.0,v1.16+,0.0,0.0,0.0,True,0.2154431998221085,0.5812430000000006,0.2067427992820739,4.0,actuator_motors,none,14728412,9274499,11.4,,A,,0.0,4.0,True,10.007522647249484,200.0000662077487,1.999999245283304,132.495516,126.51016399999996,,True,0.0,0.0010616415238473,0.0,0.0,0.0,0.0,0.0,0.0,0.0040608358103781,0.0,0.0,0.0010610783810200196,0.0,0.0,0.0,0.0,0.0,0.0,0.004052612870460899,0.0,0.0
0cc00f21-f0d1-4230-9451-cad0e454905d,ok,17891392.0,v1.16+,0.0,0.0,0.0,True,0.0,0.0,0.122043752670288,4.0,actuator_motors,none,68131190,38987115,14.5,,C,,0.0,4.0,True,10.001712321941286,199.9982901585065,1.9999993825044788,583.334637,358.69000999999963,,True,0.0,0.0066713172476738,0.0006347484653815,0.0003793813142692,0.0090829787775874,0.009836608543992,0.0006966805492993,0.0036486657336354,0.0316676946356892,0.0111601941287517,0.0,0.006649162490454834,0.0006345470977816921,0.0003793093673746881,0.009041976619979302,0.009788544047568811,0.0006964379800610558,0.00364202549991143,0.03117661388380714,0.011098378652200789,0.0
e318dca3-8d2a-43fc-a0b6-e06baf03318c,ok,17761280.0,v1.14-1.15,0.0,0.0,0.0,False,0.3667054714784633,39.29749600000001,1.0,4.0,actuator_motors,none,7020717,4608627,2.9,,B,,0.0,4.0,True,10.00574497481275,20.005745277950748,2.0000035619659977,174.058476,171.16004600000002,,True,0.0,0.0029341960442252,0.0,0.0,0.0,0.0,0.0,0.0,0.0003614175700931,0.0,0.0,0.0029298996931846183,0.0,0.0,0.0,0.0,0.0,0.0,0.0003613522744952911,0.0,0.0
b853a17d-aeec-402b-8f8f-5634c615391f,ok,17826559.0,v1.16+,0.0,0.0,0.0,True,0.0,0.0,0.1848250150680542,4.0,actuator_motors,none,9462161,5896180,4.8,,C,,0.0,4.0,True,10.010823716346952,158.7065545097633,1.9999261636455443,86.958787,83.01115800000002,,True,0.0,0.000893135019578,9.045993065228672e-05,0.0001031994004733,0.0022324612829834,0.0013377760187722,0.0002915009943535,0.001567068172153,0.003360252873972,0.0,0.0,0.000892736411819111,9.045583939948769e-05,0.00010319407578150449,0.0022299730438702483,0.0013368819936820581,0.0002914585161933956,0.0015658416020703388,0.003354619839702625,0.0,0.0
135a8864-6e15-445e-bdd8-b67023cf7f52,ok,17826047.0,v1.16+,0.0,0.0,0.0,True,0.0002422950184144,0.0140360000000043,0.3634983003139496,4.0,actuator_motors,none,7668746,4500172,4.4,,C,,0.0,4.0,True,9.717721916870588,123.73453975334914,1.92913206715046,85.13194,75.23627499999999,,True,0.0,0.0002697840522159,0.0,0.0,0.0,0.0,0.0,0.0,0.0790784925222396,0.8813912481069565,0.0,0.0002697476670424309,0.0,0.0,0.0,0.0,0.0,0.0,0.07610742924855045,0.6320115287467422,0.0
a9cbc514-026b-48d3-a7b1-31e9ddbc56e0,ok,17761535.0,v1.14-1.15,0.0,0.0,0.0,True,0.0,0.0,0.3237899988889693,4.0,actuator_motors,none,6250214,4087293,4.7,,A,,0.0,4.0,True,10.00588313883217,20.005258604044325,2.000048278173673,180.62635,178.2671440000001,,True,0.0,0.0074954602634534,0.0017804617062211,0.002592643792741,0.0042423231294378,0.0038408363820053,0.0059913524892181,0.0013637351687066,0.0073929237900301,0.0061165258986875,0.0,0.007467508886567472,0.0017788785631493013,0.0025892886896299724,0.0042333498460971316,0.0038334792024133564,0.005973475705431327,0.0013628061264505619,0.007365730074080068,0.006097895882873469,0.0
b7fb3e13-ebf6-4e40-904a-c3fdb4b9c80c,ok,17695488.0,v1.14-1.15,0.0,0.0,0.0,True,0.0,0.0,0.0729129962623118,4.0,actuator_motors,none,2853941,1981263,4.1,,A,,0.0,4.0,True,10.01141444608397,20.01102062784004,2.0001196216120687,83.499863,79.15335500000002,,True,0.0,0.0073328495956957,0.0,0.0,0.0,0.0,0.0,0.0,0.0,0.0,0.0004671909409807,0.007306094966269589,0.0,0.0,0.0,0.0,0.0,0.0,0.0,0.0,0.0004670818412719739
3c829f2c-f5f5-4f99-af7f-5fec7a1d8aae,ok,17761280.0,v1.14-1.15,0.0,0.0,0.0,True,0.0,0.0,0.1265397489070892,4.0,actuator_motors,none,15002502,9644520,8.4,,C,,0.0,4.0,True,10.007711459319657,201.8176248703822,1.9999557702089283,130.166175,124.22490400000004,,True,0.0,0.1097648814320564,0.0042539574205875,0.0072471555322408,0.019027030095458,0.0230138916522264,1.2703885853290555,0.0568536929786205,0.1075887843966483,0.092680089920759,0.0132644707337021,0.10414817435785069,0.004244934922218501,0.007221021091527997,0.018848279988343243,0.022753066204980733,0.8199509998075212,0.05529628006878087,0.10218538622209397,0.08863347643538454,0.013177267928078228
6cf28ab8-22ca-4e27-926c-122372ec9799,ok,17760256.0,v1.14-1.15,0.0,0.0,0.0,True,0.1798561151079136,1.1028790000000015,0.6975462399423122,4.0,actuator_motors,none,7080068,4547270,3.8,,B,,0.0,4.0,True,10.004819013282289,20.00500237046552,2.000041409020601,196.522331,194.558255,,True,0.0,0.0,0.0085563471540808,0.0007831210736185,0.0396646007895469,0.0256038106977939,0.0754876151680945,0.0116842478513717,0.0276969201862812,0.0145777229219675,0.0,0.0,0.0085199490913744,0.0007828145943070279,0.038898161898397544,0.025281522756338003,0.07277415424148748,0.011616514128630366,0.02732029884210471,0.01447248939646128,0.0
99a049a9-2766-4fbd-9f90-7294027443fc,ok,17761023.0,v1.14-1.15,0.0,0.0,0.0,False,0.0,0.0,0.2456064254045486,4.0,actuator_motors,none,2272251,1831781,2.2,,B,,0.0,4.0,True,10.01460769308204,20.01461960015952,1.9999172821097908,61.41809,59.799883,,True,0.0,0.019648427888751,0.0,0.0,0.0,0.0,0.0,0.0,40.71492385864258,3.439435768127441,0.0535576734691858,0.01945788934043822,0.0,0.0,0.0,0.0,0.0,0.0,3.730858951077113,1.4905272891183048,0.052172697395079626
0ca4a70e-5457-44bc-b69e-f1761db4f2fe,ok,17761535.0,v1.14-1.15,0.0,0.0200471698113207,0.0,True,0.0,0.0,0.1099306643009185,4.0,actuator_motors,none,17606060,10730929,9.2,,B,,0.0,4.0,True,10.002336044531306,20.00233680022585,2.000000991813357,427.747575,423.6395569999997,,True,0.0,0.0008497761155012,0.0007276935066329,0.000980230703135,0.0008317313040606,0.0019435557187534,0.0005336956237442,0.0012848545447923,0.0029343398055061,0.001581278454978,0.0,0.0008494152601943056,0.0007274288660901228,0.0009797505907409734,0.0008313856072508152,0.001941669457977296,0.0005335532588855473,0.0012840298255455916,0.0029300430338655556,0.0015800295506056185,0.0
911db1cc-94ff-4b8e-9054-8b41add5cb2e,ok,17761280.0,v1.14-1.15,0.0,0.0,0.0,True,0.0,0.0,0.2171634495258331,4.0,actuator_motors,none,80252425,48185454,56.4,,C,,0.0,4.0,True,10.000419781315848,20.000436655537627,1.9999963241616696,2234.014672,2229.422555000002,,True,0.0,0.0107133783865719,0.0018944084586109,0.0084341784939169,0.0021305238245986,0.0030557208927348,0.0042467684717848,0.0019722078810445,0.0410278104245661,0.0131553362589329,0.0,0.01065639676418625,0.0018926163298991169,0.008398809543359864,0.0021282574771489676,0.003051061666764056,0.004237776399734486,0.001970265632341015,0.04020850438124059,0.013069556313240947,0.0
ab016ae5-c4ed-4d51-b157-df636f4d6e48,ok,17695488.0,v1.14-1.15,0.0,0.0,0.0,True,0.7222222222222222,39.298243,0.4092892199754715,4.0,actuator_motors,none,4442825,3055953,2.5,,A,,0.0,4.0,True,10.008353692451225,20.008662260752143,2.0000549657962923,112.489403,106.21437300000004,,True,0.0,0.0035050855949521,0.0,0.0,0.0,0.0,0.0,0.0,0.0001305195051827,,0.0,0.003498957098865255,0.0,0.0,0.0,0.0,0.0,0.0,0.00013051098825315902,,0.0
8162580d-797a-4909-958a-911d4074e734,ok,17695488.0,v1.14-1.15,0.0,0.0,0.0,True,0.0,0.0,0.2170798629522323,4.0,actuator_motors,none,10345943,6107031,4.4,,B,,0.0,4.0,True,10.009648920047734,159.3678381649867,1.9999523041677765,99.563741,97.011274,,True,0.0,0.001532802474685,0.0,0.0,0.0,0.0,0.0,0.0,0.070461706072092,0.0,0.0,0.0015316289320248086,0.0,0.0,0.0,0.0,0.0,0.0,0.06809005640598477,0.0,0.0
3a0a0ea1-ad59-4140-9651-c893c21971c1,ok,17694720.0,v1.14-1.15,0.0068027210884353,0.0,0.0,True,0.4147204529370134,19.800027,1.0,4.0,actuator_motors,none,6930826,4584375,5.8,,C,,0.0,4.0,True,10.00661386902633,20.007016225132496,1.999946617341847,145.48155,141.21873200000002,,True,0.0,2.5652605056762683,0.0,0.0,0.0,0.0,0.0,0.0,0.1149288598448038,0.1359627157449721,0.0012575580331031,1.2712371243175218,0.0,0.0,0.0,0.0,0.0,0.0,0.10879060004682257,0.12748049911331877,0.0012567679692978117
7f8a3deb-b0e2-4742-ab8d-45d7f01f9bcf,ok,17695743.0,v1.14-1.15,0.0,0.0,0.0,True,0.0,0.0,0.1424726739525794,4.0,actuator_motors,none,6417716,4281143,5.5,,C,,0.0,4.0,True,10.016283121146843,164.74123399182363,1.999941687650628,60.487894,55.17475400000002,,True,0.0,0.0168411774560809,0.0006199806521181,0.0,0.0133580046705901,0.0,0.0440132385119795,0.006229638820514,0.0015927852480672,,0.0,0.016700937177843215,0.0006197885435119113,0.0,0.013269573168042323,0.0,0.043072169947079436,0.006210314833378846,0.0015915181109836972,,0.0
fbbc6caf-8bc0-4370-a980-169b754c7267,ok,17695488.0,v1.14-1.15,0.0,0.0,0.0,True,0.0,0.0,0.0534678205847739,4.0,actuator_motors,none,14683984,8628594,5.5,,C,,0.0,4.0,True,10.00836374397191,203.0536181470184,2.0000507643406853,124.869758,120.05375199999996,,True,0.0,0.0518963867798446,0.0,0.0,0.0,0.0,0.0,0.0,0.0,0.0,5.10370338815846e-05,0.05059461781075654,0.0,0.0,0.0,0.0,0.0,0.0,0.0,0.0,5.103573153648259e-05
145fcaff-23d4-4f09-8480-8bcf70a2bfae,ok,17826559.0,v1.16+,0.0,0.0,0.0190023752969121,False,0.0108564535585042,0.6012580000000014,0.2061336278915405,4.0,actuator_motors,none,3864859,3158909,16.0,,B,,0.0,4.0,True,10.011944404806371,20.01193412944793,2.000000239520987,83.381248,82.27970400000004,,True,0.0,0.0005982348637189,0.0023797670961357,0.0084439214784652,0.0176646456122398,0.0319474597461521,0.0008075506979366,0.0077106408542022,0.0034858210943639,0.0031638452899642,1.4089026868343366,0.000598055992577229,0.0023769399348549944,0.008408470994439638,0.017510439113684086,0.03144775466466719,0.0008072248043103459,0.007681065794168398,0.0034797597018819573,0.003158850863078016,0.8791713271482049
5c6a84b8-7174-4d99-826c-8dd2a6d0b461,ok,17761535.0,v1.14-1.15,0.0247383444338725,0.0,0.0,True,0.0,0.0,0.1664365343749523,4.0,actuator_motors,none,21362837,13079410,7.5,,A,,0.0,4.0,True,10.001802373354852,20.001707287908804,1.999991175727443,526.948275,515.610261,,True,0.0,0.0019399561162572,0.0022879524505697,0.003188479936216,0.0074968958972021,0.0081632324494421,0.0036675165407359,0.0098162587266415,0.531482708454132,0.372369864583015,0.0,0.0019380768314848434,0.002285339072791968,0.003183407513416347,0.007468933838621816,0.008130093492615325,0.0036608076003772326,0.009768392250514017,0.4262363566321982,0.31653907357323785,0.0
b6945ffc-c5e6-4e35-8909-1ee84ca0e233,ok,17695488.0,v1.14-1.15,0.0,0.0,0.0,True,0.0081699346405228,0.2000780000000013,0.2963718622922897,4.0,actuator_motors,none,2698683,2070997,3.2,,C,,0.0,4.0,True,10.015323601355371,20.01517093752216,2.000249353919459,63.644207,61.113751,,True,0.0,0.0053557842271402,0.0011872817820403,0.0,0.0154579484835266,0.0,0.0009323131060227,0.0033282946737017,0.0700801584869623,0.0895927563309669,0.0,0.0053414930191711665,0.0011865775204082032,0.0,0.015339691514257936,0.0,0.0009318787720947148,0.0033227681601661497,0.06773356014166228,0.0858040083834567,0.0
c9b9564d-27d2-41eb-8ddf-e37f8f5ef7f3,ok,17694720.0,v1.14-1.15,0.0760869565217391,0.0,0.0,False,0.0830489192263936,7.069334999999995,0.9999999785386322,4.0,actuator_motors,none,4699912,2976585,3.2,,B,,0.0,4.0,True,9.832718923595928,19.621542967764515,2.0001041159170176,91.075553,87.49993099999999,,True,0.0,0.0632533177733421,0.0,0.0,0.0,0.0,0.0,0.0,0.7661552160978315,,0.0015227275434881,0.0613333755543011,0.0,0.0,0.0,0.0,0.0,0.0,0.5688049896546766,,0.001521569369475493
cd4c634f-f577-4851-ac95-201a17460cb2,ok,17825856.0,v1.16+,0.0,0.0,0.0,True,0.0,0.0,0.0810267031192777,4.0,actuator_motors,none,9722718,5676709,9.2,,B,,0.0,4.0,True,10.004471910015138,20.00445743766061,2.0000370875474185,224.750505,219.89568600000007,,True,0.0,0.0030213293386623,0.0015070586698129,0.0010263311502058,0.0070436688605695,0.0097485534846782,0.0108858450315892,0.0056615324923768,0.0500883035361766,0.0212202313356101,0.0,0.0030167742957262367,0.0015059241965645685,0.0010258048324775948,0.007018978099623035,0.009701342912380093,0.01082702073696766,0.005645566251211911,0.048874259239224976,0.020998217524251506,0.0
226c5692-be99-4a2f-8844-b5b516460f74,ok,17694975.0,v1.14-1.15,0.0,0.0,0.0,True,0.0085690989369394,0.5885979999999904,0.4381724968552589,4.0,actuator_motors,none,47676560,30100503,11.0,,B,,0.0,4.0,True,9.976108381448398,163.75738513245565,1.9956737922663192,460.524,456.9778609999999,,True,0.0,0.0132090055383741,0.0069661588873714,0.0,0.0544951565563678,0.0,0.063160253688693,0.0560501743108033,0.0,1.8724608242511749,0.0,0.013122527319833124,0.006942007300207386,0.0,0.053062127807478876,0.0,0.061245844054354424,0.054535697707233745,0.0,1.055169092441045,0.0
dd851e1e-2fd3-4ad9-a55e-e2b29e3a81dc,ok,17695744.0,v1.14-1.15,0.0,0.0,0.0,True,0.0,0.0,0.0840406290989133,4.0,actuator_motors,none,12894484,7246269,9.6,,C,,0.0,4.0,True,10.009732568785775,201.6453375992592,1.9998869686525549,106.545866,103.650637,,True,0.0,0.0,0.0,0.0,0.0,0.0,0.0,0.0,0.0,0.0,0.0024187053088098,0.0,0.0,0.0,0.0,0.0,0.0,0.0,0.0,0.0,0.002415784949169362
66ae9354-aafc-4450-9c4f-384be53bfe15,ok,17825984.0,v1.16+,0.0,0.0,0.0,False,0.0,0.0,0.0017220616340637,4.0,actuator_motors,none,127475330,47908447,21.7,,B,,0.0,4.0,True,124.98799046923638,249.94235369849065,100.00096076246108,416.324,416.128,,True,0.0,0.0002549345081206,9.476608829572795e-05,6.116450531408176e-05,0.0003533265262376,0.0003222267550881,5.681471157004125e-05,0.0002333286684006,0.0001648438192205,0.0341852754354476,0.0,0.00025490201784069636,9.476159827364816e-05,6.11626348419972e-05,0.0003532641211196847,0.000322174851196835,5.68130976754442e-05,0.00023330145150042425,0.0001648302339710748,0.033613943241273064,0.0
bc4155e5-d3d0-429a-9d99-0122ee2e3ed0,ok,17891392.0,v1.16+,0.0,0.7028753993610224,0.0,True,0.0,0.0,0.123371289670467,4.0,actuator_motors,none,2907581,2381548,5.1,,A,,0.0,4.0,True,10.014604657042668,20.01520580317425,1.9999669929111552,66.000142,61.565849000000014,,True,0.0,2.254098963737486,0.0056963217677548,0.0027000989764928,0.0650708816945552,0.0637119509279727,0.0424376368522643,0.0636394664645194,0.0371204128488898,0.0190643779933452,0.0,1.1799154212838243,0.005680159076459575,0.0026964602577136017,0.06304135252840595,0.06176463145536125,0.041561852136272025,0.061696486189949294,0.03644803904340707,0.018884929863558022,0.0
9c1ed126-8527-4ca2-b289-b221107efc42,ok,17891583.0,v1.16+,0.0,0.0,0.0,True,0.0127683097831949,2.365258999999924,0.1839931309223175,4.0,actuator_motors,none,57499694,35205174,10.3,,C,,0.0,4.0,True,10.001921077116815,197.7896447821664,2.0000419395767635,522.1556,519.1744719999996,,True,0.0,0.0014482440892606,0.0007526730187237,0.0004779098613653,0.0048670716583728,0.0032047471962869,0.0034193804953247,0.0046454143710434,0.0711217492818832,0.0295095805078744,0.0,0.0014471963952120504,0.0007523899024408938,0.00047779569881899447,0.004855265756392934,0.003199622939038078,0.003413547706406691,0.0046346577335322865,0.06870646313908696,0.029082553423829146,0.0
af959f88-9bad-45da-ae8d-02cade79f44f,ok,17695743.0,v1.14-1.15,0.0,0.0,0.0,True,0.0,0.0,0.1005476832389831,4.0,actuator_motors,none,9850496,6033650,7.4,,B,,0.0,4.0,True,10.011239270158748,199.7585036634676,2.000047498395781,91.843696,83.524816,,True,0.0,0.00039587237261,0.0010191319102887,0.0,0.0068722777999937,0.0,0.0003132114274194,0.00138372440706,0.0080518985632806,0.0089451725129038,0.0,0.0003957940358158686,0.0010186129479275551,0.0,0.006848771332777807,0.0,0.00031316238696002123,0.0013827679426630744,0.008019654993705005,0.008905401453959265,0.0
0bcd49e8-837a-4a01-a73b-948644615910,ok,17695488.0,v1.14-1.15,0.0248226950354609,0.0,0.0,True,0.0154186214363045,4.03500200000002,0.0731831476092338,4.0,actuator_motors,none,88264565,29483040,14.0,,A,,0.0,4.0,True,9.999999683321612,199.99295859883705,1.9999994567902712,284.025772,277.10003499999965,,True,0.0,0.0,0.0,0.0,0.0,0.0,0.0,0.0,0.0004473750756005,0.0,0.0,0.0,0.0,0.0,0.0,0.0,0.0,0.0,0.00044727503320790226,0.0,0.0
861599aa-46b0-433c-b584-0177d3d958ee,ok,17761535.0,v1.14-1.15,0.0,0.2658610271903323,0.0,True,0.0,0.0,0.1534675329923629,4.0,actuator_motors,none,4923322,3433763,3.3,,A,,0.0,4.0,True,10.007523778918095,20.00759651430905,2.0000232297780047,122.090419,113.95185799999996,,True,0.0,0.0017729677958413,0.0036639769095927,0.0029760223347693,0.0238095995038746,0.0138089252635836,0.0050167199224233,0.0042452090419828,0.0346726365387439,0.0132013211026787,0.0,0.0017713979436963954,0.003657280897234525,0.0029716027466582303,0.023530571344208433,0.013714450788895364,0.005004178111379722,0.004236223563258703,0.034085083486807215,0.013114943035846403,0.0
144a4e23-2549-4eb3-af4a-9e6585e35970,ok,17761535.0,v1.14-1.15,0.0236220472440944,0.0393700787401574,0.0,True,0.0003237293622531,0.1014669999999995,0.1953530073165893,4.0,actuator_motors,none,13150502,8610120,4.3,,A,,0.0,4.0,True,10.00321913478477,20.0029690274078,1.99996306061918,317.537752,308.89365600000014,,True,0.0,0.001312209945172,0.0002780630340566,0.0002221711780293,0.0035730754258111,0.0043682327959686,0.0071484027430415,0.0073187632020562,0.0517881210893392,0.0200443334877491,0.0,0.0013113497501239975,0.00027802438169617465,0.0002221465016679764,0.0035667071568405047,0.00435871976046334,0.007122974023391127,0.007292111016339736,0.050491688222031615,0.019846090555314166,0.0
d0f356ce-130d-4a74-a6a5-4c3835ad0f40,ok,17695488.0,v1.14-1.15,0.0,0.0,0.0,True,0.0,0.0,0.1012183785438537,4.0,actuator_motors,none,7171830,4476526,3.0,,C,,0.0,4.0,True,10.005723019318928,20.00552569886949,1.9999339277147603,188.539751,179.54967499999992,,True,0.0,7.434374274453148e-05,0.0,0.0,0.0,0.0,0.0,0.0,0.0,0.0,0.0005163175053894,7.434097938544697e-05,0.0,0.0,0.0,0.0,0.0,0.0,0.0,0.0,0.0005161842593690765
3b7fcffd-cdb8-4f9b-a929-93c5becef811,ok,17826047.0,v1.16+,0.0,0.0,0.0,True,0.0705329153605015,5.002485000000007,0.8031650744378567,4.0,actuator_motors,none,5826782,4100155,6.1,,B,,0.0,4.0,True,10.006964996995595,20.00712414931355,2.0001034959921373,133.540813,127.61496200000002,,True,0.0,0.0035178652964532,0.0014764568419195,0.0005367970850784,0.0116273893974721,0.0066262810258194,0.0070962716592475,0.0089384746272116,0.0329880410805344,0.0303319631144403,0.0,0.003511692081786698,0.001475367951184823,0.0005366530610619356,0.011560310770860054,0.006604423727640501,0.007071211608955444,0.008898762928787886,0.03245561318814077,0.029881044601762014,0.0
611a7cc1-8ed5-42b5-964b-8ee4fbe9dad5,ok,17891392.0,v1.16+,0.0,0.3068181818181818,0.0,False,0.00875,0.6000000000000014,0.1090228676795958,4.0,actuator_motors,none,24673465,10253833,6.9,,B,,0.0,4.0,True,125.0,250.00000000000003,100.01180358829085,84.384,79.128,,True,0.0,0.0002860033710021,0.0001408028037985,7.296153817151204e-05,0.0009416708489879,0.0012197813484817,9.249039430869745e-05,0.0005590029759332,0.1879512220621109,0.2476658821105957,0.0,0.0002859624798344764,0.000140792892014115,7.295887660794625e-05,0.0009412277551378738,0.0012190380196170348,9.2486117335895e-05,0.0005588467919718044,0.17223016122723767,0.22127451143533294,0.0
7b74775b-ba0c-4485-bc9e-cbd899887242,ok,17760384.0,v1.14-1.15,0.0,0.0,0.0,True,0.0,0.0,0.0741779506206512,4.0,actuator_motors,none,17379238,11642344,6.4,,A,,0.0,4.0,True,10.004642364782134,20.00450606647541,2.0000172663361124,208.424536,202.848023,,True,0.0,0.0006703936232952,0.0002501340313756,0.0001608390179171,0.0014589485304895,0.0015592481475323,0.0008100984647171,0.0014508842374198,0.0012731800903566,0.0009008333174278,0.0,0.000670169009870788,0.0002501027530745102,0.00016082608470901547,0.001457885299089819,0.001558033782306773,0.0008097705120598426,0.0014498327218466394,0.0012723702838654835,0.0009004278106060034,0.0
d473bd3a-caff-493e-8356-c2c6749c4efc,ok,17891328.0,v1.16+,0.0,0.0,0.0,True,0.0,0.0,0.1372948855161667,4.0,actuator_motors,none,7299412,4997547,5.2,,B,,0.0,4.0,True,10.00587639718573,20.00586498230746,2.00000488236486,169.942197,167.82027500000007,,True,0.0,0.0817942470312118,0.0,0.0,0.0,0.0,0.0,0.0,1.2176095879112836e-05,5.419952392578125,0.0,0.07862100248136324,0.0,0.0,0.0,0.0,0.0,0.0,1.2176021751059133e-05,1.8594107021881017,0.0
286facb0-a183-4636-a7cb-db7ce90098c3,ok,17826047.0,v1.16+,0.0,0.0,0.0,True,0.0,0.0,0.1461875081062316,4.0,actuator_motors,none,46730550,19829088,24.4,,C,,0.0,4.0,True,10.003965703869708,285.6404533538712,1.9999660853208752,236.275758,229.24111400000007,,True,0.0,0.009574525617063,0.0249146968126296,0.0102518271654844,0.055137825757265,0.0715048223733901,0.0170343119651078,0.020551760867238,1.0602971315383911,1.5354978799819945,0.1101558282971381,0.009528980332219359,0.024609386505352184,0.010199633601867507,0.05367139892351242,0.06906403650315905,0.01689085490939754,0.020343423066487284,0.7228502110109709,0.9303900201184891,0.10450039132434859
ae301b77-ebf4-48a5-8edd-92f783d014ba,ok,17826303.0,v1.16+,0.0,0.0,0.0,True,0.0,0.0,0.2684933513402936,4.0,actuator_motors,none,4622213,3118750,2.5,,B,,0.0,4.0,True,10.008176183081767,20.007642809144343,1.9999010366431471,126.383767,120.75018700000004,,True,0.0,0.0042308593168854,0.0013415494468063,0.0008205931750126,0.0015062440186738,0.0022846630774438,0.016659104079008,0.0026611752808094,0.0274192892014978,0.0247643887996673,0.0,0.004221934396139705,0.0013406503733583471,0.0008202566725083507,0.0015051107709742276,0.002282057203030382,0.016521863312732157,0.0026576406233784333,0.02705011364751172,0.024462721581767977,0.0
da85650c-66ba-4f86-9f72-61ed91aa5032,ok,17760511.0,v1.14-1.15,0.0,0.0,0.0,True,0.0051724137931034,0.1005520000000004,0.7397361360490322,4.0,actuator_motors,none,3032692,2363464,3.0,,C,,0.0,4.0,True,10.016026860731197,20.01532945924836,2.000058894041896,65.31117,58.00789100000001,,True,0.0,0.0049391412176191,0.0003913264372386,0.0005691991536878,0.0033770421287044,0.0032741794129833,0.0532510299235582,0.0686105154454708,0.0,5.826720952987671,0.0,0.004926983675081284,0.0003912498890179363,0.0005690372212944608,0.0033713527272356382,0.0032688309589213927,0.05188159972940248,0.06635922088753154,0.0,1.9208444635693829,0.0
a51a2ae2-c159-4bee-89bf-c2753a3a9eb8,ok,17695743.0,v1.14-1.15,0.0284900284900284,0.0,0.0,True,0.0023724792408066,0.1010369999999909,0.3887007981538772,4.0,actuator_motors,none,7527117,5258534,2.9,,C,,0.0,4.0,True,9.889509269398802,19.773225494228527,1.9766311847997668,172.577524,170.88102300000003,,True,0.0,0.1391869485378265,0.0007121305097825,0.0,0.0065059633925557,0.0,0.0015051520895212,0.0033245959784835,0.0229392293840646,,0.0008033722988329,0.13031480491913347,0.0007118770651676425,0.0,0.006484890960987389,0.0,0.0015040204834654081,0.0033190817276641115,0.022680080888330737,,0.000803049768037612
d1885d3b-d845-4453-b0f5-5b6d6f66fc87,ok,17695743.0,v1.14-1.15,0.9837837837837838,0.0,0.0,True,0.4111374407582938,8.501975999999999,0.5794220641255379,4.0,actuator_motors,none,3730511,2460908,3.2,,C,,0.0,4.0,True,10.0100912074638,20.01044381288398,2.0000256307632465,92.470215,84.43795800000008,,True,0.0,0.0015950063243508,0.0,0.0,0.0,0.0,0.0,0.0,0.0648312285542488,0.0607521243393421,0.0,0.001593735652736842,0.0,0.0,0.0,0.0,0.0,0.0,0.06281631576247705,0.058978207775022544,0.0
ebcb42ce-b660-4394-929c-e964f58b1e35,ok,17694720.0,v1.14-1.15,0.0,0.0,0.0,True,0.0,0.0,0.1574971050024032,4.0,actuator_motors,none,3291077,2244640,2.6,,C,,0.0,4.0,True,10.009371093846784,20.00938375352731,2.0000937660538614,96.945856,91.110807,,True,0.0,0.0081238899379968,0.00046259091323,0.0,0.0094991527963429,0.0,0.0016614930937066,0.0059726008679717,0.0098724802490323,0.0364892018958926,0.0,0.008091068781289781,0.0004624839510387191,0.0,0.009454319539440028,0.0,0.0016601143410371437,0.005954835588926601,0.009824065702883548,0.03583923498693956,0.0
54237cd9-8f92-4163-965d-989bad10109f,ok,17761535.0,v1.14-1.15,0.0,0.0,0.0,True,0.0,0.0,0.0992383956909179,4.0,actuator_motors,none,3085227,2190463,2.7,,C,,0.0,4.0,True,10.01360880486531,20.012014193964127,1.999978144029693,77.128761,71.03523700000002,,True,0.0,0.003169002267532,0.0,0.0,0.0,0.0,0.0,0.0,41.70964241027831,12.383950757980337,0.0167495920322835,0.003163991563011319,0.0,0.0,0.0,0.0,0.0,0.0,3.7544247123125496,2.594056284507128,0.0166108645582843
4124f0e3-748c-46d5-afb6-76622465d9db,ok,17761535.0,v1.14-1.15,0.0,0.0,0.0,True,0.0,0.0,0.1445670038461685,4.0,actuator_motors,none,2810357,2172094,2.5,,B,,0.0,4.0,True,10.013212965936056,20.014616964288635,2.000170268015492,71.13373,65.47280299999998,,True,0.0,0.0217508390545845,0.0,0.0,0.0,0.0,0.0,0.0,0.0048490313347429,0.0032321993494406,0.0001135037506173,0.021517664655535652,0.0,0.0,0.0,0.0,0.0,0.0,0.00483731264987852,0.0032269870216250483,0.0001134973095539832
9683ceb6-b2f4-49f2-a16c-5e171230d666,ok,17826240.0,v1.16+,0.0,0.0808823529411764,0.0,True,0.0,0.0,0.3013988181948661,4.0,actuator_motors,none,2492615,1971521,3.4,,B,,0.0,4.0,True,10.015227090570155,20.01522157600856,2.0000898360961497,65.615651,61.500187,,True,0.0,0.0046993225114419,0.0,0.0,0.0,0.0,0.0,0.0,0.0038102649967186,0.0,0.0,0.0046883151666465995,0.0,0.0,0.0,0.0,0.0,0.0,0.0038030243238061437,0.0,0.0
cce69a90-9384-4b9b-bbdb-2a7774adc033,ok,17695488.0,v1.14-1.15,0.0795454545454545,0.0,0.0,False,0.0408921933085501,1.5024990000000005,0.3803393319249153,4.0,actuator_motors,none,2797543,1919484,4.6,,B,,0.0,4.0,True,9.272482075324142,18.0808251819541,1.697916525173623,97.464432,91.62097099999995,,True,0.0,0.7895056486129736,0.0,0.0,0.0,0.0,0.0,0.0,8.556644773483276,,0.0194454118609428,0.5819394077503801,0.0,0.0,0.0,0.0,0.0,0.0,2.257236700343827,,0.019258765568376874
464e089d-2646-4f69-81ee-f50e1df24dcc,ok,17695488.0,v1.14-1.15,0.0,1.0,0.1486880466472303,True,0.0,0.0,0.1635745152831077,4.0,actuator_motors,none,2219203,1590433,3.0,,C,,0.0,4.0,True,10.014760114163574,20.01499408985817,2.000060416639845,67.920582,64.868405,,True,0.0,0.1155679263174533,0.1200778111815452,0.0,0.1529501788318157,0.0,0.1431301310658455,0.3386792242527008,23.000869846343992,23.181638717651367,0.0,0.109363626194272,0.11339815716301468,0.0,0.14232403032022425,0.0,0.13377022878351122,0.29168347434417835,3.1780900732888284,3.185593614505282,0.0
9f587c97-9afd-450d-9998-d12b18558c6f,ok,17891583.0,v1.16+,0.0,0.0,0.0,True,0.0,0.0,0.6000121742486954,4.0,actuator_motors,none,12225476,7986526,5.1,,C,,0.0,4.0,True,10.003330228784892,20.003141754148395,1.999951812349864,285.915749,281.2772870000003,,True,0.0,0.0037916618399322,0.0015657736454159,0.0021971856709569,0.0034975568763911,0.0036059931851923,0.0008195681148208,0.0040317022241652,0.0652992859482765,0.0307062473148106,0.0,0.0037844916091895114,0.0015645490999356072,0.0021947753884337014,0.0034914546487919812,0.003599507179418391,0.0008192324522597527,0.004023596691511837,0.06325577935250024,0.030244244277139978,0.0
238f1bbe-754b-40a1-a38f-9d2ff98d8e5a,ok,17891583.0,v1.16+,0.0837696335078534,0.1335078534031413,0.0,True,0.0081871345029239,0.402479999999997,0.4963179253041744,4.0,actuator_motors,none,8334873,5995960,4.5,,C,,0.0,4.0,True,10.005744765915516,20.00569081106985,2.0001139894024043,175.348966,171.02001299999998,,True,0.0,0.0032321629929356,0.0049915719078853,0.0016729709750507,0.0223909436725079,0.010186006501317,0.0094065780751407,0.0117215341422706,0.259781488776207,0.0091646777465939,0.0,0.0032269507822522666,0.004979155314566867,0.0016715731179414398,0.022143946691600438,0.01013447874969249,0.009362611719850927,0.011653369109707252,0.23093828431793617,0.009122936921146532,0.0
b48ef0ea-3a41-4f1d-a103-2d8d0c98f4e4,ok,17695488.0,v1.14-1.15,0.0,0.0,0.0,True,0.0,0.0,0.1051296591758728,4.0,actuator_motors,none,2051062,1570589,3.4,,A,,0.0,4.0,True,10.01568611804914,20.016000579473125,1.999971333744216,60.375726,59.75552000000001,,True,0.0,0.0020889944862574,0.0,0.0,0.0,0.0,0.0,0.0,0.0,0.0,0.0,0.002086815571242229,0.0,0.0,0.0,0.0,0.0,0.0,0.0,0.0,0.0
27e43ffc-8215-491c-8358-fd4c87f5a0fe,ok,17761280.0,v1.14-1.15,0.0,0.0,0.0,True,0.0,0.0,0.2370778203010558,4.0,actuator_motors,none,7119974,4748901,4.4,,A,,0.0,4.0,True,10.0144207659029,196.8951289900064,1.9999560324626564,63.992247,55.83652600000001,,True,0.0,0.0049835685407742,0.0310787389054894,0.0312735218554735,0.0188070190139114,0.0413806244730949,0.0515109844505786,0.0084246459417045,0.1087808709591626,0.0696717789396642,0.0009397893445566,0.0049711916667086594,0.03060557351100382,0.030794467478605068,0.018632353590904187,0.040547356304803786,0.05022816256404557,0.008389356673285888,0.10326109728372665,0.06735185276230349,0.0009393480190309029
5c44024c-ebe2-4d49-b874-660b3d87c890,ok,17826559.0,v1.16+,0.0,0.0,0.0,True,0.0,0.0,0.2717479899525642,4.0,actuator_motors,none,4223337,3184614,4.7,,B,,0.0,4.0,True,10.010193270551603,20.00965443681115,2.0000046930803195,101.307836,91.25978900000004,,True,0.0,0.0027678029844537,0.0065160838887095,0.0041747737675905,0.0632506888359784,0.0336051993072032,0.0084196361713111,0.0074546933639794,0.0085500462912023,0.0054063159972429,0.0,0.0027639796709342476,0.006494945988618659,0.0041660835775743895,0.0613309030102988,0.03305288432302527,0.00838438874349791,0.007427044461771481,0.008513701663971468,0.0053917543306487405,0.0
1c09d15d-088f-4b50-8f4f-e16a208d028d,ok,17760512.0,v1.14-1.15,0.0,0.0,0.0,True,0.0,0.0,0.2991278767585754,4.0,actuator_motors,none,9795006,6418367,6.4,,B,,0.0,4.0,True,10.003604195379806,20.0040173974054,2.0000041033881404,251.506353,244.590778,,True,0.0,0.0010053946403786,0.0,0.0,0.0,0.0,0.0,0.0,0.0006496715184766,0.0,0.0022867993451654,0.0010048895696890441,0.0,0.0,0.0,0.0,0.0,0.0,0.0006494605732940801,0.0,0.002284188598953797
14ded8fd-4876-4dd8-8ab2-2b633ff824f5,ok,17761280.0,v1.14-1.15,0.015356820234869,0.015356820234869,0.0,True,0.0549598562013181,2.323127999999997,0.2028501749038695,4.0,actuator_motors,none,174146476,56509996,37.2,,C,,0.0,4.0,True,9.740319857619063,194.417685898304,1.952256540656229,566.142087,536.6601940000002,,True,0.0,0.0107377298176288,0.0,0.0,0.0,0.0,0.0,0.0,0.0,0.0,0.0018916437169536,0.010680489784254106,0.0,0.0,0.0,0.0,0.0,0.0,0.0,0.0,0.0018898568120810345
be1a4ca6-a045-4a09-ac1b-07d27790bf1a,ok,17761280.0,v1.14-1.15,0.0,0.0,0.0,True,0.0,0.0,0.2654545217752456,4.0,actuator_motors,none,59778451,31909514,13.3,,C,,0.0,4.0,True,10.000727815959769,20.000636748104792,2.000004071486915,1427.481787,1422.641914,,True,0.0,0.0141601873561739,0.0020938629284501,0.0026560165453702,0.0051965577062219,0.0040910861920565,0.0133218049071729,0.0016412995872087,0.0116130170412361,0.1214933492243288,0.0,0.014060868388569065,0.0020916738526856596,0.0026524955665662357,0.005183102194987926,0.00408274045328892,0.01323384994896255,0.0016399541270421738,0.011546103505929495,0.11466114471027784,0.0
601ff888-bfce-47c9-a451-d822d8cf901b,ok,17629952.0,v1.12-1.13,0.0,0.0,0.0,True,0.0,0.0,0.2119766309857368,4.0,actuator_motors,none,7343741,4395800,4.0,,B,,0.0,4.0,True,10.00665911792419,20.00613452486956,2.0000232729980856,154.468931,151.81191400000003,,True,0.0,3.2171105885936413e-06,0.0003495218697935,0.0,0.0,0.0,0.0,0.0,0.0038501989096403,0.0,6.587878015125166e-05,3.2171054137044707e-06,0.00034946080125421365,0.0,0.0,0.0,0.0,0.0,0.003842805864205924,0.0,6.587661023971478e-05
b67deae1-d1e9-47ef-8789-73dbaa5c523b,ok,17694975.0,v1.14-1.15,0.0,0.0,0.0,True,0.0,0.0,0.2666077211499214,4.0,actuator_motors,none,7115548,4716473,3.2,,B,,0.0,4.0,True,10.005889188657305,20.00560865407669,1.9999461676381125,174.695694,169.79315600000007,,True,0.0,0.0056563615566119,0.003696883842349,0.0,0.0263265896588564,0.0,0.0267287879250943,0.0088419508654624,0.0048637043917551,0.0248855054378509,0.0,0.005640424412837967,0.0036900671624274426,0.0,0.02598600960523884,0.0,0.026377814206102898,0.008803089722126406,0.004851914793509914,0.024580904339384372,0.0
71f36a00-851d-4ea4-ad41-be8fb0c54137,ok,17761535.0,v1.14-1.15,0.0,0.0,0.0,True,0.0,0.0,0.4492876976728437,4.0,actuator_motors,none,2676368,2003715,2.3,,B,,0.0,4.0,True,10.01276600677276,20.01285191905584,2.00016613624846,73.844528,69.53693600000004,,True,0.0,0.0095268034376204,0.0015650561952497,0.0014771077549085,0.0050598131492733,0.0048957325983792,0.0054904661141335,0.005683681438677,0.0587026208639145,0.0177179808728396,0.0,0.009481709619487147,0.001563832771121221,0.0014760179043345166,0.0050470553114739395,0.004883787470445595,0.005475448449300981,0.0056675902639449684,0.05704421591331062,0.017562847206312952,0.0
ff64d244-0c91-4025-a1c1-604405795652,ok,17761023.0,v1.14-1.15,0.0,0.0,0.0,True,0.0,0.0,0.4513198152184486,4.0,actuator_motors,none,10144107,5845207,4.6,,B,,0.0,4.0,True,10.003890160961747,20.00392535911981,2.000000515090676,248.853558,239.3369489999998,,True,0.0,0.0008560030080843,0.0,0.0,0.0179462954401969,0.0139055932406336,0.0,0.0018249199318233,0.0119835346471518,0.0013230826996732,0.0,0.0008556368464514492,0.0,0.0,0.017787161766401577,0.01380979752162433,0.0,0.001823256788539323,0.011912300621404023,0.001322208197032668,0.0
ecfafc35-90c8-40f3-8ef3-a003e26fb20f,ok,17694975.0,v1.14-1.15,0.0,0.0342465753424657,0.0,True,0.9668547249647392,99.90036,1.0,4.0,actuator_motors,none,5548502,3544414,3.6,,B,,0.0,4.0,True,10.006956340491383,20.006547560062288,2.000068882097376,146.172762,141.78861600000005,,True,0.0,0.0005403993534855,0.0131828298792242,0.0,0.0022014378220774,0.0,0.9034395605325698,0.0009441681439056,0.0001533689617644,,0.0,0.0005402533903381024,0.01309669257386361,0.0,0.0021990182082707024,0.0,0.6436625445803782,0.000943722697525755,0.00015335720194756223,,0.0
875f2a48-343f-4af1-a1fa-4894a4965a2e,ok,17761280.0,v1.14-1.15,0.0,0.0,0.1312292358803986,True,0.0029448885149347,0.4023059999999816,0.2769944608211515,4.0,actuator_motors,none,10396426,6754519,4.4,,C,,0.0,4.0,True,10.004243463135806,20.003891628374262,2.000022266914572,240.164999,237.73989,,True,0.0,14.32740306854248,0.0020357477478682,0.0012190939160063,0.010934610851109,0.0084459641948342,2.4914774894714355,0.4844167828559875,0.0485037863254547,0.2334848046302795,0.0,2.729642276612036,0.002033678421363653,0.0012183514244016786,0.010875260252387902,0.008410496604646234,1.2503249960460037,0.3950219562950582,0.04736418253639282,0.2098433380060693,0.0
2c5605c7-1711-4862-866b-1d2470015a8b,ok,17825792.0,v1.16+,0.0,0.0,0.0,True,0.0184992901188786,0.3292409999999961,0.370596170425415,4.0,actuator_motors,none,19758383,12569240,5.5,,B,,0.0,4.0,True,10.005926124656373,202.2862159568763,1.999986000098,169.347679,165.1662990000001,,True,0.0,0.0029044626047834,0.0030015851138159,0.002797810989432,0.0111325925216078,0.0055762651376426,0.3732010155916213,0.0037095739040523,0.0392728347331285,3.3553177356719965,0.0,0.002900252802777187,0.0029970893512474978,0.002793904401166414,0.011071081311946382,0.005560775328044335,0.31714452218139244,0.0037027104033162013,0.038521271228806685,1.4713975664656027,0.0
3bdd4ef5-4fe4-42d3-b032-4af60d39fd84,ok,17760256.0,v1.14-1.15,0.0,0.0,0.0,True,0.0395939086294416,3.899043999999989,0.4595095202186574,4.0,actuator_motors,none,3425879,2238150,2.6,,C,,0.0,4.0,True,10.009572061686407,20.00919928134797,2.000237102732387,100.90061,98.47039100000003,,True,0.0,0.000116168009481,0.0,0.0,0.0,0.0,0.0,0.0,0.0,0.0,0.0,0.00011616126250030376,0.0,0.0,0.0,0.0,0.0,0.0,0.0,0.0,0.0
d6fbb6a4-2364-43ea-a007-f29ecd39d94a,ok,17761535.0,v1.14-1.15,0.0,0.0,0.1820040899795501,True,0.0698924731182795,4.500840000000011,0.3813577950000761,4.0,actuator_motors,none,3967741,2805264,2.6,,C,,0.0,4.0,True,10.0094145987199,20.009631932522552,2.000180139935077,97.271551,93.01149399999998,,True,0.0,0.2204311743378634,0.0017666728352196,0.0007246331253554,0.0062953883316367,0.0077329182066023,0.3534705191850659,0.2022517889738062,0.0,9.835697746276852,0.0,0.19920421789487927,0.001765114104341225,0.0007243707055366288,0.006275655149905624,0.007703172443894068,0.30267204866401626,0.18419628919599276,0.0,2.3828460303562298,0.0
f18bf2d6-0634-411f-85c1-84f4ff39ee67,ok,17826240.0,v1.16+,0.0,0.0,0.0,True,0.0,0.0,0.2592102050781248,4.0,actuator_motors,none,4635559,3496431,3.8,,A,,0.0,4.0,True,10.011042754039137,20.0104241238617,1.9998989783649752,93.823755,88.44752999999999,,True,0.0,0.0006491371314041,0.000428630154056,4.26685286583961e-05,0.0032284756773151,0.0023193842964246,0.0010972437390591,0.0016605922137387,0.0120529108680784,0.0061188445426523,0.0,0.0006489265330296375,0.00042853831839293605,4.266761838262048e-05,0.003223275339485597,0.0023166986765221255,0.0010966422071255362,0.0016592149549878336,0.01198085296502164,0.0061002004283544405,0.0
22436e7f-492b-441f-ab3b-14bbab1f022d,ok,17694720.0,v1.14-1.15,0.0,0.0,0.0,True,0.0781091311974886,2.002502000000049,0.60993592441082,4.0,actuator_motors,none,45324403,28181108,20.9,,C,,0.0,4.0,True,9.907179943242078,19.81254024524613,1.9808966658754428,1098.943572,1093.7498790000006,,True,0.0,0.023511267080903,0.0016185452695935,0.0,0.016782534494996,0.0,0.0076436107046902,0.0109318748116493,0.0776377990841865,0.228883184492588,0.0,0.02323913444249713,0.0016172368368467973,0.0,0.016643263813044675,0.0,0.007614546322978786,0.010872553803194442,0.07477142259996822,0.20610577683338838,0.0
7a483895-6201-4f66-af59-0c01218ae3df,ok,17695488.0,v1.14-1.15,0.6940298507462687,0.0,0.0,True,0.0,0.0,0.4934950299095362,4.0,actuator_motors,none,2756169,2013561,2.8,,B,,0.0,4.0,True,10.01629601521358,20.015771013925065,1.9997902658989424,62.159998,52.34247099999999,,True,0.0,0.000209946661198,0.0,0.0,0.0,0.0,0.0,0.0,0.0,0.0,0.0011135153850773,0.00020992462548188862,0.0,0.0,0.0,0.0,0.0,0.0,0.0,0.0,0.0011128958866589295
53863ea2-a094-4c59-a957-98e566575bdf,ok,17761280.0,v1.14-1.15,0.0,0.0,0.0,True,0.0,0.0,0.1815277375280857,4.0,actuator_motors,none,5983799,4032997,3.2,,A,,0.0,4.0,True,10.006932526126077,20.006489395432464,1.9999074007787343,142.947521,137.18919399999996,,True,0.0,0.0007121879898477,0.0998405553400516,0.0459627360105514,0.1592063531279564,0.0952040702104568,0.0476356027647852,0.0685029104351997,0.2796702682971954,1.0166557550430328,0.0043734293431043,0.0007119345043270139,0.09516521960724096,0.044937739779219256,0.14773559262349614,0.09094071139357536,0.04653581814914562,0.06625851962473574,0.24660244185338526,0.7014405726375393,0.004363893693213039
85324e46-7f7f-41e5-bf71-6ce705fe3b4c,ok,17761535.0,v1.14-1.15,0.0,0.0,0.0,True,0.0,0.0,0.1183624118566513,4.0,actuator_motors,none,4895622,3190058,3.9,,C,,0.0,4.0,True,10.008042228384422,20.00806711140702,2.0000441783951985,124.432918,121.102768,,True,0.0,0.007464797142893,0.0,0.0,0.0,0.0,0.0,0.0,0.0,0.0,0.0008822357514873,0.007437073427158226,0.0,0.0,0.0,0.0,0.0,0.0,0.0,0.0,0.0008818468102684542
66705865-6555-4077-852a-8d75706e6937,ok,17825920.0,v1.16+,0.0,0.1173184357541899,0.0,True,0.2766497461928934,8.398960000000002,1.0,4.0,actuator_motors,none,17319536,4932606,5.1,,B,,0.0,4.0,True,9.998880793534088,19.98685068076824,1.999981735106564,83.487912,78.79667399999998,,True,0.0,0.01369433356449,0.0022600488038733,0.0062522783409804,0.1022096514701842,0.0658992744982242,0.270881763100624,0.7804841578006744,1.3292299270629844,0.1385116122663016,0.0,0.0136014135360903,0.002257498735039278,0.006232813937866987,0.09731693897936196,0.06381883206559247,0.23971096120864693,0.5768853260834601,0.845537709542877,0.12972180608870307,0.0
9924920f-3ecc-4b6e-a27b-d2771f0eb297,ok,17695488.0,v1.14-1.15,0.0,0.0,0.0,True,0.0,0.0,0.2130445420742034,4.0,actuator_motors,none,15463373,9209224,8.6,,C,,0.0,4.0,True,9.98539122998209,170.50103722890503,1.985624964131513,140.278397,136.76632700000002,,True,0.0,0.1835074037313461,0.0,0.0,0.0,0.0,0.0,0.0,0.0,0.0,0.0002125201186572,0.16848240574561354,0.0,0.0,0.0,0.0,0.0,0.0,0.0,0.0,0.00021249753945574935
d3e5bdbf-ffeb-48ba-84d3-0442a6bc6671,ok,17891583.0,v1.16+,0.0,0.0,0.0,False,0.2655775425678785,9.30749999999999,1.0,4.0,actuator_motors,none,22474711,11580544,14.8,,B,,0.0,4.0,True,8.294120262108185,16.56135482163386,1.656325449974124,185.806834,152.75978199999992,,True,0.0,0.0320568040013313,0.0571917766705154,0.2612060278654098,0.0520991517230867,0.1123102359473704,0.0405120331794023,0.0337476458400487,0.152377501130104,0.0070235934108495,0.5444083243608474,0.03155370818152956,0.05561612531301131,0.23206842814563902,0.05078736056154592,0.10643914607945573,0.03971293158948782,0.0331906900521298,0.1418272005476332,0.006999042866975419,0.4346408754224568
c3516a86-b970-4d3d-932a-a371b79bcb1b,ok,17761280.0,v1.14-1.15,0.0,0.0,0.0,True,0.0,0.0,0.0530187681317329,4.0,actuator_motors,none,43786463,15154484,9.3,,B,,0.0,4.0,True,9.689592745611352,215.01714421304288,1.848916712720973,86.530802,81.07068999999998,,True,0.0,0.0276477876119315,0.0,0.0,0.0,0.0,0.0,0.0,0.0007693982537602,0.0,0.0,0.02727248927111387,0.0,0.0,0.0,0.0,0.0,0.0,0.0007691024186573712,0.0,0.0
bcc6e67a-e0d6-4bda-b86b-53d2c7cf2539,ok,17761280.0,v1.14-1.15,0.0,0.0,0.0,True,0.0,0.0,0.4756916891783476,4.0,actuator_motors,none,13819207,8829000,4.1,,B,,0.0,4.0,True,10.007854448325414,199.68880443036525,1.9999431545569248,127.874452,123.15328399999996,,True,0.0,0.0090216051321476,0.0028770321514457,0.0056336037814617,0.0123700643889606,0.0201854463666677,0.0018070832884404,0.0092040102463215,0.0,19.704849243164062,16.128302097320557,0.008981153562593625,0.002872901415389157,0.0056177943838084665,0.012294180295676554,0.01998442093411463,0.0018054524778128981,0.009161911465258877,0.0,3.0303679357908275,2.840732188761485
39dfff52-f646-4ce6-b61c-ab648f31cc09,ok,17761280.0,v1.14-1.15,0.0,0.0,0.0,True,0.0,0.0,0.218788668513298,4.0,actuator_motors,none,4293781,2866270,3.3,,C,,0.0,4.0,True,10.011804926391443,20.011612257209745,2.000109363555624,83.079622,79.15498500000001,,True,0.0,0.0039370857411995,0.0,0.0,0.0,0.0,0.0,0.0,3.355012995598372e-05,0.0,0.0,0.003929355701708803,0.0,0.0,0.0,0.0,0.0,0.0,3.354956716296151e-05,0.0,0.0
ea2f976c-a76e-4f2d-892d-6e5d4957831c,ok,17694975.0,v1.14-1.15,0.0,0.0,0.0,True,0.7101226993865031,46.298259,1.0,4.0,actuator_motors,none,2886794,2231905,3.4,,A,,0.0,4.0,True,10.012825199435277,20.01067235859125,2.0000775812406,73.671884,65.19528499999998,,True,0.0,0.0015442114905454,0.0016617249639239,0.0,0.001731118169846,0.0,0.0012621631496585,0.0014464375388342,0.0006773312983568,,0.0,0.001543020421998465,0.0016603458266159158,0.0,0.001729621511799362,0.0,0.0012613672913486208,0.00144539245570093,0.000677102013041838,,0.0
b6b22e80-2c26-4f19-b944-57d76e9220a7,ok,17891583.0,v1.16+,0.0,0.0,0.0,True,0.0207446808510638,9.898521999999955,0.1115244314074513,4.0,actuator_motors,none,70895876,21011206,27.4,,C,,0.0,4.0,True,10.001354119931062,20.001168971887484,2.0000099749340854,756.563725,752.067336,,True,0.0,2.264724616907188e-05,0.0,0.0,0.0,0.0,0.0,0.0,5.332119035301729e-05,0.5379437178373336,0.0,2.2646989724064202e-05,0.0,0.0,0.0,0.0,0.0,0.0,5.3319768828878304e-05,0.43044627602981306,0.0
69c12090-73ed-42e5-a8e7-273de4ef8727,ok,17694848.0,v1.14-1.15,0.0216216216216216,0.0,0.0,False,0.0,0.0,0.2160902328789234,4.0,actuator_motors,none,15737040,8481928,6.3,,C,,0.0,4.0,True,10.010451369723947,200.3208145868921,1.9998903796350151,91.574852,89.09728600000001,,True,0.0,0.0025027019903063,0.0072324173524975,0.0,0.0139714190736413,0.0,0.0081269595772027,0.0072847102303057,0.0376041021198034,0.0509247271344065,0.0006474313093349,0.0024995754471308735,0.007206388846116386,0.0,0.01387471845384171,0.0,0.008094113679405152,0.007258304888034273,0.03691430748163776,0.049670469096286654,0.0006472218161015219
acea2a9e-097a-4594-942a-156dc0bfa648,ok,17760767.0,v1.14-1.15,0.0,0.0,0.0,True,0.0,0.0,0.2407518804073332,4.0,actuator_motors,none,9361513,6152564,4.4,,A,,0.0,4.0,True,10.004593571993912,20.004674280273136,2.0000201961950324,224.87969,218.23535800000008,,True,0.0,0.0008761596487602,0.0,0.0,0.0,0.0,0.0,0.0,0.0844550881534814,0.0115397403948008,0.0001256432849913,0.0008757760449442466,0.0,0.0,0.0,0.0,0.0,0.0,0.08107763793624431,0.011473665430061999,0.00012563539253485081
81fdddcc-c8d2-4d44-893b-8c4643217e37,ok,17760511.0,v1.14-1.15,0.0,0.0,0.0,True,0.0015325670498084,0.1019459999999981,0.4568848013877868,4.0,actuator_motors,none,5445340,3631467,5.7,,B,,0.0,4.0,True,10.00722727308216,20.007247761174504,2.0000588817334783,137.860719,130.56775299999998,,True,0.0,0.0340171018615365,0.0,0.0,0.0,0.0,0.0,0.0,0.1348954737186432,0.1348954737186432,0.0,0.033451315467388054,0.0,0.0,0.0,0.0,0.0,0.0,0.1265405530525244,0.1265405530525244,0.0
613ed6dd-0a1b-4628-9920-e64f319b17aa,ok,17891392.0,v1.16+,0.0,0.2361516034985422,0.0,True,0.0075,0.7999999999999972,0.0508956015110015,4.0,actuator_motors,none,48520481,20734835,12.4,,B,,0.0,4.0,True,124.99701848539058,249.9940369707812,100.0,167.22,160.05200000000005,,True,0.0,0.0002861137327272,0.0001939680805662,6.738981028320268e-05,0.0010891266865655,0.000796987034846,6.590571138076484e-05,0.0003499243030091,0.2186914384365081,0.1906167119741439,0.0,0.00028607280999868944,0.00019394927119030042,6.73875396919469e-05,0.0010885340183839265,0.0007966696093239642,6.590353969478568e-05,0.0003498630937788303,0.1977776916618226,0.17447141823711518,0.0
605ef5d4-e0bf-44c2-b19a-a486653fff6b,ok,17695743.0,v1.14-1.15,0.0,0.0,0.0,True,0.0,0.0,0.4402284979820251,4.0,actuator_motors,none,4886666,3479222,3.2,,A,,0.0,4.0,True,10.008194482381862,20.00796334415301,1.9999802984396915,114.381426,105.685699,,True,0.0,0.0055712442845106,0.0005458104307763,0.0,0.0150077966973185,0.0,0.0529562465846538,0.0059146750718355,0.0176662527024745,0.0265562378801405,0.0,0.00555578230479916,0.0005456615304415682,0.0,0.014896293939438915,0.0,0.05160168108690505,0.005897252048491765,0.01751201830676373,0.026209742025970654,0.0
4dba66e9-b5c0-44f3-b2a1-f06d437584ac,ok,17629952.0,v1.12-1.13,0.0,0.0,0.0,True,0.0,0.0,0.1522693514823912,4.0,actuator_motors,none,4359411,2708868,5.0,,B,,0.0,4.0,True,10.011080737055895,20.01043187389933,1.999961967936348,91.839148,89.64667699999998,,True,0.0,1.033714669418373e-09,5.485657675308176e-05,0.0,0.0,0.0,0.0,0.0,0.0061449249507859,0.0,0.0,1.03371466888409e-09,5.485507218609857e-05,0.0,0.0,0.0,0.0,0.0,0.006126121889079866,0.0,0.0
7c594443-05a9-4452-9ccd-73cec2c99d00,ok,17826303.0,v1.16+,0.0,0.0,0.0,True,0.0,0.0,0.1201537311077117,4.0,actuator_motors,none,8594555,5761913,5.7,,C,,0.0,4.0,True,10.0051186921754,20.005223728405653,2.000014317651244,179.616868,174.02372200000002,,True,0.0,0.00453597959131,0.0,0.0,0.0,0.0,0.0,0.0,0.0002668910979991,0.0,0.0,0.004525723039860053,0.0,0.0,0.0,0.0,0.0,0.0,0.0002668554889056969,0.0,0.0
d9355d93-d971-4807-983c-25bd139d9faf,ok,17826047.0,v1.16+,0.0,0.0,0.0,True,0.0,0.0,0.3237340319901705,4.0,actuator_motors,none,5924997,3982912,10.8,,C,,0.0,4.0,True,10.007378253839777,20.00722885441749,2.00000080000032,125.683409,119.61407299999998,,True,0.0,0.0039843006525188,2.221723318099976,0.0869696736335754,2.59090793132782,0.1668967604637146,0.0,0.0161007978022098,0.3399741500616073,0.1930666416883468,0.0,0.003976384347001337,1.169916408348694,0.08339370860873913,1.278405076187287,0.1543478836359215,0.0,0.015972554670506258,0.2926503227779458,0.17652700214938674,0.0
f5b1d76c-da1b-4d52-9119-7dbae0c72bb8,ok,17761023.0,v1.14-1.15,0.0,0.0,0.0,True,0.0,0.0,0.3278172314167022,4.0,actuator_motors,none,65771923,39533742,21.1,,C,,0.0,4.0,True,9.998104248274462,19.995581172540376,1.999364968405306,1586.543805,1583.0131289999997,,True,0.0,0.0127298898994922,0.0001626018289243,0.0002312000695383,0.003045791061595,0.0031504294835031,0.0014235826209187,0.001056311535649,0.0541169725358485,0.0126837307587265,0.0,0.012649545978793898,0.00016258861067976966,0.00023117334692099073,0.003041162036978914,0.0031454772788594475,0.0014225702878253844,0.0010557540311832204,0.05270342359691631,0.012603966013987803,0.0
e295682a-1a90-4d28-890f-5cec5b014c42,ok,17170944.0,v1.12-1.13,0.0,0.0,0.0,True,0.0,0.0,0.4927036635021743,4.0,actuator_motors,none,4406111,3119989,3.2,,B,,0.0,4.0,True,10.010486117752718,20.01047724229684,1.9998939841146053,93.401795,84.19595899999999,,True,0.0,0.0145385411567985,0.0,0.0,0.0,0.0,0.0,0.0,3.494579529762268,0.1769762396812438,0.0136610955931246,0.014433869859604273,0.0,0.0,0.0,0.0,0.0,0.0,1.502872121782377,0.16294864088766692,0.013568624049954476
0c6b47bd-384a-44a7-8720-63805165a78e,ok,17695488.0,v1.14-1.15,0.0,0.0,0.0,True,0.0,0.0,0.1034988194704055,4.0,actuator_motors,none,6881133,4060450,4.0,,A,,0.0,4.0,True,10.006932314496789,20.00693809555953,2.000002885021583,144.115565,139.239989,,True,0.0,0.003375139425043,0.0061215688707306,0.0,0.1273284349590538,0.0,0.0011464644630905,0.0038185479468666,1.958058500289913,21.18239622116089,0.0,0.003369456425660496,0.0061029081844059955,0.0,0.11985061670042417,0.0,0.0011458077745733779,0.003811275799472009,1.0845331410673238,3.0992990113059933,0.0
c9dbf2fe-04b9-4f36-aab8-1d01fed8c69c,ok,17761280.0,v1.14-1.15,0.0,0.0,0.0,True,0.0,0.0,0.1880933940410613,4.0,actuator_motors,none,21678747,13435369,4.4,,B,,0.0,4.0,True,10.001635785853498,20.001627997455014,2.000011154667476,608.495741,604.1655829999999,,True,0.0,0.1307656764984131,0.0024134013336151,0.0049230835400521,0.0033801337238401,0.0050099438056349,0.008444720506668,0.0087410178035497,0.0,0.0,4.611544132232671,0.12289499308551803,0.0024104937577751904,0.0049110047911861176,0.0033744339123166272,0.0049974357960555485,0.008409263331890668,0.008703036278412528,0.0,0.0,1.724825928048553
a51cad4c-d3ee-4226-8eff-4b0d678e568c,ok,17695488.0,v1.14-1.15,0.0,0.0,0.0,True,0.0,0.0,0.0499275892972946,4.0,actuator_motors,none,10244920,6290944,6.1,,B,,0.0,4.0,True,10.003060994991356,20.003019308998127,1.999948748066661,308.364386,305.933911,,True,0.0,0.0081516325473785,0.0,0.0,0.0,0.0,0.0,0.0,0.0004392578208353,0.0,0.0,0.008118587450314988,0.0,0.0,0.0,0.0,0.0,0.0,0.0004391613753606366,0.0,0.0
cd0f4b48-0057-416f-a790-7e8c49cdf47a,ok,16777727.0,v1.12-1.13,0.0,0.0,0.0,True,0.0,0.0,0.0928349882364273,4.0,actuator_motors,none,22456324,12535758,13.7,,A,,0.0,4.0,True,9.846445998503262,156.87693797716778,1.9718570144563512,200.499076,194.184384,,True,0.0,0.0013500159955583,0.0,0.0,0.0,0.0,0.0,0.0,9.922734898282209e-06,,0.0,0.0013491055432888006,0.0,0.0,0.0,0.0,0.0,0.0,9.922685668273941e-06,,0.0
2bdeed95-0d4b-44d4-ac32-14e081ec56fb,ok,17826559.0,v1.16+,0.048780487804878,0.0,0.0,False,0.0062849697248409,2.098169999999982,0.2193864285945891,4.0,actuator_motors,none,58460706,37311913,14.4,,A,,0.0,4.0,True,10.000758718104386,20.000757378750848,2.00000420368418,1306.324906,1304.0757040000012,,True,0.0,0.0002137285395292,0.0,0.0,0.0,0.0,0.0,0.0,0.1515195816755295,0.1398008584976197,0.0001876785478089,0.00021370570283873907,0.0,0.0,0.0,0.0,0.0,0.0,0.14108244549704368,0.13085356161870632,0.00018766093839348475
80c85275-6272-497d-a194-41197409b881,ok,17761535.0,v1.14-1.15,0.0,0.0,0.0,True,0.0,0.0,0.3859370023012161,4.0,actuator_motors,none,4382986,3316419,3.0,,C,,0.0,4.0,True,10.009861640589644,20.00988181837712,1.999992895547625,101.167704,96.420049,,True,0.0,0.0677547566592692,0.043140591867268,0.0082817234331741,0.033171666227281,0.0131483817938715,0.1005736179649827,0.0615980476140975,0.1295453779399394,0.0485864479094743,0.0,0.06555808557313036,0.04223596258865751,0.008247618132722866,0.032633358544978945,0.013062692125015393,0.09583151476289364,0.059775364936672855,0.12181523136454762,0.04744301708791851,0.0
e2450fec-95c2-4666-9cc4-19b88e1eed04,ok,17695488.0,v1.14-1.15,0.0,0.0,0.0,True,0.0,0.0,0.4091089308261871,4.0,actuator_motors,none,2931170,2279842,3.2,,C,,0.0,4.0,True,10.014346196550598,20.01434174644917,1.9999999130434816,69.343882,62.219970000000025,,True,0.0,0.0004375817545223,0.0001290037238504,0.0,0.0099506043829023,0.0,0.0064228686969727,0.0066943593788891,0.0009199407882988,,0.0,0.00043748604354625455,0.0001289954035855721,0.0,0.009901423105621815,0.0,0.006402329973926616,0.006672051657071515,0.0009195179021054447,,0.0
44d27924-2169-4506-a348-fc7d505820cf,ok,17695232.0,v1.14-1.15,0.0,0.0,0.0,True,0.0716814159292035,7.304011000000003,0.3414213955402374,4.0,actuator_motors,none,4241535,2725543,4.8,,A,,0.0,4.0,True,10.008214127049625,20.007947299338568,1.999987230850757,117.437867,112.99478700000004,,True,0.0,0.0155953617766499,0.0,0.0,0.0,0.0,0.0,0.0,0.178114679455757,0.3168291628360749,0.0,0.015475003859471917,0.0,0.0,0.0,0.0,0.0,0.0,0.1639154314722137,0.27522669744214817,0.0
24f6f17a-88f6-4c97-bfa8-db939f926588,ok,17761535.0,v1.14-1.15,0.0,0.0,0.0,True,0.0,0.0,0.172390878200531,4.0,actuator_motors,none,14754263,6933791,6.7,,C,,0.0,4.0,True,10.010630523775664,201.664689517908,2.000089498510307,91.034174,87.087041,,True,0.0,0.0055011191405355,0.0,0.0,0.0,0.0,0.0,0.0,0.1033580102026462,0.0766848638653755,0.0,0.005486043248881658,0.0,0.0,0.0,0.0,0.0,0.0,0.09835826621333199,0.07388674984657742,0.0
9890cc69-96c2-4046-8f33-336273d14c1a,ok,17826240.0,v1.16+,0.0,0.0677290836653386,0.0,True,0.0,0.0,0.1747175484895706,4.0,actuator_motors,none,15507761,9628898,5.4,,B,,0.0,4.0,True,9.935778024455429,200.68208582414127,1.9840246017765424,125.035209,117.69653500000004,,True,0.0,0.0013058330281637,0.0017799722263589,0.0004207057572784,0.0086893341504037,0.0027010068530216,0.0007782162108924,0.0012696520483586,0.0748616714030504,0.0748616714030504,0.0001875097965239,0.001304981169724259,0.0017783899531189674,0.0004206172854241723,0.008651799165708985,0.002697365689077094,0.0007779135576665378,0.0012688467217809353,0.07219197553532801,0.07219197553532801,0.0001874922187593048
33bdaebb-4b31-4d0d-8f2f-9c3303497fdd,ok,17826047.0,v1.16+,0.0,0.0,0.0,True,0.8869524258125294,75.103365,1.0,4.0,actuator_motors,none,7476446,4555105,6.1,,C,,0.0,4.0,True,10.004668413957743,20.00450124377871,2.0000764658863672,216.061854,212.34295500000007,,True,0.0,0.0021705871913582,4.981019446859131e-05,2.3823406445444547e-05,5.122730217408387e-05,3.762911219382657e-05,0.0014358769869431,0.0002608479815535,0.0021713378839194,8.95476507139392e-05,0.0,0.0021682348703108444,4.980895398204722e-05,2.382312267260416e-05,5.1225990100648974e-05,3.762840423654414e-05,0.0014348471013237826,0.00026081396663377995,0.002168983936677025,8.95436415624033e-05,0.0
8ba2b3f5-cb0c-4d2d-bc3a-064070d0326e,ok,17761535.0,v1.14-1.15,0.854586129753915,0.0,0.0237136465324384,True,0.9293205654354764,391.702407,0.9138845726847648,4.0,actuator_motors,none,17751974,10751237,8.7,,B,,0.0,4.0,True,10.002224873673882,20.00223459036265,2.0000101883927086,446.243062,438.5912330000001,,True,0.0,0.0028199358377605,0.000782786658965,0.0004018738574814,0.0044697371311485,0.0023475055582821,0.0014931656885892,0.0008055565063841,0.0018756058299913,0.0,0.0,0.002815967277668577,0.0007824804412799324,0.0004017931278107751,0.004459777522996541,0.002344754471728463,0.0014920520251539308,0.000805232219883992,0.0018738490776834705,0.0,0.0
6513f98b-d4af-481c-b5c9-650ec853b284,ok,17891583.0,v1.16+,0.0,0.0,0.0,True,0.0597484276729559,0.3003290000000014,0.4547116011381149,4.0,actuator_motors,none,2974169,2386236,5.9,,B,,0.0,4.0,True,10.013307091114347,20.01246260197569,2.00003574349593,70.29288,63.65950099999999,,True,0.0,0.0046262764371931,0.0001013390065054,0.000187515412108,0.0033612058032304,0.0021418321412056,25772.490234375,0.0062425518408417,0.0309354476630687,0.0069321719929575,0.0,0.004615608110787459,0.00010133387205515738,0.00018749783329060943,0.0033555695771505197,0.0021395416886718778,9.090084242186718,0.006223147825941724,0.03046659169062187,0.006908254956411291,0.0
2a3ebb0e-3704-4a6d-8e40-58b7f7cabe9a,ok,17694720.0,v1.14-1.15,0.0,0.0890207715133531,0.0,True,0.0,0.0,0.2333963662385936,4.0,actuator_motors,none,5712686,3743934,2.4,,C,,0.0,4.0,True,10.000312747074092,20.00001812061636,2.000048075001729,163.075053,152.2824370000001,,True,0.0,0.0012999690370634,0.0071644217241555,0.0,0.0278052757494151,0.0,0.0005312754074111,0.0058087438810616,0.0100820593070238,0.009171416517347,0.0,0.0012991248088825302,0.007138879180643527,0.0,0.027425728613426306,0.0,0.0005311343305967231,0.005791938176938841,0.010031574391459873,0.009129614471800536,0.0
181808d6-4b85-456d-867f-71efd7449415,ok,17825984.0,v1.16+,0.0,0.0,0.0,True,0.000801282051282,0.0988829999999998,0.6292163435369728,4.0,actuator_motors,none,6040817,3421187,2.7,,C,,0.0,4.0,True,10.007898769123392,20.00787183735212,1.999957329035425,128.264822,124.77687899999997,,True,0.0,0.0014267656952142,0.0007111270911991,0.0012025943258777,0.0133156590163707,0.0142371432855725,0.0125031409785151,0.0059960582293569,0.0488301873207092,0.015181678161025,0.0,0.001425748832141667,0.00071087436013802,0.0012018717885429,0.013227784837750878,0.014136746943793918,0.012425622194747904,0.005978153408794419,0.04767543577692671,0.01506758973846162,0.0
99f68bd7-6f22-4a98-ad20-5e43b63db11b,ok,17694720.0,v1.14-1.15,0.0452261306532663,0.0,0.0,True,0.0,0.0,0.1441840097308158,4.0,actuator_motors,none,16315222,3821385,5.2,,B,,0.0,4.0,True,9.938871516040994,19.86692921039846,94.51092375141332,96.888712,91.16408899999998,,True,0.0,0.0224883966147899,0.0,0.0,0.0,0.0,0.0,0.0,0.0,0.0,0.0,0.0222392608164349,0.0,0.0,0.0,0.0,0.0,0.0,0.0,0.0,0.0
14fc95cc-e0ac-43d9-ae8b-d970494cddb1,ok,17695487.0,v1.14-1.15,0.0,0.0,0.0984251968503937,True,0.0159936025589764,1.3936649999999997,0.17966268658638,4.0,actuator_motors,none,17963097,10574190,6.2,,C,,0.0,4.0,True,10.006513109206068,188.5282517703562,1.9999018002013749,151.81597,148.8078680000001,,True,0.0,0.2862683981657026,0.0505806248635049,0.0,0.0425092895515257,0.0,0.0412556547671554,0.0502207107841966,0.0250152696855365,0.0496516019105911,0.0,0.25174531178837517,0.04934298739499123,0.0,0.04163058549191019,0.0,0.04042734523293762,0.04900034282720429,0.024707509733590465,0.0484583014048768,0.0
e76c06a4-e669-4ae6-bfaa-129bf4b26bf7,ok,17761023.0,v1.14-1.15,0.0,0.0,0.0,True,0.002213613724405,0.1030609999999967,0.4313618540763851,4.0,actuator_motors,none,7847288,5246038,4.4,,C,,0.0,4.0,True,9.93019736841611,19.84970051536221,1.9838295359107352,186.287307,182.02977100000004,,True,0.0,0.000701979745645,0.0,0.0,0.0,0.0,0.0,0.0,0.0026246900204569,0.1464160472154617,5.64563459192868e-05,0.0007017334731088341,0.0,0.0,0.0,0.0,0.0,0.0,0.002621251536926617,0.13664059535383213,5.6454752319768445e-05
d19ecb79-8949-44a4-8921-88159a8c5404,ok,17694720.0,v1.14-1.15,0.0,0.0,0.1420454545454545,True,0.22473604826546,1.300228999999998,0.6311072289943694,4.0,actuator_motors,none,3072926,2504987,5.3,,C,,0.0,4.0,True,10.014306458206237,20.01290739676343,2.00004794359531,69.806682,66.282127,,True,0.0,0.0060670203063636,0.0264541212469338,0.0,0.6970436751842496,0.0,0.0024101548129692,0.0340374939143657,0.2499268949031824,0.5321745067834853,0.0,0.00604869004136139,0.026110262125309723,0.0,0.5288877226234691,0.0,0.00240725504817808,0.033471036467860205,0.22308506552649532,0.42668797265351455,0.0
3e959850-239b-405a-ae6d-54b778d22093,ok,17761535.0,v1.14-1.15,0.0,0.0,0.0,True,0.0,0.0,0.0916029214859008,4.0,actuator_motors,none,4871034,3086615,6.7,,A,,0.0,4.0,True,10.006266847660688,20.00559326503817,2.000020564314007,156.346404,152.12313600000002,,True,0.0,0.0071023507975041,0.0,0.0,0.0,0.0,0.0,0.0,2.777929803414736e-05,0.0,0.0,0.00707724789374766,0.0,0.0,0.0,0.0,0.0,0.0,2.777891219659324e-05,0.0,0.0
51310d23-eec4-4c54-86af-ae795e91df19,ok,17761280.0,v1.14-1.15,0.0,0.0,0.0,True,0.0,0.0,0.2895753011107445,4.0,actuator_motors,none,14471044,7486586,7.0,,A,,0.0,4.0,True,10.00970827740385,200.5555037332861,1.9999419254958968,105.120027,101.45137100000002,,True,0.0,0.0079601716715842,0.0,0.0,0.0,0.0,0.0,0.0,0.0003290869208285,5.2574756145477295,0.0,0.007928656637976898,0.0,0.0,0.0,0.0,0.0,0.0,0.000329032783604679,1.8337768473202307,0.0
ce93a5a7-0388-4507-8c3f-31ca657af619,ok,17891392.0,v1.16+,0.0,0.0124378109452736,0.0,True,0.0,0.0,0.26727294921875,4.0,actuator_motors,none,132622584,50666041,45.5,,A,,0.0,4.0,True,9.404430352808658,187.9781734879928,1.8703698681414245,216.326443,212.1332050000001,,True,0.0,0.0948632344603538,0.0029229277744889,0.0008656561491079,0.0183104015886783,0.0121532591059803,0.0163081463426351,0.0213472109287976,0.104129885137081,0.2042352825403209,0.0,0.0906294554315985,0.002918664326913898,0.0008652816849128956,0.01814478480370651,0.012080001203449734,0.01617659681639627,0.021122550841941427,0.09905759051542373,0.18584474518743097,0.0
72aa3008-fe4b-43ed-869e-f2aec481b1a1,ok,17761535.0,v1.14-1.15,0.0,0.0,0.0,True,0.0,0.0,0.2944682538509369,4.0,actuator_motors,none,4304520,3005055,3.5,,C,,0.0,4.0,True,10.008984064095932,20.008953406380755,1.9999764625885657,99.541732,92.570427,,True,0.0,0.0016323154675774,0.0,0.0,0.0,0.0,0.0,0.0,7.2808970451354975,8.869059562683102,0.0009951613901648,0.0016309846886550822,0.0,0.0,0.0,0.0,0.0,0.0,2.1139513013134263,2.2894045665028058,0.0009946665453416592
f34325c7-871e-4660-9fbc-ed0547ec70c8,ok,17761280.0,v1.14-1.15,0.0,0.0,0.0,True,0.0,0.0,0.2444178730249404,4.0,actuator_motors,none,11992360,8040332,5.1,,A,,0.0,4.0,True,10.002828698253206,20.002906497960605,1.9999709258884968,322.386218,316.6824389999999,,True,0.0,0.0066009185276925,0.0021580307045951,0.0042499635950661,0.0050711455056443,0.0069729603826999,0.0167718433775007,0.0042233631713315,0.0061459906399249,0.0009056437411345,0.005058545526117,0.0065792278648646885,0.002155705500973749,0.0042409580063861585,0.005058330553340472,0.006948761720202952,0.01663274910282917,0.004214469804246096,0.006127181069072921,0.0009052338932736724,0.00504579406916865
0fa2b31f-c2c5-4dd3-a10c-5a27b90590ea,ok,17760511.0,v1.14-1.15,0.0,0.1540697674418604,0.0,True,0.0,0.0,0.1635962232947349,4.0,actuator_motors,none,23343674,9849922,10.1,,C,,0.0,4.0,True,9.944619991255054,19.89305628660478,1.9876689230651257,163.604839,76.416359,,True,0.0,0.0259825158864259,0.024604820087552,6259376599859.19,0.0004279222455807,0.0007905872189439,0.0904464777559041,0.0035499906633049,0.0,0.0,0.000100462778937,0.025650705557008994,0.024306996872188288,29.4651017113948,0.00042783071296819834,0.0007902748694840072,0.08658722499280015,0.0035437043196978883,0.0,0.0,0.00010045773288998124
2e16f5b7-98a8-48b1-ab27-3fbeba06a4ed,ok,17761023.0,v1.14-1.15,0.0,0.0,0.0,True,0.0,0.0,0.3609863400459286,4.0,actuator_motors,none,3355156,2546820,4.9,,B,,0.0,4.0,True,10.013066617664265,20.012317866828763,1.999881756991118,80.391654,77.50699800000002,,True,0.0,0.0054829935543239,0.0003946983488276,0.0001542832760605,0.0065964790992438,0.0048256544396281,0.0036637620069086,0.0049409689381718,0.0167581401765346,0.003577334806323,0.0,0.005468016665680261,0.0003946204759245134,0.00015427137561987428,0.006574817538829159,0.004814048292436661,0.003657066779051496,0.00492880241097848,0.01661927184793042,0.0035709513634432505,0.0
a3093fa2-dc90-474c-a455-a89a6e50c975,ok,17761535.0,v1.14-1.15,0.0,0.0,0.1802507836990595,True,0.0144874638515315,0.7208509999999961,0.2756782962009302,4.0,actuator_motors,none,17855498,8986611,9.4,,B,,0.0,4.0,True,10.007369948807511,136.98484210518714,2.0001541851139546,127.015372,124.68691799999996,,True,0.0,0.0752271339297292,0.0010398295358754,0.0054967676289379,0.005369919212535,0.0197189575061201,0.0388632103800773,0.0269663700833916,0.0895692855119704,0.1123800732195373,0.0,0.07253192663808429,0.0010392892876218535,0.005481715535136918,0.005355552605091666,0.01952705747355864,0.0381270483776902,0.02660918462973242,0.08578246724191077,0.10650192989426545,0.0
d35756a5-5a9b-4ee1-b697-3fc4fcf6d335,ok,17891392.0,v1.16+,0.0,0.2237196765498652,0.0,True,0.0,0.0,0.0593458235263823,4.0,actuator_motors,none,53054741,21385009,10.0,,A,,0.0,4.0,True,124.9944692712712,249.98893829782529,100.00553097345131,180.312,175.83200000000002,,True,0.0,0.0002747881517279,9.943301847670229e-05,5.75723035581178e-05,0.0002984873426612,0.0003355506050866,6.633652810705826e-05,0.0003279109077993,0.0003138116153422,0.0002162695745937,0.0,0.0002747504043785928,9.942807534179176e-05,5.757064633665571e-05,0.00029844280417689765,0.00033549432057282944,6.633432793687817e-05,0.00032785715676761845,0.0003137623867759661,0.00021624619170053068,0.0
1f42fbb7-119b-4f37-98b6-973b14ea5710,ok,17694975.0,v1.14-1.15,0.0,0.0,0.0,True,0.0,0.0,0.2820993080735207,4.0,actuator_motors,none,4878046,3370795,4.3,,A,,0.0,4.0,True,10.008641798970158,20.00876011757505,1.9999860433874368,116.107549,114.66478,,True,0.0,0.003341922420077,0.0148931956849992,0.0,0.0359316082671284,0.0,0.0112973439041525,0.0335014633834361,0.0323918891139327,0.3796249493956564,0.0,0.0033363506076051173,0.014783381031005327,0.0,0.03530112647202351,0.0,0.01123400550520699,0.032952516087823354,0.03187833249082968,0.3218116864311289,0.0
96a6a5a2-265c-4625-be62-f0298f3b0501,ok,17695232.0,v1.14-1.15,0.0,0.0,0.0,True,0.0,0.0,0.3877759695053099,4.0,actuator_motors,none,5718331,3328817,3.0,,B,,0.0,4.0,True,10.00623871115357,20.00632920010725,2.004552745706848,145.148096,142.44938299999998,,True,0.0,0.0284819839522242,0.4462792843580245,0.0,3.020609235763549,0.0,785.2545837402344,0.0637463897466659,0.6215563297271725,1.5085629224777215,0.0,0.028083913139003575,0.36899424779648166,0.0,1.3914334423331716,0.0,6.667280637873948,0.061797007007011566,0.4833863854323761,0.9197100483340662,0.0
acd0e88f-8aef-4ee5-9bd3-414fffef6a62,ok,17825984.0,v1.16+,0.0,0.0,0.0,True,0.0,0.0,0.0951561629772186,4.0,actuator_motors,none,4953729,3395265,4.1,,B,,0.0,4.0,True,10.008065425486244,20.00812164382362,2.0000945106899906,120.846623,118.077137,,True,0.0,0.0129852992016821,0.0,0.0,0.0,0.0,0.0,0.0,0.0,0.0,0.0,0.012901713020752688,0.0,0.0,0.0,0.0,0.0,0.0,0.0,0.0,0.0
179aaf1c-ec5a-4d3d-a7fb-0124de461a1f,ok,17694720.0,v1.14-1.15,0.0,0.0,0.0149925037481259,True,0.0,0.0,0.150861145555973,4.0,actuator_motors,none,15142081,9088542,5.4,,C,,0.0,4.0,True,10.007451528859647,210.606950881546,1.9999231576694665,132.970878,128.374003,,True,0.0,0.1068869214504957,0.0,0.0,0.0,0.0,0.0,0.0,4.402747726440428,7.564320540428159,0.0,0.10155149986443307,0.0,0.0,0.0,0.0,0.0,0.0,1.6869076623856645,2.147604798848593,0.0
539017fa-459b-4bbe-a8a6-3b01577a919f,ok,17826240.0,v1.16+,0.0,0.0,0.0,True,0.0,0.0,0.2619522809982288,4.0,actuator_motors,none,9501529,6159827,5.5,,B,,0.0,4.0,True,10.011029674289697,200.05278382762307,2.000012471987888,89.216057,84.70926099999998,,True,0.0,0.0118085687980055,0.0039951797574758,0.0010134002077393,0.0268315210938453,0.0401932802051305,0.0129642354324459,0.0289121178910136,0.2519534200429916,0.0405235890299081,0.0,0.011739391705231882,0.003987220219641714,0.0010128870643992271,0.026477867920995532,0.03940654223707455,0.012880919048467724,0.02850204785093939,0.22470506754729938,0.03972403745464707,0.0
0065ac7c-8524-4e9f-b160-4af46f8a4f1d,ok,17694720.0,v1.14-1.15,0.7530120481927711,0.0,0.0,True,0.0,0.0,0.0851028740406036,4.0,actuator_motors,none,7670767,5032662,3.7,,B,,0.0,4.0,True,10.013214048233822,200.75976171360588,2.000049858385756,70.361442,66.220577,,True,0.0,0.0058544874191284,0.0036759709473699,0.0,0.0385331027209758,0.0,0.0077321473509073,0.4964602589607239,0.000206125943805,,0.0,0.0058374165028961325,0.0036692310781594327,0.0,0.03780923933971496,0.0,0.0077024075031286105,0.40310249196783887,0.00020610470277148053,,0.0
1fa0aa95-def8-4ed0-af5b-9e27607f87f5,ok,17891583.0,v1.16+,0.0,0.0,0.0,True,0.0008849557522123,0.0977440000000058,0.2812677159905433,4.0,actuator_motors,none,5125238,3769742,13.3,,C,,0.0,4.0,True,10.008604745960508,20.00871140612255,2.000144731502889,116.426628,112.98276300000002,,True,0.0,0.001668860897189,0.0014935684332158,0.0015581256826408,0.0121643025893718,0.0122128782328218,0.0028406328056007,0.0066736124455928,0.0470859710127115,0.0026491216616705,0.0,0.0016674698962183007,0.0014924541692318113,0.0015569130642638222,0.012090912024558613,0.012138902728978225,0.0028366058325312617,0.006651442475255402,0.04601104027740566,0.0026456189236370776,0.0
65d57e91-3dcd-431d-90f1-9b58bb008b17,ok,17761535.0,v1.14-1.15,0.0,0.0,0.0,True,0.0,0.0,0.1136590808629989,4.0,actuator_motors,none,21272748,13430941,23.6,,C,,0.0,4.0,True,10.005164065277665,199.75799598123675,1.9999996795866144,193.859704,183.44999000000004,,True,0.0,0.0014162403997033,0.0003279146723798,0.0007735033810604,0.0019507913850247,0.0047101486939936,0.0019038142287172,0.0033869489096105,0.0050823040772229,0.0011791401426307,0.0,0.0014152384771323459,0.00032786092011406905,0.0007732043814949927,0.0019488910625312377,0.004699090653382323,0.0019020042712595546,0.00338122611638396,0.0050694327620609365,0.0011784455028908307,0.0
dd46e974-4450-44e4-adc5-462eb61c7ba1,ok,17826047.0,v1.16+,0.0,0.0,0.0,True,0.0,0.0,0.2694569759070873,4.0,actuator_motors,none,42702016,13808873,22.6,,C,,0.0,4.0,True,9.985427961198283,192.42007295283656,2.0000453833827434,68.587034,61.14934099999999,,True,0.0,0.0026457076892256,0.0,0.0,0.0,0.0,0.0,0.0,0.1805581271648405,0.1805581271648405,0.0,0.002642213965528241,0.0,0.0,0.0,0.0,0.0,0.0,0.1659873157762241,0.1659873157762241,0.0
7f4c42b1-0968-4ccb-b794-20703920d727,ok,17760768.0,v1.14-1.15,0.0,0.0,0.0,True,0.0,0.0,0.2355727847607341,4.0,actuator_motors,none,5437990,3387195,3.1,,C,,0.0,4.0,True,10.007249887472126,20.007311580749487,1.999952044315369,139.368864,136.69486199999997,,True,0.0,0.0328424103558063,0.0,0.0,0.0,0.0,0.0,0.0,0.0,0.0,0.0029113164637237,0.0323146231810779,0.0,0.0,0.0,0.0,0.0,0.0,0.0,0.0,0.002907086789239802
5db9c0c2-085d-4a8d-aa82-834828c1cf04,ok,17629952.0,v1.12-1.13,0.0,0.0,0.0,True,0.0,0.0,0.2204372495412826,4.0,actuator_motors,none,207064870,95607629,46.6,,A,,0.0,4.0,True,9.907039311878258,217.79152358695376,1.978965341215403,1473.668024,1466.639166999999,,True,0.0,0.0027661880943924,0.015551334619522,0.0,0.0018101264024153,0.0,0.0,0.0006986373336985,0.0003569550637621,0.0,0.0012423513690009,0.002762369236936635,0.015431651838455502,0.0,0.0018084900979333323,0.0,0.0,0.0006983934002438814,0.0003568913704599743,0.0,0.0012415802891075712
b0ccb181-d01f-40cc-98e1-bd00bc79e7de,ok,17760511.0,v1.14-1.15,0.0,0.0,0.0,True,0.0,0.0,0.1707194030284881,4.0,actuator_motors,none,7407997,4671377,5.7,,C,,0.0,4.0,True,9.903760415069634,169.2186164531996,1.98602044376113,72.234876,67.62322800000003,,True,0.0,0.0086140472907572,0.0,0.0,0.0,0.0,0.0,0.0,7.94915899859916e-06,0.0,0.0,0.00857715807763658,0.0,0.0,0.0,0.0,0.0,0.0,7.9491274042022e-06,0.0,0.0
a78c6b48-6aeb-43a2-9a83-6c0423644c29,ok,17695743.0,v1.14-1.15,0.0,0.0,0.0,True,0.0012798634812286,0.1025039999999961,0.5413883745670318,4.0,actuator_motors,none,9782777,6381737,4.6,,C,,0.0,4.0,True,10.004027225270963,20.004239219681352,2.000004280263937,235.718704,234.39508,,True,0.0,0.01604322232306,0.0041621309239417,0.0,0.0290292222052812,0.0,0.0070096920244395,0.0153049391694366,0.0112843559123575,0.024278550967574,0.0,0.01591588990797466,0.004153493216246634,0.0,0.028615855093266824,0.0,0.006985238341984943,0.015189000052138118,0.011221162521611957,0.023988512055194686,0.0
0b83b8a3-5efc-4735-b72e-234c07f85a9f,ok,17694975.0,v1.14-1.15,0.0,0.0,0.0,True,0.0,0.0,0.1457151636481284,4.0,actuator_motors,none,2683753,2153933,4.8,,B,,0.0,4.0,True,10.015467802053433,20.01553686773996,1.9999915039120608,64.826704,53.44265600000001,,True,0.0,0.0194829212501645,0.0037311522872187,0.0,0.0021101698628626,0.0,0.0062852022470906,0.0023060848703607,0.0025062088971026,0.0036173618282191,0.0,0.019295558807861365,0.0037242088046245897,0.0,0.0021079465815556325,0.0,0.006265532738317368,0.0023034299375295766,0.0025030735929767703,0.003610834910334361,0.0
3624f40e-502e-4ad3-b201-c710215109a0,ok,17761535.0,v1.14-1.15,0.0,0.0,0.0,True,0.0,0.0,0.2501945793628692,4.0,actuator_motors,none,12927449,8119166,11.5,,B,,0.0,4.0,True,10.003337778229042,20.00317273527505,2.0000072335205257,310.734663,302.0529949999997,,True,0.0,0.0048792825778946,0.0016939503664616,0.0025356512051075,0.0027562456321902,0.0034479906898923,0.004577556438744,0.0107120198663324,0.0394500486552714,0.0064355716807767,0.0,0.004867417458518141,0.0016925172507292752,0.0025324418656227244,0.0027524541524328863,0.00344205999872887,0.004567111290642625,0.010655052643111411,0.03869177391965441,0.006414951809172799,0.0
0fc4c32c-f968-4db6-a862-7c198cb7808d,ok,17761280.0,v1.14-1.15,0.0,0.0,0.0,True,0.0687567506111079,5.986509000000012,0.422387021780014,4.0,actuator_motors,none,53646764,33004232,12.1,,C,,0.0,4.0,True,10.002102581136151,200.2539862634918,1.999972232617752,499.896033,495.83130599999976,,True,0.0,0.006622238503769,0.0010821206029504,0.0006873639737023,0.0039817723212763,0.0032235251856036,0.002273000171408,0.0037155991070903,0.0,0.0,76.93907928466797,0.00660040780808443,0.0010815355324905614,0.0006871278472831284,0.003973866046242643,0.0032183407667079962,0.0022704208143649353,0.00370871332000672,0.0,0.0,4.297727875457657
d2b464bf-9f01-44d3-8a72-93e88463bcd7,ok,17761535.0,v1.14-1.15,0.0763888888888889,0.0,0.0,True,0.0,0.0,0.3398279845714569,4.0,actuator_motors,none,3002091,2248731,2.8,,B,,0.0,4.0,True,10.013059195678313,20.013431359610863,2.000135757466168,71.57979,67.86556900000002,,True,0.0,0.0007997146312845,0.0006186687416629,0.0002149224041204,0.0059290528763085,0.0074608253315091,32.175279712677,0.001899950025836,0.016768302489072,0.00202709446894,0.0,0.000799395029920662,0.0006184774450523671,0.00021489931160917632,0.005911545210802049,0.007433131037087243,3.5018050116123276,0.0018981474036858558,0.016629266615959266,0.002025042685252023,0.0
b5d60e27-3826-4a80-bbf8-0d33a5adcb83,ok,17694720.0,v1.14-1.15,0.0102564102564102,0.0256410256410256,0.0,True,0.0,0.0,0.2593875527381897,4.0,actuator_motors,none,11260658,6317861,4.1,,A,,0.0,4.0,True,9.97931393267167,196.3020372324252,1.9999941799111167,94.693704,92.96752,,True,0.0,0.0336685372516512,0.0,0.0,0.0,0.0,0.0,0.0,0.0013908266613725,2.498200833797455,0.0,0.03311416110833697,0.0,0.0,0.0,0.0,0.0,0.0,0.0013898603578415484,1.2522487888412217,0.0
28498723-92ee-4e62-a43b-693249bbeb8b,ok,17694975.0,v1.14-1.15,0.0,0.0,0.2408824853669518,True,0.0503985797927726,2.831505999999999,0.3809252455830574,4.0,actuator_motors,none,43682253,24771120,13.4,,A,,0.0,4.0,True,9.993316806280111,118.7202418104501,2.000051014814736,444.120675,441.4927679999997,,True,0.0,0.0190288264304399,0.0184887696057558,0.0,0.0935197517275809,0.0,0.0463396687060594,0.2139258712530135,0.9050403207540512,2.0552471399307275,0.0002573313598986,0.018850042781032316,0.01831993021819415,0.0,0.08940162382256549,0.0,0.045298044005545296,0.19385962920214383,0.644503174104831,1.1168604862192522,0.0002572982558632222
0ef7420c-ab59-429d-bc14-84bcdb814023,ok,17695488.0,v1.14-1.15,0.0,0.0,0.0,True,0.0,0.0,0.3059545159339905,4.0,actuator_motors,none,40487517,25404221,15.9,,A,,0.0,4.0,True,10.002835686286662,199.99717537009,2.0000000113636363,352.534621,347.5697909999996,,True,0.0,0.0018912436207756,0.0060473323799669,0.0,0.014442192018032,0.0,0.0003752716060262,0.0039827142842113,7.11322343349455,11.553196334838868,0.0,0.0018894574712337517,0.006029120650217151,0.0,0.014338896913569288,0.0,0.00037520120924844586,0.003974804272930698,2.0934952532154556,2.5299753211852707,0.0
c6145644-299b-499b-823d-66426a397c75,ok,17826047.0,v1.16+,0.0,0.0,0.0,True,0.0,0.0,0.3010913319885731,4.0,actuator_motors,none,3090609,2549666,3.5,,B,,0.0,4.0,True,10.015022383874433,20.0149490861312,1.9998499962138176,66.420612,58.599945,,True,0.0,0.0005241582693997,0.479219028353691,0.0137689093127846,0.3183249130845069,0.0193327062763273,0.0,0.0057560531888157,0.1358508490025996,0.0963578738272189,0.0,0.0005240209464378917,0.3915142649572614,0.01367497910980931,0.2763619254902811,0.019148203674733164,0.0,0.005739550411618328,0.12738201678695296,0.09199366244203058,0.0
2b1714aa-a02d-48c3-8ea6-4b94eaff8c4e,ok,17826047.0,v1.16+,0.0,0.0,0.0,True,0.0018712230436516,0.080173000000002,0.4602238759398461,4.0,actuator_motors,none,85578493,50025944,23.9,,B,,0.0,4.0,True,9.85568227080776,199.19698330970047,1.9756696836396903,699.172075,694.804455,,True,0.0,0.0036843213834799,0.0027816201909445,0.0018793236347846,0.0196903954260051,0.0173939843662083,0.0009881723846774,0.0019596522673964,0.2385279789566994,0.0279365672729909,0.0017196644621435,0.0036775508961233044,0.002777758644746961,0.0018775599155096284,0.019499047324369315,0.017244440637138713,0.000987684463753347,0.00195773465372048,0.2139235606946876,0.02755346014177938,0.0017181875321858697
1f92fa36-3a98-4d98-aaff-a93d8703467f,ok,17694975.0,v1.14-1.15,0.9685990338164252,0.0,0.0,False,0.0,0.0,0.3811247825622558,4.0,actuator_motors,none,8870134,4931203,6.0,,B,,0.0,4.0,True,10.004754245807693,20.00442500945553,1.999999155875656,209.011434,204.3646739999999,,True,0.0,0.0001613417356566,0.0,0.0,0.0,0.0,0.0,0.0,0.0,0.0,0.000178607685666,0.0001613287214785689,0.0,0.0,0.0,0.0,0.0,0.0,0.0,0.0,0.0001785917372122932
90d6442f-69ce-4b91-a785-527ea0e322f8,ok,17761023.0,v1.14-1.15,0.0,0.0,0.0,True,0.0,0.0,0.1446447670459747,4.0,actuator_motors,none,4405275,3173122,4.8,,B,,0.0,4.0,True,10.010598721396278,20.00978288207311,1.999768360164948,96.8948,92.66434599999998,,True,0.0,0.0217926878482101,0.0,0.0,0.0,0.0,0.0,0.0,2.330582833290059,0.450324392318725,0.0003628321923315,0.021558621741186654,0.0,0.0,0.0,0.0,0.0,0.0,1.2031473136892916,0.371787250251655,0.00036276638464921985
7ef568dd-30b1-497e-ab22-a540f50106c6,ok,17761280.0,v1.14-1.15,0.0,0.0,0.0,True,0.0018814675446848,0.2008359999999953,0.2372260302305221,4.0,actuator_motors,none,4512477,3154910,5.6,,B,,0.0,4.0,True,10.009031598521888,20.009018298228977,2.000025853545208,109.161996,106.312559,,True,0.0,0.0018412365345284,0.0011832715477794,0.0011537098325788,0.0143394818529486,0.0017230713739991,0.0522923894226551,0.003717481996864,0.0062467903830111,0.0005169605719856,0.0002176709997002,0.0018395435363618609,0.0011825720337571568,0.001153044820827824,0.01423764386451628,0.0017215885895704038,0.05097101241181549,0.003710589237855663,0.006227360064069377,0.0005168269939035245,0.00021764731280538247
4d90ca3e-c2c1-4236-95d0-6b8129a413d4,ok,17760512.0,v1.14-1.15,0.0,0.0,0.0,True,0.0006016847172081,0.0977890000000005,0.3179583542048929,4.0,actuator_motors,none,7857570,5314238,6.1,,A,,0.0,4.0,True,10.005335061860873,20.005450214629487,2.000064199162149,172.896724,166.2667020000001,,True,0.0,0.0032253637909889,0.0715609174221754,0.5678814500570297,0.0374800730496645,0.2378118485212326,0.0002002768778766,0.0227394383400678,0.0,0.0,0.0001212711831612,0.0032201734626669137,0.06911638678598653,0.44972531323897524,0.03679476623914675,0.21334518251937915,0.00020025682514004895,0.022484751047154552,0.0,0.0,0.00012126383040571291
254087b2-bddd-4571-9958-9cbbdbd82f34,ok,17826047.0,v1.16+,0.0,0.0,0.0,True,0.0,0.0,0.162553995847702,4.0,actuator_motors,none,67788476,25932084,12.7,,C,,0.0,4.0,True,9.999982241760096,199.8313276221457,1.9999957830597384,147.814519,142.04972999999998,,True,0.0,0.0120255819056183,0.0126694466453045,0.0108144527766853,0.0182611607015132,0.0184629461728036,0.0019672916387207,0.0044249797938391,0.0104171691928058,0.0045937994727864,0.0,0.011953849108640249,0.012589860707731493,0.010756394784138774,0.018096428155615712,0.018294575240210578,0.001965359054747242,0.004415218356266973,0.010363284380880194,0.004583280179368778,0.0
fa19a157-9f3f-4a82-8140-2891c83d8f8a,ok,17825984.0,v1.16+,0.0,0.0,0.0,True,0.0,0.0,0.2070433437824249,4.0,actuator_motors,none,11243127,6735198,5.7,,A,,0.0,4.0,True,10.010358511266997,202.85933976013035,1.9999318467669551,90.199841,84.79330600000003,,True,0.0,0.0161978341639041,0.0002916120283771,0.0001314362307311,0.0063531473278999,0.0146618029102683,4.616543810698204e-05,0.0015135555295273,0.1651690602302551,0.5228528380393982,0.0,0.016068048866331373,0.0002915695178537387,0.00013142759374652576,0.006333051158454259,0.01455535786741168,4.616437251593976e-05,0.0015124112588228067,0.15286619256681663,0.4205854428749927,0.0
9fe21f97-e07e-4769-8039-3af0722139b4,ok,17760384.0,v1.14-1.15,0.0,0.0,0.0,True,0.0,0.0,0.3213585495948787,4.0,actuator_motors,none,21268301,14051776,6.9,,B,,0.0,4.0,True,10.004859726980282,199.3789286999901,1.9999917290314944,185.089342,178.19599799999995,,True,0.0,0.0139905349351465,0.002372232847847,0.0020557378767989,0.0464548502117395,0.0253683592192828,0.0042743922909721,0.0069447198184207,0.0148665634915232,0.0077200311934575,0.0,0.01389357074194108,0.0023694235455071384,0.0020536277391216017,0.04540811836282712,0.025051922878778516,0.004265283024736686,0.006920716319381772,0.014757139311159299,0.007690384238494569,0.0
20c920ca-dacf-4f75-b173-e0e01bf23ca0,ok,17760256.0,v1.14-1.15,0.0,0.0,0.0,True,0.0,0.0,0.13452875521034,4.0,actuator_motors,none,7282350,4199867,6.4,,C,,0.0,4.0,True,10.01559174034052,200.0383162040729,1.9999504402525048,61.965825,56.96703900000001,,True,0.0,0.0013108885847032,101.6824737548828,10660.443017578124,0.0130082799121737,0.0093129083048552,0.0013055860763415,0.0072341580642387,0.406703387200832,0.053420703113079,0.0,0.0013100301204145728,4.63164144759901,9.27438905606112,0.012924398887805276,0.009269810544665667,0.0013047345399289385,0.00720811705720953,0.3412489436842317,0.05204268148431178,0.0
9bad6dd9-14c0-4a9f-97a9-df8b842c9872,ok,17761535.0,v1.14-1.15,0.0,0.1096153846153846,0.0,True,0.0,0.0,0.1697614192962646,4.0,actuator_motors,none,10656036,7142558,7.6,,B,,0.0,4.0,True,9.911853104297109,19.81963260274206,1.98089028234539,260.59846,256.73426400000005,,True,0.0,0.0021256497595459,0.0004504905547946,0.0004208545200526,0.002614547079429,0.0034284120891243,0.0056041019968688,0.005217345803976,0.0,0.4204183399677275,0.0013301335508003,0.0021233937625031564,0.0004503891143887735,0.0004207659856282798,0.0026111350971120286,0.0034225484824825184,0.005588457439189483,0.00520378261081528,0.0,0.3509514338365333,0.0013292497068356785
07f71c59-8b05-49c5-99f7-b8257f25c36c,ok,17825920.0,v1.16+,0.0,0.0,0.0,True,0.0,0.0,0.1691530406475067,4.0,actuator_motors,none,50488105,31230767,12.4,,B,,0.0,4.0,True,10.000892489431502,20.000828088937062,2.000004911074966,1152.482481,1146.5103570000017,,True,0.0,0.0007531690353062,0.0,0.0,0.0,0.0,0.0,0.0,0.0003158407853334,0.0211137025617063,0.0,0.0007528855458430545,0.0,0.0,0.0,0.0,0.0,0.0,0.00031579091813234764,0.02089389690142649,0.0
b52ee298-d038-4f3c-a73a-2edec6b52c2b,ok,17956928.0,v1.16+,0.0,0.0212765957446808,0.0,True,0.0,0.0,0.3872636258602142,4.0,actuator_motors,none,52188359,30286033,26.0,,B,,0.0,4.0,True,10.00095877717552,20.00094710279236,1.9999997787743145,1003.705795,500.0373829999999,,True,0.0,0.0001095717205316,0.0033180750673636,0.0040294705890119,0.0015581959160044,0.0019246222684159,0.001311798824463,0.0018194712349213,1.6058217227458915,0.3431102037429807,0.0067802012199535,0.00010956571798909847,0.00331258240298213,0.004021374015048078,0.0015569831883628,0.001922772555929496,0.0013109391681004128,0.001817818002169811,0.9577480660578387,0.294987972062087,0.006757319028009521
5870f5ca-2106-4f77-b044-7f897f67bc33,ok,17760256.0,v1.14-1.15,0.0,0.0,0.0,True,0.0,0.0,0.4290690749883653,4.0,actuator_motors,none,9823528,6246849,3.7,,A,,0.0,4.0,True,10.003875912064752,20.003822157472108,1.9999283181510896,253.881649,246.8514369999999,,True,0.0,0.0016786502150353,0.0004816958331502,0.0010989854112267,0.0049567781155928,0.0050879849586635,0.001720856205793,0.0020903702708892,0.0016110283730085,0.0006257818342419,0.0,0.001677242856518077,0.0004815798549550105,0.0010983819688354457,0.00494453373606156,0.0050750849015553864,0.001719377229246707,0.002088188486916338,0.0016097320588783221,0.0006255861144375419,0.0
d081a129-3936-4204-88c8-62fed9ae4d25,ok,17694975.0,v1.14-1.15,0.0,0.0,0.0,True,0.0,0.0,0.112780088186264,4.0,actuator_motors,none,2891921,2122728,2.4,,C,,0.0,4.0,True,9.534461919778554,19.040763104785235,1.9195481399786585,74.92254,65.41823300000001,,True,0.0,0.0484333617612719,0.0,0.0,0.0,0.0,0.0,0.0,0.0,0.0,0.0131510113365948,0.04729701355684231,0.0,0.0,0.0,0.0,0.0,0.0,0.0,0.0,0.013065287538834512
996bdb97-9e64-4e4e-aff1-68205889b246,ok,17694975.0,v1.14-1.15,0.5030674846625767,0.0,0.5652797704447633,False,0.2143385070214338,4.797664999999995,0.6041163086891174,4.0,actuator_motors,none,4903019,3354179,1.3,,C,,0.0,4.0,True,9.999514503858531,19.999852957010862,1.9999750650590808,139.767749,134.62242500000002,,True,0.0,0.0329673845320939,0.0532343044877051,0.0,1.7348404765129064,0.0,0.417965933680534,2.258170199394215,0.0102007864974439,0.0228875624015927,0.0,0.03243561609799535,0.051865719784187365,0.0,1.0060731074865543,0.0,0.3492234036186236,1.1811657492678593,0.01014910960768303,0.02262957125311593,0.0
84939c37-98c1-4f9d-9230-4a066fdc8cd4,ok,17761280.0,v1.14-1.15,0.0,0.0,0.0,True,0.0,0.0,0.2570014595985412,4.0,actuator_motors,none,12051821,7528607,6.0,,C,,0.0,4.0,True,10.008440657738111,199.64997217531325,2.0000546148246823,113.471301,108.354678,,True,0.0,0.0288906195200979,0.0,0.0,0.0,0.0,0.0,0.0,4.757948040962219,4.243894100189209,0.0019194729975424,0.02848115335942605,0.0,0.0,0.0,0.0,0.0,0.0,1.7505811683497243,1.6570643712256141,0.0019176331632135893
70ca4524-eefb-4820-a075-c5f63ad00595,ok,17761280.0,v1.14-1.15,0.0,0.0,0.0,True,0.0,0.0,0.3851036787033081,4.0,actuator_motors,none,24975042,15917544,7.2,,A,,0.0,4.0,True,10.00391291260346,198.8112316869686,2.0000201289579502,233.68127,228.3286539999997,,True,0.0,0.003302944661118,0.0034357044845819,0.0037398674292489,0.0062494045589119,0.0111130925826728,0.0274682108312845,0.0031294320942834,0.0226488937623798,0.0184135511517524,43.78557319641112,0.0032975019208211945,0.003429815935617395,0.0037328915123146715,0.006229958007764746,0.011051795881813695,0.027097728545938192,0.003124545613619131,0.022396215705160035,0.018246074488077826,3.801886060693331
1386e28a-4ea5-4437-bf4d-adc369622e81,ok,17825792.0,v1.16+,0.0,0.0,0.0,True,0.072488304744932,0.0416769999999928,0.6214902266860007,4.0,actuator_motors,none,27998924,17571886,10.5,,C,,0.0,4.0,True,10.00403331537994,197.950604467116,1.9999990845365008,242.850384,235.67510400000003,,True,0.0,0.0070917182601988,0.0059883488574996,0.0066134815569967,0.0286508360877633,0.0285521852783858,0.982610434293747,0.0054830331355333,0.0905909109860658,0.0251637017354369,0.0,0.007066690284162033,0.0059704899578947165,0.006591708432561636,0.02824807573878653,0.02815216803456043,0.6844143775372137,0.005468056031048819,0.08671966951770224,0.02485230884842761,0.0
4678e5e2-4806-4d5f-a780-89ec63a357ec,ok,17694975.0,v1.14-1.15,0.9267015706806284,0.0,0.0,True,0.106290672451193,7.400249000000002,1.0,4.0,actuator_motors,none,2968402,2073342,2.5,,B,,0.0,4.0,True,10.009968770184893,20.009928184303405,1.999963308781244,93.085091,92.21148299999996,,True,0.0,0.0032451999140903,0.0216783387586474,0.0,0.1552306748926639,0.0,0.2127870954573154,0.0255449623800814,0.1744037047028541,0.2007912784814834,0.0,0.0032399456172759675,0.02144670521465588,0.0,0.14430004255445483,0.0,0.192921095560209,0.025224141918340243,0.1607605334225715,0.18298073822070166,0.0
e875657f-2757-41c1-b00e-f4d839a4c82e,ok,18350080.0,v1.16+,0.0071428571428571,0.1142857142857142,0.0,True,0.0417981072555205,2.898127000000001,0.4458041011355815,4.0,actuator_motors,none,5085570,3485679,3.6,,B,,0.0,4.0,True,10.007288953525462,20.007548159577247,2.002678403019704,133.567774,126.76862100000004,,True,0.0,0.1436391353607177,0.1864986717700957,0.0,0.1773469984531402,0.0,0.4657101541757546,0.1188079044222831,12.546980285644503,15.352871131896972,0.0,0.13421540207733793,0.17100667744096504,0.0,0.1632636008463981,0.0,0.38233987189486585,0.1122637474103445,2.6061636653413585,2.7944034863239833,0.0
503141ae-f6a3-4663-aad3-800eddbdf471,ok,17630207.0,v1.12-1.13,0.0,0.032,0.0,True,0.0034013605442176,0.199802,0.2670281946659087,4.0,actuator_motors,none,7656491,4494612,5.3,,B,,0.0,4.0,True,9.999652576173316,285.72533365377694,2.000035452241323,62.046244,58.76264499999999,,True,0.0,5.330686558835396e-09,3.857598130707629e-06,0.0,0.0,0.0,0.0,0.0,0.0070556727237999,0.0,0.0,5.330686544627287e-09,3.857590690195095e-06,0.0,0.0,0.0,0.0,0.0,0.007030897931959706,0.0,0.0
bd39af0a-4147-416e-b624-afb9c889b953,ok,17825792.0,v1.16+,0.0,0.0,0.0,True,0.0,0.0,0.1652857095003128,4.0,actuator_motors,none,31068303,12900643,18.1,,B,,0.0,4.0,True,10.005757413100994,197.7219469583848,1.999963040683008,175.116873,172.20106699999988,,True,0.0,0.0006614530284423,0.0,0.0,0.0,0.0,0.0,0.0,0.0004288515774533,0.0,0.0,0.0006612343648063853,0.0,0.0,0.0,0.0,0.0,0.0,0.0004287596468976614,0.0,0.0
36834cf1-0786-462d-9928-a2e9f9b17a57,ok,17695743.0,v1.14-1.15,0.0,0.0,0.0,True,0.0016920473773265,0.0989399999999989,0.5837350524961948,4.0,actuator_motors,none,2679360,2171111,4.1,,B,,0.0,4.0,True,10.014554833053136,20.015606823940004,1.9997767413429068,67.007674,59.12626100000002,,True,0.0,0.0022700801724568,0.002103827567771,0.0,0.0323590259999036,0.0,0.0032699096947908,0.0095828709192574,0.0089862770400941,,0.0,0.0022675074332759127,0.002101617621574561,0.0,0.03184649996924917,0.0,0.0032645751658733524,0.009537246455711032,0.008946140724071825,,0.0
e46a43bc-7294-4886-ab33-0072a8387a94,ok,17825792.0,v1.16+,0.0,0.0,0.0,True,0.0292437483448719,2.2818520000000007,0.4621772328391652,4.0,actuator_motors,none,10475763,6671077,4.8,,C,,0.0,4.0,True,10.009721199468707,199.69712373302667,1.9998920696545808,93.907058,92.518056,,True,0.0,0.0061096938326954,0.0017097382806241,0.0038688127882778,0.0497656643390655,0.0657701700925827,0.0127628657966852,0.0550259210169314,0.2524321973323821,0.2128893554210659,0.0,0.0060911053282875745,0.0017082783419684437,0.0038613481786728193,0.048566962441841964,0.06369770221018549,0.012682106842912693,0.05356533631049524,0.22508741864523057,0.19300541015523595,0.0
ff4819a4-e4da-4121-b30e-e39de96aaba1,ok,17367040.0,v1.12-1.13,0.0,0.0,0.0,True,0.0,0.0,0.2428839415311812,4.0,actuator_motors,none,13125611,7988153,5.2,,B,,0.0,4.0,True,10.002914296803052,20.00233130620052,1.999956869680132,320.586521,317.81709300000034,,True,0.0,0.1190432757139206,5.942090865573846e-05,0.0,0.0031822004821151,0.0,3.444789399509318e-05,0.0007252795039676,0.0016069251578301,,0.0,0.11247410214223608,5.941914330347793e-05,0.0,0.0031771479980015668,0.0,3.444730068001843e-05,0.000725016615892038,0.0016056354350724368,,0.0
b093c2db-0741-4d29-b612-0ccbf7141369,ok,17694720.0,v1.14-1.15,0.0,0.0,0.0,True,0.222543352601156,5.901717999999999,0.9999999423747729,4.0,actuator_motors,none,3512546,2506385,2.8,,C,,0.0,4.0,True,10.014208197589046,20.01448257430092,1.9999608399276096,71.55637,69.18472899999999,,True,0.0,1.1281103312969207,0.0,0.0,0.0,0.0,0.0,0.0,0.7410370707511901,0.683079659938812,8.268637648143339e-05,0.7552344175493337,0.0,0.0,0.0,0.0,0.0,0.0,0.5544809533515463,0.5206252461971628,8.268295815143716e-05
3aa1034e-5da2-4989-a018-d95de037a281,ok,17826240.0,v1.16+,0.0,0.0,0.0,True,0.0,0.0,0.1092889547348022,4.0,actuator_motors,none,6805767,2605023,3.7,,C,,0.0,4.0,True,9.98373442949753,19.968792969741592,1.9999218400916416,67.928711,62.767944,,True,0.0,0.0001803872874006,0.0,0.0,0.0,0.0,0.0,0.0,0.0001380526846332,0.5831913650035858,0.0,0.00018037101957018258,0.0,0.0,0.0,0.0,0.0,0.0,0.00013804315623826968,0.4594426611501031,0.0
b76d81e4-282c-4e3c-a77a-b7dcb6ab6679,ok,17761535.0,v1.14-1.15,0.0,0.0,0.0,True,0.0459697732997481,4.795290000000023,0.6237113820094783,4.0,actuator_motors,none,5603612,3653915,3.5,,B,,0.0,4.0,True,10.005411005867536,20.00579981689409,1.999960888264879,160.704003,158.8069130000001,,True,0.0,0.0240451991558074,0.0,0.0,0.0,0.0,0.0,0.0,8.093031883239746,3.066178798675537,0.0,0.023760665443776877,0.0,0.0,0.0,0.0,0.0,0.0,2.20750839308754,1.402703688335618,0.0
b8dee24f-24b1-4477-a41e-f4b06a69f3c7,ok,17695488.0,v1.14-1.15,0.1163166397415185,0.0,0.0,True,0.1449886474213428,4.799243999999987,0.1424859523773192,4.0,actuator_motors,none,11109109,6811411,6.6,,C,,0.0,4.0,True,10.003035281964651,20.00311101692248,1.9999825379946523,311.176476,308.2950389999999,,True,0.0,0.0002113949412887,0.0,0.0,0.0,0.0,0.0,0.0,0.0018678041407838,0.0,0.0,0.00021137260052652606,0.0,0.0,0.0,0.0,0.0,0.0,0.001866061963656078,0.0,0.0
71e2b054-2464-4455-8ed2-03d2ae475e88,ok,17694720.0,v1.14-1.15,0.0,0.0,0.0,True,0.1912643289915345,21.623083,0.8039268374443048,4.0,actuator_motors,none,19667749,12227113,12.1,,B,,0.0,4.0,True,10.005843999748874,219.8880628754169,1.999902240072853,170.019875,165.79317499999996,,True,0.0,0.0047942143864929,0.0096499118953943,0.0,0.0231444016098976,0.0,0.0038631460629403,0.0198260396718978,0.2234083265066146,0.3251772075891493,0.0,0.004782758739993959,0.009603648880168585,0.0,0.022880632051941786,0.0,0.0038557032764113073,0.019632063409710337,0.20164067384094203,0.28154619207229464,0.0
2b518b3a-a5a6-49cf-966e-e3021bb3c77f,ok,17760512.0,v1.14-1.15,0.0,0.0,0.1509677419354838,True,0.0006972904064818,0.0647299999999972,0.1550051867961882,4.0,actuator_motors,none,183488871,62276641,32.1,,C,,0.0,4.0,True,9.996655491326248,252.5292583615872,1.996813512138484,309.814223,308.401244,,True,0.0,0.0561098702251911,1.1281564593315132,0.2928040474653245,5.1487614154815695,3.724346590042121,0.2862711608409882,1.1754786372184758,3.851788437366485,2.9864386320114136,0.0,0.0545922236457469,0.7552560928985839,0.25681353955433245,1.8162506656789024,1.5527292635612902,0.2517474596078525,0.777248703419272,1.579347386950301,1.3828982588901912,0.0
6baeaa5e-5f24-4aa4-a3c8-e25e0574514c,ok,17760512.0,v1.14-1.15,0.0,0.0,0.0,True,0.0,0.0,0.1527361869812011,4.0,actuator_motors,none,14921156,9024111,6.1,,B,,0.0,4.0,True,10.006554527796691,164.16404536222703,2.000036000648012,149.464791,143.013655,,True,0.0,0.0,0.0,0.0,0.0,0.0,0.0,0.0,0.1511630870401859,0.0,0.0,0.0,0.0,0.0,0.0,0.0,0.0,0.0,0.14077281130989744,0.0,0.0
e7fc6d68-29e2-4120-b5f5-09b08612e35b,ok,17826240.0,v1.16+,0.0,0.0,0.0,True,0.0,0.0,0.2371186017990112,4.0,actuator_motors,none,14224989,8539692,5.7,,C,,0.0,4.0,True,9.842302820506,198.978217643704,1.9648604013383328,114.340613,109.293673,,True,0.0,0.0020740624284371,0.0001412407204043,0.0002042395179159,0.0007293842150829,0.0014662827015854,0.0004648014641134,0.0019910800969228,0.0,2.3863674163818347,0.0001623045747692,0.0020719145303622886,0.00014123074687285133,0.00020421866386499327,0.0007291183436900371,0.0014652087587792464,0.00046469347737317985,0.001989100524169698,0.0,1.2197577882735597,0.00016229140480671534
d7f4393c-236c-4751-adda-48a2d9da117e,ok,17761280.0,v1.14-1.15,0.0,0.0503778337531486,0.0,True,0.0,0.0,0.3446420565247532,4.0,actuator_motors,none,11462075,6025618,4.1,,C,,0.0,4.0,True,10.007968526213885,20.004779636597046,1.9999990400004608,125.199482,120.75984,,True,0.0,0.0026537127560004,0.0,0.0,0.0,0.0,0.0,0.0,0.0023742394987493,0.0,0.0013981298543512,0.002650197877250577,0.0,0.0,0.0,0.0,0.0,0.0,0.0023714254454281314,0.0,0.00139715338085825
34b708b0-856a-4062-b3b7-706a83db55c4,ok,17826559.0,v1.16+,0.0,0.0,0.0,True,0.0,0.0,0.1695529460906982,4.0,actuator_motors,none,11205931,6934414,4.6,,C,,0.0,4.0,True,10.009465288725142,157.1702643776258,2.0000081887127727,106.054826,96.04680100000006,,True,0.0,0.0002684476203285,4.456268143258055e-05,5.872114707017316e-05,0.0014285000506788,0.0018905523465946,0.0005861652083694,0.0022565184161066,0.0014218168100342,0.0,0.0,0.0002684115947132529,4.4561688545789336e-05,5.871942305110713e-05,0.0014274807151132053,0.0018887675017147242,0.0005859934806475822,0.0022539763019255423,0.0014208069855904718,0.0,0.0
e1cd3b39-67db-457e-9642-ee317a27e5e2,ok,17694975.0,v1.14-1.15,0.0,0.0,0.0,True,0.0,0.0,0.2557946443557739,4.0,actuator_motors,none,49003149,30597558,22.9,,C,,0.0,4.0,True,10.000815466819988,20.000814444929382,1.9999928696617104,1223.53097,1219.3398710000004,,True,0.0,0.0048726494656875,0.0032500576227903,0.0,0.0060034577501937,0.0,0.0044269946636632,0.0022207441739737,0.0016638869419693,0.004324510297738,0.0,0.00486081653220344,0.003244787601010305,0.0,0.00598550879906968,0.0,0.004417224347599056,0.002218281966245752,0.0016625042156791338,0.004315186474063187,0.0
7b81781e-3c16-4421-8f20-fe6ba06bcc20,ok,17826240.0,v1.16+,0.0,0.0,0.0,True,0.0,0.0,0.1069426447153091,4.0,actuator_motors,none,144511131,39419675,50.4,,B,,0.0,4.0,True,9.072383140252072,167.0406634943248,1.844047782299482,186.221631,174.07425999999998,,True,0.0,0.0007932728069135,0.0007512021518778,0.0002272713565616,0.003127932420466,0.0018910907208919,0.0101368333678692,0.0117499114014208,0.0026795486221089,0.0017022326937876,0.0,0.0007929583323388353,0.0007509201407640398,0.00022724553433920355,0.0031230506171705946,0.0018893048599634762,0.010085800258822494,0.01168141720419809,0.0026759650318752145,0.0017007855377471686,0.0
7a2ae88a-f161-4961-99f6-f5eb7d315434,ok,17760256.0,v1.14-1.15,0.0,0.0,0.0,True,0.0,0.0,0.2919793248176574,4.0,actuator_motors,none,4730364,3358233,9.6,,C,,0.0,4.0,True,10.0092447166926,20.00931602570808,2.000026075106306,107.358939,102.449896,,True,0.0,0.0002687651809537,0.0003263681282987,0.0001513401395641,0.0021435648202896,0.0007927317812573,0.0107903235591947,0.0235380016267299,0.0083728790748864,0.005725814611651,0.0,0.0002687290700625421,0.00032631488180610575,0.00015132868880047057,0.00214127066308503,0.0007924177353772661,0.010732523434234786,0.023265254522982833,0.008338020962896178,0.0057094844412001675,0.0
0bad16c7-a0a5-4c49-b7cc-fd0dcedffd2c,ok,17761280.0,v1.14-1.15,0.0,0.0,0.0086775425199583,True,0.0,0.0,0.1889617979526519,4.0,actuator_motors,none,171651699,70485470,37.4,,B,,0.0,4.0,True,10.000867178743414,199.9991151034424,1.999999647416476,1151.804972,277.54001000000005,,True,0.0,0.000187254219054,0.6440521717071517,0.1091752145439385,0.0174725810997187,0.0105621132068335,0.0103137435391545,0.0024422035901807,0.3541753008961676,0.0532841449603438,0.0055177678354084,0.00018723668917105212,0.4971640307455117,0.10361668916537718,0.01732169064938361,0.010506723767457295,0.01026091978291224,0.002439226257509181,0.30319263501382,0.05191304001787538,0.005502600721296366
3a298da1-ef73-4bfb-a76c-225be8a9ca4a,ok,17891583.0,v1.16+,0.0,0.0,0.0,True,0.0,0.0,0.1960320234298705,4.0,actuator_motors,none,2870233,1907469,9.8,,A,,0.0,4.0,True,10.01052653188935,20.01089283691457,2.0000594108556813,88.211645,85.68697800000001,,True,0.0,0.0019920382183045,0.0,0.0,0.0,0.0,0.0,0.0,0.0,0.0,0.0,0.001990056741188637,0.0,0.0,0.0,0.0,0.0,0.0,0.0,0.0,0.0
414f0f0d-e5b4-4bb3-85cf-c3d98a89ed20,ok,17825984.0,v1.16+,0.0,0.1,0.0,True,0.0010024727661565,0.0285590000000013,0.0768343955278396,4.0,actuator_motors,none,11608489,6505507,17.7,,B,,0.0,4.0,True,9.998884169048669,156.98673615115158,2.0001045449994264,107.667263,104.76348700000004,,True,0.0,0.0022031082771718,0.0,0.0,0.0,0.0,0.0,0.0,0.0001795743519323,10.410975217819214,0.0,0.0022006849926507824,0.0,0.0,0.0,0.0,0.0,0.0,0.00017955823038834573,2.434575630670254,0.0
32ee8126-0523-454c-a410-59c637166ab4,ok,17891392.0,v1.16+,0.0,0.0,0.0,True,0.0,0.0,0.1973824858194457,4.0,actuator_motors,none,27642880,9486800,14.7,,C,,0.0,4.0,True,10.007111396886332,204.7214801256251,1.9999732138419,133.510349,131.56222699999992,,True,0.0,2.065093398094177,0.0180808345787226,1.776365433318944,0.2400983110070213,0.0550751309841868,0.0491454269737004,0.0443768225610255,0.0994026113301515,0.0100441982969641,0.0,1.120078041385294,0.01791932025951583,1.0211426742253178,0.21519065954438749,0.05361197859543951,0.04797595371737922,0.04342036548726757,0.09476695167368458,0.009994090585760484,0.0
5928b10b-10c5-4ec7-97d3-c886b8050b72,ok,17761535.0,v1.14-1.15,0.0,0.0,0.0,True,0.0,0.0,0.4245372414588928,4.0,actuator_motors,none,3056358,2229855,4.3,,C,,0.0,4.0,True,10.013100264239457,20.011952138414667,2.0000319501959343,79.570577,70.06645399999996,,True,0.0,0.0534837577491996,0.0,0.0,0.0,0.0,0.0,0.0,0.0224302977323531,0.0042111860588192,0.0,0.05210253672436725,0.0,0.0,0.0,0.0,0.0,0.0,0.022182438134327253,0.00420234383029577,0.0
65aaf21b-1cf7-4d1b-bf4a-f59079ee1755,ok,17760256.0,v1.14-1.15,0.0,0.0,0.0,True,0.0,0.0,0.1463583111763,4.0,actuator_motors,none,7965018,4601374,4.2,,B,,0.0,4.0,True,10.005974789341623,20.00565236866577,2.0000049620376275,158.362849,150.59665899999993,,True,0.0,0.0121717382222414,0.0003643455042038,0.0001398353895638,0.0034454536158591,0.0046093409880995,1.410694241523743,0.0052912819199263,0.0,,0.0002576397382654,0.012098258268185884,0.0003642791464981817,0.00013982561350706126,0.0034395316392483006,0.00459875050688364,0.8799147730415254,0.0052773322737852246,0.0,,0.00025760655484748893
23941d64-c72f-469b-909d-40810ad43d1f,ok,17630207.0,v1.12-1.13,0.0,0.0,0.0,True,0.0,0.0,0.3018639013171196,4.0,actuator_motors,none,21942403,12463000,7.9,,A,,0.0,4.0,True,9.882717790621172,218.2132951532518,1.980415766525217,153.283196,146.271486,,True,0.0,0.003639689402189,0.0022450879681855,0.0,0.0047910069581121,0.0,0.0,0.0017060407903045,0.0002441794422338,0.0117625648621469,0.0003526831322233,0.0036330817610375483,0.00224257152391507,0.0,0.004779566610248243,0.0,0.0,0.0017045871557870922,0.00024414963528585906,0.011693923636330034,0.0003526209541464322
b9178f82-b4f7-4c37-ba17-3b26f0bbb07d,ok,17760768.0,v1.14-1.15,0.0,0.0,0.0,True,0.0,0.0,0.2060513854026793,4.0,actuator_motors,none,4076029,2635229,15.1,,C,,0.0,4.0,True,10.009108377121043,20.00847931212176,2.0000363562164307,112.814711,111.37802200000009,,True,0.0,0.0315979048609733,0.0,0.0,0.0,0.0,0.0,0.0,0.0,0.0,0.0,0.031108964062320714,0.0,0.0,0.0,0.0,0.0,0.0,0.0,0.0,0.0
f0927ba6-2474-4f2a-ab2f-7c8ba496358f,ok,17761535.0,v1.14-1.15,0.0,0.0892018779342723,0.0,True,0.0,0.0,0.1663971841335296,4.0,actuator_motors,none,11421092,7273012,4.3,,C,,0.0,4.0,True,9.723767202884238,167.2894785106697,1.953576088154612,108.383519,103.41014999999992,,True,0.0,0.0116101714316755,0.0,0.0,0.0,0.0,0.0,0.0,4.563369941711426,3.255162906646725,3.3142510801553706e-05,0.011543290559165326,0.0,0.0,0.0,0.0,0.0,0.0,1.7162040292796268,1.4481330472258753,3.314196160067716e-05
83ecf4b3-bd8f-40ba-a07c-08a55364a7b2,ok,17695743.0,v1.14-1.15,0.0,0.0,0.0,True,0.0,0.0,0.2035093036802666,4.0,actuator_motors,none,75931753,36404371,33.5,,A,,0.0,4.0,True,10.001174082358697,161.04177336587694,2.000013285997971,731.426716,728.0547160000007,,True,0.0,0.0,0.0,0.0,0.0,0.0,0.0,0.0,1.0791315798996935e-05,0.0,0.0001025402722007,0.0,0.0,0.0,0.0,0.0,0.0,0.0,1.0791257573167487e-05,0.0,0.00010253501530634768
2913bdd6-cc37-4f30-8120-b22ee09e3a15,ok,17694975.0,v1.14-1.15,0.0,0.0,0.0,True,0.0464177598385469,3.6022180000000006,0.8875379191450825,4.0,actuator_motors,none,8272220,4509901,3.3,,B,,0.0,4.0,True,10.00087150451682,20.004947199291543,2.000489721899528,198.364815,197.729999,,True,0.0,0.0,0.0,0.0,0.0,0.0,0.0,0.0,0.0,,8.293908540508701e-05,0.0,0.0,0.0,0.0,0.0,0.0,0.0,0.0,,8.29356461493076e-05
2f5a22e3-8d48-42a9-85f5-1f9efd71fe3a,ok,17760384.0,v1.14-1.15,0.0,0.0,0.0,True,0.0,0.0,0.135413372516632,4.0,actuator_motors,none,15497781,10629984,5.0,,C,,0.0,4.0,True,10.005289776165942,20.00530266690813,1.999937766642438,170.100995,161.95610299999996,,True,0.0,0.0047726049087941,0.0171684455126523,0.0046818498522043,0.0442098230123519,0.0101032322272658,0.0031100399792194,0.0096151968464255,0.0297976415604352,0.829718828201294,0.0,0.004761252137185687,0.017022733157272117,0.004670924081790871,0.043260449163581946,0.010052535756074796,0.0031052138086830423,0.009569265035450098,0.029362318435433705,0.6041623092569631,0.0
f2daf264-9320-44c4-84f8-abefa9118bd2,ok,17695743.0,v1.14-1.15,0.0,0.0,0.0,True,0.0137931034482758,0.102487,0.6936109870672224,4.0,actuator_motors,none,2757657,1935246,2.5,,C,,0.0,4.0,True,9.999034456170854,19.999374681931165,1.999874994826622,77.006726,72.43228899999998,,True,0.0,0.0033337869914248,0.0007930349442176,0.0,0.0094877932220697,0.0,0.0060720453970134,0.0139882480725645,0.02838291618973,0.0665580563247203,0.0,0.003328242243494176,0.0007927206581551353,0.0,0.009443066792813091,0.0,0.006053684816062069,0.013891315429803533,0.027987584242959922,0.06443669375776477,0.0
f9113f8a-729a-4dbb-bd26-b90b464558a2,ok,17760256.0,v1.14-1.15,0.0,0.0,0.0,False,0.0,0.0,0.3185350492596626,4.0,actuator_motors,none,2508581,1434984,3.5,,C,,0.0,4.0,True,10.016182040144178,20.01618284920573,2.000328348979645,61.67928,59.41001299999999,,True,0.0,0.0,0.0,0.0,0.0,0.0,0.0,0.0,0.0,0.0,0.0020336079993285,0.0,0.0,0.0,0.0,0.0,0.0,0.0,0.0,0.0,0.002031543017682573
c55d1140-0c6e-4a64-a134-b6c5a9170626,ok,17760256.0,v1.14-1.15,0.0,0.0,0.0,False,0.0,0.0,0.1165519654750823,4.0,actuator_motors,none,3675642,2989166,4.5,,C,,0.0,4.0,True,9.999634848900405,19.97499315877786,2.000043780099432,82.092526,78.42786100000001,,True,0.0,0.0008203217876143,0.0002606774680316,0.0001269971817237,0.0004748475475935,0.000487366435118,0.0143006028141826,0.0606740418821571,0.0100483170244842,0.0029904467519372,0.0009685093449661,0.0008199855075893372,0.00026064349756385906,0.00012698911826430098,0.00047473484317363897,0.0004872477106702678,0.014199313715107704,0.05890459460058024,0.009998168347040095,0.0029859842603978046,0.0009680406423945914
5c250b87-42d7-46b7-9919-09e1fc2273e6,ok,17826047.0,v1.16+,0.0,0.2916666666666667,0.0,True,0.0,0.0,0.2328669786453247,4.0,actuator_motors,none,3732521,3223337,3.5,,C,,0.0,4.0,True,10.013397508641669,20.01291980697866,2.0001946483127684,71.502554,66.83331,,True,0.0,0.024591816868633,0.0042994405142962,0.00756733098533,0.0018543543468695,0.0032475934014655,0.0030707360827364,0.0031041750859003,0.0,0.1571502164006233,0.0253304970450699,0.024294305831529067,0.004290224326785229,0.007538842367806073,0.0018526371543754804,0.0032423313595853097,0.0030660310022709693,0.0030993670817731477,0.0,0.1459602724552465,0.02501499676054176
c920dd50-fa09-4350-99e9-93c6180d68cb,ok,17695488.0,v1.14-1.15,0.0325732899022801,0.0,0.0329380764163372,False,0.0181945416375087,2.001760000000018,0.0967284694314002,4.0,actuator_motors,none,5391603,3312892,5.3,,C,,0.0,4.0,True,10.006681506126492,20.00676269503516,2.00011953032213,151.691543,142.29157899999993,,True,0.0,0.0016027236822992,0.0,0.0,0.0,0.0,0.0,0.0,0.0,0.0,0.0,0.0016014406913686624,0.0,0.0,0.0,0.0,0.0,0.0,0.0,0.0,0.0
12785732-ca83-48e8-bfb0-5e36228e7b22,ok,17694720.0,v1.14-1.15,0.0,0.0,0.0,True,0.0,0.0,0.1073953583836555,4.0,actuator_motors,none,12055113,3061732,6.6,,B,,0.0,4.0,True,10.014329608644852,20.01343368674383,121.84195538269232,67.612944,64.75501799999999,,True,0.0,0.0013301856233738,0.0,0.0,0.0,0.0,0.0,0.0,0.0160992369055748,0.0,0.0,0.0013293017102363567,0.0,0.0,0.0,0.0,0.0,0.0,0.015971018506144147,0.0,0.0
a7eb96d8-6bbd-420c-b6be-b2e2af23d3fb,ok,17761023.0,v1.14-1.15,0.0,0.0,0.0,True,0.0040195772154535,0.1844929999999998,0.2295848727226256,4.0,actuator_motors,none,18425695,11689650,11.6,,C,,0.0,4.0,True,10.00571510648385,218.79230880818525,1.9999208996802784,174.382814,168.970507,,True,0.0,0.0051334839314222,0.0009479906293563,0.0008992053684778,0.0072130197659134,0.0036532454192638,0.0091859115287661,0.0042513991706073,0.0723764933645723,0.0230295311659574,0.0,0.005120352523526999,0.0009475415700199128,0.0008988013255240379,0.00718713035817,0.0036465885261338063,0.00914397764844714,0.004242387505581742,0.06987720748684724,0.02276835377273896,0.0
ed5551ed-0c36-4314-bb29-83864c59346c,ok,17761280.0,v1.14-1.15,0.0,0.0,0.0069400630914826,True,0.0005739882051051,0.1687509999999861,0.1000695541501044,4.0,actuator_motors,none,35000651,21950941,9.6,,B,,0.0,4.0,True,10.002841842731105,199.9999627431239,1.9999992658230543,316.753111,310.9798560000001,,True,0.0,0.0009667083155363,0.0,0.0,0.0,0.0,0.0,0.0,0.0061984150670468,0.0,0.0001929604535689,0.0009662413539721568,0.0,0.0,0.0,0.0,0.0,0.0,0.0061792839069222324,0.0,0.00019294183909511226
399d7715-66b9-4d1a-8c70-90eccae74cb2,ok,17695488.0,v1.14-1.15,0.0,0.0,0.0,True,0.0,0.0,0.0731898292899131,4.0,actuator_motors,none,9261115,5822109,4.1,,A,,0.0,4.0,True,10.004143001884795,20.00403095498741,1.9999961603127152,262.59387,253.84289200000003,,True,0.0,0.0,0.0,0.0,0.0,0.0,0.0,0.0,0.0,0.0,0.0,0.0,0.0,0.0,0.0,0.0,0.0,0.0,0.0,0.0,0.0
332fb065-a9ff-498c-81f0-ee7818ef6895,ok,17695743.0,v1.14-1.15,0.0,0.0623441396508728,0.0,True,0.5794684731631058,10.402501,0.656008858414868,4.0,actuator_motors,none,8684015,5380835,6.0,,B,,0.0,4.0,True,10.004957461379972,20.004956431177632,2.0,201.347459,191.93997799999988,,True,0.0,0.0003803485189564,0.0,0.0,0.0,0.0,0.0,0.0,0.0814683683216571,,0.0,0.00038027620479427244,0.0,0.0,0.0,0.0,0.0,0.0,0.07831971801436699,,0.0
0c59d545-998d-4fe4-b53a-bb8e62cc1579,ok,17695743.0,v1.14-1.15,0.2947761194029851,0.0,0.0,True,0.0,0.0,0.2306772843003273,4.0,actuator_motors,none,29797182,16917179,8.8,,C,,0.0,4.0,True,10.003179648581265,139.48260825390904,1.9999607619638564,268.316607,263.4276770000002,,True,0.0,0.0088984230533242,0.0,0.0,0.0,0.0,0.0,0.0,0.0001108047319576,0.0,0.000328741769772,0.008859065395316576,0.0,0.0,0.0,0.0,0.0,0.0,0.00011079859356672556,0.0,0.00032868774603598503
13ce8057-9420-4638-b2a6-2226c65f76c2,ok,17761280.0,v1.14-1.15,0.0,0.0,0.0,True,0.0,0.0,0.2026998072862625,4.0,actuator_motors,none,12421818,7299655,8.5,,A,,0.0,4.0,True,10.0085868713998,199.9332697684736,2.000191980148908,104.483735,97.81999599999996,,True,0.0,0.0019763768243137,0.0,0.0,0.0,0.0,0.0,0.0,2.294834512213127e-05,0.0,0.0,0.0019744263611152207,0.0,0.0,0.0,0.0,0.0,0.0,2.294808181288768e-05,0.0,0.0
fee09d7b-0d44-47c7-902b-ff42866bafd9,ok,17891583.0,v1.16+,0.0,0.2291666666666666,0.0,True,0.0,0.0,0.0997281223535537,4.0,actuator_motors,none,6896602,4638303,2.4,,B,,0.0,4.0,True,9.993805472002448,19.98742206272432,1.9939398773187584,165.89993,159.35587199999992,,True,0.0,0.0026709928177297,0.0028961648931726,0.0021130270557478,0.0267510414123535,0.016750085633248,0.0357992464676499,0.036241197399795,0.0112668815534561,0.0081816921476274,0.0,0.0026674320555177653,0.0028919790875364076,0.0021107977539096844,0.026399488134370555,0.016611350027714092,0.03517334751911938,0.03559993276281492,0.011203883000007618,0.008148403552526832,0.0
59ea56ea-22f9-4895-9557-848eea753c6a,ok,17891392.0,v1.16+,0.0,0.0462633451957295,0.0,True,0.0,0.0,0.0799902826547621,4.0,actuator_motors,none,32828441,16694791,6.2,,B,,0.0,4.0,True,125.0,250.0,100.00431207957224,138.66,134.36,,True,0.0,0.0005421771202236,0.0002443478733766,7.691436621826142e-05,0.0060408849967643,0.002485392615199,0.0001006804686767,0.0006995591684244,0.1645548939704895,0.0929903984069824,0.0,0.000542030195312571,0.000244318025297099,7.69114084600578e-05,0.006022712001583417,0.002482309135022287,0.00010067540073847225,0.000699314590966958,0.15233894875075366,0.08891742453274457,0.0
2c12c9d8-0080-4eec-93b0-6a77cb3096bb,ok,17891583.0,v1.16+,0.0,0.0,0.0,False,0.0610382201939532,6.00136599999999,0.7566140443086615,4.0,actuator_motors,none,7077888,4737742,3.4,,B,,0.0,4.0,True,10.00580058030748,20.00554934122433,1.9999649838533,179.476526,174.3998139999999,,True,0.0,0.000543266366003,0.0,0.0,0.0,0.0,0.0,0.0,0.3739772021770456,0.0382830873131751,0.0,0.000543118850255263,0.0,0.0,0.0,0.0,0.0,0.0,0.3177096013604992,0.03756847136977309,0.0
9cfe7f77-7e90-4185-a6fe-e90c207e01ac,ok,16842880.0,v1.12-1.13,0.0,0.0,0.0,True,0.0,0.0,0.1989046871662139,4.0,actuator_motors,none,7234962,4355143,3.8,,A,,0.0,4.0,True,10.01486576888486,200.8754720144566,1.999833183145861,65.432424,59.967531,,True,0.0,0.0083577204495668,0.0,0.0,0.0,0.0,0.0,0.0,2.6474625656192075e-06,,0.0004810372338397,0.008322988092047229,0.0,0.0,0.0,0.0,0.0,0.0,2.6474590610963747e-06,,0.0004809215725196444
bc2a2eb9-d421-4bca-8b06-6bfdbff65893,ok,17695743.0,v1.14-1.15,0.0483460559796437,0.0,0.1727447216890595,True,0.0,0.0,0.2187395103275775,4.0,actuator_motors,none,4498831,3129644,2.9,,B,,0.0,4.0,True,10.009794969369644,20.0090981754194,1.9999553439922708,104.159411,100.82601499999996,,True,0.0,0.113547385856509,161.72084045410156,0.0,61.52752380371079,0.0,0.0807776704430576,1.1246379613876345,0.2902535617351531,0.5807097822427746,0.0,0.10755076258575375,5.092036097319492,0.0,3.8866016985439455,0.0,0.07768084723860014,0.7536014167498722,0.25483875854291105,0.4578739754331959,0.0
d2362109-9b4c-4a27-8565-438406939c5f,ok,17760511.0,v1.14-1.15,0.015,0.0,0.0,True,0.0,0.0,0.4177876338362694,4.0,actuator_motors,none,4020309,2935068,6.2,,A,,0.0,4.0,True,10.009337843629202,20.00942666322801,1.9999651881059448,96.643606,86.56107399999996,,True,0.0,0.0047996854409575,0.0112153969705104,0.0048291406594216,0.0224665571004152,0.0138116052374243,0.0085394199937581,0.0114259764552116,0.3254468262195562,0.0195909187197685,0.0,0.0047882036753762605,0.011152970728979568,0.004817517763713027,0.02221790140767545,0.013717094255757515,0.008503165396124241,0.01136119299539685,0.2817496299253419,0.019401486771418168,0.0
37b9dc50-0af5-4dd8-abf9-4f3f35d45e96,ok,17891392.0,v1.16+,0.0,0.5373406193078324,0.0,True,0.0,0.0,0.0061024725437164,4.0,actuator_motors,none,82961694,31265800,13.9,,B,,0.0,4.0,True,125.0,250.0,100.0043884029139,272.964,267.536,,True,0.0,0.0002643646759679,0.0001019702031044,7.099396316334551e-05,0.0003285622224211,0.0003434476675465,5.34481874638002e-05,0.000420461082831,0.0007102292729541,0.0002577697159722,0.0,0.0002643297377844289,0.00010196500449663847,7.099144321120958e-05,0.00032850825767429334,0.0003433887028967897,5.344675916032188e-05,0.00042037271383952576,0.0007099771794997249,0.00025773649906704935,0.0
190653c8-518d-4ae4-95ae-75868722cb98,ok,17891583.0,v1.16+,0.0,0.0,0.0,True,0.0,0.0,0.1098732247948646,4.0,actuator_motors,none,5279105,3628679,5.3,,A,,0.0,4.0,True,10.008970292197128,20.00844347708951,1.999969576220386,116.011767,111.91235400000004,,True,0.0,0.0111986928619444,0.0007238613383378,0.0005564204155234,0.0047939932206645,0.0070508040022104,0.0057345932116731,0.0057959101395681,1.7404915869235975,2.2691191196441647,0.0,0.011136451749359757,0.0007235994770791042,0.0005562656710833108,0.004782538629398603,0.0070260633101104945,0.005718213024659242,0.00577917847142909,1.0081373155936832,1.1845205662473983,0.0
909cde39-34c0-4414-a3e6-923c73f6bbd3,ok,17760511.0,v1.14-1.15,0.0,0.0,0.0,True,0.0,0.0,0.1848510295152663,4.0,actuator_motors,none,7199173,5054528,4.7,,B,,0.0,4.0,True,9.971319857388597,19.94306977705372,1.9943720515638623,177.582267,172.3610780000001,,True,0.0,0.0032161104609258,0.0007830553600797,0.0017012720461934,0.0176774564664808,0.0279964559711515,0.0012891647405922,0.0059151973109692,0.1440082758665084,0.1581060089170931,0.0284698013216256,0.003210949839469416,0.0007827489321874599,0.0016998265221600168,0.017523027517597205,0.027611719528150863,0.001288334481212147,0.0058977712167781774,0.13453812708048563,0.14678591979424466,0.028072067814591053
0c4ce502-30bb-42eb-8ee8-287d0e9a1426,ok,17761535.0,v1.14-1.15,0.0,0.0,0.0,True,0.0030778164924506,0.219776000000003,0.2375516772270201,4.0,actuator_motors,none,50949369,19237087,16.5,,C,,0.0,4.0,True,9.532100938594205,192.6316080253215,1.8639527681908128,96.192773,89.50031999999999,,True,0.0,0.0019294137950055,0.0099006393924355,0.0160500276833772,0.027162885852158,0.0139379994012415,0.004378648661077,0.0061377855949103,0.0698240347206592,1.5259222030639643,0.0106113792397081,0.001927554866919594,0.009851949174676682,0.015922587789892435,0.026800521926349068,0.013841758724873183,0.004369090270759729,0.0061190261108989815,0.06749418141775577,0.9266062249836938,0.010555473697206988
754088d0-e608-459b-a006-1c51d6b9331a,ok,17629952.0,v1.12-1.13,0.0,0.0,0.0,True,0.0,0.0,0.6499264553189277,4.0,actuator_motors,none,2756508,1942376,3.1,,C,,0.0,4.0,True,10.014445912519951,20.01540830081745,1.999963038277082,66.953703,63.213687,,True,0.0,0.0008646374597446,0.0003689888530061,0.0,0.0071527993073686,0.0,0.0,0.0008289209392387,0.0280623761005699,0.0,0.0,0.0008642638761036344,0.0003689207933609309,0.0,0.0071273393728459485,0.0,0.0,0.0008285775740122617,0.027675842332822324,0.0,0.0
914df007-07d7-4ed7-aa70-9dfedec697d5,ok,17761023.0,v1.14-1.15,0.0,0.0,0.0,True,0.0,0.0,0.266481539607048,4.0,actuator_motors,none,3412379,2721007,2.4,,C,,0.0,4.0,True,10.011420108818635,20.01196830617661,1.9999939632084047,81.413866,76.23356999999999,,True,0.0,0.0058394759660586,6.670035872957668e-05,5.162308279977878e-05,0.0045978739392012,0.0018547949846833,0.01098493183963,0.1031481463462114,0.6841195404529571,0.0231115577742457,0.0,0.005822492311301087,6.669813435955966e-05,5.162175037429565e-05,0.0045873360058672884,0.0018530769765062992,0.010925035713249638,0.09816804344287224,0.5212428993179423,0.02284853065670421,0.0
77d5ea0c-51ce-487e-92b2-a1d04d97030f,ok,17825984.0,v1.16+,0.0,0.0,0.0,True,0.0655307994757536,1.101348999999999,0.4583192378282545,4.0,actuator_motors,none,3717815,3032386,3.5,,C,,0.0,4.0,True,10.011747566468292,20.01246161532703,2.000098770309645,81.319637,76.31979800000002,,True,0.0,0.001765950070694,0.0091797430068254,0.0012270375969819,0.1221544437110424,0.0208338372409343,0.0018339305650442,0.0060208344832062,0.0,0.0429381802678108,0.0,0.0017643926141919387,0.009137865255554546,0.0012262854016014944,0.11525044799391013,0.020619780826386228,0.0018322509675820537,0.00600278168496873,0.0,0.04204190318611131,0.0
dab48eaf-6842-4641-a6d4-a15332348f30,ok,17891392.0,v1.16+,0.0,0.8045112781954887,0.0880681818181818,True,0.00625,0.3987929999999995,0.0784612834453582,4.0,actuator_motors,none,3203518,2488686,2.7,,C,,0.0,4.0,True,10.014067482404236,20.013865057934225,2.00008385963118,70.322335,64.04993000000002,,True,0.0,1.2210341989994045,0.0030655382783152,0.0046953414799645,0.0453148001804947,0.0892421260476111,0.0862584318965673,0.0644329752773045,0.1515200562775133,2.923472273349756,0.0,0.7979729428123844,0.003060849096647068,0.004684352747965247,0.0443180842437141,0.08548215720582199,0.08273915995773322,0.06244223979682495,0.14108285764972747,1.3669770457450152,0.0
b593d60e-ad03-4a98-b55d-8db0e2de6544,ok,17761535.0,v1.14-1.15,0.0,0.0,0.0,True,0.0,0.0,0.1902841418981552,4.0,actuator_motors,none,57571636,15702255,9.8,,B,,0.0,4.0,True,9.24104620199178,119.41258224280372,1.8226146139623924,102.802496,97.38363799999998,,True,0.0,0.0118128531612455,0.0,0.0,0.0,0.0,0.0,0.0,0.0,0.0,0.0,0.011743626057758015,0.0,0.0,0.0,0.0,0.0,0.0,0.0,0.0,0.0
7f881726-acd5-4494-a3d0-83dc9debc327,ok,17826559.0,v1.16+,0.0,0.0,0.0,True,0.0,0.0,0.1384546339511871,4.0,actuator_motors,none,5581168,3830483,5.5,,B,,0.0,4.0,True,10.007628415455631,20.00750633923469,2.000069823449245,128.845269,120.01839199999996,,True,0.0,0.0020032805390655,0.0,0.0,0.0,0.0,0.0,0.0,0.0004025554910185,0.0,0.0,0.0020012766483968924,0.0,0.0,0.0,0.0,0.0,0.0,0.0004024744872950921,0.0,0.0
d07a4d7d-fe2c-4fda-92ae-426d1a509211,ok,17695743.0,v1.14-1.15,0.0,0.0,0.0,True,0.0,0.0,0.2441715434193611,4.0,actuator_motors,none,25609791,15597218,6.0,,B,,0.0,4.0,True,10.0039271604116,197.81534910472007,1.999950284460249,229.985708,225.756609,,True,0.0,0.0050649495329707,0.0017297056503593,0.0,0.0294782691635191,0.0,0.0038008905481547,0.0062490091659128,0.0953684344887732,0.0213084388524293,0.0,0.005052165823809061,0.0017282114323309682,0.0,0.029052139116758115,0.0,0.003793685415185242,0.006229565070313065,0.09109077652793843,0.021084588421425656,0.0
491cf015-ca76-4216-80b1-ce5dbf1197af,ok,17825984.0,v1.16+,0.241025641025641,0.0923076923076923,0.0,True,0.0,0.0,0.189134919643402,4.0,actuator_motors,none,3784649,2832792,3.1,,C,,0.0,4.0,True,10.010239568979795,20.01030115201192,1.999903004704272,92.766599,81.65857399999999,,True,0.0,0.1703583508729931,0.0,0.0,0.0,0.0,0.0,0.0,6.766371250152582,1.2738672733306864,0.8334415674209578,0.1573099847120939,0.0,0.0,0.0,0.0,0.0,0.0,2.0498030347191,0.8214820265759712,0.6061948386027816
52cf402d-1444-4ab9-bbdb-a16c29814450,ok,17826047.0,v1.16+,0.0541516245487364,0.0288808664259927,0.0,True,0.0,0.0,0.2984611183404922,4.0,actuator_motors,none,24280671,6621917,6.9,,A,,0.0,4.0,True,9.940660418865749,19.876794537791152,1.9862691411070632,219.191891,213.60001100000008,,True,0.0,0.0042173170484602,0.0,0.0,0.0,0.0,0.0,0.0,0.0,0.0,0.0292092943564057,0.004208449090833085,0.0,0.0,0.0,0.0,0.0,0.0,0.0,0.0,0.028790832045777412
35fb01df-787f-46a7-848c-30a17552d773,ok,17826240.0,v1.16+,0.0,0.0,0.0,True,0.0,0.0,0.3440266609191892,4.0,actuator_motors,none,6510250,4365959,4.9,,C,,0.0,4.0,True,10.006198820600524,20.006523940242293,2.000064982503451,153.388716,148.77995599999997,,True,0.0,0.0008058766950853,0.0,0.0,0.0,0.0,0.0,0.0,0.0650697194039821,0.0646101489663124,0.0,0.0008055521508115326,0.0,0.0,0.0,0.0,0.0,0.0,0.06304026124779048,0.06260867483743017,0.0
88a0d833-2c48-40e2-b9fe-56a9e86bf3af,ok,17826047.0,v1.16+,0.0,0.0,0.0,True,0.0,0.0,0.2293182387948036,4.0,actuator_motors,none,12143540,7536108,5.1,,A,,0.0,4.0,True,9.931299337085283,199.26957233816427,1.970665550632588,102.592466,94.59320000000002,,True,0.0,0.0016217377386055,0.0003673727071145,0.000290412994218,0.0032254940131679,0.0051921356935054,0.0022027453873306,0.0017635275493375,0.0101233114488422,0.0101233114488422,0.0,0.001620424141973478,0.00036730524228418616,0.00029037083252706576,0.0032203032661739304,0.005178703033043746,0.002200322900472159,0.0017619743604217184,0.010072413944132384,0.010072413944132384,0.0
38a23176-0c9c-4fa7-b320-fca4335707bf,ok,17826047.0,v1.16+,0.0,0.0,0.0,True,0.0,0.0,0.3865124136209488,4.0,actuator_motors,none,6535553,4788023,3.6,,B,,0.0,4.0,True,10.006941893472254,20.007089590050548,2.000035218332332,135.96817,133.167959,,True,0.0,0.0010982682462781,0.002617388847284,0.0016019939095713,0.0105069450102746,0.004148951312527,0.0010419478057883,0.0027010319754481,0.0308425731956958,0.0027882383204996,0.0,0.0010976655909188443,0.002613969450389659,0.0016007120861277787,0.010452130683318678,0.004140368146598347,0.0010414053549442515,0.0026973907438302192,0.030376500064369073,0.0027843583944660126,0.0
aab97a6d-090f-460f-8656-20fa8ad56ea7,ok,17761535.0,v1.14-1.15,0.100864553314121,0.0,0.0,True,0.0,0.0,0.5512881576378397,4.0,actuator_motors,none,7029033,4799186,3.5,,B,,0.0,4.0,True,10.005819033226734,20.00623342750024,2.0000146905840963,168.251688,133.50548300000003,,True,0.0,0.0027017301879823,0.0011307395296171,0.0009172930498607,0.0064514549449086,0.0079365575686097,0.0034585550893098,0.0097006570547819,0.0696725115180015,0.0064828561618924,0.0,0.0026980870753077393,0.0011301007251774534,0.0009168725936924076,0.006430733384514218,0.007905228748409876,0.003452588041940265,0.009653907770505456,0.06735253762480137,0.0064619328298345,0.0
26632d8f-dcdf-45bb-851b-d52a90b92a9a,ok,17826559.0,v1.16+,0.0,0.0,0.0,True,0.0,0.0,0.115443158149719,4.0,actuator_motors,none,4697361,3273457,4.2,,A,,0.0,4.0,True,10.00901006795409,20.00922065932537,1.9999989483573608,106.976691,101.697165,,True,0.0,0.0403110459446906,0.0,0.0,0.0,0.0,0.0,0.0,2.4370051145553586,3.437237334251402,0.014521810831502,0.039519751076110055,0.0,0.0,0.0,0.0,0.0,0.0,1.2346004859536885,1.4900319607682277,0.014417379147260026
8d0e149d-8e5c-4d86-92e0-fbc401e2b49b,ok,17629952.0,v1.12-1.13,0.0,0.0,0.0,True,0.0,0.0,0.3653821431100366,4.0,actuator_motors,none,4269133,3019651,4.5,,C,,0.0,4.0,True,10.01008560614088,20.0101237886288,1.999967397179525,89.552467,81.93073099999997,,True,0.0,5.679362584487535e-05,0.0003007046092534,0.0,0.0019591139163821,0.0,9.539876518829254e-05,0.000305357039906,0.0027261091861873,0.0,0.0,5.679201314796736e-05,0.0003006594066839072,0.0,0.0019571973554792696,0.0,9.539421501547777e-05,0.0003053104279337111,0.002722400089944864,0.0,0.0
02f3cb80-b83d-42a4-b1b8-a5d4fe5ea9b4,ok,17695743.0,v1.14-1.15,0.0037393162393162,0.0,0.0,True,0.0,0.0,0.1253107875585555,4.0,actuator_motors,none,56077229,37927538,14.3,,C,,0.0,4.0,True,10.000952063135117,20.0009524726452,2.0000000042328043,945.08258,938.6999789999992,,True,0.0,0.0019794546533375,0.0002017800870817,0.0,0.0010815238347277,0.0,0.0013307366752997,0.000832737860037,0.0010976546327583,0.0075742060318589,0.0,0.001977498114469717,0.00020175973221802005,0.0,0.0010809394091673176,0.0,0.0013298520299832137,0.0008323913262330984,0.001097052650384116,0.007545665756042221,0.0
02aefb75-e297-485e-b182-c5b244ed19e6,ok,17761279.0,v1.14-1.15,0.0,0.0,0.0,True,0.0,0.0,0.2446483731013861,4.0,actuator_motors,none,3107204,1972030,4.6,,A,,0.0,4.0,True,10.010799998871663,20.0100705343328,2.000024107242448,93.933027,93.173352,,True,0.0,0.2321250073611736,0.0,0.0,0.0,0.0,0.0,0.0,0.0,0.0,0.0273431355133652,0.2087403269778384,0.0,0.0,0.0,0.0,0.0,0.0,0.0,0.0,0.026975989566545972
8145ad8f-a61b-4878-be75-7059e360fda9,ok,17761535.0,v1.14-1.15,0.0,0.0,0.0,True,0.0222021499620857,2.9408599999999865,0.3217941993715631,4.0,actuator_motors,none,75374182,25830127,14.6,,B,,0.0,4.0,True,9.599892492246378,213.5294025352694,1.9235681914958385,144.71624,141.09830499999998,,True,0.0,0.0018225335516035,0.0,0.0,0.0,0.0,0.0,0.0,0.0179850893095135,0.0161735313944518,0.0,0.001820874752502342,0.0,0.0,0.0,0.0,0.0,0.0,0.01782527097736211,0.016044133188453494,0.0
4d9f0dc8-288f-4fe8-8fd8-be37ff06278b,ok,17694975.0,v1.14-1.15,0.1984126984126984,0.0,0.0,True,0.3434343434343434,5.198910999999999,0.248238867521286,4.0,actuator_motors,none,2040631,1421195,2.9,,C,,0.0,4.0,True,9.967702093485372,19.93703562225536,1.9999216159753737,62.292422,59.62807299999999,,True,0.0,0.0040824683848768,0.0,0.0,0.0,0.0,0.0,0.0,0.0470025949180126,,0.0,0.004074157721821202,0.0,0.0,0.0,0.0,0.0,0.0,0.04593141031705018,,0.0
7dbd39d4-b770-4a79-a4dc-da99044cf8d2,ok,17956992.0,v1.16+,0.0,0.0,0.0,True,0.0,0.0,0.11624007076025,4.0,actuator_motors,none,8631984,6067326,9.9,,A,,0.0,4.0,True,10.005259000814377,20.00518758176045,2.000000927224149,185.889678,181.213724,,True,0.0,0.0013740650960244,0.0007643768243724,0.0004775305395014,0.0025261867791414,0.0028979185270145,0.003066309611313,0.003611060057301,0.0011197620362509,0.0130538099445402,0.0,0.0013731219324602415,0.000764084837190264,0.0004774165580782851,0.002523001332880168,0.0028937276557033957,0.0030616180720248447,0.003604555833325078,0.0011191355703601866,0.012969343248199863,0.0
33722454-bd76-4e48-9d83-afae19163524,ok,17891328.0,v1.16+,0.0,0.0,0.0,True,0.0,0.0,0.0890822708606719,4.0,actuator_motors,none,19399551,10801032,11.8,,B,,0.0,4.0,True,10.005249339049024,200.0000315328517,2.000002760237728,170.8267,169.63970599999996,,True,0.0,0.0003560072364052,0.0,0.0,0.0,0.0,0.0,0.0,3.00411925309163e-06,0.0110280402936041,0.0,0.0003559438808652546,0.0,0.0,0.0,0.0,0.0,0.0,3.0041147407344236e-06,0.010967674860055062,0.0
a3bb9055-b0f7-41ea-a427-848ef086928a,ok,17761280.0,v1.14-1.15,0.0165837479270315,0.0,0.0,True,0.103374530838007,3.3552180000000007,0.3738584816455841,4.0,actuator_motors,none,94189217,46162732,21.8,,A,,0.0,4.0,True,10.003350316175906,199.67735988847647,2.000005353549684,297.69441,292.98293499999994,,True,0.0,0.1773573637008666,0.029144824296236,0.0085031452588736,0.0316545195877552,0.0146549611352383,0.030957150645554,0.0221057277172802,0.0642613254487514,0.0151255665346979,0.0,0.16327240470975612,0.02872818970488324,0.008467197156768948,0.03116384317078582,0.0145486149328918,0.03048764320659695,0.02186493820890718,0.06228096738784957,0.015012315713815371,0.0
dcc153ee-9eb5-46cc-b18b-7ac11fa34c42,ok,17761535.0,v1.14-1.15,0.0,1.0,0.0,True,0.0,0.0,0.0405300855636596,4.0,actuator_motors,none,2783142,1903980,4.7,,A,,0.0,4.0,True,10.014516483879866,20.01348335333945,1.9999379299839573,69.695784,67.65413499999998,,True,0.0,0.0444686843082303,0.0,0.0,0.0,0.0,0.0,0.0,0.0,0.0,0.0,0.04350832005064904,0.0,0.0,0.0,0.0,0.0,0.0,0.0,0.0,0.0
62463aae-b801-4f32-8015-5a8b9a053b81,ok,17760256.0,v1.14-1.15,0.0,0.0,0.0,True,0.1,1.0992449999999965,0.6478346779942512,4.0,actuator_motors,none,2868802,1985303,2.3,,B,,0.0,4.0,True,10.012038087033083,20.01245216374723,2.000075067752543,77.494377,75.018471,,True,0.0,0.0,0.0010561305563896,0.0004404847481055,0.0360253915190696,0.0096804399974643,0.0021189574617892,0.0091597486287355,0.0225858103483915,0.0086515919305383,0.0,0.0,0.001055573242876235,0.00044038776317805226,0.035391652725237185,0.009633884747265526,0.0021167156377546975,0.009118052554893022,0.02233452751467362,0.00861438137540705,0.0
5310be39-1ed8-493e-a69d-f58bacd00a34,ok,17694975.0,v1.14-1.15,0.0,0.0,0.0,True,0.0,0.0,0.1545461058616638,4.0,actuator_motors,none,4774056,3099111,3.1,,A,,0.0,4.0,True,10.006943263353422,20.006857857011635,2.000059673013258,146.223715,141.19296099999997,,True,0.0,0.0004961033002473,0.0,0.0,0.0,0.0,0.0,0.0,0.0002268857293529,,7.462853682227422e-05,0.0004959802816899685,0.0,0.0,0.0,0.0,0.0,0.0,0.00022685999467828802,,7.46257522515582e-05
a22280e2-d9d8-43f8-a2d2-cb4ad17540bb,ok,17825984.0,v1.16+,0.0,0.1,0.0,True,0.0010024727661565,0.0285590000000013,0.0768343955278396,4.0,actuator_motors,none,11608489,6505507,8.3,,A,,0.0,4.0,True,9.998884169048669,156.98673615115158,2.0001045449994264,107.667263,104.76348700000004,,True,0.0,0.0022031082771718,0.0,0.0,0.0,0.0,0.0,0.0,0.0001795743519323,10.410975217819214,0.0,0.0022006849926507824,0.0,0.0,0.0,0.0,0.0,0.0,0.00017955823038834573,2.434575630670254,0.0
43086df2-8d17-4bd6-94af-ce0e0f55a03e,ok,17760511.0,v1.14-1.15,0.0,0.0664556962025316,0.0,False,0.0,0.0,0.1534830659627914,4.0,actuator_motors,none,21000620,9565919,13.5,,C,,0.0,4.0,True,10.00030817276206,19.99337565547594,1.999959881992862,151.703928,119.14716099999998,,True,0.0,0.0021091803908348,0.004494209610857,9252263165951.992,0.0007927239552373,0.0003702760179294,0.5330218642950056,0.0019212601939216,0.0,0.0,10.250049018859848,0.0021069591925977574,0.0044841408071156,29.855889304116406,0.0007924099155562561,0.00037020748268212355,0.42724086221132623,0.0019194169340987675,0.0,0.0,2.4203724858729228
eb90344a-8342-415c-bcc7-ec42e2503d6d,ok,17825984.0,v1.16+,0.0,0.0,0.0,True,0.0,0.0,0.1790660142898559,4.0,actuator_motors,none,43305325,16668257,15.1,,B,,0.0,4.0,True,9.999999072847768,199.8278900866631,1.999998160001693,75.096756,70.62000299999998,,True,0.0,0.0031074963044375,0.0,0.0,0.0,0.0,0.0,0.0,2.5654616355896,6.662947416305542,0.0,0.0031026780170892616,0.0,0.0,0.0,0.0,0.0,0.0,1.2712935365319933,2.0363966899401302,0.0
bee48525-257b-4ff9-8861-1e67c9450529,ok,17760767.0,v1.14-1.15,0.0,0.0,0.0,True,0.0,0.0,0.2553261846303937,4.0,actuator_motors,none,61481291,30998146,17.9,,A,,0.0,4.0,True,9.919648117122971,198.0464937826098,1.983871574664408,435.18376,432.6129269999997,,True,0.0,0.0015341968508437,0.0029312409576959,0.0029214420472271,0.0151355240494012,0.0186237320303916,0.0106491200625896,0.0834970921277999,0.0365436283871531,0.0325628507882356,0.0,0.0015330211731821636,0.0029269532477503527,0.0029171829285719792,0.01502212481152163,0.018452433871993208,0.010592817545660877,0.08019385821384092,0.03589174403597915,0.032043916434525824,0.0
71a8f84f-924c-4fa5-9a21-6ca2a56405af,ok,17761280.0,v1.14-1.15,0.0,0.0,0.0,True,0.0,0.0,0.18392835855484,4.0,actuator_motors,none,21867064,12575416,8.0,,B,,0.0,4.0,True,10.002163773214756,20.00223234035836,1.9999904688322296,425.058623,419.8615709999998,,True,0.0,0.0065703453728929,0.0,0.0,0.0,0.0,0.0,0.0,7.579507000627923e-05,0.0,0.0,0.006548854736308588,0.0,0.0,0.0,0.0,0.0,0.0,7.579219770509719e-05,0.0,0.0
1e08051b-ce86-4d5c-9963-12525a67a49b,ok,17760256.0,v1.14-1.15,0.0,0.0,0.0,True,0.0024570024570024,0.1010920000000012,0.3412130326032638,4.0,actuator_motors,none,14236327,8856733,6.4,,B,,0.0,4.0,True,10.003189496514862,20.00298795803576,1.9999986979664188,320.090368,162.83325099999993,,True,0.0,0.0039707338204607,0.0326660254970172,0.021300125028938,0.0050349361961707,0.0047419972950592,0.4514000713825226,0.0168583190068602,0.0,0.0005631957537843,0.0016397446859627,0.0039628712634657125,0.03214383243904442,0.02107644802327169,0.005022303291090849,0.004730789443653927,0.37252865704373833,0.016717794683890213,0.0,0.0005630372185772038,0.001638401772468216
ed7d5563-6c4b-4926-8379-c91ebad1b236,ok,17826047.0,v1.16+,0.2736486486486486,0.0,0.0,True,0.0235849056603773,9.799691,0.21594690233469,4.0,actuator_motors,none,15592003,9434067,6.1,,C,,0.0,4.0,True,10.00229069544855,20.00219719899865,1.999982574594965,426.855795,423.9931589999997,,True,0.0,0.0007578442018711,0.0,0.0,0.0,0.0,0.0,0.0,0.0157435026019811,0.006589010450989,0.0,0.0007575571829552052,0.0,0.0,0.0,0.0,0.0,0.0,0.015620859214471134,0.006567397806972753,0.0
8c5caa7e-149d-4e32-a0c3-de9164055232,ok,17761535.0,v1.14-1.15,0.0,0.194331983805668,0.0,True,0.0,0.0,0.1189090892672538,4.0,actuator_motors,none,13399731,8434582,4.7,,B,,0.0,4.0,True,10.00844166407756,221.9862758385528,2.0000765816556667,117.918805,105.69521599999996,,True,0.0,0.0020564488950185,0.0016215591749642,0.0009780584950931,0.0021563610644079,0.001934678555699,0.0014497350202873,0.0015143659256864,0.0111864253412932,0.0058885995531454,0.0,0.002054337298421019,0.001620245867430815,0.0009775805075243338,0.0021540394547745526,0.0019328094754667599,0.0014486851690210518,0.0015132204299286307,0.011124320013874827,0.005871329515189972,0.0
c0b076dc-d9fb-4e24-ad85-68dabce35608,ok,17694975.0,v1.14-1.15,0.0,0.0,0.0,True,0.0,0.0,0.0587102949619293,4.0,actuator_motors,none,6710898,3979291,4.8,,C,,0.0,4.0,True,10.004931246567688,20.004963600046064,1.9999973660968349,203.982678,202.456585,,True,0.0,0.0064170516096055,0.0,0.0,0.0,0.0,0.0,0.0,0.0181441488675773,0.2792363226413726,0.0,0.0063965499938014895,0.0,0.0,0.0,0.0,0.0,0.0,0.017981508170370305,0.24626327694481123,0.0
73f78b34-4350-46a4-9da6-00ba259a20a0,ok,17695743.0,v1.14-1.15,0.021021021021021,0.0,0.0,True,0.0,0.0,0.2495896458625793,4.0,actuator_motors,none,18362148,10523044,8.1,,B,,0.0,4.0,True,10.006241114609818,139.58630999114308,1.99993705334072,165.849061,163.2892569999999,,True,0.0,0.006934521254152,0.0,0.0,0.0,0.0,0.0,0.0,0.0001208641799166,0.0,0.0004542481998214,0.006910588041518045,0.0,0.0,0.0,0.0,0.0,0.0,0.00012085687643008722,0.0,0.0004541450603406464
a7e79be8-6910-40a2-a387-2214f0cebef7,ok,17891392.0,v1.16+,0.0,0.1146953405017921,0.0,True,0.0,0.0,0.2180423319339751,4.0,actuator_motors,none,55105840,31951971,30.7,,B,,0.0,4.0,True,9.99296372903481,199.29202918858948,1.999990711101406,421.153829,416.8739569999997,,True,0.0,0.00180868289317,0.0001147019393101,6.072687774576477e-05,0.0008080879139015,0.0008008093485841,0.0006744841986801,0.0011093485285528,0.0065402030711993,0.001937241514679,0.0,0.001807049195862935,0.00011469536154564267,6.0725033943569586e-05,0.0008077615866521071,0.000800488871860135,0.0006742568364420458,0.0011087336561704003,0.006518908738838008,0.001935367482247863,0.0
83c6a220-df90-4873-a92b-eda2d7388fd1,ok,17761280.0,v1.14-1.15,0.2389078498293515,0.0716723549488054,0.0,True,0.0357142857142857,1.0999959999999973,0.287957140803337,4.0,actuator_motors,none,4404965,3311111,5.5,,B,,0.0,4.0,True,10.008996675329907,20.009012868569297,2.0000046834280525,99.638823,95.24017300000004,,True,0.0,0.0081832030788063,0.003033420164138,0.0047648999374359,0.0102112497668713,0.0109760355204343,0.0058897578623145,0.0285183973610401,0.0460760582238435,0.0056139170657843,0.00188156706281,0.008149902220930033,0.0030288286282202457,0.004753583734541143,0.010159467167665536,0.010916236018953487,0.005872481042807149,0.02811931751631969,0.045046076406355676,0.005598217762359372,0.0018797991328092735
0c067361-71b3-4a1b-96a3-876b7ab34e2e,ok,17826047.0,v1.16+,0.0303030303030303,0.0158730158730158,0.0,True,0.0232693426410703,1.8999979999999963,0.3426521986722946,4.0,actuator_motors,none,16542986,10834259,5.9,,B,,0.0,4.0,True,10.002880484652668,20.002588438405592,2.000002008635111,347.610619,343.86017899999985,,True,0.0,0.0107843682635575,0.0017510700854472,0.0021142932237125,0.0172671130858361,0.0143852271139621,0.0137283378280699,0.0121435800101608,0.1133410893380642,0.0425740899518132,0.0,0.010726631694828561,0.0017495387496154215,0.0021120612512703766,0.017119730649125958,0.014282741418481154,0.01363495786215797,0.012070438282011988,0.10736548476754876,0.041692741663644485,0.0
3745b1e8-dd55-44f2-9423-31f14a88038c,ok,17694975.0,v1.14-1.15,0.0387836051123843,0.0,0.0,True,0.0,0.0,0.3651442974805832,4.0,actuator_motors,none,47146128,29102633,10.1,,C,,0.0,4.0,True,10.00084542904898,20.000817169249828,2.000006726181851,1143.475693,1139.129985999999,,True,0.0,0.0345840334892272,0.0095627463422715,0.0,0.0158951783552765,0.0,0.0444745004177093,0.0090483600273728,0.1214942432940005,0.162149679660797,0.0,0.03399944592346941,0.009517312700746038,0.0,0.015770172923644785,0.0,0.04351388852136815,0.009007668892278593,0.11466194192348998,0.150271462234667,0.0
18471c8a-2bb0-4180-ad36-9492ce49bb24,ok,17695743.0,v1.14-1.15,0.2356006582556226,0.0030170049369171,0.0,True,0.0,0.0,0.0964879095554351,4.0,actuator_motors,none,193623087,99566378,40.9,,C,,0.0,4.0,True,10.00057334738609,201.67153815398672,2.0000004909042746,1841.704903,1831.096473999996,,True,0.0,0.0004471177817322,0.0004895120946457,0.0,0.0006641283398494,0.0,0.0007489551469916,0.0007883276353823,0.0005396380787715,,0.0,0.0004470178543619226,0.0004893923226852526,0.0,0.0006639079042164721,0.0,0.0007486748200449714,0.0007880170683602723,0.0005394925265048129,,0.0
bc234ffa-1ede-4cdc-acec-3bc2c09f600f,ok,17695488.0,v1.14-1.15,0.008,0.0,0.0,True,0.00023430864306,0.011994,0.6537594735622405,4.0,actuator_motors,none,13780093,8039319,8.2,,B,,0.0,4.0,True,10.007251804011942,174.0430576438684,2.0001288470099188,124.668513,120.12843299999996,,True,0.0,0.0005881760152988,0.0016193805728107,0.0,0.0620323553681373,0.0,0.0022983164526522,0.0050161353312432,0.0654638886451684,,0.0,0.0005880031075831056,0.001618070789924886,0.0,0.06018438880399449,0.0,0.00229567936319839,0.005003596438121425,0.06341028051826282,,0.0
0a3bfbdb-e439-42ba-bc6d-996dda072e4e,ok,17761535.0,v1.14-1.15,0.0,0.0,0.0,False,0.0140871525169045,0.8012469999999894,0.4679348573088644,4.0,actuator_motors,none,18471036,10876649,9.6,,B,,0.0,4.0,True,9.945938798393604,19.88441498665949,1.985075152762447,536.361652,534.8397829999994,,True,0.0,0.0267146855592727,0.0,0.0,0.0,0.0,0.0,0.0,0.0,0.0,0.0,0.026364078872256193,0.0,0.0,0.0,0.0,0.0,0.0,0.0,0.0,0.0
ade09da2-9df0-48d6-bb15-a39c464d44d8,ok,17761280.0,v1.14-1.15,0.0,0.0,0.0,True,0.0,0.0,0.1692034296691417,4.0,actuator_motors,none,4028640,3103121,8.3,,A,,0.0,4.0,True,10.012061817102504,20.012060102661867,2.0000008727276533,82.466334,78.31973199999999,,True,0.0,2.585612416267395,0.4813875406980514,0.2288718372583389,0.0766254756599664,0.0585176022723317,2.3429527282714844,0.3018229007720947,0.4227040931582451,0.0747394040226936,0.0052428973140195,1.276929286872953,0.39297917607029104,0.206096543012972,0.07383158993364332,0.056869440904048996,1.206854466826911,0.2637655136223246,0.3525593517062326,0.07207821732978335,0.0052292011786604685
4dbf2980-c051-423b-9164-5f071998d66f,ok,17891583.0,v1.16+,0.0,0.0,0.0,True,0.0,0.0,0.2325532495975494,4.0,actuator_motors,none,7388414,5306497,9.0,,C,,0.0,4.0,True,10.006356929976612,20.006103649613944,2.000052770121948,153.665166,148.956883,,True,0.0,0.0053134981309995,0.0008579746034229,0.001943786611082,0.0123113244306296,0.0182177857495843,0.0047149424673989,0.0066604782128706,0.0,0.0190808361396193,0.0,0.0052994313071651625,0.0008576067536016737,0.001941899902397721,0.012236156392585584,0.018053830168525256,0.0047038619418731395,0.006638395229114458,0.0,0.018901079984913784,0.0
fa0570de-a5e1-4189-a224-cbf07879d500,ok,17760767.0,v1.14-1.15,0.0,0.0030078203328654,0.0,True,0.0,0.0,0.0823583185672759,4.0,actuator_motors,none,102554408,59050475,19.4,,C,,0.0,4.0,True,9.90362279995636,19.8057096063862,1.9807276762489407,2542.827139,2538.479955999996,,True,0.0,0.0052328106947243,6.329593888949601e-05,4.808128578588362e-05,0.0010736542055383,0.0008267505094408,0.0005687281722202,0.0008567030308768,0.0007493205019272,0.0003415923274587,0.0,0.0052191671163188,6.329393578608116e-05,4.8080129917912475e-05,0.0010730782510755222,0.0008264089394874935,0.0005685665076458227,0.0008563362702902331,0.0007490399014842562,0.0003415339980824776,0.0
89588da8-22e9-494e-8a83-cb545c000758,ok,17694976.0,v1.14-1.15,0.0337941628264208,0.0,0.065203357004519,True,0.0561174551386623,2.498818999999997,0.6722263947129249,4.0,actuator_motors,none,13416460,7606424,3.4,,B,,0.0,4.0,True,10.003290972874812,20.00301767379211,1.99998455028116,309.061997,306.520873,,True,0.0,0.0295851532369852,3.04320092201233,0.0,3.4926823377609257,0.0,0.034918413311243,0.2855204075574875,5.096800184249879,5.558714151382445,0.0,0.029155957262813562,1.3970366856920147,0.0,1.5024499259996151,0.0,0.0343225958916587,0.2511636227883752,1.807764073590522,1.8807945702340656,0.0
4f00c68b-88f0-40fa-8936-aa2e1e89056a,ok,17694720.0,v1.14-1.15,0.0,0.0,0.0,True,0.0,0.0,0.1292450726032256,4.0,actuator_motors,none,8631166,5748301,5.2,,B,,0.0,4.0,True,10.004850743715853,20.004839666629493,2.000013419444879,201.803828,195.74843099999995,,True,0.0,0.0037078709574416,0.0015405964397359,0.0,0.0157055827323347,0.0,0.0205840264447033,0.1343861684203144,0.2613276496529578,0.3162194669246667,0.0,0.003701013749124957,0.0015394109384706664,0.0,0.015583526386467164,0.0,0.02037503838347752,0.12609168386200814,0.23216485642227705,0.2747635871786963,0.0
f1c7d144-03fb-4448-9242-488ccc340567,ok,17825920.0,v1.16+,0.0,0.0,0.0,True,0.0,0.0,0.1234493345022201,4.0,actuator_motors,none,28453430,17637423,8.4,,B,,0.0,4.0,True,10.001512564708603,20.001469368404333,1.9999988469867545,647.428679,641.2818999999995,,True,0.0,0.0012160129728727,0.0,0.0,0.0,0.0,0.0,0.0,6.128647000878114e-05,0.0393528036773204,0.0,0.0012152742279192526,0.0,0.0,0.0,0.0,0.0,0.0,6.128459206980585e-05,0.03859821528525786,0.0
2c2f1ae6-d8b4-4f53-ba23-4f2a618a5159,ok,17760768.0,v1.14-1.15,0.0,0.0588235294117647,0.0,True,0.0001248088863927,0.0150670000000019,0.2446632921695708,4.0,actuator_motors,none,11879363,7235121,7.3,,B,,0.0,4.0,True,10.008832412263024,164.51507241288155,1.9999566334189829,117.555812,112.16917000000008,,True,0.0,0.0,0.0,0.0,0.0,0.0,0.0,0.0,0.0003812803857726,0.0,0.0,0.0,0.0,0.0,0.0,0.0,0.0,0.0,0.0003812077168772088,0.0,0.0
b9c1f7d5-a1f9-4590-b1bc-9dc0f6a21d1a,ok,17761280.0,v1.14-1.15,0.0,0.0,0.0,True,0.0465116279069767,0.7974510000000024,0.4557541728019689,4.0,actuator_motors,none,2668075,2064910,8.2,,A,,0.0,4.0,True,10.015879927631476,20.01559087112932,2.0001080708799925,61.584901,60.211648999999966,,True,0.0,0.0041488205781206,0.0028902373975142,0.0030742731993086,0.0108770246617495,0.0138659602962434,0.0036193994921632,0.0318600201979279,0.0051926024490967,0.0007559125893749,0.0,0.004140237952353022,0.0028860686918415843,0.0030695572843251963,0.01081829531226828,0.013770707374288827,0.003612865227816949,0.03136301851643025,0.005179167377586802,0.0007556270313490554,0.0
476eaa6a-4f02-4c91-bdea-e1bdeaad44b5,ok,17761535.0,v1.14-1.15,0.0419463087248322,0.0335570469798657,0.0,True,0.0,0.0,0.2391927316784858,4.0,actuator_motors,none,66484422,40654594,25.7,,B,,0.0,4.0,True,10.00150851785624,220.87897574705525,2.0000044666766423,600.297687,596.1005169999995,,True,0.0,0.0027404888533055,9.026291081681848e-05,0.0001289979700231,0.0021289575379341,0.0025873098056763,0.0013195824576541,0.0052364440634846,0.0005018656956963,0.0002837334468495,0.0,0.002736740560269829,9.025883736540312e-05,0.00012898965050042496,0.0021266945191796374,0.0025839684817801577,0.0013187125738942998,0.005222781564788186,0.0005017398032270216,0.00028369320212740526,0.0
8a0f7cbf-318c-4402-bec1-cbd2c9fcd737,ok,17826240.0,v1.16+,0.0,0.0,0.0,True,0.0,0.0,0.3634502924978733,4.0,actuator_motors,none,15021921,9800298,5.3,,C,,0.0,4.0,True,10.003081909181487,20.00313478221952,2.000029207164655,326.774943,322.41678599999995,,True,0.0,0.0015783793875016,0.0005878666997887,0.0003393873324966,0.0120444936677813,0.0089995405171066,0.0119961298070848,0.0240772016346454,0.0124071052763611,0.0046295250998809,0.0,0.0015771350559356087,0.0005876939738502429,0.000339329753643191,0.011972535973676968,0.008959285986934717,0.011924746556661538,0.02379191599679876,0.012330767914264485,0.004618841808244317,0.0
73ec2e2c-28bd-48c1-85a4-ba0b9f645d4f,ok,17826047.0,v1.16+,0.0,0.0,0.0,True,0.0,0.0,0.1129674494266509,4.0,actuator_motors,none,112014410,40042677,30.0,,B,,0.0,4.0,True,9.983954550849042,19.96805524161042,1.9967910638119133,624.304863,616.0003569999998,,True,0.0,0.0019954527728259,0.0001114900507673,0.0001766750006936,0.0007704899122472,0.0004882154986262,0.0023410615976899,0.0007075805566273,0.0049712836742401,0.000555727520259,7.571738751721568e-05,0.001993464501503263,0.00011148383621349294,0.00017665939550366917,0.0007701932372750311,0.000488096360214886,0.002338325582276208,0.000707330339530786,0.004958967644342471,0.0005555731609057929,7.571452110052028e-05
ba428ac1-1831-4498-a311-83358df55601,ok,17695232.0,v1.14-1.15,0.0,0.1125,0.0,True,0.0,0.0,0.1230717122554778,4.0,actuator_motors,none,2700087,1850951,3.2,,A,,0.0,4.0,True,10.013410417582392,20.01252338662572,2.000044606257995,76.657931,71.30579599999999,,True,0.0,0.0074436833150685,0.0,0.0,0.0,0.0,0.0,0.0,0.0,,0.0002273967511428,0.007416115822353789,0.0,0.0,0.0,0.0,0.0,0.0,0.0,,0.0002273709004204241
300720a9-c568-4dd0-bd5c-dcb5590ea5fd,ok,17694720.0,v1.14-1.15,0.0,0.0,0.0,True,0.0,0.0,0.3149629548192024,4.0,actuator_motors,none,28764126,16983106,7.2,,C,,0.0,4.0,True,10.001654165891347,20.00141617480069,2.0000113265463586,632.86789,629.1816289999995,,True,0.0,28.18893384933472,0.0,0.0,0.0,0.0,0.0,0.0,0.0,,0.0,3.373789659681506,0.0,0.0,0.0,0.0,0.0,0.0,0.0,,0.0
aa9bec3b-947d-4f04-9f70-5dde104ae5a0,ok,17826047.0,v1.16+,0.086021505376344,0.086021505376344,0.0,True,0.0,0.0,0.1374947026371956,4.0,actuator_motors,none,12283081,7541134,4.8,,B,,0.0,4.0,True,10.010332888058896,200.39188424532807,2.0000716728980805,91.409703,82.99252200000004,,True,0.0,0.0195494674146175,0.0013131308369338,0.0027255242923274,0.5853783726692204,0.3917131721973419,0.0482368677854537,0.0168488023802638,0.306006063520909,0.0681508511304856,0.0003581718512577,0.01936083110549289,0.0013122694346431602,0.0027218167860644455,0.4608230997668903,0.3305354862241593,0.04710957923968128,0.01670843578801343,0.26697367366192165,0.06592897694053201,0.0003581077230323431
f422de47-378d-4a42-b193-cc49b5107513,ok,17761023.0,v1.14-1.15,0.0,0.0,0.0,True,0.0,0.0,0.1251483634114265,4.0,actuator_motors,none,4842665,3359973,3.7,,B,,0.0,4.0,True,10.008188738486703,20.008001193824672,1.9999484887216976,119.518263,111.950727,,True,0.0,0.0028663291363045,0.0,0.0,0.0,0.0,0.0,0.0,0.0055445954669266,0.0826235488057136,0.0,0.0028622290478790583,0.0,0.0,0.0,0.0,0.0,0.0,0.005529280780561895,0.07938730722777493,0.0
d16c9bb7-0e56-4ada-a730-beef81305d7b,ok,17760384.0,v1.14-1.15,0.0280898876404494,0.095505617977528,0.0,True,0.0,0.0,0.146042828261852,4.0,actuator_motors,none,15718993,10510992,4.7,,A,,0.0,4.0,True,9.8760151980836,197.25974451233785,1.9780404085043213,137.657534,131.94652299999993,,True,0.0,0.004930980107747,0.0052137319464236,0.0030871687922626,0.0153100481256842,0.0171643580310046,0.0021724624908529,0.0032647866057232,0.1161302682012319,0.0076932466588914,0.0,0.004918862642995128,0.0052001875036838795,0.0030824132715695485,0.015194031982149053,0.01701871465878398,0.0021701061063699595,0.00325946876120758,0.10986758492584375,0.007663804544034862,0.0
8ab93da8-5567-4605-885d-d092a424289e,ok,17761280.0,v1.14-1.15,0.0,0.0,0.0,True,0.0,0.0,0.1677338689565658,4.0,actuator_motors,none,27725939,14788818,11.1,,C,,0.0,4.0,True,10.001476602887315,20.00143052125577,1.9999860244137688,659.190599,58.245243,,True,0.0,0.0015584683744236,0.0027183541096746,0.0035100513603538,0.0002974950184579,0.0005129461176693,0.0043026991188526,0.0002153768436983,0.0400924041867256,0.1463959723711014,0.0,0.0015572552228618952,0.0027146660672335166,0.003503905507385226,0.0002974507755893675,0.0005128146057799042,0.004293468975879348,0.00021535365343560326,0.03930955938588172,0.1366230842415479,0.0
8660317c-ef2d-48af-853e-047444cd9ce7,ok,17826047.0,v1.16+,0.0,0.0,0.0,True,0.0,0.0,0.2001629576086997,4.0,actuator_motors,none,42380368,13580315,13.2,,B,,0.0,4.0,True,9.313385935837148,140.24513168013323,1.7794677297070405,63.071086,55.366882,,True,0.0,0.0106990938074886,6577023744.0,635359674368.0,0.3514720514416694,0.0074704356025904,9.544665384292603,0.0525937313213944,0.0861210014671087,0.0583809798583388,0.0095439958851784,0.010642263499174746,22.606848161567758,27.177457091815057,0.30119440686213594,0.0074426700931014105,2.355620081259657,0.051257338496469906,0.08261263470387446,0.0567403630017481,0.009498739678625422
7c078119-7ab3-4bd5-9bde-1d9a72351752,ok,17826047.0,v1.16+,0.0,0.0,0.0,True,0.0,0.0,0.2060993269085883,4.0,actuator_motors,none,3169745,2307451,3.3,,A,,0.0,4.0,True,10.015575373574038,20.01541171317278,2.000013798544812,64.771363,56.94378900000002,,True,0.0,0.0049246077425777,0.0,0.0,0.0,0.0,0.0,0.0,0.2609501957893371,0.2261424183845519,0.0,0.004912521525545851,0.0,0.0,0.0,0.0,0.0,0.0,0.2318655603973602,0.20387299584450183,0.0
5ded1715-1f2f-41fc-8a3b-737b54283616,ok,17761535.0,v1.14-1.15,0.0,0.0,0.0,True,0.0,0.0,0.1599999954575026,4.0,actuator_motors,none,8298809,4906693,5.6,,A,,0.0,4.0,True,10.000121675620983,247.46678256754453,1.9851508311585904,66.857375,64.019511,,True,0.0,0.0159325215965509,0.0,0.0,0.0,0.0,0.0,0.0,0.0,0.0,0.0,0.015806931199240194,0.0,0.0,0.0,0.0,0.0,0.0,0.0,0.0,0.0
91c9d184-8763-44d3-b748-954b4d2a5d9b,ok,17826047.0,v1.16+,0.024074074074074,0.0,0.0117994100294985,True,0.0019719167295297,0.3775420000000054,0.3358259201049804,4.0,actuator_motors,none,32657316,19553522,13.9,,B,,0.0,4.0,True,9.596536016248898,191.8832823441612,1.921989659582156,282.834785,275.9563559999999,,True,0.0,0.0155237978324294,161.7389678955078,71.33891830444334,32.23455543518064,13.163772583007784,533.5781311035156,0.8587942123413086,0.0316097531467676,0.3627079248428344,0.0,0.015404536359904943,5.092147493202854,4.281362273473855,3.5035901609991047,2.032537003329833,6.281477895841384,0.6199280045705725,0.031120449368463747,0.3094738413014804,0.0
1c126e44-21ec-4a49-961d-c07316327077,ok,17891392.0,v1.16+,0.0,0.0,0.0,True,0.0,0.0,0.3220930427312847,4.0,actuator_motors,none,3495110,2461551,3.0,,C,,0.0,4.0,True,10.010515685523467,20.01081202740573,1.9998181305293936,96.540587,91.172024,,True,0.0,0.000766120996559,0.0,0.0,0.0,0.0,0.0,0.0,2.6321576476097093,1.2342199862003318,0.0,0.0007658276756716154,0.0,0.0,0.0,0.0,0.0,0.0,1.2898268649759541,0.8038921676881077,0.0
4744d377-401c-4da7-a049-676553d70c5f,ok,17630207.0,v1.12-1.13,0.0,0.0,0.0,True,0.0,0.0,0.2097993940114972,4.0,actuator_motors,none,6894075,4505783,5.0,,A,,0.0,4.0,True,10.006202222413094,20.0061566528258,2.0000636007685464,159.811731,155.31772999999995,,True,0.0,0.0209894387051463,0.0342866936698556,0.0,0.0987963743507862,0.0,0.0,0.0480713805183768,0.0013319548103027,0.0698049187660218,0.0,0.020772195059631873,0.03371200426023204,0.0,0.09421537558918607,0.0,0.0,0.04695169476104646,0.0013310685453836145,0.06747631294144191,0.0
01f86696-9726-49d5-9a35-efe0c38cc3d4,ok,17761280.0,v1.14-1.15,0.0645412130637636,0.0,0.0,True,0.0,0.0,0.481274402141571,4.0,actuator_motors,none,22751624,13561484,8.9,,C,,0.0,4.0,True,10.001556824391454,20.001458785253543,1.9999860932300857,634.103722,624.7861690000003,,True,0.0,0.0272169349715113,0.0001203574989631,0.0001944880008522,0.001218963129213,0.0017719757044687,4.254271443642203e-05,0.0014451614872086,0.0,0.0,0.0011983795557171,0.02685314035534444,0.00012035025658043256,0.0001944690905128119,0.0012182207968470936,0.0017704076076664316,4.2541809520811175e-05,0.0014441182463266228,0.0,0.0,0.0011976620720919177
f868d5dd-9187-4816-bc8a-fd47ff321284,ok,17826303.0,v1.16+,0.0,0.0,0.0,True,0.0,0.0,0.0537761747837066,4.0,actuator_motors,none,27541824,15864965,9.1,,C,,0.0,4.0,True,9.984716425202713,19.96948645282417,1.9958415455543947,721.485539,711.3205260000004,,True,0.0,0.0005675648688338,0.000468510693463,0.0009566331398673,0.0014225046732462,0.0029200197197496,0.002708337130025,0.0036259023589082,0.0,0.5995781421661376,0.0,0.0005674038648109038,0.0004684009765957349,0.0009561758579959117,0.001421493871939672,0.0029157647432321993,0.002704676193563798,0.0036193446219787142,0.0,0.4697399333348607,0.0
965aa030-4ac0-4c51-976a-2e46419362ca,ok,17760256.0,v1.14-1.15,0.0,0.0,0.0,True,0.0,0.0,0.2908129319548607,4.0,actuator_motors,none,4616699,3105083,5.0,,B,,0.0,4.0,True,10.007669297732845,20.00750649948801,2.0001368221085083,126.191632,120.53803399999995,,True,0.0,9.383428514411204e-05,0.0,0.0,0.0,0.0,0.0,0.0,0.0,0.0,0.0006993397109908,9.382988298295807e-05,0.0,0.0,0.0,0.0,0.0,0.0,0.0,0.0,0.0006990952869254471
4a417e78-eb30-4cc1-8ff5-c08f784d1dc9,ok,17695488.0,v1.14-1.15,0.0,0.0,0.0,True,0.0740115239419829,0.0660260000000008,0.7365459933876991,4.0,actuator_motors,none,8699476,4878254,6.5,,B,,0.0,4.0,True,9.897479915793738,172.60583287751427,1.98696904145094,77.186045,71.69068799999998,,True,0.0,0.0035229283035732,0.0040831062477082,0.0,0.4369492664933204,0.0,0.0042817373992875,0.0069184439023956,4.008894729614256,0.5366850316524505,0.0,0.0035167373276393534,0.004074792990983723,0.0,0.3625223013193807,0.0,0.0042725968440587925,0.0068946212832343865,1.6112152779067328,0.4296275194528399,0.0
e8c8802e-fd53-44c8-82ee-05ebb85da95a,ok,17826047.0,v1.16+,0.0,0.0,0.0,False,0.019487421755049,1.4975970000000416,0.254264925420284,4.0,actuator_motors,none,73258355,37898154,14.4,,B,,0.0,4.0,True,10.00063028791731,20.000629022139456,2.0000002287869525,1591.129918,846.3436960000005,,True,0.0,0.015405592881143,0.0641776807606219,0.050868735462427,0.0883928216993806,0.0934525057673453,0.0261571444571017,0.0631873380392782,2.6458683967590315,5.613840150833113,0.0,0.015288131573051825,0.06220237017371419,0.04961718919701095,0.08470213262716464,0.08934012696541394,0.02582089725933015,0.06127131905260215,1.2935945803661393,1.8891644459629031,0.0
6ed587d9-7432-416d-b244-f38bd29c9dbf,ok,16842880.0,v1.12-1.13,0.0,0.0,0.0,True,0.0,0.0,0.2027703151106834,4.0,actuator_motors,none,14189204,8555484,6.9,,C,,0.0,4.0,True,10.007229947499376,160.31191114482135,2.000076877028999,135.44855,130.39630700000004,,True,0.0,0.0101943821646273,0.0,0.0,0.0,0.0,0.0,0.0,2.662878250703216e-05,,0.0019418022711761,0.010142769924322113,0.0,0.0,0.0,0.0,0.0,0.0,2.6628427967297217e-05,,0.0019399194101810894
5dbdf728-10ab-44a0-9729-e87155d8f36c,ok,17694720.0,v1.14-1.15,0.0,0.0,0.0,True,0.018588531821046,0.6667769999999997,0.3423534281551837,4.0,actuator_motors,none,18455815,6524148,9.2,,C,,0.0,4.0,True,10.013320070139224,258.4053486819881,97.63706263022978,72.158296,68.27928899999999,,True,0.0,0.0,0.0,0.0,0.0,0.0,0.0,0.0,0.0006814457010477,0.0,0.1024456247687339,0.0,0.0,0.0,0.0,0.0,0.0,0.0,0.0006812136223526627,0.0,0.09753100718493957
6dafa597-d105-4074-8b78-7e1735971a26,ok,17694720.0,v1.14-1.15,0.0,0.0,0.0,True,0.0,0.0,0.4580259203910827,4.0,actuator_motors,none,5372466,3620717,5.1,,C,,0.0,4.0,True,10.007954086621709,20.00763106789923,2.000095337877772,120.284561,112.436616,,True,0.0,0.0031831422820687,0.0187950506806373,0.0,0.007526381406933,0.0,0.4813155233860016,0.0054314020089805,0.013078668154776,0.1085229974240062,0.0002563918533269,0.0031780868100250064,0.01862060612219845,0.0,0.0074981995151677,0.0,0.3929305601202574,0.00541670513748339,0.012993880844340036,0.10302849629475433,0.00025635899055271883
5880a7c6-5791-4c41-b922-6fb9db39fa6e,ok,17891392.0,v1.16+,0.0,0.3118811881188119,0.0,False,0.0159404888416578,0.9959999999999988,0.0761400461196899,4.0,actuator_motors,none,28509932,11848087,7.2,,B,,0.0,4.0,True,125.0,250.0,100.0061284523615,97.788,93.368,,True,0.0,0.0002853731275536,0.0001387038064422,5.93132366702774e-05,0.0011181036243215,0.0009571212576702,7.560760423075408e-05,0.0003868476487696,0.0696917209774254,0.0657436322420833,0.0,0.0002853324163876995,0.00013869418795864246,5.931147770980799e-05,0.0011174790120083114,0.000956663509176516,7.560474611990768e-05,0.0003867728425097161,0.06737049572574803,0.06367280173759958,0.0
c3464a5b-81bd-4004-a282-b60b1ff7a5d3,ok,17826047.0,v1.16+,0.0,0.0,0.0,True,0.0,0.0,0.1356249898672104,4.0,actuator_motors,none,5954590,4218240,3.2,,B,,0.0,4.0,True,10.007001675420105,20.00624722298671,2.0000927093332823,139.264222,131.09822100000005,,True,0.0,0.0013144764932803,0.0011328445514664,0.001594544306863,0.0066165954340249,0.0060440345201641,0.0295501071959733,0.0200672008097171,0.137251316010951,0.0215862618759273,0.0,0.0013136133253810833,0.0011322033672731663,0.0015932743708899448,0.006594801846537306,0.006025842608417406,0.029121917691262624,0.019868508272761987,0.1286142246543379,0.02135657799104144,0.0
ccf9ceac-0bb0-44b2-a12e-470d9c906270,ok,17695743.0,v1.14-1.15,0.9828815977175464,0.0,0.0,True,0.0006967010684482,0.0297350000000164,0.3555410206317901,4.0,actuator_motors,none,153733874,52045575,29.0,,C,,0.0,4.0,True,9.456874741071218,203.78398094352613,1.9128795992900904,368.041899,362.5199529999997,,True,0.0,10.469719171524051,0.0020626172656193,0.0,0.1075794294476511,0.0,0.003924565995112,0.0826256673783063,0.062001222372055,,0.0,2.4397104471034528,0.002060492991168992,0.0,0.10217693995698526,0.0,0.003916884975872852,0.07938926411345522,0.06015507382855267,,0.0
cb8236e3-709f-4f94-9f9c-fdee876e7d06,ok,17826047.0,v1.16+,0.0,0.0145985401459854,0.0,False,0.0082932967284374,0.3075079999999985,0.6024194564670319,4.0,actuator_motors,none,8607322,5501814,3.3,,A,,0.0,4.0,True,10.015258406243118,162.47216327282317,1.9997326203660983,65.300542,60.761979000000025,,True,0.0,0.0284284316003322,0.0486866272985935,0.0453559905290603,0.1080259680747985,0.2848068028688431,0.4752472043037414,0.0088344956748187,0.645677000284195,0.3598242253065109,0.1103628017008304,0.028031842468838084,0.04753855008300591,0.0443574881984199,0.1025800249410648,0.2506083590818055,0.3888255718872491,0.008795699844867822,0.498151849878467,0.30735544529681025,0.10468681030007398
97e71d22-83db-4e41-83a4-7f84b2b68ab1,ok,17694976.0,v1.14-1.15,0.6208333333333333,0.0,0.0,True,0.0,0.0,0.3949206858873366,4.0,actuator_motors,none,5378899,3475687,6.0,,A,,0.0,4.0,True,10.009424562035411,20.00919575647133,1.999989855123924,103.435995,101.01272899999998,,True,0.0,0.0025154976639896,0.0,0.0,0.0,0.0,0.0,0.0,0.0002049778013315,,0.0,0.0025123390955463145,0.0,0.0,0.0,0.0,0.0,0.0,0.0002049567962523149,,0.0
598147a6-65bf-4b5e-a2f9-93a2067f6cb6,ok,17695744.0,v1.14-1.15,0.9777777777777776,0.0148148148148148,0.0,True,0.0,0.0,0.2768971562385559,4.0,actuator_motors,none,2856944,2122400,3.0,,C,,0.0,4.0,True,10.014907032868017,20.01492473502881,2.000019338532852,67.310808,58.74087299999997,,True,0.0,0.0004674580617574,0.0,0.0,0.0,0.0,0.0,0.0,0.0022852349211461,,0.002220635372214,0.00046734883727489994,0.0,0.0,0.0,0.0,0.0,0.0,0.0022826277430777714,,0.002218173405565644
d2e24967-515e-465d-9de0-8ac0075a5409,ok,17825984.0,v1.16+,0.0,0.2432432432432432,0.0,True,0.0974729241877256,1.2008650000000003,0.5611715316772461,4.0,actuator_motors,none,3977810,3012205,6.7,,C,,0.0,4.0,True,10.010949277141927,20.011698675685,1.9999763431369697,87.766891,83.15640599999998,,True,0.0,0.0020359442569315,0.0008074967336142,0.0020292651897761,0.0223927265033125,0.0463793370872736,0.0054627968929708,0.0802403483539819,0.0390384383499622,0.0064721954986453,0.0,0.002033874531177572,0.0008071708835302546,0.002027209012387124,0.022145690475875134,0.04533595485846834,0.005447929936888545,0.07718356114891928,0.03829570695727925,0.0064513407768838835,0.0
d728686b-b174-476a-8fc2-c00d2f90d07f,ok,17761023.0,v1.14-1.15,0.0,0.0,0.0,True,0.0174693763919821,0.6659840000000017,0.5918435484170913,4.0,actuator_motors,none,37229029,11729393,11.5,,A,,0.0,4.0,True,9.975620008134676,209.44812498358044,1.987400184712495,80.113065,75.421014,,True,0.0,0.0109392989426851,0.0351538402959701,0.0106778116896748,0.7778189301490743,0.1427240669727324,0.0102445472031831,0.0069311818573623,0.0,1.1112782478332517,0.0,0.010879897625226436,0.03455005363892514,0.010621206448649721,0.5753872928445005,0.13341494444583749,0.010192427489158093,0.006907271636869469,0.0,0.747293568722717,0.0
7e3e2cb0-56e3-405e-9a05-644c082b3583,ok,17761280.0,v1.14-1.15,0.0,0.0,0.0,True,0.0,0.0,0.1047019362449645,4.0,actuator_motors,none,10573133,7833994,4.0,,B,,0.0,4.0,True,10.005943099481687,20.006039029678284,2.000028199843593,180.743638,173.8456940000001,,True,0.0,0.0048365530790761,0.0037043906282633,0.0039110023062676,0.0044596852501854,0.0049788564676418,0.0026325681828893,0.003997485502623,0.0015036800992675,0.0007690766447922,0.0,0.004824894532573269,0.003697546270874571,0.0039033742192563807,0.004449770321298765,0.004966502949075155,0.0026291090448849717,0.003989516786942076,0.0015025507043710325,0.0007687810568928752,0.0
9a1edcca-2219-41c4-8a6a-faef239b717e,ok,17761535.0,v1.14-1.15,0.0,0.0539419087136929,0.0,True,0.0,0.0,0.4575934559106827,4.0,actuator_motors,none,5072348,3668816,3.9,,C,,0.0,4.0,True,10.00855219702512,20.008523272858007,1.9999941802744448,117.051317,109.61997000000004,,True,0.0,0.1283208705484867,0.0468343431130051,0.1612625785171985,0.0174889602698385,0.0583839001134037,0.3964091196656226,0.1766066148877143,0.0440199172124266,0.0344061393290758,0.0,0.12073057233098113,0.04577069884777229,0.14950784296427463,0.01733778841810029,0.056743122169847046,0.33390402706788114,0.16263454546854814,0.043078567068148915,0.03382748361748372,0.0
166ad009-5a09-49cf-ba1d-fbad63885b23,ok,17760511.0,v1.14-1.15,0.0,0.0,0.0,True,0.0,0.0,0.3282306656241417,4.0,actuator_motors,none,16670632,9277596,14.6,,B,,0.0,4.0,True,10.007661636235689,221.38373146347072,1.9999881049396604,133.817762,127.14821399999992,,True,0.0,0.001389993232442,0.0,0.0,0.0,0.0,0.0,0.0,0.8795237332582458,0.1149119637906547,0.0003056178917177,0.0013890280861099428,0.0,0.0,0.0,0.0,0.0,0.0,0.6310184113742648,0.10877544555330866,0.00030557120008278815
5c92f1fc-478c-4bd7-804c-96e3381c0765,ok,17760320.0,v1.14-1.15,0.0519067796610169,0.0,0.0,True,0.0,0.0,0.217498418688774,4.0,actuator_motors,none,59895902,32364596,21.5,,B,,0.0,4.0,True,9.611207214973744,181.1689791615682,1.91894934658022,493.814636,482.9461959999996,,True,0.0,0.0062204083893448,0.0,0.0,0.0,0.0,0.0,0.0,0.0030602620216086,0.0,0.0,0.006201141506386644,0.0,0.0,0.0,0.0,0.0,0.0,0.0030555889512406107,0.0,0.0
2660ee50-4bcd-4ea1-8a18-c08e1574f1a9,ok,17826047.0,v1.16+,0.0,0.0,0.0023724792408066,False,0.0058005289746567,0.5316290000000095,0.3432373881340026,4.0,actuator_motors,none,64487424,37797066,23.1,,C,,0.0,4.0,True,9.896075649387498,197.0294309075969,1.9764693170942431,510.48733,504.75378699999953,,True,0.0,0.0053714049980044,0.0165666848421096,0.0132104462012648,0.0080031150951981,0.0119389919564127,0.0009286303538829,0.0025935913901775,0.0549145095050334,0.0027932283934205,0.0025713828857988,0.005357030453536427,0.016430954336989635,0.013123949200075603,0.00797126001662202,0.01186828442003189,0.0009281994434661848,0.0025902338361903,0.05345973000010856,0.002789334580179462,0.0025680825372552817
8e7bc865-5ac0-47ee-a613-4663a0ffc70f,ok,17891583.0,v1.16+,0.0,0.0407239819004524,0.0,True,0.0,0.0,0.1026323363184928,4.0,actuator_motors,none,4476436,3148630,4.4,,B,,0.0,4.0,True,10.009567236939098,20.00941290589784,1.9999483896813608,103.306998,98.59878299999998,,True,0.0,0.0199724135920405,0.0,0.0,0.0,0.0,0.0,0.0,0.0036507189041003,0.0,0.0,0.01977558143244413,0.0,0.0,0.0,0.0,0.0,0.0,0.0036440712041851567,0.0,0.0
9299be1c-fa4e-449c-84d3-a4604cf34090,ok,17825792.0,v1.16+,0.0,0.0,0.0,True,0.0,0.0,0.1441040858626365,4.0,actuator_motors,none,23733219,14342205,7.8,,B,,0.0,4.0,True,9.987841005105883,131.35809281811785,1.99588987571946,247.415751,242.6634099999999,,True,0.0,0.0589540997520089,0.0115353796631097,0.0006910259195137,0.0510920764878392,0.0106848664581775,0.0013266978261526,0.0184200544841587,0.8517335295677184,1.3337222933769224,0.0,0.05728172266955524,0.011469354436715413,0.000690787271038173,0.04982969651397227,0.010628186659157211,0.001325818540203559,0.018252460215795917,0.6161222433490742,0.8474645436563137,0.0
533abfc2-0454-43e7-9afc-5ec6e261447d,ok,17826047.0,v1.16+,0.0,0.0,0.0,True,0.03515625,2.698704999999997,0.1152401261031627,4.0,actuator_motors,none,3303487,2301578,3.1,,C,,0.0,4.0,True,10.008728042701907,20.01216135365356,2.0001530308166,78.546386,76.76695199999999,,True,0.0,0.134854993224144,0.0,0.0,0.0,0.0,0.0,0.0,0.8133336484432232,1.08871304392815,0.0,0.12650488349757283,0.0,0.0,0.0,0.0,0.0,0.0,0.5951669459735628,0.7365481078580306,0.0
e1f179a1-1356-4c2e-bc50-dbcd7abcd492,ok,17761280.0,v1.14-1.15,0.0,0.0,0.0,True,0.0,0.0,0.1675701409578323,4.0,actuator_motors,none,5204946,3476262,3.0,,A,,0.0,4.0,True,10.006839523195325,20.00683073262756,1.9999605148357795,125.33395,118.87209899999998,,True,0.0,6.607400500797655e-05,0.0215787602588534,0.0113475722726434,0.0196645262651145,0.0072886483278125,0.0158963576890528,0.0076347717782482,0.0,0.2742192566394805,0.0014942757843527,6.607182221705762e-05,0.02134923485723417,0.011283671532199177,0.01947367737957272,0.007262214497471007,0.015771333804331,0.007605774406881352,0.0,0.24233364331520268,0.0014931604652175228
bf8cc567-8c16-4649-af56-ead87f2f881a,ok,17695743.0,v1.14-1.15,0.0,0.1580756013745704,0.0,True,0.0020449897750511,0.1039999999999992,0.114640043862164,4.0,actuator_motors,none,24593559,10220242,6.7,,B,,0.0,4.0,True,125.00414195301369,234.15749701710195,125.0,120.252,97.75999999999972,,True,0.0,4.3334495785529725e-05,0.0084028225392103,0.0,0.0039822575636208,0.0,0.0151254581287503,0.0065819658339023,0.0395336709916591,0.0682338863611219,0.0,4.333355687339199e-05,0.008367715355090743,0.0,0.003974349364008577,0.0,0.015012208923131574,0.006560399278611562,0.03877221931770398,0.0660067112823113,0.0
fc055500-391c-4a8a-8c7e-c38fda95b60f,ok,17826240.0,v1.16+,0.0,0.0,0.0,True,0.0,0.0,0.3031659364700317,4.0,actuator_motors,none,15074318,9189337,6.7,,C,,0.0,4.0,True,9.801592180899046,197.7475251150031,1.966769250971864,120.991493,116.97890600000004,,True,0.0,0.0015750068298075,0.0015188175428193,0.0004041838503326,0.007963200774975,0.002171180024743,0.0005809467664221,0.0006690072827041,0.0002372645067225,0.0570351645350454,0.0017070146219339,0.0015737678073591312,0.0015176653059992295,0.00040410219004327093,0.007931661815090476,0.0021688264195111823,0.0005807780821772743,0.0006687835970912539,0.00023723636395085742,0.055467974579800856,0.0017055593283770323
bd8cf97e-1998-4cb7-9bb4-bca4e5253bf6,ok,17891392.0,v1.16+,0.0,0.8333333333333334,0.0,True,0.0,0.0,0.0750855594873428,4.0,actuator_motors,none,4451197,3211012,3.5,,C,,0.0,4.0,True,10.00956838789796,20.009693801271315,2.0001235174317284,102.669703,96.74953399999998,,True,0.0,1.0739362955093383,0.0279758926481008,0.0029911677353084,0.2332889944314956,0.0907330438494682,0.0859448298811912,0.1111157596111297,0.0,205.3879516601561,0.0,0.7294483935734649,0.027591716026581208,0.00298670309387663,0.20968457987488626,0.08684998749572516,0.08245041900694557,0.10536469929909158,0.0,5.2073074705591536,0.0
6e610b03-486c-4b87-b151-b3432bf56830,ok,17761023.0,v1.14-1.15,0.0,0.0,0.0,True,0.0,0.0,0.53102414086461,4.0,actuator_motors,none,3713301,2859765,3.5,,B,,0.0,4.0,True,10.011884477685548,20.010957065795385,1.999935617891804,88.678665,84.03043300000002,,True,0.0,0.0067054277285933,0.002314822608605,0.0020628925645723,0.0089148088824003,0.0076889912365004,0.0013920052617322,0.0019563608686439,0.0398121073842048,0.0236801754683255,0.0,0.006683046343546785,0.0023121475341701743,0.002060767723416698,0.008875306570482962,0.007659581600802565,0.0013910373205565409,0.001954449686954481,0.03904003085449164,0.023404149188353485,0.0
7c6b67be-db19-4720-83b3-a16f503daae8,ok,17761280.0,v1.14-1.15,0.0,0.0,0.0,True,0.0,0.0,0.2131172537803649,4.0,actuator_motors,none,71560479,44558475,18.6,,B,,0.0,4.0,True,10.001534612385738,199.99846614278871,1.999999984639017,651.164452,646.8802499999995,,True,0.0,0.0016346670687198,0.0013565546367317,0.0021449263673275,0.0025986496824771,0.0030585003318265,0.0021123394370079,0.002218821668066,0.0439150590449569,0.014438185468316,0.0,0.0016333324547420805,0.0013556353477736972,0.0021426292968784056,0.002595279030557206,0.003053832634700274,0.002110111584827708,0.002216363718431787,0.042978125082406796,0.014334947395637659,0.0
7c093f68-07c6-4e29-99e0-e7ea5f009c84,ok,17760767.0,v1.14-1.15,0.0,0.0,0.0,True,0.0,0.0,0.4845006622374056,4.0,actuator_motors,none,4073423,2918063,3.7,,A,,0.0,4.0,True,10.010594355902676,20.01000976424329,1.999862217825951,96.295662,89.18634500000002,,True,0.0,0.001078941556625,0.0017893195850774,0.0004407644912134,0.0052870490588247,0.0046313229016959,0.0032927142921835,0.0045547191984951,0.0032623521983623,0.0006978087709285,0.0,0.0010783599175158362,0.001787720659830006,0.0004406673830785399,0.005273121683194062,0.004620631323843338,0.003287305179002342,0.004544377854395735,0.0032570422728598054,0.0006975654155918524,0.0
480597bd-2f52-4bfd-a6c4-9b8ec7ea5f12,ok,17891583.0,v1.16+,0.0,0.0,0.0,True,0.5535248041775457,17.902071,0.9999999999994352,4.0,actuator_motors,none,3561054,2797755,3.7,,B,,0.0,4.0,True,10.011633103559856,20.01107319982371,1.999946185497119,81.99058,76.644305,,True,0.0,0.0014565035235136,0.0004799165952135,0.0005672589206369,0.0093438627663999,0.0077576945535838,0.0011616564705036,0.0060323614394292,0.0461725799366831,0.0093745681922882,0.0,0.0014554438510762306,0.00047980147207584946,0.0005670980901142038,0.009300478919785918,0.0077277583653822535,0.001160982269701838,0.006014239589010715,0.04513834241255361,0.009330899631678947,0.0
251632b7-6536-48d6-b495-bd533e6f19fa,ok,17826047.0,v1.16+,0.0,0.0,0.0,True,0.0006662225183211,0.1016260000000102,0.062395840883255,4.0,actuator_motors,none,5416938,3430313,2.9,,A,,0.0,4.0,True,10.006289493131728,20.00616146043667,2.000076144834391,155.192769,150.057442,,True,0.0,0.0005187692295294,0.0,0.0,0.0,0.0,0.0,0.0,0.0,0.0,0.0,0.0005186347152918678,0.0,0.0,0.0,0.0,0.0,0.0,0.0,0.0,0.0
f4760001-2240-46ab-8663-b6efeb0eccb5,ok,17760511.0,v1.14-1.15,0.0,0.0620915032679738,0.0,True,0.0,0.0,0.3357319384813308,4.0,actuator_motors,none,21268253,9112666,7.2,,B,,0.0,4.0,True,9.972107786153249,19.93569325072817,1.992992693244356,144.358807,82.384045,,True,0.0,0.0070528339827433,0.5100114941596985,11402133635072.0,0.0017792258877307,0.0011569657362997,2.096019911766052,0.0011589304776862,0.0,0.0,0.000176415038004,0.00702807907582842,0.412117262824152,29.981696307442114,0.001777644940314851,0.001156296967221118,1.1301173871557821,0.0011582594361704138,0.0,0.0,0.00017639947870108614
9e1ff3d2-f668-4639-86c9-761e421f389a,ok,17694975.0,v1.14-1.15,0.0,0.0,0.0,True,0.0,0.0,0.2802192777395247,4.0,actuator_motors,none,3811702,2602408,4.0,,B,,0.0,4.0,True,9.905029757966751,19.800668586755663,1.980953644989469,105.084929,101.75992000000004,,True,0.0,0.0006920320913195,0.0022729679942131,0.0,0.0051805485039949,0.0,0.0091545419767498,0.0042163293808698,0.0259584009647369,,0.0,0.0006917927475278161,0.0022703887101424222,0.0,0.005167175628596094,0.0,0.009112893148342767,0.004207465570573747,0.025627201057934902,,0.0
e0dfc303-8ec7-414f-85fd-d49e63d48ff5,ok,17630207.0,v1.12-1.13,0.0,0.0,0.0,True,0.0012033694344163,0.102090000000004,0.2694732161561263,4.0,actuator_motors,none,27100836,13922383,7.4,,B,,0.0,4.0,True,10.005756067697773,285.72051511306825,2.0000057738261923,168.227073,166.26081900000003,,True,0.0,0.0369046293199062,0.0508276298642158,0.0,0.0,0.0,0.0,0.0,108.17119140625,0.0,0.0,0.036239957149143597,0.049578072606342005,0.0,0.0,0.0,0.0,0.0,4.338035060491169,0.0,0.0
8d04a31b-47e2-4f82-87e6-ac75dfc06957,ok,17695744.0,v1.14-1.15,0.0,0.0,0.0,True,0.0,0.0,0.2090483292937278,4.0,actuator_motors,none,38839063,11831600,6.6,,C,,0.0,4.0,True,9.80491759000946,19.61866012109781,1.9211209415581216,102.048591,94.12859900000004,,True,0.0,0.0072577421087771,0.0,0.0,0.0,0.0,0.0,0.0,4.737936830520619,,0.0002745159290498,0.007231531442283456,0.0,0.0,0.0,0.0,0.0,0.0,1.7470997085269147,,0.00027447825644647775
d929b5bd-fafb-4bc4-8ec8-8c162740463a,ok,17695743.0,v1.14-1.15,0.0,0.0,0.0,True,0.0,0.0,0.5605098456144333,4.0,actuator_motors,none,9437573,6156687,4.9,,C,,0.0,4.0,True,10.004479618412203,20.00465703008997,1.9999690388540208,221.780815,213.711029,,True,0.0,0.0097938130144029,0.0003870067448588,0.0,0.0136403341777622,0.0,0.0111112736165523,0.0116496124304831,0.0137233967427164,0.0173260716721415,0.0,0.009746164482338771,0.0003869318770641217,0.0,0.013548142226128728,0.0,0.01104999690623917,0.011582278136664948,0.013630083679192963,0.017177686791674345,0.0
24c87e99-4bee-491b-8748-7bec4035bf2c,ok,17761535.0,v1.14-1.15,0.0,0.0452674897119341,0.0427493713327745,True,0.0,0.0,0.3660801716148853,4.0,actuator_motors,none,9931463,6555581,7.2,,B,,0.0,4.0,True,9.949709957186643,19.8956873911768,1.991663749116377,239.268085,235.1089630000001,,True,0.0,0.0138050202280282,0.0002565102011431,0.0001878215931355,0.0033723717089742,0.0041863709688186,0.0004721337230876,0.0030575353652238,0.2819216012954711,0.0086006049066781,1.0643704175949094,0.013710598935771064,0.0002564773080262812,0.00018780395686835598,0.0033666980157923427,0.004177632497706233,0.0004720223030300933,0.00305287060998632,0.24836020319286076,0.008563830409146116,0.7248252974062466
ef94502c-cb9c-4c43-921f-dabff12683f6,ok,17761024.0,v1.14-1.15,0.0,0.0,0.0,True,0.0,0.0,0.3782200068235397,4.0,actuator_motors,none,18497791,9621608,6.9,,A,,0.0,4.0,True,10.00815117382552,199.9994598798905,2.0000003114754583,122.552631,119.670319,,True,0.0,0.0032025001477449,0.006274947989732,0.0026505219284445,0.005108087696135,0.003501296788454,0.0056903025135397,0.0029785504098981,0.1312215879559516,0.0864666238427161,0.0039165484136901,0.0031973830662057052,0.006255342476567942,0.002647015489759728,0.005095085674361216,0.0034951815189454695,0.005674173897735153,0.0029741233173263305,0.12329810009754806,0.08293080127584297,0.003908898705082393
b4e8bd03-f7ad-4378-961d-56e2c77bc3e4,ok,17826047.0,v1.16+,0.0,0.0,0.0,True,0.0009039548022598,0.102737999999988,0.3649011969566345,4.0,actuator_motors,none,19336598,11569933,13.4,,C,,0.0,4.0,True,10.002038015444157,19.99957711871673,2.000018582112445,449.156535,442.564671,,True,0.0,0.0059757309500128,0.0,0.0,0.0,0.0,0.0,0.0,0.3828414157032965,0.0550085356459021,0.0,0.005957947082389531,0.0,0.0,0.0,0.0,0.0,0.0,0.32414037922666894,0.053548857554923446,0.0
fdf37bb8-e82a-4d3b-8a4e-84578ec40bb8,ok,17694720.0,v1.14-1.15,0.1961102106969205,0.0,0.0,True,0.0,0.0,0.2368786841630935,4.0,actuator_motors,none,55933787,13904378,13.9,,B,,0.0,4.0,True,10.00004810518768,20.0003266774006,124.38028949811148,308.465218,301.92434100000014,,True,0.0,6.284966366365552e-05,0.0,0.0,0.0,0.0,0.0,0.0,0.0001002368735498,0.0,0.0,6.284768870629404e-05,0.0,0.0,0.0,0.0,0.0,0.0,0.00010023185017007293,0.0,0.0
556d9391-5cb5-42e7-9585-6e9cc289eb0d,ok,17761535.0,v1.14-1.15,0.0,0.0,0.0,True,0.0,0.0,0.1934193670749664,4.0,actuator_motors,none,60187166,21699619,21.9,,C,,0.0,4.0,True,10.009197411907,189.32750958820367,1.999845604512496,108.416709,103.17201799999997,,True,0.0,0.0069505109451711,0.0025138493161648,0.0007294871960766,0.0061082335188984,0.0053121638484299,0.0007524265209212,0.002005399717018,0.0047417345456778,0.0033678801730275,0.0,0.006926467489216184,0.002510694882380774,0.0007292212496204771,0.006089653881327332,0.005298104075950689,0.0007521435900007639,0.002003391587292496,0.0047305279343147506,0.0033622215660450523,0.0
42a0d943-1609-4986-afa7-caa3fe78355d,ok,17629952.0,v1.12-1.13,0.0,0.1158301158301158,0.0,True,0.0105355575065847,0.4024990000000059,0.2798970431089401,4.0,actuator_motors,none,6444420,3575654,3.1,,A,,0.0,4.0,True,10.007712659734384,20.00720587264031,2.0000911481867285,121.665122,113.916253,,True,0.0,0.0001039475973811,0.0016852807020768,0.0,0.0,0.0,0.0,0.0,0.0092566428706049,0.0,0.0,0.00010394219520395833,0.0016838622100356266,0.0,0.0,0.0,0.0,0.0,0.009214062716475048,0.0,0.0
19db58cc-e305-46d5-b38c-c370c16c6228,ok,17826048.0,v1.16+,0.0,0.0,0.0,True,0.0,0.0,0.1798591673374175,4.0,actuator_motors,none,5716340,3521338,7.5,,C,,0.0,4.0,True,10.011056412992511,20.01061355587005,2.000226499636577,86.581186,80.88564000000001,,True,0.0,0.0041871556779369,0.0009140481153735,0.001664300536504,0.0020362312672659,0.0033761356491595,0.0007206479727756,0.004591868747957,0.0020700063440017,0.1867526233196257,0.0,0.004178413935130984,0.0009136306277780224,0.0016629171230971844,0.0020341609583211704,0.0033704492981991847,0.0007203884307100907,0.004581358281497478,0.0020678668328952196,0.17122068895422085,0.0
6efe27db-fa01-47c7-8d9c-967f7d28f727,ok,16777984.0,v1.12-1.13,0.0,0.0,0.0,True,0.0,0.0,0.1447459757328033,4.0,actuator_motors,none,86567323,47146514,26.4,,C,,0.0,4.0,True,10.000497248170795,20.00049545079244,1.999999746486668,1814.750457,1806.5300970000023,,True,0.0,0.0002026366040809,0.0001529145309177,7.212127784441686e-05,0.0007878046133555,0.0004358821446658,0.0007111224957043,0.0010014079976826,0.0220653268508612,0.003079248778522,0.0005054240638855,0.0002026160760573491,0.0001529028406825398,7.21186772300969e-05,0.0007874944581848478,0.0004357871756396471,0.0007108697679088678,0.0010009069231857932,0.021825410336389885,0.003074517601827223,0.0005052963801644612
7d373bf8-c662-46b4-8422-4b0d2a4c2c72,ok,16777984.0,v1.12-1.13,0.0,0.0,0.0,True,0.0,0.0,0.1637089297175406,4.0,actuator_motors,none,4817506,3306405,4.5,,C,,0.0,4.0,True,10.01012257197721,20.00910991103209,1.999995147219897,98.852661,94.00019100000004,,True,0.0,0.0033955476246774,0.0001305500518355,7.121853523130987e-05,0.0041115381522103,0.0009643724217312,0.0195373062975704,0.0359753511846061,0.1311167672276494,0.0542191732674837,0.0368436399847268,0.0033897957696291947,0.00013054153091907885,7.121599931183188e-05,0.004103108876182685,0.0009639077133912423,0.01934890310203171,0.03534335126139897,0.12320543426961209,0.052800372778306265,0.03618113676472207
0a72d5f6-729b-4028-ad5d-b722ce94a689,ok,17695743.0,v1.14-1.15,0.445823927765237,0.0,0.0,True,0.0020604395604395,0.398918999999978,0.4461532160639762,4.0,actuator_motors,none,18468560,11888258,5.5,,C,,0.0,4.0,True,9.921641338068058,19.834123697797548,1.9842804227472628,445.949364,440.5466239999998,,True,0.0,0.0049506338313221,0.00055953374831,0.0,0.009662689641118,0.0,0.0036478865426033,0.0088527269661426,0.0160856641829013,0.0440290980041027,0.0,0.004938419738735914,0.0005593772676703294,0.0,0.009616304420191608,0.0,0.003641249141250109,0.008813771319098138,0.015957660742619353,0.04308736072347909,0.0
e5b15dd2-ceec-4e8c-a852-72580d8e1884,ok,17825984.0,v1.16+,0.0120240480961923,0.0781563126252505,0.0,True,0.4369449378330373,2.799999999999997,0.7467036172747612,4.0,actuator_motors,none,70520029,28116361,14.3,,C,,0.0,4.0,True,124.95738152062734,249.890281367338,99.99512931664312,246.228,112.66000000000004,,True,0.0,0.0002887197188101,0.0005696478183381,0.0003418685577344,0.0551492109894752,0.0340888947248458,0.0002150897751562,0.0034062000922858,0.9239249229431152,3.336154699325561,0.0,0.00028867804729281794,0.0005694856306099654,0.00034181013399413025,0.053682189144948704,0.03352074407835542,0.0002150666466669199,0.003400412132327323,0.6543673301428253,1.466987941389641,0.0
3862af7d-b0fe-4918-8546-3f0888e11563,ok,17826240.0,v1.16+,0.0,0.0,0.0,True,0.0101449275362318,0.3013629999999949,0.42266166806221,4.0,actuator_motors,none,3599815,2679662,2.5,,C,,0.0,4.0,True,10.011282828233742,20.01010650978144,2.000050893950432,89.327012,69.00538399999999,,True,0.0,0.0002248326971312,0.0,0.0,0.0,0.0,0.0,0.0,0.9097848653793336,0.6126725792884827,0.044992241077125,0.00022480742604812323,0.0,0.0,0.0,0.0,0.0,0.0,0.6469905997875856,0.477892789876264,0.04400946058263137
787e5e88-3eed-40c8-81d1-f999005c382d,ok,17760256.0,v1.14-1.15,0.0,0.0,0.0,True,0.0,0.0,0.075472742319107,4.0,actuator_motors,none,6264063,4763203,2.2,,B,,0.0,4.0,True,10.009867526252147,20.008839503201003,1.9999036392583047,104.065502,99.129553,,True,0.0,0.0019598155282437,0.0046070167794823,0.0012398840859532,0.0016782231163233,0.0022051638457924,0.0033011241350322,0.003086719289422,0.0076611812226474,0.0013331776834093,0.0,0.00195789759524575,0.004596436959506609,0.0012391160644527734,0.00167681647346303,0.002202736040482893,0.0032956873863905006,0.0030819651520488326,0.007631983405476707,0.0013322897910993945,0.0
cee67547-ac3b-4fd1-b137-841d4ec910bf,ok,17891392.0,v1.16+,0.0,0.0,0.0,True,0.0004369197160021,0.0214750000000094,0.0440562397241592,4.0,actuator_motors,none,10509040,6118672,4.7,,A,,0.0,4.0,True,8.759177159910516,145.1078329564786,1.7797757944183443,113.598772,110.19405599999992,,True,0.0,0.0,0.0,0.0,0.0,0.0,0.0,0.0,0.0,0.0,0.3233269035816181,0.0,0.0,0.0,0.0,0.0,0.0,0.0,0.0,0.0,0.28014894726474077
60b3da9c-40e2-4d92-8577-d5446e4d792c,ok,17694975.0,v1.14-1.15,0.0,0.0,0.0,True,0.0,0.0,0.3440434861928224,4.0,actuator_motors,none,18680954,11892996,6.6,,C,,0.0,4.0,True,9.940112525540576,200.2132480830191,1.9880129426249256,166.950962,164.66201799999996,,True,0.0,0.0009435655723791,0.0002960156707558,0.0,0.0044620412169024,0.0,0.0006179690710268,0.0017254253907594,0.0429786860942838,0.4910864889621734,0.0,0.000943120694210233,0.0002959718667613661,0.0,0.004452115825044343,0.0,0.000617778206768518,0.0017239385544076356,0.042080740617392774,0.39950504145246896,0.0
5dc9ed05-00f1-48d6-bb18-6819fd07e30c,ok,17694720.0,v1.14-1.15,0.0,0.0,0.0,True,0.0,0.0,0.2139263749122619,4.0,actuator_motors,none,11227646,6971335,3.9,,C,,0.0,4.0,True,10.002859954604938,20.00274280800772,2.000012047762589,335.555838,330.20515800000027,,True,0.0,0.0072558330139145,0.0023624376044608,0.0,0.021367098763585,0.0,0.0111405429895966,0.0234761459752917,0.0221706352196633,0.0476035803556442,0.0,0.007229636101506231,0.002359651435979978,0.0,0.021142022810873805,0.0,0.011078944214191614,0.023204819521564314,0.021928439899365177,0.0465052513199249,0.0
38dbe81c-fac2-4a1e-891b-7ac4babfd737,ok,17760256.0,v1.14-1.15,0.0,0.0,0.0,True,0.0,0.0,0.119604867696762,4.0,actuator_motors,none,7508872,4985939,3.9,,C,,0.0,4.0,True,10.0054349569605,20.00560942977744,1.9999602949059097,170.513594,164.345963,,True,0.0,0.0005696983425877,5.083225914859213e-05,2.3868105927249417e-05,0.0005322105134837,0.000387467443943,0.0163026079535484,0.0247512552887201,0.0063906139694154,0.0043621272780001,0.0,0.0005695361260936476,5.083096723308753e-05,2.3867821088541505e-05,0.0005320689396975132,0.00038739239781760326,0.01617114728399071,0.024449905372255002,0.0063702805785526015,0.004352640778346205,0.0
a1fb3922-0edb-4097-b86a-772d888937d1,ok,17760256.0,v1.14-1.15,0.0,0.0,0.0,True,0.0,0.0,0.2084354608966544,4.0,actuator_motors,none,3580402,2627119,2.8,,B,,0.0,4.0,True,10.010787346688842,20.0110756500602,1.999885657700245,86.016948,85.822052,,True,0.0,0.0015301455277949,0.0,0.0,0.0,0.0,0.0,0.0,0.0001116115308832,1.6690644025802617,0.0,0.0015289760479576839,0.0,0.0,0.0,0.0,0.0,0.0,0.00011160530277970142,0.9817279999852427,0.0
fa65d37e-9a7e-4ab4-b104-fa39c5a3c3a3,ok,17760256.0,v1.14-1.15,0.0,0.0,0.0,False,0.0,0.0,0.3214171832427381,4.0,actuator_motors,none,10363521,5981074,7.0,,C,,0.0,4.0,True,9.712450083343995,193.93083934669312,1.955221953723695,90.627477,85.92844600000002,,True,0.0,0.0109608222264796,0.0040935492143034,0.0066372560104355,0.0021155317081138,0.0029933783225715,0.008780111791566,0.0066581912105903,0.009120081551373,0.0017563226865604,0.0,0.010901187780531304,0.004085193437146554,0.006615326408202992,0.0021132971219134477,0.0029889070861929662,0.008741790755327513,0.006636123355997666,0.009078744747546934,0.0017547821553868814,0.0
488026a5-03f5-4f0f-a5e7-9be84630304b,ok,17761280.0,v1.14-1.15,0.0,0.0,0.0,True,5.653870074065698e-05,0.0139799999999992,0.1602820813655852,4.0,actuator_motors,none,26983382,16293344,7.9,,B,,0.0,4.0,True,10.003826591925598,172.57769981573142,1.9999386105800403,253.326531,247.615243,,True,0.0,0.0001704322115983,0.2544814258813856,0.505515426397322,0.2820594251155853,0.5124264717102045,0.0339120332151651,0.120107140392065,0.0,0.0,0.0005195163190364,0.00017041768967890333,0.22672228072141454,0.4091353155808257,0.2484677108684849,0.4137152959958537,0.03334969820722221,0.11342434179611909,0.0,0.0,0.0005193814171539915
b33be9d5-fba1-407e-8a38-bfb2136fc175,ok,17826240.0,v1.16+,0.0,0.0,0.0,True,0.0263998809667202,1.5325149999999894,0.4867902100086212,4.0,actuator_motors,none,57737169,35448489,16.2,,C,,0.0,4.0,True,9.9482192703401,198.45971878234803,1.9880495597455303,503.111283,497.4015059999999,,True,0.0,0.0014001853996887,0.0002495005028322,0.0006316727376542,0.0031195681076496,0.0052510616369545,0.0007237918325699,0.0006072258111089,0.0857069417834281,0.0,0.0,0.001399206054182214,0.00024946938275795174,0.0006314733164053439,0.0031147123510152507,0.005237322887157722,0.0007235300215849374,0.000607041524114834,0.08223133406725261,0.0,0.0
ecf95f1d-f0c2-4eaa-b2f2-fe4a6af92ec5,ok,17891392.0,v1.16+,0.0,0.0,0.0,True,0.0,0.0,0.0965936377644538,4.0,actuator_motors,none,3588314,2579833,2.4,,C,,0.0,4.0,True,9.930718091104858,19.95979733201045,2.000011490262091,102.227663,100.29130500000008,,True,0.0,0.0521658279001712,0.0,0.0,0.0,0.0,0.0,0.0,0.0004401507379952,0.0,0.001395051786676,0.05085073297685718,0.0,0.0,0.0,0.0,0.0,0.0,0.00044005390007360087,0.0,0.0013940796059888146
c6c9925c-3951-46e1-9d38-8c5677dad084,ok,17694720.0,v1.14-1.15,0.0,0.0,0.0,True,0.0051216389244558,0.301156000000006,0.2856492102146148,4.0,actuator_motors,none,16712205,5134681,4.5,,B,,0.0,4.0,True,10.011602103818532,20.008296366887446,125.00346486277778,81.502562,78.12608300000002,,True,0.0,0.0004823944764211,0.0,0.0,0.0,0.0,0.0,0.0,6.411634240066633e-05,0.0,0.0,0.0004822781616105706,0.0,0.0,0.0,0.0,0.0,0.0,6.411428703583942e-05,0.0,0.0
910edaf3-9737-42e3-a3b8-5f832fd3839e,ok,17825984.0,v1.16+,0.0,0.2169312169312169,0.0393873085339168,True,0.0254041570438799,0.9996849999999996,0.2882578074932098,4.0,actuator_motors,none,4086917,3031484,2.8,,A,,0.0,4.0,True,10.011123446075286,20.010177829164707,2.0000733507563666,90.614685,86.557851,,True,0.0,0.005516461492516,0.0033355344086885,0.005608623381704,0.0206737644970416,0.0249186965636908,0.0118011564947664,0.0809390805661678,0.0349680185317993,0.0027291296166367,0.0,0.005501301546102478,0.0033299838530808333,0.005592953616822166,0.02046296265526164,0.024613289018672657,0.011732065882325924,0.0778301823661878,0.03437052627064247,0.0027254123042201677,0.0
26c0c04d-a2e4-476e-a7c2-7a7695b172d3,ok,17694720.0,v1.14-1.15,0.0,0.0,0.0,True,0.0,0.0,0.336125223338604,4.0,actuator_motors,none,4337006,2692049,3.7,,B,,0.0,4.0,True,10.008456059310612,20.008176129068435,1.9999087772702269,119.639808,113.145159,,True,0.0,0.0008323318208567,0.0,0.0,0.0,0.0,0.0,0.0,0.0,0.0,0.0,0.000831985624813365,0.0,0.0,0.0,0.0,0.0,0.0,0.0,0.0,0.0
22dbee22-3fd7-433e-9b46-4cbeac6964c1,ok,17826047.0,v1.16+,0.0,0.0,0.0,True,0.0,0.0,0.3029556944966315,4.0,actuator_motors,none,9977748,6681814,4.1,,B,,0.0,4.0,True,9.999901838233924,19.99114013312088,1.999932547329953,228.628007,224.44114100000007,,True,0.0,0.0082044447772204,0.0032214738894253,0.0025119762285612,0.0113791341427713,0.0097733079455792,0.0019013579003512,0.0013197700609453,0.0342293241992592,0.001423740905011,18.86240530014038,0.008170971283158688,0.0032162960595974147,0.00250882648988454,0.011314878783312596,0.009725858082406239,0.0018995526073950573,0.0013188999299361794,0.03365653505417753,0.0014227283468950303,2.988828764080059
902128db-bf27-4e9b-8f38-15188b3ffe5a,ok,17891583.0,v1.16+,0.0,0.0,0.0,True,0.0,0.0,0.1457399308681488,4.0,actuator_motors,none,5403647,4064262,2.8,,C,,0.0,4.0,True,10.009025404634654,20.008943448668223,1.9999908054721345,110.700425,106.76012299999998,,True,0.0,0.0067723109619691,0.0008168119617039,0.0004450633467058,0.0043443586910143,0.0056444484740495,0.0022921456606127,0.0055317058227956,0.0070462124655023,0.0066762933973222,0.0,0.006749481876570256,0.0008164785523563182,0.00044496433539095834,0.004334949207068491,0.00562857826580404,0.0022895227021185864,0.005516462128059342,0.007021503910369006,0.006654105650415985,0.0
b467a18a-b13f-432f-a6fa-97ff637094a5,ok,17826240.0,v1.16+,0.0,0.0,0.0,True,0.0302325581395348,2.9015930000000054,0.4453044950962067,4.0,actuator_motors,none,6308038,4461392,6.1,,B,,0.0,4.0,True,10.007115589753036,20.006860673695527,1.999948311298995,135.583759,129.01806999999994,,True,0.0,0.0,0.0,0.0,0.0,0.0,0.0,0.0,0.0086972878314554,0.0,0.0005920110736042,0.0,0.0,0.0,0.0,0.0,0.0,0.0,0.00865968429884616,0.0,0.0005918359041799813
008f894e-9342-48cc-a950-b242be1e5a5e,ok,17695743.0,v1.14-1.15,0.0,0.0,0.0,True,0.0,0.0,0.2229721665382385,4.0,actuator_motors,none,13776478,8844789,4.1,,B,,0.0,4.0,True,10.003168876269962,20.00337244819953,1.9999834993124144,303.659581,298.8438009999999,,True,0.0,0.0478194987401366,0.0255469242110848,0.0,0.0478177962824701,0.0,0.0090181876439601,0.0075092227663844,0.0,0.1464683912694454,0.0022206561290659,0.04671133703827995,0.0252260548809103,0.0,0.04670971227461446,0.0,0.008977766624239152,0.007481168907357616,0.0,0.136686253175146,0.0022181941164260604
6d50790b-4805-4ddd-ad91-540975494c32,ok,17761535.0,v1.14-1.15,0.0,0.0,0.0,True,0.0,0.0,0.076737105846405,4.0,actuator_motors,none,3951577,2571861,3.0,,B,,0.0,4.0,True,10.006955716246132,20.006620868424307,2.000042291216835,124.547919,120.18366799999995,,True,0.0,0.0097687128931283,0.0,0.0,0.0,0.0,0.0,0.0,0.0002833399164956,0.0,0.0,0.009721307493803977,0.0,0.0,0.0,0.0,0.0,0.0,0.00028329978332216786,0.0,0.0
25c2b07f-afa3-4693-926b-0b74b94d2ac3,ok,17695743.0,v1.14-1.15,0.0,0.0,0.0,True,0.0,0.0,0.2640068456530571,4.0,actuator_motors,none,37944859,23454783,8.7,,C,,0.0,4.0,True,10.000110529039056,200.5330306347333,1.9999568180752163,350.195845,327.7586780000003,,True,0.0,0.0011808275012299,0.0001483587402617,0.0,0.0010551969753578,0.0,0.0003375181986484,0.0010132940951734,0.0005789709975942,,0.0,0.001180130872780827,0.0001483477361921471,0.0,0.0010546406463527928,0.0,0.00033746125219447326,0.00101278105925334,0.0005788034585498852,,0.0
90cd5964-82f6-459e-a942-7224900793e5,ok,17761023.0,v1.14-1.15,0.0,0.0,0.0,True,0.0,0.0,0.0777458757162094,4.0,actuator_motors,none,3237396,2213263,3.4,,B,,0.0,4.0,True,9.882696353230791,19.750735744231992,1.9703723553380763,67.967787,62.95978500000002,,True,0.0,0.0010977948608342,0.0,0.0,0.0,0.0,0.0,0.0,3.1225539896695405e-05,0.0,0.0,0.0010971927246969763,0.0,0.0,0.0,0.0,0.0,0.0,3.122505238967291e-05,0.0,0.0
8e0c18ab-1469-407a-8aa9-8bb3a56c9074,ok,17694720.0,v1.14-1.15,0.0,0.0,0.0,True,0.0,0.0,0.2195329442620274,4.0,actuator_motors,none,26582734,14580853,4.8,,C,,0.0,4.0,True,10.001806282614131,20.00174360778769,1.9999976970863769,532.045583,527.3998269999996,,True,0.0,0.0053346980828791,0.0,0.0,0.0,0.0,0.0,0.0,0.0,0.0,3.555197235982632e-05,0.005320518986173658,0.0,0.0,0.0,0.0,0.0,0.0,0.0,0.0,3.555134040343514e-05
46c0935d-6879-42d3-bf6c-8ed082b45d3a,ok,17825984.0,v1.16+,0.0,0.0,0.0,True,0.000172245507263,0.0074620000000038,0.403980702161789,4.0,actuator_motors,none,8713607,5602281,4.5,,C,,0.0,4.0,True,9.999312813183264,196.19787917270585,2.00011828887491,75.055244,64.71907699999998,,True,0.0,0.0048064910341054,0.0001886370497231,0.0004406689273309,0.0250062295235693,0.0139497817959636,0.0054815469775348,0.0036211493308655,0.5918081283569324,0.5084751367568952,0.0,0.004794976736911993,0.00018861925999200232,0.0004405718612940865,0.024698690155873112,0.013853379086543568,0.005466577976175852,0.003614608754474306,0.46487055776992303,0.41109929738429307,0.0
9ebadde2-7e22-4e65-8518-3a5479fd108d,ok,17760767.0,v1.14-1.15,0.1014492753623188,0.0,0.0,True,0.0,0.0,0.542891339957714,4.0,actuator_motors,none,6741393,4494038,12.8,,C,,0.0,4.0,True,10.005608670423928,20.00602054907603,2.000034234504119,171.563521,164.6751670000001,,True,0.0,0.0017609048751182,0.0014320738962851,0.0004038270853925,0.0407779339700937,0.0227128993719816,0.0018561069853603,0.0048075940459966,0.0081179090775549,0.0027662438107654,0.0,0.0017593562997913043,0.0014310494563953417,0.00040374556917994965,0.03996844696344818,0.02245880180590518,0.0018543865473388081,0.004796074471944195,0.00808513609956,0.002762424799611278,0.0
f3884bf0-df61-4b0d-aa38-57aa13e19d28,ok,17695743.0,v1.14-1.15,0.0,0.0,0.0,True,0.0024549918166939,0.2001599999999967,0.2872554302215577,4.0,actuator_motors,none,3912161,2430717,4.1,,C,,0.0,4.0,True,9.999485968916169,19.999738446534327,2.0000406273312974,124.856216,122.18437400000008,,True,0.0,181.24687118530272,0.0,0.0,0.0,0.0,0.0,0.0,0.0349203059449791,,0.0,5.2053622030338715,0.0,0.0,0.0,0.0,0.0,0.0,0.0343244246657738,,0.0
7690b5f6-ef1e-4f3a-9f28-0119b0175a9c,ok,17826047.0,v1.16+,0.0,0.0,0.0,True,0.0,0.0,0.182271386682987,4.0,actuator_motors,none,17880887,11811324,4.7,,C,,0.0,4.0,True,10.000141661958434,19.994642059081976,2.0000089409001847,372.07284,365.03194900000034,,True,0.0,0.0041748519986867,0.001011781906709,0.0033442587126046,0.0065903249196708,0.0068550072610378,0.0055318134836852,0.0087243914604187,0.109174072742462,0.3053269922733305,0.0,0.004166161483428228,0.0010112704003884467,0.0033386791157192087,0.006568703670448209,0.006831618524565447,0.005516569196671116,0.008686553871274314,0.10361565974996184,0.2664535781793641,0.0
f41c0f5c-6566-4aaf-bb7a-bd3b81c3ae47,ok,17760768.0,v1.14-1.15,0.0,0.0,0.0,True,0.0,0.0,0.1684196531772613,4.0,actuator_motors,none,4029871,2804039,4.5,,A,,0.0,4.0,True,10.009318394790457,20.009587950946443,2.0000785758569144,106.613439,99.16014200000004,,True,0.0,0.0036190108279697,0.0012623813177924,0.0018092917685862,0.0542562985792756,0.0739456899464129,0.0130394535139203,0.0388836164027452,0.0113784534856677,4.025031614303589,0.0,0.003612477965206288,0.001261585184442119,0.0018076569718201284,0.052835588091257685,0.0713394267879678,0.012955171708440003,0.038146690831145566,0.011314205784127956,1.614431745329048,0.0
2c16cd61-1ca4-4e70-9f71-b3e58ae49de6,ok,17761280.0,v1.14-1.15,0.0,0.0,0.0,True,0.0,0.0,0.0886138454079628,4.0,actuator_motors,none,14526746,8640028,4.8,,C,,0.0,4.0,True,9.941003187545592,198.52182094285976,1.9833210399507888,120.154081,117.12345099999996,,True,0.0,0.0010642982844728,0.0,0.0,2.30854114294052,0.0093394734896719,0.0,0.0174605541862547,0.8257744580507266,0.8257744580507266,0.0001594645036675,0.001063732320587633,0.0,0.0,1.1965073499194874,0.009296130266731551,0.0,0.017309870198622263,0.6020042575947113,0.6020042575947113,0.00015945179055504383
0c02d58b-9848-4440-b237-5ec11b746b4c,ok,17761535.0,v1.14-1.15,0.0,0.0,0.0,True,0.0370821772165028,2.8775420000000054,0.257355535030365,4.0,actuator_motors,none,14600351,9142133,5.7,,C,,0.0,4.0,True,10.006525834440458,199.9854291363778,2.0001445340806594,137.670801,135.61005500000005,,True,0.0,0.004357099533081,0.0,0.0,0.0,0.0,0.0,0.0,0.0008248210797319,47.08233070373535,0.0,0.004347634857307562,0.0,0.0,0.0,0.0,0.0,0.0,0.0008244811017596029,3.8729147645873123,0.0
1f32ab9e-a748-45e5-97b9-ba461dfcd0cd,ok,17695743.0,v1.14-1.15,0.0,0.0,0.0,True,0.7645305514157973,4.801460000000002,0.7006982713937759,4.0,actuator_motors,none,3129666,2448792,4.5,,A,,0.0,4.0,True,10.013676493762835,20.01365329767083,2.000128483777986,72.057547,67.16328100000005,,True,0.0,0.0078546596458181,0.0092284325510263,0.0,0.0835336118936538,0.0,0.4565106496214866,0.0583913689479231,0.1082654934376476,0.1159187886863946,0.0,0.00782397239394492,0.009186110744053805,0.0,0.08022756310393739,0.0,0.37604360918017604,0.05675017897425005,0.10279617463792662,0.10967809131698464,0.0
df147d88-3d81-4a5e-be0e-098efae4ab22,ok,17825792.0,v1.16+,0.0,0.0,0.0,True,0.0444960053034026,0.5285180000000196,0.4451440274715423,4.0,actuator_motors,none,35773856,22718402,20.4,,C,,0.0,4.0,True,10.00307564176362,198.19272033191243,1.999966404410495,312.098025,306.21707800000024,,True,0.0,0.0224343478679656,0.0023087653331458,0.0021068414207547,0.0076134937815368,0.0080439010635018,11.566487121582032,0.0031286487821489,0.0494057260453699,0.0192501753568649,0.0,0.022186399409339974,0.002306104229586058,0.002104625142720253,0.007584657408965188,0.008011721343150978,2.5310335182765242,0.0031237647448545723,0.04822402875012736,0.019067234762209607,0.0
0ab502ef-98ab-4b94-9761-69ab91db08c5,ok,17695743.0,v1.14-1.15,0.0,0.0,0.0,True,0.0107481947044664,0.5818439999999985,0.3556916294307462,4.0,actuator_motors,none,92648075,35863484,26.1,,C,,0.0,4.0,True,9.654110806236964,214.83181798802897,1.936055438302124,187.720719,185.69494700000007,,True,0.0,0.3682923167943953,0.0,0.0,0.0,0.0,0.0,0.0,0.258163435012102,0.2866338089108465,0.0,0.31356347824088826,0.0,0.0,0.0,0.0,0.0,0.0,0.2296530663836267,0.25202935736662974,0.0
5efd451d-3acd-44ad-824f-d2b6f6a330e0,ok,17825856.0,v1.16+,0.0,0.0,0.0,True,0.0003605088324663,0.1025129999998171,0.4645538511569612,4.0,actuator_motors,none,91371819,57952207,27.3,,C,,0.0,4.0,True,9.87511127927218,19.74932242238522,1.9751273286568465,1970.435519,1966.4102290000028,,True,0.0,0.0087081621866673,0.0375512579455971,0.0411492077633738,0.0958634711802005,0.1090432707220314,0.0235632006078958,0.0902105689048765,0.1118877328932284,0.0484378483146428,0.0019577534403651,0.008670464834025053,0.03686337715108549,0.0403251105466961,0.09154261067526766,0.1034977253906732,0.023289873707554327,0.08637086006525763,0.10605923110323258,0.047301292840519184,0.0019558395386564636
5ee59a26-9247-4dba-837b-33035c724eb1,ok,17760256.0,v1.14-1.15,0.0,0.0,0.0,True,0.0,0.0,0.5103672988712785,4.0,actuator_motors,none,2505582,1818010,5.1,,C,,0.0,4.0,True,10.0163766187752,20.015171342896178,2.0003345956503007,63.854966,56.93974599999999,,True,0.0,0.0017267572693526,0.0,0.0,0.0,0.0,0.0,0.0,0.0,0.0,0.0012137710582464,0.0017252681380180936,0.0,0.0,0.0,0.0,0.0,0.0,0.0,0.0,0.001213035033672164
f3c856d9-79a8-4009-a9ed-4073c60ff036,ok,17694720.0,v1.14-1.15,0.0,0.0,0.0,True,7.467144563918757e-05,0.0315679999999929,0.4317065272480249,4.0,actuator_motors,none,98054542,32876551,27.7,,A,,0.0,4.0,True,10.0028266665084,167.908414170458,90.6639864872558,433.106043,421.8489380000002,,True,0.0,0.004588714800775,0.0025470859836786,0.0,0.0079809175804257,0.0,0.0060127452015876,0.0146374218165874,0.0042263232171535,0.0092747351154685,0.0,0.004578218745700817,0.002543847657871733,0.0,0.007949238498183863,0.0,0.005994740783762787,0.014531328790393375,0.004217417396951119,0.00923198886323838,0.0
45a21fdf-0b74-4e72-8926-a46643f048c1,ok,17695743.0,v1.14-1.15,0.0,0.0,0.0,True,0.0,0.0,0.2475604683160781,4.0,actuator_motors,none,21471222,12008119,14.2,,C,,0.0,4.0,True,10.00598814378429,200.0000011969597,2.0000006726728987,167.032834,161.68009300000003,,True,0.0,0.0068511966848745,0.0027016372419893,0.0,0.0181727568618953,0.0,0.0009227861883118,0.0158556466922163,0.0154598896391689,0.0172049879096447,0.0002560314300353,0.00682783388492354,0.0026979943797488214,0.0,0.018009605952438893,0.0,0.000922360682884032,0.015731259034620755,0.01534160311856399,0.017058658122075517,0.0002559986595821084
5e4edc60-569b-4101-8b11-15eb8e5297dc,ok,17761280.0,v1.14-1.15,0.0,0.0,0.0,True,0.0,0.0,0.1785885214805602,4.0,actuator_motors,none,100397988,58753633,22.2,,B,,0.0,4.0,True,10.000402163412154,20.00040125926114,2.0000050424027007,2477.34279,2471.310609,,True,0.0,0.0129813309758901,0.0007599592849146,0.0010594014311209,0.0088023385964334,0.0111593011766672,0.0043451027013361,0.0042182018980383,0.0064411676954478,0.0038664008956402,0.0,0.012897795655350024,0.0007596706620757167,0.0010588406614432902,0.008763823862191647,0.011097495555255353,0.004335689998849502,0.004209330224003409,0.006420512025118112,0.00385894557834867,0.0
376cfb8d-d741-4115-801e-2d60ee5e53c9,ok,17761535.0,v1.14-1.15,0.0,0.0,0.0,True,0.7792592592592592,2.303763000000004,1.0,4.0,actuator_motors,none,2338954,1630168,2.7,,C,,0.0,4.0,True,10.014127416108026,19.999701560323253,1.9999644292040808,70.689587,67.43984599999999,,True,0.0,0.016815373674035,0.0,0.0,0.0,0.0,0.0,0.0,1.02725476026535,0.4377585694193827,0.0,0.01667556044249137,0.0,0.0,0.0,0.0,0.0,0.0,0.7066825429790501,0.3630853518926131,0.0
34ae2cb6-3299-4c18-9ffa-e0ed321f6268,ok,17694720.0,v1.14-1.15,0.0,0.0,0.0,True,0.0,0.0,0.0999948620796203,4.0,actuator_motors,none,12857521,3214362,3.7,,B,,0.0,4.0,True,10.011609234591976,20.010052902453545,96.49792358607289,82.682547,67.81822399999999,,True,0.0,0.0026555762160569,0.0,0.0,0.0,0.0,0.0,0.0,0.0,0.0,0.0,0.0026520564035804033,0.0,0.0,0.0,0.0,0.0,0.0,0.0,0.0,0.0
814f3010-bc7d-4d8b-b2b7-0363293c9076,ok,17695743.0,v1.14-1.15,0.0,0.0,0.0,True,0.0,0.0,0.7085994598658497,4.0,actuator_motors,none,2835747,2267190,3.3,,C,,0.0,4.0,True,10.013818778815384,20.014536429809027,1.9998489525849927,68.775352,58.715107,,True,0.0,0.0018766635563224,0.000266040576389,0.0,0.0039383665658533,0.0,0.00029475716874,0.0010982475942,0.061824008822441,,0.0,0.0018749048232936042,0.0002660051938701753,0.0,0.003930631502608036,0.0,0.0002947137363801949,0.00109764496149717,0.05998819234751328,,0.0
27421cb1-4489-473d-a952-deb89cc26d1c,ok,17760511.0,v1.14-1.15,0.0,0.0488599348534201,0.0,True,0.0,0.0,0.2572645023465156,4.0,actuator_motors,none,6313051,4237131,7.2,,A,,0.0,4.0,True,10.005972050439851,20.00608944284509,1.999997407169485,153.516709,143.461299,,True,0.0,0.010994626674801,0.0004775962472194,0.0001045927576342,0.0033735796925611,0.0029674322344362,0.0030890882364474,0.0054382106056436,0.0035081144887953,0.0009165731782559,0.0,0.010934625162490358,0.00047748223443166293,0.00010458728819309786,0.0033679019385769444,0.002963038098124807,0.0030843268065125283,0.005423476930761695,0.003501975408703054,0.0009161533815570305,0.0
233a4f54-86a4-475a-bc54-61336dc6bf9f,ok,17826047.0,v1.16+,0.0,0.0,0.0,False,0.0024196335983408,0.6009730000000104,0.3028388440608978,4.0,actuator_motors,none,13713548,8998817,10.7,,C,,0.0,4.0,True,10.00353635469784,20.003295245397105,2.0000595894042617,291.285715,289.2281290000001,,True,0.0,0.0050103458575904,0.0027879148954525,0.009674469474703,0.0457420896738767,0.0970903761684893,0.001032575930003,0.0020748546696267,0.0,7.279860591888427,0.0,0.004997835843714338,0.002784035868645608,0.009627971450169201,0.04472676705038702,0.09266156273874561,0.001032043190175399,0.0020727051314826358,0.0,2.113826131526978,0.0
eb75b101-5e33-4978-a88f-7a13966ad295,ok,17694975.0,v1.14-1.15,0.0,0.0,0.0,True,0.0,0.0,0.2145035795867443,4.0,actuator_motors,none,19978811,12952048,11.1,,C,,0.0,4.0,True,10.005624958513096,202.3042516155912,1.9999591107260928,182.35152,175.448683,,True,0.0,0.0118725091218948,0.0005544178886339,0.0,0.0123621089383959,0.0,0.0095602786168456,0.0035207096487283,0.0046573248691856,0.0069083879003301,0.0,0.01180258380067441,0.0005542642558181795,0.0,0.012286322021214834,0.0,0.009514868347038616,0.0035145264590733223,0.004646513088038839,0.0068846343251635364,0.0
a9c9c6f3-da38-42d0-8cdf-2501c05699a1,ok,17825984.0,v1.16+,0.0,0.1149273447820343,0.0,True,0.5429147465437788,6.700000000000003,1.0,4.0,actuator_motors,none,111114864,47838617,38.8,,B,,0.0,4.0,True,124.92857445187504,249.77242415902788,100.0037035469398,377.64,347.1759999999915,,True,0.0,0.0003295764778158,0.0007185267284512,0.0004423366612172,0.0296113453805446,0.0347582921385765,0.0002052557494607,0.0064311139285564,0.8463351726531982,1.610242486000061,0.0,0.000329522179418424,0.0007182687117086703,0.00044223885919615505,0.029181396450941942,0.034167865278356316,0.0002052346873813826,0.006410522551883006,0.6132026865837682,0.9594431235324926,0.0
2a3dbcfd-dcfc-4af2-a58e-aba9d377ab82,ok,17760768.0,v1.14-1.15,0.0,0.0,0.0,True,0.0,0.0,0.239999970421195,4.0,actuator_motors,none,2470153,1870513,3.0,,C,,0.0,4.0,True,10.013245091467915,20.012173237616302,1.999997179860092,69.807719,62.87987100000002,,True,0.0,0.0027447224594652,0.0,0.0,0.0,0.0,0.0,0.0,0.0014757154451217,,0.0,0.002740962587074938,0.0,0.0,0.0,0.0,0.0,0.0,0.0014746276471395662,,0.0
36c55341-13f7-40d9-8736-5a53eea5c970,ok,17825792.0,v1.16+,0.0,0.0,0.0,True,0.1953206239168111,11.837762999999995,1.0,4.0,actuator_motors,none,10779076,4905094,4.1,,C,,0.0,4.0,True,10.014520601041273,161.74897484161798,1.999991694690978,65.812402,60.58915399999999,,True,0.0,0.0064328745938837,0.0140248222276568,0.0026624586782418,0.0332278748974202,0.0224029562436043,0.042276677675545,0.0206668925005941,1.5633288502693177,0.3318353936076155,0.0,0.006412271964995209,0.013927384383827436,0.002658920613710833,0.03268776106398305,0.02215569611152685,0.041407433685823,0.020456229828553888,0.9413067459282716,0.2865579861091001,0.0
1ced92e4-0565-48c4-ac07-f39041eed434,ok,17761535.0,v1.14-1.15,0.0,0.0,0.0,True,0.0,0.0,0.4357119992375373,4.0,actuator_motors,none,4780758,3437784,2.9,,A,,0.0,4.0,True,10.008911480477014,20.008035496667286,1.999999964285715,112.492736,106.23987900000007,,True,0.0,0.0015305780107155,0.0006253961124457,0.0019726418424397,0.0018620010931044,0.0029161280952394,0.0096595086157321,0.0050634170882403,0.0227346654050052,0.0048067307798191,0.0,0.0015294078700342868,0.000625200633793782,0.0019706987394649557,0.0018602697179508352,0.0029118844417285656,0.009613153832941444,0.005050641100556709,0.022480084221938954,0.0047952153357738005,0.0
685b8ef8-e6ad-4d01-b5a9-9860ab537b13,ok,17761023.0,v1.14-1.15,0.0,0.0,0.0,True,0.0,0.0,0.2385519266128539,4.0,actuator_motors,none,13504640,7672158,4.3,,B,,0.0,4.0,True,9.974273702915836,183.11559069782228,1.9999830679399588,119.001709,106.72552299999998,,True,0.0,0.0033769006375223,0.0,0.0,0.0,0.0,0.0,0.0,0.547694432735443,0.0,0.0009760715300217,0.0033712117122570856,0.0,0.0,0.0,0.0,0.0,0.0,0.4367663608088583,0.0,0.000975595481951969
4b2ba481-b960-4158-9098-e2a9075c06f3,ok,17761535.0,v1.14-1.15,0.0052219321148825,0.0,0.0,True,0.0,0.0,0.2768281534314155,4.0,actuator_motors,none,43373444,26690656,13.1,,C,,0.0,4.0,True,10.002475988353211,222.0176215561046,2.0000481671781687,385.681699,379.7404540000001,,True,0.0,0.0020092308404855,0.0001365554722724,0.0002244439536298,0.0034445323748514,0.002138704364188,0.0006947415415197,0.001006474281894,0.0074208509176969,0.0020814450690522,0.0,0.002007215035893207,0.00013654614942261068,0.00022441876985379987,0.003438613561013688,0.002136420591639168,0.0006945003203327303,0.001005968126247234,0.0073934518695324926,0.0020792818634734317,0.0
eaf98000-82c5-477c-a185-c4be866b8886,ok,17891583.0,v1.16+,0.0,0.0291095890410958,0.0,True,0.0,0.0,0.3028106063604354,4.0,actuator_motors,none,13952359,9581481,8.6,,B,,0.0,4.0,True,9.999797365312473,19.99972335486317,2.000016651939672,291.792604,289.17303300000015,,True,0.0,0.0031314258812926,0.0005804364598589,0.0002827278527547,0.0067131910705938,0.0052123120054602,0.0083870557136833,0.0088473942596465,0.0118300425354391,0.1036868155002594,6.280369329452516,0.0031265331786969972,0.0005802680717728389,0.00028268789276702865,0.006690757946020362,0.005198774926516297,0.00835207978918739,0.008808485393365156,0.011760614602753348,0.09865622599757978,1.98518159298942
9a900826-c2ee-4259-8c2e-a065a002d750,ok,17826047.0,v1.16+,0.0,0.0,0.0,True,0.0162995104583889,0.9693709999999988,0.4243639633059501,4.0,actuator_motors,none,8196664,5470874,10.8,,C,,0.0,4.0,True,9.999425514486738,171.16026753871373,1.99989696053272,67.243905,62.915945,,True,0.0,0.0069514798931777,0.0011945313424803,0.0041880463715642,0.0065127952490001,0.0147434487007558,0.0026614360045641,0.0121417334303259,0.2718242913484572,0.0993146374821662,0.0007889795640949,0.006927429748562476,0.0011938184575686535,0.004179300914442808,0.00649167863389416,0.014635820643849985,0.002657900655109221,0.01206861385556119,0.24045231964396646,0.09468692878935984,0.0007886684833321099
dfe1ecb2-9339-404c-be00-3afe7c3dbdea,ok,17826240.0,v1.16+,0.0,0.1652173913043478,0.0,True,0.0,0.0,0.27129947245121,4.0,actuator_motors,none,4967266,2944275,3.6,,C,,0.0,4.0,True,10.00862672133188,20.008394231816755,2.000036843728045,111.521224,110.07829400000004,,True,0.0,0.0059812617255374,0.0012415132077876,0.0010551619459874,0.0291178880259394,0.0220410333946347,0.0110407788306474,0.0233129194937646,0.0398003250360488,0.0198286604136228,0.0,0.005963444988701395,0.001240743167542572,0.0010546056539057044,0.028702015912648773,0.021801641068116853,0.010980274368957023,0.023045324354595838,0.03902869956220618,0.019634633199317263,0.0
84bab0d0-3bfb-41cc-8752-9dfbcfd9382f,ok,17760767.0,v1.14-1.15,0.000616522811344,0.0053945745992601,0.0,True,0.0,0.0,0.1732357636094092,4.0,actuator_motors,none,133454255,76569976,34.5,,B,,0.0,4.0,True,9.911732285715068,19.821378113956136,1.9821709765704685,3308.769843,3304.370040999988,,True,0.0,0.0089556819759309,0.0001132502642576,0.0001286126222112,0.001008130912669,0.0007682802039198,0.0014577397261746,0.00083849701914,0.0023921629879623,0.0021284114569425,0.0,0.008915817687248246,0.00011324385193055004,0.00012860435231697157,0.0010076230899729748,0.0007679852277571611,0.0014566782550604915,0.0008381456769003433,0.002389306320916912,0.0021261495981529798,0.0
5ea07f1e-6266-436e-acff-94901abc30ee,ok,17761280.0,v1.14-1.15,0.0,0.0,0.0,True,0.0,0.0,0.1578732192516327,4.0,actuator_motors,none,10448525,6700823,4.9,,A,,0.0,4.0,True,10.011124195984983,202.63638915033457,1.9999309532034848,91.78778,85.74080999999998,,True,0.0,0.0120472355745732,0.0005622281343676,0.001226677413797,0.0023332000593654,0.0038824062328785,0.0190243280492722,0.0022792725358158,0.0289374694228172,0.0228240314871072,0.0017661158577539,0.011975245244953844,0.0005620701433452876,0.0012259256597685622,0.0023304823745542297,0.003874889143780573,0.01884562839060504,0.0022766789344381513,0.02852668670886289,0.022567459942122028,0.0017645581089825832
c574c4e1-92d9-4226-a6a4-351d04ef9566,ok,17826240.0,v1.16+,0.0,0.0,0.0,True,6.12294881214793e-05,0.0037389999999959,0.6041797656565905,4.0,actuator_motors,none,8011985,5111725,5.1,,B,,0.0,4.0,True,10.000433140788807,198.96404113669425,1.999782199721064,63.307689,57.16069,,True,0.0,0.0018983104382641,0.0001676089777902,0.0017419484793208,0.0011769410630222,0.0013050987035967,0.0002058263198705,0.0023692654795013,0.0058429210912436,0.8412304818630219,0.0045771530130878,0.0018965109240019972,0.00016759493297481822,0.001740433046683651,0.0011762490108391506,0.001304247802543081,0.00020580514053965027,0.002366463195408956,0.005825917429689599,0.6104340882567914,0.004566709703194628
a0913310-d2eb-4f9d-a5ad-5a138fd03f06,ok,17760512.0,v1.14-1.15,0.1235955056179775,0.0,0.0222965440356744,False,0.0005643340857787,0.1024309999999957,0.3013480216264724,4.0,actuator_motors,none,7960297,4308696,7.8,,B,,0.0,4.0,True,10.00570123850972,20.0057617264169,2.00008609894445,179.064794,176.30694299999985,,True,0.0,0.0185357188805937,0.0,0.0,0.0,0.0,0.0,0.0,0.307932974398136,0.2260454066097735,0.0,0.018366026153821415,0.0,0.0,0.0,0.0,0.0,0.0,0.2684480089071683,0.20379387321462808,0.0
cc7d88d5-2c6c-433b-9ef7-51491b783762,ok,17761535.0,v1.14-1.15,0.0,0.0,0.0,False,0.0,0.0,0.2312222242355344,4.0,actuator_motors,none,14613037,9333903,7.6,,C,,0.0,4.0,True,9.539134004642571,190.61619761395207,1.904416623768885,133.295894,125.47006,,True,0.0,0.0058560640085488,0.0599499996751546,0.0687150828540324,0.04333588629961,0.0765474766492843,0.018004985153675,0.0083610114175826,0.0321532409638166,0.0054598045768216,1.2486124277114865,0.005838983914688333,0.05822173689365211,0.06645706972135287,0.04242316281349197,0.07375913963592565,0.017844815123879993,0.0083262517777202,0.03164714534194906,0.005444953873914251,0.8103133271845154
4ef8659f-2a60-4a72-9ba5-5ec6f16b70bc,ok,17170944.0,v1.12-1.13,0.0,0.0,0.0,False,0.1030595813204508,1.0,0.891192615032196,4.0,actuator_motors,none,22331858,9629935,5.4,,B,,0.0,4.0,True,124.94421026531118,249.8634354670507,100.0,80.528,61.272,,True,0.0,0.0002655934076756,0.0002041469560936,6.520304668811149e-05,0.0235574785619974,0.002677573589608,7.263371662702411e-05,0.0042776213958859,0.2351606488227844,0.5727494359016418,0.0,0.0002655581439902297,0.00020412612093933285,6.520092106186049e-05,0.023284283371863192,0.002673995275487163,7.263107892635181e-05,0.004268498380766103,0.21120104163871742,0.4528253207978641,0.0
80e8938d-01fa-4a11-bbf1-3e1d2ec3ca2f,ok,17761535.0,v1.14-1.15,0.0,0.0,0.0,True,0.0573488289394992,5.649727999999996,0.4568905359037176,4.0,actuator_motors,none,52895946,18610584,12.9,,B,,0.0,4.0,True,9.606216292798338,213.50556811050456,1.9308316112543245,101.217016,97.23517499999998,,True,0.0,0.0168723023962229,0.0,0.0,0.0,0.0,0.0,0.0,0.0255017885938286,0.0197337879799306,0.0,0.016731546150496223,0.0,0.0,0.0,0.0,0.0,0.0,0.025182042647576494,0.019541601055255823,0.0
425ca0ab-2740-4922-b98b-5fd831fad1c0,ok,17694976.0,v1.14-1.15,0.6208333333333333,0.0,0.0,True,0.0,0.0,0.3949206858873366,4.0,actuator_motors,none,5378899,3475687,3.8,,C,,0.0,4.0,True,10.009424562035411,20.00919575647133,1.999989855123924,103.435995,101.01272899999998,,True,0.0,0.0025154976639896,0.0,0.0,0.0,0.0,0.0,0.0,0.0002049778013315,,0.0,0.0025123390955463145,0.0,0.0,0.0,0.0,0.0,0.0,0.0002049567962523149,,0.0
0b65d668-dc2f-423d-a728-89c5fb59533f,ok,17825984.0,v1.16+,0.0,1.0,0.0,True,0.0,0.0,0.1611558496952056,4.0,actuator_motors,none,3712344,2688119,3.5,,B,,0.0,4.0,True,10.009974100792594,20.009510713427225,1.9998223015040664,98.066109,94.503392,,True,0.0,0.0015141302486881,69169104486.39998,407910134579.1998,39.14657745361328,0.0878198444843292,0.0,0.0096245162189006,1.0220047950744628,0.0538466967642307,0.0,0.0015129851092641968,24.959820132928908,26.73431272870827,3.692537192764607,0.08417555060951999,0.0,0.009578495611111687,0.7040894920467353,0.05244699055014695,0.0
6e080b74-16c5-4957-8d0b-630cf1ede299,ok,17695744.0,v1.14-1.15,0.0,0.0,0.0,False,0.0144486692015209,1.5017660000000037,0.3116710305213928,4.0,actuator_motors,none,5937860,3675029,3.6,,B,,0.0,4.0,True,10.006870644903392,20.007162194247385,1.999981353333702,134.960436,131.02997300000004,,True,0.0,0.026004609465599,0.0,0.0,0.0,0.0,0.0,0.0,0.000255583103717,0.0,0.0,0.02567223939501508,0.0,0.0,0.0,0.0,0.0,0.0,0.0002555504479196087,0.0,0.0
d43be4b4-3c0f-435f-806f-6e1568fcb85c,ok,17760320.0,v1.14-1.15,0.0,0.0,0.0,True,0.0,0.0,0.1639873623847962,4.0,actuator_motors,none,38749379,22360685,8.7,,C,,0.0,4.0,True,9.939690279024743,200.74677256805924,1.988693864059046,265.269999,256.68935400000004,,True,0.0,0.0024599388591013,0.0,0.0,0.0,0.0,0.0,0.0,0.0415153244510291,0.0,2.9523220655391902e-05,0.002456918162311474,0.0,0.0,0.0,0.0,0.0,0.0,0.04067669543784263,0.0,2.952278485369046e-05
4020a64f-010d-4699-973c-f9b04c53cb38,ok,17694720.0,v1.14-1.15,0.8539682539682539,1.0,0.2884130982367758,True,0.100383631713555,4.399125000000012,0.2949662953615188,4.0,actuator_motors,none,5997012,3805183,17.1,,B,,0.0,4.0,True,10.006158932866445,20.00536439206242,2.0000776739025765,158.283655,156.43944799999997,,True,0.0,2.13312463760376,0.4545168638229361,0.0,0.5615680932998657,0.0,0.2266852319240568,0.3989894390106199,0.0713798373937606,0.0779206484556198,0.0,1.142030793369559,0.3746737931264952,0.0,0.4456905044110029,0.0,0.20431559811889963,0.3357501466988963,0.06894738535331618,0.07503385981050131,0.0
afd1472c-f54f-403d-8dd8-402d8ec951ce,ok,17825984.0,v1.16+,0.0,0.0,0.0286407766990291,False,0.7947084762371387,263.297909,1.0,4.0,actuator_motors,none,19388963,10376656,21.5,,C,,0.0,4.0,True,10.002381378231556,20.002318937614422,2.000019143735551,411.445867,407.1978030000004,,True,0.0,0.0555931497365234,0.0126087827607989,0.0057139201089739,0.1921662464737891,0.120167629420757,0.0517241269350051,0.0698225744068622,0.0180205225013195,2.9621617555618283,0.0,0.05410283617592176,0.012529953991071105,0.0056976575865627455,0.17577202743660789,0.11347834323337293,0.05043084317165081,0.06749281641309493,0.017860077553143658,1.3767897741875004,0.0
32e2aa9d-06cb-4224-8688-bf132ed4e367,ok,17761535.0,v1.14-1.15,0.0,0.0,0.0,True,0.0,0.0,0.2648572735488415,4.0,actuator_motors,none,40493229,23229285,25.8,,A,,0.0,4.0,True,9.94125934385379,207.9798541806104,1.9866615702388803,375.198847,135.781169,,True,0.0,0.00200409241952,0.0032504252623766,0.0012547937687486,0.0065421970561146,0.0035222192294895,0.0096791746094822,0.0205648101866244,0.0102790013421326,0.0009031140507431,0.0,0.00200208690535049,0.0032451540495503734,0.0012540071729891004,0.00652088976546183,0.00351603074255374,0.009632631490566772,0.02035620951834568,0.010226531658820103,0.0009027064886137072,0.0
3eb646d4-7ef0-43f3-8521-a10b0595039e,ok,17826047.0,v1.16+,0.0,0.0,0.0,True,0.0,0.0,0.4983092863112688,4.0,actuator_motors,none,3287375,2375181,3.3,,B,,0.0,4.0,True,10.010597978298232,20.01005208357953,1.9996765015319555,93.958227,90.557595,,True,0.0,0.0064656193833798,0.0036059220787137,0.002730862761382,0.0132037298753857,0.014453443326056,0.0060721621615812,0.0320721356198191,0.3860493168234826,0.0685558248311281,0.0,0.006444806928478925,0.0035994363284254697,0.0027271407303686704,0.013117320421064465,0.01434998797988942,0.006053800875902473,0.03156856347297362,0.32645748225840754,0.06630804039369358,0.0
11c89c98-bdc2-422a-badf-a570aef61c3d,ok,17761792.0,v1.14-1.15,0.0,0.0,0.0,True,0.0,0.0,0.3397476375102996,4.0,actuator_motors,none,8211487,4958983,4.1,,B,,0.0,4.0,True,10.015084448181211,222.03242531834155,2.000235558990752,64.361907,59.407911000000006,,True,0.0,0.046787092834711,0.0174022123217582,0.0251174289733171,0.1589201182126998,0.4005991935729978,0.1158121988177298,0.0538002982735633,0.0461424559354781,0.0129802273586392,0.0,0.04572556148197079,0.0172525278898703,0.024807170880336706,0.14748863895617034,0.3369001404665869,0.10958256916907105,0.0524029618387127,0.045109547512463884,0.01289670618033372,0.0
31d3a42d-4d7c-4e56-b5da-1a3aa0447e28,ok,17695743.0,v1.14-1.15,0.672645739910314,0.9641255605381166,0.0,True,0.0047974583002382,0.3351940000000013,0.4525661796331405,4.0,actuator_motors,none,12269200,6895283,4.0,,C,,0.0,4.0,True,10.009039643956823,221.23169207922348,2.000122872413216,111.110645,110.16359699999995,,True,0.0,0.0034528291551396,0.0031548323342576,0.0,0.0360633235424757,0.0,0.0013299710699357,0.0169234795495867,0.0138323321938514,,0.0,0.003446881826693127,0.003149866292673345,0.0,0.03542826507984789,0.0,0.0013290874417920746,0.016781872888145016,0.01373753863067482,,0.0
0229a46f-bf1f-4e68-9246-2dad6d50f160,ok,17761280.0,v1.14-1.15,0.0,0.1532846715328467,0.0,True,0.0,0.0,0.0448227047920227,4.0,actuator_motors,none,7505000,4837924,3.6,,C,,0.0,4.0,True,10.013503645689644,200.0001743313813,2.000003848492254,66.138645,59.28001000000002,,True,0.0,0.0011090093059465,0.0,0.0,0.0,0.0,0.0,0.0,0.0004055676166899,0.0,0.0001261806901311,0.0011083948094057876,0.0,0.0,0.0,0.0,0.0,0.0,0.0004054853963738935,0.0,0.00012617273001742037
