log_id,ver_sw,band,dropout_frac,rate_ratios,present_gps_hvel[0],varying_gps_hvel[0],present_gps_hvel[1],varying_gps_hvel[1],present_gps_vvel,varying_gps_vvel,present_gps_hpos[0],varying_gps_hpos[0],present_gps_hpos[1],varying_gps_hpos[1],present_gps_vpos,varying_gps_vpos,present_ev_hvel[0],varying_ev_hvel[0],present_ev_hvel[1],varying_ev_hvel[1],present_ev_vvel,varying_ev_vvel,present_ev_hpos[0],varying_ev_hpos[0],present_ev_hpos[1],varying_ev_hpos[1],present_ev_vpos,varying_ev_vpos,present_rng_vpos,varying_rng_vpos,present_baro_vpos,varying_baro_vpos,present_aux_hvel[0],varying_aux_hvel[0],present_aux_hvel[1],varying_aux_hvel[1],present_flow[0],varying_flow[0],present_flow[1],varying_flow[1],present_terr_flow[0],varying_terr_flow[0],present_terr_flow[1],varying_terr_flow[1],present_heading,varying_heading,present_mag_field[0],varying_mag_field[0],present_mag_field[1],varying_mag_field[1],present_mag_field[2],varying_mag_field[2],present_gravity[0],varying_gravity[0],present_gravity[1],varying_gravity[1],present_gravity[2],varying_gravity[2],present_drag[0],varying_drag[0],present_drag[1],varying_drag[1],present_airspeed,varying_airspeed,present_beta,varying_beta,present_hagl,varying_hagl,present_hagl_rate,varying_hagl_rate,present_aux_vvel,varying_aux_vvel,present_fake_hvel[0],varying_fake_hvel[0],present_fake_hvel[1],varying_fake_hvel[1],present_fake_vvel,varying_fake_vvel,present_fake_hpos[0],varying_fake_hpos[0],present_fake_hpos[1],varying_fake_hpos[1],present_fake_vpos,varying_fake_vpos,present_vi_hvel[0],varying_vi_hvel[0],present_vi_hvel[1],varying_vi_hvel[1],present_vi_vvel,varying_vi_vvel
de0c05ac-b500-43a4-82df-7661b576cc4d,17761535,v1.14-1.15,0.0,2.0014255940517534,1,1,1,1,1,1,1,1,1,1,1,1,1,0,1,0,1,0,1,0,1,0,1,0,1,0,1,1,1,0,1,0,1,0,1,0,1.0,0.0,1.0,0.0,1,1,1,1,1,1,1,1,1.0,1.0,1.0,1.0,1.0,1.0,1,1,1,1,1,0,1,0,1,0,1.0,0.0,,,,,,,,,,,,,,,,,,,,
5cb81d93-ee1e-46ad-adda-df45d3f4281e,17629952,v1.12-1.13,0.0,2.000014376487105,1,1,1,0,1,1,1,1,1,0,1,1,1,0,1,0,1,0,1,0,1,0,1,0,1,0,1,0,1,0,1,0,1,0,1,0,,,,,1,1,1,0,1,0,1,0,,,,,,,1,0,1,0,1,0,1,0,1,0,1.0,0.0,1.0,0.0,,,,,,,,,,,,,,,,,,
30602686-8b20-40dc-a6ad-4cf82d47b30a,18286080,v1.16+,0.010343719844425888,1.974189453546492,1,1,1,0,1,1,1,1,1,0,1,1,1,0,1,0,1,0,1,0,1,0,1,0,1,0,1,1,1,1,1,0,1,0,1,0,,,,,1,1,1,0,1,0,1,0,,,,,,,1,1,1,1,1,0,1,0,1,1,,,1.0,0.0,,,,,,,,,,,,,,,,,,
36394cbd-05bb-4967-84b0-01747b015c71,17825792,v1.16+,0.0,2.000027215722155,1,1,1,1,1,1,1,1,1,1,1,1,1,0,1,0,1,0,1,0,1,0,1,0,1,0,1,1,1,0,1,0,1,0,1,0,,,,,1,1,1,1,1,1,1,1,1.0,1.0,1.0,1.0,1.0,1.0,1,0,1,0,1,0,1,0,1,0,1.0,0.0,,,,,,,,,,,,,,,,,,,,
bfdc39d6-db5a-4f75-bc6d-f681095ee881,17826047,v1.16+,0.0,2.0000361529377697,1,1,1,1,1,1,1,1,1,1,1,0,1,0,1,0,1,0,1,0,1,0,1,0,1,0,1,1,1,0,1,0,1,0,1,0,,,,,1,1,1,1,1,1,1,1,1.0,1.0,1.0,1.0,1.0,1.0,1,0,1,0,1,0,1,0,1,0,1.0,0.0,,,,,,,,,,,,,,,,,,,,
3da606bf-66ad-4eab-980c-8e7d38963234,17629696,v1.12-1.13,0.0,2.0024463381441215,1,1,1,0,1,1,1,1,1,0,1,0,1,0,1,0,1,0,1,0,1,0,1,0,1,0,1,1,1,0,1,0,1,0,1,0,,,,,1,1,1,1,1,0,1,0,,,,,,,1,0,1,0,1,0,1,0,1,0,1.0,0.0,1.0,0.0,,,,,,,,,,,,,,,,,,
51eb300c-360a-4d6d-b5c9-a742bacf50d3,17826047,v1.16+,0.0,2.0002352511977204,1,0,1,0,1,0,1,0,1,0,1,0,1,0,1,0,1,0,1,0,1,0,1,0,1,1,1,1,1,0,1,0,1,0,1,0,,,,,1,1,1,1,1,1,1,1,1.0,1.0,1.0,1.0,1.0,1.0,1,0,1,0,1,0,1,0,1,1,1.0,1.0,,,,,,,,,,,,,,,,,,,,
c0fa3802-7311-4b96-bf4f-9fadb4e9c65f,17826047,v1.16+,0.0,2.0000001806109062,1,0,1,0,1,0,1,0,1,0,1,0,1,0,1,0,1,0,1,0,1,0,1,0,1,1,1,1,1,0,1,0,1,0,1,0,,,,,1,1,1,1,1,1,1,1,1.0,1.0,1.0,1.0,1.0,1.0,1,0,1,0,1,0,1,0,1,1,1.0,1.0,,,,,,,,,,,,,,,,,,,,
3a7be520-a48b-498f-a468-301599619b31,17891583,v1.16+,0.007342181938117321,2.0000019682559054,1,1,1,1,1,1,1,1,1,1,1,1,1,0,1,0,1,0,1,0,1,0,1,0,1,0,1,1,1,0,1,0,1,0,1,0,,,,,1,1,1,1,1,1,1,1,1.0,1.0,1.0,1.0,1.0,1.0,1,0,1,0,1,0,1,0,1,0,1.0,0.0,,,,,,,,,,,,,,,,,,,,
24cb91d6-b342-4d28-9909-f67f383af384,17826047,v1.16+,0.0,2.00000181412804,1,1,1,1,1,1,1,1,1,1,1,1,1,0,1,0,1,0,1,0,1,0,1,0,1,1,1,1,1,0,1,0,1,0,1,0,,,,,1,1,1,1,1,1,1,1,1.0,1.0,1.0,1.0,1.0,1.0,1,0,1,0,1,0,1,0,1,1,1.0,1.0,,,,,,,,,,,,,,,,,,,,
c4e95fbf-93a6-4701-91cb-4281182e8588,17825792,v1.16+,0.0,2.000177797622774,1,1,1,1,1,1,1,1,1,1,1,1,1,0,1,0,1,0,1,0,1,0,1,0,1,0,1,1,1,0,1,0,1,0,1,0,,,,,1,0,1,1,1,1,1,1,1.0,1.0,1.0,1.0,1.0,1.0,1,1,1,1,1,0,1,0,1,0,1.0,0.0,,,,,,,,,,,,,,,,,,,,
6ed5a28a-fb14-46c3-b353-534eb887cd00,17564416,v1.12-1.13,0.0,2.005383033416738,1,1,1,0,1,1,1,1,1,0,1,0,1,0,1,0,1,0,1,0,1,0,1,0,1,0,1,1,1,0,1,0,1,0,1,0,,,,,1,1,1,1,1,0,1,0,,,,,,,1,0,1,0,1,0,1,0,1,0,,,1.0,0.0,,,,,,,,,,,,,,,,,,
29bf6621-6392-404b-b0a3-cb580c8867e3,17630207,v1.12-1.13,0.0,2.000010869169017,1,1,1,0,1,1,1,1,1,0,1,0,1,0,1,0,1,0,1,0,1,0,1,0,1,0,1,1,1,0,1,0,1,0,1,0,,,,,1,1,1,1,1,0,1,0,,,,,,,1,0,1,0,1,0,1,0,1,0,1.0,0.0,1.0,0.0,,,,,,,,,,,,,,,,,,
f7061916-ac36-4a8d-8333-307b0caa62df,17695488,v1.14-1.15,0.002626259636863663,1.9967782504961775,1,0,1,0,1,0,1,0,1,0,1,0,1,0,1,0,1,0,1,1,1,0,1,1,1,0,1,1,1,0,1,0,1,0,1,0,1.0,0.0,1.0,0.0,1,0,1,0,1,0,1,0,1.0,1.0,1.0,0.0,1.0,0.0,1,0,1,0,1,0,1,0,1,0,1.0,0.0,1.0,0.0,,,,,,,,,,,,,,,,,,
0a25c577-1bc0-48c6-9c22-17a22225b05b,17761535,v1.14-1.15,0.0,2.0000346185394102,1,1,1,1,1,1,1,1,1,1,1,1,1,0,1,0,1,0,1,0,1,0,1,0,1,0,1,1,1,0,1,0,1,0,1,0,1.0,0.0,1.0,0.0,1,1,1,1,1,1,1,1,1.0,1.0,1.0,1.0,1.0,1.0,1,0,1,0,1,0,1,0,1,0,1.0,0.0,,,,,,,,,,,,,,,,,,,,
e55beaf9-2bfc-475a-ab7f-0c2145568bef,17499135,v1.12-1.13,0.0021400561043168646,4.987298022816079,1,0,1,1,1,0,1,1,1,1,1,0,1,0,1,1,1,0,1,0,1,1,1,0,1,0,1,1,1,0,1,0,1,0,1,1,,,,,1,1,1,0,1,0,1,0,,,,,,,1,0,1,0,1,0,1,0,1,0,,,1.0,0.0,1.0,0.0,1.0,0.0,1.0,0.0,1.0,0.0,1.0,0.0,1.0,0.0,,,,,,
0b7c4f20-d0e2-4928-bbc2-8b70a7acd594,17760767,v1.14-1.15,0.0,1.9999791256931558,1,1,1,1,1,1,1,1,1,1,1,1,1,0,1,0,1,0,1,0,1,0,1,0,1,0,1,1,1,0,1,0,1,0,1,0,1.0,0.0,1.0,0.0,1,1,1,1,1,1,1,1,1.0,1.0,1.0,1.0,1.0,1.0,1,0,1,0,1,0,1,0,1,0,1.0,0.0,,,,,,,,,,,,,,,,,,,,
9d6d2e62-ab1b-4140-95e3-dc3cd174bfe1,17630207,v1.12-1.13,0.0,2.00018538616638,1,1,1,0,1,1,1,1,1,0,1,0,1,0,1,0,1,0,1,0,1,0,1,0,1,0,1,1,1,0,1,0,1,0,1,0,,,,,1,1,1,0,1,0,1,0,,,,,,,1,0,1,0,1,0,1,0,1,0,1.0,0.0,1.0,0.0,,,,,,,,,,,,,,,,,,
46e8bc3f-722c-4419-84ad-2beddf971748,17761535,v1.14-1.15,0.0,2.000200168179793,1,1,1,1,1,1,1,1,1,1,1,1,1,0,1,0,1,0,1,0,1,0,1,0,1,1,1,1,1,0,1,0,1,0,1,0,1.0,0.0,1.0,0.0,1,0,1,0,1,0,1,0,1.0,1.0,1.0,1.0,1.0,1.0,1,0,1,0,1,0,1,0,1,1,1.0,1.0,,,,,,,,,,,,,,,,,,,,
7280d1c5-ca89-4cbb-bdea-0431d1a690e8,17694720,v1.14-1.15,0.00012709543837949249,101.07320675153764,1,1,1,0,1,1,1,1,1,0,1,0,1,0,1,0,1,0,1,0,1,0,1,0,1,1,1,1,1,0,1,0,1,0,1,0,1.0,0.0,1.0,0.0,1,1,1,0,1,0,1,0,1.0,1.0,1.0,0.0,1.0,0.0,1,0,1,0,1,0,1,0,1,0,1.0,1.0,1.0,0.0,,,,,,,,,,,,,,,,,,
34fbc1a6-173b-4d26-a9de-0927c33ba2fe,17695743,v1.14-1.15,0.003235286583686791,1.9887926478043727,1,1,1,0,1,1,1,1,1,0,1,0,1,0,1,0,1,0,1,0,1,0,1,0,1,0,1,1,1,0,1,0,1,0,1,0,1.0,0.0,1.0,0.0,1,0,1,0,1,0,1,0,1.0,1.0,1.0,0.0,1.0,0.0,1,0,1,0,1,0,1,0,1,0,1.0,0.0,1.0,0.0,,,,,,,,,,,,,,,,,,
2fcc2faf-3784-46c7-9619-932efce0dbe7,17760256,v1.14-1.15,0.0,1.9999951675243668,1,0,1,0,1,0,1,0,1,0,1,0,1,0,1,0,1,0,1,0,1,0,1,0,1,0,1,0,1,0,1,0,1,0,1,0,1.0,0.0,1.0,0.0,1,0,1,0,1,0,1,0,1.0,1.0,1.0,1.0,1.0,1.0,1,0,1,0,1,0,1,0,1,0,1.0,0.0,,,,,,,,,,,,,,,,,,,,
62d81d82-f36a-4ef6-a4ba-ea97dcae84ca,17629951,v1.12-1.13,0.0,2.000015105009185,1,0,1,0,1,0,1,0,1,0,1,0,1,0,1,0,1,0,1,0,1,0,1,0,1,1,1,1,1,0,1,0,1,1,1,0,,,,,1,1,1,1,1,0,1,0,,,,,,,1,0,1,0,1,0,1,0,1,1,1.0,1.0,1.0,0.0,,,,,,,,,,,,,,,,,,
9eafadae-088a-4d83-8e3c-65736a7f096b,17695744,v1.14-1.15,0.0,2.000060026492894,1,1,1,0,1,1,1,1,1,0,1,1,1,0,1,0,1,0,1,0,1,0,1,0,1,1,1,1,1,0,1,0,1,1,1,0,1.0,0.0,1.0,0.0,1,1,1,0,1,0,1,0,1.0,1.0,1.0,0.0,1.0,0.0,1,0,1,0,1,0,1,0,1,1,1.0,1.0,1.0,0.0,,,,,,,,,,,,,,,,,,
1d179196-4ef4-4523-ba33-0c669aa8a2ec,17891583,v1.16+,0.0,2.0000253768402065,1,0,1,0,1,0,1,0,1,0,1,0,1,0,1,0,1,0,1,1,1,1,1,1,1,0,1,1,1,0,1,0,1,0,1,0,,,,,1,1,1,0,1,0,1,0,1.0,1.0,1.0,1.0,1.0,1.0,1,0,1,0,1,0,1,0,1,0,1.0,0.0,,,,,,,,,,,,,,,,,,,,
431dc0e9-dc18-47e6-a2b5-c0177c9f00c6,18350592,v1.16+,0.005563396236372889,1.9928373273715405,1,1,1,0,1,1,1,1,1,0,1,1,1,0,1,0,1,0,1,0,1,0,1,0,1,0,1,1,1,1,1,0,1,0,1,0,,,,,1,1,1,0,1,0,1,0,,,,,,,1,1,1,1,1,0,1,0,1,1,,,1.0,0.0,,,,,,,,,,,,,,,,,,
d6bcc1d3-cd2a-4746-9521-f142556b207a,17761535,v1.14-1.15,0.016987307505809363,1.9587432779834488,1,0,1,0,1,0,1,0,1,0,1,0,1,0,1,0,1,0,1,0,1,0,1,0,1,1,1,1,1,0,1,0,1,1,1,1,1.0,1.0,1.0,1.0,1,1,1,1,1,1,1,1,1.0,1.0,1.0,1.0,1.0,1.0,1,0,1,0,1,0,1,0,1,1,1.0,1.0,,,,,,,,,,,,,,,,,,,,
037378d5-c789-41bb-9de1-026647e177c8,17629951,v1.12-1.13,0.0,2.000014558245505,1,0,1,0,1,0,1,0,1,0,1,0,1,0,1,0,1,0,1,1,1,0,1,1,1,0,1,0,1,0,1,0,1,0,1,0,,,,,1,1,1,0,1,0,1,0,,,,,,,1,0,1,0,1,0,1,0,1,1,1.0,1.0,1.0,0.0,,,,,,,,,,,,,,,,,,
f414c19e-4d7e-48c5-af29-74390a210d3b,17826047,v1.16+,0.0,1.9999640982054567,1,0,1,0,1,0,1,0,1,0,1,0,1,0,1,0,1,0,1,0,1,0,1,0,1,1,1,1,1,0,1,0,1,1,1,1,,,,,1,1,1,1,1,1,1,1,1.0,1.0,1.0,1.0,1.0,1.0,1,0,1,0,1,0,1,0,1,1,1.0,1.0,,,,,,,,,,,,,,,,,,,,
317ed297-de3d-4a51-8d5e-867051be0d00,17694720,v1.14-1.15,0.0,125.5544334260698,1,0,1,0,1,0,1,0,1,0,1,0,1,1,1,0,1,1,1,1,1,0,1,1,1,0,1,0,1,0,1,0,1,0,1,0,1.0,0.0,1.0,0.0,1,1,1,0,1,0,1,0,1.0,1.0,1.0,0.0,1.0,0.0,1,0,1,0,1,0,1,0,1,0,1.0,0.0,1.0,0.0,,,,,,,,,,,,,,,,,,
01dd7037-6630-4a10-bbbd-122a80340fe9,17630207,v1.12-1.13,0.0,1.9999650716482569,1,1,1,0,1,1,1,1,1,0,1,0,1,0,1,0,1,0,1,0,1,0,1,0,1,1,1,0,1,0,1,0,1,0,1,0,,,,,1,1,1,1,1,0,1,0,,,,,,,1,0,1,0,1,0,1,0,1,1,1.0,1.0,1.0,0.0,,,,,,,,,,,,,,,,,,
c1d6623d-95ec-42a0-aabe-d9c1e693f8ec,17761280,v1.14-1.15,0.0,2.000013868948632,1,0,1,0,1,0,1,0,1,0,1,0,1,1,1,1,1,1,1,1,1,1,1,1,1,0,1,1,1,0,1,0,1,1,1,1,1.0,1.0,1.0,1.0,1,1,1,1,1,1,1,1,1.0,1.0,1.0,1.0,1.0,1.0,1,0,1,0,1,0,1,0,1,1,1.0,1.0,,,,,,,,,,,,,,,,,,,,
810b3940-4e99-4ded-9fab-83fb2d1e2253,17760256,v1.14-1.15,0.0,2.000005701314954,1,1,1,1,1,1,1,1,1,1,1,1,1,0,1,0,1,0,1,0,1,0,1,0,1,0,1,1,1,0,1,0,1,0,1,0,1.0,0.0,1.0,0.0,1,0,1,0,1,0,1,0,1.0,1.0,1.0,1.0,1.0,1.0,1,0,1,0,1,0,1,0,1,0,1.0,0.0,,,,,,,,,,,,,,,,,,,,
c4971224-4a48-4eac-ba8b-a0ac9d0f65c9,17760256,v1.14-1.15,0.0,1.9999982056090866,1,1,1,1,1,1,1,1,1,1,1,1,1,0,1,0,1,0,1,0,1,0,1,0,1,0,1,1,1,0,1,0,1,0,1,0,1.0,0.0,1.0,0.0,1,1,1,1,1,1,1,1,1.0,1.0,1.0,1.0,1.0,1.0,1,0,1,0,1,0,1,0,1,0,1.0,0.0,,,,,,,,,,,,,,,,,,,,
e42bd332-ecc1-4565-b5a6-4ea8c2bf30d3,18088448,v1.16+,0.0,1.999975875938657,1,0,1,0,1,0,1,0,1,0,1,0,1,0,1,0,1,0,1,0,1,0,1,0,1,1,1,1,1,0,1,0,1,1,1,0,1.0,0.0,1.0,0.0,1,1,1,0,1,0,1,0,1.0,1.0,1.0,0.0,1.0,0.0,1,0,1,0,1,0,1,0,1,1,1.0,1.0,1.0,0.0,,,,,,,,,,,,,,,,,,
3e176b94-9bf1-428e-a367-970c7fe2e106,17891392,v1.16+,0.0,2.0000117520070386,1,1,1,1,1,1,1,1,1,1,1,1,1,0,1,0,1,0,1,0,1,0,1,0,1,0,1,1,1,0,1,0,1,0,1,0,,,,,1,1,1,1,1,1,1,1,1.0,1.0,1.0,1.0,1.0,1.0,1,0,1,0,1,0,1,0,1,0,1.0,0.0,,,,,,,,,,,,,,,,,,,,
49557a92-abbd-446c-988e-5b7f9e4a0304,17761280,v1.14-1.15,0.0,124.99999999999999,1,1,1,1,1,1,1,1,1,1,1,1,1,0,1,0,1,0,1,0,1,0,1,0,1,0,1,1,1,0,1,0,1,0,1,0,1.0,0.0,1.0,0.0,1,0,1,0,1,0,1,0,1.0,1.0,1.0,1.0,1.0,1.0,1,0,1,0,1,0,1,0,1,0,1.0,0.0,,,,,,,,,,,,,,,,,,,,
6e7c3198-aa71-4d8b-8dfa-e1b3a2f9bdfd,17826047,v1.16+,0.0,2.0001057467673644,1,1,1,1,1,1,1,1,1,1,1,1,1,0,1,0,1,0,1,0,1,0,1,0,1,0,1,1,1,0,1,0,1,0,1,0,,,,,1,1,1,1,1,1,1,1,1.0,1.0,1.0,1.0,1.0,1.0,1,0,1,0,1,0,1,0,1,0,1.0,0.0,,,,,,,,,,,,,,,,,,,,
ad852e6e-0304-4374-9c7a-ce11a52f1a3b,17760256,v1.14-1.15,0.0,2.0000550473866254,1,1,1,1,1,1,1,1,1,1,1,1,1,0,1,0,1,0,1,0,1,0,1,0,1,0,1,1,1,0,1,0,1,0,1,0,1.0,0.0,1.0,0.0,1,0,1,1,1,1,1,1,1.0,1.0,1.0,1.0,1.0,1.0,1,0,1,0,1,0,1,0,1,0,1.0,0.0,,,,,,,,,,,,,,,,,,,,
f94fc41e-e86e-4265-931d-a3de0bfede55,17695488,v1.14-1.15,0.0,2.0002077607104494,1,1,1,0,1,1,1,1,1,0,1,1,1,0,1,0,1,0,1,0,1,0,1,0,1,1,1,1,1,0,1,0,1,0,1,0,1.0,0.0,1.0,0.0,1,1,1,0,1,0,1,0,1.0,1.0,1.0,0.0,1.0,0.0,1,0,1,0,1,0,1,0,1,1,1.0,1.0,1.0,0.0,,,,,,,,,,,,,,,,,,
a00bf8fe-4a98-41f1-8174-fdd18ac4b643,17760384,v1.14-1.15,0.0,2.0001803103720968,1,0,1,0,1,0,1,0,1,0,1,0,1,0,1,0,1,0,1,1,1,1,1,1,1,0,1,1,1,0,1,0,1,0,1,0,,,,,1,1,1,1,1,1,1,1,1.0,1.0,1.0,1.0,1.0,1.0,1,0,1,0,1,0,1,0,1,0,1.0,0.0,,,,,,,,,,,,,,,,,,,,
8419bc7d-aa9b-4078-942f-5546eae10c2e,17761535,v1.14-1.15,0.0081684985887577,1.9873330274252934,1,0,1,0,1,0,1,0,1,0,1,0,1,0,1,0,1,0,1,0,1,0,1,0,1,0,1,1,1,0,1,0,1,1,1,1,1.0,1.0,1.0,1.0,1,1,1,1,1,1,1,1,1.0,1.0,1.0,1.0,1.0,1.0,1,0,1,0,1,0,1,0,1,1,1.0,1.0,,,,,,,,,,,,,,,,,,,,
8ce167c0-303a-488f-96b5-a553648deffc,17761280,v1.14-1.15,0.0,2.0002462010354516,1,0,1,0,1,0,1,0,1,0,1,0,1,0,1,0,1,0,1,1,1,1,1,1,1,1,1,1,1,0,1,0,1,1,1,1,1.0,1.0,1.0,1.0,1,1,1,0,1,0,1,0,1.0,1.0,1.0,1.0,1.0,1.0,1,0,1,0,1,0,1,0,1,1,1.0,1.0,,,,,,,,,,,,,,,,,,,,
047b0911-34cc-4f09-ae4c-40e1ae696b9d,17761535,v1.14-1.15,0.0,2.000170060260543,1,1,1,1,1,1,1,1,1,1,1,1,1,0,1,0,1,0,1,0,1,0,1,0,1,0,1,1,1,0,1,0,1,0,1,0,1.0,0.0,1.0,0.0,1,1,1,1,1,1,1,1,1.0,1.0,1.0,1.0,1.0,1.0,1,0,1,0,1,0,1,0,1,0,1.0,0.0,,,,,,,,,,,,,,,,,,,,
b4073cd8-225c-47c9-b431-31bb8acf2132,17761535,v1.14-1.15,0.0,2.0000078289614636,1,1,1,1,1,1,1,1,1,1,1,0,1,0,1,0,1,0,1,0,1,0,1,0,1,0,1,1,1,0,1,0,1,0,1,0,1.0,0.0,1.0,0.0,1,1,1,1,1,1,1,1,1.0,1.0,1.0,1.0,1.0,1.0,1,0,1,0,1,0,1,0,1,0,1.0,0.0,,,,,,,,,,,,,,,,,,,,
43000dce-f3d5-4260-9686-2a96c247e204,17891583,v1.16+,0.0017415411685477924,1.9961977186311788,1,1,1,1,1,1,1,1,1,1,1,1,1,0,1,0,1,0,1,0,1,0,1,0,1,0,1,1,1,0,1,0,1,0,1,0,,,,,1,1,1,1,1,1,1,1,1.0,1.0,1.0,1.0,1.0,1.0,1,0,1,0,1,0,1,0,1,0,1.0,0.0,,,,,,,,,,,,,,,,,,,,
122db363-5ac2-44f9-be65-53387d4a3702,17760256,v1.14-1.15,0.0003910704253671568,1.9999918540477768,1,1,1,1,1,1,1,1,1,1,1,1,1,0,1,0,1,0,1,0,1,0,1,0,1,1,1,1,1,0,1,0,1,1,1,1,,,,,1,1,1,1,1,1,1,1,1.0,1.0,1.0,1.0,1.0,1.0,1,0,1,0,1,0,1,0,1,1,1.0,1.0,,,,,,,,,,,,,,,,,,,,
608890c7-90c0-42e2-b521-dc019a9d51cd,17826559,v1.16+,0.01828293886625328,1.9783328636785609,1,0,1,0,1,0,1,0,1,0,1,0,1,0,1,0,1,0,1,0,1,0,1,0,1,0,1,1,1,0,1,0,1,0,1,0,,,,,1,1,1,1,1,1,1,1,1.0,1.0,1.0,1.0,1.0,1.0,1,0,1,0,1,0,1,0,1,0,1.0,0.0,,,,,,,,,,,,,,,,,,,,
0808d58f-a0e4-408f-b286-01ec6cbef9e3,17826047,v1.16+,0.0,1.9999731361633069,1,1,1,1,1,1,1,1,1,1,1,1,1,0,1,0,1,0,1,0,1,0,1,0,1,1,1,1,1,0,1,0,1,0,1,0,,,,,1,1,1,1,1,1,1,1,1.0,1.0,1.0,1.0,1.0,1.0,1,0,1,0,1,0,1,0,1,1,1.0,1.0,,,,,,,,,,,,,,,,,,,,
bf6beea8-f449-46a6-afe3-d5f529412893,17760768,v1.14-1.15,0.0005268677725972459,2.0001328027108243,1,0,1,0,1,0,1,0,1,0,1,0,1,0,1,0,1,0,1,1,1,1,1,1,1,1,1,0,1,0,1,0,1,1,1,1,1.0,1.0,1.0,1.0,1,1,1,0,1,0,1,0,1.0,1.0,1.0,1.0,1.0,1.0,1,0,1,0,1,0,1,0,1,1,1.0,1.0,,,,,,,,,,,,,,,,,,,,
39c899eb-d750-4994-b923-d8816d89e5ec,17695488,v1.14-1.15,0.0,1.9999830940655585,1,0,1,0,1,0,1,0,1,0,1,0,1,1,1,0,1,1,1,1,1,0,1,1,1,1,1,1,1,0,1,0,1,0,1,0,1.0,0.0,1.0,0.0,1,1,1,0,1,0,1,0,1.0,1.0,1.0,0.0,1.0,0.0,1,0,1,0,1,0,1,0,1,1,1.0,1.0,1.0,0.0,,,,,,,,,,,,,,,,,,
57198747-c466-40a6-85c3-a755f8b4d587,17695488,v1.14-1.15,0.0,2.000077070843146,1,1,1,0,1,1,1,1,1,0,1,1,1,0,1,0,1,0,1,0,1,0,1,0,1,0,1,1,1,0,1,0,1,0,1,0,1.0,0.0,1.0,0.0,1,1,1,0,1,0,1,0,1.0,1.0,1.0,0.0,1.0,0.0,1,0,1,0,1,0,1,0,1,0,1.0,0.0,1.0,0.0,,,,,,,,,,,,,,,,,,
0c87b536-3f8b-4de6-afa9-a0bc6e4764a6,17825984,v1.16+,0.0,2.0000563092776305,1,1,1,1,1,1,1,1,1,1,1,1,1,0,1,0,1,0,1,0,1,0,1,0,1,0,1,1,1,0,1,0,1,0,1,0,,,,,1,1,1,1,1,1,1,1,1.0,1.0,1.0,1.0,1.0,1.0,1,0,1,0,1,0,1,0,1,0,1.0,0.0,,,,,,,,,,,,,,,,,,,,
bc14ba87-dc59-4eb8-a1d6-cf1ba38f7179,17761280,v1.14-1.15,0.00016000175833511264,1.999999869198321,1,1,1,1,1,1,1,1,1,1,1,1,1,0,1,0,1,0,1,0,1,0,1,0,1,0,1,1,1,0,1,0,1,0,1,0,1.0,0.0,1.0,0.0,1,0,1,0,1,0,1,0,1.0,1.0,1.0,1.0,1.0,1.0,1,0,1,0,1,0,1,0,1,0,1.0,0.0,,,,,,,,,,,,,,,,,,,,
d990a436-1448-4922-8752-929b64031874,17695743,v1.14-1.15,0.0,1.9999720205934493,1,1,1,0,1,1,1,1,1,0,1,1,1,0,1,0,1,0,1,0,1,0,1,0,1,0,1,1,1,0,1,0,1,0,1,0,1.0,0.0,1.0,0.0,1,0,1,0,1,0,1,0,1.0,1.0,1.0,0.0,1.0,0.0,1,0,1,0,1,0,1,0,1,0,1.0,0.0,1.0,0.0,,,,,,,,,,,,,,,,,,
ae817a00-3ee9-4bcf-90ab-e9c7ab903f27,17695743,v1.14-1.15,0.0,2.0000594786918815,1,0,1,0,1,0,1,0,1,0,1,0,1,1,1,0,1,1,1,1,1,0,1,1,1,0,1,1,1,0,1,0,1,0,1,0,1.0,0.0,1.0,0.0,1,1,1,0,1,0,1,0,1.0,1.0,1.0,0.0,1.0,0.0,1,0,1,0,1,0,1,0,1,0,1.0,0.0,1.0,0.0,,,,,,,,,,,,,,,,,,
38a20d21-8e93-4aec-9f8a-5d7a32e5c93c,17761535,v1.14-1.15,0.005050691842805061,1.9919035598029164,1,1,1,1,1,1,1,1,1,1,1,1,1,0,1,0,1,0,1,0,1,0,1,0,1,1,1,1,1,1,1,1,1,0,1,0,1.0,0.0,1.0,0.0,1,1,1,1,1,1,1,1,1.0,1.0,1.0,1.0,1.0,1.0,1,0,1,0,1,0,1,0,1,1,1.0,1.0,,,,,,,,,,,,,,,,,,,,
cd425a8c-a14f-47be-929c-b4d5060ddeae,17694720,v1.14-1.15,8.571204054860643e-05,92.97096411066751,1,1,1,0,1,1,1,1,1,0,1,1,1,0,1,0,1,0,1,0,1,0,1,0,1,0,1,1,1,0,1,0,1,0,1,0,1.0,0.0,1.0,0.0,1,1,1,0,1,0,1,0,1.0,1.0,1.0,0.0,1.0,0.0,1,0,1,0,1,0,1,0,1,0,1.0,0.0,1.0,0.0,,,,,,,,,,,,,,,,,,
016f700a-e845-4d30-8182-3e6509b03b11,17695743,v1.14-1.15,0.0,2.0001047052202083,1,1,1,0,1,1,1,1,1,0,1,1,1,0,1,0,1,0,1,0,1,0,1,0,1,0,1,1,1,0,1,0,1,0,1,0,1.0,0.0,1.0,0.0,1,1,1,0,1,0,1,0,1.0,1.0,1.0,0.0,1.0,0.0,1,0,1,0,1,0,1,0,1,0,1.0,0.0,1.0,0.0,,,,,,,,,,,,,,,,,,
85ee45ee-9ba8-4e23-b086-3a9bfabb1b2c,17761535,v1.14-1.15,0.0,1.9999802590183846,1,0,1,0,1,0,1,0,1,0,1,0,1,1,1,1,1,1,1,1,1,1,1,1,1,0,1,1,1,0,1,0,1,1,1,1,1.0,1.0,1.0,1.0,1,1,1,1,1,1,1,1,1.0,1.0,1.0,1.0,1.0,1.0,1,0,1,0,1,0,1,0,1,1,1.0,1.0,,,,,,,,,,,,,,,,,,,,
1ae8e61d-61f3-4dc5-92e1-5384b3a147cd,17760256,v1.14-1.15,0.0,2.000052401372916,1,0,1,0,1,0,1,0,1,0,1,0,1,1,1,1,1,1,1,1,1,1,1,1,1,0,1,1,1,0,1,0,1,0,1,0,1.0,0.0,1.0,0.0,1,1,1,0,1,0,1,0,1.0,1.0,1.0,1.0,1.0,1.0,1,0,1,0,1,0,1,0,1,0,1.0,0.0,,,,,,,,,,,,,,,,,,,,
581a6969-318f-4b17-80b8-24269ec32f8f,17826047,v1.16+,0.0,2.0000461740763784,1,0,1,0,1,0,1,0,1,0,1,0,1,0,1,0,1,0,1,0,1,0,1,0,1,1,1,1,1,0,1,0,1,1,1,1,,,,,1,1,1,1,1,1,1,1,1.0,1.0,1.0,1.0,1.0,1.0,1,0,1,0,1,0,1,0,1,1,1.0,1.0,,,,,,,,,,,,,,,,,,,,
f46dc1e8-f823-493b-b011-01fed0b5291b,17826240,v1.16+,0.0,2.0000656492136626,1,1,1,1,1,1,1,1,1,1,1,1,1,0,1,0,1,0,1,0,1,0,1,0,1,0,1,1,1,0,1,0,1,0,1,0,,,,,1,1,1,1,1,1,1,1,1.0,1.0,1.0,1.0,1.0,1.0,1,0,1,0,1,0,1,0,1,0,1.0,0.0,,,,,,,,,,,,,,,,,,,,
13706384-284d-45e9-b2d0-faf0001ee4be,17629696,v1.12-1.13,0.004960671096403394,1.9879070697658263,1,0,1,0,1,0,1,0,1,0,1,0,1,0,1,0,1,0,1,1,1,0,1,1,1,0,1,0,1,0,1,0,1,0,1,0,,,,,1,1,1,0,1,0,1,0,,,,,,,1,0,1,0,1,0,1,0,1,0,1.0,0.0,1.0,0.0,,,,,,,,,,,,,,,,,,
31dc81a4-2684-4d0d-a0e7-e5e196c7e493,17761535,v1.14-1.15,0.0,2.000073744215603,1,0,1,0,1,0,1,0,1,0,1,0,1,0,1,0,1,0,1,0,1,0,1,0,1,0,1,1,1,0,1,0,1,0,1,0,1.0,0.0,1.0,0.0,1,1,1,1,1,1,1,1,1.0,1.0,1.0,1.0,1.0,1.0,1,0,1,0,1,0,1,0,1,0,1.0,0.0,,,,,,,,,,,,,,,,,,,,
aebf810c-9066-4412-8ea9-43045a23f25d,17695744,v1.14-1.15,0.0,2.0280037824114183,1,1,1,0,1,1,1,1,1,0,1,1,1,0,1,0,1,0,1,0,1,0,1,0,1,0,1,1,1,0,1,0,1,0,1,0,1.0,0.0,1.0,0.0,1,0,1,0,1,0,1,0,1.0,1.0,1.0,0.0,1.0,0.0,1,0,1,0,1,0,1,0,1,0,1.0,0.0,1.0,0.0,,,,,,,,,,,,,,,,,,
59b15e06-54e2-4c6a-b6d9-d4c71f278435,17694720,v1.14-1.15,0.0,125.0,1,1,1,0,1,1,1,1,1,0,1,1,1,0,1,0,1,0,1,0,1,0,1,0,1,0,1,1,1,0,1,0,1,0,1,0,1.0,0.0,1.0,0.0,1,0,1,0,1,0,1,0,1.0,1.0,1.0,0.0,1.0,0.0,1,0,1,0,1,0,1,0,1,0,1.0,0.0,1.0,0.0,,,,,,,,,,,,,,,,,,
abab171c-705b-436b-90fb-5f6d7780288e,17761280,v1.14-1.15,0.009375391569522672,1.981251893129346,1,1,1,1,1,1,1,1,1,1,1,1,1,0,1,0,1,0,1,0,1,0,1,0,1,0,1,1,1,0,1,0,1,0,1,0,1.0,0.0,1.0,0.0,1,1,1,1,1,1,1,1,1.0,1.0,1.0,1.0,1.0,1.0,1,0,1,0,1,0,1,0,1,0,1.0,0.0,,,,,,,,,,,,,,,,,,,,
fdfd3ed3-69b1-4940-a3b2-30969b7e2fd0,17564416,v1.12-1.13,0.0,2.016635072717194,1,0,1,0,1,0,1,1,1,0,1,0,1,0,1,0,1,0,1,0,1,0,1,0,1,0,1,1,1,0,1,0,1,0,1,0,,,,,1,1,1,0,1,0,1,0,,,,,,,1,0,1,0,1,0,1,0,1,0,,,1.0,0.0,,,,,,,,,,,,,,,,,,
10bdce55-b42a-4550-a44c-cba345fddd7b,17694720,v1.14-1.15,0.00030250638980325805,1.99998693190357,1,0,1,0,1,0,1,0,1,0,1,0,1,0,1,0,1,0,1,0,1,0,1,0,1,0,1,1,1,0,1,0,1,0,1,0,1.0,0.0,1.0,0.0,1,0,1,0,1,0,1,0,1.0,1.0,1.0,0.0,1.0,0.0,1,0,1,0,1,0,1,0,1,0,1.0,0.0,1.0,0.0,,,,,,,,,,,,,,,,,,
9f206c05-6a55-45ea-b629-25975314a107,17694720,v1.14-1.15,0.0,2.0000238282883003,1,1,1,1,1,1,1,1,1,1,1,1,1,0,1,0,1,0,1,0,1,0,1,0,1,0,1,1,1,0,1,0,1,0,1,0,1.0,0.0,1.0,0.0,1,1,1,1,1,1,1,1,1.0,1.0,1.0,1.0,1.0,1.0,1,0,1,0,1,0,1,0,1,0,1.0,0.0,,,,,,,,,,,,,,,,,,,,
b69f84c1-9ec1-4dcf-8a1b-74b20d7d1c95,17825792,v1.16+,0.0,1.9997341561465438,1,1,1,1,1,1,1,1,1,1,1,1,1,0,1,0,1,0,1,0,1,0,1,0,1,0,1,1,1,0,1,0,1,0,1,0,,,,,1,1,1,1,1,1,1,1,1.0,1.0,1.0,1.0,1.0,1.0,1,0,1,0,1,0,1,0,1,0,1.0,0.0,,,,,,,,,,,,,,,,,,,,
fee2eaed-165d-438a-9fc9-6f4ba1188633,17761535,v1.14-1.15,0.0,2.000238163492683,1,1,1,1,1,1,1,1,1,1,1,1,1,0,1,0,1,0,1,0,1,0,1,0,1,1,1,1,1,0,1,0,1,0,1,0,1.0,0.0,1.0,0.0,1,1,1,0,1,0,1,0,1.0,1.0,1.0,1.0,1.0,1.0,1,0,1,0,1,0,1,0,1,1,1.0,1.0,,,,,,,,,,,,,,,,,,,,
b740ed11-e242-4cfd-ab15-01183c864847,17630207,v1.12-1.13,0.0,2.000041557177475,1,0,1,0,1,0,1,1,1,0,1,0,1,0,1,0,1,0,1,0,1,0,1,0,1,1,1,1,1,0,1,0,1,0,1,0,,,,,1,1,1,0,1,0,1,0,,,,,,,1,0,1,0,1,0,1,0,1,1,1.0,1.0,1.0,0.0,,,,,,,,,,,,,,,,,,
be55a790-5433-4c6c-a466-3cc1598853d1,17761280,v1.14-1.15,0.0,2.0000018444277954,1,1,1,1,1,1,1,1,1,1,1,1,1,0,1,0,1,0,1,0,1,0,1,0,1,0,1,1,1,0,1,0,1,0,1,0,1.0,0.0,1.0,0.0,1,1,1,1,1,1,1,1,1.0,1.0,1.0,1.0,1.0,1.0,1,0,1,0,1,0,1,0,1,0,1.0,0.0,,,,,,,,,,,,,,,,,,,,
4919a4df-07c5-4bcb-b969-3f39f48637dc,17760767,v1.14-1.15,0.0,2.000083559046467,1,1,1,1,1,1,1,1,1,1,1,1,1,0,1,0,1,0,1,0,1,0,1,0,1,0,1,1,1,0,1,0,1,0,1,0,1.0,0.0,1.0,0.0,1,1,1,1,1,1,1,1,1.0,1.0,1.0,1.0,1.0,1.0,1,0,1,0,1,0,1,0,1,0,1.0,0.0,,,,,,,,,,,,,,,,,,,,
52c752df-a7b3-4d38-a6fd-bd6fdd5d647d,17629184,v1.12-1.13,0.0,1.9999845911840086,1,1,1,0,1,1,1,1,1,0,1,0,1,0,1,0,1,0,1,0,1,0,1,0,1,1,1,1,1,0,1,0,1,1,1,0,,,,,1,1,1,1,1,0,1,0,,,,,,,1,0,1,0,1,0,1,0,1,1,,,1.0,0.0,,,,,,,,,,,,,,,,,,
d84ae474-fe53-4613-818e-71c79b4e1e78,17826047,v1.16+,0.001379034183675104,2.000223504426378,1,1,1,1,1,1,1,1,1,1,1,1,1,0,1,0,1,0,1,0,1,0,1,0,1,0,1,1,1,0,1,0,1,0,1,0,,,,,1,1,1,1,1,1,1,1,1.0,1.0,1.0,1.0,1.0,1.0,1,0,1,0,1,0,1,0,1,0,1.0,0.0,,,,,,,,,,,,,,,,,,,,
1342f4e6-810c-4798-94da-a4835507b477,17826047,v1.16+,0.0,1.9999995562600035,1,1,1,1,1,1,1,1,1,1,1,1,1,0,1,0,1,0,1,0,1,0,1,0,1,0,1,1,1,0,1,0,1,0,1,0,,,,,1,1,1,1,1,1,1,1,1.0,1.0,1.0,1.0,1.0,1.0,1,0,1,0,1,0,1,0,1,0,1.0,0.0,,,,,,,,,,,,,,,,,,,,
9a5c6cc5-ef8d-40d9-ae36-8917f8478f8a,17694720,v1.14-1.15,0.0,2.0000080483707565,1,1,1,0,1,1,1,1,1,0,1,1,1,0,1,0,1,0,1,0,1,0,1,0,1,0,1,1,1,0,1,0,1,0,1,0,1.0,0.0,1.0,0.0,1,1,1,0,1,0,1,0,1.0,1.0,1.0,0.0,1.0,0.0,1,0,1,0,1,0,1,0,1,1,1.0,1.0,1.0,0.0,,,,,,,,,,,,,,,,,,
57cef6cb-0a14-4cc1-9af0-dd1352b2726e,18285568,v1.16+,0.010053937121261097,1.982396299731602,1,1,1,0,1,1,1,1,1,0,1,1,1,0,1,0,1,0,1,0,1,0,1,0,1,0,1,1,1,1,1,0,1,0,1,0,,,,,1,1,1,0,1,0,1,0,,,,,,,1,1,1,1,1,0,1,0,1,1,,,1.0,0.0,,,,,,,,,,,,,,,,,,
0cde26e1-cf6d-42ec-bb2c-3a85e708974f,17891392,v1.16+,0.0,2.000005278059939,1,1,1,1,1,1,1,1,1,1,1,1,1,0,1,0,1,0,1,0,1,0,1,0,1,0,1,1,1,0,1,0,1,0,1,0,,,,,1,0,1,0,1,0,1,0,1.0,1.0,1.0,1.0,1.0,1.0,1,0,1,0,1,0,1,0,1,0,1.0,0.0,,,,,,,,,,,,,,,,,,,,
1cde2345-0a3f-468a-bf09-9b443aa6efd3,17760384,v1.14-1.15,0.0,2.0000014642043054,1,1,1,1,1,1,1,1,1,1,1,1,1,0,1,0,1,0,1,0,1,0,1,0,1,0,1,1,1,0,1,0,1,0,1,0,,,,,1,1,1,1,1,1,1,1,1.0,1.0,1.0,1.0,1.0,1.0,1,0,1,0,1,0,1,0,1,0,1.0,0.0,,,,,,,,,,,,,,,,,,,,
d89bbc65-f5ce-467c-ae9b-8e210a2a6829,17695743,v1.14-1.15,0.0023218834429554825,2.000160415100107,1,1,1,0,1,1,1,1,1,0,1,1,1,0,1,0,1,0,1,0,1,0,1,0,1,0,1,1,1,0,1,0,1,0,1,0,1.0,0.0,1.0,0.0,1,1,1,0,1,0,1,0,1.0,1.0,1.0,0.0,1.0,0.0,1,0,1,0,1,0,1,0,1,0,1.0,0.0,1.0,0.0,,,,,,,,,,,,,,,,,,
5974db7c-9b04-495a-83d2-7a3761a34b88,17891583,v1.16+,0.0,2.0000006476192573,1,1,1,1,1,1,1,1,1,1,1,1,1,0,1,0,1,0,1,0,1,0,1,0,1,0,1,1,1,0,1,0,1,0,1,0,,,,,1,1,1,1,1,1,1,1,1.0,1.0,1.0,1.0,1.0,1.0,1,0,1,0,1,0,1,0,1,0,1.0,0.0,,,,,,,,,,,,,,,,,,,,
86db4a18-0a29-445a-8377-73c41ea83a12,17956992,v1.16+,0.0,2.0001718957251815,1,1,1,1,1,1,1,1,1,1,1,1,1,0,1,0,1,0,1,0,1,0,1,0,1,0,1,1,1,0,1,0,1,0,1,0,,,,,1,1,1,1,1,1,1,1,1.0,1.0,1.0,1.0,1.0,1.0,1,0,1,0,1,0,1,0,1,0,1.0,0.0,,,,,,,,,,,,,,,,,,,,
bbc77a6b-9b2d-4c57-af2c-9a914b9fce03,17694976,v1.14-1.15,0.0,2.000012309231525,1,0,1,0,1,0,1,0,1,0,1,0,1,0,1,0,1,0,1,1,1,0,1,1,1,0,1,1,1,0,1,0,1,1,1,0,1.0,1.0,1.0,0.0,1,1,1,0,1,0,1,0,1.0,1.0,1.0,0.0,1.0,0.0,1,0,1,0,1,0,1,0,1,1,1.0,1.0,1.0,0.0,,,,,,,,,,,,,,,,,,
1b3e004a-cd70-4be8-90aa-3ed257a93f0e,17499135,v1.12-1.13,0.004465559594005659,4.999961975374569,1,1,1,1,1,1,1,1,1,1,1,0,1,0,1,1,1,0,1,0,1,1,1,0,1,0,1,1,1,0,1,0,1,0,1,1,,,,,1,1,1,1,1,0,1,0,,,,,,,1,0,1,0,1,0,1,0,1,0,,,1.0,0.0,1.0,0.0,1.0,0.0,1.0,0.0,1.0,0.0,1.0,0.0,1.0,0.0,,,,,,
dd372335-0061-4e93-b455-daf083db678a,17826047,v1.16+,0.0,2.0000072146378978,1,1,1,1,1,1,1,1,1,1,1,1,1,0,1,0,1,0,1,0,1,0,1,0,1,0,1,1,1,0,1,0,1,0,1,0,,,,,1,0,1,1,1,1,1,1,1.0,1.0,1.0,1.0,1.0,1.0,1,0,1,0,1,0,1,0,1,0,1.0,0.0,,,,,,,,,,,,,,,,,,,,
57b03779-ae3d-48eb-ab02-c2abea455506,17694720,v1.14-1.15,0.0,120.94175736165899,1,0,1,0,1,0,1,0,1,0,1,0,1,1,1,0,1,1,1,1,1,0,1,1,1,0,1,1,1,0,1,0,1,0,1,0,1.0,0.0,1.0,0.0,1,1,1,0,1,0,1,0,1.0,1.0,1.0,0.0,1.0,0.0,1,0,1,0,1,0,1,0,1,0,1.0,0.0,1.0,0.0,,,,,,,,,,,,,,,,,,
6d57db38-307b-41c4-b1a0-1e8ff4648aaa,17499136,v1.12-1.13,0.002236082618428359,1.9960846857613614,1,1,1,0,1,1,1,1,1,0,1,1,1,0,1,0,1,0,1,0,1,0,1,0,1,0,1,1,1,0,1,0,1,0,1,0,,,,,1,1,1,1,1,0,1,0,,,,,,,1,0,1,0,1,0,1,0,1,1,,,1.0,0.0,,,,,,,,,,,,,,,,,,
98e3ca04-9e94-49e6-ba8f-4965cdb30c9f,17760256,v1.14-1.15,0.0,1.9999059308552278,1,1,1,1,1,1,1,1,1,1,1,0,1,0,1,0,1,0,1,0,1,0,1,0,1,1,1,1,1,0,1,0,1,0,1,0,1.0,0.0,1.0,0.0,1,1,1,1,1,1,1,1,1.0,1.0,1.0,1.0,1.0,1.0,1,0,1,0,1,0,1,0,1,1,1.0,1.0,,,,,,,,,,,,,,,,,,,,
98d44365-5179-43c3-b8da-cd10f9d1b6c3,17630207,v1.12-1.13,0.0,1.9999303932272336,1,0,1,0,1,0,1,1,1,0,1,0,1,0,1,0,1,0,1,0,1,0,1,0,1,0,1,1,1,0,1,0,1,0,1,0,,,,,1,1,1,0,1,0,1,0,,,,,,,1,0,1,0,1,0,1,0,1,0,1.0,0.0,1.0,0.0,,,,,,,,,,,,,,,,,,
341bf189-4edb-4f75-8a84-51c2775ee382,17826559,v1.16+,0.0,2.0000490455376783,1,0,1,0,1,0,1,0,1,0,1,0,1,0,1,0,1,0,1,1,1,1,1,1,1,1,1,1,1,0,1,0,1,0,1,0,,,,,1,1,1,0,1,0,1,0,1.0,1.0,1.0,1.0,1.0,1.0,1,0,1,0,1,0,1,0,1,1,1.0,1.0,,,,,,,,,,,,,,,,,,,,
828a9473-c630-4e4a-ae2a-d0847d09fe90,17694975,v1.14-1.15,0.0,2.000083978681341,1,1,1,0,1,1,1,1,1,0,1,1,1,0,1,0,1,0,1,0,1,0,1,0,1,0,1,1,1,0,1,0,1,0,1,0,1.0,0.0,1.0,0.0,1,0,1,0,1,0,1,0,1.0,1.0,1.0,0.0,1.0,0.0,1,0,1,0,1,0,1,0,1,0,1.0,0.0,1.0,0.0,,,,,,,,,,,,,,,,,,
5317bb4c-f9da-4156-8424-e30996c0d19c,17761280,v1.14-1.15,0.0,125.0,1,1,1,1,1,1,1,1,1,1,1,1,1,0,1,0,1,0,1,0,1,0,1,0,1,0,1,1,1,0,1,0,1,0,1,0,1.0,0.0,1.0,0.0,1,0,1,0,1,0,1,0,1.0,1.0,1.0,1.0,1.0,1.0,1,0,1,0,1,0,1,0,1,0,1.0,0.0,,,,,,,,,,,,,,,,,,,,
ef05cacc-43c1-4082-9604-3aa85f30ce20,17761023,v1.14-1.15,0.0028856046890998834,1.9999517980367427,1,1,1,1,1,1,1,1,1,1,1,1,1,0,1,0,1,0,1,0,1,0,1,0,1,0,1,1,1,0,1,0,1,0,1,0,1.0,0.0,1.0,0.0,1,1,1,1,1,1,1,1,1.0,1.0,1.0,1.0,1.0,1.0,1,0,1,0,1,0,1,0,1,0,1.0,0.0,,,,,,,,,,,,,,,,,,,,
b75df2c1-913a-4a87-b565-1ef12a1d8777,17630207,v1.12-1.13,0.0,2.0000878001882794,1,0,1,0,1,0,1,0,1,0,1,0,1,0,1,0,1,0,1,1,1,0,1,0,1,0,1,1,1,0,1,0,1,0,1,0,,,,,1,1,1,1,1,0,1,0,,,,,,,1,0,1,0,1,0,1,0,1,0,1.0,0.0,1.0,0.0,,,,,,,,,,,,,,,,,,
14b9d0bc-5848-46c7-85d5-584830a91ab0,17891583,v1.16+,0.0,2.000007485144667,1,0,1,0,1,0,1,0,1,0,1,0,1,0,1,0,1,0,1,0,1,0,1,0,1,0,1,1,1,0,1,0,1,0,1,0,,,,,1,1,1,1,1,1,1,1,1.0,1.0,1.0,1.0,1.0,1.0,1,0,1,0,1,0,1,0,1,0,1.0,0.0,,,,,,,,,,,,,,,,,,,,
19bcdd7a-253f-40c8-8ef2-619b79ccfb70,17825984,v1.16+,0.0066068443179418965,2.0001493134720056,1,1,1,1,1,1,1,1,1,1,1,1,1,0,1,0,1,0,1,0,1,0,1,0,1,0,1,1,1,0,1,0,1,0,1,0,,,,,1,1,1,0,1,0,1,0,1.0,1.0,1.0,1.0,1.0,1.0,1,0,1,0,1,0,1,0,1,0,1.0,0.0,,,,,,,,,,,,,,,,,,,,
340dc5e1-df3f-4c9a-bb44-b9ed80c56082,17695488,v1.14-1.15,0.0,1.999999733333369,1,1,1,0,1,1,1,1,1,0,1,1,1,0,1,0,1,0,1,0,1,0,1,0,1,0,1,1,1,0,1,0,1,0,1,0,1.0,0.0,1.0,0.0,1,1,1,0,1,0,1,0,1.0,1.0,1.0,0.0,1.0,0.0,1,0,1,0,1,0,1,0,1,0,1.0,0.0,1.0,0.0,,,,,,,,,,,,,,,,,,
9a02c4e7-c6f6-4905-bd98-f0f469c2f072,17695743,v1.14-1.15,0.0,2.000042342253088,1,1,1,0,1,1,1,1,1,0,1,1,1,0,1,0,1,0,1,0,1,0,1,0,1,0,1,1,1,0,1,0,1,0,1,0,1.0,0.0,1.0,0.0,1,1,1,0,1,0,1,0,1.0,1.0,1.0,0.0,1.0,0.0,1,0,1,0,1,0,1,0,1,0,1.0,0.0,1.0,0.0,,,,,,,,,,,,,,,,,,
3b0f5139-1d90-43ce-82ce-be3f1ea4a497,17564416,v1.12-1.13,0.0,2.0007621124523127,1,0,1,0,1,0,1,0,1,0,1,0,1,0,1,0,1,0,1,1,1,0,1,1,1,0,1,0,1,0,1,0,1,0,1,0,,,,,1,1,1,0,1,0,1,0,,,,,,,1,0,1,0,1,0,1,0,1,0,,,1.0,0.0,,,,,,,,,,,,,,,,,,
c6b6196a-ac33-4b6d-ae40-cd31e63638dc,17760384,v1.14-1.15,0.0,1.9999616582693047,1,1,1,1,1,1,1,1,1,1,1,1,1,0,1,0,1,0,1,0,1,0,1,0,1,0,1,1,1,0,1,0,1,0,1,0,,,,,1,1,1,1,1,1,1,1,1.0,1.0,1.0,1.0,1.0,1.0,1,0,1,0,1,0,1,0,1,0,1.0,0.0,,,,,,,,,,,,,,,,,,,,
41a27129-f23a-4d6d-aaba-1d51929bd323,17629184,v1.12-1.13,0.0,2.0000567457960434,1,0,1,0,1,0,1,1,1,0,1,0,1,0,1,0,1,0,1,0,1,0,1,0,1,0,1,1,1,0,1,0,1,0,1,0,,,,,1,1,1,0,1,0,1,0,,,,,,,1,0,1,0,1,0,1,0,1,0,1.0,0.0,1.0,0.0,,,,,,,,,,,,,,,,,,
e2116b54-0326-4c1f-87a8-f3d6b9ef09da,17694975,v1.14-1.15,0.0,2.000167970862677,1,1,1,0,1,1,1,1,1,0,1,1,1,0,1,0,1,0,1,0,1,0,1,0,1,0,1,1,1,0,1,0,1,0,1,0,1.0,0.0,1.0,0.0,1,1,1,0,1,0,1,0,1.0,1.0,1.0,0.0,1.0,0.0,1,0,1,0,1,0,1,0,1,0,1.0,0.0,1.0,0.0,,,,,,,,,,,,,,,,,,
6dc6891f-7c8e-4a5b-9254-f8499514ed71,17826047,v1.16+,0.0,2.0001275806569767,1,1,1,1,1,1,1,1,1,1,1,1,1,0,1,0,1,0,1,0,1,0,1,0,1,0,1,1,1,0,1,0,1,0,1,0,,,,,1,1,1,1,1,1,1,1,1.0,1.0,1.0,1.0,1.0,1.0,1,0,1,0,1,0,1,0,1,0,1.0,0.0,,,,,,,,,,,,,,,,,,,,
1bd9abb2-267e-4971-b23d-9455b28fa6f4,16843392,v1.12-1.13,0.0,2.000024395616165,1,0,1,0,1,0,1,0,1,0,1,0,1,0,1,0,1,0,1,1,1,0,1,1,1,0,1,1,1,0,1,0,1,0,1,0,1.0,0.0,1.0,0.0,1,1,1,0,1,0,1,0,1.0,1.0,1.0,0.0,1.0,0.0,1,0,1,0,1,0,1,0,1,1,1.0,1.0,1.0,0.0,,,,,,,,,,,,,,,,,,
a2554749-50af-41f1-a416-f33e69ece6b3,17826047,v1.16+,0.0,1.9999854093591132,1,1,1,1,1,1,1,1,1,1,1,1,1,0,1,0,1,0,1,0,1,0,1,0,1,0,1,1,1,0,1,0,1,0,1,0,,,,,1,1,1,1,1,1,1,1,1.0,1.0,1.0,1.0,1.0,1.0,1,0,1,0,1,0,1,0,1,0,1.0,0.0,,,,,,,,,,,,,,,,,,,,
a447506e-ce29-45c2-b06f-6feb8ceb813b,17695488,v1.14-1.15,0.0,2.000261111008106,1,0,1,0,1,0,1,0,1,0,1,0,1,0,1,0,1,0,1,0,1,0,1,0,1,1,1,1,1,0,1,0,1,1,1,0,1.0,0.0,1.0,0.0,1,0,1,0,1,0,1,0,1.0,1.0,1.0,0.0,1.0,0.0,1,0,1,0,1,0,1,0,1,1,1.0,1.0,1.0,0.0,,,,,,,,,,,,,,,,,,
3b034715-ddac-4009-a620-114ec8adb49d,17761023,v1.14-1.15,0.0,2.000122668467521,1,1,1,1,1,1,1,1,1,1,1,1,1,0,1,0,1,0,1,0,1,0,1,0,1,0,1,1,1,0,1,0,1,0,1,0,1.0,0.0,1.0,0.0,1,1,1,1,1,1,1,1,1.0,1.0,1.0,1.0,1.0,1.0,1,0,1,0,1,0,1,0,1,0,1.0,0.0,,,,,,,,,,,,,,,,,,,,
4fc2c655-f4a0-460f-a640-36028f0a14b1,17761023,v1.14-1.15,0.0,2.000093549203108,1,0,1,0,1,0,1,0,1,0,1,0,1,0,1,0,1,0,1,0,1,0,1,0,1,1,1,1,1,0,1,0,1,1,1,1,1.0,1.0,1.0,1.0,1,1,1,1,1,1,1,1,1.0,1.0,1.0,1.0,1.0,1.0,1,0,1,0,1,0,1,0,1,1,1.0,1.0,,,,,,,,,,,,,,,,,,,,
dd22464a-75f3-4501-9b36-bc8b5c0b2f39,17695488,v1.14-1.15,0.0,2.000041903580639,1,0,1,0,1,0,1,0,1,0,1,0,1,0,1,0,1,0,1,1,1,0,1,1,1,0,1,1,1,0,1,0,1,0,1,0,1.0,0.0,1.0,0.0,1,1,1,0,1,0,1,0,1.0,1.0,1.0,0.0,1.0,0.0,1,0,1,0,1,0,1,0,1,0,1.0,0.0,1.0,0.0,,,,,,,,,,,,,,,,,,
932ea85a-8e9a-4b86-b823-676417a8bab3,17629952,v1.12-1.13,0.0101535862090784,1.9789434006910394,1,1,1,0,1,1,1,1,1,0,1,0,1,0,1,0,1,0,1,0,1,0,1,0,1,1,1,1,1,0,1,0,1,0,1,0,,,,,1,1,1,1,1,0,1,0,,,,,,,1,0,1,0,1,0,1,0,1,1,1.0,1.0,1.0,0.0,,,,,,,,,,,,,,,,,,
d2fd83dd-c64a-4c83-a067-5d23b52138fc,17629951,v1.12-1.13,0.0,2.000064890994241,1,1,1,0,1,1,1,1,1,0,1,0,1,0,1,0,1,0,1,0,1,0,1,0,1,0,1,1,1,0,1,0,1,0,1,0,,,,,1,1,1,1,1,0,1,0,,,,,,,1,0,1,0,1,0,1,0,1,0,1.0,0.0,1.0,0.0,,,,,,,,,,,,,,,,,,
9d7fc780-b69b-4cdd-ae4c-80974767c030,17826559,v1.16+,0.016880816374029394,1.9622637560223886,1,1,1,1,1,1,1,1,1,1,1,1,1,0,1,0,1,0,1,0,1,0,1,0,1,0,1,1,1,0,1,0,1,0,1,0,,,,,1,1,1,1,1,1,1,1,1.0,1.0,1.0,1.0,1.0,1.0,1,0,1,0,1,0,1,0,1,0,1.0,0.0,,,,,,,,,,,,,,,,,,,,
22b8f926-ff2b-4490-9f61-df3c10b54bfa,17761023,v1.14-1.15,0.004505617608619683,1.9927449717850891,1,1,1,1,1,1,1,1,1,1,1,1,1,0,1,0,1,0,1,0,1,0,1,0,1,0,1,1,1,0,1,0,1,0,1,0,1.0,0.0,1.0,0.0,1,1,1,1,1,1,1,1,1.0,1.0,1.0,1.0,1.0,1.0,1,0,1,0,1,0,1,0,1,0,1.0,0.0,,,,,,,,,,,,,,,,,,,,
c7c3fb38-7fe1-4ce2-81d5-23f7d4696b5a,17564159,v1.12-1.13,0.0,2.0027033193056507,1,1,1,0,1,1,1,1,1,0,1,1,1,0,1,0,1,0,1,0,1,0,1,0,1,0,1,0,1,0,1,0,1,0,1,0,,,,,1,1,1,1,1,0,1,0,,,,,,,1,0,1,0,1,0,1,0,1,0,,,1.0,0.0,,,,,,,,,,,,,,,,,,
c3a2aab5-1d38-4317-a327-3b6f7e1700b7,17694720,v1.14-1.15,0.0,2.000047399619576,1,0,1,0,1,0,1,0,1,0,1,0,1,1,1,0,1,1,1,1,1,0,1,1,1,0,1,1,1,0,1,0,1,0,1,0,1.0,0.0,1.0,0.0,1,0,1,0,1,0,1,0,1.0,1.0,1.0,0.0,1.0,0.0,1,0,1,0,1,0,1,0,1,0,1.0,0.0,1.0,0.0,,,,,,,,,,,,,,,,,,
c7d60981-aaba-4a47-a151-8e0faf3a3704,17891583,v1.16+,0.0,2.0001208728784556,1,1,1,1,1,1,1,1,1,1,1,1,1,0,1,0,1,0,1,0,1,0,1,0,1,0,1,1,1,0,1,0,1,0,1,0,,,,,1,0,1,1,1,1,1,1,1.0,1.0,1.0,1.0,1.0,1.0,1,0,1,0,1,0,1,0,1,0,1.0,0.0,,,,,,,,,,,,,,,,,,,,
8609e520-22e1-4678-b39b-c065df4ab69c,17825984,v1.16+,0.0,2.0001158040021925,1,1,1,1,1,1,1,1,1,1,1,1,1,0,1,0,1,0,1,0,1,0,1,0,1,1,1,1,1,0,1,0,1,1,1,1,,,,,1,0,1,1,1,1,1,1,1.0,1.0,1.0,1.0,1.0,1.0,1,0,1,0,1,0,1,0,1,1,1.0,1.0,,,,,,,,,,,,,,,,,,,,
2e9f3222-b78b-4965-a3ad-57958dd61418,17826047,v1.16+,0.0025944607569733584,1.9998723477707074,1,0,1,0,1,0,1,0,1,0,1,0,1,0,1,0,1,0,1,0,1,0,1,0,1,0,1,1,1,0,1,0,1,0,1,0,,,,,1,0,1,0,1,0,1,0,1.0,1.0,1.0,1.0,1.0,1.0,1,0,1,0,1,0,1,0,1,0,1.0,0.0,,,,,,,,,,,,,,,,,,,,
c894df4a-6cca-4961-8f5a-e0f9de25a7c9,17891392,v1.16+,0.0,2.0001494268937012,1,1,1,1,1,1,1,1,1,1,1,1,1,0,1,0,1,0,1,0,1,0,1,0,1,0,1,1,1,0,1,0,1,0,1,0,,,,,1,1,1,1,1,1,1,1,1.0,1.0,1.0,1.0,1.0,1.0,1,0,1,0,1,0,1,0,1,0,1.0,0.0,,,,,,,,,,,,,,,,,,,,
61fad1ca-11b9-477d-b089-85ddd9371438,17891392,v1.16+,0.0,1.9999879149666415,1,1,1,1,1,1,1,1,1,1,1,1,1,0,1,0,1,0,1,0,1,0,1,0,1,0,1,1,1,0,1,0,1,0,1,0,,,,,1,1,1,1,1,1,1,1,1.0,1.0,1.0,1.0,1.0,1.0,1,0,1,0,1,0,1,0,1,0,1.0,0.0,,,,,,,,,,,,,,,,,,,,
d9694c3d-501a-409d-bbcc-6b7250e205c8,17695488,v1.14-1.15,0.0022787210228910957,1.994611414570918,1,1,1,0,1,1,1,1,1,0,1,1,1,0,1,0,1,0,1,0,1,0,1,0,1,0,1,1,1,0,1,0,1,0,1,0,1.0,0.0,1.0,0.0,1,1,1,0,1,0,1,0,1.0,1.0,1.0,0.0,1.0,0.0,1,0,1,0,1,0,1,0,1,0,1.0,0.0,1.0,0.0,,,,,,,,,,,,,,,,,,
400ebafa-2240-43e1-b1d9-df971257ca7d,17694720,v1.14-1.15,0.0,1.9999530722875718,1,1,1,0,1,1,1,1,1,0,1,1,1,0,1,0,1,0,1,0,1,0,1,0,1,0,1,1,1,0,1,0,1,0,1,0,1.0,0.0,1.0,0.0,1,1,1,0,1,0,1,0,1.0,1.0,1.0,0.0,1.0,0.0,1,0,1,0,1,0,1,0,1,0,1.0,0.0,1.0,0.0,,,,,,,,,,,,,,,,,,
d4385e12-099a-439f-b9e5-8c5c1a255ab3,17695743,v1.14-1.15,0.0,2.0001288683029848,1,1,1,0,1,1,1,1,1,0,1,1,1,0,1,0,1,0,1,0,1,0,1,0,1,0,1,1,1,0,1,0,1,0,1,0,1.0,0.0,1.0,0.0,1,1,1,0,1,0,1,0,1.0,1.0,1.0,0.0,1.0,0.0,1,0,1,0,1,0,1,0,1,0,1.0,0.0,1.0,0.0,,,,,,,,,,,,,,,,,,
42fbd155-6baf-4df1-9767-550a77e6c2f1,17826240,v1.16+,0.0,2.00009179128487,1,0,1,0,1,0,1,0,1,0,1,0,1,0,1,0,1,0,1,1,1,1,1,1,1,1,1,1,1,0,1,0,1,0,1,0,,,,,1,1,1,1,1,1,1,1,1.0,1.0,1.0,1.0,1.0,1.0,1,0,1,0,1,0,1,0,1,1,1.0,1.0,,,,,,,,,,,,,,,,,,,,
c89e2af4-14dc-481c-849f-d1a099c9ec84,17826240,v1.16+,0.0,1.9999853802438556,1,1,1,1,1,1,1,1,1,1,1,1,1,0,1,0,1,0,1,0,1,0,1,0,1,1,1,1,1,0,1,0,1,1,1,1,,,,,1,1,1,1,1,1,1,1,1.0,1.0,1.0,1.0,1.0,1.0,1,0,1,0,1,0,1,0,1,1,1.0,1.0,,,,,,,,,,,,,,,,,,,,
dda79f86-ea54-4a42-9e5a-80d419d6ca43,17170944,v1.12-1.13,0.0,100.006021194605,1,1,1,1,1,1,1,1,1,1,1,1,1,0,1,0,1,0,1,0,1,0,1,0,1,0,1,1,1,0,1,0,1,0,1,0,,,,,1,1,1,1,1,1,1,1,1.0,1.0,1.0,1.0,1.0,1.0,1,0,1,0,1,0,1,0,1,0,1.0,0.0,,,,,,,,,,,,,,,,,,,,
1e048a6f-0921-403b-8e87-d7b32bc39d36,17825984,v1.16+,0.0,2.0000335226857695,1,0,1,0,1,0,1,0,1,0,1,0,1,0,1,0,1,0,1,0,1,0,1,0,1,0,1,1,1,0,1,0,1,0,1,0,,,,,1,1,1,1,1,1,1,1,1.0,1.0,1.0,1.0,1.0,1.0,1,0,1,0,1,0,1,0,1,0,1.0,0.0,,,,,,,,,,,,,,,,,,,,
98f70f84-48fb-4823-b715-ee0e87ddc306,17695743,v1.14-1.15,0.0,2.0000560015680438,1,1,1,0,1,1,1,1,1,0,1,1,1,0,1,0,1,0,1,0,1,0,1,0,1,0,1,1,1,0,1,0,1,0,1,0,1.0,0.0,1.0,0.0,1,1,1,0,1,0,1,0,1.0,1.0,1.0,0.0,1.0,0.0,1,0,1,0,1,0,1,0,1,0,1.0,0.0,1.0,0.0,,,,,,,,,,,,,,,,,,
7da5f62d-b1f6-4508-ad2b-9b7f38c1a7bd,17891392,v1.16+,0.0,1.999998502745358,1,1,1,1,1,1,1,1,1,1,1,1,1,0,1,0,1,0,1,0,1,0,1,0,1,0,1,1,1,0,1,0,1,0,1,0,,,,,1,1,1,1,1,1,1,1,1.0,1.0,1.0,1.0,1.0,1.0,1,0,1,0,1,0,1,0,1,0,1.0,0.0,,,,,,,,,,,,,,,,,,,,
8347ae00-2c99-4b07-88cc-7c2855f53934,17694720,v1.14-1.15,6.958530677021719e-05,100.82485803908409,1,1,1,0,1,1,1,1,1,0,1,1,1,0,1,0,1,0,1,0,1,0,1,0,1,0,1,1,1,0,1,0,1,0,1,0,1.0,0.0,1.0,0.0,1,0,1,0,1,0,1,0,1.0,1.0,1.0,0.0,1.0,0.0,1,0,1,0,1,0,1,0,1,0,1.0,0.0,1.0,0.0,,,,,,,,,,,,,,,,,,
e7bfe9ed-53a0-4484-ae88-509af1cca7e8,17694975,v1.14-1.15,0.0,2.000077209963118,1,1,1,0,1,1,1,1,1,0,1,1,1,0,1,0,1,0,1,0,1,0,1,0,1,0,1,1,1,0,1,0,1,0,1,0,1.0,0.0,1.0,0.0,1,1,1,0,1,0,1,0,1.0,1.0,1.0,0.0,1.0,0.0,1,0,1,0,1,0,1,0,1,0,1.0,0.0,1.0,0.0,,,,,,,,,,,,,,,,,,
cfac6a0a-6608-45ad-be33-c0f54f2b2d15,17760768,v1.14-1.15,0.0,1.9999056903977734,1,0,1,0,1,0,1,0,1,0,1,0,1,0,1,0,1,0,1,0,1,0,1,0,1,1,1,1,1,0,1,0,1,1,1,1,1.0,1.0,1.0,1.0,1,0,1,0,1,0,1,0,1.0,1.0,1.0,1.0,1.0,1.0,1,0,1,0,1,0,1,0,1,1,1.0,1.0,,,,,,,,,,,,,,,,,,,,
fd7b25a6-a9f9-4086-8221-310fb4c286bc,17695488,v1.14-1.15,0.0,1.9999676014318717,1,1,1,0,1,1,1,1,1,0,1,1,1,0,1,0,1,0,1,0,1,0,1,0,1,0,1,1,1,0,1,0,1,0,1,0,1.0,0.0,1.0,0.0,1,1,1,0,1,0,1,0,1.0,1.0,1.0,0.0,1.0,0.0,1,0,1,0,1,0,1,0,1,0,1.0,0.0,1.0,0.0,,,,,,,,,,,,,,,,,,
3833b517-ff13-4234-bb6e-ee3f50b12d1a,17761023,v1.14-1.15,0.0,2.0000136508868236,1,0,1,0,1,0,1,0,1,0,1,0,1,0,1,0,1,0,1,1,1,1,1,1,1,0,1,1,1,0,1,0,1,0,1,0,1.0,0.0,1.0,0.0,1,1,1,0,1,0,1,0,1.0,1.0,1.0,1.0,1.0,1.0,1,0,1,0,1,0,1,0,1,0,1.0,0.0,,,,,,,,,,,,,,,,,,,,
eb3710de-c278-4523-8411-284aac42f6de,17826559,v1.16+,0.0,2.0000350978921846,1,0,1,0,1,0,1,0,1,0,1,0,1,0,1,0,1,0,1,0,1,0,1,0,1,0,1,1,1,0,1,0,1,0,1,0,,,,,1,1,1,1,1,1,1,1,1.0,1.0,1.0,1.0,1.0,1.0,1,0,1,0,1,0,1,0,1,0,1.0,0.0,,,,,,,,,,,,,,,,,,,,
4717e3ac-83a5-4046-9a7d-c05e87752772,17826047,v1.16+,0.0,2.0000693002735215,1,1,1,1,1,1,1,1,1,1,1,1,1,0,1,0,1,0,1,0,1,0,1,0,1,0,1,1,1,0,1,0,1,0,1,0,,,,,1,1,1,1,1,1,1,1,1.0,1.0,1.0,1.0,1.0,1.0,1,0,1,0,1,0,1,0,1,0,1.0,0.0,,,,,,,,,,,,,,,,,,,,
ccb7c39b-2f39-4ebb-bf72-d27b2cc73b13,17695743,v1.14-1.15,0.0021981761371165157,2.0000805644392132,1,0,1,0,1,0,1,0,1,0,1,0,1,1,1,0,1,1,1,1,1,0,1,1,1,0,1,1,1,0,1,0,1,0,1,0,1.0,0.0,1.0,0.0,1,1,1,0,1,0,1,0,1.0,1.0,1.0,0.0,1.0,0.0,1,0,1,0,1,0,1,0,1,0,1.0,0.0,1.0,0.0,,,,,,,,,,,,,,,,,,
78d77df7-6edd-42c6-81d1-1fd45fed372c,17695488,v1.14-1.15,0.0,2.000003175762618,1,0,1,0,1,0,1,0,1,0,1,0,1,0,1,0,1,0,1,0,1,0,1,0,1,1,1,1,1,0,1,0,1,1,1,0,1.0,1.0,1.0,0.0,1,0,1,0,1,0,1,0,1.0,1.0,1.0,0.0,1.0,0.0,1,0,1,0,1,0,1,0,1,1,1.0,1.0,1.0,0.0,,,,,,,,,,,,,,,,,,
05fe654f-3202-4a21-878a-ee45ea2b4089,17695488,v1.14-1.15,0.0,1.9999826283929625,1,0,1,0,1,0,1,0,1,0,1,0,1,0,1,0,1,0,1,0,1,0,1,0,1,0,1,1,1,0,1,0,1,0,1,0,1.0,0.0,1.0,0.0,1,1,1,0,1,0,1,0,1.0,1.0,1.0,0.0,1.0,0.0,1,0,1,0,1,0,1,0,1,0,1.0,0.0,1.0,0.0,,,,,,,,,,,,,,,,,,
f6aa2d92-1557-4b4f-b1e3-c21087e83a58,17761535,v1.14-1.15,0.0,1.999980833074934,1,1,1,1,1,1,1,1,1,1,1,1,1,0,1,0,1,0,1,0,1,0,1,0,1,0,1,1,1,0,1,0,1,0,1,0,1.0,0.0,1.0,0.0,1,1,1,1,1,1,1,1,1.0,1.0,1.0,1.0,1.0,1.0,1,0,1,0,1,0,1,0,1,0,1.0,0.0,,,,,,,,,,,,,,,,,,,,
6988ce1e-313c-4703-9869-6ad1637cd638,17760767,v1.14-1.15,0.009763844868318322,1.9818821966131324,1,1,1,1,1,1,1,1,1,1,1,0,1,0,1,0,1,0,1,0,1,0,1,0,1,0,1,1,1,0,1,0,1,0,1,0,1.0,0.0,1.0,0.0,1,1,1,1,1,1,1,1,1.0,1.0,1.0,1.0,1.0,1.0,1,0,1,0,1,0,1,0,1,0,1.0,0.0,,,,,,,,,,,,,,,,,,,,
30f38de9-73da-4719-ad3a-3a6b5426ac8a,17629952,v1.12-1.13,0.0,2.000060001800054,1,1,1,0,1,1,1,1,1,0,1,0,1,0,1,0,1,0,1,0,1,0,1,0,1,0,1,1,1,0,1,0,1,0,1,0,,,,,1,1,1,1,1,0,1,0,,,,,,,1,0,1,0,1,0,1,0,1,0,1.0,0.0,1.0,0.0,,,,,,,,,,,,,,,,,,
cd64d3af-2a4a-433e-ac97-1d37e446039b,17760768,v1.14-1.15,0.0,2.001687744382613,1,1,1,1,1,1,1,1,1,1,1,1,1,0,1,0,1,0,1,0,1,0,1,0,1,0,1,1,1,0,1,0,1,1,1,1,1.0,0.0,1.0,0.0,1,0,1,0,1,0,1,0,1.0,1.0,1.0,1.0,1.0,1.0,1,0,1,0,1,0,1,0,1,1,1.0,1.0,,,,,,,,,,,,,,,,,,,,
acb72714-f98a-4be1-b6a8-235707b488b0,17564416,v1.12-1.13,0.0,2.0082854449849834,1,1,1,0,1,1,1,1,1,0,1,1,1,0,1,0,1,0,1,0,1,0,1,0,1,0,1,1,1,0,1,0,1,0,1,0,,,,,1,1,1,0,1,0,1,0,,,,,,,1,0,1,0,1,0,1,0,1,0,,,1.0,0.0,,,,,,,,,,,,,,,,,,
810698d7-dfc6-4945-b073-c776fed93332,17695743,v1.14-1.15,0.0,2.0000097200472395,1,1,1,0,1,1,1,1,1,0,1,1,1,0,1,0,1,0,1,0,1,0,1,0,1,0,1,1,1,0,1,0,1,0,1,0,1.0,0.0,1.0,0.0,1,1,1,0,1,0,1,0,1.0,1.0,1.0,0.0,1.0,0.0,1,0,1,0,1,0,1,0,1,0,1.0,0.0,1.0,0.0,,,,,,,,,,,,,,,,,,
f8244409-870e-4867-b1f6-012a565d0032,17694720,v1.14-1.15,0.00015551312965387078,117.69099359606169,1,1,1,0,1,1,1,1,1,0,1,1,1,0,1,0,1,0,1,0,1,0,1,0,1,1,1,1,1,0,1,0,1,0,1,0,1.0,0.0,1.0,0.0,1,0,1,0,1,0,1,0,1.0,1.0,1.0,0.0,1.0,0.0,1,0,1,0,1,0,1,0,1,0,1.0,0.0,1.0,0.0,,,,,,,,,,,,,,,,,,
79dec93d-2ad0-48e2-a443-9141e0d0dd87,17761535,v1.14-1.15,0.0005737289559881043,2.000187499057782,1,0,1,0,1,0,1,0,1,0,1,0,1,0,1,0,1,0,1,0,1,0,1,0,1,0,1,1,1,0,1,0,1,0,1,0,1.0,0.0,1.0,0.0,1,0,1,0,1,0,1,0,1.0,1.0,1.0,1.0,1.0,1.0,1,0,1,0,1,0,1,0,1,0,1.0,0.0,,,,,,,,,,,,,,,,,,,,
30000824-4cd9-483e-b7e6-6fb1b10152d2,17694975,v1.14-1.15,0.0,1.9998860064976296,1,0,1,0,1,0,1,0,1,0,1,0,1,0,1,0,1,0,1,0,1,0,1,0,1,0,1,1,1,0,1,0,1,0,1,0,1.0,0.0,1.0,0.0,1,1,1,0,1,0,1,0,1.0,1.0,1.0,0.0,1.0,0.0,1,0,1,0,1,0,1,0,1,0,1.0,0.0,1.0,0.0,,,,,,,,,,,,,,,,,,
1deb4b06-24e7-42df-9231-ca652a8338b8,17826240,v1.16+,0.0,1.9999274172683683,1,1,1,1,1,1,1,1,1,1,1,1,1,0,1,0,1,0,1,0,1,0,1,0,1,0,1,1,1,0,1,0,1,0,1,0,,,,,1,1,1,1,1,1,1,1,1.0,1.0,1.0,1.0,1.0,1.0,1,0,1,0,1,0,1,0,1,0,1.0,0.0,,,,,,,,,,,,,,,,,,,,
c2de928c-fd05-46b2-aea0-c6d81cff1ae2,17629184,v1.12-1.13,0.0,2.0139981887818523,1,0,1,0,1,0,1,0,1,0,1,0,1,0,1,0,1,0,1,1,1,0,1,1,1,0,1,0,1,0,1,0,1,0,1,0,,,,,1,1,1,0,1,0,1,0,,,,,,,1,0,1,0,1,0,1,0,1,0,,,1.0,0.0,,,,,,,,,,,,,,,,,,
0d4645e0-02d8-44bd-a586-a0bef3358e3b,17629696,v1.12-1.13,0.0,2.000003451361618,1,1,1,0,1,1,1,1,1,0,1,1,1,0,1,0,1,0,1,0,1,0,1,0,1,1,1,0,1,0,1,0,1,0,1,0,,,,,1,1,1,0,1,0,1,0,,,,,,,1,0,1,0,1,0,1,0,1,1,1.0,1.0,1.0,0.0,,,,,,,,,,,,,,,,,,
0f1146d2-5d75-4905-bf62-f13a1dbba856,17695999,v1.14-1.15,0.006770742112906243,1.9964097143239137,1,1,1,0,1,1,1,1,1,0,1,1,1,0,1,0,1,0,1,0,1,0,1,0,1,0,1,1,1,0,1,0,1,0,1,0,1.0,0.0,1.0,0.0,1,1,1,0,1,0,1,0,1.0,1.0,1.0,0.0,1.0,0.0,1,0,1,0,1,0,1,0,1,0,1.0,0.0,1.0,0.0,,,,,,,,,,,,,,,,,,
aa4043a3-0a8f-41bb-b0a2-2318520021e1,17564416,v1.12-1.13,0.00038384060041360635,2.0071099397087444,1,1,1,0,1,1,1,1,1,0,1,0,1,0,1,0,1,0,1,0,1,0,1,0,1,0,1,1,1,0,1,0,1,0,1,0,,,,,1,1,1,1,1,0,1,0,,,,,,,1,0,1,0,1,0,1,0,1,0,,,1.0,0.0,,,,,,,,,,,,,,,,,,
6beb40a6-9a05-43f8-9e41-14462b394b48,17630207,v1.12-1.13,0.0,2.000146845563627,1,1,1,0,1,1,1,1,1,0,1,0,1,0,1,0,1,0,1,0,1,0,1,0,1,1,1,0,1,0,1,0,1,0,1,0,,,,,1,1,1,1,1,0,1,0,,,,,,,1,0,1,0,1,0,1,0,1,1,1.0,1.0,1.0,0.0,,,,,,,,,,,,,,,,,,
80c92874-faf0-4ec8-b347-c481b8a0b310,17826047,v1.16+,0.0,1.999983271515387,1,1,1,1,1,1,1,1,1,1,1,1,1,0,1,0,1,0,1,0,1,0,1,0,1,0,1,1,1,0,1,0,1,0,1,0,,,,,1,1,1,1,1,1,1,1,1.0,1.0,1.0,1.0,1.0,1.0,1,0,1,0,1,0,1,0,1,0,1.0,0.0,,,,,,,,,,,,,,,,,,,,
11395452-66b4-4e39-a73c-b07a72ebc999,17170944,v1.12-1.13,0.0,2.0001311176862693,1,1,1,1,1,1,1,1,1,1,1,1,1,0,1,0,1,0,1,0,1,0,1,0,1,0,1,1,1,0,1,0,1,0,1,0,,,,,1,1,1,1,1,1,1,1,1.0,1.0,1.0,1.0,1.0,1.0,1,0,1,0,1,0,1,0,1,0,1.0,0.0,,,,,,,,,,,,,,,,,,,,
52cb8909-da53-4f48-83e2-9acaca870e47,17761535,v1.14-1.15,0.00047035721058858116,2.000004504211825,1,0,1,0,1,0,1,0,1,0,1,0,1,0,1,0,1,0,1,1,1,1,1,1,1,0,1,1,1,0,1,0,1,0,1,0,1.0,0.0,1.0,0.0,1,1,1,1,1,1,1,1,1.0,1.0,1.0,1.0,1.0,1.0,1,0,1,0,1,0,1,0,1,0,1.0,0.0,,,,,,,,,,,,,,,,,,,,
a18579c4-dc2e-4029-a19a-d6d7dc73218b,17760511,v1.14-1.15,0.0,2.0000431728617523,1,0,1,0,1,0,1,0,1,0,1,0,1,1,1,1,1,1,1,1,1,1,1,1,1,0,1,1,1,0,1,0,1,0,1,0,1.0,0.0,1.0,0.0,1,1,1,0,1,0,1,0,1.0,1.0,1.0,1.0,1.0,1.0,1,0,1,0,1,0,1,0,1,0,1.0,0.0,,,,,,,,,,,,,,,,,,,,
9831e8d4-f8aa-4682-96f7-b9511c5f8a8c,17761535,v1.14-1.15,0.0,2.000142722512898,1,1,1,1,1,1,1,1,1,1,1,1,1,0,1,0,1,0,1,0,1,0,1,0,1,0,1,1,1,0,1,0,1,0,1,0,1.0,0.0,1.0,0.0,1,1,1,1,1,1,1,1,1.0,1.0,1.0,1.0,1.0,1.0,1,0,1,0,1,0,1,0,1,0,1.0,0.0,,,,,,,,,,,,,,,,,,,,
7c1e04b7-53cd-4cb0-9495-b5b4190b6f6f,17761535,v1.14-1.15,0.0015517640809576806,1.9999920625315017,1,1,1,1,1,1,1,1,1,1,1,1,1,0,1,0,1,0,1,0,1,0,1,0,1,0,1,1,1,0,1,0,1,0,1,0,1.0,0.0,1.0,0.0,1,0,1,0,1,0,1,0,1.0,1.0,1.0,1.0,1.0,1.0,1,0,1,0,1,0,1,0,1,0,1.0,0.0,,,,,,,,,,,,,,,,,,,,
b9e7d082-4098-4209-a36d-d6480263dbf3,17695488,v1.14-1.15,0.0,2.0000050413350214,1,0,1,0,1,0,1,0,1,0,1,0,1,1,1,0,1,1,1,1,1,0,1,1,1,0,1,1,1,0,1,0,1,0,1,0,1.0,0.0,1.0,0.0,1,1,1,0,1,0,1,0,1.0,1.0,1.0,0.0,1.0,0.0,1,0,1,0,1,0,1,0,1,1,1.0,1.0,1.0,0.0,,,,,,,,,,,,,,,,,,
f7749e6d-7887-4805-84b2-ac9a2c56c4c3,17761280,v1.14-1.15,0.0,2.000164719447484,1,0,1,0,1,0,1,0,1,0,1,0,1,0,1,0,1,0,1,0,1,0,1,0,1,0,1,1,1,0,1,0,1,0,1,0,1.0,0.0,1.0,0.0,1,1,1,0,1,0,1,0,1.0,1.0,1.0,1.0,1.0,1.0,1,0,1,0,1,0,1,0,1,0,1.0,0.0,,,,,,,,,,,,,,,,,,,,
c127f725-ae28-46ec-9721-4c10a5461b09,16779519,v1.12-1.13,0.0,2.0000120000720005,1,1,1,1,1,0,1,1,1,1,1,1,1,0,1,0,1,0,1,0,1,0,1,0,1,1,1,1,1,0,1,0,1,0,1,0,1.0,0.0,1.0,0.0,1,1,1,1,1,1,1,1,1.0,1.0,1.0,1.0,1.0,1.0,1,0,1,0,1,0,1,0,1,1,1.0,1.0,,,,,,,,,,,,,,,,,,,,
33cdf6a9-ddd7-4533-b197-4269f5323399,17695743,v1.14-1.15,0.0,2.0000615978566856,1,0,1,0,1,0,1,0,1,0,1,0,1,0,1,0,1,0,1,0,1,0,1,0,1,0,1,1,1,0,1,0,1,0,1,0,1.0,0.0,1.0,0.0,1,1,1,0,1,0,1,0,1.0,1.0,1.0,0.0,1.0,0.0,1,0,1,0,1,0,1,0,1,0,1.0,0.0,1.0,0.0,,,,,,,,,,,,,,,,,,
ffff4a47-7645-4443-8685-2715cb47e013,17694720,v1.14-1.15,0.0006373330758044192,100.22715276534427,1,0,1,0,1,0,1,0,1,0,1,0,1,0,1,0,1,0,1,0,1,0,1,0,1,0,1,0,1,0,1,0,1,0,1,0,1.0,0.0,1.0,0.0,1,0,1,0,1,0,1,0,1.0,1.0,1.0,0.0,1.0,0.0,1,0,1,0,1,0,1,0,1,0,1.0,0.0,1.0,0.0,,,,,,,,,,,,,,,,,,
c0bdcfce-b812-4b75-b15c-239242c82bf7,17695743,v1.14-1.15,0.0,1.9999792753825425,1,1,1,0,1,1,1,1,1,0,1,1,1,0,1,0,1,0,1,0,1,0,1,0,1,0,1,1,1,0,1,0,1,0,1,0,1.0,0.0,1.0,0.0,1,1,1,0,1,0,1,0,1.0,1.0,1.0,0.0,1.0,0.0,1,0,1,0,1,0,1,0,1,0,1.0,0.0,1.0,0.0,,,,,,,,,,,,,,,,,,
d6e8c55e-6a9f-4813-8b5c-d19632f8ffb8,17695488,v1.14-1.15,0.0,1.9999791207853488,1,0,1,0,1,0,1,0,1,0,1,0,1,0,1,0,1,0,1,0,1,0,1,0,1,1,1,0,1,0,1,0,1,1,1,0,1.0,0.0,1.0,0.0,1,0,1,0,1,0,1,0,1.0,1.0,1.0,0.0,1.0,0.0,1,0,1,0,1,0,1,0,1,1,1.0,1.0,1.0,0.0,,,,,,,,,,,,,,,,,,
6fa837fe-9ba4-432a-a328-bff16c9ba096,17761535,v1.14-1.15,0.0,2.0000001739130586,1,0,1,0,1,0,1,0,1,0,1,0,1,0,1,0,1,0,1,0,1,0,1,0,1,0,1,1,1,0,1,0,1,0,1,0,1.0,0.0,1.0,0.0,1,0,1,0,1,0,1,0,1.0,1.0,1.0,1.0,1.0,1.0,1,0,1,0,1,0,1,0,1,0,1.0,0.0,,,,,,,,,,,,,,,,,,,,
8d7335b3-b6d2-4df0-9acf-d5f1d8fd2a66,17826304,v1.16+,0.0,2.0000021937866843,1,1,1,1,1,1,1,1,1,1,1,1,1,0,1,0,1,0,1,0,1,0,1,0,1,1,1,1,1,0,1,0,1,0,1,0,,,,,1,1,1,1,1,1,1,1,1.0,1.0,1.0,1.0,1.0,1.0,1,0,1,0,1,0,1,0,1,1,1.0,1.0,,,,,,,,,,,,,,,,,,,,
bc41c300-98a6-4bee-aa56-ed797f25f9c8,17825984,v1.16+,0.009086354803423374,1.9817129904033106,1,0,1,0,1,0,1,0,1,0,1,0,1,0,1,0,1,0,1,0,1,0,1,0,1,0,1,1,1,0,1,0,1,0,1,0,,,,,1,1,1,1,1,1,1,1,1.0,1.0,1.0,1.0,1.0,1.0,1,0,1,0,1,0,1,0,1,0,1.0,0.0,,,,,,,,,,,,,,,,,,,,
78a288a8-df4a-4ce3-874d-df440f33c3a0,17761535,v1.14-1.15,0.0,2.000017333483557,1,1,1,1,1,1,1,1,1,1,1,1,1,0,1,0,1,0,1,0,1,0,1,0,1,0,1,1,1,0,1,0,1,0,1,0,1.0,0.0,1.0,0.0,1,1,1,1,1,1,1,1,1.0,1.0,1.0,1.0,1.0,1.0,1,0,1,0,1,0,1,0,1,0,1.0,0.0,,,,,,,,,,,,,,,,,,,,
8c913ea3-9221-41af-9b96-0e270f171eeb,17761280,v1.14-1.15,0.0,1.999828014790728,1,0,1,0,1,0,1,0,1,0,1,0,1,0,1,0,1,0,1,1,1,1,1,1,1,0,1,0,1,0,1,0,1,0,1,0,1.0,0.0,1.0,0.0,1,1,1,1,1,1,1,1,1.0,1.0,1.0,1.0,1.0,1.0,1,0,1,0,1,0,1,0,1,0,1.0,0.0,,,,,,,,,,,,,,,,,,,,
a356bfd9-18f5-4f67-aadd-7abca52d8d50,17761535,v1.14-1.15,0.0,2.0000040869648736,1,1,1,1,1,1,1,1,1,1,1,1,1,0,1,0,1,0,1,0,1,0,1,0,1,0,1,1,1,0,1,0,1,0,1,0,1.0,0.0,1.0,0.0,1,1,1,1,1,1,1,1,1.0,1.0,1.0,1.0,1.0,1.0,1,0,1,0,1,0,1,0,1,1,1.0,1.0,,,,,,,,,,,,,,,,,,,,
319b8703-cd5c-4397-92a1-83c75e192a32,17629952,v1.12-1.13,0.0,1.9999559299651881,1,0,1,0,1,0,1,0,1,0,1,0,1,0,1,0,1,0,1,1,1,0,1,1,1,0,1,0,1,0,1,0,1,0,1,0,,,,,1,1,1,0,1,0,1,0,,,,,,,1,0,1,0,1,0,1,0,1,1,1.0,1.0,1.0,0.0,,,,,,,,,,,,,,,,,,
59c2f3ac-23f7-4567-9de9-ddee4035f574,17826559,v1.16+,0.0,1.9999981584175373,1,0,1,0,1,0,1,0,1,0,1,0,1,0,1,0,1,0,1,1,1,1,1,1,1,0,1,0,1,0,1,0,1,0,1,0,,,,,1,1,1,0,1,0,1,0,1.0,1.0,1.0,1.0,1.0,1.0,1,0,1,0,1,0,1,0,1,0,1.0,0.0,,,,,,,,,,,,,,,,,,,,
b5b3c3c0-016f-4181-ad84-8ac7ac8cd62c,17826240,v1.16+,0.0,1.9999694794573555,1,0,1,0,1,0,1,0,1,0,1,0,1,0,1,0,1,0,1,0,1,0,1,0,1,0,1,1,1,0,1,0,1,0,1,0,,,,,1,1,1,1,1,1,1,1,1.0,1.0,1.0,1.0,1.0,1.0,1,0,1,0,1,0,1,0,1,0,1.0,0.0,,,,,,,,,,,,,,,,,,,,
ebc96d5c-4803-4e74-aaf7-808757a7829e,17761535,v1.14-1.15,0.0,2.0000227648849673,1,0,1,0,1,0,1,0,1,0,1,0,1,0,1,0,1,0,1,0,1,0,1,0,1,0,1,1,1,0,1,0,1,0,1,0,1.0,0.0,1.0,0.0,1,1,1,1,1,1,1,1,1.0,1.0,1.0,1.0,1.0,1.0,1,0,1,0,1,0,1,0,1,0,1.0,0.0,,,,,,,,,,,,,,,,,,,,
57661fc0-e1ed-43c1-a161-071f287f57c0,17825984,v1.16+,0.0,2.00015972475498,1,1,1,1,1,1,1,1,1,1,1,1,1,0,1,0,1,0,1,0,1,0,1,0,1,0,1,1,1,0,1,0,1,0,1,0,,,,,1,1,1,1,1,1,1,1,1.0,1.0,1.0,1.0,1.0,1.0,1,0,1,0,1,0,1,0,1,0,1.0,0.0,,,,,,,,,,,,,,,,,,,,
33973688-42e3-476e-a189-f587ca3f9267,17826240,v1.16+,0.0003084298636701449,2.0000394456992825,1,1,1,1,1,1,1,1,1,1,1,1,1,0,1,0,1,0,1,0,1,0,1,0,1,1,1,1,1,0,1,0,1,0,1,0,,,,,1,1,1,1,1,1,1,1,1.0,1.0,1.0,1.0,1.0,1.0,1,0,1,0,1,0,1,0,1,1,1.0,1.0,,,,,,,,,,,,,,,,,,,,
4585ca40-edc0-4b2d-9851-09ee2b57d5a1,17760384,v1.14-1.15,0.0076582999595196525,1.9832954370872793,1,1,1,1,1,1,1,1,1,1,1,1,1,0,1,0,1,0,1,0,1,0,1,0,1,0,1,1,1,0,1,0,1,0,1,0,1.0,0.0,1.0,0.0,1,1,1,1,1,1,1,1,1.0,1.0,1.0,1.0,1.0,1.0,1,0,1,0,1,0,1,0,1,0,1.0,0.0,,,,,,,,,,,,,,,,,,,,
e17ac111-c9ef-4000-a3f5-db561d1e7bf8,17825856,v1.16+,0.0,2.0000681273205867,1,0,1,0,1,0,1,0,1,0,1,0,1,0,1,0,1,0,1,0,1,0,1,0,1,0,1,1,1,0,1,0,1,0,1,0,,,,,1,0,1,0,1,0,1,0,1.0,1.0,1.0,1.0,1.0,1.0,1,0,1,0,1,0,1,0,1,0,1.0,0.0,,,,,,,,,,,,,,,,,,,,
a2cd1e66-a383-4e4c-b8b8-f2876f69e0d1,17694975,v1.14-1.15,0.0,2.0000389708192277,1,0,1,0,1,0,1,0,1,0,1,0,1,0,1,0,1,0,1,0,1,0,1,0,1,1,1,1,1,0,1,0,1,1,1,0,1.0,0.0,1.0,0.0,1,0,1,0,1,0,1,0,1.0,1.0,1.0,0.0,1.0,0.0,1,0,1,0,1,0,1,0,1,1,1.0,1.0,1.0,0.0,,,,,,,,,,,,,,,,,,
ef779c36-c81b-429c-bca5-dea9eba40aff,17499135,v1.12-1.13,0.004330430336047686,4.999987290672699,1,1,1,1,1,1,1,1,1,1,1,0,1,0,1,1,1,0,1,0,1,1,1,0,1,0,1,1,1,0,1,0,1,0,1,1,,,,,1,1,1,1,1,0,1,0,,,,,,,1,0,1,0,1,0,1,0,1,0,,,1.0,0.0,1.0,0.0,1.0,0.0,1.0,0.0,1.0,0.0,1.0,0.0,1.0,0.0,,,,,,
ee9aa0de-a07f-4220-b71d-3eab8230026a,17629952,v1.12-1.13,0.0,1.9998833364145314,1,1,1,0,1,1,1,1,1,0,1,1,1,0,1,0,1,0,1,0,1,0,1,0,1,0,1,0,1,0,1,0,1,0,1,0,,,,,1,1,1,1,1,0,1,0,,,,,,,1,0,1,0,1,0,1,0,1,0,1.0,0.0,1.0,0.0,,,,,,,,,,,,,,,,,,
700f4332-39ef-445a-a842-953db2bdd961,17761535,v1.14-1.15,0.0,1.9999972050248265,1,0,1,0,1,0,1,0,1,0,1,0,1,0,1,0,1,0,1,1,1,1,1,1,1,0,1,1,1,0,1,0,1,0,1,0,1.0,0.0,1.0,0.0,1,1,1,1,1,1,1,1,1.0,1.0,1.0,1.0,1.0,1.0,1,0,1,0,1,0,1,0,1,0,1.0,0.0,,,,,,,,,,,,,,,,,,,,
2e189e33-d8b5-461c-ae97-7ba301d69c10,17760511,v1.14-1.15,0.0,2.0002024080793417,1,0,1,0,1,0,1,0,1,0,1,0,1,0,1,0,1,0,1,0,1,0,1,0,1,1,1,1,1,0,1,0,1,1,1,1,1.0,1.0,1.0,1.0,1,0,1,0,1,0,1,0,1.0,1.0,1.0,1.0,1.0,1.0,1,0,1,0,1,0,1,0,1,1,1.0,1.0,,,,,,,,,,,,,,,,,,,,
3209e650-0eac-4663-b720-546dcb941d64,17629951,v1.12-1.13,0.0,2.0001717814198274,1,0,1,0,1,0,1,1,1,0,1,0,1,0,1,0,1,0,1,0,1,0,1,0,1,0,1,1,1,0,1,0,1,0,1,0,,,,,1,1,1,0,1,0,1,0,,,,,,,1,0,1,0,1,0,1,0,1,0,1.0,0.0,1.0,0.0,,,,,,,,,,,,,,,,,,
6a39ac7b-d422-4148-819a-595fff51a4ec,17760256,v1.14-1.15,0.0,1.999114073540608,1,1,1,1,1,1,1,1,1,1,1,0,1,0,1,0,1,0,1,0,1,0,1,0,1,1,1,1,1,0,1,0,1,0,1,0,1.0,0.0,1.0,0.0,1,1,1,1,1,1,1,1,1.0,1.0,1.0,1.0,1.0,1.0,1,0,1,0,1,0,1,0,1,1,1.0,1.0,,,,,,,,,,,,,,,,,,,,
ab123b2e-bb91-4d3d-8a36-887791eadff8,17499135,v1.12-1.13,0.005013609487484267,4.999837557798674,1,1,1,1,1,1,1,1,1,1,1,0,1,0,1,1,1,0,1,0,1,1,1,0,1,0,1,1,1,0,1,0,1,0,1,1,,,,,1,1,1,1,1,0,1,0,,,,,,,1,0,1,0,1,0,1,0,1,0,,,1.0,0.0,1.0,0.0,1.0,0.0,1.0,0.0,1.0,0.0,1.0,0.0,1.0,0.0,,,,,,
c21eb821-0bdb-4561-8d0b-50ed518e3f21,17571712,v1.12-1.13,0.0,2.0020232562133353,1,1,1,0,1,1,1,1,1,0,1,1,1,0,1,0,1,0,1,0,1,0,1,0,1,0,1,0,1,0,1,0,1,0,1,0,,,,,1,1,1,1,1,0,1,0,,,,,,,1,0,1,0,1,0,1,0,1,0,,,1.0,0.0,,,,,,,,,,,,,,,,,,
b66b3427-4eff-4692-b3bd-a12af224a913,17826240,v1.16+,0.016055923564992657,1.9630051554564893,1,1,1,1,1,1,1,1,1,1,1,1,1,0,1,0,1,0,1,0,1,0,1,0,1,1,1,1,1,0,1,0,1,0,1,0,,,,,1,1,1,1,1,1,1,1,1.0,1.0,1.0,1.0,1.0,1.0,1,0,1,0,1,0,1,0,1,1,1.0,1.0,,,,,,,,,,,,,,,,,,,,
277da726-32eb-4893-80ba-37567d118cab,17694975,v1.14-1.15,0.0,2.0001791777275377,1,1,1,0,1,1,1,1,1,0,1,1,1,0,1,0,1,0,1,0,1,0,1,0,1,0,1,1,1,0,1,0,1,0,1,0,1.0,0.0,1.0,0.0,1,1,1,0,1,0,1,0,1.0,1.0,1.0,0.0,1.0,0.0,1,0,1,0,1,0,1,0,1,0,1.0,0.0,1.0,0.0,,,,,,,,,,,,,,,,,,
38bb5b88-f3b6-451d-8935-7e376b590d7c,17694720,v1.14-1.15,0.0,126.00554991143137,1,0,1,0,1,0,1,0,1,0,1,0,1,0,1,0,1,0,1,0,1,0,1,0,1,0,1,1,1,0,1,0,1,0,1,0,1.0,0.0,1.0,0.0,1,0,1,0,1,0,1,0,1.0,1.0,1.0,0.0,1.0,0.0,1,0,1,0,1,0,1,0,1,0,1.0,0.0,1.0,0.0,,,,,,,,,,,,,,,,,,
de285684-e2e5-43cd-b37f-e6dad33595a2,17760768,v1.14-1.15,0.0,2.0000209275372742,1,1,1,1,1,1,1,1,1,1,1,1,1,0,1,0,1,0,1,0,1,0,1,0,1,0,1,1,1,0,1,0,1,0,1,0,1.0,0.0,1.0,0.0,1,0,1,0,1,0,1,0,1.0,1.0,1.0,1.0,1.0,1.0,1,0,1,0,1,0,1,0,1,0,1.0,0.0,,,,,,,,,,,,,,,,,,,,
5cd96864-c4f2-47ff-a5a8-d34493a6cfbc,17760511,v1.14-1.15,0.0,2.000076910932992,1,0,1,0,1,0,1,0,1,0,1,0,1,0,1,0,1,0,1,0,1,0,1,0,1,0,1,1,1,0,1,0,1,0,1,0,1.0,0.0,1.0,0.0,1,1,1,1,1,1,1,1,1.0,1.0,1.0,1.0,1.0,1.0,1,0,1,0,1,0,1,0,1,0,1.0,0.0,,,,,,,,,,,,,,,,,,,,
6bc38b16-826c-410e-9fc7-26d73425a14b,17695743,v1.14-1.15,0.0,2.000074095052629,1,1,1,0,1,1,1,1,1,0,1,1,1,0,1,0,1,0,1,0,1,0,1,0,1,0,1,1,1,0,1,0,1,0,1,0,1.0,0.0,1.0,0.0,1,1,1,0,1,0,1,0,1.0,1.0,1.0,0.0,1.0,0.0,1,0,1,0,1,0,1,0,1,0,1.0,0.0,1.0,0.0,,,,,,,,,,,,,,,,,,
d081d786-7562-4486-9fc9-573fa2527a33,17761535,v1.14-1.15,0.0,1.9999693695966347,1,1,1,1,1,1,1,1,1,1,1,1,1,0,1,0,1,0,1,0,1,0,1,0,1,0,1,1,1,0,1,0,1,0,1,0,1.0,0.0,1.0,0.0,1,1,1,1,1,1,1,1,1.0,1.0,1.0,1.0,1.0,1.0,1,0,1,0,1,0,1,0,1,0,1.0,0.0,,,,,,,,,,,,,,,,,,,,
1429684c-22f8-446e-9828-d7d91c71766d,17761280,v1.14-1.15,0.0,2.000118860004607,1,1,1,1,1,1,1,1,1,1,1,1,1,0,1,0,1,0,1,0,1,0,1,0,1,0,1,1,1,0,1,0,1,0,1,0,1.0,0.0,1.0,0.0,1,1,1,1,1,1,1,1,1.0,1.0,1.0,1.0,1.0,1.0,1,0,1,0,1,0,1,0,1,0,1.0,0.0,,,,,,,,,,,,,,,,,,,,
dd54b453-5ff1-4e19-a195-7f899137c2b6,17826559,v1.16+,0.0,2.0000011459466025,1,0,1,0,1,0,1,0,1,0,1,0,1,0,1,0,1,0,1,1,1,1,1,1,1,0,1,0,1,0,1,0,1,0,1,0,,,,,1,1,1,0,1,0,1,0,1.0,1.0,1.0,1.0,1.0,1.0,1,0,1,0,1,0,1,0,1,0,1.0,0.0,,,,,,,,,,,,,,,,,,,,
28940cf2-6341-4894-ad12-930cdf1abe11,17761280,v1.14-1.15,0.0,1.9999943589902696,1,1,1,1,1,1,1,1,1,1,1,1,1,0,1,0,1,0,1,0,1,0,1,0,1,1,1,1,1,0,1,0,1,1,1,1,1.0,1.0,1.0,1.0,1,1,1,1,1,1,1,1,1.0,1.0,1.0,1.0,1.0,1.0,1,0,1,0,1,0,1,0,1,1,1.0,1.0,,,,,,,,,,,,,,,,,,,,
74c63645-640c-4430-9306-08208c0defab,17760768,v1.14-1.15,0.0,2.0000003558719492,1,1,1,1,1,1,1,1,1,1,1,1,1,0,1,0,1,0,1,0,1,0,1,0,1,0,1,1,1,0,1,0,1,0,1,0,1.0,0.0,1.0,0.0,1,1,1,1,1,1,1,1,1.0,1.0,1.0,1.0,1.0,1.0,1,0,1,0,1,0,1,0,1,0,1.0,0.0,,,,,,,,,,,,,,,,,,,,
9948012b-2e25-4b27-96e9-9e206e7e3adc,17761280,v1.14-1.15,0.0,2.00000680002312,1,0,1,0,1,0,1,0,1,0,1,0,1,0,1,0,1,0,1,0,1,0,1,0,1,1,1,1,1,0,1,0,1,1,1,1,1.0,1.0,1.0,1.0,1,0,1,0,1,0,1,0,1.0,1.0,1.0,1.0,1.0,1.0,1,0,1,0,1,0,1,0,1,1,1.0,1.0,,,,,,,,,,,,,,,,,,,,
958714f8-c58d-483b-b22a-4f1d7a335a38,17826559,v1.16+,1.7301201795110413e-05,2.0000527600124625,1,1,1,1,1,1,1,1,1,1,1,1,1,0,1,0,1,0,1,0,1,0,1,0,1,1,1,1,1,0,1,0,1,1,1,1,,,,,1,1,1,1,1,1,1,1,1.0,1.0,1.0,1.0,1.0,1.0,1,0,1,0,1,0,1,0,1,1,1.0,1.0,,,,,,,,,,,,,,,,,,,,
961a4249-837e-4465-8557-a1d3b5532534,17826240,v1.16+,0.0,2.000108944481613,1,0,1,0,1,0,1,0,1,0,1,0,1,0,1,0,1,0,1,0,1,0,1,0,1,1,1,1,1,0,1,0,1,1,1,1,,,,,1,0,1,1,1,1,1,1,1.0,1.0,1.0,1.0,1.0,1.0,1,0,1,0,1,0,1,0,1,1,1.0,1.0,,,,,,,,,,,,,,,,,,,,
5f44b7dc-c789-4bfe-a983-25088db727c5,17826240,v1.16+,0.0,1.9999766996367192,1,1,1,1,1,1,1,1,1,1,1,1,1,0,1,0,1,0,1,0,1,0,1,0,1,1,1,1,1,0,1,0,1,0,1,0,,,,,1,1,1,1,1,1,1,1,1.0,1.0,1.0,1.0,1.0,1.0,1,1,1,1,1,0,1,0,1,1,1.0,1.0,,,,,,,,,,,,,,,,,,,,
c08d4b66-11ed-472f-ac9a-826c412a1aa7,17694975,v1.14-1.15,0.00078921295956159,1.9998917367476334,1,0,1,0,1,0,1,0,1,0,1,0,1,0,1,0,1,0,1,1,1,0,1,1,1,1,1,1,1,0,1,0,1,0,1,0,1.0,0.0,1.0,0.0,1,1,1,0,1,0,1,0,1.0,1.0,1.0,0.0,1.0,0.0,1,0,1,0,1,0,1,0,1,1,1.0,1.0,1.0,0.0,,,,,,,,,,,,,,,,,,
f3f6b680-df36-4e03-b1ee-667658e783e3,17760768,v1.14-1.15,0.0,2.0000133885410696,1,1,1,1,1,1,1,1,1,1,1,1,1,0,1,0,1,0,1,0,1,0,1,0,1,0,1,1,1,0,1,0,1,0,1,0,1.0,0.0,1.0,0.0,1,1,1,1,1,1,1,1,1.0,1.0,1.0,1.0,1.0,1.0,1,0,1,0,1,0,1,0,1,0,1.0,0.0,,,,,,,,,,,,,,,,,,,,
31ee7168-041e-4c1e-a139-7e08acf7d890,17825792,v1.16+,0.0,2.0000695561379525,1,0,1,0,1,0,1,0,1,0,1,0,1,0,1,0,1,0,1,1,1,1,1,1,1,0,1,1,1,0,1,0,1,0,1,0,,,,,1,1,1,0,1,0,1,0,1.0,1.0,1.0,1.0,1.0,1.0,1,0,1,0,1,0,1,0,1,0,1.0,0.0,,,,,,,,,,,,,,,,,,,,
a0a18151-960c-469a-8dd5-1332490dd296,17825984,v1.16+,0.0,2.0001313909841696,1,1,1,1,1,1,1,1,1,1,1,1,1,0,1,0,1,0,1,0,1,0,1,0,1,1,1,1,1,0,1,0,1,1,1,1,,,,,1,0,1,1,1,1,1,1,1.0,1.0,1.0,1.0,1.0,1.0,1,0,1,0,1,0,1,0,1,1,1.0,1.0,,,,,,,,,,,,,,,,,,,,
db2a6f1e-bce3-4f34-8d10-a76c80e58568,17761280,v1.14-1.15,0.0,1.9999658597377183,1,0,1,0,1,0,1,0,1,0,1,0,1,0,1,0,1,0,1,0,1,0,1,0,1,0,1,1,1,0,1,0,1,0,1,0,1.0,0.0,1.0,0.0,1,1,1,0,1,0,1,0,1.0,1.0,1.0,1.0,1.0,1.0,1,0,1,0,1,0,1,0,1,0,1.0,0.0,,,,,,,,,,,,,,,,,,,,
134fbd9f-0034-4219-b5b3-e5b5f57eac37,17761280,v1.14-1.15,0.0,2.0000044333431606,1,1,1,1,1,1,1,1,1,1,1,1,1,0,1,0,1,0,1,0,1,0,1,0,1,0,1,1,1,0,1,0,1,0,1,0,1.0,0.0,1.0,0.0,1,1,1,1,1,1,1,1,1.0,1.0,1.0,1.0,1.0,1.0,1,0,1,0,1,0,1,0,1,0,1.0,0.0,,,,,,,,,,,,,,,,,,,,
2cfed734-5759-4004-bca2-ee7cb282bd55,17629952,v1.12-1.13,0.0,2.0000456835831533,1,1,1,0,1,1,1,1,1,0,1,0,1,0,1,0,1,0,1,0,1,0,1,0,1,0,1,1,1,0,1,0,1,0,1,0,,,,,1,1,1,1,1,0,1,0,,,,,,,1,0,1,0,1,0,1,0,1,0,1.0,0.0,1.0,0.0,,,,,,,,,,,,,,,,,,
30c1edb7-2b21-4da4-9ae8-55a35a9868ef,17499135,v1.12-1.13,0.0009159264311809325,4.999381285180353,1,1,1,1,1,1,1,1,1,1,1,0,1,0,1,1,1,0,1,0,1,1,1,0,1,0,1,1,1,0,1,0,1,0,1,1,,,,,1,1,1,0,1,0,1,0,,,,,,,1,0,1,0,1,0,1,0,1,0,,,1.0,0.0,1.0,0.0,1.0,0.0,1.0,0.0,1.0,0.0,1.0,0.0,1.0,0.0,,,,,,
94a687e5-5f7b-43ce-b648-ddfc43e7a424,17825984,v1.16+,0.0,1.9764766494303523,1,1,1,1,1,1,1,1,1,1,1,1,1,0,1,0,1,0,1,0,1,0,1,0,1,0,1,1,1,0,1,0,1,0,1,0,,,,,1,1,1,1,1,1,1,1,1.0,1.0,1.0,1.0,1.0,1.0,1,0,1,0,1,0,1,0,1,0,1.0,0.0,,,,,,,,,,,,,,,,,,,,
1a815a48-08cd-4bab-a4c7-33d65080cef9,18350592,v1.16+,0.0009709771413551444,1.9988219574589672,1,1,1,0,1,1,1,1,1,0,1,1,1,0,1,0,1,0,1,0,1,0,1,0,1,0,1,1,1,1,1,0,1,0,1,0,,,,,1,1,1,0,1,0,1,0,,,,,,,1,1,1,1,1,0,1,0,1,1,,,1.0,0.0,,,,,,,,,,,,,,,,,,
d0fbd291-9cae-4597-996f-b74efea787fb,17826240,v1.16+,0.0005377040864704015,2.0002177951433513,1,1,1,1,1,1,1,1,1,1,1,1,1,0,1,0,1,0,1,0,1,0,1,0,1,0,1,1,1,0,1,0,1,0,1,0,,,,,1,1,1,1,1,1,1,1,1.0,1.0,1.0,1.0,1.0,1.0,1,0,1,0,1,0,1,0,1,0,1.0,0.0,,,,,,,,,,,,,,,,,,,,
f47237c2-1ed0-42e2-b7e7-8cf77cd647f0,17695488,v1.14-1.15,0.0,1.9999995869566072,1,0,1,0,1,0,1,0,1,0,1,0,1,0,1,0,1,0,1,0,1,0,1,0,1,0,1,1,1,0,1,0,1,0,1,0,1.0,0.0,1.0,0.0,1,0,1,0,1,0,1,0,1.0,1.0,1.0,0.0,1.0,0.0,1,0,1,0,1,0,1,0,1,0,1.0,0.0,1.0,0.0,,,,,,,,,,,,,,,,,,
3692ea80-632f-45d9-b287-12e3c95d3493,17760256,v1.14-1.15,0.0,2.000148936260247,1,1,1,1,1,1,1,1,1,1,1,1,1,0,1,0,1,0,1,0,1,0,1,0,1,0,1,1,1,0,1,0,1,0,1,0,,,,,1,1,1,1,1,1,1,1,1.0,1.0,1.0,1.0,1.0,1.0,1,0,1,0,1,0,1,0,1,0,1.0,0.0,,,,,,,,,,,,,,,,,,,,
7ab51bbc-1c22-4b2d-8c2e-6507d9b184c9,17694975,v1.14-1.15,0.005365463521283105,1.9941535991296482,1,1,1,0,1,1,1,1,1,0,1,1,1,0,1,0,1,0,1,0,1,0,1,0,1,0,1,1,1,0,1,0,1,0,1,0,1.0,0.0,1.0,0.0,1,1,1,0,1,0,1,0,1.0,1.0,1.0,0.0,1.0,0.0,1,0,1,0,1,0,1,0,1,0,1.0,0.0,1.0,0.0,,,,,,,,,,,,,,,,,,
cd8c8a74-69c2-408d-b822-3dbf8846b0fd,17761280,v1.14-1.15,0.0,2.0000464488399166,1,1,1,1,1,1,1,1,1,1,1,0,1,0,1,0,1,0,1,0,1,0,1,0,1,0,1,1,1,0,1,0,1,0,1,0,1.0,0.0,1.0,0.0,1,1,1,1,1,1,1,1,1.0,1.0,1.0,1.0,1.0,1.0,1,0,1,0,1,0,1,0,1,0,1.0,0.0,,,,,,,,,,,,,,,,,,,,
9477a861-7bca-4c86-98a4-becbe842dffd,17629952,v1.12-1.13,0.0,2.000179224615442,1,1,1,0,1,1,1,1,1,0,1,1,1,0,1,0,1,0,1,0,1,0,1,0,1,0,1,0,1,0,1,0,1,0,1,0,,,,,1,1,1,1,1,0,1,0,,,,,,,1,0,1,0,1,0,1,0,1,0,1.0,0.0,1.0,0.0,,,,,,,,,,,,,,,,,,
0493e1a6-3d4b-49a7-b7ce-519083de7992,17695743,v1.14-1.15,0.0,2.000018193002957,1,1,1,0,1,1,1,1,1,0,1,1,1,0,1,0,1,0,1,0,1,0,1,0,1,0,1,1,1,0,1,0,1,0,1,0,1.0,0.0,1.0,0.0,1,1,1,0,1,0,1,0,1.0,1.0,1.0,0.0,1.0,0.0,1,0,1,0,1,0,1,0,1,0,1.0,0.0,1.0,0.0,,,,,,,,,,,,,,,,,,
618c173a-3b72-4898-85be-dc4262b9efd0,17761280,v1.14-1.15,0.0,2.000052072602562,1,1,1,1,1,1,1,1,1,1,1,1,1,0,1,0,1,0,1,0,1,0,1,0,1,0,1,1,1,0,1,0,1,0,1,0,1.0,0.0,1.0,0.0,1,1,1,1,1,1,1,1,1.0,1.0,1.0,1.0,1.0,1.0,1,0,1,0,1,0,1,0,1,0,1.0,0.0,,,,,,,,,,,,,,,,,,,,
86b9e5b3-0648-4b2a-af9e-38bb7533a0b5,17891583,v1.16+,0.00024039816125756905,2.000109187778842,1,0,1,0,1,0,1,0,1,0,1,0,1,0,1,0,1,0,1,0,1,0,1,0,1,0,1,1,1,0,1,0,1,0,1,0,,,,,1,1,1,1,1,1,1,1,1.0,1.0,1.0,1.0,1.0,1.0,1,0,1,0,1,0,1,0,1,0,1.0,0.0,,,,,,,,,,,,,,,,,,,,
6cc887a6-bc8a-497f-952e-294fcbbc8583,17826047,v1.16+,0.0,2.0000006348450703,1,1,1,1,1,1,1,1,1,1,1,1,1,0,1,0,1,0,1,0,1,0,1,0,1,0,1,1,1,0,1,0,1,0,1,0,,,,,1,1,1,1,1,1,1,1,1.0,1.0,1.0,1.0,1.0,1.0,1,0,1,0,1,0,1,0,1,0,1.0,0.0,,,,,,,,,,,,,,,,,,,,
40c2ff7b-1618-4f5e-b0bb-e18f67460aed,17825984,v1.16+,0.0,2.0000854169812077,1,1,1,1,1,1,1,1,1,1,1,1,1,0,1,0,1,0,1,0,1,0,1,0,1,0,1,1,1,0,1,0,1,0,1,0,,,,,1,1,1,1,1,1,1,1,1.0,1.0,1.0,1.0,1.0,1.0,1,0,1,0,1,0,1,0,1,0,1.0,0.0,,,,,,,,,,,,,,,,,,,,
d5c071a0-a2fc-4be5-8401-e8aa199ae91b,17629695,v1.12-1.13,0.0,2.000016270191067,1,1,1,0,1,1,1,1,1,0,1,1,1,0,1,0,1,0,1,0,1,0,1,0,1,1,1,0,1,0,1,0,1,0,1,0,,,,,1,1,1,0,1,0,1,0,,,,,,,1,0,1,0,1,0,1,0,1,1,1.0,1.0,1.0,0.0,,,,,,,,,,,,,,,,,,
3be170ab-dbbf-4a2e-bb2e-c878bf3c7f72,17498367,v1.12-1.13,0.0002983148360641202,5.010937868527735,1,0,1,1,1,0,1,1,1,1,1,0,1,0,1,1,1,0,1,0,1,1,1,0,1,0,1,1,1,0,1,0,1,0,1,1,,,,,1,1,1,0,1,0,1,0,,,,,,,1,0,1,0,1,0,1,0,1,0,,,1.0,0.0,1.0,0.0,1.0,0.0,1.0,0.0,1.0,0.0,1.0,0.0,1.0,0.0,,,,,,
93ecacf8-fa00-4e5c-a192-0dd112a772eb,17761024,v1.14-1.15,0.0,2.000000049306627,1,1,1,1,1,1,1,1,1,1,1,0,1,0,1,0,1,0,1,0,1,0,1,0,1,0,1,1,1,0,1,0,1,0,1,0,1.0,1.0,1.0,1.0,1,1,1,1,1,1,1,1,1.0,1.0,1.0,1.0,1.0,1.0,1,0,1,0,1,0,1,0,1,0,1.0,0.0,,,,,,,,,,,,,,,,,,,,
b19b9748-ada0-4747-a721-87ebc41533cc,17498880,v1.12-1.13,0.008235017091929383,4.999831450500849,1,1,1,1,1,1,1,1,1,1,1,0,1,0,1,1,1,0,1,0,1,1,1,0,1,0,1,1,1,0,1,0,1,0,1,1,,,,,1,1,1,1,1,0,1,0,,,,,,,1,0,1,0,1,0,1,0,1,0,,,1.0,0.0,1.0,0.0,1.0,0.0,1.0,0.0,1.0,0.0,1.0,0.0,1.0,0.0,,,,,,
cc76a4d3-35b0-41be-99c1-415f2175381b,17761023,v1.14-1.15,0.0,2.0000001171548187,1,1,1,1,1,1,1,1,1,1,1,1,1,0,1,0,1,0,1,0,1,0,1,0,1,0,1,1,1,0,1,0,1,0,1,0,1.0,0.0,1.0,0.0,1,1,1,1,1,1,1,1,1.0,1.0,1.0,1.0,1.0,1.0,1,0,1,0,1,0,1,0,1,0,1.0,0.0,,,,,,,,,,,,,,,,,,,,
27cc9fa8-f39c-4c63-9a99-c681b3004d2c,17695488,v1.14-1.15,0.0,2.000038936537829,1,1,1,0,1,1,1,1,1,0,1,1,1,0,1,0,1,0,1,0,1,0,1,0,1,0,1,1,1,0,1,0,1,0,1,0,1.0,0.0,1.0,0.0,1,1,1,0,1,0,1,0,1.0,1.0,1.0,0.0,1.0,0.0,1,0,1,0,1,0,1,0,1,0,1.0,0.0,1.0,0.0,,,,,,,,,,,,,,,,,,
53e83885-52ec-4d2d-a3be-92ee2d9e4b28,17826240,v1.16+,0.0,2.000013877874075,1,1,1,1,1,1,1,1,1,1,1,1,1,0,1,0,1,0,1,0,1,0,1,0,1,0,1,0,1,0,1,0,1,0,1,0,,,,,1,1,1,1,1,1,1,1,1.0,1.0,1.0,1.0,1.0,1.0,1,0,1,0,1,0,1,0,1,0,1.0,0.0,,,,,,,,,,,,,,,,,,,,
4d222fa4-734e-47cb-b430-295850688d11,17825792,v1.16+,0.003475107102544435,2.000119643520494,1,0,1,0,1,0,1,0,1,0,1,0,1,0,1,0,1,0,1,0,1,0,1,0,1,0,1,1,1,0,1,0,1,0,1,0,,,,,1,1,1,1,1,1,1,1,1.0,1.0,1.0,1.0,1.0,1.0,1,0,1,0,1,0,1,0,1,0,1.0,0.0,,,,,,,,,,,,,,,,,,,,
12fbd9f8-bb3c-446c-aed9-4ac469480d19,17891583,v1.16+,0.00028065119345824794,2.0000499909579217,1,1,1,1,1,1,1,1,1,1,1,1,1,0,1,0,1,0,1,0,1,0,1,0,1,1,1,1,1,0,1,0,1,0,1,0,,,,,1,1,1,1,1,1,1,1,1.0,1.0,1.0,1.0,1.0,1.0,1,0,1,0,1,0,1,0,1,1,1.0,1.0,,,,,,,,,,,,,,,,,,,,
9a8c0448-52df-4c8f-9a04-36055062bc8a,16842880,v1.12-1.13,0.0,2.0000107778358585,1,0,1,0,1,0,1,0,1,0,1,0,1,0,1,0,1,0,1,1,1,0,1,1,1,1,1,1,1,0,1,0,1,0,1,0,1.0,0.0,1.0,0.0,1,1,1,0,1,0,1,0,1.0,1.0,1.0,0.0,1.0,0.0,1,0,1,0,1,0,1,0,1,1,1.0,1.0,1.0,0.0,,,,,,,,,,,,,,,,,,
302a2eac-4c3c-4c33-8fc9-f32a9f144bb8,17826047,v1.16+,0.0,100.00081423941896,1,1,1,1,1,1,1,1,1,1,1,1,1,0,1,0,1,0,1,0,1,0,1,0,1,0,1,1,1,0,1,0,1,0,1,0,,,,,1,1,1,1,1,1,1,1,1.0,1.0,1.0,1.0,1.0,1.0,1,0,1,0,1,0,1,0,1,0,1.0,0.0,,,,,,,,,,,,,,,,,,,,
d29620fd-fb1b-4a7f-aaf8-c40e72fd3c9c,17629952,v1.12-1.13,0.0,2.0002461942364973,1,0,1,0,1,0,1,1,1,0,1,0,1,0,1,0,1,0,1,0,1,0,1,0,1,0,1,1,1,0,1,0,1,0,1,0,,,,,1,0,1,0,1,0,1,0,,,,,,,1,0,1,0,1,0,1,0,1,0,1.0,0.0,1.0,0.0,,,,,,,,,,,,,,,,,,
26d081fd-d697-4e1b-99ac-c45407a89fae,17630207,v1.12-1.13,0.0,2.0001021701675583,1,1,1,0,1,1,1,1,1,0,1,0,1,0,1,0,1,0,1,0,1,0,1,0,1,0,1,1,1,0,1,0,1,0,1,0,,,,,1,1,1,0,1,0,1,0,,,,,,,1,0,1,0,1,0,1,0,1,0,1.0,0.0,1.0,0.0,,,,,,,,,,,,,,,,,,
50162fa3-5795-41a6-8921-ad3b0ede8c99,17564928,v1.12-1.13,0.002890543359648751,1.99659164653088,1,1,1,0,1,1,1,1,1,0,1,1,1,0,1,0,1,0,1,0,1,0,1,0,1,0,1,0,1,0,1,0,1,0,1,0,,,,,1,1,1,0,1,0,1,0,,,,,,,1,0,1,0,1,0,1,0,1,0,,,1.0,0.0,,,,,,,,,,,,,,,,,,
ab3f5758-805e-4607-95bd-ff40de7e5afb,17825984,v1.16+,0.0013550763994522946,1.9834782870284817,1,1,1,1,1,1,1,1,1,1,1,1,1,0,1,0,1,0,1,0,1,0,1,0,1,0,1,1,1,0,1,0,1,0,1,0,,,,,1,1,1,1,1,1,1,1,1.0,1.0,1.0,1.0,1.0,1.0,1,0,1,0,1,0,1,0,1,0,1.0,0.0,,,,,,,,,,,,,,,,,,,,
ffb5035a-56be-47b9-be01-eeb655141bc9,17694720,v1.14-1.15,6.0617361575667735e-05,2.000009649988218,1,1,1,0,1,1,1,1,1,0,1,1,1,0,1,0,1,0,1,0,1,0,1,0,1,0,1,1,1,0,1,0,1,0,1,0,1.0,0.0,1.0,0.0,1,1,1,0,1,0,1,0,1.0,1.0,1.0,0.0,1.0,0.0,1,0,1,0,1,0,1,0,1,0,1.0,0.0,1.0,0.0,,,,,,,,,,,,,,,,,,
1ad808be-a2fa-43f7-9e5d-dcdbfdb0110a,17695488,v1.14-1.15,0.0,2.0001492756569084,1,0,1,0,1,0,1,0,1,0,1,0,1,0,1,0,1,0,1,0,1,0,1,0,1,0,1,1,1,0,1,0,1,0,1,0,1.0,0.0,1.0,0.0,1,1,1,0,1,0,1,0,1.0,1.0,1.0,0.0,1.0,0.0,1,0,1,0,1,0,1,0,1,0,1.0,0.0,1.0,0.0,,,,,,,,,,,,,,,,,,
edbb0cbb-6013-4d56-b67a-a30fcfa086e6,17629952,v1.12-1.13,0.0,2.000014535624767,1,1,1,0,1,1,1,1,1,0,1,0,1,0,1,0,1,0,1,0,1,0,1,0,1,0,1,1,1,0,1,0,1,0,1,0,,,,,1,1,1,1,1,0,1,0,,,,,,,1,0,1,0,1,0,1,0,1,0,1.0,0.0,1.0,0.0,,,,,,,,,,,,,,,,,,
7d66c0b1-9997-4486-94b6-3714ced429a2,17564671,v1.12-1.13,0.0,2.001824573108109,1,0,1,0,1,0,1,0,1,0,1,0,1,0,1,0,1,0,1,1,1,0,1,1,1,0,1,0,1,0,1,0,1,0,1,0,,,,,1,1,1,0,1,0,1,0,,,,,,,1,0,1,0,1,0,1,0,1,0,,,1.0,0.0,,,,,,,,,,,,,,,,,,
fb30deb2-2bc6-4801-a235-b75eccb48e10,17760256,v1.14-1.15,0.0,2.000074286850075,1,1,1,1,1,1,1,1,1,1,1,1,1,0,1,0,1,0,1,0,1,0,1,0,1,0,1,1,1,0,1,0,1,0,1,0,1.0,0.0,1.0,0.0,1,1,1,1,1,1,1,1,1.0,1.0,1.0,1.0,1.0,1.0,1,0,1,0,1,0,1,0,1,0,1.0,0.0,,,,,,,,,,,,,,,,,,,,
eb1d0c26-2315-4dd8-8a2d-442c7dd26399,17760768,v1.14-1.15,0.0,2.0000372314623087,1,1,1,1,1,1,1,1,1,1,1,1,1,0,1,0,1,0,1,0,1,0,1,0,1,0,1,1,1,0,1,0,1,0,1,0,1.0,0.0,1.0,0.0,1,0,1,0,1,0,1,0,1.0,1.0,1.0,1.0,1.0,1.0,1,0,1,0,1,0,1,0,1,0,1.0,0.0,,,,,,,,,,,,,,,,,,,,
037d2940-c992-4b3b-b0cf-81c17550106d,17891583,v1.16+,0.0,2.0004869700261887,1,0,1,0,1,0,1,0,1,0,1,0,1,0,1,0,1,0,1,1,1,1,1,1,1,0,1,1,1,0,1,0,1,0,1,0,,,,,1,1,1,1,1,1,1,1,1.0,1.0,1.0,1.0,1.0,1.0,1,0,1,0,1,0,1,0,1,0,1.0,0.0,,,,,,,,,,,,,,,,,,,,
8eaf248c-ca5f-47b5-8fe3-4f952faeb323,17629952,v1.12-1.13,0.0,1.999995158453279,1,0,1,0,1,0,1,0,1,0,1,0,1,0,1,0,1,0,1,1,1,0,1,1,1,0,1,0,1,0,1,0,1,0,1,0,,,,,1,1,1,0,1,0,1,0,,,,,,,1,0,1,0,1,0,1,0,1,0,1.0,0.0,1.0,0.0,,,,,,,,,,,,,,,,,,
ca84bb87-1b02-4364-b50c-41254fe8e676,17695488,v1.14-1.15,0.0,2.00004920121035,1,0,1,0,1,0,1,0,1,0,1,0,1,0,1,0,1,0,1,0,1,0,1,0,1,1,1,1,1,0,1,0,1,1,1,0,1.0,0.0,1.0,0.0,1,1,1,0,1,0,1,0,1.0,1.0,1.0,0.0,1.0,0.0,1,0,1,0,1,0,1,0,1,1,1.0,1.0,1.0,0.0,,,,,,,,,,,,,,,,,,
283f7bef-055f-42d6-a5c9-98d28a156973,17629695,v1.12-1.13,0.0,1.9999789010921494,1,1,1,0,1,1,1,1,1,0,1,0,1,0,1,0,1,0,1,0,1,0,1,0,1,1,1,0,1,0,1,0,1,0,1,0,,,,,1,1,1,1,1,0,1,0,,,,,,,1,0,1,0,1,0,1,0,1,1,1.0,1.0,1.0,0.0,,,,,,,,,,,,,,,,,,
143133c1-a656-4a00-9de3-95cf7baa1807,17826047,v1.16+,0.0020311205289481556,1.9924278233398474,1,0,1,0,1,0,1,0,1,0,1,0,1,0,1,0,1,0,1,0,1,0,1,0,1,1,1,1,1,0,1,0,1,0,1,0,,,,,1,1,1,1,1,1,1,1,1.0,1.0,1.0,1.0,1.0,1.0,1,0,1,0,1,0,1,0,1,1,1.0,1.0,,,,,,,,,,,,,,,,,,,,
933308b5-9ada-4f1f-8d89-17605d34e6e6,17695488,v1.14-1.15,0.0,2.000043866130637,1,0,1,0,1,0,1,0,1,0,1,0,1,0,1,0,1,0,1,1,1,0,1,1,1,0,1,0,1,0,1,0,1,0,1,0,1.0,0.0,1.0,0.0,1,1,1,0,1,0,1,0,1.0,1.0,1.0,0.0,1.0,0.0,1,0,1,0,1,0,1,0,1,0,1.0,0.0,1.0,0.0,,,,,,,,,,,,,,,,,,
bd3f6cf4-e8c3-4ad5-bf55-cbec024353e0,17761023,v1.14-1.15,0.0,1.9999981418110173,1,1,1,1,1,1,1,1,1,1,1,1,1,0,1,0,1,0,1,0,1,0,1,0,1,0,1,1,1,0,1,0,1,0,1,0,1.0,0.0,1.0,0.0,1,1,1,1,1,1,1,1,1.0,1.0,1.0,1.0,1.0,1.0,1,0,1,0,1,0,1,0,1,0,1.0,0.0,,,,,,,,,,,,,,,,,,,,
99667714-9d8a-4e81-ab84-9846a7b447e2,17694720,v1.14-1.15,0.0,1.9999553321013117,1,1,1,0,1,1,1,1,1,0,1,1,1,0,1,0,1,0,1,0,1,0,1,0,1,0,1,1,1,0,1,0,1,0,1,0,1.0,0.0,1.0,0.0,1,1,1,0,1,0,1,0,1.0,1.0,1.0,0.0,1.0,0.0,1,0,1,0,1,0,1,0,1,0,1.0,0.0,1.0,0.0,,,,,,,,,,,,,,,,,,
79c5bddf-3c3f-4336-94c8-906f859f3f82,17771007,v1.14-1.15,0.0,50.008262180354734,1,0,1,0,1,0,1,0,1,0,1,0,1,1,1,1,1,1,1,1,1,1,1,1,1,0,1,1,1,0,1,0,1,0,1,0,1.0,0.0,1.0,0.0,1,1,1,1,1,1,1,1,1.0,1.0,1.0,1.0,1.0,1.0,1,0,1,0,1,0,1,0,1,0,1.0,0.0,,,,,,,,,,,,,,,,,,,,
ab5f58b0-375e-4ba1-9e5d-d9386e1bdcfe,17694976,v1.14-1.15,0.0011362636575835236,2.0000561475616316,1,1,1,0,1,1,1,1,1,0,1,1,1,0,1,0,1,0,1,0,1,0,1,0,1,0,1,1,1,0,1,0,1,0,1,0,1.0,0.0,1.0,0.0,1,0,1,0,1,0,1,0,1.0,1.0,1.0,0.0,1.0,0.0,1,0,1,0,1,0,1,0,1,0,1.0,0.0,1.0,0.0,,,,,,,,,,,,,,,,,,
629c8e9f-a2fa-4769-b0d9-84bb8332c276,17367040,v1.12-1.13,0.0,2.000010759264679,1,1,1,0,1,1,1,1,1,0,1,1,1,0,1,0,1,0,1,0,1,0,1,0,1,0,1,1,1,0,1,0,1,0,1,0,1.0,0.0,1.0,0.0,1,1,1,0,1,0,1,0,1.0,1.0,1.0,0.0,1.0,0.0,1,0,1,0,1,0,1,0,1,0,1.0,0.0,1.0,0.0,,,,,,,,,,,,,,,,,,
66f911cc-7017-4408-86f1-7722298f4c6f,17498240,v1.12-1.13,0.004077866577800786,5.000002916668368,1,1,1,1,1,1,1,1,1,1,1,0,1,0,1,1,1,0,1,0,1,1,1,0,1,0,1,1,1,0,1,0,1,0,1,1,,,,,1,1,1,0,1,0,1,0,,,,,,,1,0,1,0,1,0,1,0,1,0,,,1.0,0.0,1.0,0.0,1.0,0.0,1.0,0.0,1.0,0.0,1.0,0.0,1.0,0.0,,,,,,
18a2173d-fe1f-41ee-b7ca-146431960fcb,17498880,v1.12-1.13,0.003937690982141923,4.9993054156518255,1,1,1,1,1,1,1,1,1,1,1,0,1,0,1,1,1,0,1,0,1,1,1,0,1,0,1,1,1,0,1,0,1,0,1,1,,,,,1,1,1,1,1,0,1,0,,,,,,,1,0,1,0,1,0,1,0,1,0,,,1.0,0.0,1.0,0.0,1.0,0.0,1.0,0.0,1.0,0.0,1.0,0.0,1.0,0.0,,,,,,
bf751edf-b537-4fca-854b-71bc110ab66c,17695488,v1.14-1.15,0.0,2.000128870578727,1,0,1,0,1,0,1,0,1,0,1,0,1,0,1,0,1,0,1,1,1,0,1,1,1,1,1,1,1,0,1,0,1,0,1,0,1.0,0.0,1.0,0.0,1,1,1,0,1,0,1,0,1.0,1.0,1.0,0.0,1.0,0.0,1,0,1,0,1,0,1,0,1,1,1.0,1.0,1.0,0.0,,,,,,,,,,,,,,,,,,
f31a1374-1573-4467-9c06-bbbf917c7ee4,17694720,v1.14-1.15,5.3185993593574224e-05,125.43836776912501,1,0,1,0,1,0,1,0,1,0,1,0,1,1,1,0,1,1,1,1,1,0,1,1,1,0,1,1,1,0,1,0,1,0,1,0,1.0,0.0,1.0,0.0,1,1,1,0,1,0,1,0,1.0,1.0,1.0,0.0,1.0,0.0,1,0,1,0,1,0,1,0,1,0,1.0,0.0,1.0,0.0,,,,,,,,,,,,,,,,,,
9ec59e20-0ed5-4c68-a0bf-56c080a88d90,17695743,v1.14-1.15,0.0,2.0000047104222927,1,1,1,0,1,1,1,1,1,0,1,0,1,0,1,0,1,0,1,0,1,0,1,0,1,0,1,1,1,0,1,0,1,0,1,0,1.0,0.0,1.0,0.0,1,0,1,0,1,0,1,0,1.0,1.0,1.0,0.0,1.0,0.0,1,0,1,0,1,0,1,0,1,0,1.0,0.0,1.0,0.0,,,,,,,,,,,,,,,,,,
5cd12090-d035-44ba-8afe-2544ce5ecae3,17694720,v1.14-1.15,0.0,2.0000017826102847,1,1,1,0,1,1,1,1,1,0,1,1,1,0,1,0,1,0,1,0,1,0,1,0,1,0,1,1,1,0,1,0,1,0,1,0,1.0,0.0,1.0,0.0,1,1,1,0,1,0,1,0,1.0,1.0,1.0,0.0,1.0,0.0,1,0,1,0,1,0,1,0,1,0,1.0,0.0,1.0,0.0,,,,,,,,,,,,,,,,,,
744ee462-ae1c-4694-8ac7-e274f72bc9e5,17891328,v1.16+,0.0,2.0000046328118923,1,1,1,1,1,1,1,1,1,1,1,1,1,0,1,0,1,0,1,0,1,0,1,0,1,1,1,1,1,0,1,0,1,0,1,0,,,,,1,1,1,1,1,1,1,1,1.0,1.0,1.0,1.0,1.0,1.0,1,0,1,0,1,0,1,0,1,1,1.0,1.0,,,,,,,,,,,,,,,,,,,,
ef8fc068-65be-4d12-926d-93a342d4d2b5,17825984,v1.16+,0.006565445739963249,1.9916965960138953,1,1,1,1,1,1,1,1,1,1,1,1,1,0,1,0,1,0,1,0,1,0,1,0,1,0,1,1,1,0,1,0,1,0,1,0,,,,,1,1,1,1,1,1,1,1,1.0,1.0,1.0,1.0,1.0,1.0,1,0,1,0,1,0,1,0,1,0,1.0,0.0,,,,,,,,,,,,,,,,,,,,
3a9f8d8b-56a8-4c60-a923-9b3cc12953a7,17694720,v1.14-1.15,0.0,2.000244578925376,1,0,1,0,1,0,1,0,1,0,1,0,1,0,1,0,1,0,1,0,1,0,1,0,1,1,1,1,1,0,1,0,1,1,1,0,1.0,0.0,1.0,0.0,1,1,1,0,1,0,1,0,1.0,1.0,1.0,0.0,1.0,0.0,1,0,1,0,1,0,1,0,1,1,1.0,1.0,1.0,0.0,,,,,,,,,,,,,,,,,,
2834c3d5-52dd-42e8-a02a-a9e7726a0b9d,17826047,v1.16+,0.0,2.0000065511325698,1,0,1,0,1,0,1,0,1,0,1,0,1,0,1,0,1,0,1,0,1,0,1,0,1,1,1,1,1,0,1,0,1,0,1,0,,,,,1,1,1,1,1,1,1,1,1.0,1.0,1.0,1.0,1.0,1.0,1,0,1,0,1,0,1,0,1,1,1.0,1.0,,,,,,,,,,,,,,,,,,,,
3154672a-048d-478e-b7f4-6e8248ce3c4f,17761280,v1.14-1.15,0.0,2.0000297741152977,1,1,1,1,1,1,1,1,1,1,1,1,1,0,1,0,1,0,1,0,1,0,1,0,1,1,1,1,1,0,1,0,1,0,1,0,1.0,0.0,1.0,0.0,1,0,1,0,1,0,1,0,1.0,1.0,1.0,1.0,1.0,1.0,1,0,1,0,1,0,1,0,1,1,1.0,1.0,,,,,,,,,,,,,,,,,,,,
30219fac-d863-45ac-b2e4-e56b6e8c40f2,17826559,v1.16+,0.0,1.9999587632811902,1,1,1,1,1,1,1,1,1,1,1,1,1,0,1,0,1,0,1,0,1,0,1,0,1,0,1,1,1,0,1,0,1,0,1,0,,,,,1,1,1,0,1,0,1,0,1.0,1.0,1.0,1.0,1.0,1.0,1,0,1,0,1,0,1,0,1,0,1.0,0.0,,,,,,,,,,,,,,,,,,,,
c5e43bec-e182-467d-b83f-3fdfa35c97bc,17761280,v1.14-1.15,0.0,2.00003033856909,1,1,1,1,1,1,1,1,1,1,1,1,1,0,1,0,1,0,1,0,1,0,1,0,1,0,1,1,1,0,1,0,1,0,1,0,1.0,0.0,1.0,0.0,1,1,1,1,1,1,1,1,1.0,1.0,1.0,1.0,1.0,1.0,1,0,1,0,1,0,1,0,1,0,1.0,0.0,,,,,,,,,,,,,,,,,,,,
73760282-7db2-46c9-845e-a643a106bc01,17760256,v1.14-1.15,0.0,2.0002790811912434,1,1,1,1,1,1,1,1,1,1,1,1,1,0,1,0,1,0,1,0,1,0,1,0,1,0,1,1,1,0,1,0,1,0,1,0,1.0,0.0,1.0,0.0,1,1,1,1,1,1,1,1,1.0,1.0,1.0,1.0,1.0,1.0,1,0,1,0,1,0,1,0,1,0,1.0,0.0,,,,,,,,,,,,,,,,,,,,
8a5b2961-9bc5-4fa1-b081-4718cf941c8a,17694720,v1.14-1.15,0.00046502497436000834,91.7331027824543,1,0,1,0,1,0,1,0,1,0,1,0,1,1,1,0,1,1,1,1,1,0,1,1,1,0,1,1,1,0,1,0,1,0,1,0,1.0,0.0,1.0,0.0,1,1,1,0,1,0,1,0,1.0,1.0,1.0,0.0,1.0,0.0,1,0,1,0,1,0,1,0,1,0,1.0,0.0,1.0,0.0,,,,,,,,,,,,,,,,,,
d6030944-c155-44b4-a6ba-9a6b5b6fab01,17653248,v1.12-1.13,0.0004334397300436063,1.9975672073428266,1,1,1,0,1,1,1,1,1,0,1,1,1,0,1,0,1,0,1,0,1,0,1,0,1,0,1,1,1,0,1,0,1,0,1,0,1.0,0.0,1.0,0.0,1,1,1,0,1,0,1,0,1.0,1.0,1.0,0.0,1.0,0.0,1,0,1,0,1,0,1,0,1,0,1.0,0.0,1.0,0.0,,,,,,,,,,,,,,,,,,
dd569db0-3abe-4d60-9c18-b4c07e0c41a6,17694720,v1.14-1.15,0.00031594140994218743,2.00002511719855,1,1,1,0,1,1,1,1,1,0,1,1,1,0,1,0,1,0,1,0,1,0,1,0,1,0,1,1,1,0,1,0,1,0,1,0,1.0,0.0,1.0,0.0,1,1,1,0,1,0,1,0,1.0,1.0,1.0,0.0,1.0,0.0,1,0,1,0,1,0,1,0,1,0,1.0,0.0,1.0,0.0,,,,,,,,,,,,,,,,,,
d91f0b9a-e316-4e6f-bf1f-110386ea1b73,17761535,v1.14-1.15,0.0,2.000011345302453,1,1,1,1,1,1,1,1,1,1,1,1,1,0,1,0,1,0,1,0,1,0,1,0,1,0,1,1,1,0,1,0,1,0,1,0,1.0,0.0,1.0,0.0,1,1,1,1,1,1,1,1,1.0,1.0,1.0,1.0,1.0,1.0,1,0,1,0,1,0,1,0,1,0,1.0,0.0,,,,,,,,,,,,,,,,,,,,
2c770da0-b024-4f70-af8f-7eed0e84dce0,17564928,v1.12-1.13,0.004959785903830069,1.9926291285737794,1,1,1,0,1,1,1,1,1,0,1,1,1,0,1,0,1,0,1,0,1,0,1,0,1,0,1,1,1,0,1,0,1,0,1,0,,,,,1,1,1,1,1,0,1,0,,,,,,,1,0,1,0,1,0,1,0,1,1,,,1.0,0.0,,,,,,,,,,,,,,,,,,
b987de3d-1e7c-4226-9d85-bb0327366bd4,17629952,v1.12-1.13,0.0,2.00008446171652,1,0,1,0,1,0,1,0,1,0,1,0,1,0,1,0,1,0,1,1,1,0,1,1,1,0,1,0,1,0,1,0,1,0,1,0,,,,,1,1,1,0,1,0,1,0,,,,,,,1,0,1,0,1,0,1,0,1,0,1.0,0.0,1.0,0.0,,,,,,,,,,,,,,,,,,
e4041a13-0cbc-4953-b435-dd5fc8de225c,17891583,v1.16+,0.0,2.0001641628512083,1,0,1,0,1,0,1,0,1,0,1,0,1,0,1,0,1,0,1,1,1,1,1,1,1,0,1,1,1,0,1,0,1,0,1,0,,,,,1,1,1,0,1,0,1,0,1.0,1.0,1.0,1.0,1.0,1.0,1,0,1,0,1,0,1,0,1,0,1.0,0.0,,,,,,,,,,,,,,,,,,,,
7f938404-ef91-4894-a226-48108903fb8a,17760320,v1.14-1.15,0.0,2.0000047377161407,1,1,1,1,1,1,1,1,1,1,1,1,1,0,1,0,1,0,1,0,1,0,1,0,1,0,1,1,1,0,1,0,1,0,1,0,1.0,0.0,1.0,0.0,1,1,1,1,1,1,1,1,1.0,1.0,1.0,1.0,1.0,1.0,1,0,1,0,1,0,1,0,1,1,1.0,1.0,,,,,,,,,,,,,,,,,,,,
2a3ebb0e-3704-4a6d-8e40-58b7f7cabe9a,17694720,v1.14-1.15,0.0002443398684739257,2.000048075001729,1,1,1,0,1,1,1,1,1,0,1,1,1,0,1,0,1,0,1,0,1,0,1,0,1,0,1,1,1,0,1,0,1,0,1,0,1.0,0.0,1.0,0.0,1,1,1,0,1,0,1,0,1.0,1.0,1.0,0.0,1.0,0.0,1,0,1,0,1,0,1,0,1,0,1.0,0.0,1.0,0.0,,,,,,,,,,,,,,,,,,
14343799-2f74-44ba-a04d-0501001a2ef9,17695743,v1.14-1.15,0.0,2.0001285642484077,1,1,1,0,1,1,1,1,1,0,1,1,1,0,1,0,1,0,1,0,1,0,1,0,1,0,1,1,1,0,1,0,1,0,1,0,1.0,0.0,1.0,0.0,1,0,1,0,1,0,1,0,1.0,1.0,1.0,0.0,1.0,0.0,1,0,1,0,1,0,1,0,1,0,1.0,0.0,1.0,0.0,,,,,,,,,,,,,,,,,,
f4e64702-6a01-432d-8992-415ba4a021c4,17499135,v1.12-1.13,0.005006897514030224,4.999969797031532,1,1,1,1,1,1,1,1,1,1,1,0,1,0,1,1,1,0,1,0,1,1,1,0,1,0,1,1,1,0,1,0,1,0,1,1,,,,,1,1,1,1,1,0,1,0,,,,,,,1,0,1,0,1,0,1,0,1,0,,,1.0,0.0,1.0,0.0,1.0,0.0,1.0,0.0,1.0,0.0,1.0,0.0,1.0,0.0,,,,,,
660d3d41-5cb8-4313-a1bd-2dd7d74d4a79,17761280,v1.14-1.15,0.01256968045189411,1.9762029934221395,1,0,1,0,1,0,1,0,1,0,1,0,1,0,1,0,1,0,1,0,1,0,1,0,1,1,1,1,1,0,1,0,1,1,1,1,1.0,1.0,1.0,1.0,1,1,1,1,1,1,1,1,1.0,1.0,1.0,1.0,1.0,1.0,1,0,1,0,1,0,1,0,1,1,1.0,1.0,,,,,,,,,,,,,,,,,,,,
0ae09f13-5025-40bd-bc6d-3d4cef1b67ea,17826047,v1.16+,0.0,1.9999462158290398,1,1,1,1,1,1,1,1,1,1,1,1,1,0,1,0,1,0,1,0,1,0,1,0,1,0,1,1,1,0,1,0,1,0,1,0,,,,,1,1,1,1,1,1,1,1,1.0,1.0,1.0,1.0,1.0,1.0,1,0,1,0,1,0,1,0,1,0,1.0,0.0,,,,,,,,,,,,,,,,,,,,
e9f9cbb3-bce9-43a3-8366-dfeb8ef9e285,17570047,v1.12-1.13,0.0,2.0108318457568526,1,1,1,0,1,1,1,1,1,0,1,0,1,0,1,0,1,0,1,0,1,0,1,0,1,0,1,1,1,0,1,0,1,0,1,0,,,,,1,1,1,0,1,0,1,0,,,,,,,1,1,1,1,1,0,1,0,1,1,,,1.0,0.0,,,,,,,,,,,,,,,,,,
d58473d0-8c99-4d3a-8fdd-b213b92a9d86,17694975,v1.14-1.15,0.0,2.000110190281141,1,0,1,0,1,0,1,0,1,0,1,0,1,0,1,0,1,0,1,0,1,0,1,0,1,1,1,1,1,0,1,0,1,1,1,0,1.0,1.0,1.0,0.0,1,0,1,0,1,0,1,0,1.0,1.0,1.0,0.0,1.0,0.0,1,0,1,0,1,0,1,0,1,1,1.0,1.0,1.0,0.0,,,,,,,,,,,,,,,,,,
3552b9b0-891a-45d8-b975-9205f6df6157,17826047,v1.16+,0.0,2.0000021286572363,1,1,1,1,1,1,1,1,1,1,1,1,1,0,1,0,1,0,1,0,1,0,1,0,1,0,1,1,1,0,1,0,1,0,1,0,,,,,1,1,1,1,1,1,1,1,1.0,1.0,1.0,1.0,1.0,1.0,1,0,1,0,1,0,1,0,1,0,1.0,0.0,,,,,,,,,,,,,,,,,,,,
f0a0e01b-091f-455c-86b8-d7d3a827e015,17760384,v1.14-1.15,0.0,2.000084647777228,1,1,1,1,1,1,1,1,1,1,1,1,1,0,1,0,1,0,1,0,1,0,1,0,1,0,1,1,1,0,1,0,1,0,1,0,,,,,1,1,1,1,1,1,1,1,1.0,1.0,1.0,1.0,1.0,1.0,1,0,1,0,1,0,1,0,1,0,1.0,0.0,,,,,,,,,,,,,,,,,,,,
6e7a3dac-c815-4203-8461-7d12d0a9f662,17498880,v1.12-1.13,0.0,5.000875512171031,1,0,1,1,1,0,1,1,1,1,1,0,1,0,1,1,1,0,1,0,1,1,1,0,1,0,1,1,1,0,1,0,1,0,1,1,,,,,1,1,1,0,1,1,1,0,,,,,,,1,0,1,0,1,0,1,0,1,0,,,1.0,0.0,1.0,0.0,1.0,0.0,1.0,0.0,1.0,0.0,1.0,0.0,1.0,0.0,,,,,,
0fbb31d7-e3e8-46c6-afae-171eee12b133,17825984,v1.16+,0.0,1.999978890733752,1,0,1,0,1,0,1,0,1,0,1,0,1,0,1,0,1,0,1,0,1,0,1,0,1,0,1,1,1,0,1,0,1,0,1,0,,,,,1,0,1,0,1,0,1,0,1.0,1.0,1.0,1.0,1.0,1.0,1,0,1,0,1,0,1,0,1,0,1.0,0.0,,,,,,,,,,,,,,,,,,,,
cdde08fd-5dc8-44cc-8e46-63fbb06dba92,17760511,v1.14-1.15,0.0,2.000153530303391,1,0,1,0,1,0,1,0,1,0,1,0,1,0,1,0,1,0,1,0,1,0,1,0,1,1,1,1,1,0,1,0,1,1,1,1,1.0,1.0,1.0,1.0,1,1,1,1,1,1,1,1,1.0,1.0,1.0,1.0,1.0,1.0,1,0,1,0,1,0,1,0,1,1,1.0,1.0,,,,,,,,,,,,,,,,,,,,
a9434f1f-1c56-4385-830f-eced3f791699,16842880,v1.12-1.13,0.0,2.0000602846453472,1,0,1,0,1,0,1,0,1,0,1,0,1,0,1,0,1,0,1,1,1,0,1,1,1,1,1,1,1,0,1,0,1,0,1,0,1.0,0.0,1.0,0.0,1,1,1,0,1,0,1,0,1.0,1.0,1.0,0.0,1.0,0.0,1,0,1,0,1,0,1,0,1,1,1.0,1.0,1.0,0.0,,,,,,,,,,,,,,,,,,
ed85063c-782e-473c-81be-c1e1a27c8de6,17760384,v1.14-1.15,3.8136231032643587e-05,2.0000114888838882,1,1,1,1,1,1,1,1,1,1,1,1,1,0,1,0,1,0,1,0,1,0,1,0,1,1,1,1,1,0,1,0,1,1,1,1,,,,,1,1,1,1,1,1,1,1,1.0,1.0,1.0,1.0,1.0,1.0,1,0,1,0,1,0,1,0,1,1,1.0,1.0,,,,,,,,,,,,,,,,,,,,
c7246144-e33c-4675-aeb4-07e8dd71ed4a,17761088,v1.14-1.15,0.006582159138536308,1.9854611702582015,1,1,1,1,1,1,1,1,1,1,1,1,1,0,1,0,1,0,1,0,1,0,1,0,1,0,1,1,1,0,1,0,1,0,1,0,1.0,0.0,1.0,0.0,1,1,1,1,1,1,1,1,1.0,1.0,1.0,1.0,1.0,1.0,1,0,1,0,1,0,1,0,1,0,1.0,0.0,,,,,,,,,,,,,,,,,,,,
e4bb7ea9-958f-49f7-868e-f6721fc26b5a,17695743,v1.14-1.15,0.0,1.999968016055536,1,1,1,0,1,1,1,1,1,0,1,1,1,0,1,0,1,0,1,0,1,0,1,0,1,0,1,1,1,0,1,0,1,0,1,0,1.0,0.0,1.0,0.0,1,0,1,0,1,0,1,0,1.0,1.0,1.0,0.0,1.0,0.0,1,0,1,0,1,0,1,0,1,0,1.0,0.0,1.0,0.0,,,,,,,,,,,,,,,,,,
2dac0138-edfc-4da2-a318-86404b49ac05,17629951,v1.12-1.13,0.0,2.0000667885550674,1,0,1,0,1,0,1,0,1,0,1,0,1,0,1,0,1,0,1,1,1,0,1,1,1,0,1,0,1,0,1,0,1,0,1,0,,,,,1,1,1,0,1,0,1,0,,,,,,,1,0,1,0,1,0,1,0,1,1,1.0,1.0,1.0,0.0,,,,,,,,,,,,,,,,,,
5ce4dfb2-7979-4048-8cb3-b48ca895ec63,17695488,v1.14-1.15,0.0,2.0000070691158953,1,1,1,0,1,1,1,1,1,0,1,1,1,0,1,0,1,0,1,0,1,0,1,0,1,0,1,1,1,0,1,0,1,0,1,0,1.0,0.0,1.0,0.0,1,0,1,0,1,0,1,0,1.0,1.0,1.0,0.0,1.0,0.0,1,0,1,0,1,0,1,0,1,0,1.0,0.0,1.0,0.0,,,,,,,,,,,,,,,,,,
60c71be8-8e70-43b1-be1a-f607a0a2621a,17825984,v1.16+,0.0,2.0000172954652475,1,1,1,1,1,1,1,1,1,1,1,1,1,0,1,0,1,0,1,0,1,0,1,0,1,0,1,1,1,0,1,0,1,0,1,0,,,,,1,1,1,1,1,1,1,1,1.0,1.0,1.0,1.0,1.0,1.0,1,0,1,0,1,0,1,0,1,0,1.0,0.0,,,,,,,,,,,,,,,,,,,,
579162cc-9263-4980-be9c-76872a92ddd3,17760767,v1.14-1.15,0.0,2.000037060092653,1,1,1,1,1,1,1,1,1,1,1,1,1,0,1,0,1,0,1,0,1,0,1,0,1,0,1,1,1,0,1,0,1,0,1,0,1.0,0.0,1.0,0.0,1,1,1,1,1,1,1,1,1.0,1.0,1.0,1.0,1.0,1.0,1,0,1,0,1,0,1,0,1,0,1.0,0.0,,,,,,,,,,,,,,,,,,,,
7ccac558-886a-497a-9078-15a7a089308c,17629951,v1.12-1.13,0.0016374417684771087,1.987368916089373,1,1,1,0,1,1,1,1,1,0,1,0,1,0,1,0,1,0,1,0,1,0,1,0,1,0,1,1,1,0,1,0,1,0,1,0,,,,,1,1,1,0,1,0,1,0,,,,,,,1,0,1,0,1,0,1,0,1,0,1.0,0.0,1.0,0.0,,,,,,,,,,,,,,,,,,
0fdeef71-9934-488d-b9d4-c7095909cde1,17695488,v1.14-1.15,0.0,2.000130615672527,1,1,1,0,1,1,1,1,1,0,1,0,1,0,1,0,1,0,1,0,1,0,1,0,1,0,1,1,1,0,1,0,1,0,1,0,1.0,0.0,1.0,0.0,1,0,1,0,1,0,1,0,1.0,1.0,1.0,0.0,1.0,0.0,1,0,1,0,1,0,1,0,1,0,1.0,0.0,1.0,0.0,,,,,,,,,,,,,,,,,,
1715ad75-9411-4a7a-a642-1e8f655159d4,17694720,v1.14-1.15,0.0025861799037362274,1.9976863894380923,1,1,1,0,1,1,1,1,1,0,1,1,1,0,1,0,1,0,1,0,1,0,1,0,1,0,1,1,1,0,1,0,1,0,1,0,1.0,0.0,1.0,0.0,1,0,1,0,1,0,1,0,1.0,1.0,1.0,0.0,1.0,0.0,1,0,1,0,1,0,1,0,1,0,1.0,0.0,1.0,0.0,,,,,,,,,,,,,,,,,,
97cbf28d-d456-4ac6-a74a-db7104b21513,17760256,v1.14-1.15,0.0,2.0000931571773557,1,1,1,1,1,1,1,1,1,1,1,1,1,0,1,0,1,0,1,0,1,0,1,0,1,0,1,1,1,0,1,0,1,0,1,0,1.0,0.0,1.0,0.0,1,1,1,1,1,1,1,1,1.0,1.0,1.0,1.0,1.0,1.0,1,0,1,0,1,0,1,0,1,0,1.0,0.0,,,,,,,,,,,,,,,,,,,,
1793d0a6-1c32-4657-b620-efcafc1af87f,17761280,v1.14-1.15,0.0,2.000015789327735,1,1,1,1,1,1,1,1,1,1,1,1,1,0,1,0,1,0,1,0,1,0,1,0,1,0,1,1,1,0,1,0,1,0,1,0,1.0,0.0,1.0,0.0,1,0,1,0,1,0,1,0,1.0,1.0,1.0,1.0,1.0,1.0,1,0,1,0,1,0,1,0,1,0,1.0,0.0,,,,,,,,,,,,,,,,,,,,
390999d6-182f-4559-bb70-f01b7fe5ffa7,17629951,v1.12-1.13,0.0,2.0000295520380784,1,0,1,0,1,0,1,1,1,0,1,0,1,0,1,0,1,0,1,0,1,0,1,0,1,0,1,1,1,0,1,0,1,0,1,0,,,,,1,1,1,0,1,0,1,0,,,,,,,1,0,1,0,1,0,1,0,1,0,1.0,0.0,1.0,0.0,,,,,,,,,,,,,,,,,,
5ed60964-27b0-4ebf-9a3d-9de6d5d40695,17891583,v1.16+,7.686404297302617e-05,1.9998646913253808,1,1,1,1,1,1,1,1,1,1,1,1,1,0,1,0,1,0,1,0,1,0,1,0,1,0,1,1,1,0,1,0,1,0,1,0,,,,,1,1,1,1,1,1,1,1,1.0,1.0,1.0,1.0,1.0,1.0,1,0,1,0,1,0,1,0,1,0,1.0,0.0,,,,,,,,,,,,,,,,,,,,
9b50cbc7-31d6-44ca-b1f9-c60408e0fc99,17891583,v1.16+,0.006324978844215378,1.9884974377280222,1,1,1,1,1,1,1,1,1,1,1,1,1,0,1,0,1,0,1,0,1,0,1,0,1,0,1,1,1,0,1,0,1,0,1,0,,,,,1,1,1,1,1,1,1,1,1.0,1.0,1.0,1.0,1.0,1.0,1,0,1,0,1,0,1,0,1,0,1.0,0.0,,,,,,,,,,,,,,,,,,,,
0a2f5ddb-0776-4e47-b731-3d192921b6fc,17761535,v1.14-1.15,0.0,2.0000000442804438,1,1,1,1,1,1,1,1,1,1,1,1,1,0,1,0,1,0,1,0,1,0,1,0,1,0,1,1,1,0,1,0,1,0,1,0,1.0,0.0,1.0,0.0,1,1,1,1,1,1,1,1,1.0,1.0,1.0,1.0,1.0,1.0,1,0,1,0,1,0,1,0,1,0,1.0,0.0,,,,,,,,,,,,,,,,,,,,
40d06109-f3c0-4a3d-9da7-cf6320d72bf1,17569792,v1.12-1.13,0.0,2.0014554642572735,1,1,1,0,1,1,1,1,1,0,1,0,1,0,1,0,1,0,1,0,1,0,1,0,1,0,1,1,1,0,1,0,1,0,1,0,,,,,1,1,1,1,1,0,1,0,,,,,,,1,1,1,1,1,0,1,0,1,1,,,1.0,0.0,,,,,,,,,,,,,,,,,,
f7457379-6e6f-48c5-826e-b2beecfdd9ce,17760512,v1.14-1.15,0.0,2.0000006906477203,1,1,1,1,1,1,1,1,1,1,1,1,1,0,1,0,1,0,1,0,1,0,1,0,1,0,1,1,1,0,1,0,1,0,1,0,1.0,0.0,1.0,0.0,1,1,1,1,1,1,1,1,1.0,1.0,1.0,1.0,1.0,1.0,1,0,1,0,1,0,1,0,1,0,1.0,0.0,,,,,,,,,,,,,,,,,,,,
c59f3c5f-ec19-4f9e-9cdd-43238ed84402,17498880,v1.12-1.13,0.01784985640650605,5.000042230933129,1,1,1,1,1,1,1,1,1,1,1,0,1,0,1,1,1,0,1,0,1,1,1,0,1,0,1,1,1,0,1,0,1,0,1,1,,,,,1,1,1,0,1,0,1,0,,,,,,,1,0,1,0,1,0,1,0,1,0,,,1.0,0.0,1.0,0.0,1.0,0.0,1.0,0.0,1.0,0.0,1.0,0.0,1.0,0.0,,,,,,
cf2bb372-99b9-4aa6-8418-6f26bb917a13,17761023,v1.14-1.15,0.0005933921359279837,2.0002052893623814,1,1,1,1,1,1,1,1,1,1,1,1,1,0,1,0,1,0,1,0,1,0,1,0,1,0,1,1,1,0,1,0,1,0,1,0,1.0,0.0,1.0,0.0,1,1,1,1,1,1,1,1,1.0,1.0,1.0,1.0,1.0,1.0,1,0,1,0,1,0,1,0,1,0,1.0,0.0,,,,,,,,,,,,,,,,,,,,
2b24a8af-3bcd-4bef-a099-bc67c611e8ef,17694720,v1.14-1.15,0.00035169264917685227,96.74480062161597,1,0,1,0,1,0,1,0,1,0,1,0,1,0,1,0,1,0,1,0,1,0,1,0,1,0,1,1,1,0,1,0,1,0,1,0,1.0,0.0,1.0,0.0,1,0,1,0,1,0,1,0,1.0,1.0,1.0,0.0,1.0,0.0,1,0,1,0,1,0,1,0,1,0,1.0,0.0,1.0,0.0,,,,,,,,,,,,,,,,,,
1c6ef4b1-9257-4388-b7de-d101d25db0a7,17694720,v1.14-1.15,0.00014340069141758705,111.63183676932019,1,0,1,0,1,0,1,0,1,0,1,0,1,1,1,0,1,1,1,1,1,0,1,1,1,0,1,1,1,0,1,0,1,0,1,0,1.0,0.0,1.0,0.0,1,1,1,0,1,0,1,0,1.0,1.0,1.0,0.0,1.0,0.0,1,0,1,0,1,0,1,0,1,0,1.0,0.0,1.0,0.0,,,,,,,,,,,,,,,,,,
7b106a61-ee7e-4ac3-afdf-9dd0b721b3da,17564416,v1.12-1.13,0.0,2.0009542011686703,1,1,1,0,1,1,1,1,1,0,1,0,1,0,1,0,1,0,1,0,1,0,1,0,1,0,1,1,1,0,1,0,1,0,1,0,,,,,1,1,1,1,1,0,1,0,,,,,,,1,0,1,0,1,0,1,0,1,0,,,1.0,0.0,,,,,,,,,,,,,,,,,,
5aa63eeb-ff68-4a3b-86b3-5989620b8c2e,17825792,v1.16+,0.0,1.9999445378509169,1,1,1,1,1,1,1,1,1,1,1,1,1,0,1,0,1,0,1,0,1,0,1,0,1,0,1,1,1,0,1,0,1,0,1,0,,,,,1,1,1,1,1,1,1,1,1.0,1.0,1.0,1.0,1.0,1.0,1,0,1,0,1,0,1,0,1,0,1.0,0.0,,,,,,,,,,,,,,,,,,,,
be4cee3e-98dd-4b0e-a2da-bccb5d69ba86,17891392,v1.16+,0.0,2.000000119266062,1,1,1,1,1,1,1,1,1,1,1,1,1,0,1,0,1,0,1,0,1,0,1,0,1,0,1,1,1,0,1,0,1,0,1,0,,,,,1,1,1,1,1,1,1,1,1.0,1.0,1.0,1.0,1.0,1.0,1,0,1,0,1,0,1,0,1,0,1.0,0.0,,,,,,,,,,,,,,,,,,,,
61e37f2d-ee12-48aa-b153-ed3d9c7a17c3,17760767,v1.14-1.15,0.0,2.000074572612836,1,1,1,1,1,1,1,1,1,1,1,1,1,0,1,0,1,0,1,0,1,0,1,0,1,0,1,1,1,0,1,0,1,0,1,0,1.0,0.0,1.0,0.0,1,1,1,1,1,1,1,1,1.0,1.0,1.0,1.0,1.0,1.0,1,0,1,0,1,0,1,0,1,0,1.0,0.0,,,,,,,,,,,,,,,,,,,,
17a4fecc-0e44-4979-9ae5-4b54afe93c65,17170944,v1.12-1.13,0.0,2.0000229850357263,1,0,1,0,1,0,1,0,1,0,1,0,1,0,1,0,1,0,1,0,1,0,1,0,1,1,1,1,1,0,1,0,1,1,1,1,,,,,1,1,1,1,1,1,1,1,1.0,1.0,1.0,1.0,1.0,1.0,1,0,1,0,1,0,1,0,1,1,1.0,1.0,,,,,,,,,,,,,,,,,,,,
3c0ecf1c-14fb-4992-8046-52d4d2e6a5fa,17761280,v1.14-1.15,0.0,1.999926396151486,1,1,1,1,1,1,1,1,1,1,1,1,1,0,1,0,1,0,1,0,1,0,1,0,1,1,1,1,1,0,1,0,1,1,1,1,1.0,1.0,1.0,1.0,1,1,1,1,1,1,1,1,1.0,1.0,1.0,1.0,1.0,1.0,1,0,1,0,1,0,1,0,1,1,1.0,1.0,,,,,,,,,,,,,,,,,,,,
7cef9d43-0d18-4d75-ae69-cd23b49983a6,17761535,v1.14-1.15,0.0,2.00013384425066,1,1,1,1,1,1,1,1,1,1,1,1,1,0,1,0,1,0,1,0,1,0,1,0,1,0,1,1,1,0,1,0,1,0,1,0,1.0,0.0,1.0,0.0,1,0,1,1,1,1,1,1,1.0,1.0,1.0,1.0,1.0,1.0,1,0,1,0,1,0,1,0,1,0,1.0,0.0,,,,,,,,,,,,,,,,,,,,
0be60cd5-eecc-4cb2-8d83-b96a5126b2d2,17629952,v1.12-1.13,0.0,2.000096834475465,1,0,1,0,1,0,1,1,1,0,1,0,1,0,1,0,1,0,1,0,1,0,1,0,1,0,1,1,1,0,1,0,1,0,1,0,,,,,1,1,1,1,1,0,1,0,,,,,,,1,0,1,0,1,0,1,0,1,0,1.0,0.0,1.0,0.0,,,,,,,,,,,,,,,,,,
6b494669-4f32-4efc-8502-f2dc8a54e7b0,17695488,v1.14-1.15,0.0,1.984127488032378,1,1,1,0,1,1,1,1,1,0,1,1,1,0,1,0,1,0,1,0,1,0,1,0,1,0,1,1,1,0,1,0,1,0,1,0,1.0,0.0,1.0,0.0,1,0,1,0,1,0,1,0,1.0,1.0,1.0,0.0,1.0,0.0,1,0,1,0,1,0,1,0,1,0,1.0,0.0,1.0,0.0,,,,,,,,,,,,,,,,,,
e9dc9cc6-7462-444d-8f5e-76fecc7d536f,17825984,v1.16+,0.0,99.99207198636381,1,1,1,1,1,1,1,1,1,1,1,1,1,0,1,0,1,0,1,0,1,0,1,0,1,0,1,1,1,0,1,0,1,0,1,0,,,,,1,1,1,1,1,1,1,1,1.0,1.0,1.0,1.0,1.0,1.0,1,0,1,0,1,0,1,0,1,0,1.0,0.0,,,,,,,,,,,,,,,,,,,,
35ac5ff4-9f0c-43eb-8da8-8dd0df5a2357,17825984,v1.16+,0.0,2.0000477399711407,1,1,1,1,1,1,1,1,1,1,1,1,1,0,1,0,1,0,1,0,1,0,1,0,1,0,1,1,1,0,1,0,1,0,1,0,,,,,1,0,1,1,1,1,1,1,1.0,1.0,1.0,1.0,1.0,1.0,1,0,1,0,1,0,1,0,1,0,1.0,0.0,,,,,,,,,,,,,,,,,,,,
4be9ca10-2d0f-4762-b053-2162388ab4e6,17891392,v1.16+,0.0,100.00483432091603,1,1,1,1,1,1,1,1,1,1,1,1,1,0,1,0,1,0,1,0,1,0,1,0,1,0,1,1,1,0,1,0,1,0,1,0,,,,,1,1,1,1,1,1,1,1,1.0,1.0,1.0,1.0,1.0,1.0,1,0,1,0,1,0,1,0,1,0,1.0,0.0,,,,,,,,,,,,,,,,,,,,
24458072-15c1-486a-b98d-9e24202a03de,17826047,v1.16+,0.0,2.000201119459126,1,1,1,1,1,1,1,1,1,1,1,1,1,0,1,0,1,0,1,0,1,0,1,0,1,0,1,1,1,0,1,0,1,0,1,0,,,,,1,1,1,1,1,1,1,1,1.0,1.0,1.0,1.0,1.0,1.0,1,0,1,0,1,0,1,0,1,0,1.0,0.0,,,,,,,,,,,,,,,,,,,,
a3612b3a-8f0d-4c34-95d7-5234b0233a70,17891583,v1.16+,0.0,2.0000429891593083,1,1,1,1,1,1,1,1,1,1,1,1,1,0,1,0,1,0,1,0,1,0,1,0,1,0,1,1,1,0,1,0,1,0,1,0,,,,,1,1,1,1,1,1,1,1,1.0,1.0,1.0,1.0,1.0,1.0,1,0,1,0,1,0,1,0,1,0,1.0,0.0,,,,,,,,,,,,,,,,,,,,
bc220c59-1f56-4331-992a-704d7699e87f,17761535,v1.14-1.15,0.0,2.0000062295276004,1,0,1,0,1,0,1,0,1,0,1,0,1,0,1,0,1,0,1,0,1,0,1,0,1,0,1,1,1,0,1,0,1,0,1,0,1.0,0.0,1.0,0.0,1,1,1,1,1,1,1,1,1.0,1.0,1.0,1.0,1.0,1.0,1,0,1,0,1,0,1,0,1,0,1.0,0.0,,,,,,,,,,,,,,,,,,,,
b54f8d6b-ccd7-4a6e-b005-97937e33d0fb,17695488,v1.14-1.15,0.0,2.0000061153399504,1,0,1,0,1,0,1,0,1,0,1,0,1,0,1,0,1,0,1,0,1,0,1,0,1,1,1,1,1,0,1,0,1,1,1,0,1.0,1.0,1.0,0.0,1,0,1,0,1,0,1,0,1.0,1.0,1.0,0.0,1.0,0.0,1,0,1,0,1,0,1,0,1,1,1.0,1.0,1.0,0.0,,,,,,,,,,,,,,,,,,
7ec43529-23db-448d-92d4-0be2760d3d6d,17695743,v1.14-1.15,0.0,2.0000828071666894,1,1,1,0,1,1,1,1,1,0,1,1,1,0,1,0,1,0,1,0,1,0,1,0,1,0,1,1,1,0,1,0,1,0,1,0,1.0,0.0,1.0,0.0,1,0,1,0,1,0,1,0,1.0,1.0,1.0,0.0,1.0,0.0,1,0,1,0,1,0,1,0,1,0,1.0,0.0,1.0,0.0,,,,,,,,,,,,,,,,,,
8e748912-ee62-4767-921d-fa814e87b8df,17761535,v1.14-1.15,0.0,2.0001032227184945,1,1,1,1,1,1,1,1,1,1,1,1,1,0,1,0,1,0,1,0,1,0,1,0,1,0,1,1,1,0,1,0,1,0,1,0,1.0,0.0,1.0,0.0,1,1,1,1,1,1,1,1,1.0,1.0,1.0,1.0,1.0,1.0,1,0,1,0,1,0,1,0,1,0,1.0,0.0,,,,,,,,,,,,,,,,,,,,
6cb8f761-762d-4406-97d8-5cb582bb2a73,17761535,v1.14-1.15,0.0,2.000051709273398,1,1,1,1,1,1,1,1,1,1,1,1,1,0,1,0,1,0,1,0,1,0,1,0,1,0,1,1,1,0,1,0,1,0,1,0,1.0,0.0,1.0,0.0,1,1,1,1,1,1,1,1,1.0,1.0,1.0,1.0,1.0,1.0,1,0,1,0,1,0,1,0,1,0,1.0,0.0,,,,,,,,,,,,,,,,,,,,
ada61952-2999-4221-8c30-7b6d41baf1ee,17647360,v1.12-1.13,0.0,2.0000112960638,1,1,1,0,1,1,1,1,1,0,1,1,1,0,1,0,1,0,1,0,1,0,1,0,1,0,1,1,1,0,1,0,1,0,1,0,1.0,0.0,1.0,0.0,1,1,1,0,1,0,1,0,1.0,1.0,1.0,0.0,1.0,0.0,1,0,1,0,1,0,1,0,1,0,1.0,0.0,1.0,0.0,,,,,,,,,,,,,,,,,,
be875ee2-463f-4716-ab6f-ccc99b2b3710,17694720,v1.14-1.15,0.0006698299676320793,2.0002265506596943,1,0,1,0,1,0,1,0,1,0,1,0,1,0,1,0,1,0,1,0,1,0,1,0,1,0,1,1,1,0,1,0,1,0,1,0,,,,,1,0,1,0,1,0,1,0,1.0,1.0,1.0,1.0,1.0,1.0,1,0,1,0,1,0,1,0,1,0,1.0,0.0,,,,,,,,,,,,,,,,,,,,
b646c0ab-bcaa-46a0-b3d3-7799f9ee0050,17761280,v1.14-1.15,3.140014695179059e-05,1.9999985260334021,1,1,1,1,1,1,1,1,1,1,1,1,1,0,1,0,1,0,1,0,1,0,1,0,1,0,1,1,1,0,1,0,1,0,1,0,1.0,0.0,1.0,0.0,1,1,1,1,1,1,1,1,1.0,1.0,1.0,1.0,1.0,1.0,1,0,1,0,1,0,1,0,1,0,1.0,0.0,,,,,,,,,,,,,,,,,,,,
00c62ca4-fca8-4b32-af1f-a4b25ef2ff43,17629248,v1.12-1.13,0.0,2.0000419754032417,1,1,1,0,1,1,1,1,1,0,1,0,1,0,1,0,1,0,1,0,1,0,1,0,1,1,1,1,1,0,1,0,1,1,1,0,,,,,1,1,1,0,1,0,1,0,,,,,,,1,0,1,0,1,0,1,0,1,1,,,1.0,0.0,,,,,,,,,,,,,,,,,,
458a8bc0-340a-4204-a0a6-b3e4c471a0bb,17761535,v1.14-1.15,0.0,2.0000765816556667,1,1,1,1,1,1,1,1,1,1,1,1,1,0,1,0,1,0,1,0,1,0,1,0,1,0,1,1,1,0,1,0,1,0,1,0,1.0,0.0,1.0,0.0,1,1,1,1,1,1,1,1,1.0,1.0,1.0,1.0,1.0,1.0,1,0,1,0,1,0,1,0,1,0,1.0,0.0,,,,,,,,,,,,,,,,,,,,
66d0b526-76f1-4747-9099-56e89ac61179,17761535,v1.14-1.15,0.0,2.0000585073718833,1,0,1,0,1,0,1,0,1,0,1,0,1,1,1,1,1,1,1,0,1,0,1,0,1,0,1,1,1,0,1,0,1,0,1,0,1.0,0.0,1.0,0.0,1,0,1,0,1,0,1,0,1.0,1.0,1.0,1.0,1.0,1.0,1,0,1,0,1,0,1,0,1,0,1.0,0.0,,,,,,,,,,,,,,,,,,,,
d942d421-9cfb-4cef-8abc-19048531177f,17826559,v1.16+,0.0,2.000184077091004,1,0,1,0,1,0,1,0,1,0,1,0,1,0,1,0,1,0,1,0,1,0,1,0,1,0,1,1,1,0,1,0,1,0,1,0,,,,,1,1,1,1,1,1,1,1,1.0,1.0,1.0,1.0,1.0,1.0,1,0,1,0,1,0,1,0,1,0,1.0,0.0,,,,,,,,,,,,,,,,,,,,
5f505ee4-0d0d-4a5b-8dad-9c15cdb282f9,17891392,v1.16+,0.0,2.000007932520914,1,1,1,1,1,1,1,1,1,1,1,1,1,0,1,0,1,0,1,0,1,0,1,0,1,0,1,1,1,0,1,0,1,0,1,0,,,,,1,1,1,1,1,1,1,1,1.0,1.0,1.0,1.0,1.0,1.0,1,0,1,0,1,0,1,0,1,0,1.0,0.0,,,,,,,,,,,,,,,,,,,,
6a626101-43e2-411c-ab36-77eabe0f7722,17826240,v1.16+,0.0,2.0000017612747607,1,1,1,1,1,1,1,1,1,1,1,1,1,0,1,0,1,0,1,0,1,0,1,0,1,0,1,1,1,0,1,0,1,0,1,0,,,,,1,1,1,1,1,1,1,1,1.0,1.0,1.0,1.0,1.0,1.0,1,0,1,0,1,0,1,0,1,0,1.0,0.0,,,,,,,,,,,,,,,,,,,,
30a07069-c23c-489b-84dd-b564c65b0e47,17891583,v1.16+,0.0,2.000024036763044,1,1,1,1,1,1,1,1,1,1,1,1,1,0,1,0,1,0,1,0,1,0,1,0,1,0,1,1,1,0,1,0,1,0,1,0,,,,,1,1,1,1,1,1,1,1,1.0,1.0,1.0,1.0,1.0,1.0,1,0,1,0,1,0,1,0,1,0,1.0,0.0,,,,,,,,,,,,,,,,,,,,
6097d00d-d9f5-45de-bfb6-a86b8e9d156a,17629696,v1.12-1.13,0.0,2.0000174036602143,1,1,1,0,1,1,1,1,1,0,1,0,1,0,1,0,1,0,1,0,1,0,1,0,1,0,1,1,1,0,1,0,1,0,1,0,,,,,1,1,1,0,1,0,1,0,,,,,,,1,0,1,0,1,0,1,0,1,0,1.0,0.0,1.0,0.0,,,,,,,,,,,,,,,,,,
67e6fad3-992a-4ac5-8af5-98d8cc146320,17826047,v1.16+,0.0,2.000132504016171,1,1,1,1,1,1,1,1,1,1,1,1,1,0,1,0,1,0,1,0,1,0,1,0,1,0,1,1,1,0,1,0,1,0,1,0,,,,,1,1,1,1,1,1,1,1,1.0,1.0,1.0,1.0,1.0,1.0,1,0,1,0,1,0,1,0,1,0,1.0,0.0,,,,,,,,,,,,,,,,,,,,
5a3fb6e8-1e1e-4943-97bd-101bdf04a3e2,17826047,v1.16+,0.0,2.000045587060572,1,1,1,1,1,1,1,1,1,1,1,1,1,0,1,0,1,0,1,0,1,0,1,0,1,0,1,1,1,0,1,0,1,0,1,0,,,,,1,1,1,1,1,1,1,1,1.0,1.0,1.0,1.0,1.0,1.0,1,0,1,0,1,0,1,0,1,0,1.0,0.0,,,,,,,,,,,,,,,,,,,,
847525e5-e4db-47a5-8784-15808214b7be,17761280,v1.14-1.15,0.0,2.0002438644420515,1,0,1,0,1,0,1,0,1,0,1,0,1,0,1,0,1,0,1,0,1,0,1,0,1,0,1,1,1,0,1,0,1,0,1,0,1.0,0.0,1.0,0.0,1,0,1,0,1,0,1,0,1.0,1.0,1.0,1.0,1.0,1.0,1,0,1,0,1,0,1,0,1,0,1.0,0.0,,,,,,,,,,,,,,,,,,,,
b4953130-41dc-46f8-b1c8-b467836ea641,17694848,v1.14-1.15,0.0040111113216988944,1.9839672474156476,1,0,1,0,1,0,1,0,1,0,1,0,1,0,1,0,1,0,1,0,1,0,1,0,1,0,1,1,1,0,1,0,1,0,1,0,,,,,1,0,1,0,1,0,1,0,1.0,1.0,1.0,1.0,1.0,1.0,1,0,1,0,1,0,1,0,1,0,1.0,0.0,,,,,,,,,,,,,,,,,,,,
f9f621b7-e584-4f30-a011-a539c71cc2c6,17694975,v1.14-1.15,0.001181726202234395,1.9959549588925198,1,1,1,0,1,1,1,1,1,0,1,1,1,0,1,0,1,0,1,0,1,0,1,0,1,1,1,1,1,0,1,0,1,0,1,0,1.0,0.0,1.0,0.0,1,0,1,0,1,0,1,0,1.0,1.0,1.0,0.0,1.0,0.0,1,0,1,0,1,0,1,0,1,1,1.0,1.0,1.0,0.0,,,,,,,,,,,,,,,,,,
047d13b5-d1b6-41aa-b840-24e8ed645041,17761280,v1.14-1.15,4.536052504481143e-05,2.00003776836697,1,0,1,0,1,0,1,0,1,0,1,0,1,0,1,0,1,0,1,0,1,0,1,0,1,1,1,1,1,0,1,0,1,1,1,1,1.0,1.0,1.0,1.0,1,0,1,0,1,0,1,0,1.0,1.0,1.0,1.0,1.0,1.0,1,0,1,0,1,0,1,0,1,1,1.0,1.0,,,,,,,,,,,,,,,,,,,,
813de3e5-a6db-4a27-b01f-7df0a99441cf,17564416,v1.12-1.13,0.00013674324306510744,1.9999947867434469,1,0,1,0,1,0,1,0,1,0,1,0,1,0,1,0,1,0,1,1,1,0,1,1,1,0,1,0,1,0,1,0,1,0,1,0,,,,,1,1,1,0,1,0,1,0,,,,,,,1,1,1,1,1,0,1,0,1,0,,,1.0,0.0,,,,,,,,,,,,,,,,,,
1a7c86a3-d3d2-4f64-9069-f10390e7bda1,17498880,v1.12-1.13,0.004026549139283543,4.99994291273971,1,1,1,1,1,1,1,1,1,1,1,0,1,0,1,1,1,0,1,0,1,1,1,0,1,1,1,1,1,0,1,0,1,1,1,1,,,,,1,1,1,0,1,0,1,0,,,,,,,1,0,1,0,1,0,1,0,1,1,,,1.0,0.0,1.0,0.0,1.0,0.0,1.0,0.0,1.0,0.0,1.0,0.0,1.0,0.0,,,,,,
54c79508-6e4a-40cd-a1ee-9d25fec92a45,17695743,v1.14-1.15,0.0018097877618644786,1.999913368681565,1,0,1,0,1,0,1,0,1,0,1,0,1,0,1,0,1,0,1,0,1,0,1,0,1,0,1,1,1,0,1,0,1,0,1,0,1.0,0.0,1.0,0.0,1,1,1,0,1,0,1,0,1.0,1.0,1.0,0.0,1.0,0.0,1,0,1,0,1,0,1,0,1,0,1.0,0.0,1.0,0.0,,,,,,,,,,,,,,,,,,
4e65fc72-bb5b-4330-a276-a2a3065f7fb1,17891392,v1.16+,0.0041112510413072205,1.9944243849166787,1,1,1,1,1,1,1,1,1,1,1,1,1,0,1,0,1,0,1,0,1,0,1,0,1,0,1,1,1,0,1,0,1,0,1,0,,,,,1,1,1,1,1,1,1,1,1.0,1.0,1.0,1.0,1.0,1.0,1,0,1,0,1,0,1,0,1,0,1.0,0.0,,,,,,,,,,,,,,,,,,,,
cdd0df13-cf06-4fc9-a919-0adfcb30ebf9,17695744,v1.14-1.15,0.0,2.0001304202688748,1,0,1,0,1,0,1,0,1,0,1,0,1,0,1,0,1,0,1,0,1,0,1,0,1,1,1,1,1,0,1,0,1,1,1,0,1.0,0.0,1.0,0.0,1,1,1,0,1,0,1,0,1.0,1.0,1.0,0.0,1.0,0.0,1,0,1,0,1,0,1,0,1,1,1.0,1.0,1.0,0.0,,,,,,,,,,,,,,,,,,
e9200833-75ce-49ce-abc8-c5e6cb0a5c5c,17826047,v1.16+,0.0,2.000050603430859,1,0,1,0,1,0,1,0,1,0,1,0,1,0,1,0,1,0,1,1,1,1,1,1,1,1,1,1,1,0,1,0,1,0,1,0,,,,,1,1,1,0,1,0,1,0,1.0,1.0,1.0,1.0,1.0,1.0,1,0,1,0,1,0,1,0,1,1,1.0,1.0,,,,,,,,,,,,,,,,,,,,
a0d0c77b-929a-4856-a35a-b2f840607969,17629951,v1.12-1.13,0.0,2.000045808741504,1,1,1,0,1,1,1,1,1,0,1,0,1,0,1,0,1,0,1,0,1,0,1,0,1,0,1,1,1,0,1,0,1,0,1,0,,,,,1,1,1,1,1,0,1,0,,,,,,,1,0,1,0,1,0,1,0,1,0,1.0,0.0,1.0,0.0,,,,,,,,,,,,,,,,,,
9cc9649b-8429-49aa-ad87-23cb13e37d0e,17694720,v1.14-1.15,0.00019495512266000316,101.15977533604013,1,0,1,0,1,0,1,0,1,0,1,0,1,1,1,0,1,1,1,1,1,0,1,1,1,0,1,1,1,0,1,0,1,0,1,0,1.0,0.0,1.0,0.0,1,1,1,0,1,0,1,0,1.0,1.0,1.0,0.0,1.0,0.0,1,0,1,0,1,0,1,0,1,0,1.0,0.0,1.0,0.0,,,,,,,,,,,,,,,,,,
73b23017-6a95-4e91-bac7-83998a47542b,17694848,v1.14-1.15,0.0,2.0000166539228945,1,1,1,0,1,1,1,1,1,0,1,1,1,0,1,0,1,0,1,0,1,0,1,0,1,1,1,1,1,0,1,0,1,0,1,0,1.0,1.0,1.0,0.0,1,0,1,0,1,0,1,0,1.0,1.0,1.0,0.0,1.0,0.0,1,0,1,0,1,0,1,0,1,1,1.0,1.0,1.0,0.0,,,,,,,,,,,,,,,,,,
90765aa4-35f3-411d-8e63-32fca52962b9,17695488,v1.14-1.15,0.0,2.0000051568760417,1,1,1,0,1,1,1,1,1,0,1,1,1,0,1,0,1,0,1,0,1,0,1,0,1,1,1,1,1,0,1,0,1,1,1,0,1.0,0.0,1.0,0.0,1,0,1,0,1,0,1,0,1.0,1.0,1.0,0.0,1.0,0.0,1,0,1,0,1,0,1,0,1,1,1.0,1.0,1.0,0.0,,,,,,,,,,,,,,,,,,
689db116-0103-48b4-97d8-b1664e908b09,17629695,v1.12-1.13,0.005828781174417088,1.9916962633636086,1,0,1,0,1,0,1,0,1,0,1,0,1,0,1,0,1,0,1,1,1,0,1,1,1,0,1,0,1,0,1,0,1,0,1,0,,,,,1,1,1,0,1,0,1,0,,,,,,,1,0,1,0,1,0,1,0,1,0,1.0,0.0,1.0,0.0,,,,,,,,,,,,,,,,,,
eb4f35c0-6646-46d7-93be-45b433fb741a,17498880,v1.12-1.13,0.005734195485763445,4.999815154513149,1,1,1,1,1,1,1,1,1,1,1,0,1,0,1,1,1,0,1,0,1,1,1,0,1,0,1,1,1,0,1,0,1,0,1,1,,,,,1,1,1,1,1,0,1,0,,,,,,,1,0,1,0,1,0,1,0,1,0,,,1.0,0.0,1.0,0.0,1.0,0.0,1.0,0.0,1.0,0.0,1.0,0.0,1.0,0.0,,,,,,
2368a72a-27e9-4d91-a1cb-f82c9c637522,16973952,v1.12-1.13,0.0002169265425987329,9.999744261198787,1,0,1,0,1,0,1,0,1,0,1,0,1,0,1,0,1,0,1,0,1,0,1,0,1,0,1,1,1,0,1,0,1,0,1,0,1.0,0.0,1.0,0.0,1,1,1,0,1,0,1,0,1.0,1.0,1.0,0.0,1.0,0.0,1,0,1,0,1,0,1,0,1,0,1.0,0.0,1.0,0.0,,,,,,,,,,,,,1.0,0.0,1.0,0.0,1.0,0.0
98277811-9dd9-484c-a95c-8e8dc46b7201,17695488,v1.14-1.15,0.006939888888768544,1.999850984076673,1,0,1,0,1,0,1,0,1,0,1,0,1,0,1,0,1,0,1,0,1,0,1,0,1,0,1,1,1,0,1,0,1,0,1,0,1.0,0.0,1.0,0.0,1,1,1,0,1,0,1,0,1.0,1.0,1.0,0.0,1.0,0.0,1,0,1,0,1,0,1,0,1,0,1.0,0.0,1.0,0.0,,,,,,,,,,,,,,,,,,
43dc4086-5e2d-4a65-8552-97f1b4676794,17760768,v1.14-1.15,0.0,2.0000060690737915,1,1,1,1,1,1,1,1,1,1,1,0,1,0,1,0,1,0,1,0,1,0,1,0,1,0,1,1,1,0,1,0,1,0,1,0,1.0,0.0,1.0,0.0,1,0,1,0,1,0,1,0,1.0,1.0,1.0,1.0,1.0,1.0,1,0,1,0,1,0,1,0,1,0,1.0,0.0,,,,,,,,,,,,,,,,,,,,
d8394e74-fe8c-40f3-a3d5-88e037125f0c,17695488,v1.14-1.15,0.0,2.000015805950156,1,1,1,0,1,1,1,1,1,0,1,1,1,0,1,0,1,0,1,0,1,0,1,0,1,0,1,1,1,0,1,0,1,0,1,0,1.0,0.0,1.0,0.0,1,1,1,0,1,0,1,0,1.0,1.0,1.0,0.0,1.0,0.0,1,0,1,0,1,0,1,0,1,1,1.0,1.0,1.0,0.0,,,,,,,,,,,,,,,,,,
d11d6237-460e-4e24-a819-d36157c9a8fe,17826047,v1.16+,0.0,2.0001615330454086,1,0,1,0,1,0,1,0,1,0,1,0,1,0,1,0,1,0,1,1,1,1,1,1,1,1,1,1,1,0,1,0,1,1,1,1,,,,,1,1,1,0,1,0,1,0,1.0,1.0,1.0,1.0,1.0,1.0,1,0,1,0,1,0,1,0,1,1,1.0,1.0,,,,,,,,,,,,,,,,,,,,
9672ba70-b552-4301-a85f-9960a054622b,17761280,v1.14-1.15,0.0,2.0000937978260396,1,1,1,1,1,1,1,1,1,1,1,1,1,0,1,0,1,0,1,0,1,0,1,0,1,1,1,1,1,0,1,0,1,0,1,0,1.0,0.0,1.0,0.0,1,1,1,1,1,1,1,1,1.0,1.0,1.0,1.0,1.0,1.0,1,0,1,0,1,0,1,0,1,1,1.0,1.0,,,,,,,,,,,,,,,,,,,,
b8c9df85-597f-4acf-b5be-63f4ec8e2cc7,17825920,v1.16+,0.009461047157024545,1.9806182971867852,1,0,1,0,1,0,1,0,1,0,1,0,1,0,1,0,1,0,1,0,1,0,1,0,1,0,1,1,1,0,1,0,1,0,1,0,,,,,1,1,1,1,1,1,1,1,1.0,1.0,1.0,1.0,1.0,1.0,1,0,1,0,1,0,1,0,1,0,1.0,0.0,,,,,,,,,,,,,,,,,,,,
fe0bcd30-027a-4c83-993d-386e69743c1a,17826559,v1.16+,9.716660743790377e-05,1.9999978275885666,1,0,1,0,1,0,1,0,1,0,1,0,1,0,1,0,1,0,1,1,1,1,1,1,1,1,1,1,1,0,1,0,1,1,1,1,,,,,1,1,1,0,1,0,1,0,1.0,1.0,1.0,1.0,1.0,1.0,1,0,1,0,1,0,1,0,1,1,1.0,1.0,,,,,,,,,,,,,,,,,,,,
9e19acb2-8a4f-4579-90f8-2fdc04823055,17499135,v1.12-1.13,0.008059072269585557,4.998521905885811,1,1,1,1,1,1,1,1,1,1,1,0,1,0,1,1,1,0,1,0,1,1,1,0,1,0,1,1,1,0,1,0,1,0,1,1,,,,,1,1,1,1,1,0,1,0,,,,,,,1,0,1,0,1,0,1,0,1,0,,,1.0,0.0,1.0,0.0,1.0,0.0,1.0,0.0,1.0,0.0,1.0,0.0,1.0,0.0,,,,,,
88c71c81-d53d-406e-ba46-8cefb31c804b,17891583,v1.16+,0.0005544925237411398,2.0000750209957876,1,1,1,1,1,1,1,1,1,1,1,1,1,0,1,0,1,0,1,0,1,0,1,0,1,0,1,1,1,0,1,0,1,0,1,0,,,,,1,1,1,1,1,1,1,1,1.0,1.0,1.0,1.0,1.0,1.0,1,0,1,0,1,0,1,0,1,0,1.0,0.0,,,,,,,,,,,,,,,,,,,,
7cf491f2-2ab7-4e0d-8ed0-cebb295aab35,17695488,v1.14-1.15,0.0,1.9999470519068379,1,1,1,0,1,1,1,1,1,0,1,1,1,0,1,0,1,0,1,0,1,0,1,0,1,0,1,1,1,0,1,0,1,0,1,0,1.0,0.0,1.0,0.0,1,1,1,0,1,0,1,0,1.0,1.0,1.0,0.0,1.0,0.0,1,0,1,0,1,0,1,0,1,0,1.0,0.0,1.0,0.0,,,,,,,,,,,,,,,,,,
d2e9343a-9694-48c1-b282-e5933cbf9c9e,17695488,v1.14-1.15,0.0,2.000027372923653,1,0,1,0,1,0,1,0,1,0,1,0,1,0,1,0,1,0,1,1,1,0,1,1,1,0,1,1,1,0,1,0,1,0,1,0,1.0,0.0,1.0,0.0,1,1,1,0,1,0,1,0,1.0,1.0,1.0,0.0,1.0,0.0,1,0,1,0,1,0,1,0,1,1,1.0,1.0,1.0,0.0,,,,,,,,,,,,,,,,,,
5d38a14a-cef2-4674-a0fe-85ab830d5cc9,17826047,v1.16+,0.011355054732428612,1.9743605943471543,1,1,1,1,1,1,1,1,1,1,1,1,1,0,1,0,1,0,1,0,1,0,1,0,1,0,1,1,1,0,1,0,1,0,1,0,,,,,1,1,1,1,1,1,1,1,1.0,1.0,1.0,1.0,1.0,1.0,1,0,1,0,1,0,1,0,1,0,1.0,0.0,,,,,,,,,,,,,,,,,,,,
b4eac435-5883-4a5f-a3e8-725ea20b822b,17956928,v1.16+,0.0,2.000000440000097,1,1,1,1,1,1,1,1,1,1,1,1,1,0,1,0,1,0,1,0,1,0,1,0,1,0,1,1,1,0,1,0,1,0,1,0,,,,,1,1,1,1,1,1,1,1,1.0,1.0,1.0,1.0,1.0,1.0,1,0,1,0,1,0,1,0,1,0,1.0,0.0,,,,,,,,,,,,,,,,,,,,
06915362-d998-4f5c-8df2-26c1f304c396,17694720,v1.14-1.15,0.000443684166975212,1.9999784964718048,1,0,1,0,1,0,1,0,1,0,1,0,1,0,1,0,1,0,1,0,1,0,1,0,1,0,1,1,1,0,1,0,1,0,1,0,1.0,0.0,1.0,0.0,1,1,1,0,1,0,1,0,1.0,1.0,1.0,0.0,1.0,0.0,1,0,1,0,1,0,1,0,1,0,1.0,0.0,1.0,0.0,,,,,,,,,,,,,,,,,,
f0ec6d11-1490-4150-9ee5-be2cd3c98564,17630207,v1.12-1.13,6.24307408968176e-05,1.9998832824024475,1,1,1,0,1,1,1,1,1,0,1,0,1,0,1,0,1,0,1,0,1,0,1,0,1,0,1,1,1,0,1,0,1,0,1,0,,,,,1,1,1,0,1,0,1,0,,,,,,,1,0,1,0,1,0,1,0,1,0,1.0,0.0,1.0,0.0,,,,,,,,,,,,,,,,,,
50fdfcd8-b9f1-476f-8d2b-8cdf08bc17c7,17694975,v1.14-1.15,5.787370375408445e-05,2.0000006760565667,1,0,1,0,1,0,1,0,1,0,1,0,1,0,1,0,1,0,1,0,1,0,1,0,1,0,1,1,1,0,1,0,1,0,1,0,1.0,0.0,1.0,0.0,1,0,1,0,1,0,1,0,1.0,1.0,1.0,0.0,1.0,0.0,1,0,1,0,1,0,1,0,1,0,1.0,0.0,1.0,0.0,,,,,,,,,,,,,,,,,,
9d5cc82a-0fd5-49f5-933a-23f68efb53ff,17761280,v1.14-1.15,0.0,2.0000422745777615,1,1,1,1,1,1,1,1,1,1,1,1,1,0,1,0,1,0,1,0,1,0,1,0,1,0,1,1,1,0,1,0,1,0,1,0,1.0,0.0,1.0,0.0,1,1,1,1,1,1,1,1,1.0,1.0,1.0,1.0,1.0,1.0,1,0,1,0,1,0,1,0,1,0,1.0,0.0,,,,,,,,,,,,,,,,,,,,
175c2b30-009d-4bc2-8240-c91bce6f8ac6,17695488,v1.14-1.15,0.0,2.000095176246215,1,0,1,0,1,0,1,0,1,0,1,0,1,0,1,0,1,0,1,0,1,0,1,0,1,0,1,1,1,0,1,0,1,1,1,0,1.0,0.0,1.0,0.0,1,0,1,0,1,0,1,0,1.0,1.0,1.0,0.0,1.0,0.0,1,0,1,0,1,0,1,0,1,1,1.0,1.0,1.0,0.0,,,,,,,,,,,,,,,,,,
fc318ae2-4238-492c-8920-47d1631c832b,17761280,v1.14-1.15,0.0,2.001301426950513,1,1,1,1,1,1,1,1,1,1,1,1,1,0,1,0,1,0,1,0,1,0,1,0,1,1,1,1,1,0,1,0,1,0,1,0,1.0,0.0,1.0,0.0,1,1,1,1,1,1,1,1,1.0,1.0,1.0,1.0,1.0,1.0,1,0,1,0,1,0,1,0,1,1,1.0,1.0,,,,,,,,,,,,,,,,,,,,
7387819c-8536-4239-b377-e5905094c9a5,17630207,v1.12-1.13,0.0,2.000117849640489,1,0,1,0,1,0,1,0,1,0,1,0,1,1,1,0,1,1,1,1,1,0,1,0,1,1,1,0,1,0,1,0,1,1,1,0,,,,,1,1,1,0,1,0,1,0,,,,,,,1,0,1,0,1,0,1,0,1,1,1.0,1.0,1.0,0.0,,,,,,,,,,,,,,,,,,
7c222f8a-c166-4472-8269-412283af90ab,17826240,v1.16+,0.0,2.000174531358301,1,1,1,1,1,1,1,1,1,1,1,1,1,0,1,0,1,0,1,0,1,0,1,0,1,0,1,1,1,0,1,0,1,0,1,0,,,,,1,1,1,1,1,1,1,1,1.0,1.0,1.0,1.0,1.0,1.0,1,0,1,0,1,0,1,0,1,0,1.0,0.0,,,,,,,,,,,,,,,,,,,,
ca2d5f40-2334-418b-a219-4f7f3cb8283f,17825792,v1.16+,0.0,2.000142756134876,1,0,1,0,1,0,1,0,1,0,1,0,1,0,1,0,1,0,1,0,1,0,1,0,1,0,1,1,1,0,1,0,1,0,1,0,,,,,1,0,1,0,1,0,1,0,1.0,1.0,1.0,1.0,1.0,1.0,1,0,1,0,1,0,1,0,1,0,1.0,0.0,,,,,,,,,,,,,,,,,,,,
c9b2e9be-3f9c-48d3-89cb-a0444ed49de1,17891583,v1.16+,0.0,1.9999420861840957,1,1,1,1,1,1,1,1,1,1,1,0,1,0,1,0,1,0,1,0,1,0,1,0,1,0,1,1,1,0,1,0,1,0,1,0,,,,,1,1,1,1,1,1,1,1,1.0,1.0,1.0,1.0,1.0,1.0,1,0,1,0,1,0,1,0,1,0,1.0,0.0,,,,,,,,,,,,,,,,,,,,
30c7a00f-1fb8-4887-a9da-d30b934dfb1b,17564671,v1.12-1.13,0.0076723273085312444,1.9876749186136073,1,1,1,0,1,1,1,1,1,0,1,0,1,0,1,0,1,0,1,0,1,0,1,0,1,0,1,1,1,0,1,0,1,0,1,0,,,,,1,1,1,1,1,0,1,0,,,,,,,1,0,1,0,1,0,1,0,1,0,,,1.0,0.0,,,,,,,,,,,,,,,,,,
6554c76d-22d2-448e-8af1-2df97e15a41f,17826047,v1.16+,0.0,100.00334552591667,1,1,1,1,1,1,1,1,1,1,1,1,1,0,1,0,1,0,1,0,1,0,1,0,1,0,1,1,1,0,1,0,1,0,1,0,,,,,1,1,1,1,1,1,1,1,1.0,1.0,1.0,1.0,1.0,1.0,1,0,1,0,1,0,1,0,1,0,1.0,0.0,,,,,,,,,,,,,,,,,,,,
f81a64cf-cea6-4bff-adb9-5349b3ae4af2,17761280,v1.14-1.15,0.011282597692406774,1.9793676409058443,1,1,1,1,1,1,1,1,1,1,1,1,1,0,1,0,1,0,1,0,1,0,1,0,1,0,1,1,1,0,1,0,1,0,1,0,1.0,0.0,1.0,0.0,1,1,1,1,1,1,1,1,1.0,1.0,1.0,1.0,1.0,1.0,1,0,1,0,1,0,1,0,1,0,1.0,0.0,,,,,,,,,,,,,,,,,,,,
a840f93b-b89f-4d64-86a5-a3908f36e44c,17694720,v1.14-1.15,0.0,2.000123249885548,1,1,1,0,1,1,1,1,1,0,1,1,1,0,1,0,1,0,1,0,1,0,1,0,1,0,1,1,1,0,1,0,1,0,1,0,1.0,0.0,1.0,0.0,1,1,1,0,1,0,1,0,1.0,1.0,1.0,0.0,1.0,0.0,1,0,1,0,1,0,1,0,1,0,1.0,0.0,1.0,0.0,,,,,,,,,,,,,,,,,,
8eb7e3d1-9900-431c-bf82-67edc5202da1,17826240,v1.16+,0.0005787242231341332,1.9959990019039835,1,1,1,1,1,1,1,1,1,1,1,1,1,0,1,0,1,0,1,0,1,0,1,0,1,0,1,1,1,0,1,0,1,0,1,0,,,,,1,1,1,1,1,1,1,1,1.0,1.0,1.0,1.0,1.0,1.0,1,0,1,0,1,0,1,0,1,0,1.0,0.0,,,,,,,,,,,,,,,,,,,,
ddf8e491-e518-429c-acb2-35019dfeb448,17761280,v1.14-1.15,0.0,1.9989630348471878,1,1,1,1,1,1,1,1,1,1,1,1,1,0,1,0,1,0,1,0,1,0,1,0,1,1,1,1,1,0,1,0,1,0,1,0,1.0,0.0,1.0,0.0,1,1,1,1,1,1,1,1,1.0,1.0,1.0,1.0,1.0,1.0,1,0,1,0,1,0,1,0,1,1,1.0,1.0,,,,,,,,,,,,,,,,,,,,
366e0416-8cdf-4410-9f39-6b218e05509a,17498623,v1.12-1.13,0.0,5.010072560561978,1,1,1,1,1,1,1,1,1,1,1,0,1,0,1,1,1,0,1,0,1,1,1,0,1,0,1,1,1,0,1,0,1,0,1,1,,,,,1,1,1,1,1,0,1,0,,,,,,,1,0,1,0,1,0,1,0,1,0,,,1.0,0.0,1.0,0.0,1.0,0.0,1.0,0.0,1.0,0.0,1.0,0.0,1.0,0.0,,,,,,
63d2539c-16b8-4037-a6bc-b623aa983c8d,17569024,v1.12-1.13,0.0013645202730677968,1.9933846871311305,1,1,1,0,1,1,1,1,1,0,1,0,1,0,1,0,1,0,1,0,1,0,1,0,1,0,1,1,1,0,1,0,1,0,1,0,,,,,1,1,1,0,1,0,1,0,,,,,,,1,1,1,1,1,0,1,0,1,1,,,1.0,0.0,,,,,,,,,,,,,,,,,,
1d037a1c-ca6b-4669-bb66-62e30977c27f,17826559,v1.16+,0.0,1.9999746963985716,1,1,1,1,1,1,1,1,1,1,1,1,1,0,1,0,1,0,1,0,1,0,1,0,1,0,1,1,1,0,1,0,1,0,1,0,,,,,1,1,1,1,1,1,1,1,1.0,1.0,1.0,1.0,1.0,1.0,1,0,1,0,1,0,1,0,1,0,1.0,0.0,,,,,,,,,,,,,,,,,,,,
7fc21c6f-dd63-4fe6-8f42-ec9a1b6faf6e,17695743,v1.14-1.15,0.0,2.000033398931719,1,0,1,0,1,0,1,0,1,0,1,0,1,1,1,0,1,1,1,1,1,0,1,1,1,0,1,1,1,0,1,0,1,0,1,0,1.0,0.0,1.0,0.0,1,1,1,0,1,0,1,0,1.0,1.0,1.0,0.0,1.0,0.0,1,0,1,0,1,0,1,0,1,0,1.0,0.0,1.0,0.0,,,,,,,,,,,,,,,,,,
7e50d44a-76f8-43bf-9aa1-55eaed5cb206,17694975,v1.14-1.15,0.0,2.000176966476854,1,1,1,0,1,1,1,1,1,0,1,1,1,0,1,0,1,0,1,0,1,0,1,0,1,0,1,1,1,0,1,0,1,0,1,0,1.0,0.0,1.0,0.0,1,1,1,0,1,0,1,0,1.0,1.0,1.0,0.0,1.0,0.0,1,0,1,0,1,0,1,0,1,0,1.0,0.0,1.0,0.0,,,,,,,,,,,,,,,,,,
f1e9ed80-d74e-4557-98f9-0060bc2bd892,17695488,v1.14-1.15,0.0,2.000021442565656,1,0,1,0,1,0,1,0,1,0,1,0,1,0,1,0,1,0,1,1,1,0,1,1,1,1,1,1,1,0,1,0,1,1,1,0,1.0,1.0,1.0,0.0,1,1,1,0,1,0,1,0,1.0,1.0,1.0,0.0,1.0,0.0,1,0,1,0,1,0,1,0,1,1,1.0,1.0,1.0,0.0,,,,,,,,,,,,,,,,,,
9881fe93-cc1d-4063-b0ee-eb3873f860ac,17761023,v1.14-1.15,0.00452973121753218,1.9874544221955799,1,1,1,1,1,1,1,1,1,1,1,1,1,0,1,0,1,0,1,0,1,0,1,0,1,0,1,1,1,0,1,0,1,0,1,0,1.0,0.0,1.0,0.0,1,1,1,1,1,1,1,1,1.0,1.0,1.0,1.0,1.0,1.0,1,0,1,0,1,0,1,0,1,0,1.0,0.0,,,,,,,,,,,,,,,,,,,,
48d82afe-75c8-4e76-9ee5-08e5c2f3cadd,17760511,v1.14-1.15,0.0,2.0001775309087284,1,1,1,1,1,1,1,1,1,1,1,1,1,0,1,0,1,0,1,0,1,0,1,0,1,1,1,1,1,0,1,0,1,0,1,0,1.0,0.0,1.0,0.0,1,1,1,1,1,1,1,1,1.0,1.0,1.0,1.0,1.0,1.0,1,0,1,0,1,0,1,0,1,1,1.0,1.0,,,,,,,,,,,,,,,,,,,,
9a19633c-1ef9-4090-b41d-528944abfe50,17761023,v1.14-1.15,0.0,1.999982498965496,1,1,1,1,1,1,1,1,1,1,1,1,1,0,1,0,1,0,1,0,1,0,1,0,1,0,1,1,1,0,1,0,1,0,1,0,1.0,0.0,1.0,0.0,1,1,1,1,1,1,1,1,1.0,1.0,1.0,1.0,1.0,1.0,1,0,1,0,1,0,1,0,1,0,1.0,0.0,,,,,,,,,,,,,,,,,,,,
21c5db12-58e3-4589-9173-65d8ce4b9130,18285312,v1.16+,0.00036546396066945155,1.9999990136162202,1,1,1,0,1,1,1,1,1,0,1,0,1,0,1,0,1,0,1,0,1,0,1,0,1,0,1,1,1,1,1,0,1,0,1,0,,,,,1,1,1,0,1,0,1,0,,,,,,,1,1,1,1,1,0,1,0,1,1,,,1.0,0.0,,,,,,,,,,,,,,,,,,
89f92f9f-a2f7-4bea-94f9-95d25a1b05b8,17826047,v1.16+,0.0,2.000008100123798,1,1,1,1,1,1,1,1,1,1,1,1,1,0,1,0,1,0,1,0,1,0,1,0,1,0,1,1,1,0,1,0,1,0,1,0,,,,,1,1,1,1,1,1,1,1,1.0,1.0,1.0,1.0,1.0,1.0,1,0,1,0,1,0,1,0,1,0,1.0,0.0,,,,,,,,,,,,,,,,,,,,
b3441a77-344a-4700-9e44-cd1cf61e01af,17629696,v1.12-1.13,0.0,1.9999770387251516,1,1,1,0,1,1,1,1,1,0,1,0,1,0,1,0,1,0,1,0,1,0,1,0,1,1,1,1,1,0,1,0,1,0,1,0,,,,,1,1,1,1,1,0,1,0,,,,,,,1,0,1,0,1,0,1,0,1,1,1.0,1.0,1.0,0.0,,,,,,,,,,,,,,,,,,
fd062801-4ae4-4f80-9971-065a6ffeb389,17891583,v1.16+,0.0,2.000060647000264,1,1,1,1,1,1,1,1,1,1,1,1,1,0,1,0,1,0,1,0,1,0,1,0,1,0,1,1,1,0,1,0,1,0,1,0,,,,,1,1,1,1,1,1,1,1,1.0,1.0,1.0,1.0,1.0,1.0,1,0,1,0,1,0,1,0,1,0,1.0,0.0,,,,,,,,,,,,,,,,,,,,
b879e8bd-7207-488d-be33-6778e295e2f9,17564927,v1.12-1.13,0.012076399949001396,1.975326662152583,1,1,1,0,1,1,1,1,1,0,1,1,1,0,1,0,1,0,1,0,1,0,1,0,1,0,1,1,1,0,1,0,1,0,1,0,,,,,1,1,1,1,1,0,1,0,,,,,,,1,0,1,0,1,0,1,0,1,1,,,1.0,0.0,,,,,,,,,,,,,,,,,,
e89d3cb9-94d2-4d76-aa59-91ceb0409db8,17694720,v1.14-1.15,0.00011268257859612676,92.81702944358868,1,0,1,0,1,0,1,0,1,0,1,0,1,1,1,0,1,1,1,1,1,0,1,1,1,0,1,1,1,0,1,0,1,0,1,0,1.0,0.0,1.0,0.0,1,1,1,0,1,0,1,0,1.0,1.0,1.0,0.0,1.0,0.0,1,0,1,0,1,0,1,0,1,0,1.0,0.0,1.0,0.0,,,,,,,,,,,,,,,,,,
223dc6fb-90ce-49a5-8e2a-cb4a146b7cb3,17630207,v1.12-1.13,0.0,2.0000287153444063,1,0,1,0,1,0,1,0,1,0,1,1,1,0,1,0,1,0,1,1,1,0,1,0,1,1,1,0,1,0,1,0,1,0,1,0,,,,,1,1,1,0,1,0,1,0,,,,,,,1,0,1,0,1,0,1,0,1,1,1.0,1.0,1.0,0.0,,,,,,,,,,,,,,,,,,
b188b13a-5c28-49a8-95a6-0db6b321f1c5,17761535,v1.14-1.15,0.0,1.999996748353024,1,1,1,1,1,1,1,1,1,1,1,1,1,0,1,0,1,0,1,0,1,0,1,0,1,0,1,1,1,0,1,0,1,0,1,0,1.0,0.0,1.0,0.0,1,1,1,1,1,1,1,1,1.0,1.0,1.0,1.0,1.0,1.0,1,0,1,0,1,0,1,0,1,0,1.0,0.0,,,,,,,,,,,,,,,,,,,,
31dcb095-652d-4de4-95ee-254a5b09b4df,17170944,v1.12-1.13,0.0,2.000003870975234,1,1,1,1,1,1,1,1,1,1,1,1,1,0,1,0,1,0,1,0,1,0,1,0,1,0,1,1,1,0,1,0,1,0,1,0,,,,,1,1,1,1,1,1,1,1,1.0,1.0,1.0,1.0,1.0,1.0,1,0,1,0,1,0,1,0,1,0,1.0,0.0,,,,,,,,,,,,,,,,,,,,
196a31f7-082f-4bd4-96e2-0d3830c73bef,17760512,v1.14-1.15,0.0,1.9999993916502845,1,1,1,1,1,1,1,1,1,1,1,1,1,0,1,0,1,0,1,0,1,0,1,0,1,0,1,1,1,0,1,0,1,0,1,0,1.0,0.0,1.0,0.0,1,1,1,1,1,1,1,1,1.0,1.0,1.0,1.0,1.0,1.0,1,0,1,0,1,0,1,0,1,0,1.0,0.0,,,,,,,,,,,,,,,,,,,,
3c5d1cf1-e2d3-44d6-9024-51abb3b3ed9f,17761535,v1.14-1.15,0.0,2.0000052940325475,1,1,1,1,1,1,1,1,1,1,1,1,1,0,1,0,1,0,1,0,1,0,1,0,1,1,1,1,1,0,1,0,1,0,1,0,1.0,0.0,1.0,0.0,1,1,1,0,1,0,1,0,1.0,1.0,1.0,1.0,1.0,1.0,1,0,1,0,1,0,1,0,1,0,1.0,1.0,,,,,,,,,,,,,,,,,,,,
5d93b204-9bc1-431e-9247-85c72f50fd2a,17629184,v1.12-1.13,0.0,1.9998456570730792,1,0,1,0,1,0,1,0,1,0,1,0,1,0,1,0,1,0,1,0,1,0,1,0,1,1,1,0,1,0,1,0,1,1,1,0,,,,,1,1,1,1,1,0,1,0,,,,,,,1,0,1,0,1,0,1,0,1,1,1.0,1.0,1.0,0.0,,,,,,,,,,,,,,,,,,
6be0408c-9dee-4c3e-a805-77f336c4918d,17695488,v1.14-1.15,0.0,2.0001098406186157,1,0,1,0,1,0,1,0,1,0,1,0,1,0,1,0,1,0,1,1,1,0,1,1,1,0,1,1,1,0,1,0,1,0,1,0,1.0,0.0,1.0,0.0,1,1,1,0,1,0,1,0,1.0,1.0,1.0,0.0,1.0,0.0,1,0,1,0,1,0,1,0,1,0,1.0,0.0,1.0,0.0,,,,,,,,,,,,,,,,,,
a20a4354-8a55-47f9-b79c-00be408ae446,17761535,v1.14-1.15,0.0,2.000086187387442,1,0,1,0,1,0,1,0,1,0,1,0,1,0,1,0,1,0,1,0,1,0,1,0,1,0,1,1,1,0,1,0,1,0,1,0,1.0,0.0,1.0,0.0,1,0,1,0,1,0,1,0,1.0,1.0,1.0,1.0,1.0,1.0,1,0,1,0,1,0,1,0,1,0,1.0,0.0,,,,,,,,,,,,,,,,,,,,
2deadcd2-ea2d-48ca-9d87-df6d54f1fece,17761535,v1.14-1.15,0.0,2.000004000008,1,1,1,1,1,1,1,1,1,1,1,1,1,0,1,0,1,0,1,0,1,0,1,0,1,0,1,1,1,0,1,0,1,1,1,1,1.0,1.0,1.0,1.0,1,1,1,1,1,1,1,1,1.0,1.0,1.0,1.0,1.0,1.0,1,0,1,0,1,0,1,0,1,0,1.0,0.0,,,,,,,,,,,,,,,,,,,,
e510b8ef-4b7c-4657-995f-9226999b71be,17760768,v1.14-1.15,0.0,2.0000471028042264,1,0,1,0,1,0,1,0,1,0,1,0,1,0,1,0,1,0,1,0,1,0,1,0,1,0,1,1,1,0,1,0,1,0,1,0,1.0,0.0,1.0,0.0,1,0,1,0,1,0,1,0,1.0,1.0,1.0,1.0,1.0,1.0,1,0,1,0,1,0,1,0,1,0,1.0,0.0,,,,,,,,,,,,,,,,,,,,
9708d43f-a681-4b34-ad12-cc8198eda7ca,17826047,v1.16+,0.00045692150869816345,1.9999356112684232,1,1,1,1,1,1,1,1,1,1,1,1,1,0,1,0,1,0,1,0,1,0,1,0,1,0,1,1,1,0,1,0,1,0,1,0,,,,,1,0,1,1,1,1,1,1,1.0,1.0,1.0,1.0,1.0,1.0,1,0,1,0,1,0,1,0,1,0,1.0,0.0,,,,,,,,,,,,,,,,,,,,
35d4e775-1b8f-43df-be39-ef998b2a2e86,17629952,v1.12-1.13,0.0,1.9999548632409088,1,0,1,0,1,0,1,1,1,0,1,0,1,0,1,0,1,0,1,0,1,0,1,0,1,0,1,1,1,0,1,0,1,0,1,0,,,,,1,1,1,0,1,0,1,0,,,,,,,1,0,1,0,1,0,1,0,1,0,1.0,0.0,1.0,0.0,,,,,,,,,,,,,,,,,,
ed73d383-c454-4777-9619-e45c33abecff,17761535,v1.14-1.15,0.0031693782366865697,1.99332337873796,1,1,1,1,1,1,1,1,1,1,1,1,1,0,1,0,1,0,1,0,1,0,1,0,1,0,1,1,1,0,1,0,1,0,1,0,1.0,0.0,1.0,0.0,1,0,1,0,1,0,1,0,1.0,1.0,1.0,1.0,1.0,1.0,1,0,1,0,1,0,1,0,1,0,1.0,0.0,,,,,,,,,,,,,,,,,,,,
0b3795b8-1d6a-49cd-98a2-d99d859cdbe8,17826559,v1.16+,0.0,2.0000448077265327,1,1,1,1,1,1,1,1,1,1,1,1,1,0,1,0,1,0,1,0,1,0,1,0,1,0,1,1,1,0,1,0,1,0,1,0,,,,,1,1,1,1,1,1,1,1,1.0,1.0,1.0,1.0,1.0,1.0,1,0,1,0,1,0,1,0,1,0,1.0,0.0,,,,,,,,,,,,,,,,,,,,
d67b6471-3eb9-4a8d-8c30-d83c0bd3f6e1,17498880,v1.12-1.13,0.006319029498112765,5.0007407095314145,1,1,1,1,1,1,1,1,1,1,1,0,1,0,1,1,1,0,1,0,1,1,1,0,1,0,1,1,1,0,1,0,1,0,1,1,,,,,1,1,1,1,1,1,1,1,,,,,,,1,0,1,0,1,0,1,0,1,1,,,1.0,0.0,1.0,0.0,1.0,0.0,1.0,0.0,1.0,0.0,1.0,0.0,1.0,0.0,,,,,,
c325d61f-cd24-4548-ab06-471994be8784,17761023,v1.14-1.15,0.0,2.000125548253358,1,1,1,1,1,1,1,1,1,1,1,1,1,0,1,0,1,0,1,0,1,0,1,0,1,0,1,1,1,0,1,0,1,0,1,0,1.0,0.0,1.0,0.0,1,1,1,1,1,1,1,1,1.0,1.0,1.0,1.0,1.0,1.0,1,0,1,0,1,0,1,0,1,0,1.0,0.0,,,,,,,,,,,,,,,,,,,,
42d6281e-1d39-4dfe-a417-3ed0db792ad6,17760384,v1.14-1.15,9.885521564848689e-05,2.0000165107745995,1,1,1,1,1,1,1,1,1,1,1,1,1,0,1,0,1,0,1,0,1,0,1,0,1,0,1,1,1,0,1,0,1,0,1,0,,,,,1,1,1,1,1,1,1,1,1.0,1.0,1.0,1.0,1.0,1.0,1,0,1,0,1,0,1,0,1,0,1.0,0.0,,,,,,,,,,,,,,,,,,,,
41c70653-71fd-4ef3-bcda-7849ff786a37,17695488,v1.14-1.15,0.0,1.9999999829059831,1,0,1,0,1,0,1,0,1,0,1,0,1,0,1,0,1,0,1,0,1,0,1,0,1,0,1,1,1,0,1,0,1,0,1,0,1.0,0.0,1.0,0.0,1,0,1,0,1,0,1,0,1.0,1.0,1.0,0.0,1.0,0.0,1,0,1,0,1,0,1,0,1,0,1.0,0.0,1.0,0.0,,,,,,,,,,,,,,,,,,
d1ce69b8-9a65-4eee-911c-d677e111d6a3,17825792,v1.16+,0.0,2.0000105322165,1,1,1,1,1,1,1,1,1,1,1,1,1,0,1,0,1,0,1,0,1,0,1,0,1,0,1,1,1,0,1,0,1,0,1,0,,,,,1,1,1,1,1,1,1,1,1.0,1.0,1.0,1.0,1.0,1.0,1,0,1,0,1,0,1,0,1,0,1.0,0.0,,,,,,,,,,,,,,,,,,,,
b8889eed-b09d-4e0b-867f-10f57d84f422,17826047,v1.16+,0.00014625571317473577,2.000010521794484,1,1,1,1,1,1,1,1,1,1,1,0,1,0,1,0,1,0,1,0,1,0,1,0,1,1,1,1,1,0,1,0,1,1,1,1,,,,,1,1,1,1,1,1,1,1,1.0,1.0,1.0,1.0,1.0,1.0,1,0,1,0,1,0,1,0,1,1,1.0,1.0,,,,,,,,,,,,,,,,,,,,
463fac15-44d6-43bf-be3e-bfe1046740f2,17761280,v1.14-1.15,0.0,2.00093202112747,1,1,1,1,1,1,1,1,1,1,1,1,1,0,1,0,1,0,1,0,1,0,1,0,1,0,1,1,1,0,1,0,1,0,1,0,1.0,0.0,1.0,0.0,1,1,1,1,1,1,1,1,1.0,1.0,1.0,1.0,1.0,1.0,1,0,1,0,1,0,1,0,1,0,1.0,1.0,,,,,,,,,,,,,,,,,,,,
8a44d2e0-a5f3-403b-9d9b-03fa76b6bcad,17760256,v1.14-1.15,0.0,1.9999857691088048,1,1,1,1,1,1,1,1,1,1,1,1,1,0,1,0,1,0,1,0,1,0,1,0,1,0,1,1,1,0,1,0,1,0,1,0,1.0,0.0,1.0,0.0,1,1,1,1,1,1,1,1,1.0,1.0,1.0,1.0,1.0,1.0,1,0,1,0,1,0,1,0,1,0,1.0,0.0,,,,,,,,,,,,,,,,,,,,
aa1b9564-fe1c-4e01-9974-a1cfc23435eb,17694720,v1.14-1.15,0.0,2.0000807573591044,1,0,1,0,1,0,1,0,1,0,1,0,1,0,1,0,1,0,1,0,1,0,1,0,1,0,1,1,1,0,1,0,1,0,1,0,1.0,0.0,1.0,0.0,1,1,1,0,1,0,1,0,1.0,1.0,1.0,0.0,1.0,0.0,1,0,1,0,1,0,1,0,1,0,1.0,0.0,1.0,0.0,,,,,,,,,,,,,,,,,,
4f8ea9b2-8c87-4150-a92b-37e53186f8e9,17825856,v1.16+,0.010584294301868,1.97916442226462,1,1,1,1,1,1,1,1,1,1,1,1,1,0,1,0,1,0,1,0,1,0,1,0,1,0,1,1,1,0,1,0,1,0,1,0,,,,,1,1,1,1,1,1,1,1,1.0,1.0,1.0,1.0,1.0,1.0,1,0,1,0,1,0,1,0,1,0,1.0,0.0,,,,,,,,,,,,,,,,,,,,
5aa060d3-065e-4db5-801e-c5aca59d6f6e,17695488,v1.14-1.15,0.00619302247716323,1.9844934934233538,1,0,1,0,1,0,1,0,1,0,1,0,1,0,1,0,1,0,1,0,1,0,1,0,1,1,1,1,1,0,1,0,1,1,1,0,1.0,0.0,1.0,0.0,1,0,1,0,1,0,1,0,1.0,1.0,1.0,0.0,1.0,0.0,1,0,1,0,1,0,1,0,1,1,1.0,1.0,1.0,0.0,,,,,,,,,,,,,,,,,,
bcded858-aeaf-463b-892b-f8d291c8fcd7,17761280,v1.14-1.15,0.0,1.9999561039869673,1,1,1,1,1,1,1,0,1,0,1,0,1,0,1,0,1,0,1,0,1,0,1,0,1,1,1,1,1,0,1,0,1,0,1,0,1.0,0.0,1.0,0.0,1,1,1,1,1,1,1,1,1.0,1.0,1.0,1.0,1.0,1.0,1,0,1,0,1,0,1,0,1,1,1.0,1.0,,,,,,,,,,,,,,,,,,,,
b59b7326-10d0-43d5-8dba-5a82bbe5e835,17761023,v1.14-1.15,0.010502821504906739,1.9565263894250415,1,0,1,0,1,0,1,0,1,0,1,0,1,0,1,0,1,0,1,1,1,1,1,1,1,0,1,1,1,0,1,0,1,0,1,0,1.0,0.0,1.0,0.0,1,1,1,0,1,0,1,0,1.0,1.0,1.0,1.0,1.0,1.0,1,0,1,0,1,0,1,0,1,0,1.0,0.0,,,,,,,,,,,,,,,,,,,,
d2cd996d-5e44-4ec8-9467-074c3e8f6e44,17630207,v1.12-1.13,0.0,2.0000310654175872,1,1,1,0,1,1,1,1,1,0,1,0,1,0,1,0,1,0,1,0,1,0,1,0,1,0,1,1,1,0,1,0,1,0,1,0,,,,,1,1,1,1,1,0,1,0,,,,,,,1,0,1,0,1,0,1,0,1,0,1.0,0.0,1.0,0.0,,,,,,,,,,,,,,,,,,
512ba7b2-3440-44f3-9892-c91b73affa72,17826240,v1.16+,0.0,1.9999569515438886,1,1,1,1,1,1,1,1,1,1,1,1,1,0,1,0,1,0,1,0,1,0,1,0,1,0,1,1,1,0,1,0,1,0,1,0,,,,,1,1,1,1,1,1,1,1,1.0,1.0,1.0,1.0,1.0,1.0,1,0,1,0,1,0,1,0,1,0,1.0,0.0,,,,,,,,,,,,,,,,,,,,
10b09082-a240-4b43-bf7e-94ab767ea370,17694975,v1.14-1.15,0.0,2.0001459938496016,1,0,1,0,1,0,1,0,1,0,1,0,1,0,1,0,1,0,1,0,1,0,1,0,1,0,1,1,1,0,1,0,1,0,1,0,1.0,0.0,1.0,0.0,1,0,1,0,1,0,1,0,1.0,1.0,1.0,0.0,1.0,0.0,1,0,1,0,1,0,1,0,1,0,1.0,0.0,1.0,0.0,,,,,,,,,,,,,,,,,,
8e425743-32ac-4e8a-81e9-d4a72d32038e,17825856,v1.16+,0.0,2.0000016945259316,1,0,1,0,1,0,1,0,1,0,1,0,1,0,1,0,1,0,1,1,1,1,1,1,1,0,1,1,1,0,1,0,1,0,1,0,,,,,1,1,1,0,1,0,1,0,1.0,1.0,1.0,1.0,1.0,1.0,1,0,1,0,1,0,1,0,1,0,1.0,0.0,,,,,,,,,,,,,,,,,,,,
7bb6a3bb-2fb5-4fbc-89c1-57b1bc8b1035,17694720,v1.14-1.15,0.0,2.0001199452734983,1,0,1,0,1,0,1,0,1,0,1,0,1,0,1,0,1,0,1,1,1,0,1,1,1,1,1,1,1,0,1,0,1,0,1,0,1.0,1.0,1.0,0.0,1,0,1,0,1,0,1,0,1.0,1.0,1.0,0.0,1.0,0.0,1,0,1,0,1,0,1,0,1,1,1.0,1.0,1.0,0.0,,,,,,,,,,,,,,,,,,
40a12d96-8645-4f1b-a36a-4b71aba3d4b7,17760256,v1.14-1.15,0.0,1.999955915257468,1,1,1,1,1,1,1,1,1,1,1,1,1,0,1,0,1,0,1,0,1,0,1,0,1,0,1,1,1,0,1,0,1,0,1,0,1.0,0.0,1.0,0.0,1,1,1,1,1,1,1,1,1.0,1.0,1.0,1.0,1.0,1.0,1,0,1,0,1,0,1,0,1,0,1.0,0.0,,,,,,,,,,,,,,,,,,,,
ed9f7f01-a750-42fc-9f74-55a3c6709373,17695744,v1.14-1.15,0.0,1.9999960597092556,1,0,1,0,1,0,1,0,1,0,1,0,1,0,1,0,1,0,1,0,1,0,1,0,1,1,1,1,1,0,1,0,1,1,1,0,1.0,1.0,1.0,0.0,1,1,1,0,1,0,1,0,1.0,1.0,1.0,0.0,1.0,0.0,1,0,1,0,1,0,1,0,1,1,1.0,1.0,1.0,0.0,,,,,,,,,,,,,,,,,,
5c534cd1-bc2b-4b09-b898-f848646ebaae,17760384,v1.14-1.15,0.0,1.9999681900794033,1,1,1,1,1,1,1,1,1,1,1,1,1,0,1,0,1,0,1,0,1,0,1,0,1,0,1,1,1,0,1,0,1,0,1,0,,,,,1,1,1,1,1,1,1,1,1.0,1.0,1.0,1.0,1.0,1.0,1,0,1,0,1,0,1,0,1,0,1.0,0.0,,,,,,,,,,,,,,,,,,,,
d744cfe1-8806-40a6-9ab8-4dcb5d663303,17695743,v1.14-1.15,0.0,2.0000479715209765,1,1,1,0,1,1,1,1,1,0,1,1,1,0,1,0,1,0,1,0,1,0,1,0,1,0,1,1,1,0,1,0,1,0,1,0,1.0,0.0,1.0,0.0,1,1,1,0,1,0,1,0,1.0,1.0,1.0,0.0,1.0,0.0,1,0,1,0,1,0,1,0,1,0,1.0,0.0,1.0,0.0,,,,,,,,,,,,,,,,,,
07b25b39-d100-468c-880b-ed6b46013bd7,17891392,v1.16+,0.0,100.01375894331315,1,1,1,1,1,1,1,1,1,1,1,1,1,0,1,0,1,0,1,0,1,0,1,0,1,0,1,1,1,0,1,0,1,0,1,0,,,,,1,1,1,1,1,1,1,1,1.0,1.0,1.0,1.0,1.0,1.0,1,0,1,0,1,0,1,0,1,0,1.0,0.0,,,,,,,,,,,,,,,,,,,,
4c919f12-6d58-40ea-8ca7-c02ae789dd35,17695488,v1.14-1.15,0.0,2.0000509777303077,1,1,1,0,1,1,1,1,1,0,1,1,1,0,1,0,1,0,1,0,1,0,1,0,1,1,1,1,1,0,1,0,1,0,1,0,1.0,0.0,1.0,0.0,1,1,1,0,1,0,1,0,1.0,1.0,1.0,0.0,1.0,0.0,1,0,1,0,1,0,1,0,1,1,1.0,1.0,1.0,0.0,,,,,,,,,,,,,,,,,,
6abf3f89-1d7b-4c9b-9a2a-0b25ad9f2eee,17760511,v1.14-1.15,0.0,2.0000223228297966,1,0,1,0,1,0,1,0,1,0,1,0,1,0,1,0,1,0,1,1,1,1,1,1,1,1,1,1,1,0,1,0,1,1,1,1,1.0,1.0,1.0,1.0,1,1,1,0,1,0,1,0,1.0,1.0,1.0,1.0,1.0,1.0,1,0,1,0,1,0,1,0,1,1,1.0,1.0,,,,,,,,,,,,,,,,,,,,
41a8c1ca-f2a8-4215-ab0f-41cbfd5c3145,17760511,v1.14-1.15,0.0,2.0000784924421127,1,1,1,1,1,1,1,1,1,1,1,1,1,0,1,0,1,0,1,0,1,0,1,0,1,0,1,1,1,0,1,0,1,0,1,0,1.0,0.0,1.0,0.0,1,1,1,1,1,1,1,1,1.0,1.0,1.0,1.0,1.0,1.0,1,0,1,0,1,0,1,0,1,1,1.0,1.0,,,,,,,,,,,,,,,,,,,,
5d899504-c460-41e0-880c-0f302b45b358,17761280,v1.14-1.15,0.0,2.000173822212367,1,1,1,1,1,1,1,1,1,1,1,1,1,0,1,0,1,0,1,0,1,0,1,0,1,0,1,1,1,0,1,0,1,0,1,0,1.0,0.0,1.0,0.0,1,1,1,1,1,1,1,1,1.0,1.0,1.0,1.0,1.0,1.0,1,0,1,0,1,0,1,0,1,0,1.0,0.0,,,,,,,,,,,,,,,,,,,,
77fea994-7dc7-48c0-9b69-56958a137a7c,17694975,v1.14-1.15,0.0,2.000018242992009,1,0,1,0,1,0,1,0,1,0,1,0,1,0,1,0,1,0,1,0,1,0,1,0,1,0,1,1,1,0,1,0,1,0,1,0,1.0,0.0,1.0,0.0,1,0,1,0,1,0,1,0,1.0,1.0,1.0,0.0,1.0,0.0,1,0,1,0,1,0,1,0,1,0,1.0,0.0,1.0,0.0,,,,,,,,,,,,,,,,,,
7fba3901-3592-41b5-a41d-3e9a2032bf2e,17629951,v1.12-1.13,0.00015653744187764783,2.000179410829521,1,1,1,0,1,1,1,1,1,0,1,0,1,0,1,0,1,0,1,0,1,0,1,0,1,0,1,1,1,0,1,0,1,0,1,0,,,,,1,1,1,1,1,0,1,0,,,,,,,1,0,1,0,1,0,1,0,1,0,1.0,0.0,1.0,0.0,,,,,,,,,,,,,,,,,,
a44baa9d-2147-4e7b-9326-0440b03d8bda,17761535,v1.14-1.15,0.0,2.000073744215603,1,0,1,0,1,0,1,0,1,0,1,0,1,0,1,0,1,0,1,0,1,0,1,0,1,0,1,1,1,0,1,0,1,0,1,0,1.0,0.0,1.0,0.0,1,1,1,1,1,1,1,1,1.0,1.0,1.0,1.0,1.0,1.0,1,0,1,0,1,0,1,0,1,0,1.0,0.0,,,,,,,,,,,,,,,,,,,,
b11b89f5-b3c7-4c11-bc76-474212076405,17761535,v1.14-1.15,0.0,1.999928638529584,1,0,1,0,1,0,1,0,1,0,1,0,1,0,1,0,1,0,1,0,1,0,1,0,1,1,1,1,1,0,1,0,1,1,1,1,1.0,1.0,1.0,1.0,1,1,1,1,1,1,1,1,1.0,1.0,1.0,1.0,1.0,1.0,1,0,1,0,1,0,1,0,1,1,1.0,1.0,,,,,,,,,,,,,,,,,,,,
3b24cfe7-76f0-41bd-9911-7a6ec28231f6,17695488,v1.14-1.15,0.0,2.000096758779265,1,0,1,0,1,0,1,0,1,0,1,0,1,0,1,0,1,0,1,0,1,0,1,0,1,1,1,1,1,0,1,0,1,1,1,0,1.0,0.0,1.0,0.0,1,0,1,0,1,0,1,0,1.0,1.0,1.0,0.0,1.0,0.0,1,0,1,0,1,0,1,0,1,1,1.0,1.0,1.0,0.0,,,,,,,,,,,,,,,,,,
71f8f64a-2c15-482c-a403-6a6f303b7fe6,17891583,v1.16+,0.000777263880596559,2.0001590195391534,1,1,1,1,1,1,1,1,1,1,1,1,1,0,1,0,1,0,1,0,1,0,1,0,1,0,1,1,1,0,1,0,1,0,1,0,,,,,1,1,1,1,1,1,1,1,1.0,1.0,1.0,1.0,1.0,1.0,1,0,1,0,1,0,1,0,1,0,1.0,0.0,,,,,,,,,,,,,,,,,,,,
c73c0e2d-8d69-4dc4-a8b1-a23ed018e54f,17694975,v1.14-1.15,0.00013609325515098416,2.00000539925412,1,1,1,0,1,1,1,1,1,0,1,1,1,0,1,0,1,0,1,0,1,0,1,0,1,0,1,1,1,0,1,0,1,0,1,0,1.0,0.0,1.0,0.0,1,1,1,0,1,0,1,0,1.0,1.0,1.0,0.0,1.0,0.0,1,0,1,0,1,0,1,0,1,0,1.0,0.0,1.0,0.0,,,,,,,,,,,,,,,,,,
edd4fe7a-669b-4e8d-9529-b708552a4348,17694975,v1.14-1.15,0.0,2.000064112146861,1,0,1,0,1,0,1,0,1,0,1,0,1,0,1,0,1,0,1,1,1,0,1,1,1,0,1,1,1,0,1,0,1,0,1,0,1.0,0.0,1.0,0.0,1,1,1,0,1,0,1,0,1.0,1.0,1.0,0.0,1.0,0.0,1,0,1,0,1,0,1,0,1,0,1.0,0.0,1.0,0.0,,,,,,,,,,,,,,,,,,
f27a9352-bbfa-4e7a-87bb-74e14cd7e5d7,17630207,v1.12-1.13,0.0,2.000085695161035,1,1,1,0,1,1,1,1,1,0,1,0,1,0,1,0,1,0,1,0,1,0,1,0,1,0,1,1,1,0,1,0,1,0,1,0,,,,,1,1,1,1,1,0,1,0,,,,,,,1,0,1,0,1,0,1,0,1,0,1.0,0.0,1.0,0.0,,,,,,,,,,,,,,,,,,
ec740476-682f-4321-8db1-ea248b8a7c8f,17694975,v1.14-1.15,0.0,2.0000768269854143,1,0,1,0,1,0,1,0,1,0,1,0,1,0,1,0,1,0,1,0,1,0,1,0,1,0,1,1,1,0,1,0,1,0,1,0,1.0,0.0,1.0,0.0,1,1,1,0,1,0,1,0,1.0,1.0,1.0,0.0,1.0,0.0,1,0,1,0,1,0,1,0,1,0,1.0,0.0,1.0,0.0,,,,,,,,,,,,,,,,,,
f1c8e271-9e64-410f-ab48-8898457490aa,17826047,v1.16+,0.0002101771783104298,2.0001664684001654,1,1,1,1,1,1,1,1,1,1,1,1,1,0,1,0,1,0,1,0,1,0,1,0,1,0,1,1,1,0,1,0,1,0,1,0,,,,,1,1,1,1,1,1,1,1,1.0,1.0,1.0,1.0,1.0,1.0,1,0,1,0,1,0,1,0,1,0,1.0,0.0,,,,,,,,,,,,,,,,,,,,
0b087a75-6363-4806-afd0-be325a5159f4,17629951,v1.12-1.13,0.0,1.999976683908187,1,1,1,0,1,1,1,1,1,0,1,0,1,0,1,0,1,0,1,0,1,0,1,0,1,0,1,1,1,0,1,0,1,0,1,0,,,,,1,1,1,1,1,0,1,0,,,,,,,1,0,1,0,1,0,1,0,1,0,1.0,0.0,1.0,0.0,,,,,,,,,,,,,,,,,,
2afa7b0e-ba45-43ce-99be-bdf05b35c66f,17630207,v1.12-1.13,0.0,2.000017366984976,1,0,1,0,1,0,1,0,1,0,1,0,1,0,1,0,1,0,1,1,1,0,1,1,1,0,1,0,1,0,1,0,1,0,1,0,,,,,1,1,1,0,1,0,1,0,,,,,,,1,0,1,0,1,0,1,0,1,0,1.0,0.0,1.0,0.0,,,,,,,,,,,,,,,,,,
aadcc2f7-0984-4998-b783-8613d3022b07,17499135,v1.12-1.13,0.0069808023243907585,4.990531260226262,1,1,1,1,1,1,1,1,1,1,1,0,1,0,1,1,1,0,1,0,1,1,1,0,1,0,1,1,1,0,1,0,1,0,1,1,,,,,1,1,1,0,1,0,1,0,,,,,,,1,0,1,0,1,0,1,0,1,0,,,1.0,0.0,1.0,0.0,1.0,0.0,1.0,0.0,1.0,0.0,1.0,0.0,1.0,0.0,,,,,,
3e39d3e1-7c09-400c-b38f-739b167b9f95,17694975,v1.14-1.15,0.006334173971700301,1.9865969194974116,1,1,1,0,1,1,1,1,1,0,1,1,1,0,1,0,1,0,1,0,1,0,1,0,1,0,1,1,1,0,1,0,1,0,1,0,1.0,0.0,1.0,0.0,1,1,1,0,1,0,1,0,1.0,1.0,1.0,0.0,1.0,0.0,1,0,1,0,1,0,1,0,1,0,1.0,0.0,1.0,0.0,,,,,,,,,,,,,,,,,,
2fb5e1fb-218e-494d-915f-9aede68ed4c2,17761280,v1.14-1.15,0.0,2.0002020709557895,1,0,1,0,1,0,1,0,1,0,1,0,1,1,1,1,1,1,1,1,1,1,1,1,1,0,1,1,1,0,1,0,1,0,1,0,1.0,0.0,1.0,0.0,1,1,1,0,1,0,1,0,1.0,1.0,1.0,1.0,1.0,1.0,1,0,1,0,1,0,1,0,1,0,1.0,0.0,,,,,,,,,,,,,,,,,,,,
2190d745-952d-4504-8318-4cfe31e2f3cc,20056575,v1.16+,0.0,2.0000319625961036,1,1,1,0,1,1,1,1,1,0,1,1,1,0,1,0,1,0,1,0,1,0,1,0,1,0,1,1,1,0,1,0,1,0,1,0,1.0,0.0,1.0,0.0,1,1,1,0,1,0,1,0,,,,,,,1,0,1,0,1,0,1,0,1,0,1.0,0.0,1.0,0.0,,,,,,,,,,,,,,,,,,
e3b9096c-7038-474c-a036-bdb3df25dfed,17694976,v1.14-1.15,0.0,2.0000341968463844,1,1,1,0,1,1,1,1,1,0,1,1,1,0,1,0,1,0,1,0,1,0,1,0,1,1,1,1,1,0,1,0,1,1,1,0,1.0,1.0,1.0,0.0,1,1,1,0,1,0,1,0,1.0,1.0,1.0,0.0,1.0,0.0,1,0,1,0,1,0,1,0,1,1,1.0,1.0,1.0,0.0,,,,,,,,,,,,,,,,,,
b3a17c83-5d4d-42d5-bc3f-9a4cdd1e1e51,17825984,v1.16+,0.0,1.9999750825615255,1,0,1,0,1,0,1,0,1,0,1,0,1,0,1,0,1,0,1,0,1,0,1,0,1,1,1,1,1,0,1,0,1,0,1,0,,,,,1,1,1,1,1,1,1,1,1.0,1.0,1.0,1.0,1.0,1.0,1,0,1,0,1,0,1,0,1,1,1.0,1.0,,,,,,,,,,,,,,,,,,,,
9aaa30ff-dc12-4fb3-84f6-c8ebaa5a524c,17826047,v1.16+,0.0,2.0000077871815205,1,1,1,1,1,1,1,1,1,1,1,1,1,0,1,0,1,0,1,0,1,0,1,0,1,0,1,1,1,0,1,0,1,0,1,0,,,,,1,1,1,1,1,1,1,1,1.0,1.0,1.0,1.0,1.0,1.0,1,0,1,0,1,0,1,0,1,0,1.0,0.0,,,,,,,,,,,,,,,,,,,,
d3ffe34f-1f8d-487a-855a-35a799ec109e,17695743,v1.14-1.15,0.003801406744681058,1.989733080135086,1,1,1,0,1,1,1,1,1,0,1,1,1,0,1,0,1,0,1,0,1,0,1,0,1,1,1,1,1,0,1,0,1,0,1,0,1.0,0.0,1.0,0.0,1,1,1,0,1,0,1,0,1.0,1.0,1.0,0.0,1.0,0.0,1,0,1,0,1,0,1,0,1,1,1.0,1.0,1.0,0.0,,,,,,,,,,,,,,,,,,
d167aed3-5569-474e-9023-08f9a64225fa,17956992,v1.16+,0.014011839761969604,1.9696373660643873,1,1,1,1,1,1,1,1,1,1,1,1,1,0,1,0,1,0,1,0,1,0,1,0,1,0,1,1,1,0,1,0,1,0,1,0,,,,,1,1,1,1,1,1,1,1,1.0,1.0,1.0,1.0,1.0,1.0,1,0,1,0,1,0,1,0,1,0,1.0,0.0,,,,,,,,,,,,,,,,,,,,
4c6fb0af-d7aa-41de-af92-0d9ec9215618,17694975,v1.14-1.15,0.010110170966072389,1.9833316788832367,1,1,1,0,1,1,1,1,1,0,1,1,1,0,1,0,1,0,1,0,1,0,1,0,1,1,1,1,1,0,1,0,1,0,1,0,1.0,0.0,1.0,0.0,1,1,1,0,1,0,1,0,1.0,1.0,1.0,0.0,1.0,0.0,1,0,1,0,1,0,1,0,1,1,1.0,1.0,1.0,0.0,,,,,,,,,,,,,,,,,,
7128a1d9-1495-48a5-8ac5-529a8cd54308,18285568,v1.16+,0.00848095899533782,1.9833345075853377,1,1,1,0,1,1,1,1,1,0,1,1,1,0,1,0,1,0,1,0,1,0,1,0,1,0,1,1,1,0,1,0,1,0,1,0,,,,,1,1,1,0,1,0,1,0,,,,,,,1,1,1,1,1,0,1,0,1,1,,,1.0,0.0,,,,,,,,,,,,,,,,,,
8d3c8cdc-8bf4-4c0d-80be-ba9b543749d3,17695232,v1.14-1.15,0.0,2.0000103214818377,1,0,1,0,1,0,1,0,1,0,1,0,1,0,1,0,1,0,1,0,1,0,1,0,1,0,1,1,1,0,1,0,1,0,1,0,1.0,0.0,1.0,0.0,1,0,1,0,1,0,1,0,1.0,1.0,1.0,0.0,1.0,0.0,1,0,1,0,1,0,1,0,1,0,1.0,0.0,1.0,0.0,,,,,,,,,,,,,,,,,,
573339c0-32f6-44f1-82b9-a51e72282d8c,17760256,v1.14-1.15,0.007147752762103213,1.9846768141207498,1,1,1,1,1,1,1,1,1,1,1,1,1,0,1,0,1,0,1,0,1,0,1,0,1,0,1,1,1,0,1,0,1,0,1,0,1.0,0.0,1.0,0.0,1,1,1,1,1,1,1,1,1.0,1.0,1.0,1.0,1.0,1.0,1,0,1,0,1,0,1,0,1,0,1.0,0.0,,,,,,,,,,,,,,,,,,,,
664cbf29-f686-4f7f-8e5e-cc7237dde49c,17563904,v1.12-1.13,0.0,2.002136812029734,1,1,1,0,1,1,1,1,1,0,1,1,1,0,1,0,1,0,1,0,1,0,1,0,1,0,1,0,1,0,1,0,1,0,1,0,,,,,1,1,1,0,1,0,1,0,,,,,,,1,0,1,0,1,0,1,0,1,0,,,1.0,0.0,,,,,,,,,,,,,,,,,,
7c96208b-15f2-4d48-843b-c1a1b827650a,17761280,v1.14-1.15,0.0,2.0000297739060193,1,1,1,1,1,1,1,1,1,1,1,1,1,0,1,0,1,0,1,0,1,0,1,0,1,0,1,1,1,0,1,0,1,0,1,0,1.0,0.0,1.0,0.0,1,1,1,1,1,1,1,1,1.0,1.0,1.0,1.0,1.0,1.0,1,0,1,0,1,0,1,0,1,0,1.0,0.0,,,,,,,,,,,,,,,,,,,,
40a1ee6b-0ba7-4361-ab12-3726111e924f,17826240,v1.16+,0.0,2.0000719109824483,1,1,1,1,1,1,1,1,1,1,1,1,1,0,1,0,1,0,1,0,1,0,1,0,1,0,1,1,1,0,1,0,1,0,1,0,,,,,1,1,1,1,1,1,1,1,1.0,1.0,1.0,1.0,1.0,1.0,1,0,1,0,1,0,1,0,1,0,1.0,0.0,,,,,,,,,,,,,,,,,,,,
eb843015-3e3b-4d5a-8f05-3c65b02b5e61,17761280,v1.14-1.15,0.0,1.9999462022503507,1,1,1,1,1,1,1,0,1,0,1,0,1,0,1,0,1,0,1,0,1,0,1,0,1,1,1,1,1,0,1,0,1,0,1,0,1.0,0.0,1.0,0.0,1,1,1,1,1,1,1,1,1.0,1.0,1.0,1.0,1.0,1.0,1,0,1,0,1,0,1,0,1,1,1.0,1.0,,,,,,,,,,,,,,,,,,,,
7c36d0ae-5dba-4053-bda2-dde86e405489,17170944,v1.12-1.13,0.0,99.99486811043826,1,1,1,1,1,1,1,1,1,1,1,1,1,0,1,0,1,0,1,0,1,0,1,0,1,0,1,1,1,0,1,0,1,0,1,0,,,,,1,1,1,1,1,1,1,1,1.0,1.0,1.0,1.0,1.0,1.0,1,0,1,0,1,0,1,0,1,0,1.0,0.0,,,,,,,,,,,,,,,,,,,,
eb8330f1-8bba-4b47-8b29-bfcc9eb12d3e,17761535,v1.14-1.15,0.0006636547306196329,1.9985018404899235,1,0,1,0,1,0,1,0,1,0,1,0,1,0,1,0,1,0,1,0,1,0,1,0,1,1,1,1,1,0,1,0,1,1,1,1,1.0,1.0,1.0,1.0,1,1,1,1,1,1,1,1,1.0,1.0,1.0,1.0,1.0,1.0,1,0,1,0,1,0,1,0,1,1,1.0,0.0,,,,,,,,,,,,,,,,,,,,
d5dd8d5e-0380-4a92-943b-b19775329ccd,17630207,v1.12-1.13,0.0,2.0000397308506046,1,1,1,0,1,1,1,1,1,0,1,0,1,0,1,0,1,0,1,0,1,0,1,0,1,0,1,1,1,0,1,0,1,0,1,0,,,,,1,1,1,1,1,0,1,0,,,,,,,1,0,1,0,1,0,1,0,1,0,1.0,0.0,1.0,0.0,,,,,,,,,,,,,,,,,,
f3a5209b-7b22-4b84-97e5-5a42e087558d,17826047,v1.16+,0.0,2.0000814805921356,1,0,1,0,1,0,1,0,1,0,1,0,1,0,1,0,1,0,1,0,1,0,1,0,1,0,1,1,1,0,1,0,1,0,1,0,,,,,1,1,1,1,1,1,1,1,1.0,1.0,1.0,1.0,1.0,1.0,1,0,1,0,1,0,1,0,1,0,1.0,0.0,,,,,,,,,,,,,,,,,,,,
dbc3a6bb-f631-402d-9e66-9b51177db8e3,17694720,v1.14-1.15,0.0,2.0001154553825367,1,1,1,0,1,1,1,1,1,0,1,1,1,0,1,0,1,0,1,0,1,0,1,0,1,0,1,1,1,0,1,0,1,0,1,0,1.0,0.0,1.0,0.0,1,0,1,0,1,0,1,0,1.0,1.0,1.0,0.0,1.0,0.0,1,0,1,0,1,0,1,0,1,0,1.0,0.0,1.0,0.0,,,,,,,,,,,,,,,,,,
043fd24e-3bc0-4ebe-90d5-1e806dd155fd,17761280,v1.14-1.15,0.0,2.0002901290378463,1,0,1,0,1,0,1,0,1,0,1,0,1,0,1,0,1,0,1,1,1,1,1,1,1,1,1,1,1,0,1,0,1,0,1,0,1.0,0.0,1.0,0.0,1,1,1,0,1,0,1,0,1.0,1.0,1.0,1.0,1.0,1.0,1,0,1,0,1,0,1,0,1,1,1.0,1.0,,,,,,,,,,,,,,,,,,,,
37b7e9fd-dfe5-496e-bb03-fc7c39ab6d04,17499136,v1.12-1.13,0.002047448011079665,1.9999863814880812,1,0,1,0,1,0,1,1,1,0,1,0,1,0,1,0,1,0,1,1,1,0,1,1,1,0,1,1,1,0,1,0,1,0,1,0,,,,,1,1,1,0,1,0,1,0,,,,,,,1,0,1,0,1,0,1,0,1,1,,,1.0,0.0,,,,,,,,,,,,,,,,,,
90bfc389-7a91-45e3-bfa3-1db1a05b5247,17761280,v1.14-1.15,0.0,1.999936995273451,1,1,1,1,1,1,1,1,1,1,1,1,1,0,1,0,1,0,1,0,1,0,1,0,1,0,1,1,1,0,1,0,1,0,1,0,1.0,0.0,1.0,0.0,1,1,1,1,1,1,1,1,1.0,1.0,1.0,1.0,1.0,1.0,1,0,1,0,1,0,1,0,1,0,1.0,0.0,,,,,,,,,,,,,,,,,,,,
5265aa00-0307-43d0-b401-3d934b071193,17694975,v1.14-1.15,0.0003682567895101501,2.0002106035699456,1,0,1,0,1,0,1,0,1,0,1,0,1,0,1,0,1,0,1,0,1,0,1,0,1,0,1,1,1,0,1,0,1,0,1,0,1.0,0.0,1.0,0.0,1,0,1,0,1,0,1,0,1.0,1.0,1.0,0.0,1.0,0.0,1,0,1,0,1,0,1,0,1,0,1.0,0.0,1.0,0.0,,,,,,,,,,,,,,,,,,
2b62231a-1ae0-4a6d-9806-7ba9c75ea8c2,16777472,v1.12-1.13,0.0,2.0001794813459735,1,0,1,0,1,0,1,0,1,0,1,0,1,0,1,0,1,0,1,1,1,0,1,1,1,0,1,1,1,0,1,0,1,0,1,0,1.0,0.0,1.0,0.0,1,1,1,0,1,0,1,0,1.0,1.0,1.0,0.0,1.0,0.0,1,0,1,0,1,0,1,0,1,0,1.0,0.0,1.0,0.0,,,,,,,,,,,,,,,,,,
0e1fc542-dc3a-40e2-94c5-173eaa9ae78f,17826047,v1.16+,0.0,2.0000085178356293,1,1,1,1,1,1,1,1,1,1,1,1,1,0,1,0,1,0,1,0,1,0,1,0,1,0,1,1,1,0,1,0,1,0,1,0,,,,,1,1,1,1,1,1,1,1,1.0,1.0,1.0,1.0,1.0,1.0,1,0,1,0,1,0,1,0,1,0,1.0,0.0,,,,,,,,,,,,,,,,,,,,
07d06770-e010-4702-872e-2dfbdd30b750,17694720,v1.14-1.15,0.0,1.9999992144705927,1,1,1,0,1,1,1,1,1,0,1,1,1,0,1,0,1,0,1,0,1,0,1,0,1,0,1,1,1,0,1,0,1,0,1,0,1.0,0.0,1.0,0.0,1,1,1,0,1,0,1,0,1.0,1.0,1.0,0.0,1.0,0.0,1,0,1,0,1,0,1,0,1,0,1.0,0.0,1.0,0.0,,,,,,,,,,,,,,,,,,
cdbfa008-b0d2-4ab9-9384-61d8ca91b14f,17629951,v1.12-1.13,0.0,2.0000017013207083,1,0,1,0,1,0,1,1,1,0,1,0,1,0,1,0,1,0,1,0,1,0,1,0,1,1,1,1,1,0,1,0,1,0,1,0,,,,,1,1,1,1,1,0,1,0,,,,,,,1,0,1,0,1,0,1,0,1,1,1.0,1.0,1.0,0.0,,,,,,,,,,,,,,,,,,
706fef21-6322-4e7a-83e0-c1c2eeefa97e,17825984,v1.16+,0.0,2.0000151476557084,1,1,1,1,1,1,1,1,1,1,1,1,1,0,1,0,1,0,1,0,1,0,1,0,1,1,1,1,1,0,1,0,1,1,1,1,,,,,1,1,1,1,1,1,1,1,1.0,1.0,1.0,1.0,1.0,1.0,1,0,1,0,1,0,1,0,1,1,1.0,1.0,,,,,,,,,,,,,,,,,,,,
35070533-f62a-4314-916b-e56d7e3928ef,17695488,v1.14-1.15,0.0,2.0000001450292504,1,1,1,0,1,1,1,1,1,0,1,1,1,0,1,0,1,0,1,0,1,0,1,0,1,0,1,1,1,0,1,0,1,0,1,0,1.0,0.0,1.0,0.0,1,1,1,0,1,0,1,0,1.0,1.0,1.0,0.0,1.0,0.0,1,0,1,0,1,0,1,0,1,0,1.0,0.0,1.0,0.0,,,,,,,,,,,,,,,,,,
313dc4fa-fe69-4451-a15a-8253d507d8d8,17761535,v1.14-1.15,0.004986983343097408,2.0027828954444042,1,1,1,1,1,1,1,1,1,1,1,1,1,0,1,0,1,0,1,0,1,0,1,0,1,0,1,1,1,0,1,0,1,0,1,0,1.0,0.0,1.0,0.0,1,1,1,0,1,0,1,0,1.0,1.0,1.0,1.0,1.0,1.0,1,0,1,0,1,0,1,0,1,0,1.0,0.0,,,,,,,,,,,,,,,,,,,,
789d3c67-df52-4133-9640-2862b4e72332,17629952,v1.12-1.13,0.0,1.9999400328058379,1,1,1,0,1,1,1,1,1,0,1,0,1,0,1,0,1,0,1,0,1,0,1,0,1,0,1,1,1,0,1,0,1,0,1,0,,,,,1,1,1,1,1,0,1,0,,,,,,,1,0,1,0,1,0,1,0,1,0,1.0,0.0,1.0,0.0,,,,,,,,,,,,,,,,,,
56fb4725-2b33-4e0e-a9df-0dea1ae93746,17761280,v1.14-1.15,0.0,1.9999995633321606,1,1,1,1,1,1,1,1,1,1,1,1,1,0,1,0,1,0,1,0,1,0,1,0,1,0,1,1,1,0,1,0,1,0,1,0,1.0,0.0,1.0,0.0,1,1,1,1,1,1,1,1,1.0,1.0,1.0,1.0,1.0,1.0,1,0,1,0,1,0,1,0,1,0,1.0,0.0,,,,,,,,,,,,,,,,,,,,
8ebc28dc-9648-4bbb-adfe-e1bc51ae9117,17695743,v1.14-1.15,0.0,1.9999993836067473,1,0,1,0,1,0,1,0,1,0,1,0,1,0,1,0,1,0,1,1,1,0,1,1,1,0,1,1,1,0,1,0,1,0,1,0,1.0,0.0,1.0,0.0,1,1,1,0,1,0,1,0,1.0,1.0,1.0,0.0,1.0,0.0,1,0,1,0,1,0,1,0,1,0,1.0,0.0,1.0,0.0,,,,,,,,,,,,,,,,,,
4ece0c6d-1b8b-47c9-829e-7f0971063e72,17695743,v1.14-1.15,0.0,1.9843017508604008,1,1,1,0,1,1,1,1,1,0,1,1,1,0,1,0,1,0,1,0,1,0,1,0,1,0,1,1,1,0,1,0,1,0,1,0,1.0,0.0,1.0,0.0,1,0,1,0,1,0,1,0,1.0,1.0,1.0,0.0,1.0,0.0,1,0,1,0,1,0,1,0,1,0,1.0,0.0,1.0,0.0,,,,,,,,,,,,,,,,,,
5193a106-116f-44aa-942d-5ceaf6653d0d,17761535,v1.14-1.15,0.0,2.0000289932052895,1,1,1,1,1,1,1,1,1,1,1,1,1,0,1,0,1,0,1,0,1,0,1,0,1,0,1,1,1,0,1,0,1,0,1,0,1.0,0.0,1.0,0.0,1,1,1,1,1,1,1,1,1.0,1.0,1.0,1.0,1.0,1.0,1,0,1,0,1,0,1,0,1,0,1.0,0.0,,,,,,,,,,,,,,,,,,,,
56818580-4f59-4aa9-9049-f10ed30b785e,17826559,v1.16+,0.0,2.0000692331657635,1,1,1,1,1,1,1,1,1,1,1,1,1,0,1,0,1,0,1,0,1,0,1,0,1,0,1,1,1,0,1,0,1,0,1,0,,,,,1,1,1,0,1,0,1,0,1.0,1.0,1.0,1.0,1.0,1.0,1,0,1,0,1,0,1,0,1,0,1.0,0.0,,,,,,,,,,,,,,,,,,,,
2863eb78-5497-4f32-ae89-9e2315f7da73,17891583,v1.16+,0.0005635975190016904,2.000001211539195,1,1,1,1,1,1,1,1,1,1,1,1,1,0,1,0,1,0,1,0,1,0,1,0,1,1,1,1,1,0,1,0,1,0,1,0,,,,,1,1,1,1,1,1,1,1,1.0,1.0,1.0,1.0,1.0,1.0,1,0,1,0,1,0,1,0,1,1,1.0,1.0,,,,,,,,,,,,,,,,,,,,
9a95e12a-db59-4b82-af1b-54c826200927,17695999,v1.14-1.15,0.0,2.002913659971454,1,1,1,0,1,1,1,1,1,0,1,1,1,0,1,0,1,0,1,0,1,0,1,0,1,0,1,1,1,0,1,0,1,0,1,0,1.0,0.0,1.0,0.0,1,1,1,0,1,0,1,0,1.0,1.0,1.0,0.0,1.0,0.0,1,0,1,0,1,0,1,0,1,0,1.0,0.0,1.0,0.0,,,,,,,,,,,,,,,,,,
66281e3e-b668-4c5e-8763-178706db0e1d,17891583,v1.16+,0.0,2.00006277569296,1,1,1,1,1,1,1,1,1,1,1,1,1,0,1,0,1,0,1,0,1,0,1,0,1,0,1,1,1,0,1,0,1,0,1,0,,,,,1,1,1,1,1,1,1,1,1.0,1.0,1.0,1.0,1.0,1.0,1,0,1,0,1,0,1,0,1,0,1.0,0.0,,,,,,,,,,,,,,,,,,,,
0481d97d-2315-4bb8-86cf-45c3aa95ddf1,17760256,v1.14-1.15,0.0,1.9999941138223707,1,1,1,1,1,1,1,1,1,1,1,1,1,0,1,0,1,0,1,0,1,0,1,0,1,0,1,1,1,0,1,0,1,0,1,0,1.0,0.0,1.0,0.0,1,1,1,0,1,0,1,0,1.0,1.0,1.0,1.0,1.0,1.0,1,0,1,0,1,0,1,0,1,0,1.0,0.0,,,,,,,,,,,,,,,,,,,,
f28e0c56-fd59-4393-94de-d0cf92c1769d,17694720,v1.14-1.15,2.592363872488707e-05,124.62573924200221,1,0,1,0,1,0,1,0,1,0,1,0,1,0,1,0,1,0,1,0,1,0,1,0,1,1,1,1,1,0,1,0,1,0,1,0,1.0,0.0,1.0,0.0,1,0,1,0,1,0,1,0,1.0,1.0,1.0,0.0,1.0,0.0,1,0,1,0,1,0,1,0,1,0,1.0,1.0,1.0,0.0,,,,,,,,,,,,,,,,,,
a3176085-f48a-4000-b7f6-a72bdc6445e9,17694720,v1.14-1.15,0.0,2.0000410586941304,1,1,1,0,1,1,1,1,1,0,1,1,1,0,1,0,1,0,1,0,1,0,1,0,1,1,1,1,1,0,1,0,1,0,1,0,1.0,1.0,1.0,0.0,1,1,1,0,1,0,1,0,1.0,1.0,1.0,0.0,1.0,0.0,1,0,1,0,1,0,1,0,1,1,1.0,1.0,1.0,0.0,,,,,,,,,,,,,,,,,,
1b7cd013-78c3-4e8e-b3fe-932cb5e4f683,17825984,v1.16+,0.0,1.9999997464789052,1,1,1,1,1,1,1,1,1,1,1,1,1,0,1,0,1,0,1,0,1,0,1,0,1,0,1,1,1,0,1,0,1,0,1,0,,,,,1,1,1,1,1,1,1,1,1.0,1.0,1.0,1.0,1.0,1.0,1,0,1,0,1,0,1,0,1,0,1.0,0.0,,,,,,,,,,,,,,,,,,,,
cf8bca04-d09a-4615-a59f-f410777f8f1c,17956992,v1.16+,0.0018219701760211185,2.0000030420214334,1,0,1,0,1,0,1,0,1,0,1,0,1,0,1,0,1,0,1,1,1,1,1,1,1,1,1,1,1,0,1,0,1,0,1,0,,,,,1,1,1,0,1,0,1,0,1.0,1.0,1.0,1.0,1.0,1.0,1,0,1,0,1,0,1,0,1,1,1.0,1.0,,,,,,,,,,,,,,,,,,,,
0a564a4d-7263-40d3-b53d-0a1af4e38485,17761535,v1.14-1.15,0.0,2.0002895727843266,1,1,1,1,1,1,1,1,1,1,1,1,1,0,1,0,1,0,1,0,1,0,1,0,1,0,1,1,1,0,1,0,1,0,1,0,1.0,0.0,1.0,0.0,1,0,1,0,1,0,1,0,1.0,1.0,1.0,1.0,1.0,1.0,1,0,1,0,1,0,1,0,1,0,1.0,0.0,,,,,,,,,,,,,,,,,,,,
c1fe8823-17b1-4920-8996-939583b11b61,17694975,v1.14-1.15,0.0,2.0001040054082813,1,1,1,0,1,1,1,1,1,0,1,0,1,0,1,0,1,0,1,0,1,0,1,0,1,0,1,1,1,0,1,0,1,0,1,0,1.0,0.0,1.0,0.0,1,1,1,0,1,0,1,0,1.0,1.0,1.0,0.0,1.0,0.0,1,0,1,0,1,0,1,0,1,0,1.0,0.0,1.0,0.0,,,,,,,,,,,,,,,,,,
e1a97e15-0be1-43f1-8437-5b75b03b3e8a,17629951,v1.12-1.13,0.0,2.0000022013447047,1,0,1,0,1,0,1,0,1,0,1,0,1,0,1,0,1,0,1,1,1,0,1,0,1,0,1,1,1,0,1,0,1,0,1,0,,,,,1,1,1,0,1,0,1,0,,,,,,,1,0,1,0,1,0,1,0,1,0,1.0,0.0,1.0,0.0,,,,,,,,,,,,,,,,,,
78049c94-c5f5-405d-8ece-f1189dfc246c,17761535,v1.14-1.15,0.0,2.00016771061397,1,0,1,0,1,0,1,0,1,0,1,0,1,0,1,0,1,0,1,1,1,1,1,1,1,0,1,1,1,0,1,0,1,0,1,0,1.0,0.0,1.0,0.0,1,1,1,0,1,0,1,0,1.0,1.0,1.0,1.0,1.0,1.0,1,0,1,0,1,0,1,0,1,0,1.0,0.0,,,,,,,,,,,,,,,,,,,,
dd626a1d-1b7d-49b8-9ba8-48c560464993,17629951,v1.12-1.13,0.0,2.0001182555124797,1,0,1,0,1,0,1,1,1,0,1,0,1,0,1,0,1,0,1,0,1,0,1,0,1,0,1,1,1,0,1,0,1,0,1,0,,,,,1,1,1,1,1,0,1,0,,,,,,,1,0,1,0,1,0,1,0,1,0,1.0,0.0,1.0,0.0,,,,,,,,,,,,,,,,,,
d1e3c328-9cfc-4893-994b-17bc38c2b6e7,17695488,v1.14-1.15,0.0,1.9999614634291152,1,1,1,0,1,1,1,1,1,0,1,1,1,0,1,0,1,0,1,0,1,0,1,0,1,0,1,1,1,0,1,0,1,0,1,0,1.0,0.0,1.0,0.0,1,0,1,0,1,0,1,0,1.0,1.0,1.0,0.0,1.0,0.0,1,0,1,0,1,0,1,0,1,0,1.0,0.0,1.0,0.0,,,,,,,,,,,,,,,,,,
ed8522d1-1e28-4f29-84fc-e4133bef60c1,17761280,v1.14-1.15,0.004708921313240258,1.9907214250140988,1,1,1,1,1,1,1,1,1,1,1,1,1,0,1,0,1,0,1,0,1,0,1,0,1,0,1,1,1,0,1,0,1,0,1,0,1.0,0.0,1.0,0.0,1,1,1,1,1,1,1,1,1.0,1.0,1.0,1.0,1.0,1.0,1,0,1,0,1,0,1,0,1,1,1.0,1.0,,,,,,,,,,,,,,,,,,,,
a092eef9-473c-4d68-b5bf-a93e9c1e5eee,17760511,v1.14-1.15,0.010692468860099514,1.9677921141827828,1,1,1,1,1,1,1,1,1,1,1,1,1,0,1,0,1,0,1,0,1,0,1,0,1,0,1,1,1,0,1,0,1,0,1,0,1.0,0.0,1.0,0.0,1,1,1,1,1,1,1,1,1.0,1.0,1.0,1.0,1.0,1.0,1,0,1,0,1,0,1,0,1,0,1.0,0.0,,,,,,,,,,,,,,,,,,,,
48529ed5-36bd-4929-9184-5867d10bd762,17826047,v1.16+,0.0,1.9999819243616164,1,0,1,0,1,0,1,0,1,0,1,0,1,0,1,0,1,0,1,0,1,0,1,0,1,0,1,1,1,0,1,0,1,0,1,0,,,,,1,0,1,0,1,0,1,0,1.0,1.0,1.0,1.0,1.0,1.0,1,0,1,0,1,0,1,0,1,0,1.0,0.0,,,,,,,,,,,,,,,,,,,,
d3a97001-a583-4fb9-a53a-1d9483a24428,17826303,v1.16+,8.523478127500956e-05,1.999990318401779,1,1,1,1,1,1,1,1,1,1,1,1,1,0,1,0,1,0,1,0,1,0,1,0,1,0,1,1,1,0,1,0,1,0,1,0,,,,,1,0,1,1,1,1,1,1,1.0,1.0,1.0,1.0,1.0,1.0,1,0,1,0,1,0,1,0,1,0,1.0,0.0,,,,,,,,,,,,,,,,,,,,
ef9c27ea-3117-417a-8ed4-8a65405cd614,17629951,v1.12-1.13,0.0,2.0000617919643133,1,0,1,0,1,0,1,1,1,0,1,0,1,0,1,0,1,0,1,0,1,0,1,0,1,0,1,1,1,0,1,0,1,0,1,0,,,,,1,1,1,0,1,0,1,0,,,,,,,1,0,1,0,1,0,1,0,1,0,1.0,0.0,1.0,0.0,,,,,,,,,,,,,,,,,,
ce7de6b9-f97c-4204-9a80-b30379c03d07,17761535,v1.14-1.15,0.0,2.0000448695780455,1,0,1,0,1,0,1,0,1,0,1,0,1,0,1,0,1,0,1,0,1,0,1,0,1,0,1,1,1,0,1,0,1,0,1,0,1.0,0.0,1.0,0.0,1,0,1,0,1,0,1,0,1.0,1.0,1.0,1.0,1.0,1.0,1,0,1,0,1,0,1,0,1,0,1.0,0.0,,,,,,,,,,,,,,,,,,,,
c0367e48-ff01-4a06-a61a-4ddccf51ba26,17760256,v1.14-1.15,0.0,1.9999473163049493,1,0,1,0,1,0,1,0,1,0,1,0,1,0,1,0,1,0,1,0,1,0,1,0,1,0,1,1,1,0,1,0,1,1,1,1,1.0,1.0,1.0,1.0,1,0,1,0,1,0,1,0,1.0,1.0,1.0,1.0,1.0,1.0,1,0,1,0,1,0,1,0,1,1,1.0,1.0,,,,,,,,,,,,,,,,,,,,
dd840776-7bc0-4854-9225-a70775282acf,17826047,v1.16+,0.0,2.000206999524374,1,1,1,1,1,1,1,1,1,1,1,1,1,0,1,0,1,0,1,0,1,0,1,0,1,0,1,1,1,0,1,0,1,0,1,0,,,,,1,1,1,1,1,1,1,1,1.0,1.0,1.0,1.0,1.0,1.0,1,0,1,0,1,0,1,0,1,0,1.0,0.0,,,,,,,,,,,,,,,,,,,,
125ee8a7-bf3f-48ff-80e3-f90e76a5300e,17761535,v1.14-1.15,0.0,2.00012467443804,1,1,1,1,1,1,1,1,1,1,1,1,1,0,1,0,1,0,1,0,1,0,1,0,1,0,1,1,1,0,1,0,1,0,1,0,1.0,0.0,1.0,0.0,1,1,1,1,1,1,1,1,1.0,1.0,1.0,1.0,1.0,1.0,1,0,1,0,1,0,1,0,1,0,1.0,0.0,,,,,,,,,,,,,,,,,,,,
7c178759-86ee-4ec3-82bd-356566714d44,17630207,v1.12-1.13,0.0,2.000151558150733,1,1,1,0,1,1,1,1,1,0,1,0,1,0,1,0,1,0,1,0,1,0,1,0,1,0,1,1,1,0,1,0,1,0,1,0,,,,,1,1,1,0,1,0,1,0,,,,,,,1,0,1,0,1,0,1,0,1,0,1.0,0.0,1.0,0.0,,,,,,,,,,,,,,,,,,
ab746d93-f5c2-47d4-8f18-631f5705759a,17891392,v1.16+,0.0,100.00797829902665,1,1,1,1,1,1,1,1,1,1,1,1,1,0,1,0,1,0,1,0,1,0,1,0,1,0,1,1,1,0,1,0,1,0,1,0,,,,,1,1,1,1,1,1,1,1,1.0,1.0,1.0,1.0,1.0,1.0,1,0,1,0,1,0,1,0,1,0,1.0,0.0,,,,,,,,,,,,,,,,,,,,
832379de-80ea-4ade-86d5-24f33cfe4a0e,17630207,v1.12-1.13,0.0,2.000029919475921,1,1,1,0,1,1,1,1,1,0,1,1,1,0,1,0,1,0,1,0,1,0,1,0,1,0,1,0,1,0,1,0,1,0,1,0,,,,,1,1,1,1,1,0,1,0,,,,,,,1,0,1,0,1,0,1,0,1,0,1.0,0.0,1.0,0.0,,,,,,,,,,,,,,,,,,
4aad062f-a925-4406-8fee-e791863c68f4,17694720,v1.14-1.15,3.048823338645095e-05,78.85198984424592,1,0,1,0,1,0,1,0,1,0,1,0,1,0,1,0,1,0,1,1,1,0,1,1,1,0,1,1,1,0,1,0,1,0,1,0,1.0,0.0,1.0,0.0,1,1,1,0,1,0,1,0,1.0,1.0,1.0,0.0,1.0,0.0,1,0,1,0,1,0,1,0,1,0,1.0,0.0,1.0,0.0,,,,,,,,,,,,,,,,,,
de4567eb-5183-4313-a39c-25b44386e965,17826047,v1.16+,0.0,2.0001071813161286,1,0,1,0,1,0,1,0,1,0,1,0,1,0,1,0,1,0,1,0,1,0,1,0,1,0,1,1,1,0,1,0,1,0,1,0,,,,,1,1,1,1,1,1,1,1,1.0,1.0,1.0,1.0,1.0,1.0,1,0,1,0,1,0,1,0,1,0,1.0,0.0,,,,,,,,,,,,,,,,,,,,
7f156968-661a-40ad-adc2-0a14c743e6bd,17694975,v1.14-1.15,0.0,2.0002076180416166,1,0,1,0,1,0,1,0,1,0,1,0,1,0,1,0,1,0,1,0,1,0,1,0,1,1,1,1,1,0,1,0,1,1,1,0,1.0,0.0,1.0,0.0,1,1,1,0,1,0,1,0,1.0,1.0,1.0,0.0,1.0,0.0,1,0,1,0,1,0,1,0,1,1,1.0,1.0,1.0,0.0,,,,,,,,,,,,,,,,,,
e51ae5aa-e20e-41ca-92a3-a20d248a8411,17564671,v1.12-1.13,0.009234800817214237,2.0000046615493265,1,1,1,0,1,1,1,1,1,0,1,0,1,0,1,0,1,0,1,0,1,0,1,0,1,0,1,1,1,0,1,0,1,0,1,0,,,,,1,1,1,1,1,0,1,0,,,,,,,1,0,1,0,1,0,1,0,1,0,,,1.0,0.0,,,,,,,,,,,,,,,,,,
1ce73d46-7ee8-4b17-a023-4aeb959ab623,17826047,v1.16+,0.0,1.9999575009031059,1,1,1,1,1,1,1,1,1,1,1,1,1,0,1,0,1,0,1,0,1,0,1,0,1,0,1,1,1,0,1,0,1,0,1,0,,,,,1,1,1,1,1,1,1,1,1.0,1.0,1.0,1.0,1.0,1.0,1,0,1,0,1,0,1,0,1,0,1.0,0.0,,,,,,,,,,,,,,,,,,,,
ec7aaa16-cf77-413b-bd99-600af682cbc1,17760768,v1.14-1.15,0.0,2.000118482091901,1,1,1,1,1,1,1,1,1,1,1,1,1,0,1,0,1,0,1,0,1,0,1,0,1,1,1,1,1,0,1,0,1,1,1,1,1.0,1.0,1.0,1.0,1,0,1,0,1,0,1,0,1.0,1.0,1.0,1.0,1.0,1.0,1,0,1,0,1,0,1,0,1,1,1.0,1.0,,,,,,,,,,,,,,,,,,,,
4542ed09-27ef-4a03-865f-59ef7db6ce30,17629951,v1.12-1.13,0.0,2.0000068833570235,1,0,1,0,1,0,1,0,1,0,1,0,1,0,1,0,1,0,1,1,1,0,1,1,1,0,1,0,1,0,1,0,1,0,1,0,,,,,1,1,1,0,1,0,1,0,,,,,,,1,0,1,0,1,0,1,0,1,0,1.0,0.0,1.0,0.0,,,,,,,,,,,,,,,,,,
5f8e79d4-30ce-49bb-9a81-85d32fcc3ac9,17761280,v1.14-1.15,0.0,2.0002737202148726,1,0,1,0,1,0,1,0,1,0,1,0,1,0,1,0,1,0,1,0,1,0,1,0,1,1,1,1,1,0,1,0,1,1,1,1,1.0,1.0,1.0,1.0,1,1,1,1,1,1,1,1,1.0,1.0,1.0,1.0,1.0,1.0,1,0,1,0,1,0,1,0,1,1,1.0,1.0,,,,,,,,,,,,,,,,,,,,
1e500219-c808-4c1b-acf0-15594df900ed,17761280,v1.14-1.15,0.0,2.000004708641845,1,1,1,1,1,1,1,1,1,1,1,1,1,0,1,0,1,0,1,0,1,0,1,0,1,0,1,1,1,0,1,0,1,0,1,0,1.0,0.0,1.0,0.0,1,0,1,0,1,0,1,0,1.0,1.0,1.0,1.0,1.0,1.0,1,0,1,0,1,0,1,0,1,0,1.0,0.0,,,,,,,,,,,,,,,,,,,,
41de8351-5e4b-47d8-9c39-a4acf5d1a94a,17826240,v1.16+,0.0,1.999949287298448,1,1,1,1,1,1,1,1,1,1,1,1,1,0,1,0,1,0,1,0,1,0,1,0,1,0,1,1,1,0,1,0,1,0,1,0,,,,,1,1,1,1,1,1,1,1,1.0,1.0,1.0,1.0,1.0,1.0,1,0,1,0,1,0,1,0,1,0,1.0,0.0,,,,,,,,,,,,,,,,,,,,
158154ef-d686-4c99-b1b7-b3b1c16a3083,17825792,v1.16+,0.0,2.0001531064567386,1,0,1,0,1,0,1,0,1,0,1,0,1,0,1,0,1,0,1,1,1,1,1,1,1,0,1,0,1,0,1,0,1,0,1,0,,,,,1,1,1,0,1,0,1,0,1.0,1.0,1.0,1.0,1.0,1.0,1,0,1,0,1,0,1,0,1,0,1.0,0.0,,,,,,,,,,,,,,,,,,,,
27114331-3023-44fa-8c88-7714a8cce2b2,17825792,v1.16+,0.0,1.9999974000033802,1,1,1,1,1,1,1,1,1,1,1,1,1,0,1,0,1,0,1,0,1,0,1,0,1,0,1,1,1,0,1,0,1,0,1,0,,,,,1,1,1,1,1,1,1,1,1.0,1.0,1.0,1.0,1.0,1.0,1,0,1,0,1,0,1,0,1,0,1.0,0.0,,,,,,,,,,,,,,,,,,,,
d7d554a0-2301-4c21-acdc-fe9f90fbad0a,17630207,v1.12-1.13,0.0,2.000014586960849,1,1,1,0,1,1,1,1,1,0,1,0,1,0,1,0,1,0,1,0,1,0,1,0,1,0,1,1,1,0,1,0,1,0,1,0,,,,,1,1,1,1,1,0,1,0,,,,,,,1,0,1,0,1,0,1,0,1,0,1.0,0.0,1.0,0.0,,,,,,,,,,,,,,,,,,
13618b77-bbd1-4ecb-a67b-0bffe81e8a4c,17695743,v1.14-1.15,0.0,2.0001071447531444,1,1,1,0,1,1,1,1,1,0,1,1,1,0,1,0,1,0,1,0,1,0,1,0,1,0,1,1,1,0,1,0,1,0,1,0,1.0,0.0,1.0,0.0,1,1,1,0,1,0,1,0,1.0,1.0,1.0,0.0,1.0,0.0,1,0,1,0,1,0,1,0,1,0,1.0,0.0,1.0,0.0,,,,,,,,,,,,,,,,,,
2101fb59-d08d-458f-9c07-e3f9b5df7482,17891583,v1.16+,0.0,2.00016998955073,1,1,1,1,1,1,1,1,1,1,1,1,1,0,1,0,1,0,1,0,1,0,1,0,1,0,1,1,1,0,1,0,1,0,1,0,,,,,1,1,1,1,1,1,1,1,1.0,1.0,1.0,1.0,1.0,1.0,1,0,1,0,1,0,1,0,1,0,1.0,0.0,,,,,,,,,,,,,,,,,,,,
88eb7af6-f870-4930-b8b1-8196e4844880,17629951,v1.12-1.13,0.0,2.0000151397932213,1,1,1,0,1,1,1,1,1,0,1,0,1,0,1,0,1,0,1,0,1,0,1,0,1,0,1,1,1,0,1,0,1,0,1,0,,,,,1,1,1,1,1,0,1,0,,,,,,,1,0,1,0,1,0,1,0,1,0,1.0,0.0,1.0,0.0,,,,,,,,,,,,,,,,,,
15a8dadc-f86f-4703-9aae-3a1050c20788,17826559,v1.16+,0.0,99.9946728360299,1,1,1,1,1,1,1,1,1,1,1,1,1,0,1,0,1,0,1,0,1,0,1,0,1,0,1,1,1,0,1,0,1,0,1,0,,,,,1,1,1,1,1,1,1,1,1.0,1.0,1.0,1.0,1.0,1.0,1,0,1,0,1,0,1,0,1,0,1.0,0.0,,,,,,,,,,,,,,,,,,,,
4321e9fd-2e04-4d19-abc5-e1ea04fc7b5d,17630207,v1.12-1.13,0.0,2.0001559904264274,1,1,1,0,1,1,1,1,1,0,1,0,1,0,1,0,1,0,1,0,1,0,1,0,1,0,1,1,1,0,1,0,1,0,1,0,,,,,1,1,1,1,1,0,1,0,,,,,,,1,0,1,0,1,0,1,0,1,0,1.0,0.0,1.0,0.0,,,,,,,,,,,,,,,,,,
791d06ed-1466-4716-bb5a-2342d27f2a26,17694720,v1.14-1.15,0.0,2.0074189466259846,1,1,1,0,1,1,1,1,1,0,1,1,1,0,1,0,1,0,1,0,1,0,1,0,1,0,1,1,1,0,1,0,1,0,1,0,1.0,0.0,1.0,0.0,1,0,1,0,1,0,1,0,1.0,1.0,1.0,0.0,1.0,0.0,1,0,1,0,1,0,1,0,1,0,1.0,0.0,1.0,0.0,,,,,,,,,,,,,,,,,,
0dac63ed-e58a-41d5-aa86-4523ffa45814,17760511,v1.14-1.15,0.0,2.0000491988150224,1,0,1,0,1,0,1,0,1,0,1,0,1,0,1,0,1,0,1,0,1,0,1,0,1,0,1,1,1,0,1,0,1,0,1,0,1.0,0.0,1.0,0.0,1,0,1,0,1,0,1,0,1.0,1.0,1.0,1.0,1.0,1.0,1,0,1,0,1,0,1,0,1,0,1.0,0.0,,,,,,,,,,,,,,,,,,,,
56532940-0d06-419a-8e67-71886fa9ade3,17891392,v1.16+,0.0,100.0130958617077,1,1,1,1,1,1,1,1,1,1,1,1,1,0,1,0,1,0,1,0,1,0,1,0,1,0,1,1,1,0,1,0,1,0,1,0,,,,,1,1,1,1,1,1,1,1,1.0,1.0,1.0,1.0,1.0,1.0,1,0,1,0,1,0,1,0,1,0,1.0,0.0,,,,,,,,,,,,,,,,,,,,
1f4472c6-f7eb-420f-abf0-26eeb78b6f4b,17761535,v1.14-1.15,0.0,2.000073572027856,1,1,1,1,1,1,1,0,1,0,1,0,1,0,1,0,1,0,1,0,1,0,1,0,1,0,1,1,1,0,1,0,1,0,1,0,1.0,0.0,1.0,0.0,1,1,1,1,1,1,1,1,1.0,1.0,1.0,1.0,1.0,1.0,1,0,1,0,1,0,1,0,1,0,1.0,0.0,,,,,,,,,,,,,,,,,,,,
b7eb2d6e-e64f-491a-b44e-91ca609a9857,17694975,v1.14-1.15,0.0,2.0001428755906034,1,0,1,0,1,0,1,0,1,0,1,0,1,0,1,0,1,0,1,1,1,0,1,1,1,0,1,1,1,0,1,0,1,0,1,0,1.0,0.0,1.0,0.0,1,1,1,0,1,0,1,0,1.0,1.0,1.0,0.0,1.0,0.0,1,0,1,0,1,0,1,0,1,0,1.0,0.0,1.0,0.0,,,,,,,,,,,,,,,,,,
26bb64e6-72ff-4243-ae43-fc117227b1f1,17826047,v1.16+,0.0,2.000087022654231,1,0,1,0,1,0,1,0,1,0,1,0,1,0,1,0,1,0,1,1,1,1,1,1,1,0,1,1,1,0,1,0,1,0,1,0,,,,,1,1,1,1,1,1,1,1,1.0,1.0,1.0,1.0,1.0,1.0,1,0,1,0,1,0,1,0,1,0,1.0,0.0,,,,,,,,,,,,,,,,,,,,
8c28feea-c54e-488f-b047-332fb5a0f248,17760511,v1.14-1.15,0.0,2.0000361200553023,1,1,1,1,1,1,1,1,1,1,1,1,1,0,1,0,1,0,1,0,1,0,1,0,1,1,1,1,1,0,1,0,1,1,1,1,1.0,1.0,1.0,1.0,1,1,1,1,1,1,1,1,1.0,1.0,1.0,1.0,1.0,1.0,1,0,1,0,1,0,1,0,1,1,1.0,1.0,,,,,,,,,,,,,,,,,,,,
45e40331-736c-4f04-a56a-94a80f2ca161,17499135,v1.12-1.13,0.00046511275120203027,4.999999220623622,1,1,1,1,1,1,1,1,1,1,1,0,1,0,1,1,1,0,1,0,1,1,1,0,1,0,1,1,1,0,1,0,1,0,1,1,,,,,1,1,1,1,1,0,1,0,,,,,,,1,0,1,0,1,0,1,0,1,0,,,1.0,0.0,1.0,0.0,1.0,0.0,1.0,0.0,1.0,0.0,1.0,0.0,1.0,0.0,,,,,,
4d7c6428-54bb-4b6a-b5af-4354b09ea4ab,17826047,v1.16+,0.0,100.00181844631948,1,1,1,1,1,1,1,1,1,1,1,1,1,0,1,0,1,0,1,0,1,0,1,0,1,0,1,1,1,0,1,0,1,0,1,0,,,,,1,1,1,1,1,1,1,1,1.0,1.0,1.0,1.0,1.0,1.0,1,0,1,0,1,0,1,0,1,0,1.0,0.0,,,,,,,,,,,,,,,,,,,,
24eb7822-b7f4-4b58-b357-ff020caf3cc1,17760256,v1.14-1.15,0.0,2.0002378347309295,1,1,1,1,1,1,1,1,1,1,1,1,1,0,1,0,1,0,1,0,1,0,1,0,1,1,1,1,1,0,1,0,1,0,1,0,1.0,0.0,1.0,0.0,1,1,1,1,1,1,1,1,1.0,1.0,1.0,1.0,1.0,1.0,1,0,1,0,1,0,1,0,1,1,1.0,1.0,,,,,,,,,,,,,,,,,,,,
d3fc0f31-d42f-4246-afee-49081e524bf1,17499135,v1.12-1.13,0.0,5.003971552457213,1,1,1,1,1,1,1,1,1,1,1,0,1,0,1,1,1,0,1,0,1,1,1,0,1,0,1,1,1,0,1,0,1,0,1,1,,,,,1,1,1,0,1,0,1,0,,,,,,,1,0,1,0,1,0,1,0,1,0,,,1.0,0.0,1.0,0.0,1.0,0.0,1.0,0.0,1.0,0.0,1.0,0.0,1.0,0.0,,,,,,
4187cfae-edea-4d91-8b2b-cffe332b8bc5,17630207,v1.12-1.13,0.0012487569766950442,2.0000107161068,1,1,1,0,1,1,1,1,1,0,1,0,1,0,1,0,1,0,1,0,1,0,1,0,1,0,1,1,1,0,1,0,1,0,1,0,,,,,1,1,1,1,1,0,1,0,,,,,,,1,0,1,0,1,0,1,0,1,0,1.0,0.0,1.0,0.0,,,,,,,,,,,,,,,,,,
b0a5dd65-6c05-4c00-91a8-5f3679bd9a8b,17761535,v1.14-1.15,0.0,2.000000468699949,1,1,1,1,1,1,1,1,1,1,1,1,1,0,1,0,1,0,1,0,1,0,1,0,1,0,1,1,1,0,1,0,1,0,1,0,1.0,0.0,1.0,0.0,1,1,1,1,1,1,1,1,1.0,1.0,1.0,1.0,1.0,1.0,1,0,1,0,1,0,1,0,1,0,1.0,0.0,,,,,,,,,,,,,,,,,,,,
00ac7399-bc4e-42e5-9b9e-fb0e48e7057c,17891392,v1.16+,0.0,2.0001183784348835,1,1,1,1,1,1,1,1,1,1,1,1,1,0,1,0,1,0,1,0,1,0,1,0,1,0,1,1,1,0,1,0,1,0,1,0,,,,,1,1,1,1,1,1,1,1,1.0,1.0,1.0,1.0,1.0,1.0,1,0,1,0,1,0,1,0,1,0,1.0,0.0,,,,,,,,,,,,,,,,,,,,
6ebcdceb-a3d1-476a-8e82-228ec9a3c2c0,17891392,v1.16+,0.0008946001798342437,2.000086662140094,1,0,1,0,1,0,1,0,1,0,1,0,1,0,1,0,1,0,1,0,1,0,1,0,1,0,1,1,1,0,1,0,1,0,1,0,,,,,1,0,1,0,1,0,1,0,1.0,1.0,1.0,1.0,1.0,1.0,1,0,1,0,1,0,1,0,1,0,1.0,0.0,,,,,,,,,,,,,,,,,,,,
e2f36c3e-36fd-4e38-983f-b43bcfe123e6,17760384,v1.14-1.15,0.012845231115780145,1.973004932097909,1,1,1,1,1,1,1,1,1,1,1,1,1,0,1,0,1,0,1,0,1,0,1,0,1,0,1,1,1,0,1,0,1,0,1,0,,,,,1,1,1,1,1,1,1,1,1.0,1.0,1.0,1.0,1.0,1.0,1,0,1,0,1,0,1,0,1,0,1.0,0.0,,,,,,,,,,,,,,,,,,,,
c1a0059c-3ae6-4990-b073-c8db56086bd9,17826047,v1.16+,0.018830932475174814,1.978947993351998,1,1,1,1,1,1,1,1,1,1,1,1,1,0,1,0,1,0,1,0,1,0,1,0,1,0,1,1,1,0,1,0,1,0,1,0,,,,,1,1,1,1,1,1,1,1,1.0,1.0,1.0,1.0,1.0,1.0,1,0,1,0,1,0,1,0,1,0,1.0,0.0,,,,,,,,,,,,,,,,,,,,
88ef032a-8cb0-42f8-be69-d4a8b8e57251,17694720,v1.14-1.15,0.0,2.000002441317534,1,1,1,0,1,1,1,1,1,0,1,1,1,0,1,0,1,0,1,0,1,0,1,0,1,0,1,1,1,0,1,0,1,0,1,0,1.0,0.0,1.0,0.0,1,1,1,0,1,0,1,0,1.0,1.0,1.0,0.0,1.0,0.0,1,0,1,0,1,0,1,0,1,0,1.0,0.0,1.0,0.0,,,,,,,,,,,,,,,,,,
a4a87df5-38ea-4774-9e94-83eb4913f1dd,17825920,v1.16+,0.0,2.0000096995289054,1,0,1,0,1,0,1,0,1,0,1,0,1,0,1,0,1,0,1,1,1,1,1,1,1,0,1,0,1,0,1,0,1,0,1,0,,,,,1,1,1,0,1,0,1,0,1.0,1.0,1.0,1.0,1.0,1.0,1,0,1,0,1,0,1,0,1,0,1.0,0.0,,,,,,,,,,,,,,,,,,,,
d7ad3ad6-0297-4325-910a-13f715f224a5,17629696,v1.12-1.13,0.0,2.0000467010904703,1,1,1,0,1,1,1,1,1,0,1,0,1,0,1,0,1,0,1,0,1,0,1,0,1,0,1,1,1,0,1,0,1,0,1,0,,,,,1,1,1,1,1,0,1,0,,,,,,,1,0,1,0,1,0,1,0,1,0,1.0,0.0,1.0,0.0,,,,,,,,,,,,,,,,,,
3262f41b-4465-494d-8391-bd5e41369530,17761280,v1.14-1.15,0.0030161785905169053,1.9656745480623963,1,1,1,1,1,1,1,1,1,1,1,1,1,0,1,0,1,0,1,0,1,0,1,0,1,1,1,1,1,0,1,0,1,0,1,0,1.0,0.0,1.0,0.0,1,1,1,1,1,1,1,1,1.0,1.0,1.0,1.0,1.0,1.0,1,0,1,0,1,0,1,0,1,1,1.0,1.0,,,,,,,,,,,,,,,,,,,,
1c9c0a5a-b74f-4cd8-a20d-07ab6e45e837,17694975,v1.14-1.15,0.0,2.000167447808165,1,1,1,0,1,1,1,1,1,0,1,1,1,0,1,0,1,0,1,0,1,0,1,0,1,0,1,1,1,0,1,0,1,0,1,0,1.0,0.0,1.0,0.0,1,1,1,0,1,0,1,0,1.0,1.0,1.0,0.0,1.0,0.0,1,0,1,0,1,0,1,0,1,0,1.0,0.0,1.0,0.0,,,,,,,,,,,,,,,,,,
11bfec2d-3c16-4265-ae78-aa001a19d9ae,17695743,v1.14-1.15,0.0,2.000121584033225,1,1,1,0,1,1,1,1,1,0,1,1,1,0,1,0,1,0,1,0,1,0,1,0,1,0,1,1,1,0,1,0,1,0,1,0,1.0,0.0,1.0,0.0,1,0,1,0,1,0,1,0,1.0,1.0,1.0,0.0,1.0,0.0,1,0,1,0,1,0,1,0,1,0,1.0,0.0,1.0,0.0,,,,,,,,,,,,,,,,,,
2c5078ec-73c4-4695-932b-d423246b910d,17694720,v1.14-1.15,0.0,2.0000667571950745,1,1,1,0,1,1,1,1,1,0,1,1,1,0,1,0,1,0,1,0,1,0,1,0,1,0,1,1,1,0,1,0,1,0,1,0,1.0,0.0,1.0,0.0,1,1,1,0,1,0,1,0,1.0,1.0,1.0,0.0,1.0,0.0,1,0,1,0,1,0,1,0,1,0,1.0,0.0,1.0,0.0,,,,,,,,,,,,,,,,,,
2232eea8-d624-48fa-b069-7ad738a0a39d,17694720,v1.14-1.15,0.0,2.000148585028967,1,1,1,0,1,1,1,1,1,0,1,1,1,0,1,0,1,0,1,0,1,0,1,0,1,0,1,1,1,0,1,0,1,0,1,0,1.0,0.0,1.0,0.0,1,1,1,0,1,0,1,0,1.0,1.0,1.0,0.0,1.0,0.0,1,0,1,0,1,0,1,0,1,0,1.0,0.0,1.0,0.0,,,,,,,,,,,,,,,,,,
d35c9bbe-29aa-49a2-b319-1f6551c30a4c,17695488,v1.14-1.15,0.0,2.0000454373579317,1,0,1,0,1,0,1,0,1,0,1,0,1,0,1,0,1,0,1,0,1,0,1,0,1,0,1,1,1,0,1,0,1,0,1,0,1.0,0.0,1.0,0.0,1,1,1,0,1,0,1,0,1.0,1.0,1.0,0.0,1.0,0.0,1,0,1,0,1,0,1,0,1,0,1.0,0.0,1.0,0.0,,,,,,,,,,,,,,,,,,
8a9f9d8c-c8cb-47d1-b109-b660bae7078e,17695488,v1.14-1.15,0.0,2.000006857166367,1,0,1,0,1,0,1,0,1,0,1,0,1,0,1,0,1,0,1,1,1,0,1,1,1,0,1,1,1,0,1,0,1,0,1,0,1.0,0.0,1.0,0.0,1,1,1,0,1,0,1,0,1.0,1.0,1.0,0.0,1.0,0.0,1,0,1,0,1,0,1,0,1,0,1.0,0.0,1.0,0.0,,,,,,,,,,,,,,,,,,
871788c8-7449-461f-a8f4-55afb92b056a,17891583,v1.16+,0.0,2.0001874904429027,1,0,1,0,1,0,1,0,1,0,1,0,1,0,1,0,1,0,1,0,1,0,1,0,1,1,1,1,1,0,1,0,1,1,1,1,,,,,1,1,1,1,1,1,1,1,1.0,1.0,1.0,1.0,1.0,1.0,1,0,1,0,1,0,1,0,1,1,1.0,1.0,,,,,,,,,,,,,,,,,,,,
cb710dd9-efeb-4697-8433-bd70bee10ba5,17695743,v1.14-1.15,0.0,1.9999967375939742,1,1,1,0,1,1,1,1,1,0,1,1,1,0,1,0,1,0,1,0,1,0,1,0,1,0,1,1,1,0,1,0,1,0,1,0,1.0,0.0,1.0,0.0,1,1,1,0,1,0,1,0,1.0,1.0,1.0,0.0,1.0,0.0,1,0,1,0,1,0,1,0,1,0,1.0,0.0,1.0,0.0,,,,,,,,,,,,,,,,,,
c35b166c-8c0a-4e68-b254-b2bddc185fa7,17826047,v1.16+,0.000916309727280053,1.9999999653179197,1,1,1,1,1,1,1,1,1,1,1,1,1,0,1,0,1,0,1,0,1,0,1,0,1,0,1,1,1,0,1,0,1,0,1,0,,,,,1,1,1,1,1,1,1,1,1.0,1.0,1.0,1.0,1.0,1.0,1,0,1,0,1,0,1,0,1,0,1.0,0.0,,,,,,,,,,,,,,,,,,,,
1756d509-8565-4234-aaad-75756b2e8ecd,17826240,v1.16+,0.0,2.0000317280575066,1,1,1,1,1,1,1,1,1,1,1,1,1,0,1,0,1,0,1,0,1,0,1,0,1,0,1,1,1,0,1,0,1,0,1,0,,,,,1,1,1,1,1,1,1,1,1.0,1.0,1.0,1.0,1.0,1.0,1,0,1,0,1,0,1,0,1,0,1.0,0.0,,,,,,,,,,,,,,,,,,,,
f7538d51-4634-4f64-99a6-912f3245dcf5,17629951,v1.12-1.13,0.0,2.000007835674263,1,0,1,0,1,0,1,1,1,0,1,0,1,0,1,0,1,0,1,0,1,0,1,0,1,1,1,1,1,0,1,0,1,0,1,0,,,,,1,1,1,1,1,0,1,0,,,,,,,1,0,1,0,1,0,1,0,1,1,1.0,1.0,1.0,0.0,,,,,,,,,,,,,,,,,,
c212a030-76c8-4d0f-8506-7dc7ece6f63f,17498880,v1.12-1.13,0.00648537672788857,4.999046935495291,1,1,1,1,1,1,1,1,1,1,1,0,1,0,1,1,1,0,1,0,1,1,1,0,1,0,1,1,1,0,1,0,1,0,1,1,,,,,1,1,1,1,1,0,1,0,,,,,,,1,0,1,0,1,0,1,0,1,0,,,1.0,0.0,1.0,0.0,1.0,0.0,1.0,0.0,1.0,0.0,1.0,0.0,1.0,0.0,,,,,,
adf178cf-aae4-417d-b5a8-f5f78ce4317d,17761280,v1.14-1.15,0.0,2.0000001767955955,1,1,1,1,1,1,1,1,1,1,1,1,1,0,1,0,1,0,1,0,1,0,1,0,1,1,1,1,1,0,1,0,1,1,1,1,1.0,1.0,1.0,1.0,1,1,1,1,1,1,1,1,1.0,1.0,1.0,1.0,1.0,1.0,1,0,1,0,1,0,1,0,1,1,1.0,1.0,,,,,,,,,,,,,,,,,,,,
9c5c852c-7569-41c5-a235-497d394c238d,17825984,v1.16+,0.00012922602887472978,2.0000000272572405,1,0,1,0,1,0,1,0,1,0,1,0,1,0,1,0,1,0,1,1,1,1,1,1,1,0,1,1,1,0,1,0,1,0,1,0,,,,,1,1,1,1,1,1,1,1,1.0,1.0,1.0,1.0,1.0,1.0,1,0,1,0,1,0,1,0,1,0,1.0,0.0,,,,,,,,,,,,,,,,,,,,
de8e53fa-0102-4eb1-8cd8-451d6b25d007,17695488,v1.14-1.15,0.0,2.008445778768905,1,0,1,0,1,0,1,0,1,0,1,0,1,0,1,0,1,0,1,0,1,0,1,0,1,1,1,0,1,0,1,0,1,1,1,0,1.0,1.0,1.0,0.0,1,1,1,0,1,0,1,0,1.0,1.0,1.0,0.0,1.0,0.0,1,0,1,0,1,0,1,0,1,0,1.0,0.0,1.0,0.0,,,,,,,,,,,,,,,,,,
8f5d2741-d5d8-477a-8d56-f23b608b95b2,17891583,v1.16+,0.0,2.0000599022090215,1,1,1,1,1,1,1,1,1,1,1,1,1,0,1,0,1,0,1,0,1,0,1,0,1,0,1,1,1,0,1,0,1,0,1,0,,,,,1,1,1,1,1,1,1,1,1.0,1.0,1.0,1.0,1.0,1.0,1,0,1,0,1,0,1,0,1,0,1.0,0.0,,,,,,,,,,,,,,,,,,,,
7e3e2cb0-56e3-405e-9a05-644c082b3583,17761280,v1.14-1.15,0.0,2.000028199843593,1,1,1,1,1,1,1,1,1,1,1,1,1,0,1,0,1,0,1,0,1,0,1,0,1,0,1,1,1,0,1,0,1,0,1,0,1.0,0.0,1.0,0.0,1,1,1,1,1,1,1,1,1.0,1.0,1.0,1.0,1.0,1.0,1,0,1,0,1,0,1,0,1,0,1.0,0.0,,,,,,,,,,,,,,,,,,,,
1f02197b-adcc-48c3-a53e-0dae5e7d6239,17826047,v1.16+,0.0003537904081553861,2.00016464785755,1,1,1,1,1,1,1,1,1,1,1,1,1,0,1,0,1,0,1,0,1,0,1,0,1,1,1,1,1,0,1,0,1,0,1,0,,,,,1,1,1,1,1,1,1,1,1.0,1.0,1.0,1.0,1.0,1.0,1,0,1,0,1,0,1,0,1,1,1.0,1.0,,,,,,,,,,,,,,,,,,,,
e20d9517-ba7b-4c3c-94c0-e05dfdb85deb,17629184,v1.12-1.13,0.012979813929363334,1.9769623576443829,1,1,1,0,1,1,1,1,1,0,1,1,1,0,1,0,1,0,1,0,1,0,1,0,1,1,1,1,1,0,1,0,1,0,1,0,1.0,0.0,1.0,0.0,1,1,1,0,1,0,1,0,1.0,1.0,1.0,0.0,1.0,0.0,1,0,1,0,1,0,1,0,1,1,1.0,1.0,1.0,0.0,,,,,,,,,,,,,,,,,,
79d6f8e7-6909-4a41-9879-d5505e5122c1,17695488,v1.14-1.15,0.0,1.9999900892210867,1,0,1,0,1,0,1,0,1,0,1,0,1,0,1,0,1,0,1,1,1,0,1,1,1,0,1,1,1,0,1,0,1,0,1,0,1.0,0.0,1.0,0.0,1,1,1,0,1,0,1,0,1.0,1.0,1.0,0.0,1.0,0.0,1,0,1,0,1,0,1,0,1,0,1.0,0.0,1.0,0.0,,,,,,,,,,,,,,,,,,
589a6704-0a45-42fb-8e87-c99d470faea9,17630207,v1.12-1.13,0.0003355068330160379,1.9999308551037693,1,1,1,0,1,1,1,1,1,0,1,0,1,0,1,0,1,0,1,0,1,0,1,0,1,0,1,1,1,0,1,0,1,0,1,0,,,,,1,1,1,1,1,0,1,0,,,,,,,1,0,1,0,1,0,1,0,1,0,1.0,0.0,1.0,0.0,,,,,,,,,,,,,,,,,,
becc98bb-d269-483d-b3d0-2e580928d10d,17694975,v1.14-1.15,0.0,2.000060589513214,1,0,1,0,1,0,1,0,1,0,1,0,1,0,1,0,1,0,1,0,1,0,1,0,1,1,1,1,1,0,1,0,1,1,1,0,1.0,1.0,1.0,0.0,1,0,1,0,1,0,1,0,1.0,1.0,1.0,0.0,1.0,0.0,1,0,1,0,1,0,1,0,1,1,1.0,1.0,1.0,0.0,,,,,,,,,,,,,,,,,,
566f8e90-44ec-4151-9ba9-8cf6137fa081,17629312,v1.12-1.13,0.0,2.0000334108674123,1,1,1,0,1,1,1,1,1,0,1,1,1,0,1,0,1,0,1,0,1,0,1,0,1,0,1,1,1,0,1,0,1,0,1,0,,,,,1,1,1,1,1,0,1,0,,,,,,,1,0,1,0,1,0,1,0,1,0,1.0,0.0,1.0,0.0,,,,,,,,,,,,,,,,,,
36595e58-08f2-4a3a-ab5c-cfd41e6d6f47,17695743,v1.14-1.15,0.0,2.0000940561472094,1,1,1,0,1,1,1,1,1,0,1,1,1,0,1,0,1,0,1,0,1,0,1,0,1,0,1,1,1,0,1,0,1,0,1,0,1.0,0.0,1.0,0.0,1,1,1,0,1,0,1,0,1.0,1.0,1.0,0.0,1.0,0.0,1,0,1,0,1,0,1,0,1,0,1.0,0.0,1.0,0.0,,,,,,,,,,,,,,,,,,
029e741e-ec94-49af-981b-0b8b15a83f9f,17761535,v1.14-1.15,0.0,2.000047320847496,1,1,1,1,1,1,1,1,1,1,1,1,1,0,1,0,1,0,1,0,1,0,1,0,1,0,1,1,1,0,1,0,1,0,1,0,1.0,0.0,1.0,0.0,1,1,1,1,1,1,1,1,1.0,1.0,1.0,1.0,1.0,1.0,1,0,1,0,1,0,1,0,1,0,1.0,0.0,,,,,,,,,,,,,,,,,,,,
5c388b31-f104-46f5-8237-37c23de8c612,17695488,v1.14-1.15,0.0,2.0000145264212974,1,0,1,0,1,0,1,0,1,0,1,0,1,0,1,0,1,0,1,0,1,0,1,0,1,1,1,1,1,0,1,0,1,1,1,0,1.0,0.0,1.0,0.0,1,1,1,0,1,0,1,0,1.0,1.0,1.0,0.0,1.0,0.0,1,0,1,0,1,0,1,0,1,1,1.0,1.0,1.0,0.0,,,,,,,,,,,,,,,,,,
58d6aee6-f9fc-4c28-86a1-4b5d43ef8f90,17760767,v1.14-1.15,0.0,2.0000560015680438,1,0,1,0,1,0,1,0,1,0,1,0,1,0,1,0,1,0,1,0,1,0,1,0,1,1,1,1,1,0,1,0,1,1,1,1,1.0,1.0,1.0,1.0,1,1,1,1,1,1,1,1,1.0,1.0,1.0,1.0,1.0,1.0,1,0,1,0,1,0,1,0,1,1,1.0,1.0,,,,,,,,,,,,,,,,,,,,
72ebeb1c-82bf-4ec2-8fb4-950af08baa02,17891583,v1.16+,0.0,2.0000002790698064,1,1,1,1,1,1,1,1,1,1,1,1,1,0,1,0,1,0,1,0,1,0,1,0,1,0,1,1,1,0,1,0,1,0,1,0,,,,,1,1,1,1,1,1,1,1,1.0,1.0,1.0,1.0,1.0,1.0,1,0,1,0,1,0,1,0,1,0,1.0,0.0,,,,,,,,,,,,,,,,,,,,
92c5c631-c35d-45b5-b705-9010dda352ee,17629952,v1.12-1.13,0.0,2.0000135580517244,1,1,1,0,1,1,1,1,1,0,1,0,1,0,1,0,1,0,1,0,1,0,1,0,1,0,1,1,1,0,1,0,1,0,1,0,,,,,1,1,1,0,1,0,1,0,,,,,,,1,0,1,0,1,0,1,0,1,0,1.0,0.0,1.0,0.0,,,,,,,,,,,,,,,,,,
090b6f0c-a692-4b68-a7d1-566d24ce84e4,17891583,v1.16+,0.00011034385667300774,1.9999996475410458,1,1,1,1,1,1,1,1,1,1,1,1,1,0,1,0,1,0,1,0,1,0,1,0,1,0,1,1,1,0,1,0,1,0,1,0,,,,,1,1,1,0,1,0,1,0,1.0,1.0,1.0,1.0,1.0,1.0,1,0,1,0,1,0,1,0,1,0,1.0,0.0,,,,,,,,,,,,,,,,,,,,
39246b3b-8900-4474-bb22-b4aa83454f06,17761535,v1.14-1.15,0.0,2.0000039228174202,1,0,1,0,1,0,1,0,1,0,1,0,1,0,1,0,1,0,1,1,1,1,1,1,1,0,1,1,1,0,1,0,1,0,1,0,1.0,0.0,1.0,0.0,1,1,1,1,1,1,1,1,1.0,1.0,1.0,1.0,1.0,1.0,1,0,1,0,1,0,1,0,1,0,1.0,0.0,,,,,,,,,,,,,,,,,,,,
f6e3f924-af2d-469d-92ae-76ad6ac25d67,17630207,v1.12-1.13,0.0,1.9999992307695267,1,0,1,0,1,0,1,1,1,0,1,0,1,0,1,0,1,0,1,0,1,0,1,0,1,0,1,1,1,0,1,0,1,0,1,0,,,,,1,1,1,1,1,0,1,0,,,,,,,1,0,1,0,1,0,1,0,1,0,1.0,0.0,1.0,0.0,,,,,,,,,,,,,,,,,,
ff8f9b06-e935-4c8c-a489-ea2d5daf88e4,17826047,v1.16+,0.0,1.999992987878836,1,1,1,1,1,1,1,1,1,1,1,1,1,0,1,0,1,0,1,0,1,0,1,0,1,0,1,1,1,0,1,0,1,0,1,0,,,,,1,1,1,1,1,1,1,1,1.0,1.0,1.0,1.0,1.0,1.0,1,0,1,0,1,0,1,0,1,0,1.0,0.0,,,,,,,,,,,,,,,,,,,,
814f4b0c-4b48-40a1-ba4d-ed6f7b9ab078,17761535,v1.14-1.15,0.0,2.000052303888821,1,1,1,1,1,1,1,1,1,1,1,1,1,0,1,0,1,0,1,0,1,0,1,0,1,1,1,1,1,0,1,0,1,0,1,0,1.0,0.0,1.0,0.0,1,1,1,1,1,1,1,1,1.0,1.0,1.0,1.0,1.0,1.0,1,0,1,0,1,0,1,0,1,1,1.0,1.0,,,,,,,,,,,,,,,,,,,,
91fd10bc-d4f8-4e8e-bed4-cc7a7360be8e,17891392,v1.16+,0.0,100.0,1,1,1,1,1,1,1,1,1,1,1,1,1,0,1,0,1,0,1,0,1,0,1,0,1,0,1,1,1,0,1,0,1,0,1,0,,,,,1,1,1,1,1,1,1,1,1.0,1.0,1.0,1.0,1.0,1.0,1,0,1,0,1,0,1,0,1,0,1.0,0.0,,,,,,,,,,,,,,,,,,,,
6e73b531-928a-48f5-aa77-73ec684bb116,17760511,v1.14-1.15,0.0,2.000145046489702,1,1,1,1,1,1,1,1,1,1,1,1,1,0,1,0,1,0,1,0,1,0,1,0,1,0,1,0,1,0,1,0,1,0,1,0,1.0,0.0,1.0,0.0,1,1,1,1,1,1,1,1,1.0,1.0,1.0,1.0,1.0,1.0,1,0,1,0,1,0,1,0,1,0,1.0,0.0,,,,,,,,,,,,,,,,,,,,
a0c84075-76dc-4ddb-9b2d-1602ed45c38d,17695743,v1.14-1.15,0.0,2.0000235491494585,1,1,1,0,1,1,1,1,1,0,1,1,1,0,1,0,1,0,1,0,1,0,1,0,1,0,1,1,1,0,1,0,1,0,1,0,1.0,0.0,1.0,0.0,1,1,1,0,1,0,1,0,1.0,1.0,1.0,0.0,1.0,0.0,1,0,1,0,1,0,1,0,1,0,1.0,0.0,1.0,0.0,,,,,,,,,,,,,,,,,,
1025dfdb-b44d-40e6-8a82-4de68f1f81df,17760511,v1.14-1.15,0.0,2.0000819787699577,1,1,1,1,1,1,1,1,1,1,1,1,1,0,1,0,1,0,1,0,1,0,1,0,1,0,1,1,1,0,1,0,1,0,1,0,1.0,0.0,1.0,0.0,1,1,1,1,1,1,1,1,1.0,1.0,1.0,1.0,1.0,1.0,1,0,1,0,1,0,1,0,1,0,1.0,0.0,,,,,,,,,,,,,,,,,,,,
19086113-67e7-4ab3-a2dc-9c1c34b8f117,17761280,v1.14-1.15,0.0,1.99999953237421,1,0,1,0,1,0,1,0,1,0,1,0,1,0,1,0,1,0,1,0,1,0,1,0,1,1,1,1,1,0,1,0,1,0,1,0,1.0,0.0,1.0,0.0,1,0,1,0,1,0,1,0,1.0,1.0,1.0,1.0,1.0,1.0,1,0,1,0,1,0,1,0,1,1,1.0,1.0,,,,,,,,,,,,,,,,,,,,
cc843dd3-5065-4406-a431-1df007765d2c,17694720,v1.14-1.15,0.00017833968007672225,122.72893326780289,1,1,1,0,1,1,1,1,1,0,1,1,1,0,1,0,1,0,1,0,1,0,1,0,1,0,1,1,1,0,1,0,1,0,1,0,1.0,0.0,1.0,0.0,1,0,1,0,1,0,1,0,1.0,1.0,1.0,0.0,1.0,0.0,1,0,1,0,1,0,1,0,1,0,1.0,0.0,1.0,0.0,,,,,,,,,,,,,,,,,,
188bf0d6-ead6-40b4-ab83-9694e9ba4045,17891583,v1.16+,0.0,2.0002270112713805,1,1,1,1,1,1,1,1,1,1,1,1,1,0,1,0,1,0,1,0,1,0,1,0,1,0,1,1,1,0,1,0,1,0,1,0,,,,,1,1,1,1,1,1,1,1,1.0,1.0,1.0,1.0,1.0,1.0,1,0,1,0,1,0,1,0,1,0,1.0,0.0,,,,,,,,,,,,,,,,,,,,
3b154526-0c79-4fbf-a7b0-00cc7a82f4d0,17826240,v1.16+,0.0,1.9999999123287708,1,0,1,0,1,0,1,0,1,0,1,0,1,0,1,0,1,0,1,0,1,0,1,0,1,0,1,1,1,0,1,0,1,0,1,0,,,,,1,1,1,1,1,1,1,1,1.0,1.0,1.0,1.0,1.0,1.0,1,0,1,0,1,0,1,0,1,0,1.0,0.0,,,,,,,,,,,,,,,,,,,,
ce8abecc-1677-4e04-a575-95395d8b9077,17694848,v1.14-1.15,0.0013477042107031972,1.9999915108274002,1,0,1,0,1,0,1,0,1,0,1,0,1,0,1,0,1,0,1,0,1,0,1,0,1,1,1,0,1,0,1,0,1,1,1,1,1.0,1.0,1.0,1.0,1,0,1,0,1,0,1,0,1.0,1.0,1.0,1.0,1.0,1.0,1,0,1,0,1,0,1,0,1,1,1.0,1.0,,,,,,,,,,,,,,,,,,,,
a51a2ae2-c159-4bee-89bf-c2753a3a9eb8,17695743,v1.14-1.15,0.01135850538557644,1.9767609425433388,1,1,1,0,1,1,1,1,1,0,1,1,1,0,1,0,1,0,1,0,1,0,1,0,1,1,1,1,1,0,1,0,1,0,1,0,1.0,0.0,1.0,0.0,1,1,1,0,1,0,1,0,1.0,1.0,1.0,0.0,1.0,0.0,1,0,1,0,1,0,1,0,1,1,1.0,1.0,1.0,0.0,,,,,,,,,,,,,,,,,,
08ba0bd6-ebbc-483e-8a56-be6c561f5336,17761023,v1.14-1.15,0.0,2.000008244199154,1,0,1,0,1,0,1,0,1,0,1,0,1,0,1,0,1,0,1,1,1,1,1,1,1,0,1,1,1,0,1,0,1,0,1,0,1.0,0.0,1.0,0.0,1,1,1,0,1,0,1,0,1.0,1.0,1.0,1.0,1.0,1.0,1,0,1,0,1,0,1,0,1,0,1.0,0.0,,,,,,,,,,,,,,,,,,,,
ff36fbde-d8a5-4010-8321-41615779b552,17891392,v1.16+,0.0,100.0022374367924,1,1,1,1,1,1,1,1,1,1,1,1,1,0,1,0,1,0,1,0,1,0,1,0,1,0,1,1,1,0,1,0,1,0,1,0,,,,,1,1,1,1,1,1,1,1,1.0,1.0,1.0,1.0,1.0,1.0,1,0,1,0,1,0,1,0,1,0,1.0,0.0,,,,,,,,,,,,,,,,,,,,
1767ecc2-46ad-44f0-aefa-2af9fe09fea1,17825984,v1.16+,0.0,2.000000060000002,1,1,1,1,1,1,1,1,1,1,1,1,1,0,1,0,1,0,1,0,1,0,1,0,1,0,1,1,1,0,1,0,1,0,1,0,,,,,1,1,1,1,1,1,1,1,1.0,1.0,1.0,1.0,1.0,1.0,1,0,1,0,1,0,1,0,1,0,1.0,0.0,,,,,,,,,,,,,,,,,,,,
2704bb7b-e908-4095-bab2-2b0d17673b7d,17630207,v1.12-1.13,0.0,2.0001559904264274,1,1,1,0,1,1,1,1,1,0,1,0,1,0,1,0,1,0,1,0,1,0,1,0,1,0,1,1,1,0,1,0,1,0,1,0,,,,,1,1,1,1,1,0,1,0,,,,,,,1,0,1,0,1,0,1,0,1,0,1.0,0.0,1.0,0.0,,,,,,,,,,,,,,,,,,
1132058f-4476-489f-b144-6e6b95f38fcc,17630207,v1.12-1.13,0.00011431689993601683,1.999993851258573,1,0,1,0,1,0,1,0,1,0,1,0,1,0,1,0,1,0,1,1,1,0,1,1,1,0,1,0,1,0,1,0,1,0,1,0,,,,,1,1,1,0,1,0,1,0,,,,,,,1,0,1,0,1,0,1,0,1,0,1.0,0.0,1.0,0.0,,,,,,,,,,,,,,,,,,
f32d5f14-b1ae-45e2-a33f-baa921cd7499,17760256,v1.14-1.15,0.0,2.000093965704892,1,1,1,1,1,1,1,1,1,1,1,1,1,0,1,0,1,0,1,0,1,0,1,0,1,1,1,1,1,0,1,0,1,1,1,1,1.0,1.0,1.0,1.0,1,0,1,0,1,0,1,0,1.0,1.0,1.0,1.0,1.0,1.0,1,0,1,0,1,0,1,0,1,1,1.0,1.0,,,,,,,,,,,,,,,,,,,,
7afdb273-fc05-4e43-bc20-c2425485ee47,17891328,v1.16+,0.0,1.9999966203265667,1,1,1,1,1,1,1,1,1,1,1,0,1,0,1,0,1,0,1,0,1,0,1,0,1,0,1,1,1,0,1,0,1,0,1,0,,,,,1,1,1,1,1,1,1,1,1.0,1.0,1.0,1.0,1.0,1.0,1,0,1,0,1,0,1,0,1,0,1.0,0.0,,,,,,,,,,,,,,,,,,,,
67866fdf-6985-4a51-8813-46b7cc402e5c,17826240,v1.16+,0.0,2.000020835118674,1,0,1,0,1,0,1,0,1,0,1,0,1,0,1,0,1,0,1,0,1,0,1,0,1,1,1,1,1,0,1,0,1,1,1,1,,,,,1,0,1,1,1,1,1,1,1.0,1.0,1.0,1.0,1.0,1.0,1,0,1,0,1,0,1,0,1,1,1.0,1.0,,,,,,,,,,,,,,,,,,,,
4cc13da3-4b15-4b55-a624-76a251ca3465,17635328,v1.12-1.13,2.7435655910673235e-05,1.9999804183485312,1,1,1,0,1,1,1,1,1,0,1,1,1,0,1,0,1,0,1,0,1,0,1,0,1,0,1,1,1,0,1,0,1,0,1,0,1.0,0.0,1.0,0.0,1,1,1,0,1,0,1,0,1.0,1.0,1.0,0.0,1.0,0.0,1,0,1,0,1,0,1,0,1,0,1.0,0.0,1.0,0.0,,,,,,,,,,,,,,,,,,
fe8b8fb5-7f49-477c-b4f2-a82b8849dd5f,17891392,v1.16+,0.0,100.00463413503869,1,1,1,1,1,1,1,1,1,1,1,1,1,0,1,0,1,0,1,0,1,0,1,0,1,0,1,1,1,0,1,0,1,0,1,0,,,,,1,1,1,1,1,1,1,1,1.0,1.0,1.0,1.0,1.0,1.0,1,0,1,0,1,0,1,0,1,0,1.0,0.0,,,,,,,,,,,,,,,,,,,,
f11a8dcb-cac1-4d3e-bc03-01a5ea3af61a,17694975,v1.14-1.15,0.0001433394381817236,1.993448714407219,1,0,1,0,1,0,1,0,1,0,1,0,1,0,1,0,1,0,1,0,1,0,1,0,1,0,1,1,1,0,1,0,1,0,1,0,1.0,0.0,1.0,0.0,1,1,1,0,1,0,1,0,1.0,1.0,1.0,0.0,1.0,0.0,1,0,1,0,1,0,1,0,1,0,1.0,0.0,1.0,0.0,,,,,,,,,,,,,,,,,,
52bc5182-212c-48e5-b341-71d6db5d7f08,17826303,v1.16+,0.0,2.0000211944986295,1,0,1,0,1,0,1,0,1,0,1,0,1,0,1,0,1,0,1,1,1,1,1,1,1,0,1,1,1,0,1,0,1,0,1,0,,,,,1,1,1,0,1,0,1,0,1.0,1.0,1.0,1.0,1.0,1.0,1,0,1,0,1,0,1,0,1,0,1.0,0.0,,,,,,,,,,,,,,,,,,,,
b1f045b5-1849-4f8c-8ae7-e15b2a6f630e,17761535,v1.14-1.15,0.0,1.9999934694090795,1,1,1,1,1,1,1,1,1,1,1,0,1,0,1,0,1,0,1,0,1,0,1,0,1,0,1,1,1,0,1,0,1,0,1,0,1.0,0.0,1.0,0.0,1,0,1,1,1,1,1,1,1.0,1.0,1.0,1.0,1.0,1.0,1,0,1,0,1,0,1,0,1,0,1.0,0.0,,,,,,,,,,,,,,,,,,,,
0dec91b9-60d2-4e26-9b19-937716c2519b,17761280,v1.14-1.15,0.0,2.0000019259277804,1,0,1,0,1,0,1,0,1,0,1,0,1,0,1,0,1,0,1,0,1,0,1,0,1,0,1,1,1,0,1,0,1,0,1,0,1.0,0.0,1.0,0.0,1,0,1,0,1,0,1,0,1.0,1.0,1.0,1.0,1.0,1.0,1,0,1,0,1,0,1,0,1,0,1.0,0.0,,,,,,,,,,,,,,,,,,,,
2666ad7f-8864-46e2-bd03-4d97c45a06e1,17695488,v1.14-1.15,0.0,2.0000005952382724,1,0,1,0,1,0,1,0,1,0,1,0,1,0,1,0,1,0,1,1,1,0,1,1,1,0,1,1,1,0,1,0,1,0,1,0,1.0,0.0,1.0,0.0,1,1,1,0,1,0,1,0,1.0,1.0,1.0,0.0,1.0,0.0,1,0,1,0,1,0,1,0,1,0,1.0,0.0,1.0,0.0,,,,,,,,,,,,,,,,,,
9e85f413-3e00-4cc2-8102-836b371c26f8,17761280,v1.14-1.15,0.0,1.9999979047640999,1,0,1,0,1,0,1,0,1,0,1,0,1,0,1,0,1,0,1,0,1,0,1,0,1,1,1,1,1,0,1,0,1,1,1,1,1.0,1.0,1.0,1.0,1,0,1,0,1,0,1,0,1.0,1.0,1.0,1.0,1.0,1.0,1,0,1,0,1,0,1,0,1,1,1.0,1.0,,,,,,,,,,,,,,,,,,,,
ee031c4d-a2ea-4c63-858c-e5dcf02dba4d,17760768,v1.14-1.15,0.0,2.0000922012200335,1,1,1,1,1,1,1,1,1,1,1,1,1,0,1,0,1,0,1,0,1,0,1,0,1,0,1,1,1,0,1,0,1,0,1,0,1.0,0.0,1.0,0.0,1,1,1,1,1,1,1,1,1.0,1.0,1.0,1.0,1.0,1.0,1,0,1,0,1,0,1,0,1,0,1.0,0.0,,,,,,,,,,,,,,,,,,,,
89588da8-22e9-494e-8a83-cb545c000758,17694976,v1.14-1.15,0.0,1.9999845502811602,1,1,1,0,1,1,1,1,1,0,1,1,1,0,1,0,1,0,1,0,1,0,1,0,1,0,1,1,1,0,1,0,1,0,1,0,1.0,0.0,1.0,0.0,1,1,1,0,1,0,1,0,1.0,1.0,1.0,0.0,1.0,0.0,1,0,1,0,1,0,1,0,1,0,1.0,0.0,1.0,0.0,,,,,,,,,,,,,,,,,,
8d3f9dd4-7cd3-40d4-ab3e-a94666258a26,17629952,v1.12-1.13,0.0,2.0001019238931623,1,0,1,0,1,0,1,0,1,0,1,0,1,0,1,0,1,0,1,1,1,0,1,1,1,0,1,0,1,0,1,0,1,0,1,0,,,,,1,1,1,0,1,0,1,0,,,,,,,1,0,1,0,1,0,1,0,1,0,1.0,0.0,1.0,0.0,,,,,,,,,,,,,,,,,,
fb58a2b6-7d85-4ea2-8eb6-35462bd4adb8,17761280,v1.14-1.15,0.0,2.0000036646773736,1,0,1,0,1,0,1,0,1,0,1,0,1,0,1,0,1,0,1,1,1,1,1,1,1,1,1,1,1,0,1,0,1,1,1,1,1.0,1.0,1.0,1.0,1,1,1,0,1,0,1,0,1.0,1.0,1.0,1.0,1.0,1.0,1,0,1,0,1,0,1,0,1,1,1.0,1.0,,,,,,,,,,,,,,,,,,,,
e9044b7e-024d-4133-939f-98c14808097b,17694975,v1.14-1.15,0.0,2.00001607285644,1,0,1,0,1,0,1,0,1,0,1,0,1,0,1,0,1,0,1,0,1,0,1,0,1,0,1,1,1,0,1,0,1,0,1,0,1.0,0.0,1.0,0.0,1,1,1,0,1,0,1,0,1.0,1.0,1.0,0.0,1.0,0.0,1,0,1,0,1,0,1,0,1,0,1.0,0.0,1.0,0.0,,,,,,,,,,,,,,,,,,
c6fb1f78-d2f1-4f13-8107-d3fd66e70dc5,17629952,v1.12-1.13,0.0,2.0000480285506033,1,0,1,0,1,0,1,0,1,0,1,0,1,0,1,0,1,0,1,1,1,0,1,1,1,0,1,0,1,0,1,0,1,0,1,0,,,,,1,1,1,0,1,0,1,0,,,,,,,1,0,1,0,1,0,1,0,1,0,1.0,0.0,1.0,0.0,,,,,,,,,,,,,,,,,,
e5e02db0-7794-4d50-a469-5128ba35fb38,17761280,v1.14-1.15,0.011696316591020616,1.9766402494060311,1,1,1,1,1,1,1,1,1,1,1,1,1,0,1,0,1,0,1,0,1,0,1,0,1,0,1,1,1,0,1,0,1,0,1,0,1.0,0.0,1.0,0.0,1,1,1,1,1,1,1,1,1.0,1.0,1.0,1.0,1.0,1.0,1,0,1,0,1,0,1,0,1,0,1.0,0.0,,,,,,,,,,,,,,,,,,,,
402334b4-e8fc-439d-a1af-688fa7065c84,17695488,v1.14-1.15,0.0,2.0000633850933487,1,0,1,0,1,0,1,0,1,0,1,0,1,0,1,0,1,0,1,0,1,0,1,0,1,1,1,1,1,0,1,0,1,1,1,0,1.0,1.0,1.0,0.0,1,0,1,0,1,0,1,0,1.0,1.0,1.0,0.0,1.0,0.0,1,0,1,0,1,0,1,0,1,1,1.0,1.0,1.0,0.0,,,,,,,,,,,,,,,,,,
3c49492c-cc7a-4c9d-8d97-10d21e82cf56,17825792,v1.16+,7.880929029290564e-06,2.0000193506145716,1,1,1,1,1,1,1,1,1,1,1,1,1,0,1,0,1,0,1,0,1,0,1,0,1,0,1,1,1,0,1,0,1,0,1,0,,,,,1,1,1,1,1,1,1,1,1.0,1.0,1.0,1.0,1.0,1.0,1,1,1,1,1,0,1,0,1,0,1.0,0.0,,,,,,,,,,,,,,,,,,,,
3c7047a5-d72c-42c3-ae33-0bcca5e6b8e6,17826047,v1.16+,1.7913939749532907e-05,1.9999117044970225,1,1,1,1,1,1,1,1,1,1,1,1,1,0,1,0,1,0,1,0,1,0,1,0,1,0,1,1,1,0,1,0,1,0,1,0,,,,,1,0,1,1,1,1,1,1,1.0,1.0,1.0,1.0,1.0,1.0,1,0,1,0,1,0,1,0,1,0,1.0,0.0,,,,,,,,,,,,,,,,,,,,
2b98ef62-26a2-41cf-ba32-ae8bd2c2bef3,17825792,v1.16+,0.0,2.0000144817802528,1,1,1,1,1,1,1,1,1,1,1,1,1,0,1,0,1,0,1,0,1,0,1,0,1,0,1,1,1,0,1,0,1,0,1,0,,,,,1,1,1,1,1,1,1,1,1.0,1.0,1.0,1.0,1.0,1.0,1,0,1,0,1,0,1,0,1,0,1.0,0.0,,,,,,,,,,,,,,,,,,,,
33ff6a18-3958-4ab2-9919-3a0d801232fe,17695743,v1.14-1.15,0.0,2.00015458504676,1,1,1,0,1,1,1,1,1,0,1,1,1,0,1,0,1,0,1,0,1,0,1,0,1,0,1,1,1,0,1,0,1,0,1,0,1.0,0.0,1.0,0.0,1,1,1,0,1,0,1,0,1.0,1.0,1.0,0.0,1.0,0.0,1,0,1,0,1,0,1,0,1,0,1.0,0.0,1.0,0.0,,,,,,,,,,,,,,,,,,
13f3341a-3ae3-4fd9-9493-6978eb2b5413,17694720,v1.14-1.15,0.00027879338829821015,2.0000783800684023,1,1,1,0,1,1,1,1,1,0,1,1,1,0,1,0,1,0,1,0,1,0,1,0,1,0,1,1,1,0,1,0,1,0,1,0,1.0,0.0,1.0,0.0,1,1,1,0,1,0,1,0,1.0,1.0,1.0,0.0,1.0,0.0,1,0,1,0,1,0,1,0,1,0,1.0,0.0,1.0,0.0,,,,,,,,,,,,,,,,,,
e6734172-b831-4b08-a9d2-5a971b26dfae,17760256,v1.14-1.15,0.0,2.0001757333884735,1,1,1,1,1,1,1,1,1,1,1,1,1,0,1,0,1,0,1,0,1,0,1,0,1,0,1,1,1,0,1,0,1,0,1,0,1.0,0.0,1.0,0.0,1,0,1,0,1,0,1,0,1.0,1.0,1.0,1.0,1.0,1.0,1,0,1,0,1,0,1,0,1,0,1.0,0.0,,,,,,,,,,,,,,,,,,,,
d6e7922d-7704-4a98-aa3a-2e1a9be8b955,17695488,v1.14-1.15,0.0,1.9999984186059017,1,1,1,0,1,1,1,1,1,0,1,1,1,0,1,0,1,0,1,0,1,0,1,0,1,0,1,1,1,0,1,0,1,0,1,0,1.0,0.0,1.0,0.0,1,1,1,0,1,0,1,0,1.0,1.0,1.0,0.0,1.0,0.0,1,0,1,0,1,0,1,0,1,0,1.0,0.0,1.0,0.0,,,,,,,,,,,,,,,,,,
33a0c00f-a35f-4a02-b059-d4d4b551162d,17760320,v1.14-1.15,0.009159083780558722,1.9794213611892002,1,1,1,1,1,1,1,1,1,1,1,0,1,1,1,1,1,1,1,1,1,1,1,1,1,0,1,1,1,0,1,0,1,1,1,1,1.0,1.0,1.0,1.0,1,1,1,0,1,0,1,0,1.0,1.0,1.0,1.0,1.0,1.0,1,0,1,0,1,0,1,0,1,1,1.0,1.0,,,,,,,,,,,,,,,,,,,,
5554e69f-a8a9-4f91-b29d-f5feb1296b87,17694975,v1.14-1.15,0.0,2.000043480537095,1,0,1,0,1,0,1,0,1,0,1,0,1,0,1,0,1,0,1,0,1,0,1,0,1,0,1,1,1,0,1,0,1,0,1,0,1.0,0.0,1.0,0.0,1,1,1,0,1,0,1,0,1.0,1.0,1.0,0.0,1.0,0.0,1,0,1,0,1,0,1,0,1,0,1.0,0.0,1.0,0.0,,,,,,,,,,,,,,,,,,
849b4fc6-aec3-4638-9038-d7a8289d1e09,17694720,v1.14-1.15,0.0,2.0000436291207433,1,1,1,0,1,1,1,1,1,0,1,0,1,0,1,0,1,0,1,0,1,0,1,0,1,0,1,1,1,0,1,0,1,0,1,0,1.0,0.0,1.0,0.0,1,1,1,0,1,0,1,0,1.0,1.0,1.0,0.0,1.0,0.0,1,0,1,0,1,0,1,0,1,0,1.0,0.0,1.0,0.0,,,,,,,,,,,,,,,,,,
f787dc52-4df5-4135-bdb6-4797f477d512,17761280,v1.14-1.15,0.0,2.0001221928309416,1,0,1,0,1,0,1,0,1,0,1,0,1,0,1,0,1,0,1,0,1,0,1,0,1,1,1,1,1,0,1,0,1,1,1,1,1.0,1.0,1.0,1.0,1,1,1,1,1,1,1,1,1.0,1.0,1.0,1.0,1.0,1.0,1,0,1,0,1,0,1,0,1,1,1.0,1.0,,,,,,,,,,,,,,,,,,,,
4a22180a-984a-41e7-af5b-74412b02fac0,17826559,v1.16+,0.0,2.000034971046259,1,1,1,1,1,1,1,1,1,1,1,1,1,0,1,0,1,0,1,0,1,0,1,0,1,0,1,1,1,0,1,0,1,0,1,0,,,,,1,1,1,1,1,1,1,1,1.0,1.0,1.0,1.0,1.0,1.0,1,0,1,0,1,0,1,0,1,0,1.0,0.0,,,,,,,,,,,,,,,,,,,,
d365b256-231d-4aae-877a-d718c493d56d,17760384,v1.14-1.15,0.0,2.00006842057117,1,1,1,1,1,1,1,1,1,1,1,1,1,0,1,0,1,0,1,0,1,0,1,0,1,0,1,1,1,0,1,0,1,0,1,0,,,,,1,1,1,1,1,1,1,1,1.0,1.0,1.0,1.0,1.0,1.0,1,0,1,0,1,0,1,0,1,0,1.0,0.0,,,,,,,,,,,,,,,,,,,,
ed21dcc4-bc08-488c-ace3-4d5d4b54d64c,17629951,v1.12-1.13,0.0,2.0000632372935323,1,1,1,0,1,1,1,1,1,0,1,0,1,0,1,0,1,0,1,0,1,0,1,0,1,0,1,1,1,0,1,0,1,0,1,0,,,,,1,1,1,1,1,0,1,0,,,,,,,1,0,1,0,1,0,1,0,1,0,1.0,0.0,1.0,0.0,,,,,,,,,,,,,,,,,,
95f38621-c2dc-4bb7-85e5-3049e2845111,17630207,v1.12-1.13,0.0,2.0000898998741454,1,1,1,0,1,1,1,1,1,0,1,0,1,0,1,0,1,0,1,0,1,0,1,0,1,1,1,0,1,0,1,0,1,0,1,0,,,,,1,1,1,0,1,0,1,0,,,,,,,1,0,1,0,1,0,1,0,1,1,1.0,1.0,1.0,0.0,,,,,,,,,,,,,,,,,,
9786b2ec-4680-4e18-b2bf-3eebb7e38d18,17695743,v1.14-1.15,0.005558305597028459,1.9885972916996337,1,0,1,0,1,0,1,0,1,0,1,0,1,0,1,0,1,0,1,1,1,0,1,1,1,1,1,1,1,0,1,0,1,0,1,0,1.0,0.0,1.0,0.0,1,1,1,0,1,0,1,0,1.0,1.0,1.0,0.0,1.0,0.0,1,0,1,0,1,0,1,0,1,1,1.0,1.0,1.0,0.0,,,,,,,,,,,,,,,,,,
c7453450-619b-4928-bc94-a098fede54f8,17695488,v1.14-1.15,0.0,1.9999677030008953,1,0,1,0,1,0,1,0,1,0,1,0,1,0,1,0,1,0,1,0,1,0,1,0,1,0,1,1,1,0,1,0,1,0,1,0,1.0,0.0,1.0,0.0,1,1,1,0,1,0,1,0,1.0,1.0,1.0,0.0,1.0,0.0,1,0,1,0,1,0,1,0,1,0,1.0,0.0,1.0,0.0,,,,,,,,,,,,,,,,,,
30f52d67-3f61-4371-8b5b-a008fb6d75b4,17694720,v1.14-1.15,0.0,1.999971843533654,1,1,1,0,1,1,1,1,1,0,1,1,1,0,1,0,1,0,1,0,1,0,1,0,1,0,1,1,1,0,1,0,1,0,1,0,1.0,0.0,1.0,0.0,1,1,1,0,1,0,1,0,1.0,1.0,1.0,0.0,1.0,0.0,1,0,1,0,1,0,1,0,1,0,1.0,0.0,1.0,0.0,,,,,,,,,,,,,,,,,,
9beb1eab-f64e-4da7-bcc2-7d6fb8c5b452,17694975,v1.14-1.15,0.0,2.000056420299821,1,1,1,0,1,1,1,1,1,0,1,1,1,0,1,0,1,0,1,0,1,0,1,0,1,0,1,1,1,0,1,0,1,0,1,0,1.0,0.0,1.0,0.0,1,1,1,0,1,0,1,0,1.0,1.0,1.0,0.0,1.0,0.0,1,0,1,0,1,0,1,0,1,0,1.0,0.0,1.0,0.0,,,,,,,,,,,,,,,,,,
1335e95b-b99e-4d34-b946-9eeed4541769,17694720,v1.14-1.15,0.007170113050992195,1.9885670302599479,1,1,1,0,1,1,1,1,1,0,1,1,1,0,1,0,1,0,1,0,1,0,1,0,1,0,1,1,1,0,1,0,1,0,1,0,1.0,0.0,1.0,0.0,1,0,1,0,1,0,1,0,1.0,1.0,1.0,0.0,1.0,0.0,1,0,1,0,1,0,1,0,1,0,1.0,0.0,1.0,0.0,,,,,,,,,,,,,,,,,,
8d42c723-0045-4ca5-93e7-4921c4e35417,17694720,v1.14-1.15,0.0,123.07379073740366,1,1,1,0,1,1,1,1,1,0,1,1,1,0,1,0,1,0,1,0,1,0,1,0,1,0,1,1,1,0,1,0,1,0,1,0,1.0,0.0,1.0,0.0,1,0,1,0,1,0,1,0,1.0,1.0,1.0,0.0,1.0,0.0,1,0,1,0,1,0,1,0,1,0,1.0,0.0,1.0,0.0,,,,,,,,,,,,,,,,,,
a5444214-0d7f-40b7-b26e-234a0263df2e,17695488,v1.14-1.15,0.0,2.000008069597776,1,1,1,0,1,1,1,1,1,0,1,1,1,0,1,0,1,0,1,0,1,0,1,0,1,0,1,1,1,0,1,0,1,0,1,0,1.0,0.0,1.0,0.0,1,0,1,0,1,0,1,0,1.0,1.0,1.0,0.0,1.0,0.0,1,0,1,0,1,0,1,0,1,0,1.0,0.0,1.0,0.0,,,,,,,,,,,,,,,,,,
12dd6afd-e0e8-42a2-bce8-d2090ddd44c2,17825984,v1.16+,0.0,2.0000366057119936,1,0,1,0,1,0,1,0,1,0,1,0,1,0,1,0,1,0,1,1,1,1,1,1,1,0,1,1,1,0,1,0,1,0,1,0,,,,,1,1,1,0,1,0,1,0,1.0,1.0,1.0,1.0,1.0,1.0,1,0,1,0,1,0,1,0,1,0,1.0,0.0,,,,,,,,,,,,,,,,,,,,
03749cc5-548f-4d7b-94ef-c19fbfc82806,17760256,v1.14-1.15,0.0,2.000000049382717,1,1,1,1,1,1,1,1,1,1,1,1,1,0,1,0,1,0,1,0,1,0,1,0,1,1,1,1,1,0,1,0,1,0,1,0,1.0,0.0,1.0,0.0,1,1,1,1,1,1,1,1,1.0,1.0,1.0,1.0,1.0,1.0,1,0,1,0,1,0,1,0,1,0,1.0,0.0,,,,,,,,,,,,,,,,,,,,
c9e02d37-bb32-4a60-bcee-36924f0feaa1,17564671,v1.12-1.13,0.010467495062841675,1.9796343948341126,1,1,1,0,1,1,1,1,1,0,1,1,1,0,1,0,1,0,1,0,1,0,1,0,1,0,1,0,1,0,1,0,1,0,1,0,,,,,1,1,1,1,1,0,1,0,,,,,,,1,0,1,0,1,0,1,0,1,0,,,1.0,0.0,,,,,,,,,,,,,,,,,,
9dbaa2df-083f-4af1-8c82-0ab5c17d378c,17564671,v1.12-1.13,0.0,2.0027445185230417,1,1,1,0,1,1,1,1,1,0,1,0,1,0,1,0,1,0,1,0,1,0,1,0,1,0,1,1,1,0,1,0,1,0,1,0,,,,,1,1,1,1,1,0,1,0,,,,,,,1,0,1,0,1,0,1,0,1,0,,,1.0,0.0,,,,,,,,,,,,,,,,,,
5cdf567e-d2db-459d-aa20-e84517342524,17761023,v1.14-1.15,0.0,2.00013556719966,1,1,1,1,1,1,1,1,1,1,1,1,1,0,1,0,1,0,1,0,1,0,1,0,1,0,1,1,1,0,1,0,1,0,1,0,1.0,0.0,1.0,0.0,1,1,1,1,1,1,1,1,1.0,1.0,1.0,1.0,1.0,1.0,1,0,1,0,1,0,1,0,1,0,1.0,0.0,,,,,,,,,,,,,,,,,,,,
f6f0a8c5-6ecb-4855-b23b-41dfbae22470,17630207,v1.12-1.13,0.0,2.000095512757847,1,1,1,0,1,1,1,1,1,0,1,0,1,0,1,0,1,0,1,0,1,0,1,0,1,0,1,1,1,0,1,0,1,0,1,0,,,,,1,1,1,1,1,0,1,0,,,,,,,1,0,1,0,1,0,1,0,1,0,1.0,0.0,1.0,0.0,,,,,,,,,,,,,,,,,,
1a26195e-515c-4f29-b3d8-721eb50b37e3,17891392,v1.16+,0.0,100.00577678502657,1,1,1,1,1,1,1,1,1,1,1,1,1,0,1,0,1,0,1,0,1,0,1,0,1,0,1,1,1,0,1,0,1,0,1,0,,,,,1,1,1,1,1,1,1,1,1.0,1.0,1.0,1.0,1.0,1.0,1,0,1,0,1,0,1,0,1,0,1.0,0.0,,,,,,,,,,,,,,,,,,,,
ff12ea8d-64ca-4546-bf6e-91b7d29bd161,17761280,v1.14-1.15,0.0,2.0001078753834527,1,1,1,1,1,1,1,1,1,1,1,1,1,0,1,0,1,0,1,0,1,0,1,0,1,1,1,1,1,0,1,0,1,1,1,1,1.0,1.0,1.0,1.0,1,1,1,1,1,1,1,1,1.0,1.0,1.0,1.0,1.0,1.0,1,0,1,0,1,0,1,0,1,1,1.0,1.0,,,,,,,,,,,,,,,,,,,,
7625895f-ffa2-4518-9c25-5f5402da71ef,17761280,v1.14-1.15,0.0,2.000117290828783,1,1,1,1,1,1,1,1,1,1,1,1,1,0,1,0,1,0,1,0,1,0,1,0,1,1,1,1,1,0,1,0,1,1,1,1,1.0,1.0,1.0,1.0,1,0,1,0,1,0,1,0,1.0,1.0,1.0,1.0,1.0,1.0,1,0,1,0,1,0,1,0,1,1,1.0,1.0,,,,,,,,,,,,,,,,,,,,
c4861221-43cd-4e2d-9d3b-148cbe103f27,18284800,v1.16+,0.004257013270377501,1.9905044670863246,1,1,1,0,1,1,1,1,1,0,1,0,1,0,1,0,1,0,1,0,1,0,1,0,1,0,1,1,1,0,1,0,1,0,1,0,,,,,1,1,1,0,1,0,1,0,,,,,,,1,1,1,1,1,0,1,0,1,1,,,1.0,0.0,,,,,,,,,,,,,,,,,,
ed7b22a8-041b-4768-8b2f-ba2690a35f7f,17826240,v1.16+,0.0,2.0000781848744995,1,1,1,1,1,1,1,1,1,1,1,1,1,0,1,0,1,0,1,0,1,0,1,0,1,0,1,1,1,0,1,0,1,0,1,0,,,,,1,1,1,1,1,1,1,1,1.0,1.0,1.0,1.0,1.0,1.0,1,0,1,0,1,0,1,0,1,0,1.0,0.0,,,,,,,,,,,,,,,,,,,,
8cc98e57-7488-4ff8-b729-a0109720e2cb,17825984,v1.16+,0.0,2.000004000008,1,1,1,1,1,1,1,1,1,1,1,1,1,0,1,0,1,0,1,0,1,0,1,0,1,0,1,1,1,0,1,0,1,0,1,0,,,,,1,1,1,1,1,1,1,1,1.0,1.0,1.0,1.0,1.0,1.0,1,0,1,0,1,0,1,0,1,0,1.0,0.0,,,,,,,,,,,,,,,,,,,,
5a67894b-3614-471f-bd82-944cb1d7ed0a,17761535,v1.14-1.15,0.0,2.000001018868444,1,0,1,0,1,0,1,0,1,0,1,0,1,0,1,0,1,0,1,0,1,0,1,0,1,1,1,1,1,0,1,0,1,1,1,1,1.0,1.0,1.0,1.0,1,0,1,0,1,0,1,0,1.0,1.0,1.0,1.0,1.0,1.0,1,0,1,0,1,0,1,0,1,1,1.0,1.0,,,,,,,,,,,,,,,,,,,,
9b864843-904f-48de-8320-97d93d6e1763,17826047,v1.16+,0.0,2.0000392388650674,1,1,1,1,1,1,1,1,1,1,1,1,1,0,1,0,1,0,1,0,1,0,1,0,1,0,1,1,1,0,1,0,1,0,1,0,,,,,1,1,1,1,1,1,1,1,1.0,1.0,1.0,1.0,1.0,1.0,1,0,1,0,1,0,1,0,1,0,1.0,0.0,,,,,,,,,,,,,,,,,,,,
f1206d16-ceda-421f-9c20-22c4bb734e02,17761535,v1.14-1.15,0.0,2.000152759868336,1,1,1,1,1,1,1,1,1,1,1,1,1,0,1,0,1,0,1,0,1,0,1,0,1,0,1,1,1,0,1,0,1,0,1,0,1.0,0.0,1.0,0.0,1,1,1,1,1,1,1,1,1.0,1.0,1.0,1.0,1.0,1.0,1,0,1,0,1,0,1,0,1,0,1.0,0.0,,,,,,,,,,,,,,,,,,,,
34410e50-f0d8-4cdb-b8eb-4f318b2d8928,17695488,v1.14-1.15,0.0,99.28611817924796,1,1,1,0,1,1,1,1,1,0,1,1,1,0,1,0,1,0,1,0,1,0,1,0,1,0,1,1,1,0,1,0,1,0,1,0,1.0,0.0,1.0,0.0,1,1,1,0,1,0,1,0,1.0,1.0,1.0,0.0,1.0,0.0,1,0,1,0,1,0,1,0,1,0,1.0,0.0,1.0,0.0,,,,,,,,,,,,,,,,,,
135025a6-b7e6-4ef8-8e63-2a62daa9ba5b,17826240,v1.16+,0.0,2.000014100099406,1,1,1,1,1,1,1,1,1,1,1,1,1,0,1,0,1,0,1,0,1,0,1,0,1,0,1,1,1,0,1,0,1,0,1,0,,,,,1,1,1,1,1,1,1,1,1.0,1.0,1.0,1.0,1.0,1.0,1,0,1,0,1,0,1,0,1,0,1.0,0.0,,,,,,,,,,,,,,,,,,,,
90e5b645-7912-49b6-9d05-4dfc9cf26bbc,17891583,v1.16+,0.0,1.9999998468085223,1,0,1,0,1,0,1,0,1,0,1,0,1,0,1,0,1,0,1,0,1,0,1,0,1,0,1,1,1,0,1,0,1,0,1,0,,,,,1,0,1,0,1,0,1,0,1.0,1.0,1.0,1.0,1.0,1.0,1,0,1,0,1,0,1,0,1,0,1.0,0.0,,,,,,,,,,,,,,,,,,,,
c88e102d-46ed-4190-be03-1857fdf582be,17695743,v1.14-1.15,0.0,2.000001539113235,1,1,1,0,1,1,1,1,1,0,1,1,1,0,1,0,1,0,1,0,1,0,1,0,1,0,1,1,1,0,1,0,1,0,1,0,1.0,0.0,1.0,0.0,1,1,1,0,1,0,1,0,1.0,1.0,1.0,0.0,1.0,0.0,1,0,1,0,1,0,1,0,1,0,1.0,0.0,1.0,0.0,,,,,,,,,,,,,,,,,,
debfd638-4af2-41d0-bf15-9399683d54ab,17825792,v1.16+,8.55039594075897e-15,2.000072202606514,1,0,1,0,1,0,1,0,1,0,1,0,1,0,1,0,1,0,1,0,1,0,1,0,1,0,1,1,1,0,1,0,1,0,1,0,,,,,1,1,1,1,1,1,1,1,1.0,1.0,1.0,1.0,1.0,1.0,1,0,1,0,1,0,1,0,1,0,1.0,0.0,,,,,,,,,,,,,,,,,,,,
4f9b4e4e-62ad-4bf5-848f-a813d43b885a,17629440,v1.12-1.13,0.0,2.00003030911678,1,1,1,0,1,1,1,1,1,0,1,0,1,0,1,0,1,0,1,0,1,0,1,0,1,0,1,1,1,0,1,0,1,0,1,0,,,,,1,1,1,0,1,0,1,0,,,,,,,1,0,1,0,1,0,1,0,1,0,1.0,0.0,1.0,0.0,,,,,,,,,,,,,,,,,,
5b9a6078-6715-4f24-821a-d708bce89a85,17760320,v1.14-1.15,0.0,2.000004274818297,1,1,1,1,1,1,1,1,1,1,1,1,1,0,1,0,1,0,1,0,1,0,1,0,1,0,1,1,1,0,1,0,1,0,1,0,1.0,0.0,1.0,0.0,1,0,1,0,1,0,1,0,1.0,1.0,1.0,1.0,1.0,1.0,1,0,1,0,1,0,1,0,1,0,1.0,0.0,,,,,,,,,,,,,,,,,,,,
0f712d17-9e38-4589-ad7e-8c0b8e73e8b0,17630207,v1.12-1.13,0.0,2.0001830297354224,1,1,1,0,1,1,1,1,1,0,1,1,1,0,1,0,1,0,1,0,1,0,1,0,1,1,1,0,1,0,1,0,1,0,1,0,,,,,1,1,1,1,1,0,1,0,,,,,,,1,0,1,0,1,0,1,0,1,1,1.0,1.0,1.0,0.0,,,,,,,,,,,,,,,,,,
b376be42-61fa-4a5b-882d-2ea5080bdf33,17760256,v1.14-1.15,0.00047014919795708177,2.000134376374837,1,1,1,1,1,1,1,1,1,1,1,1,1,0,1,0,1,0,1,0,1,0,1,0,1,0,1,1,1,0,1,0,1,0,1,0,1.0,0.0,1.0,0.0,1,1,1,0,1,0,1,0,1.0,1.0,1.0,1.0,1.0,1.0,1,0,1,0,1,0,1,0,1,0,1.0,0.0,,,,,,,,,,,,,,,,,,,,
e71d1c8f-9867-4181-8b2c-62b7626ba493,17695232,v1.14-1.15,0.007727922019084489,1.9675800324529624,1,0,1,0,1,0,1,0,1,0,1,0,1,0,1,0,1,0,1,1,1,0,1,1,1,0,1,1,1,0,1,0,1,0,1,0,1.0,0.0,1.0,0.0,1,1,1,0,1,0,1,0,1.0,1.0,1.0,0.0,1.0,0.0,1,0,1,0,1,0,1,0,1,0,1.0,0.0,1.0,0.0,,,,,,,,,,,,,,,,,,
c2ed51b5-1e89-429d-8d08-220edf683aa4,17695743,v1.14-1.15,0.0,2.000138253458788,1,0,1,0,1,0,1,0,1,0,1,0,1,0,1,0,1,0,1,1,1,0,1,1,1,0,1,1,1,0,1,0,1,0,1,0,1.0,0.0,1.0,0.0,1,1,1,0,1,0,1,0,1.0,1.0,1.0,0.0,1.0,0.0,1,0,1,0,1,0,1,0,1,0,1.0,0.0,1.0,0.0,,,,,,,,,,,,,,,,,,
57350e06-d537-44dd-be19-fcda7fdcc69b,17891392,v1.16+,0.0,2.0000534469728057,1,1,1,1,1,1,1,1,1,1,1,1,1,0,1,0,1,0,1,0,1,0,1,0,1,0,1,1,1,0,1,0,1,0,1,0,,,,,1,1,1,1,1,1,1,1,1.0,1.0,1.0,1.0,1.0,1.0,1,0,1,0,1,0,1,0,1,0,1.0,0.0,,,,,,,,,,,,,,,,,,,,
2e7ce125-2bab-40a0-b3e3-4623769557c5,17760384,v1.14-1.15,0.0,2.0000517589152156,1,1,1,1,1,1,1,1,1,1,1,1,1,0,1,0,1,0,1,0,1,0,1,0,1,0,1,1,1,0,1,0,1,0,1,0,,,,,1,1,1,1,1,1,1,1,1.0,1.0,1.0,1.0,1.0,1.0,1,0,1,0,1,0,1,0,1,0,1.0,0.0,,,,,,,,,,,,,,,,,,,,
453e7374-30e7-4ce4-b04e-bdc446abb856,17694848,v1.14-1.15,0.0,2.000000810191411,1,0,1,0,1,0,1,0,1,0,1,0,1,0,1,0,1,0,1,1,1,1,1,1,1,0,1,1,1,0,1,0,1,0,1,0,,,,,1,1,1,1,1,1,1,1,1.0,1.0,1.0,1.0,1.0,1.0,1,0,1,0,1,0,1,0,1,0,1.0,0.0,,,,,,,,,,,,,,,,,,,,
dbe8723a-7e71-4c3d-9c5b-a9d8f35dff8d,17695488,v1.14-1.15,0.0,2.0011797587962836,1,0,1,0,1,0,1,0,1,0,1,0,1,0,1,0,1,0,1,0,1,0,1,1,1,1,1,0,1,0,1,0,1,0,1,0,1.0,1.0,1.0,0.0,1,1,1,0,1,0,1,0,1.0,1.0,1.0,0.0,1.0,0.0,1,0,1,0,1,0,1,0,1,0,1.0,0.0,1.0,0.0,,,,,,,,,,,,,,,,,,
1a9e2790-4cf4-443a-ba42-77e375a86551,17825984,v1.16+,0.004801620629749102,1.9999883380961692,1,1,1,1,1,1,1,1,1,1,1,1,1,0,1,0,1,0,1,0,1,0,1,0,1,0,1,1,1,0,1,0,1,0,1,0,,,,,1,0,1,0,1,0,1,0,1.0,1.0,1.0,1.0,1.0,1.0,1,0,1,0,1,0,1,0,1,0,1.0,0.0,,,,,,,,,,,,,,,,,,,,
f6fb73ec-03d3-4bc3-ae34-10819cbe3d4d,17629951,v1.12-1.13,0.0,2.000009361974118,1,0,1,0,1,0,1,0,1,0,1,0,1,0,1,0,1,0,1,1,1,0,1,0,1,0,1,1,1,0,1,0,1,0,1,0,,,,,1,1,1,0,1,0,1,0,,,,,,,1,0,1,0,1,0,1,0,1,0,1.0,0.0,1.0,0.0,,,,,,,,,,,,,,,,,,
3aa13a5f-e5c6-4307-8c93-bd1f4576af61,17761023,v1.14-1.15,0.0,1.9844452617650494,1,1,1,1,1,1,1,1,1,1,1,0,1,0,1,0,1,0,1,0,1,0,1,0,1,0,1,1,1,0,1,0,1,0,1,0,1.0,0.0,1.0,0.0,1,1,1,1,1,1,1,1,1.0,1.0,1.0,1.0,1.0,1.0,1,0,1,0,1,0,1,0,1,0,1.0,0.0,,,,,,,,,,,,,,,,,,,,
c84b5c82-0ef6-4f68-847f-5c9b12616408,17826240,v1.16+,0.0,2.000006390997866,1,0,1,0,1,0,1,0,1,0,1,0,1,0,1,0,1,0,1,1,1,1,1,1,1,0,1,1,1,0,1,0,1,0,1,0,,,,,1,1,1,0,1,0,1,0,1.0,1.0,1.0,1.0,1.0,1.0,1,0,1,0,1,0,1,0,1,0,1.0,0.0,,,,,,,,,,,,,,,,,,,,
0360f28a-daa8-496f-89ee-b99b3c0d88df,17630207,v1.12-1.13,0.0,2.0000545972350694,1,0,1,0,1,0,1,1,1,0,1,0,1,0,1,0,1,0,1,0,1,0,1,0,1,0,1,1,1,0,1,0,1,0,1,0,,,,,1,1,1,0,1,0,1,0,,,,,,,1,0,1,0,1,0,1,0,1,0,1.0,0.0,1.0,0.0,,,,,,,,,,,,,,,,,,
24ee3ab4-ed08-48da-a624-7b621d89b375,17891583,v1.16+,0.0,2.0000215113424775,1,1,1,1,1,1,1,1,1,1,1,1,1,0,1,0,1,0,1,0,1,0,1,0,1,0,1,1,1,0,1,0,1,0,1,0,,,,,1,1,1,1,1,1,1,1,1.0,1.0,1.0,1.0,1.0,1.0,1,0,1,0,1,0,1,0,1,0,1.0,0.0,,,,,,,,,,,,,,,,,,,,
518ab7d6-4e9c-4af1-a1a2-9c344b983294,17499135,v1.12-1.13,0.004477022092297583,4.96926234599654,1,1,1,1,1,1,1,1,1,1,1,0,1,0,1,1,1,0,1,0,1,1,1,0,1,0,1,1,1,0,1,0,1,0,1,1,,,,,1,1,1,1,1,0,1,0,,,,,,,1,0,1,0,1,0,1,0,1,0,,,1.0,0.0,1.0,0.0,1.0,0.0,1.0,0.0,1.0,0.0,1.0,0.0,1.0,0.0,,,,,,
5bff128b-c978-4d91-bffc-b6c17a9d89ce,17825984,v1.16+,0.0,2.000143971528203,1,1,1,1,1,1,1,1,1,1,1,1,1,0,1,0,1,0,1,0,1,0,1,0,1,0,1,1,1,0,1,0,1,0,1,0,,,,,1,1,1,1,1,1,1,1,1.0,1.0,1.0,1.0,1.0,1.0,1,0,1,0,1,0,1,0,1,0,1.0,0.0,,,,,,,,,,,,,,,,,,,,
b7aa11ed-ba67-4ac2-817b-0b705739e53b,17695488,v1.14-1.15,0.0,2.0008340230449146,1,1,1,0,1,1,1,1,1,0,1,1,1,0,1,0,1,0,1,0,1,0,1,0,1,0,1,1,1,0,1,0,1,0,1,0,1.0,0.0,1.0,0.0,1,1,1,0,1,0,1,0,1.0,1.0,1.0,0.0,1.0,0.0,1,0,1,0,1,0,1,0,1,0,1.0,0.0,1.0,0.0,,,,,,,,,,,,,,,,,,
5fd8d740-9ea8-4f48-a60f-0f295bb95242,17761535,v1.14-1.15,0.009572289730706063,1.9767032039324115,1,0,1,0,1,0,1,0,1,0,1,0,1,0,1,0,1,0,1,0,1,0,1,0,1,0,1,1,1,0,1,0,1,0,1,0,1.0,0.0,1.0,0.0,1,1,1,1,1,1,1,1,1.0,1.0,1.0,1.0,1.0,1.0,1,0,1,0,1,0,1,0,1,0,1.0,0.0,,,,,,,,,,,,,,,,,,,,
f96af168-f377-447f-bf68-21978f59215b,17891392,v1.16+,0.005946892695366713,1.99136006013284,1,1,1,1,1,1,1,1,1,1,1,1,1,0,1,0,1,0,1,0,1,0,1,0,1,0,1,1,1,0,1,0,1,0,1,0,,,,,1,1,1,1,1,1,1,1,1.0,1.0,1.0,1.0,1.0,1.0,1,0,1,0,1,0,1,0,1,0,1.0,0.0,,,,,,,,,,,,,,,,,,,,
42a0d943-1609-4986-afa7-caa3fe78355d,17629952,v1.12-1.13,0.0,2.0001351367023634,1,0,1,0,1,0,1,0,1,0,1,0,1,0,1,0,1,0,1,1,1,0,1,1,1,0,1,0,1,0,1,0,1,0,1,0,,,,,1,1,1,0,1,0,1,0,,,,,,,1,0,1,0,1,0,1,0,1,0,1.0,0.0,1.0,0.0,,,,,,,,,,,,,,,,,,
e05db332-06a3-4db8-9b12-0d3fc7842c86,17826047,v1.16+,0.0005091493697999004,2.0000056338186867,1,1,1,1,1,1,1,1,1,1,1,1,1,0,1,0,1,0,1,0,1,0,1,0,1,0,1,1,1,0,1,0,1,0,1,0,,,,,1,1,1,1,1,1,1,1,1.0,1.0,1.0,1.0,1.0,1.0,1,0,1,0,1,0,1,0,1,0,1.0,0.0,,,,,,,,,,,,,,,,,,,,
b6b669ca-2d89-4296-8ff3-cbb775665351,17826559,v1.16+,0.0,100.01000350122544,1,1,1,1,1,1,1,1,1,1,1,1,1,0,1,0,1,0,1,0,1,0,1,0,1,0,1,1,1,0,1,0,1,0,1,0,,,,,1,1,1,1,1,1,1,1,1.0,1.0,1.0,1.0,1.0,1.0,1,0,1,0,1,0,1,0,1,0,1.0,0.0,,,,,,,,,,,,,,,,,,,,
b80efc30-15d4-4fde-9ce1-ca09627fa124,17629439,v1.12-1.13,0.0,2.000139334030634,1,0,1,0,1,0,1,0,1,0,1,0,1,0,1,0,1,0,1,1,1,0,1,1,1,0,1,0,1,0,1,0,1,0,1,0,,,,,1,1,1,0,1,0,1,0,,,,,,,1,0,1,0,1,0,1,0,1,0,1.0,0.0,1.0,0.0,,,,,,,,,,,,,,,,,,
cc008d17-9540-4e0f-933b-92cb927f3e6b,17761280,v1.14-1.15,0.0,2.000002606968572,1,0,1,0,1,0,1,0,1,0,1,0,1,0,1,0,1,0,1,1,1,1,1,1,1,1,1,1,1,0,1,0,1,1,1,1,1.0,1.0,1.0,1.0,1,1,1,0,1,0,1,0,1.0,1.0,1.0,1.0,1.0,1.0,1,0,1,0,1,0,1,0,1,1,1.0,1.0,,,,,,,,,,,,,,,,,,,,
c57fe096-2e1e-4027-aacb-04e7b39cc922,17761535,v1.14-1.15,0.0,2.0000327617306866,1,1,1,1,1,1,1,1,1,1,1,1,1,0,1,0,1,0,1,0,1,0,1,0,1,0,1,1,1,0,1,0,1,0,1,0,1.0,0.0,1.0,0.0,1,1,1,1,1,1,1,1,1.0,1.0,1.0,1.0,1.0,1.0,1,0,1,0,1,0,1,0,1,0,1.0,0.0,,,,,,,,,,,,,,,,,,,,
d0361f3c-5875-418b-8f33-54db56e1a495,17826047,v1.16+,0.0,99.99879548547958,1,1,1,1,1,1,1,1,1,1,1,1,1,0,1,0,1,0,1,0,1,0,1,0,1,0,1,1,1,0,1,0,1,0,1,0,,,,,1,1,1,1,1,1,1,1,1.0,1.0,1.0,1.0,1.0,1.0,1,0,1,0,1,0,1,0,1,0,1.0,0.0,,,,,,,,,,,,,,,,,,,,
1d579ef5-7b94-4146-a770-c2ce030dcb67,17761535,v1.14-1.15,0.0,1.9999850967579968,1,1,1,1,1,1,1,1,1,1,1,1,1,0,1,0,1,0,1,0,1,0,1,0,1,0,1,1,1,0,1,0,1,0,1,0,1.0,0.0,1.0,0.0,1,1,1,1,1,1,1,1,1.0,1.0,1.0,1.0,1.0,1.0,1,0,1,0,1,0,1,0,1,0,1.0,0.0,,,,,,,,,,,,,,,,,,,,
d60a4c11-8566-434c-96e4-2a3378b5ac22,17825792,v1.16+,0.0,2.000234531564343,1,0,1,0,1,0,1,0,1,0,1,0,1,0,1,0,1,0,1,0,1,0,1,0,1,0,1,1,1,0,1,0,1,0,1,0,,,,,1,1,1,1,1,1,1,1,1.0,1.0,1.0,1.0,1.0,1.0,1,0,1,0,1,0,1,0,1,0,1.0,0.0,,,,,,,,,,,,,,,,,,,,
a0bde4ca-4a84-4d92-8d4a-2fc8164a2c74,17694720,v1.14-1.15,0.0,2.0000786828339345,1,1,1,0,1,1,1,1,1,0,1,1,1,0,1,0,1,0,1,0,1,0,1,0,1,0,1,1,1,0,1,0,1,0,1,0,1.0,0.0,1.0,0.0,1,1,1,0,1,0,1,0,1.0,1.0,1.0,0.0,1.0,0.0,1,0,1,0,1,0,1,0,1,0,1.0,0.0,1.0,0.0,,,,,,,,,,,,,,,,,,
ee8902a7-dd21-4543-b0a7-2339ded645cf,17695743,v1.14-1.15,0.0,1.9999911899477083,1,1,1,0,1,1,1,1,1,0,1,1,1,0,1,0,1,0,1,0,1,0,1,0,1,0,1,1,1,0,1,0,1,0,1,0,1.0,0.0,1.0,0.0,1,1,1,0,1,0,1,0,1.0,1.0,1.0,0.0,1.0,0.0,1,0,1,0,1,0,1,0,1,0,1.0,0.0,1.0,0.0,,,,,,,,,,,,,,,,,,
aead81cc-f52f-4e18-93c8-3d04dbad619d,17695743,v1.14-1.15,0.0,2.000210870398358,1,0,1,0,1,0,1,0,1,0,1,0,1,0,1,0,1,0,1,0,1,0,1,0,1,1,1,0,1,0,1,0,1,1,1,0,1.0,1.0,1.0,0.0,1,1,1,0,1,0,1,0,1.0,1.0,1.0,0.0,1.0,0.0,1,0,1,0,1,0,1,0,1,1,1.0,1.0,1.0,0.0,,,,,,,,,,,,,,,,,,
b905ba4b-8a00-4d99-8f49-1e77b5073021,17694720,v1.14-1.15,2.9931944784760956e-05,120.03607597682456,1,0,1,0,1,0,1,0,1,0,1,0,1,1,1,0,1,1,1,1,1,0,1,1,1,0,1,0,1,0,1,0,1,0,1,0,1.0,0.0,1.0,0.0,1,1,1,0,1,0,1,0,1.0,1.0,1.0,0.0,1.0,0.0,1,0,1,0,1,0,1,0,1,0,1.0,0.0,1.0,0.0,,,,,,,,,,,,,,,,,,
5aeccc96-bccb-453e-89f6-227418a9d913,17825984,v1.16+,0.0014107628379418254,100.00263894020162,1,1,1,1,1,1,1,1,1,1,1,1,1,0,1,0,1,0,1,0,1,0,1,0,1,0,1,1,1,0,1,0,1,0,1,0,,,,,1,1,1,1,1,1,1,1,1.0,1.0,1.0,1.0,1.0,1.0,1,0,1,0,1,0,1,0,1,0,1.0,0.0,,,,,,,,,,,,,,,,,,,,
95ea6f06-b2e9-4383-a9b8-08038403c553,17825984,v1.16+,0.0,2.000065820347906,1,1,1,1,1,1,1,1,1,1,1,1,1,0,1,0,1,0,1,0,1,0,1,0,1,0,1,1,1,0,1,0,1,0,1,0,,,,,1,0,1,0,1,0,1,0,1.0,1.0,1.0,1.0,1.0,1.0,1,0,1,0,1,0,1,0,1,0,1.0,0.0,,,,,,,,,,,,,,,,,,,,
b937d366-e0bf-43cd-94f4-f2923b58b85f,17760256,v1.14-1.15,7.641657266529211e-05,2.000018036198687,1,1,1,1,1,1,1,1,1,1,1,1,1,0,1,0,1,0,1,0,1,0,1,0,1,1,1,1,1,0,1,0,1,0,1,0,,,,,1,1,1,0,1,0,1,0,1.0,1.0,1.0,1.0,1.0,1.0,1,0,1,0,1,0,1,0,1,1,1.0,1.0,,,,,,,,,,,,,,,,,,,,
22ed9588-fe6e-441b-b66e-c9eb9df28f5d,17367040,v1.12-1.13,0.0,2.000090085690186,1,1,1,0,1,1,1,1,1,0,1,0,1,0,1,0,1,0,1,0,1,0,1,0,1,0,1,1,1,0,1,0,1,0,1,0,1.0,0.0,1.0,0.0,1,1,1,0,1,0,1,0,1.0,1.0,1.0,0.0,1.0,0.0,1,0,1,0,1,0,1,0,1,0,1.0,0.0,1.0,0.0,,,,,,,,,,,,,,,,,,
3b98139e-c3aa-4ff5-9b36-7b46562b0437,17760256,v1.14-1.15,0.0,2.000016360133826,1,1,1,1,1,1,1,1,1,1,1,0,1,0,1,0,1,0,1,0,1,0,1,0,1,0,1,1,1,0,1,0,1,0,1,0,1.0,0.0,1.0,0.0,1,0,1,0,1,0,1,0,1.0,1.0,1.0,1.0,1.0,1.0,1,0,1,0,1,0,1,0,1,0,1.0,0.0,,,,,,,,,,,,,,,,,,,,
a1fd7cce-8a1f-4513-aee5-e19046576285,16777856,v1.12-1.13,0.0007448638244570329,9.996804286756287,1,0,1,0,1,0,1,0,1,0,1,0,1,0,1,0,1,0,1,1,1,1,1,1,1,0,1,1,1,0,1,0,1,0,1,0,1.0,0.0,1.0,0.0,1,1,1,0,1,0,1,0,1.0,1.0,1.0,0.0,1.0,0.0,1,0,1,0,1,0,1,0,1,0,1.0,0.0,1.0,0.0,,,,,,,,,,,,,1.0,0.0,1.0,0.0,1.0,0.0
9e21b469-0460-41c1-8d37-5303555cc4c2,17694975,v1.14-1.15,0.0,2.000126798282295,1,1,1,0,1,1,1,1,1,0,1,1,1,0,1,0,1,0,1,0,1,0,1,0,1,1,1,1,1,0,1,0,1,0,1,0,1.0,0.0,1.0,0.0,1,0,1,0,1,0,1,0,1.0,1.0,1.0,0.0,1.0,0.0,1,0,1,0,1,0,1,0,1,1,1.0,1.0,1.0,0.0,,,,,,,,,,,,,,,,,,
09d3299d-0115-44f2-aabc-081f47f780fc,17694975,v1.14-1.15,0.0,1.9999705954736418,1,1,1,0,1,1,1,1,1,0,1,1,1,0,1,0,1,0,1,0,1,0,1,0,1,0,1,1,1,0,1,0,1,0,1,0,1.0,0.0,1.0,0.0,1,1,1,0,1,0,1,0,1.0,1.0,1.0,0.0,1.0,0.0,1,0,1,0,1,0,1,0,1,0,1.0,0.0,1.0,0.0,,,,,,,,,,,,,,,,,,
3f870d69-fb18-456d-901b-61cce86478a6,17760256,v1.14-1.15,0.0,1.9999603537271056,1,1,1,1,1,1,1,1,1,1,1,0,1,0,1,0,1,0,1,0,1,0,1,0,1,0,1,1,1,0,1,0,1,0,1,0,1.0,0.0,1.0,0.0,1,1,1,1,1,1,1,1,1.0,1.0,1.0,1.0,1.0,1.0,1,0,1,0,1,0,1,0,1,0,1.0,0.0,,,,,,,,,,,,,,,,,,,,
8431d9e0-4881-4c30-a9e6-2c039aff2769,17694720,v1.14-1.15,0.0,2.000002592888737,1,1,1,0,1,1,1,1,1,0,1,1,1,0,1,0,1,0,1,0,1,0,1,0,1,0,1,1,1,0,1,0,1,0,1,0,1.0,0.0,1.0,0.0,1,1,1,0,1,0,1,0,1.0,1.0,1.0,0.0,1.0,0.0,1,0,1,0,1,0,1,0,1,0,1.0,0.0,1.0,0.0,,,,,,,,,,,,,,,,,,
55e876a9-e07c-4807-9502-bf9ba9c5dea1,17694975,v1.14-1.15,0.0,1.9999989072687674,1,1,1,0,1,1,1,1,1,0,1,1,1,0,1,0,1,0,1,0,1,0,1,0,1,0,1,1,1,0,1,0,1,0,1,0,1.0,0.0,1.0,0.0,1,1,1,0,1,0,1,0,1.0,1.0,1.0,0.0,1.0,0.0,1,0,1,0,1,0,1,0,1,0,1.0,0.0,1.0,0.0,,,,,,,,,,,,,,,,,,
3bb44f0e-532e-4581-90f0-8848d5415a7a,17760320,v1.14-1.15,0.0,124.9164810690423,1,1,1,1,1,1,1,1,1,1,1,1,1,0,1,0,1,0,1,0,1,0,1,0,1,0,1,1,1,0,1,0,1,0,1,0,1.0,0.0,1.0,0.0,1,1,1,0,1,0,1,0,1.0,1.0,1.0,1.0,1.0,1.0,1,0,1,0,1,0,1,0,1,0,1.0,1.0,,,,,,,,,,,,,,,,,,,,
b2b45c4c-3a7a-4900-952a-fb32b59df21b,17761535,v1.14-1.15,0.0009486962649269088,1.994842985522012,1,1,1,1,1,1,1,1,1,1,1,1,1,0,1,0,1,0,1,0,1,0,1,0,1,1,1,1,1,0,1,0,1,0,1,0,1.0,0.0,1.0,0.0,1,0,1,0,1,0,1,0,1.0,1.0,1.0,1.0,1.0,1.0,1,0,1,0,1,0,1,0,1,1,1.0,1.0,,,,,,,,,,,,,,,,,,,,
ddf3d683-5afd-42a6-8b58-c85ccd888c5b,17629951,v1.12-1.13,0.00021648377205194403,2.000010830087605,1,1,1,0,1,1,1,1,1,0,1,0,1,0,1,0,1,0,1,0,1,0,1,0,1,0,1,1,1,0,1,0,1,0,1,0,,,,,1,1,1,1,1,0,1,0,,,,,,,1,0,1,0,1,0,1,0,1,0,1.0,0.0,1.0,0.0,,,,,,,,,,,,,,,,,,
892ac505-6807-4b5a-9b55-844471223bbe,17630207,v1.12-1.13,0.0,2.0000417281433283,1,1,1,0,1,1,1,1,1,0,1,0,1,0,1,0,1,0,1,0,1,0,1,0,1,0,1,1,1,0,1,0,1,0,1,0,,,,,1,1,1,1,1,0,1,0,,,,,,,1,0,1,0,1,0,1,0,1,0,1.0,0.0,1.0,0.0,,,,,,,,,,,,,,,,,,
dc884104-cede-43d2-92f6-c8760d4962cc,17695488,v1.14-1.15,0.0014801029631074383,1.993579826808041,1,0,1,0,1,0,1,0,1,0,1,0,1,0,1,0,1,0,1,1,1,0,1,1,1,0,1,1,1,0,1,0,1,0,1,0,1.0,0.0,1.0,0.0,1,0,1,0,1,0,1,0,1.0,1.0,1.0,0.0,1.0,0.0,1,0,1,0,1,0,1,0,1,0,1.0,0.0,1.0,0.0,,,,,,,,,,,,,,,,,,
d796b1dc-c5c6-48cb-aa48-38ff7decb1df,17891583,v1.16+,0.0,1.9999545323769596,1,1,1,1,1,1,1,1,1,1,1,1,1,0,1,0,1,0,1,0,1,0,1,0,1,0,1,1,1,0,1,0,1,0,1,0,,,,,1,1,1,1,1,1,1,1,1.0,1.0,1.0,1.0,1.0,1.0,1,0,1,0,1,0,1,0,1,0,1.0,0.0,,,,,,,,,,,,,,,,,,,,
f7fa5b97-b22a-456b-a04a-d8e2fe6e1722,17630207,v1.12-1.13,0.0009571368044938674,2.0000057211959907,1,1,1,0,1,1,1,1,1,0,1,1,1,0,1,0,1,0,1,0,1,0,1,0,1,0,1,0,1,0,1,0,1,0,1,0,,,,,1,1,1,1,1,0,1,0,,,,,,,1,0,1,0,1,0,1,0,1,0,1.0,0.0,1.0,0.0,,,,,,,,,,,,,,,,,,
eeb67618-af34-418e-8635-cbb16469875a,17629952,v1.12-1.13,0.0,2.000015255435512,1,1,1,0,1,1,1,1,1,0,1,0,1,0,1,0,1,0,1,0,1,0,1,0,1,0,1,1,1,0,1,0,1,0,1,0,,,,,1,1,1,1,1,0,1,0,,,,,,,1,0,1,0,1,0,1,0,1,0,1.0,0.0,1.0,0.0,,,,,,,,,,,,,,,,,,
07b92229-acb0-45aa-bc8e-12b060b53241,17761280,v1.14-1.15,0.0,2.000070485242618,1,1,1,1,1,1,1,1,1,1,1,1,1,0,1,0,1,0,1,0,1,0,1,0,1,1,1,1,1,0,1,0,1,1,1,1,1.0,1.0,1.0,1.0,1,1,1,1,1,1,1,1,1.0,1.0,1.0,1.0,1.0,1.0,1,0,1,0,1,0,1,0,1,1,1.0,1.0,,,,,,,,,,,,,,,,,,,,
caa6af5f-e613-47d3-b0e2-f6cc1586e855,17695743,v1.14-1.15,0.0,2.000060181298019,1,0,1,0,1,0,1,0,1,0,1,0,1,0,1,0,1,0,1,0,1,0,1,0,1,1,1,1,1,0,1,0,1,1,1,0,1.0,0.0,1.0,0.0,1,1,1,0,1,0,1,0,1.0,1.0,1.0,0.0,1.0,0.0,1,0,1,0,1,0,1,0,1,1,1.0,1.0,1.0,0.0,,,,,,,,,,,,,,,,,,
7a8fafb7-54b0-4510-827a-7de3cc0fe9af,17761280,v1.14-1.15,0.0,1.9999997990654408,1,0,1,0,1,0,1,0,1,0,1,0,1,0,1,0,1,0,1,0,1,0,1,0,1,0,1,1,1,0,1,0,1,0,1,0,1.0,0.0,1.0,0.0,1,0,1,0,1,0,1,0,1.0,1.0,1.0,1.0,1.0,1.0,1,0,1,0,1,0,1,0,1,0,1.0,0.0,,,,,,,,,,,,,,,,,,,,
b1046a69-0e3d-4fde-9df2-e26f0b971dc2,17564928,v1.12-1.13,0.004191238504722082,1.9927097322473517,1,0,1,0,1,0,1,1,1,0,1,0,1,0,1,0,1,0,1,0,1,0,1,0,1,0,1,1,1,0,1,0,1,0,1,0,,,,,1,1,1,1,1,0,1,0,,,,,,,1,0,1,0,1,0,1,0,1,0,,,1.0,0.0,,,,,,,,,,,,,,,,,,
58fbf336-396b-49b0-bf3b-f2ce92aa5053,17629951,v1.12-1.13,0.0,1.9999962427687512,1,1,1,0,1,1,1,1,1,0,1,0,1,0,1,0,1,0,1,0,1,0,1,0,1,0,1,1,1,0,1,0,1,0,1,0,,,,,1,1,1,1,1,0,1,0,,,,,,,1,0,1,0,1,0,1,0,1,0,1.0,0.0,1.0,0.0,,,,,,,,,,,,,,,,,,
211cb7e0-08a4-494e-be4a-0f1a112e14d5,17891392,v1.16+,0.0,100.0043813529618,1,1,1,1,1,1,1,1,1,1,1,1,1,0,1,0,1,0,1,0,1,0,1,0,1,0,1,1,1,0,1,0,1,0,1,0,,,,,1,1,1,1,1,1,1,1,1.0,1.0,1.0,1.0,1.0,1.0,1,0,1,0,1,0,1,0,1,0,1.0,0.0,,,,,,,,,,,,,,,,,,,,
48160b88-dda3-4cb2-a1fe-950457ebb3ca,17891392,v1.16+,0.013197675232223415,1.9745917877213939,1,1,1,1,1,1,1,1,1,1,1,1,1,0,1,0,1,0,1,0,1,0,1,0,1,0,1,1,1,0,1,0,1,0,1,0,,,,,1,1,1,1,1,1,1,1,1.0,1.0,1.0,1.0,1.0,1.0,1,0,1,0,1,0,1,0,1,0,1.0,0.0,,,,,,,,,,,,,,,,,,,,
6bb9d26a-c6ab-44b4-a3d7-c0c4708016df,17761535,v1.14-1.15,0.0,1.99995454918106,1,1,1,1,1,1,1,1,1,1,1,1,1,0,1,0,1,0,1,0,1,0,1,0,1,0,1,1,1,0,1,0,1,0,1,0,1.0,0.0,1.0,0.0,1,1,1,1,1,1,1,1,1.0,1.0,1.0,1.0,1.0,1.0,1,0,1,0,1,0,1,0,1,0,1.0,0.0,,,,,,,,,,,,,,,,,,,,
52530454-9307-4072-8873-cfd61951db2f,17695488,v1.14-1.15,0.0,1.9999444104340316,1,0,1,0,1,0,1,0,1,0,1,0,1,0,1,0,1,0,1,0,1,0,1,0,1,1,1,1,1,0,1,0,1,1,1,0,1.0,0.0,1.0,0.0,1,0,1,0,1,0,1,0,1.0,1.0,1.0,0.0,1.0,0.0,1,0,1,0,1,0,1,0,1,1,1.0,1.0,1.0,0.0,,,,,,,,,,,,,,,,,,
a50d7658-277a-42af-9048-35881488e303,17760511,v1.14-1.15,0.0,1.981124931854138,1,1,1,1,1,1,1,1,1,1,1,1,1,0,1,0,1,0,1,0,1,0,1,0,1,0,1,1,1,0,1,0,1,0,1,0,,,,,1,1,1,1,1,1,1,1,1.0,1.0,1.0,1.0,1.0,1.0,1,0,1,0,1,0,1,0,1,0,1.0,0.0,,,,,,,,,,,,,,,,,,,,
e11807e2-e769-4677-a73e-6a95a432dd90,17695488,v1.14-1.15,0.0,2.000055398794745,1,1,1,0,1,1,1,1,1,0,1,1,1,0,1,0,1,0,1,0,1,0,1,0,1,0,1,1,1,0,1,0,1,0,1,0,1.0,0.0,1.0,0.0,1,1,1,0,1,0,1,0,1.0,1.0,1.0,0.0,1.0,0.0,1,0,1,0,1,0,1,0,1,0,1.0,0.0,1.0,0.0,,,,,,,,,,,,,,,,,,
67560e41-4d05-48f6-805b-5dd569ce6301,17761536,v1.14-1.15,0.011914331160691566,1.9728365174053026,1,1,1,1,1,1,1,1,1,1,1,1,1,0,1,0,1,0,1,0,1,0,1,0,1,1,1,1,1,0,1,0,1,0,1,0,1.0,0.0,1.0,0.0,1,1,1,1,1,1,1,1,1.0,1.0,1.0,1.0,1.0,1.0,1,1,1,1,1,0,1,0,1,1,1.0,1.0,,,,,,,,,,,,,,,,,,,,
afd0a432-420e-4d64-af81-0a765e51a1f7,17695743,v1.14-1.15,0.0,1.9999791409582928,1,0,1,0,1,0,1,0,1,0,1,0,1,0,1,0,1,0,1,0,1,0,1,0,1,1,1,1,1,0,1,0,1,1,1,0,1.0,1.0,1.0,0.0,1,0,1,0,1,0,1,0,1.0,1.0,1.0,0.0,1.0,0.0,1,0,1,0,1,0,1,0,1,1,1.0,1.0,1.0,0.0,,,,,,,,,,,,,,,,,,
027b8707-0429-4f5b-88d0-fed4c552b350,17891328,v1.16+,0.0,2.000028636773663,1,0,1,0,1,0,1,0,1,0,1,0,1,0,1,0,1,0,1,1,1,1,1,1,1,0,1,1,1,0,1,0,1,0,1,0,,,,,1,1,1,0,1,0,1,0,1.0,1.0,1.0,1.0,1.0,1.0,1,0,1,0,1,0,1,0,1,0,1.0,0.0,,,,,,,,,,,,,,,,,,,,
81d6e98a-0c36-4f53-8676-7c46bdfdbef2,17564416,v1.12-1.13,0.0,2.0155152224153876,1,1,1,0,1,1,1,1,1,0,1,1,1,0,1,0,1,0,1,0,1,0,1,0,1,0,1,0,1,1,1,0,1,0,1,0,,,,,1,1,1,0,1,0,1,0,,,,,,,1,0,1,0,1,0,1,0,1,1,,,1.0,0.0,,,,,,,,,,,,,,,,,,
ebcaaa25-2eb8-4a00-a0e0-a271f05d304e,17695232,v1.14-1.15,0.0,2.000129700718285,1,0,1,0,1,0,1,0,1,0,1,0,1,0,1,0,1,0,1,0,1,0,1,0,1,1,1,1,1,0,1,0,1,1,1,0,1.0,0.0,1.0,0.0,1,0,1,0,1,0,1,0,1.0,1.0,1.0,0.0,1.0,0.0,1,0,1,0,1,0,1,0,1,1,1.0,1.0,1.0,0.0,,,,,,,,,,,,,,,,,,
d05dd408-4909-4020-82da-0a98478a03af,17695488,v1.14-1.15,0.0,2.0000636008066617,1,1,1,0,1,1,1,1,1,0,1,1,1,0,1,0,1,0,1,0,1,0,1,0,1,0,1,1,1,0,1,0,1,0,1,0,1.0,0.0,1.0,0.0,1,1,1,0,1,0,1,0,1.0,1.0,1.0,0.0,1.0,0.0,1,0,1,0,1,0,1,0,1,1,1.0,1.0,1.0,0.0,,,,,,,,,,,,,,,,,,
715e83ba-aae9-48f7-b7a4-5a673ab0dcd7,17761280,v1.14-1.15,0.0027535540703794497,1.992765639878803,1,0,1,0,1,0,1,0,1,0,1,0,1,0,1,0,1,0,1,0,1,0,1,0,1,0,1,1,1,0,1,0,1,0,1,0,1.0,0.0,1.0,0.0,1,1,1,1,1,1,1,1,1.0,1.0,1.0,1.0,1.0,1.0,1,0,1,0,1,0,1,0,1,0,1.0,0.0,,,,,,,,,,,,,,,,,,,,
500c6a98-186e-444d-a70b-354c730edfe7,17630207,v1.12-1.13,0.0,2.000006939138467,1,0,1,0,1,0,1,1,1,0,1,0,1,0,1,0,1,0,1,0,1,0,1,0,1,0,1,1,1,0,1,0,1,0,1,0,,,,,1,1,1,0,1,0,1,0,,,,,,,1,0,1,0,1,0,1,0,1,0,1.0,0.0,1.0,0.0,,,,,,,,,,,,,,,,,,
ee8a9e37-5237-49cc-8d11-04e4227c253f,17825984,v1.16+,0.0,1.999854826538432,1,0,1,0,1,0,1,0,1,0,1,0,1,0,1,0,1,0,1,0,1,0,1,0,1,0,1,1,1,0,1,0,1,0,1,0,,,,,1,1,1,1,1,1,1,1,1.0,1.0,1.0,1.0,1.0,1.0,1,0,1,0,1,0,1,0,1,0,1.0,0.0,,,,,,,,,,,,,,,,,,,,
59b3e136-39a2-4464-94ed-8291aa30984e,17825920,v1.16+,0.0068162096767156975,1.9864907794650384,1,0,1,0,1,0,1,0,1,0,1,0,1,0,1,0,1,0,1,1,1,1,1,1,1,0,1,1,1,0,1,0,1,0,1,0,,,,,1,1,1,0,1,0,1,0,1.0,1.0,1.0,1.0,1.0,1.0,1,0,1,0,1,0,1,0,1,0,1.0,0.0,,,,,,,,,,,,,,,,,,,,
306cd33c-ee9f-43ef-8ac8-c12fad55ab24,17694720,v1.14-1.15,0.0,2.000021422030397,1,1,1,0,1,1,1,1,1,0,1,1,1,0,1,0,1,0,1,0,1,0,1,0,1,0,1,1,1,0,1,0,1,0,1,0,1.0,0.0,1.0,0.0,1,1,1,0,1,0,1,0,1.0,1.0,1.0,0.0,1.0,0.0,1,0,1,0,1,0,1,0,1,0,1.0,0.0,1.0,0.0,,,,,,,,,,,,,,,,,,
05524bc4-6108-4e76-acbd-4bd701ba0760,17891392,v1.16+,0.0,100.00531896032055,1,1,1,1,1,1,1,1,1,1,1,1,1,0,1,0,1,0,1,0,1,0,1,0,1,0,1,1,1,0,1,0,1,0,1,0,,,,,1,1,1,1,1,1,1,1,1.0,1.0,1.0,1.0,1.0,1.0,1,0,1,0,1,0,1,0,1,0,1.0,0.0,,,,,,,,,,,,,,,,,,,,
a72a9c67-6a61-4352-b3f7-5fb1a2c22f5c,17760256,v1.14-1.15,0.0,2.0000709007169597,1,1,1,1,1,1,1,1,1,1,1,1,1,0,1,0,1,0,1,0,1,0,1,0,1,0,1,1,1,0,1,0,1,0,1,0,1.0,0.0,1.0,0.0,1,1,1,1,1,1,1,1,1.0,1.0,1.0,1.0,1.0,1.0,1,0,1,0,1,0,1,0,1,0,1.0,0.0,,,,,,,,,,,,,,,,,,,,
ff041fe3-b440-49fa-af36-a4be9c5f1c87,17891392,v1.16+,0.0,81.33359084544446,1,1,1,1,1,1,1,1,1,1,1,1,1,0,1,0,1,0,1,0,1,0,1,0,1,0,1,1,1,0,1,0,1,0,1,0,,,,,1,1,1,1,1,1,1,1,1.0,1.0,1.0,1.0,1.0,1.0,1,0,1,0,1,0,1,0,1,0,1.0,0.0,,,,,,,,,,,,,,,,,,,,
99c5a608-d719-4a69-abab-8158778b67dc,17694975,v1.14-1.15,0.0,2.000086344636628,1,0,1,0,1,0,1,0,1,0,1,0,1,0,1,0,1,0,1,0,1,0,1,0,1,0,1,1,1,0,1,0,1,0,1,0,1.0,0.0,1.0,0.0,1,1,1,0,1,0,1,0,1.0,1.0,1.0,0.0,1.0,0.0,1,0,1,0,1,0,1,0,1,0,1.0,0.0,1.0,0.0,,,,,,,,,,,,,,,,,,
6137f938-921b-4f4c-a7c4-5726cd27b48a,17761535,v1.14-1.15,0.0,2.000025111932613,1,1,1,1,1,1,1,1,1,1,1,1,1,0,1,0,1,0,1,0,1,0,1,0,1,0,1,1,1,0,1,0,1,0,1,0,1.0,0.0,1.0,0.0,1,1,1,1,1,1,1,1,1.0,1.0,1.0,1.0,1.0,1.0,1,0,1,0,1,0,1,0,1,0,1.0,0.0,,,,,,,,,,,,,,,,,,,,
07627066-309d-4ff1-85bb-2f692d0e064d,17695743,v1.14-1.15,0.0012580612539356182,2.000040000800016,1,1,1,0,1,1,1,1,1,0,1,1,1,0,1,0,1,0,1,0,1,0,1,0,1,1,1,1,1,1,1,0,1,0,1,0,1.0,0.0,1.0,0.0,1,1,1,0,1,0,1,0,1.0,1.0,1.0,0.0,1.0,0.0,1,0,1,0,1,0,1,0,1,1,1.0,1.0,1.0,0.0,,,,,,,,,,,,,,,,,,
f4c40988-aba2-45f0-a020-e36ddff55031,17629184,v1.12-1.13,0.0,2.005979203537704,1,0,1,0,1,0,1,1,1,0,1,0,1,0,1,0,1,0,1,1,1,0,1,1,1,0,1,1,1,0,1,0,1,0,1,0,,,,,1,1,1,0,1,0,1,0,,,,,,,1,0,1,0,1,0,1,0,1,0,,,1.0,0.0,,,,,,,,,,,,,,,,,,
2172b2ce-07c0-4d95-a7c6-cf2a8c1aef96,17891583,v1.16+,0.0,2.0000551038521075,1,0,1,0,1,0,1,0,1,0,1,0,1,0,1,0,1,0,1,0,1,0,1,0,1,1,1,1,1,0,1,0,1,1,1,1,,,,,1,1,1,1,1,1,1,1,1.0,1.0,1.0,1.0,1.0,1.0,1,0,1,0,1,0,1,0,1,1,1.0,1.0,,,,,,,,,,,,,,,,,,,,
4d90ca3e-c2c1-4236-95d0-6b8129a413d4,17760512,v1.14-1.15,0.0,2.0000808960255743,1,1,1,1,1,1,1,1,1,1,1,1,1,0,1,0,1,0,1,0,1,0,1,0,1,1,1,1,1,0,1,0,1,1,1,1,1.0,1.0,1.0,1.0,1,0,1,0,1,0,1,0,1.0,1.0,1.0,1.0,1.0,1.0,1,0,1,0,1,0,1,0,1,1,1.0,1.0,,,,,,,,,,,,,,,,,,,,
9ce7830b-0c24-4ca1-9453-6ceff70605c5,18350336,v1.16+,0.00890963909675661,1.9818571078245892,1,1,1,0,1,1,1,1,1,0,1,1,1,0,1,0,1,0,1,0,1,0,1,0,1,0,1,1,1,1,1,0,1,0,1,0,,,,,1,1,1,0,1,0,1,0,,,,,,,1,1,1,1,1,0,1,0,1,1,,,1.0,0.0,,,,,,,,,,,,,,,,,,
40216b20-300c-4535-8805-c4dc170110c3,17694975,v1.14-1.15,0.002084395956296983,1.994719756335953,1,1,1,0,1,1,1,1,1,0,1,1,1,0,1,0,1,0,1,0,1,0,1,0,1,0,1,1,1,0,1,0,1,0,1,0,1.0,0.0,1.0,0.0,1,1,1,0,1,0,1,0,1.0,1.0,1.0,0.0,1.0,0.0,1,0,1,0,1,0,1,0,1,0,1.0,0.0,1.0,0.0,,,,,,,,,,,,,,,,,,
6095b197-2db7-41de-927e-299653822fbe,17630207,v1.12-1.13,0.00023486340923937682,1.9999576426881347,1,1,1,0,1,1,1,1,1,0,1,0,1,0,1,0,1,0,1,0,1,0,1,0,1,0,1,1,1,0,1,0,1,0,1,0,,,,,1,1,1,1,1,0,1,0,,,,,,,1,0,1,0,1,0,1,0,1,0,1.0,0.0,1.0,0.0,,,,,,,,,,,,,,,,,,
8a5fd4e0-3f83-42f6-a9d1-c5f1b35e989e,17761023,v1.14-1.15,0.0,2.0000373131961244,1,1,1,1,1,1,1,1,1,1,1,0,1,0,1,0,1,0,1,0,1,0,1,0,1,0,1,1,1,0,1,0,1,0,1,0,1.0,0.0,1.0,0.0,1,1,1,1,1,1,1,1,1.0,1.0,1.0,1.0,1.0,1.0,1,0,1,0,1,0,1,0,1,0,1.0,0.0,,,,,,,,,,,,,,,,,,,,
526c1646-6986-41df-9f45-5fb0f5ca15c2,17826240,v1.16+,0.00023278660302000355,1.999999824626881,1,1,1,1,1,1,1,1,1,1,1,1,1,0,1,0,1,0,1,0,1,0,1,0,1,1,1,1,1,0,1,0,1,0,1,0,,,,,1,1,1,1,1,1,1,1,1.0,1.0,1.0,1.0,1.0,1.0,1,0,1,0,1,0,1,0,1,1,1.0,1.0,,,,,,,,,,,,,,,,,,,,
16a3fcee-96bf-47f2-a958-043e526e728d,17694720,v1.14-1.15,0.00018047185901550405,93.4144521926668,1,0,1,0,1,0,1,0,1,0,1,0,1,1,1,0,1,1,1,1,1,0,1,1,1,0,1,1,1,0,1,0,1,0,1,0,1.0,0.0,1.0,0.0,1,1,1,0,1,0,1,0,1.0,1.0,1.0,0.0,1.0,0.0,1,0,1,0,1,0,1,0,1,0,1.0,0.0,1.0,0.0,,,,,,,,,,,,,,,,,,
270f1a7d-1e57-4fb9-a753-b0dfbe0aa238,17694975,v1.14-1.15,0.0,2.000047683489772,1,0,1,0,1,0,1,0,1,0,1,0,1,0,1,0,1,0,1,0,1,0,1,0,1,0,1,1,1,0,1,0,1,0,1,0,1.0,0.0,1.0,0.0,1,1,1,0,1,0,1,0,1.0,1.0,1.0,0.0,1.0,0.0,1,0,1,0,1,0,1,0,1,0,1.0,0.0,1.0,0.0,,,,,,,,,,,,,,,,,,
7c2d010a-bf84-4a01-935d-14b6774ef214,17695999,v1.14-1.15,0.0,1.9999293268217615,1,0,1,0,1,0,1,0,1,0,1,0,1,0,1,0,1,0,1,1,1,0,1,1,1,0,1,1,1,0,1,0,1,0,1,0,1.0,0.0,1.0,0.0,1,1,1,0,1,0,1,0,1.0,1.0,1.0,0.0,1.0,0.0,1,0,1,0,1,0,1,0,1,0,1.0,0.0,1.0,0.0,,,,,,,,,,,,,,,,,,
090542fd-5c14-44f8-9ff3-e714ab574fa2,17891583,v1.16+,6.034514223063384e-05,2.000010571484449,1,0,1,0,1,0,1,0,1,0,1,0,1,0,1,0,1,0,1,1,1,1,1,1,1,0,1,1,1,0,1,0,1,0,1,0,,,,,1,1,1,1,1,1,1,1,1.0,1.0,1.0,1.0,1.0,1.0,1,0,1,0,1,0,1,0,1,0,1.0,0.0,,,,,,,,,,,,,,,,,,,,
323f7ce5-6a0f-49f5-a057-8e023bb067cd,17826047,v1.16+,0.0,2.000102109019088,1,1,1,1,1,1,1,1,1,1,1,1,1,0,1,0,1,0,1,0,1,0,1,0,1,1,1,1,1,0,1,0,1,1,1,1,,,,,1,1,1,1,1,1,1,1,1.0,1.0,1.0,1.0,1.0,1.0,1,0,1,0,1,0,1,0,1,1,1.0,1.0,,,,,,,,,,,,,,,,,,,,
f31abd41-f7be-425d-8204-b1ab43747a2a,17760768,v1.14-1.15,0.0,2.000000996226911,1,1,1,1,1,1,1,1,1,1,1,1,1,0,1,0,1,0,1,0,1,0,1,0,1,0,1,1,1,0,1,0,1,0,1,0,1.0,0.0,1.0,0.0,1,0,1,0,1,0,1,0,1.0,1.0,1.0,1.0,1.0,1.0,1,0,1,0,1,0,1,0,1,0,1.0,0.0,,,,,,,,,,,,,,,,,,,,
a94a2ad2-c153-4db4-a19a-c4e76d7b2f92,17825984,v1.16+,0.0,2.000165181524553,1,1,1,1,1,1,1,1,1,1,1,1,1,0,1,0,1,0,1,0,1,0,1,0,1,0,1,1,1,0,1,0,1,0,1,0,,,,,1,1,1,1,1,1,1,1,1.0,1.0,1.0,1.0,1.0,1.0,1,0,1,0,1,0,1,0,1,0,1.0,0.0,,,,,,,,,,,,,,,,,,,,
f747561a-29d4-409a-be5b-9c98170fac6f,17695488,v1.14-1.15,0.0,1.9999966666722222,1,0,1,0,1,0,1,0,1,0,1,0,1,0,1,0,1,0,1,1,1,0,1,1,1,0,1,1,1,0,1,0,1,0,1,0,1.0,0.0,1.0,0.0,1,1,1,0,1,0,1,0,1.0,1.0,1.0,0.0,1.0,0.0,1,0,1,0,1,0,1,0,1,0,1.0,0.0,1.0,0.0,,,,,,,,,,,,,,,,,,
85108d66-7200-4251-ad45-16a1ccdd4ce9,17760511,v1.14-1.15,0.0,2.000024476490022,1,1,1,1,1,1,1,1,1,1,1,1,1,0,1,0,1,0,1,0,1,0,1,0,1,0,1,1,1,0,1,0,1,0,1,0,,,,,1,1,1,1,1,1,1,1,1.0,1.0,1.0,1.0,1.0,1.0,1,0,1,0,1,0,1,0,1,0,1.0,0.0,,,,,,,,,,,,,,,,,,,,
19cdaac9-fe2a-4051-8241-76996a7c551a,17761535,v1.14-1.15,0.0,2.0000074070355183,1,1,1,1,1,1,1,1,1,1,1,1,1,0,1,0,1,0,1,0,1,0,1,0,1,0,1,1,1,0,1,0,1,0,1,0,1.0,0.0,1.0,0.0,1,1,1,1,1,1,1,1,1.0,1.0,1.0,1.0,1.0,1.0,1,0,1,0,1,0,1,0,1,0,1.0,0.0,,,,,,,,,,,,,,,,,,,,
370bd431-f14c-4b9a-b24c-d66c34067522,17630207,v1.12-1.13,0.0,1.999985647161826,1,1,1,0,1,1,1,1,1,0,1,0,1,0,1,0,1,0,1,0,1,0,1,0,1,0,1,1,1,0,1,0,1,0,1,0,,,,,1,1,1,1,1,0,1,0,,,,,,,1,0,1,0,1,0,1,0,1,0,1.0,0.0,1.0,0.0,,,,,,,,,,,,,,,,,,
0920f72b-1c9b-4137-a34e-e14686562b30,17761023,v1.14-1.15,0.0,1.9999852980207884,1,1,1,1,1,1,1,1,1,1,1,1,1,0,1,0,1,0,1,0,1,0,1,0,1,0,1,1,1,0,1,0,1,0,1,0,1.0,0.0,1.0,0.0,1,0,1,1,1,1,1,1,1.0,1.0,1.0,1.0,1.0,1.0,1,0,1,0,1,0,1,0,1,0,1.0,0.0,,,,,,,,,,,,,,,,,,,,
b427d520-49fe-4b07-80f6-e4f0902c48aa,17761279,v1.14-1.15,0.0,2.0000257818449527,1,1,1,1,1,1,1,0,1,0,1,0,1,0,1,0,1,0,1,0,1,0,1,0,1,0,1,1,1,0,1,0,1,0,1,0,1.0,0.0,1.0,0.0,1,0,1,0,1,0,1,0,1.0,1.0,1.0,1.0,1.0,1.0,1,0,1,0,1,0,1,0,1,0,1.0,0.0,,,,,,,,,,,,,,,,,,,,
f2172947-e73d-4c77-95cc-fabdba67817a,17825984,v1.16+,0.0005583621878034941,2.0001915231006975,1,0,1,0,1,0,1,0,1,0,1,0,1,0,1,0,1,0,1,1,1,1,1,1,1,0,1,1,1,0,1,0,1,0,1,0,,,,,1,1,1,1,1,1,1,1,1.0,1.0,1.0,1.0,1.0,1.0,1,0,1,0,1,0,1,0,1,0,1.0,0.0,,,,,,,,,,,,,,,,,,,,
5db70bfc-cee4-46f8-a6c5-2181e8a6862e,17695488,v1.14-1.15,0.0,1.9999988235301038,1,0,1,0,1,0,1,0,1,0,1,0,1,0,1,0,1,0,1,0,1,0,1,0,1,0,1,1,1,0,1,0,1,0,1,0,1.0,0.0,1.0,0.0,1,1,1,0,1,0,1,0,1.0,1.0,1.0,0.0,1.0,0.0,1,0,1,0,1,0,1,0,1,0,1.0,0.0,1.0,0.0,,,,,,,,,,,,,,,,,,
88853aa1-30fd-4849-9724-eeed8975f8a1,17760768,v1.14-1.15,0.003676557001946737,1.9941428574001658,1,1,1,1,1,1,1,1,1,1,1,1,1,0,1,0,1,0,1,0,1,0,1,0,1,0,1,1,1,0,1,0,1,0,1,0,1.0,0.0,1.0,0.0,1,1,1,1,1,1,1,1,1.0,1.0,1.0,1.0,1.0,1.0,1,0,1,0,1,0,1,0,1,0,1.0,0.0,,,,,,,,,,,,,,,,,,,,
36c84d97-e6ff-4e43-84c6-27bef8620d9c,17761535,v1.14-1.15,0.0,2.0000005469523736,1,1,1,1,1,1,1,1,1,1,1,1,1,0,1,0,1,0,1,0,1,0,1,0,1,0,1,1,1,0,1,0,1,0,1,0,1.0,0.0,1.0,0.0,1,1,1,1,1,1,1,1,1.0,1.0,1.0,1.0,1.0,1.0,1,0,1,0,1,0,1,0,1,0,1.0,0.0,,,,,,,,,,,,,,,,,,,,
a4f1ba40-0649-48e9-bcd0-cbb84bf20795,17629184,v1.12-1.13,0.00016331267079647396,1.9999166030092899,1,1,1,0,1,1,1,1,1,0,1,1,1,0,1,0,1,0,1,0,1,0,1,0,1,1,1,1,1,0,1,0,1,0,1,0,1.0,0.0,1.0,0.0,1,1,1,0,1,0,1,0,1.0,1.0,1.0,0.0,1.0,0.0,1,0,1,0,1,0,1,0,1,1,1.0,1.0,1.0,0.0,,,,,,,,,,,,,,,,,,
23f46162-5d46-4aea-9a11-8f4ff80e669e,17629695,v1.12-1.13,0.0,2.0000220857139723,1,1,1,0,1,1,1,1,1,0,1,0,1,0,1,0,1,0,1,0,1,0,1,0,1,1,1,1,1,0,1,0,1,0,1,0,,,,,1,1,1,1,1,0,1,0,,,,,,,1,0,1,0,1,0,1,0,1,1,1.0,1.0,1.0,0.0,,,,,,,,,,,,,,,,,,
04c7c25c-8f45-4e61-8226-0d37e889a03c,17695488,v1.14-1.15,0.0,2.0000761089567822,1,0,1,0,1,0,1,0,1,0,1,0,1,0,1,0,1,0,1,0,1,0,1,0,1,0,1,1,1,0,1,0,1,0,1,0,1.0,0.0,1.0,0.0,1,0,1,0,1,0,1,0,1.0,1.0,1.0,0.0,1.0,0.0,1,0,1,0,1,0,1,0,1,0,1.0,0.0,1.0,0.0,,,,,,,,,,,,,,,,,,
888e022c-4c8f-4db0-ace7-29647c17330c,17826047,v1.16+,0.0005043949231316781,2.0000310418041036,1,1,1,1,1,1,1,1,1,1,1,1,1,0,1,0,1,0,1,0,1,0,1,0,1,0,1,1,1,0,1,0,1,0,1,0,,,,,1,1,1,1,1,1,1,1,1.0,1.0,1.0,1.0,1.0,1.0,1,1,1,1,1,0,1,0,1,0,1.0,0.0,,,,,,,,,,,,,,,,,,,,
ed6d33b6-e3ad-47f4-bff6-2d1359bbbacf,17695743,v1.14-1.15,0.003908098502408237,1.9879674150806381,1,1,1,0,1,1,1,1,1,0,1,1,1,0,1,0,1,0,1,0,1,0,1,0,1,0,1,1,1,0,1,0,1,0,1,0,1.0,0.0,1.0,0.0,1,1,1,0,1,0,1,0,1.0,1.0,1.0,0.0,1.0,0.0,1,0,1,0,1,0,1,0,1,0,1.0,0.0,1.0,0.0,,,,,,,,,,,,,,,,,,
0fa5bd1f-f613-4a89-b01d-1beae85e4dde,17629184,v1.12-1.13,0.00026013773721902874,1.9999465245067756,1,1,1,0,1,1,1,1,1,0,1,1,1,0,1,0,1,0,1,0,1,0,1,0,1,1,1,1,1,0,1,0,1,0,1,0,1.0,0.0,1.0,0.0,1,1,1,0,1,0,1,0,1.0,1.0,1.0,0.0,1.0,0.0,1,0,1,0,1,0,1,0,1,1,1.0,1.0,1.0,0.0,,,,,,,,,,,,,,,,,,
ee46bf93-73e5-4c68-a6ed-57f175adae94,17694975,v1.14-1.15,0.0001433394381817236,1.993448714407219,1,0,1,0,1,0,1,0,1,0,1,0,1,0,1,0,1,0,1,0,1,0,1,0,1,0,1,1,1,0,1,0,1,0,1,0,1.0,0.0,1.0,0.0,1,1,1,0,1,0,1,0,1.0,1.0,1.0,0.0,1.0,0.0,1,0,1,0,1,0,1,0,1,0,1.0,0.0,1.0,0.0,,,,,,,,,,,,,,,,,,
18c5bb13-5321-4c12-831d-4b8110d53d63,17760256,v1.14-1.15,0.0,2.0000424376820685,1,1,1,1,1,1,1,1,1,1,1,1,1,0,1,0,1,0,1,0,1,0,1,0,1,0,1,1,1,0,1,0,1,0,1,0,1.0,0.0,1.0,0.0,1,0,1,1,1,1,1,1,1.0,1.0,1.0,1.0,1.0,1.0,1,0,1,0,1,0,1,0,1,0,1.0,0.0,,,,,,,,,,,,,,,,,,,,
0922d344-c989-4bf3-b0c9-749a7b5d6cf0,17694975,v1.14-1.15,0.006334173971700301,1.9865969194974116,1,1,1,0,1,1,1,1,1,0,1,1,1,0,1,0,1,0,1,0,1,0,1,0,1,0,1,1,1,0,1,0,1,0,1,0,1.0,0.0,1.0,0.0,1,1,1,0,1,0,1,0,1.0,1.0,1.0,0.0,1.0,0.0,1,0,1,0,1,0,1,0,1,0,1.0,0.0,1.0,0.0,,,,,,,,,,,,,,,,,,
6e9642e1-347e-46de-a90b-5c17a34bb3e3,17694720,v1.14-1.15,0.0,2.0000665678721328,1,1,1,0,1,1,1,1,1,0,1,1,1,0,1,0,1,0,1,0,1,0,1,0,1,0,1,1,1,0,1,0,1,0,1,0,1.0,0.0,1.0,0.0,1,1,1,0,1,0,1,0,1.0,1.0,1.0,0.0,1.0,0.0,1,0,1,0,1,0,1,0,1,0,1.0,0.0,1.0,0.0,,,,,,,,,,,,,,,,,,
4376cbe2-97fb-4763-b2e7-7f57b017bbb8,17761023,v1.14-1.15,0.0,2.000141087672371,1,1,1,1,1,1,1,1,1,1,1,1,1,0,1,0,1,0,1,0,1,0,1,0,1,0,1,1,1,0,1,0,1,0,1,0,1.0,0.0,1.0,0.0,1,1,1,1,1,1,1,1,1.0,1.0,1.0,1.0,1.0,1.0,1,0,1,0,1,0,1,0,1,0,1.0,0.0,,,,,,,,,,,,,,,,,,,,
e3f34d1f-1556-472f-9973-24f9ca1e1201,17826303,v1.16+,0.0,1.9999980618575481,1,1,1,1,1,1,1,1,1,1,1,1,1,0,1,0,1,0,1,0,1,0,1,0,1,0,1,1,1,0,1,0,1,0,1,0,,,,,1,1,1,1,1,1,1,1,1.0,1.0,1.0,1.0,1.0,1.0,1,0,1,0,1,0,1,0,1,0,1.0,0.0,,,,,,,,,,,,,,,,,,,,
d5dcf2d5-02e0-4c34-876a-f996413df915,17629696,v1.12-1.13,0.0,2.0000033547784706,1,1,1,0,1,1,1,1,1,0,1,1,1,0,1,0,1,0,1,0,1,0,1,0,1,1,1,0,1,0,1,0,1,0,1,0,,,,,1,1,1,0,1,0,1,0,,,,,,,1,0,1,0,1,0,1,0,1,1,1.0,1.0,1.0,0.0,,,,,,,,,,,,,,,,,,
a4410ded-0cfb-481e-9dae-ac98e5685ea4,17629952,v1.12-1.13,0.0,2.000054622676697,1,0,1,0,1,0,1,0,1,0,1,0,1,0,1,0,1,0,1,1,1,0,1,1,1,0,1,0,1,0,1,0,1,0,1,0,,,,,1,1,1,0,1,0,1,0,,,,,,,1,0,1,0,1,0,1,0,1,0,1.0,0.0,1.0,0.0,,,,,,,,,,,,,,,,,,
513e299c-6b6b-4666-a54c-89f10b5a9533,17629184,v1.12-1.13,0.0020658396616440324,1.9922284177166873,1,0,1,0,1,0,1,0,1,0,1,0,1,0,1,0,1,0,1,0,1,0,1,0,1,0,1,1,1,0,1,0,1,0,1,0,1.0,0.0,1.0,0.0,1,0,1,0,1,0,1,0,1.0,1.0,1.0,0.0,1.0,0.0,1,0,1,0,1,0,1,0,1,1,1.0,1.0,1.0,0.0,,,,,,,,,,,,,,,,,,
d3a8c88d-37fa-4ecb-bdfb-eb8dccaeaa35,17695999,v1.14-1.15,0.008348337231184085,1.9998674793696758,1,1,1,0,1,1,1,1,1,0,1,1,1,0,1,0,1,0,1,0,1,0,1,0,1,0,1,1,1,0,1,0,1,0,1,0,1.0,0.0,1.0,0.0,1,1,1,0,1,0,1,0,1.0,1.0,1.0,0.0,1.0,0.0,1,0,1,0,1,0,1,0,1,0,1.0,0.0,1.0,0.0,,,,,,,,,,,,,,,,,,
78bd5f74-48d9-456e-960d-ab18951fab74,17826047,v1.16+,0.0,2.0000579860561425,1,1,1,1,1,1,1,1,1,1,1,0,1,0,1,0,1,0,1,0,1,0,1,0,1,0,1,1,1,0,1,0,1,0,1,0,,,,,1,1,1,1,1,1,1,1,1.0,1.0,1.0,1.0,1.0,1.0,1,0,1,0,1,0,1,0,1,0,1.0,0.0,,,,,,,,,,,,,,,,,,,,
c778a239-8f98-4192-a3f8-9164352a4367,17826047,v1.16+,0.0025053292378738735,1.9904037586437302,1,0,1,0,1,0,1,0,1,0,1,0,1,0,1,0,1,0,1,0,1,0,1,0,1,1,1,1,1,0,1,0,1,0,1,0,,,,,1,1,1,1,1,1,1,1,1.0,1.0,1.0,1.0,1.0,1.0,1,0,1,0,1,0,1,0,1,1,1.0,1.0,,,,,,,,,,,,,,,,,,,,
a52966eb-418a-4cbb-adfe-089919469b17,17630207,v1.12-1.13,0.0,2.00001184876996,1,1,1,0,1,1,1,1,1,0,1,0,1,0,1,0,1,0,1,0,1,0,1,0,1,0,1,1,1,0,1,0,1,0,1,0,,,,,1,1,1,1,1,0,1,0,,,,,,,1,0,1,0,1,0,1,0,1,0,1.0,0.0,1.0,0.0,,,,,,,,,,,,,,,,,,
eb68be1a-31bf-45b3-ac8c-b805f174a3a9,17761535,v1.14-1.15,0.0,2.0001324412021875,1,0,1,0,1,0,1,0,1,0,1,0,1,0,1,0,1,0,1,0,1,0,1,0,1,1,1,1,1,0,1,0,1,1,1,1,1.0,1.0,1.0,1.0,1,1,1,1,1,1,1,1,1.0,1.0,1.0,1.0,1.0,1.0,1,0,1,0,1,0,1,0,1,1,1.0,1.0,,,,,,,,,,,,,,,,,,,,
bb00f7ab-c99d-48d6-865e-235319d01a90,17826047,v1.16+,0.0,2.0000128616211716,1,1,1,1,1,1,1,1,1,1,1,1,1,0,1,0,1,0,1,0,1,0,1,0,1,0,1,1,1,0,1,0,1,0,1,0,,,,,1,1,1,1,1,1,1,1,1.0,1.0,1.0,1.0,1.0,1.0,1,0,1,0,1,0,1,0,1,0,1.0,0.0,,,,,,,,,,,,,,,,,,,,
bfa802b2-6ed7-4a26-afaf-7f732afbc5d3,17825920,v1.16+,0.0,2.0000006532112224,1,1,1,1,1,1,1,1,1,1,1,1,1,0,1,0,1,0,1,0,1,0,1,0,1,0,1,1,1,0,1,0,1,0,1,0,,,,,1,1,1,1,1,1,1,1,1.0,1.0,1.0,1.0,1.0,1.0,1,0,1,0,1,0,1,0,1,0,1.0,0.0,,,,,,,,,,,,,,,,,,,,
5d8526bc-8238-4b05-a357-fc821168030f,17825792,v1.16+,0.0,2.0000420050750667,1,1,1,1,1,1,1,1,1,1,1,1,1,0,1,0,1,0,1,0,1,0,1,0,1,0,1,1,1,0,1,0,1,0,1,0,,,,,1,1,1,1,1,1,1,1,1.0,1.0,1.0,1.0,1.0,1.0,1,0,1,0,1,0,1,0,1,0,1.0,0.0,,,,,,,,,,,,,,,,,,,,
3df1f97a-84e2-40ff-a8ce-fe0dbbc187e9,17629951,v1.12-1.13,0.0,1.999996858452423,1,1,1,0,1,1,1,1,1,0,1,0,1,0,1,0,1,0,1,0,1,0,1,0,1,0,1,1,1,0,1,0,1,0,1,0,,,,,1,1,1,1,1,0,1,0,,,,,,,1,0,1,0,1,0,1,0,1,0,1.0,0.0,1.0,0.0,,,,,,,,,,,,,,,,,,
04f5ffe9-b5a7-4fe6-a33a-860ad92c8a67,17695999,v1.14-1.15,0.013718529032942042,1.9692429067327797,1,1,1,0,1,1,1,1,1,0,1,1,1,0,1,0,1,0,1,0,1,0,1,0,1,0,1,1,1,0,1,0,1,0,1,0,1.0,0.0,1.0,0.0,1,1,1,0,1,0,1,0,1.0,1.0,1.0,0.0,1.0,0.0,1,0,1,0,1,0,1,0,1,0,1.0,0.0,1.0,0.0,,,,,,,,,,,,,,,,,,
12e3310d-0137-43a3-a0a6-4b658de9973f,17761280,v1.14-1.15,0.0,1.9999314911205617,1,1,1,1,1,1,1,1,1,1,1,1,1,0,1,0,1,0,1,0,1,0,1,0,1,0,1,1,1,0,1,0,1,0,1,0,1.0,0.0,1.0,0.0,1,1,1,1,1,1,1,1,1.0,1.0,1.0,1.0,1.0,1.0,1,0,1,0,1,0,1,0,1,1,1.0,1.0,,,,,,,,,,,,,,,,,,,,
bf12af85-5aea-43f7-bdee-6e5dfbc6a2e7,17826047,v1.16+,0.0,2.0000434834015226,1,1,1,1,1,1,1,1,1,1,1,1,1,0,1,0,1,0,1,0,1,0,1,0,1,1,1,1,1,0,1,0,1,0,1,0,,,,,1,1,1,1,1,1,1,1,1.0,1.0,1.0,1.0,1.0,1.0,1,0,1,0,1,0,1,0,1,1,1.0,1.0,,,,,,,,,,,,,,,,,,,,
b4726064-0aaa-4345-a020-afd7dbbe7591,17826047,v1.16+,0.00019488373938501767,2.000165551746034,1,1,1,1,1,1,1,1,1,1,1,1,1,0,1,0,1,0,1,0,1,0,1,0,1,0,1,1,1,0,1,0,1,0,1,0,,,,,1,1,1,1,1,1,1,1,1.0,1.0,1.0,1.0,1.0,1.0,1,0,1,0,1,0,1,0,1,0,1.0,0.0,,,,,,,,,,,,,,,,,,,,
4f00c68b-88f0-40fa-8936-aa2e1e89056a,17694720,v1.14-1.15,0.0,2.0000854230032274,1,1,1,0,1,1,1,1,1,0,1,1,1,0,1,0,1,0,1,0,1,0,1,0,1,0,1,1,1,0,1,0,1,0,1,0,1.0,0.0,1.0,0.0,1,1,1,0,1,0,1,0,,,,,,,1,0,1,0,1,0,1,0,1,0,1.0,0.0,1.0,0.0,,,,,,,,,,,,,,,,,,
0f8ca7fb-d34b-4d2c-a482-3ed772b35796,17170944,v1.12-1.13,0.0,1.9999923111406706,1,1,1,1,1,1,1,1,1,1,1,1,1,0,1,0,1,0,1,0,1,0,1,0,1,0,1,1,1,0,1,0,1,0,1,0,,,,,1,1,1,1,1,1,1,1,1.0,1.0,1.0,1.0,1.0,1.0,1,0,1,0,1,0,1,0,1,0,1.0,0.0,,,,,,,,,,,,,,,,,,,,
fc0f2f2b-1034-44fa-b623-cc09ae3d634c,17761280,v1.14-1.15,0.0,1.9651034797239348,1,1,1,1,1,1,1,1,1,1,1,0,1,0,1,0,1,0,1,0,1,0,1,0,1,1,1,1,1,0,1,0,1,0,1,0,1.0,0.0,1.0,0.0,1,1,1,1,1,1,1,1,1.0,1.0,1.0,1.0,1.0,1.0,1,0,1,0,1,0,1,0,1,1,1.0,1.0,,,,,,,,,,,,,,,,,,,,
cf5c9e27-d7fd-47e1-97ee-5d90b6267986,17826047,v1.16+,0.0,100.01408847562693,1,1,1,1,1,1,1,1,1,1,1,1,1,0,1,0,1,0,1,0,1,0,1,0,1,0,1,1,1,0,1,0,1,0,1,0,,,,,1,1,1,1,1,1,1,1,1.0,1.0,1.0,1.0,1.0,1.0,1,0,1,0,1,0,1,0,1,0,1.0,0.0,,,,,,,,,,,,,,,,,,,,
ac372930-e405-44fa-9ae5-e022b91046cc,17761280,v1.14-1.15,0.0,1.9999906046952989,1,1,1,1,1,1,1,1,1,1,1,1,1,0,1,0,1,0,1,0,1,0,1,0,1,0,1,1,1,0,1,0,1,0,1,0,1.0,0.0,1.0,0.0,1,1,1,1,1,1,1,1,1.0,1.0,1.0,1.0,1.0,1.0,1,0,1,0,1,0,1,0,1,0,1.0,0.0,,,,,,,,,,,,,,,,,,,,
efc5c725-9c2c-46aa-a039-348c749fd8c7,17826240,v1.16+,0.0,2.000088995695478,1,0,1,0,1,0,1,0,1,0,1,0,1,0,1,0,1,0,1,1,1,1,1,1,1,1,1,1,1,0,1,0,1,0,1,0,,,,,1,1,1,0,1,0,1,0,1.0,1.0,1.0,1.0,1.0,1.0,1,0,1,0,1,0,1,0,1,1,1.0,1.0,,,,,,,,,,,,,,,,,,,,
8ed406e3-c1d7-4deb-845e-4a7c3697e0b2,17826240,v1.16+,0.0005448408040823788,2.0000141042090527,1,0,1,0,1,0,1,0,1,0,1,0,1,0,1,0,1,0,1,1,1,1,1,1,1,0,1,1,1,0,1,0,1,0,1,0,,,,,1,1,1,0,1,0,1,0,1.0,1.0,1.0,1.0,1.0,1.0,1,0,1,0,1,0,1,0,1,0,1.0,0.0,,,,,,,,,,,,,,,,,,,,
6d1c54e9-3ed8-4578-a7f7-5073a0ef6549,17695743,v1.14-1.15,0.0,2.0000000063492065,1,1,1,0,1,1,1,1,1,0,1,1,1,0,1,0,1,0,1,0,1,0,1,0,1,0,1,1,1,0,1,0,1,0,1,0,1.0,0.0,1.0,0.0,1,1,1,0,1,0,1,0,1.0,1.0,1.0,0.0,1.0,0.0,1,0,1,0,1,0,1,0,1,0,1.0,0.0,1.0,0.0,,,,,,,,,,,,,,,,,,
b6955fa3-64ba-4785-b9e1-960b591677f8,17761535,v1.14-1.15,0.0,2.0000052867272617,1,0,1,0,1,0,1,0,1,0,1,0,1,0,1,0,1,0,1,0,1,0,1,0,1,1,1,1,1,0,1,0,1,1,1,1,1.0,1.0,1.0,1.0,1,1,1,1,1,1,1,1,1.0,1.0,1.0,1.0,1.0,1.0,1,0,1,0,1,0,1,0,1,1,1.0,1.0,,,,,,,,,,,,,,,,,,,,
dfb3fa4a-6175-4850-987f-6ca01b5c3614,17891392,v1.16+,0.005146460816189901,1.9791364071974622,1,1,1,1,1,1,1,1,1,1,1,1,1,0,1,0,1,0,1,0,1,0,1,0,1,1,1,1,1,0,1,0,1,1,1,1,,,,,1,1,1,1,1,1,1,1,1.0,1.0,1.0,1.0,1.0,1.0,1,1,1,1,1,0,1,0,1,1,1.0,1.0,,,,,,,,,,,,,,,,,,,,
7618772d-5367-4861-882a-3f95ad182d2e,17891583,v1.16+,0.0,1.9998835735649556,1,0,1,0,1,0,1,0,1,0,1,0,1,0,1,0,1,0,1,0,1,0,1,0,1,0,1,1,1,0,1,0,1,0,1,0,,,,,1,0,1,0,1,0,1,0,1.0,1.0,1.0,1.0,1.0,1.0,1,0,1,0,1,0,1,0,1,0,1.0,0.0,,,,,,,,,,,,,,,,,,,,
c73bc56b-883f-4817-bc56-4fbc7fd1f22b,17695743,v1.14-1.15,0.00019330792273073623,2.0000996299628175,1,1,1,0,1,1,1,1,1,0,1,1,1,0,1,0,1,0,1,0,1,0,1,0,1,0,1,1,1,0,1,0,1,0,1,0,1.0,0.0,1.0,0.0,1,1,1,0,1,0,1,0,1.0,1.0,1.0,0.0,1.0,0.0,1,0,1,0,1,0,1,0,1,0,1.0,0.0,1.0,0.0,,,,,,,,,,,,,,,,,,
4cf3da6c-8578-4820-b0bb-3ea7d9a8c999,17629951,v1.12-1.13,0.0,2.0000346437313192,1,1,1,0,1,1,1,1,1,0,1,0,1,0,1,0,1,0,1,0,1,0,1,0,1,0,1,1,1,0,1,0,1,0,1,0,,,,,1,1,1,1,1,0,1,0,,,,,,,1,0,1,0,1,0,1,0,1,0,1.0,0.0,1.0,0.0,,,,,,,,,,,,,,,,,,
0b22b0e7-f082-4a3a-a5f5-e0c27859a3e8,17760767,v1.14-1.15,0.0,2.0001631411259773,1,1,1,1,1,1,1,1,1,1,1,1,1,0,1,0,1,0,1,0,1,0,1,0,1,0,1,1,1,0,1,0,1,0,1,0,1.0,0.0,1.0,0.0,1,1,1,1,1,1,1,1,1.0,1.0,1.0,1.0,1.0,1.0,1,0,1,0,1,0,1,0,1,0,1.0,0.0,,,,,,,,,,,,,,,,,,,,
5d16a86c-a0f1-4ecf-b9ce-0d52b85f3148,17695488,v1.14-1.15,0.0005187236191673968,2.000123211129847,1,0,1,0,1,0,1,0,1,0,1,0,1,0,1,0,1,0,1,0,1,0,1,0,1,0,1,1,1,0,1,0,1,1,1,0,1.0,0.0,1.0,0.0,1,0,1,0,1,0,1,0,1.0,1.0,1.0,0.0,1.0,0.0,1,0,1,0,1,0,1,0,1,1,1.0,1.0,1.0,0.0,,,,,,,,,,,,,,,,,,
58fe47cf-30c0-4d60-b642-1a223af8c255,17498880,v1.12-1.13,0.008517775019919935,5.00006590707913,1,1,1,1,1,1,1,1,1,1,1,0,1,0,1,1,1,0,1,0,1,1,1,0,1,0,1,1,1,0,1,0,1,0,1,1,,,,,1,1,1,0,1,0,1,0,,,,,,,1,0,1,0,1,0,1,0,1,0,,,1.0,0.0,1.0,0.0,1.0,0.0,1.0,0.0,1.0,0.0,1.0,0.0,1.0,0.0,,,,,,
0864a04a-66af-4ff7-aaf0-48d1efb2d5cb,17760768,v1.14-1.15,0.0,2.000000040554242,1,1,1,1,1,1,1,1,1,1,1,1,1,0,1,0,1,0,1,0,1,0,1,0,1,0,1,1,1,0,1,0,1,0,1,0,1.0,0.0,1.0,0.0,1,1,1,1,1,1,1,1,1.0,1.0,1.0,1.0,1.0,1.0,1,0,1,0,1,0,1,0,1,0,1.0,0.0,,,,,,,,,,,,,,,,,,,,
4088d1b5-39e1-49c8-8a34-737588449170,17694975,v1.14-1.15,0.0,2.0000208049192287,1,1,1,0,1,1,1,1,1,0,1,1,1,0,1,0,1,0,1,0,1,0,1,0,1,0,1,1,1,0,1,0,1,0,1,0,1.0,0.0,1.0,0.0,1,1,1,0,1,0,1,0,1.0,1.0,1.0,0.0,1.0,0.0,1,0,1,0,1,0,1,0,1,0,1.0,0.0,1.0,0.0,,,,,,,,,,,,,,,,,,
53c6cba9-157e-4303-9d55-0914e37107f4,17826240,v1.16+,0.0,2.000126720357283,1,0,1,0,1,0,1,0,1,0,1,0,1,0,1,0,1,0,1,0,1,0,1,0,1,0,1,0,1,0,1,0,1,0,1,0,,,,,1,0,1,0,1,0,1,0,1.0,1.0,1.0,1.0,1.0,1.0,1,0,1,0,1,0,1,0,1,0,1.0,0.0,,,,,,,,,,,,,,,,,,,,
074d562d-9e71-4718-8ddd-26ffc614ff7f,17761280,v1.14-1.15,0.0,2.0000721671609174,1,1,1,1,1,1,1,1,1,1,1,1,1,0,1,0,1,0,1,0,1,0,1,0,1,0,1,1,1,0,1,0,1,0,1,0,1.0,0.0,1.0,0.0,1,1,1,0,1,0,1,0,1.0,1.0,1.0,1.0,1.0,1.0,1,0,1,0,1,0,1,0,1,0,1.0,0.0,,,,,,,,,,,,,,,,,,,,
f4e854ec-ac49-4f3b-b84c-efec73f35d48,17761280,v1.14-1.15,0.0,1.9999903795939655,1,1,1,1,1,1,1,1,1,1,1,1,1,0,1,0,1,0,1,0,1,0,1,0,1,0,1,1,1,0,1,0,1,0,1,0,1.0,0.0,1.0,0.0,1,1,1,1,1,1,1,1,1.0,1.0,1.0,1.0,1.0,1.0,1,0,1,0,1,0,1,0,1,0,1.0,0.0,,,,,,,,,,,,,,,,,,,,
292978fc-0e06-44c5-ba7f-6cea7753261e,17695743,v1.14-1.15,0.0,1.9999999781420768,1,1,1,0,1,1,1,1,1,0,1,0,1,0,1,0,1,0,1,0,1,0,1,0,1,1,1,1,1,0,1,0,1,0,1,0,1.0,0.0,1.0,0.0,1,1,1,0,1,0,1,0,1.0,1.0,1.0,0.0,1.0,0.0,1,0,1,0,1,0,1,0,1,1,1.0,1.0,1.0,0.0,,,,,,,,,,,,,,,,,,
a8fca0a8-0c79-4c51-8636-7cfbeded6b0f,17760256,v1.14-1.15,0.0,1.9999460976066192,1,1,1,1,1,1,1,1,1,1,1,0,1,0,1,0,1,0,1,0,1,0,1,0,1,0,1,1,1,0,1,0,1,0,1,0,1.0,0.0,1.0,0.0,1,0,1,0,1,0,1,0,1.0,1.0,1.0,1.0,1.0,1.0,1,0,1,0,1,0,1,0,1,0,1.0,0.0,,,,,,,,,,,,,,,,,,,,
07a88606-8c1f-4b20-af8d-6322826ba684,17630207,v1.12-1.13,0.0011051099843632966,1.999995545333663,1,1,1,0,1,1,1,1,1,0,1,1,1,0,1,0,1,0,1,0,1,0,1,0,1,0,1,0,1,0,1,0,1,0,1,0,,,,,1,1,1,1,1,0,1,0,,,,,,,1,0,1,0,1,0,1,0,1,0,1.0,0.0,1.0,0.0,,,,,,,,,,,,,,,,,,
9902817e-ceae-4965-9a22-aae1ad0652a3,17826559,v1.16+,0.0,2.0000032170264515,1,1,1,1,1,1,1,1,1,1,1,1,1,0,1,0,1,0,1,0,1,0,1,0,1,1,1,1,1,0,1,0,1,1,1,1,,,,,1,0,1,0,1,0,1,0,1.0,1.0,1.0,1.0,1.0,1.0,1,0,1,0,1,0,1,0,1,1,1.0,1.0,,,,,,,,,,,,,,,,,,,,
c118b4d8-a980-43e9-a5b3-2a97359300d8,17760256,v1.14-1.15,0.0,1.9999857691088048,1,1,1,1,1,1,1,1,1,1,1,1,1,0,1,0,1,0,1,0,1,0,1,0,1,0,1,1,1,0,1,0,1,0,1,0,1.0,0.0,1.0,0.0,1,1,1,1,1,1,1,1,1.0,1.0,1.0,1.0,1.0,1.0,1,0,1,0,1,0,1,0,1,0,1.0,0.0,,,,,,,,,,,,,,,,,,,,
e5c70806-3b93-4e57-9003-e17a1fef158f,17761280,v1.14-1.15,0.0,2.0021298018471825,1,1,1,1,1,1,1,1,1,1,1,1,1,0,1,0,1,0,1,0,1,0,1,0,1,0,1,1,1,0,1,0,1,0,1,0,1.0,0.0,1.0,0.0,1,1,1,1,1,1,1,1,1.0,1.0,1.0,1.0,1.0,1.0,1,0,1,0,1,0,1,0,1,0,1.0,1.0,,,,,,,,,,,,,,,,,,,,
c4bc3b52-b03d-4466-9c0c-fee0341a86c8,17760256,v1.14-1.15,0.0,1.9999157759047221,1,1,1,1,1,1,1,1,1,1,1,1,1,0,1,0,1,0,1,0,1,0,1,0,1,0,1,1,1,0,1,0,1,0,1,0,1.0,0.0,1.0,0.0,1,0,1,0,1,0,1,0,1.0,1.0,1.0,1.0,1.0,1.0,1,0,1,0,1,0,1,0,1,0,1.0,0.0,,,,,,,,,,,,,,,,,,,,
7b0c46c1-90aa-4ca3-a90d-cd078bbd4fe0,17695232,v1.14-1.15,0.0,1.999977820718404,1,0,1,0,1,0,1,0,1,0,1,0,1,0,1,0,1,0,1,0,1,0,1,0,1,1,1,1,1,0,1,0,1,1,1,0,1.0,0.0,1.0,0.0,1,1,1,0,1,0,1,0,1.0,1.0,1.0,0.0,1.0,0.0,1,0,1,0,1,0,1,0,1,1,1.0,1.0,1.0,0.0,,,,,,,,,,,,,,,,,,
4b33bfb4-c4d5-4320-8d12-eef48fb12a99,17760256,v1.14-1.15,0.0,2.000091893985838,1,0,1,0,1,0,1,0,1,0,1,0,1,1,1,1,1,1,1,1,1,1,1,1,1,0,1,1,1,0,1,0,1,0,1,0,,,,,1,1,1,0,1,0,1,0,1.0,1.0,1.0,1.0,1.0,1.0,1,0,1,0,1,0,1,0,1,0,1.0,0.0,,,,,,,,,,,,,,,,,,,,
b210f4e1-38e9-4edb-b96b-ef45445351a0,17564416,v1.12-1.13,0.0,2.001066567417732,1,1,1,0,1,1,1,1,1,0,1,1,1,0,1,0,1,0,1,0,1,0,1,0,1,0,1,0,1,0,1,0,1,0,1,0,,,,,1,1,1,1,1,0,1,0,,,,,,,1,0,1,0,1,0,1,0,1,0,,,1.0,0.0,,,,,,,,,,,,,,,,,,
e963199e-1603-4e21-ae2c-d0e3604a743c,17760767,v1.14-1.15,0.0,2.000019094919148,1,1,1,1,1,1,1,1,1,1,1,1,1,0,1,0,1,0,1,0,1,0,1,0,1,0,1,1,1,0,1,0,1,0,1,0,1.0,0.0,1.0,0.0,1,1,1,1,1,1,1,1,1.0,1.0,1.0,1.0,1.0,1.0,1,0,1,0,1,0,1,0,1,0,1.0,0.0,,,,,,,,,,,,,,,,,,,,
2d5a7e53-1aab-4563-bb21-8a5d3bb53b63,17564416,v1.12-1.13,0.0,2.0124594095011785,1,1,1,0,1,1,1,1,1,0,1,0,1,0,1,0,1,0,1,0,1,0,1,0,1,0,1,1,1,0,1,0,1,0,1,0,,,,,1,1,1,1,1,0,1,0,,,,,,,1,0,1,0,1,0,1,0,1,0,,,1.0,0.0,,,,,,,,,,,,,,,,,,
068fe068-6147-4f04-ae56-7328de13bd2e,17761535,v1.14-1.15,0.0005597308405515115,2.000000154385977,1,0,1,0,1,0,1,0,1,0,1,0,1,0,1,0,1,0,1,1,1,1,1,1,1,0,1,1,1,0,1,0,1,0,1,0,1.0,0.0,1.0,0.0,1,1,1,0,1,0,1,0,1.0,1.0,1.0,1.0,1.0,1.0,1,0,1,0,1,0,1,0,1,0,1.0,0.0,,,,,,,,,,,,,,,,,,,,
92d43a08-062f-4fbc-889b-8ba073a547cd,17630207,v1.12-1.13,0.0,2.00001422079077,1,1,1,0,1,1,1,1,1,0,1,0,1,0,1,0,1,0,1,0,1,0,1,0,1,0,1,1,1,0,1,0,1,0,1,0,,,,,1,1,1,1,1,0,1,0,,,,,,,1,0,1,0,1,0,1,0,1,0,1.0,0.0,1.0,0.0,,,,,,,,,,,,,,,,,,
39253c6d-9c72-44d6-9ce0-6be73af62397,17695743,v1.14-1.15,0.0,2.0000830685388054,1,0,1,0,1,0,1,0,1,0,1,0,1,1,1,0,1,1,1,1,1,0,1,1,1,0,1,1,1,0,1,0,1,0,1,0,1.0,0.0,1.0,0.0,1,1,1,0,1,0,1,0,1.0,1.0,1.0,0.0,1.0,0.0,1,0,1,0,1,0,1,0,1,0,1.0,0.0,1.0,0.0,,,,,,,,,,,,,,,,,,
43eb55b4-2ce1-4eea-95e4-4205beedbedf,17694720,v1.14-1.15,0.0,2.0000710637494286,1,1,1,0,1,1,1,1,1,0,1,1,1,0,1,0,1,0,1,0,1,0,1,0,1,0,1,0,1,0,1,0,1,0,1,0,1.0,0.0,1.0,0.0,1,1,1,0,1,0,1,0,1.0,1.0,1.0,0.0,1.0,0.0,1,0,1,0,1,0,1,0,1,0,1.0,0.0,1.0,0.0,,,,,,,,,,,,,,,,,,
1a656d8d-4483-4f7d-b575-505c951c4f7d,17694976,v1.14-1.15,0.0,2.000020550211153,1,1,1,0,1,1,1,1,1,0,1,1,1,0,1,0,1,0,1,0,1,0,1,0,1,0,1,1,1,0,1,0,1,0,1,0,1.0,0.0,1.0,0.0,1,1,1,0,1,0,1,0,1.0,1.0,1.0,0.0,1.0,0.0,1,0,1,0,1,0,1,0,1,0,1.0,0.0,1.0,0.0,,,,,,,,,,,,,,,,,,
47de80e9-1b0f-43aa-a627-482157cfeeb1,17891583,v1.16+,0.0,1.9999985263168754,1,0,1,0,1,0,1,0,1,0,1,0,1,0,1,0,1,0,1,0,1,0,1,0,1,1,1,1,1,0,1,0,1,1,1,1,,,,,1,0,1,0,1,0,1,0,1.0,1.0,1.0,1.0,1.0,1.0,1,0,1,0,1,0,1,0,1,1,1.0,1.0,,,,,,,,,,,,,,,,,,,,
b67610c2-37c8-4d6a-80f0-0d89c33aebf8,17825856,v1.16+,0.0,1.9999968501791767,1,1,1,1,1,1,1,1,1,1,1,1,1,0,1,0,1,0,1,0,1,0,1,0,1,0,1,1,1,0,1,0,1,0,1,0,,,,,1,0,1,1,1,1,1,1,1.0,1.0,1.0,1.0,1.0,1.0,1,0,1,0,1,0,1,0,1,0,1.0,0.0,,,,,,,,,,,,,,,,,,,,
efe4bcf9-9dbe-4ffb-ac57-408685155fc0,17825984,v1.16+,0.0,2.000044423628217,1,1,1,1,1,1,1,1,1,1,1,1,1,0,1,0,1,0,1,0,1,0,1,0,1,0,1,1,1,0,1,0,1,0,1,0,,,,,1,1,1,1,1,1,1,1,1.0,1.0,1.0,1.0,1.0,1.0,1,0,1,0,1,0,1,0,1,0,1.0,0.0,,,,,,,,,,,,,,,,,,,,
83121eaa-4930-4492-bb5d-fdb18588a433,17498880,v1.12-1.13,0.00463692804269106,4.882422036616013,1,1,1,1,1,1,1,1,1,1,1,0,1,0,1,1,1,0,1,0,1,1,1,0,1,0,1,1,1,0,1,0,1,0,1,1,,,,,1,1,1,1,1,0,1,0,,,,,,,1,0,1,0,1,0,1,0,1,0,,,1.0,0.0,1.0,0.0,1.0,0.0,1.0,0.0,1.0,0.0,1.0,0.0,1.0,0.0,,,,,,
b4af2377-31c0-4d8c-8cac-897c4f885704,17760256,v1.14-1.15,0.0,2.0000854951799805,1,1,1,1,1,1,1,1,1,1,1,1,1,0,1,0,1,0,1,0,1,0,1,0,1,0,1,1,1,0,1,0,1,0,1,0,,,,,1,1,1,1,1,1,1,1,1.0,1.0,1.0,1.0,1.0,1.0,1,0,1,0,1,0,1,0,1,0,1.0,0.0,,,,,,,,,,,,,,,,,,,,
72ce8a6b-3b6e-4df2-902d-5db7b45422ce,17761280,v1.14-1.15,0.0,2.0000676114809814,1,0,1,0,1,0,1,0,1,0,1,0,1,0,1,0,1,0,1,0,1,0,1,0,1,1,1,1,1,0,1,0,1,1,1,1,1.0,1.0,1.0,1.0,1,1,1,1,1,1,1,1,1.0,1.0,1.0,1.0,1.0,1.0,1,0,1,0,1,0,1,0,1,1,1.0,1.0,,,,,,,,,,,,,,,,,,,,
c288dfd1-aa44-48c0-8715-33d4a9d010d7,17629951,v1.12-1.13,0.0,1.999969729966341,1,1,1,0,1,1,1,1,1,0,1,0,1,0,1,0,1,0,1,0,1,0,1,0,1,0,1,1,1,0,1,0,1,0,1,0,,,,,1,1,1,1,1,0,1,0,,,,,,,1,0,1,0,1,0,1,0,1,0,1.0,0.0,1.0,0.0,,,,,,,,,,,,,,,,,,
81309e89-8e59-4642-a274-f8d50e964144,17695488,v1.14-1.15,0.0,1.9999977475753523,1,1,1,0,1,1,1,1,1,0,1,1,1,0,1,0,1,0,1,0,1,0,1,0,1,0,1,1,1,0,1,0,1,0,1,0,1.0,0.0,1.0,0.0,1,1,1,0,1,0,1,0,1.0,1.0,1.0,0.0,1.0,0.0,1,0,1,0,1,0,1,0,1,0,1.0,0.0,1.0,0.0,,,,,,,,,,,,,,,,,,
acd013d4-8ddc-4f03-ad0a-a156c72491ce,17695488,v1.14-1.15,0.0033917898319551923,2.0019744393464625,1,0,1,0,1,0,1,0,1,0,1,0,1,0,1,0,1,0,1,0,1,0,1,0,1,1,1,1,1,0,1,0,1,1,1,0,1.0,0.0,1.0,0.0,1,1,1,0,1,0,1,0,1.0,1.0,1.0,0.0,1.0,0.0,1,0,1,0,1,0,1,0,1,1,1.0,1.0,1.0,0.0,,,,,,,,,,,,,,,,,,
dfeacbf5-94d1-4594-9184-017e9a947bed,17760256,v1.14-1.15,0.0,2.0002004980082417,1,1,1,1,1,1,1,1,1,1,1,1,1,0,1,0,1,0,1,0,1,0,1,0,1,0,1,1,1,0,1,0,1,0,1,0,1.0,0.0,1.0,0.0,1,1,1,0,1,0,1,0,1.0,1.0,1.0,1.0,1.0,1.0,1,0,1,0,1,0,1,0,1,0,1.0,0.0,,,,,,,,,,,,,,,,,,,,
02a81b8e-3e62-446b-b7df-cbe6fffdfd67,17826303,v1.16+,0.0,2.0000030476236916,1,0,1,0,1,0,1,0,1,0,1,0,1,0,1,0,1,0,1,0,1,0,1,0,1,0,1,1,1,0,1,0,1,0,1,0,,,,,1,0,1,0,1,0,1,0,1.0,1.0,1.0,1.0,1.0,1.0,1,0,1,0,1,0,1,0,1,0,1.0,0.0,,,,,,,,,,,,,,,,,,,,
18225ecb-143f-4a25-8361-6bbbfdfa9056,17695487,v1.14-1.15,0.0,2.000088360492763,1,0,1,0,1,0,1,0,1,0,1,0,1,0,1,0,1,0,1,1,1,0,1,1,1,0,1,1,1,0,1,0,1,0,1,0,1.0,0.0,1.0,0.0,1,1,1,0,1,0,1,0,1.0,1.0,1.0,0.0,1.0,0.0,1,0,1,0,1,0,1,0,1,0,1.0,0.0,1.0,0.0,,,,,,,,,,,,,,,,,,
446fb8ee-32eb-489c-8ae8-d9621d32333e,17760256,v1.14-1.15,0.0,2.000073958939241,1,1,1,1,1,1,1,1,1,1,1,1,1,0,1,0,1,0,1,0,1,0,1,0,1,0,1,1,1,0,1,0,1,0,1,0,1.0,0.0,1.0,0.0,1,1,1,1,1,1,1,1,1.0,1.0,1.0,1.0,1.0,1.0,1,0,1,0,1,0,1,0,1,0,1.0,0.0,,,,,,,,,,,,,,,,,,,,
52fa5363-27ac-486c-9525-24cfae5e002a,17826047,v1.16+,0.000625655149214355,2.0000351483626386,1,1,1,1,1,1,1,1,1,1,1,1,1,0,1,0,1,0,1,0,1,0,1,0,1,1,1,1,1,0,1,0,1,0,1,0,,,,,1,1,1,1,1,1,1,1,1.0,1.0,1.0,1.0,1.0,1.0,1,0,1,0,1,0,1,0,1,1,1.0,1.0,,,,,,,,,,,,,,,,,,,,
5ec0943f-4f2e-43f2-897c-580afdb027b7,17761280,v1.14-1.15,0.0,2.000265109763802,1,1,1,1,1,1,1,1,1,1,1,1,1,0,1,0,1,0,1,0,1,0,1,0,1,1,1,1,1,0,1,0,1,1,1,1,1.0,1.0,1.0,1.0,1,1,1,1,1,1,1,1,1.0,1.0,1.0,1.0,1.0,1.0,1,0,1,0,1,0,1,0,1,1,1.0,1.0,,,,,,,,,,,,,,,,,,,,
20cabfd7-e1f8-4472-b663-df9495acc60e,17761023,v1.14-1.15,0.0,1.9998899892447932,1,1,1,1,1,1,1,1,1,1,1,1,1,0,1,0,1,0,1,0,1,0,1,0,1,1,1,1,1,0,1,0,1,1,1,1,1.0,1.0,1.0,1.0,1,0,1,1,1,1,1,1,1.0,1.0,1.0,1.0,1.0,1.0,1,0,1,0,1,0,1,0,1,0,1.0,1.0,,,,,,,,,,,,,,,,,,,,
1b8337a6-990e-42ed-88ff-1cd9348e4424,17826047,v1.16+,0.0,1.9999999425287374,1,1,1,1,1,1,1,1,1,1,1,0,1,0,1,0,1,0,1,0,1,0,1,0,1,0,1,1,1,0,1,0,1,0,1,0,,,,,1,1,1,1,1,1,1,1,1.0,1.0,1.0,1.0,1.0,1.0,1,0,1,0,1,0,1,0,1,0,1.0,0.0,,,,,,,,,,,,,,,,,,,,
f6700109-25da-47e6-b870-27afe7402667,17825984,v1.16+,0.0,100.00442086648984,1,1,1,1,1,1,1,1,1,1,1,1,1,0,1,0,1,0,1,0,1,0,1,0,1,0,1,1,1,0,1,0,1,0,1,0,,,,,1,1,1,1,1,1,1,1,1.0,1.0,1.0,1.0,1.0,1.0,1,0,1,0,1,0,1,0,1,0,1.0,0.0,,,,,,,,,,,,,,,,,,,,
e001d546-69fb-460e-8546-1b0dbf7183ef,17760256,v1.14-1.15,0.0,2.000014906550956,1,0,1,0,1,0,1,0,1,0,1,0,1,0,1,0,1,0,1,0,1,0,1,0,1,0,1,1,1,0,1,0,1,0,1,0,1.0,1.0,1.0,1.0,1,0,1,0,1,0,1,0,1.0,1.0,1.0,1.0,1.0,1.0,1,0,1,0,1,0,1,0,1,1,1.0,1.0,,,,,,,,,,,,,,,,,,,,
