log_id,ver_sw,band,dropout_frac,rate_ratios,present_gps_hvel[0],varying_gps_hvel[0],present_gps_hvel[1],varying_gps_hvel[1],present_gps_vvel,varying_gps_vvel,present_gps_hpos[0],varying_gps_hpos[0],present_gps_hpos[1],varying_gps_hpos[1],present_gps_vpos,varying_gps_vpos,present_ev_hvel[0],varying_ev_hvel[0],present_ev_hvel[1],varying_ev_hvel[1],present_ev_vvel,varying_ev_vvel,present_ev_hpos[0],varying_ev_hpos[0],present_ev_hpos[1],varying_ev_hpos[1],present_ev_vpos,varying_ev_vpos,present_rng_vpos,varying_rng_vpos,present_baro_vpos,varying_baro_vpos,present_aux_hvel[0],varying_aux_hvel[0],present_aux_hvel[1],varying_aux_hvel[1],present_flow[0],varying_flow[0],present_flow[1],varying_flow[1],present_heading,varying_heading,present_mag_field[0],varying_mag_field[0],present_mag_field[1],varying_mag_field[1],present_mag_field[2],varying_mag_field[2],present_gravity[0],varying_gravity[0],present_gravity[1],varying_gravity[1],present_gravity[2],varying_gravity[2],present_drag[0],varying_drag[0],present_drag[1],varying_drag[1],present_airspeed,varying_airspeed,present_beta,varying_beta,present_hagl,varying_hagl,present_hagl_rate,varying_hagl_rate,present_terr_flow[0],varying_terr_flow[0],present_terr_flow[1],varying_terr_flow[1],present_aux_vvel,varying_aux_vvel,present_fake_hvel[0],varying_fake_hvel[0],present_fake_hvel[1],varying_fake_hvel[1],present_fake_vvel,varying_fake_vvel,present_fake_hpos[0],varying_fake_hpos[0],present_fake_hpos[1],varying_fake_hpos[1],present_fake_vpos,varying_fake_vpos,present_is_baro_fluctuation,varying_is_baro_fluctuation,present_aux_hpos[0],varying_aux_hpos[0],present_aux_hpos[1],varying_aux_hpos[1],present_aux_vpos,varying_aux_vpos
c55acf7a-cba7-496c-b90b-65942f7a5dfc,17825984,v1.16+,0.0,1.9998374886158843,1,1,1,1,1,1,1,1,1,1,1,1,1,0,1,0,1,0,1,0,1,0,1,0,1,0,1,1,1,0,1,0,1,0,1,0,1,1,1,1,1,1,1,1,1.0,1.0,1.0,1.0,1.0,1.0,1,0,1,0,1,0,1,0,1,0,1.0,0.0,,,,,,,,,,,,,,,,,,,,,,,,,,
c02fee6c-80dc-4531-9707-e8584dcb90db,17760256,v1.14-1.15,0.0,2.00002807369249,1,1,1,1,1,1,1,1,1,1,1,1,1,0,1,0,1,0,1,0,1,0,1,0,1,0,1,1,1,0,1,0,1,0,1,0,1,1,1,1,1,1,1,1,1.0,1.0,1.0,1.0,1.0,1.0,1,0,1,0,1,0,1,0,1,1,1.0,1.0,1.0,0.0,1.0,0.0,,,,,,,,,,,,,,,,,,,,,,
464e089d-2646-4f69-81ee-f50e1df24dcc,17695488,v1.14-1.15,0.0,2.000060416639845,1,1,1,0,1,1,1,1,1,0,1,1,1,0,1,0,1,0,1,0,1,0,1,0,1,0,1,1,1,0,1,0,1,0,1,0,1,0,1,0,1,0,1,0,1.0,1.0,1.0,0.0,1.0,0.0,1,0,1,0,1,0,1,0,1,0,1.0,0.0,1.0,0.0,1.0,0.0,1.0,0.0,,,,,,,,,,,,,,,,,,,,
83c4053f-ece0-4afb-83eb-81bac9929e4b,17826240,v1.16+,0.003991937479102217,1.996061249231068,1,1,1,1,1,1,1,1,1,1,1,1,1,0,1,0,1,0,1,0,1,0,1,0,1,0,1,1,1,0,1,0,1,0,1,0,1,1,1,1,1,1,1,1,1.0,1.0,1.0,1.0,1.0,1.0,1,0,1,0,1,0,1,0,1,0,1.0,0.0,,,,,,,,,,,,,,,,,,,,,,,,,,
200d6850-97e0-4faf-a61a-a1c099674554,17826559,v1.16+,0.0,1.99998225015753,1,1,1,1,1,1,1,1,1,1,1,1,1,0,1,0,1,0,1,0,1,0,1,0,1,0,1,1,1,0,1,0,1,0,1,0,1,1,1,0,1,0,1,0,1.0,1.0,1.0,1.0,1.0,1.0,1,0,1,0,1,0,1,0,1,0,1.0,0.0,,,,,,,,,,,,,,,,,,,,,,,,,,
00cfda5f-2d00-449d-b7d6-217e462b2090,17695743,v1.14-1.15,0.0,2.0000715214085516,1,0,1,0,1,0,1,0,1,0,1,0,1,0,1,0,1,0,1,0,1,0,1,0,1,0,1,1,1,0,1,0,1,0,1,0,1,1,1,0,1,0,1,0,1.0,1.0,1.0,0.0,1.0,0.0,1,0,1,0,1,0,1,0,1,0,1.0,0.0,1.0,0.0,1.0,0.0,1.0,0.0,,,,,,,,,,,,,,,,,,,,
99fa3ea9-dce9-40d7-ae07-3209dab79e53,17694720,v1.14-1.15,0.0,2.000030473250655,1,0,1,0,1,0,1,0,1,0,1,0,1,0,1,0,1,0,1,1,1,0,1,1,1,0,1,1,1,0,1,0,1,0,1,0,1,0,1,0,1,0,1,0,1.0,1.0,1.0,0.0,1.0,0.0,1,0,1,0,1,0,1,0,1,0,1.0,0.0,1.0,0.0,1.0,0.0,1.0,0.0,,,,,,,,,,,,,,,,,,,,
58ae4905-9cda-49cb-a9e3-0e16f040a229,17629696,v1.12-1.13,0.017417360411688326,1.973994533514336,1,1,1,0,1,1,1,1,1,0,1,1,1,0,1,0,1,0,1,0,1,0,1,0,1,1,1,0,1,0,1,0,1,0,1,0,1,1,1,0,1,0,1,0,,,,,,,1,0,1,0,1,0,1,0,1,1,1.0,1.0,,,,,1.0,0.0,,,,,,,,,,,,,,,,,,,,
5a6008a9-093e-45a6-92f7-3d45d6fcbf27,17891583,v1.16+,0.0,2.0000348953456744,1,1,1,1,1,1,1,1,1,1,1,1,1,0,1,0,1,0,1,0,1,0,1,0,1,0,1,1,1,0,1,0,1,0,1,0,1,1,1,1,1,1,1,1,1.0,1.0,1.0,1.0,1.0,1.0,1,0,1,0,1,0,1,0,1,0,1.0,0.0,,,,,,,,,,,,,,,,,,,,,,,,,,
edaf70d0-315a-4760-8f38-0edb5c3332ad,17694720,v1.14-1.15,0.0,2.0000036223841833,1,1,1,0,1,1,1,1,1,0,1,1,1,0,1,0,1,0,1,0,1,0,1,0,1,0,1,1,1,0,1,0,1,0,1,0,1,0,1,0,1,0,1,0,1.0,1.0,1.0,0.0,1.0,0.0,1,0,1,0,1,0,1,0,1,0,1.0,0.0,1.0,0.0,1.0,0.0,1.0,0.0,,,,,,,,,,,,,,,,,,,,
23813612-8ced-4e26-a400-618adffce731,17695744,v1.14-1.15,0.0,1.999938362212983,1,0,1,0,1,0,1,0,1,0,1,0,1,0,1,0,1,0,1,0,1,0,1,0,1,1,1,1,1,0,1,0,1,1,1,0,1,1,1,0,1,0,1,0,1.0,1.0,1.0,0.0,1.0,0.0,1,0,1,0,1,0,1,0,1,1,1.0,1.0,1.0,0.0,1.0,0.0,1.0,0.0,,,,,,,,,,,,,,,,,,,,
13c9a91c-cb07-49ed-81fb-aa904df31177,17694720,v1.14-1.15,0.0,2.0007831900088253,1,1,1,0,1,1,1,1,1,0,1,1,1,0,1,0,1,0,1,0,1,0,1,0,1,0,1,1,1,0,1,0,1,0,1,0,1,1,1,0,1,0,1,0,1.0,1.0,1.0,0.0,1.0,0.0,1,0,1,0,1,0,1,0,1,0,1.0,0.0,1.0,0.0,1.0,0.0,1.0,0.0,,,,,,,,,,,,,,,,,,,,
72a6643a-39f9-4b09-bec4-f7a370c5ad63,17694976,v1.14-1.15,0.01434023616264862,1.967432321034693,1,0,1,0,1,0,1,0,1,0,1,0,1,0,1,0,1,0,1,1,1,0,1,1,1,1,1,1,1,0,1,0,1,1,1,0,1,1,1,0,1,0,1,0,1.0,1.0,1.0,0.0,1.0,0.0,1,0,1,0,1,0,1,0,1,1,1.0,1.0,1.0,1.0,1.0,0.0,1.0,0.0,,,,,,,,,,,,,,,,,,,,
dd2c08a4-61df-4e05-a470-f1302b05f238,17694975,v1.14-1.15,0.0,1.99999406300975,1,1,1,0,1,1,1,1,1,0,1,1,1,0,1,0,1,0,1,0,1,0,1,0,1,0,1,1,1,0,1,0,1,0,1,0,1,1,1,0,1,0,1,0,1.0,1.0,1.0,0.0,1.0,0.0,1,0,1,0,1,0,1,0,1,0,1.0,0.0,1.0,0.0,1.0,0.0,1.0,0.0,,,,,,,,,,,,,,,,,,,,
71f59bbf-2dc5-4ca3-9e8e-dc87d359f0f5,17761280,v1.14-1.15,0.0,2.0000016782348466,1,1,1,1,1,1,1,1,1,1,1,1,1,0,1,0,1,0,1,0,1,0,1,0,1,1,1,1,1,0,1,0,1,1,1,1,1,0,1,1,1,1,1,1,1.0,1.0,1.0,1.0,1.0,1.0,1,0,1,0,1,0,1,0,1,1,1.0,1.0,1.0,1.0,1.0,1.0,,,,,,,,,,,,,,,,,,,,,,
ab68d95f-f9c5-4ed6-aa3d-30fa20d11431,17564416,v1.12-1.13,0.0,2.004093954951199,1,0,1,0,1,0,1,0,1,0,1,0,1,0,1,0,1,0,1,1,1,0,1,1,1,0,1,0,1,0,1,0,1,0,1,0,1,1,1,0,1,0,1,0,,,,,,,1,0,1,0,1,0,1,0,1,0,,,,,,,1.0,0.0,,,,,,,,,,,,,,,,,,,,
e8881daf-6f22-467e-bd5e-be46f1cb448b,17825984,v1.16+,0.0,2.0003438485794454,1,1,1,1,1,1,1,1,1,1,1,1,1,0,1,0,1,0,1,0,1,0,1,0,1,0,1,1,1,0,1,0,1,0,1,0,1,1,1,1,1,1,1,1,1.0,1.0,1.0,1.0,1.0,1.0,1,0,1,0,1,0,1,0,1,0,1.0,0.0,,,,,,,,,,,,,,,,,,,,,,,,,,
0beac74b-2e0c-409f-8b7b-b19d1259bd15,17826047,v1.16+,0.0,2.0000003054545923,1,0,1,0,1,0,1,0,1,0,1,0,1,0,1,0,1,0,1,1,1,1,1,1,1,0,1,1,1,0,1,0,1,0,1,0,1,1,1,0,1,0,1,0,1.0,1.0,1.0,1.0,1.0,1.0,1,0,1,0,1,0,1,0,1,0,1.0,0.0,,,,,,,,,,,,,,,,,,,,,,,,,,
b37ac06e-ddd9-4a42-b25e-ca63e11ec7b8,17826240,v1.16+,0.015069228975493943,1.9659150736702098,1,1,1,1,1,1,1,1,1,1,1,1,1,0,1,0,1,0,1,0,1,0,1,0,1,1,1,1,1,0,1,0,1,0,1,0,1,1,1,1,1,1,1,1,1.0,1.0,1.0,1.0,1.0,1.0,1,0,1,0,1,0,1,0,1,1,1.0,1.0,,,,,,,,,,,,,,,,,,,,,,,,,,
d052a715-ba55-4d9f-bc64-4aa3d27694bb,17694975,v1.14-1.15,0.0007414364137320713,2.0000061965509905,1,0,1,0,1,0,1,0,1,0,1,0,1,0,1,0,1,0,1,0,1,0,1,0,1,0,1,1,1,0,1,0,1,0,1,0,1,1,1,0,1,0,1,0,1.0,1.0,1.0,0.0,1.0,0.0,1,0,1,0,1,0,1,0,1,0,1.0,0.0,1.0,0.0,1.0,0.0,1.0,0.0,,,,,,,,,,,,,,,,,,,,
4ab2548f-7562-4926-bbb5-a37484187a2f,17891583,v1.16+,0.0,99.98403377743085,1,1,1,1,1,1,1,1,1,1,1,1,1,0,1,0,1,0,1,0,1,0,1,0,1,0,1,1,1,0,1,0,1,0,1,0,1,1,1,1,1,1,1,1,1.0,1.0,1.0,1.0,1.0,1.0,1,0,1,0,1,0,1,0,1,0,1.0,0.0,,,,,,,,,,,,,,,,,,,,,,,,,,
cd48b14d-86cd-4bdc-95a2-0d1eee7d4552,17629951,v1.12-1.13,0.0,2.000058674618501,1,0,1,0,1,0,1,0,1,0,1,0,1,0,1,0,1,0,1,0,1,0,1,0,1,1,1,1,1,0,1,0,1,1,1,0,1,1,1,1,1,0,1,0,,,,,,,1,0,1,0,1,0,1,0,1,1,1.0,1.0,,,,,1.0,0.0,,,,,,,,,,,,,,,,,,,,
244b38ca-052f-4566-8d9e-0cf19915a3ef,17564159,v1.12-1.13,0.010668833453449142,1.9895246709331431,1,1,1,0,1,1,1,1,1,0,1,0,1,0,1,0,1,0,1,0,1,0,1,0,1,0,1,1,1,0,1,0,1,0,1,0,1,1,1,0,1,0,1,0,,,,,,,1,0,1,0,1,0,1,0,1,0,,,,,,,1.0,0.0,,,,,,,,,,,,,,,,,,,,
cbd40b87-beb1-4e8a-84bc-90d61bd3f289,17761280,v1.14-1.15,0.0,2.0001854888995836,1,1,1,1,1,1,1,1,1,1,1,1,1,0,1,0,1,0,1,0,1,0,1,0,1,0,1,1,1,0,1,0,1,0,1,0,1,1,1,1,1,1,1,1,1.0,1.0,1.0,1.0,1.0,1.0,1,0,1,0,1,0,1,0,1,0,1.0,0.0,1.0,0.0,1.0,0.0,,,,,,,,,,,,,,,,,,,,,,
62e96c4e-28d0-46f3-9524-7d13cfaca815,17695743,v1.14-1.15,0.0,2.0000567349427145,1,1,1,0,1,1,1,1,1,0,1,1,1,0,1,0,1,0,1,0,1,0,1,0,1,0,1,1,1,0,1,0,1,0,1,0,1,0,1,0,1,0,1,0,1.0,1.0,1.0,0.0,1.0,0.0,1,0,1,0,1,0,1,0,1,0,1.0,0.0,1.0,0.0,1.0,0.0,1.0,0.0,,,,,,,,,,,,,,,,,,,,
43546f7e-dec1-470e-88aa-040660390d0d,17760511,v1.14-1.15,0.0,2.000018663871273,1,0,1,0,1,0,1,0,1,0,1,0,1,0,1,0,1,0,1,0,1,0,1,1,1,1,1,1,1,0,1,0,1,0,1,0,1,1,1,1,1,1,1,1,1.0,1.0,1.0,1.0,1.0,1.0,1,0,1,0,1,0,1,0,1,1,1.0,1.0,1.0,0.0,1.0,0.0,,,,,,,,,,,,,,,,,,,,,,
1805a441-359f-4cde-b7f5-d65b410b0873,17761280,v1.14-1.15,0.00022084422652499854,1.9999229868365958,1,1,1,1,1,1,1,1,1,1,1,0,1,0,1,0,1,0,1,0,1,0,1,0,1,0,1,1,1,0,1,0,1,0,1,0,1,1,1,1,1,1,1,1,1.0,1.0,1.0,1.0,1.0,1.0,1,0,1,0,1,0,1,0,1,0,1.0,0.0,1.0,0.0,1.0,0.0,,,,,,,,,,,,,,,,,,,,,,
28c0ebd6-e77b-4465-b9af-2101ad29ae57,17629952,v1.12-1.13,0.0,2.0000005854923995,1,0,1,0,1,0,1,0,1,0,1,0,1,0,1,0,1,0,1,1,1,0,1,1,1,0,1,0,1,0,1,0,1,0,1,0,1,1,1,0,1,0,1,0,,,,,,,1,0,1,0,1,0,1,0,1,0,1.0,0.0,,,,,1.0,0.0,,,,,,,,,,,,,,,,,,,,
2d05677f-4db8-42be-a4bc-1c2f11bbe3a2,17695488,v1.14-1.15,0.0,2.0002102146853775,1,0,1,0,1,0,1,0,1,0,1,0,1,0,1,0,1,0,1,1,1,0,1,1,1,0,1,0,1,0,1,0,1,0,1,0,1,1,1,0,1,0,1,0,1.0,1.0,1.0,0.0,1.0,0.0,1,0,1,0,1,0,1,0,1,0,1.0,0.0,1.0,0.0,1.0,0.0,1.0,0.0,,,,,,,,,,,,,,,,,,,,
e2a28d4e-c11f-4703-a205-bec3b51d1859,17695488,v1.14-1.15,0.0,2.000109286759649,1,0,1,0,1,0,1,0,1,0,1,0,1,0,1,0,1,0,1,1,1,0,1,1,1,0,1,1,1,0,1,0,1,0,1,0,1,1,1,0,1,0,1,0,1.0,1.0,1.0,0.0,1.0,0.0,1,0,1,0,1,0,1,0,1,1,1.0,1.0,1.0,0.0,1.0,0.0,1.0,0.0,,,,,,,,,,,,,,,,,,,,
cbd7d7e7-295e-4504-9946-e84c1379ce32,17695743,v1.14-1.15,0.0034237363303047342,2.000195033509934,1,1,1,0,1,1,1,1,1,0,1,1,1,0,1,0,1,0,1,0,1,0,1,0,1,0,1,1,1,0,1,0,1,0,1,0,1,1,1,0,1,0,1,0,1.0,1.0,1.0,0.0,1.0,0.0,1,0,1,0,1,0,1,0,1,0,1.0,0.0,1.0,0.0,1.0,0.0,1.0,0.0,,,,,,,,,,,,,,,,,,,,
afd1defc-46ec-4e73-ad65-6327ffef5b25,17629952,v1.12-1.13,0.0,2.0000856356665766,1,0,1,0,1,0,1,0,1,0,1,0,1,0,1,0,1,0,1,1,1,0,1,1,1,0,1,0,1,0,1,0,1,0,1,0,1,1,1,0,1,0,1,0,,,,,,,1,0,1,0,1,0,1,0,1,0,1.0,0.0,,,,,1.0,0.0,,,,,,,,,,,,,,,,,,,,
cdeca50c-c1d6-43a1-bb15-2f0d7440eafb,17760384,v1.14-1.15,0.0,2.000213875810162,1,0,1,0,1,0,1,0,1,0,1,0,1,0,1,0,1,0,1,0,1,0,1,0,1,0,1,1,1,0,1,0,1,0,1,0,1,0,1,0,1,0,1,0,1.0,1.0,1.0,1.0,1.0,1.0,1,0,1,0,1,0,1,0,1,0,1.0,0.0,,,,,,,,,,,,,,,,,,,,,,,,,,
af2b50a9-bc60-4fed-9b71-1c3b39f07a74,17630207,v1.12-1.13,0.0,2.0000738955873207,1,1,1,0,1,1,1,1,1,0,1,0,1,0,1,0,1,0,1,0,1,0,1,0,1,0,1,1,1,0,1,0,1,0,1,0,1,1,1,0,1,0,1,0,,,,,,,1,0,1,0,1,0,1,0,1,0,1.0,0.0,,,,,1.0,0.0,,,,,,,,,,,,,,,,,,,,
217c4ea3-b2ca-4291-b065-50192584aad0,17629952,v1.12-1.13,0.0,2.000080811484294,1,0,1,0,1,0,1,0,1,0,1,0,1,0,1,0,1,0,1,1,1,0,1,1,1,0,1,1,1,0,1,0,1,0,1,0,1,1,1,0,1,0,1,0,,,,,,,1,0,1,0,1,0,1,0,1,0,1.0,0.0,,,,,1.0,0.0,,,,,,,,,,,,,,,,,,,,
8c76125d-d89d-4ad3-bd7e-156ba70cfad0,17826047,v1.16+,0.0,2.0000537399054883,1,1,1,1,1,1,1,1,1,1,1,1,1,0,1,0,1,0,1,0,1,0,1,0,1,0,1,1,1,0,1,0,1,0,1,0,1,1,1,1,1,1,1,1,1.0,1.0,1.0,1.0,1.0,1.0,1,0,1,0,1,0,1,0,1,0,1.0,0.0,,,,,,,,,,,,,,,,,,,,,,,,,,
79d7c13d-dbcb-453d-9aa5-a1ea095261bb,17629696,v1.12-1.13,0.0,1.9999569041544523,1,1,1,0,1,1,1,1,1,0,1,0,1,0,1,0,1,0,1,0,1,0,1,0,1,0,1,1,1,0,1,0,1,0,1,0,1,1,1,0,1,0,1,0,,,,,,,1,0,1,0,1,0,1,0,1,0,1.0,0.0,,,,,1.0,0.0,,,,,,,,,,,,,,,,,,,,
23a877dd-053f-438d-bde0-4de7a5d90259,17629952,v1.12-1.13,0.0,2.000069774421121,1,0,1,0,1,0,1,0,1,0,1,0,1,0,1,0,1,0,1,1,1,0,1,1,1,0,1,0,1,0,1,0,1,0,1,0,1,1,1,0,1,0,1,0,,,,,,,1,0,1,0,1,0,1,0,1,0,1.0,0.0,,,,,1.0,0.0,,,,,,,,,,,,,,,,,,,,
de0c05ac-b500-43a4-82df-7661b576cc4d,17761535,v1.14-1.15,0.0,2.0014255940517534,1,1,1,1,1,1,1,1,1,1,1,1,1,0,1,0,1,0,1,0,1,0,1,0,1,0,1,1,1,0,1,0,1,0,1,0,1,1,1,1,1,1,1,1,1.0,1.0,1.0,1.0,1.0,1.0,1,1,1,1,1,0,1,0,1,0,1.0,0.0,1.0,0.0,1.0,0.0,,,,,,,,,,,,,,,,,,,,,,
6b57bd82-57bf-4d6a-9b19-69c1b13607b9,17694975,v1.14-1.15,0.0,2.0000016125013,1,1,1,0,1,1,1,1,1,0,1,1,1,0,1,0,1,0,1,0,1,0,1,0,1,0,1,1,1,0,1,0,1,0,1,0,1,1,1,0,1,0,1,0,1.0,1.0,1.0,0.0,1.0,0.0,1,0,1,0,1,0,1,0,1,0,1.0,0.0,1.0,0.0,1.0,0.0,1.0,0.0,,,,,,,,,,,,,,,,,,,,
b73cde02-8395-4f9c-8850-75171f9a9cad,17761535,v1.14-1.15,0.00011357730057195257,2.000133996238041,1,0,1,0,1,0,1,0,1,0,1,0,1,0,1,0,1,0,1,0,1,0,1,0,1,0,1,1,1,0,1,0,1,0,1,0,1,0,1,0,1,0,1,0,1.0,1.0,1.0,1.0,1.0,1.0,1,0,1,0,1,0,1,0,1,0,1.0,0.0,1.0,0.0,1.0,0.0,,,,,,,,,,,,,,,,,,,,,,
df1fa11e-2d93-46bf-8171-a1e1f8ec96d6,17630207,v1.12-1.13,0.0,2.0000408514091146,1,1,1,0,1,1,1,1,1,0,1,0,1,0,1,0,1,0,1,0,1,0,1,0,1,0,1,1,1,0,1,0,1,0,1,0,1,1,1,1,1,0,1,0,,,,,,,1,0,1,0,1,0,1,0,1,0,1.0,0.0,,,,,1.0,0.0,,,,,,,,,,,,,,,,,,,,
3b2a1c05-5447-4a8b-bea7-be21b86ef63a,17826047,v1.16+,0.0,2.0001256673383683,1,1,1,1,1,1,1,1,1,1,1,1,1,0,1,0,1,0,1,0,1,0,1,0,1,1,1,1,1,0,1,0,1,1,1,1,1,1,1,1,1,1,1,1,1.0,1.0,1.0,1.0,1.0,1.0,1,0,1,0,1,0,1,0,1,1,1.0,1.0,,,,,,,,,,,,,,,,,,,,,,,,,,
08dbd887-ed23-4251-910a-a5c52ea57ab0,17891583,v1.16+,0.0007192984222838231,2.0001006068305243,1,1,1,1,1,1,1,1,1,1,1,1,1,0,1,0,1,0,1,0,1,0,1,0,1,0,1,1,1,0,1,0,1,0,1,0,1,1,1,1,1,1,1,1,1.0,1.0,1.0,1.0,1.0,1.0,1,0,1,0,1,0,1,0,1,0,1.0,0.0,,,,,,,,,,,,,,,,,,,,,,,,,,
3fbe4d83-f4f3-4260-912d-d6e2da50b626,17694975,v1.14-1.15,0.0,1.9999233049546004,1,1,1,0,1,1,1,1,1,0,1,1,1,0,1,0,1,0,1,0,1,0,1,0,1,0,1,1,1,0,1,0,1,0,1,0,1,1,1,0,1,0,1,0,1.0,1.0,1.0,0.0,1.0,0.0,1,0,1,0,1,0,1,0,1,0,1.0,0.0,1.0,0.0,1.0,0.0,1.0,0.0,,,,,,,,,,,,,,,,,,,,
e335bd11-1e09-4519-a272-b29ce458a0f7,17760768,v1.14-1.15,0.0001834255385296208,1.9857372067951873,1,0,1,0,1,0,1,0,1,0,1,0,1,0,1,0,1,0,1,0,1,0,1,0,1,1,1,0,1,0,1,0,1,1,1,1,1,1,1,0,1,0,1,0,1.0,1.0,1.0,1.0,1.0,1.0,1,0,1,0,1,0,1,0,1,1,1.0,1.0,1.0,1.0,1.0,1.0,,,,,,,,,,,,,,,,,,,,,,
34410e50-f0d8-4cdb-b8eb-4f318b2d8928,17695488,v1.14-1.15,0.0,99.28611817924796,1,1,1,0,1,1,1,1,1,0,1,1,1,0,1,0,1,0,1,0,1,0,1,0,1,0,1,1,1,0,1,0,1,0,1,0,1,1,1,0,1,0,1,0,1.0,1.0,1.0,0.0,1.0,0.0,1,0,1,0,1,0,1,0,1,0,1.0,0.0,1.0,0.0,1.0,0.0,1.0,0.0,,,,,,,,,,,,,,,,,,,,
9da6c0cf-739c-40f0-8570-7ee3634e8617,17629952,v1.12-1.13,0.0,2.000166954106614,1,0,1,0,1,0,1,0,1,0,1,0,1,0,1,0,1,0,1,1,1,0,1,1,1,0,1,0,1,0,1,0,1,0,1,0,1,1,1,0,1,0,1,0,,,,,,,1,0,1,0,1,0,1,0,1,0,1.0,0.0,,,,,1.0,0.0,,,,,,,,,,,,,,,,,,,,
f4c5f163-bf07-4962-9171-465e097f1556,17695488,v1.14-1.15,0.0,1.999999072961803,1,0,1,0,1,0,1,0,1,0,1,0,1,0,1,0,1,0,1,0,1,0,1,0,1,0,1,1,1,0,1,0,1,0,1,0,1,0,1,0,1,0,1,0,1.0,1.0,1.0,0.0,1.0,0.0,1,0,1,0,1,0,1,0,1,0,1.0,0.0,1.0,0.0,1.0,0.0,1.0,0.0,,,,,,,,,,,,,,,,,,,,
5858f5ee-4c70-4286-9ecb-d380545d6353,17891392,v1.16+,0.00014926911185433729,1.9999099379896994,1,1,1,1,1,1,1,1,1,1,1,1,1,0,1,0,1,0,1,0,1,0,1,0,1,1,1,1,1,1,1,1,1,0,1,0,1,0,1,1,1,1,1,1,1.0,1.0,1.0,1.0,1.0,1.0,1,1,1,1,1,0,1,0,1,1,1.0,1.0,,,,,,,,,,,,,,,,,,,,,,,,,,
6e62052b-e85f-4c10-b228-8fffb9a62442,17891583,v1.16+,0.0,1.9999990836390034,1,1,1,1,1,1,1,1,1,1,1,1,1,0,1,0,1,0,1,0,1,0,1,0,1,0,1,1,1,0,1,0,1,0,1,0,1,1,1,1,1,1,1,1,1.0,1.0,1.0,1.0,1.0,1.0,1,0,1,0,1,0,1,0,1,0,1.0,0.0,,,,,,,,,,,,,,,,,,,,,,,,,,
1c0c8ffb-31e4-4bad-8572-d08f39f2a192,17630207,v1.12-1.13,0.0,2.0001784356713106,1,0,1,0,1,0,1,0,1,0,1,0,1,0,1,0,1,0,1,1,1,0,1,1,1,0,1,0,1,0,1,0,1,0,1,0,1,1,1,0,1,0,1,0,,,,,,,1,0,1,0,1,0,1,0,1,0,1.0,0.0,,,,,1.0,0.0,,,,,,,,,,,,,,,,,,,,
99301d87-fa20-49c1-bc2b-15438db196e3,17826047,v1.16+,0.0,1.9999521926321613,1,1,1,1,1,1,1,1,1,1,1,1,1,0,1,0,1,0,1,0,1,0,1,0,1,0,1,1,1,0,1,0,1,0,1,0,1,1,1,1,1,1,1,1,1.0,1.0,1.0,1.0,1.0,1.0,1,0,1,0,1,0,1,0,1,0,1.0,0.0,,,,,,,,,,,,,,,,,,,,,,,,,,
2903ca2b-208d-4c45-a44a-895b05f38303,17695744,v1.14-1.15,0.0,2.0001160519313745,1,0,1,0,1,0,1,0,1,0,1,0,1,0,1,0,1,0,1,0,1,0,1,0,1,0,1,1,1,0,1,0,1,1,1,0,1,1,1,0,1,0,1,0,1.0,1.0,1.0,0.0,1.0,0.0,1,0,1,0,1,0,1,0,1,1,1.0,1.0,1.0,0.0,1.0,0.0,1.0,0.0,,,,,,,,,,,,,,,,,,,,
1a3d4d33-fdbc-4db1-8155-ca9b02a0b46f,17761280,v1.14-1.15,0.0,2.0000029024432364,1,1,1,1,1,1,1,1,1,1,1,1,1,0,1,0,1,0,1,0,1,0,1,0,1,0,1,0,1,0,1,0,1,0,1,0,1,1,1,1,1,1,1,1,1.0,1.0,1.0,1.0,1.0,1.0,1,0,1,0,1,0,1,0,1,0,1.0,0.0,1.0,0.0,1.0,0.0,,,,,,,,,,,,,,,,,,,,,,
b4f45326-07a8-49c5-b6db-71ccd3752815,17499136,v1.12-1.13,0.002611064903706739,1.9957152889336067,1,1,1,0,1,1,1,1,1,0,1,1,1,0,1,0,1,0,1,0,1,0,1,0,1,0,1,1,1,0,1,0,1,0,1,0,1,1,1,1,1,0,1,0,,,,,,,1,0,1,0,1,0,1,0,1,1,,,,,,,1.0,0.0,,,,,,,,,,,,,,,,,,,,
c931c1f8-b989-4e1b-af45-1304655746ea,17826047,v1.16+,0.0,2.0000036690714795,1,1,1,1,1,1,1,1,1,1,1,1,1,0,1,0,1,0,1,0,1,0,1,0,1,0,1,1,1,0,1,0,1,0,1,0,1,1,1,1,1,1,1,1,1.0,1.0,1.0,1.0,1.0,1.0,1,0,1,0,1,0,1,0,1,0,1.0,0.0,,,,,,,,,,,,,,,,,,,,,,,,,,
b5dc562f-e252-4281-be66-38a9b0184d7f,17825792,v1.16+,0.0,2.0000014583343964,1,1,1,1,1,1,1,1,1,1,1,1,1,0,1,0,1,0,1,0,1,0,1,0,1,0,1,1,1,0,1,0,1,0,1,0,1,1,1,1,1,1,1,1,1.0,1.0,1.0,1.0,1.0,1.0,1,0,1,0,1,0,1,0,1,0,1.0,0.0,,,,,,,,,,,,,,,,,,,,,,,,,,
85d42fe1-9633-4ecb-94d3-ae75b62e1b69,17826048,v1.16+,0.0,2.00001146315295,1,1,1,1,1,1,1,1,1,1,1,1,1,0,1,0,1,0,1,0,1,0,1,0,1,0,1,1,1,0,1,0,1,0,1,0,1,1,1,1,1,1,1,1,1.0,1.0,1.0,1.0,1.0,1.0,1,0,1,0,1,0,1,0,1,0,1.0,0.0,,,,,,,,,,,,,,,,,,,,,,,,,,
ee73a8f5-e416-468e-92c2-f25eda6cfb96,17891392,v1.16+,0.0,1.999944976638205,1,1,1,1,1,1,1,1,1,1,1,1,1,0,1,0,1,0,1,0,1,0,1,0,1,0,1,1,1,0,1,0,1,0,1,0,1,1,1,1,1,1,1,1,1.0,1.0,1.0,1.0,1.0,1.0,1,0,1,0,1,0,1,0,1,0,1.0,0.0,,,,,,,,,,,,,,,,,,,,,,,,,,
e2ba6e72-f7c1-4ee3-ad72-52e6e9250740,17826559,v1.16+,0.0,2.000020158793495,1,1,1,1,1,1,1,1,1,1,1,1,1,0,1,0,1,0,1,0,1,0,1,0,1,0,1,1,1,0,1,0,1,0,1,0,1,1,1,1,1,1,1,1,1.0,1.0,1.0,1.0,1.0,1.0,1,0,1,0,1,0,1,0,1,0,1.0,0.0,,,,,,,,,,,,,,,,,,,,,,,,,,
7b4b4321-6fa5-4fa1-b92c-9980336907d5,17891583,v1.16+,0.0004927158233222193,2.0000038968964815,1,1,1,1,1,1,1,1,1,1,1,1,1,0,1,0,1,0,1,0,1,0,1,0,1,0,1,1,1,0,1,0,1,0,1,0,1,1,1,1,1,1,1,1,1.0,1.0,1.0,1.0,1.0,1.0,1,0,1,0,1,0,1,0,1,0,1.0,0.0,,,,,,,,,,,,,,,,,,,,,,,,,,
a7d3091c-1453-4f86-96bf-beb9c9805b81,17826240,v1.16+,0.0001038969633035526,1.9999879679438717,1,1,1,1,1,1,1,1,1,1,1,1,1,0,1,0,1,0,1,0,1,0,1,0,1,0,1,1,1,0,1,0,1,0,1,0,1,1,1,1,1,1,1,1,1.0,1.0,1.0,1.0,1.0,1.0,1,0,1,0,1,0,1,0,1,0,1.0,0.0,,,,,,,,,,,,,,,,,,,,,,,,,,
adc71199-d2fc-4ff0-8e87-ce19fac00766,17825920,v1.16+,0.0,100.00239785152503,1,1,1,1,1,1,1,1,1,1,1,1,1,0,1,0,1,0,1,0,1,0,1,0,1,0,1,1,1,0,1,0,1,0,1,0,1,1,1,1,1,1,1,1,1.0,1.0,1.0,1.0,1.0,1.0,1,0,1,0,1,0,1,0,1,0,1.0,0.0,,,,,,,,,,,,,,,,,,,,,,,,,,
2657a5a8-3408-423e-abf0-b5f3d9df46ca,17170944,v1.12-1.13,0.0,2.000035191095386,1,1,1,1,1,1,1,1,1,1,1,1,1,0,1,0,1,0,1,0,1,0,1,0,1,0,1,1,1,0,1,0,1,0,1,0,1,1,1,1,1,1,1,1,1.0,1.0,1.0,1.0,1.0,1.0,1,0,1,0,1,0,1,0,1,0,1.0,0.0,,,,,,,,,,,,,,,,,,,,,,,,,,
c8318185-9028-446e-a956-ba0709addc6b,17695488,v1.14-1.15,0.0,2.000223300519329,1,0,1,0,1,0,1,0,1,0,1,0,1,0,1,0,1,0,1,0,1,0,1,0,1,1,1,1,1,0,1,0,1,1,1,0,1,0,1,0,1,0,1,0,1.0,1.0,1.0,0.0,1.0,0.0,1,0,1,0,1,0,1,0,1,1,1.0,1.0,1.0,0.0,1.0,0.0,1.0,0.0,,,,,,,,,,,,,,,,,,,,
2a7bc74a-6d6c-441a-b9e7-fd85eaed6669,17694975,v1.14-1.15,0.0,2.000022810516567,1,0,1,0,1,0,1,0,1,0,1,1,1,0,1,0,1,0,1,0,1,0,1,0,1,0,1,1,1,0,1,0,1,0,1,0,1,1,1,0,1,0,1,0,1.0,1.0,1.0,0.0,1.0,0.0,1,0,1,0,1,0,1,0,1,0,1.0,0.0,1.0,0.0,1.0,0.0,1.0,0.0,,,,,,,,,,,,,,,,,,,,
cd58dbf4-7a1d-4f2a-b28f-2882d5cd973f,17825984,v1.16+,0.0,100.00957487552661,1,1,1,1,1,1,1,1,1,1,1,1,1,0,1,0,1,0,1,0,1,0,1,0,1,0,1,1,1,0,1,0,1,0,1,0,1,1,1,1,1,1,1,1,1.0,1.0,1.0,1.0,1.0,1.0,1,0,1,0,1,0,1,0,1,0,1.0,0.0,,,,,,,,,,,,,,,,,,,,,,,,,,
f1dca28b-8852-4204-b372-b751629c1366,17826240,v1.16+,0.0,1.9999753023184146,1,1,1,1,1,1,1,1,1,1,1,1,1,0,1,0,1,0,1,0,1,0,1,0,1,0,1,1,1,0,1,0,1,0,1,0,1,1,1,1,1,1,1,1,1.0,1.0,1.0,1.0,1.0,1.0,1,0,1,0,1,0,1,0,1,0,1.0,0.0,,,,,,,,,,,,,,,,,,,,,,,,,,
10bd3b9b-e744-452a-a129-a1d6aa00aa5b,17695488,v1.14-1.15,0.0,1.9999980621136788,1,1,1,0,1,1,1,1,1,0,1,0,1,0,1,0,1,0,1,0,1,0,1,0,1,0,1,1,1,0,1,0,1,0,1,0,1,0,1,0,1,0,1,0,1.0,1.0,1.0,0.0,1.0,0.0,1,0,1,0,1,0,1,0,1,1,1.0,1.0,1.0,0.0,1.0,0.0,1.0,0.0,,,,,,,,,,,,,,,,,,,,
91570518-d25f-4c00-95cb-b03588c41bbd,17761535,v1.14-1.15,0.0,2.0000300166229987,1,1,1,1,1,1,1,1,1,1,1,1,1,0,1,0,1,0,1,0,1,0,1,0,1,0,1,1,1,0,1,0,1,0,1,0,1,1,1,1,1,1,1,1,1.0,1.0,1.0,1.0,1.0,1.0,1,0,1,0,1,0,1,0,1,0,1.0,0.0,1.0,0.0,1.0,0.0,,,,,,,,,,,,,,,,,,,,,,
ac4c7431-639f-45bc-a0c9-4ce90621134c,17826559,v1.16+,0.0,1.9999901342768545,1,1,1,1,1,1,1,1,1,1,1,1,1,0,1,0,1,0,1,0,1,0,1,0,1,0,1,1,1,0,1,0,1,0,1,0,1,1,1,1,1,1,1,1,1.0,1.0,1.0,1.0,1.0,1.0,1,0,1,0,1,0,1,0,1,0,1.0,0.0,,,,,,,,,,,,,,,,,,,,,,,,,,
23f18277-76b4-4fa5-b013-4cf27e1002d4,17761535,v1.14-1.15,0.0,1.9999696584313271,1,1,1,1,1,1,1,1,1,1,1,1,1,0,1,0,1,0,1,0,1,0,1,0,1,0,1,1,1,0,1,0,1,0,1,0,1,0,1,0,1,0,1,0,1.0,1.0,1.0,1.0,1.0,1.0,1,0,1,0,1,0,1,0,1,0,1.0,1.0,1.0,0.0,1.0,0.0,,,,,,,,,,,,,,,,,,,,,,
d5f864fe-f8d7-4dd6-94e9-9d2ec24984b1,17694720,v1.14-1.15,0.005208655542308839,124.91069801762383,1,0,1,0,1,0,1,0,1,0,1,0,1,0,1,0,1,0,1,1,1,0,1,1,1,0,1,0,1,0,1,0,1,0,1,0,1,1,1,0,1,0,1,0,1.0,1.0,1.0,0.0,1.0,0.0,1,0,1,0,1,0,1,0,1,0,1.0,0.0,1.0,0.0,1.0,0.0,1.0,0.0,,,,,,,,,,,,,,,,,,,,
b347f6a2-c2b9-408f-ba1e-7be72907b99f,17629952,v1.12-1.13,0.0,1.9999726549193366,1,0,1,0,1,0,1,0,1,0,1,0,1,0,1,0,1,0,1,1,1,0,1,1,1,0,1,0,1,0,1,0,1,0,1,0,1,1,1,0,1,0,1,0,,,,,,,1,0,1,0,1,0,1,0,1,0,1.0,0.0,,,,,1.0,0.0,,,,,,,,,,,,,,,,,,,,
37820503-045d-4da8-840b-698261428b63,17826559,v1.16+,0.0,1.9999957812588989,1,1,1,1,1,1,1,1,1,1,1,1,1,0,1,0,1,0,1,0,1,0,1,0,1,0,1,1,1,0,1,0,1,0,1,0,1,1,1,1,1,1,1,1,1.0,1.0,1.0,1.0,1.0,1.0,1,0,1,0,1,0,1,0,1,0,1.0,0.0,,,,,,,,,,,,,,,,,,,,,,,,,,
daef0c9c-8a2c-4645-bc61-bde95b5750a5,17761280,v1.14-1.15,0.0,2.000059484002623,1,1,1,1,1,1,1,1,1,1,1,1,1,0,1,0,1,0,1,0,1,0,1,0,1,0,1,1,1,0,1,0,1,0,1,0,1,1,1,1,1,1,1,1,1.0,1.0,1.0,1.0,1.0,1.0,1,0,1,0,1,0,1,0,1,0,1.0,0.0,1.0,0.0,1.0,0.0,,,,,,,,,,,,,,,,,,,,,,
eea05050-24f7-42b5-9b41-63436f16eae7,17695488,v1.14-1.15,0.0022787210228910957,1.994611414570918,1,1,1,0,1,1,1,1,1,0,1,1,1,0,1,0,1,0,1,0,1,0,1,0,1,0,1,1,1,0,1,0,1,0,1,0,1,1,1,0,1,0,1,0,1.0,1.0,1.0,0.0,1.0,0.0,1,0,1,0,1,0,1,0,1,0,1.0,0.0,1.0,0.0,1.0,0.0,1.0,0.0,,,,,,,,,,,,,,,,,,,,
3e11499f-9654-4f16-95d7-2ad6d4a2d336,17695743,v1.14-1.15,0.0,1.999995255446038,1,1,1,0,1,1,1,1,1,0,1,1,1,0,1,0,1,0,1,0,1,0,1,0,1,0,1,1,1,0,1,0,1,0,1,0,1,0,1,0,1,0,1,0,1.0,1.0,1.0,0.0,1.0,0.0,1,0,1,0,1,0,1,0,1,0,1.0,0.0,1.0,0.0,1.0,0.0,1.0,0.0,,,,,,,,,,,,,,,,,,,,
cbb741cd-741f-4fc1-b19b-50f65a7218db,17760256,v1.14-1.15,0.0,2.0000083013527234,1,1,1,1,1,1,1,1,1,1,1,1,1,0,1,0,1,0,1,0,1,0,1,0,1,0,1,1,1,0,1,0,1,0,1,0,1,0,1,0,1,0,1,0,1.0,1.0,1.0,1.0,1.0,1.0,1,0,1,0,1,0,1,0,1,0,1.0,0.0,1.0,0.0,1.0,0.0,,,,,,,,,,,,,,,,,,,,,,
0c9bb8e4-69ea-4784-8f47-7cd58739a26a,17760256,v1.14-1.15,0.0,1.9998798852629889,1,1,1,1,1,1,1,1,1,1,1,1,1,0,1,0,1,0,1,0,1,0,1,0,1,0,1,1,1,0,1,0,1,0,1,0,1,1,1,1,1,1,1,1,1.0,1.0,1.0,1.0,1.0,1.0,1,0,1,0,1,0,1,0,1,1,1.0,1.0,1.0,0.0,1.0,0.0,,,,,,,,,,,,,,,,,,,,,,
230a621e-3801-45b1-8ebb-a624ef2a7d45,17891392,v1.16+,0.0,2.0000398688359833,1,0,1,0,1,0,1,0,1,0,1,0,1,0,1,0,1,0,1,0,1,0,1,0,1,0,1,1,1,0,1,0,1,0,1,0,1,1,1,1,1,1,1,1,1.0,1.0,1.0,1.0,1.0,1.0,1,0,1,0,1,0,1,0,1,0,1.0,0.0,,,,,,,,,,,,,,,,,,,,,,,,,,
e23dcd3f-bdff-49e2-91e3-70a206f47b34,17825856,v1.16+,0.0,2.0000227231497343,1,0,1,0,1,0,1,0,1,0,1,0,1,0,1,0,1,0,1,1,1,1,1,1,1,0,1,1,1,0,1,0,1,0,1,0,1,1,1,1,1,1,1,1,1.0,1.0,1.0,1.0,1.0,1.0,1,0,1,0,1,0,1,0,1,0,1.0,0.0,,,,,,,,,,,,,,,,,,,,,,,,,,
262e866a-31f7-47e0-b512-f80fd1dec4e8,17826240,v1.16+,0.0,2.000168890973205,1,0,1,0,1,0,1,0,1,0,1,0,1,0,1,0,1,0,1,0,1,0,1,0,1,0,1,1,1,0,1,0,1,0,1,0,1,1,1,1,1,1,1,1,1.0,1.0,1.0,1.0,1.0,1.0,1,0,1,0,1,0,1,0,1,0,1.0,0.0,,,,,,,,,,,,,,,,,,,,,,,,,,
896c3801-9450-4921-9415-48c98a2dee03,18286080,v1.16+,0.009064672502628799,1.9839496210220466,1,1,1,0,1,1,1,1,1,0,1,1,1,0,1,0,1,0,1,0,1,0,1,0,1,0,1,1,1,1,1,0,1,0,1,0,1,1,1,0,1,0,1,0,,,,,,,1,1,1,1,1,0,1,0,1,1,,,,,,,1.0,0.0,,,,,,,,,,,,,,,,,,,,
3df66786-8bd3-4d32-840f-122446514b52,17826240,v1.16+,0.008506950791457775,1.9899906500743871,1,1,1,1,1,1,1,1,1,1,1,1,1,0,1,0,1,0,1,0,1,0,1,0,1,0,1,1,1,0,1,0,1,0,1,0,1,1,1,1,1,1,1,1,1.0,1.0,1.0,1.0,1.0,1.0,1,0,1,0,1,0,1,0,1,0,1.0,0.0,,,,,,,,,,,,,,,,,,,,,,,,,,
859eb2ae-1984-4db7-a428-a6e2f4efead9,17761535,v1.14-1.15,0.0,1.9999997106918657,1,0,1,0,1,0,1,0,1,0,1,0,1,0,1,0,1,0,1,0,1,0,1,0,1,0,1,1,1,0,1,0,1,0,1,0,1,0,1,0,1,0,1,0,1.0,1.0,1.0,1.0,1.0,1.0,1,0,1,0,1,0,1,0,1,0,1.0,0.0,1.0,0.0,1.0,0.0,,,,,,,,,,,,,,,,,,,,,,
cbe3b4a9-f5ba-475e-990b-fa6086f82f7e,17891583,v1.16+,0.0,2.0000566449609236,1,1,1,1,1,1,1,1,1,1,1,1,1,0,1,0,1,0,1,0,1,0,1,0,1,0,1,1,1,0,1,0,1,0,1,0,1,1,1,1,1,1,1,1,1.0,1.0,1.0,1.0,1.0,1.0,1,0,1,0,1,0,1,0,1,0,1.0,0.0,,,,,,,,,,,,,,,,,,,,,,,,,,
908f7941-7031-47b0-af09-1cc8f31fa85e,17761280,v1.14-1.15,0.0,2.000059644331862,1,1,1,1,1,1,1,1,1,1,1,1,1,0,1,0,1,0,1,0,1,0,1,0,1,0,1,1,1,0,1,0,1,0,1,0,1,1,1,1,1,1,1,1,1.0,1.0,1.0,1.0,1.0,1.0,1,0,1,0,1,0,1,0,1,0,1.0,0.0,1.0,0.0,1.0,0.0,,,,,,,,,,,,,,,,,,,,,,
c010bc99-b2fd-401f-92ea-042bb3d8e237,17826047,v1.16+,0.0001613400387329031,2.0002718743511823,1,1,1,1,1,1,1,1,1,1,1,1,1,0,1,0,1,0,1,0,1,0,1,0,1,0,1,1,1,0,1,0,1,0,1,0,1,1,1,1,1,1,1,1,1.0,1.0,1.0,1.0,1.0,1.0,1,0,1,0,1,0,1,0,1,0,1.0,0.0,,,,,,,,,,,,,,,,,,,,,,,,,,
46d3edc1-14b5-4171-8184-f9a75f58968d,17694975,v1.14-1.15,0.0,2.0001475811372265,1,1,1,0,1,1,1,1,1,0,1,1,1,0,1,0,1,0,1,0,1,0,1,0,1,0,1,1,1,0,1,0,1,0,1,0,1,1,1,0,1,0,1,0,1.0,1.0,1.0,0.0,1.0,0.0,1,0,1,0,1,0,1,0,1,0,1.0,0.0,1.0,0.0,1.0,0.0,1.0,0.0,,,,,,,,,,,,,,,,,,,,
f1fac552-eb5e-4727-a735-2518328728e7,17695488,v1.14-1.15,0.0,2.000128870578727,1,0,1,0,1,0,1,0,1,0,1,0,1,0,1,0,1,0,1,1,1,0,1,1,1,1,1,1,1,0,1,0,1,0,1,0,1,1,1,0,1,0,1,0,1.0,1.0,1.0,0.0,1.0,0.0,1,0,1,0,1,0,1,0,1,1,1.0,1.0,1.0,0.0,1.0,0.0,1.0,0.0,,,,,,,,,,,,,,,,,,,,
868d24bf-92d2-4a94-9a68-f3add12455e3,17891583,v1.16+,0.0,2.000208213454987,1,1,1,1,1,1,1,1,1,1,1,1,1,0,1,0,1,0,1,0,1,0,1,0,1,0,1,1,1,0,1,0,1,0,1,0,1,1,1,1,1,1,1,1,1.0,1.0,1.0,1.0,1.0,1.0,1,0,1,0,1,0,1,0,1,0,1.0,0.0,,,,,,,,,,,,,,,,,,,,,,,,,,
f1650ccf-0196-40b0-8f56-9f93fde1eb05,17630207,v1.12-1.13,0.0,2.000138705271083,1,0,1,0,1,0,1,0,1,0,1,0,1,0,1,0,1,0,1,1,1,0,1,1,1,0,1,0,1,0,1,0,1,0,1,0,1,1,1,0,1,0,1,0,,,,,,,1,0,1,0,1,0,1,0,1,0,1.0,0.0,,,,,1.0,0.0,,,,,,,,,,,,,,,,,,,,
520ccc26-2177-4432-a9c6-251241b72ca7,17826047,v1.16+,0.0,2.0000836304398844,1,1,1,1,1,1,1,1,1,1,1,0,1,0,1,0,1,0,1,0,1,0,1,0,1,0,1,1,1,0,1,0,1,0,1,0,1,1,1,1,1,1,1,1,1.0,1.0,1.0,1.0,1.0,1.0,1,0,1,0,1,0,1,0,1,0,1.0,0.0,,,,,,,,,,,,,,,,,,,,,,,,,,
f0ea78b6-9547-492e-9733-1d91f7c6d041,17825984,v1.16+,0.0,1.9999000380542962,1,1,1,1,1,1,1,1,1,1,1,1,1,0,1,0,1,0,1,0,1,0,1,0,1,0,1,1,1,0,1,0,1,0,1,0,1,1,1,1,1,1,1,1,1.0,1.0,1.0,1.0,1.0,1.0,1,0,1,0,1,0,1,0,1,0,1.0,0.0,,,,,,,,,,,,,,,,,,,,,,,,,,
9e717903-f11a-44ba-8ce6-68a68beb410f,17891583,v1.16+,0.0,1.9999937272924009,1,0,1,0,1,0,1,0,1,0,1,0,1,0,1,0,1,0,1,0,1,0,1,0,1,0,1,1,1,0,1,0,1,0,1,0,1,1,1,1,1,1,1,1,1.0,1.0,1.0,1.0,1.0,1.0,1,0,1,0,1,0,1,0,1,0,1.0,0.0,,,,,,,,,,,,,,,,,,,,,,,,,,
e546484a-fc17-47e4-a484-30aaaaf91181,17694720,v1.14-1.15,0.00016984972010333972,101.51603612307673,1,0,1,0,1,0,1,0,1,0,1,0,1,1,1,0,1,1,1,1,1,0,1,1,1,0,1,1,1,0,1,0,1,0,1,0,1,1,1,0,1,0,1,0,1.0,1.0,1.0,0.0,1.0,0.0,1,0,1,0,1,0,1,0,1,0,1.0,0.0,1.0,0.0,1.0,0.0,1.0,0.0,,,,,,,,,,,,,,,,,,,,
a8afdf46-e945-4d4a-8041-8b5e2910a594,17956928,v1.16+,0.0,2.00000804423125,1,0,1,0,1,0,1,0,1,0,1,0,1,0,1,0,1,0,1,0,1,0,1,0,1,0,1,1,1,0,1,0,1,0,1,0,1,1,1,1,1,1,1,1,1.0,1.0,1.0,1.0,1.0,1.0,1,0,1,0,1,0,1,0,1,0,1.0,0.0,,,,,,,,,,,,,,,,,,,,,,,,,,
fff62e78-e3b3-4d41-a9d8-e3182146bf3c,17826047,v1.16+,0.0,1.9999586509068126,1,1,1,1,1,1,1,1,1,1,1,1,1,0,1,0,1,0,1,0,1,0,1,0,1,1,1,1,1,0,1,0,1,0,1,0,1,1,1,1,1,1,1,1,1.0,1.0,1.0,1.0,1.0,1.0,1,0,1,0,1,0,1,0,1,1,1.0,1.0,,,,,,,,,,,,,,,,,,,,,,,,,,
19eddfef-1929-4fcf-9691-0bc00c6bc2cf,17826559,v1.16+,0.0,1.9999894000561795,1,1,1,1,1,1,1,1,1,1,1,1,1,0,1,0,1,0,1,0,1,0,1,0,1,0,1,1,1,0,1,0,1,0,1,0,1,1,1,0,1,0,1,0,1.0,1.0,1.0,1.0,1.0,1.0,1,0,1,0,1,0,1,0,1,0,1.0,0.0,,,,,,,,,,,,,,,,,,,,,,,,,,
43b0a088-4883-47db-973b-c306c6a5c730,17761023,v1.14-1.15,0.0,1.9999511710034852,1,1,1,1,1,1,1,1,1,1,1,1,1,0,1,0,1,0,1,0,1,0,1,0,1,0,1,1,1,0,1,0,1,0,1,0,1,1,1,1,1,1,1,1,1.0,1.0,1.0,1.0,1.0,1.0,1,0,1,0,1,0,1,0,1,0,1.0,0.0,1.0,0.0,1.0,0.0,,,,,,,,,,,,,,,,,,,,,,
50e3e8dd-022f-409c-ac65-3f652551f363,17761280,v1.14-1.15,0.0,2.0000174907695842,1,1,1,1,1,1,1,1,1,1,1,1,1,0,1,0,1,0,1,0,1,0,1,0,1,1,1,1,1,0,1,0,1,1,1,1,1,1,1,0,1,0,1,0,1.0,1.0,1.0,1.0,1.0,1.0,1,0,1,0,1,0,1,0,1,1,1.0,1.0,1.0,1.0,1.0,1.0,,,,,,,,,,,,,,,,,,,,,,
a2981437-6fa9-4871-8a1a-cb9243d1996c,17761280,v1.14-1.15,0.0,2.0000937622430066,1,1,1,1,1,1,1,1,1,1,1,1,1,0,1,0,1,0,1,0,1,0,1,0,1,0,1,1,1,0,1,0,1,0,1,0,1,1,1,1,1,1,1,1,1.0,1.0,1.0,1.0,1.0,1.0,1,0,1,0,1,0,1,0,1,0,1.0,0.0,1.0,0.0,1.0,0.0,,,,,,,,,,,,,,,,,,,,,,
5a5ef3f5-8b49-4121-83c4-1e9ffa61c074,17760512,v1.14-1.15,0.0,1.9999548064511157,1,1,1,1,1,1,1,1,1,1,1,1,1,0,1,0,1,0,1,0,1,0,1,0,1,0,1,1,1,0,1,0,1,0,1,0,1,1,1,1,1,1,1,1,1.0,1.0,1.0,1.0,1.0,1.0,1,0,1,0,1,0,1,0,1,0,1.0,0.0,1.0,0.0,1.0,0.0,,,,,,,,,,,,,,,,,,,,,,
4bfddbb8-9d06-4260-834f-59e88b80a943,17694720,v1.14-1.15,0.0003102172121715703,88.19540484653326,1,0,1,0,1,0,1,0,1,0,1,0,1,0,1,0,1,0,1,0,1,0,1,0,1,1,1,1,1,0,1,0,1,0,1,0,1,0,1,0,1,0,1,0,1.0,1.0,1.0,0.0,1.0,0.0,1,0,1,0,1,0,1,0,1,0,1.0,1.0,1.0,0.0,1.0,0.0,1.0,0.0,,,,,,,,,,,,,,,,,,,,
b5dc5c47-c181-4c4c-a297-050397ad0265,17760768,v1.14-1.15,0.0,2.0000501670041886,1,0,1,0,1,0,1,0,1,0,1,0,1,0,1,0,1,0,1,0,1,0,1,0,1,0,1,1,1,0,1,0,1,0,1,0,1,1,1,0,1,0,1,0,1.0,1.0,1.0,1.0,1.0,1.0,1,0,1,0,1,0,1,0,1,0,1.0,0.0,1.0,0.0,1.0,0.0,,,,,,,,,,,,,,,,,,,,,,
787e5e88-3eed-40c8-81d1-f999005c382d,17760256,v1.14-1.15,0.0,2.0000898501901934,1,1,1,1,1,1,1,1,1,1,1,1,1,0,1,0,1,0,1,0,1,0,1,0,1,0,1,1,1,0,1,0,1,0,1,0,1,0,1,0,1,0,1,0,1.0,1.0,1.0,1.0,1.0,1.0,1,0,1,0,1,0,1,0,1,0,1.0,0.0,1.0,0.0,1.0,0.0,,,,,,,,,,,,,,,,,,,,,,
3c530ca0-f661-461d-b562-bc1ea66247ef,17695743,v1.14-1.15,0.0,1.9999638716203838,1,1,1,0,1,1,1,1,1,0,1,1,1,0,1,0,1,0,1,0,1,0,1,0,1,0,1,1,1,0,1,0,1,0,1,0,1,1,1,0,1,0,1,0,1.0,1.0,1.0,0.0,1.0,0.0,1,0,1,0,1,0,1,0,1,0,1.0,0.0,1.0,0.0,1.0,0.0,1.0,0.0,,,,,,,,,,,,,,,,,,,,
2801da3a-7840-4dbf-89fb-4fa1aaa70c7a,17694720,v1.14-1.15,0.0,123.40752806564035,1,0,1,0,1,0,1,0,1,0,1,0,1,0,1,0,1,0,1,0,1,0,1,0,1,0,1,0,1,0,1,0,1,0,1,0,1,0,1,0,1,0,1,0,1.0,1.0,1.0,0.0,1.0,0.0,1,0,1,0,1,0,1,0,1,0,1.0,0.0,1.0,0.0,1.0,0.0,1.0,0.0,,,,,,,,,,,,,,,,,,,,
fecfa8e7-c404-4c6f-bb1c-58279ea32ab3,17760767,v1.14-1.15,0.0,2.000174508731814,1,1,1,1,1,1,1,1,1,1,1,1,1,0,1,0,1,0,1,0,1,0,1,0,1,0,1,1,1,0,1,0,1,0,1,0,1,1,1,1,1,1,1,1,1.0,1.0,1.0,1.0,1.0,1.0,1,0,1,0,1,0,1,0,1,0,1.0,0.0,1.0,0.0,1.0,0.0,,,,,,,,,,,,,,,,,,,,,,
b2b45c4c-3a7a-4900-952a-fb32b59df21b,17761535,v1.14-1.15,0.0009486962649269088,1.994842985522012,1,1,1,1,1,1,1,1,1,1,1,1,1,0,1,0,1,0,1,0,1,0,1,0,1,1,1,1,1,0,1,0,1,0,1,0,1,0,1,0,1,0,1,0,1.0,1.0,1.0,1.0,1.0,1.0,1,0,1,0,1,0,1,0,1,1,1.0,1.0,1.0,0.0,1.0,0.0,,,,,,,,,,,,,,,,,,,,,,
5e15fa1f-30a5-424c-a34c-820eb7f70e62,17761280,v1.14-1.15,0.0,2.000047392828083,1,1,1,1,1,1,1,1,1,1,1,1,1,0,1,0,1,0,1,0,1,0,1,0,1,1,1,1,1,0,1,0,1,0,1,0,1,1,1,0,1,0,1,0,1.0,1.0,1.0,1.0,1.0,1.0,1,0,1,0,1,0,1,0,1,1,1.0,1.0,1.0,0.0,1.0,0.0,,,,,,,,,,,,,,,,,,,,,,
10846034-312c-43f2-8279-833cfadca19e,17694720,v1.14-1.15,0.00034151363531221185,2.0001524525648886,1,1,1,0,1,1,1,1,1,0,1,1,1,0,1,0,1,0,1,0,1,0,1,0,1,0,1,1,1,0,1,0,1,0,1,0,1,1,1,0,1,0,1,0,1.0,1.0,1.0,0.0,1.0,0.0,1,0,1,0,1,0,1,0,1,0,1.0,0.0,1.0,0.0,1.0,0.0,1.0,0.0,,,,,,,,,,,,,,,,,,,,
b3aa29f4-78cd-49cb-a8ac-9649b54e85dc,17630207,v1.12-1.13,0.0007703861904885655,1.9998861314833887,1,1,1,0,1,1,1,1,1,0,1,0,1,0,1,0,1,0,1,0,1,0,1,0,1,0,1,1,1,0,1,0,1,0,1,0,1,1,1,0,1,0,1,0,,,,,,,1,0,1,0,1,0,1,0,1,0,1.0,0.0,,,,,1.0,0.0,,,,,,,,,,,,,,,,,,,,
b47fe4ec-81a9-4362-a8c4-8c1df15ce0cf,17695743,v1.14-1.15,0.0,2.0000006153848044,1,0,1,0,1,0,1,0,1,0,1,0,1,0,1,0,1,0,1,0,1,0,1,0,1,0,1,1,1,0,1,0,1,0,1,0,1,1,1,0,1,0,1,0,1.0,1.0,1.0,0.0,1.0,0.0,1,0,1,0,1,0,1,0,1,0,1.0,0.0,1.0,0.0,1.0,0.0,1.0,0.0,,,,,,,,,,,,,,,,,,,,
84f62071-d869-481f-950e-6a79365a46e8,17760511,v1.14-1.15,0.006769197743768076,1.9852270850702523,1,0,1,0,1,0,1,0,1,0,1,0,1,0,1,0,1,0,1,0,1,0,1,0,1,0,1,1,1,0,1,0,1,0,1,0,1,1,1,0,1,0,1,0,1.0,1.0,1.0,1.0,1.0,1.0,1,0,1,0,1,0,1,0,1,0,1.0,1.0,1.0,0.0,1.0,0.0,,,,,,,,,,,,,,,,,,,,,,
86063fc4-11f8-444f-93a9-3e5fb12976c4,17630207,v1.12-1.13,0.0,2.000039750790047,1,1,1,0,1,1,1,1,1,0,1,1,1,0,1,0,1,0,1,0,1,0,1,0,1,0,1,0,1,0,1,0,1,0,1,0,1,1,1,1,1,0,1,0,,,,,,,1,0,1,0,1,0,1,0,1,0,1.0,0.0,,,,,1.0,0.0,,,,,,,,,,,,,,,,,,,,
1c421095-0bef-44e0-909d-31ff5aa736a4,17761535,v1.14-1.15,0.012276233293691945,1.9732654510053804,1,1,1,1,1,1,1,1,1,1,1,1,1,0,1,0,1,0,1,0,1,0,1,0,1,0,1,1,1,0,1,0,1,0,1,0,1,1,1,1,1,1,1,1,1.0,1.0,1.0,1.0,1.0,1.0,1,0,1,0,1,0,1,0,1,0,1.0,0.0,1.0,0.0,1.0,0.0,,,,,,,,,,,,,,,,,,,,,,
2b776819-22a4-4360-8528-8f5a46de87c3,17760512,v1.14-1.15,0.0,2.0000334515398857,1,1,1,1,1,1,1,1,1,1,1,1,1,0,1,0,1,0,1,0,1,0,1,0,1,0,1,1,1,0,1,0,1,0,1,0,1,1,1,1,1,1,1,1,1.0,1.0,1.0,1.0,1.0,1.0,1,0,1,0,1,0,1,0,1,0,1.0,0.0,,,,,,,,,,,,,,,,,,,,,,,,,,
6a1669e2-5105-47a7-87d5-bfd8ead8f11c,17760768,v1.14-1.15,0.00925566170200915,1.9852937308067364,1,1,1,1,1,1,1,1,1,1,1,1,1,0,1,0,1,0,1,0,1,0,1,0,1,0,1,1,1,0,1,0,1,0,1,0,1,0,1,0,1,0,1,0,1.0,1.0,1.0,1.0,1.0,1.0,1,0,1,0,1,0,1,0,1,0,1.0,0.0,1.0,0.0,1.0,0.0,,,,,,,,,,,,,,,,,,,,,,
8a0f726a-569f-41ea-96b7-389b5a80cadb,17564416,v1.12-1.13,0.0,2.0048465407788707,1,1,1,0,1,1,1,1,1,0,1,1,1,0,1,0,1,0,1,0,1,0,1,0,1,0,1,0,1,0,1,0,1,0,1,0,1,1,1,0,1,0,1,0,,,,,,,1,0,1,0,1,0,1,0,1,0,,,,,,,1.0,0.0,,,,,,,,,,,,,,,,,,,,
b281f7cb-99ab-4a00-87ab-a15d2e48db21,17891583,v1.16+,0.0,2.0000010810816655,1,0,1,0,1,0,1,0,1,0,1,0,1,0,1,0,1,0,1,1,1,1,1,1,1,0,1,1,1,0,1,0,1,0,1,0,1,1,1,0,1,0,1,0,1.0,1.0,1.0,1.0,1.0,1.0,1,0,1,0,1,0,1,0,1,0,1.0,0.0,,,,,,,,,,,,,,,,,,,,,,,,,,
e3546441-616c-450f-a2cf-9eb1dc1d9f67,17694720,v1.14-1.15,0.0,2.0000947898804755,1,1,1,0,1,1,1,1,1,0,1,0,1,0,1,0,1,0,1,0,1,0,1,0,1,0,1,1,1,0,1,0,1,0,1,0,1,1,1,0,1,0,1,0,1.0,1.0,1.0,0.0,1.0,0.0,1,0,1,0,1,0,1,0,1,0,1.0,0.0,1.0,0.0,1.0,0.0,1.0,0.0,,,,,,,,,,,,,,,,,,,,
b770be1f-754b-47b8-ae43-7937db04f362,17760256,v1.14-1.15,0.0,2.000057169146799,1,1,1,1,1,1,1,1,1,1,1,1,1,0,1,0,1,0,1,0,1,0,1,0,1,0,1,1,1,0,1,0,1,0,1,0,1,1,1,1,1,1,1,1,1.0,1.0,1.0,1.0,1.0,1.0,1,0,1,0,1,0,1,0,1,0,1.0,0.0,1.0,0.0,1.0,0.0,,,,,,,,,,,,,,,,,,,,,,
4a5e2e30-ff0f-4c78-b5ff-0a45405db116,17761280,v1.14-1.15,0.0,2.0001303959355505,1,1,1,1,1,1,1,1,1,1,1,1,1,0,1,0,1,0,1,0,1,0,1,0,1,0,1,1,1,0,1,0,1,0,1,0,1,1,1,1,1,1,1,1,1.0,1.0,1.0,1.0,1.0,1.0,1,0,1,0,1,0,1,0,1,0,1.0,0.0,1.0,0.0,1.0,0.0,,,,,,,,,,,,,,,,,,,,,,
55117b90-b4f3-4e52-b242-db84be7206a6,17629952,v1.12-1.13,0.0,2.0000394237279195,1,1,1,0,1,1,1,1,1,0,1,0,1,0,1,0,1,0,1,0,1,0,1,0,1,0,1,1,1,0,1,0,1,0,1,0,1,1,1,0,1,0,1,0,,,,,,,1,0,1,0,1,0,1,0,1,0,1.0,0.0,,,,,1.0,0.0,,,,,,,,,,,,,,,,,,,,
e0b314d1-685f-4f89-b919-7910fd4974f2,17826047,v1.16+,0.0,2.000033261422717,1,1,1,1,1,1,1,1,1,1,1,1,1,0,1,0,1,0,1,0,1,0,1,0,1,0,1,1,1,0,1,0,1,0,1,0,1,1,1,1,1,1,1,1,1.0,1.0,1.0,1.0,1.0,1.0,1,0,1,0,1,0,1,0,1,0,1.0,0.0,,,,,,,,,,,,,,,,,,,,,,,,,,
96a6fb23-7edc-4f20-aa45-b272a0380706,17761535,v1.14-1.15,0.0,2.000109891500294,1,1,1,1,1,1,1,1,1,1,1,1,1,0,1,0,1,0,1,0,1,0,1,0,1,1,1,1,1,0,1,0,1,0,1,0,1,1,1,0,1,0,1,0,1.0,1.0,1.0,1.0,1.0,1.0,1,0,1,0,1,0,1,0,1,1,1.0,1.0,1.0,0.0,1.0,0.0,,,,,,,,,,,,,,,,,,,,,,
befcfc42-532e-431b-a7a1-7deb6e7ce3f4,17891392,v1.16+,0.005624849638288332,1.989933239820341,1,1,1,1,1,1,1,1,1,1,1,1,1,0,1,0,1,0,1,0,1,0,1,0,1,0,1,1,1,0,1,0,1,0,1,0,1,1,1,1,1,1,1,1,1.0,1.0,1.0,1.0,1.0,1.0,1,0,1,0,1,0,1,0,1,0,1.0,0.0,,,,,,,,,,,,,,,,,,,,,,,,,,
6655ada3-2d6b-4ac6-88c9-4d4bc7ec3ad9,17761280,v1.14-1.15,0.0,2.000018285881471,1,0,1,0,1,0,1,0,1,0,1,0,1,0,1,0,1,0,1,1,1,1,1,1,1,1,1,1,1,0,1,0,1,1,1,1,1,0,1,0,1,0,1,0,1.0,1.0,1.0,1.0,1.0,1.0,1,0,1,0,1,0,1,0,1,1,1.0,1.0,1.0,1.0,1.0,1.0,,,,,,,,,,,,,,,,,,,,,,
9e070928-83a8-4410-aaf7-98e7e9d50265,17891583,v1.16+,0.0,2.000033658224086,1,1,1,1,1,1,1,1,1,1,1,1,1,0,1,0,1,0,1,0,1,0,1,0,1,0,1,1,1,0,1,0,1,0,1,0,1,1,1,1,1,1,1,1,1.0,1.0,1.0,1.0,1.0,1.0,1,0,1,0,1,0,1,0,1,0,1.0,0.0,,,,,,,,,,,,,,,,,,,,,,,,,,
e8d6c562-879f-4d95-9c09-386f3e861709,17498880,v1.12-1.13,0.005759764701733409,4.9999746033036025,1,1,1,1,1,1,1,1,1,1,1,0,1,0,1,1,1,0,1,0,1,1,1,0,1,0,1,1,1,0,1,0,1,0,1,1,1,1,1,1,1,0,1,0,,,,,,,1,0,1,0,1,0,1,0,1,0,,,,,,,1.0,0.0,1.0,0.0,1.0,0.0,1.0,0.0,1.0,0.0,1.0,0.0,1.0,0.0,,,,,,,,
f2ff5b98-42a7-4c1e-8856-19f9c8fc1e27,17761535,v1.14-1.15,0.0,2.000017433843724,1,1,1,1,1,1,1,1,1,1,1,1,1,0,1,0,1,0,1,0,1,0,1,0,1,0,1,1,1,0,1,0,1,0,1,0,1,1,1,1,1,1,1,1,1.0,1.0,1.0,1.0,1.0,1.0,1,0,1,0,1,0,1,0,1,0,1.0,0.0,1.0,0.0,1.0,0.0,,,,,,,,,,,,,,,,,,,,,,
360cd37c-0c65-4e71-b740-5f146a922f21,17825792,v1.16+,0.00406939094469708,1.9906305789256586,1,1,1,1,1,1,1,1,1,1,1,1,1,0,1,0,1,0,1,0,1,0,1,0,1,0,1,1,1,0,1,0,1,0,1,0,1,1,1,1,1,1,1,1,1.0,1.0,1.0,1.0,1.0,1.0,1,0,1,0,1,0,1,0,1,0,1.0,0.0,,,,,,,,,,,,,,,,,,,,,,,,,,
3f712404-9463-43ae-ba07-261e806f910d,17629184,v1.12-1.13,0.00021443214289477291,2.000020855254324,1,1,1,0,1,1,1,1,1,0,1,1,1,0,1,0,1,0,1,0,1,0,1,0,1,1,1,1,1,0,1,0,1,0,1,0,1,1,1,0,1,0,1,0,1.0,1.0,1.0,0.0,1.0,0.0,1,0,1,0,1,0,1,0,1,1,1.0,1.0,1.0,0.0,1.0,0.0,1.0,0.0,,,,,,,,,,,,,,,,,,,,
6bf48a6e-84d3-4b55-a323-17369f2e5e10,17825856,v1.16+,0.0,2.000042973059545,1,1,1,1,1,1,1,1,1,1,1,1,1,0,1,0,1,0,1,0,1,0,1,0,1,0,1,1,1,0,1,0,1,0,1,0,1,1,1,1,1,1,1,1,1.0,1.0,1.0,1.0,1.0,1.0,1,0,1,0,1,0,1,0,1,0,1.0,0.0,,,,,,,,,,,,,,,,,,,,,,,,,,
1a815a48-08cd-4bab-a4c7-33d65080cef9,18350592,v1.16+,0.0009709771413551444,1.9988219574589672,1,1,1,0,1,1,1,1,1,0,1,1,1,0,1,0,1,0,1,0,1,0,1,0,1,0,1,1,1,1,1,0,1,0,1,0,1,1,1,0,1,0,1,0,,,,,,,1,1,1,1,1,0,1,0,1,1,,,,,,,1.0,0.0,,,,,,,,,,,,,,,,,,,,
da83bdee-6254-4105-8ed3-e1ffc0ab65ec,17825792,v1.16+,0.0007946173043600472,1.9970160319381767,1,1,1,1,1,1,1,1,1,1,1,1,1,0,1,0,1,0,1,0,1,0,1,0,1,0,1,1,1,0,1,0,1,0,1,0,1,1,1,1,1,1,1,1,1.0,1.0,1.0,1.0,1.0,1.0,1,0,1,0,1,0,1,0,1,0,1.0,0.0,,,,,,,,,,,,,,,,,,,,,,,,,,
dce8e4b6-a08b-4177-8120-3826418ceed6,17825984,v1.16+,0.0,1.9998621349652936,1,1,1,1,1,1,1,1,1,1,1,1,1,0,1,0,1,0,1,0,1,0,1,0,1,0,1,1,1,0,1,0,1,0,1,0,1,0,1,1,1,1,1,1,1.0,1.0,1.0,1.0,1.0,1.0,1,0,1,0,1,0,1,0,1,0,1.0,0.0,,,,,,,,,,,,,,,,,,,,,,,,,,
e5898701-da2c-4b07-82c7-6f4c48db884f,17695488,v1.14-1.15,0.0027280004356966437,1.990642341641767,1,1,1,0,1,1,1,1,1,0,1,1,1,0,1,0,1,0,1,0,1,0,1,0,1,0,1,1,1,0,1,0,1,0,1,0,1,1,1,0,1,0,1,0,1.0,1.0,1.0,0.0,1.0,0.0,1,0,1,0,1,0,1,0,1,0,1.0,0.0,1.0,0.0,1.0,0.0,1.0,0.0,,,,,,,,,,,,,,,,,,,,
f3dc47d3-45fc-48d1-82d0-aca0be92e511,17694720,v1.14-1.15,0.0,2.0000424188771895,1,0,1,0,1,0,1,0,1,0,1,0,1,0,1,0,1,0,1,1,1,0,1,1,1,1,1,1,1,0,1,0,1,0,1,0,1,1,1,0,1,0,1,0,1.0,1.0,1.0,0.0,1.0,0.0,1,0,1,0,1,0,1,0,1,1,1.0,1.0,1.0,0.0,1.0,0.0,1.0,0.0,,,,,,,,,,,,,,,,,,,,
925850fe-c5eb-42a8-8d40-b072b3de734b,17695488,v1.14-1.15,0.0,2.000204312260346,1,1,1,0,1,1,1,1,1,0,1,1,1,0,1,0,1,0,1,0,1,0,1,0,1,0,1,1,1,0,1,0,1,0,1,0,1,0,1,0,1,0,1,0,1.0,1.0,1.0,0.0,1.0,0.0,1,0,1,0,1,0,1,0,1,0,1.0,0.0,1.0,0.0,1.0,0.0,1.0,0.0,,,,,,,,,,,,,,,,,,,,
966b0f61-7831-4a8c-9784-acaf093dba66,17891392,v1.16+,0.0,2.0000067863393385,1,1,1,1,1,1,1,1,1,1,1,1,1,0,1,0,1,0,1,0,1,0,1,0,1,0,1,1,1,0,1,0,1,0,1,0,1,1,1,1,1,1,1,1,1.0,1.0,1.0,1.0,1.0,1.0,1,0,1,0,1,0,1,0,1,0,1.0,0.0,,,,,,,,,,,,,,,,,,,,,,,,,,
1f9863ff-5167-4539-91b9-6c04685ee563,17761535,v1.14-1.15,0.0,2.0000115416882265,1,1,1,1,1,1,1,1,1,1,1,1,1,0,1,0,1,0,1,0,1,0,1,0,1,0,1,1,1,0,1,0,1,0,1,0,1,1,1,1,1,1,1,1,1.0,1.0,1.0,1.0,1.0,1.0,1,0,1,0,1,0,1,0,1,0,1.0,0.0,1.0,0.0,1.0,0.0,,,,,,,,,,,,,,,,,,,,,,
4718b3db-37ec-47f3-8870-bfb8f0277d96,17564416,v1.12-1.13,3.734841887429488e-06,2.0146375388230147,1,1,1,0,1,1,1,1,1,0,1,0,1,0,1,0,1,0,1,0,1,0,1,0,1,0,1,1,1,0,1,0,1,0,1,0,1,1,1,1,1,0,1,0,,,,,,,1,0,1,0,1,0,1,0,1,0,,,,,,,1.0,0.0,,,,,,,,,,,,,,,,,,,,
69859d73-da85-4b5a-9521-3112bf47de26,17630207,v1.12-1.13,0.0,2.000115886954025,1,1,1,0,1,1,1,1,1,0,1,0,1,0,1,0,1,0,1,0,1,0,1,0,1,0,1,1,1,0,1,0,1,0,1,0,1,1,1,1,1,0,1,0,,,,,,,1,0,1,0,1,0,1,0,1,0,1.0,0.0,,,,,1.0,0.0,,,,,,,,,,,,,,,,,,,,
b34b371d-4129-4030-b6f1-25f520be3888,17695743,v1.14-1.15,0.0,2.000031498623415,1,1,1,0,1,1,1,1,1,0,1,1,1,0,1,0,1,0,1,0,1,0,1,0,1,0,1,1,1,0,1,0,1,0,1,0,1,1,1,0,1,0,1,0,1.0,1.0,1.0,0.0,1.0,0.0,1,0,1,0,1,0,1,0,1,0,1.0,0.0,1.0,0.0,1.0,0.0,1.0,0.0,,,,,,,,,,,,,,,,,,,,
e0d18a62-41af-4a51-b2f3-f7e208423a85,17826047,v1.16+,0.0,2.0000002466960654,1,1,1,1,1,1,1,1,1,1,1,1,1,0,1,0,1,0,1,0,1,0,1,0,1,0,1,1,1,0,1,0,1,0,1,0,1,0,1,0,1,0,1,0,1.0,1.0,1.0,1.0,1.0,1.0,1,0,1,0,1,0,1,0,1,0,1.0,0.0,,,,,,,,,,,,,,,,,,,,,,,,,,
41b9a1fc-b4c9-478f-bb4c-011d43dfe905,17694975,v1.14-1.15,0.0,2.000010741959471,1,1,1,0,1,1,1,1,1,0,1,1,1,0,1,0,1,0,1,0,1,0,1,0,1,0,1,1,1,0,1,0,1,0,1,0,1,1,1,0,1,0,1,0,1.0,1.0,1.0,0.0,1.0,0.0,1,0,1,0,1,0,1,0,1,0,1.0,0.0,1.0,0.0,1.0,0.0,1.0,0.0,,,,,,,,,,,,,,,,,,,,
ca00d8e1-d3f5-4ba2-b44b-5a0f2a95acce,17170944,v1.12-1.13,0.0,99.99932256665943,1,1,1,1,1,1,1,1,1,1,1,1,1,0,1,0,1,0,1,0,1,0,1,0,1,0,1,1,1,0,1,0,1,0,1,0,1,1,1,1,1,1,1,1,1.0,1.0,1.0,1.0,1.0,1.0,1,0,1,0,1,0,1,0,1,0,1.0,0.0,,,,,,,,,,,,,,,,,,,,,,,,,,
836ac939-efca-433f-87d5-92b68b5f0ec7,17826047,v1.16+,0.0,2.0014684155023215,1,1,1,1,1,1,1,1,1,1,1,1,1,0,1,0,1,0,1,0,1,0,1,0,1,0,1,1,1,0,1,0,1,0,1,0,1,1,1,1,1,1,1,1,1.0,1.0,1.0,1.0,1.0,1.0,1,0,1,0,1,0,1,0,1,0,1.0,0.0,,,,,,,,,,,,,,,,,,,,,,,,,,
e19851e3-ebf3-456a-8b00-3bc807fc23a5,17825984,v1.16+,0.0,1.9999982130600156,1,0,1,0,1,0,1,0,1,0,1,0,1,0,1,0,1,0,1,1,1,1,1,1,1,0,1,1,1,0,1,0,1,0,1,0,1,1,1,1,1,1,1,1,1.0,1.0,1.0,1.0,1.0,1.0,1,0,1,0,1,0,1,0,1,0,1.0,0.0,,,,,,,,,,,,,,,,,,,,,,,,,,
c55e8b96-5b16-4c54-afda-152c32a1d8ba,17825792,v1.16+,0.0,2.0000208903670322,1,1,1,1,1,1,1,1,1,1,1,1,1,0,1,0,1,0,1,0,1,0,1,0,1,0,1,1,1,0,1,0,1,0,1,0,1,0,1,1,1,1,1,1,1.0,1.0,1.0,1.0,1.0,1.0,1,0,1,0,1,0,1,0,1,0,1.0,0.0,,,,,,,,,,,,,,,,,,,,,,,,,,
da718d0c-4dfc-4822-86f6-1c8caca10a47,17761280,v1.14-1.15,0.0,1.9999986060615778,1,0,1,0,1,0,1,0,1,0,1,0,1,0,1,0,1,0,1,0,1,0,1,0,1,1,1,0,1,0,1,0,1,1,1,1,1,0,1,0,1,0,1,0,1.0,1.0,1.0,1.0,1.0,1.0,1,0,1,0,1,0,1,0,1,1,1.0,1.0,1.0,1.0,1.0,1.0,,,,,,,,,,,,,,,,,,,,,,
0849878c-e783-4d12-97cb-678459ca57b9,17629951,v1.12-1.13,0.0,2.000064890994241,1,1,1,0,1,1,1,1,1,0,1,0,1,0,1,0,1,0,1,0,1,0,1,0,1,0,1,1,1,0,1,0,1,0,1,0,1,1,1,1,1,0,1,0,,,,,,,1,0,1,0,1,0,1,0,1,0,1.0,0.0,,,,,1.0,0.0,,,,,,,,,,,,,,,,,,,,
752ec598-7e3f-4f97-8bb3-3ec542a14346,17694975,v1.14-1.15,0.0,124.15775633240344,1,0,1,0,1,0,1,0,1,0,1,0,1,1,1,0,1,1,1,1,1,0,1,1,1,0,1,1,1,0,1,0,1,0,1,0,1,1,1,0,1,0,1,0,1.0,1.0,1.0,0.0,1.0,0.0,1,0,1,0,1,0,1,0,1,1,1.0,1.0,1.0,0.0,1.0,0.0,1.0,0.0,,,,,,,,,,,,,,,,,,,,
459f9f78-2086-41a4-be89-425d88d1928f,17695743,v1.14-1.15,0.0,2.0000032391356806,1,0,1,0,1,0,1,0,1,0,1,0,1,0,1,0,1,0,1,1,1,0,1,1,1,0,1,1,1,0,1,0,1,0,1,0,1,1,1,0,1,0,1,0,1.0,1.0,1.0,0.0,1.0,0.0,1,0,1,0,1,0,1,0,1,0,1.0,0.0,1.0,0.0,1.0,0.0,1.0,0.0,,,,,,,,,,,,,,,,,,,,
21f7b4fa-13a6-4819-a6f0-2adad78a3713,17761535,v1.14-1.15,0.0,1.9999959149019608,1,1,1,1,1,1,1,1,1,1,1,1,1,0,1,0,1,0,1,0,1,0,1,0,1,0,1,1,1,0,1,0,1,0,1,0,1,1,1,1,1,1,1,1,1.0,1.0,1.0,1.0,1.0,1.0,1,0,1,0,1,0,1,0,1,0,1.0,0.0,1.0,0.0,1.0,0.0,,,,,,,,,,,,,,,,,,,,,,
38211e33-6d4b-4714-ad6b-17143113305b,17760768,v1.14-1.15,0.0,2.0002223805520267,1,1,1,1,1,1,1,1,1,1,1,1,1,0,1,0,1,0,1,0,1,0,1,0,1,0,1,1,1,0,1,0,1,0,1,0,1,1,1,1,1,1,1,1,1.0,1.0,1.0,1.0,1.0,1.0,1,0,1,0,1,0,1,0,1,0,1.0,0.0,1.0,0.0,1.0,0.0,,,,,,,,,,,,,,,,,,,,,,
afea4cb9-a9a1-4695-9de0-b668a18722b5,17694975,v1.14-1.15,0.0007414364137320713,2.0000061965509905,1,0,1,0,1,0,1,0,1,0,1,0,1,0,1,0,1,0,1,0,1,0,1,0,1,0,1,1,1,0,1,0,1,0,1,0,1,1,1,0,1,0,1,0,1.0,1.0,1.0,0.0,1.0,0.0,1,0,1,0,1,0,1,0,1,0,1.0,0.0,1.0,0.0,1.0,0.0,1.0,0.0,,,,,,,,,,,,,,,,,,,,
12856fae-670f-471a-97cc-5e2e02bfbc3e,17826303,v1.16+,0.0,2.000223252504266,1,0,1,0,1,0,1,0,1,0,1,0,1,0,1,0,1,0,1,0,1,0,1,0,1,0,1,1,1,0,1,0,1,0,1,0,1,0,1,0,1,0,1,0,1.0,1.0,1.0,1.0,1.0,1.0,1,0,1,0,1,0,1,0,1,0,1.0,0.0,,,,,,,,,,,,,,,,,,,,,,,,,,
55e58a7f-3986-47b7-842c-824418908317,17695488,v1.14-1.15,0.0,2.0000073934699545,1,0,1,0,1,0,1,0,1,0,1,0,1,0,1,0,1,0,1,0,1,0,1,1,1,1,1,1,1,0,1,0,1,1,1,0,1,1,1,0,1,0,1,0,1.0,1.0,1.0,0.0,1.0,0.0,1,0,1,0,1,0,1,0,1,1,1.0,1.0,1.0,1.0,1.0,0.0,1.0,0.0,,,,,,,,,,,,,,,,,,,,
91a325b2-3c9b-43b8-b8a8-9a3cde535cbc,17694975,v1.14-1.15,0.0,2.0000381297591834,1,1,1,0,1,1,1,1,1,0,1,1,1,0,1,0,1,0,1,0,1,0,1,0,1,0,1,1,1,0,1,0,1,0,1,0,1,1,1,0,1,0,1,0,1.0,1.0,1.0,0.0,1.0,0.0,1,0,1,0,1,0,1,0,1,0,1.0,0.0,1.0,0.0,1.0,0.0,1.0,0.0,,,,,,,,,,,,,,,,,,,,
370775fe-e3d8-495a-bc8f-eb828d746a8f,17760512,v1.14-1.15,0.0,1.999974781567989,1,0,1,0,1,0,1,0,1,0,1,0,1,0,1,0,1,0,1,0,1,0,1,0,1,0,1,0,1,0,1,0,1,0,1,0,1,0,1,0,1,0,1,0,1.0,1.0,1.0,1.0,1.0,1.0,1,0,1,0,1,0,1,0,1,0,1.0,0.0,1.0,0.0,1.0,0.0,,,,,,,,,,,,,,,,,,,,,,
a3a1c2e3-641b-4263-a4a0-8e22ca613683,17498367,v1.12-1.13,0.0,5.015397736878632,1,0,1,1,1,0,1,1,1,1,1,0,1,0,1,1,1,0,1,0,1,1,1,0,1,0,1,1,1,0,1,0,1,0,1,1,1,1,1,1,1,0,1,0,,,,,,,1,0,1,0,1,0,1,0,1,0,,,,,,,1.0,0.0,1.0,0.0,1.0,0.0,1.0,0.0,1.0,0.0,1.0,0.0,1.0,0.0,,,,,,,,
38467b03-0a2e-4647-8457-cf77e2fa0ba8,17826240,v1.16+,0.0,2.000063675104118,1,1,1,1,1,1,1,1,1,1,1,1,1,0,1,0,1,0,1,0,1,0,1,0,1,0,1,1,1,0,1,0,1,0,1,0,1,1,1,1,1,1,1,1,1.0,1.0,1.0,1.0,1.0,1.0,1,0,1,0,1,0,1,0,1,0,1.0,0.0,,,,,,,,,,,,,,,,,,,,,,,,,,
722a8684-d0a7-4ba7-bb0c-c78a1754e772,17498880,v1.12-1.13,0.009415307251804393,4.999962351220455,1,1,1,1,1,1,1,1,1,1,1,0,1,0,1,1,1,0,1,0,1,1,1,0,1,0,1,1,1,0,1,0,1,0,1,1,1,1,1,1,1,0,1,0,,,,,,,1,0,1,0,1,0,1,0,1,0,,,,,,,1.0,0.0,1.0,0.0,1.0,0.0,1.0,0.0,1.0,0.0,1.0,0.0,1.0,0.0,,,,,,,,
36bf41c5-d592-488b-bf44-5d43c55d00a6,17761024,v1.14-1.15,0.0,2.0000005116280377,1,1,1,1,1,1,1,1,1,1,1,1,1,0,1,0,1,0,1,0,1,0,1,0,1,1,1,1,1,0,1,0,1,0,1,0,1,1,1,1,1,1,1,1,1.0,1.0,1.0,1.0,1.0,1.0,1,0,1,0,1,0,1,0,1,0,1.0,1.0,1.0,0.0,1.0,0.0,,,,,,,,,,,,,,,,,,,,,,
9a714f56-4546-4b61-979c-a26ed911c1d7,17891392,v1.16+,0.005046657128043062,1.9878103108254137,1,0,1,0,1,0,1,0,1,0,1,0,1,0,1,0,1,0,1,0,1,0,1,0,1,1,1,1,1,0,1,0,1,1,1,1,1,0,1,0,1,0,1,0,1.0,1.0,1.0,1.0,1.0,1.0,1,0,1,0,1,0,1,0,1,1,1.0,1.0,,,,,,,,,,,,,,,,,,,,,,,,,,
a3d297c8-a925-4f96-94ab-126769ff6f5d,17695743,v1.14-1.15,0.0,2.000135868260302,1,1,1,0,1,1,1,1,1,0,1,1,1,0,1,0,1,0,1,0,1,0,1,0,1,0,1,1,1,0,1,0,1,0,1,0,1,1,1,0,1,0,1,0,1.0,1.0,1.0,0.0,1.0,0.0,1,0,1,0,1,0,1,0,1,0,1.0,0.0,1.0,0.0,1.0,0.0,1.0,0.0,,,,,,,,,,,,,,,,,,,,
5434522a-cafb-4f40-892b-37a1803ac836,17761535,v1.14-1.15,0.011950096661530832,1.9834331227112254,1,1,1,1,1,1,1,1,1,1,1,1,1,0,1,0,1,0,1,0,1,0,1,0,1,0,1,1,1,0,1,0,1,0,1,0,1,1,1,1,1,1,1,1,1.0,1.0,1.0,1.0,1.0,1.0,1,0,1,0,1,0,1,0,1,0,1.0,0.0,1.0,0.0,1.0,0.0,,,,,,,,,,,,,,,,,,,,,,
4d369a51-881d-4b0d-9d51-546be8475225,17761280,v1.14-1.15,0.0,1.999893688409998,1,0,1,0,1,0,1,0,1,0,1,0,1,0,1,0,1,0,1,0,1,0,1,0,1,1,1,0,1,0,1,0,1,1,1,1,1,0,1,0,1,0,1,0,1.0,1.0,1.0,1.0,1.0,1.0,1,0,1,0,1,0,1,0,1,1,1.0,1.0,1.0,1.0,1.0,1.0,,,,,,,,,,,,,,,,,,,,,,
6ed461e9-d87a-47fd-bdf3-2561364610a5,17826303,v1.16+,0.0025340245415835776,1.9925228803215431,1,1,1,1,1,1,1,1,1,1,1,1,1,0,1,0,1,0,1,0,1,0,1,0,1,0,1,1,1,0,1,0,1,0,1,0,1,0,1,1,1,1,1,1,1.0,1.0,1.0,1.0,1.0,1.0,1,0,1,0,1,0,1,0,1,0,1.0,0.0,,,,,,,,,,,,,,,,,,,,,,,,,,
28ec7479-76fa-4b31-9bc1-0c5b0dc374f5,17695232,v1.14-1.15,0.0,1.9999985465849073,1,0,1,0,1,0,1,0,1,0,1,0,1,0,1,0,1,0,1,0,1,0,1,0,1,1,1,1,1,0,1,0,1,1,1,0,1,1,1,0,1,0,1,0,1.0,1.0,1.0,0.0,1.0,0.0,1,0,1,0,1,0,1,0,1,1,1.0,1.0,1.0,0.0,1.0,0.0,1.0,0.0,,,,,,,,,,,,,,,,,,,,
c033db1c-6fba-46e8-8397-cc4cb80f4f3c,17760768,v1.14-1.15,0.0,1.9999377451811349,1,0,1,0,1,0,1,0,1,0,1,0,1,0,1,0,1,0,1,0,1,0,1,0,1,1,1,1,1,0,1,0,1,1,1,1,1,0,1,0,1,0,1,0,1.0,1.0,1.0,1.0,1.0,1.0,1,0,1,0,1,0,1,0,1,1,1.0,1.0,1.0,1.0,1.0,1.0,,,,,,,,,,,,,,,,,,,,,,
3854f61d-f61d-42d1-b49b-3f1a4477a398,17694975,v1.14-1.15,0.0011154649015697215,2.0000288383604836,1,1,1,0,1,1,1,1,1,0,1,1,1,0,1,0,1,0,1,0,1,0,1,0,1,0,1,1,1,0,1,0,1,0,1,0,1,0,1,0,1,0,1,0,1.0,1.0,1.0,0.0,1.0,0.0,1,0,1,0,1,0,1,0,1,0,1.0,0.0,1.0,0.0,1.0,0.0,1.0,0.0,,,,,,,,,,,,,,,,,,,,
9c866456-7244-4ec0-80e7-e43d72306c97,17695744,v1.14-1.15,0.0,2.000081444176657,1,1,1,0,1,1,1,1,1,0,1,1,1,0,1,0,1,0,1,0,1,0,1,0,1,1,1,1,1,0,1,0,1,1,1,0,1,1,1,0,1,0,1,0,1.0,1.0,1.0,0.0,1.0,0.0,1,0,1,0,1,0,1,0,1,1,1.0,1.0,1.0,0.0,1.0,0.0,1.0,0.0,,,,,,,,,,,,,,,,,,,,
005c05c4-67f4-453f-b061-e230edaf04f4,17630207,v1.12-1.13,0.0,2.0000166218609885,1,0,1,0,1,0,1,0,1,0,1,0,1,0,1,0,1,0,1,1,1,0,1,1,1,0,1,0,1,0,1,0,1,0,1,0,1,1,1,0,1,0,1,0,,,,,,,1,0,1,0,1,0,1,0,1,1,1.0,1.0,,,,,1.0,0.0,,,,,,,,,,,,,,,,,,,,
ba76ceff-0b1b-45b8-9f6d-8e57e5c3b090,17826047,v1.16+,0.00034169919643016683,1.9999993974897214,1,1,1,1,1,1,1,1,1,1,1,1,1,0,1,0,1,0,1,0,1,0,1,0,1,0,1,1,1,0,1,0,1,0,1,0,1,1,1,1,1,1,1,1,1.0,1.0,1.0,1.0,1.0,1.0,1,0,1,0,1,0,1,0,1,0,1.0,0.0,,,,,,,,,,,,,,,,,,,,,,,,,,
bcef37c7-e81c-47ab-8d05-cc2d636213a2,17629439,v1.12-1.13,0.0,2.00315502639958,1,1,1,0,1,1,1,1,1,0,1,0,1,0,1,0,1,0,1,0,1,0,1,0,1,1,1,1,1,0,1,0,1,0,1,0,1,1,1,1,1,0,1,0,,,,,,,1,1,1,1,1,0,1,0,1,1,,,,,,,1.0,0.0,,,,,,,,,,,,,,,,,,,,
907134c8-8dbb-4414-a33d-276e7f944210,17825792,v1.16+,0.0,2.000066935573444,1,1,1,1,1,1,1,1,1,1,1,1,1,0,1,0,1,0,1,0,1,0,1,0,1,0,1,1,1,0,1,0,1,0,1,0,1,1,1,1,1,1,1,1,1.0,1.0,1.0,1.0,1.0,1.0,1,1,1,1,1,0,1,0,1,0,1.0,0.0,,,,,,,,,,,,,,,,,,,,,,,,,,
2410241a-4dfa-40a1-b0e3-8f76ee15768d,17760256,v1.14-1.15,0.0,2.000114358186875,1,0,1,0,1,0,1,0,1,0,1,0,1,0,1,0,1,0,1,0,1,0,1,0,1,1,1,1,1,0,1,0,1,1,1,1,1,0,1,0,1,0,1,0,1.0,1.0,1.0,1.0,1.0,1.0,1,0,1,0,1,0,1,0,1,1,1.0,1.0,1.0,1.0,1.0,1.0,,,,,,,,,,,,,,,,,,,,,,
e3a8a259-747a-4812-8deb-e2d71b0dee38,17761023,v1.14-1.15,0.0,1.9999529822374364,1,1,1,1,1,1,1,1,1,1,1,1,1,0,1,0,1,0,1,0,1,0,1,0,1,0,1,1,1,0,1,0,1,0,1,0,1,1,1,1,1,1,1,1,1.0,1.0,1.0,1.0,1.0,1.0,1,0,1,0,1,0,1,0,1,0,1.0,0.0,1.0,0.0,1.0,0.0,,,,,,,,,,,,,,,,,,,,,,
71fa3a31-990f-49bf-8a57-b6a30eff768a,17761535,v1.14-1.15,0.0,2.0003238319526373,1,0,1,0,1,0,1,0,1,0,1,0,1,0,1,0,1,0,1,1,1,1,1,1,1,0,1,1,1,0,1,0,1,0,1,0,1,1,1,1,1,1,1,1,1.0,1.0,1.0,1.0,1.0,1.0,1,0,1,0,1,0,1,0,1,0,1.0,0.0,1.0,0.0,1.0,0.0,,,,,,,,,,,,,,,,,,,,,,
03b3ff08-48bd-4967-abd3-8b57125f0738,17630207,v1.12-1.13,0.0,2.0001712483782232,1,0,1,0,1,0,1,0,1,0,1,0,1,0,1,0,1,0,1,1,1,0,1,1,1,0,1,0,1,0,1,0,1,0,1,0,1,1,1,0,1,0,1,0,,,,,,,1,0,1,0,1,0,1,0,1,1,1.0,1.0,,,,,1.0,0.0,,,,,,,,,,,,,,,,,,,,
f09f3f60-6a66-4b3a-b13b-81cb62c7d35b,17826559,v1.16+,0.0,2.0000120483817603,1,1,1,1,1,1,1,1,1,1,1,1,1,0,1,0,1,0,1,0,1,0,1,0,1,1,1,1,1,0,1,0,1,1,1,1,1,1,1,1,1,1,1,1,1.0,1.0,1.0,1.0,1.0,1.0,1,0,1,0,1,0,1,0,1,1,1.0,1.0,,,,,,,,,,,,,,,,,,,,,,,,,,
37f924e9-b3c9-4fe0-b6d6-d6e1170c9627,17694720,v1.14-1.15,0.0067453333179012505,1.9906565903761615,1,0,1,0,1,0,1,0,1,0,1,0,1,0,1,0,1,0,1,0,1,0,1,0,1,1,1,1,1,0,1,0,1,1,1,0,1,0,1,0,1,0,1,0,1.0,1.0,1.0,0.0,1.0,0.0,1,0,1,0,1,0,1,0,1,1,1.0,1.0,1.0,0.0,1.0,0.0,1.0,0.0,,,,,,,,,,,,,,,,,,,,
b50e9242-7a37-45db-9cdf-2adfc7c89b86,17498880,v1.12-1.13,0.01801466454035797,4.9998358639741625,1,1,1,1,1,1,1,1,1,1,1,0,1,0,1,1,1,0,1,0,1,1,1,0,1,0,1,1,1,0,1,0,1,0,1,1,1,1,1,1,1,0,1,0,,,,,,,1,0,1,0,1,0,1,0,1,0,,,,,,,1.0,0.0,1.0,0.0,1.0,0.0,1.0,0.0,1.0,0.0,1.0,0.0,1.0,0.0,,,,,,,,
6a75ea76-7354-4569-8736-7e4391f78235,17761023,v1.14-1.15,0.0,1.999988726478641,1,1,1,1,1,1,1,1,1,1,1,0,1,1,1,1,1,1,1,1,1,1,1,1,1,1,1,1,1,0,1,0,1,1,1,1,1,1,1,1,1,1,1,1,1.0,1.0,1.0,1.0,1.0,1.0,1,0,1,0,1,0,1,0,1,1,1.0,1.0,1.0,1.0,1.0,1.0,,,,,,,,,,,,,,,,,,,,,,
53de9602-7a30-4475-bf1e-07ccce1d9d55,17694975,v1.14-1.15,0.0,2.0002379120186284,1,1,1,0,1,1,1,1,1,0,1,1,1,0,1,0,1,0,1,0,1,0,1,0,1,0,1,1,1,0,1,0,1,0,1,0,1,0,1,0,1,0,1,0,1.0,1.0,1.0,0.0,1.0,0.0,1,0,1,0,1,0,1,0,1,0,1.0,0.0,1.0,0.0,1.0,0.0,1.0,0.0,,,,,,,,,,,,,,,,,,,,
f108a165-c757-444b-a5d4-69f6ae92d063,17826047,v1.16+,0.0,2.0000001124121844,1,1,1,1,1,1,1,1,1,1,1,1,1,0,1,0,1,0,1,0,1,0,1,0,1,0,1,1,1,0,1,0,1,0,1,0,1,1,1,1,1,1,1,1,1.0,1.0,1.0,1.0,1.0,1.0,1,0,1,0,1,0,1,0,1,0,1.0,0.0,,,,,,,,,,,,,,,,,,,,,,,,,,
3944f37a-7f60-4659-94a4-c1a205d56310,17891583,v1.16+,0.0010342980193485231,2.0000229093533255,1,1,1,1,1,1,1,1,1,1,1,1,1,0,1,0,1,0,1,0,1,0,1,0,1,0,1,1,1,0,1,0,1,0,1,0,1,1,1,1,1,1,1,1,1.0,1.0,1.0,1.0,1.0,1.0,1,0,1,0,1,0,1,0,1,0,1.0,0.0,,,,,,,,,,,,,,,,,,,,,,,,,,
5605b5ab-8f23-4958-82fa-40189e0eb8b5,17629696,v1.12-1.13,0.0,2.0000493881542383,1,1,1,0,1,1,1,1,1,0,1,1,1,0,1,0,1,0,1,0,1,0,1,0,1,1,1,0,1,0,1,0,1,0,1,0,1,1,1,0,1,0,1,0,,,,,,,1,0,1,0,1,0,1,0,1,1,1.0,1.0,,,,,1.0,0.0,,,,,,,,,,,,,,,,,,,,
e9ff57c5-7c31-4619-9b43-5bb138398aac,17694720,v1.14-1.15,0.0,1.999909049590722,1,1,1,0,1,1,1,1,1,0,1,1,1,0,1,0,1,0,1,0,1,0,1,0,1,0,1,1,1,0,1,0,1,0,1,0,1,1,1,0,1,0,1,0,1.0,1.0,1.0,0.0,1.0,0.0,1,0,1,0,1,0,1,0,1,0,1.0,0.0,1.0,0.0,1.0,0.0,1.0,0.0,,,,,,,,,,,,,,,,,,,,
eecbcfed-a13e-47ee-b415-03c2e72bae71,17170944,v1.12-1.13,0.0,99.99878742805407,1,1,1,1,1,1,1,1,1,1,1,1,1,0,1,0,1,0,1,0,1,0,1,0,1,0,1,1,1,0,1,0,1,0,1,0,1,1,1,1,1,1,1,1,1.0,1.0,1.0,1.0,1.0,1.0,1,0,1,0,1,0,1,0,1,0,1.0,0.0,,,,,,,,,,,,,,,,,,,,,,,,,,
3751aed1-d1da-446a-9401-45de06b6fe1f,17695743,v1.14-1.15,0.0,2.000065682157002,1,1,1,0,1,1,1,1,1,0,1,1,1,0,1,0,1,0,1,0,1,0,1,0,1,0,1,1,1,0,1,0,1,0,1,0,1,1,1,0,1,0,1,0,1.0,1.0,1.0,0.0,1.0,0.0,1,0,1,0,1,0,1,0,1,0,1.0,0.0,1.0,0.0,1.0,0.0,1.0,0.0,,,,,,,,,,,,,,,,,,,,
7b1b9461-7ce2-496c-939a-5465adad6169,17630207,v1.12-1.13,0.0,2.0000085333697424,1,1,1,0,1,1,1,1,1,0,1,1,1,0,1,0,1,0,1,0,1,0,1,0,1,0,1,0,1,0,1,0,1,0,1,0,1,1,1,1,1,0,1,0,,,,,,,1,0,1,0,1,0,1,0,1,0,1.0,0.0,,,,,1.0,0.0,,,,,,,,,,,,,,,,,,,,
f437dd6c-0ed0-4213-8f66-cf749f46cf7e,17694720,v1.14-1.15,0.0,2.0002245013880846,1,0,1,0,1,0,1,0,1,0,1,0,1,0,1,0,1,0,1,0,1,0,1,0,1,0,1,1,1,0,1,0,1,0,1,0,1,0,1,0,1,0,1,0,,,,,,,1,0,1,0,1,0,1,0,1,0,1.0,0.0,1.0,0.0,1.0,0.0,1.0,0.0,,,,,,,,,,,,,,,,,,,,
5698fb9c-7c2e-4667-91a9-17354c5e1387,17891392,v1.16+,0.00023684613198892462,2.0000223482171986,1,1,1,1,1,1,1,1,1,1,1,1,1,0,1,0,1,0,1,0,1,0,1,0,1,1,1,1,1,1,1,1,1,0,1,0,1,1,1,1,1,1,1,1,1.0,1.0,1.0,1.0,1.0,1.0,1,1,1,1,1,0,1,0,1,1,1.0,1.0,,,,,,,,,,,,,,,,,,,,,,,,,,
011d7cd6-655b-418e-a477-ce6c4c7c00af,17695743,v1.14-1.15,0.0,1.999999664233633,1,1,1,0,1,1,1,1,1,0,1,1,1,0,1,0,1,0,1,0,1,0,1,0,1,0,1,1,1,0,1,0,1,0,1,0,1,0,1,0,1,0,1,0,1.0,1.0,1.0,0.0,1.0,0.0,1,0,1,0,1,0,1,0,1,0,1.0,0.0,1.0,0.0,1.0,0.0,1.0,0.0,,,,,,,,,,,,,,,,,,,,
32d52109-0a57-4ade-b757-809501a3d221,17498880,v1.12-1.13,0.007271614567316927,4.997483971676638,1,1,1,1,1,1,1,1,1,1,1,0,1,0,1,1,1,0,1,0,1,1,1,0,1,0,1,1,1,0,1,0,1,0,1,1,1,1,1,1,1,0,1,0,,,,,,,1,0,1,0,1,0,1,0,1,0,,,,,,,1.0,0.0,1.0,0.0,1.0,0.0,1.0,0.0,1.0,0.0,1.0,0.0,1.0,0.0,,,,,,,,
2a4433a6-3471-44be-90bf-c658fa62a8d5,17761280,v1.14-1.15,0.0,2.0003070932997544,1,0,1,0,1,0,1,0,1,0,1,0,1,0,1,0,1,0,1,1,1,1,1,1,1,1,1,1,1,0,1,0,1,0,1,0,1,1,1,0,1,0,1,0,1.0,1.0,1.0,1.0,1.0,1.0,1,0,1,0,1,0,1,0,1,1,1.0,1.0,1.0,0.0,1.0,0.0,,,,,,,,,,,,,,,,,,,,,,
298b3acc-a174-4c4b-baf2-62f303e60ef8,17630207,v1.12-1.13,0.0,2.000042437114427,1,0,1,0,1,0,1,0,1,0,1,0,1,0,1,0,1,0,1,1,1,0,1,1,1,0,1,0,1,0,1,0,1,0,1,0,1,1,1,0,1,0,1,0,,,,,,,1,0,1,0,1,0,1,0,1,0,1.0,0.0,,,,,1.0,0.0,,,,,,,,,,,,,,,,,,,,
48f58c4c-3547-418f-b5df-1a7928f973f3,17563648,v1.12-1.13,0.0,2.0102085776010252,1,0,1,0,1,0,1,1,1,0,1,0,1,0,1,0,1,0,1,0,1,0,1,1,1,0,1,0,1,0,1,0,1,0,1,0,1,0,1,0,1,0,1,0,,,,,,,1,0,1,0,1,0,1,0,1,0,,,,,,,1.0,0.0,,,,,,,,,,,,,,,,,,,,
8c122624-6d86-4a16-b36b-cd65e447abd8,17695488,v1.14-1.15,0.0,2.0001299686047327,1,1,1,0,1,1,1,1,1,0,1,1,1,0,1,0,1,0,1,0,1,0,1,0,1,0,1,1,1,0,1,0,1,0,1,0,1,0,1,0,1,0,1,0,1.0,1.0,1.0,0.0,1.0,0.0,1,0,1,0,1,0,1,0,1,0,1.0,0.0,1.0,0.0,1.0,0.0,1.0,0.0,,,,,,,,,,,,,,,,,,,,
0b4bac1f-e1c2-46fa-aec6-4b662281ef90,17826240,v1.16+,0.0,1.9999996053812437,1,1,1,1,1,1,1,1,1,1,1,1,1,0,1,0,1,0,1,0,1,0,1,0,1,0,1,1,1,0,1,0,1,0,1,0,1,1,1,1,1,1,1,1,1.0,1.0,1.0,1.0,1.0,1.0,1,0,1,0,1,0,1,0,1,0,1.0,0.0,,,,,,,,,,,,,,,,,,,,,,,,,,
38a563d8-e427-4091-bb0a-6c86c44b814f,17694720,v1.14-1.15,0.0001264989994392974,123.268563381905,1,0,1,0,1,0,1,0,1,0,1,0,1,1,1,0,1,1,1,1,1,0,1,1,1,1,1,1,1,0,1,0,1,0,1,0,1,1,1,0,1,0,1,0,1.0,1.0,1.0,0.0,1.0,0.0,1,0,1,0,1,0,1,0,1,0,1.0,1.0,1.0,0.0,1.0,0.0,1.0,0.0,,,,,,,,,,,,,,,,,,,,
1495b593-72b3-4258-80e3-4b3c3db35965,17695743,v1.14-1.15,0.0,1.9999944074230458,1,1,1,0,1,1,1,1,1,0,1,1,1,0,1,0,1,0,1,0,1,0,1,0,1,0,1,1,1,0,1,0,1,0,1,0,1,1,1,0,1,0,1,0,1.0,1.0,1.0,0.0,1.0,0.0,1,0,1,0,1,0,1,0,1,0,1.0,0.0,1.0,0.0,1.0,0.0,1.0,0.0,,,,,,,,,,,,,,,,,,,,
63ec4ef5-19ae-464f-a38b-78f12d3cf95d,17694975,v1.14-1.15,0.0,1.9998567324857477,1,1,1,0,1,1,1,1,1,0,1,1,1,0,1,0,1,0,1,0,1,0,1,0,1,0,1,1,1,0,1,0,1,0,1,0,1,1,1,0,1,0,1,0,1.0,1.0,1.0,0.0,1.0,0.0,1,0,1,0,1,0,1,0,1,0,1.0,0.0,1.0,0.0,1.0,0.0,1.0,0.0,,,,,,,,,,,,,,,,,,,,
92083c17-45c4-47c5-b6aa-4c389f51a6a6,17629951,v1.12-1.13,0.0,2.000064890994241,1,1,1,0,1,1,1,1,1,0,1,0,1,0,1,0,1,0,1,0,1,0,1,0,1,0,1,1,1,0,1,0,1,0,1,0,1,1,1,1,1,0,1,0,,,,,,,1,0,1,0,1,0,1,0,1,0,1.0,0.0,,,,,1.0,0.0,,,,,,,,,,,,,,,,,,,,
0be9f8da-43ea-4651-9504-9b7765aa6816,17826047,v1.16+,0.0,2.000152415869733,1,1,1,1,1,1,1,1,1,1,1,1,1,0,1,0,1,0,1,0,1,0,1,0,1,0,1,1,1,0,1,0,1,0,1,0,1,1,1,1,1,1,1,1,1.0,1.0,1.0,1.0,1.0,1.0,1,0,1,0,1,0,1,0,1,0,1.0,0.0,,,,,,,,,,,,,,,,,,,,,,,,,,
7cd7e058-49c2-4c3c-9efb-e2fa12cfbee9,17695743,v1.14-1.15,0.0,2.0001478302809272,1,1,1,0,1,1,1,1,1,0,1,1,1,0,1,0,1,0,1,0,1,0,1,0,1,0,1,1,1,0,1,0,1,0,1,0,1,1,1,0,1,0,1,0,1.0,1.0,1.0,0.0,1.0,0.0,1,0,1,0,1,0,1,0,1,0,1.0,0.0,1.0,0.0,1.0,0.0,1.0,0.0,,,,,,,,,,,,,,,,,,,,
94801bb4-3479-402b-ba13-66f52bf41c61,17761535,v1.14-1.15,0.0,2.0002409234284917,1,1,1,1,1,1,1,1,1,1,1,1,1,0,1,0,1,0,1,0,1,0,1,0,1,0,1,1,1,0,1,0,1,0,1,0,1,1,1,1,1,1,1,1,1.0,1.0,1.0,1.0,1.0,1.0,1,0,1,0,1,0,1,0,1,0,1.0,0.0,1.0,0.0,1.0,0.0,,,,,,,,,,,,,,,,,,,,,,
660aa556-f62f-4aa9-8a1d-993e367b99ea,17826559,v1.16+,0.0,2.0002373918104555,1,1,1,1,1,1,1,1,1,1,1,1,1,0,1,0,1,0,1,0,1,0,1,0,1,0,1,1,1,0,1,0,1,0,1,0,1,1,1,0,1,0,1,0,1.0,1.0,1.0,1.0,1.0,1.0,1,0,1,0,1,0,1,0,1,0,1.0,0.0,,,,,,,,,,,,,,,,,,,,,,,,,,
c522b7ef-e45f-40ed-bd73-54f51dd780c7,17760256,v1.14-1.15,0.0,2.0000136843041556,1,1,1,1,1,1,1,1,1,1,1,1,1,0,1,0,1,0,1,0,1,0,1,0,1,1,1,1,1,0,1,0,1,0,1,0,1,1,1,1,1,1,1,1,1.0,1.0,1.0,1.0,1.0,1.0,1,0,1,0,1,0,1,0,1,1,1.0,1.0,1.0,0.0,1.0,0.0,,,,,,,,,,,,,,,,,,,,,,
57bb87b4-0e73-42ff-a0ee-6cb28842b000,17825856,v1.16+,0.0,100.00043959135587,1,1,1,1,1,1,1,1,1,1,1,1,1,0,1,0,1,0,1,0,1,0,1,0,1,0,1,1,1,0,1,0,1,0,1,0,1,1,1,1,1,1,1,1,1.0,1.0,1.0,1.0,1.0,1.0,1,0,1,0,1,0,1,0,1,0,1.0,0.0,,,,,,,,,,,,,,,,,,,,,,,,,,
baa0ab89-b4e4-46c2-ad07-59d3cce9ef6e,17695999,v1.14-1.15,0.006061584238008796,1.9743822993349132,1,1,1,0,1,1,1,1,1,0,1,1,1,0,1,0,1,0,1,0,1,0,1,0,1,0,1,1,1,0,1,0,1,0,1,0,1,1,1,0,1,0,1,0,1.0,1.0,1.0,0.0,1.0,0.0,1,0,1,0,1,0,1,0,1,0,1.0,0.0,1.0,0.0,1.0,0.0,1.0,0.0,,,,,,,,,,,,,,,,,,,,
fedbdb1f-4148-479d-af98-44f9e7260e3f,17695743,v1.14-1.15,0.0,2.000092381625476,1,1,1,0,1,1,1,1,1,0,1,1,1,0,1,0,1,0,1,0,1,0,1,0,1,0,1,1,1,0,1,0,1,0,1,0,1,0,1,0,1,0,1,0,1.0,1.0,1.0,0.0,1.0,0.0,1,0,1,0,1,0,1,0,1,0,1.0,0.0,1.0,0.0,1.0,0.0,1.0,0.0,,,,,,,,,,,,,,,,,,,,
74b80e39-184a-4cc0-8933-2e1eda05ba9f,17694720,v1.14-1.15,0.0,2.0000792249280535,1,1,1,0,1,1,1,1,1,0,1,1,1,0,1,0,1,0,1,0,1,0,1,0,1,0,1,1,1,0,1,0,1,0,1,0,1,1,1,0,1,0,1,0,1.0,1.0,1.0,0.0,1.0,0.0,1,0,1,0,1,0,1,0,1,0,1.0,0.0,1.0,0.0,1.0,0.0,1.0,0.0,,,,,,,,,,,,,,,,,,,,
1c2eebe6-fe65-4ea6-b9ab-3dbdbcbf350d,17761535,v1.14-1.15,0.002970570153643184,1.995934752453918,1,1,1,1,1,1,1,1,1,1,1,1,1,0,1,0,1,0,1,0,1,0,1,0,1,0,1,1,1,0,1,0,1,0,1,0,1,1,1,1,1,1,1,1,1.0,1.0,1.0,1.0,1.0,1.0,1,0,1,0,1,0,1,0,1,0,1.0,0.0,1.0,0.0,1.0,0.0,,,,,,,,,,,,,,,,,,,,,,
c752a311-8327-4f09-bf15-c383bd38f42e,17499135,v1.12-1.13,0.005704716149092513,4.999774236998371,1,1,1,1,1,1,1,1,1,1,1,0,1,0,1,1,1,0,1,0,1,1,1,0,1,0,1,1,1,0,1,0,1,0,1,1,1,1,1,0,1,0,1,0,,,,,,,1,0,1,0,1,0,1,0,1,0,,,,,,,1.0,0.0,1.0,0.0,1.0,0.0,1.0,0.0,1.0,0.0,1.0,0.0,1.0,0.0,,,,,,,,
4ef4d250-16fc-442c-a1a9-f6ec94dd687f,17826559,v1.16+,0.0,100.01446340757882,1,1,1,1,1,1,1,1,1,1,1,1,1,0,1,0,1,0,1,0,1,0,1,0,1,0,1,1,1,0,1,0,1,0,1,0,1,1,1,1,1,1,1,1,1.0,1.0,1.0,1.0,1.0,1.0,1,0,1,0,1,0,1,0,1,0,1.0,0.0,,,,,,,,,,,,,,,,,,,,,,,,,,
e1842bbf-c054-4b50-8f62-58abe1c7c8c6,17760768,v1.14-1.15,0.0,123.82436152316869,1,1,1,1,1,1,1,1,1,1,1,1,1,0,1,0,1,0,1,0,1,0,1,0,1,0,1,1,1,0,1,0,1,0,1,0,1,0,1,0,1,0,1,0,1.0,1.0,1.0,1.0,1.0,1.0,1,0,1,0,1,0,1,0,1,0,1.0,0.0,1.0,0.0,1.0,0.0,,,,,,,,,,,,,,,,,,,,,,
12294a1a-5b9e-4fce-b86b-f1f80e459705,17629184,v1.12-1.13,0.0,2.000107205746228,1,1,1,0,1,1,1,1,1,0,1,0,1,0,1,0,1,0,1,0,1,0,1,0,1,0,1,1,1,0,1,0,1,0,1,0,1,1,1,0,1,0,1,0,,,,,,,1,0,1,0,1,0,1,0,1,0,1.0,0.0,,,,,1.0,0.0,,,,,,,,,,,,,,,,,,,,
d81d545a-d757-4357-821f-957c661ceba1,17630207,v1.12-1.13,0.0,1.9999991270362116,1,0,1,0,1,0,1,1,1,0,1,0,1,0,1,0,1,0,1,0,1,0,1,0,1,0,1,1,1,0,1,0,1,0,1,0,1,1,1,1,1,0,1,0,,,,,,,1,0,1,0,1,0,1,0,1,0,1.0,0.0,,,,,1.0,0.0,,,,,,,,,,,,,,,,,,,,
4c654775-5619-4bdf-873b-0fa0a3c7b5d3,17694975,v1.14-1.15,0.0,2.000031210613626,1,1,1,0,1,1,1,1,1,0,1,0,1,0,1,0,1,0,1,0,1,0,1,0,1,0,1,1,1,0,1,0,1,0,1,0,1,1,1,0,1,0,1,0,1.0,1.0,1.0,0.0,1.0,0.0,1,0,1,0,1,0,1,0,1,1,1.0,1.0,1.0,0.0,1.0,0.0,1.0,0.0,,,,,,,,,,,,,,,,,,,,
7075ac4f-282f-4d2b-ab86-57403f41be95,17760511,v1.14-1.15,0.0,1.999968876223997,1,0,1,0,1,0,1,0,1,0,1,0,1,0,1,0,1,0,1,0,1,0,1,0,1,0,1,1,1,0,1,0,1,0,1,0,1,1,1,1,1,1,1,1,1.0,1.0,1.0,1.0,1.0,1.0,1,0,1,0,1,0,1,0,1,0,1.0,0.0,1.0,0.0,1.0,0.0,,,,,,,,,,,,,,,,,,,,,,
805e8db2-9c03-4e5b-be97-0d3b8c421740,17695488,v1.14-1.15,0.0,2.000222960632768,1,0,1,0,1,0,1,0,1,0,1,0,1,0,1,0,1,0,1,1,1,0,1,1,1,0,1,1,1,0,1,0,1,0,1,0,1,1,1,0,1,0,1,0,1.0,1.0,1.0,0.0,1.0,0.0,1,0,1,0,1,0,1,0,1,0,1.0,0.0,1.0,0.0,1.0,0.0,1.0,0.0,,,,,,,,,,,,,,,,,,,,
3fff89e2-82ad-475c-a98d-cad6f631824f,17695743,v1.14-1.15,0.0,2.0000265933184216,1,1,1,0,1,1,1,1,1,0,1,1,1,0,1,0,1,0,1,0,1,0,1,0,1,1,1,1,1,0,1,0,1,1,1,0,1,1,1,0,1,0,1,0,1.0,1.0,1.0,0.0,1.0,0.0,1,0,1,0,1,0,1,0,1,1,1.0,1.0,1.0,1.0,1.0,0.0,1.0,0.0,,,,,,,,,,,,,,,,,,,,
9cfe7f77-7e90-4185-a6fe-e90c207e01ac,16842880,v1.12-1.13,0.0,1.9998331831458613,1,0,1,0,1,0,1,0,1,0,1,0,1,0,1,0,1,0,1,1,1,0,1,1,1,1,1,1,1,0,1,0,1,0,1,0,1,1,1,0,1,0,1,0,1.0,1.0,1.0,0.0,1.0,0.0,1,0,1,0,1,0,1,0,1,1,1.0,1.0,1.0,0.0,1.0,0.0,1.0,0.0,,,,,,,,,,,,,,,,,,,,
51ecc1f6-7c8a-4a60-83b0-cf861e5c8d83,17826559,v1.16+,0.0,2.000169733701788,1,1,1,1,1,1,1,1,1,1,1,1,1,0,1,0,1,0,1,0,1,0,1,0,1,0,1,1,1,0,1,0,1,0,1,0,1,1,1,1,1,1,1,1,1.0,1.0,1.0,1.0,1.0,1.0,1,0,1,0,1,0,1,0,1,0,1.0,0.0,,,,,,,,,,,,,,,,,,,,,,,,,,
0ee7bcf9-787c-4a46-b7ac-723561397895,17694975,v1.14-1.15,0.0,2.000109101841692,1,1,1,0,1,1,1,1,1,0,1,1,1,0,1,0,1,0,1,0,1,0,1,0,1,0,1,1,1,0,1,0,1,0,1,0,1,1,1,0,1,0,1,0,1.0,1.0,1.0,0.0,1.0,0.0,1,0,1,0,1,0,1,0,1,0,1.0,0.0,1.0,0.0,1.0,0.0,1.0,0.0,,,,,,,,,,,,,,,,,,,,
a27998d4-4265-4860-9fe8-729a6c6ed9ac,17367040,v1.12-1.13,0.0,2.0000369279545516,1,1,1,0,1,1,1,1,1,0,1,1,1,0,1,0,1,0,1,0,1,0,1,0,1,0,1,1,1,0,1,0,1,0,1,0,1,1,1,0,1,0,1,0,1.0,1.0,1.0,0.0,1.0,0.0,1,0,1,0,1,0,1,0,1,0,1.0,0.0,1.0,0.0,1.0,0.0,1.0,0.0,,,,,,,,,,,,,,,,,,,,
2cbcae74-e8e0-43af-ba25-dde3fb8204e0,17760256,v1.14-1.15,0.0,1.999978782043285,1,1,1,1,1,1,1,1,1,1,1,1,1,0,1,0,1,0,1,0,1,0,1,0,1,0,1,1,1,0,1,0,1,0,1,0,1,1,1,1,1,1,1,1,1.0,1.0,1.0,1.0,1.0,1.0,1,0,1,0,1,0,1,0,1,0,1.0,0.0,1.0,0.0,1.0,0.0,,,,,,,,,,,,,,,,,,,,,,
860d18ed-6465-45b9-8a3d-e1f77e1dd673,17761535,v1.14-1.15,0.005316518517052099,1.9906014214412948,1,1,1,1,1,1,1,1,1,1,1,1,1,0,1,0,1,0,1,0,1,0,1,0,1,0,1,1,1,0,1,0,1,0,1,0,1,1,1,1,1,1,1,1,1.0,1.0,1.0,1.0,1.0,1.0,1,0,1,0,1,0,1,0,1,0,1.0,0.0,1.0,0.0,1.0,0.0,,,,,,,,,,,,,,,,,,,,,,
06d142c8-6d67-4e30-8c13-4a03df55f0a0,17760767,v1.14-1.15,0.0,2.0000631448507162,1,0,1,0,1,0,1,0,1,0,1,0,1,0,1,0,1,0,1,0,1,0,1,0,1,0,1,1,1,0,1,0,1,0,1,0,1,0,1,0,1,0,1,0,1.0,1.0,1.0,1.0,1.0,1.0,1,0,1,0,1,0,1,0,1,0,1.0,0.0,1.0,0.0,1.0,0.0,,,,,,,,,,,,,,,,,,,,,,
3f0eccad-147a-445c-bbf1-f58bd3738ab2,17695743,v1.14-1.15,0.0,2.000070420200934,1,0,1,0,1,0,1,0,1,0,1,0,1,0,1,0,1,0,1,0,1,0,1,0,1,0,1,1,1,0,1,0,1,1,1,0,1,1,1,0,1,0,1,0,1.0,1.0,1.0,0.0,1.0,0.0,1,0,1,0,1,0,1,0,1,1,1.0,1.0,1.0,1.0,1.0,0.0,1.0,0.0,,,,,,,,,,,,,,,,,,,,
fb5403a8-54c4-439f-93ff-189a20751a4c,17760256,v1.14-1.15,0.0,2.000026888448132,1,1,1,1,1,1,1,1,1,1,1,1,1,0,1,0,1,0,1,0,1,0,1,0,1,0,1,1,1,0,1,0,1,0,1,0,1,0,1,0,1,0,1,0,1.0,1.0,1.0,1.0,1.0,1.0,1,0,1,0,1,0,1,0,1,0,1.0,0.0,1.0,0.0,1.0,0.0,,,,,,,,,,,,,,,,,,,,,,
3b65664e-c749-4656-aff8-45069e45ef59,17826047,v1.16+,0.0022027580969092263,1.9999370390191418,1,1,1,1,1,1,1,1,1,1,1,1,1,0,1,0,1,0,1,0,1,0,1,0,1,1,1,1,1,0,1,0,1,0,1,0,1,1,1,1,1,1,1,1,1.0,1.0,1.0,1.0,1.0,1.0,1,0,1,0,1,0,1,0,1,1,1.0,1.0,,,,,,,,,,,,,,,,,,,,,,,,,,
509ef0d1-86e9-4a90-9cff-d28d94ad85db,17760511,v1.14-1.15,0.0,1.9999347940722845,1,1,1,1,1,1,1,1,1,1,1,0,1,0,1,0,1,0,1,0,1,0,1,0,1,0,1,1,1,0,1,0,1,0,1,0,1,1,1,1,1,1,1,1,1.0,1.0,1.0,1.0,1.0,1.0,1,0,1,0,1,0,1,0,1,0,1.0,0.0,1.0,0.0,1.0,0.0,,,,,,,,,,,,,,,,,,,,,,
1aa3c217-b670-40d8-b2cf-9d065c0017b0,17695488,v1.14-1.15,0.0,2.0001539464893714,1,0,1,0,1,0,1,0,1,0,1,0,1,0,1,0,1,0,1,1,1,0,1,1,1,0,1,1,1,0,1,0,1,0,1,0,1,1,1,0,1,0,1,0,1.0,1.0,1.0,0.0,1.0,0.0,1,0,1,0,1,0,1,0,1,0,1.0,0.0,1.0,0.0,1.0,0.0,1.0,0.0,,,,,,,,,,,,,,,,,,,,
e642af33-b80f-42a2-9b17-03ffb50c98f9,17695743,v1.14-1.15,0.0004674189683538777,2.0000165970369546,1,0,1,0,1,0,1,0,1,0,1,0,1,0,1,0,1,0,1,0,1,0,1,0,1,0,1,1,1,0,1,0,1,0,1,0,1,1,1,0,1,0,1,0,1.0,1.0,1.0,0.0,1.0,0.0,1,0,1,0,1,0,1,0,1,0,1.0,0.0,1.0,0.0,1.0,0.0,1.0,0.0,,,,,,,,,,,,,,,,,,,,
a24b3c3f-ec4a-4266-b8d0-7834efaa78e2,17826240,v1.16+,0.0,2.0000367710464126,1,0,1,0,1,0,1,0,1,0,1,0,1,0,1,0,1,0,1,1,1,1,1,1,1,1,1,1,1,0,1,0,1,0,1,0,1,1,1,1,1,1,1,1,1.0,1.0,1.0,1.0,1.0,1.0,1,0,1,0,1,0,1,0,1,1,1.0,1.0,,,,,,,,,,,,,,,,,,,,,,,,,,
058d9d2d-ee89-4752-a5eb-b3b01f9e063e,17694720,v1.14-1.15,0.0,2.00007471183728,1,0,1,0,1,0,1,0,1,0,1,0,1,0,1,0,1,0,1,1,1,0,1,1,1,0,1,1,1,0,1,0,1,0,1,0,1,1,1,0,1,0,1,0,1.0,1.0,1.0,0.0,1.0,0.0,1,0,1,0,1,0,1,0,1,0,1.0,0.0,1.0,0.0,1.0,0.0,1.0,0.0,,,,,,,,,,,,,,,,,,,,
3c350c7e-2be4-4390-b0ac-601cdb95d3ae,17760511,v1.14-1.15,0.0011824712694955652,2.000064348953796,1,0,1,0,1,0,1,0,1,0,1,0,1,0,1,0,1,0,1,0,1,0,1,0,1,0,1,1,1,0,1,0,1,0,1,0,1,0,1,0,1,0,1,0,1.0,1.0,1.0,1.0,1.0,1.0,1,0,1,0,1,0,1,0,1,0,1.0,0.0,1.0,0.0,1.0,0.0,,,,,,,,,,,,,,,,,,,,,,
b81d0d12-e9e9-47ba-8bb4-44ca3d57541b,17694720,v1.14-1.15,0.0,2.0000287176537253,1,0,1,0,1,0,1,0,1,0,1,0,1,0,1,0,1,0,1,1,1,0,1,1,1,1,1,1,1,0,1,0,1,0,1,0,1,1,1,0,1,0,1,0,1.0,1.0,1.0,0.0,1.0,0.0,1,0,1,0,1,0,1,0,1,1,1.0,1.0,1.0,0.0,1.0,0.0,1.0,0.0,,,,,,,,,,,,,,,,,,,,
c72dfcf6-4f05-4375-8337-708cc29efaa8,17760768,v1.14-1.15,0.0,2.000000070121954,1,1,1,1,1,1,1,1,1,1,1,1,1,0,1,0,1,0,1,0,1,0,1,0,1,0,1,1,1,0,1,0,1,0,1,0,1,1,1,1,1,1,1,1,1.0,1.0,1.0,1.0,1.0,1.0,1,0,1,0,1,0,1,0,1,0,1.0,0.0,1.0,0.0,1.0,0.0,,,,,,,,,,,,,,,,,,,,,,
80371a28-9432-4a56-aae4-adb514002eb2,17761535,v1.14-1.15,0.00152875033901776,1.9999980818731844,1,1,1,1,1,1,1,1,1,1,1,1,1,0,1,0,1,0,1,0,1,0,1,0,1,1,1,1,1,0,1,0,1,0,1,0,1,0,1,1,1,1,1,1,1.0,1.0,1.0,1.0,1.0,1.0,1,0,1,0,1,0,1,0,1,1,1.0,1.0,1.0,0.0,1.0,0.0,,,,,,,,,,,,,,,,,,,,,,
f3fbe582-59f0-4a1d-810f-3eed6ad8f254,17695743,v1.14-1.15,0.0,2.0000429795067953,1,1,1,0,1,1,1,1,1,0,1,0,1,0,1,0,1,0,1,0,1,0,1,0,1,1,1,1,1,0,1,0,1,0,1,0,1,1,1,0,1,0,1,0,1.0,1.0,1.0,0.0,1.0,0.0,1,0,1,0,1,0,1,0,1,1,1.0,1.0,1.0,0.0,1.0,0.0,1.0,0.0,,,,,,,,,,,,,,,,,,,,
b3b64857-4c84-4f23-b1cf-5918245d5c66,17891392,v1.16+,0.005691213930867809,1.9837858748013273,1,1,1,1,1,1,1,1,1,1,1,1,1,0,1,0,1,0,1,0,1,0,1,0,1,0,1,1,1,0,1,0,1,0,1,0,1,1,1,1,1,1,1,1,1.0,1.0,1.0,1.0,1.0,1.0,1,0,1,0,1,0,1,0,1,0,1.0,0.0,,,,,,,,,,,,,,,,,,,,,,,,,,
2a6503a3-b0b8-4d36-89bc-d04d31b466ec,17761535,v1.14-1.15,0.0,2.0000635691200195,1,1,1,1,1,1,1,1,1,1,1,1,1,0,1,0,1,0,1,0,1,0,1,0,1,0,1,1,1,0,1,0,1,0,1,0,1,1,1,1,1,1,1,1,1.0,1.0,1.0,1.0,1.0,1.0,1,0,1,0,1,0,1,0,1,0,1.0,0.0,1.0,0.0,1.0,0.0,,,,,,,,,,,,,,,,,,,,,,
6be4ab83-22ad-4409-9889-85bd9c2e7576,17761023,v1.14-1.15,0.01856896185120155,1.9880736988095875,1,0,1,0,1,0,1,0,1,0,1,0,1,0,1,0,1,0,1,0,1,0,1,0,1,0,1,1,1,0,1,0,1,0,1,0,1,1,1,1,1,1,1,1,1.0,1.0,1.0,1.0,1.0,1.0,1,0,1,0,1,0,1,0,1,0,1.0,0.0,1.0,0.0,1.0,0.0,,,,,,,,,,,,,,,,,,,,,,
04ec33d4-450c-40e4-a0df-d34af2a183ef,17695488,v1.14-1.15,0.0,2.0000856115076457,1,0,1,0,1,0,1,0,1,0,1,0,1,0,1,0,1,0,1,0,1,0,1,0,1,0,1,1,1,0,1,0,1,0,1,0,1,1,1,0,1,0,1,0,1.0,1.0,1.0,0.0,1.0,0.0,1,0,1,0,1,0,1,0,1,0,1.0,0.0,1.0,0.0,1.0,0.0,1.0,0.0,,,,,,,,,,,,,,,,,,,,
c3593839-8de4-453f-a41b-dae023124c8e,17761023,v1.14-1.15,0.010656586518640924,2.00006272537143,1,0,1,0,1,0,1,0,1,0,1,0,1,0,1,0,1,0,1,0,1,0,1,0,1,1,1,1,1,0,1,0,1,1,1,1,1,1,1,1,1,1,1,1,1.0,1.0,1.0,1.0,1.0,1.0,1,0,1,0,1,0,1,0,1,1,1.0,1.0,1.0,1.0,1.0,1.0,,,,,,,,,,,,,,,,,,,,,,
0a9c85e0-028a-4e4c-af76-840e364aa896,17761023,v1.14-1.15,0.0,1.9999439652063566,1,1,1,1,1,1,1,1,1,1,1,1,1,0,1,0,1,0,1,0,1,0,1,0,1,0,1,1,1,0,1,0,1,0,1,0,1,1,1,0,1,0,1,0,1.0,1.0,1.0,1.0,1.0,1.0,1,0,1,0,1,0,1,0,1,0,1.0,0.0,1.0,0.0,1.0,0.0,,,,,,,,,,,,,,,,,,,,,,
dd344a7e-681c-4439-8cc1-3b3daae96f63,17826047,v1.16+,0.0,2.000089493937289,1,1,1,1,1,1,1,1,1,1,1,1,1,0,1,0,1,0,1,0,1,0,1,0,1,0,1,1,1,0,1,0,1,0,1,0,1,1,1,1,1,1,1,1,1.0,1.0,1.0,1.0,1.0,1.0,1,0,1,0,1,0,1,0,1,0,1.0,0.0,,,,,,,,,,,,,,,,,,,,,,,,,,
ae668731-a4bb-4f4e-a797-216a67a97070,17694975,v1.14-1.15,0.0,2.000077900053061,1,0,1,0,1,0,1,0,1,0,1,0,1,0,1,0,1,0,1,1,1,0,1,1,1,1,1,1,1,0,1,0,1,0,1,0,1,1,1,0,1,0,1,0,1.0,1.0,1.0,0.0,1.0,0.0,1,0,1,0,1,0,1,0,1,1,1.0,1.0,1.0,0.0,1.0,0.0,1.0,0.0,,,,,,,,,,,,,,,,,,,,
c4ebfe01-28d0-484a-b3e8-202b57f63c6e,17105151,v1.12-1.13,0.006681077608488929,4.969731707525495,1,1,1,1,1,1,1,1,1,1,1,0,1,0,1,1,1,0,1,0,1,1,1,0,1,0,1,1,1,0,1,1,1,0,1,1,1,1,1,0,1,1,1,1,,,,,,,1,1,1,1,1,0,1,0,1,0,,,,,,,1.0,0.0,1.0,0.0,1.0,0.0,1.0,0.0,1.0,0.0,1.0,0.0,1.0,0.0,1.0,1.0,,,,,,
1313de7e-b296-4116-b8f1-7d2e4d1d2d84,17760511,v1.14-1.15,0.0,2.000031024871508,1,0,1,0,1,0,1,0,1,0,1,0,1,1,1,1,1,1,1,0,1,0,1,0,1,0,1,1,1,0,1,0,1,0,1,0,1,0,1,0,1,0,1,0,1.0,1.0,1.0,1.0,1.0,1.0,1,0,1,0,1,0,1,0,1,0,1.0,0.0,1.0,0.0,1.0,0.0,,,,,,,,,,,,,,,,,,,,,,
ce785d88-77f2-4df5-8940-5bff2c3b7bcf,17695488,v1.14-1.15,0.003780958595317924,1.9905082092225275,1,0,1,0,1,0,1,0,1,0,1,0,1,1,1,0,1,1,1,1,1,0,1,1,1,0,1,1,1,0,1,0,1,0,1,0,1,1,1,0,1,0,1,0,1.0,1.0,1.0,0.0,1.0,0.0,1,0,1,0,1,0,1,0,1,0,1.0,0.0,1.0,0.0,1.0,0.0,1.0,0.0,,,,,,,,,,,,,,,,,,,,
6065d64a-6742-4661-a772-487b632f9fb6,17826047,v1.16+,0.0,98.87618838270045,1,1,1,1,1,1,1,1,1,1,1,1,1,0,1,0,1,0,1,0,1,0,1,0,1,0,1,1,1,0,1,0,1,0,1,0,1,1,1,1,1,1,1,1,1.0,1.0,1.0,1.0,1.0,1.0,1,0,1,0,1,0,1,0,1,0,1.0,0.0,,,,,,,,,,,,,,,,,,,,,,,,,,
76323ef5-53fc-4848-b990-e37b16cccace,17760256,v1.14-1.15,0.0,2.000073265283272,1,1,1,1,1,1,1,1,1,1,1,1,1,0,1,0,1,0,1,0,1,0,1,0,1,0,1,1,1,0,1,0,1,0,1,0,1,1,1,0,1,0,1,0,1.0,1.0,1.0,1.0,1.0,1.0,1,0,1,0,1,0,1,0,1,0,1.0,0.0,1.0,0.0,1.0,0.0,,,,,,,,,,,,,,,,,,,,,,
c7f48ed5-24fb-496d-828d-af864964e9de,17630207,v1.12-1.13,0.0,2.0001806163096525,1,1,1,0,1,1,1,1,1,0,1,0,1,0,1,0,1,0,1,0,1,0,1,0,1,1,1,0,1,0,1,0,1,0,1,0,1,1,1,1,1,0,1,0,,,,,,,1,0,1,0,1,0,1,0,1,1,1.0,1.0,,,,,1.0,0.0,,,,,,,,,,,,,,,,,,,,
d339c99a-649a-4a27-98be-03c8bc49f2fe,17825792,v1.16+,0.0,2.000020934850564,1,1,1,1,1,1,1,1,1,1,1,1,1,0,1,0,1,0,1,0,1,0,1,0,1,0,1,1,1,0,1,0,1,0,1,0,1,1,1,1,1,1,1,1,1.0,1.0,1.0,1.0,1.0,1.0,1,0,1,0,1,0,1,0,1,0,1.0,0.0,,,,,,,,,,,,,,,,,,,,,,,,,,
eaf4e9c9-22ed-40ba-a906-a423ee8318fa,17694720,v1.14-1.15,3.6238343737700414e-05,88.48334674298691,1,0,1,0,1,0,1,0,1,0,1,0,1,1,1,0,1,1,1,1,1,0,1,1,1,0,1,1,1,0,1,0,1,0,1,0,1,1,1,0,1,0,1,0,1.0,1.0,1.0,0.0,1.0,0.0,1,0,1,0,1,0,1,0,1,0,1.0,0.0,1.0,0.0,1.0,0.0,1.0,0.0,,,,,,,,,,,,,,,,,,,,
c7a4863c-e8c5-42ee-8678-60fc761e12b1,17760512,v1.14-1.15,0.0,2.0000038347180964,1,1,1,1,1,1,1,1,1,1,1,1,1,0,1,0,1,0,1,0,1,0,1,0,1,0,1,1,1,0,1,0,1,0,1,0,1,1,1,1,1,1,1,1,1.0,1.0,1.0,1.0,1.0,1.0,1,0,1,0,1,0,1,0,1,0,1.0,0.0,,,,,,,,,,,,,,,,,,,,,,,,,,
6d364aad-bd1e-4ee0-b5ad-6780b88849f9,17565184,v1.12-1.13,0.005572341217901991,1.9822065293232733,1,1,1,0,1,1,1,1,1,0,1,1,1,0,1,0,1,0,1,0,1,0,1,0,1,0,1,0,1,0,1,0,1,0,1,0,1,1,1,1,1,0,1,0,,,,,,,1,0,1,0,1,0,1,0,1,1,,,,,,,1.0,0.0,,,,,,,,,,,,,,,,,,,,
8f6990d4-85cf-49ff-9222-194d5a47d9d8,17564416,v1.12-1.13,0.0,2.0014159883936857,1,1,1,0,1,1,1,1,1,0,1,1,1,0,1,0,1,0,1,0,1,0,1,0,1,0,1,0,1,1,1,0,1,0,1,0,1,1,1,0,1,0,1,0,,,,,,,1,0,1,0,1,0,1,0,1,1,,,,,,,1.0,0.0,,,,,,,,,,,,,,,,,,,,
af6806ed-7cc0-482b-8527-f5614a941fc2,17761535,v1.14-1.15,0.0,2.0002696585751947,1,0,1,0,1,0,1,0,1,0,1,0,1,0,1,0,1,0,1,0,1,0,1,0,1,0,1,1,1,0,1,0,1,0,1,0,1,1,1,1,1,1,1,1,1.0,1.0,1.0,1.0,1.0,1.0,1,0,1,0,1,0,1,0,1,0,1.0,0.0,1.0,0.0,1.0,0.0,,,,,,,,,,,,,,,,,,,,,,
422463a2-24a9-42f1-a573-1d5503005ad0,17630207,v1.12-1.13,0.0,2.0000548042227986,1,0,1,0,1,0,1,1,1,0,1,0,1,0,1,0,1,0,1,0,1,0,1,0,1,0,1,1,1,0,1,0,1,0,1,0,1,1,1,1,1,0,1,0,,,,,,,1,0,1,0,1,0,1,0,1,0,1.0,0.0,,,,,1.0,0.0,,,,,,,,,,,,,,,,,,,,
e1725d02-552a-4cff-a7c3-fac6051a21ea,17826304,v1.16+,0.0,2.000000013079019,1,1,1,1,1,1,1,1,1,1,1,1,1,0,1,0,1,0,1,0,1,0,1,0,1,1,1,1,1,0,1,0,1,0,1,0,1,1,1,1,1,1,1,1,1.0,1.0,1.0,1.0,1.0,1.0,1,0,1,0,1,0,1,0,1,1,1.0,1.0,,,,,,,,,,,,,,,,,,,,,,,,,,
5de94c70-3a46-4af5-8233-47ac3e649c6e,17499135,v1.12-1.13,0.004963600361342321,5.000075587080164,1,1,1,1,1,1,1,1,1,1,1,0,1,0,1,1,1,0,1,0,1,1,1,0,1,0,1,1,1,0,1,0,1,0,1,1,1,1,1,0,1,0,1,0,,,,,,,1,0,1,0,1,0,1,0,1,0,,,,,,,1.0,0.0,1.0,0.0,1.0,0.0,1.0,0.0,1.0,0.0,1.0,0.0,1.0,0.0,,,,,,,,
6b1d4ffe-6906-4249-8270-f1812ab1c421,17826047,v1.16+,0.0,1.9999115664104228,1,1,1,1,1,1,1,1,1,1,1,1,1,0,1,0,1,0,1,0,1,0,1,0,1,0,1,1,1,0,1,0,1,0,1,0,1,1,1,1,1,1,1,1,1.0,1.0,1.0,1.0,1.0,1.0,1,0,1,0,1,0,1,0,1,0,1.0,0.0,,,,,,,,,,,,,,,,,,,,,,,,,,
ef2f09d9-24e4-4ccb-bfa2-c534e29edfd2,17694720,v1.14-1.15,0.0,2.000106067058259,1,1,1,0,1,1,1,1,1,0,1,1,1,0,1,0,1,0,1,0,1,0,1,0,1,0,1,1,1,0,1,0,1,0,1,0,1,1,1,0,1,0,1,0,1.0,1.0,1.0,0.0,1.0,0.0,1,0,1,0,1,0,1,0,1,0,1.0,0.0,1.0,0.0,1.0,0.0,1.0,0.0,,,,,,,,,,,,,,,,,,,,
03e0333d-9e9a-476b-8a4c-16a5211a54e2,17761535,v1.14-1.15,0.0,2.0000045729271223,1,1,1,1,1,1,1,1,1,1,1,1,1,0,1,0,1,0,1,0,1,0,1,0,1,0,1,1,1,0,1,0,1,0,1,0,1,1,1,1,1,1,1,1,1.0,1.0,1.0,1.0,1.0,1.0,1,0,1,0,1,0,1,0,1,0,1.0,0.0,1.0,0.0,1.0,0.0,,,,,,,,,,,,,,,,,,,,,,
d3c53cf4-ea11-4c7e-9da3-6f948a233926,17891392,v1.16+,0.0,100.00819787323745,1,1,1,1,1,1,1,1,1,1,1,1,1,0,1,0,1,0,1,0,1,0,1,0,1,0,1,1,1,0,1,0,1,0,1,0,1,1,1,1,1,1,1,1,1.0,1.0,1.0,1.0,1.0,1.0,1,0,1,0,1,0,1,0,1,0,1.0,0.0,,,,,,,,,,,,,,,,,,,,,,,,,,
7986bec9-47de-4af8-8dc8-c4ce15d79668,17825856,v1.16+,0.0,2.000002926257969,1,1,1,1,1,1,1,1,1,1,1,1,1,0,1,0,1,0,1,0,1,0,1,0,1,0,1,1,1,0,1,0,1,0,1,0,1,1,1,1,1,1,1,1,1.0,1.0,1.0,1.0,1.0,1.0,1,0,1,0,1,0,1,0,1,0,1.0,0.0,,,,,,,,,,,,,,,,,,,,,,,,,,
e4f1563a-be56-4ff1-8eb2-4ecc66e424db,17694720,v1.14-1.15,0.009556506905708488,1.9802727781036,1,0,1,0,1,0,1,0,1,0,1,0,1,0,1,0,1,0,1,0,1,0,1,0,1,0,1,1,1,0,1,0,1,0,1,0,1,1,1,0,1,0,1,0,1.0,1.0,1.0,0.0,1.0,0.0,1,0,1,0,1,0,1,0,1,0,1.0,0.0,1.0,0.0,1.0,0.0,1.0,0.0,,,,,,,,,,,,,,,,,,,,
1e1da446-8a50-4a59-b2bf-5d369535f692,17891583,v1.16+,0.0,2.0000127133675276,1,1,1,1,1,1,1,1,1,1,1,1,1,0,1,0,1,0,1,0,1,0,1,0,1,0,1,1,1,0,1,0,1,0,1,0,1,1,1,1,1,1,1,1,1.0,1.0,1.0,1.0,1.0,1.0,1,0,1,0,1,0,1,0,1,0,1.0,0.0,,,,,,,,,,,,,,,,,,,,,,,,,,
46d46c98-1e6a-4abb-b7ea-7430552ab736,17826047,v1.16+,0.0,100.00260163729708,1,1,1,1,1,1,1,1,1,1,1,1,1,0,1,0,1,0,1,0,1,0,1,0,1,0,1,1,1,0,1,0,1,0,1,0,1,1,1,1,1,1,1,1,1.0,1.0,1.0,1.0,1.0,1.0,1,0,1,0,1,0,1,0,1,0,1.0,0.0,,,,,,,,,,,,,,,,,,,,,,,,,,
765014a6-416b-4982-8806-3f73f5a818ac,17760511,v1.14-1.15,0.0,2.0000920820171313,1,0,1,0,1,0,1,0,1,0,1,0,1,0,1,0,1,0,1,1,1,1,1,1,1,0,1,1,1,0,1,0,1,0,1,0,1,1,1,0,1,0,1,0,1.0,1.0,1.0,1.0,1.0,1.0,1,0,1,0,1,0,1,0,1,0,1.0,0.0,1.0,0.0,1.0,0.0,,,,,,,,,,,,,,,,,,,,,,
ed48a341-05fe-4827-8f4f-1b160f80dde1,17826047,v1.16+,0.0,2.0000079194392533,1,1,1,1,1,1,1,1,1,1,1,1,1,0,1,0,1,0,1,0,1,0,1,0,1,0,1,1,1,0,1,0,1,0,1,0,1,1,1,1,1,1,1,1,1.0,1.0,1.0,1.0,1.0,1.0,1,0,1,0,1,0,1,0,1,0,1.0,0.0,,,,,,,,,,,,,,,,,,,,,,,,,,
a07a620c-4aa8-4a39-832b-9551e6f32ad2,17761280,v1.14-1.15,0.0,2.0000016967047363,1,1,1,1,1,1,1,1,1,1,1,1,1,0,1,0,1,0,1,0,1,0,1,0,1,0,1,1,1,0,1,0,1,0,1,0,1,0,1,0,1,0,1,0,1.0,1.0,1.0,1.0,1.0,1.0,1,0,1,0,1,0,1,0,1,0,1.0,0.0,1.0,0.0,1.0,0.0,,,,,,,,,,,,,,,,,,,,,,
02089043-cda3-4d61-8ea7-776f2275e0d0,17891583,v1.16+,0.0,1.9999689725483978,1,0,1,0,1,0,1,0,1,0,1,0,1,0,1,0,1,0,1,0,1,0,1,0,1,0,1,1,1,0,1,0,1,0,1,0,1,1,1,1,1,1,1,1,1.0,1.0,1.0,1.0,1.0,1.0,1,0,1,0,1,0,1,0,1,0,1.0,0.0,,,,,,,,,,,,,,,,,,,,,,,,,,
9c839974-83a4-4aae-8317-1ed847b98bf4,17760256,v1.14-1.15,0.0,2.000112096929398,1,1,1,1,1,1,1,1,1,1,1,1,1,0,1,0,1,0,1,0,1,0,1,0,1,0,1,1,1,0,1,0,1,0,1,0,1,1,1,0,1,0,1,0,1.0,1.0,1.0,1.0,1.0,1.0,1,0,1,0,1,0,1,0,1,0,1.0,0.0,1.0,0.0,1.0,0.0,,,,,,,,,,,,,,,,,,,,,,
02c50621-f993-4c69-9563-21fc0761b2c3,17629951,v1.12-1.13,0.0,2.0000197590259017,1,1,1,0,1,1,1,1,1,0,1,0,1,0,1,0,1,0,1,0,1,0,1,0,1,1,1,1,1,0,1,0,1,0,1,0,1,1,1,1,1,0,1,0,,,,,,,1,0,1,0,1,0,1,0,1,1,1.0,1.0,,,,,1.0,0.0,,,,,,,,,,,,,,,,,,,,
1afdff58-54f4-4d27-9650-470ea3a3c380,17695488,v1.14-1.15,0.0,2.0002325620712615,1,1,1,0,1,1,1,1,1,0,1,1,1,0,1,0,1,0,1,0,1,0,1,0,1,0,1,1,1,0,1,0,1,0,1,0,1,1,1,0,1,0,1,0,1.0,1.0,1.0,0.0,1.0,0.0,1,0,1,0,1,0,1,0,1,0,1.0,0.0,1.0,0.0,1.0,0.0,1.0,0.0,,,,,,,,,,,,,,,,,,,,
e843dfdc-a4ce-4373-b976-165d475a9fc0,17760320,v1.14-1.15,0.0,2.0000273802197945,1,0,1,0,1,0,1,0,1,0,1,0,1,0,1,0,1,0,1,0,1,0,1,0,1,1,1,1,1,0,1,0,1,1,1,1,1,1,1,0,1,0,1,0,1.0,1.0,1.0,1.0,1.0,1.0,1,0,1,0,1,0,1,0,1,1,1.0,1.0,1.0,0.0,1.0,0.0,,,,,,,,,,,,,,,,,,,,,,
7d79d4a1-7935-40b0-982f-ba10c36df327,17629951,v1.12-1.13,0.0,2.0000473647580472,1,1,1,0,1,1,1,1,1,0,1,0,1,0,1,0,1,0,1,0,1,0,1,0,1,0,1,1,1,0,1,0,1,0,1,0,1,1,1,1,1,0,1,0,,,,,,,1,0,1,0,1,0,1,0,1,0,1.0,0.0,,,,,1.0,0.0,,,,,,,,,,,,,,,,,,,,
00c73d65-bcbd-49a8-b2af-3b21c2ef63ed,17695743,v1.14-1.15,0.0,2.000000196721331,1,1,1,0,1,1,1,1,1,0,1,1,1,0,1,0,1,0,1,0,1,0,1,0,1,0,1,1,1,0,1,0,1,0,1,0,1,1,1,0,1,0,1,0,1.0,1.0,1.0,0.0,1.0,0.0,1,0,1,0,1,0,1,0,1,0,1.0,0.0,1.0,0.0,1.0,0.0,1.0,0.0,,,,,,,,,,,,,,,,,,,,
87ec8dbd-35d6-47e5-9267-2e265069d85d,17761023,v1.14-1.15,0.0,2.000289041766535,1,1,1,1,1,1,1,1,1,1,1,1,1,0,1,0,1,0,1,0,1,0,1,0,1,0,1,1,1,0,1,0,1,0,1,0,1,1,1,1,1,1,1,1,1.0,1.0,1.0,1.0,1.0,1.0,1,0,1,0,1,0,1,0,1,0,1.0,0.0,1.0,0.0,1.0,0.0,,,,,,,,,,,,,,,,,,,,,,
178f80bd-56cb-4725-acd1-229892c9e6a9,17629184,v1.12-1.13,0.0001478979167167404,2.0000287474011524,1,1,1,0,1,1,1,1,1,0,1,1,1,0,1,0,1,0,1,0,1,0,1,0,1,1,1,1,1,0,1,0,1,0,1,0,1,1,1,0,1,0,1,0,1.0,1.0,1.0,0.0,1.0,0.0,1,0,1,0,1,0,1,0,1,1,1.0,1.0,1.0,0.0,1.0,0.0,1.0,0.0,,,,,,,,,,,,,,,,,,,,
46e2367c-ef91-4fcf-b111-3eb11e9fbb54,17629952,v1.12-1.13,0.0,2.000032800537929,1,1,1,0,1,1,1,1,1,0,1,0,1,0,1,0,1,0,1,0,1,0,1,0,1,0,1,1,1,0,1,0,1,0,1,0,1,1,1,0,1,0,1,0,,,,,,,1,0,1,0,1,0,1,0,1,0,1.0,0.0,,,,,1.0,0.0,,,,,,,,,,,,,,,,,,,,
7d9010c6-a049-4320-a179-1311a81dd666,17826303,v1.16+,0.0062341001733215926,1.9866721138660077,1,1,1,1,1,1,1,1,1,1,1,1,1,0,1,0,1,0,1,0,1,0,1,0,1,0,1,1,1,0,1,0,1,0,1,0,1,0,1,1,1,1,1,1,1.0,1.0,1.0,1.0,1.0,1.0,1,0,1,0,1,0,1,0,1,0,1.0,0.0,,,,,,,,,,,,,,,,,,,,,,,,,,
4d8fa018-afaa-4a20-8bdf-0d3b74b8685d,17761280,v1.14-1.15,0.0,2.0010696371025145,1,1,1,1,1,1,1,1,1,1,1,1,1,0,1,0,1,0,1,0,1,0,1,0,1,1,1,1,1,0,1,0,1,0,1,0,1,1,1,1,1,1,1,1,1.0,1.0,1.0,1.0,1.0,1.0,1,0,1,0,1,0,1,0,1,0,1.0,1.0,1.0,0.0,1.0,0.0,,,,,,,,,,,,,,,,,,,,,,
08242c64-b765-4dff-b86b-c146a92ddcf2,17761280,v1.14-1.15,0.00016669260428193368,1.9999928271026484,1,1,1,1,1,1,1,1,1,1,1,1,1,0,1,0,1,0,1,0,1,0,1,0,1,0,1,1,1,0,1,0,1,0,1,0,1,1,1,0,1,0,1,0,1.0,1.0,1.0,1.0,1.0,1.0,1,0,1,0,1,0,1,0,1,0,1.0,0.0,1.0,0.0,1.0,0.0,,,,,,,,,,,,,,,,,,,,,,
24bd86db-6476-4d18-b22c-53026ca30f8f,17760384,v1.14-1.15,0.0,2.0000258950721155,1,1,1,1,1,1,1,1,1,1,1,1,1,0,1,0,1,0,1,0,1,0,1,0,1,0,1,1,1,0,1,0,1,0,1,0,1,1,1,1,1,1,1,1,1.0,1.0,1.0,1.0,1.0,1.0,1,0,1,0,1,0,1,0,1,0,1.0,0.0,,,,,,,,,,,,,,,,,,,,,,,,,,
4f36b21d-758d-4a71-8412-ec0802ec8699,17761280,v1.14-1.15,0.0,2.0000004679725816,1,0,1,0,1,0,1,0,1,0,1,0,1,0,1,0,1,0,1,0,1,0,1,0,1,0,1,1,1,0,1,0,1,1,1,1,1,0,1,0,1,0,1,0,1.0,1.0,1.0,1.0,1.0,1.0,1,0,1,0,1,0,1,0,1,1,1.0,1.0,1.0,1.0,1.0,1.0,,,,,,,,,,,,,,,,,,,,,,
b9c1f7d5-a1f9-4590-b1bc-9dc0f6a21d1a,17761280,v1.14-1.15,0.0,2.0001080708799925,1,1,1,1,1,1,1,1,1,1,1,1,1,0,1,0,1,0,1,0,1,0,1,0,1,0,1,1,1,0,1,0,1,0,1,0,1,1,1,1,1,1,1,1,1.0,1.0,1.0,1.0,1.0,1.0,1,0,1,0,1,0,1,0,1,0,1.0,0.0,1.0,0.0,1.0,0.0,,,,,,,,,,,,,,,,,,,,,,
19d2fa53-51c2-42cc-8099-32737640d934,17760384,v1.14-1.15,0.0,100.00736377025036,1,1,1,1,1,1,1,1,1,1,1,1,1,0,1,0,1,0,1,0,1,0,1,0,1,0,1,1,1,0,1,0,1,0,1,0,1,1,1,1,1,1,1,1,1.0,1.0,1.0,1.0,1.0,1.0,1,0,1,0,1,0,1,0,1,0,1.0,0.0,,,,,,,,,,,,,,,,,,,,,,,,,,
2c28b937-6048-45ee-8f29-fa892c5382ae,17826559,v1.16+,0.0,2.000011482208777,1,1,1,1,1,1,1,1,1,1,1,1,1,0,1,0,1,0,1,0,1,0,1,0,1,0,1,1,1,0,1,0,1,0,1,0,1,1,1,1,1,1,1,1,1.0,1.0,1.0,1.0,1.0,1.0,1,0,1,0,1,0,1,0,1,0,1.0,0.0,,,,,,,,,,,,,,,,,,,,,,,,,,
97c7cf24-a08a-49ff-801e-e3df63e6d90d,17761535,v1.14-1.15,0.0,2.000136256473292,1,1,1,1,1,1,1,1,1,1,1,1,1,0,1,0,1,0,1,0,1,0,1,0,1,0,1,1,1,0,1,0,1,0,1,0,1,0,1,0,1,0,1,0,1.0,1.0,1.0,1.0,1.0,1.0,1,0,1,0,1,0,1,0,1,0,1.0,0.0,1.0,0.0,1.0,0.0,,,,,,,,,,,,,,,,,,,,,,
84c797a3-301d-4de6-8b93-91f7fefee351,17760384,v1.14-1.15,0.0,2.0000673736981027,1,1,1,1,1,1,1,1,1,1,1,1,1,0,1,0,1,0,1,0,1,0,1,0,1,0,1,1,1,0,1,0,1,0,1,0,1,1,1,1,1,1,1,1,1.0,1.0,1.0,1.0,1.0,1.0,1,0,1,0,1,0,1,0,1,0,1.0,0.0,,,,,,,,,,,,,,,,,,,,,,,,,,
adfb286c-1ac8-4bb1-84a9-4f268852b601,17826559,v1.16+,0.0,2.0000000998080667,1,1,1,1,1,1,1,1,1,1,1,1,1,0,1,0,1,0,1,0,1,0,1,0,1,0,1,1,1,0,1,0,1,0,1,0,1,1,1,1,1,1,1,1,1.0,1.0,1.0,1.0,1.0,1.0,1,0,1,0,1,0,1,0,1,0,1.0,0.0,,,,,,,,,,,,,,,,,,,,,,,,,,
797ff2bc-31a6-474a-a219-399659f9bf50,16779520,v1.12-1.13,0.0,2.000162729288716,1,0,1,0,1,0,1,0,1,0,1,0,1,0,1,0,1,0,1,1,1,1,1,1,1,1,1,1,1,0,1,0,1,1,1,1,1,1,1,0,1,0,1,0,1.0,1.0,1.0,1.0,1.0,1.0,1,0,1,0,1,0,1,0,1,1,1.0,1.0,1.0,1.0,1.0,1.0,,,,,,,,,,,,,,,,,,,,,,
510fa61b-05f2-4fbd-888e-221fe04c50da,17367040,v1.12-1.13,0.0,2.000090085690186,1,1,1,0,1,1,1,1,1,0,1,0,1,0,1,0,1,0,1,0,1,0,1,0,1,0,1,1,1,0,1,0,1,0,1,0,1,1,1,0,1,0,1,0,1.0,1.0,1.0,0.0,1.0,0.0,1,0,1,0,1,0,1,0,1,0,1.0,0.0,1.0,0.0,1.0,0.0,1.0,0.0,,,,,,,,,,,,,,,,,,,,
401b9e8d-b5fc-497a-b821-bb3d69209ab0,17761535,v1.14-1.15,0.0,1.9999717091380562,1,1,1,1,1,1,1,1,1,1,1,1,1,0,1,0,1,0,1,0,1,0,1,0,1,0,1,1,1,0,1,0,1,0,1,0,1,1,1,1,1,1,1,1,1.0,1.0,1.0,1.0,1.0,1.0,1,0,1,0,1,0,1,0,1,0,1.0,0.0,1.0,0.0,1.0,0.0,,,,,,,,,,,,,,,,,,,,,,
faa33832-a779-4a52-bb10-810d44fcaea2,17499135,v1.12-1.13,0.008923361807056588,4.998316311180995,1,1,1,1,1,1,1,1,1,1,1,0,1,0,1,1,1,0,1,0,1,1,1,0,1,0,1,1,1,0,1,0,1,0,1,1,1,1,1,1,1,0,1,0,,,,,,,1,0,1,0,1,0,1,0,1,0,,,,,,,1.0,0.0,1.0,0.0,1.0,0.0,1.0,0.0,1.0,0.0,1.0,0.0,1.0,0.0,,,,,,,,
9e1dc830-44e1-47d9-a8e4-034a30168b59,17695488,v1.14-1.15,0.0,2.0000071888370283,1,0,1,0,1,0,1,0,1,0,1,0,1,0,1,0,1,0,1,0,1,0,1,0,1,0,1,1,1,0,1,0,1,0,1,0,1,1,1,0,1,0,1,0,1.0,1.0,1.0,0.0,1.0,0.0,1,0,1,0,1,0,1,0,1,0,1.0,0.0,1.0,0.0,1.0,0.0,1.0,0.0,,,,,,,,,,,,,,,,,,,,
f27f37fc-1865-4acf-adc7-e4a130750e40,17826240,v1.16+,0.0,2.000000496124154,1,0,1,0,1,0,1,0,1,0,1,0,1,0,1,0,1,0,1,1,1,1,1,1,1,0,1,1,1,0,1,0,1,0,1,0,1,1,1,1,1,1,1,1,1.0,1.0,1.0,1.0,1.0,1.0,1,0,1,0,1,0,1,0,1,0,1.0,0.0,,,,,,,,,,,,,,,,,,,,,,,,,,
f221dce3-2722-4488-8e33-4ae16b39b5d7,17760256,v1.14-1.15,0.0,2.000023957506229,1,1,1,1,1,1,1,1,1,1,1,1,1,0,1,0,1,0,1,0,1,0,1,0,1,0,1,1,1,0,1,0,1,0,1,0,1,1,1,1,1,1,1,1,1.0,1.0,1.0,1.0,1.0,1.0,1,0,1,0,1,0,1,0,1,0,1.0,0.0,1.0,0.0,1.0,0.0,,,,,,,,,,,,,,,,,,,,,,
04251755-fbf8-4298-b2c6-95fac8ed7234,17761535,v1.14-1.15,0.0,2.0000859888820703,1,1,1,1,1,1,1,1,1,1,1,1,1,0,1,0,1,0,1,0,1,0,1,0,1,1,1,1,1,0,1,0,1,1,1,1,1,1,1,1,1,1,1,1,1.0,1.0,1.0,1.0,1.0,1.0,1,0,1,0,1,0,1,0,1,1,1.0,1.0,1.0,1.0,1.0,1.0,,,,,,,,,,,,,,,,,,,,,,
1e1ef503-85a4-48ee-b1eb-61ed80dc9157,17825856,v1.16+,0.00013195938794783625,1.997242015387992,1,1,1,1,1,1,1,1,1,1,1,1,1,0,1,0,1,0,1,0,1,0,1,0,1,0,1,1,1,0,1,0,1,0,1,0,1,1,1,1,1,1,1,1,1.0,1.0,1.0,1.0,1.0,1.0,1,0,1,0,1,0,1,0,1,0,1.0,0.0,,,,,,,,,,,,,,,,,,,,,,,,,,
4d49b496-14be-4a7d-880d-e40140da84b2,17761023,v1.14-1.15,0.0,2.000057506157936,1,1,1,1,1,1,1,1,1,1,1,0,1,0,1,0,1,0,1,0,1,0,1,0,1,1,1,1,1,0,1,0,1,0,1,0,1,1,1,1,1,1,1,1,1.0,1.0,1.0,1.0,1.0,1.0,1,0,1,0,1,0,1,0,1,1,1.0,0.0,1.0,0.0,1.0,0.0,,,,,,,,,,,,,,,,,,,,,,
484ae8fa-9336-4dd9-8a8d-557c488af7e1,17891583,v1.16+,0.0003125826912975721,2.000058001682049,1,1,1,1,1,1,1,1,1,1,1,1,1,0,1,0,1,0,1,0,1,0,1,0,1,0,1,1,1,0,1,0,1,0,1,0,1,1,1,1,1,1,1,1,1.0,1.0,1.0,1.0,1.0,1.0,1,0,1,0,1,0,1,0,1,0,1.0,0.0,,,,,,,,,,,,,,,,,,,,,,,,,,
a120ecb5-465e-4126-8127-e495341959b6,17761535,v1.14-1.15,0.0,2.0000270499742006,1,1,1,1,1,1,1,1,1,1,1,1,1,0,1,0,1,0,1,0,1,0,1,0,1,0,1,1,1,0,1,0,1,0,1,0,1,1,1,1,1,1,1,1,1.0,1.0,1.0,1.0,1.0,1.0,1,0,1,0,1,0,1,0,1,0,1.0,0.0,1.0,0.0,1.0,0.0,,,,,,,,,,,,,,,,,,,,,,
df0d50fc-c16a-439b-af3b-d903397b814d,17760256,v1.14-1.15,0.0,1.9999958099393709,1,1,1,1,1,1,1,1,1,1,1,1,1,0,1,0,1,0,1,0,1,0,1,0,1,0,1,1,1,0,1,0,1,0,1,0,1,0,1,0,1,0,1,0,1.0,1.0,1.0,1.0,1.0,1.0,1,0,1,0,1,0,1,0,1,0,1.0,0.0,1.0,0.0,1.0,0.0,,,,,,,,,,,,,,,,,,,,,,
d25009d8-c900-4d8b-9877-903d2becca71,17761280,v1.14-1.15,0.0,2.000073757558698,1,1,1,1,1,1,1,1,1,1,1,0,1,0,1,0,1,0,1,0,1,0,1,0,1,1,1,1,1,0,1,0,1,0,1,0,1,1,1,0,1,0,1,0,1.0,1.0,1.0,1.0,1.0,1.0,1,0,1,0,1,0,1,0,1,1,1.0,1.0,1.0,0.0,1.0,0.0,,,,,,,,,,,,,,,,,,,,,,
6a16b9b5-c303-424d-a200-176e7569376c,17891456,v1.16+,0.0,2.0000393421393485,1,0,1,0,1,0,1,0,1,0,1,0,1,0,1,0,1,0,1,0,1,0,1,0,1,0,1,1,1,0,1,0,1,0,1,0,1,0,1,0,1,0,1,0,1.0,1.0,1.0,1.0,1.0,1.0,1,0,1,0,1,0,1,0,1,0,1.0,0.0,,,,,,,,,,,,,,,,,,,,,,,,,,
5d50e9f9-f378-4471-ac71-8e2193142834,17760512,v1.14-1.15,0.0,2.0001285382289615,1,0,1,0,1,0,1,0,1,0,1,0,1,0,1,0,1,0,1,1,1,1,1,1,1,0,1,0,1,0,1,0,1,0,1,0,1,1,1,0,1,0,1,0,1.0,1.0,1.0,1.0,1.0,1.0,1,0,1,0,1,0,1,0,1,0,1.0,0.0,1.0,0.0,1.0,0.0,,,,,,,,,,,,,,,,,,,,,,
d1b61f04-5787-475c-8a36-2f9c5bcb66a9,17761535,v1.14-1.15,0.010769253395790717,1.9729723597518343,1,0,1,0,1,0,1,0,1,0,1,0,1,0,1,0,1,0,1,0,1,0,1,0,1,0,1,1,1,0,1,0,1,0,1,0,1,1,1,1,1,1,1,1,1.0,1.0,1.0,1.0,1.0,1.0,1,0,1,0,1,0,1,0,1,0,1.0,0.0,1.0,0.0,1.0,0.0,,,,,,,,,,,,,,,,,,,,,,
296e07ad-fbfe-4da6-a159-7a443f518cbc,17695743,v1.14-1.15,0.0,2.0000963648324404,1,1,1,0,1,1,1,1,1,0,1,1,1,0,1,0,1,0,1,0,1,0,1,0,1,0,1,1,1,0,1,0,1,0,1,0,1,1,1,0,1,0,1,0,1.0,1.0,1.0,0.0,1.0,0.0,1,0,1,0,1,0,1,0,1,0,1.0,0.0,1.0,0.0,1.0,0.0,1.0,0.0,,,,,,,,,,,,,,,,,,,,
0b3e066b-d2b8-43f8-ae1a-aac5a87cf067,17761535,v1.14-1.15,0.0,2.0000006171430478,1,0,1,0,1,0,1,0,1,0,1,0,1,0,1,0,1,0,1,1,1,1,1,1,1,0,1,1,1,0,1,0,1,0,1,0,1,1,1,1,1,1,1,1,1.0,1.0,1.0,1.0,1.0,1.0,1,0,1,0,1,0,1,0,1,0,1.0,0.0,1.0,0.0,1.0,0.0,,,,,,,,,,,,,,,,,,,,,,
633a2e3e-4298-43f7-8df1-caf19f01c528,17826559,v1.16+,0.0,2.0001999014597818,1,1,1,1,1,1,1,1,1,1,1,1,1,0,1,0,1,0,1,0,1,0,1,0,1,0,1,1,1,0,1,0,1,0,1,0,1,1,1,1,1,1,1,1,1.0,1.0,1.0,1.0,1.0,1.0,1,0,1,0,1,0,1,0,1,0,1.0,0.0,,,,,,,,,,,,,,,,,,,,,,,,,,
d3910ee8-4ef7-4f51-966c-2b776e3ee5e3,16778496,v1.12-1.13,0.0,2.000002000002,1,1,1,1,1,0,1,1,1,1,1,1,1,0,1,0,1,0,1,0,1,0,1,0,1,1,1,1,1,0,1,0,1,0,1,0,1,1,1,1,1,1,1,1,1.0,1.0,1.0,1.0,1.0,1.0,1,0,1,0,1,0,1,0,1,1,1.0,0.0,1.0,0.0,1.0,0.0,,,,,,,,,,,,,,,,,,,,,,
fc6bb66d-ed86-454a-99d3-6520ea1fce05,17695743,v1.14-1.15,0.0,2.0000722374844777,1,1,1,0,1,1,1,1,1,0,1,1,1,0,1,0,1,0,1,0,1,0,1,0,1,0,1,1,1,0,1,0,1,0,1,0,1,1,1,0,1,0,1,0,1.0,1.0,1.0,0.0,1.0,0.0,1,0,1,0,1,0,1,0,1,0,1.0,0.0,1.0,0.0,1.0,0.0,1.0,0.0,,,,,,,,,,,,,,,,,,,,
00bbbac8-45fb-4924-be55-7089de2c70d2,17694975,v1.14-1.15,0.0,2.0000545921636865,1,1,1,0,1,1,1,1,1,0,1,1,1,0,1,0,1,0,1,0,1,0,1,0,1,0,1,1,1,0,1,0,1,0,1,0,1,1,1,0,1,0,1,0,1.0,1.0,1.0,0.0,1.0,0.0,1,0,1,0,1,0,1,0,1,0,1.0,0.0,1.0,0.0,1.0,0.0,1.0,0.0,,,,,,,,,,,,,,,,,,,,
2152afb4-51cd-41e7-b7c7-2d1f6c058458,17826047,v1.16+,0.0,2.000000213017774,1,0,1,0,1,0,1,0,1,0,1,0,1,0,1,0,1,0,1,0,1,0,1,0,1,0,1,1,1,0,1,0,1,0,1,0,1,1,1,1,1,1,1,1,1.0,1.0,1.0,1.0,1.0,1.0,1,0,1,0,1,0,1,0,1,0,1.0,0.0,,,,,,,,,,,,,,,,,,,,,,,,,,
d0d7c8b4-9938-4a5b-b1ee-80d2e5331f48,17761280,v1.14-1.15,0.0,2.0001399436757286,1,0,1,0,1,0,1,0,1,0,1,0,1,1,1,1,1,1,1,1,1,1,1,1,1,0,1,1,1,0,1,0,1,0,1,0,1,1,1,0,1,0,1,0,1.0,1.0,1.0,1.0,1.0,1.0,1,0,1,0,1,0,1,0,1,0,1.0,0.0,1.0,0.0,1.0,0.0,,,,,,,,,,,,,,,,,,,,,,
68c508e2-42a4-4aa7-af02-9ad8dec1931b,17891392,v1.16+,0.0,1.9999468328740835,1,0,1,0,1,0,1,0,1,0,1,0,1,0,1,0,1,0,1,1,1,1,1,1,1,1,1,1,1,0,1,0,1,0,1,0,1,1,1,0,1,0,1,0,1.0,1.0,1.0,1.0,1.0,1.0,1,0,1,0,1,0,1,0,1,1,1.0,1.0,,,,,,,,,,,,,,,,,,,,,,,,,,
20c3d36e-4eb9-440c-8188-445de9b482d0,17825792,v1.16+,0.0014455845974195752,2.000001417323839,1,0,1,0,1,0,1,0,1,0,1,0,1,0,1,0,1,0,1,1,1,1,1,1,1,1,1,0,1,0,1,0,1,0,1,0,1,1,1,0,1,0,1,0,1.0,1.0,1.0,1.0,1.0,1.0,1,0,1,0,1,0,1,0,1,1,1.0,1.0,,,,,,,,,,,,,,,,,,,,,,,,,,
1057902d-2970-4e31-827a-3f700bc83827,17891583,v1.16+,0.0,1.9999708558463838,1,1,1,1,1,1,1,1,1,1,1,1,1,0,1,0,1,0,1,0,1,0,1,0,1,0,1,1,1,0,1,0,1,0,1,0,1,1,1,1,1,1,1,1,1.0,1.0,1.0,1.0,1.0,1.0,1,0,1,0,1,0,1,0,1,0,1.0,0.0,,,,,,,,,,,,,,,,,,,,,,,,,,
55253467-06ba-4c7d-bb13-111c1053b886,17891328,v1.16+,0.0,100.00165278328706,1,1,1,1,1,1,1,1,1,1,1,1,1,1,1,1,1,1,1,1,1,1,1,1,1,0,1,1,1,0,1,0,1,0,1,0,1,1,1,1,1,1,1,1,1.0,1.0,1.0,1.0,1.0,1.0,1,0,1,0,1,0,1,0,1,0,1.0,0.0,,,,,,,,,,,,,,,,,,,,,,,,,,
72b2b77d-6cf1-4ae9-8149-4513e94158bf,17629696,v1.12-1.13,0.0,2.0001105995223827,1,1,1,0,1,1,1,1,1,0,1,1,1,0,1,0,1,0,1,0,1,0,1,0,1,1,1,0,1,0,1,0,1,0,1,0,1,1,1,0,1,0,1,0,,,,,,,1,0,1,0,1,0,1,0,1,1,1.0,1.0,,,,,1.0,0.0,,,,,,,,,,,,,,,,,,,,
4bc839a9-a0f5-47ec-a7bd-e9b7fe0d3835,17695488,v1.14-1.15,0.0,2.00006561289071,1,0,1,0,1,0,1,0,1,0,1,0,1,0,1,0,1,0,1,0,1,0,1,0,1,0,1,1,1,0,1,0,1,0,1,0,1,1,1,0,1,0,1,0,1.0,1.0,1.0,0.0,1.0,0.0,1,0,1,0,1,0,1,0,1,0,1.0,0.0,1.0,0.0,1.0,0.0,1.0,0.0,,,,,,,,,,,,,,,,,,,,
334f8c34-2c21-4ce3-98c7-2069a8e0e62b,17761535,v1.14-1.15,0.0,2.0000199049600065,1,0,1,0,1,0,1,0,1,0,1,0,1,0,1,0,1,0,1,1,1,1,1,1,1,0,1,1,1,0,1,0,1,0,1,0,1,1,1,0,1,0,1,0,1.0,1.0,1.0,1.0,1.0,1.0,1,0,1,0,1,0,1,0,1,0,1.0,0.0,1.0,0.0,1.0,0.0,,,,,,,,,,,,,,,,,,,,,,
a5dafeb1-7d39-4825-90e7-3bbd519ea580,17826240,v1.16+,0.0,2.000094028870384,1,1,1,1,1,1,1,1,1,1,1,1,1,0,1,0,1,0,1,0,1,0,1,0,1,0,1,0,1,0,1,0,1,0,1,0,1,1,1,1,1,1,1,1,1.0,1.0,1.0,1.0,1.0,1.0,1,0,1,0,1,0,1,0,1,0,1.0,0.0,,,,,,,,,,,,,,,,,,,,,,,,,,
deeeed25-572d-4eed-8898-a8c1817277cd,17826559,v1.16+,0.0,2.0000388795436734,1,1,1,1,1,1,1,1,1,1,1,1,1,0,1,0,1,0,1,0,1,0,1,0,1,0,1,1,1,0,1,0,1,0,1,0,1,1,1,1,1,1,1,1,1.0,1.0,1.0,1.0,1.0,1.0,1,0,1,0,1,0,1,0,1,0,1.0,0.0,,,,,,,,,,,,,,,,,,,,,,,,,,
47b221e1-f383-4f86-bcfb-f93143984cd3,17629696,v1.12-1.13,0.01487350214967475,1.961841510854911,1,1,1,0,1,1,1,1,1,0,1,1,1,0,1,0,1,0,1,0,1,0,1,0,1,1,1,0,1,0,1,0,1,0,1,0,1,1,1,0,1,0,1,0,,,,,,,1,0,1,0,1,0,1,0,1,1,1.0,1.0,,,,,1.0,0.0,,,,,,,,,,,,,,,,,,,,
316ebc7f-4a12-48aa-86a3-0b2390e4ee38,17695488,v1.14-1.15,0.0,1.9999899437125368,1,0,1,0,1,0,1,0,1,0,1,0,1,0,1,0,1,0,1,0,1,0,1,0,1,1,1,1,1,0,1,0,1,1,1,0,1,1,1,0,1,0,1,0,1.0,1.0,1.0,0.0,1.0,0.0,1,0,1,0,1,0,1,0,1,1,1.0,1.0,1.0,0.0,1.0,0.0,1.0,0.0,,,,,,,,,,,,,,,,,,,,
a1fc9380-8107-48f9-91e4-a90a8dcf1a38,17825984,v1.16+,0.0,2.000099109933977,1,1,1,1,1,1,1,1,1,1,1,1,1,0,1,0,1,0,1,0,1,0,1,0,1,0,1,0,1,0,1,0,1,0,1,0,1,0,1,0,1,0,1,0,1.0,1.0,1.0,1.0,1.0,1.0,1,0,1,0,1,0,1,0,1,0,1.0,0.0,,,,,,,,,,,,,,,,,,,,,,,,,,
f7d03cf2-b620-4c48-b8e1-40cdb6a5327e,17760768,v1.14-1.15,0.0,2.0000032597455726,1,1,1,1,1,1,1,1,1,1,1,1,1,0,1,0,1,0,1,0,1,0,1,0,1,0,1,1,1,0,1,0,1,0,1,0,1,0,1,0,1,0,1,0,1.0,1.0,1.0,1.0,1.0,1.0,1,0,1,0,1,0,1,0,1,0,1.0,0.0,1.0,0.0,1.0,0.0,,,,,,,,,,,,,,,,,,,,,,
d15119d8-46dd-4b9e-a6e5-97b0489589e5,17891583,v1.16+,0.0,2.0001645476983496,1,1,1,1,1,1,1,1,1,1,1,1,1,0,1,0,1,0,1,0,1,0,1,0,1,0,1,1,1,0,1,0,1,0,1,0,1,1,1,1,1,1,1,1,1.0,1.0,1.0,1.0,1.0,1.0,1,0,1,0,1,0,1,0,1,0,1.0,0.0,,,,,,,,,,,,,,,,,,,,,,,,,,
acd94f0a-f4e1-444a-899a-5a3971d712a0,16777984,v1.12-1.13,0.0,2.0000017882368932,1,1,1,1,1,1,1,1,1,1,1,1,1,0,1,0,1,0,1,0,1,0,1,0,1,1,1,1,1,0,1,0,1,0,1,0,1,0,1,0,1,0,1,0,1.0,1.0,1.0,1.0,1.0,1.0,1,0,1,0,1,0,1,0,1,1,1.0,0.0,1.0,0.0,1.0,0.0,,,,,,,,,,,,,,,,,,,,,,
eadbb381-068f-49fb-b7e0-a169ea36171b,17695743,v1.14-1.15,0.0,2.0001216587761252,1,1,1,0,1,1,1,1,1,0,1,1,1,0,1,0,1,0,1,0,1,0,1,0,1,0,1,1,1,0,1,0,1,0,1,0,1,1,1,0,1,0,1,0,1.0,1.0,1.0,0.0,1.0,0.0,1,0,1,0,1,0,1,0,1,0,1.0,0.0,1.0,0.0,1.0,0.0,1.0,0.0,,,,,,,,,,,,,,,,,,,,
4e80f6ed-79e9-4958-bf6c-ecc0d98b86e1,17695744,v1.14-1.15,0.0,2.000059658029487,1,1,1,0,1,1,1,1,1,0,1,1,1,0,1,0,1,0,1,0,1,0,1,0,1,0,1,1,1,0,1,0,1,0,1,0,1,1,1,0,1,0,1,0,1.0,1.0,1.0,0.0,1.0,0.0,1,0,1,0,1,0,1,0,1,0,1.0,0.0,1.0,0.0,1.0,0.0,1.0,0.0,,,,,,,,,,,,,,,,,,,,
052652ba-12f0-4425-bd90-f8cbf633005d,17694720,v1.14-1.15,0.0,2.000030650675486,1,1,1,0,1,1,1,1,1,0,1,1,1,0,1,0,1,0,1,0,1,0,1,0,1,0,1,1,1,0,1,0,1,0,1,0,1,1,1,0,1,0,1,0,1.0,1.0,1.0,0.0,1.0,0.0,1,0,1,0,1,0,1,0,1,0,1.0,0.0,1.0,0.0,1.0,0.0,1.0,0.0,,,,,,,,,,,,,,,,,,,,
230b427c-11b0-4730-84e4-2921da47af83,17761535,v1.14-1.15,0.0,2.000102999169172,1,1,1,1,1,1,1,1,1,1,1,1,1,0,1,0,1,0,1,0,1,0,1,0,1,0,1,1,1,0,1,0,1,0,1,0,1,1,1,1,1,1,1,1,1.0,1.0,1.0,1.0,1.0,1.0,1,0,1,0,1,0,1,0,1,0,1.0,0.0,1.0,0.0,1.0,0.0,,,,,,,,,,,,,,,,,,,,,,
8432d29d-3e23-400d-ab95-85f566a27b96,17761535,v1.14-1.15,0.0,2.0000478650910845,1,1,1,1,1,1,1,1,1,1,1,1,1,0,1,0,1,0,1,0,1,0,1,0,1,0,1,1,1,0,1,0,1,0,1,0,1,0,1,0,1,0,1,0,1.0,1.0,1.0,1.0,1.0,1.0,1,0,1,0,1,0,1,0,1,0,1.0,0.0,1.0,0.0,1.0,0.0,,,,,,,,,,,,,,,,,,,,,,
f00a5586-e68a-4f7c-ba1a-978f40f8b70f,17695743,v1.14-1.15,0.0,1.9955111708509385,1,1,1,0,1,1,1,1,1,0,1,1,1,0,1,0,1,0,1,0,1,0,1,0,1,1,1,1,1,0,1,0,1,0,1,0,1,1,1,0,1,0,1,0,1.0,1.0,1.0,0.0,1.0,0.0,1,0,1,0,1,0,1,0,1,1,1.0,1.0,1.0,0.0,1.0,0.0,1.0,0.0,,,,,,,,,,,,,,,,,,,,
e11bf7d6-7299-42b3-a1bc-15417e74dd83,17695743,v1.14-1.15,0.0,2.0000128824359193,1,1,1,0,1,1,1,1,1,0,1,1,1,0,1,0,1,0,1,0,1,0,1,0,1,0,1,1,1,0,1,0,1,0,1,0,1,1,1,0,1,0,1,0,1.0,1.0,1.0,0.0,1.0,0.0,1,0,1,0,1,0,1,0,1,0,1.0,0.0,1.0,0.0,1.0,0.0,1.0,0.0,,,,,,,,,,,,,,,,,,,,
9ff90422-ac4e-4535-b7dc-f415ce1ec2df,17695488,v1.14-1.15,0.0,2.000032360589062,1,1,1,0,1,1,1,1,1,0,1,1,1,0,1,0,1,0,1,0,1,0,1,0,1,0,1,1,1,0,1,0,1,0,1,0,1,1,1,0,1,0,1,0,1.0,1.0,1.0,0.0,1.0,0.0,1,0,1,0,1,0,1,0,1,0,1.0,0.0,1.0,0.0,1.0,0.0,1.0,0.0,,,,,,,,,,,,,,,,,,,,
b9f97a30-345a-4dae-8cb3-22a8cb5d6fda,17630207,v1.12-1.13,0.0,1.9999978438405182,1,1,1,0,1,1,1,1,1,0,1,0,1,0,1,0,1,0,1,0,1,0,1,0,1,0,1,1,1,0,1,0,1,0,1,0,1,1,1,1,1,0,1,0,,,,,,,1,0,1,0,1,0,1,0,1,0,1.0,0.0,,,,,1.0,0.0,,,,,,,,,,,,,,,,,,,,
81137249-0321-4b65-a49a-147ed71999e0,17826047,v1.16+,0.00014851341634560046,2.0001883485629883,1,1,1,1,1,1,1,1,1,1,1,1,1,0,1,0,1,0,1,0,1,0,1,0,1,0,1,1,1,0,1,0,1,0,1,0,1,1,1,1,1,1,1,1,1.0,1.0,1.0,1.0,1.0,1.0,1,0,1,0,1,0,1,0,1,0,1.0,0.0,,,,,,,,,,,,,,,,,,,,,,,,,,
646b758c-0467-42c0-8256-ad841ad3a445,17694975,v1.14-1.15,0.0,2.0001482363383043,1,0,1,0,1,0,1,0,1,0,1,0,1,0,1,0,1,0,1,0,1,0,1,0,1,0,1,1,1,0,1,0,1,0,1,0,1,0,1,0,1,0,1,0,1.0,1.0,1.0,0.0,1.0,0.0,1,0,1,0,1,0,1,0,1,0,1.0,0.0,1.0,0.0,1.0,0.0,1.0,0.0,,,,,,,,,,,,,,,,,,,,
94a76f13-0151-48d1-9865-78f8278ddd97,17629312,v1.12-1.13,0.0,2.0000506862160203,1,1,1,0,1,1,1,1,1,0,1,1,1,0,1,0,1,0,1,0,1,0,1,0,1,0,1,1,1,0,1,0,1,0,1,0,1,1,1,1,1,0,1,0,,,,,,,1,0,1,0,1,0,1,0,1,0,1.0,0.0,,,,,1.0,0.0,,,,,,,,,,,,,,,,,,,,
26e6bafa-3a93-41c9-87dc-329e0d215d92,17630207,v1.12-1.13,0.00022919537928633283,1.9998915675229554,1,1,1,0,1,1,1,1,1,0,1,0,1,0,1,0,1,0,1,0,1,0,1,0,1,0,1,1,1,0,1,0,1,0,1,0,1,1,1,1,1,0,1,0,,,,,,,1,0,1,0,1,0,1,0,1,0,1.0,0.0,,,,,1.0,0.0,,,,,,,,,,,,,,,,,,,,
863929a5-e0f8-4ce1-89ae-669eb5840b24,17695488,v1.14-1.15,0.0,2.000017557349701,1,1,1,0,1,1,1,1,1,0,1,1,1,0,1,0,1,0,1,0,1,0,1,0,1,0,1,1,1,0,1,0,1,0,1,0,1,0,1,0,1,0,1,0,1.0,1.0,1.0,0.0,1.0,0.0,1,0,1,0,1,0,1,0,1,0,1.0,0.0,1.0,0.0,1.0,0.0,1.0,0.0,,,,,,,,,,,,,,,,,,,,
80a01fe2-adc0-45a0-8179-7731a4e39408,17695743,v1.14-1.15,0.002245068108755176,1.9999474736017697,1,1,1,0,1,1,1,1,1,0,1,1,1,0,1,0,1,0,1,0,1,0,1,0,1,0,1,1,1,0,1,0,1,0,1,0,1,1,1,0,1,0,1,0,1.0,1.0,1.0,0.0,1.0,0.0,1,0,1,0,1,0,1,0,1,1,1.0,1.0,1.0,0.0,1.0,0.0,1.0,0.0,,,,,,,,,,,,,,,,,,,,
e719a7d0-6fa5-4ec6-8bf9-97f15d187eee,17694720,v1.14-1.15,0.00045434413393081547,100.74995077567122,1,0,1,0,1,0,1,0,1,0,1,0,1,0,1,0,1,0,1,0,1,0,1,0,1,0,1,1,1,0,1,0,1,0,1,0,1,0,1,0,1,0,1,0,1.0,1.0,1.0,0.0,1.0,0.0,1,0,1,0,1,0,1,0,1,0,1.0,0.0,1.0,0.0,1.0,0.0,1.0,0.0,,,,,,,,,,,,,,,,,,,,
7666e492-1983-4772-b875-55a5e3453644,17695488,v1.14-1.15,0.0,1.9999646244789357,1,1,1,0,1,1,1,1,1,0,1,1,1,0,1,0,1,0,1,0,1,0,1,0,1,1,1,1,1,0,1,0,1,1,1,0,1,0,1,0,1,0,1,0,1.0,1.0,1.0,0.0,1.0,0.0,1,0,1,0,1,0,1,0,1,1,1.0,1.0,1.0,1.0,1.0,0.0,1.0,0.0,,,,,,,,,,,,,,,,,,,,
aac7379c-0eac-47f5-a901-e545a52e1dae,17826559,v1.16+,1.7024231519379523e-05,81.09872802217444,1,1,1,1,1,1,1,1,1,1,1,1,1,0,1,0,1,0,1,0,1,0,1,0,1,1,1,1,1,0,1,0,1,1,1,1,1,1,1,1,1,1,1,1,1.0,1.0,1.0,1.0,1.0,1.0,1,0,1,0,1,0,1,0,1,1,1.0,1.0,,,,,,,,,,,,,,,,,,,,,,,,,,
a4f822aa-18ae-448f-b40f-5ad672ec38a6,17826047,v1.16+,0.0,1.999994013089817,1,1,1,1,1,1,1,1,1,1,1,1,1,0,1,0,1,0,1,0,1,0,1,0,1,0,1,1,1,0,1,0,1,0,1,0,1,1,1,1,1,1,1,1,1.0,1.0,1.0,1.0,1.0,1.0,1,0,1,0,1,0,1,0,1,0,1.0,0.0,,,,,,,,,,,,,,,,,,,,,,,,,,
c508651d-3992-495a-969f-c5086d45436b,17170944,v1.12-1.13,0.0,2.000105548427084,1,1,1,1,1,1,1,1,1,1,1,1,1,0,1,0,1,0,1,0,1,0,1,0,1,0,1,1,1,0,1,0,1,0,1,0,1,1,1,1,1,1,1,1,1.0,1.0,1.0,1.0,1.0,1.0,1,0,1,0,1,0,1,0,1,0,1.0,0.0,,,,,,,,,,,,,,,,,,,,,,,,,,
dbce7d7d-f4a0-45ac-9250-c21b643aa473,17694720,v1.14-1.15,0.0,2.0000818215290628,1,0,1,0,1,0,1,0,1,0,1,0,1,0,1,0,1,0,1,0,1,0,1,0,1,1,1,0,1,0,1,0,1,1,1,0,1,1,1,0,1,0,1,0,1.0,1.0,1.0,0.0,1.0,0.0,1,0,1,0,1,0,1,0,1,1,1.0,1.0,1.0,0.0,1.0,0.0,1.0,0.0,,,,,,,,,,,,,,,,,,,,
a5d66b00-cc80-494c-a616-43d2fca42811,17761535,v1.14-1.15,0.0,2.000020309204532,1,1,1,1,1,1,1,1,1,1,1,1,1,0,1,0,1,0,1,0,1,0,1,0,1,0,1,1,1,0,1,0,1,0,1,0,1,1,1,1,1,1,1,1,1.0,1.0,1.0,1.0,1.0,1.0,1,0,1,0,1,0,1,0,1,0,1.0,0.0,1.0,0.0,1.0,0.0,,,,,,,,,,,,,,,,,,,,,,
36cf604c-d2f1-4bc1-9372-9f539b7c5f3d,17694720,v1.14-1.15,0.0,2.000151349798379,1,1,1,0,1,1,1,1,1,0,1,1,1,0,1,0,1,0,1,0,1,0,1,0,1,0,1,1,1,0,1,0,1,0,1,0,1,1,1,0,1,0,1,0,1.0,1.0,1.0,0.0,1.0,0.0,1,0,1,0,1,0,1,0,1,0,1.0,0.0,1.0,0.0,1.0,0.0,1.0,0.0,,,,,,,,,,,,,,,,,,,,
59bebfe9-d4cc-45ec-b289-034d69c9f7e7,17564671,v1.12-1.13,0.0,2.008710452712548,1,1,1,0,1,1,1,1,1,0,1,0,1,0,1,0,1,0,1,0,1,0,1,0,1,0,1,1,1,0,1,0,1,0,1,0,1,1,1,1,1,0,1,0,,,,,,,1,0,1,0,1,0,1,0,1,0,,,,,,,1.0,0.0,,,,,,,,,,,,,,,,,,,,
7ea9a674-a7b8-4f6f-b6fc-312b1c7a0315,17826240,v1.16+,0.002191337640226155,2.00013232289022,1,1,1,1,1,1,1,1,1,1,1,1,1,0,1,0,1,0,1,0,1,0,1,0,1,0,1,1,1,0,1,0,1,0,1,0,1,1,1,1,1,1,1,1,1.0,1.0,1.0,1.0,1.0,1.0,1,0,1,0,1,0,1,0,1,0,1.0,0.0,,,,,,,,,,,,,,,,,,,,,,,,,,
d49c3c06-a012-42f5-b6da-3712f42c3b02,17826047,v1.16+,0.0,2.0000732078744035,1,1,1,1,1,1,1,1,1,1,1,1,1,0,1,0,1,0,1,0,1,0,1,0,1,0,1,1,1,0,1,0,1,0,1,0,1,1,1,1,1,1,1,1,1.0,1.0,1.0,1.0,1.0,1.0,1,0,1,0,1,0,1,0,1,0,1.0,0.0,,,,,,,,,,,,,,,,,,,,,,,,,,
23469aee-cb22-4d02-b557-8a1e1f10a0ef,17695743,v1.14-1.15,0.0,2.0000001884816934,1,1,1,0,1,1,1,1,1,0,1,1,1,0,1,0,1,0,1,0,1,0,1,0,1,1,1,1,1,0,1,0,1,0,1,0,1,1,1,0,1,0,1,0,1.0,1.0,1.0,0.0,1.0,0.0,1,0,1,0,1,0,1,0,1,0,1.0,0.0,1.0,0.0,1.0,0.0,1.0,0.0,,,,,,,,,,,,,,,,,,,,
aa455a01-f858-46ca-9cd3-056c4a19e799,17761535,v1.14-1.15,0.0,1.9996672612491027,1,1,1,1,1,1,1,1,1,1,1,1,1,0,1,0,1,0,1,0,1,0,1,0,1,0,1,1,1,0,1,0,1,0,1,0,1,1,1,1,1,1,1,1,1.0,1.0,1.0,1.0,1.0,1.0,1,0,1,0,1,0,1,0,1,0,1.0,0.0,1.0,0.0,1.0,0.0,,,,,,,,,,,,,,,,,,,,,,
9c12ea5f-0476-4584-8d1d-63815a2d3e97,17825792,v1.16+,0.0,2.000017220661095,1,1,1,1,1,1,1,1,1,1,1,1,1,0,1,0,1,0,1,0,1,0,1,0,1,0,1,1,1,0,1,0,1,0,1,0,1,0,1,1,1,1,1,1,1.0,1.0,1.0,1.0,1.0,1.0,1,0,1,0,1,0,1,0,1,0,1.0,0.0,,,,,,,,,,,,,,,,,,,,,,,,,,
dd7ac925-15a7-4452-9b02-ae46bf2c985b,17761535,v1.14-1.15,0.0,1.999924144566506,1,0,1,0,1,0,1,0,1,0,1,0,1,0,1,0,1,0,1,1,1,1,1,1,1,0,1,1,1,0,1,0,1,0,1,0,1,1,1,0,1,0,1,0,1.0,1.0,1.0,1.0,1.0,1.0,1,0,1,0,1,0,1,0,1,1,1.0,1.0,1.0,0.0,1.0,0.0,,,,,,,,,,,,,,,,,,,,,,
28682254-bb08-4b3b-afa8-58765e504a3e,17695488,v1.14-1.15,0.0005066222824608057,2.000010093800942,1,0,1,0,1,0,1,0,1,0,1,0,1,0,1,0,1,0,1,0,1,0,1,0,1,0,1,1,1,0,1,0,1,0,1,0,1,1,1,0,1,0,1,0,1.0,1.0,1.0,0.0,1.0,0.0,1,0,1,0,1,0,1,0,1,0,1.0,0.0,1.0,0.0,1.0,0.0,1.0,0.0,,,,,,,,,,,,,,,,,,,,
d5d99355-0e36-49b0-8f28-c37a9412c972,17826047,v1.16+,0.0,2.0000139460431914,1,1,1,1,1,1,1,1,1,1,1,1,1,0,1,0,1,0,1,0,1,0,1,0,1,0,1,1,1,0,1,0,1,0,1,0,1,1,1,1,1,1,1,1,1.0,1.0,1.0,1.0,1.0,1.0,1,0,1,0,1,0,1,0,1,0,1.0,0.0,,,,,,,,,,,,,,,,,,,,,,,,,,
c075c145-2a85-49d5-8b02-6d5d37426e18,17826303,v1.16+,0.0015969398245895988,1.999977200259917,1,0,1,0,1,0,1,0,1,0,1,0,1,0,1,0,1,0,1,0,1,0,1,0,1,0,1,1,1,0,1,0,1,0,1,0,1,1,1,1,1,1,1,1,1.0,1.0,1.0,1.0,1.0,1.0,1,0,1,0,1,0,1,0,1,0,1.0,0.0,,,,,,,,,,,,,,,,,,,,,,,,,,
a9715f0d-3f84-487a-849b-b3e021abfed1,17760256,v1.14-1.15,0.0,125.0016796785767,1,1,1,1,1,1,1,1,1,1,1,1,1,0,1,0,1,0,1,0,1,0,1,0,1,0,1,1,1,0,1,0,1,0,1,0,1,1,1,0,1,0,1,0,1.0,1.0,1.0,1.0,1.0,1.0,1,0,1,0,1,0,1,0,1,0,1.0,0.0,1.0,0.0,1.0,0.0,,,,,,,,,,,,,,,,,,,,,,
1328ca3b-1008-4638-b909-200c35f5c077,17695487,v1.14-1.15,0.0,2.00005215653253,1,1,1,0,1,1,1,1,1,0,1,1,1,0,1,0,1,0,1,0,1,0,1,0,1,0,1,1,1,0,1,0,1,0,1,0,1,1,1,0,1,0,1,0,1.0,1.0,1.0,0.0,1.0,0.0,1,0,1,0,1,0,1,0,1,0,1.0,0.0,1.0,0.0,1.0,0.0,1.0,0.0,,,,,,,,,,,,,,,,,,,,
bc0c013b-a518-4a23-a02c-0dffff6ff290,17761280,v1.14-1.15,0.0,2.0000058563045733,1,1,1,1,1,1,1,1,1,1,1,1,1,0,1,0,1,0,1,0,1,0,1,0,1,0,1,1,1,0,1,0,1,0,1,0,1,1,1,1,1,1,1,1,1.0,1.0,1.0,1.0,1.0,1.0,1,0,1,0,1,0,1,0,1,0,1.0,0.0,1.0,0.0,1.0,0.0,,,,,,,,,,,,,,,,,,,,,,
b8357133-09bc-4b3b-922c-5bfa4a94219c,17891392,v1.16+,0.0,100.00267924123888,1,1,1,1,1,1,1,1,1,1,1,1,1,0,1,0,1,0,1,0,1,0,1,0,1,0,1,1,1,0,1,0,1,0,1,0,1,1,1,1,1,1,1,1,1.0,1.0,1.0,1.0,1.0,1.0,1,0,1,0,1,0,1,0,1,0,1.0,0.0,,,,,,,,,,,,,,,,,,,,,,,,,,
65cb3c5d-9f3d-40ab-8586-d2d9f063d912,17695232,v1.14-1.15,0.0,1.999980328062347,1,0,1,0,1,0,1,0,1,0,1,0,1,0,1,0,1,0,1,1,1,0,1,1,1,0,1,1,1,0,1,0,1,0,1,0,1,0,1,0,1,0,1,0,1.0,1.0,1.0,0.0,1.0,0.0,1,0,1,0,1,0,1,0,1,0,1.0,0.0,1.0,0.0,1.0,0.0,1.0,0.0,,,,,,,,,,,,,,,,,,,,
853aa6e6-b260-4f7b-a9a5-58e6ff9483d8,17761535,v1.14-1.15,0.0,2.0000585090002314,1,0,1,0,1,0,1,0,1,0,1,0,1,0,1,0,1,0,1,0,1,0,1,0,1,1,1,1,1,0,1,0,1,1,1,1,1,1,1,1,1,1,1,1,1.0,1.0,1.0,1.0,1.0,1.0,1,0,1,0,1,0,1,0,1,1,1.0,1.0,1.0,1.0,1.0,1.0,,,,,,,,,,,,,,,,,,,,,,
377266e0-a309-4e6e-ae5c-b742262d269f,17891392,v1.16+,0.01842372518424635,1.9658392563000744,1,0,1,0,1,0,1,0,1,0,1,0,1,0,1,0,1,0,1,0,1,0,1,0,1,1,1,1,1,0,1,0,1,1,1,1,1,0,1,0,1,0,1,0,1.0,1.0,1.0,1.0,1.0,1.0,1,0,1,0,1,0,1,0,1,1,1.0,0.0,,,,,,,,,,,,,,,,,,,,,,,,,,
50677bd0-4373-4e1b-942a-05e9aeaa7184,17826047,v1.16+,0.0,2.0000732242376826,1,1,1,1,1,1,1,1,1,1,1,0,1,0,1,0,1,0,1,0,1,0,1,0,1,0,1,1,1,0,1,0,1,0,1,0,1,1,1,1,1,1,1,1,1.0,1.0,1.0,1.0,1.0,1.0,1,0,1,0,1,0,1,0,1,0,1.0,0.0,,,,,,,,,,,,,,,,,,,,,,,,,,
2160e143-f4b5-4ac0-9d51-eb4f45caf0ca,17891392,v1.16+,0.0,100.01118067978534,1,1,1,1,1,1,1,1,1,1,1,1,1,0,1,0,1,0,1,0,1,0,1,0,1,0,1,1,1,0,1,0,1,0,1,0,1,1,1,1,1,1,1,1,1.0,1.0,1.0,1.0,1.0,1.0,1,0,1,0,1,0,1,0,1,0,1.0,0.0,,,,,,,,,,,,,,,,,,,,,,,,,,
c1b30bb0-1059-4033-ae1d-d88693405cc5,17891392,v1.16+,9.984155430593233e-05,2.0000994502003997,1,0,1,0,1,0,1,0,1,0,1,0,1,0,1,0,1,0,1,1,1,1,1,1,1,1,1,0,1,0,1,0,1,1,1,1,1,0,1,1,1,1,1,1,1.0,1.0,1.0,1.0,1.0,1.0,1,0,1,0,1,0,1,0,1,1,1.0,1.0,,,,,,,,,,,,,,,,,,,,,,,,,,
e812850a-cded-4094-a506-bbf28f8c94e7,16779519,v1.12-1.13,0.0,2.0000120000720005,1,1,1,1,1,0,1,1,1,1,1,1,1,0,1,0,1,0,1,0,1,0,1,0,1,1,1,1,1,0,1,0,1,0,1,0,1,1,1,1,1,1,1,1,1.0,1.0,1.0,1.0,1.0,1.0,1,0,1,0,1,0,1,0,1,1,1.0,1.0,1.0,0.0,1.0,0.0,,,,,,,,,,,,,,,,,,,,,,
e06125d1-fa69-49c0-a684-d34cb4e169e3,17629184,v1.12-1.13,0.000989097331432746,1.996298869317471,1,1,1,0,1,1,1,1,1,0,1,1,1,0,1,0,1,0,1,0,1,0,1,0,1,1,1,1,1,0,1,0,1,0,1,0,1,1,1,0,1,0,1,0,1.0,1.0,1.0,0.0,1.0,0.0,1,0,1,0,1,0,1,0,1,1,1.0,1.0,1.0,0.0,1.0,0.0,1.0,0.0,,,,,,,,,,,,,,,,,,,,
9a4357e7-74f9-47fd-b6e0-b59f190bce92,17825984,v1.16+,0.0,2.0001683435803526,1,1,1,1,1,1,1,1,1,1,1,1,1,0,1,0,1,0,1,0,1,0,1,0,1,0,1,1,1,0,1,0,1,0,1,0,1,0,1,0,1,0,1,0,1.0,1.0,1.0,1.0,1.0,1.0,1,0,1,0,1,0,1,0,1,0,1.0,0.0,,,,,,,,,,,,,,,,,,,,,,,,,,
659081f8-1d01-40dd-b5f6-63d2ea4346f6,17826559,v1.16+,0.0009230057615173391,2.000037153843344,1,1,1,1,1,1,1,1,1,1,1,1,1,0,1,0,1,0,1,0,1,0,1,0,1,0,1,1,1,0,1,0,1,0,1,0,1,0,1,1,1,1,1,1,1.0,1.0,1.0,1.0,1.0,1.0,1,0,1,0,1,0,1,0,1,0,1.0,0.0,,,,,,,,,,,,,,,,,,,,,,,,,,
e414f2e1-87cc-4802-8e9f-327049aef863,17630207,v1.12-1.13,0.008145580002363133,1.986795165273239,1,0,1,0,1,0,1,0,1,0,1,0,1,1,1,0,1,1,1,1,1,0,1,0,1,1,1,0,1,0,1,0,1,1,1,0,1,1,1,0,1,0,1,0,,,,,,,1,0,1,0,1,0,1,0,1,1,1.0,1.0,,,,,1.0,0.0,,,,,,,,,,,,,,,,,,,,
cd3ae46c-cab1-40f8-8f85-ae6efdb7e9c9,17694720,v1.14-1.15,0.0,2.0001033853439885,1,0,1,0,1,0,1,0,1,0,1,0,1,0,1,0,1,0,1,0,1,0,1,0,1,0,1,1,1,0,1,0,1,0,1,0,1,1,1,0,1,0,1,0,1.0,1.0,1.0,0.0,1.0,0.0,1,0,1,0,1,0,1,0,1,0,1.0,0.0,1.0,0.0,1.0,0.0,1.0,0.0,,,,,,,,,,,,,,,,,,,,
5bf87501-b2ca-4053-8405-5f33d48f6d25,17695743,v1.14-1.15,0.0,2.00006977458606,1,1,1,0,1,1,1,1,1,0,1,1,1,0,1,0,1,0,1,0,1,0,1,0,1,0,1,1,1,0,1,0,1,0,1,0,1,0,1,0,1,0,1,0,1.0,1.0,1.0,0.0,1.0,0.0,1,0,1,0,1,0,1,0,1,0,1.0,0.0,1.0,0.0,1.0,0.0,1.0,0.0,,,,,,,,,,,,,,,,,,,,
dbee1661-e1cc-4d20-ae81-bf4bebcba2eb,17695488,v1.14-1.15,0.0,2.000013959816407,1,0,1,0,1,0,1,0,1,0,1,0,1,0,1,0,1,0,1,0,1,0,1,0,1,0,1,1,1,0,1,0,1,0,1,0,1,0,1,0,1,0,1,0,1.0,1.0,1.0,0.0,1.0,0.0,1,0,1,0,1,0,1,0,1,0,1.0,0.0,1.0,0.0,1.0,0.0,1.0,0.0,,,,,,,,,,,,,,,,,,,,
456b865a-924c-4fbc-9bd0-1f9bc3ae4a24,17695488,v1.14-1.15,0.0,2.000000384236527,1,0,1,0,1,0,1,0,1,0,1,0,1,0,1,0,1,0,1,1,1,0,1,1,1,1,1,1,1,0,1,0,1,0,1,0,1,1,1,0,1,0,1,0,1.0,1.0,1.0,0.0,1.0,0.0,1,0,1,0,1,0,1,0,1,1,1.0,1.0,1.0,0.0,1.0,0.0,1.0,0.0,,,,,,,,,,,,,,,,,,,,
4da5cc0a-a275-43ff-92af-be3c4b1fa23e,17760767,v1.14-1.15,0.0,2.0000251631072845,1,1,1,1,1,1,1,1,1,1,1,1,1,0,1,0,1,0,1,0,1,0,1,0,1,0,1,1,1,0,1,0,1,0,1,0,1,1,1,1,1,1,1,1,1.0,1.0,1.0,1.0,1.0,1.0,1,0,1,0,1,0,1,0,1,0,1.0,0.0,1.0,0.0,1.0,0.0,,,,,,,,,,,,,,,,,,,,,,
537645b9-72d6-4780-8727-fe8316c9c3b1,17629439,v1.12-1.13,0.010803379787743896,1.9764923768665514,1,1,1,0,1,1,1,1,1,0,1,1,1,0,1,0,1,0,1,0,1,0,1,0,1,0,1,0,1,0,1,0,1,0,1,0,1,1,1,1,1,0,1,0,,,,,,,1,0,1,0,1,0,1,0,1,0,1.0,0.0,,,,,1.0,0.0,,,,,,,,,,,,,,,,,,,,
d43e446c-4997-4c73-84fe-fbe52b95be26,17499135,v1.12-1.13,0.010908161199359655,5.000119036364436,1,1,1,1,1,1,1,1,1,1,1,0,1,0,1,1,1,0,1,0,1,1,1,0,1,0,1,1,1,0,1,0,1,0,1,1,1,1,1,1,1,0,1,0,,,,,,,1,0,1,0,1,0,1,0,1,0,,,,,,,1.0,0.0,1.0,0.0,1.0,0.0,1.0,0.0,1.0,0.0,1.0,0.0,1.0,0.0,,,,,,,,
fdfc9018-bcab-4364-9f60-7004f1431723,17891583,v1.16+,0.0007002702280563826,2.00000817190839,1,1,1,1,1,1,1,1,1,1,1,1,1,0,1,0,1,0,1,0,1,0,1,0,1,0,1,1,1,0,1,0,1,0,1,0,1,1,1,1,1,1,1,1,1.0,1.0,1.0,1.0,1.0,1.0,1,0,1,0,1,0,1,0,1,0,1.0,0.0,,,,,,,,,,,,,,,,,,,,,,,,,,
aaaef79a-45ac-424b-a863-770f27074be9,17826047,v1.16+,0.0,1.9999748574589347,1,1,1,1,1,1,1,1,1,1,1,1,1,0,1,0,1,0,1,0,1,0,1,0,1,0,1,1,1,0,1,0,1,0,1,0,1,1,1,1,1,1,1,1,1.0,1.0,1.0,1.0,1.0,1.0,1,0,1,0,1,0,1,0,1,0,1.0,0.0,,,,,,,,,,,,,,,,,,,,,,,,,,
1d003f05-0ebf-48e1-9b21-0e6bcf6f5c8f,17891583,v1.16+,0.0,2.000081492371463,1,1,1,1,1,1,1,1,1,1,1,0,1,0,1,0,1,0,1,0,1,0,1,0,1,1,1,1,1,0,1,0,1,0,1,0,1,1,1,1,1,1,1,1,1.0,1.0,1.0,1.0,1.0,1.0,1,0,1,0,1,0,1,0,1,1,1.0,1.0,,,,,,,,,,,,,,,,,,,,,,,,,,
6aa1043e-1fe6-4689-800a-3a518e610eb2,17630207,v1.12-1.13,0.0,1.9999980927170506,1,1,1,0,1,1,1,1,1,0,1,0,1,0,1,0,1,0,1,0,1,0,1,0,1,0,1,1,1,0,1,0,1,0,1,0,1,1,1,1,1,0,1,0,,,,,,,1,0,1,0,1,0,1,0,1,0,1.0,0.0,,,,,1.0,0.0,,,,,,,,,,,,,,,,,,,,
229ed3a8-150a-4b4d-87a2-0d33eaf73c7b,17694975,v1.14-1.15,0.0,2.000049719754515,1,1,1,0,1,1,1,1,1,0,1,1,1,0,1,0,1,0,1,0,1,0,1,0,1,0,1,1,1,0,1,0,1,0,1,0,1,1,1,0,1,0,1,0,1.0,1.0,1.0,0.0,1.0,0.0,1,0,1,0,1,0,1,0,1,0,1.0,0.0,1.0,0.0,1.0,0.0,1.0,0.0,,,,,,,,,,,,,,,,,,,,
7b735570-ca97-4313-81ae-dcc859ce4a63,17695744,v1.14-1.15,0.0,1.9042872865598972,1,1,1,0,1,1,1,1,1,0,1,1,1,0,1,0,1,0,1,0,1,0,1,0,1,1,1,1,1,0,1,0,1,0,1,0,1,1,1,0,1,0,1,0,1.0,1.0,1.0,0.0,1.0,0.0,1,0,1,0,1,0,1,0,1,1,1.0,1.0,1.0,0.0,1.0,0.0,1.0,0.0,,,,,,,,,,,,,,,,,,,,
771b556c-52bc-4b2a-a6a2-87feb5b64759,17564416,v1.12-1.13,0.0,2.002927796870764,1,1,1,0,1,1,1,1,1,0,1,1,1,0,1,0,1,0,1,0,1,0,1,0,1,0,1,0,1,0,1,0,1,0,1,0,1,1,1,0,1,0,1,0,,,,,,,1,0,1,0,1,0,1,0,1,0,,,,,,,1.0,0.0,,,,,,,,,,,,,,,,,,,,
dfb3fa4a-6175-4850-987f-6ca01b5c3614,17891392,v1.16+,0.005146460816189901,1.9791364071974622,1,1,1,1,1,1,1,1,1,1,1,1,1,0,1,0,1,0,1,0,1,0,1,0,1,1,1,1,1,0,1,0,1,1,1,1,1,1,1,1,1,1,1,1,1.0,1.0,1.0,1.0,1.0,1.0,1,1,1,1,1,0,1,0,1,1,1.0,1.0,,,,,,,,,,,,,,,,,,,,,,,,,,
17c7636d-87b3-4348-9d99-b89358d63163,17761535,v1.14-1.15,0.009602401045104764,1.9881689248570469,1,0,1,0,1,0,1,0,1,0,1,0,1,0,1,0,1,0,1,0,1,0,1,0,1,1,1,1,1,0,1,0,1,1,1,1,1,0,1,0,1,0,1,0,1.0,1.0,1.0,1.0,1.0,1.0,1,0,1,0,1,0,1,0,1,1,1.0,0.0,1.0,1.0,1.0,1.0,,,,,,,,,,,,,,,,,,,,,,
66fe4ca7-2fee-4abc-a183-fd8f4cbc1aa1,17826048,v1.16+,0.0,2.0000842468402076,1,1,1,1,1,1,1,1,1,1,1,1,1,0,1,0,1,0,1,0,1,0,1,0,1,0,1,1,1,0,1,0,1,0,1,0,1,1,1,1,1,1,1,1,1.0,1.0,1.0,1.0,1.0,1.0,1,0,1,0,1,0,1,0,1,0,1.0,0.0,,,,,,,,,,,,,,,,,,,,,,,,,,
e2eabb3e-3c52-4368-a625-5802f54a2ff6,17694720,v1.14-1.15,0.0002698359057331943,1.9999776175344408,1,1,1,0,1,1,1,1,1,0,1,1,1,0,1,0,1,0,1,0,1,0,1,0,1,0,1,1,1,0,1,0,1,0,1,0,1,1,1,0,1,0,1,0,1.0,1.0,1.0,0.0,1.0,0.0,1,0,1,0,1,0,1,0,1,0,1.0,0.0,1.0,0.0,1.0,0.0,1.0,0.0,,,,,,,,,,,,,,,,,,,,
48cbc719-355a-426e-bb1c-ef631e2dcbe0,17629952,v1.12-1.13,0.0,2.00015104938178,1,1,1,0,1,1,1,1,1,0,1,0,1,0,1,0,1,0,1,0,1,0,1,0,1,0,1,1,1,0,1,0,1,0,1,0,1,1,1,1,1,0,1,0,,,,,,,1,0,1,0,1,0,1,0,1,0,1.0,0.0,,,,,1.0,0.0,,,,,,,,,,,,,,,,,,,,
2ffaed6f-e9d7-45af-86a1-4c740dddfb47,17694720,v1.14-1.15,0.0,2.0000873769515275,1,1,1,0,1,1,1,1,1,0,1,1,1,0,1,0,1,0,1,0,1,0,1,0,1,0,1,1,1,0,1,0,1,0,1,0,1,1,1,0,1,0,1,0,1.0,1.0,1.0,0.0,1.0,0.0,1,0,1,0,1,0,1,0,1,0,1.0,0.0,1.0,0.0,1.0,0.0,1.0,0.0,,,,,,,,,,,,,,,,,,,,
ebedb7db-2d5e-4b2b-9e13-12c06cdab223,17761280,v1.14-1.15,0.0,1.9999911976003928,1,1,1,1,1,1,1,1,1,1,1,1,1,0,1,0,1,0,1,0,1,0,1,0,1,0,1,1,1,0,1,0,1,0,1,0,1,1,1,1,1,1,1,1,1.0,1.0,1.0,1.0,1.0,1.0,1,0,1,0,1,0,1,0,1,0,1.0,0.0,1.0,0.0,1.0,0.0,,,,,,,,,,,,,,,,,,,,,,
e5115a9c-6c87-4420-8501-cc044dad6ce5,17761535,v1.14-1.15,0.0,2.0000324583580893,1,1,1,1,1,1,1,1,1,1,1,1,1,0,1,0,1,0,1,0,1,0,1,0,1,1,1,1,1,0,1,0,1,0,1,0,1,1,1,1,1,1,1,1,1.0,1.0,1.0,1.0,1.0,1.0,1,0,1,0,1,0,1,0,1,1,1.0,1.0,1.0,0.0,1.0,0.0,,,,,,,,,,,,,,,,,,,,,,
725aeefb-eece-418d-801a-cc3aabc353df,17760768,v1.14-1.15,0.0,1.999965229362679,1,1,1,1,1,1,1,1,1,1,1,1,1,0,1,0,1,0,1,0,1,0,1,0,1,1,1,1,1,0,1,0,1,0,1,0,1,0,1,0,1,0,1,0,1.0,1.0,1.0,1.0,1.0,1.0,1,0,1,0,1,0,1,0,1,1,1.0,0.0,1.0,0.0,1.0,0.0,,,,,,,,,,,,,,,,,,,,,,
9f99c2d5-db8b-4856-a745-fe6be3c6c913,17760256,v1.14-1.15,0.0,2.000155634000576,1,1,1,1,1,1,1,1,1,1,1,1,1,0,1,0,1,0,1,0,1,0,1,0,1,0,1,1,1,0,1,0,1,0,1,0,1,1,1,1,1,1,1,1,1.0,1.0,1.0,1.0,1.0,1.0,1,0,1,0,1,0,1,0,1,0,1.0,0.0,1.0,0.0,1.0,0.0,,,,,,,,,,,,,,,,,,,,,,
9bc5fff9-7e98-4839-9ceb-311ad8ffddf6,17761280,v1.14-1.15,0.0,1.9997329434501163,1,1,1,1,1,1,1,1,1,1,1,0,1,0,1,0,1,0,1,0,1,0,1,0,1,1,1,1,1,0,1,0,1,0,1,0,1,0,1,0,1,0,1,0,1.0,1.0,1.0,1.0,1.0,1.0,1,0,1,0,1,0,1,0,1,1,1.0,1.0,1.0,0.0,1.0,0.0,,,,,,,,,,,,,,,,,,,,,,
2e381aba-3a38-4bf6-961e-cf4ed7e51f69,17629696,v1.12-1.13,0.0,1.9999166580185421,1,1,1,0,1,1,1,1,1,0,1,0,1,0,1,0,1,0,1,0,1,0,1,0,1,0,1,1,1,0,1,0,1,0,1,0,1,1,1,1,1,0,1,0,,,,,,,1,0,1,0,1,0,1,0,1,0,1.0,0.0,,,,,1.0,0.0,,,,,,,,,,,,,,,,,,,,
587c1fc9-0120-4d59-b492-74801aa9e4fb,17499135,v1.12-1.13,0.0,5.00792851772084,1,1,1,1,1,1,1,1,1,1,1,0,1,0,1,1,1,0,1,0,1,1,1,0,1,0,1,1,1,0,1,0,1,0,1,1,1,1,1,0,1,0,1,0,,,,,,,1,0,1,0,1,0,1,0,1,0,,,,,,,1.0,0.0,1.0,0.0,1.0,0.0,1.0,0.0,1.0,0.0,1.0,0.0,1.0,0.0,,,,,,,,
41cf5362-540f-4561-a20a-7aa5dcc663e1,17826240,v1.16+,0.0024237924253654084,1.999997985187215,1,0,1,0,1,0,1,0,1,0,1,0,1,0,1,0,1,0,1,0,1,0,1,0,1,1,1,1,1,0,1,0,1,1,1,1,1,0,1,0,1,0,1,0,1.0,1.0,1.0,1.0,1.0,1.0,1,0,1,0,1,0,1,0,1,1,1.0,1.0,,,,,,,,,,,,,,,,,,,,,,,,,,
97e30747-096e-4ea8-b453-ac160f85f270,17694975,v1.14-1.15,0.0,2.00003912651393,1,0,1,0,1,0,1,0,1,0,1,0,1,0,1,0,1,0,1,0,1,0,1,0,1,0,1,1,1,0,1,0,1,0,1,0,1,1,1,0,1,0,1,0,1.0,1.0,1.0,0.0,1.0,0.0,1,0,1,0,1,0,1,0,1,0,1.0,0.0,1.0,0.0,1.0,0.0,1.0,0.0,,,,,,,,,,,,,,,,,,,,
b7707e1b-c36b-40d4-b051-46cc0dcad196,17761023,v1.14-1.15,0.0,2.0000023396253788,1,1,1,1,1,1,1,1,1,1,1,1,1,0,1,0,1,0,1,0,1,0,1,0,1,1,1,1,1,0,1,0,1,0,1,0,1,1,1,1,1,1,1,1,1.0,1.0,1.0,1.0,1.0,1.0,1,0,1,0,1,0,1,0,1,1,1.0,1.0,1.0,0.0,1.0,0.0,,,,,,,,,,,,,,,,,,,,,,
d2cd996d-5e44-4ec8-9467-074c3e8f6e44,17630207,v1.12-1.13,0.0,2.0000310654175872,1,1,1,0,1,1,1,1,1,0,1,0,1,0,1,0,1,0,1,0,1,0,1,0,1,0,1,1,1,0,1,0,1,0,1,0,1,1,1,1,1,0,1,0,,,,,,,1,0,1,0,1,0,1,0,1,0,1.0,0.0,,,,,1.0,0.0,,,,,,,,,,,,,,,,,,,,
83a23eff-b680-4d79-8bdb-1afa58cd4b46,17499135,v1.12-1.13,0.0076320446920076675,4.999829362130547,1,1,1,1,1,1,1,1,1,1,1,0,1,0,1,1,1,0,1,0,1,1,1,0,1,0,1,1,1,0,1,0,1,0,1,1,1,1,1,0,1,0,1,0,,,,,,,1,0,1,0,1,0,1,0,1,0,,,,,,,1.0,0.0,1.0,0.0,1.0,0.0,1.0,0.0,1.0,0.0,1.0,0.0,1.0,0.0,,,,,,,,
31e428fe-d363-43c6-9cc3-236af2212533,17694720,v1.14-1.15,1.7165143654250444e-06,97.01197379002082,1,1,1,0,1,1,1,1,1,0,1,1,1,0,1,0,1,0,1,0,1,0,1,0,1,0,1,1,1,0,1,0,1,0,1,0,1,0,1,0,1,0,1,0,1.0,1.0,1.0,0.0,1.0,0.0,1,0,1,0,1,0,1,0,1,0,1.0,0.0,1.0,0.0,1.0,0.0,1.0,0.0,,,,,,,,,,,,,,,,,,,,
9a54e14e-a7ac-472f-93a1-175ea7d6c24e,17760256,v1.14-1.15,0.0,2.0000021870991658,1,1,1,1,1,1,1,1,1,1,1,1,1,0,1,0,1,0,1,0,1,0,1,0,1,0,1,1,1,0,1,0,1,0,1,0,1,1,1,1,1,1,1,1,1.0,1.0,1.0,1.0,1.0,1.0,1,0,1,0,1,0,1,0,1,0,1.0,0.0,1.0,0.0,1.0,0.0,,,,,,,,,,,,,,,,,,,,,,
81d48cf9-fe7b-4142-8846-d347f8d6e6bc,17564671,v1.12-1.13,0.0,2.0051292433675494,1,1,1,0,1,1,1,1,1,0,1,0,1,0,1,0,1,0,1,0,1,0,1,0,1,0,1,1,1,0,1,0,1,0,1,0,1,1,1,1,1,0,1,0,,,,,,,1,0,1,0,1,0,1,0,1,0,,,,,,,1.0,0.0,,,,,,,,,,,,,,,,,,,,
c8f69bd8-a383-4633-8411-a2131ac97b36,17826047,v1.16+,0.0,2.000012149956714,1,1,1,1,1,1,1,1,1,1,1,1,1,0,1,0,1,0,1,0,1,0,1,0,1,0,1,1,1,0,1,0,1,0,1,0,1,0,1,1,1,1,1,1,1.0,1.0,1.0,1.0,1.0,1.0,1,0,1,0,1,0,1,0,1,0,1.0,0.0,,,,,,,,,,,,,,,,,,,,,,,,,,
be962048-3ca1-4664-aabf-70e41ea37dee,17761280,v1.14-1.15,0.0,2.0001260540272576,1,0,1,0,1,0,1,0,1,0,1,0,1,0,1,0,1,0,1,0,1,0,1,0,1,1,1,1,1,0,1,0,1,1,1,1,1,1,1,1,1,1,1,1,1.0,1.0,1.0,1.0,1.0,1.0,1,0,1,0,1,0,1,0,1,1,1.0,1.0,1.0,0.0,1.0,0.0,,,,,,,,,,,,,,,,,,,,,,
1040a322-9fbf-4620-8e8c-f40026d3232a,17760768,v1.14-1.15,0.0,2.0000013684219886,1,1,1,1,1,1,1,1,1,1,1,1,1,0,1,0,1,0,1,0,1,0,1,0,1,0,1,1,1,0,1,0,1,0,1,0,1,1,1,1,1,1,1,1,1.0,1.0,1.0,1.0,1.0,1.0,1,0,1,0,1,0,1,0,1,0,1.0,0.0,1.0,0.0,1.0,0.0,,,,,,,,,,,,,,,,,,,,,,
1d20449a-966a-4c27-9027-c2219ba70e46,17694976,v1.14-1.15,0.0,2.000054551487892,1,0,1,0,1,0,1,0,1,0,1,0,1,0,1,0,1,0,1,0,1,0,1,0,1,0,1,1,1,0,1,0,1,0,1,0,1,1,1,0,1,0,1,0,1.0,1.0,1.0,0.0,1.0,0.0,1,0,1,0,1,0,1,0,1,0,1.0,0.0,1.0,0.0,1.0,0.0,1.0,0.0,,,,,,,,,,,,,,,,,,,,
bfc72313-6d9c-4820-a61f-88f326ce9fc4,17629696,v1.12-1.13,0.0,2.0000021963180568,1,1,1,0,1,1,1,1,1,0,1,0,1,0,1,0,1,0,1,0,1,0,1,0,1,0,1,1,1,0,1,0,1,0,1,0,1,1,1,0,1,0,1,0,,,,,,,1,0,1,0,1,0,1,0,1,0,1.0,0.0,,,,,1.0,0.0,,,,,,,,,,,,,,,,,,,,
502362e2-f642-4d11-9845-6e91301c9a60,17891583,v1.16+,0.0,2.0002452495821865,1,0,1,0,1,0,1,0,1,0,1,0,1,0,1,0,1,0,1,0,1,0,1,0,1,0,1,1,1,0,1,0,1,0,1,0,1,0,1,0,1,0,1,0,1.0,1.0,1.0,1.0,1.0,1.0,1,0,1,0,1,0,1,0,1,0,1.0,0.0,,,,,,,,,,,,,,,,,,,,,,,,,,
bd40cd4c-ae40-4563-a225-44a543cf672c,17694720,v1.14-1.15,7.205457240382892e-05,117.90807926177452,1,1,1,0,1,1,1,1,1,0,1,0,1,1,1,0,1,1,1,1,1,0,1,1,1,0,1,1,1,0,1,0,1,0,1,0,1,1,1,0,1,0,1,0,1.0,1.0,1.0,0.0,1.0,0.0,1,0,1,0,1,0,1,0,1,0,1.0,0.0,1.0,0.0,1.0,0.0,1.0,0.0,,,,,,,,,,,,,,,,,,,,
eb2e5c49-27b1-48f2-88d6-e6beccbcd310,17761280,v1.14-1.15,0.0,2.0001228553723447,1,1,1,1,1,1,1,1,1,1,1,1,1,0,1,0,1,0,1,0,1,0,1,0,1,0,1,1,1,0,1,0,1,1,1,1,1,1,1,0,1,0,1,0,1.0,1.0,1.0,1.0,1.0,1.0,1,0,1,0,1,0,1,0,1,1,1.0,1.0,1.0,0.0,1.0,0.0,,,,,,,,,,,,,,,,,,,,,,
6ffb2cdd-8978-4078-83fb-1b62a65427ef,17694975,v1.14-1.15,0.0,2.0003052799241376,1,0,1,0,1,0,1,0,1,0,1,0,1,0,1,0,1,0,1,0,1,0,1,0,1,0,1,1,1,0,1,0,1,0,1,0,1,1,1,0,1,0,1,0,1.0,1.0,1.0,0.0,1.0,0.0,1,0,1,0,1,0,1,0,1,0,1.0,0.0,1.0,0.0,1.0,0.0,1.0,0.0,,,,,,,,,,,,,,,,,,,,
1a6a9a9f-1edc-4fb3-9ca8-8d0f519a4390,17826047,v1.16+,0.01396056268613386,1.9697777185904553,1,1,1,1,1,1,1,1,1,1,1,1,1,0,1,0,1,0,1,0,1,0,1,0,1,1,1,1,1,0,1,0,1,0,1,0,1,1,1,1,1,1,1,1,1.0,1.0,1.0,1.0,1.0,1.0,1,0,1,0,1,0,1,0,1,1,1.0,1.0,,,,,,,,,,,,,,,,,,,,,,,,,,
088648de-2de1-40fb-ace9-c0e300b01f0b,17891392,v1.16+,0.0,2.000010748025239,1,0,1,0,1,0,1,0,1,0,1,0,1,0,1,0,1,0,1,0,1,0,1,0,1,0,1,1,1,0,1,0,1,0,1,0,1,1,1,1,1,1,1,1,1.0,1.0,1.0,1.0,1.0,1.0,1,0,1,0,1,0,1,0,1,0,1.0,0.0,,,,,,,,,,,,,,,,,,,,,,,,,,
608d60ee-3756-4da4-b066-c7fa9954c711,17498880,v1.12-1.13,2.1051832052525836e-05,5.007032348804501,1,0,1,1,1,0,1,0,1,1,1,0,1,0,1,1,1,0,1,1,1,1,1,1,1,0,1,0,1,0,1,0,1,0,1,1,1,1,1,0,1,0,1,0,,,,,,,1,0,1,0,1,0,1,0,1,0,,,,,,,1.0,0.0,1.0,0.0,1.0,0.0,1.0,0.0,1.0,0.0,1.0,0.0,1.0,0.0,,,,,,,,
1a2b82c6-7a0c-4daa-85e2-2c2a799f20d1,17695743,v1.14-1.15,0.0,1.9999999688907084,1,1,1,0,1,1,1,1,1,0,1,1,1,0,1,0,1,0,1,0,1,0,1,0,1,0,1,1,1,0,1,0,1,0,1,0,1,1,1,0,1,0,1,0,1.0,1.0,1.0,0.0,1.0,0.0,1,0,1,0,1,0,1,0,1,0,1.0,0.0,1.0,0.0,1.0,0.0,1.0,0.0,,,,,,,,,,,,,,,,,,,,
80cde7ed-9aec-43b7-be09-a516b2c1db1f,17695743,v1.14-1.15,0.00019826542380820464,1.9999950736963448,1,1,1,0,1,1,1,1,1,0,1,1,1,0,1,0,1,0,1,0,1,0,1,0,1,0,1,1,1,0,1,0,1,0,1,0,1,1,1,0,1,0,1,0,1.0,1.0,1.0,0.0,1.0,0.0,1,0,1,0,1,0,1,0,1,0,1.0,0.0,1.0,0.0,1.0,0.0,1.0,0.0,,,,,,,,,,,,,,,,,,,,
1eb1f097-f741-4244-bc75-a0da275df441,17629695,v1.12-1.13,0.0,1.999995019985769,1,1,1,0,1,1,1,1,1,0,1,1,1,0,1,0,1,0,1,0,1,0,1,0,1,1,1,0,1,0,1,0,1,0,1,0,1,1,1,0,1,0,1,0,,,,,,,1,0,1,0,1,0,1,0,1,1,1.0,1.0,,,,,1.0,0.0,,,,,,,,,,,,,,,,,,,,
c810da06-82c6-4549-a939-c4ad5369d4c8,17564416,v1.12-1.13,0.0,2.0069396464337936,1,1,1,0,1,1,1,1,1,0,1,0,1,0,1,0,1,0,1,0,1,0,1,0,1,0,1,1,1,0,1,0,1,0,1,0,1,1,1,1,1,0,1,0,,,,,,,1,0,1,0,1,0,1,0,1,0,,,,,,,1.0,0.0,,,,,,,,,,,,,,,,,,,,
5c9b9615-31d0-4d30-b6a9-184a2bac7a79,17630207,v1.12-1.13,0.0,2.0000002407407695,1,0,1,0,1,0,1,0,1,0,1,0,1,0,1,0,1,0,1,1,1,0,1,1,1,0,1,0,1,0,1,0,1,0,1,0,1,1,1,0,1,0,1,0,,,,,,,1,0,1,0,1,0,1,0,1,0,1.0,0.0,,,,,1.0,0.0,,,,,,,,,,,,,,,,,,,,
15dde719-daa2-45f5-b0f4-1c2b7c3655e5,17760511,v1.14-1.15,0.0,2.0000111183413782,1,0,1,0,1,0,1,0,1,0,1,0,1,1,1,1,1,1,1,0,1,0,1,0,1,0,1,1,1,0,1,0,1,1,1,1,1,1,1,1,1,1,1,1,1.0,1.0,1.0,1.0,1.0,1.0,1,0,1,0,1,0,1,0,1,1,1.0,1.0,1.0,1.0,1.0,1.0,,,,,,,,,,,,,,,,,,,,,,
162e16f7-f77b-4628-818c-282995620f68,17695488,v1.14-1.15,0.0,2.000021779457949,1,0,1,0,1,0,1,0,1,0,1,0,1,0,1,0,1,0,1,0,1,0,1,0,1,1,1,1,1,0,1,0,1,1,1,0,1,0,1,0,1,0,1,0,1.0,1.0,1.0,0.0,1.0,0.0,1,0,1,0,1,0,1,0,1,1,1.0,1.0,1.0,1.0,1.0,0.0,1.0,0.0,,,,,,,,,,,,,,,,,,,,
b051b77d-f3c8-4704-9215-1e41bc182dde,17826240,v1.16+,0.0,2.0001383840036273,1,1,1,1,1,1,1,1,1,1,1,1,1,0,1,0,1,0,1,0,1,0,1,0,1,0,1,1,1,0,1,0,1,0,1,0,1,1,1,1,1,1,1,1,1.0,1.0,1.0,1.0,1.0,1.0,1,0,1,0,1,0,1,0,1,0,1.0,0.0,,,,,,,,,,,,,,,,,,,,,,,,,,
f0a020be-a5dd-4b1e-b5ed-cd6d769deb0e,17694720,v1.14-1.15,0.0002533719543053445,2.0000396281143704,1,1,1,0,1,1,1,1,1,0,1,1,1,0,1,0,1,0,1,0,1,0,1,0,1,0,1,1,1,0,1,0,1,0,1,0,1,1,1,0,1,0,1,0,1.0,1.0,1.0,0.0,1.0,0.0,1,0,1,0,1,0,1,0,1,0,1.0,0.0,1.0,0.0,1.0,0.0,1.0,0.0,,,,,,,,,,,,,,,,,,,,
fafca6e2-2b35-4617-b742-edcf6c729b1c,17825792,v1.16+,0.0,1.7581173314150718,1,1,1,1,1,1,1,1,1,1,1,1,1,0,1,0,1,0,1,0,1,0,1,0,1,1,1,1,1,0,1,0,1,0,1,0,1,0,1,1,1,1,1,1,1.0,1.0,1.0,1.0,1.0,1.0,1,0,1,0,1,0,1,0,1,1,1.0,1.0,,,,,,,,,,,,,,,,,,,,,,,,,,
7805834f-9d84-44ea-bfb2-887ce1971149,17760512,v1.14-1.15,0.0,2.000006340020098,1,1,1,1,1,1,1,1,1,1,1,1,1,0,1,0,1,0,1,0,1,0,1,0,1,0,1,1,1,0,1,0,1,0,1,0,1,1,1,1,1,1,1,1,1.0,1.0,1.0,1.0,1.0,1.0,1,0,1,0,1,0,1,0,1,0,1.0,0.0,1.0,0.0,1.0,0.0,,,,,,,,,,,,,,,,,,,,,,
9390051f-a362-4c00-8746-da5362265697,17694720,v1.14-1.15,0.00013441914347584098,97.05638655180852,1,0,1,0,1,0,1,0,1,0,1,0,1,1,1,0,1,1,1,1,1,0,1,1,1,0,1,1,1,0,1,0,1,0,1,0,1,0,1,0,1,0,1,0,1.0,1.0,1.0,0.0,1.0,0.0,1,0,1,0,1,0,1,0,1,0,1.0,0.0,1.0,0.0,1.0,0.0,1.0,0.0,,,,,,,,,,,,,,,,,,,,
e24dc7c0-a3e8-44e0-8096-41207ec0a264,17761024,v1.14-1.15,0.0,1.9759828658883691,1,1,1,1,1,1,1,1,1,1,1,1,1,0,1,0,1,0,1,0,1,0,1,0,1,1,1,1,1,0,1,0,1,0,1,0,1,1,1,1,1,1,1,1,1.0,1.0,1.0,1.0,1.0,1.0,1,0,1,0,1,0,1,0,1,0,1.0,1.0,1.0,0.0,1.0,0.0,,,,,,,,,,,,,,,,,,,,,,
b618dbd5-96c3-4333-a6ed-c794e4a9b67e,17695488,v1.14-1.15,0.0,2.0000912862176783,1,0,1,0,1,0,1,0,1,0,1,0,1,0,1,0,1,0,1,0,1,0,1,0,1,0,1,1,1,0,1,0,1,0,1,0,1,0,1,0,1,0,1,0,1.0,1.0,1.0,0.0,1.0,0.0,1,0,1,0,1,0,1,0,1,0,1.0,0.0,1.0,0.0,1.0,0.0,1.0,0.0,,,,,,,,,,,,,,,,,,,,
273f9328-ca71-4fca-b9cc-b6f1b4df4972,17761535,v1.14-1.15,0.00434390802631456,1.9935494288871207,1,1,1,1,1,1,1,1,1,1,1,1,1,0,1,0,1,0,1,0,1,0,1,0,1,0,1,1,1,0,1,0,1,0,1,0,1,1,1,1,1,1,1,1,1.0,1.0,1.0,1.0,1.0,1.0,1,0,1,0,1,0,1,0,1,0,1.0,0.0,1.0,0.0,1.0,0.0,,,,,,,,,,,,,,,,,,,,,,
92c54bf0-e72b-4d94-b174-687c8e64a248,17826047,v1.16+,0.0,2.00007068862974,1,1,1,1,1,1,1,1,1,1,1,1,1,0,1,0,1,0,1,0,1,0,1,0,1,0,1,1,1,0,1,0,1,0,1,0,1,1,1,1,1,1,1,1,1.0,1.0,1.0,1.0,1.0,1.0,1,0,1,0,1,0,1,0,1,0,1.0,0.0,,,,,,,,,,,,,,,,,,,,,,,,,,
37137840-9253-4643-9281-4fde28e32494,17630207,v1.12-1.13,0.0,2.0000397227966564,1,1,1,0,1,1,1,1,1,0,1,0,1,0,1,0,1,0,1,0,1,0,1,0,1,0,1,1,1,0,1,0,1,0,1,0,1,1,1,1,1,0,1,0,,,,,,,1,0,1,0,1,0,1,0,1,0,1.0,0.0,,,,,1.0,0.0,,,,,,,,,,,,,,,,,,,,
59af6875-e57b-4fbf-82ea-a0cd70c4c630,17891583,v1.16+,0.0002801407128124409,2.0000394382776734,1,1,1,1,1,1,1,1,1,1,1,1,1,0,1,0,1,0,1,0,1,0,1,0,1,0,1,1,1,0,1,0,1,0,1,0,1,1,1,1,1,1,1,1,1.0,1.0,1.0,1.0,1.0,1.0,1,0,1,0,1,0,1,0,1,0,1.0,0.0,,,,,,,,,,,,,,,,,,,,,,,,,,
a4f33fdb-e0df-460f-9f5b-8f20a31b9543,17760384,v1.14-1.15,0.0,2.0000023886954326,1,1,1,1,1,1,1,1,1,1,1,1,1,0,1,0,1,0,1,0,1,0,1,0,1,0,1,1,1,0,1,0,1,0,1,0,1,1,1,1,1,1,1,1,1.0,1.0,1.0,1.0,1.0,1.0,1,0,1,0,1,0,1,0,1,0,1.0,0.0,,,,,,,,,,,,,,,,,,,,,,,,,,
cbd0b62f-bc7e-4f76-803f-fe0592804f62,17629695,v1.12-1.13,0.0,2.0000213456275135,1,1,1,0,1,1,1,1,1,0,1,1,1,0,1,0,1,0,1,0,1,0,1,0,1,1,1,0,1,0,1,0,1,0,1,0,1,1,1,0,1,0,1,0,,,,,,,1,0,1,0,1,0,1,0,1,1,1.0,1.0,,,,,1.0,0.0,,,,,,,,,,,,,,,,,,,,
5021f3af-e951-4686-9216-23472db72d14,17498880,v1.12-1.13,0.004941732232829667,4.9979442297574,1,1,1,1,1,1,1,1,1,1,1,0,1,0,1,1,1,0,1,0,1,1,1,0,1,0,1,1,1,0,1,0,1,0,1,1,1,1,1,1,1,0,1,0,,,,,,,1,0,1,0,1,0,1,0,1,0,,,,,,,1.0,0.0,1.0,0.0,1.0,0.0,1.0,0.0,1.0,0.0,1.0,0.0,1.0,0.0,,,,,,,,
d92aaf35-7857-4293-a3e8-4d46dc263448,17695488,v1.14-1.15,0.0,2.0000006121373906,1,0,1,0,1,0,1,0,1,0,1,0,1,1,1,0,1,1,1,1,1,0,1,1,1,1,1,1,1,0,1,0,1,0,1,0,1,1,1,0,1,0,1,0,1.0,1.0,1.0,0.0,1.0,0.0,1,0,1,0,1,0,1,0,1,1,1.0,1.0,1.0,0.0,1.0,0.0,1.0,0.0,,,,,,,,,,,,,,,,,,,,
55f1eacc-7adf-49da-808d-9eadb8a13b7e,17695488,v1.14-1.15,0.0,2.000076267371055,1,1,1,0,1,1,1,1,1,0,1,1,1,0,1,0,1,0,1,0,1,0,1,0,1,0,1,1,1,0,1,0,1,0,1,0,1,0,1,0,1,0,1,0,1.0,1.0,1.0,0.0,1.0,0.0,1,0,1,0,1,0,1,0,1,0,1.0,0.0,1.0,0.0,1.0,0.0,1.0,0.0,,,,,,,,,,,,,,,,,,,,
c1cceaff-92e0-4d98-abb7-427a1dfb9eee,17826047,v1.16+,0.004512206492248196,1.9947014802780214,1,0,1,0,1,0,1,0,1,0,1,0,1,0,1,0,1,0,1,0,1,0,1,0,1,0,1,1,1,0,1,0,1,0,1,0,1,1,1,1,1,1,1,1,1.0,1.0,1.0,1.0,1.0,1.0,1,0,1,0,1,0,1,0,1,0,1.0,0.0,,,,,,,,,,,,,,,,,,,,,,,,,,
59ea93da-4f68-4744-803d-4bdcf9ff4104,17563904,v1.12-1.13,0.0,2.000952265243824,1,1,1,0,1,1,1,1,1,0,1,1,1,0,1,0,1,0,1,0,1,0,1,0,1,0,1,0,1,0,1,0,1,0,1,0,1,1,1,0,1,0,1,0,,,,,,,1,0,1,0,1,0,1,0,1,0,,,,,,,1.0,0.0,,,,,,,,,,,,,,,,,,,,
98e3ca04-9e94-49e6-ba8f-4965cdb30c9f,17760256,v1.14-1.15,0.0,1.9999059308552278,1,1,1,1,1,1,1,1,1,1,1,0,1,0,1,0,1,0,1,0,1,0,1,0,1,1,1,1,1,0,1,0,1,0,1,0,1,1,1,1,1,1,1,1,1.0,1.0,1.0,1.0,1.0,1.0,1,0,1,0,1,0,1,0,1,1,1.0,1.0,1.0,0.0,1.0,0.0,,,,,,,,,,,,,,,,,,,,,,
35dd0ff3-526c-42ad-bed7-b913697eca2b,17630207,v1.12-1.13,0.0,2.0000415897537245,1,1,1,0,1,1,1,1,1,0,1,0,1,0,1,0,1,0,1,0,1,0,1,0,1,1,1,0,1,0,1,0,1,0,1,0,1,1,1,1,1,0,1,0,,,,,,,1,0,1,0,1,0,1,0,1,1,1.0,1.0,,,,,1.0,0.0,,,,,,,,,,,,,,,,,,,,
484355ca-3874-4697-9666-45d19aae6367,17629951,v1.12-1.13,0.0006715356886793173,1.9987923548735897,1,1,1,0,1,1,1,1,1,0,1,0,1,0,1,0,1,0,1,0,1,0,1,0,1,0,1,1,1,0,1,0,1,0,1,0,1,1,1,1,1,0,1,0,,,,,,,1,0,1,0,1,0,1,0,1,0,1.0,0.0,,,,,1.0,0.0,,,,,,,,,,,,,,,,,,,,
f6306de2-b116-4877-b252-4ca15e59ce24,17826559,v1.16+,0.0,2.0001672223138156,1,1,1,1,1,1,1,1,1,1,1,1,1,0,1,0,1,0,1,0,1,0,1,0,1,0,1,1,1,0,1,0,1,0,1,0,1,1,1,1,1,1,1,1,1.0,1.0,1.0,1.0,1.0,1.0,1,0,1,0,1,0,1,0,1,0,1.0,0.0,,,,,,,,,,,,,,,,,,,,,,,,,,
0b59ab5a-d948-4320-b2de-84d92647343a,17760767,v1.14-1.15,0.0,1.9999603414618927,1,1,1,1,1,1,1,1,1,1,1,1,1,0,1,0,1,0,1,0,1,0,1,0,1,0,1,1,1,0,1,0,1,0,1,0,1,1,1,1,1,1,1,1,1.0,1.0,1.0,1.0,1.0,1.0,1,0,1,0,1,0,1,0,1,0,1.0,0.0,1.0,0.0,1.0,0.0,,,,,,,,,,,,,,,,,,,,,,
b2becb08-7cb2-447c-9162-5600d1f6ea5c,17891392,v1.16+,0.0030514297607978852,1.9892734290629772,1,1,1,1,1,1,1,1,1,1,1,1,1,0,1,0,1,0,1,0,1,0,1,0,1,0,1,1,1,0,1,0,1,0,1,0,1,1,1,1,1,1,1,1,1.0,1.0,1.0,1.0,1.0,1.0,1,0,1,0,1,0,1,0,1,0,1.0,0.0,,,,,,,,,,,,,,,,,,,,,,,,,,
b418794e-81ac-4c33-8189-6fc57f895646,17825856,v1.16+,0.0,100.0018551498961,1,1,1,1,1,1,1,1,1,1,1,1,1,0,1,0,1,0,1,0,1,0,1,0,1,0,1,1,1,0,1,0,1,0,1,0,1,1,1,1,1,1,1,1,1.0,1.0,1.0,1.0,1.0,1.0,1,0,1,0,1,0,1,0,1,0,1.0,0.0,,,,,,,,,,,,,,,,,,,,,,,,,,
6abf7e89-8fc4-4aac-a0b0-b58c93b58ce0,17694720,v1.14-1.15,0.0,1.99996662681952,1,1,1,0,1,1,1,1,1,0,1,1,1,0,1,0,1,0,1,0,1,0,1,0,1,1,1,1,1,0,1,0,1,1,1,0,1,1,1,0,1,0,1,0,1.0,1.0,1.0,0.0,1.0,0.0,1,0,1,0,1,0,1,0,1,1,1.0,1.0,1.0,1.0,1.0,0.0,1.0,0.0,,,,,,,,,,,,,,,,,,,,
118209fc-b219-4928-b3d9-d70219748b07,17630207,v1.12-1.13,0.00028553826554678297,2.000003133824862,1,1,1,0,1,1,1,1,1,0,1,0,1,0,1,0,1,0,1,0,1,0,1,0,1,0,1,1,1,0,1,0,1,0,1,0,1,1,1,1,1,0,1,0,,,,,,,1,0,1,0,1,0,1,0,1,0,1.0,0.0,,,,,1.0,0.0,,,,,,,,,,,,,,,,,,,,
7268d560-375d-4521-b089-614952936bb0,17629952,v1.12-1.13,0.0,2.0002756231640153,1,1,1,0,1,1,1,1,1,0,1,1,1,0,1,0,1,0,1,0,1,0,1,0,1,0,1,0,1,0,1,0,1,0,1,0,1,1,1,0,1,0,1,0,,,,,,,1,0,1,0,1,0,1,0,1,0,1.0,0.0,,,,,1.0,0.0,,,,,,,,,,,,,,,,,,,,
0b0a2ce1-fc0d-4927-ba2e-4c6795197141,17629696,v1.12-1.13,0.0,1.9998877875461707,1,0,1,0,1,0,1,1,1,0,1,0,1,0,1,0,1,0,1,1,1,0,1,1,1,0,1,1,1,0,1,0,1,0,1,0,1,1,1,0,1,0,1,0,,,,,,,1,0,1,0,1,0,1,0,1,0,1.0,0.0,,,,,1.0,0.0,,,,,,,,,,,,,,,,,,,,
d0c6ad37-526f-428a-aa2c-0a984b873fe3,17694848,v1.14-1.15,0.0,2.0001203192946684,1,0,1,0,1,0,1,0,1,0,1,0,1,0,1,0,1,0,1,1,1,0,1,1,1,0,1,1,1,0,1,0,1,0,1,0,1,0,1,0,1,0,1,0,1.0,1.0,1.0,0.0,1.0,0.0,1,0,1,0,1,0,1,0,1,0,1.0,0.0,1.0,0.0,1.0,0.0,1.0,0.0,,,,,,,,,,,,,,,,,,,,
9fbc64be-28d7-40f8-9417-984627e8bca3,17760384,v1.14-1.15,0.0,1.9999844616591826,1,1,1,1,1,1,1,1,1,1,1,1,1,0,1,0,1,0,1,0,1,0,1,0,1,0,1,1,1,0,1,0,1,0,1,0,1,0,1,1,1,1,1,1,1.0,1.0,1.0,1.0,1.0,1.0,1,0,1,0,1,0,1,0,1,0,1.0,0.0,,,,,,,,,,,,,,,,,,,,,,,,,,
548ee76c-4ae0-4d92-92cc-b1f3a9e98909,17760384,v1.14-1.15,0.002386378872154582,1.994587764205875,1,1,1,1,1,1,1,1,1,1,1,1,1,0,1,0,1,0,1,0,1,0,1,0,1,0,1,1,1,0,1,0,1,0,1,0,1,1,1,1,1,1,1,1,1.0,1.0,1.0,1.0,1.0,1.0,1,0,1,0,1,0,1,0,1,0,1.0,0.0,,,,,,,,,,,,,,,,,,,,,,,,,,
a83fe616-4af2-4863-9121-ad4b0172e81c,17761023,v1.14-1.15,0.00342348138470079,1.992057921529409,1,1,1,1,1,1,1,1,1,1,1,1,1,0,1,0,1,0,1,0,1,0,1,0,1,0,1,1,1,0,1,0,1,0,1,0,1,1,1,1,1,1,1,1,1.0,1.0,1.0,1.0,1.0,1.0,1,0,1,0,1,0,1,0,1,1,1.0,1.0,1.0,0.0,1.0,0.0,,,,,,,,,,,,,,,,,,,,,,
21328123-95c8-4314-a28a-30c72f0bb445,17760384,v1.14-1.15,0.0,2.0000004597702206,1,1,1,1,1,1,1,1,1,1,1,1,1,0,1,0,1,0,1,0,1,0,1,0,1,0,1,1,1,0,1,0,1,0,1,0,1,1,1,1,1,1,1,1,1.0,1.0,1.0,1.0,1.0,1.0,1,0,1,0,1,0,1,0,1,0,1.0,0.0,,,,,,,,,,,,,,,,,,,,,,,,,,
73ea9459-e4ab-4dbb-9eb6-be8e045a1080,17826047,v1.16+,0.0,1.9999995652174858,1,0,1,0,1,0,1,0,1,0,1,0,1,0,1,0,1,0,1,0,1,0,1,0,1,1,1,1,1,0,1,0,1,0,1,0,1,1,1,1,1,1,1,1,1.0,1.0,1.0,1.0,1.0,1.0,1,0,1,0,1,0,1,0,1,1,1.0,1.0,,,,,,,,,,,,,,,,,,,,,,,,,,
afc9ac36-867a-4a87-8df8-a179098f373c,17564928,v1.12-1.13,0.01643853106954204,1.9698791177188981,1,1,1,0,1,1,1,1,1,0,1,1,1,0,1,0,1,0,1,0,1,0,1,0,1,0,1,1,1,0,1,0,1,0,1,0,1,1,1,1,1,0,1,0,,,,,,,1,0,1,0,1,0,1,0,1,1,,,,,,,1.0,0.0,,,,,,,,,,,,,,,,,,,,
df218bd1-c8f7-4973-8d8b-6b86c0114c46,17170944,v1.12-1.13,0.0,99.95190457868412,1,1,1,1,1,1,1,1,1,1,1,1,1,0,1,0,1,0,1,0,1,0,1,0,1,0,1,1,1,0,1,0,1,0,1,0,1,1,1,1,1,1,1,1,1.0,1.0,1.0,1.0,1.0,1.0,1,0,1,0,1,0,1,0,1,0,1.0,0.0,,,,,,,,,,,,,,,,,,,,,,,,,,
6b994212-9682-4374-8bb1-c282b4298ec4,17630207,v1.12-1.13,0.0,2.0000645776246357,1,0,1,0,1,0,1,1,1,0,1,0,1,0,1,0,1,0,1,0,1,0,1,0,1,0,1,1,1,0,1,0,1,0,1,0,1,1,1,1,1,0,1,0,,,,,,,1,0,1,0,1,0,1,0,1,0,1.0,0.0,,,,,1.0,0.0,,,,,,,,,,,,,,,,,,,,
d861f53a-2470-4447-a48d-1b2dd39308ab,17569279,v1.12-1.13,0.0,2.0028916601933835,1,1,1,0,1,1,1,1,1,0,1,0,1,0,1,0,1,0,1,0,1,0,1,0,1,0,1,1,1,1,1,0,1,0,1,0,1,1,1,0,1,0,1,0,,,,,,,1,1,1,1,1,0,1,0,1,1,,,,,,,1.0,0.0,,,,,,,,,,,,,,,,,,,,
bc0829a9-e787-4d8c-9059-84b3af04ac2b,17826047,v1.16+,0.0,1.9999900000499997,1,1,1,1,1,1,1,1,1,1,1,1,1,0,1,0,1,0,1,0,1,0,1,0,1,0,1,1,1,0,1,0,1,0,1,0,1,1,1,1,1,1,1,1,1.0,1.0,1.0,1.0,1.0,1.0,1,0,1,0,1,0,1,0,1,0,1.0,0.0,,,,,,,,,,,,,,,,,,,,,,,,,,
ead7bfd6-5a39-4c29-9b44-32405da0324d,18350592,v1.16+,0.008587361400049794,1.98857127129025,1,1,1,0,1,1,1,1,1,0,1,1,1,0,1,0,1,0,1,0,1,0,1,0,1,0,1,1,1,1,1,0,1,0,1,0,1,1,1,0,1,0,1,0,,,,,,,1,1,1,1,1,0,1,0,1,1,,,,,,,1.0,0.0,,,,,,,,,,,,,,,,,,,,
3b068037-00d5-493e-8672-525f1a139c58,17761535,v1.14-1.15,0.0,2.0000018315351547,1,1,1,1,1,1,1,1,1,1,1,1,1,0,1,0,1,0,1,0,1,0,1,0,1,0,1,1,1,0,1,0,1,0,1,0,1,0,1,0,1,0,1,0,1.0,1.0,1.0,1.0,1.0,1.0,1,0,1,0,1,0,1,0,1,0,1.0,0.0,1.0,0.0,1.0,0.0,,,,,,,,,,,,,,,,,,,,,,
3929ab80-9d29-4d6b-a3ed-0eafc0499931,17695743,v1.14-1.15,0.0,1.9999978285737858,1,0,1,0,1,0,1,0,1,0,1,0,1,0,1,0,1,0,1,0,1,0,1,0,1,0,1,1,1,0,1,0,1,0,1,0,1,1,1,0,1,0,1,0,1.0,1.0,1.0,0.0,1.0,0.0,1,0,1,0,1,0,1,0,1,0,1.0,0.0,1.0,0.0,1.0,0.0,1.0,0.0,,,,,,,,,,,,,,,,,,,,
1715207c-d314-4d37-a040-fb2ce7be7fc9,17825920,v1.16+,0.0,2.0000012861744607,1,1,1,1,1,1,1,1,1,1,1,1,1,0,1,0,1,0,1,0,1,0,1,0,1,0,1,1,1,0,1,0,1,0,1,0,1,1,1,1,1,1,1,1,1.0,1.0,1.0,1.0,1.0,1.0,1,0,1,0,1,0,1,0,1,0,1.0,0.0,,,,,,,,,,,,,,,,,,,,,,,,,,
0fc1c43d-2d75-4d6d-b4a4-dd9de740a78e,17695743,v1.14-1.15,0.0,1.9999791409582928,1,0,1,0,1,0,1,0,1,0,1,0,1,0,1,0,1,0,1,0,1,0,1,0,1,1,1,1,1,0,1,0,1,1,1,0,1,0,1,0,1,0,1,0,1.0,1.0,1.0,0.0,1.0,0.0,1,0,1,0,1,0,1,0,1,1,1.0,1.0,1.0,1.0,1.0,0.0,1.0,0.0,,,,,,,,,,,,,,,,,,,,
bad9bdbb-2d22-4bd2-9fe2-8289f98769d0,17695743,v1.14-1.15,0.0,2.0000426209082516,1,1,1,0,1,1,1,1,1,0,1,1,1,0,1,0,1,0,1,0,1,0,1,0,1,0,1,1,1,0,1,0,1,0,1,0,1,1,1,0,1,0,1,0,1.0,1.0,1.0,0.0,1.0,0.0,1,0,1,0,1,0,1,0,1,0,1.0,0.0,1.0,0.0,1.0,0.0,1.0,0.0,,,,,,,,,,,,,,,,,,,,
0fd76995-0f24-4322-8b1e-0a049b778e6e,17761535,v1.14-1.15,0.0,2.0000041465667024,1,1,1,1,1,1,1,1,1,1,1,1,1,0,1,0,1,0,1,0,1,0,1,0,1,0,1,1,1,0,1,0,1,0,1,0,1,0,1,0,1,0,1,0,1.0,1.0,1.0,1.0,1.0,1.0,1,1,1,1,1,0,1,0,1,0,1.0,0.0,1.0,0.0,1.0,0.0,,,,,,,,,,,,,,,,,,,,,,
2577a886-9705-4e0e-a8d9-bd16fe6d3000,17826559,v1.16+,0.0,2.000000333333389,1,0,1,0,1,0,1,0,1,0,1,0,1,0,1,0,1,0,1,1,1,1,1,1,1,0,1,0,1,0,1,0,1,0,1,0,1,1,1,0,1,0,1,0,1.0,1.0,1.0,1.0,1.0,1.0,1,0,1,0,1,0,1,0,1,0,1.0,0.0,,,,,,,,,,,,,,,,,,,,,,,,,,
6aecf1b7-7eb5-46f5-857e-34ebb33a4d0c,17629696,v1.12-1.13,0.0018368389395000987,1.9971545479819526,1,1,1,0,1,1,1,1,1,0,1,0,1,0,1,0,1,0,1,0,1,0,1,0,1,0,1,1,1,0,1,0,1,0,1,0,1,1,1,1,1,0,1,0,,,,,,,1,0,1,0,1,0,1,0,1,0,1.0,0.0,,,,,1.0,0.0,,,,,,,,,,,,,,,,,,,,
c6c71e48-2d69-49e6-8f12-f39735a056d8,17826559,v1.16+,0.0,1.9999974854803397,1,1,1,1,1,1,1,1,1,1,1,1,1,0,1,0,1,0,1,0,1,0,1,0,1,0,1,1,1,0,1,0,1,0,1,0,1,1,1,1,1,1,1,1,1.0,1.0,1.0,1.0,1.0,1.0,1,0,1,0,1,0,1,0,1,0,1.0,0.0,,,,,,,,,,,,,,,,,,,,,,,,,,
3e4194f1-4391-48be-b022-ed96c4dd67d7,17695488,v1.14-1.15,0.000522851121106088,2.0000168447166513,1,0,1,0,1,0,1,0,1,0,1,0,1,0,1,0,1,0,1,0,1,0,1,0,1,0,1,1,1,0,1,0,1,0,1,0,1,0,1,0,1,0,1,0,1.0,1.0,1.0,0.0,1.0,0.0,1,0,1,0,1,0,1,0,1,0,1.0,0.0,1.0,0.0,1.0,0.0,1.0,0.0,,,,,,,,,,,,,,,,,,,,
36525c12-2674-43e4-8d34-56efc2c34cde,17695488,v1.14-1.15,0.0,1.999980816792996,1,0,1,0,1,0,1,0,1,0,1,0,1,0,1,0,1,0,1,0,1,0,1,0,1,1,1,1,1,0,1,0,1,1,1,0,1,0,1,0,1,0,1,0,1.0,1.0,1.0,0.0,1.0,0.0,1,0,1,0,1,0,1,0,1,0,1.0,0.0,1.0,0.0,1.0,0.0,1.0,0.0,,,,,,,,,,,,,,,,,,,,
512e9a4a-65f9-48ba-a6fc-3ceddc9c3695,17761280,v1.14-1.15,0.0,1.9999720003919945,1,1,1,1,1,1,1,1,1,1,1,1,1,0,1,0,1,0,1,0,1,0,1,0,1,1,1,1,1,0,1,0,1,1,1,1,1,0,1,0,1,0,1,0,1.0,1.0,1.0,1.0,1.0,1.0,1,0,1,0,1,0,1,0,1,1,1.0,1.0,1.0,1.0,1.0,1.0,,,,,,,,,,,,,,,,,,,,,,
b124096a-a8ea-4e34-a38d-dc5c7e6f16a1,17825984,v1.16+,0.0,99.98334268480853,1,1,1,1,1,1,1,1,1,1,1,1,1,0,1,0,1,0,1,0,1,0,1,0,1,0,1,1,1,0,1,0,1,0,1,0,1,1,1,1,1,1,1,1,1.0,1.0,1.0,1.0,1.0,1.0,1,0,1,0,1,0,1,0,1,0,1.0,0.0,,,,,,,,,,,,,,,,,,,,,,,,,,
98f0bcc2-0857-467d-8aef-1ccdeeebac7f,17891583,v1.16+,0.0,2.000015073161458,1,0,1,0,1,0,1,0,1,0,1,0,1,0,1,0,1,0,1,1,1,1,1,1,1,0,1,1,1,0,1,0,1,0,1,0,1,0,1,0,1,0,1,0,1.0,1.0,1.0,1.0,1.0,1.0,1,0,1,0,1,0,1,0,1,0,1.0,0.0,,,,,,,,,,,,,,,,,,,,,,,,,,
404800ad-b3bc-48a3-9374-9e3e56c02eab,17630207,v1.12-1.13,0.006384088735924226,1.9884299349117895,1,1,1,0,1,1,1,1,1,0,1,0,1,0,1,0,1,0,1,0,1,0,1,0,1,1,1,1,1,0,1,0,1,0,1,0,1,1,1,1,1,0,1,0,,,,,,,1,0,1,0,1,0,1,0,1,1,1.0,1.0,,,,,1.0,0.0,,,,,,,,,,,,,,,,,,,,
ab44fd05-7e30-4b1b-861e-05654f4579d7,17694720,v1.14-1.15,0.0,2.0001840695708237,1,1,1,0,1,1,1,1,1,0,1,1,1,0,1,0,1,0,1,0,1,0,1,0,1,0,1,1,1,0,1,0,1,0,1,0,1,0,1,0,1,0,1,0,1.0,1.0,1.0,0.0,1.0,0.0,1,0,1,0,1,0,1,0,1,0,1.0,0.0,1.0,0.0,1.0,0.0,1.0,0.0,,,,,,,,,,,,,,,,,,,,
ae069f79-ba76-4c50-a889-efad36bc0033,17826240,v1.16+,0.00019854989542071548,2.0000092802880847,1,1,1,1,1,1,1,1,1,1,1,1,1,0,1,0,1,0,1,0,1,0,1,0,1,0,1,1,1,0,1,0,1,0,1,0,1,1,1,1,1,1,1,1,1.0,1.0,1.0,1.0,1.0,1.0,1,0,1,0,1,0,1,0,1,0,1.0,0.0,,,,,,,,,,,,,,,,,,,,,,,,,,
6ab252cd-3df7-4b39-a077-1bf4e3ed9016,17761535,v1.14-1.15,0.0,2.000145412031415,1,1,1,1,1,1,1,1,1,1,1,1,1,0,1,0,1,0,1,0,1,0,1,0,1,0,1,1,1,0,1,0,1,0,1,0,1,1,1,1,1,1,1,1,1.0,1.0,1.0,1.0,1.0,1.0,1,0,1,0,1,0,1,0,1,0,1.0,0.0,1.0,0.0,1.0,0.0,,,,,,,,,,,,,,,,,,,,,,
75edc0c6-84f3-4dbd-9c03-35467190d436,17761535,v1.14-1.15,0.0,1.9999918881447891,1,0,1,0,1,0,1,0,1,0,1,0,1,0,1,0,1,0,1,0,1,0,1,0,1,0,1,1,1,0,1,0,1,0,1,0,1,1,1,1,1,1,1,1,1.0,1.0,1.0,1.0,1.0,1.0,1,0,1,0,1,0,1,0,1,0,1.0,0.0,1.0,0.0,1.0,0.0,,,,,,,,,,,,,,,,,,,,,,
7ee02c0f-586b-4f7b-a267-85067ac45281,17761535,v1.14-1.15,0.0,2.000179685107436,1,0,1,0,1,0,1,0,1,0,1,0,1,0,1,0,1,0,1,0,1,0,1,1,1,1,1,1,1,0,1,0,1,1,1,1,1,0,1,0,1,0,1,0,1.0,1.0,1.0,1.0,1.0,1.0,1,0,1,0,1,0,1,0,1,1,1.0,1.0,1.0,1.0,1.0,1.0,,,,,,,,,,,,,,,,,,,,,,
6b32cc2b-2b2e-473c-a9f9-973a1a66edf7,17761024,v1.14-1.15,0.0,2.0001227207080188,1,1,1,1,1,1,1,1,1,1,1,1,1,0,1,0,1,0,1,0,1,0,1,0,1,0,1,1,1,0,1,0,1,0,1,0,1,1,1,1,1,1,1,1,1.0,1.0,1.0,1.0,1.0,1.0,1,0,1,0,1,0,1,0,1,0,1.0,0.0,1.0,0.0,1.0,0.0,,,,,,,,,,,,,,,,,,,,,,
a232817b-d488-477a-b63d-8d7ff3db7f2e,17760256,v1.14-1.15,0.0,2.000004131361153,1,1,1,1,1,1,1,1,1,1,1,1,1,0,1,0,1,0,1,0,1,0,1,0,1,0,1,1,1,0,1,0,1,0,1,0,1,0,1,0,1,0,1,0,1.0,1.0,1.0,1.0,1.0,1.0,1,0,1,0,1,0,1,0,1,0,1.0,0.0,1.0,0.0,1.0,0.0,,,,,,,,,,,,,,,,,,,,,,
c61d4f82-1ada-4d41-9d05-c47281a39740,17760768,v1.14-1.15,0.0,2.00001007600013,1,0,1,0,1,0,1,0,1,0,1,0,1,0,1,0,1,0,1,0,1,0,1,0,1,0,1,1,1,0,1,0,1,0,1,0,1,1,1,1,1,1,1,1,1.0,1.0,1.0,1.0,1.0,1.0,1,0,1,0,1,0,1,0,1,0,1.0,0.0,1.0,0.0,1.0,0.0,,,,,,,,,,,,,,,,,,,,,,
e07e2e76-6dfe-4d69-8558-cfeb6e3b9d63,17629951,v1.12-1.13,0.0,2.000108080706714,1,1,1,0,1,1,1,1,1,0,1,1,1,0,1,0,1,0,1,0,1,0,1,0,1,0,1,0,1,0,1,0,1,0,1,0,1,1,1,1,1,0,1,0,,,,,,,1,0,1,0,1,0,1,0,1,0,1.0,0.0,,,,,1.0,0.0,,,,,,,,,,,,,,,,,,,,
be161612-4992-4804-91d0-2e511d1d5f38,17760511,v1.14-1.15,0.0006989927194064236,1.9998179411025319,1,1,1,1,1,1,1,1,1,1,1,1,1,0,1,0,1,0,1,0,1,0,1,0,1,0,1,1,1,0,1,0,1,0,1,0,1,1,1,1,1,1,1,1,1.0,1.0,1.0,1.0,1.0,1.0,1,0,1,0,1,0,1,0,1,0,1.0,0.0,1.0,0.0,1.0,0.0,,,,,,,,,,,,,,,,,,,,,,
b914ecf0-5d4e-4a86-afd3-59d883dacdfd,17891392,v1.16+,0.0,2.000004702450081,1,1,1,1,1,1,1,1,1,1,1,1,1,0,1,0,1,0,1,0,1,0,1,0,1,1,1,1,1,0,1,0,1,0,1,0,1,1,1,1,1,1,1,1,1.0,1.0,1.0,1.0,1.0,1.0,1,0,1,0,1,0,1,0,1,1,1.0,1.0,,,,,,,,,,,,,,,,,,,,,,,,,,
912ae960-81bc-4485-b7bc-7d26d649ce42,18350592,v1.16+,0.0,2.002407901554848,1,1,1,0,1,1,1,1,1,0,1,1,1,0,1,0,1,0,1,0,1,0,1,0,1,0,1,1,1,0,1,0,1,0,1,0,1,1,1,0,1,0,1,0,,,,,,,1,1,1,1,1,0,1,0,1,1,,,,,,,1.0,0.0,,,,,,,,,,,,,,,,,,,,
d3b94397-70ed-4ea1-bab2-7c40f8eadea4,17761535,v1.14-1.15,0.0001613418062305559,2.0001980708961486,1,0,1,0,1,0,1,0,1,0,1,0,1,0,1,0,1,0,1,0,1,0,1,0,1,0,1,1,1,0,1,0,1,0,1,0,1,1,1,1,1,1,1,1,1.0,1.0,1.0,1.0,1.0,1.0,1,0,1,0,1,0,1,0,1,0,1.0,0.0,1.0,0.0,1.0,0.0,,,,,,,,,,,,,,,,,,,,,,
66a644ac-7594-4e90-8f7a-04022cab0842,17760767,v1.14-1.15,0.0,1.9999789361824356,1,1,1,1,1,1,1,1,1,1,1,1,1,0,1,0,1,0,1,0,1,0,1,0,1,0,1,1,1,0,1,0,1,0,1,0,1,0,1,0,1,0,1,0,1.0,1.0,1.0,1.0,1.0,1.0,1,0,1,0,1,0,1,0,1,0,1.0,0.0,1.0,0.0,1.0,0.0,,,,,,,,,,,,,,,,,,,,,,
101930fd-f65b-4517-b775-8e8b759d7b18,17694975,v1.14-1.15,0.0,2.000045138633404,1,0,1,0,1,0,1,0,1,0,1,0,1,0,1,0,1,0,1,0,1,0,1,0,1,0,1,1,1,0,1,0,1,1,1,0,1,0,1,0,1,0,1,0,1.0,1.0,1.0,0.0,1.0,0.0,1,0,1,0,1,0,1,0,1,1,1.0,1.0,1.0,1.0,1.0,0.0,1.0,0.0,,,,,,,,,,,,,,,,,,,,
96984449-7596-49e4-b1f3-8f21f04a79e2,17825984,v1.16+,0.0006464372612504506,2.000049827328307,1,1,1,1,1,1,1,1,1,1,1,1,1,0,1,0,1,0,1,0,1,0,1,0,1,0,1,1,1,0,1,0,1,0,1,0,1,0,1,1,1,1,1,1,1.0,1.0,1.0,1.0,1.0,1.0,1,0,1,0,1,0,1,0,1,0,1.0,0.0,,,,,,,,,,,,,,,,,,,,,,,,,,
c91f338a-2084-4118-a261-ee7533c821c7,17694976,v1.14-1.15,0.0,2.0000105441168916,1,1,1,0,1,1,1,1,1,0,1,1,1,0,1,0,1,0,1,1,1,0,1,1,1,1,1,1,1,0,1,0,1,1,1,0,1,1,1,0,1,0,1,0,1.0,1.0,1.0,0.0,1.0,0.0,1,0,1,0,1,0,1,0,1,1,1.0,1.0,1.0,1.0,1.0,0.0,1.0,0.0,,,,,,,,,,,,,,,,,,,,
816dd86b-4352-4abf-9e9b-cf77c8b3b27a,17760384,v1.14-1.15,0.0059417982902503184,1.98763520006087,1,1,1,1,1,1,1,1,1,1,1,1,1,0,1,0,1,0,1,0,1,0,1,0,1,0,1,1,1,0,1,0,1,0,1,0,1,1,1,1,1,1,1,1,1.0,1.0,1.0,1.0,1.0,1.0,1,0,1,0,1,0,1,0,1,0,1.0,0.0,,,,,,,,,,,,,,,,,,,,,,,,,,
f5bca8ae-545b-43ea-82a4-44b0ddf8ecb3,17694720,v1.14-1.15,0.0003699148271110577,2.0000014166676703,1,0,1,0,1,0,1,0,1,0,1,0,1,0,1,0,1,0,1,0,1,0,1,0,1,1,1,1,1,0,1,0,1,1,1,0,1,1,1,0,1,0,1,0,1.0,1.0,1.0,0.0,1.0,0.0,1,0,1,0,1,0,1,0,1,1,1.0,1.0,1.0,0.0,1.0,0.0,1.0,0.0,,,,,,,,,,,,,,,,,,,,
286a58db-858a-465d-8b2f-e914518b42f0,17761792,v1.14-1.15,0.0,1.9999985400010658,1,1,1,1,1,1,1,1,1,1,1,1,1,0,1,0,1,0,1,0,1,0,1,0,1,0,1,1,1,0,1,0,1,0,1,0,1,1,1,1,1,1,1,1,1.0,1.0,1.0,1.0,1.0,1.0,1,0,1,0,1,0,1,0,1,0,1.0,0.0,1.0,0.0,1.0,0.0,,,,,,,,,,,,,,,,,,,,,,
d6b15cb0-c27a-4dc9-a2e2-badcf50fa3dd,17825984,v1.16+,0.0010265735906611134,100.00617703378838,1,1,1,1,1,1,1,1,1,1,1,1,1,0,1,0,1,0,1,0,1,0,1,0,1,0,1,1,1,0,1,0,1,0,1,0,1,1,1,1,1,1,1,1,1.0,1.0,1.0,1.0,1.0,1.0,1,0,1,0,1,0,1,0,1,0,1.0,0.0,,,,,,,,,,,,,,,,,,,,,,,,,,
53a2a1dd-4382-4585-aedd-a49b84ed19cc,17760512,v1.14-1.15,0.0,2.0000271503685663,1,0,1,0,1,0,1,0,1,0,1,0,1,0,1,0,1,0,1,0,1,0,1,0,1,0,1,1,1,0,1,0,1,0,1,0,1,1,1,1,1,1,1,1,1.0,1.0,1.0,1.0,1.0,1.0,1,0,1,0,1,0,1,0,1,0,1.0,0.0,1.0,0.0,1.0,0.0,,,,,,,,,,,,,,,,,,,,,,
32cb492b-2e31-43fa-afa2-7a62eba45686,17629952,v1.12-1.13,0.0,1.9999370957285358,1,1,1,0,1,1,1,1,1,0,1,1,1,0,1,0,1,0,1,0,1,0,1,0,1,0,1,0,1,0,1,0,1,0,1,0,1,1,1,0,1,0,1,0,,,,,,,1,0,1,0,1,0,1,0,1,0,1.0,0.0,,,,,1.0,0.0,,,,,,,,,,,,,,,,,,,,
24e8e8c4-bf71-4d8a-9643-c4f49848684c,17761535,v1.14-1.15,0.0,2.0000008246631533,1,0,1,0,1,0,1,0,1,0,1,0,1,0,1,0,1,0,1,0,1,0,1,0,1,1,1,1,1,0,1,0,1,1,1,1,1,0,1,0,1,0,1,0,1.0,1.0,1.0,1.0,1.0,1.0,1,0,1,0,1,0,1,0,1,1,1.0,1.0,1.0,1.0,1.0,1.0,,,,,,,,,,,,,,,,,,,,,,
d90101a6-92fd-4c00-80a4-af52b0746584,17695488,v1.14-1.15,0.0,2.000088883070804,1,1,1,0,1,1,1,1,1,0,1,1,1,0,1,0,1,0,1,0,1,0,1,0,1,0,1,1,1,0,1,0,1,1,1,0,1,0,1,0,1,0,1,0,1.0,1.0,1.0,0.0,1.0,0.0,1,0,1,0,1,0,1,0,1,1,1.0,1.0,1.0,1.0,1.0,0.0,1.0,0.0,,,,,,,,,,,,,,,,,,,,
b601b025-9efa-4b08-9160-497c2c0815f7,17761535,v1.14-1.15,0.0,2.0000020733673805,1,0,1,0,1,0,1,0,1,0,1,0,1,0,1,0,1,0,1,0,1,0,1,0,1,0,1,1,1,0,1,0,1,0,1,0,1,1,1,1,1,1,1,1,1.0,1.0,1.0,1.0,1.0,1.0,1,0,1,0,1,0,1,0,1,0,1.0,0.0,1.0,0.0,1.0,0.0,,,,,,,,,,,,,,,,,,,,,,
86d13e66-7d3a-42f3-8eee-215dd763c504,17694720,v1.14-1.15,0.0,125.22315301657643,1,0,1,0,1,0,1,0,1,0,1,0,1,0,1,0,1,0,1,0,1,0,1,0,1,0,1,1,1,0,1,0,1,0,1,0,1,0,1,0,1,0,1,0,1.0,1.0,1.0,0.0,1.0,0.0,1,0,1,0,1,0,1,0,1,1,1.0,1.0,1.0,0.0,1.0,0.0,1.0,0.0,,,,,,,,,,,,,,,,,,,,
6bd594da-5147-49f8-8a25-9fc89a53e0b6,17956928,v1.16+,0.0,2.0001963801829508,1,1,1,1,1,1,1,1,1,1,1,1,1,0,1,0,1,0,1,0,1,0,1,0,1,1,1,1,1,0,1,0,1,0,1,0,1,1,1,1,1,1,1,1,1.0,1.0,1.0,1.0,1.0,1.0,1,0,1,0,1,0,1,0,1,1,1.0,1.0,,,,,,,,,,,,,,,,,,,,,,,,,,
6b5bc131-9eab-449a-a553-91e7ffd52534,17825920,v1.16+,0.019714994751628037,1.9631633874028658,1,1,1,1,1,1,1,1,1,1,1,1,1,0,1,0,1,0,1,0,1,0,1,0,1,0,1,1,1,0,1,0,1,0,1,0,1,1,1,1,1,1,1,1,1.0,1.0,1.0,1.0,1.0,1.0,1,0,1,0,1,0,1,0,1,0,1.0,0.0,,,,,,,,,,,,,,,,,,,,,,,,,,
bb1dc521-21ef-4290-a6b3-690d59fa4291,17695488,v1.14-1.15,0.0,2.000249353919459,1,1,1,0,1,1,1,1,1,0,1,1,1,0,1,0,1,0,1,0,1,0,1,0,1,0,1,1,1,0,1,0,1,0,1,0,1,1,1,0,1,0,1,0,1.0,1.0,1.0,0.0,1.0,0.0,1,0,1,0,1,0,1,0,1,0,1.0,0.0,1.0,0.0,1.0,0.0,1.0,0.0,,,,,,,,,,,,,,,,,,,,
3062a6b5-2d0a-4b81-86a1-56b7eda060d3,17761280,v1.14-1.15,0.00010625401730847822,1.9701014409946898,1,1,1,1,1,1,1,1,1,1,1,1,1,0,1,0,1,0,1,0,1,0,1,0,1,1,1,1,1,0,1,0,1,0,1,0,1,1,1,0,1,0,1,0,1.0,1.0,1.0,1.0,1.0,1.0,1,0,1,0,1,0,1,0,1,1,1.0,1.0,1.0,0.0,1.0,0.0,,,,,,,,,,,,,,,,,,,,,,
29d878c9-cc7f-4e9a-a716-5ee7f230c54d,17629951,v1.12-1.13,0.0,2.0000679064449978,1,1,1,0,1,1,1,1,1,0,1,0,1,0,1,0,1,0,1,0,1,0,1,0,1,0,1,1,1,0,1,0,1,0,1,0,1,1,1,1,1,0,1,0,,,,,,,1,0,1,0,1,0,1,0,1,0,1.0,0.0,,,,,1.0,0.0,,,,,,,,,,,,,,,,,,,,
fffe3519-8c6c-4919-ba7b-9c517f333cae,17695743,v1.14-1.15,0.015170914679339469,1.9523788140612988,1,0,1,0,1,0,1,0,1,0,1,0,1,0,1,0,1,0,1,0,1,0,1,0,1,0,1,1,1,0,1,0,1,0,1,0,1,0,1,0,1,0,1,0,1.0,1.0,1.0,0.0,1.0,0.0,1,0,1,0,1,0,1,0,1,0,1.0,0.0,1.0,0.0,1.0,0.0,1.0,0.0,,,,,,,,,,,,,,,,,,,,
c165815d-071a-47ab-91fb-3a2bc28e46c7,17695488,v1.14-1.15,0.0,2.0002135711909883,1,0,1,0,1,0,1,0,1,0,1,0,1,0,1,0,1,0,1,0,1,0,1,0,1,1,1,1,1,0,1,0,1,1,1,0,1,0,1,0,1,0,1,0,1.0,1.0,1.0,0.0,1.0,0.0,1,0,1,0,1,0,1,0,1,0,1.0,0.0,1.0,1.0,1.0,0.0,1.0,0.0,,,,,,,,,,,,,,,,,,,,
8d2a2684-ba04-42fa-ab72-cd760d23ad6d,17695743,v1.14-1.15,0.0,2.0002012061695735,1,1,1,0,1,1,1,1,1,0,1,1,1,0,1,0,1,0,1,0,1,0,1,0,1,0,1,1,1,0,1,0,1,0,1,0,1,1,1,0,1,0,1,0,1.0,1.0,1.0,0.0,1.0,0.0,1,0,1,0,1,0,1,0,1,0,1.0,0.0,1.0,0.0,1.0,0.0,1.0,0.0,,,,,,,,,,,,,,,,,,,,
6199981e-230d-462c-bc0d-fac4cbc842ef,17695487,v1.14-1.15,0.012840746382839583,1.9804338458930961,1,1,1,0,1,1,1,1,1,0,1,1,1,0,1,0,1,0,1,0,1,0,1,0,1,0,1,1,1,0,1,0,1,0,1,0,1,1,1,0,1,0,1,0,1.0,1.0,1.0,0.0,1.0,0.0,1,0,1,0,1,0,1,0,1,0,1.0,0.0,1.0,0.0,1.0,0.0,1.0,0.0,,,,,,,,,,,,,,,,,,,,
2985307b-94cc-4f71-9db7-09e3cd26017e,17695743,v1.14-1.15,0.0,2.000059397534374,1,1,1,0,1,1,1,1,1,0,1,1,1,0,1,0,1,0,1,0,1,0,1,0,1,0,1,1,1,0,1,0,1,0,1,0,1,0,1,0,1,0,1,0,1.0,1.0,1.0,0.0,1.0,0.0,1,0,1,0,1,0,1,0,1,0,1.0,0.0,1.0,0.0,1.0,0.0,1.0,0.0,,,,,,,,,,,,,,,,,,,,
6449a3d0-f0eb-4338-96d1-e4bc97a83845,17891392,v1.16+,0.0,2.0001054749499443,1,1,1,1,1,1,1,1,1,1,1,1,1,0,1,0,1,0,1,0,1,0,1,0,1,0,1,1,1,0,1,0,1,0,1,0,1,1,1,1,1,1,1,1,1.0,1.0,1.0,1.0,1.0,1.0,1,0,1,0,1,0,1,0,1,0,1.0,0.0,,,,,,,,,,,,,,,,,,,,,,,,,,
0e87e2cc-45f0-411d-94cd-d747b4b5caa1,17630207,v1.12-1.13,0.0,2.0000299843204905,1,1,1,0,1,1,1,1,1,0,1,0,1,0,1,0,1,0,1,0,1,0,1,0,1,0,1,1,1,0,1,0,1,0,1,0,1,1,1,1,1,0,1,0,,,,,,,1,0,1,0,1,0,1,0,1,0,1.0,0.0,,,,,1.0,0.0,,,,,,,,,,,,,,,,,,,,
0f3c97c1-43b2-41b3-87d7-08dce68c5a8a,17760384,v1.14-1.15,0.0,2.000008118844839,1,1,1,1,1,1,1,1,1,1,1,1,1,0,1,0,1,0,1,0,1,0,1,0,1,0,1,1,1,0,1,0,1,0,1,0,1,1,1,1,1,1,1,1,1.0,1.0,1.0,1.0,1.0,1.0,1,0,1,0,1,0,1,0,1,0,1.0,0.0,,,,,,,,,,,,,,,,,,,,,,,,,,
b2aa49b5-50a7-4d3a-bae7-cb2424ed594c,17761023,v1.14-1.15,0.0,2.0000761494961212,1,1,1,1,1,1,1,1,1,1,1,1,1,0,1,0,1,0,1,0,1,0,1,0,1,0,1,1,1,0,1,0,1,0,1,0,1,1,1,1,1,1,1,1,1.0,1.0,1.0,1.0,1.0,1.0,1,0,1,0,1,0,1,0,1,0,1.0,0.0,1.0,0.0,1.0,0.0,,,,,,,,,,,,,,,,,,,,,,
7635ac20-08e1-496d-89f9-28678cdfe7e5,17694720,v1.14-1.15,0.0,2.0000238160139348,1,1,1,0,1,1,1,1,1,0,1,1,1,0,1,0,1,0,1,0,1,0,1,0,1,0,1,1,1,0,1,0,1,0,1,0,1,1,1,0,1,0,1,0,1.0,1.0,1.0,0.0,1.0,0.0,1,0,1,0,1,0,1,0,1,0,1.0,0.0,1.0,0.0,1.0,0.0,1.0,0.0,,,,,,,,,,,,,,,,,,,,
1ed3c184-8e83-4c69-9c50-7ed003f053af,17760256,v1.14-1.15,0.0,1.9999866517744813,1,1,1,1,1,1,1,1,1,1,1,1,1,0,1,0,1,0,1,0,1,0,1,0,1,1,1,1,1,0,1,0,1,1,1,1,1,1,1,1,1,1,1,1,1.0,1.0,1.0,1.0,1.0,1.0,1,0,1,0,1,0,1,0,1,1,1.0,1.0,,,,,,,,,,,,,,,,,,,,,,,,,,
4de16679-c0e0-4f3d-9fa7-a1773d413e7f,17630207,v1.12-1.13,0.0,2.000175888770237,1,1,1,0,1,1,1,1,1,0,1,0,1,0,1,0,1,0,1,0,1,0,1,0,1,1,1,1,1,0,1,0,1,0,1,0,1,1,1,1,1,0,1,0,,,,,,,1,0,1,0,1,0,1,0,1,1,1.0,1.0,,,,,1.0,0.0,,,,,,,,,,,,,,,,,,,,
74dda30f-97a6-4f20-a77d-3de63c195ddf,17760511,v1.14-1.15,1.0219145931148816e-05,2.0000247378219815,1,1,1,1,1,1,1,1,1,1,1,1,1,0,1,0,1,0,1,0,1,0,1,0,1,0,1,1,1,0,1,0,1,0,1,0,1,0,1,0,1,0,1,0,1.0,1.0,1.0,1.0,1.0,1.0,1,0,1,0,1,0,1,0,1,0,1.0,0.0,1.0,0.0,1.0,0.0,,,,,,,,,,,,,,,,,,,,,,
1402b6c2-6d77-4fee-85b6-37f2640269de,17761280,v1.14-1.15,0.0,2.0000010458721063,1,1,1,1,1,1,1,1,1,1,1,1,1,0,1,0,1,0,1,0,1,0,1,0,1,1,1,1,1,0,1,0,1,0,1,0,1,1,1,1,1,1,1,1,1.0,1.0,1.0,1.0,1.0,1.0,1,0,1,0,1,0,1,0,1,1,1.0,1.0,1.0,0.0,1.0,0.0,,,,,,,,,,,,,,,,,,,,,,
4b3f474f-f394-4a2f-8876-790bacfd7814,17695487,v1.14-1.15,0.0,1.999985923176002,1,1,1,0,1,1,1,1,1,0,1,1,1,0,1,0,1,0,1,0,1,0,1,0,1,0,1,1,1,0,1,0,1,0,1,0,1,0,1,0,1,0,1,0,1.0,1.0,1.0,0.0,1.0,0.0,1,0,1,0,1,0,1,0,1,0,1.0,0.0,1.0,0.0,1.0,0.0,1.0,0.0,,,,,,,,,,,,,,,,,,,,
db30b83d-2cd2-4301-816f-ef20085ada32,17761535,v1.14-1.15,0.0,1.9999732635153193,1,0,1,0,1,0,1,0,1,0,1,0,1,0,1,0,1,0,1,0,1,0,1,0,1,1,1,1,1,0,1,0,1,1,1,1,1,1,1,1,1,1,1,1,1.0,1.0,1.0,1.0,1.0,1.0,1,0,1,0,1,0,1,0,1,1,1.0,1.0,1.0,1.0,1.0,1.0,,,,,,,,,,,,,,,,,,,,,,
5cab2f91-569c-4447-9e49-c3dfa76e8a08,17826303,v1.16+,0.0,1.999986207172448,1,1,1,1,1,1,1,1,1,1,1,1,1,0,1,0,1,0,1,0,1,0,1,0,1,0,1,1,1,0,1,0,1,0,1,0,1,1,1,1,1,1,1,1,1.0,1.0,1.0,1.0,1.0,1.0,1,0,1,0,1,0,1,0,1,0,1.0,0.0,,,,,,,,,,,,,,,,,,,,,,,,,,
0b65aba5-419c-40cc-bd29-6d4d5734a937,17761280,v1.14-1.15,0.0,2.001122032250236,1,1,1,1,1,1,1,1,1,1,1,1,1,0,1,0,1,0,1,0,1,0,1,0,1,1,1,1,1,0,1,0,1,0,1,0,1,1,1,1,1,1,1,1,1.0,1.0,1.0,1.0,1.0,1.0,1,0,1,0,1,0,1,0,1,1,1.0,1.0,1.0,0.0,1.0,0.0,,,,,,,,,,,,,,,,,,,,,,
8e5fbf49-e515-487d-b095-fcc21e7031f1,17956992,v1.16+,2.7966284353919852e-05,2.0000199589316754,1,0,1,0,1,0,1,0,1,0,1,0,1,0,1,0,1,0,1,0,1,0,1,0,1,1,1,1,1,0,1,0,1,1,1,1,1,0,1,0,1,0,1,0,1.0,1.0,1.0,1.0,1.0,1.0,1,0,1,0,1,0,1,0,1,1,1.0,1.0,,,,,,,,,,,,,,,,,,,,,,,,,,
3dc3ab1e-f5c1-4f76-bd82-f59a82537416,17761280,v1.14-1.15,0.0,1.9999852754707257,1,1,1,1,1,1,1,1,1,1,1,1,1,0,1,0,1,0,1,0,1,0,1,0,1,1,1,1,1,0,1,0,1,0,1,0,1,1,1,1,1,1,1,1,1.0,1.0,1.0,1.0,1.0,1.0,1,0,1,0,1,0,1,0,1,1,1.0,1.0,1.0,0.0,1.0,0.0,,,,,,,,,,,,,,,,,,,,,,
c7d3a8c6-14f2-44ea-baf4-c03bc1a7c924,17956928,v1.16+,0.0,2.0000695230778023,1,1,1,1,1,1,1,1,1,1,1,1,1,0,1,0,1,0,1,0,1,0,1,0,1,0,1,1,1,0,1,0,1,0,1,0,1,0,1,1,1,1,1,1,1.0,1.0,1.0,1.0,1.0,1.0,1,0,1,0,1,0,1,0,1,0,1.0,0.0,,,,,,,,,,,,,,,,,,,,,,,,,,
e71c4675-809e-44b7-971f-86d1c280c551,17694975,v1.14-1.15,0.0,2.0000654133543367,1,1,1,0,1,1,1,1,1,0,1,1,1,0,1,0,1,0,1,0,1,0,1,0,1,0,1,1,1,0,1,0,1,0,1,0,1,0,1,0,1,0,1,0,1.0,1.0,1.0,0.0,1.0,0.0,1,0,1,0,1,0,1,0,1,0,1.0,0.0,1.0,0.0,1.0,0.0,1.0,0.0,,,,,,,,,,,,,,,,,,,,
0f4d4dcc-72da-4fd2-8845-87b40cb41361,17891392,v1.16+,0.0,2.0001738943129324,1,1,1,1,1,1,1,1,1,1,1,1,1,0,1,0,1,0,1,0,1,0,1,0,1,0,1,1,1,0,1,0,1,0,1,0,1,1,1,1,1,1,1,1,1.0,1.0,1.0,1.0,1.0,1.0,1,0,1,0,1,0,1,0,1,0,1.0,0.0,,,,,,,,,,,,,,,,,,,,,,,,,,
c18027a9-32c1-42b6-99b9-39008ab6f32a,17629952,v1.12-1.13,0.0,2.0001023988167876,1,1,1,0,1,1,1,1,1,0,1,0,1,0,1,0,1,0,1,0,1,0,1,0,1,0,1,1,1,0,1,0,1,0,1,0,1,1,1,0,1,0,1,0,,,,,,,1,0,1,0,1,0,1,0,1,0,1.0,0.0,,,,,1.0,0.0,,,,,,,,,,,,,,,,,,,,
32558497-94a9-4574-bda7-6e5cec96ef53,17629952,v1.12-1.13,0.0,2.000042195334649,1,1,1,0,1,1,1,1,1,0,1,0,1,0,1,0,1,0,1,0,1,0,1,0,1,0,1,1,1,0,1,0,1,0,1,0,1,1,1,0,1,0,1,0,,,,,,,1,0,1,0,1,0,1,0,1,0,1.0,0.0,,,,,1.0,0.0,,,,,,,,,,,,,,,,,,,,
63469b2e-2bf4-4a45-9987-427f795d63d3,17630207,v1.12-1.13,0.0,2.0001497679711395,1,0,1,0,1,0,1,0,1,0,1,0,1,0,1,0,1,0,1,1,1,0,1,1,1,0,1,0,1,0,1,0,1,0,1,0,1,1,1,0,1,0,1,0,,,,,,,1,0,1,0,1,0,1,0,1,1,1.0,1.0,,,,,1.0,0.0,,,,,,,,,,,,,,,,,,,,
03046300-d5ae-40ce-8bf5-eea8a9efab51,17825984,v1.16+,0.0,2.000042576663943,1,1,1,1,1,1,1,1,1,1,1,1,1,0,1,0,1,0,1,0,1,0,1,0,1,1,1,1,1,0,1,0,1,1,1,1,1,1,1,1,1,1,1,1,1.0,1.0,1.0,1.0,1.0,1.0,1,0,1,0,1,0,1,0,1,1,1.0,1.0,,,,,,,,,,,,,,,,,,,,,,,,,,
88618502-24c4-486a-999a-95bb0b32d60b,17826047,v1.16+,0.0,2.000070570057546,1,1,1,1,1,1,1,1,1,1,1,1,1,0,1,0,1,0,1,0,1,0,1,0,1,1,1,1,1,0,1,0,1,1,1,1,1,1,1,1,1,1,1,1,1.0,1.0,1.0,1.0,1.0,1.0,1,0,1,0,1,0,1,0,1,1,1.0,1.0,,,,,,,,,,,,,,,,,,,,,,,,,,
5ff4a142-ebb4-427a-972f-9c7dca047425,17563648,v1.12-1.13,1.7377472551268416e-05,2.0000237101456855,1,1,1,0,1,1,1,1,1,0,1,0,1,0,1,0,1,0,1,0,1,0,1,0,1,1,1,1,1,0,1,0,1,0,1,0,1,1,1,1,1,0,1,0,,,,,,,1,0,1,0,1,0,1,0,1,0,,,,,,,1.0,0.0,,,,,,,,,,,,,,,,,,,,
0bc07961-ad90-4ef1-a839-946f23c0c3f7,17761280,v1.14-1.15,0.0,2.00001381019637,1,1,1,1,1,1,1,1,1,1,1,1,1,0,1,0,1,0,1,0,1,0,1,0,1,1,1,1,1,0,1,0,1,1,1,1,1,1,1,1,1,1,1,1,1.0,1.0,1.0,1.0,1.0,1.0,1,0,1,0,1,0,1,0,1,1,1.0,1.0,1.0,0.0,1.0,0.0,,,,,,,,,,,,,,,,,,,,,,
b64adaad-141f-4aae-b315-a14084377143,17826240,v1.16+,0.0010767717911235673,2.0034440538915765,1,0,1,0,1,0,1,0,1,0,1,0,1,0,1,0,1,0,1,0,1,0,1,0,1,0,1,1,1,0,1,0,1,0,1,0,1,0,1,0,1,0,1,0,1.0,1.0,1.0,1.0,1.0,1.0,1,0,1,0,1,0,1,0,1,0,1.0,0.0,,,,,,,,,,,,,,,,,,,,,,,,,,
779d39ef-cf96-4bf1-bb4c-9b78ffe7d082,17826559,v1.16+,0.0,2.0000527600124625,1,1,1,1,1,1,1,1,1,1,1,1,1,0,1,0,1,0,1,0,1,0,1,0,1,1,1,1,1,0,1,0,1,1,1,1,1,1,1,1,1,1,1,1,1.0,1.0,1.0,1.0,1.0,1.0,1,0,1,0,1,0,1,0,1,1,1.0,1.0,,,,,,,,,,,,,,,,,,,,,,,,,,
bcb60cc1-80cb-446f-8d38-95a7d433f102,17761023,v1.14-1.15,0.0,2.00006479157259,1,1,1,1,1,1,1,1,1,1,1,1,1,0,1,0,1,0,1,0,1,0,1,0,1,0,1,1,1,0,1,0,1,0,1,0,1,1,1,1,1,1,1,1,1.0,1.0,1.0,1.0,1.0,1.0,1,0,1,0,1,0,1,0,1,0,1.0,0.0,1.0,0.0,1.0,0.0,,,,,,,,,,,,,,,,,,,,,,
d43a0ac1-c974-4063-8cac-bab30bfdfa87,17498879,v1.12-1.13,0.012944997959685602,4.957500234083128,1,1,1,1,1,1,1,1,1,1,1,0,1,0,1,1,1,0,1,0,1,1,1,0,1,0,1,1,1,0,1,0,1,0,1,1,1,1,1,1,1,0,1,0,,,,,,,1,0,1,0,1,0,1,0,1,0,,,,,,,1.0,0.0,1.0,0.0,1.0,0.0,1.0,0.0,1.0,0.0,1.0,0.0,1.0,0.0,,,,,,,,
e67bb697-d067-4460-a854-5facf895722c,17629440,v1.12-1.13,0.0,1.999955964069234,1,1,1,0,1,1,1,1,1,0,1,1,1,0,1,0,1,0,1,0,1,0,1,0,1,1,1,0,1,0,1,0,1,0,1,0,1,1,1,0,1,0,1,0,,,,,,,1,0,1,0,1,0,1,0,1,1,1.0,1.0,,,,,1.0,0.0,,,,,,,,,,,,,,,,,,,,
20b29b94-7ec1-4112-8826-d4892826b1af,17564416,v1.12-1.13,0.0,2.005939460241087,1,1,1,0,1,1,1,1,1,0,1,1,1,0,1,0,1,0,1,0,1,0,1,0,1,0,1,0,1,0,1,0,1,0,1,0,1,1,1,1,1,0,1,0,,,,,,,1,0,1,0,1,0,1,0,1,0,,,,,,,1.0,0.0,,,,,,,,,,,,,,,,,,,,
79e3c004-c6eb-4d37-beca-8f99d59f903f,17498880,v1.12-1.13,0.01309142069123672,5.000085257864012,1,1,1,1,1,1,1,1,1,1,1,0,1,0,1,1,1,0,1,0,1,1,1,0,1,0,1,1,1,0,1,0,1,0,1,1,1,1,1,1,1,0,1,0,,,,,,,1,0,1,0,1,0,1,0,1,0,,,,,,,1.0,0.0,1.0,0.0,1.0,0.0,1.0,0.0,1.0,0.0,1.0,0.0,1.0,0.0,,,,,,,,
9e411fbd-cb18-49b3-97dd-1cd15b0da380,17761535,v1.14-1.15,0.0,1.999910664184797,1,1,1,1,1,1,1,1,1,1,1,1,1,0,1,0,1,0,1,0,1,0,1,0,1,0,1,1,1,0,1,0,1,0,1,0,1,1,1,1,1,1,1,1,1.0,1.0,1.0,1.0,1.0,1.0,1,0,1,0,1,0,1,0,1,0,1.0,0.0,1.0,0.0,1.0,0.0,,,,,,,,,,,,,,,,,,,,,,
56eb68a4-4307-4645-8d47-a3fc885784e5,17761535,v1.14-1.15,0.0,2.0000035390397195,1,1,1,1,1,1,1,1,1,1,1,1,1,0,1,0,1,0,1,0,1,0,1,0,1,1,1,1,1,0,1,0,1,1,1,1,1,1,1,1,1,1,1,1,1.0,1.0,1.0,1.0,1.0,1.0,1,0,1,0,1,0,1,0,1,1,1.0,1.0,1.0,1.0,1.0,1.0,,,,,,,,,,,,,,,,,,,,,,
c13a5bea-eb55-44bf-8038-b1942a207d37,17694975,v1.14-1.15,0.00012058468184087422,2.0000548257453143,1,1,1,0,1,1,1,1,1,0,1,1,1,0,1,0,1,0,1,0,1,0,1,0,1,1,1,1,1,0,1,0,1,0,1,0,1,1,1,0,1,0,1,0,1.0,1.0,1.0,0.0,1.0,0.0,1,0,1,0,1,0,1,0,1,1,1.0,1.0,1.0,0.0,1.0,0.0,1.0,0.0,,,,,,,,,,,,,,,,,,,,
0ef41261-98f0-4f11-b430-557a680a2c51,17826240,v1.16+,0.0,2.000100769782901,1,1,1,1,1,1,1,1,1,1,1,1,1,0,1,0,1,0,1,0,1,0,1,0,1,0,1,1,1,0,1,0,1,0,1,0,1,1,1,1,1,1,1,1,1.0,1.0,1.0,1.0,1.0,1.0,1,0,1,0,1,0,1,0,1,0,1.0,0.0,,,,,,,,,,,,,,,,,,,,,,,,,,
569ba4ef-26b0-49f3-96d8-da8ccf535769,17694720,v1.14-1.15,0.0,2.000007287014072,1,1,1,0,1,1,1,1,1,0,1,1,1,0,1,0,1,0,1,0,1,0,1,0,1,0,1,1,1,0,1,0,1,0,1,0,1,1,1,0,1,0,1,0,1.0,1.0,1.0,0.0,1.0,0.0,1,0,1,0,1,0,1,0,1,0,1.0,0.0,1.0,0.0,1.0,0.0,1.0,0.0,,,,,,,,,,,,,,,,,,,,
d7b53242-bb27-484d-a648-09df5c3a1215,17630207,v1.12-1.13,0.0,2.0000950458389553,1,0,1,0,1,0,1,1,1,0,1,0,1,0,1,0,1,0,1,0,1,0,1,0,1,0,1,1,1,0,1,0,1,0,1,0,1,1,1,1,1,0,1,0,,,,,,,1,0,1,0,1,0,1,0,1,0,1.0,0.0,,,,,1.0,0.0,,,,,,,,,,,,,,,,,,,,
bfd070db-1a7a-466a-b9c1-d2b240d62df3,17760512,v1.14-1.15,0.0,2.000037778491371,1,0,1,0,1,0,1,0,1,0,1,0,1,0,1,0,1,0,1,0,1,0,1,0,1,0,1,1,1,0,1,0,1,0,1,0,1,1,1,1,1,1,1,1,1.0,1.0,1.0,1.0,1.0,1.0,1,0,1,0,1,0,1,0,1,0,1.0,0.0,1.0,0.0,1.0,0.0,,,,,,,,,,,,,,,,,,,,,,
b5d4314b-d3e0-4e56-85de-da52bde4ef53,17695743,v1.14-1.15,0.0,1.999992631606094,1,0,1,0,1,0,1,0,1,0,1,0,1,1,1,0,1,1,1,1,1,0,1,1,1,0,1,1,1,0,1,0,1,0,1,0,1,1,1,0,1,0,1,0,1.0,1.0,1.0,0.0,1.0,0.0,1,0,1,0,1,0,1,0,1,0,1.0,0.0,1.0,0.0,1.0,0.0,1.0,0.0,,,,,,,,,,,,,,,,,,,,
e4db7730-7076-41a9-8450-365c78d08231,17891583,v1.16+,0.0,2.0000837647021457,1,1,1,1,1,1,1,1,1,1,1,1,1,0,1,0,1,0,1,0,1,0,1,0,1,0,1,1,1,0,1,0,1,0,1,0,1,1,1,1,1,1,1,1,1.0,1.0,1.0,1.0,1.0,1.0,1,0,1,0,1,0,1,0,1,0,1.0,0.0,,,,,,,,,,,,,,,,,,,,,,,,,,
4dcc65f0-77a2-48a5-8626-3431c4de9850,17630207,v1.12-1.13,0.0,2.0000988022663235,1,1,1,0,1,1,1,1,1,0,1,0,1,0,1,0,1,0,1,0,1,0,1,0,1,1,1,0,1,0,1,0,1,1,1,0,1,1,1,1,1,0,1,0,,,,,,,1,0,1,0,1,0,1,0,1,1,1.0,1.0,,,,,1.0,0.0,,,,,,,,,,,,,,,,,,,,
c50bac15-f13e-42ec-8e15-072f1c52b63c,17695743,v1.14-1.15,0.0023218834429554825,2.000160415100107,1,1,1,0,1,1,1,1,1,0,1,1,1,0,1,0,1,0,1,0,1,0,1,0,1,0,1,1,1,0,1,0,1,0,1,0,1,1,1,0,1,0,1,0,1.0,1.0,1.0,0.0,1.0,0.0,1,0,1,0,1,0,1,0,1,0,1.0,0.0,1.0,0.0,1.0,0.0,1.0,0.0,,,,,,,,,,,,,,,,,,,,
c49e6e62-f836-4f65-bc85-080fed215fec,17761535,v1.14-1.15,0.00021017886010816348,2.0001811644450456,1,0,1,0,1,0,1,0,1,0,1,0,1,0,1,0,1,0,1,0,1,0,1,0,1,0,1,1,1,0,1,0,1,0,1,0,1,1,1,1,1,1,1,1,1.0,1.0,1.0,1.0,1.0,1.0,1,0,1,0,1,0,1,0,1,0,1.0,0.0,1.0,0.0,1.0,0.0,,,,,,,,,,,,,,,,,,,,,,
70c91d96-617a-48b9-9102-9df5e89ae63b,17694975,v1.14-1.15,0.0,2.00003274873767,1,1,1,0,1,1,1,1,1,0,1,1,1,0,1,0,1,0,1,0,1,0,1,0,1,0,1,1,1,0,1,0,1,0,1,0,1,1,1,0,1,0,1,0,1.0,1.0,1.0,0.0,1.0,0.0,1,0,1,0,1,0,1,0,1,0,1.0,0.0,1.0,0.0,1.0,0.0,1.0,0.0,,,,,,,,,,,,,,,,,,,,
dcaeda51-4b4c-49a5-a7a2-a7cd1619f5f7,17891583,v1.16+,0.0,2.000025865619485,1,0,1,0,1,0,1,0,1,0,1,0,1,0,1,0,1,0,1,0,1,0,1,0,1,0,1,1,1,0,1,0,1,0,1,0,1,1,1,1,1,1,1,1,1.0,1.0,1.0,1.0,1.0,1.0,1,0,1,0,1,0,1,0,1,0,1.0,0.0,,,,,,,,,,,,,,,,,,,,,,,,,,
944f1ef0-ae99-499e-9d1f-285c3e8eda12,17695488,v1.14-1.15,0.0,1.9499896824347396,1,0,1,0,1,0,1,0,1,0,1,0,1,0,1,0,1,0,1,0,1,0,1,0,1,0,1,1,1,0,1,0,1,0,1,0,1,0,1,0,1,0,1,0,1.0,1.0,1.0,1.0,1.0,1.0,1,0,1,0,1,0,1,0,1,1,1.0,1.0,1.0,0.0,1.0,0.0,1.0,0.0,,,,,,,,,,,,,,,,,,,,
40ad8419-1288-4f58-9223-5408cbe2a99c,17761280,v1.14-1.15,0.0,2.0000410934960775,1,1,1,1,1,1,1,1,1,1,1,1,1,0,1,0,1,0,1,0,1,0,1,0,1,1,1,1,1,0,1,0,1,1,1,1,1,0,1,0,1,0,1,0,1.0,1.0,1.0,1.0,1.0,1.0,1,0,1,0,1,0,1,0,1,1,1.0,1.0,1.0,1.0,1.0,1.0,,,,,,,,,,,,,,,,,,,,,,
34806203-8b67-4a08-9839-9631922781b4,17826559,v1.16+,0.0,2.0000177805502295,1,0,1,0,1,0,1,0,1,0,1,0,1,0,1,0,1,0,1,1,1,1,1,1,1,0,1,1,1,0,1,0,1,0,1,0,1,1,1,1,1,1,1,1,1.0,1.0,1.0,1.0,1.0,1.0,1,0,1,0,1,0,1,0,1,0,1.0,0.0,,,,,,,,,,,,,,,,,,,,,,,,,,
39ed9ba6-20a3-4761-b1cf-199a1b21b103,17564416,v1.12-1.13,0.0,2.0014503609527945,1,1,1,0,1,1,1,1,1,0,1,1,1,0,1,0,1,0,1,0,1,0,1,0,1,0,1,1,1,0,1,0,1,0,1,0,1,1,1,1,1,0,1,0,,,,,,,1,0,1,0,1,0,1,0,1,0,,,,,,,1.0,0.0,,,,,,,,,,,,,,,,,,,,
aa5c0a93-be35-42d6-9c33-87e2df276742,17761280,v1.14-1.15,0.004430164756520033,1.9883494906506045,1,0,1,0,1,0,1,0,1,0,1,0,1,0,1,0,1,0,1,0,1,0,1,0,1,0,1,1,1,0,1,0,1,0,1,0,1,1,1,1,1,1,1,1,1.0,1.0,1.0,1.0,1.0,1.0,1,0,1,0,1,0,1,0,1,0,1.0,1.0,1.0,1.0,1.0,1.0,,,,,,,,,,,,,,,,,,,,,,
a1866691-45f7-48c3-b7d2-ce953cf3b971,17761280,v1.14-1.15,0.0,2.000010315842682,1,1,1,1,1,1,1,1,1,1,1,1,1,0,1,0,1,0,1,0,1,0,1,0,1,0,1,1,1,0,1,0,1,0,1,0,1,0,1,1,1,1,1,1,1.0,1.0,1.0,1.0,1.0,1.0,1,0,1,0,1,0,1,0,1,0,1.0,0.0,1.0,0.0,1.0,0.0,,,,,,,,,,,,,,,,,,,,,,
4384ec79-7976-452f-903a-90b6225627fe,17694720,v1.14-1.15,0.0,2.0000069076342553,1,1,1,0,1,1,1,1,1,0,1,0,1,0,1,0,1,0,1,0,1,0,1,0,1,0,1,0,1,0,1,0,1,0,1,0,1,1,1,0,1,0,1,0,1.0,1.0,1.0,0.0,1.0,0.0,1,0,1,0,1,0,1,0,1,0,1.0,0.0,1.0,0.0,1.0,0.0,1.0,0.0,,,,,,,,,,,,,,,,,,,,
8501844c-ca11-4020-b147-b288c0fbfe04,17630207,v1.12-1.13,0.0,2.000014006890915,1,1,1,0,1,1,1,1,1,0,1,1,1,0,1,0,1,0,1,0,1,0,1,0,1,0,1,1,1,0,1,0,1,0,1,0,1,1,1,1,1,0,1,0,,,,,,,1,0,1,0,1,0,1,0,1,0,1.0,0.0,,,,,1.0,0.0,,,,,,,,,,,,,,,,,,,,
17d6d321-fcd0-46e2-bd35-c9342cb7590f,17761280,v1.14-1.15,0.01165646355815094,1.9758413613304608,1,1,1,1,1,1,1,1,1,1,1,0,1,0,1,0,1,0,1,0,1,0,1,0,1,0,1,1,1,0,1,0,1,0,1,0,1,1,1,1,1,1,1,1,1.0,1.0,1.0,1.0,1.0,1.0,1,0,1,0,1,0,1,0,1,0,1.0,0.0,1.0,0.0,1.0,0.0,,,,,,,,,,,,,,,,,,,,,,
22fd6361-8c92-45f5-82a7-7f2d94628b9a,17825792,v1.16+,0.00046130863206906116,1.9967838640497892,1,1,1,1,1,1,1,1,1,1,1,1,1,0,1,0,1,0,1,0,1,0,1,0,1,0,1,1,1,0,1,0,1,0,1,0,1,1,1,1,1,1,1,1,1.0,1.0,1.0,1.0,1.0,1.0,1,0,1,0,1,0,1,0,1,0,1.0,0.0,,,,,,,,,,,,,,,,,,,,,,,,,,
d4a348ab-1694-40dd-85fa-080214ead11a,17695744,v1.14-1.15,0.0,2.0000160982890858,1,0,1,0,1,0,1,0,1,0,1,0,1,0,1,0,1,0,1,1,1,0,1,1,1,0,1,1,1,0,1,0,1,0,1,0,1,1,1,0,1,0,1,0,1.0,1.0,1.0,0.0,1.0,0.0,1,0,1,0,1,0,1,0,1,0,1.0,0.0,1.0,0.0,1.0,0.0,1.0,0.0,,,,,,,,,,,,,,,,,,,,
30db3150-59a1-4913-a032-b4bedaadf96c,17826047,v1.16+,4.101630445270745e-05,2.0000026290150092,1,1,1,1,1,1,1,1,1,1,1,1,1,0,1,0,1,0,1,0,1,0,1,0,1,0,1,1,1,0,1,0,1,0,1,0,1,1,1,1,1,1,1,1,1.0,1.0,1.0,1.0,1.0,1.0,1,0,1,0,1,0,1,0,1,0,1.0,0.0,,,,,,,,,,,,,,,,,,,,,,,,,,
169cdfe2-36ef-4549-841d-2407c23b0c5e,17695488,v1.14-1.15,0.0,2.000009604006514,1,1,1,0,1,1,1,1,1,0,1,1,1,0,1,0,1,0,1,0,1,0,1,0,1,0,1,1,1,0,1,0,1,0,1,0,1,1,1,0,1,0,1,0,1.0,1.0,1.0,0.0,1.0,0.0,1,0,1,0,1,0,1,0,1,0,1.0,0.0,1.0,0.0,1.0,0.0,1.0,0.0,,,,,,,,,,,,,,,,,,,,
010bc20c-259a-446f-b934-9668bca71adc,17695488,v1.14-1.15,0.0,2.0000755235129497,1,0,1,0,1,0,1,0,1,0,1,0,1,0,1,0,1,0,1,0,1,0,1,0,1,0,1,1,1,0,1,0,1,0,1,0,1,0,1,0,1,0,1,0,1.0,1.0,1.0,0.0,1.0,0.0,1,0,1,0,1,0,1,0,1,0,1.0,0.0,1.0,0.0,1.0,0.0,1.0,0.0,,,,,,,,,,,,,,,,,,,,
97344ad4-4bd9-4791-8931-764216ac0f8c,17695488,v1.14-1.15,0.0,2.0002076906155075,1,1,1,0,1,1,1,1,1,0,1,1,1,0,1,0,1,0,1,0,1,0,1,0,1,0,1,1,1,0,1,0,1,0,1,0,1,1,1,0,1,0,1,0,1.0,1.0,1.0,0.0,1.0,0.0,1,0,1,0,1,0,1,0,1,0,1.0,0.0,1.0,0.0,1.0,0.0,1.0,0.0,,,,,,,,,,,,,,,,,,,,
703bba80-e71e-4d63-97d9-d2ce96522bac,17695743,v1.14-1.15,0.0,2.0001299292323336,1,1,1,0,1,1,1,1,1,0,1,1,1,0,1,0,1,0,1,0,1,0,1,0,1,0,1,1,1,0,1,0,1,0,1,0,1,1,1,0,1,0,1,0,1.0,1.0,1.0,0.0,1.0,0.0,1,0,1,0,1,0,1,0,1,0,1.0,0.0,1.0,0.0,1.0,0.0,1.0,0.0,,,,,,,,,,,,,,,,,,,,
5d044565-a78e-4569-b1cc-becd5b9b1961,17694720,v1.14-1.15,0.0,2.000192968111499,1,1,1,0,1,1,1,1,1,0,1,1,1,0,1,0,1,0,1,0,1,0,1,0,1,0,1,1,1,0,1,0,1,0,1,0,1,0,1,0,1,0,1,0,1.0,1.0,1.0,0.0,1.0,0.0,1,0,1,0,1,0,1,0,1,0,1.0,0.0,1.0,0.0,1.0,0.0,1.0,0.0,,,,,,,,,,,,,,,,,,,,
5d7829e7-3510-4d36-9161-b61ca674897f,17760768,v1.14-1.15,0.0,2.00000663307985,1,0,1,0,1,0,1,0,1,0,1,0,1,0,1,0,1,0,1,1,1,1,1,1,1,0,1,1,1,0,1,0,1,0,1,0,1,1,1,1,1,1,1,1,1.0,1.0,1.0,1.0,1.0,1.0,1,0,1,0,1,0,1,0,1,0,1.0,0.0,1.0,0.0,1.0,0.0,,,,,,,,,,,,,,,,,,,,,,
a04b5ac2-b975-4a6e-a49d-209409a826b5,17498880,v1.12-1.13,0.0033267221236448936,4.987997709340881,1,1,1,1,1,1,1,1,1,1,1,1,1,0,1,1,1,0,1,0,1,1,1,0,1,0,1,0,1,0,1,0,1,0,1,1,1,1,1,1,1,0,1,0,,,,,,,1,0,1,0,1,0,1,0,1,0,,,,,,,1.0,0.0,1.0,0.0,1.0,0.0,1.0,0.0,1.0,0.0,1.0,0.0,1.0,0.0,,,,,,,,
44c50a94-483e-4fe2-b69b-0d165325feee,17761280,v1.14-1.15,0.0,2.0001358981224113,1,0,1,0,1,0,1,0,1,0,1,0,1,0,1,0,1,0,1,0,1,0,1,0,1,1,1,1,1,0,1,0,1,1,1,1,1,1,1,1,1,1,1,1,1.0,1.0,1.0,1.0,1.0,1.0,1,0,1,0,1,0,1,0,1,1,1.0,1.0,1.0,1.0,1.0,1.0,,,,,,,,,,,,,,,,,,,,,,
ad24db86-5ab4-4027-aaad-fe621051c8bc,17760768,v1.14-1.15,0.0,2.0000557584605367,1,1,1,1,1,1,1,1,1,1,1,1,1,0,1,0,1,0,1,0,1,0,1,0,1,0,1,1,1,0,1,0,1,0,1,0,1,1,1,1,1,1,1,1,1.0,1.0,1.0,1.0,1.0,1.0,1,0,1,0,1,0,1,0,1,0,1.0,0.0,1.0,0.0,1.0,0.0,,,,,,,,,,,,,,,,,,,,,,
ae9ce48c-c11a-43a3-9f19-77e686fc81e4,17695743,v1.14-1.15,0.0,1.9999872505450969,1,0,1,0,1,0,1,0,1,0,1,0,1,1,1,0,1,1,1,1,1,0,1,1,1,0,1,1,1,0,1,0,1,0,1,0,1,1,1,0,1,0,1,0,1.0,1.0,1.0,0.0,1.0,0.0,1,0,1,0,1,0,1,0,1,0,1.0,0.0,1.0,0.0,1.0,0.0,1.0,0.0,,,,,,,,,,,,,,,,,,,,
ac99a433-51b7-49c0-b868-d0afcb1f790a,17826240,v1.16+,0.0,1.999995507472778,1,1,1,1,1,1,1,1,1,1,1,1,1,0,1,0,1,0,1,0,1,0,1,0,1,1,1,1,1,0,1,0,1,0,1,0,1,1,1,1,1,1,1,1,1.0,1.0,1.0,1.0,1.0,1.0,1,0,1,0,1,0,1,0,1,1,1.0,1.0,,,,,,,,,,,,,,,,,,,,,,,,,,
1bafa338-711f-405b-b567-5d5fc02f9eb0,17629952,v1.12-1.13,0.0,2.0001767156128243,1,0,1,0,1,0,1,0,1,0,1,0,1,0,1,0,1,0,1,1,1,0,1,1,1,0,1,0,1,0,1,0,1,0,1,0,1,1,1,0,1,0,1,0,,,,,,,1,0,1,0,1,0,1,0,1,0,1.0,0.0,,,,,1.0,0.0,,,,,,,,,,,,,,,,,,,,
41f640a9-8bf2-4900-9d38-4b199012a8f5,17695743,v1.14-1.15,0.0,2.0000000173913044,1,1,1,0,1,1,1,1,1,0,1,1,1,0,1,0,1,0,1,0,1,0,1,0,1,0,1,1,1,0,1,0,1,0,1,0,1,0,1,0,1,0,1,0,1.0,1.0,1.0,0.0,1.0,0.0,1,0,1,0,1,0,1,0,1,0,1.0,0.0,1.0,0.0,1.0,0.0,1.0,0.0,,,,,,,,,,,,,,,,,,,,
17af53ed-1001-4e4a-b5ee-480acf1ef96c,17564416,v1.12-1.13,9.772927632022356e-05,2.0069723758783735,1,1,1,0,1,1,1,1,1,0,1,1,1,0,1,0,1,0,1,0,1,0,1,0,1,0,1,0,1,0,1,0,1,0,1,0,1,1,1,1,1,0,1,0,,,,,,,1,0,1,0,1,0,1,0,1,0,,,,,,,1.0,0.0,,,,,,,,,,,,,,,,,,,,
e548809b-7e94-4ef6-a4a0-a65bac86c041,17825984,v1.16+,0.0010700293023408948,99.99419482178104,1,1,1,1,1,1,1,1,1,1,1,1,1,0,1,0,1,0,1,0,1,0,1,0,1,0,1,1,1,0,1,0,1,0,1,0,1,1,1,1,1,1,1,1,1.0,1.0,1.0,1.0,1.0,1.0,1,0,1,0,1,0,1,0,1,0,1.0,0.0,,,,,,,,,,,,,,,,,,,,,,,,,,
25e900a5-1678-4d71-8431-10ae9ef9c15d,17891583,v1.16+,0.0,2.0000822176654474,1,1,1,1,1,1,1,1,1,1,1,0,1,0,1,0,1,0,1,0,1,0,1,0,1,0,1,1,1,0,1,0,1,0,1,0,1,1,1,1,1,1,1,1,1.0,1.0,1.0,1.0,1.0,1.0,1,0,1,0,1,0,1,0,1,0,1.0,0.0,,,,,,,,,,,,,,,,,,,,,,,,,,
5693a712-a45b-4dd2-b1c9-515dffa11687,17826047,v1.16+,0.0,2.0000023347815636,1,0,1,0,1,0,1,0,1,0,1,0,1,0,1,0,1,0,1,1,1,1,1,1,1,0,1,1,1,0,1,0,1,0,1,0,1,1,1,0,1,0,1,0,1.0,1.0,1.0,1.0,1.0,1.0,1,0,1,0,1,0,1,0,1,0,1.0,0.0,,,,,,,,,,,,,,,,,,,,,,,,,,
d9727910-f3ce-47ce-9a61-8538449f2e94,17826240,v1.16+,0.00010011831381616912,1.999996844226085,1,1,1,1,1,1,1,1,1,1,1,1,1,0,1,0,1,0,1,0,1,0,1,0,1,0,1,1,1,0,1,0,1,0,1,0,1,1,1,1,1,1,1,1,1.0,1.0,1.0,1.0,1.0,1.0,1,0,1,0,1,0,1,0,1,0,1.0,0.0,,,,,,,,,,,,,,,,,,,,,,,,,,
25730bdf-9b98-430e-a291-4a16b0733734,17695743,v1.14-1.15,0.0,2.0000394944507764,1,1,1,0,1,1,1,1,1,0,1,1,1,0,1,0,1,0,1,0,1,0,1,0,1,0,1,1,1,0,1,0,1,0,1,0,1,1,1,0,1,0,1,0,1.0,1.0,1.0,0.0,1.0,0.0,1,0,1,0,1,0,1,0,1,0,1.0,0.0,1.0,0.0,1.0,0.0,1.0,0.0,,,,,,,,,,,,,,,,,,,,
2c42f5dc-5f1d-4666-ae24-6883c04f32dd,17761280,v1.14-1.15,0.0,2.0002357200863976,1,1,1,1,1,1,1,1,1,1,1,1,1,0,1,0,1,0,1,0,1,0,1,0,1,1,1,1,1,0,1,0,1,1,1,1,1,0,1,0,1,0,1,0,1.0,1.0,1.0,1.0,1.0,1.0,1,0,1,0,1,0,1,0,1,1,1.0,1.0,1.0,1.0,1.0,1.0,,,,,,,,,,,,,,,,,,,,,,
468e1c4b-9e2c-44a2-bca0-83a034b5f530,17170944,v1.12-1.13,0.0,2.000029240737582,1,0,1,0,1,0,1,0,1,0,1,0,1,0,1,0,1,0,1,0,1,0,1,0,1,1,1,1,1,0,1,0,1,1,1,1,1,1,1,1,1,1,1,1,1.0,1.0,1.0,1.0,1.0,1.0,1,0,1,0,1,0,1,0,1,1,1.0,1.0,,,,,,,,,,,,,,,,,,,,,,,,,,
34d09a4c-9672-4791-a71f-c297cc71038a,17695744,v1.14-1.15,0.0,2.000033147836202,1,0,1,0,1,0,1,0,1,0,1,0,1,0,1,0,1,0,1,0,1,0,1,0,1,1,1,1,1,0,1,0,1,1,1,0,1,0,1,0,1,0,1,0,1.0,1.0,1.0,0.0,1.0,0.0,1,0,1,0,1,0,1,0,1,0,1.0,0.0,1.0,0.0,1.0,0.0,1.0,0.0,,,,,,,,,,,,,,,,,,,,
cc9616eb-659f-4715-901b-edd2948e5e28,17760512,v1.14-1.15,0.0,1.999990383248341,1,1,1,1,1,1,1,1,1,1,1,0,1,0,1,0,1,0,1,0,1,0,1,0,1,0,1,1,1,0,1,0,1,0,1,0,1,0,1,0,1,0,1,0,1.0,1.0,1.0,1.0,1.0,1.0,1,0,1,0,1,0,1,0,1,0,1.0,0.0,1.0,0.0,1.0,0.0,,,,,,,,,,,,,,,,,,,,,,
68f2e424-a546-4361-96ff-ffe4784ad847,17170944,v1.12-1.13,0.0,100.00995222929936,1,1,1,1,1,1,1,1,1,1,1,1,1,0,1,0,1,0,1,0,1,0,1,0,1,0,1,1,1,0,1,0,1,0,1,0,1,1,1,1,1,1,1,1,1.0,1.0,1.0,1.0,1.0,1.0,1,0,1,0,1,0,1,0,1,0,1.0,0.0,,,,,,,,,,,,,,,,,,,,,,,,,,
0e28abc7-4053-4162-a900-ae73f85d8113,17891392,v1.16+,0.0001534478062318724,2.000043975849177,1,1,1,1,1,1,1,1,1,1,1,1,1,0,1,0,1,0,1,0,1,0,1,0,1,0,1,1,1,0,1,0,1,0,1,0,1,1,1,1,1,1,1,1,1.0,1.0,1.0,1.0,1.0,1.0,1,0,1,0,1,0,1,0,1,0,1.0,0.0,,,,,,,,,,,,,,,,,,,,,,,,,,
72e7c10c-3edc-4679-9fab-b675c702cb63,17761023,v1.14-1.15,0.010966567026434582,1.975247936695469,1,0,1,0,1,0,1,0,1,0,1,0,1,0,1,0,1,0,1,0,1,0,1,0,1,1,1,1,1,0,1,0,1,1,1,1,1,1,1,1,1,1,1,1,1.0,1.0,1.0,1.0,1.0,1.0,1,0,1,0,1,0,1,0,1,1,1.0,1.0,1.0,1.0,1.0,1.0,,,,,,,,,,,,,,,,,,,,,,
604a9d48-1077-4b1e-a892-704c66cd4042,17761023,v1.14-1.15,0.0,2.0000109836668774,1,1,1,1,1,1,1,1,1,1,1,1,1,0,1,0,1,0,1,0,1,0,1,0,1,1,1,1,1,0,1,0,1,0,1,0,1,1,1,1,1,1,1,1,1.0,1.0,1.0,1.0,1.0,1.0,1,0,1,0,1,0,1,0,1,1,1.0,1.0,1.0,0.0,1.0,0.0,,,,,,,,,,,,,,,,,,,,,,
15e8b5b8-5711-4ce2-9e8e-b267628a1fb8,17629696,v1.12-1.13,0.0,2.0000306922949007,1,1,1,0,1,1,1,1,1,0,1,1,1,0,1,0,1,0,1,0,1,0,1,0,1,1,1,0,1,0,1,0,1,0,1,0,1,1,1,0,1,0,1,0,,,,,,,1,0,1,0,1,0,1,0,1,1,1.0,1.0,,,,,1.0,0.0,,,,,,,,,,,,,,,,,,,,
45430f5d-6a04-46de-bd91-28cdeb56d2b3,17695488,v1.14-1.15,0.0,2.000026229510656,1,0,1,0,1,0,1,0,1,0,1,0,1,0,1,0,1,0,1,0,1,0,1,0,1,0,1,1,1,0,1,0,1,0,1,0,1,0,1,0,1,0,1,0,1.0,1.0,1.0,0.0,1.0,0.0,1,0,1,0,1,0,1,0,1,0,1.0,0.0,1.0,0.0,1.0,0.0,1.0,0.0,,,,,,,,,,,,,,,,,,,,
41d8aae6-7817-4229-b1c2-4ba4c86b88f7,17694720,v1.14-1.15,0.0,2.0000803785653476,1,1,1,0,1,1,1,1,1,0,1,1,1,0,1,0,1,0,1,0,1,0,1,0,1,0,1,1,1,0,1,0,1,0,1,0,1,1,1,0,1,0,1,0,1.0,1.0,1.0,0.0,1.0,0.0,1,0,1,0,1,0,1,0,1,0,1.0,0.0,1.0,0.0,1.0,0.0,1.0,0.0,,,,,,,,,,,,,,,,,,,,
5d2f69b7-6eb5-4bad-813c-95398c1fbd06,17825856,v1.16+,0.0,2.0000262963098687,1,0,1,0,1,0,1,0,1,0,1,0,1,0,1,0,1,0,1,1,1,1,1,1,1,0,1,1,1,0,1,0,1,0,1,0,1,1,1,1,1,1,1,1,1.0,1.0,1.0,1.0,1.0,1.0,1,0,1,0,1,0,1,0,1,0,1.0,0.0,,,,,,,,,,,,,,,,,,,,,,,,,,
29a6d9c0-7c44-48a4-9952-35e6b9c22f66,17629952,v1.12-1.13,0.005263255465701731,1.992248626863828,1,0,1,0,1,0,1,1,1,0,1,0,1,0,1,0,1,0,1,0,1,0,1,0,1,0,1,1,1,0,1,0,1,0,1,0,1,1,1,0,1,0,1,0,,,,,,,1,0,1,0,1,0,1,0,1,0,1.0,0.0,,,,,1.0,0.0,,,,,,,,,,,,,,,1.0,0.0,1.0,0.0,1.0,0.0
9d9e9970-0bd4-445f-90d7-7b4160befbcd,17760256,v1.14-1.15,0.0,1.999431964408354,1,0,1,0,1,0,1,0,1,0,1,0,1,0,1,0,1,0,1,0,1,0,1,0,1,0,1,1,1,0,1,0,1,0,1,0,1,0,1,0,1,0,1,0,1.0,1.0,1.0,1.0,1.0,1.0,1,0,1,0,1,0,1,0,1,0,1.0,0.0,1.0,0.0,1.0,0.0,,,,,,,,,,,,,,,,,,,,,,
bf332b4d-e380-40f0-873f-53bdb9b447a0,17629951,v1.12-1.13,0.0,2.0000007155069714,1,1,1,0,1,1,1,1,1,0,1,0,1,0,1,0,1,0,1,0,1,0,1,0,1,0,1,1,1,0,1,0,1,0,1,0,1,1,1,1,1,0,1,0,,,,,,,1,0,1,0,1,0,1,0,1,0,1.0,0.0,,,,,1.0,0.0,,,,,,,,,,,,,,,,,,,,
8a6ea543-1254-4a50-9f01-35f2dc9c600e,17630207,v1.12-1.13,0.0,2.0000302112186836,1,1,1,0,1,1,1,1,1,0,1,0,1,0,1,0,1,0,1,0,1,0,1,0,1,0,1,1,1,0,1,0,1,0,1,0,1,1,1,1,1,0,1,0,,,,,,,1,0,1,0,1,0,1,0,1,0,1.0,0.0,,,,,1.0,0.0,,,,,,,,,,,,,,,,,,,,
63f8e85e-5fbd-48a9-846d-3b62adffaa87,17826047,v1.16+,0.0,2.0000133007191474,1,1,1,1,1,1,1,1,1,1,1,1,1,0,1,0,1,0,1,0,1,0,1,0,1,0,1,1,1,0,1,0,1,0,1,0,1,1,1,1,1,1,1,1,1.0,1.0,1.0,1.0,1.0,1.0,1,0,1,0,1,0,1,0,1,0,1.0,0.0,,,,,,,,,,,,,,,,,,,,,,,,,,
bf76a1d1-0f79-4506-b3e7-f8d57a223ff5,17825984,v1.16+,0.0,2.0000792554770395,1,1,1,1,1,1,1,1,1,1,1,1,1,0,1,0,1,0,1,0,1,0,1,0,1,1,1,1,1,0,1,0,1,0,1,0,1,1,1,1,1,1,1,1,1.0,1.0,1.0,1.0,1.0,1.0,1,0,1,0,1,0,1,0,1,1,1.0,1.0,,,,,,,,,,,,,,,,,,,,,,,,,,
deb1e86a-722b-424a-ae7f-c2efe209d0a2,17694720,v1.14-1.15,0.0,2.000030201259264,1,1,1,0,1,1,1,1,1,0,1,1,1,0,1,0,1,0,1,0,1,0,1,0,1,0,1,0,1,0,1,0,1,0,1,0,1,0,1,0,1,0,1,0,1.0,1.0,1.0,0.0,1.0,0.0,1,0,1,0,1,0,1,0,1,0,1.0,0.0,1.0,0.0,1.0,0.0,1.0,0.0,,,,,,,,,,,,,,,,,,,,
dca3016f-4dd3-44c3-9e8e-8ae9d3f4cbbc,17825856,v1.16+,0.0,2.000056178917893,1,0,1,0,1,0,1,0,1,0,1,0,1,0,1,0,1,0,1,0,1,0,1,0,1,1,1,1,1,0,1,0,1,1,1,1,1,1,1,1,1,1,1,1,1.0,1.0,1.0,1.0,1.0,1.0,1,0,1,0,1,0,1,0,1,1,1.0,1.0,,,,,,,,,,,,,,,,,,,,,,,,,,
8448f318-7e17-4ef0-bfc8-3c08e3c42ab7,17826240,v1.16+,0.0,2.0000079337331296,1,1,1,1,1,1,1,1,1,1,1,1,1,0,1,0,1,0,1,0,1,0,1,0,1,0,1,1,1,0,1,0,1,0,1,0,1,1,1,1,1,1,1,1,1.0,1.0,1.0,1.0,1.0,1.0,1,0,1,0,1,0,1,0,1,0,1.0,0.0,,,,,,,,,,,,,,,,,,,,,,,,,,
9b5ccd66-e4bd-4305-9048-b424934d1b5f,17695743,v1.14-1.15,0.015364761358022125,1.9776818325076606,1,0,1,0,1,0,1,0,1,0,1,0,1,0,1,0,1,0,1,0,1,0,1,0,1,0,1,1,1,0,1,0,1,1,1,0,1,0,1,0,1,0,1,0,1.0,1.0,1.0,0.0,1.0,0.0,1,0,1,0,1,0,1,0,1,1,1.0,1.0,1.0,0.0,1.0,0.0,1.0,0.0,,,,,,,,,,,,,,,,,,,,
6193a983-9b5d-4616-b40e-ce3138deeb39,17629952,v1.12-1.13,0.0,2.00006996106788,1,1,1,0,1,1,1,1,1,0,1,0,1,0,1,0,1,0,1,0,1,0,1,0,1,0,1,1,1,0,1,0,1,0,1,0,1,1,1,1,1,0,1,0,,,,,,,1,0,1,0,1,0,1,0,1,0,1.0,0.0,,,,,1.0,0.0,,,,,,,,,,,,,,,,,,,,
cc829283-ed60-492c-b191-22bdcb3aadc0,17760320,v1.14-1.15,0.0,2.0000047377161407,1,1,1,1,1,1,1,1,1,1,1,1,1,0,1,0,1,0,1,0,1,0,1,0,1,0,1,1,1,0,1,0,1,0,1,0,1,1,1,1,1,1,1,1,1.0,1.0,1.0,1.0,1.0,1.0,1,0,1,0,1,0,1,0,1,1,1.0,1.0,1.0,0.0,1.0,0.0,,,,,,,,,,,,,,,,,,,,,,
cc16097d-1f0a-4970-83a2-7e40f780408d,17630207,v1.12-1.13,0.0,2.000057494190057,1,0,1,0,1,0,1,1,1,0,1,0,1,0,1,0,1,0,1,0,1,0,1,0,1,0,1,1,1,0,1,0,1,0,1,0,1,1,1,1,1,0,1,0,,,,,,,1,0,1,0,1,0,1,0,1,0,1.0,0.0,,,,,1.0,0.0,,,,,,,,,,,,,,,,,,,,
e4375cfb-e368-445a-8885-73b82b78063a,17695488,v1.14-1.15,0.0,2.000007333360222,1,0,1,0,1,0,1,0,1,0,1,0,1,0,1,0,1,0,1,0,1,0,1,0,1,0,1,1,1,0,1,0,1,0,1,0,1,0,1,0,1,0,1,0,1.0,1.0,1.0,0.0,1.0,0.0,1,0,1,0,1,0,1,0,1,0,1.0,0.0,1.0,0.0,1.0,0.0,1.0,0.0,,,,,,,,,,,,,,,,,,,,
9d3a5407-1f07-46ab-ac2b-4364baa5be99,17695743,v1.14-1.15,0.0,2.0000271369091633,1,0,1,0,1,0,1,0,1,0,1,0,1,0,1,0,1,0,1,0,1,0,1,0,1,1,1,1,1,0,1,0,1,1,1,0,1,0,1,0,1,0,1,0,1.0,1.0,1.0,0.0,1.0,0.0,1,0,1,0,1,0,1,0,1,1,1.0,1.0,1.0,0.0,1.0,0.0,1.0,0.0,,,,,,,,,,,,,,,,,,,,
c8f1ed62-7457-4d27-8583-b2362bec0c04,17170944,v1.12-1.13,0.0,2.0001829239455495,1,1,1,1,1,1,1,1,1,1,1,1,1,0,1,0,1,0,1,0,1,0,1,0,1,0,1,1,1,0,1,0,1,0,1,0,1,1,1,1,1,1,1,1,1.0,1.0,1.0,1.0,1.0,1.0,1,0,1,0,1,0,1,0,1,0,1.0,0.0,,,,,,,,,,,,,,,,,,,,,,,,,,
64f9fd5f-6a50-4002-bce3-90315b50cca3,17694720,v1.14-1.15,0.0,125.0,1,1,1,0,1,1,1,1,1,0,1,1,1,0,1,0,1,0,1,0,1,0,1,0,1,0,1,1,1,0,1,0,1,0,1,0,1,1,1,0,1,0,1,0,1.0,1.0,1.0,0.0,1.0,0.0,1,0,1,0,1,0,1,0,1,0,1.0,0.0,1.0,0.0,1.0,0.0,1.0,0.0,,,,,,,,,,,,,,,,,,,,
170a66b7-95eb-405f-aa86-a5e9681979a4,17630207,v1.12-1.13,0.0,2.000079838049315,1,1,1,0,1,1,1,1,1,0,1,0,1,0,1,0,1,0,1,0,1,0,1,0,1,0,1,1,1,0,1,0,1,0,1,0,1,1,1,1,1,0,1,0,,,,,,,1,0,1,0,1,0,1,0,1,0,1.0,0.0,,,,,1.0,0.0,,,,,,,,,,,,,,,,,,,,
ce43dad6-d3f0-425e-a3f2-0de391f0af5f,17826240,v1.16+,0.007261666794915929,1.9786361811689677,1,0,1,0,1,0,1,0,1,0,1,0,1,0,1,0,1,0,1,0,1,0,1,0,1,0,1,1,1,0,1,0,1,0,1,0,1,1,1,1,1,1,1,1,1.0,1.0,1.0,1.0,1.0,1.0,1,0,1,0,1,0,1,0,1,0,1.0,0.0,,,,,,,,,,,,,,,,,,,,,,,,,,
a0d5ac9c-9aa2-4597-9e59-03de4b2d912a,17630207,v1.12-1.13,0.0021359340870736707,2.0001630399058916,1,0,1,0,1,0,1,0,1,0,1,0,1,0,1,0,1,0,1,1,1,0,1,1,1,0,1,1,1,0,1,0,1,0,1,0,1,1,1,0,1,0,1,0,,,,,,,1,0,1,0,1,0,1,0,1,0,1.0,0.0,,,,,1.0,0.0,,,,,,,,,,,,,,,,,,,,
1c83d444-2264-46b0-99ab-1ad6f2545a8e,17761535,v1.14-1.15,0.0,2.0000712368229663,1,0,1,0,1,0,1,0,1,0,1,0,1,0,1,0,1,0,1,0,1,0,1,0,1,1,1,1,1,0,1,0,1,1,1,1,1,1,1,1,1,1,1,1,1.0,1.0,1.0,1.0,1.0,1.0,1,0,1,0,1,0,1,0,1,1,1.0,0.0,1.0,1.0,1.0,1.0,,,,,,,,,,,,,,,,,,,,,,
08397776-e4cc-4f9a-9cec-8dc58855c3a7,17694720,v1.14-1.15,0.0,2.000115641094647,1,1,1,0,1,1,1,1,1,0,1,1,1,0,1,0,1,0,1,0,1,0,1,0,1,0,1,1,1,0,1,0,1,0,1,0,1,1,1,0,1,0,1,0,1.0,1.0,1.0,0.0,1.0,0.0,1,0,1,0,1,0,1,0,1,0,1.0,0.0,1.0,0.0,1.0,0.0,1.0,0.0,,,,,,,,,,,,,,,,,,,,
510b9b71-31df-4764-ba60-a0840f9c923a,17695743,v1.14-1.15,0.0,2.000000148148159,1,1,1,0,1,1,1,1,1,0,1,1,1,0,1,0,1,0,1,0,1,0,1,0,1,0,1,1,1,0,1,0,1,0,1,0,1,1,1,0,1,0,1,0,1.0,1.0,1.0,0.0,1.0,0.0,1,0,1,0,1,0,1,0,1,0,1.0,0.0,1.0,0.0,1.0,0.0,1.0,0.0,,,,,,,,,,,,,,,,,,,,
194efd88-0a76-44a3-81fd-af544b80229b,17630207,v1.12-1.13,0.0,2.0001096171187385,1,1,1,0,1,1,1,1,1,0,1,1,1,0,1,0,1,0,1,0,1,0,1,0,1,0,1,0,1,0,1,0,1,0,1,0,1,1,1,0,1,0,1,0,,,,,,,1,0,1,0,1,0,1,0,1,0,1.0,0.0,,,,,1.0,0.0,,,,,,,,,,,,,,,,,,,,
704d5c17-5fd5-4348-8746-c1ca2dea77ee,17891583,v1.16+,0.0,2.000074732951133,1,1,1,1,1,1,1,1,1,1,1,1,1,0,1,0,1,0,1,0,1,0,1,0,1,0,1,1,1,0,1,0,1,0,1,0,1,1,1,1,1,1,1,1,1.0,1.0,1.0,1.0,1.0,1.0,1,0,1,0,1,0,1,0,1,0,1.0,0.0,,,,,,,,,,,,,,,,,,,,,,,,,,
252fdc8f-f432-4f6f-a23e-09adb00f3986,17695488,v1.14-1.15,0.0,2.0000012716374838,1,1,1,0,1,1,1,1,1,0,1,1,1,0,1,0,1,0,1,0,1,0,1,0,1,0,1,1,1,0,1,0,1,0,1,0,1,1,1,0,1,0,1,0,1.0,1.0,1.0,0.0,1.0,0.0,1,0,1,0,1,0,1,0,1,1,1.0,1.0,1.0,0.0,1.0,0.0,1.0,0.0,,,,,,,,,,,,,,,,,,,,
9c419f39-bb5a-434c-b8f3-7c77e1c496be,17564671,v1.12-1.13,0.0,2.0074085448850405,1,1,1,0,1,1,1,1,1,0,1,0,1,0,1,0,1,0,1,0,1,0,1,0,1,0,1,1,1,0,1,0,1,0,1,0,1,1,1,1,1,0,1,0,,,,,,,1,0,1,0,1,0,1,0,1,0,,,,,,,1.0,0.0,,,,,,,,,,,,,,,,,,,,
9ea81116-b510-4ca0-b4db-3abb697b4fe3,17694720,v1.14-1.15,0.00016387064066752225,101.00835129282495,1,1,1,0,1,1,1,1,1,0,1,1,1,1,1,0,1,1,1,1,1,0,1,1,1,0,1,1,1,0,1,0,1,0,1,0,1,1,1,0,1,0,1,0,1.0,1.0,1.0,0.0,1.0,0.0,1,0,1,0,1,0,1,0,1,1,1.0,1.0,1.0,0.0,1.0,0.0,1.0,0.0,,,,,,,,,,,,,,,,,,,,
e4fafcdc-0159-4d0a-b7db-c8435a2092a3,17629184,v1.12-1.13,0.0,2.0146142766567143,1,1,1,0,1,1,1,1,1,0,1,1,1,0,1,0,1,0,1,0,1,0,1,0,1,0,1,0,1,0,1,0,1,0,1,0,1,1,1,0,1,0,1,0,,,,,,,1,0,1,0,1,0,1,0,1,0,,,,,,,1.0,0.0,,,,,,,,,,,,,,,,,,,,
9a155471-05a5-4004-a04f-aa3fe94817af,17826047,v1.16+,0.0,2.0001303766576863,1,1,1,1,1,1,1,1,1,1,1,1,1,0,1,0,1,0,1,0,1,0,1,0,1,0,1,1,1,0,1,0,1,0,1,0,1,1,1,1,1,1,1,1,1.0,1.0,1.0,1.0,1.0,1.0,1,0,1,0,1,0,1,0,1,0,1.0,0.0,,,,,,,,,,,,,,,,,,,,,,,,,,
f2c5682c-b7a0-484f-8bfa-aac47e03cb69,17695743,v1.14-1.15,0.0,2.0001869215777948,1,1,1,0,1,1,1,1,1,0,1,1,1,0,1,0,1,0,1,0,1,0,1,0,1,0,1,1,1,0,1,0,1,0,1,0,1,1,1,0,1,0,1,0,1.0,1.0,1.0,0.0,1.0,0.0,1,0,1,0,1,0,1,0,1,0,1.0,0.0,1.0,0.0,1.0,0.0,1.0,0.0,,,,,,,,,,,,,,,,,,,,
86bdd771-3388-4790-bdd1-0e9328285adf,17761535,v1.14-1.15,0.0,1.9999757665274003,1,1,1,1,1,1,1,1,1,1,1,1,1,0,1,0,1,0,1,0,1,0,1,0,1,0,1,1,1,0,1,0,1,0,1,0,1,1,1,0,1,0,1,0,1.0,1.0,1.0,1.0,1.0,1.0,1,0,1,0,1,0,1,0,1,0,1.0,0.0,1.0,0.0,1.0,0.0,,,,,,,,,,,,,,,,,,,,,,
8c78aeb0-0e53-4af5-a4bb-09803bb05ef4,17825856,v1.16+,0.0,2.0000007270802858,1,1,1,1,1,1,1,1,1,1,1,1,1,0,1,0,1,0,1,0,1,0,1,0,1,0,1,1,1,0,1,0,1,0,1,0,1,1,1,1,1,1,1,1,1.0,1.0,1.0,1.0,1.0,1.0,1,0,1,0,1,0,1,0,1,0,1.0,0.0,,,,,,,,,,,,,,,,,,,,,,,,,,
611beb64-6db4-44d5-a81f-cdce3dea952c,17760511,v1.14-1.15,0.015822317786874436,1.9694071679856222,1,1,1,1,1,1,1,1,1,1,1,1,1,0,1,0,1,0,1,0,1,0,1,0,1,0,1,1,1,0,1,0,1,0,1,0,1,1,1,1,1,1,1,1,1.0,1.0,1.0,1.0,1.0,1.0,1,0,1,0,1,0,1,0,1,0,1.0,0.0,1.0,0.0,1.0,0.0,,,,,,,,,,,,,,,,,,,,,,
68584e73-020c-43de-a864-2b2123f2816b,17826047,v1.16+,0.0,2.000004734386207,1,0,1,0,1,0,1,0,1,0,1,0,1,0,1,0,1,0,1,0,1,0,1,0,1,0,1,1,1,0,1,0,1,0,1,0,1,1,1,1,1,1,1,1,1.0,1.0,1.0,1.0,1.0,1.0,1,0,1,0,1,0,1,0,1,0,1.0,0.0,,,,,,,,,,,,,,,,,,,,,,,,,,
2a3dbb92-134e-4db6-aa43-19df42589483,17630207,v1.12-1.13,0.011771849641620225,1.9856271513295098,1,1,1,0,1,1,1,1,1,0,1,0,1,0,1,0,1,0,1,0,1,0,1,0,1,0,1,1,1,0,1,0,1,0,1,0,1,1,1,1,1,0,1,0,,,,,,,1,0,1,0,1,0,1,0,1,0,1.0,0.0,,,,,1.0,0.0,,,,,,,,,,,,,,,,,,,,
2dc241bd-8c78-4ad9-84b9-0cd31d5092e5,17761535,v1.14-1.15,0.0,1.9999739280507212,1,0,1,0,1,0,1,0,1,0,1,0,1,0,1,0,1,0,1,0,1,0,1,0,1,0,1,1,1,0,1,0,1,0,1,0,1,0,1,0,1,0,1,0,1.0,1.0,1.0,1.0,1.0,1.0,1,0,1,0,1,0,1,0,1,0,1.0,0.0,1.0,0.0,1.0,0.0,,,,,,,,,,,,,,,,,,,,,,
2bb79554-d5a5-4817-9112-9f807e1e1f34,17826047,v1.16+,4.9541995033930446e-05,2.0000055734402613,1,1,1,1,1,1,1,1,1,1,1,1,1,0,1,0,1,0,1,0,1,0,1,0,1,1,1,1,1,0,1,0,1,0,1,0,1,1,1,1,1,1,1,1,1.0,1.0,1.0,1.0,1.0,1.0,1,0,1,0,1,1,1,0,1,1,1.0,1.0,,,,,,,,,,,,,,,,,,,,,,,,,,
897da977-3d8a-4230-a562-04e323e1306c,17695743,v1.14-1.15,0.0,2.000065448950223,1,1,1,0,1,1,1,1,1,0,1,1,1,0,1,0,1,0,1,0,1,0,1,0,1,0,1,1,1,0,1,0,1,0,1,0,1,0,1,0,1,0,1,0,1.0,1.0,1.0,0.0,1.0,0.0,1,0,1,0,1,0,1,0,1,0,1.0,0.0,1.0,0.0,1.0,0.0,1.0,0.0,,,,,,,,,,,,,,,,,,,,
ecc8cf25-049b-4809-94c4-3d61c9c59cb3,17891392,v1.16+,0.0,2.000005726635102,1,1,1,1,1,1,1,1,1,1,1,1,1,0,1,0,1,0,1,0,1,0,1,0,1,0,1,1,1,0,1,0,1,0,1,0,1,0,1,1,1,1,1,1,1.0,1.0,1.0,1.0,1.0,1.0,1,0,1,0,1,0,1,0,1,0,1.0,0.0,,,,,,,,,,,,,,,,,,,,,,,,,,
5ee77b0c-e303-4ad4-b7e7-8b175b25803f,17629952,v1.12-1.13,0.0,2.000011404934287,1,0,1,0,1,0,1,0,1,0,1,0,1,0,1,0,1,0,1,1,1,0,1,1,1,0,1,0,1,0,1,0,1,0,1,0,1,1,1,0,1,0,1,0,,,,,,,1,0,1,0,1,0,1,0,1,0,1.0,0.0,,,,,1.0,0.0,,,,,,,,,,,,,,,,,,,,
66cdd9b8-1dca-4cd5-ba60-84e11df86606,17629951,v1.12-1.13,0.0,2.0001679610069205,1,1,1,0,1,1,1,1,1,0,1,0,1,0,1,0,1,0,1,0,1,0,1,0,1,0,1,1,1,0,1,0,1,0,1,0,1,1,1,1,1,0,1,0,,,,,,,1,0,1,0,1,0,1,0,1,0,1.0,0.0,,,,,1.0,0.0,,,,,,,,,,,,,,,,,,,,
67cd60a4-c0d9-467d-9082-befe5db23e9d,17760768,v1.14-1.15,0.0,1.999991406286926,1,0,1,0,1,0,1,0,1,0,1,0,1,0,1,0,1,0,1,0,1,0,1,0,1,1,1,1,1,0,1,0,1,1,1,1,1,0,1,0,1,0,1,0,1.0,1.0,1.0,1.0,1.0,1.0,1,0,1,0,1,0,1,0,1,1,1.0,1.0,1.0,1.0,1.0,1.0,,,,,,,,,,,,,,,,,,,,,,
a44ccf80-1dee-4b2a-9c9c-cc49b397ff20,17170944,v1.12-1.13,0.0,100.00942151874882,1,1,1,1,1,1,1,1,1,1,1,1,1,0,1,0,1,0,1,0,1,0,1,0,1,0,1,1,1,0,1,0,1,0,1,0,1,1,1,1,1,1,1,1,1.0,1.0,1.0,1.0,1.0,1.0,1,0,1,0,1,0,1,0,1,0,1.0,0.0,,,,,,,,,,,,,,,,,,,,,,,,,,
6e4529b1-dd5b-4b81-82e2-de64903a44bf,17695743,v1.14-1.15,0.0,2.000142794194363,1,1,1,0,1,1,1,1,1,0,1,1,1,0,1,0,1,0,1,0,1,0,1,0,1,0,1,1,1,0,1,0,1,0,1,0,1,1,1,0,1,0,1,0,1.0,1.0,1.0,0.0,1.0,0.0,1,0,1,0,1,0,1,0,1,0,1.0,0.0,1.0,0.0,1.0,0.0,1.0,0.0,,,,,,,,,,,,,,,,,,,,
23174ad8-440e-460e-941a-32baa15b0d7b,17826240,v1.16+,0.0002178059605744865,2.000026686295628,1,1,1,1,1,1,1,1,1,1,1,1,1,0,1,0,1,0,1,0,1,0,1,0,1,1,1,1,1,0,1,0,1,0,1,0,1,1,1,1,1,1,1,1,1.0,1.0,1.0,1.0,1.0,1.0,1,0,1,0,1,0,1,0,1,1,1.0,1.0,,,,,,,,,,,,,,,,,,,,,,,,,,
74b7a239-9e89-4250-872f-f9f665dfd070,17498367,v1.12-1.13,0.0,5.015577891595766,1,1,1,1,1,1,1,1,1,1,1,0,1,0,1,1,1,0,1,0,1,1,1,0,1,0,1,1,1,0,1,0,1,0,1,1,1,1,1,1,1,0,1,0,,,,,,,1,0,1,0,1,0,1,0,1,0,,,,,,,1.0,0.0,1.0,0.0,1.0,0.0,1.0,0.0,1.0,0.0,1.0,0.0,1.0,0.0,,,,,,,,
232122a9-f177-44e9-9c60-a5fb526fe441,17629951,v1.12-1.13,0.0,2.0001324556990494,1,1,1,0,1,1,1,1,1,0,1,0,1,0,1,0,1,0,1,0,1,0,1,0,1,0,1,1,1,0,1,0,1,0,1,0,1,1,1,1,1,0,1,0,,,,,,,1,0,1,0,1,0,1,0,1,0,1.0,0.0,,,,,1.0,0.0,,,,,,,,,,,,,,,,,,,,
d51f87d0-e122-4323-9fe4-1523d251c2e6,17695743,v1.14-1.15,0.0,2.00022504024408,1,1,1,0,1,1,1,1,1,0,1,1,1,0,1,0,1,0,1,0,1,0,1,0,1,0,1,1,1,0,1,0,1,0,1,0,1,1,1,0,1,0,1,0,1.0,1.0,1.0,0.0,1.0,0.0,1,0,1,0,1,0,1,0,1,0,1.0,0.0,1.0,0.0,1.0,0.0,1.0,0.0,,,,,,,,,,,,,,,,,,,,
81b8b35f-bca8-4254-a307-55dcfb1d397b,17629951,v1.12-1.13,0.0,2.0000047332713558,1,1,1,0,1,1,1,1,1,0,1,0,1,0,1,0,1,0,1,0,1,0,1,0,1,0,1,1,1,0,1,0,1,0,1,0,1,1,1,0,1,0,1,0,,,,,,,1,0,1,0,1,0,1,0,1,0,1.0,0.0,,,,,1.0,0.0,,,,,,,,,,,,,,,,,,,,
c50be9f5-d252-495f-bd5e-fa1936122633,17826047,v1.16+,0.0,1.9999993156426925,1,1,1,1,1,1,1,1,1,1,1,1,1,0,1,0,1,0,1,0,1,0,1,0,1,0,1,1,1,0,1,0,1,0,1,0,1,1,1,1,1,1,1,1,1.0,1.0,1.0,1.0,1.0,1.0,1,0,1,0,1,0,1,0,1,0,1.0,0.0,,,,,,,,,,,,,,,,,,,,,,,,,,
a6bff52a-eb51-4bdf-89ef-ed6802194eee,17760256,v1.14-1.15,0.0,2.0001021271659325,1,1,1,1,1,1,1,1,1,1,1,1,1,0,1,0,1,0,1,0,1,0,1,0,1,0,1,1,1,0,1,0,1,0,1,0,1,1,1,1,1,1,1,1,1.0,1.0,1.0,1.0,1.0,1.0,1,0,1,0,1,0,1,0,1,0,1.0,0.0,1.0,0.0,1.0,0.0,,,,,,,,,,,,,,,,,,,,,,
c46ec159-8e45-4e41-883c-f78bb5aee200,17629952,v1.12-1.13,0.0,2.0001609252281245,1,1,1,0,1,1,1,1,1,0,1,0,1,0,1,0,1,0,1,0,1,0,1,0,1,0,1,1,1,0,1,0,1,0,1,0,1,1,1,1,1,0,1,0,,,,,,,1,0,1,0,1,0,1,0,1,0,1.0,0.0,,,,,1.0,0.0,,,,,,,,,,,,,,,,,,,,
72e79878-c0ff-4cbd-b6e3-498c30757199,17695488,v1.14-1.15,0.0,2.000014841547767,1,0,1,0,1,0,1,0,1,0,1,0,1,0,1,0,1,0,1,1,1,0,1,1,1,1,1,1,1,0,1,0,1,1,1,0,1,1,1,0,1,0,1,0,1.0,1.0,1.0,0.0,1.0,0.0,1,0,1,0,1,0,1,0,1,1,1.0,1.0,1.0,1.0,1.0,0.0,1.0,0.0,,,,,,,,,,,,,,,,,,,,
791ab8f1-1c6e-49fe-8550-a14eaedca8f2,17826559,v1.16+,0.0,2.0000018803436483,1,1,1,1,1,1,1,1,1,1,1,1,1,0,1,0,1,0,1,0,1,0,1,0,1,0,1,1,1,0,1,0,1,0,1,0,1,1,1,1,1,1,1,1,1.0,1.0,1.0,1.0,1.0,1.0,1,0,1,0,1,0,1,0,1,0,1.0,0.0,,,,,,,,,,,,,,,,,,,,,,,,,,
cb9a74d1-ebca-4460-8cb1-f14c3169fd99,17629184,v1.12-1.13,0.0,2.0129395912672914,1,0,1,0,1,0,1,0,1,0,1,0,1,0,1,0,1,0,1,1,1,0,1,1,1,0,1,0,1,0,1,0,1,0,1,0,1,1,1,0,1,0,1,0,,,,,,,1,0,1,0,1,0,1,0,1,0,,,,,,,1.0,0.0,,,,,,,,,,,,,,,,,,,,
dbc45ce9-42e3-4e85-80eb-1455780f739b,17694720,v1.14-1.15,0.0,2.0000305275417705,1,0,1,0,1,0,1,0,1,0,1,0,1,0,1,0,1,0,1,1,1,0,1,1,1,0,1,1,1,0,1,0,1,0,1,0,1,1,1,0,1,0,1,0,1.0,1.0,1.0,0.0,1.0,0.0,1,0,1,0,1,0,1,0,1,0,1.0,0.0,1.0,0.0,1.0,0.0,1.0,0.0,,,,,,,,,,,,,,,,,,,,
40119dff-361a-4753-969c-0e6b95599a6a,17695488,v1.14-1.15,0.0,2.0000816223785893,1,0,1,0,1,0,1,0,1,0,1,0,1,0,1,0,1,0,1,1,1,0,1,1,1,0,1,1,1,0,1,0,1,0,1,0,1,1,1,0,1,0,1,0,1.0,1.0,1.0,0.0,1.0,0.0,1,0,1,0,1,0,1,0,1,0,1.0,0.0,1.0,0.0,1.0,0.0,1.0,0.0,,,,,,,,,,,,,,,,,,,,
af6cb6cc-c573-4a57-8d57-35a09aeacf79,17761535,v1.14-1.15,0.0,1.9999853182895952,1,1,1,1,1,1,1,1,1,1,1,1,1,0,1,0,1,0,1,0,1,0,1,0,1,0,1,1,1,0,1,0,1,0,1,0,1,1,1,1,1,1,1,1,1.0,1.0,1.0,1.0,1.0,1.0,1,0,1,0,1,0,1,0,1,0,1.0,0.0,1.0,0.0,1.0,0.0,,,,,,,,,,,,,,,,,,,,,,
c0a209ed-1988-4fb8-841b-68d365f07d30,17694975,v1.14-1.15,0.0,1.999968182324372,1,0,1,0,1,0,1,0,1,0,1,0,1,0,1,0,1,0,1,0,1,0,1,0,1,0,1,1,1,0,1,0,1,0,1,0,1,0,1,0,1,0,1,0,1.0,1.0,1.0,0.0,1.0,0.0,1,0,1,0,1,0,1,0,1,0,1.0,0.0,1.0,0.0,1.0,0.0,1.0,0.0,,,,,,,,,,,,,,,,,,,,
dc465d85-4dc1-4646-84d8-01fd9b1e3e48,17760512,v1.14-1.15,0.0,1.999993328925906,1,1,1,1,1,1,1,1,1,1,1,1,1,0,1,0,1,0,1,0,1,0,1,0,1,0,1,1,1,0,1,0,1,0,1,0,1,1,1,1,1,1,1,1,1.0,1.0,1.0,1.0,1.0,1.0,1,0,1,0,1,0,1,0,1,0,1.0,0.0,,,,,,,,,,,,,,,,,,,,,,,,,,
0e6b19f7-36cc-4825-9b23-bd8dfe0b37d6,17891583,v1.16+,0.0,2.000112209684984,1,1,1,1,1,1,1,1,1,1,1,1,1,0,1,0,1,0,1,0,1,0,1,0,1,0,1,1,1,0,1,0,1,0,1,0,1,1,1,1,1,1,1,1,1.0,1.0,1.0,1.0,1.0,1.0,1,0,1,0,1,0,1,0,1,0,1.0,0.0,,,,,,,,,,,,,,,,,,,,,,,,,,
9e0ac7a9-6e7a-46dc-a1de-0f2773f2e5b1,17695999,v1.14-1.15,0.01437586023587575,1.981575203331088,1,1,1,0,1,1,1,1,1,0,1,1,1,0,1,0,1,0,1,0,1,0,1,0,1,0,1,1,1,0,1,0,1,0,1,0,1,1,1,0,1,0,1,0,1.0,1.0,1.0,0.0,1.0,0.0,1,0,1,0,1,0,1,0,1,0,1.0,0.0,1.0,0.0,1.0,0.0,1.0,0.0,,,,,,,,,,,,,,,,,,,,
17a4bbe0-dfbf-4522-acd5-6afe0294d726,17891520,v1.16+,0.0,2.000044427653553,1,1,1,1,1,1,1,1,1,1,1,1,1,0,1,0,1,0,1,0,1,0,1,0,1,1,1,1,1,0,1,0,1,0,1,0,1,1,1,1,1,1,1,1,1.0,1.0,1.0,1.0,1.0,1.0,1,0,1,0,1,0,1,0,1,1,1.0,1.0,,,,,,,,,,,,,,,,,,,,,,,,,,
93999dac-c690-48c9-9815-83ed50568bdf,16777472,v1.12-1.13,0.0,2.0000393539096635,1,0,1,0,1,0,1,0,1,0,1,0,1,0,1,0,1,0,1,1,1,0,1,1,1,0,1,1,1,0,1,0,1,0,1,0,1,1,1,0,1,0,1,0,1.0,1.0,1.0,0.0,1.0,0.0,1,0,1,0,1,0,1,0,1,0,1.0,0.0,1.0,0.0,1.0,0.0,1.0,0.0,,,,,,,,,,,,,,,,,,,,
9ae9529a-095c-4a2e-976c-8f424de2596c,17826559,v1.16+,0.0,2.000044329749665,1,1,1,1,1,1,1,1,1,1,1,1,1,0,1,0,1,0,1,0,1,0,1,0,1,1,1,1,1,0,1,0,1,1,1,1,1,1,1,1,1,1,1,1,1.0,1.0,1.0,1.0,1.0,1.0,1,0,1,0,1,0,1,0,1,1,1.0,1.0,,,,,,,,,,,,,,,,,,,,,,,,,,
fd97d283-6147-445e-a70f-77f70ad06955,17695488,v1.14-1.15,0.0,2.0003319023987065,1,0,1,0,1,0,1,0,1,0,1,0,1,0,1,0,1,0,1,0,1,0,1,0,1,0,1,1,1,0,1,0,1,1,1,0,1,0,1,0,1,0,1,0,1.0,1.0,1.0,0.0,1.0,0.0,1,0,1,0,1,0,1,0,1,1,1.0,1.0,1.0,0.0,1.0,0.0,1.0,0.0,,,,,,,,,,,,,,,,,,,,
0a2a5e8f-979b-4bf8-ad47-325d16628409,17891583,v1.16+,0.0,2.0000695135270923,1,1,1,1,1,1,1,1,1,1,1,1,1,0,1,0,1,0,1,0,1,0,1,0,1,0,1,1,1,0,1,0,1,0,1,0,1,1,1,1,1,1,1,1,1.0,1.0,1.0,1.0,1.0,1.0,1,0,1,0,1,0,1,0,1,0,1.0,0.0,,,,,,,,,,,,,,,,,,,,,,,,,,
d084242b-701b-4119-a891-ba1c84435ba1,17760256,v1.14-1.15,0.0,2.0000225891145478,1,1,1,1,1,1,1,1,1,1,1,1,1,0,1,0,1,0,1,0,1,0,1,0,1,1,1,1,1,0,1,0,1,0,1,0,1,1,1,0,1,0,1,0,1.0,1.0,1.0,1.0,1.0,1.0,1,0,1,0,1,0,1,0,1,1,1.0,1.0,,,,,,,,,,,,,,,,,,,,,,,,,,
66fe281c-eee2-4572-a443-e3dd05ee35cd,17761280,v1.14-1.15,0.0,2.0003158746980527,1,0,1,0,1,0,1,0,1,0,1,0,1,0,1,0,1,0,1,0,1,0,1,0,1,1,1,1,1,0,1,0,1,1,1,1,1,1,1,1,1,1,1,1,1.0,1.0,1.0,1.0,1.0,1.0,1,0,1,0,1,0,1,0,1,1,1.0,1.0,1.0,1.0,1.0,1.0,,,,,,,,,,,,,,,,,,,,,,
d6012f3d-a3c7-4a26-9fad-ed509272c3f6,17629695,v1.12-1.13,0.0,2.0000262514861182,1,1,1,0,1,1,1,1,1,0,1,1,1,0,1,0,1,0,1,0,1,0,1,0,1,1,1,0,1,0,1,0,1,0,1,0,1,1,1,0,1,0,1,0,,,,,,,1,0,1,0,1,0,1,0,1,1,1.0,1.0,,,,,1.0,0.0,,,,,,,,,,,,,,,,,,,,
f8b88a7b-1b42-41f5-aba8-c62dbf127cf7,17695744,v1.14-1.15,0.0,2.0000611109581268,1,1,1,0,1,1,1,1,1,0,1,1,1,0,1,0,1,0,1,0,1,0,1,0,1,1,1,1,1,0,1,0,1,1,1,0,1,0,1,0,1,0,1,0,1.0,1.0,1.0,0.0,1.0,0.0,1,0,1,0,1,0,1,0,1,1,1.0,1.0,1.0,0.0,1.0,0.0,1.0,0.0,,,,,,,,,,,,,,,,,,,,
7e406f68-03be-41f8-b511-127a078b65ce,17629696,v1.12-1.13,0.010885167538517891,1.986306689355586,1,1,1,0,1,1,1,1,1,0,1,1,1,0,1,0,1,0,1,0,1,0,1,0,1,1,1,0,1,0,1,0,1,0,1,0,1,1,1,0,1,0,1,0,,,,,,,1,0,1,0,1,0,1,0,1,1,1.0,1.0,,,,,1.0,0.0,,,,,,,,,,,,,,,,,,,,
2f3acdea-e1da-4f28-ac84-f59836aa4bae,17826047,v1.16+,0.0,2.0000997426789713,1,1,1,1,1,1,1,1,1,1,1,1,1,0,1,0,1,0,1,0,1,0,1,0,1,0,1,1,1,0,1,0,1,0,1,0,1,1,1,1,1,1,1,1,1.0,1.0,1.0,1.0,1.0,1.0,1,0,1,0,1,0,1,0,1,0,1.0,0.0,,,,,,,,,,,,,,,,,,,,,,,,,,
b0bd0b6a-08d4-4d66-87a2-36d8b08fbf98,17891392,v1.16+,0.0,100.00425966944965,1,1,1,1,1,1,1,1,1,1,1,1,1,0,1,0,1,0,1,0,1,0,1,0,1,0,1,1,1,0,1,0,1,0,1,0,1,1,1,1,1,1,1,1,1.0,1.0,1.0,1.0,1.0,1.0,1,0,1,0,1,0,1,0,1,0,1.0,0.0,,,,,,,,,,,,,,,,,,,,,,,,,,
102e61ec-3f41-48a3-a0fa-a8f723da34b9,17891392,v1.16+,0.0,2.00000647069436,1,1,1,1,1,1,1,1,1,1,1,1,1,0,1,0,1,0,1,0,1,0,1,0,1,0,1,1,1,0,1,0,1,0,1,0,1,1,1,1,1,1,1,1,1.0,1.0,1.0,1.0,1.0,1.0,1,1,1,1,1,0,1,0,1,0,1.0,0.0,,,,,,,,,,,,,,,,,,,,,,,,,,
376ba8a7-11ef-4a34-9515-405e8654f775,17761280,v1.14-1.15,0.0,2.000006239563192,1,1,1,1,1,1,1,1,1,1,1,1,1,0,1,0,1,0,1,0,1,0,1,0,1,0,1,1,1,0,1,0,1,0,1,0,1,1,1,1,1,1,1,1,1.0,1.0,1.0,1.0,1.0,1.0,1,0,1,0,1,0,1,0,1,0,1.0,0.0,1.0,0.0,1.0,0.0,,,,,,,,,,,,,,,,,,,,,,
6c37d84d-7899-47ab-b6d2-3cc8f25402f5,17826240,v1.16+,0.0016940632949983827,1.9925227905760483,1,1,1,1,1,1,1,1,1,1,1,1,1,0,1,0,1,0,1,0,1,0,1,0,1,0,1,1,1,0,1,0,1,0,1,0,1,1,1,1,1,1,1,1,1.0,1.0,1.0,1.0,1.0,1.0,1,0,1,0,1,0,1,0,1,0,1.0,0.0,,,,,,,,,,,,,,,,,,,,,,,,,,
aa1c7718-984f-431d-b4d7-724b3419112c,17891392,v1.16+,7.643427970436749e-05,2.0000445540789307,1,1,1,1,1,1,1,1,1,1,1,1,1,0,1,0,1,0,1,0,1,0,1,0,1,0,1,1,1,0,1,0,1,0,1,0,1,1,1,1,1,1,1,1,1.0,1.0,1.0,1.0,1.0,1.0,1,0,1,0,1,0,1,0,1,0,1.0,0.0,,,,,,,,,,,,,,,,,,,,,,,,,,
fe7e220b-df26-40f4-b5b2-5a74429a26ba,17760768,v1.14-1.15,0.0,1.9999884130798586,1,1,1,1,1,1,1,1,1,1,1,1,1,0,1,0,1,0,1,0,1,0,1,0,1,0,1,1,1,0,1,0,1,0,1,0,1,1,1,1,1,1,1,1,1.0,1.0,1.0,1.0,1.0,1.0,1,0,1,0,1,0,1,0,1,0,1.0,0.0,1.0,0.0,1.0,0.0,,,,,,,,,,,,,,,,,,,,,,
c07f7d07-5a73-4c5a-9b92-e447f4b653c6,17695999,v1.14-1.15,0.008091411567756545,2.0001422719000317,1,1,1,0,1,1,1,1,1,0,1,1,1,0,1,0,1,0,1,0,1,0,1,0,1,0,1,1,1,0,1,0,1,0,1,0,1,1,1,0,1,0,1,0,1.0,1.0,1.0,0.0,1.0,0.0,1,0,1,0,1,0,1,0,1,0,1.0,0.0,1.0,0.0,1.0,0.0,1.0,0.0,,,,,,,,,,,,,,,,,,,,
330e804e-acd0-4f29-8a0a-5abe107befad,17825984,v1.16+,0.0,2.000186471929724,1,1,1,1,1,1,1,1,1,1,1,1,1,0,1,0,1,0,1,0,1,0,1,0,1,0,1,1,1,0,1,0,1,0,1,0,1,1,1,1,1,1,1,1,1.0,1.0,1.0,1.0,1.0,1.0,1,0,1,0,1,0,1,0,1,0,1.0,0.0,,,,,,,,,,,,,,,,,,,,,,,,,,
282ba851-05ab-4f58-ba32-ac40522df34e,17694975,v1.14-1.15,0.0,2.0000136854351647,1,1,1,0,1,1,1,1,1,0,1,1,1,0,1,0,1,0,1,0,1,0,1,0,1,0,1,1,1,0,1,0,1,0,1,0,1,1,1,0,1,0,1,0,1.0,1.0,1.0,0.0,1.0,0.0,1,0,1,0,1,0,1,0,1,0,1.0,0.0,1.0,0.0,1.0,0.0,1.0,0.0,,,,,,,,,,,,,,,,,,,,
28e54f64-9009-433a-9f95-4aedbda39aed,17826240,v1.16+,0.0,2.0001297421620987,1,0,1,0,1,0,1,0,1,0,1,0,1,0,1,0,1,0,1,0,1,0,1,0,1,0,1,1,1,0,1,0,1,0,1,0,1,1,1,1,1,1,1,1,1.0,1.0,1.0,1.0,1.0,1.0,1,0,1,0,1,0,1,0,1,0,1.0,0.0,,,,,,,,,,,,,,,,,,,,,,,,,,
33945299-4eff-4442-9c22-da15c483a103,17629952,v1.12-1.13,0.0,2.0002205404453948,1,1,1,0,1,1,1,1,1,0,1,1,1,0,1,0,1,0,1,0,1,0,1,0,1,1,1,0,1,0,1,0,1,0,1,0,1,1,1,1,1,0,1,0,,,,,,,1,0,1,0,1,0,1,0,1,1,1.0,1.0,,,,,1.0,0.0,,,,,,,,,,,,,,,,,,,,
575b42c3-13aa-4512-ad5a-657307b79c23,17499135,v1.12-1.13,0.004883613362256355,4.999898533805151,1,1,1,1,1,1,1,1,1,1,1,0,1,0,1,1,1,0,1,0,1,1,1,0,1,0,1,1,1,0,1,0,1,0,1,1,1,1,1,0,1,0,1,0,,,,,,,1,0,1,0,1,0,1,0,1,0,,,,,,,1.0,0.0,1.0,0.0,1.0,0.0,1.0,0.0,1.0,0.0,1.0,0.0,1.0,0.0,,,,,,,,
f961b36b-03d8-4572-979e-307000223d4a,17826047,v1.16+,0.0029962175134815145,1.9919303977374825,1,1,1,1,1,1,1,1,1,1,1,1,1,0,1,0,1,0,1,0,1,0,1,0,1,1,1,1,1,0,1,0,1,0,1,0,1,1,1,1,1,1,1,1,1.0,1.0,1.0,1.0,1.0,1.0,1,0,1,0,1,0,1,0,1,1,1.0,1.0,,,,,,,,,,,,,,,,,,,,,,,,,,
2ef59e26-5c80-45f1-9f07-3a5acc5e475a,17565184,v1.12-1.13,0.0,2.0165620407061216,1,0,1,0,1,0,1,0,1,0,1,0,1,0,1,0,1,0,1,1,1,0,1,1,1,0,1,0,1,0,1,0,1,0,1,0,1,1,1,0,1,0,1,0,,,,,,,1,0,1,0,1,0,1,0,1,0,,,,,,,1.0,0.0,,,,,,,,,,,,,,,,,,,,
f2f1a51c-38b1-4835-89fc-fc236c225bb4,17695743,v1.14-1.15,0.0017479005978464008,2.0001346285308372,1,1,1,0,1,1,1,1,1,0,1,1,1,0,1,0,1,0,1,0,1,0,1,0,1,0,1,1,1,0,1,0,1,0,1,0,1,1,1,0,1,0,1,0,1.0,1.0,1.0,0.0,1.0,0.0,1,0,1,0,1,0,1,0,1,0,1.0,0.0,1.0,0.0,1.0,0.0,1.0,0.0,,,,,,,,,,,,,,,,,,,,
61aeacbe-4336-426d-a911-954747d8bea9,17630207,v1.12-1.13,0.0,2.000075154339133,1,0,1,0,1,0,1,1,1,0,1,0,1,0,1,0,1,0,1,0,1,0,1,0,1,0,1,1,1,0,1,0,1,0,1,0,1,1,1,0,1,0,1,0,,,,,,,1,0,1,0,1,0,1,0,1,0,1.0,0.0,,,,,1.0,0.0,,,,,,,,,,,,,,,,,,,,
ae5ee590-ea9d-4eae-a95c-28feb28f1748,17564416,v1.12-1.13,0.0,2.0047424665107414,1,1,1,0,1,1,1,1,1,0,1,1,1,0,1,0,1,0,1,0,1,0,1,0,1,0,1,0,1,0,1,0,1,0,1,0,1,1,1,0,1,0,1,0,,,,,,,1,0,1,0,1,0,1,0,1,0,,,,,,,1.0,0.0,,,,,,,,,,,,,,,,,,,,
e1467158-7a02-4c71-aa86-8d7eac4cd29a,17825920,v1.16+,0.0,2.0000010259745524,1,1,1,1,1,1,1,1,1,1,1,0,1,0,1,0,1,0,1,0,1,0,1,0,1,0,1,1,1,0,1,0,1,0,1,0,1,1,1,1,1,1,1,1,1.0,1.0,1.0,1.0,1.0,1.0,1,0,1,0,1,0,1,0,1,0,1.0,0.0,,,,,,,,,,,,,,,,,,,,,,,,,,
ad8189a9-30fc-45fe-8423-f0b0da43e71d,17694720,v1.14-1.15,0.0,2.000174812270811,1,1,1,0,1,1,1,1,1,0,1,1,1,0,1,0,1,0,1,0,1,0,1,0,1,0,1,1,1,0,1,0,1,0,1,0,1,1,1,0,1,0,1,0,1.0,1.0,1.0,0.0,1.0,0.0,1,0,1,0,1,0,1,0,1,0,1.0,0.0,1.0,0.0,1.0,0.0,1.0,0.0,,,,,,,,,,,,,,,,,,,,
7e847a0f-49e8-4ad6-9833-251886d7840a,17891583,v1.16+,0.0,2.000157064057728,1,0,1,0,1,0,1,0,1,0,1,0,1,0,1,0,1,0,1,1,1,1,1,1,1,0,1,1,1,0,1,0,1,0,1,0,1,1,1,0,1,0,1,0,1.0,1.0,1.0,1.0,1.0,1.0,1,0,1,0,1,0,1,0,1,0,1.0,0.0,,,,,,,,,,,,,,,,,,,,,,,,,,
ee749590-7488-43e6-90ab-0b956a20a7dd,17761535,v1.14-1.15,0.0,2.00007797589068,1,1,1,1,1,1,1,1,1,1,1,1,1,0,1,0,1,0,1,0,1,0,1,0,1,0,1,1,1,0,1,0,1,0,1,0,1,1,1,1,1,1,1,1,1.0,1.0,1.0,1.0,1.0,1.0,1,0,1,0,1,0,1,0,1,0,1.0,0.0,1.0,0.0,1.0,0.0,,,,,,,,,,,,,,,,,,,,,,
7020f74c-aca2-410b-b114-2b8fdfabe34a,17760384,v1.14-1.15,0.0,1.9999965240702122,1,1,1,1,1,1,1,1,1,1,1,1,1,0,1,0,1,0,1,0,1,0,1,0,1,1,1,1,1,0,1,0,1,1,1,1,1,0,1,1,1,1,1,1,1.0,1.0,1.0,1.0,1.0,1.0,1,0,1,0,1,0,1,0,1,1,1.0,1.0,,,,,,,,,,,,,,,,,,,,,,,,,,
950c54d6-22c4-41ce-b275-fd17795656a9,17564416,v1.12-1.13,0.00020990246923747376,2.008228981626507,1,1,1,0,1,1,1,1,1,0,1,0,1,0,1,0,1,0,1,0,1,0,1,0,1,0,1,1,1,0,1,0,1,0,1,0,1,1,1,1,1,0,1,0,,,,,,,1,0,1,0,1,0,1,0,1,0,,,,,,,1.0,0.0,,,,,,,,,,,,,,,,,,,,
d71b40d6-840b-430e-acac-6bd339a4539f,17694975,v1.14-1.15,0.0,2.000010190097168,1,0,1,0,1,0,1,0,1,0,1,0,1,0,1,0,1,0,1,0,1,0,1,0,1,1,1,1,1,0,1,0,1,1,1,0,1,1,1,0,1,0,1,0,1.0,1.0,1.0,0.0,1.0,0.0,1,0,1,0,1,0,1,0,1,1,1.0,1.0,1.0,0.0,1.0,0.0,1.0,0.0,,,,,,,,,,,,,,,,,,,,
6ca503cd-a60d-49b7-b32c-66518a900f3b,17761280,v1.14-1.15,0.0,1.9999279251781288,1,1,1,1,1,1,1,1,1,1,1,1,1,0,1,0,1,0,1,0,1,0,1,0,1,0,1,1,1,0,1,0,1,0,1,0,1,1,1,1,1,1,1,1,1.0,1.0,1.0,1.0,1.0,1.0,1,0,1,0,1,0,1,0,1,0,1.0,0.0,1.0,0.0,1.0,0.0,,,,,,,,,,,,,,,,,,,,,,
7a99ef29-7f2a-43c7-81b6-858e161558eb,17826047,v1.16+,0.0,2.000059509967387,1,1,1,1,1,1,1,1,1,1,1,1,1,0,1,0,1,0,1,0,1,0,1,0,1,0,1,1,1,0,1,0,1,0,1,0,1,1,1,1,1,1,1,1,1.0,1.0,1.0,1.0,1.0,1.0,1,0,1,0,1,0,1,0,1,0,1.0,0.0,,,,,,,,,,,,,,,,,,,,,,,,,,
f8feb808-bbdc-4979-ba6e-27fd1aaa69cb,17760384,v1.14-1.15,0.007785810482106987,1.9877145211665872,1,1,1,1,1,1,1,1,1,1,1,1,1,0,1,0,1,0,1,0,1,0,1,0,1,0,1,1,1,0,1,0,1,0,1,0,1,1,1,0,1,0,1,0,1.0,1.0,1.0,1.0,1.0,1.0,1,0,1,0,1,0,1,0,1,0,1.0,0.0,1.0,0.0,1.0,0.0,,,,,,,,,,,,,,,,,,,,,,
532da789-b291-445b-9d6d-1cd6c4aabd5c,17694912,v1.14-1.15,0.0,1.9999841075088372,1,1,1,0,1,1,1,1,1,0,1,1,1,0,1,0,1,0,1,0,1,0,1,0,1,1,1,1,1,0,1,0,1,0,1,0,1,1,1,0,1,0,1,0,1.0,1.0,1.0,0.0,1.0,0.0,1,0,1,0,1,0,1,0,1,1,1.0,0.0,1.0,0.0,1.0,0.0,1.0,0.0,,,,,,,,,,,,,,,,,,,,
6bb9d26a-c6ab-44b4-a3d7-c0c4708016df,17761535,v1.14-1.15,0.0,1.99995454918106,1,1,1,1,1,1,1,1,1,1,1,1,1,0,1,0,1,0,1,0,1,0,1,0,1,0,1,1,1,0,1,0,1,0,1,0,1,1,1,1,1,1,1,1,1.0,1.0,1.0,1.0,1.0,1.0,1,0,1,0,1,0,1,0,1,0,1.0,0.0,1.0,0.0,1.0,0.0,,,,,,,,,,,,,,,,,,,,,,
1b0d9d1d-517b-4377-b1d6-d1af3f0e6c02,17826047,v1.16+,0.0,1.9999143370025652,1,1,1,1,1,1,1,1,1,1,1,1,1,0,1,0,1,0,1,0,1,0,1,0,1,0,1,1,1,0,1,0,1,0,1,0,1,1,1,1,1,1,1,1,1.0,1.0,1.0,1.0,1.0,1.0,1,0,1,0,1,0,1,0,1,0,1.0,0.0,,,,,,,,,,,,,,,,,,,,,,,,,,
3b430ba8-3fcb-4b16-aa4e-9c86370350ca,17760384,v1.14-1.15,0.0,2.0001071543893727,1,1,1,1,1,1,1,1,1,1,1,1,1,0,1,0,1,0,1,0,1,0,1,0,1,0,1,1,1,0,1,0,1,0,1,0,1,1,1,1,1,1,1,1,1.0,1.0,1.0,1.0,1.0,1.0,1,0,1,0,1,0,1,0,1,0,1.0,0.0,,,,,,,,,,,,,,,,,,,,,,,,,,
2a9764cf-3c66-485d-99fc-e39cb25e7405,17630207,v1.12-1.13,0.000158134051922578,2.00016964105449,1,1,1,0,1,1,1,1,1,0,1,0,1,0,1,0,1,0,1,0,1,0,1,0,1,0,1,1,1,0,1,0,1,0,1,0,1,1,1,1,1,0,1,0,,,,,,,1,0,1,0,1,0,1,0,1,0,1.0,0.0,,,,,1.0,0.0,,,,,,,,,,,,,,,,,,,,
2ec29c3e-d652-492f-b3cd-6f2d91233620,17760256,v1.14-1.15,0.0,2.0003166126138403,1,0,1,0,1,0,1,0,1,0,1,0,1,0,1,0,1,0,1,0,1,0,1,0,1,0,1,1,1,0,1,0,1,1,1,1,1,0,1,0,1,0,1,0,1.0,1.0,1.0,1.0,1.0,1.0,1,0,1,0,1,0,1,0,1,1,1.0,1.0,1.0,1.0,1.0,1.0,,,,,,,,,,,,,,,,,,,,,,
d4ab7396-66e4-49cd-8367-b0a5fdeb2e73,17695743,v1.14-1.15,0.0062748854623872665,1.999795571459448,1,1,1,0,1,1,1,1,1,0,1,1,1,0,1,0,1,0,1,0,1,0,1,0,1,0,1,1,1,0,1,0,1,0,1,0,1,1,1,0,1,0,1,0,1.0,1.0,1.0,0.0,1.0,0.0,1,0,1,0,1,0,1,0,1,0,1.0,0.0,1.0,0.0,1.0,0.0,1.0,0.0,,,,,,,,,,,,,,,,,,,,
fd8bb625-0823-48b4-8a73-6d8996b323fb,17695488,v1.14-1.15,0.0,1.9999558255371168,1,0,1,0,1,0,1,0,1,0,1,0,1,0,1,0,1,0,1,0,1,0,1,0,1,0,1,1,1,0,1,0,1,0,1,0,1,0,1,0,1,0,1,0,1.0,1.0,1.0,0.0,1.0,0.0,1,0,1,0,1,0,1,0,1,0,1.0,0.0,1.0,0.0,1.0,0.0,1.0,0.0,,,,,,,,,,,,,,,,,,,,
7b2f9c46-3ab0-443b-81ec-25d60f398b0f,17695488,v1.14-1.15,0.00694900146880487,1.9800913128804989,1,0,1,0,1,0,1,0,1,0,1,0,1,0,1,0,1,0,1,0,1,0,1,0,1,1,1,1,1,0,1,0,1,1,1,0,1,1,1,0,1,0,1,0,1.0,1.0,1.0,0.0,1.0,0.0,1,0,1,0,1,0,1,0,1,1,1.0,1.0,1.0,0.0,1.0,0.0,1.0,0.0,,,,,,,,,,,,,,,,,,,,
a485ef0f-0e3f-40d5-9a1e-14a310aa6b76,17826047,v1.16+,0.0,2.000125761753666,1,1,1,1,1,1,1,1,1,1,1,1,1,0,1,0,1,0,1,0,1,0,1,0,1,0,1,1,1,0,1,0,1,0,1,0,1,1,1,1,1,1,1,1,1.0,1.0,1.0,1.0,1.0,1.0,1,0,1,0,1,0,1,0,1,0,1.0,0.0,,,,,,,,,,,,,,,,,,,,,,,,,,
024dfafe-ccc4-43d3-88a9-30f53d6bf905,17499135,v1.12-1.13,0.002499678222367961,5.003099391245799,1,1,1,1,1,1,1,1,1,1,1,0,1,0,1,1,1,0,1,0,1,1,1,0,1,0,1,1,1,0,1,0,1,0,1,1,1,1,1,1,1,0,1,0,,,,,,,1,0,1,0,1,0,1,0,1,0,,,,,,,1.0,0.0,1.0,0.0,1.0,0.0,1.0,0.0,1.0,0.0,1.0,0.0,1.0,0.0,,,,,,,,
a39f4d9e-f391-484b-8339-43f522617c95,17695743,v1.14-1.15,0.0,2.0000000473723176,1,1,1,0,1,1,1,1,1,0,1,0,1,0,1,0,1,0,1,0,1,0,1,0,1,1,1,1,1,0,1,0,1,0,1,0,1,0,1,0,1,0,1,0,1.0,1.0,1.0,0.0,1.0,0.0,1,0,1,0,1,0,1,0,1,1,1.0,1.0,1.0,0.0,1.0,0.0,1.0,0.0,,,,,,,,,,,,,,,,,,,,
fd6fd98c-88f8-4054-9f57-9fd21fa29765,17695488,v1.14-1.15,0.0,2.000128870578727,1,0,1,0,1,0,1,0,1,0,1,0,1,0,1,0,1,0,1,1,1,0,1,1,1,1,1,1,1,0,1,0,1,0,1,0,1,1,1,0,1,0,1,0,1.0,1.0,1.0,0.0,1.0,0.0,1,0,1,0,1,0,1,0,1,1,1.0,1.0,1.0,0.0,1.0,0.0,1.0,0.0,,,,,,,,,,,,,,,,,,,,
dad25ca3-2da6-427b-9d88-554a3a476432,17761280,v1.14-1.15,0.0,2.00019201843377,1,0,1,0,1,0,1,0,1,0,1,0,1,1,1,1,1,1,1,1,1,1,1,1,1,0,1,1,1,0,1,0,1,0,1,0,1,1,1,0,1,0,1,0,1.0,1.0,1.0,1.0,1.0,1.0,1,0,1,0,1,0,1,0,1,0,1.0,0.0,1.0,0.0,1.0,0.0,,,,,,,,,,,,,,,,,,,,,,
9522b0de-e418-441e-85fe-4455695582da,17760512,v1.14-1.15,0.0,2.0000824162993087,1,1,1,1,1,1,1,1,1,1,1,0,1,0,1,0,1,0,1,0,1,0,1,0,1,0,1,1,1,0,1,0,1,0,1,0,1,0,1,0,1,0,1,0,1.0,1.0,1.0,1.0,1.0,1.0,1,0,1,0,1,0,1,0,1,0,1.0,0.0,1.0,0.0,1.0,0.0,,,,,,,,,,,,,,,,,,,,,,
e5e74f5a-cee3-448e-bda0-c4cbcd86dbe7,17694975,v1.14-1.15,0.0,1.999914400060228,1,1,1,0,1,1,1,1,1,0,1,1,1,0,1,0,1,0,1,0,1,0,1,0,1,0,1,1,1,0,1,0,1,0,1,0,1,1,1,0,1,0,1,0,1.0,1.0,1.0,0.0,1.0,0.0,1,0,1,0,1,0,1,0,1,0,1.0,0.0,1.0,0.0,1.0,0.0,1.0,0.0,,,,,,,,,,,,,,,,,,,,
f0f5a5de-f2dc-49ae-8c68-70d1f8afe28c,17761535,v1.14-1.15,0.00012504119951222428,2.000044769214039,1,0,1,0,1,0,1,0,1,0,1,0,1,0,1,0,1,0,1,0,1,0,1,0,1,0,1,1,1,0,1,0,1,0,1,0,1,1,1,1,1,1,1,1,1.0,1.0,1.0,1.0,1.0,1.0,1,0,1,0,1,0,1,0,1,0,1.0,0.0,1.0,0.0,1.0,0.0,,,,,,,,,,,,,,,,,,,,,,
a6e57706-434e-4e6d-8eed-f9462430bbfe,17761535,v1.14-1.15,0.011118209921894903,1.9779812117756157,1,1,1,1,1,1,1,1,1,1,1,1,1,0,1,0,1,0,1,0,1,0,1,0,1,0,1,1,1,0,1,0,1,0,1,0,1,1,1,1,1,1,1,1,1.0,1.0,1.0,1.0,1.0,1.0,1,0,1,0,1,0,1,0,1,0,1.0,0.0,1.0,0.0,1.0,0.0,,,,,,,,,,,,,,,,,,,,,,
177cf559-e21a-4c38-adae-39c56586b1d5,17825984,v1.16+,0.0,2.0000621408195696,1,1,1,1,1,1,1,1,1,1,1,1,1,0,1,0,1,0,1,0,1,0,1,0,1,1,1,1,1,0,1,0,1,1,1,1,1,1,1,1,1,1,1,1,1.0,1.0,1.0,1.0,1.0,1.0,1,0,1,0,1,0,1,0,1,1,1.0,1.0,,,,,,,,,,,,,,,,,,,,,,,,,,
9f3e222f-d4ae-4521-9137-c228e351b9d2,17761280,v1.14-1.15,0.0,2.0000007289722284,1,1,1,1,1,1,1,1,1,1,1,1,1,0,1,0,1,0,1,0,1,0,1,0,1,0,1,1,1,0,1,0,1,0,1,0,1,1,1,1,1,1,1,1,1.0,1.0,1.0,1.0,1.0,1.0,1,0,1,0,1,0,1,0,1,0,1.0,0.0,1.0,0.0,1.0,0.0,,,,,,,,,,,,,,,,,,,,,,
5c388b31-f104-46f5-8237-37c23de8c612,17695488,v1.14-1.15,0.0,2.0000145264212974,1,0,1,0,1,0,1,0,1,0,1,0,1,0,1,0,1,0,1,0,1,0,1,0,1,1,1,1,1,0,1,0,1,1,1,0,1,1,1,0,1,0,1,0,1.0,1.0,1.0,0.0,1.0,0.0,1,0,1,0,1,0,1,0,1,1,1.0,1.0,1.0,0.0,1.0,0.0,1.0,0.0,,,,,,,,,,,,,,,,,,,,
32620404-0e51-4336-8994-af3a9bbd68d7,17826047,v1.16+,0.0060656773378749,1.9999990454550012,1,1,1,1,1,1,1,1,1,1,1,1,1,0,1,0,1,0,1,0,1,0,1,0,1,0,1,1,1,0,1,0,1,0,1,0,1,0,1,1,1,1,1,1,1.0,1.0,1.0,1.0,1.0,1.0,1,0,1,0,1,0,1,0,1,0,1.0,0.0,,,,,,,,,,,,,,,,,,,,,,,,,,
d929b5bd-fafb-4bc4-8ec8-8c162740463a,17695743,v1.14-1.15,0.0,2.000025869409101,1,1,1,0,1,1,1,1,1,0,1,0,1,0,1,0,1,0,1,0,1,0,1,0,1,0,1,1,1,0,1,0,1,0,1,0,1,1,1,0,1,0,1,0,1.0,1.0,1.0,0.0,1.0,0.0,1,0,1,0,1,0,1,0,1,0,1.0,0.0,1.0,0.0,1.0,0.0,1.0,0.0,,,,,,,,,,,,,,,,,,,,
dc0331e5-8783-446e-bec8-1c39b9b97201,17695743,v1.14-1.15,0.0012665433461827734,1.9990458992921447,1,1,1,0,1,1,1,1,1,0,1,1,1,0,1,0,1,0,1,0,1,0,1,0,1,1,1,1,1,0,1,0,1,0,1,0,1,1,1,0,1,0,1,0,1.0,1.0,1.0,0.0,1.0,0.0,1,0,1,0,1,0,1,0,1,1,1.0,1.0,1.0,0.0,1.0,0.0,1.0,0.0,,,,,,,,,,,,,,,,,,,,
b2adde79-1d5d-43ae-a62a-01a4f65a6780,17825792,v1.16+,0.0,1.9998100288570426,1,1,1,1,1,1,1,1,1,1,1,1,1,0,1,0,1,0,1,0,1,0,1,0,1,0,1,1,1,0,1,0,1,0,1,0,1,1,1,1,1,1,1,1,1.0,1.0,1.0,1.0,1.0,1.0,1,0,1,0,1,0,1,0,1,0,1.0,0.0,,,,,,,,,,,,,,,,,,,,,,,,,,
c1715cf2-7de9-4645-83c6-ecfefbf1ec4c,17826240,v1.16+,0.006369858682565966,1.990700816330901,1,1,1,1,1,1,1,1,1,1,1,1,1,0,1,0,1,0,1,0,1,0,1,0,1,0,1,1,1,0,1,0,1,0,1,0,1,1,1,1,1,1,1,1,1.0,1.0,1.0,1.0,1.0,1.0,1,0,1,0,1,0,1,0,1,0,1.0,0.0,,,,,,,,,,,,,,,,,,,,,,,,,,
ba984ea3-d670-4bc3-a345-90e5f3dbe46f,17629951,v1.12-1.13,0.0,2.000234002375353,1,1,1,0,1,1,1,1,1,0,1,0,1,0,1,0,1,0,1,0,1,0,1,0,1,0,1,1,1,0,1,0,1,0,1,0,1,1,1,0,1,0,1,0,,,,,,,1,0,1,0,1,0,1,0,1,0,1.0,0.0,,,,,1.0,0.0,,,,,,,,,,,,,,,,,,,,
7bdda9c9-3196-474a-b23f-08a5512ff746,17761280,v1.14-1.15,0.0,2.0009234569588243,1,0,1,0,1,0,1,0,1,0,1,0,1,0,1,0,1,0,1,0,1,0,1,0,1,1,1,1,1,0,1,0,1,1,1,1,1,1,1,1,1,1,1,1,1.0,1.0,1.0,1.0,1.0,1.0,1,0,1,0,1,0,1,0,1,0,1.0,1.0,1.0,1.0,1.0,1.0,,,,,,,,,,,,,,,,,,,,,,
d134501a-a5e6-4d6f-8bec-98e9b6900220,17891583,v1.16+,0.0,2.0000217920355507,1,0,1,0,1,0,1,0,1,0,1,0,1,0,1,0,1,0,1,1,1,1,1,1,1,0,1,1,1,0,1,0,1,0,1,0,1,1,1,1,1,1,1,1,1.0,1.0,1.0,1.0,1.0,1.0,1,0,1,0,1,0,1,0,1,0,1.0,0.0,,,,,,,,,,,,,,,,,,,,,,,,,,
e36d133c-2a6b-4841-88de-88111f4a3b65,17891392,v1.16+,0.0,1.9999874286504484,1,0,1,0,1,0,1,0,1,0,1,0,1,0,1,0,1,0,1,1,1,1,1,1,1,1,1,0,1,0,1,0,1,1,1,1,1,0,1,1,1,1,1,1,1.0,1.0,1.0,1.0,1.0,1.0,1,0,1,0,1,0,1,0,1,1,1.0,1.0,,,,,,,,,,,,,,,,,,,,,,,,,,
7912af2e-49be-4a26-8a0a-f5b3be761d20,17761023,v1.14-1.15,0.00239735461059713,2.0000073391573663,1,0,1,0,1,0,1,0,1,0,1,0,1,0,1,0,1,0,1,0,1,0,1,0,1,1,1,1,1,0,1,0,1,1,1,1,1,0,1,0,1,0,1,0,1.0,1.0,1.0,1.0,1.0,1.0,1,0,1,0,1,0,1,0,1,1,1.0,1.0,1.0,1.0,1.0,1.0,,,,,,,,,,,,,,,,,,,,,,
d7dcd6b6-cbf4-4dac-8f7c-ad4c67d13959,17760767,v1.14-1.15,0.0,2.000056622292652,1,1,1,1,1,1,1,1,1,1,1,1,1,0,1,0,1,0,1,0,1,0,1,0,1,0,1,1,1,0,1,0,1,0,1,0,1,1,1,1,1,1,1,1,1.0,1.0,1.0,1.0,1.0,1.0,1,0,1,0,1,0,1,0,1,1,1.0,1.0,1.0,0.0,1.0,0.0,,,,,,,,,,,,,,,,,,,,,,
66d16349-dc11-4803-862a-f0bcbfe93c85,17695488,v1.14-1.15,0.0,2.0001826927431328,1,0,1,0,1,0,1,0,1,0,1,0,1,0,1,0,1,0,1,1,1,0,1,1,1,0,1,1,1,0,1,0,1,0,1,0,1,1,1,0,1,0,1,0,1.0,1.0,1.0,0.0,1.0,0.0,1,0,1,0,1,0,1,0,1,0,1.0,0.0,1.0,0.0,1.0,0.0,1.0,0.0,,,,,,,,,,,,,,,,,,,,
a44b87c3-7c8d-4f62-85db-89a7b7396a62,17761280,v1.14-1.15,0.0,2.000000790224345,1,1,1,1,1,1,1,1,1,1,1,1,1,0,1,0,1,0,1,0,1,0,1,0,1,0,1,1,1,0,1,0,1,0,1,0,1,1,1,1,1,1,1,1,1.0,1.0,1.0,1.0,1.0,1.0,1,0,1,0,1,0,1,0,1,0,1.0,0.0,1.0,0.0,1.0,0.0,,,,,,,,,,,,,,,,,,,,,,
be37be26-c9a0-4512-9a8e-ea6770bb2b04,17761280,v1.14-1.15,0.0,2.001888223156744,1,1,1,1,1,1,1,0,1,0,1,0,1,0,1,0,1,0,1,0,1,0,1,0,1,1,1,1,1,0,1,0,1,0,1,0,1,1,1,1,1,1,1,1,1.0,1.0,1.0,1.0,1.0,1.0,1,0,1,0,1,0,1,0,1,1,1.0,1.0,1.0,0.0,1.0,0.0,,,,,,,,,,,,,,,,,,,,,,
8b76b485-4bae-4f68-9823-4f20b86dd5e1,17694720,v1.14-1.15,0.0,93.493946477074,1,0,1,0,1,0,1,0,1,0,1,0,1,1,1,0,1,1,1,1,1,0,1,1,1,0,1,1,1,0,1,0,1,0,1,0,1,0,1,0,1,0,1,0,1.0,1.0,1.0,0.0,1.0,0.0,1,0,1,0,1,0,1,0,1,1,1.0,1.0,1.0,0.0,1.0,0.0,1.0,0.0,,,,,,,,,,,,,,,,,,,,
84d66c2e-28a7-40fc-a35f-4cefe3511f2a,17826240,v1.16+,0.0,2.0000166336461915,1,1,1,1,1,1,1,1,1,1,1,1,1,0,1,0,1,0,1,0,1,0,1,0,1,0,1,1,1,0,1,0,1,0,1,0,1,1,1,1,1,1,1,1,1.0,1.0,1.0,1.0,1.0,1.0,1,0,1,0,1,0,1,0,1,0,1.0,0.0,,,,,,,,,,,,,,,,,,,,,,,,,,
2900b704-34f0-47c5-841a-fee682aebbe3,17760767,v1.14-1.15,0.0,2.000000940594502,1,1,1,1,1,1,1,1,1,1,1,1,1,0,1,0,1,0,1,0,1,0,1,0,1,0,1,1,1,0,1,0,1,0,1,0,1,1,1,1,1,1,1,1,1.0,1.0,1.0,1.0,1.0,1.0,1,0,1,0,1,0,1,0,1,0,1.0,0.0,1.0,0.0,1.0,0.0,,,,,,,,,,,,,,,,,,,,,,
3a792e3b-e28d-4890-acf7-bef391a030f4,17629952,v1.12-1.13,0.0,2.000000159292048,1,1,1,0,1,1,1,1,1,0,1,0,1,0,1,0,1,0,1,0,1,0,1,0,1,0,1,1,1,0,1,0,1,0,1,0,1,1,1,1,1,0,1,0,,,,,,,1,0,1,0,1,0,1,0,1,0,1.0,0.0,,,,,1.0,0.0,,,,,,,,,,,,,,,,,,,,
4ca6bef2-bfc3-4e1a-ba36-84cfb71831b5,17761280,v1.14-1.15,0.0,1.999981701316848,1,1,1,1,1,1,1,1,1,1,1,1,1,0,1,0,1,0,1,0,1,0,1,0,1,0,1,1,1,0,1,0,1,0,1,0,1,1,1,1,1,1,1,1,1.0,1.0,1.0,1.0,1.0,1.0,1,0,1,0,1,0,1,0,1,0,1.0,0.0,1.0,0.0,1.0,0.0,,,,,,,,,,,,,,,,,,,,,,
ebae68ae-52b1-41dd-9970-9582f7c5eb83,17760256,v1.14-1.15,0.0,1.9999624712924504,1,0,1,0,1,0,1,0,1,0,1,0,1,0,1,0,1,0,1,1,1,1,1,1,1,1,1,1,1,0,1,0,1,1,1,1,1,1,1,1,1,1,1,1,1.0,1.0,1.0,1.0,1.0,1.0,1,0,1,0,1,0,1,0,1,1,1.0,1.0,1.0,1.0,1.0,1.0,,,,,,,,,,,,,,,,,,,,,,
8a028cb3-f857-4b19-876a-140c4eff0dbb,17891392,v1.16+,0.0,100.00363616530008,1,1,1,1,1,1,1,1,1,1,1,1,1,0,1,0,1,0,1,0,1,0,1,0,1,0,1,1,1,0,1,0,1,0,1,0,1,1,1,1,1,1,1,1,1.0,1.0,1.0,1.0,1.0,1.0,1,0,1,0,1,0,1,0,1,0,1.0,0.0,,,,,,,,,,,,,,,,,,,,,,,,,,
fdc4b11c-5ed2-4659-b33e-a17af9818686,17761535,v1.14-1.15,0.0,2.000003632793484,1,1,1,1,1,1,1,1,1,1,1,1,1,0,1,0,1,0,1,0,1,0,1,0,1,0,1,1,1,0,1,0,1,0,1,0,1,1,1,1,1,1,1,1,1.0,1.0,1.0,1.0,1.0,1.0,1,0,1,0,1,0,1,0,1,0,1.0,0.0,1.0,0.0,1.0,0.0,,,,,,,,,,,,,,,,,,,,,,
e7011e7b-827d-47af-b3bf-877b1ed062c5,17891583,v1.16+,0.0,2.0000041793809307,1,1,1,1,1,1,1,1,1,1,1,1,1,0,1,0,1,0,1,0,1,0,1,0,1,0,1,1,1,0,1,0,1,0,1,0,1,1,1,1,1,1,1,1,1.0,1.0,1.0,1.0,1.0,1.0,1,0,1,0,1,0,1,0,1,0,1.0,0.0,,,,,,,,,,,,,,,,,,,,,,,,,,
f5f56608-6a1d-4e06-b993-fcc090b8ee11,17761280,v1.14-1.15,0.0,1.999959139296354,1,1,1,1,1,1,1,1,1,1,1,1,1,0,1,0,1,0,1,0,1,0,1,0,1,0,1,0,1,0,1,0,1,0,1,0,1,1,1,1,1,1,1,1,1.0,1.0,1.0,1.0,1.0,1.0,1,0,1,0,1,0,1,0,1,0,1.0,0.0,1.0,0.0,1.0,0.0,,,,,,,,,,,,,,,,,,,,,,
863185c5-a009-4a66-85af-7e0e2aec28a4,17629952,v1.12-1.13,0.0,2.0001308238435036,1,0,1,0,1,0,1,0,1,0,1,0,1,0,1,0,1,0,1,1,1,0,1,1,1,0,1,0,1,0,1,0,1,0,1,0,1,1,1,0,1,0,1,0,,,,,,,1,0,1,0,1,0,1,0,1,0,1.0,0.0,,,,,1.0,0.0,,,,,,,,,,,,,,,,,,,,
5a0d58dc-4a59-4ebd-987b-bdfb120c4b31,17826047,v1.16+,0.0,2.0000921538719076,1,0,1,0,1,0,1,0,1,0,1,0,1,0,1,0,1,0,1,1,1,1,1,1,1,0,1,1,1,0,1,0,1,0,1,0,1,1,1,0,1,0,1,0,1.0,1.0,1.0,1.0,1.0,1.0,1,0,1,0,1,0,1,0,1,0,1.0,0.0,,,,,,,,,,,,,,,,,,,,,,,,,,
7b277ff8-fc34-4ec3-8db2-dbe0c16bf97a,17695488,v1.14-1.15,0.0,1.999999072961803,1,0,1,0,1,0,1,0,1,0,1,0,1,0,1,0,1,0,1,0,1,0,1,0,1,0,1,1,1,0,1,0,1,0,1,0,1,0,1,0,1,0,1,0,1.0,1.0,1.0,0.0,1.0,0.0,1,0,1,0,1,0,1,0,1,0,1.0,0.0,1.0,0.0,1.0,0.0,1.0,0.0,,,,,,,,,,,,,,,,,,,,
70f6a958-c572-4a5b-b344-2af80ee6cace,17564416,v1.12-1.13,0.0,2.0128006686703306,1,0,1,0,1,0,1,1,1,0,1,0,1,0,1,0,1,0,1,0,1,0,1,0,1,0,1,1,1,0,1,0,1,0,1,0,1,1,1,0,1,0,1,0,,,,,,,1,0,1,0,1,0,1,0,1,0,,,,,,,1.0,0.0,,,,,,,,,,,,,,,,,,,,
14b9f2d0-6efa-4a36-8e2d-b1f2a78ea855,17760448,v1.14-1.15,0.0,2.0000536256802426,1,0,1,0,1,0,1,0,1,0,1,0,1,0,1,0,1,0,1,0,1,0,1,0,1,0,1,1,1,0,1,0,1,0,1,0,1,1,1,1,1,1,1,1,1.0,1.0,1.0,1.0,1.0,1.0,1,0,1,0,1,0,1,0,1,0,1.0,0.0,1.0,0.0,1.0,0.0,,,,,,,,,,,,,,,,,,,,,,
92ff180d-fd5f-41d1-abbd-1c28ca4ee5f3,17695488,v1.14-1.15,0.0,2.0001431054769516,1,1,1,0,1,1,1,1,1,0,1,1,1,0,1,0,1,0,1,0,1,0,1,0,1,1,1,1,1,0,1,0,1,1,1,0,1,0,1,0,1,0,1,0,1.0,1.0,1.0,0.0,1.0,0.0,1,0,1,0,1,0,1,0,1,1,1.0,1.0,1.0,1.0,1.0,0.0,1.0,0.0,,,,,,,,,,,,,,,,,,,,
243cfd20-474e-483f-89dd-77691e4f30b5,17695743,v1.14-1.15,0.0,1.999980622036494,1,0,1,0,1,0,1,0,1,0,1,0,1,0,1,0,1,0,1,1,1,0,1,1,1,0,1,1,1,0,1,0,1,0,1,0,1,1,1,0,1,0,1,0,1.0,1.0,1.0,0.0,1.0,0.0,1,0,1,0,1,0,1,0,1,0,1.0,0.0,1.0,0.0,1.0,0.0,1.0,0.0,,,,,,,,,,,,,,,,,,,,
0da24704-e1a5-4491-bee4-e3739985a102,17760256,v1.14-1.15,0.0003718166804245724,1.9999895193427564,1,1,1,1,1,1,1,1,1,1,1,1,1,0,1,0,1,0,1,0,1,0,1,0,1,1,1,1,1,0,1,0,1,0,1,0,1,0,1,0,1,0,1,0,1.0,1.0,1.0,1.0,1.0,1.0,1,0,1,0,1,0,1,0,1,1,1.0,1.0,1.0,0.0,1.0,0.0,,,,,,,,,,,,,,,,,,,,,,
a22d0670-0675-4d3f-b7d6-db142cef4c5f,17694720,v1.14-1.15,0.0,2.0000665678721328,1,1,1,0,1,1,1,1,1,0,1,1,1,0,1,0,1,0,1,0,1,0,1,0,1,0,1,1,1,0,1,0,1,0,1,0,1,1,1,0,1,0,1,0,1.0,1.0,1.0,0.0,1.0,0.0,1,0,1,0,1,0,1,0,1,0,1.0,0.0,1.0,0.0,1.0,0.0,1.0,0.0,,,,,,,,,,,,,,,,,,,,
5c822c19-20ec-41b6-9c2c-18885e30abc5,17826240,v1.16+,0.0,2.0001639245456384,1,0,1,0,1,0,1,0,1,0,1,0,1,0,1,0,1,0,1,0,1,0,1,1,1,1,1,1,1,0,1,0,1,0,1,0,1,1,1,1,1,1,1,1,1.0,1.0,1.0,1.0,1.0,1.0,1,0,1,0,1,0,1,0,1,1,1.0,1.0,,,,,,,,,,,,,,,,,,,,,,,,,,
ce3951ee-bc39-44fc-b01d-91e84a5dc082,17498367,v1.12-1.13,0.0,5.015397736878632,1,0,1,1,1,0,1,1,1,1,1,0,1,0,1,1,1,0,1,0,1,1,1,0,1,0,1,1,1,0,1,0,1,0,1,1,1,1,1,1,1,0,1,0,,,,,,,1,0,1,0,1,0,1,0,1,0,,,,,,,1.0,0.0,1.0,0.0,1.0,0.0,1.0,0.0,1.0,0.0,1.0,0.0,1.0,0.0,,,,,,,,
e254e356-c46a-4ddb-8982-b04dc2b83ec0,17630207,v1.12-1.13,0.010967182997530614,1.979882108121901,1,1,1,0,1,1,1,1,1,0,1,0,1,0,1,0,1,0,1,0,1,0,1,0,1,1,1,0,1,0,1,0,1,0,1,0,1,1,1,1,1,0,1,0,,,,,,,1,0,1,0,1,0,1,0,1,1,1.0,1.0,,,,,1.0,0.0,,,,,,,,,,,,,,,,,,,,
cbca1c94-96a5-4ba1-a256-805ed47a53cb,17760512,v1.14-1.15,0.0,2.000000910180055,1,1,1,1,1,1,1,1,1,1,1,1,1,0,1,0,1,0,1,0,1,0,1,0,1,0,1,1,1,0,1,0,1,0,1,0,1,1,1,1,1,1,1,1,1.0,1.0,1.0,1.0,1.0,1.0,1,0,1,0,1,0,1,0,1,0,1.0,0.0,,,,,,,,,,,,,,,,,,,,,,,,,,
0276a99f-57a5-47cf-83a9-2575a541688e,17761280,v1.14-1.15,0.0,2.0001660367714664,1,0,1,0,1,0,1,0,1,0,1,0,1,0,1,0,1,0,1,0,1,0,1,0,1,1,1,1,1,0,1,0,1,1,1,1,1,0,1,0,1,0,1,0,1.0,1.0,1.0,1.0,1.0,1.0,1,0,1,0,1,0,1,0,1,1,1.0,1.0,1.0,1.0,1.0,1.0,,,,,,,,,,,,,,,,,,,,,,
cb34893c-9790-43f8-aa77-b89051022ac0,17761535,v1.14-1.15,0.0,2.0000172163644163,1,1,1,1,1,1,1,1,1,1,1,1,1,0,1,0,1,0,1,0,1,0,1,0,1,0,1,1,1,0,1,0,1,0,1,0,1,0,1,0,1,0,1,0,1.0,1.0,1.0,1.0,1.0,1.0,1,0,1,0,1,0,1,0,1,0,1.0,0.0,1.0,0.0,1.0,0.0,,,,,,,,,,,,,,,,,,,,,,
d446d5a5-b042-4c4c-8257-2a23974ce879,17694848,v1.14-1.15,0.007997556227169496,1.9811681601446023,1,0,1,0,1,0,1,0,1,0,1,0,1,0,1,0,1,0,1,0,1,0,1,0,1,0,1,1,1,0,1,0,1,0,1,0,1,0,1,0,1,0,1,0,1.0,1.0,1.0,1.0,1.0,1.0,1,0,1,0,1,0,1,0,1,0,1.0,0.0,,,,,,,,,,,,,,,,,,,,,,,,,,
34d00133-1ad0-4c5b-9646-63f79d5a88c6,17629952,v1.12-1.13,0.0,2.000060446271265,1,1,1,0,1,1,1,1,1,0,1,0,1,0,1,0,1,0,1,0,1,0,1,0,1,0,1,1,1,0,1,0,1,0,1,0,1,1,1,1,1,0,1,0,,,,,,,1,0,1,0,1,0,1,0,1,0,1.0,0.0,,,,,1.0,0.0,,,,,,,,,,,,,,,,,,,,
7db77edf-9eb8-45b3-a6ef-c3b1ebdcb6ed,17694720,v1.14-1.15,9.239374357613248e-05,119.4763913842051,1,1,1,0,1,1,1,1,1,0,1,1,1,1,1,0,1,1,1,1,1,0,1,1,1,1,1,1,1,0,1,0,1,0,1,0,1,1,1,0,1,0,1,0,1.0,1.0,1.0,0.0,1.0,0.0,1,0,1,0,1,0,1,0,1,0,1.0,1.0,1.0,0.0,1.0,0.0,1.0,0.0,,,,,,,,,,,,,,,,,,,,
77af1d37-a1e9-4bdd-b356-45bc24f36dcb,17695999,v1.14-1.15,0.008725469030534625,1.9862039269715743,1,1,1,0,1,1,1,1,1,0,1,1,1,0,1,0,1,0,1,0,1,0,1,0,1,0,1,1,1,0,1,0,1,0,1,0,1,1,1,0,1,0,1,0,1.0,1.0,1.0,0.0,1.0,0.0,1,0,1,0,1,0,1,0,1,0,1.0,0.0,1.0,0.0,1.0,0.0,1.0,0.0,,,,,,,,,,,,,,,,,,,,
809e2554-0c7f-462a-aace-736b8a53725e,17760768,v1.14-1.15,0.01052257738466326,1.9786349593063173,1,1,1,1,1,1,1,1,1,1,1,1,1,0,1,0,1,0,1,0,1,0,1,0,1,0,1,1,1,0,1,0,1,0,1,0,1,1,1,1,1,1,1,1,1.0,1.0,1.0,1.0,1.0,1.0,1,0,1,0,1,0,1,0,1,0,1.0,0.0,1.0,0.0,1.0,0.0,,,,,,,,,,,,,,,,,,,,,,
7e050b5c-7a11-4fc9-adff-c841b465f3c7,17695488,v1.14-1.15,0.014060810203949432,1.9694852201951134,1,1,1,0,1,1,1,1,1,0,1,1,1,0,1,0,1,0,1,0,1,0,1,0,1,1,1,1,1,0,1,0,1,1,1,0,1,1,1,0,1,0,1,0,1.0,1.0,1.0,0.0,1.0,0.0,1,0,1,0,1,0,1,0,1,1,1.0,1.0,1.0,1.0,1.0,0.0,1.0,0.0,,,,,,,,,,,,,,,,,,,,
8b660e12-a274-4b00-8cc8-28b8eee3aa94,17891392,v1.16+,0.0,2.0001650039032834,1,1,1,1,1,1,1,1,1,1,1,1,1,0,1,0,1,0,1,0,1,0,1,0,1,0,1,1,1,0,1,0,1,0,1,0,1,1,1,1,1,1,1,1,1.0,1.0,1.0,1.0,1.0,1.0,1,0,1,0,1,0,1,0,1,0,1.0,0.0,,,,,,,,,,,,,,,,,,,,,,,,,,
4ce00300-e081-4945-ab2b-03baccc2beb4,17826559,v1.16+,0.0,2.0001191772256637,1,1,1,1,1,1,1,1,1,1,1,1,1,0,1,0,1,0,1,0,1,0,1,0,1,0,1,1,1,0,1,0,1,0,1,0,1,1,1,1,1,1,1,1,1.0,1.0,1.0,1.0,1.0,1.0,1,0,1,0,1,0,1,0,1,0,1.0,0.0,,,,,,,,,,,,,,,,,,,,,,,,,,
88c93520-b757-4cdc-b4bc-7a0f6bb00a48,17761535,v1.14-1.15,0.0,2.000006536236757,1,1,1,1,1,1,1,1,1,1,1,1,1,0,1,0,1,0,1,0,1,0,1,0,1,0,1,1,1,0,1,0,1,0,1,0,1,1,1,1,1,1,1,1,1.0,1.0,1.0,1.0,1.0,1.0,1,0,1,0,1,0,1,0,1,0,1.0,0.0,1.0,0.0,1.0,0.0,,,,,,,,,,,,,,,,,,,,,,
853e6df8-7902-45e4-9488-43eaa297b621,17825856,v1.16+,0.0,100.00931272117714,1,1,1,1,1,1,1,1,1,1,1,1,1,0,1,0,1,0,1,0,1,0,1,0,1,0,1,1,1,0,1,0,1,0,1,0,1,1,1,1,1,1,1,1,1.0,1.0,1.0,1.0,1.0,1.0,1,0,1,0,1,0,1,0,1,0,1.0,0.0,,,,,,,,,,,,,,,,,,,,,,,,,,
7156f58b-13ce-40fc-b992-9df083f2bf16,17564416,v1.12-1.13,0.000693301144954195,1.999934666552512,1,1,1,0,1,1,1,1,1,0,1,0,1,0,1,0,1,0,1,0,1,0,1,0,1,1,1,0,1,0,1,0,1,0,1,0,1,1,1,0,1,0,1,0,,,,,,,1,0,1,0,1,0,1,0,1,1,,,,,,,1.0,0.0,,,,,,,,,,,,,,,,,,,,
37fe8154-887f-4817-ad67-efe555f3240e,17694720,v1.14-1.15,0.0,2.0000256485701264,1,1,1,0,1,1,1,1,1,0,1,1,1,0,1,0,1,0,1,0,1,0,1,0,1,0,1,1,1,0,1,0,1,0,1,0,1,0,1,0,1,0,1,0,1.0,1.0,1.0,0.0,1.0,0.0,1,0,1,0,1,0,1,0,1,0,1.0,0.0,1.0,0.0,1.0,0.0,1.0,0.0,,,,,,,,,,,,,,,,,,,,
687a0b17-6ba5-4861-a99c-3fe9c922fbf8,17695744,v1.14-1.15,0.0,2.000094316135869,1,0,1,0,1,0,1,0,1,0,1,0,1,0,1,0,1,0,1,1,1,0,1,1,1,0,1,1,1,0,1,0,1,0,1,0,1,1,1,0,1,0,1,0,1.0,1.0,1.0,0.0,1.0,0.0,1,0,1,0,1,0,1,0,1,0,1.0,0.0,1.0,0.0,1.0,0.0,1.0,0.0,,,,,,,,,,,,,,,,,,,,
56f5cdf0-d81e-4424-9c4d-a590c313877a,17629696,v1.12-1.13,0.0,2.000027368795573,1,1,1,0,1,1,1,1,1,0,1,0,1,0,1,0,1,0,1,0,1,0,1,0,1,0,1,1,1,0,1,0,1,0,1,0,1,1,1,1,1,0,1,0,,,,,,,1,0,1,0,1,0,1,0,1,0,1.0,0.0,,,,,1.0,0.0,,,,,,,,,,,,,,,,,,,,
2116ed48-a7cd-421b-8ff8-ba7bfd200540,17695743,v1.14-1.15,0.0,2.0000659859168364,1,0,1,0,1,0,1,0,1,0,1,0,1,0,1,0,1,0,1,0,1,0,1,0,1,0,1,1,1,0,1,0,1,0,1,0,1,0,1,0,1,0,1,0,1.0,1.0,1.0,0.0,1.0,0.0,1,0,1,0,1,0,1,0,1,0,1.0,0.0,1.0,0.0,1.0,0.0,1.0,0.0,,,,,,,,,,,,,,,,,,,,
18eaeb4a-b2b2-47e3-b5f2-486a540c36e5,17761535,v1.14-1.15,0.0,2.0000183769349453,1,0,1,0,1,0,1,0,1,0,1,0,1,0,1,0,1,0,1,0,1,0,1,0,1,1,1,1,1,0,1,0,1,1,1,1,1,0,1,0,1,0,1,0,1.0,1.0,1.0,1.0,1.0,1.0,1,0,1,0,1,0,1,0,1,1,1.0,1.0,1.0,1.0,1.0,1.0,,,,,,,,,,,,,,,,,,,,,,
8199525e-929d-4152-93c3-cb634d2a2899,17826047,v1.16+,0.019943764731823035,1.9321086909977212,1,1,1,1,1,1,1,1,1,1,1,1,1,0,1,0,1,0,1,0,1,0,1,0,1,0,1,1,1,0,1,0,1,0,1,0,1,1,1,1,1,1,1,1,1.0,1.0,1.0,1.0,1.0,1.0,1,0,1,0,1,0,1,0,1,0,1.0,0.0,,,,,,,,,,,,,,,,,,,,,,,,,,
0bce8130-7392-4607-bd94-0b8c1e468503,17761535,v1.14-1.15,0.0,2.000146531743393,1,1,1,1,1,1,1,1,1,1,1,1,1,0,1,0,1,0,1,0,1,0,1,0,1,0,1,1,1,0,1,0,1,0,1,0,1,1,1,1,1,1,1,1,1.0,1.0,1.0,1.0,1.0,1.0,1,0,1,0,1,0,1,0,1,0,1.0,0.0,1.0,0.0,1.0,0.0,,,,,,,,,,,,,,,,,,,,,,
9e4fd279-62ff-433c-ac02-57e10da00fdf,17630207,v1.12-1.13,0.0,2.000222447273855,1,1,1,0,1,1,1,1,1,0,1,0,1,0,1,0,1,0,1,0,1,0,1,0,1,0,1,1,1,0,1,0,1,0,1,0,1,1,1,1,1,0,1,0,,,,,,,1,0,1,0,1,0,1,0,1,0,1.0,0.0,,,,,1.0,0.0,,,,,,,,,,,,,,,,,,,,
e16b2007-25a7-49a0-91bb-935ecfdff6cd,17695488,v1.14-1.15,0.0,1.9999839177400314,1,1,1,0,1,1,1,1,1,0,1,1,1,0,1,0,1,0,1,0,1,0,1,0,1,1,1,1,1,0,1,0,1,0,1,0,1,0,1,0,1,0,1,0,1.0,1.0,1.0,0.0,1.0,0.0,1,0,1,0,1,0,1,0,1,0,1.0,0.0,1.0,0.0,1.0,0.0,1.0,0.0,,,,,,,,,,,,,,,,,,,,
5e8284b2-deca-4b1c-9fe9-3826c8f48feb,17695744,v1.14-1.15,0.0,2.000153254985889,1,1,1,0,1,1,1,1,1,0,1,1,1,0,1,0,1,0,1,0,1,0,1,0,1,0,1,1,1,0,1,0,1,0,1,0,1,1,1,0,1,0,1,0,1.0,1.0,1.0,0.0,1.0,0.0,1,0,1,0,1,0,1,0,1,0,1.0,0.0,1.0,0.0,1.0,0.0,1.0,0.0,,,,,,,,,,,,,,,,,,,,
fac91c48-5e75-4120-92ac-69a052859dc5,17826240,v1.16+,7.13307235085985e-05,2.000113754972723,1,0,1,0,1,0,1,0,1,0,1,0,1,0,1,0,1,0,1,1,1,1,1,1,1,1,1,1,1,0,1,0,1,0,1,0,1,1,1,0,1,0,1,0,1.0,1.0,1.0,1.0,1.0,1.0,1,0,1,0,1,0,1,0,1,1,1.0,1.0,,,,,,,,,,,,,,,,,,,,,,,,,,
8f7541ac-3bf9-4a60-8c4b-82d5d34373a6,17629951,v1.12-1.13,0.0004697803032393579,2.0001583283224105,1,1,1,0,1,1,1,1,1,0,1,0,1,0,1,0,1,0,1,0,1,0,1,0,1,0,1,1,1,0,1,0,1,0,1,0,1,1,1,1,1,0,1,0,,,,,,,1,0,1,0,1,0,1,0,1,0,1.0,0.0,,,,,1.0,0.0,,,,,,,,,,,,,,,,,,,,
86c577ed-a6e4-4ac9-a60c-92a2c6a11de4,17760511,v1.14-1.15,0.004513496639621697,1.9923302946464936,1,1,1,1,1,1,1,1,1,1,1,1,1,0,1,0,1,0,1,0,1,0,1,0,1,0,1,1,1,1,1,1,1,0,1,0,1,1,1,0,1,0,1,0,1.0,1.0,1.0,1.0,1.0,1.0,1,0,1,0,1,0,1,0,1,1,1.0,1.0,1.0,0.0,1.0,0.0,,,,,,,,,,,,,,,,,,,,,,
3dc6f145-18de-46ab-b906-8ef976dc14cb,17760256,v1.14-1.15,0.0,1.9999811766477493,1,1,1,1,1,1,1,1,1,1,1,1,1,0,1,0,1,0,1,0,1,0,1,0,1,1,1,1,1,0,1,0,1,0,1,0,1,1,1,1,1,1,1,1,1.0,1.0,1.0,1.0,1.0,1.0,1,0,1,0,1,0,1,0,1,1,1.0,1.0,,,,,,,,,,,,,,,,,,,,,,,,,,
412fe507-7b99-4516-9a59-7181383e2595,17629952,v1.12-1.13,0.0,2.0000247606371193,1,1,1,0,1,1,1,1,1,0,1,1,1,0,1,0,1,0,1,0,1,0,1,0,1,0,1,0,1,0,1,0,1,0,1,0,1,1,1,0,1,0,1,0,,,,,,,1,0,1,0,1,0,1,0,1,0,1.0,0.0,,,,,1.0,0.0,,,,,,,,,,,,,,,,,,,,
ae0969bd-8cc4-4955-aa95-c174e551d8ab,17891392,v1.16+,0.0,2.0001183784348835,1,1,1,1,1,1,1,1,1,1,1,1,1,0,1,0,1,0,1,0,1,0,1,0,1,0,1,1,1,0,1,0,1,0,1,0,1,1,1,1,1,1,1,1,1.0,1.0,1.0,1.0,1.0,1.0,1,0,1,0,1,0,1,0,1,0,1.0,0.0,,,,,,,,,,,,,,,,,,,,,,,,,,
ad3a6b18-0a1b-4c1b-b554-bc63947046f4,17498367,v1.12-1.13,0.0005226761342130914,5.012522054276927,1,0,1,1,1,0,1,1,1,1,1,0,1,0,1,1,1,0,1,0,1,1,1,0,1,0,1,1,1,0,1,0,1,0,1,1,1,1,1,0,1,0,1,0,,,,,,,1,0,1,0,1,0,1,0,1,0,,,,,,,1.0,0.0,1.0,0.0,1.0,0.0,1.0,0.0,1.0,0.0,1.0,0.0,1.0,0.0,,,,,,,,
a259f7c6-0399-42f8-b4ab-8fe440f5ea9d,17564416,v1.12-1.13,0.0,2.002047614136034,1,0,1,0,1,0,1,1,1,0,1,0,1,0,1,0,1,0,1,0,1,0,1,0,1,1,1,1,1,0,1,0,1,1,1,0,1,1,1,0,1,0,1,0,,,,,,,1,0,1,0,1,0,1,0,1,1,,,,,,,1.0,0.0,,,,,,,,,,,,,,,,,,,,
dfecb87b-524a-4bfe-ab2d-af192edb3abf,17826559,v1.16+,0.0,2.000045590512908,1,0,1,0,1,0,1,0,1,0,1,0,1,0,1,0,1,0,1,1,1,1,1,1,1,0,1,1,1,0,1,0,1,0,1,0,1,1,1,0,1,0,1,0,1.0,1.0,1.0,1.0,1.0,1.0,1,0,1,0,1,0,1,0,1,0,1.0,0.0,,,,,,,,,,,,,,,,,,,,,,,,,,
8c7071f9-8609-4ba9-b0f2-0fdbe5b253a1,17694720,v1.14-1.15,0.001723163084765855,99.47865239673118,1,0,1,0,1,0,1,0,1,0,1,0,1,1,1,0,1,1,1,1,1,0,1,1,1,0,1,1,1,0,1,0,1,0,1,0,1,0,1,0,1,0,1,0,1.0,1.0,1.0,0.0,1.0,0.0,1,0,1,0,1,0,1,0,1,0,1.0,0.0,1.0,0.0,1.0,0.0,1.0,0.0,,,,,,,,,,,,,,,,,,,,
5907593b-c98f-4a6c-a2d8-da72f1215974,17891392,v1.16+,0.0,100.01411631846415,1,1,1,1,1,1,1,1,1,1,1,1,1,0,1,0,1,0,1,0,1,0,1,0,1,0,1,1,1,0,1,0,1,0,1,0,1,1,1,1,1,1,1,1,1.0,1.0,1.0,1.0,1.0,1.0,1,0,1,0,1,0,1,0,1,0,1.0,0.0,,,,,,,,,,,,,,,,,,,,,,,,,,
45c49661-42a1-412b-93de-c4bbf415f1e6,17695488,v1.14-1.15,0.0,2.0001993957638784,1,1,1,0,1,1,1,1,1,0,1,1,1,0,1,0,1,0,1,0,1,0,1,0,1,0,1,1,1,0,1,0,1,0,1,0,1,0,1,0,1,0,1,0,1.0,1.0,1.0,0.0,1.0,0.0,1,0,1,0,1,0,1,0,1,0,1.0,0.0,1.0,0.0,1.0,0.0,1.0,0.0,,,,,,,,,,,,,,,,,,,,
2c51cfb4-cb7a-42b7-accd-67de441853b6,17629952,v1.12-1.13,0.0,2.0000672963819723,1,1,1,0,1,1,1,1,1,0,1,0,1,0,1,0,1,0,1,0,1,0,1,0,1,0,1,1,1,0,1,0,1,0,1,0,1,1,1,0,1,0,1,0,,,,,,,1,0,1,0,1,0,1,0,1,0,1.0,0.0,,,,,1.0,0.0,,,,,,,,,,,,,,,,,,,,
84b448a1-5767-49c8-9b7f-6da3a60f4d92,17891583,v1.16+,0.002290912863345543,1.999999761702156,1,1,1,1,1,1,1,1,1,1,1,0,1,0,1,0,1,0,1,0,1,0,1,0,1,0,1,1,1,0,1,0,1,0,1,0,1,1,1,1,1,1,1,1,1.0,1.0,1.0,1.0,1.0,1.0,1,0,1,0,1,0,1,0,1,0,1.0,0.0,,,,,,,,,,,,,,,,,,,,,,,,,,
21f29878-8b46-45ef-b3f6-275b9729bd82,17826047,v1.16+,0.0,2.0000722753390408,1,1,1,1,1,1,1,1,1,1,1,1,1,0,1,0,1,0,1,0,1,0,1,0,1,0,1,1,1,0,1,0,1,0,1,0,1,1,1,1,1,1,1,1,1.0,1.0,1.0,1.0,1.0,1.0,1,0,1,0,1,0,1,0,1,0,1.0,0.0,,,,,,,,,,,,,,,,,,,,,,,,,,
07e8b34c-572d-4ef3-9327-97a190ac4198,17569024,v1.12-1.13,0.0,2.0118165822088314,1,1,1,0,1,1,1,1,1,0,1,1,1,0,1,0,1,0,1,0,1,0,1,0,1,0,1,1,1,0,1,0,1,0,1,0,1,1,1,0,1,0,1,0,,,,,,,1,1,1,1,1,0,1,0,1,1,,,,,,,1.0,0.0,,,,,,,,,,,,,,,,,,,,
729442ec-a033-4799-845a-7e2159b82ed8,17761280,v1.14-1.15,0.0,2.000000007782101,1,0,1,0,1,0,1,0,1,0,1,0,1,0,1,0,1,0,1,1,1,1,1,1,1,0,1,1,1,0,1,0,1,0,1,0,1,1,1,1,1,1,1,1,1.0,1.0,1.0,1.0,1.0,1.0,1,0,1,0,1,0,1,0,1,0,1.0,0.0,1.0,0.0,1.0,0.0,,,,,,,,,,,,,,,,,,,,,,
ae68b787-1a7b-4ae0-9a5e-4fe1480a18b7,17761280,v1.14-1.15,0.0,2.000017755778356,1,1,1,1,1,1,1,1,1,1,1,1,1,0,1,0,1,0,1,0,1,0,1,0,1,0,1,1,1,0,1,0,1,0,1,0,1,0,1,0,1,0,1,0,1.0,1.0,1.0,1.0,1.0,1.0,1,0,1,0,1,0,1,0,1,0,1.0,0.0,1.0,0.0,1.0,0.0,,,,,,,,,,,,,,,,,,,,,,
9db0c684-aae5-4bc1-b623-7e37cbbef098,17825792,v1.16+,0.0,1.989160829907792,1,1,1,1,1,1,1,1,1,1,1,1,1,0,1,0,1,0,1,0,1,0,1,0,1,0,1,1,1,0,1,0,1,0,1,0,1,1,1,1,1,1,1,1,1.0,1.0,1.0,1.0,1.0,1.0,1,1,1,1,1,0,1,0,1,0,1.0,0.0,,,,,,,,,,,,,,,,,,,,,,,,,,
1256d4cd-628f-4d71-b0be-87fe3463492c,17630207,v1.12-1.13,0.0,2.000144718804342,1,1,1,0,1,1,1,1,1,0,1,0,1,0,1,0,1,0,1,0,1,0,1,0,1,0,1,1,1,0,1,0,1,0,1,0,1,1,1,1,1,0,1,0,,,,,,,1,0,1,0,1,0,1,0,1,0,1.0,0.0,,,,,1.0,0.0,,,,,,,,,,,,,,,,,,,,
14dad13e-2587-4fab-8b1e-aee618a8a05d,17694720,v1.14-1.15,0.00017743376656251798,90.62222823149514,1,0,1,0,1,0,1,0,1,0,1,0,1,0,1,0,1,0,1,0,1,0,1,0,1,1,1,1,1,0,1,0,1,1,1,0,1,0,1,0,1,0,1,0,1.0,1.0,1.0,0.0,1.0,0.0,1,0,1,0,1,0,1,0,1,1,1.0,1.0,1.0,0.0,1.0,0.0,1.0,0.0,,,,,,,,,,,,,,,,,,,,
66bc20e9-bcb0-4137-8380-eb7dc0be410e,17695488,v1.14-1.15,0.0,2.000001993033345,1,0,1,0,1,0,1,0,1,0,1,0,1,0,1,0,1,0,1,1,1,0,1,1,1,0,1,1,1,0,1,0,1,0,1,0,1,0,1,0,1,0,1,0,1.0,1.0,1.0,0.0,1.0,0.0,1,0,1,0,1,0,1,0,1,0,1.0,0.0,1.0,0.0,1.0,0.0,1.0,0.0,,,,,,,,,,,,,,,,,,,,
6be2f8d0-30ec-42b0-a36a-3c2db37c04bb,17761023,v1.14-1.15,0.0,2.0000001692307836,1,1,1,1,1,1,1,1,1,1,1,1,1,0,1,0,1,0,1,0,1,0,1,0,1,1,1,1,1,0,1,0,1,0,1,0,1,1,1,1,1,1,1,1,1.0,1.0,1.0,1.0,1.0,1.0,1,0,1,0,1,0,1,0,1,1,1.0,1.0,1.0,0.0,1.0,0.0,,,,,,,,,,,,,,,,,,,,,,
37f816d7-2d6b-4fb0-85da-43ed0128b12f,17629951,v1.12-1.13,0.0,1.9999648289013423,1,1,1,0,1,1,1,1,1,0,1,0,1,0,1,0,1,0,1,0,1,0,1,0,1,0,1,1,1,0,1,0,1,0,1,0,1,1,1,1,1,0,1,0,,,,,,,1,0,1,0,1,0,1,0,1,0,1.0,0.0,,,,,1.0,0.0,,,,,,,,,,,,,,,,,,,,
03efcecc-b322-408e-a6c1-8d6423c79aea,17825984,v1.16+,0.0,2.000009525686395,1,1,1,1,1,1,1,1,1,1,1,1,1,1,1,1,1,1,1,1,1,1,1,1,1,0,1,1,1,0,1,0,1,0,1,0,1,1,1,1,1,1,1,1,1.0,1.0,1.0,1.0,1.0,1.0,1,0,1,0,1,0,1,0,1,0,1.0,0.0,,,,,,,,,,,,,,,,,,,,,,,,,,
a06b130b-47fd-48f7-833e-37d2be750e14,17761280,v1.14-1.15,0.0,1.9999763002808417,1,1,1,1,1,1,1,1,1,1,1,1,1,0,1,0,1,0,1,0,1,0,1,0,1,0,1,1,1,0,1,0,1,0,1,0,1,1,1,1,1,1,1,1,1.0,1.0,1.0,1.0,1.0,1.0,1,0,1,0,1,0,1,0,1,0,1.0,0.0,1.0,0.0,1.0,0.0,,,,,,,,,,,,,,,,,,,,,,
1aa4b53b-ddaf-4725-942f-d19b61203340,17761023,v1.14-1.15,0.0,2.0000220542972476,1,1,1,1,1,1,1,1,1,1,1,0,1,0,1,0,1,0,1,0,1,0,1,0,1,0,1,1,1,0,1,0,1,0,1,0,1,1,1,0,1,0,1,0,1.0,1.0,1.0,1.0,1.0,1.0,1,0,1,0,1,0,1,0,1,0,1.0,0.0,1.0,0.0,1.0,0.0,,,,,,,,,,,,,,,,,,,,,,
a6356d2c-7c53-4298-b659-817698077b33,17891392,v1.16+,0.0,2.0000067863393385,1,1,1,1,1,1,1,1,1,1,1,1,1,0,1,0,1,0,1,0,1,0,1,0,1,0,1,1,1,0,1,0,1,0,1,0,1,1,1,1,1,1,1,1,1.0,1.0,1.0,1.0,1.0,1.0,1,0,1,0,1,0,1,0,1,0,1.0,0.0,,,,,,,,,,,,,,,,,,,,,,,,,,
1926a42a-babe-4faa-8c09-84eadc21eb72,17760256,v1.14-1.15,0.0,1.9999892640576307,1,1,1,1,1,1,1,1,1,1,1,1,1,0,1,0,1,0,1,0,1,0,1,0,1,0,1,1,1,0,1,0,1,0,1,0,1,1,1,1,1,1,1,1,1.0,1.0,1.0,1.0,1.0,1.0,1,0,1,0,1,0,1,0,1,0,1.0,0.0,1.0,0.0,1.0,0.0,,,,,,,,,,,,,,,,,,,,,,
8bb81141-a633-4706-b2f8-f59104e07d23,17761023,v1.14-1.15,0.0026357200227582994,1.9999723388441133,1,1,1,1,1,1,1,1,1,1,1,1,1,0,1,0,1,0,1,0,1,0,1,0,1,0,1,1,1,0,1,0,1,0,1,0,1,1,1,1,1,1,1,1,1.0,1.0,1.0,1.0,1.0,1.0,1,0,1,0,1,0,1,0,1,0,1.0,0.0,1.0,0.0,1.0,0.0,,,,,,,,,,,,,,,,,,,,,,
6a61fc42-9894-48ed-b1bc-9c7eff13b194,17694720,v1.14-1.15,0.0,1.999974204106303,1,0,1,0,1,0,1,0,1,0,1,0,1,0,1,0,1,0,1,0,1,0,1,0,1,1,1,1,1,0,1,0,1,1,1,0,1,0,1,0,1,0,1,0,1.0,1.0,1.0,0.0,1.0,0.0,1,0,1,0,1,0,1,0,1,1,1.0,1.0,1.0,0.0,1.0,0.0,1.0,0.0,,,,,,,,,,,,,,,,,,,,
f0f03599-f5ee-4995-acd9-826dc4dfbd7a,17826240,v1.16+,0.0,1.9999746848841897,1,1,1,1,1,1,1,1,1,1,1,1,1,0,1,0,1,0,1,0,1,0,1,0,1,0,1,1,1,0,1,0,1,0,1,0,1,1,1,1,1,1,1,1,1.0,1.0,1.0,1.0,1.0,1.0,1,0,1,0,1,0,1,0,1,0,1.0,0.0,,,,,,,,,,,,,,,,,,,,,,,,,,
d187fd11-706c-4189-b4f9-9703f0e510ef,17630207,v1.12-1.13,0.0,1.9999935238304944,1,0,1,0,1,0,1,0,1,0,1,0,1,0,1,0,1,0,1,1,1,0,1,1,1,0,1,0,1,0,1,0,1,0,1,0,1,1,1,0,1,0,1,0,,,,,,,1,0,1,0,1,0,1,0,1,0,1.0,0.0,,,,,1.0,0.0,,,,,,,,,,,,,,,,,,,,
f0fa8cb5-d0ac-47a4-a597-0dd8ba82e237,17761280,v1.14-1.15,0.0,1.9999799122896722,1,1,1,1,1,1,1,1,1,1,1,0,1,0,1,0,1,0,1,0,1,0,1,0,1,1,1,1,1,0,1,0,1,1,1,1,1,1,1,0,1,0,1,0,1.0,1.0,1.0,1.0,1.0,1.0,1,0,1,0,1,0,1,0,1,1,1.0,1.0,1.0,1.0,1.0,1.0,,,,,,,,,,,,,,,,,,,,,,
