log_id,band,rate_baro_vpos,rate_gps_hpos[0],rate_gps_hpos[1],rate_gps_hvel[0],rate_gps_hvel[1],rate_gps_vpos,rate_gps_vvel,rate_heading,rate_mag_field[0],rate_hagl,any_over_5pct
9deccafa-b87a-4991-8bae-3d16eea1ec8b,v1.12-1.13,0.0,0.0,0.0,0.0,0.0,0.0,0.0,0.0,0.0,0.0,False
8012e4d3-f162-4950-99c6-957b66e48cdc,v1.14-1.15,0.0,0.0,0.0,0.0,0.0,0.0,0.0,0.0,0.0,0.031496062992125984,False
522a1d3e-507c-486b-91a5-23de820f50cf,v1.14-1.15,0.0,0.0,0.0,0.0,0.0,0.0,0.0,0.0,,0.0,False
9ce25379-e5d9-4a56-bb70-d9e294a376ec,v1.16+,0.0,0.0,0.0,0.0,0.0,0.0,0.0,0.05555555555555555,0.05555555555555555,0.0,True
77927978-1b51-4cc0-9f21-ccc4592e566d,v1.14-1.15,0.0,0.0,0.0,0.0,0.0,0.0,0.0,0.0,0.0,0.0,False
fdcd4e4e-430f-4209-8661-3ef6fc45d46e,v1.16+,1.0,0.0,0.0,0.0,0.0,0.0,0.0,0.0,0.0,0.0,True
1663eccb-3a85-4a37-bebe-9b11b78a6422,v1.14-1.15,0.0,0.0,0.0,0.0,0.0,0.0,0.0,0.0,0.0,0.0,False
8b594286-4a1a-4c9f-a3c5-c1a444905f18,v1.14-1.15,0.0,0.0,0.0,0.0,0.0,0.0,0.0,0.0,0.0,0.0,False
8c38b6af-9b62-4705-8e91-478f563b9eae,v1.16+,0.014492753623188406,0.0,0.0,0.0,0.0,0.20652173913043478,0.0,0.3626373626373626,0.9655172413793104,0.0,True
2d1ca690-12bb-4056-841e-8af5451c12b3,v1.14-1.15,0.0,0.0,0.0,0.0,0.0,0.0,0.0,0.0,0.0,0.0,False
d5390baa-79d6-4553-be0a-aa430ac79921,v1.12-1.13,0.0,0.0,0.0,0.0,0.0,0.0,0.0,0.0,0.0,0.0,False
c507aeb7-c106-4037-af6f-f42cebc8cfc1,v1.14-1.15,0.0,0.0,0.0,0.0,0.0,0.0,0.0,0.0,0.0,0.0,False
9988a21a-4956-4392-9c23-5e97c08b7d28,v1.16+,0.0,0.0,0.0,0.0,0.0,0.0,0.0,0.0,0.0,0.0,False
bb118a8c-6771-485a-a333-66b9cd2f552a,v1.16+,0.0,0.0,0.0,0.0,0.0,0.0,0.0,0.11349306431273644,0.10970996216897856,0.0,True
e2dcd680-18e0-4a7a-8877-f50f1f187a23,v1.16+,0.0,0.0,0.0,0.0,0.0,0.0,0.0,0.0,0.0,0.0,False
aa4aab21-8851-4945-beea-2b6d851d20e2,v1.12-1.13,0.0,0.0,0.0,0.0,0.0,0.0,0.0,0.0,0.0,0.0,False
bc3980db-4e18-4fea-871e-9d5337b4f1ad,v1.14-1.15,0.0,0.0,0.0,0.0,0.0,0.0,0.0,0.0,0.8444444444444444,0.0,True
7ce331e6-ea9b-4414-8563-dbdfc9ccefb7,v1.16+,0.0,0.0,0.0,0.0,0.0,0.0,0.0,0.012224938875305624,0.02444987775061125,0.0,False
25b5e13c-299c-499e-8026-c718df367bd6,v1.12-1.13,0.00031017369727047146,0.0,0.0,0.0015508684863523574,0.0,0.0,0.0009305210918114144,0.0,0.0012406947890818859,0.0,False
9b080d19-abbb-4e1b-b044-7b8ae9fe6620,v1.14-1.15,0.0,0.0,0.0,0.0,0.0,0.0,0.0,0.0,0.0,0.0,False
e3cc757b-5762-48fb-bb70-fadc6bbc8459,v1.14-1.15,0.0,0.0,0.0,0.0,0.0,0.0,0.0,0.0,,0.0,False
70796863-de94-4feb-af58-fef94b678991,v1.14-1.15,0.0,0.0,0.0,0.0,0.0,0.0,0.0,0.0,0.0,0.0,False
3c53b37f-085a-4070-a767-35ba85415272,v1.16+,0.0,0.64,1.0,0.0,0.0,0.0,0.0,0.0,0.0,0.0,True
06693148-ba61-4c90-98c8-ae378a6c454a,v1.16+,0.0,0.0,0.07608695652173914,0.07608695652173914,0.03804347826086957,0.0,0.0,0.0,0.0,0.0,True
f0d956f3-99ae-4ed2-a454-b9b3a70dd8cf,v1.16+,0.0,0.0,0.0,0.0,0.0,0.0,0.0,0.0,0.0,0.0,False
7b45f395-7c8d-48ef-904d-18871b82dfa6,v1.16+,0.0,0.0,0.0,0.0,0.0,0.0,0.0,0.0,0.0,0.0,False
c3f02216-012e-4e46-8ee1-4764a981b5ad,v1.14-1.15,0.0,0.0,0.0,0.0,0.0,0.0,0.0,0.0,0.0,0.0,False
4997a8dd-e38a-4ec3-8451-66d2f0e60c19,v1.16+,0.0,0.0,0.0,0.0,0.0,0.0,0.0,0.0,0.0,0.0,False
1e90d3fe-d470-4506-8fb3-fb977a7b5740,v1.14-1.15,0.0,0.0,0.0,0.0,0.0,0.0,0.0,0.0,,0.0,False
37f5014b-c8fc-447d-9974-f72adcd6ff34,v1.16+,0.0,0.0,0.0,0.0,0.0,0.0,0.011363636363636364,0.0,0.0,0.0,False
5139e822-f7bc-4368-adca-11e2fab11a4e,v1.16+,0.0,0.0,0.0,0.0,0.0,0.0,0.0,0.0,0.0,0.0,False
99402f68-ccb0-42d1-9a9e-6f3c97b2a62d,v1.12-1.13,0.0,0.0,0.0,0.0,0.0,0.0,0.0,0.0,0.0,0.0,False
db43ec11-e2cb-4c18-9641-dffd72587860,v1.14-1.15,0.0,0.0,0.0,0.0,0.0,0.0,0.0,0.0,0.0,0.0,False
e1892af8-6963-492e-82a2-3aab47b7db62,v1.14-1.15,0.0,0.584070796460177,0.0,0.6194690265486725,0.0,0.0,0.0,0.0,0.0,0.0,True
77571905-3d44-4b22-8986-8030a9379225,v1.12-1.13,0.0,0.0,0.0,0.0,0.0,0.0,0.06679389312977099,0.0,0.0,0.04770992366412214,True
9b3a8392-565c-4c1e-8bde-ebb9b3d5f518,v1.14-1.15,0.0,0.0,0.0,0.0,0.0,0.0,0.0,0.0,0.0,0.0,False
7c226bef-bb09-40e8-8f52-d1563cdcb456,v1.14-1.15,0.0,0.038011695906432746,0.3538011695906433,0.0,0.0029239766081871343,0.029239766081871343,0.0029239766081871343,0.0,0.12121212121212122,0.0,True
4ecd843b-11c3-44e1-9a9d-49e59a64db1c,v1.14-1.15,0.0,0.0,0.0,0.0,0.0,0.0,0.0,0.0,0.0,0.0,False
f83a61c5-afef-4270-bdb7-8d51907d6ff8,v1.16+,0.0,0.0,0.0,0.0,0.0,0.0,0.0,0.0,0.0,0.0,False
3310fabf-a608-41dd-aa6a-4a18582730bb,v1.12-1.13,0.0,0.0,0.0,0.0,0.0,0.0,0.0,0.0,0.0,0.0,False
e9d55142-5e28-4fa2-ac37-35dcd66a58a2,v1.16+,0.0,0.0,0.0,0.0,0.0,0.0,0.0,0.07954545454545454,0.0,0.0,True
9b9eb35b-e39b-41f6-9114-2e5e74962f41,v1.14-1.15,0.0,0.0,0.0,0.0,0.0,0.0,0.0,0.0,0.0,0.0,False
211b9e0d-c276-4de9-a9bd-63678a4fbe63,v1.14-1.15,0.0,0.0,0.0,0.0,0.0,0.0,0.0,0.0,0.0,0.0,False
2cc1f885-f88a-4fd1-b58a-bcb8984a55dc,v1.16+,0.0,0.0,0.0,0.0,0.0,0.0,0.0,0.0,0.0,0.0,False
c07302c9-059c-4326-9462-ee469649d897,v1.12-1.13,0.0,0.0,0.0,0.0,0.0,0.0,0.0,0.0,0.0,0.0,False
8c6e7f4e-f8bb-407e-a11f-1741b0d292ab,v1.14-1.15,0.0,0.0,0.0,0.0,0.0,0.0,0.0,0.0,0.0,0.0,False
81494303-30b9-4458-83a2-28a77af0e09c,v1.14-1.15,1.0,0.0,0.0,0.0,0.0,0.0,0.0,0.0,,0.0,True
fb70a200-24ad-41a1-839c-c6b1fd684d6f,v1.12-1.13,0.0,0.0,0.0,0.0,0.0,0.0,0.0,0.0,0.0,0.0,False
c60c64e1-2809-4b70-a424-4ce19759ab83,v1.14-1.15,0.0,0.0,0.0,0.0,0.0,0.0,0.0,0.0,0.015873015873015872,0.0,False
afcf3d85-8d2f-4415-8437-ed7cdd9456a1,v1.14-1.15,0.0,0.0,0.0,0.0,0.0,0.0,0.0,0.5054945054945055,0.5773195876288659,0.0,True
3a485774-3a19-4be6-9f31-4c0386061711,v1.16+,0.0,0.0,0.0,0.0,0.0,0.0,0.0,0.0,0.45794392523364486,0.0,True
35064c9b-5275-424d-989f-f954fbd4f5a0,v1.14-1.15,0.0,0.0,0.0,0.0,0.0,0.0,0.0,0.0,,0.0,False
58606428-791c-4854-ba28-ea08321d865c,v1.14-1.15,0.0,0.1132665832290363,0.0,0.0006257822277847309,0.0,0.0,0.0,0.041916167664670656,,0.0,True
1f877cee-487e-4458-8788-62c03b4953f3,v1.14-1.15,0.0,0.0,0.0,0.0,0.0,0.0,0.0,0.03436426116838488,0.0,0.0,False
6e4d0d35-5bf7-4c94-a6ab-cfa2e14400b2,v1.12-1.13,0.0,0.0,0.0,0.0,0.0,0.0,0.0,0.0,0.0,0.0,False
de397d02-3a93-4fb9-a3c8-850757cd0b67,v1.14-1.15,0.0,0.0,0.0,0.0,0.0,0.0,0.0,0.0,0.0,0.0,False
f48ace81-9bd3-4960-8ccc-e1ac9b7da0e3,v1.14-1.15,0.0,0.0,0.0,0.0,0.0,0.0,0.0,0.0,0.0,0.0,False
c93e05ce-8a6c-4d31-bce5-9525de90c1c7,v1.12-1.13,0.0,0.0,0.0,0.0,0.0,0.0,0.0,0.0,0.0,0.0,False
acd377e7-d4b7-4bc3-a388-522410ccb7d5,v1.16+,0.0,0.0,0.0,0.0,0.0,0.0,0.0,0.0,0.0,0.0,False
559ec7c2-3452-487e-9ff5-40ab945a23ec,v1.14-1.15,0.0056179775280898875,0.0,0.0,0.0,0.0,0.0,0.0,0.0,0.0,0.0,False
9e311830-277f-4817-bdea-f2d7b4986476,v1.14-1.15,0.0,0.0,0.0,0.0,0.0,0.0,0.0,0.0,0.0,0.0,False
4eeec966-d65d-453f-9d6c-dc6c2b2c034f,v1.14-1.15,0.0,0.0,0.0,0.0,0.0,1.0,0.0,0.0,0.0,0.0,True
3ddb46c8-3d42-412c-bfe5-de9d6e813785,v1.14-1.15,0.0,0.0,0.0,0.0,0.0,0.0,0.0,0.0,0.0,0.0,False
717e0325-5fa4-4e21-99fa-48fb83b2a4b1,v1.16+,0.0,0.0,0.0,0.0,0.0,0.0,0.0,0.0,0.006211180124223602,0.0,False
74a3ad97-8403-4741-84a0-55389c07914f,v1.16+,0.0,0.0,0.0,0.0,0.0,0.023696682464454975,0.0,0.0,0.08530805687203792,0.0,True
f1d07e44-8e16-4391-9c2c-6cb1cbc1f2f5,v1.14-1.15,0.0,0.0,0.0,0.0,0.0,0.0,0.0,0.0,0.0,0.0,False
3833b517-ff13-4234-bb6e-ee3f50b12d1a,v1.14-1.15,0.0,0.0,0.0,0.0,0.0,0.0,0.0,0.0,0.0,0.0,False
8111037a-c534-4f10-941b-1a83e356cd22,v1.16+,0.0,0.0,0.0,0.0,0.0,0.0,0.0,0.0,0.0,0.0,False
f34186fe-6d76-44a6-9b65-3bbd65b06ae4,v1.14-1.15,0.0,0.0,0.0,0.0,0.0,0.0,0.0,0.0,0.0,0.0,False
f2825e63-b775-45fd-b17c-45b317f43a17,v1.14-1.15,0.0,0.0,0.0,0.0,0.0,0.0,0.0,0.0,0.0,0.0,False
67e8a2e9-cb96-44c7-8fa7-707067cc0c0f,v1.14-1.15,0.0,0.0,0.0,0.0,0.0,0.0,0.0,0.0,,0.0,False
5843b69d-496b-4b52-a17d-b654478f4f13,v1.14-1.15,0.0,0.0,0.0,0.0,0.0,0.0,0.0,0.0,0.0,0.0,False
ba8cd3d0-a94f-4c95-9421-c8b0fd3e992d,v1.14-1.15,0.0,0.0,0.0,0.0,0.0,0.0,0.0,0.0,0.0,0.0,False
7a10c97d-79c5-4186-b2cd-2fc728ee62ff,v1.14-1.15,0.0,0.0,0.0,0.0,0.0,0.0,0.0,0.0031746031746031746,0.0,0.0,False
6db84938-1ac7-47a0-bd89-72fc36598c89,v1.16+,0.0,0.0,0.0,0.0,0.0,0.0,0.0,0.0,0.0,0.0,False
4c065496-f908-49ba-af1c-4597de7db7d6,v1.14-1.15,0.0,0.0,0.0,0.0,0.0,0.0,0.0,0.0,,0.0,False
ee6e3cd6-436d-4a1e-aa86-09c8e798a255,v1.16+,0.0,0.0,0.0,0.0,0.0,0.0,0.0,0.0,0.005928853754940711,0.0,False
bdd51f3b-ff5f-415f-85e3-a87c1031fa9d,v1.14-1.15,0.0,0.0,0.0,0.0,0.0,0.0,0.0,0.0,0.0,0.0,False
72b37fb5-a182-43b2-a4e0-01ecd368398f,v1.14-1.15,0.0,0.0,0.0,0.0,0.0,0.0,0.0,0.0,0.0,0.0,False
660aa556-f62f-4aa9-8a1d-993e367b99ea,v1.16+,0.0,0.0,0.0,0.0,0.0,0.0,0.008620689655172414,0.0,0.0,0.0,False
9e605002-85dc-46a5-ae49-e64feba68806,v1.14-1.15,0.0,0.0,0.0,0.0,0.0,0.0,0.0,0.0963855421686747,0.018072289156626505,0.0,True
6b2138fb-5630-43af-aba3-6053fe31f08e,v1.14-1.15,0.0,0.0,0.0,0.0,0.0,0.0,0.0,0.0,0.0,0.0,False
5f8c6180-7b1d-40e2-9a46-5fa860cf5703,v1.14-1.15,0.0,0.0,0.0,0.0,0.0,0.0,0.0,0.0,0.0,0.0,False
c5542e7d-1730-4ea7-a012-8f293d763327,v1.14-1.15,0.0,0.0,0.0,0.0,0.0,0.0,0.0,0.0,0.008695652173913044,0.0,False
572cb8ec-db8d-4266-8137-7c8c0e907c8b,v1.16+,0.0,0.0,0.0,0.0,0.0,0.0,0.0,0.0,0.0,0.0,False
9e818d17-355e-4abf-a208-165ae7f7a4ec,v1.14-1.15,0.0,0.0,0.0,0.0,0.0,0.0,0.0,0.0,,0.0,False
278d4fc7-509c-489c-8cb0-38977667a75b,v1.14-1.15,0.0,0.0,0.0,0.0,0.0,0.0,0.0,0.0,0.0,0.0,False
dbe094da-5ec8-4036-bac0-04b67cf8d0d3,v1.14-1.15,0.0,0.0,0.0,0.0,0.0,0.0,0.0,0.0,0.0,0.3780487804878049,True
9973c454-88b7-4dcc-b0b8-ccfdffdedf99,v1.16+,0.0,0.0,0.0,0.0,0.0,0.0,0.0,0.0,0.0,0.0,False
6690cc53-15fe-4c65-aa2e-27f393890818,v1.14-1.15,0.0,0.0,0.0,0.0,0.0,0.0,0.0,0.0,0.0,0.0,False
fe19f647-c8af-47d7-8044-31b5e0460be1,v1.14-1.15,0.0,0.0,0.0,0.0,0.0,0.0,0.0,0.0,0.0,0.0,False
e15218d3-162c-49af-a292-7b014c260144,v1.14-1.15,0.0,0.08896797153024912,0.060498220640569395,0.0071174377224199285,0.0,0.036773428232502965,0.0,0.0,0.0,0.0,True
a1082e87-1fed-480d-9049-082330122a88,v1.14-1.15,0.0,0.0,0.0,0.0,0.0,0.0,0.0,0.0,0.0,0.0,False
1609a2f5-7ef4-46b2-ad6a-384aa9dc256d,v1.14-1.15,0.0,0.0,0.0,0.0,0.0,0.0,0.0,0.0,0.0,0.0,False
9a387907-ccd8-45ff-889e-06b34f9c9b65,v1.14-1.15,0.0,0.0,0.0,0.0,0.0,0.0,0.0,0.45800933125972004,1.0,0.0,True
9a02c4e7-c6f6-4905-bd98-f0f469c2f072,v1.14-1.15,0.0,0.0,0.0,0.0,0.0,0.0,0.0,0.0,0.0,0.0,False
fc52a13e-0b94-4fae-83c6-65a92455e55d,v1.16+,0.0,0.0,0.0,0.0,0.0,0.0,0.0,0.0,0.0,0.0,False
1e2d51bf-444c-4ef3-a1f1-d1786fd6ebdc,v1.12-1.13,0.0,0.0,0.0,0.0,0.0,0.0,0.0,0.0,0.0,0.0,False
db6e84cb-c38e-4d95-af40-aca4181365b9,v1.14-1.15,0.0,0.0,0.0,0.0,0.0,0.0,0.0,0.0,0.0,0.0,False
f6aa2d92-1557-4b4f-b1e3-c21087e83a58,v1.14-1.15,0.0,0.0,0.0,0.0,0.0,0.0,0.0,0.0,0.0,0.0,False
26587c6a-7c51-4a40-8724-88f3ebc8c70f,v1.12-1.13,0.0,0.0,0.0,0.0,0.0,0.0,0.0,0.0,0.0,0.0,False
5c0a26f2-438d-46b6-a0f1-cfc52520ec9a,v1.14-1.15,0.0,0.0,0.0,0.0,0.0,0.0,0.0,0.0,0.0,0.0,False
062e498e-fe32-4cd7-bf33-52442ca89222,v1.14-1.15,0.0,0.0,0.0,0.0,0.0,0.0,0.0,0.0,0.0036496350364963502,0.0,False
014034d5-3ac8-4783-be42-ad901aac0376,v1.16+,0.0,0.0,0.0,0.0,0.0,0.0,0.0,0.0,0.0,0.0,False
2f89e944-7285-427e-801f-05f62dd71818,v1.16+,0.0,0.0,0.0,0.0,0.0,0.0,0.0,0.0,0.10714285714285714,0.0,True
ca4461b3-ea36-483c-bfd5-b9be65354976,v1.16+,0.0,0.0,0.0,0.0,0.0038461538461538464,0.0,0.0,0.0,0.0,0.0,False
258ed8e5-7dca-4e86-bd83-584cbdba41c1,v1.12-1.13,0.0,0.0,0.0,0.0,0.0,0.0,0.0,0.0,0.0,0.0,False
3ccdf5e8-c6b7-42d0-b580-70b1faefc214,v1.16+,0.0,0.0,0.0,0.0,0.0,0.0,0.0,0.0,0.034482758620689655,0.0,False
ea3a60bd-cae2-42b1-869c-56b1a4185648,v1.14-1.15,0.0,0.0,0.0,0.0,0.0,0.0,0.0,0.0,0.0,0.0,False
4007c56d-dffa-4933-aedc-534ee57ed3cd,v1.14-1.15,0.0,0.0,0.0,0.0,0.0,0.022172949002217297,0.0,0.20575221238938052,0.1592920353982301,0.0,True
9e750a70-2fea-4c72-affa-d9c0caec4103,v1.14-1.15,0.0,0.0,0.0,0.0,0.0,0.0,0.0,0.031746031746031744,0.0,0.0,False
286a97af-942d-46ee-a396-190a037434f7,v1.14-1.15,0.0,0.0,0.0,0.0,0.0,0.0,0.0,0.14754098360655737,0.05737704918032787,0.0,True
a7cbbd58-3429-4ed3-b03b-9615b3d3de48,v1.14-1.15,1.0,0.0,0.0,0.0,0.0,0.532608695652174,0.16304347826086957,0.0,0.0,0.0,True
79095b53-cfcb-45ab-ace1-eab0629b63c9,v1.16+,0.0,0.0,0.0,0.0,0.0,0.0,0.0,0.0,0.0,0.0,False
06f093b1-38f5-489c-9db4-5c4595d89c7f,v1.14-1.15,0.0,0.0,0.0,0.0,0.0,0.0,0.0,0.0,0.0,0.0,False
fd79ad56-fede-45f3-bac7-74bcf0f4818f,v1.12-1.13,0.0,0.0,0.0,0.0,0.0,0.0,0.0,0.0,0.0,0.0,False
a4d131a0-2ecc-4b16-b4c3-dc44414db22b,v1.16+,0.0,0.0,0.0,0.0,0.0,0.0,0.0,0.0,0.09772727272727273,0.0,True
037378d5-c789-41bb-9de1-026647e177c8,v1.12-1.13,0.0,0.0,0.0,0.0,0.0,0.0,0.0,0.0,0.0,0.0,False
65b34673-29bd-4630-a466-3755bb6f294f,v1.14-1.15,0.0,0.0,0.0,0.0,0.0,0.0,0.0,0.046242774566473986,0.01694915254237288,0.0,False
38e8d21f-cbd8-4024-baec-880bd2406e6b,v1.16+,0.0,0.0,0.0,0.0,0.0,0.0,0.0,0.07719878687620624,0.12544802867383512,0.0,True
2f0f37b3-d1e2-4b65-add1-f2775d307003,v1.14-1.15,0.0,0.0,0.0,0.0,0.0,0.0,0.0,0.0,0.0,0.0,False
a33ea34a-cafe-4439-b970-fd6ed3054856,v1.14-1.15,0.0,0.0,0.0,0.0,0.0,0.0,0.0,0.0,0.0,0.0,False
a6b892d7-04fc-4355-a677-10c6581fa7b2,v1.12-1.13,0.0,0.0,0.0,0.0,0.0,0.0,0.0,0.046624280956706024,0.24069028156221617,0.0,True
db8b7bb3-f767-4bec-93cd-3b0f552343a8,v1.12-1.13,0.0,0.0,0.0,0.0,0.0,0.0,0.0,0.0,0.0,0.0,False
f02755ea-b927-4451-a2ed-f90dfeeb9ce2,v1.14-1.15,0.0,0.0,0.0,0.0,0.0,0.0,0.0,0.0,0.0,0.0,False
d8284017-f034-42f7-84ec-cef9453c2ce7,v1.16+,0.0,0.0,0.0,0.0,0.0,0.0,0.0,0.0,0.0,0.0,False
1b585d0c-b02c-4761-83f2-1fe69777cdd6,v1.16+,0.0,0.0,0.0,0.0,0.0,0.0,0.0,0.0,0.0,0.0,False
4bff0a50-d6cd-49d7-81a3-7fe3a882e60f,v1.14-1.15,0.0,0.0,0.0,0.0,0.0,0.0,0.0,0.0,0.0,0.0,False
ed3de9e1-532b-4584-83cb-d295c8815362,v1.14-1.15,0.0,0.0,0.0,0.0,0.0,0.0,0.0,0.0,0.0,0.0,False
e4341bf2-e3b3-428e-89a0-312d6c4bf75f,v1.14-1.15,0.0,0.0,0.0,0.0,0.0,0.0,0.0,0.0,,0.0,False
9010f76c-f5de-4d0c-b494-98a8039408e1,v1.14-1.15,0.0,0.05077720207253886,0.0,0.0,0.0,0.0,0.0,0.0,0.0,0.0,True
12bfea6c-1b06-4732-848e-dced2a90fc3a,v1.14-1.15,0.0,0.0,0.0,0.0,0.0,0.021834061135371178,0.0,0.008733624454148471,0.043668122270742356,0.0,False
13400ee6-5911-43cd-b550-a30f9f998fa1,v1.14-1.15,0.0,0.0,0.0,0.0,0.0,0.0,0.0,0.0,0.0,0.0,False
445fec2a-289e-4d61-8226-6dff1e58dfae,v1.14-1.15,0.0,0.0,0.0,0.0,0.0,0.0,0.0,0.0,0.0,0.0,False
fb0349a2-54c4-4480-9f3e-06e664a4924a,v1.16+,0.0,0.05555555555555555,0.05555555555555555,0.0,0.0,0.0,0.0,0.0,0.0,0.0,True
15a9f2ee-997b-40ad-a592-11df4e223fed,v1.12-1.13,0.0,0.0,0.0,0.0,0.0,0.0,0.0,0.0,0.0,0.0,False
83e2683e-c58e-4f3a-b91b-1f968c951b68,v1.16+,0.0,0.0,0.0,0.0,0.0,0.0,0.0,0.0,0.0,0.0,False
7bf71468-755b-48d7-bc15-d2d204f91a8a,v1.14-1.15,0.0,0.0,0.0,0.0,0.0,0.0,0.0,0.0,,0.0,False
6f9d34de-d0fe-4de2-95bd-916ed3ece020,v1.14-1.15,0.0,0.0,0.0,0.0,0.0,0.0,0.0,0.0,0.0,0.0,False
ce5e128c-c304-4616-ab14-c347082f669c,v1.14-1.15,0.0,0.0,0.0,0.0,0.0,0.0,0.0,0.0,0.0,0.0,False
e59c0d36-eefa-4735-b6d1-69f8c3abbf1d,v1.14-1.15,0.0,0.0,0.0,0.0,0.0,0.0,0.0,0.0,0.0,0.0,False
ce3fb367-7b64-41c3-9c13-9cd2bbf20772,v1.14-1.15,0.08788598574821853,0.0,0.0,0.0,0.0,0.09738717339667459,0.009501187648456057,0.0,0.0,0.0,True
31c619e4-af99-440f-aa0b-b6023f2e9520,v1.14-1.15,0.0,0.0,0.0,0.0,0.0,0.0,0.0,0.0,0.0,0.0,False
6b364390-d37f-4472-97cd-c91d3666d237,v1.14-1.15,0.0,0.0,0.0,0.0,0.0,0.0,0.0,0.0,0.0,0.0,False
7f79788e-a5df-4281-b6a7-5d0f6b2d649e,v1.16+,0.0,0.0,0.0,0.0,0.0,0.0,0.0,0.0,0.0,0.0,False
29828422-511d-483e-a56c-ee8281a18751,v1.14-1.15,0.0,0.0,0.0,0.0,0.0,0.0,0.0,0.0,0.0,0.0,False
b8b82b60-d355-4289-a886-0875ae2eaa72,v1.16+,0.0,0.0,0.0,0.0,0.0,0.0,0.0,0.0,0.0,0.0,False
6cc887a6-bc8a-497f-952e-294fcbbc8583,v1.16+,0.0,0.0,0.0,0.0,0.0,0.0,0.0,0.0,0.0,0.0,False
cdcca667-1a33-4733-9f9b-6e94ed05d0f3,v1.14-1.15,0.0,0.0,0.0,0.0,0.0,0.0,0.0,0.0,0.0,0.0,False
4e38a1ce-4b30-42b4-b23f-72d8c737883e,v1.14-1.15,0.0,0.0,0.0,0.0,0.0,0.0,0.0,0.0,0.0,0.0,False
46b6b6f8-8e2a-4b4c-abc7-dbcb94936e4e,v1.16+,0.0,0.0,0.0,0.0,0.0,0.0,0.0,0.20081762887625884,0.0,0.0,True
6d0c5beb-b758-4138-ab8f-17ec666285b8,v1.14-1.15,0.0,0.0,0.0,0.0,0.0,0.0,0.0,0.0,0.0,0.0,False
45582887-6f3d-4e95-8bdc-f0d0668309a9,v1.14-1.15,0.0,0.0,0.0,0.0,0.0,0.0,0.0,0.0,,0.0,False
17e0c485-4311-4717-a6ad-8405fe32ce5c,v1.14-1.15,0.0,0.0,0.0,0.0,0.0,0.0,0.0,0.0,0.0,0.0,False
9af058ed-2535-408a-99d2-532ee884313a,v1.14-1.15,0.0,0.0,0.0,0.0,0.0,0.0,0.0,0.1125,0.0,0.0,True
21335375-9365-4b65-99c3-53fd2fb3bbb2,v1.14-1.15,0.0,0.0,0.0,0.0,0.0,0.0,0.0,0.12213740458015267,0.05357142857142857,0.0,True
b542b8e7-2953-4c05-a5f6-12841b7bb488,v1.14-1.15,0.0,0.0,0.0,0.0,0.0,0.0,0.0,0.09210526315789473,0.30434782608695654,0.0,True
a36328cd-7c0c-46c1-ad51-a5f1e5fa36cf,v1.12-1.13,0.0,0.0,0.0,0.0,0.0,0.0,0.0,0.0,0.0,0.0,False
6df1f5e9-5628-4cf7-9b89-e151d7040aab,v1.12-1.13,0.0,0.0,0.0,0.0,0.0,0.0,0.0,0.04400836042731073,0.05863910822108685,0.0,True
e05f86fb-d594-404c-ae9d-2985d6124a01,v1.16+,0.0,0.0,0.0,0.0,0.0,0.0,0.0,0.0,0.0,0.0,False
f3e8f40a-5013-4d59-bb7e-924a49abf813,v1.14-1.15,0.0,0.0,0.0,0.0,0.0,0.0,0.0,0.0,0.0,0.0,False
611b0f77-2208-484a-8bc7-977b2aa2f872,v1.14-1.15,0.0,0.0,0.0,0.0,0.0,0.03944315545243619,0.0,0.0,,0.0,False
cd49a203-accb-473c-babd-e382dcc1aa64,v1.16+,0.0,0.0,0.0,0.0,0.0,0.0,0.0,0.0,0.0,0.0,False
5071a159-9124-434f-ba2a-280ac279b691,v1.16+,0.0,0.0,0.0,0.0,0.0,0.0,0.0,0.0,0.0,0.0,False
4f7b15b6-76ee-4ca4-b188-3a6717a7b9d0,v1.16+,0.0,0.0,0.0,0.0,0.0,0.0,0.0,0.0,0.0,0.0,False
715031d6-d126-4250-a36a-71d7b1d961f2,v1.14-1.15,0.0,0.0,0.0,0.0,0.0,0.0,0.0,0.0,,0.0,False
73fac1f4-0e6d-4016-9973-96f5400c5c3d,v1.12-1.13,0.0,0.0,0.0,0.0,0.0,0.0,0.0,0.0,0.1404494382022472,0.0,True
4e3d0891-dd6d-454d-80ea-69f3256a7974,v1.14-1.15,0.0,0.0,0.0,0.0,0.0,0.0,0.0,0.0,,0.0,False
4503dcb0-1fe4-4200-a0ea-e6e437b22884,v1.14-1.15,0.0,0.0,0.0,0.0,0.0,0.0,0.0,0.0,0.0,0.0,False
3c1feb78-824b-44bc-b29b-7cce052f3434,v1.14-1.15,0.0,0.0,0.0,0.0,0.0,0.0,0.0,0.0,0.0,0.0,False
ef0bf480-4c20-4c67-8144-1db7a79a9581,v1.14-1.15,0.0,0.0,0.0,0.0,0.0,0.0,0.0,0.004612546125461255,0.0,0.0,False
7607d78b-1251-4821-aab8-c8848cde0884,v1.14-1.15,0.0,0.0,0.0,0.0,0.0,0.0,0.0,0.0,0.0,0.0,False
1a018fe7-ce8f-4ce7-a5b3-6b7a4dcd4a23,v1.14-1.15,0.0,0.0,0.0,0.0,0.0,0.0,0.0,0.0,0.0,0.0,False
1cc60a6c-1f4d-4ffb-a2bf-3cae1a94a5d2,v1.14-1.15,0.0,0.0,0.0,0.0,0.0,0.0,0.0,0.0,0.0,0.0,False
c5712063-6a8a-4360-af0c-3d3b8c2b3348,v1.14-1.15,0.0,0.0,0.0,0.0,0.0,0.0,0.0,0.0,0.0,0.0,False
96f6cb90-d0c3-405f-b4e7-1f1ea198142f,v1.14-1.15,0.0,0.0,0.0,0.0,0.0,0.0,0.0,0.0,0.0,0.0,False
05b52cea-2b8d-4057-838c-5943d28d7960,v1.12-1.13,0.0,0.0,0.0,0.0,0.0,0.0,0.0,0.0,0.0,0.0,False
6cb076a1-ad43-4419-9f53-a6f844c46421,v1.12-1.13,0.0,0.0,0.0,0.0,0.0,0.0,0.0,0.0,0.0,0.0,False
d74a4cfe-671a-4796-9001-c26e902010fb,v1.12-1.13,0.0,0.009324009324009324,0.0,0.0,0.0,0.00333000333000333,0.0,0.0,0.0,0.0,False
7410b678-7a41-4dab-8ede-16afb68383da,v1.14-1.15,0.0,0.0,0.0,0.0,0.0,0.0,0.0024330900243309003,0.40875912408759124,0.05596107055961071,0.0,True
5f55e4d7-55fb-4ad0-94f9-86fd676d6f4a,v1.16+,0.0,0.0,0.0,0.0,0.0,0.0,0.0,0.0,0.0,0.0,False
4cc3ca74-6dac-4abe-8570-9b43c334902e,v1.14-1.15,0.0,0.0,0.0,0.0,0.0,0.0,0.0,0.01282051282051282,1.0,0.0,True
0fc5ec68-b499-44d3-88ce-b66928cf8be0,v1.12-1.13,0.0,0.0,0.0,0.0,0.0,0.0,0.0,0.0,0.0,0.0,False
08f0d61f-e0a1-4207-8233-0a03dc2a73a7,v1.16+,0.0,0.0,0.0,0.0,0.0,0.0,0.0,0.0,0.0,0.0,False
8ecf4cc0-7a62-4525-b013-011b5e4fcfbb,v1.14-1.15,0.0,0.0,0.0,0.0,0.0,0.0,0.0,0.0011792452830188679,0.0011792452830188679,0.0,False
ebba33eb-7512-4297-9b36-c810346b6494,v1.16+,0.0,0.0,0.0,0.0,0.0,0.0,0.0,0.0,0.0,0.0,False
891a6505-c042-4bb2-8732-dce802caad85,v1.14-1.15,0.0,0.0,0.0,0.0,0.0,0.0,0.0,0.012145748987854251,0.04477611940298507,0.0,False
e4ae1376-d436-494e-a3b4-1d66f415af4c,v1.14-1.15,0.0,0.0,0.0,0.0,0.0,0.0,0.0,0.0,0.0,0.0,False
85197c88-8bbc-4cdd-bd52-d84d60ef3a00,v1.16+,0.0,0.0,0.0,0.0,0.0,0.0,0.0,0.0,0.0,0.0,False
38737092-fad7-4f3c-8b0f-6f1a9e64cc56,v1.12-1.13,0.0,0.0,0.0,0.0,0.0,0.0,0.0,0.07369665578200653,0.1875351874788875,0.0,True
4c453b12-9362-41f6-b075-dcc4e7337ee9,v1.14-1.15,0.0,0.0,0.0,0.0,0.0,0.0056625141562853904,0.0005662514156285391,0.19773371104815865,0.0339943342776204,0.0,True
e1a04338-574c-4c12-b115-cadd9467dd6e,v1.16+,0.0,0.0,0.0,0.0,0.0,0.0,0.0,0.010638297872340425,0.02127659574468085,0.0,False
7d5b533e-7a2d-4995-9e9a-49582c4cadc2,v1.14-1.15,0.0,0.0,0.0,0.0,0.0,0.0,0.0,0.0,0.0,0.0,False
30e3585c-32ab-41af-8911-beda386456a7,v1.12-1.13,0.0,0.0,0.0,0.0,0.0,0.0,0.0,0.0,0.0,0.0,False
8c2ca824-8eca-4755-a48d-5616c9db512c,v1.14-1.15,0.9571984435797666,0.0,0.0,0.0,0.0,0.0,0.0,0.0,0.0,0.0,True
2d9dc3d2-60f9-4272-ae6b-a73e545b6af3,v1.16+,0.0,0.0,0.0,0.0,0.0,0.0,0.0,0.0,0.0,0.0,False
eae909cc-c23f-4fc9-bd31-e4f146028b1c,v1.12-1.13,0.0,0.0,0.0,0.0,0.0,0.0,0.0,0.0,0.0017421602787456446,0.0,False
277c496d-4f2a-4e68-a3c7-982ab4482427,v1.14-1.15,0.0,0.0,0.0,0.0,0.0,0.0,0.0,0.0,0.0,0.0,False
3a4a07a5-a053-4e87-a4d8-e2926821573d,v1.12-1.13,0.0,0.0,0.0,0.0,0.0,0.0,0.0,0.01680672268907563,0.0,0.0,False
a460b418-d3b0-41ed-93eb-c926316ca4ca,v1.14-1.15,0.0,0.0,0.0,0.0,0.0,0.0,0.0,0.0,,0.0,False
f95d23c6-9ba5-46c9-a7be-38e84a7e708a,v1.16+,0.0,0.0,0.0,0.0,0.0,0.0,0.0,0.0,0.0,0.0,False
8db0ea75-8b73-428e-ae0c-857ccdb66c0c,v1.14-1.15,0.0,0.0,0.0,0.0,0.0,0.0,0.0,0.0,0.0,0.29357798165137616,True
7a1b3a5d-c531-49be-8300-23e78d6ef991,v1.14-1.15,0.0,0.0,0.0,0.0,0.0,0.010291595197255575,0.005145797598627788,0.0,0.0,0.0,False
a60a47b9-15f1-4dbc-8b48-3da45c7ca97e,v1.16+,0.0,0.0,0.0,0.0,0.0,0.0,0.0,0.004109186968007044,0.0,0.0,False
0ea3681a-92df-4805-aa7e-0b71a75ba85d,v1.12-1.13,0.0,0.0,0.0,0.0,0.0,0.0017421602787456446,0.0,0.0,0.0,0.0,False
ca4a7dd7-b71a-470d-9db6-537f3c12a3d0,v1.16+,0.0,0.0,0.0,0.0,0.0,0.0,0.0,0.0,0.0,0.0,False
6626b235-e8ae-4228-b92b-6805aa110f82,v1.12-1.13,0.0,0.0,0.0,0.0,0.0,0.0,0.0,0.0,0.0,0.0,False
f390c6e1-8028-41e8-957a-cd91105d55ac,v1.14-1.15,0.0,0.0,0.0,0.0,0.0,0.0,0.0,0.0,0.0,0.0,False
73f350f7-8413-44b7-8f0e-837e0a780b21,v1.16+,0.0,0.0,0.0,0.0,0.0,0.0,0.0,0.0,0.0,0.07905686546463246,True
b45160d9-2a57-4ea0-899c-2bf6f17f7fcc,v1.16+,0.0,0.0,0.0,0.0,0.0,0.0,0.0,0.0,0.0,0.0,False
bdcb789b-0e16-4a4d-812f-ca32f363bbc8,v1.16+,0.0,0.0,0.0,0.0,0.0,0.0,0.0,0.0,0.0,0.0,False
aade289c-3aef-4d0f-a03c-92db527221e1,v1.14-1.15,0.0,0.0,0.0,0.0,0.0,0.0,0.0,0.0,,0.0,False
4d82e666-d865-4056-a184-3b39dc3b605d,v1.14-1.15,0.0,0.0,0.0,0.0,0.0,0.0,0.0,0.0,,0.0,False
2b7ba021-f184-48ee-a83b-0f19d05bc14d,v1.16+,0.0,0.0,0.0,0.0,0.0,0.0,0.0,0.0,0.0,0.0,False
feda1984-155a-47ea-9aa5-d8858b12b17a,v1.14-1.15,0.0,0.0,0.0,0.0,0.0,0.0,0.0,0.0,0.0,0.0,False
0bba0f63-5f36-44ed-9b9a-f470ffec3da8,v1.16+,0.0,0.0,0.0,0.0,0.0,0.0,0.0,0.0,0.0,0.0,False
f0d49fce-0af1-488a-bc1e-d558356cb76d,v1.14-1.15,0.0,0.0,0.0,0.0,0.0,0.0,0.0,0.0,0.0,0.0,False
fc96d4f6-e675-4634-86d1-79135d504027,v1.14-1.15,0.0,0.0,0.0,0.0,0.0,0.0,0.0,0.0,0.0,0.0,False
5ffcf209-d767-4b19-b0dd-2d900b1777a1,v1.14-1.15,0.0,0.0,0.0,0.0,0.0,0.0,0.0,0.0,,0.0,False
f377f6bd-e652-486f-8b97-3eecf987070c,v1.14-1.15,0.0,0.0,0.0,0.0,0.0,0.0,0.0,0.0,0.0,0.0,False
df75252c-e137-4609-b692-d20701d62e9e,v1.12-1.13,0.0,0.0,0.0,0.0,0.0,0.0,0.0,0.0,,0.0,False
6263d9ec-af59-48da-aebe-dee75c8d30f0,v1.14-1.15,0.0,0.0,0.0,0.0,0.0,0.0,0.0,0.0,0.6208791208791209,0.0,True
5c703fed-e6cd-41d2-9f3e-cdd5a5c8cf3c,v1.12-1.13,0.0,0.02197802197802198,0.0,0.047619047619047616,0.0,0.7252747252747253,0.5164835164835165,0.0,0.0,0.0,True
c3e56705-eb74-45d4-b691-18a590465ae5,v1.14-1.15,0.0,0.0,0.0,0.0,0.0,0.0,0.0,0.0,0.0,0.0,False
b9ff0ece-82b6-4b1c-a43a-a71e0e98963d,v1.16+,0.0,0.0,0.0,0.0,0.0,0.0,0.0,0.0,0.0,0.0,False
a00fb082-b490-4b74-85d5-553101ce6d6e,v1.16+,0.0,0.0,0.0,0.0,0.0,0.0,0.0,0.0,0.0,0.0,False
f7dc8968-a583-43c7-ba0f-23587449226c,v1.14-1.15,0.0,0.0,0.0,0.0,0.0,0.0,0.0,0.0,0.0,0.8171296296296297,True
840f1d6c-7342-4ee0-bb43-e9a4d63d2e2b,v1.14-1.15,0.0,0.0,0.0,0.0,0.0,0.0,0.0,0.0,0.0,0.0,False
2dce1242-dd61-4d0c-b724-76683ea2a4c2,v1.12-1.13,0.0,0.0,0.0,0.0,0.0,0.0,0.0,0.0,,0.0,False
59102137-d76d-4cd3-bee7-7a655235fb62,v1.14-1.15,0.0,0.0,0.0,0.0,0.0,0.0,0.0,0.0,0.3615580016934801,0.0,True
9434f26d-e4a0-4115-87c1-3d241b7fb72f,v1.14-1.15,0.0,0.0,0.0,0.0,0.0,0.0,0.0,0.0,0.0,0.0,False
066954dd-411e-450c-9f26-c99033c6efcb,v1.14-1.15,0.0,0.0,0.0,0.0,0.0,0.0,0.0,0.0,0.0,0.0,False
8997bfed-7424-4ce0-a77f-7824c1087587,v1.12-1.13,0.0,0.0,0.0,0.0,0.0,0.0,0.0,0.0,0.0,0.0,False
92da7a00-7889-4e0c-9cb1-ae90ddbcb062,v1.16+,0.0,0.0,0.0,0.0,0.0,0.0,0.0,0.0,0.0,0.0,False
6a14fb95-3e37-4a98-bb86-df2b3d2cda0d,v1.14-1.15,0.0,0.0,0.0,0.0,0.0,0.0,0.0,0.0,0.09569377990430622,0.0,True
c237b6b8-81f9-4c86-a7ec-d05a50b5556d,v1.14-1.15,0.0,0.0,0.0,0.0,0.0,0.0,0.0,0.0,0.0,0.0,False
7c393f31-7099-4464-b323-22d41414548f,v1.14-1.15,0.0,0.0,0.0,0.0,0.0,0.0,0.0,0.0,0.0,0.12413793103448276,True
c58d1f04-0913-4f4a-a50f-556f432b6e97,v1.14-1.15,0.0017241379310344827,0.0,0.0,0.0,0.0,0.0,0.0,0.2810344827586207,0.12241379310344827,0.0,True
98dbc16e-666a-496a-b915-e5ff0c73ce39,v1.16+,0.0,0.0,0.0,0.0,0.0,0.0,0.0,0.0,0.0,0.0,False
6309d940-5bb8-4044-ad4d-fb031835a2d3,v1.12-1.13,0.0,0.0,0.0,0.0,0.0,0.0,0.0,0.0186219739292365,0.0,0.0,False
8a064495-d21a-4064-85b9-69fe2a5acb8b,v1.14-1.15,0.0,0.0,0.0,0.0,0.0,0.0,0.0,0.04060913705583756,,0.0,False
38c4a482-3a79-4d36-b03c-d3adacd00cc4,v1.12-1.13,0.0,0.0,0.0,0.0,0.0,0.0,0.0,0.0010799136069114472,0.0,0.0,False
4141b556-a0c2-4201-8fbe-e6eb52f4c8c8,v1.16+,0.0,0.0,0.0,0.0,0.0,1.0,0.0,0.0,0.0,0.0,True
cfd0376a-e8eb-4eb9-acdc-ab8472c5e5af,v1.16+,0.0,0.0,0.0,0.0,0.0,0.0,0.0,0.0,0.0,0.0,False
99b539dd-d66f-4e36-9fb6-129165e11743,v1.14-1.15,0.0,0.0,0.0,0.0,0.0,0.0,0.0,0.0,0.0,0.0,False
e0d51863-a3f0-45d6-aa17-7329f62a518c,v1.14-1.15,0.0,0.0,0.0,0.0,0.0,0.0,0.0,0.05504587155963303,0.0,0.0,True
4024baba-79e4-46b2-b545-24ab667640fe,v1.14-1.15,0.0,0.0,0.0,0.0,0.0,0.0,0.0,0.0,0.0,0.0,False
3acd88c0-8496-420b-ba54-ff67e7e7122a,v1.14-1.15,0.0,0.0,0.0,0.0,0.0,0.0,0.0,0.0,0.0,0.0,False
300a0a1c-3cbe-4beb-8a5b-b4241b911d4f,v1.14-1.15,0.0,0.0,0.0,0.0,0.0,0.0,0.0,0.0,0.0,0.0,False
f6ddeab3-8832-4f84-9bfb-d85af6465844,v1.14-1.15,0.0,0.0,0.0,0.0,0.0,0.0,0.0,0.0,0.0,0.0,False
259e9890-d6a1-4b3f-b481-4109280e982b,v1.14-1.15,1.0,0.0,0.0,0.0,0.0,0.0,0.0,0.0,,0.0,True
31b22693-3830-4550-ba5e-52ec4ab4263e,v1.16+,0.0,0.0,0.0,0.0,0.0,0.0,0.0,0.0,0.0,0.0,False
8d49233c-67a8-431e-88f3-21e236d5f8a8,v1.16+,0.0,0.0,0.0,0.0,0.0,0.0,0.0,0.0,0.0,0.0,False
ab1ad8f4-27f3-4319-9fd9-acada91b73d2,v1.14-1.15,0.0,0.0,0.0,0.0,0.0,0.0,0.0,0.0,0.0,0.0,False
e16f2346-c965-46e2-b502-018b5862fdef,v1.12-1.13,0.0,0.0,0.0,0.0,0.0,0.019305019305019305,0.0,0.0,0.0,0.0,False
4b38c44f-7a8a-4a2d-a522-04850d28b3d3,v1.12-1.13,0.0,0.0,0.0,0.0,0.0,0.0,0.0,0.0,0.0,0.0,False
f0dbd745-8dfa-4c4d-8c37-d17a8a76d5a0,v1.12-1.13,0.0,0.0,0.0,0.0,0.0,0.0,0.0,0.0,0.0,0.0,False
6cdcccc0-5465-438b-9ff4-4bd90c435542,v1.14-1.15,0.0,0.0,0.0,0.0,0.0,0.0,0.0,0.0,0.0,0.0,False
03d818ef-e11e-434a-ac0d-8b7706e0a99b,v1.14-1.15,0.0,0.0,0.0,0.0,0.0,0.0,0.0,0.0,0.0,0.0,False
d72a3ae8-a86d-4c13-b8ca-bc359a616fb1,v1.14-1.15,0.0,0.0,0.0,0.0,0.0,0.0,0.0,0.14754098360655737,0.04918032786885246,0.0,True
af15e570-dc0e-42af-b7a0-6323e3307288,v1.14-1.15,0.0,0.0,0.0,0.0,0.0,0.0,0.0,0.11319340329835083,0.019490254872563718,0.0,True
3351f2a6-01ff-4ebf-903d-49f04b1aedbb,v1.16+,0.0,0.0,0.0,0.0,0.0,0.0,0.0,0.0,0.0,0.0,False
06c2f090-75d0-4d2a-8205-486925a060f0,v1.14-1.15,0.0,0.0,0.0,0.0,0.0,0.0,0.0,0.0,0.125,0.0,True
c351d264-e188-4fb5-8970-991505ee6adb,v1.16+,0.0,0.0,0.0,0.0,0.0,0.0,0.0,0.0,0.0,0.0,False
e9aadc60-346f-4cd0-a1f8-3828c5a94510,v1.14-1.15,0.0,0.0,0.0,0.0,0.0,0.0,0.0,0.0,0.0,0.0,False
033f91af-7aa2-424f-8c64-25ce517f6a7c,v1.14-1.15,0.0,0.0,0.0,0.0,0.0,0.0,0.0,0.0,0.0,0.0,False
d10bfbec-5372-4d3d-87a8-fee2a8edb574,v1.14-1.15,0.0,0.0,0.0,0.0,0.0,0.0,0.0,0.0,0.0,0.0,False
6dcb9bd9-9cc6-47bf-a857-496aeeae01ab,v1.16+,0.0,0.0,0.0,0.0,0.0,0.0,0.0,0.16417910447761194,0.014925373134328358,0.0,True
85320381-9d0e-41bc-992e-5afea57a9d82,v1.14-1.15,0.0,0.0,0.0,0.0,0.0,0.0,0.0,0.0,0.0,0.0,False
b3240c58-47ab-4d39-9c3a-80d5527a6a22,v1.16+,0.0,0.0,0.0,0.0,0.0,0.0,0.0,0.08695652173913043,0.0,0.0,True
28b9796b-921a-4209-81a6-6dd4b720ccdd,v1.14-1.15,0.0,0.0,0.0,0.0,0.0,0.0,0.0,0.0,0.0,0.56951871657754,True
17cc210c-2851-4836-bdf8-a17d3c2dba6e,v1.14-1.15,0.0,0.0,0.0,0.0,0.0,0.0,0.0,0.0,0.0,0.0,False
540ebbb8-d12f-4ef0-9f39-45d64b8ca1c9,v1.14-1.15,0.0,0.0,0.0,0.0,0.0,0.0,0.0,0.0,0.0,0.0,False
39a8c4db-ab5c-4e7a-8ad0-b702db7b34ae,v1.14-1.15,0.0,0.0,0.0,0.0,0.0,0.0,0.0,0.0,,0.0,False
2cbe4277-b720-4489-91c4-d3574c68c942,v1.16+,0.0,0.0,0.0,0.0,0.0,0.0,0.0,0.0,0.0,0.0,False
885401e3-bde7-4075-82ea-86fc97fb4260,v1.16+,0.0,0.0,0.0,0.0,0.0,0.0,0.0,0.0,0.0,0.0,False
d33bb979-7945-47db-acd2-72e17522c265,v1.14-1.15,0.0,0.0,0.0,0.0,0.0,0.0,0.0,0.0,0.002085070892410342,0.0,False
19e54610-346c-4200-bcef-b64726a8a1fd,v1.12-1.13,0.0,0.0,0.0,0.0,0.0,0.0,0.0,0.07446808510638298,0.0,0.0,True
363a2041-40ea-4c87-b89f-d10226fdc10b,v1.14-1.15,0.0,0.0,0.0,0.0,0.0,0.0,0.0,0.0,0.0,0.0,False
042c232c-8f12-4921-961d-1d763026ddb6,v1.14-1.15,0.0,0.0,0.0,0.0,0.0,0.0,0.0,0.0,0.0,0.0,False
5f61ecd0-0991-454b-8431-01e9e1480125,v1.16+,0.0,0.0,0.0,0.0,0.0,0.0,0.0,0.0,0.0,0.0,False
932ea85a-8e9a-4b86-b823-676417a8bab3,v1.12-1.13,0.0,0.0,0.0,0.0,0.0,0.0,0.0,0.0,0.0,0.0,False
ed6d8677-f09b-4100-9ed1-f9489205d005,v1.12-1.13,0.0,0.0,0.0,0.0,0.0,0.0,0.0,0.0,0.0,0.0,False
2adea738-c41f-44be-bfe9-63a98bfe8ce9,v1.16+,0.0,1.0,1.0,0.0,0.0,0.0,0.0,0.0,0.0,0.0,True
7f2afbf9-cdbf-4f37-9c9a-efe955698f8c,v1.14-1.15,0.0,0.0,0.0,0.0,0.0,0.0,0.0,0.0,0.0,0.0,False
b0e71720-0c40-4c62-882d-7a416dbc1d31,v1.16+,0.0,0.0,0.0,0.0,0.0,0.0,0.0,0.0,0.0,0.0,False
c17d8e82-d384-458c-83d0-6ec1311a3d6f,v1.14-1.15,0.0,0.0,0.0,0.0,0.0,0.0,0.0,0.0,0.0,0.0,False
d0cf4466-adac-410d-9bc5-ed06e6a9772a,v1.14-1.15,0.0,0.0,0.0,0.0,0.0,0.0,0.0,0.0,0.0,0.0,False
eb3bc893-2ef2-4464-80c8-fbd8d5721b7b,v1.16+,0.0,0.0,0.0,0.024390243902439025,0.008130081300813009,0.0,0.0,0.016260162601626018,0.0,0.0,False
1e915e50-437e-473b-b16f-455fd227b7e3,v1.14-1.15,0.0,0.0,0.0,0.0,0.0,0.0,0.0,0.1781609195402299,0.014367816091954023,0.0,True
cfcf4d80-63cb-4cab-8b87-84ed9a5acf69,v1.14-1.15,0.0,0.0,0.0,0.0,0.0,0.0,0.0,0.0,,0.0,False
dd18f29b-0e39-45d4-b9ef-36ed3559123a,v1.14-1.15,0.0,0.0,0.0,0.0,0.0,0.0,0.0,0.0,0.0,0.0,False
e4db7730-7076-41a9-8450-365c78d08231,v1.16+,0.0,0.0,0.0,0.0,0.0,0.0,0.0,0.0024449877750611247,0.0,0.0,False
cec16dba-e437-4607-aa19-6e169fb62534,v1.12-1.13,0.0,0.0,0.0,0.0,0.0,0.0,0.0,0.0,,0.0,False
84e969d7-73f2-4ae5-b3a2-6c9805c2e345,v1.14-1.15,0.0,0.0,0.0,0.0,0.0,0.0,0.0,0.0,0.0,0.0,False
daeab6fa-c44e-4852-b174-bc79a4858217,v1.14-1.15,0.0,0.0,0.0,0.0,0.0,0.0,0.0,0.2857142857142857,,0.0,True
fadd354a-0d4c-4ed4-a788-57452d7f4e89,v1.14-1.15,0.0,0.0,0.0,0.0,0.0,0.0,0.0,0.0,0.0,0.0,False
a8cef7fe-0ce1-4900-a055-d3fd670335ed,v1.12-1.13,0.0,0.0,0.0,0.0,0.0,0.0,0.0,0.0,0.0,0.0,False
5061507f-53be-445d-9e7a-7257f811d0e1,v1.14-1.15,0.0,0.0,0.0,0.0,0.0,0.0,0.0,0.0,0.0,0.0,False
4356a699-8afb-4b55-86d3-52daa7a8e2de,v1.12-1.13,0.0,0.0,0.0,0.0,0.0,0.0,0.0,0.0,0.0,0.0,False
696590b3-101b-4aa4-820d-d67b22eecea3,v1.16+,0.0,0.0010842067220816769,0.0,0.06631731116732924,0.05439103722443079,0.0,0.009035056017347307,0.278641127574991,0.620889049512107,0.0,True
9bce479a-8561-4404-866b-a22d982fb2d4,v1.16+,0.0,0.0,0.0,0.0,0.0,0.0,0.0,0.0,0.0,0.0,False
f556e4d8-55e0-41fa-9fa9-300d78a88ee5,v1.16+,0.0,0.0,0.0,0.0,0.0,0.0,0.0,0.0,0.020689655172413793,0.0,False
6ab6bab5-5787-4bd4-9bb4-70fb51d9af50,v1.16+,0.0,0.0,0.0,0.0,0.0,0.0,0.0,0.0,0.0,0.0,False
2de86afc-0f53-415f-a5e1-59bd6ab7f445,v1.16+,0.0,0.0,0.0,0.0,0.0,0.0,0.0,0.0,0.0,0.0,False
3a1b9d6c-00e5-4359-ba09-daf8420f5ae8,v1.14-1.15,0.0,0.0,0.0,0.0,0.0,0.0,0.0,0.0,0.0,0.0,False
f7749e6d-7887-4805-84b2-ac9a2c56c4c3,v1.14-1.15,0.0,0.0,0.0,0.0,0.0,0.0,0.0,0.0,0.0,0.0,False
5746a10e-38be-43fd-85cc-e27e406f2267,v1.14-1.15,0.0,0.0,0.0,0.0,0.0,0.0,0.0,0.0,0.0,0.0,False
2cb6ff34-eef4-4466-9b2d-f13f0db891c4,v1.16+,0.0,0.0,0.0,0.0,0.0,0.0,0.0,0.005917159763313609,0.0,0.0,False
53e765e2-3c69-4f3b-8d19-dd9e36562c40,v1.16+,0.0,0.0,0.0,0.0,0.0,0.7265100671140939,0.0,0.0,0.0,0.0,True
fb2217f4-8b61-418e-8f13-4617d18aafd8,v1.14-1.15,0.0,0.0,0.0,0.0,0.0,0.0,0.0,0.0,0.0,0.0,False
b41316fc-b1f5-483a-ac33-7fe803102a18,v1.16+,0.0,0.0,0.0,0.0,0.0,0.0,0.0,0.0,0.0,0.0,False
7dd885bd-415b-44dc-8ec8-4c82ddc25011,v1.16+,0.0,0.0,0.0,0.0,0.0,0.0,0.0,0.0,0.0,0.0,False
fcd05b31-14fc-455a-845d-b67c82a28028,v1.14-1.15,0.0,0.0,0.0,0.0,0.0,0.0,0.0,0.0,0.0,0.0,False
46969280-f01c-4d74-9520-e2de5dc6fcfe,v1.14-1.15,0.0,0.0,0.0,0.0,0.0,0.0,0.0,0.0,0.0,0.0,False
c1a85bff-6c5f-4dea-9eb6-56cadedf630a,v1.12-1.13,0.0,0.0,0.0,0.0,0.0,0.0,0.0,0.0,0.0,0.0,False
7cf89550-7008-4d78-9f33-30c200797813,v1.14-1.15,0.0,0.0,0.0,0.0,0.0,0.0,0.0,0.0,0.0,0.0,False
d866394f-804f-4a6f-9080-d1ef8ca14e5f,v1.14-1.15,0.0,0.0,0.0,0.0,0.0,0.0,0.0,0.20588235294117646,0.5196078431372549,0.0857843137254902,True
09b05d63-d7ec-4cfe-93fa-fc2637196623,v1.14-1.15,0.0,0.0,0.0,0.0,0.0,0.0,0.0,0.0,0.0,0.0,False
6bace4c7-d064-4d84-9f0f-8cbec9e0c74c,v1.14-1.15,0.0,0.0,0.0,0.0,0.0,0.0,0.0,0.0,0.0,0.0,False
10475520-aeed-4a26-8c73-ceab3629b01d,v1.12-1.13,0.0,0.0,0.0,0.0,0.0,0.0,0.0,0.0,0.0,0.0,False
ac5ab6bf-75f8-442c-b41c-35f10600d50c,v1.16+,0.0,0.0,0.0,0.0,0.0,0.0,0.0,0.0,0.0,0.0,False
9e082b2f-6292-4e70-84cf-e520db2b4144,v1.14-1.15,0.0,0.0,0.0,0.0,0.0,0.0,0.0,0.0,0.0,0.0,False
3b06fbd6-c7be-45bd-8b86-b39d5c9b60e9,v1.14-1.15,0.0,0.0,0.0,0.0,0.0,0.0,0.0,0.037383177570093455,0.037383177570093455,0.0,False
21826e03-8f87-4cfb-b4d7-c13c781a04b9,v1.14-1.15,0.0,0.0,0.0,0.0,0.0,0.0,0.0,0.609009009009009,0.036036036036036036,0.0,True
2a32ce28-38e5-4991-aa73-c2e8d3b14093,v1.14-1.15,0.0,0.0,0.0,0.0,0.0,0.0,0.0,0.0,,0.0,False
01821764-d8c1-4391-927c-0069074c8e31,v1.12-1.13,0.0,0.0,0.0,0.0,0.0,0.0,0.0,0.0,0.0,0.0,False
92da84f6-0478-4c79-b8f3-f14ca4864b66,v1.14-1.15,0.0,0.0,0.0,0.0,0.0,0.0,0.0,0.0,0.0,0.0,False
0905371f-9c90-40c8-85fb-f42a5a61bb63,v1.14-1.15,0.0,0.0,0.0,0.0,0.0,1.0,0.0,0.0,,0.0,True
3885bced-89d4-464e-9bdd-e9ad9fb39001,v1.14-1.15,0.0,0.0,0.0,0.0,0.0,0.0,0.0,0.0,0.0,0.0,False
5cd67b7e-210c-4ebd-a88b-66f0cfc40725,v1.14-1.15,0.0,0.0,0.0,0.0,0.0,0.0,0.0,0.0,0.0,0.23832923832923833,True
075e36ca-9a78-406d-a5f4-778206828ef0,v1.16+,0.0,0.0,0.0,0.0,0.0,0.0,0.0,0.0,0.0,0.0,False
403eb6fe-073a-4d33-86fa-7f1f91ccf646,v1.14-1.15,0.0,0.0,0.0,0.0,0.0,0.0,0.0,0.0,0.0,0.0,False
6d57db38-307b-41c4-b1a0-1e8ff4648aaa,v1.12-1.13,0.0005651313930488839,0.0,0.0,0.00014128284826222097,0.0,0.00028256569652444194,0.00014128284826222097,0.0,0.0009889799378355467,0.0,False
6736edac-3b5e-4576-b6a2-fc8774ee0197,v1.12-1.13,0.0,0.0,0.0,0.0,0.0,0.0,0.0,0.0,0.0,0.0,False
6c540cd4-1276-428d-af08-37f5f09f0bfc,v1.16+,0.0,0.0,0.0,0.0,0.0,0.0,0.0,0.0,0.0,0.0,False
b740ed11-e242-4cfd-ab15-01183c864847,v1.12-1.13,0.0,0.0,0.0,0.0,0.0,0.0,0.0,0.0,0.0,0.0,False
a2b3185c-ee05-4813-9785-d0917e8ce78b,v1.14-1.15,0.0,0.0,0.0,0.0,0.0,0.0,0.0,0.0,0.0,0.0,False
cad13b61-ea31-4c37-b4d7-6cc26e2f375a,v1.14-1.15,0.0,0.0,0.0,0.0,0.0,0.0,0.0,0.0,0.0,0.4180790960451977,True
3e68dc9c-0087-4d77-a104-5ec2c13f7792,v1.16+,0.0,0.0,0.0,0.0,0.006872852233676976,0.0,0.0,0.0,0.0,0.0,False
b390e084-6742-4cdc-969a-653b0f525da0,v1.12-1.13,0.0,0.0,0.0,0.0,0.0,0.0,0.0,0.0,0.0,0.0,False
c6c51d96-8a30-4758-b5d7-8f4e2f5479e9,v1.12-1.13,0.0,0.0,0.0,0.0,0.0,0.0,0.0,0.0,0.0,0.0,False
d08d1f8e-78c8-4809-af71-ad9ac1b49f47,v1.14-1.15,0.0,0.0,0.0,0.0,0.0,0.0,0.0,0.0,0.0,0.0,False
de427e5e-6b01-4efd-b9af-31863b739599,v1.16+,0.0,0.0,0.0,0.0,0.0,0.0,0.0,0.0,0.0,0.0,False
0272806d-1245-45c9-8306-82404f256806,v1.12-1.13,0.0,0.0,0.0,0.0,0.0,0.0,0.0,0.0,0.0,0.0,False
04c517ac-2ad1-400a-88b4-61b0dc58d59b,v1.14-1.15,0.0,0.0,0.0,0.0,0.0,0.0,0.0,0.0,0.0,0.0,False
13d90e81-3f70-45e1-8338-7666e04ecfe0,v1.16+,0.0005608524957936063,0.0628154795288839,0.0628154795288839,0.0,0.0011217049915872126,0.010095344924284913,0.0,0.0011217049915872126,0.05888951205832866,0.0,True
a0165d56-6253-4497-9e30-71fe6b6f41f7,v1.14-1.15,0.0,0.0,0.0,0.0,0.0,0.0,0.0,0.0,0.0,0.0,False
9922859c-fc46-411f-9416-29cc6abc5758,v1.14-1.15,0.0,0.0,0.0,0.0,0.0,0.0,0.0,0.0,0.0,0.0,False
4ce0e7e0-9554-4e8e-8794-77d2f7145372,v1.14-1.15,0.0,0.0,0.0,0.0,0.0,0.0,0.0,0.0,0.0,0.0,False
4a8e48c0-8073-424e-9a5d-21c32a595315,v1.14-1.15,0.0,0.0,0.0,0.0,0.0,0.0,0.0,0.0,0.0,0.0,False
93163d47-e3cd-48a3-b06e-1f4f332ea956,v1.12-1.13,0.0,0.0,0.0,0.0,0.0,0.0,0.0,0.0,0.0,0.0,False
7b7a9454-fde3-44f0-a045-23ed173b5566,v1.16+,0.0,0.0,0.0,0.0,0.0,0.0,0.0,0.0078125,0.0,0.0,False
6a02610c-1880-4f1c-a46b-2c31e54aabb5,v1.12-1.13,0.0,0.0,0.0,0.0,0.0,0.0,0.0,0.0,0.0,0.0,False
83830e93-f166-4f99-bfa9-5d1128a1c7f5,v1.16+,0.0,0.0,0.0,0.0,0.0,0.0,0.0,0.0,0.4819277108433735,0.0,True
2f90c7ea-7f37-4814-918d-c73a79f06648,v1.14-1.15,0.0,0.0,0.0,0.0,0.0,0.0,0.0,0.0,0.0,0.0,False
b176f84b-5009-40e4-8743-31c63ce1c5df,v1.14-1.15,0.0,0.0,0.0,0.0,0.0,0.0,0.0,0.0,,0.0,False
baa6dc01-44d6-4fab-adae-6c658fbd33b1,v1.16+,0.0,0.0,0.0,0.0,0.0,0.0,0.0,0.0,0.0,0.0,False
b563cdbe-7721-4a33-a182-4abe35eda4ab,v1.14-1.15,0.0,0.0,0.0,0.0,0.0,0.0,0.0,0.0,,0.0,False
b97f96d0-c15c-4a33-a874-fa5c51fe47fc,v1.14-1.15,0.0,0.0,0.0,0.0,0.0,0.0,0.0,0.1267605633802817,0.0,0.0,True
80b880d7-fb59-47ff-92dd-1b0281490a80,v1.14-1.15,0.0,0.0,0.0,0.0,0.0,0.0,0.0,0.0,0.0,0.0,False
e7eb6c96-1450-41d4-844e-2cd7378f2412,v1.14-1.15,0.0,0.0,0.0,0.0,0.0,0.0,0.0,0.0,0.0,0.0,False
57a3b512-7aa6-40b5-b871-76b905f26972,v1.16+,0.0,0.0,0.0,0.0,0.0,0.0,0.0,0.0,0.0,0.0,False
edffa36c-a03d-40b2-9ec9-542280230a5f,v1.12-1.13,0.0,0.0,0.0,0.0,0.0,0.0,0.0,0.0,0.0,0.0,False
ddc6b899-97e6-4165-a785-229aa1c8eeb0,v1.16+,0.0,0.0,0.0,0.0,0.0,0.0,0.0,0.0015282730514518594,0.0,0.0,False
5c25fcb5-1fa5-45f1-b1ab-9316064b41e4,v1.14-1.15,0.0,0.0,0.0,0.00819672131147541,0.02459016393442623,0.08196721311475409,0.0,0.0,0.0,0.18032786885245902,True
91a31f28-d304-491c-9a8d-75b451268c30,v1.16+,0.0,0.0,0.0,0.0,0.0,0.0,0.0,0.0,0.0,0.0,False
8e2d1b52-4a31-438d-b245-ba69a1780560,v1.16+,0.0,0.0,0.0,0.0,0.0,0.0,0.0,0.0,0.0,0.0,False
d08e3e54-e09d-4dc4-b5ee-e02df4c353a6,v1.14-1.15,0.0,0.0,0.0,0.0,0.0,0.0,0.0,0.0,0.0,0.0,False
d3299236-fbda-4af8-99cd-f59debbc12a2,v1.14-1.15,0.0,0.0,0.0,0.0,0.0,0.0,0.0,0.0,0.0,0.0,False
60fca266-22bd-430f-aee0-467168565ce1,v1.14-1.15,0.0,0.0,0.0,0.0,0.0,0.0,0.0,0.0,,0.0,False
091e2539-e516-40be-946d-aeff1dbedd49,v1.16+,0.0,0.0,0.0,0.0,0.0,0.0,0.0,0.0,0.005407354001441961,0.0,False
b410ff33-6ddf-4118-87dc-370c576f156a,v1.16+,0.0,0.0,0.0,0.0,0.0,0.0,0.0,0.0,0.0,0.0,False
df0f6416-9fea-4961-9cb3-0c307e541db7,v1.16+,0.0,0.0,0.0,0.0,0.0,0.0,0.0,0.0,0.0,0.0,False
ce6d7213-961b-4c24-9b8e-667f7b91b76f,v1.14-1.15,0.0,0.0,0.0,0.0,0.0,0.0,0.0,0.0,0.0,0.0,False
9b2f55e4-7039-4510-a8a3-dcc609ad328b,v1.14-1.15,0.0,0.0,0.0,0.0,0.0,0.0,0.0,0.0,,0.0,False
d7da7818-a085-4de4-a8fe-6e175b4c964b,v1.16+,0.0,0.0,0.0,0.0,0.0,0.0,0.0,0.0,0.0,0.0,False
3e74c9f9-221e-45ac-a743-aeca65ddbfd2,v1.16+,0.0,0.016366612111292964,0.016366612111292964,0.0,0.0,0.0,0.0,0.0,0.0,0.0,False
c1a6fcb2-c0dd-4603-9da6-3a0e17899eff,v1.14-1.15,0.0,0.0,0.0,0.0,0.0,0.0,0.0,0.0,0.0,0.0,False
6c5fb646-c383-4096-a28c-69cedb6f17e3,v1.16+,0.0,0.0,0.0,0.0,0.0,0.0,0.0,0.0,0.0,0.0,False
674422ec-f9b9-4f80-ab30-c3533e3f9680,v1.16+,0.0,0.0,0.0,0.0,0.0,0.0,0.0,0.0,0.0,0.0,False
772051f3-1e48-4d9c-ae42-cf44e868798f,v1.14-1.15,0.0,0.0,0.0,0.0,0.0,0.0,0.0,0.0,0.0,0.0,False
66d3d20d-733c-4d2b-bac8-aee08920cbb2,v1.14-1.15,0.0,0.0,0.0,0.0,0.0,0.0,0.0,0.0,0.0,0.0,False
1ccf1be6-2c88-402e-99e0-2f8039601997,v1.14-1.15,0.0,0.0,0.0,0.0,0.0,0.0,0.0,0.0,0.0,0.0,False
fa1651f6-5f55-459a-a325-d2488862102e,v1.16+,0.0,0.0,0.0,0.0,0.0,0.0,0.0,0.0,0.0,0.0,False
84773db7-47ef-4013-b048-9f1a782164cc,v1.16+,0.0,0.0,0.0,0.0,0.0,0.0,0.011627906976744186,0.005813953488372093,0.011627906976744186,0.0,False
56fae0a3-b045-4aa2-b3be-a8a7d28c71cd,v1.12-1.13,0.0,0.0,0.0,0.0,0.0,0.0,0.0,0.0,0.0,0.0,False
ae8790c5-c197-468f-a0a9-1b78ac9e125d,v1.16+,0.0,0.0,0.0,0.0,0.0,0.0,0.0,0.0,0.0,0.0,False
2e646bea-dea5-410d-a5ac-578fbbf42cc6,v1.14-1.15,0.0,0.0,0.0,0.0,0.0,0.0,0.0,0.0,0.0,0.0,False
eb79623b-519d-4528-a01b-48d7ef00bd0e,v1.16+,0.0,0.0,0.0,0.0,0.0,0.0,0.0,0.0,0.005997001499250375,0.0,False
60413875-f950-46a7-8aac-5d1f820b53ef,v1.12-1.13,0.0,0.0,0.0,0.0,0.0,0.0,0.0,0.0,0.0,0.0,False
84d75fd0-ece3-40c5-ad5f-e6eba89fd42b,v1.14-1.15,0.0,0.0,0.0,0.0,0.0,0.0,0.0,0.0,0.0,0.0,False
af14a6f8-ebba-4b10-bc9b-22f564e8bbf3,v1.16+,0.0,0.0,0.0,0.0,0.0,0.0,0.0,0.2098623853211009,0.2580275229357798,0.0,True
70cdc2f7-454c-4d20-8df9-b9631b51e3c4,v1.14-1.15,0.0,0.0,0.0,0.0,0.0,0.0,0.0,0.00867183934276586,0.015518028297581013,0.0,False
e7dd1aa5-2f42-4e46-8d97-d1206aeffdef,v1.16+,0.0,0.0,0.0,0.0,0.0,0.0,0.0,0.0,0.0,0.0,False
ea084fb8-132a-4fbd-a258-f5c94c847716,v1.14-1.15,0.0,0.0,0.0,0.0,0.0,0.0,0.0,0.0,0.0,0.0,False
687c41e7-2801-4e22-a316-33e8478bdc95,v1.14-1.15,0.0,0.0,0.0,0.0,0.0,0.0,0.0,0.0,0.0,0.0,False
fbf78393-b995-44d4-84ed-a8f94f84ccae,v1.14-1.15,0.0,0.0,0.0,0.0,0.0,0.0,0.0,0.0,0.0,0.0,False
4287b232-f4a8-417d-aa49-b21eb88081fb,v1.16+,0.0,0.0,0.0,0.0,0.0,0.0,0.0,0.0,0.0,0.0,False
967adbbb-7a99-40f6-8126-3e05cb146b3f,v1.14-1.15,0.0,0.0,0.0,0.0,0.0,0.0,0.0,0.0,0.0,0.0,False
8662dc04-492e-426a-bd48-fedfb83a2819,v1.14-1.15,0.0,0.0,0.0,0.0,0.0,0.0,0.0,0.0,0.0,0.0,False
393720cc-406d-4e83-a471-06b57e8272a4,v1.14-1.15,0.0,0.0,0.0,0.0,0.0,0.0,0.0,0.0,0.0,0.0,False
67c11066-1264-4af4-b94a-a36d6820a6e5,v1.14-1.15,0.0,0.0,0.0,0.0,0.0,0.0,0.0,0.05241567912488605,0.009571558796718322,0.0,True
2614ee35-79e5-4304-b905-314be888c7c5,v1.14-1.15,0.0,0.0,0.0,0.0,0.0,0.0,0.0,0.09523809523809523,0.4,0.0,True
b48a234c-03d3-4dae-9f9d-cf335744cad3,v1.16+,0.0,0.0,0.0,0.0,0.0,0.0,0.0,0.0,0.0,0.04081632653061224,False
a9ca40fb-70b4-498b-90f5-3e7a31a630e6,v1.14-1.15,0.0,0.0,0.0,0.0,0.0,0.0,0.0,0.3684210526315789,0.0,0.0,True
1f8567a9-ea53-4632-a4eb-edff86a8c860,v1.14-1.15,0.0,0.0,0.0,0.0,0.0,0.0,0.0,0.0,,0.0,False
ebd943b4-d8b5-4b86-86e5-86b77ff478d4,v1.14-1.15,0.0,0.0,0.0,0.0,0.0,0.0,0.0,0.0,0.0,0.0,False
6400e487-aa50-465e-98f2-4cb30de9b193,v1.16+,0.0,0.0,0.0,0.0,0.0,0.2803347280334728,0.0,0.4153846153846154,0.75,0.0,True
fc74f4ed-8a19-4fb9-af7a-ffda09eff68c,v1.14-1.15,0.0,0.0,0.0,0.0,0.0,0.0,0.0,0.0,,0.0,False
5665cde1-948e-4f16-a9f9-7028b77ace97,v1.16+,0.0,0.0,0.0,0.0,0.0,0.0,0.0,0.0031446540880503146,0.0,0.0,False
aef0e777-e6db-4d3d-b1a0-153099297f86,v1.14-1.15,0.0,0.0,0.0,0.0,0.0,0.0,0.0,0.0,0.0,0.04661654135338346,False
358ddf93-4de4-4372-ad7a-64783e9b2e9c,v1.12-1.13,0.0,0.0,0.0,0.0,0.0,0.0,0.0,0.0,0.0,0.0,False
845a6b84-c30f-4455-ae40-7ceadba53a3e,v1.14-1.15,0.0,0.0,0.0,0.0,0.0,0.0,0.0,0.0,0.0,0.0,False
28a0d84e-a602-4eca-90e0-3e8f8e552fb9,v1.14-1.15,0.0,0.0,0.0,0.008620689655172414,0.0,0.0,0.008620689655172414,0.18518518518518517,0.3125,0.0,True
da529492-af79-4386-baec-d9c2113629f2,v1.12-1.13,0.0,0.0,0.0,0.0,0.0,0.0,0.0,0.0,0.0,0.0,False
48399b22-86b7-4249-b279-abe8ec0da2fb,v1.14-1.15,0.0,0.0,0.0,0.0,0.0,1.0,0.0,0.0,0.0,0.0,True
5d329eef-98f0-4984-8677-a2d79ead95a9,v1.16+,0.0,0.0,0.0,0.0,0.0,0.0,0.0,0.0,0.0,0.0,False
b6bf4fa6-4f26-4fa3-8272-a50da18e02b4,v1.16+,0.0,0.0,0.0,0.0,0.0,0.29136690647482016,0.0,0.0,0.04316546762589928,0.0,True
fe1dbd0f-6d8c-4d73-9fb0-22980636179a,v1.14-1.15,0.0,0.0,0.0,0.0,0.0,0.0,0.0,0.0,0.0,0.0,False
0d10957b-facd-4c8b-9c39-34e3c25e4d32,v1.12-1.13,0.0,0.0,0.0,0.0,0.0,0.0,0.0,0.0,0.0,0.0,False
7f8a6ff7-4f32-42ff-9883-9f64dd2d666a,v1.12-1.13,0.0,0.0,0.0,0.0,0.0,0.0,0.0,0.0,0.0,0.0,False
21a3f166-853b-4895-8fee-3cc56d05922b,v1.14-1.15,0.0,0.0,0.0,0.0,0.0,0.0,0.0,0.07894736842105263,,0.0,True
91970d9d-4b2c-4c73-a6de-5aafcb32a15e,v1.12-1.13,0.0,0.0,0.0,0.0,0.0,0.0,0.0,0.0,0.0,0.0,False
8dd03b36-cff7-436a-8228-99b00e70a3fe,v1.16+,0.0010604453870625664,0.021208907741251327,0.021208907741251327,0.0,0.0,0.0,0.0,0.0,0.0,0.0,False
e5dbe9fc-451a-405b-a48d-4ddfb7d8ba63,v1.14-1.15,0.29411764705882354,0.0,0.0,0.0,0.0,0.0,0.0,0.13095238095238096,0.09411764705882353,0.0,True
79c7131c-16cd-4802-aa9c-155a2097a144,v1.14-1.15,0.0,0.0,0.0,0.0,0.0,0.0,0.0,0.0,0.0,0.0,False
579d36a4-e574-4211-a53e-1873c379d1c2,v1.14-1.15,0.0,0.024226110363391656,0.02826379542395693,0.0,0.0,0.031335149863760216,0.0,0.0,0.0,0.616427741185587,True
f39ec69b-9be5-439d-9d49-7f702ce80f33,v1.14-1.15,0.0,0.0,0.0,0.0,0.0,0.0,0.0,0.0,0.0,0.0,False
c95dee01-7d4b-4381-891a-5b84ac746bb4,v1.16+,0.0,0.0,0.0,0.0,0.0,0.0,0.0,0.009523809523809525,0.0,0.0,False
ce61a96b-7a46-42ad-ba87-22e6819061e0,v1.16+,0.0,0.0,0.0,0.0,0.0,0.0,0.0,0.0,0.0,0.0,False
ad2d39cf-5851-4f43-9692-01d370649bc2,v1.14-1.15,0.0,0.0,0.0,0.0,0.0,0.0,0.0,0.0,0.0,0.0,False
ff411cea-225e-43f7-8c62-8a5abe06853f,v1.14-1.15,0.0,0.0,0.0,0.0,0.0,0.0,0.0,0.0,0.0,0.0,False
7af2a624-e86e-4fe1-bc25-07716be7b94e,v1.12-1.13,0.0,0.0,0.0,0.0,0.0,0.0,0.0,0.0,0.0,0.0,False
ffa677e0-9a58-4803-8ec6-3f11c25a3540,v1.14-1.15,0.0,0.0,0.0,0.0,0.0,0.0,0.0,0.0,0.0,0.0,False
85a7a1ba-46da-4590-ba94-54e47e10d5c1,v1.16+,0.0,0.0,0.0,0.0,0.0,0.0,0.0,0.0,0.09722222222222222,0.0,True
3871d43b-ea3c-48da-9b0b-187af0e97089,v1.16+,0.0,0.0,0.0,0.0,0.0,0.0,0.0,0.0,0.0,0.0,False
6833d3e4-d0f4-4f99-904a-88a7e3bfacb2,v1.14-1.15,0.0,0.0,0.0,0.0,0.0,0.0,0.0,0.0,0.0,0.0,False
db30b83d-2cd2-4301-816f-ef20085ada32,v1.14-1.15,0.0,0.0,0.0,0.0,0.0,0.0,0.0,0.0,0.0,0.0,False
bff53469-acbb-4908-9fc3-c5160bd07898,v1.16+,0.0,0.0,0.0,0.0,0.0,0.0,0.0,0.0,0.0,0.0,False
c0ed4d38-2c3b-4362-82a5-9c74ba0ce297,v1.16+,0.0,0.0,0.0,0.0,0.0,0.0,0.028985507246376812,0.17391304347826086,0.0,0.0,True
a2dda5f1-2a86-4a24-b3e4-652593b8c8f6,v1.16+,0.0,0.0,0.0,0.0,0.0,0.0,0.0,0.40703517587939697,0.09547738693467336,0.0,True
502b2e0b-5e63-47fa-9b48-a0527c991459,v1.14-1.15,0.0047169811320754715,0.0,1.0,0.0,0.0,,0.0,0.018867924528301886,0.018867924528301886,0.0,True
c16dec48-f6b2-4584-9851-66597a1d9120,v1.14-1.15,0.0,0.0,0.0,0.0,0.0,0.0,0.0,0.0,0.0,0.0,False
fc265325-68a4-4bf4-b8e6-4fe9b92dcde9,v1.14-1.15,0.0,0.0,0.0,0.0,0.0,0.0,0.0,0.0,,0.0,False
8869d5f3-c41e-45c5-9bc9-1761e5f25c6d,v1.14-1.15,0.0,0.0,0.0,0.0,0.0,0.0,0.0,0.0,,0.0,False
c973ccf7-4076-42f0-ab36-4a277fbff065,v1.14-1.15,0.0,0.0,0.0,0.0,0.0,0.0,0.0,0.0,0.0,0.0,False
ec6764ec-3c7f-430b-8548-cb31a48075cc,v1.16+,0.0,0.0,0.0,0.0,0.0,0.0,0.0,0.0,0.0,0.0,False
f245f5ec-0df4-4bd4-b1ce-593e587c0b2f,v1.14-1.15,0.0,0.0,0.0,0.0,0.0,0.0,0.0,0.0,0.0,0.0,False
707dd136-4813-4829-a062-11e1bf306c78,v1.16+,0.0,0.06403940886699508,0.07827038861521621,0.06403940886699508,0.06787082649151614,0.0,0.07827038861521621,0.0005473453749315818,0.0005473453749315818,0.0,True
f1e2104f-630e-4f63-af1d-3e02443a55af,v1.14-1.15,0.0,0.0,0.0,0.0,0.0,0.0,0.0,0.0,,0.0,False
645dee94-514d-4660-9e53-87a311b01e64,v1.16+,0.0,0.0,0.0,0.0,0.0,0.0,0.0,0.0,0.0,0.0,False
d5934e2f-d86f-44d3-8289-63e8b5eca464,v1.16+,0.0,0.0,0.0,0.0,0.0,0.0,0.0,0.0,0.0,0.0,False
385b0b89-cc6c-489c-b252-c30e8d74c85d,v1.12-1.13,0.0,0.0,0.0,0.0,0.0,0.0,0.0,0.0,0.0,0.0,False
220cae11-04b5-415a-ba25-6138c815dbc6,v1.14-1.15,0.0,0.0,0.0,0.0,0.0,0.0,0.0,0.0,0.0,0.0,False
3183dec6-9b5c-4efb-9599-f756b960d481,v1.14-1.15,0.0,0.0,0.0,0.0,0.0,0.0,0.0,0.0,0.0,0.0,False
6193f443-00b6-49d4-a2ff-f43679193256,v1.14-1.15,0.0,0.0,0.0,0.0,0.0,0.0,0.0,0.0,0.0,0.0,False
94bb1c74-163c-4d1c-b192-489e52501956,v1.14-1.15,0.0,0.0,0.0,0.0,0.0,0.0,0.0,0.1560353287536801,0.26582278481012656,0.0,True
7b763a41-c0e7-4523-b87e-963f57c45535,v1.14-1.15,1.0,,0.0,,0.0,,,0.0,,0.0,True
2bfedcce-3c29-4ae1-b5be-9f80e60679ba,v1.14-1.15,0.0,0.0,0.0,0.0,0.0,0.0,0.0,0.0,0.0,0.0,False
e2cdd32f-d474-4238-b608-eafa817a8c62,v1.14-1.15,0.0,0.0,0.0,0.0,0.0,0.0,0.0,0.0,,0.0,False
accdb259-c80d-49e0-a35b-a3212f7c9dc4,v1.14-1.15,0.0,0.0,0.0,0.0,0.0,0.0,0.0,0.0,0.0,0.010638297872340425,False
7500c859-866b-4b32-89a5-9782acffcb64,v1.14-1.15,0.0,0.0,0.0,0.0,0.0,0.0,0.0,0.0,0.0,0.0,False
5901eeac-c677-4e25-aab5-374c7d690ae3,v1.16+,0.0,0.0,0.0,0.0,0.0,0.0,0.0,0.0,0.0,0.0,False
3ed1c470-ba2f-4016-b7d0-43d9ee8f558b,v1.12-1.13,0.0,0.0,0.0,0.0,0.0,0.0,0.0,0.0,0.0,0.0,False
ceac31e6-b2c1-40a9-817d-057ee9b9d5b6,v1.14-1.15,0.0,0.0,0.0,0.0,0.0,0.0,0.0,0.0,0.0,0.0,False
558d60f8-8a59-405b-835c-3ab1f032ce24,v1.16+,0.0,0.0,0.0,0.0,0.0,0.0,0.0,0.001634050499941641,0.003268100999883282,0.0,False
d616c83b-cf3c-4590-9fcd-fe96d71432f3,v1.14-1.15,0.0,0.0,0.0,0.0,0.0,0.0,0.0,0.0,0.0,0.0,False
829e7c68-79d9-470a-899f-af61434757ce,v1.14-1.15,0.0,0.0,0.0,0.0,0.0,0.0,0.0,0.0,,0.0,False
4fe154b2-6fe2-4dd3-9ce0-92039441607e,v1.14-1.15,0.0,0.0,0.0,0.0,0.0,0.0,0.0,0.0,0.0,0.0,False
110ca988-9f0e-4079-9f13-bb441e92f50a,v1.12-1.13,0.0,0.0,0.0,0.0,0.0,0.0,0.0,0.0,0.0,0.0,False
223d04f4-c52c-4bca-b86b-e940478d4b03,v1.12-1.13,0.0,0.0,0.0,0.0,0.0,0.0,0.0,0.0,0.0,0.0,False
94cb0a05-f1fa-4a71-8897-e6b4186e802e,v1.14-1.15,0.0,0.0,0.0,0.0,0.0,0.0,0.0,0.0,0.0,0.0,False
0ae539bf-9dd1-4393-a645-98ab97a865d4,v1.16+,0.00819672131147541,0.0,0.0,0.00819672131147541,0.0,0.05785123966942149,0.01639344262295082,0.08235294117647059,0.1111111111111111,0.0,True
eda10354-1ba1-4ed7-a70f-51a16b5b52ae,v1.12-1.13,0.0,0.0,0.0,0.0,0.0,0.0,0.0,0.0,0.0,0.0,False
dd152b77-5609-44e0-8e6a-90f703990876,v1.14-1.15,0.0,0.0,0.0,0.0,0.0,0.0,0.0,0.0,0.0,0.034482758620689655,False
b2adcdc1-1c9c-4213-bdd2-764bba6211d7,v1.16+,0.06289308176100629,0.0,0.0,0.0,0.0,0.0,0.0,0.0,0.0,0.0,True
063f5016-010d-4f4c-85d9-26b925622d1c,v1.16+,0.0,0.0,0.0,0.0,0.0,0.0,0.0,0.004130524576621231,0.0,0.0,False
25f3fc7e-d94b-4a5f-a889-567498cbb393,v1.12-1.13,0.0,0.0,0.0,0.0,0.0,0.0,0.0,0.0,0.0,0.0,False
64c179f1-2c15-4daf-b492-45fb649325af,v1.14-1.15,0.0,0.0,0.0,0.0,0.0,0.0,0.0,0.0,0.0,0.0,False
dc614b3f-58a0-4dae-a8fc-59b8a26c7083,v1.14-1.15,0.0,0.0,0.0,0.0,0.0,0.0,0.0,0.0,,0.0,False
16153a76-7dbb-4c6f-aac3-4c6519f7956f,v1.14-1.15,0.0,0.0,0.0,0.0,0.0,0.0,0.0,0.0,0.0,0.0,False
78d77df7-6edd-42c6-81d1-1fd45fed372c,v1.14-1.15,0.31851851851851853,0.0,0.0,0.0,0.0,0.0,0.0,0.0,0.0,0.0,True
6589ad78-37f6-455c-a2eb-1bfee71c18be,v1.14-1.15,0.0,0.0,0.0,0.0,0.0,0.0,0.0,0.0,0.0,0.0,False
e61406ba-a430-413e-bd5f-74bfed23b783,v1.12-1.13,0.0,0.0,0.0,0.0,0.0,0.0,0.0,0.0,0.0,0.0,False
6b776cc9-c250-4e0b-a00b-905285a97df4,v1.16+,0.0,0.0,0.0,0.0,0.0,0.0,0.0,0.0,0.0,0.0,False
697f6dce-243c-4b83-937f-653e8f4f218d,v1.16+,0.0,0.0,0.0,0.0,0.0,0.0,0.0,0.023255813953488372,0.0,0.0,False
20de7a24-7662-460b-b299-2080f92e1ab0,v1.14-1.15,0.0,0.0,0.0,0.0,0.0,0.0,0.0,0.0,0.0,0.0,False
c237126a-d4e1-400d-8152-01be4988660f,v1.14-1.15,0.0,0.0,0.0,0.0,0.0,0.0,0.0,0.0,0.0,0.0,False
4f70558f-6b4a-4021-85ed-9079ca995090,v1.14-1.15,0.0,0.0,0.0,0.0,0.0,0.0,0.0,0.17647058823529413,0.03361344537815126,0.0,True
a6c2aec1-d22b-4c8f-b01c-061275525daa,v1.14-1.15,0.0,0.0,0.0,0.0,0.0,0.0,0.0,0.14102564102564102,0.16666666666666666,0.0,True
985554ed-158c-4d44-a608-c252a834b114,v1.14-1.15,0.6811594202898551,0.0,0.0,0.0,0.0,0.0,0.0,0.0,0.0,0.0,True
300f07a5-997b-4bd5-a51b-649d689ddebc,v1.14-1.15,0.0,0.0,0.0,0.0,0.0,0.0,0.0,0.02890932982917214,0.023653088042049936,0.0,False
0d6ec2cd-8012-48ed-9163-b402942edc68,v1.14-1.15,0.0,0.0,0.0,0.0,0.0,0.0,0.0,0.0,,0.0,False
538cdcfa-6b4f-4988-9e91-d2230c491821,v1.16+,0.052830188679245285,0.10566037735849057,0.13962264150943396,0.033962264150943396,0.03962264150943396,0.07169811320754717,0.05849056603773585,0.0,0.0,0.0,True
40cc25d5-9f7a-4351-9dad-05363d8020b8,v1.12-1.13,0.0,0.0,0.0,0.0,0.0,0.0,0.0,0.0,0.0,0.0,False
a4fd36d5-fa31-423b-9ed6-4ed7a11a3458,v1.16+,0.0,0.0,0.0,0.0,0.0,0.0,0.0,0.0,0.0,0.0,False
074bfccb-7d19-4710-b200-5ba1243e1feb,v1.12-1.13,0.0,0.0,0.0,0.0,0.0,0.0,0.0,0.0,0.0,0.0,False
666b80d4-68ee-4ccd-b94d-620140a712d7,v1.14-1.15,0.0,0.0,0.0,0.0,0.0,0.0,0.0,0.0024271844660194173,0.09523809523809523,0.0,True
a2fc063c-1d42-4460-aafe-0d0bf72917c8,v1.14-1.15,0.0,0.0,0.0,0.0,0.0,0.0,0.0,0.0,0.0,0.0,False
6b823f6b-2835-4bfa-ad42-c28b5690075d,v1.14-1.15,0.0,0.0,0.0,0.0,0.0,0.0,0.0,0.0,0.0,0.0,False
0992ed0a-6f17-4ac6-ad58-7558480c7a16,v1.14-1.15,0.0,0.0,0.0,0.0,0.0,0.0,0.0,0.0,0.0,0.0,False
6c72770e-16e8-4c89-9039-a6522b547ead,v1.16+,0.0,0.0,0.0,0.0,0.0,0.0,0.0,0.011787819253438114,0.0,0.0,False
739a2b13-6d0c-4509-9489-8a754db93443,v1.14-1.15,0.0,0.0,0.0,0.0,0.0,0.0,0.0,0.0,,0.0,False
25191ea4-ddd5-4a71-987a-02cced99b18f,v1.14-1.15,0.0,0.0,0.0,0.0,0.0,0.0,0.0,0.0,,0.0,False
4717e3ac-83a5-4046-9a7d-c05e87752772,v1.16+,0.0,0.0,0.0,0.015503875968992248,0.0,0.0,0.0,0.2713178294573643,0.6744186046511628,0.0,True
446b9884-ae01-421e-93cb-afc67aba7c82,v1.16+,0.946236559139785,0.024193548387096774,0.010752688172043012,0.03763440860215054,0.024193548387096774,0.10752688172043011,0.051075268817204304,0.0,0.5564516129032258,0.0,True
ec3c19f6-8ce0-4fd7-b7c5-dd31530f2e0e,v1.16+,0.0,0.0,0.0,0.0,0.0,0.0,0.0,0.0,0.0,0.0,False
ac828042-b912-4b71-8df1-deca7486fdeb,v1.14-1.15,0.0,0.0,0.0,0.0,0.0,0.0,0.0,0.0,0.0,0.0,False
7b60cb84-da4e-4b2c-bf00-7d5ee0b2f805,v1.14-1.15,0.0,0.0,0.0,0.0,0.0,0.0,0.0,0.0,0.0,0.0,False
152e6aea-4366-41fa-bbff-280fcf5688d0,v1.14-1.15,0.0,0.0,0.0,0.0,0.0,0.0,0.0,0.17073170731707318,0.0,0.0,True
faf003b2-d5f9-4386-80ad-16e491595ccc,v1.14-1.15,0.0,0.0,0.0,0.0,0.0,0.0,0.0,0.0,0.0,0.0,False
c9c21d9a-c0f0-44ec-85af-98d41cd4862e,v1.14-1.15,0.0,0.0,0.0,0.0,0.0,0.0,0.0,0.0,0.0,0.0,False
8ca6f2c5-4424-4433-9669-5b44ea4059af,v1.16+,0.0,0.0,0.0,0.0,0.0,0.0,0.0,0.0,0.0,0.0,False
cdfac74e-bc29-4ca0-ae91-fa20c4973386,v1.16+,0.0,0.0,0.0,0.0,0.0,0.0,0.0,0.0,0.0,0.0,False
b75b93a6-bc35-4da9-a8fb-5ff95f074adc,v1.14-1.15,0.0,0.0,0.0,0.0,0.0,0.0,0.0,0.0,0.0,0.0,False
1bb24cc3-bf59-41ce-abe0-025ffba51e42,v1.14-1.15,0.015522637938564565,0.0,0.0,0.0,0.0,0.0,0.0,0.0011648435651493367,0.0,0.0,False
8f3755ce-89fc-423b-9b50-02a0ab809d07,v1.14-1.15,0.0,0.0,0.0,0.0,0.0,0.0,0.0,0.0,0.0,0.0,False
a765097f-4f30-42f9-b676-7d7807c39654,v1.14-1.15,0.0,0.0,0.0,0.0,0.0,0.0,0.0,0.0,0.0,0.0,False
610d33b9-9aba-4b04-8230-21fe50c05d81,v1.12-1.13,0.0,0.0,0.0,0.0,0.0,0.0,0.0,0.10185185185185185,0.0,0.0,True
1df7eae0-a4f9-407e-92bc-9b87b6aee6fe,v1.14-1.15,0.0,0.0,0.0,0.0,0.0,0.0,0.0,0.0,,0.0,False
3f7a7c17-e615-4c36-843f-cde2547a719b,v1.16+,0.0,0.0,0.03372093023255814,0.0,0.0011627906976744186,0.0,0.002325581395348837,0.16395348837209303,0.10813953488372093,0.0,True
b7d06140-fcc1-4eca-b9ca-a4b72847e5d2,v1.14-1.15,0.0,0.0,0.0,0.0,0.0,0.0,0.0,0.0,0.0,0.0,False
f8947eaa-4401-4ae1-ac1b-534f66117288,v1.14-1.15,0.5753424657534246,0.4931506849315068,0.6301369863013698,0.02054794520547945,0.17123287671232876,0.952054794520548,0.4794520547945205,0.0,0.0,0.0,True
dac709fb-6944-4960-8ced-28352eaf2b19,v1.14-1.15,0.0,0.0,0.0,0.0,0.0,0.0,0.0,0.0,0.0,0.0,False
75f92e69-00d7-4671-a856-084d671cec7e,v1.14-1.15,0.0,0.0,0.0,0.0,0.0,0.0,0.0,0.0,0.0,0.0,False
1893c537-c223-4a4e-bdbc-19f5835e87d8,v1.14-1.15,0.0,0.0,0.0,0.0,0.0,0.0,0.0,0.0,0.0,0.0,False
1b97d8a1-838d-4d21-abb4-b8ba76726ee7,v1.16+,0.0,0.0,0.0,0.0,0.0,0.0,0.0,0.0,0.0,0.0,False
0e8e8022-89af-4abe-8384-8e882db36998,v1.16+,0.0,0.0,0.0,0.0,0.0,0.0,0.0,0.0,0.0,0.0,False
0dc92fc0-641b-4849-8108-db35fb88a3e7,v1.14-1.15,0.007707129094412331,0.0,0.0,0.0,0.0,0.0,0.0,0.0,0.0,0.0,False
c3e5175f-4346-4abc-b93e-fbeb542da3ed,v1.14-1.15,0.0,0.0,0.0,0.0,0.0,0.0,0.0,0.0,0.0,0.0,False
31a40df8-08d9-48b5-b11c-6661a7e5a445,v1.14-1.15,0.0,0.0,0.0,0.0,0.0,0.0,0.0,0.0,0.0,0.0,False
6161f14a-a0cc-467c-8966-9d436e925841,v1.14-1.15,0.0,0.0,0.0,0.0,0.0,0.0,0.0,0.042692939244663386,0.0180623973727422,0.0,False
4e4bf1e5-3454-4713-9ec0-c68c578addcd,v1.14-1.15,0.0,0.0,0.0,0.0,0.0,0.0,0.0,0.0,0.0,0.0,False
8f568acf-799c-477a-aba4-6f1e9eb4b25c,v1.14-1.15,0.0,0.0,0.0,0.0,0.0,0.0,0.0,0.28205128205128205,0.5454545454545454,0.0,True
a04c4897-a6de-4814-bbc4-b5f32eb58d1b,v1.12-1.13,0.0,0.0,0.0,0.0,0.0,0.0,0.0,0.0,0.0,0.0,False
4c19bd82-caf1-4e2a-996e-4e74244509bf,v1.14-1.15,0.0,0.0,0.0,0.0,0.0,0.0,0.0,0.0,0.0,0.0,False
57d2b3af-5aec-401b-9934-89c7bf132a54,v1.16+,0.0,0.0,0.0,0.0,0.0,0.0,0.0,0.0,0.0,0.0,False
2730b9af-7a04-48bb-8f2e-c16ea782ff4e,v1.16+,0.0,0.0,0.0,0.0,0.0,0.0,0.0,0.0010514931202307276,0.0021029862404614553,0.0,False
ebb3b6fe-f9fa-432c-abab-7cc6ab06ebaa,v1.16+,0.0,0.0,0.0,0.0,0.0,0.0,0.0,0.0,0.0,0.0,False
23ee80e3-dc26-4144-bebf-fc9760bfd8a9,v1.16+,0.0,0.0,0.0,0.0,0.0,0.0,0.0,0.0,0.0,0.0,False
0647acaf-7f28-451b-b460-058c13ae918c,v1.16+,0.0,0.0,0.0,0.0,0.0,0.0,0.0,0.0,1.0,0.028985507246376812,True
82416bc5-ec85-4d88-b20b-b8c864c9726a,v1.14-1.15,0.0005549389567147614,0.0,0.0,0.0,0.0,0.0,0.0,0.8882642304989459,,0.0,True
513e299c-6b6b-4666-a54c-89f10b5a9533,v1.12-1.13,0.0,0.0,0.0,0.0,0.0,0.0,0.0,0.0425531914893617,0.25,0.0,True
b05a3129-b0b9-4fe1-b546-170d2ec2ba3f,v1.16+,0.0,0.0,0.0,0.0,0.0,0.0,0.0,0.0,0.0,0.0,False
dca005d8-feac-47b7-bbd1-63092be49fc0,v1.14-1.15,0.0,0.0,0.0,0.0,0.0,0.0,0.0,0.06153846153846154,0.0,0.0,True
b836a0da-9fc3-4f64-a1d7-91c605889136,v1.14-1.15,0.0,0.0,0.0,0.0,0.0,0.0,0.0,0.0,0.0,0.0,False
284178e7-c335-4a41-bff4-448dbac9371b,v1.14-1.15,0.0,0.0,0.0,0.0,0.0,0.0,0.0,0.0,0.0,0.0,False
e10558d7-e28c-44c2-a224-86c65ec6754d,v1.16+,0.0,0.0,0.0,0.0,0.0,0.0,0.0,0.07936507936507936,0.015873015873015872,0.0,True
0bd113a3-4aea-4aa9-a0d9-cdad2878f165,v1.16+,0.0,0.0,0.0,0.0,0.0,0.0,0.0,0.0,0.0,0.0,False
12fcc46b-ab5e-42f9-92e2-85c3c66b9b1b,v1.16+,0.0,0.0,0.0,0.0,0.0,0.0,0.0,0.0,0.0,0.0,False
1614a17a-b083-4876-93fe-4d1e44538db6,v1.16+,0.0,0.0,0.0,0.0,0.0,0.0,0.0,0.0,0.0,0.0,False
c886dfb9-4bf3-466f-99d1-2b0009ccb829,v1.12-1.13,0.0,0.0,0.0,0.006896551724137931,0.0,0.0,0.006896551724137931,0.0,0.0,0.0,False
8876477b-1b4e-429a-8bcf-01d8f8188941,v1.14-1.15,0.0,0.0,0.0,0.0,0.0,0.0,0.0,0.0,0.0,0.0,False
56ad4dc6-9cc6-44f7-92af-4c1e2ddcb8ac,v1.16+,0.0,0.0,0.0,0.0,0.0,0.0,0.0,0.0,0.0,0.0,False
0c007e7f-c8e1-47f4-b169-29111e62cf3c,v1.14-1.15,0.0,0.0,0.0,0.0,0.0,0.0,0.0,0.0,0.0,0.0,False
66a167e9-0c7e-4a24-9fa3-8e4bbf18ea44,v1.12-1.13,0.0,0.0,0.0,0.0,0.0,0.0,0.0,0.0,0.0,0.0,False
e019dd2d-f732-46ff-9a34-03950026b3d9,v1.14-1.15,0.0,0.0,0.0,0.0,0.0,0.0,0.0,0.0,0.0,0.0,False
80fc6b04-89b5-46a8-a8ec-4e63ec795ff4,v1.12-1.13,0.0,0.0,0.0,0.0,0.0,0.00034106412005457026,0.0,0.0,0.0,0.0,False
0fd264af-93e9-4a40-be5b-00b3872b210c,v1.16+,0.0,0.0,0.0,0.0,0.0,0.0,0.0,0.0,0.0,0.0,False
b58e2067-08eb-4ee0-a119-e138823b8cd1,v1.14-1.15,0.0,0.0,0.0,0.0,0.0,0.0,0.0,0.0,,0.0,False
e67cfd71-7ff2-4250-bea5-fb3e107896a5,v1.14-1.15,0.0,0.0,0.0,0.0,0.0,0.0,0.0,0.0,,0.0,False
49e6259e-3499-4b91-a724-f0bcedcbed60,v1.12-1.13,0.0,0.0,0.0,0.0,0.0,0.0,0.0,0.022988505747126436,0.0,0.0,False
d13613e1-e449-47f2-acf1-f356db07ce3c,v1.14-1.15,0.0,0.0,0.0,0.0,0.0,0.0,0.0,0.0,,0.0,False
333a57b3-af32-45a1-a447-ded36c328cfa,v1.14-1.15,0.0,0.0,0.0,0.0,0.0,0.0,0.0,0.0,0.0,0.0,False
a408a531-dbe5-4ebe-a121-632f6c3046fa,v1.14-1.15,0.0,0.0,0.0,0.0,0.0,0.0,0.0,0.0,,0.0,False
cde494bb-e2d1-48e8-aeea-0779909b51b6,v1.14-1.15,0.0,0.0,0.0,0.0,0.0,0.0,0.0,0.0,0.0,0.0,False
5539ce1b-42ba-4c32-8763-74ddbe7fddee,v1.14-1.15,0.0,0.0,0.0,0.0,0.0,0.0,0.0,0.0,0.0,0.0,False
08e27f9d-a6e2-41a3-89c2-76cf83f98f54,v1.14-1.15,0.0,0.0,0.0,0.0,0.0,0.0,0.0,0.0,0.0,0.0,False
aeaba112-25cd-4025-bc83-f3c04bccbd2f,v1.12-1.13,0.0012610340479192938,0.0,0.0,0.0,0.0,0.0,0.0,0.0,0.0,0.0,False
32556bbb-db92-439e-8654-a072b4009724,v1.16+,0.0,0.0,0.0,0.0,0.0,0.0,0.0,0.0,0.0,0.0,False
aafff692-6529-4391-8296-55a03a840fa6,v1.14-1.15,0.0,0.0,0.0,0.0,0.0,0.0,0.0,0.0,0.0,0.0,False
8a54b5fe-5299-4e84-b668-6df1a9a93441,v1.14-1.15,0.0,0.0,0.0,0.0,0.0,0.0,0.01282051282051282,0.0,0.0,0.0,False
c6a6f6a7-76d2-4a9d-9976-c32a753555dc,v1.16+,0.0,0.0,0.0,0.0,0.0,0.0,0.0,0.0,0.0,0.0,False
f1ace2c1-3566-4ab5-994e-b0bbbca90dd5,v1.14-1.15,0.0,0.0,0.0,0.0,0.0,0.0,0.0,0.017045454545454544,0.002840909090909091,0.002840909090909091,False
9d43eb17-6bc1-45fe-8701-bedfda47ee70,v1.12-1.13,0.0,0.0,0.0,0.0,0.0,0.0,0.0,0.0,0.0,0.0,False
d0185cbe-254f-4ddc-ac44-ef4095adc90a,v1.16+,0.0,0.0,0.0,0.0,0.0,0.0,0.0,0.0,0.0,0.0,False
b9a77929-0961-44ad-bc48-2b5dd265a95a,v1.16+,0.0,0.0,0.0,0.0,0.0,0.0,0.0,0.0,0.0,0.0,False
4d631738-ad24-410c-be4c-c6f23b296026,v1.16+,0.0,0.0,0.0,0.0,0.0,0.0,0.0,0.0,0.0,0.0,False
97155b59-b9e0-46ea-8be2-11201de1fbaa,v1.16+,0.0,0.0,0.0,0.0,0.0,0.0,0.0,0.0,0.00909090909090909,0.0,False
ee137382-d197-4835-b010-3033fcd9d3c1,v1.14-1.15,0.0,0.0,0.0,0.0,0.0,0.0,0.0,0.0,0.0,0.0,False
258a0e12-6d33-4baf-ab24-40710413e992,v1.14-1.15,0.0,0.0,0.0,0.0,0.0,0.0,0.0,0.21348314606741572,0.06666666666666667,0.0,True
e4715794-473c-42fa-bb2c-70857ac1a16e,v1.14-1.15,0.0,0.0,0.0,0.0,0.0,0.0,0.0,0.0,0.0,0.0,False
1cbd3e47-8c91-494d-ac59-2432b8858f7b,v1.14-1.15,0.0,0.0,0.0,0.0,0.0,0.0,0.0,0.0,,0.0,False
78b09171-070a-4fad-8680-7f328c928312,v1.12-1.13,0.0,0.0,0.0,0.0,0.0,0.0,0.0,0.0024390243902439024,0.0,0.0,False
37edb356-de79-463c-92e8-d82054140c43,v1.12-1.13,0.0,0.0,0.0,0.0,0.0,0.0,0.0,0.0,0.0,0.0,False
3ef02995-fdcc-4dec-bb4a-98e04f8c187c,v1.14-1.15,0.0,0.0,0.0,0.0,0.0,0.0,0.0,0.0,0.0,0.0,False
ca2f0dc7-5d0d-490f-8073-fbb64018999a,v1.14-1.15,0.0,0.0,0.0,0.0,0.0,0.0,0.0,0.0,0.0,0.0,False
ec60629f-66d8-4026-a8b3-fec6d9273a47,v1.16+,0.0,0.0,0.0,0.0,0.0,0.0,0.0,0.0,0.0,0.0,False
d98f134a-4054-434f-aa96-d7bd58e34a1f,v1.16+,0.0,0.0,0.0,0.0,0.0,0.0,0.0,0.0,0.0,0.0,False
3c5d1cf1-e2d3-44d6-9024-51abb3b3ed9f,v1.14-1.15,0.0,0.0,0.0,0.0,0.0,0.0,0.0,0.030168589174800354,0.0,0.0,False
be008871-5dd2-4de6-a2cf-2525ebb130cf,v1.12-1.13,0.0,0.0,0.0,0.0,0.0,0.0,0.0,0.0,,0.0,False
b293656d-b0cb-4780-b648-2ec2d9f8d485,v1.16+,0.0,0.0,0.0,0.0,0.0,0.0,0.0,0.0,0.0,0.0,False
cbe3b4a9-f5ba-475e-990b-fa6086f82f7e,v1.16+,0.0,0.0,0.0,0.0,0.0,0.0,0.0,0.0,0.0,0.0,False
2d747df6-ca09-4594-812a-2de606e58fba,v1.14-1.15,0.0,0.0,0.0,,,0.0,,0.0,0.0,0.0,False
f00f4a7c-8e26-42e1-b343-80da8264f46d,v1.12-1.13,0.0,0.0,0.0,0.0,0.0,0.0,0.0,0.0,0.013333333333333334,0.0,False
88705f51-0d7c-462c-a688-13b8b0000fd4,v1.16+,0.0,0.0,0.0,0.0,0.0,0.0,0.0,0.0,0.0,0.0,False
197dd71a-5106-4d41-87dd-462bdd168fea,v1.14-1.15,0.0,0.0,0.0,0.0,0.0,0.0,0.0,0.0,0.0,0.0,False
f58e09f5-34d2-42ea-98ca-46f8af70a451,v1.14-1.15,0.0,0.0,0.0,0.0,0.0,0.0,0.0,0.0,0.0,0.0,False
e28794a4-7621-4dc6-a8e4-88f691688827,v1.14-1.15,0.0,0.0,0.0,0.0,0.0,0.0,0.0,0.0,0.0,0.0,False
02260c78-3936-4f8c-9302-6c9c68ed6158,v1.16+,0.0,0.0,0.0,0.0,0.0,0.0,0.0,0.14285714285714285,0.46938775510204084,0.0,True
0396c450-6e1b-464d-8763-851dd2857934,v1.12-1.13,0.0,0.0,0.0,0.0,0.0,0.0,0.0,0.0,0.0,0.0,False
a36e3110-a985-4357-a250-f45836273a81,v1.14-1.15,0.0,0.0,0.0,0.0,0.0,0.0,0.0,0.0,0.0,0.0,False
7e33596c-89c9-4cc1-98e4-47b25f2ac79b,v1.14-1.15,0.0,0.0,0.0,0.0,0.0,0.0,0.0,0.5714285714285714,,0.0,True
f4c1ad35-1130-48c4-903d-b919b8775e65,v1.14-1.15,0.0,0.0,0.0,0.0,0.0,0.0,0.0,0.0,0.0,0.01675977653631285,False
cd529f00-42a6-4290-a7d9-4f5c09093b6a,v1.12-1.13,0.0,0.0,0.0,0.0,0.0,0.0,0.0,0.0,0.0,0.0,False
3172d772-7c5f-4989-ae68-8ea4398b0dca,v1.16+,0.0,0.0,0.0,0.0,0.0,0.0,0.0,0.0,0.0,0.0,False
8ee56044-295b-48ba-86ac-725e4792eb9c,v1.16+,0.0,0.0,0.0,0.0,0.0,0.0,0.0,0.0,0.0,0.0,False
d7367fd7-a711-48a2-9c9b-9b834d82dbfd,v1.16+,0.0,0.0,0.0,0.0,0.0,0.0,0.0,0.0,0.0,0.0,False
2b15e2a8-a7a3-44a1-96e7-bbebd41d1839,v1.12-1.13,0.01644736842105263,0.0,0.0,0.0,0.0,0.039473684210526314,0.0,0.0,0.0,0.0,False
17f488b1-e944-4f07-b341-5345a6e0f92c,v1.16+,0.0,0.0,0.0,0.0,0.0,0.0,0.0,0.0,0.0,0.0,False
36ce821c-8283-44e2-afd2-60496b43411d,v1.14-1.15,0.0,0.0,0.0,0.0,0.0,0.0,0.0,0.058823529411764705,0.0058823529411764705,0.0,True
c3f17483-001c-4454-bbe1-ceba1b52798a,v1.14-1.15,0.0,0.0,0.0,0.0,0.0,0.0,0.0,0.04265402843601896,0.0,0.004739336492890996,False
860fc3ee-23bf-4f58-ad7f-9ff3d870cce6,v1.12-1.13,0.0,0.0,0.0,0.0,0.0,0.0,0.0,0.0,0.0,0.0,False
d0f6a451-1658-44ba-a059-ab69c5edf501,v1.14-1.15,0.3,0.0,0.0,0.03333333333333333,0.011111111111111112,0.8977272727272727,0.34444444444444444,0.2111111111111111,0.5888888888888889,0.0,True
88393d28-1ac8-45b9-b96f-ce3969640756,v1.14-1.15,0.0,0.0,0.0,0.0,0.0,0.0,0.0,0.0,0.0,0.0,False
ebae68ae-52b1-41dd-9970-9582f7c5eb83,v1.14-1.15,0.0,0.0,0.0,0.0,0.0,0.0,0.0,0.14473684210526316,0.0,0.0,True
21259c68-9adb-4f4b-b9b1-ee58e16471df,v1.12-1.13,0.0,0.0,0.0,0.0,0.0,0.0,0.0,0.0,0.0019193857965451055,0.0,False
92bab6a9-902a-467a-8a87-7be4b6aee5ba,v1.14-1.15,0.0,0.0,0.0,0.0,0.0,0.0,0.0,0.0,0.0,0.0,False
ead0137f-41eb-4fb1-96ec-76806f40b05d,v1.12-1.13,0.0,0.0,0.0,0.0,0.0,0.0,0.0,0.0,,0.0,False
a0fa1dad-5189-4203-b752-d26f8acf6bcd,v1.14-1.15,0.0,0.0,0.0,0.0,0.0,0.0,0.0,0.0,,0.0,False
9ebb2e11-00d3-49bd-ae9d-02903f5ce176,v1.12-1.13,0.0,0.0,0.0,0.0,0.0,0.0,0.0,0.0,0.0,0.0,False
09db1dec-a241-4d04-a75b-db0fd8ffd625,v1.14-1.15,0.0,0.5394736842105263,1.0,0.0,0.75,0.0,0.0,0.1891891891891892,0.30952380952380953,0.0,True
02db21ae-cc49-4b74-94c8-3693f2c7e271,v1.14-1.15,0.0,0.0,0.0,0.0,0.0,0.0,0.0,0.0,,0.0,False
8f13f02c-47b7-48b0-8397-c172da92ed7d,v1.14-1.15,0.0,0.0,0.0,0.0,0.006329113924050633,0.0,0.0,0.0,0.0,0.0,False
f5bc419b-9aa7-4c7d-bb52-8592de27c4ee,v1.14-1.15,0.0,0.0,0.0,0.0,0.0,0.0,0.0,0.0,0.0,0.0,False
d1efe755-a0c6-4571-b379-76c891ae2e6b,v1.14-1.15,0.0,0.0,0.0,0.0,0.0,0.0,0.0,0.0,0.0,0.0,False
10ba1bc6-5167-4d71-b7e1-2ec923c1659c,v1.16+,0.0,0.0,0.0,0.0,0.0,0.0,0.0,0.0,0.0,0.45454545454545453,True
1b7c67b9-2cb5-406a-a9ac-b47db8af30c8,v1.14-1.15,0.0,0.0,0.0,0.0,0.0,0.9822485207100592,0.0,0.0,0.020710059171597635,0.0,True
6e90cfd5-3cae-4e53-add0-e1c3a6e7ab20,v1.14-1.15,0.0,0.0,0.0,0.0,0.0,0.0,0.0,0.0,0.0,0.0,False
a6cf700c-34ec-4908-a947-d569194c93ef,v1.12-1.13,0.0,0.0,0.0,0.0,0.0,0.0,0.0,0.0,0.0,0.0,False
e5746daf-d52e-408d-a8c9-225bf096bfde,v1.14-1.15,0.0,0.0,0.0,0.0,0.0,0.0,0.0,0.0,0.0,0.0,False
7d74aa24-a714-4e4f-a5a8-77b310f2dd24,v1.14-1.15,0.0,0.0,0.0,0.0,0.0,0.0,0.0,0.0,0.0,0.0,False
c733aec4-eb1a-41a8-81dc-f25b302f2485,v1.14-1.15,0.0,0.0,0.0,0.0,0.0,0.22093023255813954,0.011627906976744186,0.0,0.0,0.0,True
f9ffeabe-7d41-4ba6-b464-0351645c15de,v1.12-1.13,0.0,0.0,0.0,0.0,0.0,0.0,0.0,0.0,0.0,0.0,False
1a657ba4-4d9d-442d-84c0-6f05210ef5ad,v1.12-1.13,0.0,0.0,0.0,0.0,0.0,0.0,0.0,0.0,0.0,0.0,False
92efc31b-a802-4c01-b7bb-b39bd3a60a54,v1.12-1.13,0.0,0.0,0.0,0.0,0.0,0.0,0.0,0.0,0.0,0.0,False
66f911cc-7017-4408-86f1-7722298f4c6f,v1.12-1.13,0.0,0.0,0.0,0.0,0.0,0.0,0.0,0.007407407407407408,0.0,0.0,False
1b509f96-3774-4ff0-9655-3308221d1199,v1.16+,0.0,0.0,0.0,0.0,0.0,0.0,0.0,0.0,0.0,0.0,False
9f4a6863-c4b5-49eb-978d-b6f985aec9b6,v1.14-1.15,0.0,0.0,0.0,0.0,0.0,0.0,0.0,0.0,0.0,0.0,False
e4dc646b-6c15-4c67-b13b-560e93494eda,v1.16+,0.0,0.0,0.0,0.0,0.0,0.0,0.0,0.0,0.050505050505050504,0.0,True
f70914e1-b1af-45b3-b26a-92b52f3f7fa8,v1.16+,0.6341463414634146,0.04878048780487805,0.04878048780487805,0.059233449477351915,0.06620209059233449,0.03484320557491289,0.059233449477351915,0.3170731707317073,0.21951219512195122,0.0,True
79350c0c-3f27-4732-b15d-535679fe7d98,v1.16+,0.0,0.0,0.0,0.0,0.0,0.0,0.0005239168020118405,0.0,0.0,0.0,False
bd51d523-bb0b-471d-9ec7-a8f0288a8063,v1.14-1.15,0.0,0.0,0.0,0.0,0.0,0.0,0.0,0.0,0.0,0.0,False
ec5784e0-551f-4d43-ad15-dd9f692beb11,v1.14-1.15,0.0,0.0,0.0,0.005154639175257732,0.002577319587628866,0.02577319587628866,0.0,0.002583979328165375,0.0,0.0,False
9b17ed48-1daf-4f84-a9d6-266d5d859e3e,v1.14-1.15,0.0,0.0,0.0,0.0,0.0,0.0,0.0026761819803746653,0.0,0.0,0.0,False
2056a334-4dbf-4603-9179-70a2a2681479,v1.16+,0.0,0.0,0.0,0.0,0.0,0.0,0.0,0.009455558873295512,0.35692246441723896,0.0,True
553ad7cf-8f63-4f44-964b-d204681a2e50,v1.16+,0.0,0.0,0.0,0.0,0.0,0.03479576399394856,0.0,0.0,0.0,0.0,False
e0c63401-b09a-4533-9bcb-226cb40313d5,v1.16+,0.0,0.0,0.0,0.0,0.0,0.0,0.0,0.0,0.0,0.0,False
84d3fb42-f3e2-4276-8159-852468d170a7,v1.14-1.15,0.0,0.0,0.0,0.0,0.0,0.0,0.0,0.010869565217391304,0.0,0.0,False
b3d32fb2-46f2-48d4-a906-e2b02441d43e,v1.16+,0.0,0.0,0.08943089430894309,0.0,0.10569105691056911,0.0,0.008130081300813009,0.22764227642276422,0.5772357723577236,0.0,True
648bc840-c493-418c-afc9-514fcc212af9,v1.14-1.15,0.0,0.0,0.0,0.0,0.0,0.0,0.0,0.0,0.0,0.0,False
f4681696-961e-4a26-9ecf-e8c4638677b6,v1.16+,0.0,0.0,0.0,0.0,0.0,0.0,0.0,0.0,0.0,0.0,False
5d951821-a2aa-4510-adea-5e9ba974762b,v1.14-1.15,0.0,0.0,0.0,0.0,0.0,0.0,0.0,0.0,0.0,0.0,False
337e6c98-00a9-46aa-90bc-4d0ee2c12592,v1.14-1.15,0.0,0.0,0.0,0.0,0.0,0.0,0.0,0.0,0.0,0.0,False
b76f538c-f2d1-4df8-ae3c-f25e27f03b07,v1.14-1.15,0.0,0.0,0.0,0.0,0.0,0.0,0.0,0.0025823111684958036,0.0,0.0,False
3b154526-0c79-4fbf-a7b0-00cc7a82f4d0,v1.16+,0.0,0.0,0.0,0.0,0.0,0.0,0.0,0.0,0.0,0.0,False
5f24708e-e67e-4195-92fe-0576fd1c2106,v1.16+,0.0,0.0,0.0,0.0,0.0,0.0,0.0,0.0,0.0,0.15671641791044777,True
67757e9c-f4a5-44c0-920c-59ddd7a34a6a,v1.14-1.15,0.0,0.0,0.0,0.0,0.0,0.0,0.0,0.0,0.0,0.0,False
6f5aa8b5-d6a4-4f3a-af2f-dca1cd3b9a4b,v1.16+,0.0,0.0,0.0,0.0,0.0,0.0,0.0,0.0,0.0,0.0,False
83c235fd-b754-424f-93a2-c06343f1bf78,v1.16+,0.0,0.0,0.0,0.0,0.0,0.0,0.0,0.0,0.0,0.0,False
f961eab3-0245-444c-9560-1ac22823f73c,v1.14-1.15,0.0,0.0,0.0,0.0,0.0,0.0,0.0,0.0,,0.0,False
85e50b6e-af28-4499-a0b5-c0ef964420e0,v1.14-1.15,0.0,0.0,0.0,0.0,0.0,0.0,0.0,0.0,0.0,0.0,False
47796d62-84a7-4728-af1b-ee6e10f91bb7,v1.14-1.15,0.0,0.0,0.0,0.0,0.0,0.0,0.0,0.0,0.0,0.0,False
0c4e1ea4-2868-457f-9db0-b50b0ac51e9a,v1.16+,0.0,0.0,0.0,0.0,0.03278688524590164,0.0,0.0,0.0,0.06557377049180328,0.0,True
d72b0201-ba6b-4711-b6f8-8357fb9a6bd9,v1.14-1.15,0.0,0.0,0.0,0.0,0.0,0.0,0.0,0.0,0.0,0.0,False
a19b62b4-7e79-40a3-93ee-9ea23ce638f8,v1.12-1.13,0.0,0.0,0.0,0.0,0.0,0.0,0.0,0.0,0.014492753623188406,0.0,False
2d973c34-7464-4374-bc86-cd2308966aa6,v1.14-1.15,0.0,0.0,0.0,0.0,0.0,0.0,0.0,0.0,,0.0,False
4cc9fca3-78d8-4a1f-aeb9-c56a24fa7485,v1.14-1.15,0.0,0.0,0.0,0.0,0.0,0.0,0.0,0.0,0.0,0.0,False
cfddc80a-b508-4bab-9902-a45718a8faf3,v1.14-1.15,0.0,0.0,0.0,0.0,0.0,0.0,0.0,0.0,0.0,0.0,False
c37a1a93-c58f-4c62-9d1d-07e51a3eb72f,v1.12-1.13,0.0,0.0,0.0,0.007246376811594203,0.0,0.0,0.007246376811594203,0.0,0.0,0.0,False
0ab6ab14-f65c-4932-abe1-04396fada6a3,v1.14-1.15,0.0,0.0,0.0,0.0010482180293501049,0.0020964360587002098,0.0,0.0010482180293501049,0.011530398322851153,0.13038906414300735,0.0,True
954f7308-8335-4da9-bc08-c286812ce798,v1.14-1.15,0.0,0.0,0.0,0.0,0.0,0.0,0.0,0.0,0.0,0.0,False
8a9743fa-90fa-49e1-8d1b-a7b53280a8c7,v1.16+,0.0,0.0,0.0,0.0,0.0,0.0,0.0,0.0,0.0,0.0,False
9e8f0dc0-d8c3-40bd-9756-262b72ea15fb,v1.14-1.15,0.0,0.0,0.0,0.0,0.0,0.0,0.0,0.0,0.0,0.0,False
206ea0cf-efc7-4c29-b880-642df1d6bba5,v1.12-1.13,0.0,0.0,0.0,0.0,0.0,0.0,0.0,0.1449814126394052,0.0,0.0,True
8c713b07-fd39-4b63-98ac-6f98831a2959,v1.14-1.15,0.0,0.0,0.0,0.0,0.0,0.0,0.0,0.0,0.0,0.0,False
3479f981-c76b-4b56-92a3-11dc73d9b6a8,v1.14-1.15,0.0,0.0,0.0,0.0,0.0,0.0,0.0,0.0,0.0,0.0,False
731c4e2f-5813-4992-83eb-50e8c32c93ac,v1.14-1.15,0.0,0.0,0.0,0.0,0.0,0.0,0.0,0.0,0.0,0.0,False
a05a5683-afae-4b01-b302-bfdf3a25870a,v1.14-1.15,0.0,0.0,0.0,0.0,0.0,0.0,0.0,0.0,0.0,0.0,False
6e31faa0-5881-453f-b68b-b56366188b9c,v1.14-1.15,0.0,0.0,0.0,0.0,0.0,0.0,0.0,0.008,0.5,0.0,True
a6b0431d-30a3-4b42-a8ce-af3cf6f4617d,v1.14-1.15,0.0,0.0,0.0,0.0,0.0,0.0,0.0,0.0,,0.0,False
b7460220-afce-4422-b49c-1af1e885b58f,v1.14-1.15,0.0,0.0,0.0,0.0,0.0,1.0,0.0,0.0,0.0,0.0,True
8ec9b95b-1725-4c54-b616-4a947e84e2c3,v1.16+,0.0,0.0,0.0,0.00045896823939783367,0.0002983293556085919,0.0,0.0,0.017670277216816598,0.5066550394712686,0.0,True
34f52804-51a8-4065-9390-6df62d0591b8,v1.14-1.15,0.0,0.0,0.0,0.0,0.0,0.0,0.0,0.0,0.0,0.0,False
4dc9db60-62d0-43e0-ad1f-423ae26faeb6,v1.14-1.15,0.0,0.0,0.0,0.0,0.0,0.0,0.0,0.0,0.0,0.0,False
347573d7-fe0f-404c-bf87-ba9912f56528,v1.14-1.15,0.0,0.0,0.0,0.0,0.0,0.0,0.0,0.0,0.0,0.0,False
eeda974c-74c0-4295-9fb2-3c71108bedd4,v1.14-1.15,0.0,0.0,0.0,0.0,0.0,0.0,0.0,0.0,0.0,0.0,False
57fe6283-8b08-49c6-9294-64ad840bb48b,v1.14-1.15,0.0,0.0,0.0,0.0,0.0,0.0,0.0,0.0,0.0,0.0,False
83b2642f-88cc-450a-a1a3-3ab2810c55bb,v1.14-1.15,0.0,0.0,0.0,0.053691275167785234,0.0,0.0,0.026845637583892617,0.006711409395973154,0.0,0.0,True
20036397-7886-4706-b7d6-1d823a56cecd,v1.14-1.15,0.0,0.0,0.0,0.0,0.0,0.0,0.0,0.0,0.0,0.027522935779816515,False
240921fa-165e-41f2-9132-e1617db7a400,v1.16+,0.0,0.0,0.0,0.0,0.0,0.0,0.0,0.0,0.0,0.0,False
f896ae44-e566-4dbe-a6b6-d732217438fd,v1.14-1.15,0.0037174721189591076,0.0,0.0,0.0,0.0,0.0,0.0,0.0,0.0,0.0,False
60ad4c95-397b-4e5c-bd88-e638a6836ae4,v1.14-1.15,0.0,0.0,0.0,0.0,0.0,0.0,0.0,0.0,0.0,0.0,False
0ea65be0-6177-47f1-a0f9-16431e597d28,v1.14-1.15,0.0,0.0,0.0,0.0,0.0,0.0,0.0,0.0,0.0,0.0,False
2c428e28-060e-4d38-aaa9-5e36aeaa3fb1,v1.14-1.15,0.0,0.0,0.0,0.0,0.0,0.0,0.0,0.4742268041237113,0.15463917525773196,0.0,True
a9cb8670-61c3-4d25-84e5-e5a87e17b24b,v1.12-1.13,0.0,0.0,0.0,0.0,0.0,0.0,0.0,0.0,,0.0,False
4be69fd3-58c4-4dc0-a361-6a5f2b710cb3,v1.14-1.15,0.014084507042253521,0.0,0.0,0.002347417840375587,0.0,0.0,0.0,0.0,0.0,0.0,False
e508fd89-1311-4ff5-aded-291a7b48dd58,v1.14-1.15,0.0,0.0,0.0,0.0,0.0,0.0,0.0,0.0,0.0,0.0,False
034dc67c-5f97-47e9-a96a-b06467cab9dd,v1.14-1.15,0.0,0.0,0.0,0.0,0.0,0.0,0.020202020202020204,0.005050505050505051,0.005050505050505051,0.0,False
38577cd0-1a48-4702-af1e-85451abc06a7,v1.16+,0.0,0.0,0.0,0.0,0.0,0.0,0.0,0.04142011834319527,0.0,0.0,False
63a26cfa-030f-4f7a-bcd5-558c2bbccb62,v1.16+,0.0,0.0,0.0,0.0,0.0,0.0,0.0,0.0,0.0,0.0,False
2bea87a2-bfb6-4b93-9af0-c5aba97d2948,v1.14-1.15,0.0,0.0,0.0,0.0,0.0,0.0,0.0,0.0013297872340425532,0.21739130434782608,0.0,True
dd1ccb85-ba42-45c2-baae-7b2d52a34b36,v1.14-1.15,0.0,0.0,0.0,0.0,0.0,0.0,0.0,0.0,0.0,0.0,False
23e13b20-5621-498c-99e1-b4c69bfc6caf,v1.14-1.15,0.0,0.0,0.0,0.0,0.0,0.005543752489709202,0.0,0.0,0.0,0.0,False
5bd0eaea-cf78-446a-8225-e7db3487e323,v1.14-1.15,0.0,0.0,0.0,0.0,0.0,0.0,0.0,0.0,,0.0,False
b749c21a-3f08-4731-bf76-46a8f9c9415b,v1.14-1.15,0.0,0.0,0.0,0.0,0.0,0.0,0.0,0.2206703910614525,0.5,0.0,True
dc27a2f2-45be-4796-84d2-a8b0fc0a626c,v1.14-1.15,0.0,0.0,0.0,0.0,0.0,0.0,0.0,0.0,0.0,0.0,False
5c45ba46-2ba3-4111-af19-a24264795d85,v1.16+,0.0,0.0,0.0,0.0003652491521001826,0.00017392816766675364,0.0,0.0004869988694669102,0.0008522480215670928,0.20553091573180277,0.0,True
83ccf23c-a423-4e36-9eae-98a1774fe9ed,v1.16+,0.0,0.0,0.0,0.0,0.0,0.0,0.0,0.0,0.0,0.0,False
88003df3-bc15-4eec-b47d-5fc947541179,v1.14-1.15,0.0,0.0,0.0,0.0,0.0,0.0,0.0,0.03896103896103896,0.20253164556962025,0.0,True
2b4ef308-ff9d-4d01-aa38-7a53efc8fe79,v1.16+,0.0,0.0,0.0,0.0,0.0,0.0,0.0,0.0,0.0,0.0,False
4d28a7cf-ef09-4bae-b4b3-8eb8f7ffc135,v1.16+,0.0,0.0,0.0,0.0,0.0,0.0,0.0,0.0,0.0,0.0,False
efe75f5d-87ba-4204-b10a-139c0da4c698,v1.16+,0.0,0.0,0.0,0.0,0.0,0.0,0.0,0.0,0.0,0.0,False
98e4e0fc-2dbe-4000-ab26-dd029270a10b,v1.14-1.15,0.0,0.0,0.0,0.0,0.0,0.0,0.0,0.03680981595092025,,0.0,False
86336754-84a6-44b7-9a89-f11bdbdde578,v1.14-1.15,0.0,0.0,0.0,0.0,0.0,0.0,0.0,0.0,0.0,0.0,False
f0e77c32-0a0a-42bd-ac69-8fa3d067a4bc,v1.14-1.15,0.0,0.0,0.0,0.0,0.0,0.0,0.0,0.0,0.0,0.0,False
e9e3e5ea-005b-43ac-a1fa-10f2e6ccc044,v1.16+,0.0,0.0,0.0,0.0,0.0,0.0,0.0,0.0,0.38961038961038963,0.0,True
ecf120e7-69cb-40b5-b70b-e7fb4ac51660,v1.14-1.15,0.0,0.0,0.0,0.0,0.0,0.0,0.0,0.022727272727272728,0.0,0.0,False
246b64b2-7c57-46fa-9503-1cb6ce5f8aee,v1.14-1.15,0.0,0.0,0.0,0.0,0.0,0.0,0.0,0.0,0.0,0.0,False
066cbcb5-0eb3-4dab-93b2-a6ea40654ffb,v1.12-1.13,0.0,0.0,0.0,0.0,0.0,0.0,0.0,0.0,0.0,0.0,False
428891ce-3265-430e-b3d2-f4ff7af464d7,v1.16+,0.0,0.0,0.0,0.0,0.0,0.0,0.0,0.0,0.0,0.0,False
937093cf-2302-439f-af98-481fb6439fa9,v1.16+,0.10096153846153846,0.03365384615384615,0.0673076923076923,0.04326923076923077,0.0625,0.04807692307692308,0.0625,0.0,0.0,0.0,True
808a070e-2e44-47b2-9be2-b25a6718b2f4,v1.14-1.15,0.0,0.0,0.0,0.0,0.0,0.9452554744525548,0.0,0.0,0.14666666666666667,0.0,True
2b60937f-fe36-4ba7-9117-52b34d6a82de,v1.14-1.15,0.0,0.0,0.0,0.0,0.0,0.0,0.0,0.0,0.32592592592592595,0.0,True
bb04f892-4318-4770-96dc-14da356aba06,v1.14-1.15,0.0,0.0,0.0,0.0,0.0,0.0,0.0,0.04,0.0,0.0,False
1bb11f9e-7bc5-46b9-8ff4-e84f4382d0d8,v1.16+,0.0,0.0,0.0,0.0,0.0,0.0,0.0,0.004209260372820205,0.003006614552014432,0.0,False
2236b3c0-896f-453f-9ef8-c4616b3e562a,v1.14-1.15,0.0,0.0,0.0,0.0,0.0,0.0,0.0,0.0,0.0,0.0,False
57325fdd-5090-4286-bf72-7b9a3308d7be,v1.14-1.15,0.0,0.0,0.0,0.0,0.0,0.0,0.0,0.0,0.0,0.0,False
8ea36d0e-4220-48d1-aad7-bf22b71ebcc4,v1.14-1.15,0.0,0.0,0.0,0.0,0.0,0.0,0.0,0.0,0.0,0.0,False
5967b380-f747-43af-aa78-72c9bcd60cf0,v1.14-1.15,0.0,0.0,0.0,0.0,0.0,0.0,0.0,0.0,0.0,0.0,False
7c26fd6f-458b-4e48-9d11-fec781306a1e,v1.16+,0.0,0.0,0.0,0.0,0.0,0.0,0.0,0.0,0.0,0.0,False
ee223dc9-6f53-485f-9dca-3a59df928882,v1.12-1.13,0.0,0.0,0.0,0.0,0.0,0.0,0.0,0.0,0.0,0.0,False
f40317f3-03a7-4919-98b1-b8dde17d3b93,v1.16+,0.0,0.0,0.0,0.0,0.0,0.0,0.0,0.0,0.0,0.0,False
9a1afc2b-849e-4d6d-a678-ecda9ac61122,v1.14-1.15,0.0012239902080783353,0.0,0.0,0.0,0.0,0.0,0.0,0.0012239902080783353,0.0,0.0,False
8b084765-595a-44b5-b51d-abf41ac32d94,v1.14-1.15,0.0,0.0,0.0,0.0,0.0,0.0,0.0,0.0,,0.0,False
b06009dc-fe97-436d-8e18-a1052544ff4c,v1.14-1.15,0.0,0.0,0.0,0.0,0.0,0.0,0.0,0.0,0.0,0.0,False
4fc60bed-c636-4fbe-bfbd-a6980689c55e,v1.14-1.15,0.0,0.0,0.0,0.0,0.0,0.0,0.0,0.0,0.0,0.0,False
9d5cc891-aa15-4e6c-8345-a870faab47c9,v1.14-1.15,0.0,0.0,0.0,0.0,0.0,0.0,0.0,0.0,0.0,0.0,False
57cc06f6-45b0-457d-bbe7-e2754611c50d,v1.12-1.13,0.0,0.0,0.0,0.0,0.0,0.0,0.0,0.0,0.0,0.0,False
df14c679-3e75-46f5-a495-7ed0285cd9ff,v1.14-1.15,0.0,0.0,0.0,0.0,0.0,0.0,0.0,0.0,0.0,0.0,False
fc21efd8-a759-457b-b337-4799e3805bae,v1.14-1.15,0.0,0.0,0.0,0.002570694087403599,0.0,0.0,0.0,0.0,0.0,0.0,False
eba7d0eb-916a-44a9-b756-f334db92f67a,v1.14-1.15,0.0,0.0847457627118644,0.0,0.059322033898305086,0.0,0.4322033898305085,0.09322033898305085,0.0,,0.0,True
fbc13322-e9e7-4e3c-b548-cf0ae373d088,v1.14-1.15,0.0,0.0,0.045454545454545456,0.0,0.0,0.015151515151515152,0.007575757575757576,0.0,0.0,0.0,False
c39fdbf4-3d18-4331-b66e-358a4b37174c,v1.14-1.15,0.0,0.0,0.0,0.0,0.0,0.0,0.0020491803278688526,0.0,0.0,0.0,False
a70d0c52-9590-40c5-a02f-01132949cbe9,v1.14-1.15,0.0,0.0,0.0,0.0,0.0,0.0,0.0,0.0,0.0,0.0,False
7d2194b4-0ec5-4854-bd6e-20447994bc84,v1.16+,0.0,0.0,0.0,0.0,0.0,0.0,0.0,0.0,0.0,0.0,False
a52966eb-418a-4cbb-adfe-089919469b17,v1.12-1.13,0.0,0.0,0.0,0.0,0.0,0.0,0.0,0.0,0.0,0.0,False
d7e98ab8-be6d-4d1a-99c8-fd634543e32c,v1.14-1.15,0.0,0.0,0.0,0.0,0.0,0.0,0.0,0.0,0.0,0.0,False
e3ae6a64-d90e-4ea7-8fbb-217a0330fd25,v1.16+,0.0,0.0,0.0,0.0,0.0,0.0,0.0,0.0,0.0,0.0,False
41f08da3-d932-44a1-9f37-4291c60fe45d,v1.16+,0.0,0.0,0.0,0.0,0.0,0.0,0.0,0.0,0.0,0.0,False
84ab3c70-17ae-4d62-9d2d-7f7f564f34a5,v1.12-1.13,0.0,0.0,0.0,0.0,0.0,0.0,0.0,0.0,,0.003076923076923077,False
86130876-818d-4e33-91e8-8c680ac93aa2,v1.16+,0.0,0.0,0.0,0.0,0.0,0.0,0.0,0.0,0.0,0.0,False
49873b0c-6baf-482b-ab65-eccd61431f8c,v1.16+,0.0,0.0,0.0,0.0,0.0,0.0,0.0,0.0,0.0,0.0,False
0472f3ca-c79f-4119-9560-eb99db87de1e,v1.12-1.13,0.0,0.0,0.0,0.0,0.0,0.0,0.0,0.0,0.0,0.0,False
b6ac4a5c-95ae-4024-b24a-50ebe5567877,v1.14-1.15,0.0,0.0,0.0,0.0,0.0,0.0,0.0,0.11261261261261261,0.27472527472527475,0.009009009009009009,True
54762be6-1bab-4971-894b-6b4fe24bbe6e,v1.12-1.13,0.0,0.0,0.0,0.0,0.0,0.0,0.0,0.0,0.0,0.0,False
172f6527-5662-492d-b0e9-fff91c8d0a58,v1.16+,0.0,0.0,0.0,0.0,0.0,0.0,0.0,0.0,0.0,0.0,False
2e5d6a16-aa11-45e0-a9b7-63449a4494a2,v1.14-1.15,0.0,0.0,0.0,0.0,0.0,0.0,0.0,0.65,0.9090909090909091,0.0,True
d508fa65-290e-44b4-b056-af2ec0139860,v1.12-1.13,0.0,0.0,0.0,0.0,0.0,0.0,0.0,0.0,0.0,0.0,False
9624b8cf-5634-44d1-b27f-d33c0f44f042,v1.16+,0.0,0.0,0.0,0.0,0.0,0.0,0.0,0.0023024422333689665,0.0,0.0,False
259de1b1-1d42-47f5-a2e2-50b8adf93de3,v1.14-1.15,0.0,0.0,0.0,0.0,0.0,0.0,0.0,0.0,0.0,0.0,False
1570e7f8-e7e3-4361-92f1-7f3092f97562,v1.16+,0.0,0.0,0.0,0.0,0.0,0.0,0.0,0.0,0.0,0.0,False
26c1b2ef-9b0d-400c-995b-a71d6d52c366,v1.12-1.13,0.0,0.0,0.0,0.0,0.0,0.0,0.0,0.0,0.0,0.0,False
037465af-524b-4985-87e1-a961137907f1,v1.14-1.15,0.0,0.0,0.0,0.0,0.0,0.0,0.0,0.0,0.0,0.0,False
2e18b989-5b72-4484-9841-b55a00e1d362,v1.12-1.13,0.0,0.0,0.0,0.0,0.0,0.0,0.0,0.0,0.0,0.0,False
aaff89f1-2e81-49bf-bada-04ad9ae4583b,v1.12-1.13,0.0,0.0,0.0,0.0,0.0,0.0,0.0,0.0,0.0,0.0,False
2abf0f34-5ce2-4ea7-94a2-e0c0772447b7,v1.14-1.15,0.0,0.0,0.0,0.0,0.0,0.0,0.0,0.0,0.0,0.0,False
fa37c7d4-3fc8-45e8-9429-3a34453a3b0d,v1.16+,0.0,0.21393841166936792,0.20016207455429497,0.005672609400324149,0.0,0.0,0.0,0.0,0.0,0.0,True
48a150b9-202b-464f-93c7-2f9b8c7090db,v1.14-1.15,0.0,0.0,0.0,0.0,0.0,0.0,0.0,0.0,0.0,0.05997001499250375,True
715e4596-05a4-47c7-9ed9-21d9c719e613,v1.14-1.15,0.0,0.0,0.0,0.0,0.0,0.0,0.0,0.0,,0.0,False
ca7a60e9-d7ff-4cb8-86f8-e85443924f0f,v1.16+,0.0,0.0,0.0,0.0,0.0,0.0,0.0,0.05357142857142857,0.4732142857142857,0.0,True
ba63a79a-4b80-438a-ac7c-0f58218f3fd5,v1.16+,0.0,0.0,0.0,0.0,0.0,0.0,0.0,0.0,0.0,0.0,False
96addca8-97cc-4ed2-82c6-34b482a2f4c0,v1.16+,0.0,0.1542056074766355,0.1542056074766355,0.102803738317757,0.07009345794392523,0.08411214953271028,0.0,0.08411214953271028,0.5794392523364486,0.0,True
2429efe0-6ae5-4b9e-8449-935de97f4b96,v1.14-1.15,0.0,0.0,0.0,0.0,0.0,0.02710027100271003,0.04054054054054054,0.0,0.0,0.0,False
a37f4132-36b9-4bd6-b015-26b4166a1110,v1.14-1.15,0.0,0.0,0.0,0.002702702702702703,0.0,0.0,0.0,0.4870848708487085,0.6341463414634146,0.0,True
e89c5cd4-9c20-4837-8bef-b2d155944bb9,v1.12-1.13,0.0,0.0,0.0,0.0,0.0,0.0,0.0,0.0,0.0,0.0,False
b101f9ec-0662-43ab-b591-ff51d2a9c501,v1.14-1.15,0.0,0.0,0.0,0.0,0.0,0.0,0.0,0.0,0.0,0.0,False
e27bd9cd-34a4-4ad4-b3d4-460bb537c301,v1.14-1.15,0.0,0.0,0.0,0.0,0.0,0.0,0.0,0.0,0.0,0.0,False
befd38b2-da32-49e8-acb6-50aac35bca0f,v1.12-1.13,0.0,0.0,0.0,0.0,0.0,0.0,0.0,0.0,0.0,0.0,False
204a11c9-0384-4cac-a639-dc086d67ff7f,v1.16+,0.0,0.0,0.0,0.0,0.0,0.0,0.0,0.04776798407733864,0.005473414842195053,0.0,False
90ccef8d-ee57-43ed-87d4-8da265760066,v1.14-1.15,0.0,0.0,0.0,0.0,0.0,0.0,0.0,0.0,0.0,0.0,False
670a6e48-afe7-4ecb-9544-2a81aca3dd11,v1.12-1.13,0.0,0.0,0.0,0.0,0.0,0.0,0.0,0.0,0.0,0.0,False
e4393126-e1a4-400a-81ce-c7ea69bd4e88,v1.16+,0.0,0.0,0.0,0.0,0.0,0.0,0.0,0.0,0.0,0.0,False
4fe1ea00-26d4-4829-8e5a-07192fd8a859,v1.12-1.13,0.0,0.0,0.0,0.0,0.0,0.0,0.0,0.0,0.0,0.0,False
412fe507-7b99-4516-9a59-7181383e2595,v1.12-1.13,0.0,0.0,0.0,0.0,0.0,0.0,0.0,0.0,0.0,0.0,False
8f498d8e-2331-4c0c-bf1e-e454eac4f1e1,v1.14-1.15,0.0,0.0,0.0,0.0,0.0,0.0,0.0,0.0,0.0,0.0,False
db32977c-4181-453b-9444-6eb2ccb59067,v1.12-1.13,0.0,0.0,0.0,0.0,0.0,0.0,0.0,0.0,0.0,0.0,False
8b09231c-5f7b-4e06-881c-684edb44d186,v1.14-1.15,0.0,0.0,0.0,0.0,0.0,0.0,0.0,0.0,0.0,0.0,False
211b5b5c-f9e4-4753-9ae9-0c75096b131d,v1.14-1.15,0.0,0.0,0.0,0.0,0.0,0.0,0.0,0.0,0.0,0.0,False
95808b3b-20fd-49db-9982-90da109baf45,v1.14-1.15,0.0,0.0,0.0,0.0,0.0,0.0,0.0,0.0,0.0,0.0,False
8c1ed65e-4ba0-48c4-a68e-16b682fef439,v1.16+,0.0,0.0,0.0,0.0,0.0,0.0,0.0,0.0,0.0,0.0,False
7eeefab7-d18d-4247-9433-b418d0d2d582,v1.12-1.13,0.0,0.0,0.0,0.0,0.0,0.0,0.0,0.0,0.0,0.0,False
e4bd9b02-fdf2-4b8a-a273-c627312e09f5,v1.16+,0.0,0.0,0.0,0.0,0.0,0.0,0.0,0.5060240963855421,0.1566265060240964,0.0,True
4f31f221-6668-4b2c-ac13-90b40618645d,v1.12-1.13,0.0,0.0,0.0,0.0,0.0,0.0,0.0,0.0,0.0,0.0,False
569218ac-3d50-4490-a5e6-84decd6e53de,v1.14-1.15,0.0,0.0,0.0,0.0,0.0,0.0,0.0,0.0,0.0,0.0,False
9e845f2c-8088-4d02-9595-f11b63733a4f,v1.14-1.15,0.0,0.0,0.0,0.0,0.0,0.0,0.0,0.0,0.0,0.0,False
c8c04e11-6aad-4925-99d8-54731290dbdc,v1.14-1.15,0.0,0.0,0.0,0.0,0.0,0.0,0.0,0.0,0.0,0.0,False
2bf360a4-af92-4bcb-a01b-e528276a1915,v1.16+,0.0,0.0,0.0,0.0,0.0,0.0,0.0,0.0,0.0,0.0,False
94f171d2-9ebb-4554-9b04-25c3b815fb05,v1.12-1.13,0.0,0.6796116504854369,0.0,0.17475728155339806,0.0,0.0,0.009708737864077669,0.0,0.019417475728155338,0.0,True
44b6a14d-9a49-4046-9a60-e161e645d4f4,v1.14-1.15,0.0,0.0,0.0,0.0,0.0,0.0,0.0,0.0,,0.0,False
d7b9c31a-dc2e-46a7-90a0-f5783d874b7e,v1.14-1.15,0.0,0.0,0.0,0.0,0.0,0.0,0.0,0.0,0.0,0.0,False
09e0a83a-14c4-4bae-be0b-3d0f98985f80,v1.14-1.15,0.0,0.0,0.0,0.0,0.0,0.0,0.0,0.0,0.0,0.0,False
7ffda1ed-cec1-455c-9c9f-c974bfeca607,v1.14-1.15,0.0,0.0,0.0,0.0,0.0,0.0,0.0,0.007246376811594203,0.0,0.0,False
0dd04417-8ad5-4e1b-ba2b-503e8532c347,v1.12-1.13,0.0,0.0,0.0,0.0,0.0,0.0,0.0,0.0,0.0,0.0,False
3e7cb48e-b2fa-4d31-89ed-52cff9ed18ab,v1.16+,0.0,0.0,0.0,0.0,0.0,0.0,0.0,0.0,0.0,0.0,False
21d8dcd8-5a23-49c8-b9cb-e76aa0af7d40,v1.16+,0.0,0.0,0.0,0.0,0.0,0.0,0.0,0.0047169811320754715,0.0,0.0,False
1a7b7730-7618-4546-8df1-38746041e0ab,v1.12-1.13,0.0,0.0,0.0,0.0,0.0,0.0,0.008547008547008548,0.0,0.0,0.0,False
22c181f6-fd7e-43cf-9d98-b1f398c10834,v1.14-1.15,0.0,0.0,0.0,0.0,0.0,0.0,0.0,0.0,,0.0,False
0bf714ec-7090-4eb0-b0c4-7b256f4709c8,v1.14-1.15,0.0,0.0,0.0,0.0,0.0,0.0,0.0,0.0,0.5950226244343891,1.0,True
6d54d9f5-8b9a-4897-9508-a8b229ed71e4,v1.12-1.13,0.0,0.0,0.0,0.0,0.0,0.0,0.0,0.0,0.0,0.0,False
ec08d6ff-9861-424e-9235-4527ce513211,v1.16+,0.0,0.0,0.0,0.0,0.0,0.0,0.0,0.0,0.0,0.0,False
304368a4-6121-4970-afe2-6ee442056fac,v1.12-1.13,0.0,0.0,0.0,0.0,0.0,0.0,0.0,0.0,0.0,0.0,False
423efb25-14d5-4769-8d6f-59a8b4be8863,v1.14-1.15,0.0,0.9869918699186991,0.0,0.8764227642276423,0.0,0.0,0.00975609756097561,0.0,0.0,0.0,True
ee3109fb-5fb7-40f8-95aa-2efa9b58182d,v1.14-1.15,0.0,0.0,0.0,0.0,0.0,0.0,0.0,0.0,,0.0,False
91e7772b-2a8d-4dd0-af28-fb3c11f28a42,v1.14-1.15,0.0,0.0,0.0,0.0,0.0,0.0,0.0,0.0,0.0,0.0,False
2a5c48ce-886e-4b74-91a4-886848d2b8fa,v1.16+,0.0,0.0,0.0,0.0,0.0,0.0,0.0,0.0,0.0,0.0,False
b23a6485-9302-413b-b1ff-68db134378aa,v1.16+,0.0,0.0,0.0,0.0,0.0,0.0,0.0,0.0,0.03278688524590164,0.0,False
1aaf93b3-2d6d-4f9f-a1b2-ac618e6bd42a,v1.14-1.15,0.0,0.0,0.0,0.0,0.0,0.0,0.0,0.0,0.0,0.0,False
b5b1d2f3-3e7b-49d7-a623-5b832a429d47,v1.12-1.13,0.0,0.08366141732283465,0.0,0.03740157480314961,0.0,0.09055118110236221,0.003937007874015748,0.0,0.06299212598425197,0.0,True
a2b4a38b-5fe4-426b-8119-a40e3d95ae82,v1.14-1.15,0.0,0.0,0.0,0.0,0.0,0.0,0.0,0.0,0.0,0.0,False
52201e25-4ed2-4ca6-921b-c0b5d49963ec,v1.14-1.15,0.0,0.0,0.0,0.0,0.0,0.0,0.0,0.0,,0.05405405405405406,True
15c1ccfb-6fa1-4df8-b5df-36f165a3cb4d,v1.14-1.15,0.0,0.0,0.0,0.0,0.0,0.0,0.0,0.0,0.045112781954887216,0.0,False
e66db9fe-ac4e-4e0a-820a-f6575052e170,v1.14-1.15,0.0,0.0,0.0,0.0,0.0,0.0,0.0,0.0,0.0,0.0,False
e6582484-f30a-4828-9d86-cf39ccaf3af8,v1.16+,0.0,0.0,0.0,0.0,0.0,0.0,0.24107142857142858,0.0,0.0,0.0,True
d4e66e6d-8f4d-49a3-aef4-ec56c20f7859,v1.14-1.15,0.0,0.0,0.0,0.0,0.0,0.0,0.0,0.02422145328719723,0.006920415224913495,0.0,False
411e3a1b-cc34-422e-a8ac-5e6c29b39312,v1.12-1.13,0.0,0.0,0.0,0.0,0.0,0.0,0.0,0.0,0.0,0.0,False
20d6292c-296e-4142-87c9-ee438e5f8317,v1.16+,0.0,0.0,0.0,0.0,0.0,0.0,0.007936507936507936,0.0,0.8174603174603174,0.0,True
2471e799-a860-4e3e-ba31-664b3c6f3d7a,v1.12-1.13,0.0,0.0,0.0,0.0,0.0,0.0,0.0,0.0,0.0,0.0,False
aaad30f9-d297-4395-9ed8-d01591a808d2,v1.16+,0.0,0.0,0.0,0.0,0.0,0.0,0.0,0.0,0.0,0.001851851851851852,False
a4034dc6-5823-4b3c-b326-6b3c5aa155df,v1.14-1.15,0.0,0.0,0.0,0.0,0.0,0.0,0.0,0.0,0.0,0.0,False
e507c044-2573-48a4-a313-326cfdbc7f53,v1.16+,0.0,0.0,0.0,0.014557118184061189,0.041080680977054036,0.0,0.010115963483839132,0.03559092030594621,0.36966444608931653,0.0,True
aaf2608e-2a6e-4e1d-b887-45cd26723511,v1.16+,0.0,0.0,0.0,0.0,0.0,0.0,0.0,0.0,0.0,0.0,False
4c171cf3-55be-44d4-9fce-31a8e2a1e523,v1.16+,0.0,0.0,0.0,0.0,0.0,0.0,0.0,0.0,0.0,0.0,False
78e4f63f-dfd0-4405-b307-32bba4238116,v1.14-1.15,0.0,0.0,0.0,0.0,0.0,0.0,0.0,0.0,0.0,0.7949695121951219,True
739b7bd2-5ee6-4650-b47f-d76c2ccb844f,v1.16+,0.0,0.004098360655737705,0.004098360655737705,0.0,0.0,0.0,0.0,0.04918032786885246,0.004098360655737705,0.0,False
54414f81-5333-492b-a5cc-6f3989b8142c,v1.16+,0.007383100902378999,0.0,0.0,0.0,0.0,0.0,0.0,0.0,0.0,0.0,False
5978e43f-80d7-42df-ae43-c8aab24aaa88,v1.12-1.13,0.0,0.0,0.0,0.0,0.0,0.0,0.0,0.0,0.0,0.0,False
e75011cd-7a6d-4d5f-b5d0-3e5dab8e6310,v1.12-1.13,0.0,0.0,0.0,0.0,0.0,0.0,0.0,0.029955947136563875,0.0,0.0,False
995f4490-9ac7-4908-9685-3f232b774e4d,v1.14-1.15,0.0,0.0,0.0,0.0,0.0,0.0,0.0,0.0,0.0,0.0,False
def4855c-0135-4bfc-9c9b-b0802a50d926,v1.14-1.15,0.0,0.0,0.0,0.0,0.0,0.0,0.0,0.2028985507246377,0.6666666666666666,0.0,True
66193959-c127-46d4-a5bc-b88ffb450be3,v1.12-1.13,0.0,0.0,0.0,0.0,0.0,0.0,0.0,0.0,0.0,0.0,False
30de1ef4-17e9-4e7a-9841-0195300e7f88,v1.14-1.15,0.0,0.0,0.0,0.0,0.0,0.0,0.0,0.0,0.0,0.0,False
621f4fed-3d93-4f27-8f09-29a5e88fe7e4,v1.16+,0.0,0.0,0.0,0.0,0.0,0.0,0.0,0.0,0.0,0.004677754677754678,False
8f107a6c-21b4-4524-8609-1d709c6899d6,v1.14-1.15,0.0,0.0,0.0,0.0,0.0,0.0,0.0,0.0,0.0,0.0,False
341ae3df-657a-473b-bb86-07d25ade15c0,v1.16+,0.0,0.0,0.0,0.0,0.0,0.0,0.0,0.013238019592268996,0.3703997881916865,0.04792163092401377,True
1063bc9a-ed9b-4d60-b8e9-fd7b49a1f900,v1.12-1.13,0.0,0.0,0.0,0.0,0.0,0.0,0.0,0.0,0.0,0.0,False
bd40cd4c-ae40-4563-a225-44a543cf672c,v1.14-1.15,0.0,0.0,0.0,0.0,0.0,0.0,0.0,0.0,0.0,0.0,False
7cef9d43-0d18-4d75-ae69-cd23b49983a6,v1.14-1.15,0.0,0.0,0.0,0.0,0.0,0.0,0.0,0.0,0.13513513513513514,0.0,True
a3d565c8-0dba-42b7-afb7-68f8aeec6bf0,v1.14-1.15,0.0,0.0,0.0,0.0,0.0,0.0,0.0,0.0,,0.0,False
b7e8e5bf-0ffa-4e7e-89be-8a54e42091c3,v1.14-1.15,0.0,0.0,0.0,0.0,0.0,0.0,0.0,0.0,0.03333333333333333,0.0,False
158af92a-ca1c-4e07-8a6e-88956e754ef4,v1.16+,0.0,0.0,0.0,0.0,0.0,0.0,0.0,0.0,0.0,0.0,False
41f96338-145c-425e-b778-5976b9335165,v1.14-1.15,0.0,0.0,0.0,0.0,0.0,0.0,0.0,0.0,0.0,0.0,False
44998499-d55f-4bed-ad51-8e0f2d3c4880,v1.16+,0.0,0.0,0.0,0.0,0.0,0.0,0.0,0.1565217391304348,0.0,0.0,True
bdaf475e-9ca6-45fb-a391-0fadb9015c06,v1.12-1.13,0.0,0.0,0.0,0.0,0.0,0.0,0.0,0.0,0.0,0.0,False
c00d2fed-cf30-4585-8b9d-2361326398e9,v1.14-1.15,0.0,0.0,0.002554278416347382,0.0,0.0,0.0,0.0,0.0,0.0,0.9144316730523627,True
b83bf324-af7e-418b-9991-546da1b0fddc,v1.14-1.15,0.0,0.0,0.0,0.0,0.0,0.0,0.0,0.0,0.0,0.0,False
368da03f-0be0-4da4-92f6-5a4c405fe83d,v1.14-1.15,0.0,0.0,0.0,0.0,0.0,0.0,0.0,0.00684931506849315,0.00684931506849315,0.08904109589041095,True
538febf5-f0ae-412a-a9f6-d8af6129017e,v1.14-1.15,0.0,0.0,0.0,0.0,0.0,0.0,0.0,0.0,0.0,0.06622516556291391,True
4e735764-cf6f-44cd-8e17-f3f1d37f9daf,v1.16+,0.0,0.0008285004142502071,0.0,0.021541010770505385,0.0,0.0,0.0,0.0,0.0,0.0,False
98f084c4-bb36-4793-a1ec-a4c915485724,v1.16+,0.0,0.0,0.0,0.0,0.0,0.0,0.0,0.0,0.0,0.0,False
15965539-4425-4867-ad04-056c434c2567,v1.14-1.15,0.0,0.0,0.0,0.0,0.0,0.0,0.0,0.0,0.0,0.0,False
87c330d1-ad9e-40ec-a2a2-6af389ba635a,v1.14-1.15,0.0,0.0,0.0,,,0.0,,0.0,0.0,0.0,False
703916e7-6bea-4cc8-8011-9cf02f246032,v1.12-1.13,0.0,0.0,0.0,0.0,0.0,0.0,0.0,0.0,0.0,0.0,False
27cefde8-327b-4ec9-a0cf-c1609ffc9047,v1.14-1.15,0.0,0.0,0.0,0.0,0.0,0.0,0.0,0.0,0.0,0.0,False
8f3d9832-dc69-4c42-890a-d659c93451f7,v1.14-1.15,0.0,0.0,0.0,0.0,0.0,0.0,0.0,0.0,0.0,0.0,False
a025555a-37e6-4487-95d1-ab34993bc213,v1.14-1.15,0.0,0.0,0.0,0.0,0.0,0.0,0.0,0.0,0.0,0.0,False
3b76598d-9bbc-45b6-ade6-e19df0f89907,v1.16+,0.0,0.014634146341463415,0.014634146341463415,0.0,0.0,0.0,0.0,0.0,0.0,0.0,False
6c73b49c-d8a3-4fe5-8b40-7cfc408897f9,v1.14-1.15,0.0,0.0,0.0,0.0,0.0,0.0,0.0,0.0,0.0,,False
b43d5443-690a-48cb-aec5-cfbf6030626d,v1.16+,0.0,0.0,0.0,0.0,0.0,0.0,0.0,0.0,0.0,0.0,False
c423c822-bba5-44ca-9305-644909306054,v1.14-1.15,0.0,0.0,0.0,0.0,0.0,0.0,0.0,0.0,0.2676056338028169,0.0,True
8e0d55ab-ca24-4f7f-bccc-e3e650a41006,v1.14-1.15,0.0,0.0,0.0,0.0,0.0,0.0,0.0,0.0,,0.0,False
3288950c-2189-45be-9f7f-171816aea34c,v1.12-1.13,0.0,0.0,0.0,0.0,0.0,0.0,0.0,0.0,0.0,0.0,False
8ac43077-d5ce-4f9d-bb2d-4b5bd314622e,v1.14-1.15,0.0,0.0,0.0,0.0,0.0,0.0,0.0,0.0,0.0,0.0058997050147492625,False
f64c129b-d791-4cf7-ae0e-452c8f3b013c,v1.14-1.15,0.0,0.0,0.0,0.0,0.0,0.0,0.0,0.0,0.0,0.014492753623188406,False
c7b74a17-4dd9-42bb-901a-04c1c6e88b7f,v1.14-1.15,0.0,0.0,0.0,0.0,0.0,0.0,0.0,0.0,0.0,0.0,False
e78b34fc-6250-466f-82ed-3681a21304e4,v1.12-1.13,0.0,0.0,0.0,0.0,0.0,0.0,0.0,0.0,0.0,0.0,False
85bda2c5-12bf-4116-8777-36cde746349e,v1.16+,0.0,0.0,0.0,0.0,0.0,0.0,0.0,0.0106951871657754,0.0213903743315508,0.0,False
502856c6-1c68-4deb-9d13-dc1fae9df071,v1.14-1.15,0.0,0.0,0.0,0.0,0.0,0.0,0.011278195488721804,0.06766917293233082,0.041353383458646614,0.0037593984962406013,True
fc587431-e0b5-4b80-a9f6-ded078a07fee,v1.14-1.15,0.0,0.0,0.0,0.0,0.0,0.0,0.0,0.0,0.0,0.008771929824561403,False
7a7b38f4-9a25-4577-a436-fd2e1abb7587,v1.12-1.13,0.0,0.0,0.0,0.0,0.0,0.0,0.0,0.0,0.0,0.0,False
4722bd64-36cd-4d1b-90f3-f664c81c016b,v1.14-1.15,0.0,0.0,0.0,0.0,0.0,0.0,0.0,0.0,0.0,0.0,False
bb754bf2-b9bc-4137-8629-ff36b91e737c,v1.14-1.15,0.0,0.0,0.0,0.0,0.0,0.0,0.0038461538461538464,0.0,0.0,0.0,False
4bd9fd35-5ef4-4900-bdbd-37786a2dcc79,v1.16+,0.0,0.0,0.0,0.0,0.0,0.0,0.0,0.0,0.0,0.0,False
5c92f6a7-872c-4ef9-996c-51d8f5ee7f7d,v1.12-1.13,0.0,0.0,0.0,0.0,0.0,0.0,0.0006112469437652812,0.0,0.0,0.0,False
9c28c9bd-54cb-4559-8d15-b8b59814286b,v1.14-1.15,0.0,0.0,0.0,0.0,0.0,0.0,0.0,0.75,1.0,0.0,True
25f000db-9b27-4af5-9e29-d56dc5c87167,v1.12-1.13,0.0,0.0,0.0,0.0,0.0,0.0,0.0,0.0,0.0,0.0,False
a0e641e8-805b-4111-ba20-4b1f6afb340d,v1.16+,0.0,0.0,0.0,0.0,0.0,0.0,0.0,0.0,0.0,0.0,False
4ecb2274-be41-4d06-ab84-af2429a7d4db,v1.16+,0.0,0.0,0.0,0.0,0.0,0.0,0.0,0.0,0.0,0.0,False
227a7d0f-1581-4e53-a568-5abdf817d24d,v1.14-1.15,0.0,0.0,0.0,0.0,0.0,0.0,0.0,0.22666666666666666,0.02666666666666667,0.0,True
54135d2f-a61a-4c8f-b2a1-53f9c28aee2f,v1.16+,0.0,0.0,0.0,0.0,0.0,0.0,0.0,0.0,0.0,0.0,False
c4e6d77e-04d4-4b27-ad7d-92ea9e2ab92b,v1.14-1.15,0.0,0.0,0.0,0.0,0.0,0.0,0.0,0.0,,0.0,False
cc567a1a-dfe4-430f-ae64-8048546ffa32,v1.14-1.15,0.0,0.0,0.0,0.0,0.0,0.0,0.0,0.0,0.0,0.0,False
ef9a0cbb-42cb-4234-b247-31da1de97ffd,v1.14-1.15,0.0,0.0,0.0,0.0,0.0,0.0,0.0,0.0,0.0,0.0,False
122898e6-3da4-44de-afd8-821c5b1d68e8,v1.14-1.15,0.0,0.0,0.0,0.0,0.0,0.0,0.0,0.0,0.0,0.0,False
4f5deb5a-fc75-4b40-a503-82cd7d634bf6,v1.12-1.13,0.0,0.0,0.0,0.0,0.0,0.0,0.0,0.0,0.0,0.0,False
fef5d44e-ea5b-4926-bf76-39563009f469,v1.14-1.15,0.0,0.0,0.0,0.0,0.0,0.0,0.0,0.0,,0.0,False
eb456400-8803-4062-b937-ea4b4320bb59,v1.14-1.15,0.0,0.0,0.0,0.0,0.0,0.0,0.0,0.0,0.0,0.0,False
f41e7dc7-249c-4631-991f-de1d49c1e3b8,v1.12-1.13,0.0,0.0,0.0,0.0,0.0,0.0,0.0,0.0,0.0,0.0,False
025c84cc-0621-4534-9428-08a3bf5101f4,v1.16+,0.0,0.0,0.0,0.0,0.0,0.0,0.0,0.0,0.0,0.0,False
275f67d2-125b-4f1d-b55d-75918abca89a,v1.14-1.15,0.008733624454148471,0.07860262008733625,0.0,0.13973799126637554,0.0,0.14410480349344978,0.0,0.0049261083743842365,1.0,0.0,True
25bb757b-205b-49a1-9ee9-1590108eb423,v1.14-1.15,0.0,0.0,0.0,0.0,0.0,0.0,0.0,0.0,0.0,0.0,False
4ec3997c-e5f6-4abe-92ad-1dad994e9953,v1.14-1.15,0.0,0.0,0.0,0.0,0.0,0.0,0.0,0.0,0.0,0.0,False
d721cc13-0f40-4040-9cfb-be4279fcf097,v1.14-1.15,0.0,0.0,0.0,0.0,0.0,0.0,0.0,0.0,0.0,0.0,False
80891879-fcfb-4c1b-bf15-1c095741ddc8,v1.16+,0.0,0.0,0.0,0.0,0.0,0.0,0.0,0.0,0.0,0.0,False
60e496f8-a8c9-46f0-bfd0-407ca1523b26,v1.14-1.15,0.0,0.0,0.0,0.0,0.0,0.13095238095238096,0.0,0.0,0.0,0.0,True
fcde2ae6-1e90-4f4f-bf3c-663f19593dc1,v1.14-1.15,0.0,0.0,0.0,0.0,0.0,0.0,0.0,0.0,,0.0,False
1374b998-d0ad-4510-abcf-ab90cd0a42b7,v1.16+,0.0,0.0,0.0,0.0,0.0,0.0,0.0,0.0,0.0,0.0,False
cecd9029-d2fd-4247-8001-7434bf673ec1,v1.16+,0.0,0.0,0.0,0.0,0.0,0.0,0.0,0.0,0.0,0.0,False
ecc4f49a-ebce-4d83-a39c-a51d9fb12c52,v1.16+,0.0,0.0,0.0,0.0,0.0,0.0,0.0,0.0,0.0,0.0,False
035cc92b-0e37-4633-8cf7-bff8d02df70d,v1.12-1.13,0.0,0.0,0.0,0.0,0.0,0.0,0.0,0.0,0.0,0.0,False
fdfbc49c-7823-4ed9-94df-e04d962d1d77,v1.16+,0.0,0.0,0.0,0.0,0.0,0.0,0.0,0.0,0.0,0.0,False
738b7342-5d6d-4a47-83a8-97f85efff080,v1.14-1.15,0.0,0.0,0.0,0.0,0.0,0.0,0.0,0.0,0.0,0.0,False
ed52a2ab-f40e-4c69-9304-71bdbf8c2936,v1.16+,0.0,0.0,0.0,0.0,0.0,0.0,0.0,0.0,0.0,0.0,False
f132cbe2-d342-49df-a8d5-8a7c156e6f9c,v1.14-1.15,0.0,0.0,0.0,0.0,0.0,0.0,0.0,0.0,0.0,0.0,False
0b7ca6ad-a5b4-4382-b0fa-6be83218c520,v1.14-1.15,0.0,0.0,0.0,0.0,0.0,0.0,0.0,0.0,,0.0,False
e81ab0c8-31a2-4a1c-85ef-279f6e158914,v1.16+,0.0,0.0,0.0,0.0,0.0,0.0,0.0,0.0,0.0,0.0,False
a2a598cf-5654-4d25-bea0-9c7d83e6b780,v1.14-1.15,0.0,0.0,0.0,0.0,0.0,0.0,0.0,0.22156726768377255,0.08495145631067962,0.0,True
4ec71427-b576-462d-82e3-c1bc75306d41,v1.16+,0.0,0.0,0.0,0.0,0.0,0.0,0.0,0.0034662045060658577,0.029462738301559793,0.0,False
fe897738-b693-498b-8eb8-4626b9aa9327,v1.14-1.15,0.0,0.0,0.0,0.0,0.0,0.0,0.0,0.0,0.0,0.0,False
4c6d758d-6688-4c24-8f16-73341e599f3b,v1.16+,0.0,0.0,0.0,0.0,0.0,0.0,0.0,0.0,0.0,0.0,False
cc20e732-0387-42e4-899f-8a4e98c47d10,v1.14-1.15,0.0,0.0,0.0,0.0,0.0,0.015015015015015015,0.0,0.0,0.0,0.0,False
198c332b-35a7-4abd-af7d-a36a21c2557b,v1.16+,0.0,0.0,0.0,0.0,0.0,0.0,0.0,0.0,0.0,0.01870503597122302,False
a1c9be68-6bf1-48c4-bf04-c96dac15a291,v1.12-1.13,0.0,0.0,0.0,0.0,0.0,0.0,0.0,0.0,0.0,0.0,False
7cd73314-f736-4e83-859f-659558db07aa,v1.12-1.13,0.0,0.0,0.0,0.0,0.0,0.0,0.0,0.0,0.0,0.0,False
ebab304c-8373-4b27-a946-30453b279b2d,v1.14-1.15,0.0,0.0,0.0,0.0,0.0,0.0,0.0,0.0,0.0,0.0,False
57d569c7-c5dc-4c15-9620-37a2f1ec5bf1,v1.14-1.15,0.0,0.0,0.0,0.0,0.0,0.0,0.0,0.0,0.0,0.0,False
5069b6cf-11b4-4ada-8034-d2c0b4a322f7,v1.14-1.15,0.0,0.0,0.0,0.0,0.0,0.0,0.0,0.014056224899598393,0.0,0.3232931726907631,True
886cac0b-4906-4d15-ad78-baa8a1a64eaa,v1.16+,0.0,0.0,0.0,0.0,0.0,0.0,0.00530035335689046,0.0,0.0,0.0,False
ad3730a4-af72-475f-bdaa-c489926615ff,v1.14-1.15,0.0,0.0,0.0,0.0,0.0,0.0,0.0,0.0,0.0,0.0,False
0cfab7c8-f38d-4315-a6f1-c133f66b56be,v1.14-1.15,0.0,0.0,0.0,0.0,0.0,0.0,0.0,0.00392156862745098,0.0058823529411764705,0.0,False
9ce5d759-53b5-4520-9074-cffb20819e71,v1.14-1.15,0.0,0.0,0.0,0.0,0.0,0.0,0.0,0.0,0.0,0.0,False
3143275f-8f58-4619-ac11-30df1be2895d,v1.16+,0.0,0.0,0.0,0.0,0.0,0.0,0.0,0.0,0.0,0.0,False
4f1e4a7f-7cd9-433d-9459-5be1f1a482aa,v1.12-1.13,0.0,0.0,0.0,0.0,0.0,0.0,0.0,0.0,0.1794871794871795,0.0,True
b5727847-0625-4c37-8567-75be43eccbd3,v1.14-1.15,0.0,0.0,0.0,0.0,0.0,0.0,0.0,0.0,0.0,0.0,False
24bd8054-c9fe-4329-ab73-50dcdd575f77,v1.14-1.15,0.0,0.0,0.0,0.0,0.0,0.0,0.0,0.0,0.0,0.0,False
d404cfa8-ee96-4651-80a9-d4c74b66ce2e,v1.14-1.15,0.0,0.0,0.0,0.0,0.0,0.0,0.0,0.07191780821917808,,0.0,True
9bf58a70-9650-4ccd-b99c-3a7a43ed48b4,v1.14-1.15,0.0,0.0,0.0,0.0,0.0,0.0,0.0,0.0,,0.0,False
b2a255e0-924d-478a-bf67-93938cfe3da1,v1.14-1.15,0.0,0.0,0.0,0.0,0.0,0.0,0.0,0.0,0.0,0.0,False
d8344a60-31e3-4d97-97d9-bc3e43af9781,v1.16+,0.0,0.0,0.0,0.0,0.0,0.0,0.0,0.0,0.16521739130434782,0.0,True
81b91c81-7238-42e1-8b8d-79d7021d5023,v1.14-1.15,0.0,0.0,0.0,0.0,0.0,0.0,0.0,0.0,,0.0,False
fc6bb66d-ed86-454a-99d3-6520ea1fce05,v1.14-1.15,0.0,0.0,0.0,0.0,0.0,0.0,0.0,0.0,0.0,0.0,False
05be569c-4ba8-47ad-9879-f3173995baef,v1.12-1.13,0.0,0.0,0.0,0.0,0.0,0.0,0.0,0.0,0.0,0.0,False
52b9cddd-9200-4333-b9e1-edb56cd34158,v1.14-1.15,0.0,0.0,0.0,0.0,0.0,0.0,0.0,0.0,0.0,0.0,False
730ec94c-abaa-48bb-bebf-743eb43eb3ba,v1.16+,0.0,0.0,0.0,0.0,0.0,0.0,0.0,0.0,0.0,0.0,False
2ce3b0b8-ba0c-4db0-a4a3-2180314b2696,v1.12-1.13,0.0,0.0,0.0,0.0,0.0,0.0,0.0,0.0,0.0,0.0,False
e644499b-6db1-4e86-856a-2c8b3c402220,v1.16+,0.0,0.0,0.0,0.0,0.0,0.0,0.0,0.0,0.0,0.0,False
3dbf1e2a-1b73-4420-9cd3-24be7db3554a,v1.14-1.15,0.0,0.0,0.0,0.0,0.0,0.0,0.0,0.814327485380117,0.5570175438596491,0.0,True
1040a322-9fbf-4620-8e8c-f40026d3232a,v1.14-1.15,0.0,0.0,0.0,0.0,0.0,0.0,0.0,0.0,0.0,0.0,False
c20a8ea0-1087-44df-a647-4c1c73533593,v1.14-1.15,0.0,0.0,0.0,0.0,0.0,0.0,0.0,0.0,0.0,0.0,False
6e9df7ff-fffb-4bed-b87c-aa37fef50db8,v1.12-1.13,0.0,0.0,0.0,0.0,0.0,0.0,0.0,0.0,,0.0,False
a4ac869f-6f57-4ac3-91ec-63b1997596b8,v1.16+,0.0,0.0,0.0,0.0,0.0,0.0,0.0,0.0,0.0,0.0,False
d5c5967c-378a-4740-8885-4b6f97329e54,v1.16+,0.0,0.0,0.0,0.0,0.0,0.0,0.0,0.0,0.0,0.0,False
007b1dc9-f39b-45c1-80e3-4189a9e9296e,v1.14-1.15,0.0,0.0,0.0,0.0,0.0,0.0,0.0,0.045871559633027525,0.3944954128440367,0.6880733944954128,True
433f67a4-17ad-4845-81ce-835e43193268,v1.12-1.13,0.0,0.0,0.0,0.0,0.0,0.0,0.0,0.0,0.0,0.0,False
a6cb104b-3160-4d4d-9e71-90582fc91269,v1.14-1.15,0.0,0.0,0.0,0.0,0.0,0.0,0.0,0.0,,0.012578616352201259,False
59f82431-e77b-4190-9f28-063595e00538,v1.14-1.15,0.0,0.0,0.0,0.0,0.0,0.0,0.0,0.10628019323671498,0.21739130434782608,0.1932367149758454,True
1d0cded3-fdd2-4579-8823-8fd7590462c5,v1.14-1.15,0.0,0.0,0.0,0.0,0.0,0.0,0.0,0.0,0.0,0.0,False
cf699e47-890c-4d83-be5f-409d94ab2f78,v1.16+,0.0,0.7244094488188977,0.0,0.0,0.0,0.0,0.0,0.0,0.0,0.0,True
65a5d9e5-9001-40c4-81ae-646821d18f50,v1.16+,0.0,0.0,0.0,0.0,0.0,0.0,0.0,0.2631578947368421,0.06578947368421052,0.0,True
085f7a67-269d-4f54-84cd-e94b36de7c3f,v1.12-1.13,0.0,0.0,0.0,0.0,0.0,0.0,0.0,0.0,0.0,0.0,False
9f74da2d-291a-44c9-903a-c5495eb15101,v1.12-1.13,0.0,0.0,0.0,0.0,0.0,0.0,0.0,0.0,0.0,0.0,False
aefa5299-8f4c-4e41-aed1-ebff49c05208,v1.16+,0.0,0.0,0.0,0.0,0.0,0.0,0.0,0.0,0.0,0.0,False
0f45bb8e-713a-4bc6-9fd3-47f598c7e461,v1.14-1.15,0.0,0.0,0.0,0.0,0.0,0.0,0.0,0.0,,0.0,False
c8b3aec5-645b-41e2-96a3-b38a4b6f6095,v1.14-1.15,0.0,0.0,0.0,0.0,0.0,0.0,0.0,0.0,,0.0,False
d8b7b132-d6d8-4e0e-9918-c5d367781f26,v1.16+,0.0,0.0,0.0,0.0,0.0,0.0,0.0,0.0,0.0,0.0,False
7bb78d27-b828-425b-8a3e-0f25196679b7,v1.14-1.15,0.0,0.0,0.0,0.0,0.0,0.0,0.0,0.0,0.0,0.0,False
b2f69f88-4989-41c3-a9be-a4b3e47fb333,v1.16+,0.0,0.0,0.0,0.0,0.0,0.0,0.0,0.0,0.0,0.0,False
98ca96e8-1dbc-4152-ba74-4603b546d2f5,v1.16+,0.0,0.0,0.0,0.0,0.0,0.0,0.0,0.0,0.0,0.0,False
03d7391c-2e65-4dc6-82a3-a791023f8657,v1.12-1.13,0.0,0.0,0.0,0.0,0.0,0.0,0.0,0.0,0.0,0.0,False
251da81a-b68a-420c-9585-4c54a1ec111c,v1.14-1.15,0.0,0.0,0.0,0.0,0.0,0.0,0.0,0.0,0.0,0.0,False
d03299a0-b033-4e9e-a418-cfa96054ee3e,v1.12-1.13,0.0,0.0,0.0,0.0,0.0,0.0,0.0,0.0,0.0,0.0,False
ee8f51f1-b949-478f-9aea-9331dbfe365d,v1.14-1.15,0.0,0.0,0.0,0.0,0.0,0.0,0.0,0.0,0.0,0.0,False
7861d00d-3926-45ec-8529-bb855bf89f73,v1.12-1.13,0.0,0.0,0.0,0.0,0.0,0.0,0.0,0.0,0.0,0.0,False
f0220092-c33a-4b65-8746-697b1ed43af6,v1.14-1.15,0.0,0.0,0.0,0.0,0.0,0.0,0.0,0.0,0.0,0.0,False
0821d7f2-f8e8-487a-9b95-a98804e1a948,v1.12-1.13,0.0,0.0,0.0,0.0,0.0,0.0,0.0,0.0,0.0,0.0,False
93e952b8-9b67-483b-9e7f-833a437f2557,v1.14-1.15,0.0,0.0,0.0,0.0,0.0,0.0,0.0,0.0,0.0,0.0,False
24eb7822-b7f4-4b58-b357-ff020caf3cc1,v1.14-1.15,0.0,0.0,0.0,0.0,0.0,0.0,0.0,0.0,0.0,0.0,False
753d641e-5a00-449f-a2f2-1f3944ede1ef,v1.14-1.15,0.0,0.0,0.0,0.0,0.0,0.0,0.0,0.0,0.0,1.0,True
835a80ed-b37a-4c7b-ad8f-f0e2261d7de5,v1.14-1.15,0.0,0.0,0.0,0.0,0.0,0.0,0.0,0.0,0.0,0.0,False
d5638ba5-cb4d-4397-b84d-92456841444f,v1.14-1.15,0.0,0.0,0.0,0.0,0.0,0.0,0.0,0.0,0.0,0.0,False
e9ab5fdb-ee3d-425d-bf50-31c8d2ac3363,v1.12-1.13,0.0,0.0,0.0,0.0,0.0,0.0,0.0,0.02564102564102564,0.0,0.0,False
37ec19b0-6a51-4576-acd3-451e20fad888,v1.16+,0.0,0.0,0.0,0.0,0.0,0.0,0.0,0.0,0.0,0.0,False
6aecf1b7-7eb5-46f5-857e-34ebb33a4d0c,v1.12-1.13,0.0,0.0,0.0,0.0,0.0,0.0,0.0,0.0,0.0,0.0,False
e521b3e1-665c-41f5-ab6e-04304b511a52,v1.12-1.13,0.0,0.0,0.0,0.0,0.0,0.0,0.0,0.0,0.0079155672823219,0.0,False
7ea569f6-a59e-4317-b1a8-a350a7ff2050,v1.14-1.15,0.0,0.0,0.0,0.0,0.0,0.0,0.0,0.0,0.0,0.006122448979591836,False
ee49fb99-10c0-4eb7-9426-74d520c564fe,v1.12-1.13,0.0,0.0,0.0,0.0,0.0,0.0,0.0,0.0,0.0,0.0,False
b69bd985-a6ac-40bf-9595-a4bea76a0d8f,v1.12-1.13,0.0,0.0,0.0,0.0,0.0,0.0,0.0,0.0,0.0,0.0,False
c8fff0d6-3f7d-4963-b32a-053cacd3f474,v1.14-1.15,0.0,0.0,0.0,0.0,0.0,0.0,0.0,0.0,0.0,0.0,False
ac2d27c5-9609-4fcc-977a-e5c5a055bd74,v1.12-1.13,0.0,0.0,0.0,0.0,0.0,0.0,0.0,0.0,,0.0,False
8bf45ed3-d9e0-41b4-a80c-ba7ab473bcf9,v1.14-1.15,0.0,0.0,0.0,0.0,0.0,0.0,0.0,0.0,0.0,0.0,False
3b389a56-dd41-40e3-ac40-d5c950d1210b,v1.16+,0.0,0.0,0.0,0.0,0.0,0.0,0.0,0.012155415671803777,0.0,0.0,False
a3001a07-221c-44ce-a250-020c0e517bcc,v1.12-1.13,0.0,0.0,0.0,0.0,0.0,0.0,0.0,0.0,0.0,0.0,False
85c87a76-68d8-472d-879b-bcc6a7f74091,v1.14-1.15,0.0,0.0,0.0,0.0,0.0,0.0,0.0,0.0,0.0,0.0,False
f386caa8-c372-40e0-b1c5-4687f8d614b7,v1.16+,0.0,0.0,0.0,0.0013215859030837004,0.0004405286343612335,0.0,0.0004405286343612335,0.000881057268722467,0.0004405286343612335,0.0,False
411b4237-d205-43d5-85c3-661602872c36,v1.12-1.13,0.0,0.0,0.0,0.0,0.0,0.0,0.0,0.0,0.0,0.0,False
95031977-f4fb-45f4-99e3-6663105e9ed4,v1.12-1.13,0.0,0.0,0.0,0.0,0.0,0.0,0.0,0.0,0.0,0.0,False
bdfe58ba-788a-442d-8ce1-5f13c17a7bc3,v1.14-1.15,0.0,0.0,0.0,0.0,0.0,0.0,0.0,0.0,0.0,0.0,False
a3eabc10-c206-42e7-8e6a-4ff57b528dcd,v1.14-1.15,0.0,0.0,0.0,0.0,0.0,0.0,0.0,0.0,0.0,0.0,False
87eb82c5-1137-4a57-b6ec-2a59ffe9d793,v1.12-1.13,0.0,0.0,0.0,0.0,0.0,0.0,0.0,0.0,0.0,0.0,False
8edaef07-3610-4940-8c63-15e102f5fcaa,v1.14-1.15,0.0,0.0,0.0,0.00361563064942289,0.0,1.0,0.0038242247253511335,0.0,0.0,0.0,True
1aecf27f-31b0-4618-ab2d-57a8ca5f2eed,v1.14-1.15,0.0,0.0,0.0,0.0,0.0,0.0,0.0,0.0,0.0,0.0,False
82da5b9d-8ee9-4acc-82f6-a54b08a8b9dc,v1.14-1.15,0.0,0.0,0.0,0.0,0.0,0.0,0.0,0.00398406374501992,0.0,0.0,False
b898764e-e214-45d9-b956-316b08a6fe4d,v1.12-1.13,0.0,0.0,0.0,0.0,0.0,0.0,0.0,0.006956521739130435,0.0,0.0,False
56532940-0d06-419a-8e67-71886fa9ade3,v1.16+,0.0,0.0,0.0,0.0,0.0,0.0,0.0,0.0,0.04830709510459349,0.0,False
203565b0-ed6a-4a66-8ea9-a38a27adb85b,v1.14-1.15,0.0,0.0,0.0,0.0,0.0,0.0,0.0,0.03566333808844508,0.04136947218259629,0.0,False
455780ab-f182-4b2c-be66-68f835534a12,v1.16+,0.0,0.0,0.0,0.0,0.0,0.0,0.0,0.0,0.0,0.0,False
dfb0d8f1-7ec6-41c1-9be6-3066b2b7ae2e,v1.14-1.15,0.0,0.0,0.0,0.0,0.0,0.0,0.0,0.0,0.0,0.0,False
69ff2381-d50e-453c-a014-3bf93ffc4172,v1.14-1.15,0.0,0.0,0.0,0.0,0.0,0.0,0.0,0.0,0.0,0.5957095709570958,True
d2911b65-0cb1-45a9-93a6-5e0a67eae6db,v1.14-1.15,0.0,0.0,0.0,0.0,0.0,0.0,0.0,0.0,0.0,0.0,False
bc34b29a-2691-473b-abf5-afa03fca2b07,v1.14-1.15,0.0,0.0,0.0,0.0,0.0,0.0,0.0,0.0,0.0,0.0,False
6be2bbd0-34ad-49ea-8e3b-a060a6f1686f,v1.14-1.15,0.0,0.0,0.0,0.0,0.0,0.0,0.0,0.0,0.0,0.0,False
a0049cec-4343-42eb-847b-6503057b48ff,v1.16+,0.0,0.0,0.0,0.0,0.0,0.0,0.0,0.0,0.0,0.0,False
8a572619-945e-4057-b1f7-41f5af2e23eb,v1.14-1.15,0.0,0.0,0.0,0.0,0.0,0.0,0.0,0.014925373134328358,0.22388059701492538,0.0,True
6677d02f-71b1-405b-b7f8-871e16abbbc5,v1.14-1.15,0.0,0.0,0.0,0.0,0.0,0.0,0.0,0.039647577092511016,0.039647577092511016,0.0,False
84f62071-d869-481f-950e-6a79365a46e8,v1.14-1.15,0.0,0.0,0.0,0.0,0.0,0.0,0.0,0.0,,0.0,False
626c39b4-76fe-41e6-b006-46aeb5408a2b,v1.14-1.15,0.0,0.0,0.0,0.0,0.0,0.0,0.0,0.0,0.0,0.0,False
0fdcf0a6-c6bd-41bf-9d10-bde34a837f42,v1.12-1.13,0.0,0.0,0.0,0.0,0.0,0.0,0.0,0.0,0.0,0.0,False
c1506e1f-9ee3-4640-b073-1483605b9e32,v1.12-1.13,0.0,0.0,0.0,0.0,0.0,0.0,0.0,0.1836734693877551,0.0,0.0,True
3e9488b0-3d49-428b-a8ff-ca7b17066c25,v1.14-1.15,0.0,0.0,0.0,0.0,0.0,0.0,0.0,0.0,0.0,0.0,False
e94e4d38-fc2f-4940-81e8-2df25f8fec01,v1.14-1.15,0.0,0.0,0.0,0.0,0.0,0.0,0.0,0.0,0.0,0.0,False
90cddad7-5b9a-4a55-a5e8-cd92de020f1c,v1.16+,0.0,0.0,0.0,0.0,0.0,0.0,0.0,0.0,0.0,0.22818791946308725,True
6da6327a-9a2b-4372-900a-c6465613e95f,v1.14-1.15,0.0,0.0,0.0,0.0,0.0,0.0,0.0,0.0,0.0,0.0,False
0a9c0ee1-f96b-4a8f-8435-2733fb3898ff,v1.14-1.15,0.0,0.0,0.0,0.0,0.0,0.0,0.0,0.0,0.0,0.0,False
06dc1afb-3686-49c3-bdbc-3b25d66054a2,v1.16+,0.0,0.0,0.0,0.0,0.0,0.0,0.0,0.0,0.0,0.0,False
b7fefc49-f041-4d60-aec8-550443726090,v1.14-1.15,0.0,0.0,0.0,0.0,0.0,0.0,0.0,0.0,0.0,0.0,False
41dd2406-dfc2-4cdb-82bc-84c5f737e532,v1.14-1.15,0.0,0.0,0.0,0.0,0.0,0.0,0.0,0.0,0.0,0.03289473684210526,False
19f8c4ec-3229-418c-9a14-a0e9cfbe39f0,v1.14-1.15,0.0,0.0,0.0,0.0,0.0,0.0,0.0,0.0,0.0,0.0,False
c4662fa1-3023-4761-a0de-62df057856e5,v1.16+,0.0,0.0,0.0,0.0,0.0,0.0,0.0,0.00641025641025641,0.7243589743589743,0.0,True
aed7dd00-65d9-4ebf-9808-40bd8034edc0,v1.16+,0.0,0.0,0.0,0.0,0.0,0.0,0.0,0.0,0.0,0.0,False
34cc957f-642a-4cb1-82e8-9e1f220ea4b6,v1.16+,0.0,0.0214190093708166,0.0,0.01740294511378849,0.0,0.01606425702811245,0.0,0.008032128514056224,0.03480589022757698,0.0,False
16939cb3-87a5-4860-be89-22b53fe693a8,v1.16+,0.0,0.0,0.0,0.0,0.0,0.0,0.0,0.0,0.0,0.0,False
5e746be8-3d97-497c-94a6-3aeb51639d36,v1.16+,0.0,0.0,0.0,0.0,0.0,0.0,0.0,0.0,0.0,0.0,False
0bbd400b-e126-472f-8c58-0cc97f1bc979,v1.16+,0.0,0.0,0.0,0.0,0.0,0.0,0.0,0.058091286307053944,0.0,0.0,True
266a20b3-a407-4ad7-8a0e-6a430bdb1b22,v1.16+,0.0,0.0,0.0,0.0,0.0,0.0,0.0,0.0,0.0,0.0,False
c9b917e9-4fcb-409e-a0c1-f7acf948fbe1,v1.12-1.13,0.0,0.0,0.0,0.0,0.0,0.0,0.0,0.0,0.0,0.0,False
ed21dcc4-bc08-488c-ace3-4d5d4b54d64c,v1.12-1.13,0.0,0.0,0.0,0.0,0.0,0.0,0.0,0.0,0.0,0.0,False
d326b037-6f36-45dd-8bd6-f8d6de6ea339,v1.16+,0.0,0.4954204829308909,0.5154038301415487,0.0649458784346378,0.06411323896752706,0.19233971690258117,0.011656952539550375,0.022481265611990008,0.15070774354704414,0.0,True
deaf5559-3a35-44ae-8b67-825f1a5ec5b9,v1.12-1.13,0.0,0.0,0.0,0.0,0.0,0.0,0.0,0.0,0.0,0.0,False
6efe7a49-25cb-4ef1-bee0-54f96238b2a2,v1.16+,0.0,0.0,0.0,0.0,0.0,0.0,0.0,0.0,0.0,0.0,False
2ccfb94a-3508-456f-a110-4d9830716530,v1.16+,0.0,0.0,0.0,0.0,0.0,0.0,0.0,0.0,0.0,0.0,False
c7453450-619b-4928-bc94-a098fede54f8,v1.14-1.15,0.0,0.0,0.0,0.0,0.0,0.0,0.0,0.9344262295081968,0.9333333333333333,0.0,True
3bb8c7d0-8757-47e0-a1de-b664aa1f563a,v1.14-1.15,0.0,0.0,0.0,0.0,0.0,0.0,0.0,0.0,0.0,0.0,False
c2e323a3-f2e1-46d3-83e8-d5caec912561,v1.16+,0.0,0.0,0.0,0.0,0.0,0.0,0.0,0.0,0.0,0.0,False
d0151042-8f89-4190-be15-22b4b5952458,v1.14-1.15,0.0,0.0,0.0,0.0,0.0,0.0,0.0,0.0,,0.0,False
76af6981-1a61-488b-bea3-7ca9f075ba9b,v1.14-1.15,0.0,0.0,0.0,0.0,0.0,0.0,0.0,0.0,0.0,0.0,False
96f84051-f5ac-4354-aeb4-666617a9bd68,v1.16+,0.0,0.0,0.0,0.0,0.0,0.0,0.0,0.011336982017200938,0.0,0.0,False
9b6c5a32-a2a2-468c-95f6-cce5ca641b08,v1.12-1.13,0.0,0.0,0.0,0.0,0.0,0.0,0.0,0.0,0.0,0.0,False
56853e0d-b21c-4d56-96bd-f8bc9d46d719,v1.12-1.13,0.0,0.0,0.0,0.0,0.0,0.0,0.0,0.0,0.0,0.0,False
20c3d36e-4eb9-440c-8188-445de9b482d0,v1.16+,0.0,0.0,0.0,0.0,0.0,0.0,0.0,0.0,0.0,0.0,False
00f0f3b9-9713-4aa5-9220-45633a430a50,v1.14-1.15,0.0,0.0,0.0,0.0,0.0,0.0,0.0,0.06578947368421052,0.0,0.013157894736842105,True
bc8d4a2f-1066-45a5-b206-4d566701ad8b,v1.12-1.13,0.0,0.0,0.0,0.0,0.0,0.0,0.0,0.0,0.0,0.0,False
b0a12676-961f-4de9-b8d8-00d504d74b44,v1.16+,0.0,0.0,0.0,0.0,0.0,0.0,0.0,0.0,0.0,0.0,False
a33a50b0-a144-482c-99c1-5ef526c31e1d,v1.14-1.15,0.0,0.0,0.0,0.0,0.0,0.0,0.0,0.0,0.0,0.044332210998877665,False
e91b73db-dff7-4cfa-bb4b-8cddee64b696,v1.16+,0.0,0.0,0.0,0.0,0.0,0.0,0.0,0.0,0.0,0.0,False
b4d61d2e-cbe9-43e2-bae7-ad28772d570d,v1.16+,0.0,0.0,0.0,0.0,0.0,0.0,0.0,0.0,0.0081799591002045,0.0,False
608f6e09-3204-45e4-8d6f-7dad6e0c4a8e,v1.14-1.15,0.0,0.0,0.0,0.0,0.0,0.0,0.0,0.0,0.0,0.0,False
fffb31fe-cc17-44e9-a8e2-43b7bd842302,v1.12-1.13,0.0,0.0,0.0,0.0,0.0,0.0,0.0,0.0,0.0,0.0,False
dddfa2a1-8459-4504-a6a6-587bb0a90d38,v1.12-1.13,0.0,0.0,0.0,0.0,0.0,0.0,0.0,0.06666666666666667,0.0,0.0,True
c057a299-71c7-4fe7-abce-ba4ab1793df3,v1.14-1.15,0.0,0.0,0.0,0.0,0.0,0.0,0.0,0.0,0.0,0.0,False
b9b3856e-5d37-457e-9439-b75b22fcc69d,v1.14-1.15,0.0,0.0,0.0,0.0005065856129685917,0.0010131712259371835,0.0,0.002026342451874367,0.0,0.0,0.0,False
0eb9125f-8e0e-496d-b52f-2fa04e1477cd,v1.16+,0.0,0.0,0.0,0.0,0.0,0.0,0.0,0.0,0.013243167089320936,0.0,False
dabe3025-17d6-473b-9b7d-027c0ab2d51f,v1.14-1.15,0.0,0.0,0.0,0.0,0.0,0.0,0.0,0.0,0.0,0.0,False
b324bd5e-4939-4821-a9f2-c76a1d869b6d,v1.16+,0.0,0.0,0.0,0.0,0.0,0.0,0.0,0.0081799591002045,0.8936605316973415,0.0,True
da3425c6-fd54-464c-b95c-6454ebdea39f,v1.12-1.13,0.0,0.0,0.0,0.0,0.0,0.0,0.0,0.0035087719298245615,,0.0,False
080788da-61c0-43e0-aacd-ca60a30170ec,v1.16+,0.0,0.0,0.0,0.0,0.0,0.0,0.0,0.03624733475479744,0.0,0.0,False
c12f1853-e299-4775-9020-b90e691a7974,v1.12-1.13,0.0,0.0,0.0,0.0,0.0,0.0,0.0,0.0,0.0,0.0,False
7e581c76-6979-41e4-b417-a501676d09d8,v1.14-1.15,0.0,0.0,0.0,0.0,0.0,0.0,0.0,0.0,0.0,0.0,False
6f8e59c1-7b8e-4f91-81f6-5f85722049bd,v1.16+,0.0,0.0,0.0,0.0,0.0,0.0,0.0,0.0,0.0022727608140616007,0.0,False
cd7fc0d8-8e8c-4e22-abc3-e6d4572e1314,v1.14-1.15,0.0,0.0,0.0,0.0,0.0,0.0,0.0,0.0,0.0,0.0,False
164a2545-5edc-45dd-a65d-398c8dd498e2,v1.16+,0.0,0.0,0.0,0.0,0.0,0.0,0.0,0.00020320483046911287,0.0020030190431955413,0.0,False
9dda00ed-0df6-4176-9215-65652a914da0,v1.14-1.15,0.0,0.0,0.0,0.0,0.0,0.0,0.0,0.0,0.0,0.0,False
e5894dba-282d-420d-9694-c47af61fb587,v1.14-1.15,0.0,0.0,0.0,0.0,0.0,0.0,0.0,0.0,,0.0,False
6cea90e0-2b12-4834-878d-9118c5c2cc37,v1.14-1.15,0.0,0.0,0.0,0.0,0.0,0.0,0.0,0.0,0.0,0.0,False
cc78131b-5bd9-400b-aa93-cbca39c206d9,v1.14-1.15,0.0,0.0,0.0,0.0,0.0,0.0,0.02857142857142857,0.0,0.0,0.0,False
fd03539b-ef5c-411f-abbf-7f4a70de8916,v1.16+,0.0,0.0,0.0,0.0,0.0,0.0,0.0,0.0,0.0,0.0,False
49a71199-ca13-48c1-801a-3fbce3584971,v1.14-1.15,0.0,0.0,0.0,0.0,0.0,0.0,0.0,0.0,0.0,0.0,False
3662188d-2333-4084-aaff-82fd49ecc295,v1.16+,0.0,0.0,0.0,0.0,0.0,0.0,0.0,0.0,0.0,0.0,False
459f9f78-2086-41a4-be89-425d88d1928f,v1.14-1.15,0.0,0.0,0.0,0.0,0.0,0.0,0.0,0.0,0.0,0.0,False
24f13245-84c0-41cb-91fe-f63d2e7a4c67,v1.14-1.15,0.0,0.0,0.0,0.0,0.0,0.0,0.0,0.0,0.0,0.0,False
e5041e51-b7a2-4421-aa9c-1224db8ca10b,v1.16+,0.0,0.0,0.0,0.0,0.0,0.0,0.0,0.0,0.0,0.0,False
38f7ea64-3a7c-48e0-a419-afbf5a3494f9,v1.14-1.15,0.0,0.0,0.0,0.0,0.0,0.0,0.0,0.0,0.0,0.0,False
b36b6eb1-1b4f-4f40-b22c-6defbf583b67,v1.14-1.15,0.0,0.0,0.0,0.0,0.0,0.0,0.0,0.0,0.0,0.0,False
6019c4a4-97ed-4741-9ea4-990e9b992717,v1.14-1.15,0.0,0.0,0.0,0.0,0.0,0.0,0.0,0.0,0.0,0.0,False
9288b3ea-754b-4313-a0d3-12f7a5897f16,v1.14-1.15,0.0,0.0,0.0,0.0,0.0,0.0,0.0,0.0,0.0,0.0,False
edf4008e-e435-42c1-8524-8d62aafc36c8,v1.14-1.15,0.0,0.0,0.0,0.0,0.0,0.0,0.0,0.0024937655860349127,0.03225806451612903,0.0,False
d70b9718-5238-42f2-8477-7b53b6a3f99a,v1.16+,0.0,0.0,0.0,0.0,0.0,0.0,0.0,0.0,0.6403508771929824,0.0,True
e8a6cb6a-4413-43b2-86c9-a9adc67ef010,v1.14-1.15,0.07430340557275542,0.0,0.0,0.0,0.0,0.23632610939112486,0.029927760577915376,0.0,0.0,0.7863777089783281,True
ae668731-a4bb-4f4e-a797-216a67a97070,v1.14-1.15,0.0,0.0,0.0,0.0,0.0,0.0,0.0,0.0,,0.0,False
b1d1ee7c-0056-49f0-898e-1be5dd2ae4ef,v1.16+,0.0,0.0,0.0,0.0,0.0,0.0,0.0,0.0,0.0,0.0,False
19b09a88-1290-4954-ae81-e38e43e14084,v1.16+,0.0,0.0,0.0,0.0,0.0,0.0,0.0,0.0,0.0,0.0,False
9fc4a388-bb0e-4047-94c5-0aa6d9447b7c,v1.16+,0.0,0.0,0.0,0.0,0.0,1.0,0.0,0.021052631578947368,0.021052631578947368,0.0,True
ded42fd0-c446-4fac-9c60-1b9194e1696d,v1.12-1.13,0.0,0.0,0.0,0.0,0.0,0.0,0.0,0.0,0.0,0.0,False
91d4248d-8572-4df4-9bd2-e399de81063d,v1.16+,0.0,0.0,0.0,0.0,0.0,0.0,0.0,0.0,0.0,0.0,False
1c5ee64c-dffe-49c8-8b9f-cb08f0fd7ea2,v1.16+,0.038461538461538464,0.07264957264957266,0.07264957264957266,0.0,0.0,0.0,0.07264957264957266,0.008547008547008548,0.05128205128205128,0.0,True
70489d54-e0eb-46c8-923f-fb868dc2014b,v1.16+,0.0,0.0,0.0,0.0,0.0,0.0,0.0,0.1568627450980392,0.0,0.0,True
c67b0be3-fa04-4666-8955-dc80b6c967a3,v1.12-1.13,0.0,0.0,0.0,0.0,0.0,0.0,0.0,0.0,0.0,0.0,False
3d1707b9-df27-4a1b-8b56-dcfc789278ac,v1.14-1.15,0.0,0.0,0.0,0.0,0.0,0.0,0.0,0.0,0.0,0.0,False
8ec5d62b-0ecf-42fc-8205-270e7fe46ee5,v1.14-1.15,0.0,0.0,0.0,0.0,0.0,0.0,0.0,0.0,,0.0,False
78043fa7-3bc6-4456-8de3-08b7c10df9f4,v1.16+,0.0,0.10866141732283464,0.03307086614173228,0.11181102362204724,0.02204724409448819,0.0,0.04566929133858268,0.03307086614173228,0.03307086614173228,0.0,True
0bbdcab9-0dc0-40e2-900c-7b619b591181,v1.16+,0.0,0.0,0.0,0.0,0.0,0.0,0.009259259259259259,0.009259259259259259,0.0,0.0,False
03e53081-190b-4d81-8c2c-7a1d524d2bb1,v1.14-1.15,0.0,0.0,0.0,0.0,0.0,0.0,0.0,0.0,0.0,0.0,False
6a5aed8a-76e2-46a5-a977-7dd15ad2dfb2,v1.14-1.15,0.0,0.0,0.0,0.0,0.0,0.0,0.0,0.0,0.06334841628959276,0.0,True
011d4ba4-d4a8-4865-a3f5-6e5d5ff30f69,v1.14-1.15,0.0,0.0,0.0,0.0,0.0,0.0,0.00199203187250996,0.0,0.0,0.0,False
0c0d121d-9a16-4794-adf6-e38febb6fefd,v1.14-1.15,0.0,0.0,0.0,0.0,0.0,0.0,0.0,0.0,0.0,0.0,False
0ed66a3e-5c8b-4b14-b97c-cf244569ffac,v1.14-1.15,0.0,0.021645021645021644,0.021645021645021644,0.0,0.0,0.0,0.0,0.0,0.0,0.3868682097307511,True
6acba6e4-c6b8-4d10-8a3e-9d401fba25f2,v1.14-1.15,0.0,0.0,0.0,0.0,0.0,0.0,0.0,0.0,0.0,0.0,False
0e693476-e220-4fce-94da-3dd9b82e5ffa,v1.14-1.15,0.0,0.0,0.0,0.0,0.0,0.0,0.0,0.0,0.0,0.0,False
d072ce4e-af2a-4305-83b2-920b812a1f0b,v1.12-1.13,0.0,0.0,0.0,0.0,0.0,0.0,0.0,0.0,,0.0,False
1d33794c-79e8-4200-be54-c6fa4bcacdf5,v1.16+,0.0,0.0,0.010526315789473684,0.0,0.005263157894736842,0.0,0.0,0.0,0.0,0.0,False
2b568284-5261-4b49-af62-5a8bf4b3960d,v1.14-1.15,0.0,0.0,0.0,0.0,0.0,0.0,0.0,0.0,,0.0,False
c5c3983f-0f5b-4609-a72e-a34564631547,v1.16+,0.0,0.0,0.0,0.0,0.0,0.0,0.0,0.0,0.0,0.0,False
5d32c3e2-278b-47f8-8b50-0e645ca34dcc,v1.16+,0.0,0.0,0.0,0.0,0.0,0.0,0.0,0.0,0.0,0.0,False
4a8102ff-3fec-4668-b722-ff552f518a95,v1.14-1.15,0.0,0.0,0.0,0.0,0.0,0.0,0.0,0.0,0.0,0.0,False
34e97410-ab2f-457d-ab0e-bc2c8dba8823,v1.16+,0.0,0.0,0.0,0.0,0.0,0.0,0.0,0.0,0.0,0.0,False
eaa508b9-9ca0-4439-b768-65327435e69a,v1.16+,0.0,0.0,0.0,0.0,0.0,0.0,0.0,0.11067193675889328,0.007905138339920948,0.0,True
897fc073-14b4-4366-8ab6-c98d06d91c1f,v1.14-1.15,0.0,0.0,0.0,0.0,0.0,0.0,0.0,0.0,0.0,0.0,False
696eb442-7147-4651-b591-5a63a798c0e2,v1.14-1.15,0.0,0.0,0.0,0.0,0.0,0.0,0.0,0.0,0.0,0.0,False
03ab22c7-89ed-40e9-a6e0-1fb4c8747e0f,v1.16+,0.0,0.0,0.0,0.0,0.0,0.0,0.0,0.0,0.0,0.0,False
7f47f5a2-994a-4fcf-906a-a27748dd2b9c,v1.14-1.15,0.0,0.0,0.0,0.0,0.0,0.0,0.0,0.0,0.0,0.0,False
07efa8c6-9de6-4d0a-bd45-5367ae04d44c,v1.16+,0.0,0.8152173913043478,0.8152173913043478,0.0,0.0,0.0,0.0,0.0,0.0,0.0,True
3876b745-53c0-4aef-9954-1e2a192e86dd,v1.16+,0.0,0.0,0.0,0.0,0.0,0.0,0.0,0.0,0.0,0.0,False
3852e668-263a-4674-b78f-d00c96ca213e,v1.12-1.13,0.0,0.0,0.0,0.0,0.0,0.0,0.0,0.21929824561403508,0.0,0.0,True
5307512c-9a11-439e-8a8a-daa125b66efa,v1.12-1.13,0.0,0.0,0.0,0.0,0.0,0.0,0.0,0.0,0.0,0.0,False
97b5c8de-77b5-47f9-a908-63c86c5dd44e,v1.14-1.15,0.0,0.0,0.0,0.0,0.0,0.0,0.0,0.01098901098901099,0.16666666666666666,0.0,True
d58cbeda-a19d-47a7-9add-b8550933bad0,v1.14-1.15,0.0,0.0,0.0,0.0,0.0,0.0,0.0,0.0,0.0,0.0,False
61f15c32-8182-4a20-96b8-affd016e6ada,v1.14-1.15,0.0,0.0,0.0,0.0,0.0,0.0,0.0,0.06329113924050633,0.0,0.0,True
3e2f551a-7341-4ab2-bae4-c6eea04e3b83,v1.16+,0.0,0.0,0.0,0.0,0.0,0.0,0.0,0.0,0.0,0.0,False
6fc16abb-56b6-411a-9337-3788064bc258,v1.14-1.15,0.0,0.0,0.0,0.0,0.0,0.0,0.0,0.0,0.0,0.0,False
54ae04b7-e6ed-46f7-ba8a-c6136f249426,v1.14-1.15,0.0,0.0,0.0,0.0,0.0,0.0,0.0,0.0,0.0,0.0,False
4fa4d7ef-07d1-4916-8e4f-9d9fc6d7cad9,v1.14-1.15,0.0,0.0,0.0,0.0,0.0,0.0,0.0,0.030927835051546393,0.030927835051546393,0.0,False
670e0ff2-9811-4f8a-be96-18f124277286,v1.16+,0.0,0.0,0.0,0.0,0.0,0.0,0.0,0.045871559633027525,0.009174311926605505,0.0,False
8614a098-cd29-429d-bf19-9f249282e533,v1.16+,0.0,0.0,0.0,0.0,0.0,0.0,0.0,0.0,0.0,0.0,False
58aa64df-ba3f-4221-9310-31bcfe5131c2,v1.14-1.15,0.0,0.0,0.0,0.0,0.0,0.0,0.0,0.0,0.0,0.0,False
13fc4985-9b22-47d1-a4b8-377536fa279c,v1.14-1.15,0.0,0.0,0.0,0.0,0.0,0.0,0.0,0.0,0.0,0.0,False
4b3036f1-5845-43b9-b11f-f025ed1526a1,v1.14-1.15,0.0,0.0,0.0,0.0,0.0,0.0,0.0,0.0,0.0,0.0,False
95a7537c-e64c-4fa1-b89b-d0084b5aea41,v1.12-1.13,0.0,0.0,0.0,0.0,0.0,0.0,0.0,0.0,0.0,0.0,False
a40dc2cd-69f9-40c1-a694-6f93ab837faa,v1.14-1.15,0.0,0.0,0.0,0.0,0.0,0.0,0.0,0.0,0.0,0.0,False
c45a3805-f8c0-4ede-a163-958336949046,v1.14-1.15,0.0,0.0,0.0,0.0,0.0,0.0,0.0,0.0,0.0,0.0,False
22332e61-4d74-4a49-9526-b29c4eb84d6b,v1.14-1.15,0.0,0.0,0.0,0.0,0.0,0.0,0.0,0.0,0.0,0.0,False
0fb3598c-81a1-4dde-8a39-11243df18657,v1.16+,0.0,0.0,0.0,0.0,0.0,0.0,0.0,0.0,0.0,0.0,False
d4a2fc1f-5fc3-4c5d-9836-5547540a4d0c,v1.12-1.13,0.0,0.0,0.0,0.0,0.0,0.0,0.0,0.0,0.0,0.0,False
c5aa149c-84f7-40d3-984b-9660fca0ff40,v1.16+,0.0,0.0,0.0,0.0,0.0,0.0,0.0,0.0,0.0,0.0,False
b07c6ed8-421c-48ef-a1d3-26ddda7b0750,v1.14-1.15,0.0,0.0,0.0,0.0,0.0,0.0,0.0,0.0,0.0,0.0,False
de5dfc71-001f-4f49-a82c-847a95870a90,v1.14-1.15,0.0,0.0,0.0,0.0,0.0,0.0,0.0,0.0,,0.0,False
c026adee-7272-4be5-9a29-ec5ea46e84b8,v1.12-1.13,0.0,0.0,0.0,0.0,0.0,0.0,0.0,0.0,0.0,0.0,False
37aa2552-58fa-46a2-9fee-456b342bda64,v1.14-1.15,0.0,0.0,0.0,0.0,0.0,0.0,0.0,0.0,0.0,0.0,False
9653403e-cbea-460b-9ad3-22ba8bfcbf6d,v1.16+,0.0,0.0,0.0,0.0,0.0,0.0,0.0,0.0,0.0,0.0,False
95920139-d8b5-4344-b7c5-a50a2b24469d,v1.16+,0.0,0.0,0.0,0.0,0.0,0.0,0.0,0.0,0.08018867924528301,0.0,True
ebb46a71-1853-4200-bad8-8e2c421b088e,v1.14-1.15,0.0,0.0,0.0,0.0,0.0,0.0,0.0,0.0,,0.0,False
0f20de60-ecc2-4fd2-901a-12f74322e0a8,v1.14-1.15,0.0,0.0,0.0,0.0,0.0,0.0,0.0,0.0,,0.0,False
2e633c87-2ea4-4f2e-b376-eb214599fe21,v1.14-1.15,0.0,0.0,0.0,0.0,0.0,0.0,0.0,0.0,0.0,0.0,False
342d9afc-77a3-4eff-bbd6-a2fce6e3d2f1,v1.14-1.15,0.0,0.0,0.0,0.0,0.0,0.0,0.0,0.0,1.0,0.0,True
2bb87c9b-e866-4639-9b1a-067d53a09479,v1.16+,0.0,0.0,0.0,0.0,0.0,0.0,0.0,0.0,0.0,0.0,False
ab905faa-7e75-43e5-b9c3-da8fbfe17ec8,v1.16+,0.0,0.0,0.0,0.0,0.0,0.0,0.0,0.0,0.0,0.0,False
21bdc339-d2a6-423c-aa4c-2b7d3e2b9f97,v1.12-1.13,0.0,0.0,0.0,0.0,0.0,0.0,0.0,0.0,0.0,0.0,False
36940a46-c489-452b-acaa-27fb34eee86d,v1.14-1.15,0.0,0.0,0.0,0.0,0.0,0.0,0.0,0.0,0.0,0.0,False
e03fdaf0-4d87-4d59-9929-031fb1e26bb6,v1.14-1.15,0.0,0.0,0.0,0.0,0.0,0.0,0.0,0.05333333333333334,0.26666666666666666,0.0,True
4d7a6f6d-220b-4887-af7f-734d4454c40a,v1.16+,0.0,0.0,0.0,0.0,0.0,0.0,0.0,0.0,0.0,0.0,False
257076df-aff7-44c6-99ce-c8d17f63e182,v1.14-1.15,0.0,0.0,0.0,0.0,0.0,0.0,0.0,0.0,0.0,0.0,False
58506153-13d7-49be-9ca5-e14c9f06899c,v1.14-1.15,0.0,0.0,0.0,0.0,0.0,0.0,0.0,0.0,0.0,0.0,False
9a389244-7fe9-43cd-8fab-d4a982b471f8,v1.14-1.15,0.0,0.0,0.0,0.0,0.0,0.0,0.0,0.0,0.0,0.0,False
6aa05a91-0bef-4096-a40c-ab2e10dc18e2,v1.12-1.13,0.0,0.0,0.0,0.0,0.0,0.0,0.0,0.0,0.0,0.0,False
0f546fd0-4b4e-47fd-bbf2-6dd1a0b08077,v1.14-1.15,0.0,0.0,0.0,0.0,0.0,0.0,0.0,0.0,0.0,0.0,False
287e6342-dacc-4239-9f45-82eaa6acf751,v1.14-1.15,0.0,0.0,0.0,0.0,0.0,0.0,0.0,0.0,0.0,0.0,False
6af183d2-fe59-4a57-afa3-c26bb4e05c86,v1.14-1.15,0.0,0.0,0.0,0.0,0.0,0.0,0.0,0.6078431372549019,0.22549019607843138,0.0,True
b896b530-6280-442c-954a-b4ab4000fbd7,v1.16+,0.0,0.0,0.0,0.0,0.0,0.0,0.0,0.020202020202020204,0.0,0.0,False
bf216f67-c5cd-447a-b694-1819cec8b764,v1.14-1.15,0.0,0.0,0.0,0.0,0.0,0.0,0.0,0.0,,0.0,False
0dfe594c-b8bb-4d57-8123-b7c553203dc0,v1.12-1.13,0.0,0.0,0.0,0.0,0.0,0.0,0.0,0.0,0.0,0.0,False
79dd4bea-3c02-40b5-9acb-b2c182717d4c,v1.16+,0.0,0.0,0.0,0.0,0.0,0.0,0.0037313432835820895,0.0,0.0,0.0,False
4d1841f6-2d3c-429d-ad02-36f8aec5db22,v1.14-1.15,0.0,0.0,0.0,0.0,0.0,0.0,0.0,0.0,0.0,0.0,False
684a42a6-395b-404b-96b6-cacb8346ab0f,v1.16+,0.0,0.0,0.0,0.0,0.0,0.0,0.0,0.02032520325203252,0.0,0.0,False
8d057f78-b05d-4934-8c77-e5c7084e1393,v1.14-1.15,0.0,0.0,0.0,0.0,0.0,0.0,0.0,0.0,0.4017094017094017,0.0,True
b298f907-06fd-4989-b86c-da6b18319b84,v1.16+,0.0,0.0,0.0,0.0,0.0,0.0,0.0,0.0,0.0,0.0,False
55a019db-2509-4729-b0f1-6617a83fd3a3,v1.14-1.15,0.0,0.0,0.0,0.0,0.0,0.0,0.0,0.3274336283185841,0.6637168141592921,0.0,True
6817dd86-7f4b-4634-95b5-0275ec6c6662,v1.14-1.15,0.0,0.0,0.004851425106124924,0.0,0.0,0.004830917874396135,0.0,0.0006045949214026602,0.028871391076115485,0.0,False
95227703-a1ab-4a61-a553-408e3c29d662,v1.14-1.15,0.0,0.0,0.0,0.0,0.0,0.0,0.0,0.0,0.0,0.0,False
571fa4a3-49c8-479e-9b8c-e5bc2c1c164c,v1.14-1.15,0.0,0.0,0.0,0.0,0.0,0.0,0.0,0.0,0.0,0.012096774193548387,False
b7311079-6ab3-4f16-9501-5eaf05830c49,v1.14-1.15,0.0,0.0,0.0,0.0,0.0,0.0,0.009345794392523364,0.037383177570093455,0.0,0.0,False
c912c876-faa2-4427-ad5c-4950c2dea345,v1.14-1.15,0.0,0.0,0.0,0.0,0.0,0.0,0.0,0.0,0.0,0.0,False
d3293558-a62a-4aea-9fd9-667ba93f73e2,v1.14-1.15,0.0,0.0,0.0,0.0,0.0,0.0,0.0,0.0,0.0,0.0,False
3706b530-9f92-4bd8-a0a5-589910daf293,v1.14-1.15,0.0,0.0,0.0,0.0,0.0,0.0,0.0,0.13636363636363635,0.06818181818181818,0.0,True
175d2cf3-26df-45ac-89bd-806be4301f8d,v1.14-1.15,0.0,0.0,0.0,0.0,0.0,0.0,0.0,0.014285714285714285,0.08163265306122448,0.3,True
99d98c0f-b037-40ac-ac66-d28ca9eb774f,v1.12-1.13,0.0,0.0,0.0,0.0,0.0,0.0,0.125,0.0,0.0,0.0,True
2a308763-4239-4cbb-a3f0-5f4574f12653,v1.14-1.15,0.0,0.0,0.0,0.0,0.0,0.0,0.0,0.0,0.0,0.0,False
d46420a0-e735-4f6a-9218-6ae241b165bb,v1.12-1.13,0.0,0.0,0.0,0.0,0.0,0.0,0.0,0.04827586206896552,0.0,0.0,False
a50059ee-27be-44c8-be77-9b3db3f3a42e,v1.16+,0.0,0.0,0.0,0.0,0.0,0.0,0.0,0.0,0.0,0.0,False
362cfe16-d6bc-4a54-af9b-836f45ba906e,v1.14-1.15,0.0,0.0,0.0,0.0,0.0,0.0,0.0,0.0,0.0,0.0,False
93cc3801-592b-44b0-ba05-2c764185b4d5,v1.12-1.13,0.0,0.0,0.0,0.0,0.0,0.0,0.0,0.0,0.0,0.0,False
39d790e8-8e0b-4b33-91fd-1aab3c482739,v1.16+,0.0,0.0,0.0,0.0,0.0,0.0,0.0,0.0008242081714352997,0.0,0.0,False
da6e5561-6561-461a-9e66-ebba1bcebe35,v1.14-1.15,0.44739608217869087,0.0,0.0,0.004776461597248758,0.0,0.2544463568559954,0.013278563240351548,0.00964845242644249,,0.0,True
8c66a267-c7b8-4815-a7e2-d1e81600d2cc,v1.16+,0.0,0.001037344398340249,0.0,0.0,0.0,0.0,0.0,0.0031120331950207467,0.0,0.0,False
3aed0737-d5cc-4128-9169-346182f4fe14,v1.16+,0.0,0.0,0.0,0.0,0.0,0.0,0.0,0.0,0.0,0.20833333333333334,True
ef1ba1ad-f8ef-4a43-bffa-e6821a1dc879,v1.16+,0.0,0.0,0.0,0.0,0.0,0.0,0.0,0.0,0.024752475247524754,0.0,False
aaffbd1c-33f1-4bd6-8ef9-46f0b81892ff,v1.16+,0.0,0.0,0.0,0.0,0.0,0.0,0.0,0.0,0.0,0.0,False
fe8acbe3-6715-47ab-86ef-85efa8e35d68,v1.16+,0.0,0.0,0.0,0.0,0.0,0.0,0.01593625498007968,0.0,0.4701195219123506,0.0,True
a80b97c8-918e-4320-b8e0-d7310e468f1b,v1.14-1.15,0.0,0.0,0.0,0.0,0.0,0.0,0.0,0.0,,0.0,False
a6a39cd8-5678-42ca-b318-89efaab9a3ad,v1.16+,0.0,0.0,0.0,0.0,0.0,0.0,0.0,0.0,0.0,0.0,False
13d9fe02-af26-40e9-b7de-31a5d6474e33,v1.14-1.15,0.0,0.0,0.0,0.0,0.0,0.0,0.0,0.0,,0.0,False
054c135d-ccd1-4522-aa80-d6ea600fb534,v1.14-1.15,0.0,0.0,0.0,0.0,0.008333333333333333,0.0,0.0,0.0,0.0375,0.0,False
e9370530-e218-4a22-906e-64362677d6e2,v1.12-1.13,0.0,0.0,0.0,0.0,0.0,0.0,0.0,0.0,0.0,0.0,False
09f09de5-200d-4178-99c8-458b2e0a3f84,v1.14-1.15,0.0,0.0,0.0,0.0,0.0,0.0,0.0,0.012195121951219513,0.0,0.0,False
64ba3e3e-f82b-44bb-9e1c-0720af6974bb,v1.12-1.13,0.0,0.0,0.0,0.0,0.0,0.0,0.0,0.0,0.0,0.0,False
d5dd99f1-bcd8-4396-894a-62142536f959,v1.12-1.13,0.0,0.0,0.0,0.0,0.0,0.0,0.0,0.0,0.0,0.0,False
1a82b2d4-6be5-49fa-a5a7-f182499e7315,v1.14-1.15,0.0,0.0,0.0,0.0007481110196753198,0.0,0.0,0.0,0.0,0.0,0.0,False
ba1ce4d5-83ad-44fa-b392-10a2553a41cc,v1.16+,0.0,0.0,0.0,0.0,0.0,0.0,0.0,0.0,0.0,0.0,False
4c20817a-08a4-470f-84b8-d37dcc38a0fc,v1.16+,0.0,0.0,0.0,0.0,0.0,0.0,0.0,0.0,0.0,0.0,False
66f9ff7e-0f43-4ea9-a718-0021eadf2697,v1.12-1.13,0.0,0.0,0.0,0.0,0.0,0.0,0.0,0.0,0.0,0.0,False
7d300380-56dc-4d3f-b455-800db37baf29,v1.16+,0.0,0.0,0.0,0.0,0.0,0.0,0.0,0.0,0.0,0.0,False
5265aa00-0307-43d0-b401-3d934b071193,v1.14-1.15,0.0,0.0,0.0,0.0,0.0,0.0,0.0,0.0,0.0,0.0,False
182e92cc-7f1c-4993-b69d-aaede05341da,v1.12-1.13,0.0,0.0,0.0,0.0,0.0,0.0,0.0,0.0,0.0,0.0,False
79725955-99ca-45fd-9eda-28aee4462da1,v1.14-1.15,0.0,0.0,0.0,0.0,0.0,0.0,0.0,0.0,0.0,0.0,False
022ce74c-9951-4250-a124-ef935d8cb731,v1.12-1.13,0.0,0.0,0.0,0.0,0.0,0.0,0.0,0.0474652436455554,0.34826569302064314,0.0,True
6b95d5ba-c495-41ab-8b62-ee471fe3c230,v1.14-1.15,0.0,0.0,0.0,0.0,0.0,0.0,0.0,0.0,,0.0,False
a9af264f-2692-4a88-ad73-65459811403a,v1.14-1.15,0.0,0.0,0.0,0.0,0.0,0.0,0.0,0.0,,0.0,False
508cbf79-8b01-47c7-8f97-a6fa72965904,v1.14-1.15,0.0,0.0,0.0,0.0,0.005434782608695652,0.0,0.0,0.0,0.0,0.0,False
d83a1923-8b5d-4efd-9d7f-dd2579aa1975,v1.16+,0.0,0.0,0.0,0.0,0.0,0.0,0.0,0.0,0.0,0.0,False
68e41824-3d91-44ea-86eb-d2f5619b7d5a,v1.16+,0.0,0.0,0.0,0.0,0.0,0.0,0.0,0.029411764705882353,0.0,0.0,False
1ad72cbb-434d-4ac7-af1a-8d7632a208ed,v1.16+,0.0,0.0,0.0,0.0,0.0,0.0,0.0,0.0,0.0,0.0,False
3016cacc-127e-462b-8324-30e8a2b559be,v1.16+,0.0,0.0,0.0,0.0,0.0,0.0,0.0,0.1696969696969697,0.03636363636363636,0.0,True
ef996020-534c-4fbe-9c66-9070bbfa3f10,v1.16+,0.0,0.0,0.0,0.0,0.0,0.0,0.0,0.0,0.0,0.0,False
0cc00f21-f0d1-4230-9451-cad0e454905d,v1.16+,0.0,0.0,0.0,0.0,0.0,0.0,0.0,0.0,0.0,0.0,False
e318dca3-8d2a-43fc-a0b6-e06baf03318c,v1.14-1.15,0.0,0.0,0.0,0.0,0.0,0.0,0.0,0.0,0.0,0.0,False
b853a17d-aeec-402b-8f8f-5634c615391f,v1.16+,0.0,0.0,0.0,0.0,0.0,0.0,0.0,0.0,0.0,0.0,False
a9cbc514-026b-48d3-a7b1-31e9ddbc56e0,v1.14-1.15,0.0,0.0,0.0,0.0,0.0,0.0,0.0,0.0033222591362126247,0.0,0.0,False
b7fb3e13-ebf6-4e40-904a-c3fdb4b9c80c,v1.14-1.15,0.0,0.0,0.0,0.0,0.0,0.0,0.0,0.0,0.0,0.0,False
3c829f2c-f5f5-4f99-af7f-5fec7a1d8aae,v1.14-1.15,0.0,0.0,0.0,0.0,0.0,0.1,0.0,0.0,0.0,0.0,True
6cf28ab8-22ca-4e27-926c-122372ec9799,v1.14-1.15,0.0,0.0,0.0,0.0,0.0,0.0,0.0,0.0,0.0,0.0,False
99a049a9-2766-4fbd-9f90-7294027443fc,v1.14-1.15,0.0,0.0,0.0,0.0,0.0,0.0,0.0,0.18333333333333332,1.0,0.0,True
0ca4a70e-5457-44bc-b69e-f1761db4f2fe,v1.14-1.15,0.0,0.0,0.0,0.0,0.0,0.0,0.0,0.0,0.0,0.0,False
911db1cc-94ff-4b8e-9054-8b41add5cb2e,v1.14-1.15,0.0,0.0,0.0,0.0,0.0,0.0,0.0,0.0,0.0,0.0,False
ab016ae5-c4ed-4d51-b157-df636f4d6e48,v1.14-1.15,0.0,0.0,0.0,0.0,0.0,0.0,0.0,0.0,,0.0,False
8162580d-797a-4909-958a-911d4074e734,v1.14-1.15,0.0,0.0,0.0,0.0,0.0,0.0,0.0,0.0,0.0,0.0,False
3a0a0ea1-ad59-4140-9651-c893c21971c1,v1.14-1.15,0.21052631578947367,0.0,0.0,0.0,0.0,0.0,0.0,0.0,0.0,0.0,True
7f8a3deb-b0e2-4742-ab8d-45d7f01f9bcf,v1.14-1.15,0.0,0.0,0.0,0.0,0.0,0.0,0.0,0.0,,0.0,False
fbbc6caf-8bc0-4370-a980-169b754c7267,v1.14-1.15,0.0,0.0,0.0,0.0,0.0,0.0,0.0,0.0,0.0,0.0,False
145fcaff-23d4-4f09-8480-8bcf70a2bfae,v1.16+,0.0,0.0,0.018518518518518517,0.0,0.009259259259259259,0.027777777777777776,0.027777777777777776,0.0,0.0,0.12037037037037036,True
ad0262e4-7835-4752-88eb-528056ad33f9,v1.12-1.13,0.0,0.0,0.0,0.0,0.0,0.0,0.0,0.0,0.0,0.0,False
5c6a84b8-7174-4d99-826c-8dd2a6d0b461,v1.14-1.15,0.0,0.0,0.0,0.0,0.0,0.0,0.0,0.02012072434607646,0.017119838872104734,0.0,False
b6945ffc-c5e6-4e35-8909-1ee84ca0e233,v1.14-1.15,0.0,0.0,0.0,0.0,0.0,0.0,0.0,0.0,0.0,0.0,False
cd4c634f-f577-4851-ac95-201a17460cb2,v1.16+,0.0,0.0,0.0,0.0,0.0,0.0,0.0,0.0,0.0,0.0,False
226c5692-be99-4a2f-8844-b5b516460f74,v1.14-1.15,0.0,0.0,0.0,0.0,0.0,0.0,0.0,0.01557632398753894,0.38461538461538464,0.0,True
dd851e1e-2fd3-4ad9-a55e-e2b29e3a81dc,v1.14-1.15,0.0,0.0,0.0,0.0,0.0,0.0,0.0,0.0,0.0,0.0,False
66ae9354-aafc-4450-9c4f-384be53bfe15,v1.16+,0.0,0.0,0.0,0.0,0.0,0.0,0.0,0.0011130092664492417,0.0030801884350572036,0.0,False
bc4155e5-d3d0-429a-9d99-0122ee2e3ed0,v1.16+,0.125,0.0,0.0,0.0,0.0,0.0,0.0,0.0,0.0,0.0,True
9c1ed126-8527-4ca2-b289-b221107efc42,v1.16+,0.0,0.0,0.0,0.0,0.0,0.0,0.0,0.0,0.0,0.0,False
4beb5afd-7b5a-4ead-807f-7dce44ac94ce,v1.12-1.13,0.0,0.0,0.0,0.0,0.0,0.0,0.0,0.0,0.0,0.0,False
af959f88-9bad-45da-ae8d-02cade79f44f,v1.14-1.15,0.0,0.0,0.0,0.0,0.0,0.0,0.0,0.0,0.0,0.0,False
0bcd49e8-837a-4a01-a73b-948644615910,v1.14-1.15,0.0,0.0,0.0,0.0,0.0,0.0,0.0,0.0,0.0,0.0,False
861599aa-46b0-433c-b584-0177d3d958ee,v1.14-1.15,0.0,0.0,0.0,0.0,0.0,0.0,0.0,0.0,0.0,0.0,False
144a4e23-2549-4eb3-af4a-9e6585e35970,v1.14-1.15,0.0,0.0,0.0,0.0,0.0,0.0,0.0,0.0,0.0,0.0,False
d0f356ce-130d-4a74-a6a5-4c3835ad0f40,v1.14-1.15,0.0,0.0,0.0,0.0,0.0,0.0,0.0,0.0,0.0,0.0,False
3b7fcffd-cdb8-4f9b-a929-93c5becef811,v1.16+,0.0,0.0,0.0,0.0,0.0,0.0,0.0,0.0,0.0,0.0,False
611a7cc1-8ed5-42b5-964b-8ee4fbe9dad5,v1.16+,0.0,0.0,0.0,0.0,0.0,0.0,0.0,0.0,0.0,0.0,False
7b74775b-ba0c-4485-bc9e-cbd899887242,v1.14-1.15,0.0,0.0,0.0,0.0,0.0,0.0,0.0,0.0,0.0,0.0,False
8e09c782-d849-4533-9a10-79fd4f2d1160,v1.12-1.13,0.0,0.0,0.0,0.0,0.0,0.0,0.0,0.0,0.0,0.0,False
bff82f5d-2cba-4547-91ce-415560f26692,v1.12-1.13,0.0,0.0,0.0,0.0,0.0,0.0,0.0,0.0,0.0,0.0,False
d473bd3a-caff-493e-8356-c2c6749c4efc,v1.16+,0.0,0.0,0.0,0.0,0.0,0.0,0.0,0.0,0.15357142857142858,0.0,True
286facb0-a183-4636-a7cb-db7ce90098c3,v1.16+,0.0,0.0,0.0,0.0,0.002421307506053269,0.0,0.0,0.06295399515738499,0.1016949152542373,0.0,True
ae301b77-ebf4-48a5-8edd-92f783d014ba,v1.16+,0.0,0.0,0.0,0.0,0.0,0.0,0.0,0.0,0.0,0.0,False
da85650c-66ba-4f86-9f72-61ed91aa5032,v1.14-1.15,0.0,0.0,0.0,0.0,0.0,0.0,0.0,0.0,0.22535211267605634,0.0,True
a51a2ae2-c159-4bee-89bf-c2753a3a9eb8,v1.14-1.15,0.0,0.0,0.0,0.0,0.0,0.0,0.0,0.0,,0.0,False
d1885d3b-d845-4453-b0f5-5b6d6f66fc87,v1.14-1.15,0.0,0.0,0.0,0.0,0.0,0.0,0.0,0.0,0.0,0.0,False
ebcb42ce-b660-4394-929c-e964f58b1e35,v1.14-1.15,0.0,0.0,0.0,0.0,0.0,0.0,0.0,0.0,0.0,0.0,False
54237cd9-8f92-4163-965d-989bad10109f,v1.14-1.15,0.0,0.0,0.0,0.0,0.0,0.0,0.0,0.9247311827956989,0.43010752688172044,0.0,True
4124f0e3-748c-46d5-afb6-76622465d9db,v1.14-1.15,0.0,0.0,0.0,0.0,0.0,0.0,0.0,0.0,0.0,0.0,False
9683ceb6-b2f4-49f2-a16c-5e171230d666,v1.16+,0.0,0.0,0.0,0.0,0.0,0.0,0.0,0.0,0.0,0.0,False
cce69a90-9384-4b9b-bbdb-2a7774adc033,v1.14-1.15,0.06956521739130435,0.0,0.0,0.0,0.0,0.0,0.0,0.1565217391304348,,0.0,True
464e089d-2646-4f69-81ee-f50e1df24dcc,v1.14-1.15,0.0,0.0,0.0,0.0,0.0,0.0,0.0,0.875,0.875,0.0,True
9f587c97-9afd-450d-9998-d12b18558c6f,v1.16+,0.0,0.0,0.0,0.0,0.0,0.0,0.0,0.0,0.0,0.0,False
238f1bbe-754b-40a1-a38f-9d2ff98d8e5a,v1.16+,0.0,0.0,0.0,0.0,0.0,0.0,0.0,0.0,0.0,0.0,False
b48ef0ea-3a41-4f1d-a103-2d8d0c98f4e4,v1.14-1.15,0.0,0.0,0.0,0.0,0.0,0.0,0.0,0.0,0.0,0.0,False
27e43ffc-8215-491c-8358-fd4c87f5a0fe,v1.14-1.15,0.0,0.0,0.0,0.0,0.0,0.0,0.0,0.0,0.0,0.0,False
5c44024c-ebe2-4d49-b874-660b3d87c890,v1.16+,0.0,0.0,0.0,0.0,0.0,0.0,0.0,0.0,0.0,0.0,False
1c09d15d-088f-4b50-8f4f-e16a208d028d,v1.14-1.15,0.0,0.0,0.0,0.0,0.0,0.0,0.0,0.0,0.0,0.0,False
be1a4ca6-a045-4a09-ac1b-07d27790bf1a,v1.14-1.15,0.0,0.0,0.0,0.0,0.0,0.0,0.0,0.0,0.0,0.0,False
601ff888-bfce-47c9-a451-d822d8cf901b,v1.12-1.13,0.0,0.0,0.0,0.0,0.0,0.0,0.0,0.0,0.0,0.0,False
b67deae1-d1e9-47ef-8789-73dbaa5c523b,v1.14-1.15,0.0,0.0,0.0,0.0,0.0,0.0,0.0,0.0,0.0,0.0,False
71f36a00-851d-4ea4-ad41-be8fb0c54137,v1.14-1.15,0.0,0.0,0.0,0.0,0.0,0.0,0.0,0.0,0.0,0.0,False
ff64d244-0c91-4025-a1c1-604405795652,v1.14-1.15,0.0,0.0,0.0,0.0,0.0,0.02054794520547945,0.0,0.0,0.0,0.0,False
ecfafc35-90c8-40f3-8ef3-a003e26fb20f,v1.14-1.15,0.0,0.0,0.0,0.0,0.0,0.0,0.0,0.0,,0.0,False
875f2a48-343f-4af1-a1fa-4894a4965a2e,v1.14-1.15,0.08788598574821853,0.0,0.0,0.0,0.0,0.09738717339667459,0.009501187648456057,0.0,0.0,0.0,True
2c5605c7-1711-4862-866b-1d2470015a8b,v1.16+,0.0,0.0,0.0,0.0,0.0,0.0,0.0,0.0,0.0683453237410072,0.0,True
3bdd4ef5-4fe4-42d3-b032-4af60d39fd84,v1.14-1.15,0.0,0.0,0.0,0.0,0.0,0.0,0.0,0.0,0.0,0.0,False
d6fbb6a4-2364-43ea-a007-f29ecd39d94a,v1.14-1.15,0.007462686567164179,0.0,0.0,0.0,0.0,0.0,0.0,0.0,0.8695652173913043,0.0,True
cf203c25-7f88-4731-ab5c-032dc86ce208,v1.12-1.13,0.0,0.0,0.0,0.0,0.0,0.0,0.0,0.0,0.0,0.0,False
c83838c1-8676-433d-9dd7-af1c418575ca,v1.12-1.13,0.0,0.0,0.0,0.0,0.0,0.0,0.0,0.0,0.0,0.0,False
f18bf2d6-0634-411f-85c1-84f4ff39ee67,v1.16+,0.0,0.0,0.0,0.0,0.0,0.0,0.0,0.0,0.0,0.0,False
22436e7f-492b-441f-ab3b-14bbab1f022d,v1.14-1.15,0.0,0.0,0.0,0.0004725897920604915,0.0,0.0,0.0,0.0,0.0,0.0,False
7a483895-6201-4f66-af59-0c01218ae3df,v1.14-1.15,0.0,0.0,0.0,0.0,0.0,0.0,0.0,0.0,0.0,0.0,False
53863ea2-a094-4c59-a957-98e566575bdf,v1.14-1.15,0.0,0.0,0.0,0.0,0.0,0.0,0.0,0.01327433628318584,0.030973451327433628,0.0,False
85324e46-7f7f-41e5-bf71-6ce705fe3b4c,v1.14-1.15,0.0,0.0,0.0,0.0,0.0,0.0,0.0,0.0,0.0,0.0,False
66705865-6555-4077-852a-8d75706e6937,v1.16+,0.0,0.0,0.0,0.0,0.0,0.0,0.037383177570093455,0.028037383177570093,0.0,0.0,False
9924920f-3ecc-4b6e-a27b-d2771f0eb297,v1.14-1.15,0.0,0.0,0.0,0.0,0.0,0.0,0.0,0.0,0.0,0.0,False
bcc6e67a-e0d6-4bda-b86b-53d2c7cf2539,v1.14-1.15,0.0,0.0,0.0,0.0,0.0,0.0,0.0,0.015306122448979591,0.9523809523809523,0.7704081632653061,True
39dfff52-f646-4ce6-b61c-ab648f31cc09,v1.14-1.15,0.0,0.0,0.0,0.0,0.0,0.0,0.0,0.0,0.0,0.0,False
ea2f976c-a76e-4f2d-892d-6e5d4957831c,v1.14-1.15,0.0,0.0,0.0,0.0,0.0,0.0,0.0,0.0,,0.0,False
b6b22e80-2c26-4f19-b944-57d76e9220a7,v1.16+,0.0,0.0,0.0,0.0,0.0,0.0,0.0,0.0,0.018569463548830812,0.0,False
69c12090-73ed-42e5-a8e7-273de4ef8727,v1.14-1.15,0.0,0.0,0.0,0.0,0.0,0.0,0.0,0.0,0.0,0.0,False
acea2a9e-097a-4594-942a-156dc0bfa648,v1.14-1.15,0.0,0.0,0.0,0.0,0.0,0.0,0.0,0.0,0.0,0.0,False
81fdddcc-c8d2-4d44-893b-8c4643217e37,v1.14-1.15,0.0,0.0,0.0,0.0,0.0,0.0,0.0,0.0,0.0,0.0,False
613ed6dd-0a1b-4628-9920-e64f319b17aa,v1.16+,0.0,0.0,0.0,0.0,0.0,0.0,0.0,0.0,0.0,0.0,False
605ef5d4-e0bf-44c2-b19a-a486653fff6b,v1.14-1.15,0.0,0.0,0.0,0.0,0.0,0.0,0.0,0.0,0.0,0.0,False
4dba66e9-b5c0-44f3-b2a1-f06d437584ac,v1.12-1.13,0.0,0.0,0.0,0.0,0.0,0.0,0.0,0.0,0.0,0.0,False
7c594443-05a9-4452-9ccd-73cec2c99d00,v1.16+,0.0,0.0,0.0,0.0,0.0,0.0,0.0,0.0,0.0,0.0,False
278dd73b-5ef5-43f5-8de2-4107fc890133,v1.12-1.13,0.0,0.0,0.0,0.0,0.0,0.0,0.0,0.0,0.0,0.0,False
d9355d93-d971-4807-983c-25bd139d9faf,v1.16+,0.0,1.0,0.0,0.9947368421052631,0.0,0.0,0.0,0.005263157894736842,0.005263157894736842,0.0,True
45119151-7f80-4252-864e-fcaa3f245161,v1.12-1.13,0.0,0.0,0.0,0.0,0.0,0.0,0.009615384615384616,0.0,0.0,0.0,False
f5b1d76c-da1b-4d52-9119-7dbae0c72bb8,v1.14-1.15,0.0,0.0,0.0,0.0,0.0,0.0,0.0,0.0,0.0,0.0,False
e295682a-1a90-4d28-890f-5cec5b014c42,v1.12-1.13,0.0,0.0,0.0,0.0,0.0,0.0,0.0,0.08661417322834646,0.0,0.0,True
0c6b47bd-384a-44a7-8720-63805165a78e,v1.14-1.15,0.0,0.0,0.0,0.0,0.0,0.0,0.0,0.056,0.6,0.0,True
c9dbf2fe-04b9-4f36-aab8-1d01fed8c69c,v1.14-1.15,0.0,0.0,0.0,0.0,0.0,0.0,0.0,0.0,0.0,0.15730337078651685,True
a51cad4c-d3ee-4226-8eff-4b0d678e568c,v1.14-1.15,0.0,0.0,0.0,0.0,0.0,0.0,0.0,0.0,0.0,0.0,False
cd0f4b48-0057-416f-a790-7e8c49cdf47a,v1.12-1.13,0.0,0.0,0.0,0.0,0.0,0.0,0.0,0.0,,0.0,False
1803c7eb-5d5b-4f1d-9a5f-705fe6a72b81,v1.12-1.13,0.0,0.0,0.0,0.0,0.0,0.0,0.0,0.0,0.0,0.0,False
2bdeed95-0d4b-44d4-ac32-14e081ec56fb,v1.16+,0.0,0.0,0.0,0.0,0.0,0.0,0.0,0.001567398119122257,0.001567398119122257,0.0,False
80c85275-6272-497d-a194-41197409b881,v1.14-1.15,0.0,0.0,0.0,0.0,0.0,0.0,0.0,0.0,0.0,0.0,False
e2450fec-95c2-4666-9cc4-19b88e1eed04,v1.14-1.15,0.0,0.0,0.0,0.0,0.0,0.0,0.0,0.0,,0.0,False
fc5fa47e-d478-44b3-8eef-831d0a09af64,v1.12-1.13,0.0,0.0,0.0,0.0,0.0,0.0,0.0,0.0,0.0,0.0,False
44d27924-2169-4506-a348-fc7d505820cf,v1.14-1.15,0.0,0.0,0.0,0.0,0.0,0.0,0.0,0.0,0.0,0.0,False
24f6f17a-88f6-4c97-bfa8-db939f926588,v1.14-1.15,0.0,0.0,0.0,0.0,0.0,0.0,0.0,0.0,0.0,0.0,False
9890cc69-96c2-4046-8f33-336273d14c1a,v1.16+,0.0,0.0,0.0,0.0,0.0,0.0,0.0,0.0,0.0,0.0,False
33bdaebb-4b31-4d0d-8f2f-9c3303497fdd,v1.16+,0.0,0.0,0.0,0.0,0.0,0.0,0.0,0.0,0.0,0.0,False
8ba2b3f5-cb0c-4d2d-bc3a-064070d0326e,v1.14-1.15,0.0,0.0,0.0,0.0,0.0012004801920768306,0.0,0.0,0.003601440576230492,0.0,0.0,False
6513f98b-d4af-481c-b5c9-650ec853b284,v1.16+,0.0,0.0,0.0,0.0,0.0,1.0,0.0,0.0,0.0,0.0,True
2a3ebb0e-3704-4a6d-8e40-58b7f7cabe9a,v1.14-1.15,0.0,0.0,0.0,0.0,0.0,0.0,0.0,0.0,0.0,0.0,False
181808d6-4b85-456d-867f-71efd7449415,v1.16+,0.0,0.0,0.0,0.0,0.0,0.0,0.0,0.0,0.0,0.0,False
f3b0ca30-6c50-49b8-9784-f942b7f41a4a,v1.12-1.13,0.0,0.0,0.0,0.0,0.0,0.0,0.0,0.0,0.0,0.0,False
99f68bd7-6f22-4a98-ad20-5e43b63db11b,v1.14-1.15,0.0,0.0,0.0,0.0,0.0,0.0,0.0,0.0,0.0,0.0,False
14fc95cc-e0ac-43d9-ae8b-d970494cddb1,v1.14-1.15,0.0,0.0,0.0,0.0,0.0,0.0,0.0,0.0,0.0,0.0,False
e76c06a4-e669-4ae6-bfaa-129bf4b26bf7,v1.14-1.15,0.0,0.0,0.0,0.0,0.0,0.0,0.0,0.0,0.0,0.0,False
d19ecb79-8949-44a4-8921-88159a8c5404,v1.14-1.15,0.0,0.0,0.0,0.05,0.0,0.0,0.0,0.0,0.0,0.0,False
3e959850-239b-405a-ae6d-54b778d22093,v1.14-1.15,0.0,0.0,0.0,0.0,0.0,0.0,0.0,0.0,0.0,0.0,False
51310d23-eec4-4c54-86af-ae795e91df19,v1.14-1.15,0.0,0.0,0.0,0.0,0.0,0.0,0.0,0.0,0.09333333333333334,0.0,True
72aa3008-fe4b-43ed-869e-f2aec481b1a1,v1.14-1.15,0.0,0.0,0.0,0.0,0.0,0.0,0.0,0.043795620437956206,1.0,0.0,True
f34325c7-871e-4660-9fbc-ed0547ec70c8,v1.14-1.15,0.0,0.0,0.0,0.0,0.0,0.0,0.0,0.0,0.0,0.0,False
0fa2b31f-c2c5-4dd3-a10c-5a27b90590ea,v1.14-1.15,0.0,0.0,0.0,0.0,0.0,0.0,0.0,0.0,,0.0,False
1c1e95ba-e135-4f55-9bea-d48516d2a133,v1.12-1.13,0.0,0.0,0.0,0.0,0.0,0.0,0.0,0.0,0.0,0.0,False
2e16f5b7-98a8-48b1-ab27-3fbeba06a4ed,v1.14-1.15,0.0,0.0,0.0,0.0,0.0,0.0,0.0,0.0,0.0,0.0,False
a3093fa2-dc90-474c-a455-a89a6e50c975,v1.14-1.15,0.0,0.0,0.0,0.0,0.0,0.0,0.0,0.0,0.0,0.0,False
c2340815-aaa3-4b96-a52a-89ae71ae30e2,v1.12-1.13,0.0,0.0,0.0,0.0,0.0,0.0,0.0,0.033816425120772944,0.0,0.07729468599033816,True
d35756a5-5a9b-4ee1-b697-3fc4fcf6d335,v1.16+,0.0,0.0,0.0,0.0,0.0,0.0,0.0,0.0,0.0,0.0,False
1f42fbb7-119b-4f37-98b6-973b14ea5710,v1.14-1.15,0.0,0.0,0.0,0.0,0.0,0.0,0.0,0.0,0.0,0.0,False
96a6a5a2-265c-4625-be62-f0298f3b0501,v1.14-1.15,0.0,0.0,0.0,0.29004329004329005,0.0,1.0,0.0,0.015503875968992248,0.0,0.0,True
acd0e88f-8aef-4ee5-9bd3-414fffef6a62,v1.16+,0.0,0.0,0.0,0.0,0.0,0.0,0.0,0.0,0.0,0.0,False
179aaf1c-ec5a-4d3d-a7fb-0124de461a1f,v1.14-1.15,0.0,0.0,0.0,0.0,0.0,0.0,0.0,0.14356435643564355,0.6153846153846154,0.0,True
539017fa-459b-4bbe-a8a6-3b01577a919f,v1.16+,0.0,0.0,0.0,0.0,0.0,0.0,0.0,0.0,0.0,0.0,False
0065ac7c-8524-4e9f-b160-4af46f8a4f1d,v1.14-1.15,0.0,0.0,0.0,0.0,0.0,0.0,0.0,0.0,,0.0,False
1fa0aa95-def8-4ed0-af5b-9e27607f87f5,v1.16+,0.0,0.0,0.0,0.0,0.0,0.0,0.0,0.0,0.0,0.0,False
65d57e91-3dcd-431d-90f1-9b58bb008b17,v1.14-1.15,0.0,0.0,0.0,0.0,0.0,0.0,0.0,0.0,0.0,0.0,False
dd46e974-4450-44e4-adc5-462eb61c7ba1,v1.16+,0.0,0.0,0.0,0.0,0.0,0.0,0.0,0.0,0.0,0.0,False
7f4c42b1-0968-4ccb-b794-20703920d727,v1.14-1.15,0.0,0.0,0.0,0.0,0.0,0.0,0.0,0.0,0.0,0.0,False
5db9c0c2-085d-4a8d-aa82-834828c1cf04,v1.12-1.13,0.0,0.0,0.0,0.0,0.0,0.0,0.0,0.0,0.0,0.0,False
b0ccb181-d01f-40cc-98e1-bd00bc79e7de,v1.14-1.15,0.0,0.0,0.0,0.0,0.0,0.0,0.0,0.0,0.0,0.0,False
ee1d85c7-4a22-40f7-ad1f-976218777741,v1.12-1.13,0.0,0.0,0.0,0.0,0.0,0.0,0.0,0.0066857688634192934,0.0,0.0,False
a78c6b48-6aeb-43a2-9a83-6c0423644c29,v1.14-1.15,0.0,0.0,0.0,0.0,0.0,0.0,0.0,0.0,0.0,0.0,False
0b83b8a3-5efc-4735-b72e-234c07f85a9f,v1.14-1.15,0.0,0.0,0.0,0.0,0.0,0.0,0.0,0.0,0.0,0.0,False
3624f40e-502e-4ad3-b201-c710215109a0,v1.14-1.15,0.0,0.0,0.0,0.0,0.0,0.0,0.0,0.0,0.0,0.0,False
0fc4c32c-f968-4db6-a862-7c198cb7808d,v1.14-1.15,0.0,0.0,0.0,0.0,0.0,0.0,0.0,0.0,0.0,0.5691489361702128,True
d2b464bf-9f01-44d3-8a72-93e88463bcd7,v1.14-1.15,0.0,0.0,0.0,0.0,0.0,0.0,0.0,0.0,0.0,0.0,False
b5d60e27-3826-4a80-bbf8-0d33a5adcb83,v1.14-1.15,0.0,0.0,0.0,0.0,0.0,0.0,0.0,0.0,0.0875,0.0,True
28498723-92ee-4e62-a43b-693249bbeb8b,v1.14-1.15,0.0,0.0,0.0,0.0,0.0,0.0,0.004830917874396135,0.043373493975903614,0.13432835820895522,0.007246376811594203,True
0ef7420c-ab59-429d-bc14-84bcdb814023,v1.14-1.15,0.0,0.0,0.0,0.0,0.0,0.0,0.0,0.345679012345679,0.9811320754716981,0.0,True
c6145644-299b-499b-823d-66426a397c75,v1.16+,0.0,0.0,0.0,0.0,0.0,0.0,0.0,0.0,0.0,0.0,False
2b1714aa-a02d-48c3-8ea6-4b94eaff8c4e,v1.16+,0.0,0.0,0.0,0.0,0.0,0.0,0.0,0.0,0.0,0.0,False
1f92fa36-3a98-4d98-aaff-a93d8703467f,v1.14-1.15,0.0,0.0,0.0,0.0,0.0,0.0,0.0,0.0,0.0,0.0,False
90d6442f-69ce-4b91-a785-527ea0e322f8,v1.14-1.15,0.0,0.0,0.0,0.0,0.0,0.0,0.0,0.06766917293233082,0.045112781954887216,0.0,True
7ef568dd-30b1-497e-ab22-a540f50106c6,v1.14-1.15,0.0,0.0,0.0,0.0,0.0,0.0,0.0,0.0,0.0,0.0,False
4d90ca3e-c2c1-4236-95d0-6b8129a413d4,v1.14-1.15,0.0,0.0,0.05244755244755245,0.0,0.0,0.0,0.0,0.0,0.0,0.0,True
254087b2-bddd-4571-9958-9cbbdbd82f34,v1.16+,0.0,0.0,0.0,0.0,0.0,0.0,0.0,0.0,0.0,0.0,False
fa19a157-9f3f-4a82-8140-2891c83d8f8a,v1.16+,0.0,0.0,0.0,0.0,0.0,0.0,0.0,0.03305785123966942,0.01652892561983471,0.0,False
9fe21f97-e07e-4769-8039-3af0722139b4,v1.14-1.15,0.0,0.0,0.0,0.0,0.0,0.0,0.0,0.0,0.0,0.0,False
20c920ca-dacf-4f75-b173-e0e01bf23ca0,v1.14-1.15,0.0,0.0,0.0,0.0,0.0,0.0,0.0,0.06349206349206349,0.015873015873015872,0.0,True
9bad6dd9-14c0-4a9f-97a9-df8b842c9872,v1.14-1.15,0.0,0.0,0.0,0.0,0.0,0.0,0.0,0.0,0.0043859649122807015,0.0,False
07f71c59-8b05-49c5-99f7-b8257f25c36c,v1.16+,0.0,0.0,0.0,0.0,0.0,0.0,0.0,0.0,0.0013357079252003562,0.0,False
b52ee298-d038-4f3c-a73a-2edec6b52c2b,v1.16+,0.0,0.0,0.0,0.0,0.0,0.0,0.0,0.07186858316221766,0.007186858316221766,0.0,True
5870f5ca-2106-4f77-b044-7f897f67bc33,v1.14-1.15,0.0,0.0,0.0,0.0,0.0,0.0,0.0,0.0,0.0,0.0,False
996bdb97-9e64-4e4e-aff1-68205889b246,v1.14-1.15,0.0,0.0,0.0,0.11926605504587157,0.0,0.009174311926605505,0.1651376146788991,0.0,0.0,0.0,True
84939c37-98c1-4f9d-9230-4a066fdc8cd4,v1.14-1.15,0.0,0.0,0.0,0.0,0.0,0.0,0.0,0.10909090909090909,0.05454545454545454,0.0,True
70ca4524-eefb-4820-a075-c5f63ad00595,v1.14-1.15,0.0,0.0,0.0,0.0,0.0,0.0,0.0,0.0,0.0,0.4619164619164619,True
1386e28a-4ea5-4437-bf4d-adc369622e81,v1.16+,0.0,0.0,0.0,0.0,0.0,0.051643192488262914,0.0,0.0,0.0,0.0,True
4678e5e2-4806-4d5f-a780-89ec63a357ec,v1.14-1.15,0.0,0.0,0.0,0.008,0.0,0.0,0.0,0.0,0.0,0.0,False
e875657f-2757-41c1-b00e-f4d839a4c82e,v1.16+,0.019230769230769232,0.0,0.0,0.014423076923076924,0.0,0.009615384615384616,0.0,0.6935483870967742,0.8709677419354839,0.0,True
503141ae-f6a3-4663-aad3-800eddbdf471,v1.12-1.13,0.0,0.0,0.0,0.0,0.0,0.0,0.0,0.0,0.0,0.0,False
bd39af0a-4147-416e-b624-afb9c889b953,v1.16+,0.0,0.0,0.0,0.0,0.0,0.0,0.0,0.0,0.0,0.0,False
7c5dcc5b-f531-48f4-b4ed-0d99a55fc082,v1.12-1.13,0.0,0.0,0.0,0.0,0.0,0.0,0.0,0.0,0.0,0.0,False
36834cf1-0786-462d-9928-a2e9f9b17a57,v1.14-1.15,0.0,0.0,0.0,0.0,0.0,0.0,0.0,0.0,,0.0,False
e46a43bc-7294-4886-ab33-0072a8387a94,v1.16+,0.0,0.0,0.0,0.0,0.0,0.0,0.015503875968992248,0.0,0.0,0.0,False
ff4819a4-e4da-4121-b30e-e39de96aaba1,v1.12-1.13,0.0,0.0,0.0,0.0,0.0,0.0,0.0,0.0,,0.0,False
b093c2db-0741-4d29-b612-0ccbf7141369,v1.14-1.15,0.7142857142857143,0.0,0.0,0.0,0.0,0.0,0.0,0.03571428571428571,0.05357142857142857,0.0,True
3aa1034e-5da2-4989-a018-d95de037a281,v1.16+,0.0,0.0,0.0,0.0,0.0,0.0,0.0,0.0,0.013157894736842105,0.0,False
b76d81e4-282c-4e3c-a77a-b7dcb6ab6679,v1.14-1.15,0.0,0.0,0.0,0.0,0.0,0.0,0.0,0.38846153846153847,0.24615384615384617,0.0,True
b8dee24f-24b1-4477-a41e-f4b06a69f3c7,v1.14-1.15,0.0,0.0,0.0,0.0,0.0,0.0,0.0,0.0,0.0,0.0,False
71e2b054-2464-4455-8ed2-03d2ae475e88,v1.14-1.15,0.0,0.0,0.0,0.0,0.0,0.0,0.0,0.0,0.0,0.0,False
2b518b3a-a5a6-49cf-966e-e3021bb3c77f,v1.14-1.15,0.0,0.05734767025089606,0.010752688172043012,0.22939068100358423,0.16666666666666666,0.017921146953405017,0.06989247311827956,0.05745062836624776,0.17657657657657658,0.0,True
6baeaa5e-5f24-4aa4-a3c8-e25e0574514c,v1.14-1.15,0.0,0.0,0.0,0.0,0.0,0.0,0.0,0.0,0.0,0.0,False
e7fc6d68-29e2-4120-b5f5-09b08612e35b,v1.16+,0.0,0.0,0.0,0.0,0.0,0.0,0.0,0.0,0.7791411042944786,0.0,True
d7f4393c-236c-4751-adda-48a2d9da117e,v1.14-1.15,0.0,0.0,0.0,0.0,0.0,0.0,0.0,0.0,0.0,0.0,False
34b708b0-856a-4062-b3b7-706a83db55c4,v1.16+,0.0,0.0,0.0,0.0,0.0,0.0,0.0,0.0,0.0,0.0,False
e1cd3b39-67db-457e-9642-ee317a27e5e2,v1.14-1.15,0.0,0.0,0.0,0.0,0.0,0.0,0.0,0.0,0.0,0.0,False
7a2ae88a-f161-4961-99f6-f5eb7d315434,v1.14-1.15,0.0,0.0,0.0,0.0,0.0,0.0,0.0,0.0,0.0,0.0,False
0bad16c7-a0a5-4c49-b7cc-fd0dcedffd2c,v1.14-1.15,0.0,0.040998217468805706,0.03787878787878788,0.000445632798573975,0.0,0.03120820329915292,0.0,0.008920606601248885,0.0022301516503122213,0.00089126559714795,False
3a298da1-ef73-4bfb-a76c-225be8a9ca4a,v1.16+,0.0,0.0,0.0,0.0,0.0,0.0,0.0,0.0,0.0,0.0,False
414f0f0d-e5b4-4bb3-85cf-c3d98a89ed20,v1.16+,0.0,0.0,0.0,0.0,0.0,0.0,0.0,0.0,0.44516129032258067,0.0,True
32ee8126-0523-454c-a410-59c637166ab4,v1.16+,0.10096153846153846,0.03365384615384615,0.0673076923076923,0.04326923076923077,0.0625,0.04807692307692308,0.0625,0.0,0.0,0.0,True
4c22c09c-4f85-4621-8f2e-87920afe2552,v1.12-1.13,0.0,0.0,0.0,0.0,0.0,0.0,0.0,0.0,0.0,0.0,False
5928b10b-10c5-4ec7-97d3-c886b8050b72,v1.14-1.15,0.0,0.0,0.0,0.0,0.0,0.0,0.0,0.0,0.0,0.0,False
65aaf21b-1cf7-4d1b-bf4a-f59079ee1755,v1.14-1.15,0.0,0.0,0.0,0.0,0.0,0.83203125,0.0,0.0,,0.0,True
23941d64-c72f-469b-909d-40810ad43d1f,v1.12-1.13,0.0,0.0,0.0,0.0,0.0,0.0,0.0,0.0,0.0,0.0,False
b9178f82-b4f7-4c37-ba17-3b26f0bbb07d,v1.14-1.15,0.0,0.0,0.0,0.0,0.0,0.0,0.0,0.0,0.0,0.0,False
83ecf4b3-bd8f-40ba-a07c-08a55364a7b2,v1.14-1.15,0.0,0.0,0.0,0.0,0.0,0.0,0.0,0.0,0.0,0.0,False
2913bdd6-cc37-4f30-8120-b22ee09e3a15,v1.14-1.15,0.0,0.0,0.0,0.0,0.0,0.0,0.0,0.0,,0.0,False
2f5a22e3-8d48-42a9-85f5-1f9efd71fe3a,v1.14-1.15,0.0,0.0,0.0,0.0,0.0,0.0,0.0,0.0,0.0035587188612099642,0.0,False
f2daf264-9320-44c4-84f8-abefa9118bd2,v1.14-1.15,0.0,0.0,0.0,0.0,0.0,0.0,0.0,0.0,0.0,0.0,False
f9113f8a-729a-4dbb-bd26-b90b464558a2,v1.14-1.15,0.0,0.0,0.0,0.0,0.0,0.0,0.0,0.0,0.0,0.0,False
c55d1140-0c6e-4a64-a134-b6c5a9170626,v1.14-1.15,0.0,0.0,0.0,0.0,0.0,0.0,0.0,0.0,0.0,0.0,False
5c250b87-42d7-46b7-9919-09e1fc2273e6,v1.16+,0.0,0.0,0.0,0.0,0.0,0.0,0.0,0.0,0.0,0.0,False
c920dd50-fa09-4350-99e9-93c6180d68cb,v1.14-1.15,0.0,0.0,0.0,0.0,0.0,0.0,0.0,0.0,0.0,0.0,False
12785732-ca83-48e8-bfb0-5e36228e7b22,v1.14-1.15,0.0,0.0,0.0,0.0,0.0,0.0,0.0,0.0,0.0,0.0,False
a7eb96d8-6bbd-420c-b6be-b2e2af23d3fb,v1.14-1.15,0.0,0.0,0.0,0.0,0.0,0.0,0.0,0.0,0.0,0.0,False
ed5551ed-0c36-4314-bb29-83864c59346c,v1.14-1.15,0.0,0.0,0.0,0.0,0.0,0.0,0.0,0.005244755244755245,0.0,0.0034965034965034965,False
399d7715-66b9-4d1a-8c70-90eccae74cb2,v1.14-1.15,0.0,0.0,0.0,0.0,0.0,0.0,0.0,0.0,0.0,0.0,False
332fb065-a9ff-498c-81f0-ee7818ef6895,v1.14-1.15,0.0,0.0,0.0,0.0,0.0,0.0,0.0,0.0,,0.0,False
0c59d545-998d-4fe4-b53a-bb8e62cc1579,v1.14-1.15,0.0,0.0,0.0,0.0,0.0,0.0,0.0,0.0,0.0,0.006289308176100629,False
13ce8057-9420-4638-b2a6-2226c65f76c2,v1.14-1.15,0.0,0.0,0.0,0.0,0.0,0.0,0.0,0.0,0.0,0.0,False
fee09d7b-0d44-47c7-902b-ff42866bafd9,v1.16+,0.0,0.0,0.0,0.0,0.0,0.0,0.0,0.0,0.0,0.0,False
59ea56ea-22f9-4895-9557-848eea753c6a,v1.16+,0.0,0.0,0.0,0.0,0.0,0.0,0.0,0.012185066422354557,0.0,0.0,False
2c12c9d8-0080-4eec-93b0-6a77cb3096bb,v1.16+,0.0,0.0,0.0,0.0,0.0,0.0,0.0,0.020134228187919462,0.0,0.0,False
9cfe7f77-7e90-4185-a6fe-e90c207e01ac,v1.12-1.13,0.0,0.0,0.0,0.0,0.0,0.0,0.0,0.0,,0.0,False
5e23e6c6-9686-452a-b34a-c561e1f964e2,v1.12-1.13,0.0,0.0,0.0,0.0,0.0,0.0,0.0,0.0,0.0,0.0,False
bc2a2eb9-d421-4bca-8b06-6bfdbff65893,v1.14-1.15,0.0,0.5675675675675675,0.0,0.31756756756756754,0.0,0.0,0.14189189189189189,0.013793103448275862,0.02247191011235955,0.0,True
d2362109-9b4c-4a27-8565-438406939c5f,v1.14-1.15,0.0,0.0,0.0,0.0,0.0,0.0,0.0,0.0,0.0,0.0,False
37b9dc50-0af5-4dd8-abf9-4f3f35d45e96,v1.16+,0.0,0.0,0.0,0.0,0.0,0.0,0.0,0.0,0.0,0.0,False
190653c8-518d-4ae4-95ae-75868722cb98,v1.16+,0.0,0.0,0.0,0.0,0.0,0.0,0.0,0.13372093023255813,0.029069767441860465,0.0,True
909cde39-34c0-4414-a3e6-923c73f6bbd3,v1.14-1.15,0.0,0.0,0.0,0.0,0.0,0.0,0.0,0.0,0.0,0.030716723549488054,False
754088d0-e608-459b-a006-1c51d6b9331a,v1.12-1.13,0.0,0.0,0.0,0.0,0.0,0.0,0.0,0.0,0.0,0.0,False
914df007-07d7-4ed7-aa70-9dfedec697d5,v1.14-1.15,0.0,0.0,0.0,0.0,0.0,0.0,0.0,0.0,0.0,0.0,False
77d5ea0c-51ce-487e-92b2-a1d04d97030f,v1.16+,0.0,0.0,0.0,0.0,0.0,0.0,0.0,0.0,0.0,0.0,False
dab48eaf-6842-4641-a6d4-a15332348f30,v1.16+,0.0,0.0,0.0,0.0,0.0,0.0,0.0,0.0,0.0,0.0,False
7f881726-acd5-4494-a3d0-83dc9debc327,v1.16+,0.0,0.0,0.0,0.0,0.0,0.0,0.0,0.0,0.0,0.0,False
d07a4d7d-fe2c-4fda-92ae-426d1a509211,v1.14-1.15,0.0,0.0,0.0,0.0,0.0,0.0,0.0,0.0,0.0,0.0,False
491cf015-ca76-4216-80b1-ce5dbf1197af,v1.16+,0.0,0.0,0.0,0.0,0.0,0.0,0.0,0.384,0.104,0.0,True
52cf402d-1444-4ab9-bbdb-a16c29814450,v1.16+,0.0,0.0,0.0,0.0,0.0,0.0,0.0,0.0,0.0,0.0,False
35fb01df-787f-46a7-848c-30a17552d773,v1.16+,0.0,0.0,0.0,0.0,0.0,0.0,0.0,0.0,0.0,0.0,False
88a0d833-2c48-40e2-b9fe-56a9e86bf3af,v1.16+,0.0,0.0,0.0,0.0,0.0,0.0,0.0,0.0,0.0,0.0,False
38a23176-0c9c-4fa7-b320-fca4335707bf,v1.16+,0.0,0.0,0.0,0.0,0.0,0.0,0.0,0.0,0.0,0.0,False
aab97a6d-090f-460f-8656-20fa8ad56ea7,v1.14-1.15,0.0,0.0,0.0,0.0,0.0,0.0,0.0,0.0,0.0,0.0,False
26632d8f-dcdf-45bb-851b-d52a90b92a9a,v1.16+,0.0,0.0,0.0,0.0,0.0,0.0,0.0,0.2662337662337662,0.18181818181818182,0.0,True
8d0e149d-8e5c-4d86-92e0-fbc401e2b49b,v1.12-1.13,0.0,0.0,0.0,0.0,0.0,0.0,0.0,0.0,0.0,0.0,False
02f3cb80-b83d-42a4-b1b8-a5d4fe5ea9b4,v1.14-1.15,0.0,0.0,0.0,0.0,0.0,0.0,0.0,0.0,0.0,0.0,False
02aefb75-e297-485e-b182-c5b244ed19e6,v1.14-1.15,0.0,0.0,0.0,0.0,0.0,0.0,0.0,0.0,0.0,0.0,False
4d9f0dc8-288f-4fe8-8fd8-be37ff06278b,v1.14-1.15,0.0,0.0,0.0,0.0,0.0,0.0,0.0,0.0,,0.0,False
7dbd39d4-b770-4a79-a4dc-da99044cf8d2,v1.16+,0.0,0.0,0.0,0.0,0.0,0.0,0.0,0.0,0.0,0.0,False
33722454-bd76-4e48-9d83-afae19163524,v1.16+,0.0,0.0,0.0,0.0,0.0,0.0,0.0,0.0,0.0,0.0,False
a3bb9055-b0f7-41ea-a427-848ef086928a,v1.14-1.15,0.0,0.0,0.0,0.0,0.0,0.0,0.0,0.0,0.0,0.0,False
dcc153ee-9eb5-46cc-b18b-7ac11fa34c42,v1.14-1.15,0.0,0.0,0.0,0.0,0.0,0.0,0.0,0.0,0.0,0.0,False
5eef58b4-f72b-4a5a-b093-b4bb88bf38ad,v1.12-1.13,0.0,0.0,0.0,0.0,0.0,0.0,0.001635322976287817,0.0,0.003270645952575634,0.0,False
62463aae-b801-4f32-8015-5a8b9a053b81,v1.14-1.15,0.0,0.0,0.0,0.0,0.0,0.0,0.0,0.0,0.0,0.0,False
5310be39-1ed8-493e-a69d-f58bacd00a34,v1.14-1.15,0.0,0.0,0.0,0.0,0.0,0.0,0.0,0.0,,0.0,False
a22280e2-d9d8-43f8-a2d2-cb4ad17540bb,v1.16+,0.0,0.0,0.0,0.0,0.0,0.0,0.0,0.0,0.44516129032258067,0.0,True
43086df2-8d17-4bd6-94af-ce0e0f55a03e,v1.14-1.15,0.0,0.0,0.0,0.0,0.0,0.0,0.0,0.0,,0.22131147540983606,True
eb90344a-8342-415c-bcc7-ec42e2503d6d,v1.16+,0.0,0.0,0.0,0.0,0.0,0.0,0.0,0.08791208791208792,0.5054945054945055,0.0,True
bee48525-257b-4ff9-8861-1e67c9450529,v1.14-1.15,0.0,0.0,0.0,0.0,0.0,0.0,0.012437810945273632,0.0,0.0,0.0,False
71a8f84f-924c-4fa5-9a21-6ca2a56405af,v1.14-1.15,0.0,0.0,0.0,0.0,0.0,0.0,0.0,0.0,0.0,0.0,False
1e08051b-ce86-4d5c-9963-12525a67a49b,v1.14-1.15,0.0,0.0,0.005172413793103448,0.0,0.0,0.017241379310344827,0.0,0.0,0.0,0.0,False
ed7d5563-6c4b-4926-8379-c91ebad1b236,v1.16+,0.0,0.0,0.0,0.0,0.0,0.0,0.0,0.0,0.0,0.0,False
8c5caa7e-149d-4e32-a0c3-de9164055232,v1.14-1.15,0.0,0.0,0.0,0.0,0.0,0.0,0.0,0.0,0.0,0.0,False
49f5e1a0-3122-4442-9eef-24ffa3ad3047,v1.12-1.13,0.0,0.0,0.0,0.0,0.0,0.0,0.0,0.0,0.0,0.0,False
c0b076dc-d9fb-4e24-ad85-68dabce35608,v1.14-1.15,0.0,0.0,0.0,0.0,0.0,0.0,0.0,0.0,0.0,0.0,False
73f78b34-4350-46a4-9da6-00ba259a20a0,v1.14-1.15,0.0,0.0,0.0,0.0,0.0,0.0,0.0,0.0,0.0,0.0,False
a7e79be8-6910-40a2-a387-2214f0cebef7,v1.16+,0.0,0.0,0.0,0.0,0.0,0.0,0.0,0.0,0.0,0.0,False
83c6a220-df90-4873-a92b-eda2d7388fd1,v1.14-1.15,0.0,0.0,0.0,0.0,0.0,0.0,0.0,0.0,0.0,0.0,False
0c067361-71b3-4a1b-96a3-876b7ab34e2e,v1.16+,0.0,0.0,0.0,0.0,0.0,0.0,0.0,0.0,0.0,0.0,False
3745b1e8-dd55-44f2-9423-31f14a88038c,v1.14-1.15,0.0,0.0,0.0,0.0,0.0,0.0,0.0,0.0,0.0,0.0,False
18471c8a-2bb0-4180-ad36-9492ce49bb24,v1.14-1.15,0.0,0.0,0.0,0.0,0.0,0.0,0.0,0.0,,0.0,False
bc234ffa-1ede-4cdc-acec-3bc2c09f600f,v1.14-1.15,0.0,0.0,0.0,0.0,0.0,0.0,0.0,0.016853932584269662,,0.0,False
0a3bfbdb-e439-42ba-bc6d-996dda072e4e,v1.14-1.15,0.0,0.0,0.0,0.0,0.0,0.0,0.0,0.0,0.0,0.0,False
ade09da2-9df0-48d6-bb15-a39c464d44d8,v1.14-1.15,0.8095238095238095,0.0,0.0,0.0,0.0,0.0,0.0,0.0,0.0,0.0,True
4dbf2980-c051-423b-9164-5f071998d66f,v1.16+,0.0,0.0,0.0,0.0,0.0,0.0,0.0,0.0,0.0,0.0,False
fa0570de-a5e1-4189-a224-cbf07879d500,v1.14-1.15,0.0,0.0,0.0,0.0,0.0,0.0,0.0,0.0,0.0,0.0,False
89588da8-22e9-494e-8a83-cb545c000758,v1.14-1.15,0.0,0.08407871198568873,0.0,0.08944543828264759,0.0,0.0,0.025044722719141325,0.35241502683363146,0.4824120603015075,0.0,True
4f00c68b-88f0-40fa-8936-aa2e1e89056a,v1.14-1.15,0.0,0.0,0.0,0.0,0.0,0.0,0.0,0.0,0.0,0.0,False
f1c7d144-03fb-4448-9242-488ccc340567,v1.16+,0.0,0.0,0.0,0.0,0.0,0.0,0.0,0.0,0.004048582995951417,0.0,False
2c2f1ae6-d8b4-4f53-ba23-4f2a618a5159,v1.14-1.15,0.0,0.0,0.0,0.0,0.0,0.0,0.0,0.0,0.0,0.0,False
b9c1f7d5-a1f9-4590-b1bc-9dc0f6a21d1a,v1.14-1.15,0.0,0.0,0.0,0.0,0.0,0.0,0.0,0.0,0.0,0.0,False
476eaa6a-4f02-4c91-bdea-e1bdeaad44b5,v1.14-1.15,0.0,0.0,0.0,0.0,0.0,0.0,0.0,0.0,0.0,0.0,False
8a0f7cbf-318c-4402-bec1-cbd2c9fcd737,v1.16+,0.0,0.0,0.0,0.0,0.0,0.0,0.0,0.0,0.0,0.0,False
73ec2e2c-28bd-48c1-85a4-ba0b9f645d4f,v1.16+,0.0,0.0,0.0,0.0,0.0,0.0,0.0,0.0,0.0,0.0,False
ba428ac1-1831-4498-a311-83358df55601,v1.14-1.15,0.0,0.0,0.0,0.0,0.0,0.0,0.0,0.0,,0.0,False
300720a9-c568-4dd0-bd5c-dcb5590ea5fd,v1.14-1.15,0.9510373443983402,0.0,0.0,0.0,0.0,0.0,0.0,0.0,,0.0,True
aa9bec3b-947d-4f04-9f70-5dde104ae5a0,v1.16+,0.0,0.0,0.0,0.008130081300813009,0.016260162601626018,0.0,0.0,0.0,0.0,0.0,False
f422de47-378d-4a42-b193-cc49b5107513,v1.14-1.15,0.0,0.0,0.0,0.0,0.0,0.0,0.0,0.0,0.0,0.0,False
d16c9bb7-0e56-4ada-a730-beef81305d7b,v1.14-1.15,0.0,0.0,0.0,0.0,0.0,0.0,0.0,0.0,0.0,0.0,False
8ab93da8-5567-4605-885d-d092a424289e,v1.14-1.15,0.0,0.0,0.0,0.0,0.0,0.002386634844868735,0.0,0.0,0.0,0.0,False
7c078119-7ab3-4bd5-9bde-1d9a72351752,v1.16+,0.0,0.0,0.0,0.0,0.0,0.0,0.0,0.0,0.0,0.0,False
5ded1715-1f2f-41fc-8a3b-737b54283616,v1.14-1.15,0.0,0.0,0.0,0.0,0.0,0.0,0.0,0.0,0.0,0.0,False
1c126e44-21ec-4a49-961d-c07316327077,v1.16+,0.0,0.0,0.0,0.0,0.0,0.0,0.0,0.0,0.0,0.0,False
4744d377-401c-4da7-a049-676553d70c5f,v1.12-1.13,0.0,0.0,0.0,0.0,0.0,0.0,0.0,0.0,0.0,0.0,False
01f86696-9726-49d5-9a35-efe0c38cc3d4,v1.14-1.15,0.0,0.0,0.0,0.0,0.0,0.0,0.0,0.0,0.0,0.0,False
f868d5dd-9187-4816-bc8a-fd47ff321284,v1.16+,0.0,0.0,0.0,0.0,0.0,0.0,0.0,0.0,0.023930384336475707,0.0,False
965aa030-4ac0-4c51-976a-2e46419362ca,v1.14-1.15,0.0,0.0,0.0,0.0,0.0,0.0,0.0,0.0,0.0,0.0,False
2cbf5e2c-d5d2-403c-a894-808dc57f5cee,v1.12-1.13,0.0,0.0,0.0,0.0,0.0,0.0,0.0,0.0,0.0,0.0,False
4a417e78-eb30-4cc1-8ff5-c08f784d1dc9,v1.14-1.15,0.0,0.0,0.0,0.0,0.0,0.0,0.0,0.04395604395604396,0.037037037037037035,0.0,False
e8c8802e-fd53-44c8-82ee-05ebb85da95a,v1.16+,0.0,0.024015369836695485,0.024015369836695485,0.0,0.0009606147934678194,0.005763688760806916,0.0003202049311559398,0.09349983989753442,0.1431316042267051,0.0,True
6ed587d9-7432-416d-b244-f38bd29c9dbf,v1.12-1.13,0.0,0.0,0.0,0.0,0.0,0.0,0.0,0.0,,0.0,False
e004286e-f67e-4cdc-81fd-8ac1212aa38a,v1.12-1.13,0.0,0.0,0.0,0.0,0.0,0.0,0.0,0.037383177570093455,0.0,0.0,False
5dbdf728-10ab-44a0-9729-e87155d8f36c,v1.14-1.15,0.0,0.0,0.0,0.0,0.0,0.0,0.0,0.0,0.0,0.019417475728155338,False
6dafa597-d105-4074-8b78-7e1735971a26,v1.14-1.15,0.0,0.0,0.0,0.0,0.0,0.0,0.0,0.0,0.0,0.0,False
5880a7c6-5791-4c41-b922-6fb9db39fa6e,v1.16+,0.0,0.0,0.0,0.0,0.0,0.0,0.0,0.0,0.0,0.0,False
ce059f36-490f-42d6-9fc1-302ebe7cf8d9,v1.12-1.13,0.0,0.0,0.0,0.0,0.0,0.0,0.0,0.0,0.0,0.0,False
c3464a5b-81bd-4004-a282-b60b1ff7a5d3,v1.16+,0.0,0.0,0.0,0.0,0.0,0.0,0.0,0.0,0.0,0.0,False
ccf9ceac-0bb0-44b2-a12e-470d9c906270,v1.14-1.15,0.38354037267080743,0.0,0.0,0.0,0.0,0.0,0.0,0.0,,0.0,True
cb8236e3-709f-4f94-9f9c-fdee876e7d06,v1.16+,0.0,0.0,0.0,0.0,0.0,0.0,0.0,0.0,0.0,0.0,False
97e71d22-83db-4e41-83a4-7f84b2b68ab1,v1.14-1.15,0.0,0.0,0.0,0.0,0.0,0.0,0.0,0.0,,0.0,False
598147a6-65bf-4b5e-a2f9-93a2067f6cb6,v1.14-1.15,0.0,0.0,0.0,0.0,0.0,0.0,0.0,0.0,,0.0,False
d2e24967-515e-465d-9de0-8ac0075a5409,v1.16+,0.0,0.0,0.0,0.0,0.0,0.0,0.0,0.0,0.0,0.0,False
d728686b-b174-476a-8fc2-c00d2f90d07f,v1.14-1.15,0.0,0.050505050505050504,0.0,0.08080808080808081,0.0,0.0,0.0,0.0,0.010101010101010102,0.0,True
7e3e2cb0-56e3-405e-9a05-644c082b3583,v1.14-1.15,0.0,0.0,0.0,0.0,0.0,0.0,0.0,0.0,0.0,0.0,False
9a1edcca-2219-41c4-8a6a-faef239b717e,v1.14-1.15,0.0,0.0,0.0,0.0,0.0,0.0,0.0,0.0,0.0,0.0,False
166ad009-5a09-49cf-ba1d-fbad63885b23,v1.14-1.15,0.0,0.0,0.0,0.0,0.0,0.0,0.0,0.057692307692307696,0.0,0.0,True
2660ee50-4bcd-4ea1-8a18-c08e1574f1a9,v1.16+,0.0,0.0,0.0,0.002107481559536354,0.0,0.0,0.001053740779768177,0.0,0.0,0.011591148577449948,False
7833d306-d776-41d4-85db-1c9a46616c6a,v1.12-1.13,0.0,0.0,0.0,0.0,0.0,0.0,0.0,0.0,0.0,0.0,False
8e7bc865-5ac0-47ee-a613-4663a0ffc70f,v1.16+,0.0,0.0,0.0,0.0,0.0,0.0,0.0,0.0,0.0,0.0,False
9299be1c-fa4e-449c-84d3-a4604cf34090,v1.16+,0.0,0.0,0.0,0.0,0.0,0.0,0.0,0.013824884792626729,0.16820276497695852,0.0,True
533abfc2-0454-43e7-9afc-5ec6e261447d,v1.16+,0.04081632653061224,0.0,0.0,0.0,0.0,0.0,0.0,0.061224489795918366,0.07142857142857142,0.0,True
e1f179a1-1356-4c2e-bc50-dbcd7abcd492,v1.14-1.15,0.0,0.0,0.0,0.0,0.0,0.0,0.0,0.0,0.0,0.0,False
bf8cc567-8c16-4649-af56-ead87f2f881a,v1.14-1.15,0.0,0.0,0.0,0.0,0.0,0.0,0.0,0.0,0.0,0.0,False
bd8cf97e-1998-4cb7-9bb4-bca4e5253bf6,v1.16+,0.013888888888888888,0.0,0.0,0.0,0.0,0.0,0.0,0.0,0.9652777777777778,0.0,True
6e610b03-486c-4b87-b151-b3432bf56830,v1.14-1.15,0.0,0.0,0.0,0.0,0.0,0.0,0.0,0.0,0.0,0.0,False
7c6b67be-db19-4720-83b3-a16f503daae8,v1.14-1.15,0.0,0.0,0.0,0.0,0.0,0.0,0.0,0.0,0.0,0.0,False
7c093f68-07c6-4e29-99e0-e7ea5f009c84,v1.14-1.15,0.0,0.0,0.0,0.0,0.0,0.0,0.0,0.0,0.0,0.0,False
480597bd-2f52-4bfd-a6c4-9b8ec7ea5f12,v1.16+,0.0,0.0,0.0,0.0,0.0,0.0,0.0,0.0,0.0,0.0,False
251632b7-6536-48d6-b495-bd533e6f19fa,v1.16+,0.0,0.0,0.0,0.0,0.0,0.0,0.0,0.0,0.0,0.0,False
f4760001-2240-46ab-8663-b6efeb0eccb5,v1.14-1.15,0.0,0.0,0.0,0.0,0.0,0.14473684210526316,0.0,0.0,0.0,0.0,True
9e1ff3d2-f668-4639-86c9-761e421f389a,v1.14-1.15,0.0,0.0,0.0,0.0,0.0,0.0,0.0,0.0,,0.0,False
e0dfc303-8ec7-414f-85fd-d49e63d48ff5,v1.12-1.13,0.0,0.0,0.0,0.0,0.0,0.0,0.0,0.9747292418772563,0.0,0.0,True
8d04a31b-47e2-4f82-87e6-ac75dfc06957,v1.14-1.15,0.0,0.0,0.0,0.0,0.0,0.0,0.0,0.39416058394160586,,0.0,True
d929b5bd-fafb-4bc4-8ec8-8c162740463a,v1.14-1.15,0.0,0.0,0.0,0.0,0.0,0.0,0.0,0.0,0.0,0.0,False
24c87e99-4bee-491b-8748-7bec4035bf2c,v1.14-1.15,0.0,0.0,0.0,0.0,0.0,0.0,0.0,0.007177033492822967,0.0,0.0,False
ef94502c-cb9c-4c43-921f-dabff12683f6,v1.14-1.15,0.0,0.0,0.0,0.0,0.0,0.0,0.0,0.0,0.0,0.0,False
b4e8bd03-f7ad-4378-961d-56e2c77bc3e4,v1.16+,0.0,0.0,0.0,0.0,0.0,0.0,0.0,0.010739856801909307,0.0,0.0,False
fdf37bb8-e82a-4d3b-8a4e-84578ec40bb8,v1.14-1.15,0.0,0.0,0.0,0.0,0.0,0.0,0.0,0.0,0.0,0.0,False
556d9391-5cb5-42e7-9585-6e9cc289eb0d,v1.14-1.15,0.0,0.0,0.0,0.0,0.0,0.0,0.0,0.0,0.0,0.0,False
42a0d943-1609-4986-afa7-caa3fe78355d,v1.12-1.13,0.0,0.0,0.0,0.0,0.0,0.0,0.0,0.005434782608695652,0.0,0.0,False
0daded3a-09a7-4bc6-b47d-6ffb146f6631,v1.12-1.13,0.0,0.0,0.0,0.0,0.0,0.0,0.0,0.0,0.0,0.0,False
19db58cc-e305-46d5-b38c-c370c16c6228,v1.16+,0.0,0.0,0.0,0.0,0.0,0.0,0.0,0.0,0.0,0.0,False
6efe27db-fa01-47c7-8d9c-967f7d28f727,v1.12-1.13,0.0,0.0,0.0,0.0,0.0,0.0,0.0,0.0,0.0,0.0,False
7d373bf8-c662-46b4-8422-4b0d2a4c2c72,v1.12-1.13,0.0,0.0,0.0,0.0,0.0,0.0,0.0,0.0,0.0,0.0,False
0a72d5f6-729b-4028-ad5d-b722ce94a689,v1.14-1.15,0.0,0.0,0.0,0.0,0.0,0.0,0.0,0.0,0.0,0.0,False
e5b15dd2-ceec-4e8c-a852-72580d8e1884,v1.16+,0.0,0.0,0.0,0.0,0.0,0.0,0.0,0.053794250854977355,0.18264164895091967,0.0,True
3862af7d-b0fe-4918-8546-3f0888e11563,v1.16+,0.0,0.0,0.0,0.0,0.0,0.0,0.0,0.06779661016949153,0.0,0.0,True
787e5e88-3eed-40c8-81d1-f999005c382d,v1.14-1.15,0.0,0.0,0.0,0.0,0.0,0.0,0.0,0.0,0.0,0.0,False
60b3da9c-40e2-4d92-8577-d5446e4d792c,v1.14-1.15,0.0,0.0,0.0,0.0,0.0,0.0,0.0,0.0,0.0,0.0,False
5dc9ed05-00f1-48d6-bb18-6819fd07e30c,v1.14-1.15,0.0,0.0,0.0,0.0,0.0,0.0,0.0,0.0,0.0,0.0,False
3f4b8d54-d264-4c85-a66b-c89704fe60d3,v1.12-1.13,0.0,0.0,0.0,0.0,0.0,0.0,0.0,0.0,0.0,0.0,False
38dbe81c-fac2-4a1e-891b-7ac4babfd737,v1.14-1.15,0.0,0.0,0.0,0.0,0.0,0.0,0.0,0.0,0.0,0.0,False
a1fb3922-0edb-4097-b86a-772d888937d1,v1.14-1.15,0.0,0.0,0.0,0.0,0.0,0.0,0.0,0.0,0.9911504424778761,0.0,True
ec9e8e87-972b-4237-b903-89eb144978b9,v1.12-1.13,0.0,0.0,0.0,0.0,0.0,0.0,0.0,0.0,0.0,0.012048192771084338,False
488026a5-03f5-4f0f-a5e7-9be84630304b,v1.14-1.15,0.0,0.0,0.03131991051454139,0.0,0.026845637583892617,0.0,0.0,0.0,0.0,0.0,False
b33be9d5-fba1-407e-8a38-bfb2136fc175,v1.16+,0.0,0.0,0.0,0.0,0.0,0.0,0.0,0.026567481402763018,0.0,0.0,False
ecf95f1d-f0c2-4eaa-b2f2-fe4a6af92ec5,v1.16+,0.0,0.0,0.0,0.0,0.0,0.0,0.0,0.0,0.0,0.0,False
44fb09de-035b-4c27-b765-5811c91fe907,v1.12-1.13,0.0,0.0,0.0,0.0,0.0,0.0,0.0,0.0027247956403269754,0.0,0.0,False
c6c9925c-3951-46e1-9d38-8c5677dad084,v1.14-1.15,0.0,0.0,0.0,0.0,0.0,0.0,0.0,0.0,0.0,0.0,False
910edaf3-9737-42e3-a3b8-5f832fd3839e,v1.16+,0.0,0.0,0.0,0.0,0.0,0.0,0.0,0.0,0.0,0.0,False
7c3a6f47-b0ae-4410-8f00-580a6241b261,v1.12-1.13,0.0,0.0,0.0,0.0,0.0,0.0,0.0,0.0,0.0,0.0,False
9cf97c42-959d-41a4-bc59-58f1e021bf5a,v1.12-1.13,0.0,0.0,0.0,0.0,0.0,0.0,0.0,0.0,0.0,0.0,False
26c0c04d-a2e4-476e-a7c2-7a7695b172d3,v1.14-1.15,0.0,0.0,0.0,0.0,0.0,0.0,0.0,0.0,0.0,0.0,False
22dbee22-3fd7-433e-9b46-4cbeac6964c1,v1.16+,0.0,0.0,0.0,0.0,0.0,0.0,0.0,0.0,0.0,0.41919191919191917,True
902128db-bf27-4e9b-8f38-15188b3ffe5a,v1.16+,0.0,0.0,0.0,0.0,0.0,0.0,0.0,0.0,0.0,0.0,False
85a947c4-c918-4c93-9a39-ea289ce77a42,v1.12-1.13,0.0,0.0,0.0,0.0,0.0,0.0,0.0,0.0,0.0,0.0,False
b467a18a-b13f-432f-a6fa-97ff637094a5,v1.16+,0.0,0.0,0.0,0.0,0.0,0.0,0.0,0.0,0.0,0.0,False
008f894e-9342-48cc-a950-b242be1e5a5e,v1.14-1.15,0.0,0.0,0.0,0.0,0.0,0.0,0.0,0.0,,0.0,False
2084052f-bc1f-4e69-802b-636b265cd1e3,v1.12-1.13,0.0,0.0,0.0,0.0,0.0,0.0,0.0,0.0,0.0,0.0,False
6d50790b-4805-4ddd-ad91-540975494c32,v1.14-1.15,0.0,0.0,0.0,0.0,0.0,0.0,0.0,0.0,0.0,0.0,False
8daf71f7-e479-485e-8c44-73412f5b2bea,v1.12-1.13,0.0,0.0,0.0,0.0,0.0,0.0,0.0,0.0,0.0,0.0,False
25c2b07f-afa3-4693-926b-0b74b94d2ac3,v1.14-1.15,0.0,0.0,0.0,0.0,0.0,0.0,0.0,0.0,,0.0,False
90cd5964-82f6-459e-a942-7224900793e5,v1.14-1.15,0.0,0.0,0.0,0.0,0.0,0.0,0.0,0.0,0.0,0.0,False
8e0c18ab-1469-407a-8aa9-8bb3a56c9074,v1.14-1.15,0.0,0.0,0.0,0.0,0.0,0.0,0.0,0.0,0.0,0.0,False
46c0935d-6879-42d3-bf6c-8ed082b45d3a,v1.16+,0.0,0.0,0.0,0.0,0.0,0.0,0.0,0.011235955056179775,0.0,0.0,False
9ebadde2-7e22-4e65-8518-3a5479fd108d,v1.14-1.15,0.0,0.0,0.0,0.0,0.0,0.0,0.0,0.0,0.0,0.0,False
f3884bf0-df61-4b0d-aa38-57aa13e19d28,v1.14-1.15,1.0,0.0,0.0,0.0,0.0,0.0,0.0,0.0,,0.0,True
019a45d7-2553-4535-b9f7-f209633bf26d,v1.12-1.13,0.0,0.0,0.0,0.0,0.0,0.0,0.0,0.0,0.0,0.0,False
7690b5f6-ef1e-4f3a-9f28-0119b0175a9c,v1.16+,0.0,0.0,0.0,0.0,0.0,0.0,0.0,0.00145985401459854,0.033576642335766425,0.0,False
f41c0f5c-6566-4aaf-bb7a-bd3b81c3ae47,v1.14-1.15,0.0,0.0,0.0,0.0,0.0,0.0,0.0,0.0,0.3790849673202614,0.0,True
2c16cd61-1ca4-4e70-9f71-b3e58ae49de6,v1.14-1.15,0.0,0.0,0.0,0.9831460674157303,0.0,0.0,0.0,0.02247191011235955,0.02247191011235955,0.0,True
0c02d58b-9848-4440-b237-5ec11b746b4c,v1.14-1.15,0.0,0.0,0.0,0.0,0.0,0.0,0.0,0.0,1.0,0.0,True
1f32ab9e-a748-45e5-97b9-ba461dfcd0cd,v1.14-1.15,0.0,0.0,0.0,0.0,0.0,0.0,0.0,0.0,0.0,0.0,False
df147d88-3d81-4a5e-be0e-098efae4ab22,v1.16+,0.0,0.0,0.0,0.0,0.0,1.0,0.0,0.0,0.0,0.0,True
5efd451d-3acd-44ad-824f-d2b6f6a330e0,v1.16+,0.0,0.004958246346555324,0.004436325678496869,0.007045929018789144,0.01278705636743215,0.0,0.003131524008350731,0.0,0.0,0.0,False
5ee59a26-9247-4dba-837b-33035c724eb1,v1.14-1.15,0.0,0.0,0.0,0.0,0.0,0.0,0.0,0.0,0.0,0.0,False
f3c856d9-79a8-4009-a9ed-4073c60ff036,v1.14-1.15,0.0,0.0,0.0,0.0,0.0,0.0,0.0,0.0,0.0,0.0,False
5ca695f7-a3c0-4bc9-856a-a6bbd5959e30,v1.12-1.13,0.0,0.0,0.0,0.0,0.0,0.0,0.0,0.0,0.0,0.0,False
45a21fdf-0b74-4e72-8926-a46643f048c1,v1.14-1.15,0.0,0.0,0.0,0.0,0.0,0.0,0.0,0.0,0.0,0.0,False
5e4edc60-569b-4101-8b11-15eb8e5297dc,v1.14-1.15,0.0,0.0,0.0,0.0,0.0,0.0,0.0,0.0,0.0,0.0,False
376cfb8d-d741-4115-801e-2d60ee5e53c9,v1.14-1.15,0.0,0.0,0.0,0.0,0.0,0.0,0.0,0.0,0.0,0.0,False
34ae2cb6-3299-4c18-9ffa-e0ed321f6268,v1.14-1.15,0.0,0.0,0.0,0.0,0.0,0.0,0.0,0.0,0.0,0.0,False
814f3010-bc7d-4d8b-b2b7-0363293c9076,v1.14-1.15,0.0,0.0,0.0,0.0,0.0,0.0,0.0,0.0,,0.0,False
27421cb1-4489-473d-a952-deb89cc26d1c,v1.14-1.15,0.0,0.0,0.0,0.0,0.0,0.0,0.0,0.0,0.0,0.0,False
233a4f54-86a4-475a-bc54-61336dc6bf9f,v1.16+,0.0,0.0,0.0,0.0,0.0,0.0,0.0,0.0,0.9118773946360154,0.0,True
eb75b101-5e33-4978-a88f-7a13966ad295,v1.14-1.15,0.0,0.0,0.0,0.0,0.0,0.0,0.0,0.0,0.0,0.0,False
a9c9c6f3-da38-42d0-8cdf-2501c05699a1,v1.16+,0.0,0.0,0.0,0.0,0.0,0.0,0.0,0.043214665402407836,0.09734792977616873,0.0,True
0e035bda-9965-43ba-b296-e8978ea0dc6d,v1.12-1.13,0.0,0.011904761904761904,0.0,0.0,0.0,0.0,0.0,0.10714285714285714,0.07142857142857142,0.0,True
2a3dbcfd-dcfc-4af2-a58e-aba9d377ab82,v1.14-1.15,0.0,0.0,0.0,0.0,0.0,0.0,0.0,0.0,,0.0,False
36c55341-13f7-40d9-8736-5a53eea5c970,v1.16+,0.0,0.0,0.0,0.0,0.0,0.0,0.027777777777777776,0.125,0.0,0.0,True
1ced92e4-0565-48c4-ac07-f39041eed434,v1.14-1.15,0.0,0.0,0.0,0.0,0.0,0.0,0.0,0.0,0.0,0.0,False
685b8ef8-e6ad-4d01-b5a9-9860ab537b13,v1.14-1.15,0.0,0.0,0.0,0.0,0.0,0.0,0.0,0.0,0.0,0.0,False
4b2ba481-b960-4158-9098-e2a9075c06f3,v1.14-1.15,0.0,0.0,0.0,0.0,0.0,0.0,0.0,0.0,0.0,0.0,False
eaf98000-82c5-477c-a185-c4be866b8886,v1.16+,0.0,0.0,0.0,0.0,0.0,0.0,0.0,0.0,0.0,0.8336520076481836,True
9a900826-c2ee-4259-8c2e-a065a002d750,v1.16+,0.0,0.0,0.0,0.0,0.0,0.0,0.0,0.0,0.0,0.0,False
dfe1ecb2-9339-404c-be00-3afe7c3dbdea,v1.16+,0.0,0.0,0.0,0.0,0.0,0.0,0.0,0.0,0.0,0.0,False
84bab0d0-3bfb-41cc-8752-9dfbcfd9382f,v1.14-1.15,0.0,0.0,0.0,0.0,0.0,0.0,0.0,0.0,0.0,0.0,False
5ea07f1e-6266-436e-acff-94901abc30ee,v1.14-1.15,0.0,0.0,0.0,0.0,0.0,0.0,0.0,0.0,0.0,0.0,False
c574c4e1-92d9-4226-a6a4-351d04ef9566,v1.16+,0.0,0.0,0.0,0.0,0.0,0.0,0.0,0.0,0.0,0.0,False
a0913310-d2eb-4f9d-a5ad-5a138fd03f06,v1.14-1.15,0.0,0.0,0.0,0.0,0.0,0.0,0.0,0.0,0.0,0.0,False
4ef8659f-2a60-4a72-9ba5-5ec6f16b70bc,v1.12-1.13,0.0,0.0,0.0,0.0,0.0,0.0,0.0,0.0,0.0041444641799881585,0.0,False
425ca0ab-2740-4922-b98b-5fd831fad1c0,v1.14-1.15,0.0,0.0,0.0,0.0,0.0,0.0,0.0,0.0,,0.0,False
0b65d668-dc2f-423d-a728-89c5fb59533f,v1.16+,0.0,1.0,1.0,1.0,0.0,0.0,0.0,0.08029197080291971,0.0,0.0,True
6e080b74-16c5-4957-8d0b-630cf1ede299,v1.14-1.15,0.0,0.0,0.0,0.0,0.0,0.0,0.0,0.0,0.0,0.0,False
d43be4b4-3c0f-435f-806f-6e1568fcb85c,v1.14-1.15,0.0,0.0,0.0,0.0,0.0,0.0,0.0,0.0,0.0,0.0,False
4020a64f-010d-4699-973c-f9b04c53cb38,v1.14-1.15,0.66796875,0.0078125,0.0,0.0234375,0.0,0.0,0.01953125,0.0,0.0,0.0,True
afd1472c-f54f-403d-8dd8-402d8ec951ce,v1.16+,0.0013123359580052493,0.0,0.0,0.006561679790026247,0.0026246719160104987,0.0013123359580052493,0.009186351706036745,0.003937007874015748,0.12860892388451445,0.0,True
32e2aa9d-06cb-4224-8688-bf132ed4e367,v1.14-1.15,0.0,0.0,0.0,0.0,0.0,0.0,0.0,0.0,0.0,0.0,False
3eb646d4-7ef0-43f3-8521-a10b0595039e,v1.16+,0.0,0.0,0.0,0.0,0.0,0.0,0.0,0.0078125,0.0,0.0,False
11c89c98-bdc2-422a-badf-a570aef61c3d,v1.14-1.15,0.0,0.0,0.0,0.0,0.0,0.0,0.0,0.0,0.0,0.0,False
c5780a58-6604-4f22-8345-c660568c820b,v1.12-1.13,0.0,0.0,0.0,0.0,0.0,0.0,0.0,0.0,0.0,0.0,False
31d3a42d-4d7c-4e56-b5da-1a3aa0447e28,v1.14-1.15,0.0,0.0,0.0,0.0,0.0,0.0,0.0,0.0,,0.0,False
0229a46f-bf1f-4e68-9246-2dad6d50f160,v1.14-1.15,0.0,0.0,0.0,0.0,0.0,0.0,0.0,0.0,0.0,0.0,False
