log_id,status,ver_sw,band,failsafe_frac,nav_state_forbidden_frac,filter_fault_flags_frac,landed_at_end,sat_frac,sat_max_run_s,motor_spread_p95,n_motors,actuator_source,pwm_source,ulg_bytes,parquet_bytes,elapsed_s,excluded_reason,group,skip_reason,reversible_flags,n_active_control_channels,is_quadrotor,rate_position_hz,rate_attitude_hz,rate_ratios_hz,duration_s,airborne_s,is_quad_from_outputs,is_quadrotor_final,dropout_frac_proxy,dropout_frac_v2,dropout_worst_topic,source
b4a4ab4b-8646-43ce-9f68-813fcdd63044,ok,17629951.0,v1.12-1.13,0.0,0.0,0.0,True,0.0,0.0,0.0,6.0,actuator_outputs,bus,7952289,5240512,8.3,,A,,,,False,10.012143174990646,217.48164462380151,2.000004300009245,80.167928,75.729044,False,False,0.0,0.0,,main
9deccafa-b87a-4991-8bae-3d16eea1ec8b,ok,17629952.0,v1.12-1.13,0.0,0.0,0.0,True,0.0,0.0,0.09,6.0,actuator_outputs,per_channel,10723936,5774824,8.9,,C,,,,False,10.004114727344806,20.00390156598892,2.0000396070835578,254.436065,248.2654120000001,True,True,0.0,0.0,,main
8012e4d3-f162-4950-99c6-957b66e48cdc,ok,17695743.0,v1.14-1.15,0.0,0.0,0.0,True,0.0091949709138675,2.4985020000000304,0.4120235502719879,4.0,actuator_motors,none,25622969,14962115,9.8,,B,,0.0,4.0,True,10.00197071531134,20.00152820372601,2.0000189397142383,537.871432,532.8362039999997,,True,0.0,0.00026206905851127186,sensor_combined,main
522a1d3e-507c-486b-91a5-23de820f50cf,ok,17695743.0,v1.14-1.15,0.0,0.0,0.0,True,0.0,0.0,0.1931729018688202,4.0,actuator_motors,none,5117242,3467218,2.9,,B,,0.0,4.0,True,10.007971364447837,20.007580454996635,2.0000627759167062,130.881303,123.04137200000004,,True,0.0,0.0,,main
9ce25379-e5d9-4a56-bb70-d9e294a376ec,ok,17826240.0,v1.16+,0.0,0.0,0.0,True,0.0,0.0,0.3508505195379257,4.0,actuator_motors,none,4678696,3475783,3.9,,C,,0.0,4.0,True,10.009296907378161,20.00890853213178,2.0000241264171645,111.258922,104.82899100000003,,True,0.0,0.0,,main
77927978-1b51-4cc0-9f21-ccc4592e566d,ok,17761535.0,v1.14-1.15,0.0,0.0642857142857142,0.0,True,0.0017331022530329,0.0974950000000021,0.7637768864631651,4.0,actuator_motors,none,3215626,2603889,2.8,,A,,0.0,4.0,True,10.014971866705062,20.01516819602154,1.9999949037166895,67.655441,57.738693000000005,,True,0.0,0.0,,main
fdcd4e4e-430f-4209-8661-3ef6fc45d46e,ok,17826240.0,v1.16+,0.0,0.0,0.0,True,0.0,0.0,0.120778539776802,4.0,actuator_motors,none,21281739,12848296,7.3,,B,,0.0,4.0,True,10.00498442554894,165.1028171342398,1.9999760104400373,197.367357,190.73203299999992,,True,0.0,0.0,,main
1663eccb-3a85-4a37-bebe-9b11b78a6422,ok,17695744.0,v1.14-1.15,0.0,0.0,0.0,True,0.0033222591362126,0.1012569999999897,0.4363479666411876,4.0,actuator_motors,none,3322398,2301765,25.8,,C,,0.0,4.0,True,10.010823702587237,20.009735763976146,2.0000003913044244,92.36322,90.27007099999999,,True,0.0,0.0,,main
8b594286-4a1a-4c9f-a3c5-c1a444905f18,ok,17695488.0,v1.14-1.15,0.2508759635599159,0.0,0.0,False,0.0013962375073486,1.1026869999999462,0.4091777518391608,4.0,actuator_motors,none,96497786,36657317,47.1,,B,,0.0,4.0,True,10.000686860039927,20.00064179843736,2.0000033681958005,1367.747499,1360.1678899999977,,True,0.0,0.0,,main
8c38b6af-9b62-4705-8e91-478f563b9eae,ok,18350080.0,v1.16+,0.0224719101123595,0.0870786516853932,0.2901307966706302,True,0.0789149198520345,4.100959999999999,0.5744628247864798,4.0,actuator_motors,none,6691911,4417172,5.1,,B,,0.0,4.0,True,10.005692822312028,20.00540014816261,1.9999677258939517,167.843077,162.26594200000005,,True,0.0,0.0,,main
8dc2ae68-8c25-4f57-ae32-8db6f0f7e3e1,ok,17761535.0,v1.14-1.15,0.0,0.0327586206896551,0.0,True,0.0,0.0,0.0977054193615912,4.0,actuator_motors,none,62293359,26491756,40.0,,C,,0.0,4.0,True,8.525601317721202,169.7631027882873,1.7057925571019674,187.38813,184.70935300000008,,True,0.0,0.13828966183463787,vehicle_attitude,main
2d1ca690-12bb-4056-841e-8af5451c12b3,ok,17761280.0,v1.14-1.15,0.0,0.0,0.0,True,0.0,0.0,0.101646228134632,4.0,actuator_motors,none,64107871,33864883,41.3,,B,,0.0,4.0,True,10.0025378549818,200.0000448299238,2.000000513995043,393.521956,240.90002099999992,,True,0.0,0.0,,main
16ff7b55-1ad5-4af4-a2ba-595a2d2dfae5,ok,17695743.0,v1.14-1.15,0.0,0.0,0.0,True,,,,4.0,actuator_motors,none,2922441,1921249,2.4,,C,ground_only_actuator_motors,0.0,4.0,True,10.013318795057485,20.014836106834462,2.0034650740671562,74.910513,0.0,,True,0.0,0.0,,main
d5390baa-79d6-4553-be0a-aa430ac79921,ok,17630207.0,v1.12-1.13,0.0,0.0,0.0,True,0.0,0.0,0.075,6.0,actuator_outputs,per_channel,8256972,4580667,4.1,,C,,,,False,10.014714118718928,199.83794306736044,1.9998156021880293,67.651359,62.28141499999998,True,True,0.0,0.0,,main
60d95832-6715-486c-a835-fe72167fc251,ok,17695488.0,v1.14-1.15,0.9456427955133736,0.0,0.0,True,0.0,0.0,0.5230821371078491,4.0,actuator_motors,none,62680251,31692369,14.9,,B,,0.0,4.0,True,9.764785117078667,19.527021784083622,1.9522729118895872,1174.683246,1162.3921040000014,,True,0.0,0.024294661620368273,estimator_innovation_test_ratios,main
c507aeb7-c106-4037-af6f-f42cebc8cfc1,ok,17761280.0,v1.14-1.15,0.3290322580645161,0.0,0.0,True,0.0182115108625723,0.8014660000000049,0.2532373850233853,4.0,actuator_motors,none,8702876,5056921,4.6,,B,,0.0,4.0,True,10.012760272472137,175.37847817928824,2.0000077279210164,73.802336,71.08937200000001,,True,0.0,0.0,,main
9988a21a-4956-4392-9c23-5e97c08b7d28,ok,17826047.0,v1.16+,0.9011857707509882,0.0,0.0,True,0.2128953771289537,4.798176000000012,0.3631494343280792,4.0,actuator_motors,none,12777144,7929158,5.6,,A,,0.0,4.0,True,9.99991388634314,19.995500795364535,2.000008546571175,253.355717,246.62735499999997,,True,0.0,0.000272800292916149,sensor_combined,main
bb118a8c-6771-485a-a333-66b9cd2f552a,ok,17891583.0,v1.16+,0.0,0.0,0.0,True,0.0038240917782026,1.2012510000000134,0.5146385014057159,4.0,actuator_motors,none,20194068,13251959,9.9,,B,,0.0,4.0,True,10.00234225220711,20.002342977780376,2.0000012520523667,426.841782,418.35979499999945,,True,0.0,0.0,,main
9cf501aa-273b-4d6a-b893-273a8899d755,ok,17629951.0,v1.12-1.13,0.0,0.0,0.0,True,0.0066105769230769,0.5006030000000052,0.5345142857142855,6.0,actuator_outputs,bus,14714146,9117692,8.9,,B,,,,False,10.005758804087955,200.26365525430526,2.000072014497712,168.188973,166.37619099999995,False,False,0.0,0.0,,main
e2dcd680-18e0-4a7a-8877-f50f1f187a23,ok,17826559.0,v1.16+,0.0,0.0,0.0,True,0.0,0.0,0.0810872510075569,4.0,actuator_motors,none,12565042,7053063,4.8,,C,,0.0,4.0,True,9.998995546447382,199.92079174056855,2.0000008557217592,100.748682,91.73004199999998,,True,0.0,0.0,,main
881bf26f-3aa1-4193-a7d0-1aaa128263af,ok,33620224.0,,0.0,0.0,0.0,True,0.0,0.0,0.1138774394989013,4.0,actuator_motors,none,11416056,6425188,5.4,not_px4_v2,,,0.0,4.0,True,9.999677193826832,199.40450993752972,2.0000101099412153,91.455704,86.93279000000001,,True,0.0,0.0,,main
aa4aab21-8851-4945-beea-2b6d851d20e2,ok,17629696.0,v1.12-1.13,0.0,0.0,0.0,True,0.0336897316925559,0.0250490000000027,0.7100000000000001,6.0,actuator_outputs,per_channel,8452296,4610594,5.3,,B,,,,False,10.013089827011626,199.40035188977726,1.9999886803361766,74.347403,69.39697199999996,True,True,0.0,0.0,,main
5a2917fe-cf7e-463a-824a-319d3db7455a,ok,17761280.0,v1.14-1.15,0.0,0.0,0.0,False,0.0,0.0,0.6000000234140981,4.0,actuator_motors,none,11390111,3042275,5.8,,B,,0.0,4.0,True,1.9795747013773495,42.998379312083784,0.369494609495927,159.895993,165.507743,,True,0.0,0.8332294882267957,vehicle_attitude,main
26f01b44-c513-4b08-b9a9-0fdb4dcc2ea7,ok,17695488.0,v1.14-1.15,0.5649419218585006,0.0,0.0,False,0.0,0.0,0.022979736328125,4.0,actuator_motors,none,11534336,6184004,6.2,,B,,0.0,4.0,True,9.943730229125691,19.783414786762602,2.0025128036872086,475.820104,473.94985299999985,,True,0.0,0.02388894762936425,sensor_combined,main
8d5ea87a-319f-4563-9d3c-01c1fc47f8f3,ok,17629696.0,v1.12-1.13,,,0.0,True,,,,4.0,actuator_motors,none,10875980,4743639,5.5,,B,ground_only_actuator_motors,0.0,4.0,True,10.005022030568021,20.00482652789608,2.0050725025946012,201.460218,0.0,,True,0.0,0.0,,main
2e4c185d-cf3a-48cf-ac7b-bdaba8e072b5,ok,17826047.0,v1.16+,0.0,0.0,0.0,True,0.0,0.0,0.1561065912246704,4.0,actuator_motors,none,149305769,48023330,37.5,,C,,0.0,4.0,True,9.182952974199077,183.47937683529784,1.8319065140066697,286.184328,280.0856759999999,,True,0.0,0.044475010607794255,vehicle_attitude,main
bc3980db-4e18-4fea-871e-9d5337b4f1ad,ok,17761535.0,v1.14-1.15,0.1161290322580645,0.0,0.131578947368421,True,0.0152354570637119,0.5012779999999992,0.2582887530326843,4.0,actuator_motors,none,2865320,2043243,2.9,,C,,0.0,4.0,True,10.01205541289624,20.01211366505665,2.000080323225781,75.621134,72.239653,,True,0.0,0.0,,main
7ce331e6-ea9b-4414-8563-dbdfc9ccefb7,ok,17891392.0,v1.16+,0.5305263157894737,0.0,0.0,True,0.4082710074791025,74.898647,1.0,4.0,actuator_motors,none,9345978,5906333,11.0,,A,,0.0,4.0,True,10.004043901376273,20.003866703965738,1.9999811540237409,234.265078,227.39024899999998,,True,0.0,0.0,,main
56e95f47-9876-4ce4-b352-ed7dbb177539,ok,17761535.0,v1.14-1.15,0.9940828402366864,0.0,0.0,True,,,,4.0,actuator_motors,none,26935296,15177406,12.1,,A,ground_only_actuator_motors,0.0,4.0,True,10.0009762829637,20.00094908173519,2.0009874601912716,1017.016744,0.0,,True,0.0,0.0,,main
25b5e13c-299c-499e-8026-c718df367bd6,ok,17564928.0,v1.12-1.13,0.0,0.0,0.0,False,0.0267921795800144,2.8004029999999887,0.1894117647058823,4.0,actuator_outputs,global,135880647,40194209,26.3,,B,,,,False,24.55156033444188,24.550497577705475,1.9658654337844825,1670.559601,140.71053700000007,True,True,0.0,0.018097806316023916,sensor_combined,main
14d0065d-db7f-45c6-b845-719b18c4d317,ok,255.0,,0.0112079701120797,0.0049813200498132,0.0,True,0.0,0.0,0.0020000115036964,4.0,actuator_motors,none,195675481,125832471,54.6,not_px4_v0,,,0.0,4.0,True,9.808964452054372,196.1412981431698,1.962019647681909,816.455731,7.807942000000001,,True,0.0,0.019333658659474486,vehicle_attitude,main
9b080d19-abbb-4e1b-b044-7b8ae9fe6620,ok,17694975.0,v1.14-1.15,0.0,0.0,0.0,True,0.0012165450121654,0.1019869999999976,0.7134287305176256,4.0,actuator_motors,none,3366598,2250718,3.1,,C,,0.0,4.0,True,10.010959934645882,20.011558740585862,2.0000624296943372,86.880796,82.18917800000001,,True,0.0,0.0,,main
e3cc757b-5762-48fb-bb70-fadc6bbc8459,ok,17694720.0,v1.14-1.15,0.0,0.0,0.0,True,0.0,0.0,0.4140216261148453,4.0,actuator_motors,none,3496971,2020655,3.2,,B,,0.0,4.0,True,10.005113489353365,16.826952461141264,2.000309190649183,137.544683,137.051093,,True,0.0,0.0,,main
3958590c-6b56-4df8-b0ed-e6b9460c79e3,ok,17760511.0,v1.14-1.15,0.0,0.0,0.0,True,0.0,0.0,0.1241952627897262,4.0,actuator_motors,none,18468111,8474768,10.8,,B,,0.0,4.0,True,10.002695368704863,20.002574001273803,1.9999841541691918,390.219971,32.681135000000005,,True,0.0,0.0,,main
70796863-de94-4feb-af58-fef94b678991,ok,17694720.0,v1.14-1.15,0.1451187335092348,0.0,0.0,True,0.0,0.0,0.1579232186079024,4.0,actuator_motors,none,63022700,20569674,18.1,,C,,0.0,4.0,True,10.00393804990779,20.003854905083173,94.4776226437639,334.223096,323.4663959999997,,True,0.0,0.0004871887931462378,estimator_innovation_test_ratios,main
3c53b37f-085a-4070-a767-35ba85415272,ok,17891583.0,v1.16+,0.0,0.0,0.0,True,0.0,0.0,0.1596965769305825,4.0,actuator_motors,none,53976877,20859226,14.4,,A,,0.0,4.0,True,9.991542214506973,199.54236446122323,1.9999990638302254,117.801916,113.76007999999992,,True,0.0,0.0,,main
06693148-ba61-4c90-98c8-ae378a6c454a,ok,17826047.0,v1.16+,0.0,0.0,0.0,True,0.0,0.0,0.2251817673444748,4.0,actuator_motors,none,74239355,24110402,19.2,,B,,0.0,4.0,True,9.999787626660176,193.3213489291377,1.9999642629336625,122.43512,118.70958000000006,,True,0.0,0.0,,main
f0d956f3-99ae-4ed2-a454-b9b3a70dd8cf,ok,17825984.0,v1.16+,0.0,0.0,0.0,True,0.0,0.0,0.2400000095367431,4.0,actuator_motors,none,3814214,2635616,2.4,,B,,0.0,4.0,True,10.008876027824899,20.009313832561613,1.9998116797057675,106.947146,95.94511399999995,,True,0.0,0.0,,main
d9e0c5ea-084b-4b02-b502-f779787dd156,ok,17564671.0,v1.12-1.13,0.0,0.0,0.0,False,,,,6.0,actuator_outputs,none,4443936,2132923,4.9,,C,no_pwm_params,,,False,10.014921781653682,20.01475644351382,2.0150765909400885,66.430672,64.04939699999998,False,False,0.0,0.0,,main
9e4c8084-12fd-426f-9e4d-bb87674e4938,ok,17499135.0,v1.12-1.13,0.0,0.0,0.0,True,0.0,0.0,0.359,8.0,actuator_outputs,global,6638428,4634402,4.9,,A,,,,False,9.999824155862477,19.99965326044939,4.999907644332426,185.761547,177.09082499999994,False,False,0.0,0.0,,main
1af4fd5c-77bf-448c-aa58-d5334bec6dc9,ok,17695488.0,v1.14-1.15,0.8814229249011858,0.0197628458498023,0.0,False,0.8636363636363636,94.295988,0.9999999999617192,4.0,actuator_motors,none,8585216,3977932,4.3,,B,,0.0,4.0,True,9.998894928008088,19.992462217798703,2.0000102842634093,190.69541,188.78107700000004,,True,0.0,0.13678760800390935,sensor_combined,main
0046fcfc-74e4-4eb0-bc2a-1349ae39c979,ok,17761535.0,v1.14-1.15,0.0,0.0,0.0,True,,,,,actuator_motors,none,15679615,8441095,6.7,,B,ground_only_actuator_motors,0.0,0.0,False,9.927006091605099,19.856076204079354,1.9853688208209075,410.856296,0.0,,False,0.0,0.008038884666802353,vehicle_local_position,main
2e160109-d45f-4ab6-a819-d09b0d39d9ab,ok,17302016.0,v1.12-1.13,0.0,0.0,,,0.0,0.0,0.4331428571428571,8.0,actuator_outputs,global,430872,392934,1.6,,B,,,,False,4.306615895806232,13.153454263550248,0.0,48.086662,0.0,False,False,,0.06196891066407748,vehicle_local_position,main
7b45f395-7c8d-48ef-904d-18871b82dfa6,ok,17825856.0,v1.16+,0.0,0.0,0.0,True,0.0,0.0,0.271574230492115,4.0,actuator_motors,none,4567194,2627278,2.9,,B,,0.0,4.0,True,10.008606251978458,20.008370625190317,2.000067824522227,112.727978,110.242114,,True,0.0,0.0,,main
c3f02216-012e-4e46-8ee1-4764a981b5ad,ok,17694975.0,v1.14-1.15,0.5064935064935064,0.0173160173160173,0.0,True,0.0,0.0,0.5206478122621774,4.0,actuator_motors,none,7065689,5056411,3.8,,C,,0.0,4.0,True,9.955773860682298,19.903690296478334,1.9822131520846962,113.898353,108.00056000000002,,True,0.0,0.005675160045713718,vehicle_attitude,main
4997a8dd-e38a-4ec3-8451-66d2f0e60c19,ok,17826240.0,v1.16+,0.0,0.0,0.0,True,0.0018176310209027,0.4025549999999498,0.1389656364917755,4.0,actuator_motors,none,14362107,8015171,4.2,,B,,0.0,4.0,True,10.004276390673832,20.003185861688927,2.0000373023301914,336.887532,330.03186,,True,0.0,0.00016599547609771147,sensor_combined,main
1e90d3fe-d470-4506-8fb3-fb977a7b5740,ok,17695488.0,v1.14-1.15,0.0883905013192612,0.0092348284960422,0.0,True,0.0,0.0,0.1103700280189513,4.0,actuator_motors,none,14001369,8779090,5.5,,A,,0.0,4.0,True,10.002590623239014,20.002606570608847,1.99996073383866,376.772328,370.64442899999983,,True,0.0,0.0,,main
37f5014b-c8fc-447d-9974-f72adcd6ff34,ok,17826047.0,v1.16+,0.0196078431372549,0.0,0.0432432432432432,True,0.1847415215886706,1.887211999999998,0.4997286170721046,4.0,actuator_motors,none,8548718,5704347,4.1,,A,,0.0,4.0,True,9.999512642477452,196.68539359961412,2.000146622993261,73.681896,70.03487700000001,,True,0.0,0.0012836131528398827,vehicle_attitude,main
5139e822-f7bc-4368-adca-11e2fab11a4e,ok,17825984.0,v1.16+,0.0,0.0,0.0,False,0.0,0.0,0.1692109555006027,4.0,actuator_motors,none,4039997,2769411,3.4,,C,,0.0,4.0,True,10.010326768916777,20.009298122398157,1.9997933338576541,96.540604,94.850016,,True,0.0,0.0,,main
99402f68-ccb0-42d1-9a9e-6f3c97b2a62d,ok,16777984.0,v1.12-1.13,0.0,0.0,0.0,True,0.0,0.0,0.1313649401068687,4.0,actuator_motors,none,5004435,3418514,3.9,,B,,0.0,4.0,True,10.009745710646088,20.00974541853341,1.9999988823535657,102.584406,98.43017599999999,,True,0.0,0.0,,main
db43ec11-e2cb-4c18-9641-dffd72587860,ok,17761280.0,v1.14-1.15,0.0,0.0,0.0,True,0.0221066319895968,1.5990409999999995,0.2971905946731566,4.0,actuator_motors,none,2898990,1948705,2.5,,C,,0.0,4.0,True,10.011659208952562,20.012643567782646,1.9997454311797733,82.259964,76.885679,,True,0.0,0.0,,main
e1892af8-6963-492e-82a2-3aab47b7db62,ok,17761023.0,v1.14-1.15,0.0,0.0,0.0,True,0.0,0.0,0.1029768586158752,4.0,actuator_motors,none,15970237,9709675,4.7,,C,,0.0,4.0,True,10.006996867069756,199.9930900185723,2.000001333334222,142.881744,135.6799019999999,,True,0.0,0.0,,main
77571905-3d44-4b22-8986-8030a9379225,ok,17629184.0,v1.12-1.13,0.0,0.0,0.1423682409308692,True,0.0,0.0,0.2884462743997572,4.0,actuator_motors,none,9519550,6058209,3.8,,A,,0.0,4.0,True,10.00011266382919,19.99993045883181,1.9999630401341435,292.056481,225.00403099999986,,True,0.0,0.0,,main
9b3a8392-565c-4c1e-8bde-ebb9b3d5f518,ok,17760767.0,v1.14-1.15,0.0,0.0,0.0,True,0.038361246270061,4.21109100000001,0.0924298614263533,4.0,actuator_motors,none,15068943,8868769,6.5,,A,,0.0,4.0,True,9.970195550075399,220.88343125331835,1.9999855168335061,134.834794,130.63003,,True,0.0,0.004225811447364412,vehicle_attitude,main
7c226bef-bb09-40e8-8f52-d1563cdcb456,ok,17760256.0,v1.14-1.15,0.1307901907356948,0.0,0.0526315789473684,True,0.0097199977909095,0.609575999999997,0.2061736911535263,4.0,actuator_motors,none,25646473,12439981,6.3,,B,,0.0,4.0,True,10.004628197718716,199.62988881258872,1.999984259475504,201.026944,68.72701800000002,,True,0.0,0.0,,main
ef919789-9ea2-416a-876b-495af1ee11d7,ok,16779519.0,v1.12-1.13,0.0,0.0,0.0,True,0.0,0.0,0.2190194472670555,4.0,actuator_motors,none,67397150,25488028,12.8,,C,,0.0,4.0,True,9.56275055863953,190.5074062515773,1.8943089276885454,123.280638,116.46996799999997,,True,0.0,0.04268821755028095,vehicle_attitude,main
4ecd843b-11c3-44e1-9a9d-49e59a64db1c,ok,17760256.0,v1.14-1.15,0.0,0.0,0.0,True,0.0,0.0,0.2455202668905257,4.0,actuator_motors,none,5514190,3625597,1.9,,B,,0.0,4.0,True,10.007561074984944,20.00720781597708,2.0000678277547697,137.519923,133.80977099999996,,True,0.0,0.0,,main
f83a61c5-afef-4270-bdb7-8d51907d6ff8,ok,17826559.0,v1.16+,0.0,0.2566191446028513,0.0,True,0.0,0.0,0.3053089067339897,4.0,actuator_motors,none,11633376,7833746,3.7,,C,,0.0,4.0,True,10.004077324233867,20.00367022089536,1.9999999428571444,244.892638,243.79031900000012,,True,0.0,0.0,,main
3310fabf-a608-41dd-aa6a-4a18582730bb,ok,17629952.0,v1.12-1.13,0.0,0.0,0.0,True,0.0,0.0,0.304,6.0,actuator_outputs,per_channel,7763025,3930984,2.8,,B,,,,False,10.013573590518384,135.35658959767255,1.999707435906584,72.763239,67.779385,True,True,0.0,0.0,,main
e34c6e15-3bfa-4f33-b36e-d4bea8659ea5,ok,17760384.0,v1.14-1.15,0.0,0.015267175572519,0.0,True,0.2909336148252404,5.6557849999999945,0.4311752617359161,4.0,actuator_motors,none,6940791,4117052,2.7,,C,,0.0,4.0,True,9.764503607788793,170.06375322508464,1.9373255038711936,63.702678,61.664999999999985,,True,0.0,0.026714931957033058,vehicle_local_position,main
e9d55142-5e28-4fa2-ac37-35dcd66a58a2,ok,17825984.0,v1.16+,0.0,0.3202614379084967,0.0,True,0.0,0.0,0.4925194092094899,4.0,actuator_motors,none,3754787,3083336,4.6,,C,,0.0,4.0,True,10.013415679735996,20.01330472606421,2.0000530898446027,73.947195,69.48587800000003,,True,0.0,0.0006878395231368465,sensor_combined,main
9b9eb35b-e39b-41f6-9114-2e5e74962f41,ok,17761535.0,v1.14-1.15,0.0,0.0,0.0,True,0.0,0.0,0.4218112215399742,4.0,actuator_motors,none,41718583,25543153,10.2,,B,,0.0,4.0,True,9.942618986385641,220.68493294145472,1.9884954560910448,348.320709,341.42776499999974,,True,0.0,0.0060143232628295865,vehicle_attitude,main
880cf714-ff55-4f37-a498-47d8c70af6b9,ok,17826240.0,v1.16+,0.0,0.0,0.0,False,0.027254353551232,0.0625409999999959,0.7499535698443651,4.0,actuator_motors,none,36817235,17609218,10.4,,C,,0.0,4.0,True,6.946242343512556,136.83623636269317,1.2307452244750172,91.510538,87.424661,,True,0.0,0.07684724225938991,sensor_combined,main
211b9e0d-c276-4de9-a9bd-63678a4fbe63,ok,17761535.0,v1.14-1.15,0.0,0.0,0.0,True,0.0,0.0,0.2342442512512205,4.0,actuator_motors,none,16642054,10455476,4.2,,C,,0.0,4.0,True,10.002393234311548,20.002308961645756,1.9999819030280108,401.857513,391.75528000000037,,True,0.0,0.0,,main
2cc1f885-f88a-4fd1-b58a-bcb8984a55dc,ok,17825984.0,v1.16+,0.0,0.1156462585034013,0.0,True,0.0,0.0,0.2399999946355819,4.0,actuator_motors,none,2678444,1915468,2.2,,C,,0.0,4.0,True,10.013440277428725,20.01318714234548,1.9999193039553578,71.948811,68.56360000000001,,True,0.0,0.0,,main
c07302c9-059c-4326-9462-ee469649d897,ok,17563648.0,v1.12-1.13,0.0,0.0,0.0,True,0.0060137457044673,0.4182359999999931,0.3985714285714286,6.0,actuator_outputs,bus,9919719,5406181,29.7,,A,,,,False,10.009728645426376,165.88477552833842,2.0095781518663327,103.292804,98.98780499999997,True,True,0.0,0.0,,main
8c6e7f4e-f8bb-407e-a11f-1741b0d292ab,ok,17760256.0,v1.14-1.15,0.0,0.0,0.0,False,0.0,0.0,0.1599999671177435,4.0,actuator_motors,none,10238084,5441071,4.5,,B,,0.0,4.0,True,9.909273409719447,168.57374992021442,1.9768816790226178,87.408711,83.927815,,True,0.0,0.01070152352833827,vehicle_attitude,main
0a0eabb0-d71d-4a21-a942-1f67357f8381,ok,17761280.0,v1.14-1.15,0.0,0.0,0.0,True,0.0,0.0,0.4117392674088477,4.0,actuator_motors,none,29569413,7705030,8.9,,B,,0.0,4.0,True,3.5786182884830215,72.3866457076645,0.7123442890728194,111.850517,107.92391300000001,,True,0.0,0.5936712016066118,vehicle_attitude,main
81494303-30b9-4458-83a2-28a77af0e09c,ok,17695743.0,v1.14-1.15,0.0,0.0,0.0,True,0.0,0.0,0.2118298225104808,4.0,actuator_motors,none,2608449,1706361,10.7,,A,,0.0,4.0,True,9.976289845894893,19.951678462476472,1.9998888110598827,82.269905,81.34438600000001,,True,0.0,0.0024210605261864946,sensor_combined,main
fb70a200-24ad-41a1-839c-c6b1fd684d6f,ok,17630207.0,v1.12-1.13,0.0,0.0,0.0,True,0.0,0.0,0.874,6.0,actuator_outputs,per_channel,2952696,1833112,4.4,,B,,,,False,9.99973509296316,20.000596987516143,1.9998768197698928,98.479156,97.88465000000001,True,True,0.0,0.0,,main
877f6c85-0000-4c19-9d57-83c0c42e204e,ok,17825792.0,v1.16+,0.0,0.0,0.0,True,,,,4.0,actuator_motors,none,26882345,14233902,11.7,,A,ground_only_actuator_motors,0.0,4.0,True,10.001711743612594,20.001760263264845,2.0000208355005853,556.431911,0.0,,True,0.0,0.0,,main
31eb01b8-fafb-44a5-931a-7a53326128fd,ok,17826240.0,v1.16+,0.0,0.0,0.0,True,,,,4.0,actuator_motors,none,83649831,48171533,17.3,,C,ground_only_actuator_motors,0.0,4.0,True,10.000536369813604,20.0005565516333,1.9999969025179152,1810.757015,0.0,,True,0.0,0.0,,main
c60c64e1-2809-4b70-a424-4ce19759ab83,ok,17760320.0,v1.14-1.15,0.0,0.0,0.0,True,0.0,0.0,0.1530197262763975,4.0,actuator_motors,none,3442224,2754616,3.8,,C,,0.0,4.0,True,9.952010341574287,19.887814354183117,2.013157045153558,62.171005,58.55245699999998,,True,0.0,0.007889763380895065,sensor_combined,main
afcf3d85-8d2f-4415-8437-ed7cdd9456a1,ok,17760768.0,v1.14-1.15,0.0,0.0,0.0,False,0.0,0.0,0.5273452512919903,4.0,actuator_motors,none,5760652,3080959,3.8,,B,,0.0,4.0,True,10.008135321452738,20.008206688364602,2.0000032592645707,135.60693,132.29236099999997,,True,0.0,0.0,,main
3a485774-3a19-4be6-9f31-4c0386061711,ok,17825984.0,v1.16+,0.0,0.0172413793103448,0.0,True,0.0,0.0,0.4243712007999419,4.0,actuator_motors,none,9516641,5779000,6.7,,B,,0.0,4.0,True,9.999464804058714,197.83823060496024,1.9881453204225954,84.542965,81.54497000000005,,True,0.0,0.0013180688426313821,sensor_combined,main
35064c9b-5275-424d-989f-f954fbd4f5a0,ok,17695488.0,v1.14-1.15,0.0,0.0,0.0,True,0.0,0.0,0.2294026911258696,4.0,actuator_motors,none,21054560,10688091,8.4,,B,,0.0,4.0,True,10.002552208922786,20.00254170976945,2.0000173607645078,391.669308,380.286638,,True,0.0,0.0,,main
58606428-791c-4854-ba28-ea08321d865c,ok,17695488.0,v1.14-1.15,0.0125588697017268,0.0136054421768707,0.0028929604628736,False,0.0433884297520661,4.098230000000001,0.1054150875657796,4.0,actuator_motors,none,29936215,16302315,10.6,,C,,0.0,4.0,True,10.001165468023629,20.00123857001517,1.999993117706242,829.368573,96.45394999999999,,True,0.0,0.0,,main
1f877cee-487e-4458-8788-62c03b4953f3,ok,17761535.0,v1.14-1.15,0.0,0.0,0.0,True,0.0011527377521613,0.2037730000000124,0.2682316660881041,4.0,actuator_motors,none,7589867,5290285,8.4,,A,,0.0,4.0,True,10.005188291347862,20.00525252737467,2.000030986235052,176.183309,173.498466,,True,0.0,0.0,,main
1fe65d2c-fe21-47e3-862a-76f5d8f6ed38,ok,17694975.0,v1.14-1.15,0.0,0.0,0.0,True,0.0017979371037441,0.0297610000000076,0.2919266238808631,4.0,actuator_motors,none,27156579,15773107,11.1,,B,,0.0,4.0,True,8.894790585366273,177.8465646594344,1.7673112128266326,94.889874,89.650128,,True,0.0,0.11032263392929326,vehicle_attitude,main
6e4d0d35-5bf7-4c94-a6ab-cfa2e14400b2,ok,17630207.0,v1.12-1.13,0.0,0.0,0.0,True,0.0,0.0,0.159,6.0,actuator_outputs,per_channel,80716674,43866439,19.4,,C,,,,False,9.997879334237702,19.996291104391126,1.9989361245962958,1889.780228,1881.0640839999971,True,True,0.0,0.00021665044111874164,sensor_combined,main
de397d02-3a93-4fb9-a3c8-850757cd0b67,ok,17761535.0,v1.14-1.15,0.0,0.0,0.0,True,0.0,0.0,0.2900368317961692,4.0,actuator_motors,none,10391299,6235455,4.6,,B,,0.0,4.0,True,9.989625312494773,199.64760606443622,1.9999997708333597,96.273991,91.730056,,True,0.0,0.001814263025651022,vehicle_attitude,main
046fe741-f60b-4691-9708-7e58150f8b23,ok,17761535.0,v1.14-1.15,0.0,0.0,0.0,True,0.5826522597490819,22.712503,1.0,4.0,actuator_motors,none,69965890,23190860,15.0,,B,,0.0,4.0,True,9.47082279742922,189.64023773996823,1.8914728975422155,129.565183,124.07969700000004,,True,0.0,0.04774411064429441,vehicle_attitude,main
f48ace81-9bd3-4960-8ccc-e1ac9b7da0e3,ok,17761535.0,v1.14-1.15,0.0,0.0,0.0,True,0.0,0.0,0.159660430252552,4.0,actuator_motors,none,2645526,2021388,3.0,,A,,0.0,4.0,True,10.01591231996638,20.014218741448925,2.000000451613005,62.048867,59.40634999999999,,True,0.0,0.0,,main
c93e05ce-8a6c-4d31-bce5-9525de90c1c7,ok,17629952.0,v1.12-1.13,0.0222222222222222,0.0,0.0,True,0.0,0.0,0.2371116757392883,4.0,actuator_motors,none,2912228,2114960,3.4,,C,,0.0,4.0,True,10.015803475068845,20.015352865223136,2.000008000032,66.608479,60.271235999999995,,True,0.0,0.0,,main
acd377e7-d4b7-4bc3-a388-522410ccb7d5,ok,17825792.0,v1.16+,0.0,0.0,0.0,True,0.0,0.0,0.0767053067684173,4.0,actuator_motors,none,22173163,13939469,5.7,,C,,0.0,4.0,True,10.001917734420532,20.002016762312078,2.000005193137852,494.755636,486.10132,,True,0.0,0.0,,main
559ec7c2-3452-487e-9ff5-40ab945a23ec,ok,17695488.0,v1.14-1.15,0.2184873949579832,0.0,0.0,True,0.0424610051993067,4.900773999999998,0.143777623772621,4.0,actuator_motors,none,4415303,2827158,2.6,,C,,0.0,4.0,True,10.00759896331703,20.007694426074153,1.9999976540111906,118.721708,115.468113,,True,0.0,0.0,,main
9e311830-277f-4817-bdea-f2d7b4986476,ok,17761535.0,v1.14-1.15,0.0,0.0,0.0,True,0.0,0.0,0.1483207512646913,4.0,actuator_motors,none,9731106,5721468,3.9,,C,,0.0,4.0,True,10.012881889414082,247.0085411300127,2.000051542729566,78.759989,76.83307500000004,,True,0.0,0.0,,main
4eeec966-d65d-453f-9d6c-dc6c2b2c034f,ok,17761023.0,v1.14-1.15,0.0,0.0,0.0,True,0.003831417624521,0.5012500000000024,0.283123716711998,4.0,actuator_motors,none,8232761,4920617,4.8,,A,,0.0,4.0,True,10.006157019325306,20.006159360136888,1.9999986419762308,162.479637,156.55008799999985,,True,0.0,0.0,,main
3ddb46c8-3d42-412c-bfe5-de9d6e813785,ok,17761280.0,v1.14-1.15,0.0,0.0,0.0,True,0.0084388185654008,0.4016759999999983,0.2457718551158905,4.0,actuator_motors,none,3093984,2313960,2.5,,B,,0.0,4.0,True,10.013000968362956,20.013543046529882,2.000175132575746,72.436872,71.07890199999997,,True,0.0,0.0,,main
717e0325-5fa4-4e21-99fa-48fb83b2a4b1,ok,17825984.0,v1.16+,0.0,0.0,0.0,True,0.0187747035573122,1.2007930000000044,0.2588810712099071,4.0,actuator_motors,none,4602915,3326335,2.8,,B,,0.0,4.0,True,10.008328642567951,20.00921866164285,2.000109671171924,110.845413,101.176277,,True,0.0,0.0,,main
80a2cda4-3a7e-463e-9342-eef61e6bded2,ok,17695999.0,v1.14-1.15,0.0,0.0,0.0,True,3.1645569620253167e-05,0.0014829999999999,0.3061388090252876,4.0,actuator_motors,none,28990483,9885485,8.7,,A,,0.0,4.0,True,9.671393037202035,215.80430006486637,1.9400445037185692,67.087217,58.952455000000015,,True,0.0,0.021469199427700876,vehicle_attitude,main
74a3ad97-8403-4741-84a0-55389c07914f,ok,17825792.0,v1.16+,0.0,0.0,0.0,True,2.7040181710021093e-05,0.0029710000000022,0.280510726571083,4.0,actuator_motors,none,15021962,9748032,8.8,,B,,0.0,4.0,True,10.006860848120114,160.77076571661212,2.0000128709315383,135.454571,129.43832999999998,,True,0.0,0.0,,main
6be82620-0f1b-4046-867e-7f93b9566edb,ok,17629184.0,v1.12-1.13,0.0,0.0,0.2892690513219285,True,0.0394842351733649,1.4849389999999971,0.4882627725601196,4.0,actuator_motors,none,75906924,31431325,12.7,,C,,0.0,4.0,True,9.645721889475332,188.3695889430535,1.939371768848491,132.827218,131.40064700000002,,True,0.0,0.038476491182519834,vehicle_local_position,main
f1d07e44-8e16-4391-9c2c-6cb1cbc1f2f5,ok,17760256.0,v1.14-1.15,0.0,0.0,0.0,True,0.0,0.0,0.0898147463798522,4.0,actuator_motors,none,16827680,10528127,4.2,,A,,0.0,4.0,True,10.002237474324442,20.0021161733713,1.9999770915972952,427.372899,422.033776,,True,0.0,0.0,,main
3833b517-ff13-4234-bb6e-ee3f50b12d1a,ok,17761023.0,v1.14-1.15,0.0,0.0,0.0,True,0.0018382352941176,0.101237999999995,0.1733264699578285,4.0,actuator_motors,none,2647902,2034775,1.9,,B,,0.0,4.0,True,10.015689884807303,20.015697082628883,2.000001015873532,63.868515,54.390175,,True,0.0,0.0,,main
b8070b86-e076-4faa-a0ad-8cd6bfd748db,ok,17629951.0,v1.12-1.13,0.0,0.0,0.0,True,0.0,0.0,0.306,6.0,actuator_outputs,per_channel,4441826,2905639,2.4,,A,,,,False,10.007740798527335,20.007804933778438,2.0000697214387193,121.365138,116.21245499999999,False,False,0.0,0.0,,main
8111037a-c534-4f10-941b-1a83e356cd22,ok,17826304.0,v1.16+,0.0434782608695652,0.0197628458498023,0.0,True,0.0008583690987124,0.1021819999999991,0.2153728127479553,4.0,actuator_motors,none,4689883,3183075,2.8,,C,,0.0,4.0,True,10.008611078412233,20.00812979478303,1.9999122883656626,119.812564,116.49892799999999,,True,0.0,0.0,,main
f34186fe-6d76-44a6-9b65-3bbd65b06ae4,ok,17761280.0,v1.14-1.15,0.0,0.0,0.0,True,0.1780104712041884,5.298746999999999,0.5777575075626372,4.0,actuator_motors,none,3949092,2964825,3.2,,C,,0.0,4.0,True,10.009091287947422,20.010116023200457,1.9997986395643939,98.612668,95.54012500000003,,True,0.0,0.0,,main
f2825e63-b775-45fd-b17c-45b317f43a17,ok,17695488.0,v1.14-1.15,0.9642857142857144,0.0,0.0,True,0.0001472103636095,0.0210179999999979,0.2505366057157516,4.0,actuator_motors,none,19533062,10876249,5.9,,B,,0.0,4.0,True,10.005485468742569,219.07435147970168,2.0000181494184304,168.095585,167.306198,,True,0.0,0.0,,main
67e8a2e9-cb96-44c7-8fa7-707067cc0c0f,ok,17694720.0,v1.14-1.15,0.0,0.0,0.0,True,0.0,0.0,0.1045688182115554,4.0,actuator_motors,none,12258321,2985024,29.8,,B,,0.0,4.0,True,10.013868260085435,20.014822913755882,114.56813269253452,68.190548,62.23944000000013,,True,0.0,0.0,,main
5843b69d-496b-4b52-a17d-b654478f4f13,ok,17695488.0,v1.14-1.15,0.0246406570841889,0.0,0.0,True,0.0,0.0,0.0865588784217834,4.0,actuator_motors,none,26390536,16057962,43.2,,B,,0.0,4.0,True,10.00406599967761,192.02251714864857,2.000017223967633,243.962539,236.6922219999999,,True,0.0,0.0,,main
ba8cd3d0-a94f-4c95-9421-c8b0fd3e992d,ok,17694720.0,v1.14-1.15,0.0,0.0,0.0,True,0.1586520873135238,0.2998459999999987,0.6970603168010712,4.0,actuator_motors,none,32501389,16400116,52.6,,C,,0.0,4.0,True,100.028432920532,200.0499185043267,2.0001261412886437,67.758339,61.88862999999999,,True,0.0,0.0,,main
7a10c97d-79c5-4186-b2cd-2fc728ee62ff,ok,17760256.0,v1.14-1.15,0.0,0.0,0.0,False,0.6732939279957012,125.30015,0.8908491283655167,4.0,actuator_motors,none,6818150,4252476,23.0,,C,,0.0,4.0,True,10.004776642243906,20.004798916566912,2.0000870757909315,188.092251,185.3082999999999,,True,0.0,0.0,,main
6db84938-1ac7-47a0-bd89-72fc36598c89,ok,17826240.0,v1.16+,0.0,0.0,0.0,False,0.0,0.0,0.0741289138793945,4.0,actuator_motors,none,62139519,7491256,77.5,,A,,0.0,4.0,True,10.010020541584195,199.97999398537124,1.9999961005101157,99.624472,95.76006400000003,,True,0.0,0.0,,main
4c065496-f908-49ba-af1c-4597de7db7d6,ok,17695744.0,v1.14-1.15,0.1160949868073878,0.2717678100263852,0.0,True,0.8556311413454271,33.600244,0.999999992338703,4.0,actuator_motors,none,5808489,3864904,5.2,,C,,0.0,4.0,True,10.006462379226706,20.007019463873775,2.0002605156816156,137.0103,132.29371,,True,0.0,0.0,,main
ee6e3cd6-436d-4a1e-aa86-09c8e798a255,ok,17825856.0,v1.16+,0.0,0.0,0.0,True,0.0,0.0,0.1037914276123046,4.0,actuator_motors,none,13220047,8215892,6.0,,B,,0.0,4.0,True,10.003372046418427,20.003233315297624,2.000048552415389,283.561975,278.49347799999975,,True,0.0,0.0,,main
6cca9a9a-545b-41a3-9cd7-1a911cf0bcb2,ok,17760511.0,v1.14-1.15,0.0,0.1695501730103806,0.0,True,0.0,0.0,0.2214470267295837,4.0,actuator_motors,none,20831405,11090517,6.3,,C,,0.0,4.0,True,9.99934963877808,199.28309711643556,0.992604467083069,136.131742,83.70686299999998,,True,0.0,0.001357052261871714,sensor_combined,main
bdd51f3b-ff5f-415f-85e3-a87c1031fa9d,ok,17761280.0,v1.14-1.15,0.0,0.0,0.0,True,0.0,0.0,0.2802044004201889,4.0,actuator_motors,none,53628927,33836296,20.5,,C,,0.0,4.0,True,10.00065203438736,20.000644772456724,2.0000002674533297,1526.240549,1521.0926420000023,,True,0.0,0.0,,main
acf83432-0776-4176-b229-8feba0011ef9,ok,17761280.0,v1.14-1.15,0.0,0.0,0.0,True,0.0,0.0,0.4968776565780781,4.0,actuator_motors,none,16528754,7678237,5.4,,B,,0.0,4.0,True,10.008331338071715,248.91031088892709,1.9999837082872174,117.224001,22.259584999999994,,True,0.0,0.0,,main
ce5ca1ca-edae-4aa6-bb68-4682e79a1ac3,ok,18350592.0,v1.16+,0.0,0.0,0.0,True,0.0,0.0,0.1106666666666666,6.0,actuator_outputs,bus,23413318,13207472,15.9,,C,,,,False,9.991363597884536,19.984691978859782,1.999970956753639,458.715001,340.34826399999963,False,False,0.0,0.0009349235330735744,sensor_combined,main
22b0d930-fe68-475e-a07f-f92a42c21cea,ok,18285568.0,v1.16+,0.0,0.0,0.0,True,0.0,0.0,0.1293999999999996,6.0,actuator_outputs,bus,17858220,10269100,12.5,,C,,,,False,9.95509431801824,19.90679840004606,1.9914941505198227,354.409989,222.86058799999995,False,False,0.0,0.004844289229233827,sensor_combined,main
3a0a9878-5bfc-458a-a75d-72ba71c0e3c0,ok,17433087.0,v1.12-1.13,0.0010964912280701,0.0,0.0,True,,,,12.0,actuator_outputs,none,42432151,25402408,17.3,,A,no_pwm_params,,,False,9.851569538412619,19.073232599535494,0.0,904.821661,893.9600009999939,False,False,,0.0,,main
72b37fb5-a182-43b2-a4e0-01ecd368398f,ok,17761535.0,v1.14-1.15,0.0,0.0,0.0,True,0.0,0.0,0.2206360667943954,4.0,actuator_motors,none,70636595,34868148,19.8,,C,,0.0,4.0,True,9.977916973109663,202.5437652865636,2.00000036363643,181.757599,175.79553299999992,,True,0.0,0.002544981834938156,vehicle_attitude,main
660aa556-f62f-4aa9-8a1d-993e367b99ea,ok,17826559.0,v1.16+,0.0,0.0,0.0,True,0.010752688172043,0.3991210000000009,0.1580486416816711,4.0,actuator_motors,none,3744785,2759806,3.4,,A,,0.0,4.0,True,10.010641334335784,20.009997093920568,2.0002373918104555,88.425604,83.65629399999997,,True,0.0,0.0,,main
9e605002-85dc-46a5-ae49-e64feba68806,ok,17761280.0,v1.14-1.15,0.0,0.0,0.0,True,0.0,0.0,0.3134904280304909,4.0,actuator_motors,none,6546484,3924667,3.2,,C,,0.0,4.0,True,10.004813952477653,20.005383460887728,1.9999564397242797,196.812703,190.65503100000012,,True,0.0,0.0,,main
6b2138fb-5630-43af-aba3-6053fe31f08e,ok,17694975.0,v1.14-1.15,0.0,0.0,0.0,True,0.0,0.0,0.1790433287620544,4.0,actuator_motors,none,10849716,6813002,5.1,,B,,0.0,4.0,True,10.003559646860166,20.003763843388526,1.9999904737295857,266.244607,254.82058399999985,,True,0.0,0.0,,main
5f8c6180-7b1d-40e2-9a46-5fa860cf5703,ok,17761280.0,v1.14-1.15,0.0,0.0,0.0,True,0.0,0.0,0.1157859861850738,4.0,actuator_motors,none,6896813,3980937,4.4,,A,,0.0,4.0,True,10.006107795224764,20.005681900908655,2.000130350837459,166.709735,160.485771,,True,0.0,0.0,,main
c5542e7d-1730-4ea7-a012-8f293d763327,ok,17761280.0,v1.14-1.15,0.0,0.0,0.0,True,0.0,0.0,0.0715115293860435,4.0,actuator_motors,none,9251859,5823263,5.0,,A,,0.0,4.0,True,10.010851124840416,199.79534181804837,2.0001660367714664,87.60667,82.904771,,True,0.0,0.0,,main
572cb8ec-db8d-4266-8137-7c8c0e907c8b,ok,17826047.0,v1.16+,0.0,0.0,0.0,True,0.0,0.0,0.321626341342926,4.0,actuator_motors,none,7719810,5545713,5.3,,B,,0.0,4.0,True,10.00623028964941,20.00631209689351,1.9999690812233344,160.897519,151.31579100000002,,True,0.0,0.0,,main
9e818d17-355e-4abf-a208-165ae7f7a4ec,ok,17695744.0,v1.14-1.15,0.7377777777777778,0.32,0.0,True,0.0,0.0,0.2853889003396034,4.0,actuator_motors,none,3542920,2548338,3.7,,B,,0.0,4.0,True,10.001769846349715,20.011476029038594,1.9999997037037476,81.177517,76.77546599999995,,True,0.0,0.0,,main
278d4fc7-509c-489c-8cb0-38977667a75b,ok,17694720.0,v1.14-1.15,0.0,0.0,0.0,True,0.0,0.0,0.2697446234524249,4.0,actuator_motors,none,3989668,2884381,3.7,,B,,0.0,4.0,True,10.009683341613448,20.007942291887158,1.9999461428644758,99.568738,93.011246,,True,0.0,0.0,,main
dbe094da-5ec8-4036-bac0-04b67cf8d0d3,ok,17760511.0,v1.14-1.15,0.0,0.0170212765957446,0.0,True,0.0435000626802055,3.3019359999999978,0.6582042217254622,4.0,actuator_motors,none,59739470,19865064,12.3,,C,,0.0,4.0,True,9.823687366603245,191.63478674458148,1.9645529690249197,113.237568,110.601386,,True,0.0,0.01909135370096685,vehicle_attitude,main
ad8351fa-697b-4754-a60a-8cdaa5908877,ok,17761535.0,v1.14-1.15,0.0,0.0,0.0,True,0.0,0.0,0.0796356528997421,4.0,actuator_motors,none,25121411,14972056,7.4,,B,,0.0,4.0,True,9.263114297200671,184.82696525815768,1.8517212843372461,277.106398,273.54544900000025,,True,0.0,0.06825990306046201,sensor_combined,main
9973c454-88b7-4dcc-b0b8-ccfdffdedf99,ok,17826559.0,v1.16+,0.0,0.0,0.0,True,0.0,0.0,0.2601348176598547,4.0,actuator_motors,none,4486129,3428138,3.1,,C,,0.0,4.0,True,10.010616069857681,20.010189917110196,1.9999416438080355,95.286462,87.44480699999997,,True,0.0,0.0,,main
6690cc53-15fe-4c65-aa2e-27f393890818,ok,17761280.0,v1.14-1.15,0.0,0.0,0.0,True,0.0,0.0,0.3070892453193664,4.0,actuator_motors,none,6918417,4220161,4.5,,C,,0.0,4.0,True,10.015046697203758,171.40869594750725,2.000346380590056,65.667627,61.75697899999999,,True,0.0,0.0,,main
fe19f647-c8af-47d7-8044-31b5e0460be1,ok,17760256.0,v1.14-1.15,0.0,0.0,0.0,True,0.0,0.0,0.119604867696762,4.0,actuator_motors,none,7508872,4985939,6.2,,C,,0.0,4.0,True,10.005434956960501,20.005609429777433,1.9999602949059099,170.513594,164.345963,,True,0.0,0.0,,main
e15218d3-162c-49af-a292-7b014c260144,ok,17761280.0,v1.14-1.15,0.0223735408560311,0.0,0.1738938053097345,True,5.7613089693978473e-05,0.009998000000003,0.2837354779243469,4.0,actuator_motors,none,47710208,28485717,9.4,,C,,0.0,4.0,True,10.00199448802437,200.00000180801177,2.0000004257207116,451.91793,364.49988999999977,,True,0.0,0.0,,main
364ed13f-f287-486a-8dc6-46b4ea87f7ae,ok,17236991.0,v1.12-1.13,0.0335305719921104,0.0,0.0,True,0.0001904761904761,0.0241960000000034,0.249,6.0,actuator_outputs,global,13758892,6362156,7.5,,B,,,,False,9.574891849651788,242.79107810765484,0.0,120.993004,118.99279,True,True,,0.022651478326748534,vehicle_attitude,main
e6d4089c-a95d-44a6-bff3-2cd2e1ae9232,ok,17629696.0,v1.12-1.13,0.0,0.0,0.0,True,0.0,0.0,0.0,6.0,actuator_outputs,bus,11149547,5037066,6.5,,C,,,,False,10.01132787985427,285.7138166301277,2.011327958148379,89.448316,37.19299000000001,False,False,0.0,0.0,,main
a1082e87-1fed-480d-9049-082330122a88,ok,17760511.0,v1.14-1.15,0.0,0.0,0.0,False,0.0,0.0,0.0276953279972076,4.0,actuator_motors,none,17231055,7626026,31.8,,C,,0.0,4.0,True,125.00625844890602,250.0,125.00625844890602,80.052,50.256,,True,0.0,0.0,,main
1609a2f5-7ef4-46b2-ad6a-384aa9dc256d,ok,17695488.0,v1.14-1.15,0.0,0.0,0.0,False,0.2037833190025795,3.2099999999999937,0.5828148692846298,4.0,actuator_motors,none,19460548,8701265,30.8,,B,,0.0,4.0,True,82.63724094288878,85.33459895586141,99.25644676475241,126.41,115.25999999999999,,True,0.0,0.0,,main
9a387907-ccd8-45ff-889e-06b34f9c9b65,ok,17695743.0,v1.14-1.15,0.9731543624161074,1.0,0.0,False,0.9905100830367736,659.700641,1.0,4.0,actuator_motors,none,26455571,15219071,36.8,,C,,0.0,4.0,True,10.0014207430824,20.00151090975639,1.9999899808051886,675.902812,673.8957889999997,,True,0.0,0.0,,main
7889a4b2-47bb-4c7d-9332-6fdbb102af40,ok,17761535.0,v1.14-1.15,0.0,0.0,0.0,False,0.0,0.0,0.3001191228628158,4.0,actuator_motors,none,78921838,22004292,44.2,,A,,0.0,4.0,True,6.977022021965257,142.7791215419214,1.4672085447602703,124.609357,120.70996400000001,,True,0.0,0.05908282738465819,vehicle_attitude,main
9a02c4e7-c6f6-4905-bd98-f0f469c2f072,ok,17695743.0,v1.14-1.15,0.0,0.0,0.0,True,0.0,0.0,0.2019216477870941,4.0,actuator_motors,none,18386069,11526067,3.2,,C,,0.0,4.0,True,10.001974428221263,20.002206886847254,1.9999884814667763,457.278679,450.5030289999998,,True,0.0,0.0,,main
ff9c924d-e758-4cbd-bff0-fab7b7636a29,ok,18286080.0,v1.16+,0.0,0.0,0.0,True,0.0,0.0,0.31,6.0,actuator_outputs,bus,12661006,6706830,5.1,,C,,,,False,9.923260407148785,197.8180548839577,1.9999311807465046,92.592728,82.68144600000002,False,False,0.0,0.008272036481605035,vehicle_attitude,main
fc52a13e-0b94-4fae-83c6-65a92455e55d,ok,17826240.0,v1.16+,0.0,0.0,0.0,True,5.598007109469029e-05,0.0062509999999917,0.1999349296092987,4.0,actuator_motors,none,16376472,10180404,5.4,,A,,0.0,4.0,True,9.999483729791823,199.38563684139444,2.000042774861185,130.566553,125.045628,,True,0.0,0.0008030404308632037,sensor_combined,main
1e2d51bf-444c-4ef3-a1f1-d1786fd6ebdc,ok,17629952.0,v1.12-1.13,0.164021164021164,0.0,0.0,True,0.0,0.0,0.3225999999999999,6.0,actuator_outputs,per_channel,3997020,2962052,2.9,,B,,,,False,10.01169457636699,20.01025490084493,2.000043825136124,91.262046,86.87518699999998,True,True,0.0,0.0,,main
db6e84cb-c38e-4d95-af40-aca4181365b9,ok,17761535.0,v1.14-1.15,0.7096774193548387,0.0,0.0,True,0.0,0.0,0.2042373806238171,4.0,actuator_motors,none,6294423,4189667,4.4,,A,,0.0,4.0,True,10.010574865917436,20.010469494834517,2.0000183569252434,92.649698,88.92555699999998,,True,0.0,0.0,,main
f6aa2d92-1557-4b4f-b1e3-c21087e83a58,ok,17761535.0,v1.14-1.15,0.0,0.0,0.0,True,0.0,0.0,0.217486323416233,4.0,actuator_motors,none,13040852,7843414,4.4,,A,,0.0,4.0,True,10.002571049851621,20.00257039779189,1.999980833074934,377.741949,371.40038199999964,,True,0.0,0.0,,main
cfff23d2-ea18-404e-91e0-6574af14b609,ok,17760768.0,v1.14-1.15,0.0,0.0,0.0,True,0.0,0.0,0.0966743886470794,4.0,actuator_motors,none,33731684,9378216,10.7,,B,,0.0,4.0,True,7.855188092420599,152.61444095995847,1.5176509332970887,85.612775,79.73999199999999,,True,0.0,0.1587995855040732,vehicle_attitude,main
26587c6a-7c51-4a40-8724-88f3ebc8c70f,ok,17629952.0,v1.12-1.13,0.3469387755102041,0.0,0.0,True,0.0025041736227045,0.1017920000000032,0.2451728731393814,4.0,actuator_motors,none,11422377,7320420,5.5,,B,,0.0,4.0,True,10.004005251102356,20.00390803957064,1.9999577585923924,243.62665,239.58254399999996,,True,0.0,0.0,,main
5c0a26f2-438d-46b6-a0f1-cfc52520ec9a,ok,17760511.0,v1.14-1.15,0.0182186234817813,0.0,0.0408163265306122,True,0.0038659793814432,0.3012040000000127,0.3243577197194099,4.0,actuator_motors,none,8012893,5180729,4.4,,C,,0.0,4.0,True,9.963401633767505,19.91826551548534,1.9918758242406651,245.442701,233.8845760000001,,True,0.0,0.004478080982422659,vehicle_local_position,main
062e498e-fe32-4cd7-bf33-52442ca89222,ok,17760256.0,v1.14-1.15,0.0,0.0,0.0,True,0.0,0.0,0.1596878059208393,4.0,actuator_motors,none,9179469,6733343,3.3,,C,,0.0,4.0,True,10.005859599144175,20.00626986913857,2.0000191833671823,166.541741,161.65142499999996,,True,0.0,0.0,,main
f0585339-6b92-4ea4-ad50-2e95d3a7df95,ok,17629951.0,v1.12-1.13,0.0,0.0,0.0,True,0.0,0.0,0.2299999999999999,6.0,actuator_outputs,per_channel,67272900,21338030,14.1,,C,,,,False,9.965154894737621,195.1487894594314,1.9929413678691807,142.412308,134.576518,False,False,0.0,0.004362333671185726,vehicle_attitude,main
014034d5-3ac8-4783-be42-ad901aac0376,ok,17825792.0,v1.16+,0.0,0.0,0.0,True,0.0001528409308012,0.0148120000000062,0.2683254797011614,4.0,actuator_motors,none,11994346,8018715,4.5,,B,,0.0,4.0,True,10.009613792593065,202.4245069581466,2.0000153235004885,100.587714,91.60690599999997,,True,0.0,0.0,,main
2f89e944-7285-427e-801f-05f62dd71818,ok,17825856.0,v1.16+,0.0,0.0,0.0,True,0.0,0.0,0.1972810595861829,4.0,actuator_motors,none,2809424,2090566,2.5,,A,,0.0,4.0,True,10.013793687438161,20.013707858932143,1.9999604763055523,71.463754,71.29223099999999,,True,0.0,0.0,,main
ca4461b3-ea36-483c-bfd5-b9be65354976,ok,17826047.0,v1.16+,0.6639344262295082,0.087431693989071,0.0,True,0.0,0.0,0.2342872947454452,4.0,actuator_motors,none,7055799,4737800,3.6,,B,,0.0,4.0,True,10.005783080623788,20.006512593819036,2.000076852953075,160.227076,158.52730700000006,,True,0.0,0.0,,main
258ed8e5-7dca-4e86-bd83-584cbdba41c1,ok,17564671.0,v1.12-1.13,0.0,0.0089820359281437,0.0,True,0.2777404169468729,5.802015999999995,0.5131428571428571,6.0,actuator_outputs,bus,7630624,5086296,6.6,,A,,,,False,9.941606553677468,19.870005634717998,1.9935261016547243,155.016148,149.67361600000012,True,True,0.0,0.0071256335861709826,vehicle_local_position,main
b0c14ce7-e516-4434-a198-92c79875d296,ok,17694720.0,v1.14-1.15,0.0,0.0,0.0,True,,,,4.0,actuator_motors,none,18135685,9383825,6.4,,B,ground_only_actuator_motors,0.0,4.0,True,9.676392226644902,179.8535774677743,1.9292086616159159,170.102663,0.0,,True,0.0,0.0327108951541819,vehicle_attitude,main
3ccdf5e8-c6b7-42d0-b580-70b1faefc214,ok,17825792.0,v1.16+,0.0,0.0,0.0,True,0.0,0.0,0.1834465190768242,4.0,actuator_motors,none,15740981,9602810,5.1,,B,,0.0,4.0,True,10.005515749909993,135.95413272478655,2.0000631172566288,160.960817,155.17414800000012,,True,0.0,0.0,,main
5ab4f4af-0959-46fb-93b0-e64c8defe2bf,ok,17826240.0,v1.16+,0.0,0.0,0.0,True,0.0,0.0,0.1429395914077758,4.0,actuator_motors,none,69065487,20691861,18.7,,C,,0.0,4.0,True,7.666086596284971,141.20911167178986,1.5310159722475796,105.058447,96.70435800000001,,True,0.0,0.21507791085429237,vehicle_attitude,main
e8eab6ae-ab45-4937-9457-4dc8eb524e66,ok,17760256.0,v1.14-1.15,0.0,0.0,0.0,True,,,,4.0,actuator_motors,none,8143843,4715006,3.0,,C,ground_only_actuator_motors,0.0,4.0,True,9.96352706790302,19.92706631066566,1.9946782403377865,191.902571,0.0,,True,0.0,0.0037867019990963087,sensor_combined,main
26f5ef33-4c05-4ffe-8eab-b37b3f31daff,ok,17761535.0,v1.14-1.15,0.0091743119266055,0.0045871559633027,0.0,True,0.119205298013245,0.5009700000000006,0.9999998055205904,4.0,actuator_motors,none,8841823,5204622,3.7,,A,,0.0,4.0,True,10.004557814125484,20.00458483967527,2.000025624741455,213.276994,15.069855999999998,,True,0.0,0.0,,main
ea3a60bd-cae2-42b1-869c-56b1a4185648,ok,17761280.0,v1.14-1.15,0.0,0.0,0.0,True,0.0,0.0,0.1987876921892166,4.0,actuator_motors,none,16599701,10592580,6.1,,C,,0.0,4.0,True,10.00203121345409,20.002140016239203,1.9999763002808417,460.773694,455.56261499999994,,True,0.0,0.0,,main
4007c56d-dffa-4933-aedc-534ee57ed3cd,ok,17760256.0,v1.14-1.15,0.0,0.0,0.0054559625876851,False,0.0132450331125827,1.8999740000000145,0.174722982943058,4.0,actuator_motors,none,12636169,6214679,3.9,,A,,0.0,4.0,True,10.004052655777107,20.00385589145758,2.000037448842095,256.451328,150.36384699999994,,True,0.0,0.0,,main
9e750a70-2fea-4c72-affa-d9c0caec4103,ok,17760384.0,v1.14-1.15,0.0,0.0,0.0,True,0.0,0.0,0.1069061011075973,4.0,actuator_motors,none,10843139,7559488,5.4,,A,,0.0,4.0,True,10.008056645985542,20.00811615799647,1.999842093113438,124.345629,116.74983099999999,,True,0.0,0.0,,main
c145f2b1-1176-41f5-818d-a2579556fe9b,ok,17695743.0,v1.14-1.15,0.0,0.0,0.0,True,,,,4.0,actuator_motors,none,2966388,2063685,2.7,,C,ground_only_actuator_motors,0.0,4.0,True,10.0130530002253,20.01453333987703,1.99973627162302,76.401022,0.0,,True,0.0,0.0,,main
388c4dc6-2919-4dfc-8885-063a49d8eb57,ok,17694720.0,v1.14-1.15,0.9274193548387096,0.0,0.0,True,0.001743679163034,0.0975389999999998,0.4490412339568138,4.0,actuator_motors,none,3955739,2729949,2.6,,C,,0.0,4.0,True,8.194401769963738,16.444527549500783,1.6339111215943574,147.673093,144.04192299999994,,True,0.0,0.1884428336594307,sensor_combined,main
286a97af-942d-46ee-a396-190a037434f7,ok,17761023.0,v1.14-1.15,0.0,0.0,0.0,True,0.0,0.0,0.0865069296211004,4.0,actuator_motors,none,3757677,2430701,2.6,,A,,0.0,4.0,True,10.01116326943013,20.010471196844474,2.000010342594921,90.839404,88.17576600000001,,True,0.0,0.0,,main
a7cbbd58-3429-4ed3-b03b-9615b3d3de48,ok,17760768.0,v1.14-1.15,0.0,0.0,0.0,True,0.0506666666666666,2.503429999999998,0.2291696898639202,4.0,actuator_motors,none,2622040,1869051,3.2,,C,,0.0,4.0,True,10.01296208006294,20.011703711678585,1.9999915789828253,76.251812,74.97018299999998,,True,0.0,0.0,,main
79095b53-cfcb-45ab-ace1-eab0629b63c9,ok,17826047.0,v1.16+,0.0,0.0,0.0,True,0.0,0.0,0.2243324220180511,4.0,actuator_motors,none,10302255,6913898,4.3,,B,,0.0,4.0,True,10.00464816325585,20.004641783377373,2.000000298368343,215.123648,213.0899959999999,,True,0.0,0.0,,main
06f093b1-38f5-489c-9db4-5c4595d89c7f,ok,17695488.0,v1.14-1.15,0.0027247956403269,0.0,0.0,False,0.0059945504087193,0.7986120000000199,0.187117376923561,4.0,actuator_motors,none,7278743,4673620,4.5,,A,,0.0,4.0,True,10.005376444132747,20.005281023216824,2.0000307401985,183.367976,182.82319500000008,,True,0.0,0.0,,main
9e54ea3b-0256-4aab-9e71-8493bdcd50d4,ok,17826559.0,v1.16+,0.0536480686695279,0.0,0.0,True,0.0,0.0,0.6941022573967026,4.0,actuator_motors,none,9644465,5706990,4.8,,C,,0.0,4.0,True,10.004207879065321,20.00413682765201,1.9999225073504978,230.9292,14.722731,,True,0.0,0.0,,main
fd79ad56-fede-45f3-bac7-74bcf0f4818f,ok,17630207.0,v1.12-1.13,0.0,0.0,0.0,True,0.0,0.0,0.2365999999999999,6.0,actuator_outputs,per_channel,4224545,2704641,3.1,,A,,,,False,9.999765139615686,20.00031421405173,2.0000421239641186,130.107016,118.83166399999999,True,True,0.0,0.0,,main
a4d131a0-2ecc-4b16-b4c3-dc44414db22b,ok,17826304.0,v1.16+,0.0,0.0,0.0,True,0.0,0.0,0.1598241537809371,4.0,actuator_motors,none,33922711,8216718,10.3,,B,,0.0,4.0,True,9.995728563905407,19.98792598228501,2.0000031503055635,250.008936,247.7681099999999,,True,0.0,0.0006676748026365099,sensor_combined,main
037378d5-c789-41bb-9de1-026647e177c8,ok,17629951.0,v1.12-1.13,0.0,0.0,0.0,True,0.0,0.0,0.1721809685230254,4.0,actuator_motors,none,8754065,5013748,4.1,,B,,0.0,4.0,True,10.007531825978194,20.008093551731864,2.0000035038821076,129.16197,126.84690499999994,,True,0.0,0.0,,main
65b34673-29bd-4630-a466-3755bb6f294f,ok,17694975.0,v1.14-1.15,0.0,0.0,0.0,True,0.0,0.0,0.0869686424732208,4.0,actuator_motors,none,4359972,2832804,2.8,,A,,0.0,4.0,True,10.007951415516798,20.00815342917566,2.0000768269854143,116.834426,112.42532300000003,,True,0.0,0.0,,main
38e8d21f-cbd8-4024-baec-880bd2406e6b,ok,17826047.0,v1.16+,0.0,0.1267605633802817,0.0,True,0.0255474452554744,0.3010000000000019,0.425816063582897,4.0,actuator_motors,none,41426973,12648260,11.5,,C,,0.0,4.0,True,99.99698167879026,999.95472244861,99.99698167879026,65.853,54.791000000000004,,True,0.0,0.0,,main
2f0f37b3-d1e2-4b65-add1-f2775d307003,ok,17761535.0,v1.14-1.15,0.0,0.0,0.0,True,0.0013850415512465,0.0974790000000069,0.429807950928807,4.0,actuator_motors,none,3685117,2904398,2.7,,B,,0.0,4.0,True,10.012992046342449,20.01217617419364,2.000000405063373,79.1832,72.16684399999997,,True,0.0,0.0,,main
a33ea34a-cafe-4439-b970-fd6ed3054856,ok,17761535.0,v1.14-1.15,0.0,0.0,0.0,True,0.003723008190618,0.5010350000000017,0.2704461455345152,4.0,actuator_motors,none,5278483,3647848,3.3,,C,,0.0,4.0,True,10.006680037345738,20.006726972830062,2.0000175419720407,138.052487,134.299362,,True,0.0,0.0,,main
a6b892d7-04fc-4355-a677-10c6581fa7b2,ok,17170944.0,v1.12-1.13,0.1142857142857142,0.0,0.0,False,0.0038610038610038,0.1000000000000014,0.4414252370595931,4.0,actuator_motors,none,17601252,7644074,6.4,,A,,0.0,4.0,True,124.89687123183347,249.7937293729373,99.95557529986672,63.028,51.272,,True,0.0,0.0,,main
db8b7bb3-f767-4bec-93cd-3b0f552343a8,ok,17569024.0,v1.12-1.13,0.0,0.0,0.0,True,0.0171177045973263,0.1604010000000002,0.62,4.0,actuator_outputs,bus,19833792,10934911,7.5,,B,,,,False,10.006003276249498,199.50116502571336,2.006328912441859,153.318385,150.282406,True,True,0.0,0.0,,main
f02755ea-b927-4451-a2ed-f90dfeeb9ce2,ok,17694720.0,v1.14-1.15,0.0,0.0,0.0,True,0.0,0.0,0.1618295431137084,4.0,actuator_motors,none,22552768,14535134,21.1,,B,,0.0,4.0,True,10.00469337265729,200.44343038026284,2.0000180285985327,211.519972,207.2605159999999,,True,0.0,0.0015751820174019317,sensor_combined,main
d8284017-f034-42f7-84ec-cef9453c2ce7,ok,17891392.0,v1.16+,0.0,0.4294871794871794,0.0,True,0.0,0.0,0.0456602275371552,4.0,actuator_motors,none,21795133,8966714,13.6,,B,,0.0,4.0,True,124.94568759504672,249.7283199304499,100.00271562024767,73.248,59.916,,True,0.0,0.0,,main
1b585d0c-b02c-4761-83f2-1fe69777cdd6,ok,17825856.0,v1.16+,0.0,0.0,0.0,True,0.0004703284119258,0.0382249999999828,0.2455908477306365,4.0,actuator_motors,none,98844267,48261186,31.3,,C,,0.0,4.0,True,10.001109735445302,211.99020744185404,1.9999778179800138,812.504244,171.15711799999997,,True,0.0,7.29898000330213e-05,vehicle_attitude,main
435ee0c1-827e-4799-81b5-711a314efaf9,ok,17629696.0,v1.12-1.13,0.0,0.0,0.0,True,0.0,0.0,0.174,6.0,actuator_outputs,per_channel,21717515,12327305,8.9,,A,,,,False,10.005196324053157,201.637217678573,2.000061338928528,179.905298,176.80947299999994,False,False,0.0,0.0,,main
4bff0a50-d6cd-49d7-81a3-7fe3a882e60f,ok,17761535.0,v1.14-1.15,0.0180109631949882,0.0137039937353171,0.0,True,2.1909464614845305e-05,0.0048299999998562,0.3803813561797141,4.0,actuator_motors,none,142822055,81964440,37.2,,A,,0.0,4.0,True,10.00072050645467,220.97857284879333,1.9999941342818524,1289.048427,1284.8135599999985,,True,0.0,0.0,,main
ed3de9e1-532b-4584-83cb-d295c8815362,ok,17760384.0,v1.14-1.15,0.0,0.0,0.0,True,0.0,0.0,0.1794404380023479,4.0,actuator_motors,none,20246528,13598630,6.8,,C,,0.0,4.0,True,10.004107026082192,20.00391489093386,2.0000275066544533,239.227551,231.22757199999987,,True,0.0,0.0,,main
e4341bf2-e3b3-428e-89a0-312d6c4bf75f,ok,17694975.0,v1.14-1.15,0.0,0.0,0.0,True,0.0024630541871921,0.1009259999999869,0.5811077728867531,4.0,actuator_motors,none,9508243,6074531,4.3,,B,,0.0,4.0,True,10.004105403416279,20.00417374327286,1.999992689681893,246.939837,243.60759599999997,,True,0.0,0.0,,main
9010f76c-f5de-4d0c-b494-98a8039408e1,ok,17694720.0,v1.14-1.15,0.0397672162948593,0.0543161978661493,0.0401402961808261,False,0.0027733755942947,1.2981169999999906,0.2830389313399791,4.0,actuator_motors,none,17686528,11212456,8.2,,C,,0.0,4.0,True,9.999951930055634,19.99990176444314,2.0000263964459424,512.671001,504.32760100000013,,True,0.0,0.0,,main
12bfea6c-1b06-4732-848e-dced2a90fc3a,ok,17761023.0,v1.14-1.15,0.1104651162790697,0.002906976744186,0.0704419889502762,True,0.2482002576473262,1.959510999999992,0.7750966668128967,4.0,actuator_motors,none,18205330,11590602,11.2,,B,,0.0,4.0,True,10.006450215937951,195.83319222329013,1.9999828751466313,144.534587,139.29041600000005,,True,0.0,0.0,,main
1e5c272f-87bd-4728-85ef-a882b3f97a1c,ok,402784511.0,,0.0,0.0,0.0,True,,,,8.0,actuator_outputs,none,62267451,31770143,18.6,not_px4_v24,,no_pwm_params,,,False,9.995057059715906,9.993169918963101,4.9963143796717,1623.524182,1348.3339910000004,False,False,0.0,0.0006552466559258015,sensor_combined,main
537d56a1-a81c-4744-a794-cba90d797a04,ok,17629696.0,v1.12-1.13,0.0578512396694214,0.0,0.0,True,0.2171717171717171,1.896229999999996,0.3727,4.0,actuator_outputs,per_channel,1869098,1464000,2.8,,C,,,,False,10.016782603437672,20.01756558005535,1.9999423546027204,59.958351,59.37158000000001,True,True,0.0,0.0,,main
13400ee6-5911-43cd-b550-a30f9f998fa1,ok,17761280.0,v1.14-1.15,0.0122448979591836,0.0,0.0,True,0.0,0.0,0.2228690296411514,4.0,actuator_motors,none,13594784,8769330,5.8,,A,,0.0,4.0,True,9.983162664287374,196.82593476247058,2.0000015269721203,121.183473,117.98584399999996,,True,0.0,0.0026244527334245054,sensor_combined,main
445fec2a-289e-4d61-8226-6dff1e58dfae,ok,17695488.0,v1.14-1.15,0.0,0.0,0.0,True,0.0,0.0,0.0565302938222885,4.0,actuator_motors,none,10176175,6126599,5.1,,B,,0.0,4.0,True,10.011729581432544,285.5993441154738,1.9999999761904765,84.303526,78.03014499999999,,True,0.0,0.00046053995019589396,sensor_combined,main
11da0d7e-2118-49d1-974e-b29e10fd9988,ok,,,0.0,0.0084454175789802,0.0,True,0.0,0.0,0.218,6.0,actuator_outputs,global,49421864,22953299,23.9,missing_ver_sw,,,,,False,9.673197947340443,91.79598027075205,0.0,747.820066,732.26437,True,True,,0.017609761551201017,sensor_combined,main
fb0349a2-54c4-4480-9f3e-06e664a4924a,ok,17891583.0,v1.16+,0.0,0.1257096512570965,0.0,True,0.0,0.0,0.4958353921771045,4.0,actuator_motors,none,25493504,14499358,19.2,,C,,0.0,4.0,True,10.001623102909726,20.001625786513493,2.000001235773121,615.778994,227.69922199999996,,True,0.0,0.0,,main
15a9f2ee-997b-40ad-a592-11df4e223fed,ok,17629952.0,v1.12-1.13,0.0,0.0,0.0,True,0.0,0.0,0.181,6.0,actuator_outputs,per_channel,36147902,18011842,20.8,,C,,,,False,10.003398971199132,221.31981111052008,1.9999750280895796,288.5078,283.7807559999999,True,True,0.0,0.0,,main
83e2683e-c58e-4f3a-b91b-1f968c951b68,ok,17826047.0,v1.16+,0.0,0.0,0.0,True,0.0,0.0,0.223611156642437,4.0,actuator_motors,none,2898669,2203461,2.7,,B,,0.0,4.0,True,10.013621795395794,20.01225185454355,1.999999863013708,73.041296,66.43004400000001,,True,0.0,0.0,,main
7bf71468-755b-48d7-bc15-d2d204f91a8a,ok,17695743.0,v1.14-1.15,0.0005359056806002,0.0,0.0,True,1.487196170469861e-05,0.0105490000000827,0.1960226416587829,4.0,actuator_motors,none,195862045,98212123,48.3,,B,,0.0,4.0,True,10.000551648792559,161.10512804735453,2.000006394729441,1890.377655,1882.7376489999974,,True,0.0,0.0,,main
b376eb87-7e3f-4a0d-8a98-9f924859f640,ok,255.0,,0.0,0.0,0.0,True,0.0198740896185656,0.0354620000000025,0.625576290488243,4.0,actuator_motors,none,6373957,4166252,7.6,not_px4_v0,,,0.0,4.0,True,9.54074674557437,176.6118028942341,1.9009808813393683,60.743996,59.713744000000005,,True,0.0,0.049076717553704095,vehicle_local_position,main
7906ce03-d3f7-4193-af7f-51df1c1c50ac,ok,17499135.0,v1.12-1.13,0.0,0.0,,True,0.0,0.0,0.275,8.0,actuator_outputs,global,40336002,18947907,13.9,,A,,,,False,91.4035739269593,187.2248947106916,0.0,184.005958,182.55078299999997,False,False,,0.004403577894420411,vehicle_local_position,main
76e26fce-c326-4795-80e1-21f252213e62,ok,17629951.0,v1.12-1.13,0.0,0.0,0.0,True,0.0,0.0,0.238,6.0,actuator_outputs,per_channel,53978839,17062954,18.3,,B,,,,False,10.008623182349318,219.40846839540652,2.000152976612308,114.634782,108.10158400000003,False,False,0.0,0.0005499665954568724,vehicle_attitude,main
6f9d34de-d0fe-4de2-95bd-916ed3ece020,ok,17761535.0,v1.14-1.15,0.0,0.0,0.0,True,0.0,0.0,0.3483845680952072,4.0,actuator_motors,none,7217044,4517300,4.4,,B,,0.0,4.0,True,9.969605661746419,197.5799271398618,1.9852698312085069,68.047441,57.80110900000001,,True,0.0,0.0046449394616605195,vehicle_attitude,main
ce5e128c-c304-4616-ab14-c347082f669c,ok,17695488.0,v1.14-1.15,0.0,0.0,0.0,False,0.0001480560243996,0.007558000000003,0.2069500982761383,4.0,actuator_motors,none,16852447,9082069,6.8,,B,,0.0,4.0,True,9.880546580371888,196.63989773610805,1.9759526719816007,125.309128,119.424879,,True,0.0,0.011536148954599142,vehicle_attitude,main
f4603230-f961-4c87-bb0d-50026391847d,ok,17694975.0,v1.14-1.15,0.0,0.0,0.0,True,0.0,0.0,0.1619113087654113,4.0,actuator_motors,none,46237806,24920481,16.8,,A,,0.0,4.0,True,9.954925488105307,150.53568323842038,1.9904329556836018,477.43951,40.160157999999996,,True,0.0,0.00513983364216711,vehicle_attitude,main
e59c0d36-eefa-4735-b6d1-69f8c3abbf1d,ok,17761535.0,v1.14-1.15,0.0,0.0,0.0,True,0.0,0.0,0.1329690992832183,4.0,actuator_motors,none,2616202,2072308,2.3,,B,,0.0,4.0,True,10.015176880142526,20.013646776815907,2.0000788338764983,65.278159,59.174475000000015,,True,0.0,0.0,,main
ce3fb367-7b64-41c3-9c13-9cd2bbf20772,ok,17761280.0,v1.14-1.15,0.0,0.0,0.1312292358803986,True,0.0029448885149347,0.4023059999999816,0.2769944608211515,4.0,actuator_motors,none,10396426,6754519,3.8,,C,,0.0,4.0,True,10.004243463135806,20.003891628374266,2.0000222669145717,240.164999,237.73988999999995,,True,0.0,0.0,,main
31c619e4-af99-440f-aa0b-b6023f2e9520,ok,17694720.0,v1.14-1.15,0.0,0.0,0.0,True,0.1111702127659574,9.098185,0.9882176187977264,4.0,actuator_motors,none,7350071,4563086,3.8,,C,,0.0,4.0,True,10.004944301494497,20.0052981872412,2.000022271347748,195.511828,187.98449099999996,,True,0.0,0.0,,main
6b364390-d37f-4472-97cd-c91d3666d237,ok,17761280.0,v1.14-1.15,0.0,0.0,0.0,True,0.0198598130841121,0.2026620000000001,0.68946053981781,4.0,actuator_motors,none,13151588,8331878,5.6,,A,,0.0,4.0,True,10.002584330078461,20.002859006634672,1.9999841090087844,349.200544,342.424376,,True,0.0,0.0,,main
7f79788e-a5df-4281-b6a7-5d0f6b2d649e,ok,17826559.0,v1.16+,0.0,0.0138089758342922,0.0,False,0.0001224309897321,0.0166269999999713,0.1314304456114768,4.0,actuator_motors,none,45596740,27209187,11.9,,C,,0.0,4.0,True,10.00236817643392,160.82971853132196,2.0000402325590234,431.696756,427.80910099999966,,True,0.0,0.0,,main
29828422-511d-483e-a56c-ee8281a18751,ok,17761535.0,v1.14-1.15,0.0,0.0,0.0,True,0.0,0.0,0.1350796252489089,4.0,actuator_motors,none,6407834,4281317,6.1,,C,,0.0,4.0,True,10.0053562473561,20.005817775749684,1.9999171028513156,171.162692,167.42749700000005,,True,0.0,0.0,,main
b8b82b60-d355-4289-a886-0875ae2eaa72,ok,17891583.0,v1.16+,0.0307692307692307,0.0,0.0,False,0.0,0.0,0.2177770733833313,4.0,actuator_motors,none,2526969,1958791,5.5,,C,,0.0,4.0,True,10.016191577180381,20.018077937208222,2.0000606738406015,62.939704,56.386873,,True,0.0,0.0,,main
6cc887a6-bc8a-497f-952e-294fcbbc8583,ok,17826047.0,v1.16+,0.072879330943847,0.0,0.0,False,0.0,0.0,0.2484622493386268,4.0,actuator_motors,none,22347608,13046162,7.1,,B,,0.0,4.0,True,9.999999976150727,19.997616072407872,1.9999995799523556,419.334836,410.270014,,True,0.0,0.0003338221459223489,sensor_combined,main
e87980d4-2a61-4ede-bcf3-d3384612704e,ok,17761535.0,v1.14-1.15,0.0,0.0,0.0,True,,,,,actuator_motors,none,50247061,26202073,14.3,,A,ground_only_actuator_motors,0.0,0.0,False,9.932314904359137,19.860532589574834,1.9854387153736652,1167.95706,0.0,,False,0.0,0.0069397813969609146,sensor_combined,main
cdcca667-1a33-4733-9f9b-6e94ed05d0f3,ok,17761535.0,v1.14-1.15,0.0,0.0,0.0,True,0.0,0.0,0.2086579538881778,4.0,actuator_motors,none,2455032,1784704,3.4,,C,,0.0,4.0,True,10.012567012828416,20.014727641598753,1.999921003120377,72.226725,64.65908400000001,,True,0.0,0.0,,main
4e38a1ce-4b30-42b4-b23f-72d8c737883e,ok,17695488.0,v1.14-1.15,0.0,0.0,0.0,True,0.0,0.0,0.3272319734096527,4.0,actuator_motors,none,15679089,8916899,4.9,,B,,0.0,4.0,True,10.007515259055117,220.72791734918735,1.999912683348945,129.524768,121.81443500000002,,True,0.0,0.0,,main
46b6b6f8-8e2a-4b4c-abc7-dbcb94936e4e,ok,17825984.0,v1.16+,0.0,0.2786885245901639,0.0,True,0.5831157528285466,10.800000000000004,0.4666197061538696,4.0,actuator_motors,none,38861482,16380755,7.2,,A,,0.0,4.0,True,125.00287830525387,249.99999999999997,100.0069081447026,134.522,114.84900000000006,,True,0.0,0.0,,main
6d0c5beb-b758-4138-ab8f-17ec666285b8,ok,17695488.0,v1.14-1.15,0.0,0.0,0.0,True,0.0,0.0,0.0990423202514648,4.0,actuator_motors,none,3052601,2085254,3.7,,C,,0.0,4.0,True,10.010806145191857,20.010063719384238,1.9999235876189911,92.231965,87.86856299999998,,True,0.0,0.0,,main
45582887-6f3d-4e95-8bdc-f0d0668309a9,ok,17695743.0,v1.14-1.15,0.942528735632184,0.0,0.0,True,0.0,0.0,0.1444448292255401,4.0,actuator_motors,none,15240252,9409907,12.0,,B,,0.0,4.0,True,10.007616225722705,218.66548220754686,2.000103836159925,130.031731,123.86227299999999,,True,0.0,0.0,,main
17e0c485-4311-4717-a6ad-8405fe32ce5c,ok,17761280.0,v1.14-1.15,0.0384307445956765,0.0,0.0,True,0.0040609137055837,0.3013270000000005,0.3245497092604637,4.0,actuator_motors,none,8255986,5100260,4.9,,C,,0.0,4.0,True,10.004619736761583,20.00467081443656,1.999960575034605,202.807497,196.9775449999999,,True,0.0,0.0,,main
9af058ed-2535-408a-99d2-532ee884313a,ok,17761280.0,v1.14-1.15,0.0,0.0,0.0,True,0.0,0.0,0.5186039209365845,4.0,actuator_motors,none,3293547,2449310,4.9,,C,,0.0,4.0,True,10.013882350662167,20.01350390848896,1.999752088287875,69.697773,60.21349599999999,,True,0.0,0.0,,main
21335375-9365-4b65-99c3-53fd2fb3bbb2,ok,17761535.0,v1.14-1.15,0.0,0.0,0.0,True,0.2001254705144291,14.398720000000004,0.9196639642119409,4.0,actuator_motors,none,6767369,4609170,10.3,,B,,0.0,4.0,True,10.005486718336002,20.00549131817519,2.000003351687574,163.660732,159.37997199999978,,True,0.0,0.0,,main
b542b8e7-2953-4c05-a5f6-12841b7bb488,ok,17695743.0,v1.14-1.15,0.0,0.0,0.0,True,0.502859971400286,7.392586000000001,0.5404825821518898,4.0,actuator_motors,none,8820443,4978597,10.8,,B,,0.0,4.0,True,9.97175093873717,200.33050281039237,1.985389315647836,68.969546,63.894994,,True,0.0,0.003798928768705513,vehicle_attitude,main
a36328cd-7c0c-46c1-ad51-a5f1e5fa36cf,ok,17629952.0,v1.12-1.13,0.0,0.0,0.0,True,0.0,0.0,0.1630521684885024,4.0,actuator_motors,none,82930651,46795496,24.5,,C,,0.0,4.0,True,9.959436526986575,172.0793992312571,1.9910044708219115,889.351708,889.184132,,True,0.0,0.004204483064176436,vehicle_attitude,main
a889596f-c0ea-4221-a93a-43dd85f05e36,ok,17826047.0,v1.16+,0.0,0.0,0.0,True,,,,4.0,actuator_motors,none,2346474,1652676,2.6,,B,ground_only_actuator_motors,0.0,4.0,True,8.990354257561634,17.98225419515688,1.7679194211310132,69.365194,0.0,,True,0.0,0.10508218416090487,vehicle_attitude,main
fa219b1e-d556-4199-b9b2-b8308086522c,ok,17694975.0,v1.14-1.15,0.0,0.0,0.0,True,,,,4.0,actuator_motors,none,116651694,50782719,25.8,,C,ground_only_actuator_motors,0.0,4.0,True,9.998573399862504,19.9971528936047,1.9992892282286456,2822.165992,0.0,,True,0.0,0.00015760544016567356,sensor_combined,main
6df1f5e9-5628-4cf7-9b89-e151d7040aab,ok,17170944.0,v1.12-1.13,0.0,0.0,0.0,True,0.0,0.0,0.0745458841323852,4.0,actuator_motors,none,32636886,12914156,5.0,,B,,0.0,4.0,True,124.89665862900448,249.81041673847852,99.92937853107345,115.708,48.864,,True,0.0,0.0009645194626248709,sensor_combined,main
e05f86fb-d594-404c-ae9d-2985d6124a01,ok,17891583.0,v1.16+,0.0,0.0,0.0,True,0.0,0.0,0.0585443250834941,4.0,actuator_motors,none,11186552,3036115,4.2,,A,,0.0,4.0,True,10.012398269889156,20.01165409311562,2.0000499350215564,75.836603,70.29637299999999,,True,0.0,0.0,,main
f3e8f40a-5013-4d59-bb7e-924a49abf813,ok,17695999.0,v1.14-1.15,0.0,0.0501138952164009,0.0,True,0.0,0.0,0.079267331957817,4.0,actuator_motors,none,24043076,14745539,8.7,,C,,0.0,4.0,True,9.910494847435698,197.7226703235531,1.9775933028520287,223.19557,217.38026999999994,,True,0.0,0.011233221568370713,vehicle_attitude,main
611b0f77-2208-484a-8bc7-977b2aa2f872,ok,17695743.0,v1.14-1.15,0.0,0.0,0.0,True,0.0,0.0,0.1224456518888472,4.0,actuator_motors,none,26548644,16632695,7.9,,C,,0.0,4.0,True,9.931533390653662,197.82693557929593,1.9837852117371082,247.17073,240.40573100000015,,True,0.0,0.0067327119258713515,vehicle_attitude,main
cd49a203-accb-473c-babd-e382dcc1aa64,ok,17891392.0,v1.16+,0.0,0.2600619195046439,0.0,True,0.0,0.0,0.0932431071996688,4.0,actuator_motors,none,45633062,18329029,9.8,,C,,0.0,4.0,True,124.99363673386277,249.96818285947006,100.00381815404978,156.66,152.568,,True,0.0,0.0,,main
5071a159-9124-434f-ba2a-280ac279b691,ok,17891392.0,v1.16+,0.0,0.0,0.0355029585798816,True,0.0052083333333333,0.1994199999999999,0.1686866775155067,4.0,actuator_motors,none,4420329,3167391,4.7,,C,,0.0,4.0,True,10.009218371433706,20.009488491533798,2.0000762417122586,100.996814,96.020141,,True,0.0,0.0,,main
4f7b15b6-76ee-4ca4-b188-3a6717a7b9d0,ok,17825792.0,v1.16+,0.0,0.0,0.0,True,0.0,0.0,0.1107500374317169,4.0,actuator_motors,none,14217629,9433670,5.3,,B,,0.0,4.0,True,10.003342460756947,20.003049985076007,1.999941116161565,301.887993,296.27873199999993,,True,0.0,0.0,,main
715031d6-d126-4250-a36a-71d7b1d961f2,ok,17695488.0,v1.14-1.15,0.4107883817427386,0.0,0.0,True,1.0633320573348643e-05,0.0037869999999884,0.1578344047069548,4.0,actuator_motors,none,36521460,22873851,9.8,,B,,0.0,4.0,True,10.003086816267304,198.01972029875915,1.999987461156456,334.189026,329.15434399999975,,True,0.0,0.0,,main
73fac1f4-0e6d-4016-9973-96f5400c5c3d,ok,17629696.0,v1.12-1.13,,,0.0,True,0.0017361111111111,0.199629999999999,0.4519867599010468,4.0,actuator_motors,none,7030802,3960494,3.1,,C,,0.0,4.0,True,10.008382816921037,20.007458056475524,1.999976168351204,119.401986,115.26000299999998,,True,0.0,0.0,,main
4e3d0891-dd6d-454d-80ea-69f3256a7974,ok,17695232.0,v1.14-1.15,0.0,0.0726256983240223,0.0,True,0.0,0.0,0.1112653374671936,4.0,actuator_motors,none,2929315,2026964,2.4,,B,,0.0,4.0,True,10.01236265225224,20.01138582202311,2.0000148221957375,82.221489,77.24630100000002,,True,0.0,0.0,,main
01243e0e-431c-4b0a-b150-0dc699a521b7,ok,17564416.0,v1.12-1.13,0.0,0.0,0.0,True,,,,8.0,actuator_outputs,bus,2503183,2032691,2.3,,B,ground_only_actuator_outputs,,,False,10.017007771788602,20.019354898542467,2.0168180778832956,59.79977,0.0,True,True,0.0,0.0,,main
d0dc9a0b-0d75-458a-9ca4-8cd50d9ae569,ok,17630207.0,v1.12-1.13,0.0,0.0,0.0,True,,,,4.0,actuator_outputs,per_channel,3397873,2265056,2.7,,C,ground_only_actuator_outputs,,,False,10.010180412828744,20.00912555146366,2.00986682236303,102.887944,0.0,True,True,0.0,0.0005606326975907425,sensor_combined,main
4503dcb0-1fe4-4200-a0ea-e6e437b22884,ok,17761535.0,v1.14-1.15,0.0,0.1780104712041884,0.0,True,0.0,0.0,0.2337585568428039,4.0,actuator_motors,none,7744126,5342964,4.1,,B,,0.0,4.0,True,9.994186011568424,19.984167664507776,2.000055356029457,189.324674,185.47634799999997,,True,0.0,0.000842593449923698,sensor_combined,main
3c1feb78-824b-44bc-b29b-7cce052f3434,ok,17694912.0,v1.14-1.15,0.0,0.0,0.0,True,4.021232105517131e-05,0.0110210000000003,0.3328452993184327,4.0,actuator_motors,none,23964064,15118849,7.3,,A,,0.0,4.0,True,9.996350190702742,122.27312124912268,1.9962575049854372,266.711995,265.4257259999999,,True,0.0,0.0,,main
ef0bf480-4c20-4c67-8144-1db7a79a9581,ok,17761280.0,v1.14-1.15,0.0,0.0,0.0,True,0.0,0.0,0.0999261617660522,4.0,actuator_motors,none,20276231,12143326,12.5,,B,,0.0,4.0,True,10.001770884327845,20.00161088298804,1.999999272727537,572.52045,562.5158449999996,,True,0.0,0.0,,main
7607d78b-1251-4821-aab8-c8848cde0884,ok,17760767.0,v1.14-1.15,0.0,0.0,0.0,True,0.0,0.0,0.1953693717718124,4.0,actuator_motors,none,6640677,4562085,4.0,,A,,0.0,4.0,True,10.006382578785825,20.006382137975393,1.9999973717983257,156.521635,150.01995600000006,,True,0.0,0.0,,main
1a018fe7-ce8f-4ce7-a5b3-6b7a4dcd4a23,ok,17695743.0,v1.14-1.15,0.0,0.0,0.0,False,0.0001010917913465,0.0037269999999978,0.443683886528015,4.0,actuator_motors,none,53361368,17484754,17.1,,B,,0.0,4.0,True,9.990626006364884,199.0301580482234,1.999987893878589,113.551276,113.48513299999996,,True,0.0,0.0015793920804310268,vehicle_attitude,main
1cc60a6c-1f4d-4ffb-a2bf-3cae1a94a5d2,ok,17761280.0,v1.14-1.15,0.0,0.0,0.0,True,0.0,0.0,0.1567872047424316,4.0,actuator_motors,none,2600971,1817832,2.2,,C,,0.0,4.0,True,10.013116365040949,20.01261353207425,2.000044384546616,72.98118,68.37326200000001,,True,0.0,0.0,,main
6a633774-1068-4444-b755-43d347901ba1,ok,17891392.0,v1.16+,0.0,0.0,0.0,True,,,,4.0,actuator_motors,none,7405568,4469708,3.9,,A,ground_only_actuator_motors,0.0,4.0,True,10.007299761074618,20.00732625519242,1.9999993235296407,136.620247,0.0,,True,0.0,0.0,,main
c5712063-6a8a-4360-af0c-3d3b8c2b3348,ok,17761535.0,v1.14-1.15,0.0,0.0,0.0,True,0.0091996320147194,1.4010310000000177,0.3198237761855125,4.0,actuator_motors,none,8641060,5388271,4.0,,B,,0.0,4.0,True,10.004142362688379,20.00418949895389,1.9999590979019708,221.996798,217.4621370000001,,True,0.0,0.0,,main
96f6cb90-d0c3-405f-b4e7-1f1ea198142f,ok,17695743.0,v1.14-1.15,0.0,0.0210970464135021,0.0,True,0.0,0.0,0.395167201757431,4.0,actuator_motors,none,37560503,24022003,10.4,,C,,0.0,4.0,True,10.002863225803505,200.39779974660254,2.000026618851387,346.205439,341.780854,,True,0.0,0.00015852453708409806,vehicle_attitude,main
5824b695-eece-4f9b-a852-23bdec3a34cd,ok,17629951.0,v1.12-1.13,0.0,0.0,0.0,True,0.0,0.0,0.2635499999999999,6.0,actuator_outputs,per_channel,12386304,7308998,12.0,,C,,,,False,10.003755391749278,20.003499656111583,2.0035889920723156,277.907962,83.01521800000005,False,False,0.0,0.0,,main
05b52cea-2b8d-4057-838c-5943d28d7960,ok,17630207.0,v1.12-1.13,0.0,0.0,0.0,True,0.0,0.0,0.18375,6.0,actuator_outputs,per_channel,3931585,2548249,7.9,,B,,,,False,9.999917463613686,19.999953890596217,2.0000532741463024,120.889071,116.602482,True,True,0.0,0.0,,main
6cb076a1-ad43-4419-9f53-a6f844c46421,ok,17629952.0,v1.12-1.13,0.0253475061324611,0.0,0.0,False,0.0,0.0,0.874,6.0,actuator_outputs,per_channel,24733517,14709521,15.7,,B,,,,False,10.00147605306654,20.001504127384422,1.9999840780488332,616.577507,612.290293,True,True,0.0,0.0,,main
d74a4cfe-671a-4796-9001-c26e902010fb,ok,17629695.0,v1.12-1.13,0.0056031641397495,0.0,0.0,True,0.0,0.0,0.3681192725896834,4.0,actuator_motors,none,202899415,115285852,41.8,,B,,0.0,4.0,True,10.00068349539452,285.62316574710854,2.0004024485795884,1532.009899,1301.8491749999998,,True,0.0,0.0,,main
7410b678-7a41-4dab-8ede-16afb68383da,ok,17761280.0,v1.14-1.15,0.0738396624472573,0.0569620253164556,0.0,True,0.0050845751107531,0.4476279999999999,0.2400000090587273,4.0,actuator_motors,none,26104647,14783813,10.1,,A,,0.0,4.0,True,10.004170286791325,187.75023214657125,2.0000492863209236,235.517161,139.04572100000001,,True,0.0,0.0,,main
5f55e4d7-55fb-4ad0-94f9-86fd676d6f4a,ok,17825792.0,v1.16+,0.0,0.0,0.0,True,0.0,0.0,0.2560985058546066,4.0,actuator_motors,none,31826728,13643650,11.2,,A,,0.0,4.0,True,9.999454972005212,161.03076706477415,2.0000654694797397,199.003628,194.12209200000007,,True,0.0,0.0,,main
4cc3ca74-6dac-4abe-8570-9b43c334902e,ok,17761280.0,v1.14-1.15,0.0,0.0,0.0,True,0.0,0.0,0.1664863228797912,4.0,actuator_motors,none,2829713,2048275,1.3,,B,,0.0,4.0,True,10.01425462527476,20.014268827936643,1.9999488070657876,69.478683,68.089802,,True,0.0,0.0,,main
0fc5ec68-b499-44d3-88ce-b66928cf8be0,ok,17630207.0,v1.12-1.13,0.0,0.0,0.0,True,0.0,0.0,0.2971807271242142,4.0,actuator_motors,none,22614573,12730224,8.2,,B,,0.0,4.0,True,9.87095174966922,195.6430235958798,1.9692028890786717,162.315892,155.2744319999999,,True,0.0,0.01408929681291713,vehicle_attitude,main
08f0d61f-e0a1-4207-8233-0a03dc2a73a7,ok,17826240.0,v1.16+,0.0,0.0,0.0,True,0.0,0.0,0.1190112680196762,4.0,actuator_motors,none,12749036,7756893,7.6,,A,,0.0,4.0,True,10.008369794246972,198.34911377346768,1.99992217846681,114.296609,109.21159100000003,,True,0.0,0.0,,main
1eda2d22-4b04-4cc8-817b-603d775195ca,ok,17630207.0,v1.12-1.13,1.0,0.0,0.0,True,,,,6.0,actuator_outputs,per_channel,19384015,8972351,7.8,,B,ground_only_actuator_outputs,,,False,9.952077786731062,197.30821319823042,1.9880378023646335,167.177,0.0,True,True,0.0,0.005900789841895169,vehicle_attitude,main
8ecf4cc0-7a62-4525-b013-011b5e4fcfbb,ok,17761535.0,v1.14-1.15,0.0,0.0,0.0,True,0.0,0.0,0.2541144043207168,4.0,actuator_motors,none,18237755,11971045,7.4,,A,,0.0,4.0,True,9.967179220442324,19.927764761661344,1.9933962540326164,455.276563,450.78967200000005,,True,0.0,0.0038421397866067243,vehicle_attitude,main
5405cdbb-27ee-4d00-b2ed-4dfe6f92a0df,ok,17761280.0,v1.14-1.15,0.0,0.0,0.0,True,0.1208955223880597,0.206542,0.999999968858212,4.0,actuator_motors,none,36155517,18045241,12.5,,B,,0.0,4.0,True,10.002829472308605,171.8491711905906,1.9999970220308658,341.141715,2.3455369999999998,,True,0.0,0.0,,main
fa78e324-5891-4db6-95e7-913dda4a4fe3,ok,17761535.0,v1.14-1.15,0.0845070422535211,0.0,0.0,True,0.0,0.0,0.178942459821701,4.0,actuator_motors,none,88025561,24651986,29.5,,C,,0.0,4.0,True,9.10322112558869,168.2659411317064,1.7611838426445428,113.534774,104.04440799999995,,True,0.0,0.0766020552563112,vehicle_attitude,main
ebba33eb-7512-4297-9b36-c810346b6494,ok,17956992.0,v1.16+,0.0,0.0139982502187226,0.0,True,0.0,0.0,0.0010466694831848,4.0,actuator_motors,none,269818979,120507710,54.1,,A,,0.0,4.0,True,124.99956540634507,249.99913081269014,100.00086918730986,1150.008,1145.7240000000004,,True,0.0,0.0,,main
891a6505-c042-4bb2-8732-dce802caad85,ok,17694720.0,v1.14-1.15,0.0,0.1713395638629283,0.0,True,0.0,0.0,0.1172917723655699,4.0,actuator_motors,none,6004836,4038143,3.9,,B,,0.0,4.0,True,10.005842892465152,20.00584633335948,1.9999834138183337,153.888578,149.31494200000003,,True,0.0,0.0,,main
42aa2344-e06c-45a4-877c-9f5945930b68,ok,17695488.0,v1.14-1.15,0.0,0.0,0.0,True,0.0,0.0,0.1211597859859466,4.0,actuator_motors,none,69942455,18162569,17.0,,A,,0.0,4.0,True,5.343510647952349,105.76453456665416,1.0231808473027264,216.773914,211.82785000000007,,True,0.0,0.4074728817369661,vehicle_attitude,main
e4ae1376-d436-494e-a3b4-1d66f415af4c,ok,17694975.0,v1.14-1.15,0.0,0.0,0.0,True,0.0,0.0,0.0958883717656135,4.0,actuator_motors,none,3392401,2357807,3.1,,A,,0.0,4.0,True,10.009814488398225,20.010492710662483,1.9998711749651459,96.054692,91.29615,,True,0.0,0.0,,main
85197c88-8bbc-4cdd-bd52-d84d60ef3a00,ok,17826047.0,v1.16+,0.0,0.0,0.0,True,0.0,0.0,0.1426577419042587,4.0,actuator_motors,none,56167911,36919305,35.1,,B,,0.0,4.0,True,10.000740508517426,20.00074055263257,1.9999992220397762,1216.347426,1210.0802740000004,,True,0.0,0.0,,main
38737092-fad7-4f3c-8b0f-6f1a9e64cc56,ok,17170944.0,v1.12-1.13,0.0,0.0,0.0,False,0.0006071645415907,0.0999999999999943,0.3511838823556895,4.0,actuator_motors,none,121427399,37196233,42.9,,C,,0.0,4.0,True,99.95713301769106,999.6578131852773,99.95713301769106,207.648,164.281,,True,0.0,0.0004720184568849672,sensor_combined,main
4c453b12-9362-41f6-b075-dcc4e7337ee9,ok,17761280.0,v1.14-1.15,0.0115448048378229,0.0093457943925233,0.0,True,0.0,0.0,0.257561036944389,4.0,actuator_motors,none,97075704,43832792,33.4,,A,,0.0,4.0,True,10.001019534695313,172.51763573460696,1.9999902115547563,913.362791,51.11315500000001,,True,0.0,0.0,,main
9cf6469a-1726-4284-a094-f0b9ba8a60de,ok,18350336.0,v1.16+,0.0,0.0,0.0,True,0.0,0.0,0.1266666666666666,6.0,actuator_outputs,bus,274323593,125662209,83.9,,C,,,,False,9.913886468725513,198.27314525325653,1.982790088081745,2149.791369,2144.870739,False,False,0.0,0.008643387767845095,vehicle_attitude,main
e1a04338-574c-4c12-b115-cadd9467dd6e,ok,17891392.0,v1.16+,0.0,0.7624309392265194,0.0385604113110539,True,0.1973875181422351,2.2015550000000026,0.2007390439510346,4.0,actuator_motors,none,3902754,2698097,3.8,,B,,0.0,4.0,True,10.012773715319144,20.0129430804268,2.0001206826063815,77.451084,68.936115,,True,0.0,0.0,,main
7d5b533e-7a2d-4995-9e9a-49582c4cadc2,ok,17694720.0,v1.14-1.15,0.1104972375690607,0.0,0.0,True,0.0,0.0,0.2026879370212554,4.0,actuator_motors,none,8540867,5580901,3.9,,A,,0.0,4.0,True,10.005371602384786,20.005183771877768,2.0000633503211747,178.458753,174.7100729999999,,True,0.0,0.0,,main
30e3585c-32ab-41af-8911-beda386456a7,ok,17498367.0,v1.12-1.13,0.0,0.1707317073170731,0.0,True,0.0,0.0,0.189142857142857,6.0,actuator_outputs,global,1816809,1250535,2.1,,B,,,,False,10.014792408424977,19.998286473015714,5.015650313875767,60.489242,57.03850499999999,True,True,0.0,0.0008228933346710552,sensor_combined,main
8c2ca824-8eca-4755-a48d-5616c9db512c,ok,17760384.0,v1.14-1.15,0.0,0.0,0.0,True,0.0,0.0,0.1658497527241706,4.0,actuator_motors,none,5368210,3631830,3.9,,C,,0.0,4.0,True,10.00615763061799,20.00570049081555,1.9999630892888078,158.410174,153.83940500000008,,True,0.0,0.0,,main
2d9dc3d2-60f9-4272-ae6b-a73e545b6af3,ok,17826047.0,v1.16+,0.0068493150684931,0.0,0.0494186046511627,True,0.0016234616391725,0.0276050000000003,0.1867596864700317,4.0,actuator_motors,none,7862554,4722373,4.1,,A,,0.0,4.0,True,10.013918469541117,199.06502445793848,2.00020863940999,68.084987,66.837623,,True,0.0,0.0,,main
eae909cc-c23f-4fc9-bd31-e4f146028b1c,ok,17630207.0,v1.12-1.13,0.0,0.0,0.030188679245283,True,0.0134788189987163,2.897467000000006,0.35313531011343,4.0,actuator_motors,none,14203633,8932355,5.8,,C,,0.0,4.0,True,10.003200457392799,20.002942916840155,2.0000399250872114,317.220099,311.5971770000001,,True,0.0,0.00019009265363097782,sensor_combined,main
277c496d-4f2a-4e68-a3c7-982ab4482427,ok,17761535.0,v1.14-1.15,0.0,0.0,0.0,True,5.427506603466368e-05,0.0104950000000201,0.4124238863587379,4.0,actuator_motors,none,24153667,14714456,10.1,,C,,0.0,4.0,True,9.959801990791053,221.03824591915122,1.9900156277573127,200.957917,194.973958,,True,0.0,0.005006789977029517,vehicle_local_position,main
686c182a-eec6-4554-b0b3-5d403e049a20,ok,17695488.0,v1.14-1.15,0.0277777777777777,0.0,0.0027472527472527,False,0.0,0.0,0.162231010715186,4.0,actuator_motors,none,37683200,10490344,10.3,,B,,0.0,4.0,True,8.59052597930278,164.31878332028,1.7125634468829165,84.687703,83.84205999999998,,True,0.0,0.13740753661418437,vehicle_local_position,main
f1f536cd-f698-4b73-9a1e-5eea5749eae6,ok,67441920.0,,0.0,0.0,0.0,True,0.0214317451190507,4.427193999999986,0.9,6.0,actuator_outputs,bus,85543716,46498201,20.4,not_px4_v4,,,,,False,10.001368209379091,199.65292294975052,2.001306734510397,774.581977,768.675132,True,True,0.0,0.0,,main
3a4a07a5-a053-4e87-a4d8-e2926821573d,ok,17630207.0,v1.12-1.13,0.0,0.0,0.0,True,0.0,0.0,0.524,6.0,actuator_outputs,per_channel,3782624,2234456,3.8,,C,,,,False,10.010970308564497,20.01081809101784,1.9999037349707796,89.450839,87.37654900000003,True,True,0.0,0.0,,main
a460b418-d3b0-41ed-93eb-c926316ca4ca,ok,17694975.0,v1.14-1.15,0.0,0.1129326047358834,0.0,True,0.0,0.0,0.1322114825248716,4.0,actuator_motors,none,11031478,6966380,4.7,,A,,0.0,4.0,True,10.003761560120909,20.003593651064875,1.9999594971706214,274.115981,270.4807300000001,,True,0.0,0.0,,main
b7c68433-a6aa-4235-bbaf-1dbf40104915,ok,17695488.0,v1.14-1.15,0.0,0.0,0.0,True,,,,4.0,actuator_motors,none,27117693,13411419,6.5,,A,ground_only_actuator_motors,0.0,4.0,True,10.001523373190707,20.001569880568336,1.9999976720284331,623.00885,0.0,,True,0.0,0.0,,main
f95d23c6-9ba5-46c9-a7be-38e84a7e708a,ok,17826047.0,v1.16+,0.0046054651519803,0.0,0.0,True,0.0007320197645336,0.2974990000000161,0.2624239802360534,4.0,actuator_motors,none,77736131,47746367,17.0,,A,,0.0,4.0,True,9.988449841378142,19.975080998327442,1.997568373271496,1645.002463,1641.270265000005,,True,0.0,0.0012337425565014497,sensor_combined,main
8db0ea75-8b73-428e-ae0c-857ccdb66c0c,ok,17761280.0,v1.14-1.15,0.0,0.0,0.0,True,0.0,0.0,0.412721686810255,4.0,actuator_motors,none,8319520,5787965,5.1,,B,,0.0,4.0,True,10.00490936459463,20.004831129255486,2.000023431909913,186.531448,183.97902899999997,,True,0.0,0.0,,main
ad3ea7e0-5049-4eaa-a639-5d4403709076,ok,17569023.0,v1.12-1.13,0.0,0.0,0.0,True,0.0,0.0,0.3033333333333333,4.0,actuator_outputs,bus,10371578,5508693,5.6,,B,,,,False,7.024606076120851,141.94889844982552,1.4043890803060342,112.463013,107.56795100000001,True,True,0.0,0.29033191104188866,vehicle_attitude,main
7a1b3a5d-c531-49be-8300-23e78d6ef991,ok,17694720.0,v1.14-1.15,0.0259541984732824,0.0381679389312977,0.0180012414649286,False,0.0220025510204081,3.4034090000000106,0.2784448340535164,4.0,actuator_motors,none,11120757,7273534,4.7,,B,,0.0,4.0,True,10.000196680886894,20.00004813676182,1.999961481301735,322.160045,313.25880600000016,,True,0.0,0.0,,main
b82b07f5-525c-480a-abd5-370f66ba87ee,ok,1610941952.0,,0.0,0.0,0.0,True,0.0,0.0,0.626,8.0,actuator_outputs,per_channel,15224449,7524451,5.5,not_px4_v96,,,,,False,9.949372221252927,19.893133436599655,1.9886909996530575,178.074225,172.42632099999986,True,True,0.0,0.006175974658646097,vehicle_local_position,main
a60a47b9-15f1-4dbc-8b48-3da45c7ca97e,ok,17826047.0,v1.16+,0.0,0.1208791208791208,0.0,True,0.0276595744680851,1.0,0.1835518300533282,4.0,actuator_motors,none,39119959,14646988,12.0,,A,,0.0,4.0,True,125.0,249.99999999999997,100.00756429652043,131.952,47.07199999999999,,True,0.0,0.0,,main
0ea3681a-92df-4805-aa7e-0b71a75ba85d,ok,17639168.0,v1.12-1.13,0.0,0.0,0.0122354497354497,True,0.0023492560689115,0.5446850000000723,0.1597136363387106,4.0,actuator_motors,none,66279682,37603377,14.5,,A,,0.0,4.0,True,9.999898313968188,200.0177904589387,2.000011413972424,604.839144,569.6021439999995,,True,0.0,0.0,,main
d256b5f4-218b-4aaa-8581-38b13efcf715,ok,17825920.0,v1.16+,0.0,0.0,0.0,True,0.0,0.0,0.2175367474555969,4.0,actuator_motors,none,2640802,2219447,2.8,,B,,0.0,4.0,True,10.016143686522481,20.015576425397004,1.999760768115169,59.544404,55.086385000000035,,True,0.0,0.0,,main
e64ba0ec-138c-4d43-a1ed-c80f05138be0,ok,33620416.0,,0.0,0.0,0.0,True,0.0,0.0,0.2445268124341964,4.0,actuator_motors,none,11126886,6548175,3.7,not_px4_v2,,,0.0,4.0,True,9.98912688549781,201.23229211748864,2.0000567431828826,88.871606,86.273431,,True,0.0,0.0,,main
0b707ec7-aeb5-43a1-824e-b53f540c0890,ok,17694720.0,v1.14-1.15,0.0,0.0,,True,0.0,0.0,0.4168275575046153,4.0,actuator_motors,none,6865282,4155407,2.8,,B,,0.0,4.0,True,0.0,20.003591959733935,0.0,250.70662,245.45706500000009,,True,,0.0,,main
ca4a7dd7-b71a-470d-9db6-537f3c12a3d0,ok,17826047.0,v1.16+,0.0,0.0,0.0,True,0.0,0.0,0.3257557272911072,4.0,actuator_motors,none,5811695,4153156,4.5,,C,,0.0,4.0,True,10.007203076262455,20.006746401435258,2.000026227616667,132.402894,126.19534799999998,,True,0.0,0.0,,main
f5ecb831-f1d1-4c06-ac9b-99b06b39507a,ok,17563904.0,v1.12-1.13,0.0070921985815602,0.0070921985815602,0.0,True,0.0,0.0,0.4308571428571429,6.0,actuator_outputs,bus,2189691,1668498,5.3,,A,,,,False,8.813884222270955,17.76503649012463,1.7822848299134173,77.835471,76.36788,False,False,0.0,0.11049308307084828,sensor_combined,main
6626b235-e8ae-4228-b92b-6805aa110f82,ok,17630207.0,v1.12-1.13,0.0,0.0,0.0,True,0.0,0.0,0.3809999999999999,6.0,actuator_outputs,per_channel,24009338,13192551,13.7,,B,,,,False,10.0050129442719,200.83853523817757,2.0000347250927013,196.090907,188.47802000000016,True,True,0.0,0.0,,main
f390c6e1-8028-41e8-957a-cd91105d55ac,ok,17760256.0,v1.14-1.15,0.0,0.0,0.0,True,9.298472514560562e-05,0.0374610000000075,0.107551524043083,4.0,actuator_motors,none,45471359,28202636,14.8,,A,,0.0,4.0,True,10.002318612925649,221.14973905104594,1.9999926124674792,418.500834,414.0455020000008,,True,0.0,0.0,,main
73f350f7-8413-44b7-8f0e-837e0a780b21,ok,17826304.0,v1.16+,0.0400878638110928,0.0,0.0,True,0.0099085783106147,0.699997999999999,0.4720398783683777,4.0,actuator_motors,none,86806496,56519222,18.5,,C,,0.0,4.0,True,10.000545354343988,20.00054519762212,1.9999997729877474,1832.56447,1826.6898060000008,,True,0.0,0.0,,main
b45160d9-2a57-4ea0-899c-2bf6f17f7fcc,ok,17825984.0,v1.16+,0.0,0.0,0.0,True,0.0,0.0,0.0044581353664398,4.0,actuator_motors,none,21107067,8552667,8.2,,B,,0.0,4.0,True,124.27006284411321,247.48345475779988,100.0194671561266,71.452,69.37999999999997,,True,0.0,0.0,,main
540db462-de02-437a-8ff9-b58d52c614eb,ok,17564671.0,v1.12-1.13,0.0970149253731343,0.0,0.0,True,,,,6.0,actuator_outputs,none,7878213,4305494,3.7,,C,no_pwm_params,,,False,10.014475170161008,199.87163640225506,2.0147229987196806,66.710606,62.420046000000006,False,False,0.0,0.0,,main
bdcb789b-0e16-4a4d-812f-ca32f363bbc8,ok,17891392.0,v1.16+,0.0,0.197452229299363,0.0,True,0.0,0.0,0.0491936266422269,4.0,actuator_motors,none,18177401,9099535,4.9,,C,,0.0,4.0,True,124.94800332778702,249.8050023399719,100.0130005200208,76.432,72.136,,True,0.0,0.0,,main
aade289c-3aef-4d0f-a03c-92db527221e1,ok,17694720.0,v1.14-1.15,0.0,0.0729483282674772,0.0,True,0.0,0.0,0.1939240708947181,4.0,actuator_motors,none,5609602,3667178,4.3,,B,,0.0,4.0,True,10.00037608891011,20.00014280475797,1.999947288889267,160.136545,151.17090099999993,,True,0.0,0.0,,main
4d82e666-d865-4056-a184-3b39dc3b605d,ok,17694975.0,v1.14-1.15,0.0,0.0,0.0,True,0.0319148936170212,0.8014320000000019,0.4007642686367034,4.0,actuator_motors,none,6180265,3870255,4.4,,B,,0.0,4.0,True,10.00190500831332,20.00332899887128,1.9999360020479344,163.297065,159.713188,,True,0.0,0.0,,main
2b7ba021-f184-48ee-a83b-0f19d05bc14d,ok,17891583.0,v1.16+,0.0,0.0,0.0477453580901856,True,0.1002673796791443,3.244960000000006,0.8765619844198227,4.0,actuator_motors,none,8329732,5353676,4.4,,B,,0.0,4.0,True,10.01322424688936,198.18834525259103,1.9998398517509322,74.700743,70.68382200000002,,True,0.0,0.0,,main
feda1984-155a-47ea-9aa5-d8858b12b17a,ok,17760384.0,v1.14-1.15,0.0,0.0,0.0,True,0.0,0.0,0.0987312316894531,4.0,actuator_motors,none,27932394,18610849,7.8,,A,,0.0,4.0,True,10.003056095473976,20.003308097161895,1.9999832593993845,324.153734,315.8483079999999,,True,0.0,0.0,,main
0bba0f63-5f36-44ed-9b9a-f470ffec3da8,ok,17826047.0,v1.16+,0.0,0.0,0.0,True,0.0,0.0,0.2321804046630859,4.0,actuator_motors,none,7737744,4912294,1.8,,B,,0.0,4.0,True,10.000557761371198,199.56696090611985,2.0001174283819108,60.50549,53.031137000000015,,True,0.0,0.0,,main
594ee734-e21c-4d1f-acbe-4ab501dc304d,ok,17432576.0,v1.12-1.13,0.0,0.0,0.0,True,0.0,0.0,0.2817073170731707,6.0,actuator_outputs,global,13818898,6516844,4.3,,B,,,,False,9.85172762770473,246.2840602055289,0.0,120.516786,115.53999800000004,False,False,,0.0,,main
f0d49fce-0af1-488a-bc1e-d558356cb76d,ok,17695743.0,v1.14-1.15,0.6354166666666666,0.0,0.0,True,0.0209251101321585,0.2003249999999994,0.9034366321690048,4.0,actuator_motors,none,4161446,3110750,3.8,,B,,0.0,4.0,True,10.010041465920418,20.010735244361673,2.0000288171691354,95.841959,90.828433,,True,0.0,0.0,,main
fc96d4f6-e675-4634-86d1-79135d504027,ok,17694720.0,v1.14-1.15,0.0,0.3333333333333333,0.0,True,0.0,0.0,0.1541318595409393,4.0,actuator_motors,none,15327802,4094381,5.2,,A,,0.0,4.0,True,10.011946770840051,20.011608452746167,101.00439576631223,80.985539,76.29728500000019,,True,0.0,0.0,,main
5ffcf209-d767-4b19-b0dd-2d900b1777a1,ok,17695743.0,v1.14-1.15,0.0,0.171945701357466,0.0,False,0.0236111111111111,0.1039999999999992,0.087258594110608,4.0,actuator_motors,none,16861047,7089141,6.0,,C,,0.0,4.0,True,124.99999999999999,231.5846862127453,124.99999999999999,82.356,71.91199999999996,,True,0.0,0.0,,main
f377f6bd-e652-486f-8b97-3eecf987070c,ok,17695488.0,v1.14-1.15,0.0,0.0379746835443038,0.0,True,0.0008756567425569,0.1014180000000095,0.1445705026388168,4.0,actuator_motors,none,4681374,3011423,4.7,,B,,0.0,4.0,True,10.00851155687321,20.008573601754097,1.9999781619405808,117.739232,114.19799899999998,,True,0.0,0.0,,main
df75252c-e137-4609-b692-d20701d62e9e,ok,16842880.0,v1.12-1.13,0.0,0.0,0.0,True,0.0,0.0,0.2481416106224059,4.0,actuator_motors,none,11177515,6718320,5.2,,C,,0.0,4.0,True,10.008625867766742,201.24324646350718,2.0001194686744173,104.210365,99.08406499999997,,True,0.0,0.0,,main
6d854fb4-4d1d-4aa1-a711-1090dc66adb0,ok,17891392.0,v1.16+,0.0,0.0,0.0,True,,,,4.0,actuator_motors,none,27066368,15851333,8.1,,B,ground_only_actuator_motors,0.0,4.0,True,9.85742284307283,19.711106522139836,1.9716569431426054,596.632982,0.0,,True,0.0,0.015091251519953643,vehicle_local_position,main
b064faea-b5e8-46ef-a874-518922e928e6,ok,17760256.0,v1.14-1.15,0.0,0.0,0.0,True,0.308411214953271,2.6979770000000016,0.4931707173585891,4.0,actuator_motors,none,34502753,16079537,9.3,,C,,0.0,4.0,True,10.000775562153033,20.001187349454597,1.9999874971617644,771.429879,10.432056,,True,0.0,0.0,,main
9e3cec7e-caca-484b-a6f5-ac9273914402,ok,17760384.0,v1.14-1.15,0.0,0.0,0.0,True,,,,4.0,actuator_motors,none,11730944,7553271,5.2,,C,ground_only_actuator_motors,0.0,4.0,True,10.00744772212055,20.00733904223755,1.9999891791630233,134.698732,0.0,,True,0.0,0.0,,main
635eb49b-55a9-4df4-a7a8-472108a7da0c,ok,17170432.0,v1.12-1.13,0.0,0.0,0.0,True,0.0037222851594109,0.3064229999999952,0.5257142857142857,6.0,actuator_outputs,global,26877813,14635991,6.2,,A,,,,False,9.564136634444512,30.76650045964799,0.0,646.099591,640.764393,False,False,,0.027915442978334835,sensor_combined,main
6263d9ec-af59-48da-aebe-dee75c8d30f0,ok,17761535.0,v1.14-1.15,0.0,0.0,0.0,True,0.0,0.0,0.1772197559475899,4.0,actuator_motors,none,8119385,4527881,4.7,,B,,0.0,4.0,True,10.007916607136817,20.007701322340683,2.000071738110276,121.402705,119.166397,,True,0.0,0.0,,main
5c703fed-e6cd-41d2-9f3e-cdd5a5c8cf3c,ok,17629952.0,v1.12-1.13,0.0,0.0,0.0,True,0.0,0.0,0.2429177328944206,4.0,actuator_motors,none,6436668,4167777,4.8,,C,,0.0,4.0,True,9.946173243555327,19.910000831591468,1.9880146548536202,167.487777,162.93848000000006,,True,0.0,0.0042614358860822606,sensor_combined,main
c3e56705-eb74-45d4-b691-18a590465ae5,ok,17760511.0,v1.14-1.15,0.0,0.0,0.0,True,0.0,0.0,0.2097457632422447,4.0,actuator_motors,none,2890477,2012532,3.2,,B,,0.0,4.0,True,10.014164143114089,20.012778849391157,1.9999406394430495,69.162804,63.01729199999999,,True,0.0,0.0,,main
7384174d-b8a3-446a-a9f9-dd9675344230,ok,17826047.0,v1.16+,0.0,0.0,0.0,True,0.0001585942208265,0.0064819999999912,0.1764099121093749,4.0,actuator_motors,none,12880264,7208749,10.4,,C,,0.0,4.0,True,9.62039255876813,172.106039394664,1.9235996715542538,118.708043,115.45560699999993,,True,0.0,0.03867377799775668,vehicle_attitude,main
5db6c7a1-df35-4963-b443-64a0fe36085a,ok,17563904.0,v1.12-1.13,0.0,0.0,0.0,True,0.0,0.0,0.5,7.0,actuator_outputs,bus,98703650,38392479,19.4,,A,,,,False,10.001543494373562,200.000035497942,2.0015382315516446,647.741826,536.8301519999991,False,False,0.0,0.0,,main
5f25cf85-1587-4f39-81ec-9746e86d8884,ok,17761023.0,v1.14-1.15,0.0,0.0,0.0,True,,,,4.0,actuator_motors,none,46035009,24822759,10.1,,C,ground_only_actuator_motors,0.0,4.0,True,9.999942384340219,20.000679617413695,1.9999937535250443,1355.42576,0.0,,True,0.0,0.0,,main
68d30297-7204-49d8-8a81-bc606d96f98e,ok,17760768.0,v1.14-1.15,0.0,0.0185979971387696,0.0,True,,,,,actuator_motors,none,14195445,8694338,7.7,,C,unknown,0.0,0.0,False,10.002622378369052,20.002720495253467,2.0000176720534393,350.977422,346.646952,,False,0.0,0.0,,main
5a7fbbc6-37a6-4dd3-9e09-c2ddb41f1192,ok,17630207.0,v1.12-1.13,0.0,0.0,0.0,True,,,,4.0,actuator_outputs,per_channel,6024030,3794051,4.7,,C,ground_only_actuator_outputs,,,False,10.006563484795116,20.00625125137044,2.006467117127655,154.381203,0.0,True,True,0.0,0.0,,main
b9ff0ece-82b6-4b1c-a43a-a71e0e98963d,ok,17891583.0,v1.16+,0.0,0.0,0.0,True,0.0,0.0,0.298640608787536,4.0,actuator_motors,none,36888795,13652280,8.3,,B,,0.0,4.0,True,9.9950929751092,19.990248432909556,1.990278025820896,206.473797,198.4322970000001,,True,0.0,0.0007604741653948913,sensor_combined,main
a00fb082-b490-4b74-85d5-553101ce6d6e,ok,17826047.0,v1.16+,0.0,0.0,0.0,True,0.0,0.0,0.2492688119411468,4.0,actuator_motors,none,92774379,56397105,25.8,,C,,0.0,4.0,True,10.000508787906263,20.000508566333174,2.000000141511845,1965.218452,1959.1502780000035,,True,0.0,0.0,,main
f7dc8968-a583-43c7-ba0f-23587449226c,ok,17761280.0,v1.14-1.15,0.0,0.0118081180811808,0.0,True,0.0,0.0,0.2688985362648963,4.0,actuator_motors,none,25022735,17063740,4.9,,C,,0.0,4.0,True,10.001497879543807,20.00151265772078,1.999985558775862,677.829973,674.2459890000001,,True,0.0,0.0,,main
840f1d6c-7342-4ee0-bb43-e9a4d63d2e2b,ok,17761023.0,v1.14-1.15,0.0,0.0,0.0,True,0.0,0.0,0.0182292699813842,4.0,actuator_motors,none,19756765,8797449,4.2,,B,,0.0,4.0,True,125.0,250.00000000000003,125.0,85.788,72.41599999999998,,True,0.0,0.0,,main
2dce1242-dd61-4d0c-b724-76683ea2a4c2,ok,17367040.0,v1.12-1.13,0.0,0.0,0.0,True,0.0,0.0,0.1818049103021621,4.0,actuator_motors,none,14613324,8922141,6.6,,A,,0.0,4.0,True,10.002755509943402,20.002887045693374,2.0000364012430647,345.339579,340.58467999999993,,True,0.0,0.0002613873806122396,sensor_combined,main
59102137-d76d-4cd3-bee7-7a655235fb62,ok,17760384.0,v1.14-1.15,0.0,0.0,0.0,True,0.0,0.0,0.0959794908761978,4.0,actuator_motors,none,23420386,14189808,9.8,,C,,0.0,4.0,True,10.001742668327099,20.00160728121912,1.9999821420949377,620.599871,613.1849170000006,,True,0.0,0.0,,main
9434f26d-e4a0-4115-87c1-3d241b7fb72f,ok,17760256.0,v1.14-1.15,0.0,0.0,0.0,True,0.0011980830670926,0.1997559999999794,0.3767148584127426,4.0,actuator_motors,none,23232389,15288168,9.1,,A,,0.0,4.0,True,10.001968769008862,20.00176629825433,1.9999957029795292,505.046509,500.7512629999997,,True,0.0,0.0,,main
9bca7da8-e329-4b4b-a3ab-2792247dcb7a,ok,17499135.0,v1.12-1.13,0.0,0.0,0.0,False,,,,6.0,actuator_outputs,none,16496730,5339441,6.4,,A,no_pwm_params,,,False,2.803045211533108,58.48876679285783,1.519188836633152,119.760588,103.84714799999998,False,False,0.0,0.5926566990188762,vehicle_attitude,main
066954dd-411e-450c-9f26-c99033c6efcb,ok,17695488.0,v1.14-1.15,0.4897959183673469,0.0,0.0,False,0.00802192326856,0.1958880000000036,0.4867006495925326,4.0,actuator_motors,none,8230155,4897948,3.3,,C,,0.0,4.0,True,10.014352698426528,170.9255072070388,1.9999394102863166,71.642103,69.24870199999998,,True,0.0,0.0,,main
8997bfed-7424-4ce0-a77f-7824c1087587,ok,17630207.0,v1.12-1.13,0.0,0.0,0.0,True,0.0,0.0,0.1953499999999999,6.0,actuator_outputs,per_channel,2561571,1757515,2.2,,A,,,,False,9.999562932200357,19.99943218737484,2.0000107161067997,81.092879,77.402483,True,True,0.0,0.0,,main
92da7a00-7889-4e0c-9cb1-ae90ddbcb062,ok,17891583.0,v1.16+,0.0,0.0,0.0,True,0.0,0.0,0.051887822151184,4.0,actuator_motors,none,2897319,2239091,3.0,,C,,0.0,4.0,True,10.01631615843027,20.015747693002197,2.000132890719149,63.828732,57.74249799999998,,True,0.0,0.0,,main
6a14fb95-3e37-4a98-bb86-df2b3d2cda0d,ok,17761535.0,v1.14-1.15,0.0,0.0,0.043026706231454,True,0.0524714828897338,4.50057000000001,0.5822725176811142,4.0,actuator_motors,none,5619298,3719823,4.0,,B,,0.0,4.0,True,10.007099683815085,20.00752875345648,1.9999921791350606,134.497733,131.49763400000003,,True,0.0,0.0,,main
a83f3d13-7754-47a1-bd53-932fd2b60704,ok,17826303.0,v1.16+,0.0,0.0,0.0,True,,,,4.0,actuator_motors,none,12565473,2754349,18.6,,B,ground_only_actuator_motors,0.0,4.0,True,9.999744676028794,19.9897290817045,1.9999999569892484,93.230489,0.0,,True,0.0,0.001105113774257713,sensor_combined,main
062e1601-0d90-4369-a795-14d580f39330,ok,17498880.0,v1.12-1.13,0.0,0.0,,True,0.0,0.0,0.484,8.0,actuator_outputs,global,131779392,82115156,42.8,,A,,,,False,98.675917134935,197.4095726234197,0.0,1056.211831,1047.6420210000008,False,False,,0.003320615628797227,vehicle_attitude,main
c237b6b8-81f9-4c86-a7ec-d05a50b5556d,ok,17761280.0,v1.14-1.15,0.0,0.0,0.0,True,0.0,0.0,0.1929895281791687,4.0,actuator_motors,none,21548769,13308451,18.1,,C,,0.0,4.0,True,10.001784013656886,20.001837623163137,1.9999912454666173,519.811875,514.474003,,True,0.0,0.0,,main
08d0a133-1b10-4d19-b163-d2b2d8a2356b,ok,17694720.0,v1.14-1.15,0.9918533604887984,0.0,,True,0.0,0.0,0.3408088817800688,4.0,actuator_motors,none,6762592,4075038,3.1,,C,,0.0,4.0,True,0.0,20.004052368561346,0.0,246.978455,246.788203,,True,,0.0002023672709614762,sensor_combined,main
7c393f31-7099-4464-b323-22d41414548f,ok,17760512.0,v1.14-1.15,0.0,0.0,0.0,True,0.0,0.0,0.1054011881351471,4.0,actuator_motors,none,12059377,7474408,4.1,,C,,0.0,4.0,True,10.003039800512981,20.003344669092574,2.000026662855449,320.254949,317.13486200000017,,True,0.0,0.0,,main
6d0ff9eb-df72-4445-8d91-af99cf714323,ok,17761280.0,v1.14-1.15,0.0,0.0,0.0,True,,,,4.0,actuator_motors,none,160769013,56831188,43.2,,C,ground_only_actuator_motors,0.0,4.0,True,10.001044495508669,200.00001024616995,1.9999999080459812,957.316956,0.0,,True,0.0,0.0,,main
c58d1f04-0913-4f4a-a50f-556f432b6e97,ok,17760512.0,v1.14-1.15,0.0,0.0,0.1534622582657517,True,0.0480376766091051,2.401112999999981,0.3961705803871154,4.0,actuator_motors,none,13058420,7988458,6.6,,B,,0.0,4.0,True,10.003200524632277,20.00303507890145,1.9999646078250621,319.953199,318.573479,,True,0.0,0.0,,main
63b90401-6177-44d2-b97d-60b5f3a886a5,ok,17629951.0,v1.12-1.13,0.0095969289827255,0.0,0.0,True,0.0,0.0,0.4489999999999999,6.0,actuator_outputs,per_channel,10936015,6195925,3.7,,A,,,,False,10.003802481805531,20.00372870424701,1.9999950846274652,260.438958,256.749528,False,False,0.0,0.0,,main
98dbc16e-666a-496a-b915-e5ff0c73ce39,ok,17891583.0,v1.16+,0.1232876712328767,0.3150684931506849,0.0,True,0.0,0.0,0.3367630690336227,4.0,actuator_motors,none,3403185,2947012,3.4,,C,,0.0,4.0,True,10.014337981843848,20.014243326670748,2.000009496447969,69.72903,65.100179,,True,0.0,0.0,,main
6309d940-5bb8-4044-ad4d-fb031835a2d3,ok,17564416.0,v1.12-1.13,0.0880398671096345,0.0,0.0,True,0.0,0.0,0.8251428571428572,6.0,actuator_outputs,bus,9486336,5709705,7.6,,B,,,,False,10.00323727128914,20.00337163576429,2.0033350394231166,299.481911,76.12364200000002,True,True,0.0,0.0,,main
8a064495-d21a-4064-85b9-69fe2a5acb8b,ok,17695743.0,v1.14-1.15,0.0,0.0,0.0,True,0.0,0.0,0.661024934053421,4.0,actuator_motors,none,15619544,8800333,6.9,,B,,0.0,4.0,True,10.00780406066494,200.00003115507923,1.9998412157322227,128.25957,122.35003099999999,,True,0.0,0.0,,main
38c4a482-3a79-4d36-b03c-d3adacd00cc4,ok,17629696.0,v1.12-1.13,,,0.0,True,0.0,0.0,0.2476346716284752,4.0,actuator_motors,none,31610278,16603027,11.7,,C,,0.0,4.0,True,10.0000000405515,19.995945058327976,2.0000032974673654,493.298969,492.16008599999924,,True,0.0,0.0003679760084159123,sensor_combined,main
4141b556-a0c2-4201-8fbe-e6eb52f4c8c8,ok,17891583.0,v1.16+,0.0,0.0,0.0,True,0.0049652432969215,0.3007510000000053,0.3991470783948898,4.0,actuator_motors,none,4461944,3307039,4.7,,B,,0.0,4.0,True,10.009391583804911,20.00903911712262,2.0000484262932976,103.435652,100.68886299999996,,True,0.0,0.0,,main
cfd0376a-e8eb-4eb9-acdc-ab8472c5e5af,ok,17826559.0,v1.16+,0.0,0.0,0.0,True,0.0077021822849807,0.2008480000000005,0.1159007549285888,4.0,actuator_motors,none,3513540,2668245,5.0,,C,,0.0,4.0,True,10.011698851041759,20.01267227982517,1.9997816480838069,82.875257,77.94285399999998,,True,0.0,0.0,,main
45344ff1-e9e1-4175-9741-bc031c8ee497,ok,17891392.0,v1.16+,0.0,0.0,0.0,True,,,,4.0,actuator_motors,none,109736315,38328924,16.8,,A,ground_only_actuator_motors,0.0,4.0,True,124.36124499158005,247.60224919187814,99.98693455664596,413.488,0.0,,True,0.0,0.0,,main
99b539dd-d66f-4e36-9fb6-129165e11743,ok,17761535.0,v1.14-1.15,0.0,0.0,0.0,True,0.0,0.0,0.1558020263910293,4.0,actuator_motors,none,5996894,4102110,3.3,,C,,0.0,4.0,True,10.006853768906232,20.00684594899401,2.0000000687285246,145.462125,143.6298839999999,,True,0.0,0.0,,main
e0d51863-a3f0-45d6-aa17-7329f62a518c,ok,17761535.0,v1.14-1.15,0.0,0.0,0.0,True,0.0014847809948032,0.198447999999999,0.3223179936408996,4.0,actuator_motors,none,5890448,4145438,3.3,,C,,0.0,4.0,True,10.00729041906263,20.006481552886537,1.9999618202234464,138.89361,134.76649999999998,,True,0.0,0.0003355347940417187,sensor_combined,main
4024baba-79e4-46b2-b545-24ab667640fe,ok,17760767.0,v1.14-1.15,0.0,0.0,0.0,True,0.0,0.0,0.0762804448604582,4.0,actuator_motors,none,2827619,2263927,3.6,,B,,0.0,4.0,True,10.01413563664673,20.01431171023071,1.999871724763229,63.882565,60.16423099999999,,True,0.0,0.0,,main
3acd88c0-8496-420b-ba54-ff67e7e7122a,ok,17694720.0,v1.14-1.15,0.0,0.0,0.0,False,0.0,0.0,0.2361082911491393,4.0,actuator_motors,none,5759663,3628924,4.2,,B,,0.0,4.0,True,10.005569082146016,20.005274373863816,2.00004378919402,170.523749,164.96643,,True,0.0,0.0,,main
300a0a1c-3cbe-4beb-8a5b-b4241b911d4f,ok,17760511.0,v1.14-1.15,0.0093023255813953,0.0,0.0,True,0.0,0.0,0.2064401060342788,4.0,actuator_motors,none,26474567,15121268,6.4,,B,,0.0,4.0,True,10.004489325821012,200.0709219265912,2.0000441428182443,211.740775,207.0965779999999,,True,0.0,0.0,,main
f6ddeab3-8832-4f84-9bfb-d85af6465844,ok,17761280.0,v1.14-1.15,0.0102915951972555,0.0,0.0,True,0.0,0.0,0.0678103566169738,4.0,actuator_motors,none,23971689,13291177,6.2,,C,,0.0,4.0,True,10.001663153274214,20.001635182930766,1.9999915270281836,584.076232,430.04904299999976,,True,0.0,0.0,,main
259e9890-d6a1-4b3f-b481-4109280e982b,ok,17695743.0,v1.14-1.15,0.0,0.0,0.0,True,0.007168458781362,0.3001300000000029,0.27494637966156,4.0,actuator_motors,none,4387186,2698050,3.2,,B,,0.0,4.0,True,9.992465907807011,19.98564084560417,2.000044741214389,140.849836,139.57560499999997,,True,0.0,0.0006389328150667037,sensor_combined,main
31b22693-3830-4550-ba5e-52ec4ab4263e,ok,17825984.0,v1.16+,0.0,0.0,0.0,True,0.0,0.0,0.2873826816678047,4.0,actuator_motors,none,5780814,4000999,3.6,,B,,0.0,4.0,True,10.003262023618204,20.005762261423854,2.0000004604317607,139.315859,137.82012700000004,,True,0.0,0.0,,main
8d49233c-67a8-431e-88f3-21e236d5f8a8,ok,17891392.0,v1.16+,0.0,0.0,0.0,True,0.0,0.0,0.5485321179148741,4.0,actuator_motors,none,7718365,5565546,5.0,,B,,0.0,4.0,True,9.999454687426192,19.988378249885127,1.999878674027109,89.132949,78.78650700000001,,True,0.0,0.0010629403817176183,sensor_combined,main
d6a75cb7-58a5-47ad-b0d7-eabf48adae3c,ok,17761535.0,v1.14-1.15,0.0,0.0,0.0,True,,,,4.0,actuator_motors,none,38469632,12232705,14.4,,C,ground_only_actuator_motors,0.0,4.0,True,7.697227980401761,150.93630841576058,1.436445041612708,90.965201,0.0,,True,0.0,0.03555085678973566,vehicle_attitude,main
ab1ad8f4-27f3-4319-9fd9-acada91b73d2,ok,17695488.0,v1.14-1.15,0.0039285714285714,0.0,0.0,True,0.1051132317333713,0.8013390000000982,0.7969160772860047,4.0,actuator_motors,none,47081457,29300101,18.9,,C,,0.0,4.0,True,9.97601008949631,19.954725429172402,1.9943392219916583,1413.672657,1407.7815739999994,,True,0.0,0.002351614117676241,sensor_combined,main
e16f2346-c965-46e2-b502-018b5862fdef,ok,16777728.0,v1.12-1.13,0.0,0.0,0.0,True,0.0,0.0,0.3052865147590637,4.0,actuator_motors,none,50996037,23468046,14.3,,C,,0.0,4.0,True,10.003445128491249,200.0000063089273,1.9999998685121194,289.531424,56.339963999999995,,True,0.0,0.0,,main
4b38c44f-7a8a-4a2d-a522-04850d28b3d3,ok,17498367.0,v1.12-1.13,0.0,0.0,0.0,True,0.0,0.0,0.4388571428571428,6.0,actuator_outputs,global,6447823,3456804,4.2,,B,,,,False,10.013924537137502,200.15244671775602,5.013965013000315,71.184274,68.41741800000003,True,True,0.0,0.0,,main
f0dbd745-8dfa-4c4d-8c37-d17a8a76d5a0,ok,17629696.0,v1.12-1.13,0.0,0.0,0.0,True,0.0,0.0,0.1860557687468826,4.0,actuator_motors,none,18501068,11752027,6.7,,C,,0.0,4.0,True,10.005480429972465,157.65700370476046,2.0000211010400633,183.799735,178.32297900000006,,True,0.0,0.0,,main
c976e450-83eb-4129-a023-a96a9ce8842b,ok,17694720.0,v1.14-1.15,0.0,0.0,0.0,True,0.0,0.0,0.6428154170513153,5.0,actuator_motors,none,3110213,1550516,2.6,,A,,16.0,5.0,False,9.99902505427815,19.99953872294551,2.0001196435204944,60.727229,60.176441000000004,,False,0.0,0.0,,main
6cdcccc0-5465-438b-9ff4-4bd90c435542,ok,17761023.0,v1.14-1.15,0.0,0.0,0.0,True,0.0,0.0,0.2735409945249558,4.0,actuator_motors,none,40770317,25930723,17.5,,C,,0.0,4.0,True,9.9662402651368,19.932469132333924,1.9910488843733618,1006.406734,997.4125250000002,,True,0.0,0.0036289173503112845,vehicle_attitude,main
03d818ef-e11e-434a-ac0d-8b7706e0a99b,ok,17694975.0,v1.14-1.15,0.0,0.0,0.0,True,0.0033641481893375,0.3289390000000196,0.5013817653059962,4.0,actuator_motors,none,26824178,17059155,11.3,,B,,0.0,4.0,True,10.003773359274474,137.27734460953255,2.000023976804074,255.916127,253.07010799999983,,True,0.0,0.0,,main
d72a3ae8-a86d-4c13-b8ca-bc359a616fb1,ok,17761535.0,v1.14-1.15,0.0,0.0,0.0,True,0.0055658627087198,0.1019160000000027,0.3603928253054617,4.0,actuator_motors,none,2608118,1947997,3.9,,C,,0.0,4.0,True,10.01600018903344,20.015487994510643,1.999698212211474,60.69073,53.878311999999994,,True,0.0,0.0,,main
af15e570-dc0e-42af-b7a0-6323e3307288,ok,17761535.0,v1.14-1.15,0.0,0.0,0.0,True,7.578092240538751e-05,0.0037169999999377,0.6251823529601094,4.0,actuator_motors,none,77498339,46165509,16.5,,A,,0.0,4.0,True,10.001431488922265,202.42929688694298,2.000010114828773,697.49278,692.7916110000003,,True,0.0,0.0,,main
3351f2a6-01ff-4ebf-903d-49f04b1aedbb,ok,17891583.0,v1.16+,0.0,0.0,0.0,True,0.0,0.0,0.2862223386764526,4.0,actuator_motors,none,3737300,2643143,3.8,,A,,0.0,4.0,True,10.009163925288231,20.009065892555437,2.0001662995409046,108.841263,101.09506800000001,,True,0.0,0.0,,main
b06be6ed-acfc-4a67-912d-d816da05c40b,ok,17761535.0,v1.14-1.15,0.0,0.1128205128205128,0.0,True,0.0,0.0,0.1230690598487854,4.0,actuator_motors,none,10666079,6828376,6.1,,B,,0.0,4.0,True,9.699199565539987,182.0201031113925,1.9394825874616997,99.479,97.30556899999999,,True,0.0,0.03161180985626534,vehicle_attitude,main
06c2f090-75d0-4d2a-8205-486925a060f0,ok,17761535.0,v1.14-1.15,0.0,0.0,0.0425963488843813,True,0.0469023185100722,4.007798999999992,0.514623750909231,4.0,actuator_motors,none,13849716,7131899,8.7,,C,,0.0,4.0,True,10.010444739338853,200.05481115344526,1.9998722953342487,98.112495,93.75026199999999,,True,0.0,0.0,,main
c351d264-e188-4fb5-8970-991505ee6adb,ok,17826559.0,v1.16+,0.0,0.0,0.0,True,0.0,0.0,0.1115431874990462,4.0,actuator_motors,none,23159054,10906236,9.5,,C,,0.0,4.0,True,9.8790486193921,181.9657498703594,1.9827608146717353,175.451713,164.45494,,True,0.0,0.015371218291527015,sensor_combined,main
e9aadc60-346f-4cd0-a1f8-3828c5a94510,ok,17760511.0,v1.14-1.15,0.0198412698412698,0.0,0.0,True,0.0,0.0,0.093669518828392,4.0,actuator_motors,none,54116569,33034444,20.2,,C,,0.0,4.0,True,10.001992174353918,218.5905733456756,2.000019745721784,503.456757,498.78169200000036,,True,0.0,0.0,,main
033f91af-7aa2-424f-8c64-25ce517f6a7c,ok,17760511.0,v1.14-1.15,0.0,0.0,0.0,True,0.0004991608594999,0.0391230000000177,0.3174541145563124,4.0,actuator_motors,none,199596198,50158508,40.1,,C,,0.0,4.0,True,10.002273102172113,191.63570609540466,2.0000247378219815,391.361754,385.74215799999996,,True,0.0,0.0,,main
a879317a-4e31-4767-9b86-a42a8cd11e2f,ok,17499135.0,v1.12-1.13,0.0,0.0,,True,0.0,0.0,0.355,8.0,actuator_outputs,global,15843421,10270335,4.4,,B,,,,False,96.6895801040371,196.06280218142112,0.0,127.171174,119.47573999999989,False,False,,0.0009407420621597709,vehicle_local_position,main
d10bfbec-5372-4d3d-87a8-fee2a8edb574,ok,17761535.0,v1.14-1.15,0.0,0.0,0.1346324180690876,True,0.0489130434782608,0.5014589999999828,0.8078448386653677,4.0,actuator_motors,none,9457158,6058452,4.1,,B,,0.0,4.0,True,10.004305267369206,20.004266630633555,1.9999952888999861,225.057438,220.72649799999994,,True,0.0,0.0,,main
6dcb9bd9-9cc6-47bf-a857-496aeeae01ab,ok,17825984.0,v1.16+,0.0,0.0,0.0,False,0.0051020408163265,0.1020010000000013,0.1742876976728437,4.0,actuator_motors,none,3306613,2201672,3.3,,C,,0.0,4.0,True,10.014284706394976,20.01433107222871,2.0000147087695903,64.105772,58.725096,,True,0.0,0.0,,main
d52c0e8b-2b2a-4907-8917-2eceb69546ce,ok,17630207.0,v1.12-1.13,0.0,0.0,0.0,True,,,,4.0,actuator_outputs,per_channel,3670016,2435315,3.2,,C,ground_only_actuator_outputs,,,False,10.008718539946065,20.008265087081163,2.008341388691056,122.219841,0.0,True,True,0.0,0.0005048379268710189,sensor_combined,main
85320381-9d0e-41bc-992e-5afea57a9d82,ok,17761535.0,v1.14-1.15,0.0,0.0,0.0,True,0.0,0.0,0.3201425194740295,4.0,actuator_motors,none,3268163,2460895,3.8,,B,,0.0,4.0,True,10.0127521414744,20.01253850189387,2.0002773956116844,83.924739,78.25036400000002,,True,0.0,0.0,,main
5a88703e-ffbc-41bb-b899-0a9a100dd3c4,ok,17760256.0,v1.14-1.15,0.0,0.0,0.0,True,,,,4.0,actuator_motors,none,55262965,24140488,9.4,,B,ground_only_actuator_motors,0.0,4.0,True,124.68590041879945,249.05815225887136,100.00387777260741,258.06,0.0,,True,0.0,0.0,,main
b3240c58-47ab-4d39-9c3a-80d5527a6a22,ok,17826047.0,v1.16+,0.0,0.0,0.0,True,0.0048250904704463,0.199276999999995,0.3845280945301055,4.0,actuator_motors,none,4166490,3204105,2.8,,A,,0.0,4.0,True,10.011476761949252,20.01058768815922,2.0000652821308087,87.809605,82.91333000000002,,True,0.0,0.0,,main
28b9796b-921a-4209-81a6-6dd4b720ccdd,ok,17761280.0,v1.14-1.15,0.0,0.0,0.0,True,0.0004737091425864,0.1005540000000166,0.3294323682785034,4.0,actuator_motors,none,9049986,6261087,3.8,,A,,0.0,4.0,True,10.004398250368927,20.004294107773852,1.9999832611100732,217.074734,211.13504399999994,,True,0.0,0.0,,main
17cc210c-2851-4836-bdf8-a17d3c2dba6e,ok,17694720.0,v1.14-1.15,0.0,0.0,0.0,True,0.0,0.0,0.2831204459071159,4.0,actuator_motors,none,19131816,11932789,5.4,,C,,0.0,4.0,True,10.002233230269006,219.8999261343895,2.0000339764808053,165.857297,163.22289400000003,,True,0.0,0.00040687230909894427,vehicle_attitude,main
99cc2cac-a190-4ef2-8406-f797159a18cb,ok,17499135.0,v1.12-1.13,0.0,0.0,0.0,True,0.0,0.0,0.3475,8.0,actuator_outputs,global,2834150,2086224,2.3,,B,,,,False,9.9744902729739,19.89808133991923,5.01209425996983,78.391575,69.73906600000001,False,False,0.0,0.0029932081916178464,sensor_combined,main
540ebbb8-d12f-4ef0-9f39-45d64b8ca1c9,ok,17761535.0,v1.14-1.15,0.0,0.0,0.0,True,0.0,0.0,0.1666185975074767,4.0,actuator_motors,none,3231931,2557881,2.6,,B,,0.0,4.0,True,10.011765785326306,19.99868923623751,2.000262850330082,76.092481,74.71989000000005,,True,0.0,0.0008496046898482127,sensor_combined,main
9e69bd28-4a37-4b04-94a3-6f9bb86f8b4f,ok,17760256.0,v1.14-1.15,0.0,0.0,0.0,True,,,,4.0,actuator_motors,none,8143843,4715006,3.3,,B,ground_only_actuator_motors,0.0,4.0,True,9.96352706790302,19.92706631066566,1.9946782403377865,191.902571,0.0,,True,0.0,0.0037867019990963087,sensor_combined,main
39a8c4db-ab5c-4e7a-8ad0-b702db7b34ae,ok,17695743.0,v1.14-1.15,0.8874172185430463,0.5529801324503312,0.0,True,0.0,0.0,0.1575411409139633,4.0,actuator_motors,none,2921028,2048842,2.4,,C,,0.0,4.0,True,10.01316057688402,20.01285371625437,1.9999349408919227,74.391616,68.61163500000002,,True,0.0,0.0,,main
2cbe4277-b720-4489-91c4-d3574c68c942,ok,17826559.0,v1.16+,0.0,0.0,0.0,True,0.0,0.0,0.2508441805839538,4.0,actuator_motors,none,2489011,1917151,3.0,,A,,0.0,4.0,True,10.015568766187528,20.01402287878066,1.9999499225137511,63.91187,59.54972500000001,,True,0.0,0.0,,main
855c0304-d799-4376-bc60-67dbbb5bbf01,ok,17760511.0,v1.14-1.15,0.0,0.1481481481481481,0.0,True,0.0,0.0,0.1235181376338004,4.0,actuator_motors,none,15243224,8695592,6.8,,A,,0.0,4.0,True,9.932288895209668,198.0421375738846,0.9805550592102347,103.976567,100.61218200000003,,True,0.0,0.008631307760853371,vehicle_attitude,main
a0a6fcb1-e6f1-4c02-8353-a44fc89e5624,ok,0.0,,0.0,0.0,0.0,False,0.0,0.0,0.2097496010363102,4.0,actuator_motors,none,2810071,2338287,3.1,not_px4_v0,,,0.0,4.0,True,2.4868999543473773,6.377411975473596,0.4778104389724138,57.130781,56.084369,,True,0.0,0.2573121118785284,vehicle_local_position,main
885401e3-bde7-4075-82ea-86fc97fb4260,ok,17826047.0,v1.16+,0.0,0.0,0.0,True,0.0,0.0,0.2203841373324394,4.0,actuator_motors,none,8241990,5454188,5.1,,B,,0.0,4.0,True,10.004725673306663,20.004935207198958,1.999953177566784,213.148253,210.27872900000008,,True,0.0,0.0,,main
cff77152-75af-45ae-a1a2-ac3c3453bf26,ok,17956992.0,v1.16+,0.0,0.0,0.0,True,,,,4.0,actuator_motors,none,31134257,15932340,11.8,,A,ground_only_actuator_motors,0.0,4.0,True,9.751916356402853,196.40843146090694,1.9389338952893027,262.403452,0.0,,True,0.0,0.025622342620748702,sensor_combined,main
d33bb979-7945-47db-acd2-72e17522c265,ok,17760384.0,v1.14-1.15,0.0,0.0,0.0,True,0.0,0.0,0.1823353126645088,4.0,actuator_motors,none,53116192,33106580,26.4,,A,,0.0,4.0,True,10.000813846429326,20.00073179004514,1.9999996418397061,1228.798363,1225.4499150000001,,True,0.0,0.0,,main
19e54610-346c-4200-bcef-b64726a8a1fd,ok,17630207.0,v1.12-1.13,0.0,0.0,0.0,True,0.0,0.0,0.3596499999999999,6.0,actuator_outputs,per_channel,3243352,2156251,10.0,,B,,,,False,10.012612398850784,20.012435634422133,2.0001207345607046,76.999695,75.01515600000003,True,True,0.0,0.0,,main
363a2041-40ea-4c87-b89f-d10226fdc10b,ok,17694720.0,v1.14-1.15,0.0,0.0,0.0,True,0.0015483722975168,0.2103340000000173,0.5112167596817015,4.0,actuator_motors,none,21595491,13395892,6.8,,B,,0.0,4.0,True,10.005079793634604,219.80267660888086,2.0000803785653476,187.085706,183.094133,,True,0.0,0.0,,main
042c232c-8f12-4921-961d-1d763026ddb6,ok,17694975.0,v1.14-1.15,0.0,0.0,0.0,True,0.0,0.0,0.194827064871788,4.0,actuator_motors,none,37301202,24165200,13.8,,C,,0.0,4.0,True,10.000987462194617,20.001026405711865,1.9999848292817428,960.635843,956.4178709999999,,True,0.0,0.0,,main
62c2b39f-a1ec-4c8d-b790-595c2acf7189,ok,17761535.0,v1.14-1.15,0.0,0.0,0.0,True,0.0020273251796285,0.1462470000000166,0.4396724864840506,4.0,actuator_motors,none,178189235,63060893,46.7,,A,,0.0,4.0,True,9.522294830052106,190.1134233484261,1.911043624788529,326.12132,322.30650999999995,,True,0.0,0.04536841145009855,vehicle_attitude,main
5f61ecd0-0991-454b-8431-01e9e1480125,ok,17891392.0,v1.16+,0.0,0.8406072106261859,0.0,True,0.0012150668286755,0.1013290000000002,0.1683597281575203,4.0,actuator_motors,none,3909742,2907731,2.7,,C,,0.0,4.0,True,10.010141060208456,20.00994674217776,2.00006782150884,88.847428,82.27464799999998,,True,0.0,0.0,,main
932ea85a-8e9a-4b86-b823-676417a8bab3,ok,17629952.0,v1.12-1.13,0.0,0.0,0.0,True,0.0,0.0,0.2033452548086643,4.0,actuator_motors,none,202423079,94620988,49.7,,C,,0.0,4.0,True,9.898742401433616,200.4025111885899,1.9782572134989924,1471.462111,1465.125055999999,,True,0.0,0.010229279714049805,vehicle_attitude,main
ed6d8677-f09b-4100-9ed1-f9489205d005,ok,17630207.0,v1.12-1.13,0.0,0.0,0.0,True,0.0,0.0,0.193,6.0,actuator_outputs,per_channel,14566499,8902048,3.6,,C,,,,False,10.002727176667499,20.00283868285463,1.9999646566478095,344.893483,336.0523940000002,True,True,0.0,0.0,,main
2adea738-c41f-44be-bfe9-63a98bfe8ce9,ok,17826047.0,v1.16+,0.0,0.0,0.0,True,0.0,0.0,0.1244772411882877,4.0,actuator_motors,none,10076165,6499385,7.3,,C,,0.0,4.0,True,10.004850194245162,20.004847320930097,1.9999997475728475,205.84652,202.5602199999999,,True,0.0,0.0,,main
7f2afbf9-cdbf-4f37-9c9a-efe955698f8c,ok,17761280.0,v1.14-1.15,0.0,0.0616740088105726,0.0,True,0.0,0.0,0.0596705615520477,4.0,actuator_motors,none,12443434,7789678,8.2,,A,,0.0,4.0,True,10.00895165542062,200.00000536696646,2.000002432435391,111.409194,104.18023899999999,,True,0.0,0.0,,main
b0e71720-0c40-4c62-882d-7a416dbc1d31,ok,17891583.0,v1.16+,0.0,0.0,0.0333988212180746,True,0.1042311661506708,10.000022,1.0,4.0,actuator_motors,none,4539638,3203425,2.7,,C,,0.0,4.0,True,10.009648117378479,20.00928647741962,2.0000097228195437,101.191662,96.913186,,True,0.0,0.0,,main
c17d8e82-d384-458c-83d0-6ec1311a3d6f,ok,17694975.0,v1.14-1.15,0.0,0.0,0.0,True,0.0,0.0,0.2780064046382904,4.0,actuator_motors,none,10132300,5611127,11.8,,C,,0.0,4.0,True,10.004472977499624,20.004106521582145,2.0000646965982516,227.81547,220.86187400000006,,True,0.0,0.0,,main
d0cf4466-adac-410d-9bc5-ed06e6a9772a,ok,17760256.0,v1.14-1.15,0.0,0.0,0.0,True,0.0932489451476793,1.7007709999999747,0.3229029595851898,4.0,actuator_motors,none,18703947,11289837,4.6,,B,,0.0,4.0,True,10.001988783082925,20.00189114486198,2.0000072050468765,478.773935,474.0066189999996,,True,0.0,0.0,,main
eb3bc893-2ef2-4464-80c8-fbd8d5721b7b,ok,17825856.0,v1.16+,0.0652173913043478,0.0,0.0,False,0.008867939602141,0.7947489999999959,0.272596026957035,4.0,actuator_motors,none,8550641,5305164,3.8,,C,,0.0,4.0,True,10.010668169726554,130.4545178754606,1.9999290354851034,91.656879,89.37040299999998,,True,0.0,0.0,,main
1e915e50-437e-473b-b16f-455fd227b7e3,ok,17761535.0,v1.14-1.15,0.0,0.0,0.0,True,0.0,0.0,0.1823890805244445,4.0,actuator_motors,none,7759143,5078390,3.5,,C,,0.0,4.0,True,10.005011139831113,20.004583692884676,1.999975051655957,205.210355,199.67455099999995,,True,0.0,0.0,,main
cfcf4d80-63cb-4cab-8b87-84ed9a5acf69,ok,17695744.0,v1.14-1.15,0.8818181818181818,0.0,0.0,False,0.0316122233930453,2.601485000000004,0.5205353140275212,4.0,actuator_motors,none,2983110,2053443,2.4,,A,,0.0,4.0,True,10.018001547340448,20.021024487883903,2.014943891418704,108.729974,94.22134800000002,,True,0.0,0.0,,main
dd18f29b-0e39-45d4-b9ef-36ed3559123a,ok,17760384.0,v1.14-1.15,0.0,0.0,0.0,True,0.0,0.0,0.4175863392489353,4.0,actuator_motors,none,2712517,2147429,2.5,,C,,0.0,4.0,True,10.013614616278566,20.007803321955777,1.9998129470734998,71.67873,65.98471999999998,,True,0.0,0.001657210964957009,sensor_combined,main
e4db7730-7076-41a9-8450-365c78d08231,ok,17891583.0,v1.16+,0.0,0.0,0.0,True,0.0362068965517241,0.1999289999999973,0.6835150912404057,4.0,actuator_motors,none,10408081,7153386,8.3,,C,,0.0,4.0,True,10.003992781333453,20.0041386169796,2.000024733781356,234.436398,231.97231999999997,,True,0.0,0.0,,main
cec16dba-e437-4607-aa19-6e169fb62534,ok,16973952.0,v1.12-1.13,0.0,0.0,0.0,True,0.0,0.0,0.1746166437864303,4.0,actuator_motors,none,10725025,5533137,5.7,,C,,0.0,4.0,True,10.012853447694864,163.85974907569346,2.0001856388509136,74.307163,68.27546,,True,0.0,0.0,,main
84e969d7-73f2-4ae5-b3a2-6c9805c2e345,ok,17760256.0,v1.14-1.15,0.0,0.0,0.0,True,0.1613395876513581,0.6996129999999994,0.7205119147896766,4.0,actuator_motors,none,32488553,19670924,17.0,,B,,0.0,4.0,True,10.001112154159419,20.001015261944065,2.0000046514269396,918.130304,916.7199449999999,,True,0.0,0.0,,main
9f152d9a-664a-4eb5-97c2-2b238d2b988e,ok,17629184.0,v1.12-1.13,0.0,0.0,0.0,True,,,,,actuator_outputs,none,114452060,21405428,29.1,,A,ground_only_actuator_outputs,,,False,5.191514501189091,152.27179640605314,1.0468979581450666,257.025434,0.0,False,False,0.0,0.37388934896264014,vehicle_attitude,main
daeab6fa-c44e-4852-b174-bc79a4858217,ok,17695488.0,v1.14-1.15,0.3922651933701657,0.0,0.0,True,0.0,0.0,0.42930339127779,4.0,actuator_motors,none,3587984,2445654,2.3,,A,,0.0,4.0,True,10.011550408206475,20.01127565706132,1.9999593041988775,89.433501,82.75619300000002,,True,0.0,0.0,,main
fadd354a-0d4c-4ed4-a788-57452d7f4e89,ok,17694720.0,v1.14-1.15,0.0,0.0881458966565349,0.0,True,0.0006849315068493,0.0974139999999996,0.3123865492641925,4.0,actuator_motors,none,5531188,3615610,3.3,,A,,0.0,4.0,True,10.000546085798986,19.99984284929586,2.0001030468425984,156.860715,145.93924900000007,,True,0.0,0.0003492045018997472,sensor_combined,main
a8cef7fe-0ce1-4900-a055-d3fd670335ed,ok,17630207.0,v1.12-1.13,0.0039682539682539,0.0039682539682539,0.0,True,0.0,0.0,0.265,6.0,actuator_outputs,per_channel,6079313,4280504,4.2,,C,,,,False,10.00794950541899,20.007861267650366,1.9999747857429846,123.788916,116.70084599999998,True,True,0.0,0.0,,main
baff5a82-7213-4023-a839-442000a78775,ok,17629951.0,v1.12-1.13,0.0034602076124567,0.0,0.0,True,0.0,0.0,0.2005142857142855,6.0,actuator_outputs,bus,28766565,19348182,6.4,,C,,,,False,10.003330459295535,200.16048001212047,1.9999987200008194,287.507612,281.20619999999985,False,False,0.0,0.0,,main
5061507f-53be-445d-9e7a-7257f811d0e1,ok,17695488.0,v1.14-1.15,0.0,0.0,0.0,True,0.0,0.0,0.2130794428288936,4.0,actuator_motors,none,5373107,3381176,3.4,,B,,0.0,4.0,True,10.00739887204289,20.00628804673645,1.9999920590721196,136.053496,134.03766099999996,,True,0.0,0.0,,main
4356a699-8afb-4b55-86d3-52daa7a8e2de,ok,17629952.0,v1.12-1.13,0.0,0.0,0.0,True,0.0,0.0,0.205,6.0,actuator_outputs,per_channel,3634373,2390042,2.6,,C,,,,False,10.01053146897715,20.010778543407177,2.000090940551089,87.062376,80.28064699999999,True,True,0.0,0.0,,main
696590b3-101b-4aa4-820d-d67b22eecea3,ok,17891392.0,v1.16+,0.0257510729613733,0.0,0.0,False,1.0,67.1,0.1324393630027769,4.0,actuator_motors,none,24776209,10312530,8.2,,A,,0.0,4.0,True,124.97656103506469,250.00000000000003,100.00234389649353,85.468,67.01599999999999,,True,0.0,0.0,,main
9bce479a-8561-4404-866b-a22d982fb2d4,ok,17825984.0,v1.16+,0.0,0.0,0.0,True,0.0,0.0,0.2382012456655502,4.0,actuator_motors,none,8209400,5448419,4.9,,B,,0.0,4.0,True,10.004879868894932,20.00475419464836,2.000053498918466,199.757243,197.64184,,True,0.0,0.0,,main
f556e4d8-55e0-41fa-9fa9-300d78a88ee5,ok,17891583.0,v1.16+,0.0,0.0,0.0,True,0.0,0.0,0.1049894332885742,4.0,actuator_motors,none,10319490,6357887,5.8,,B,,0.0,4.0,True,10.0039149944319,20.003739675347127,2.000035806701655,247.634229,240.95377700000006,,True,0.0,0.0,,main
6ab6bab5-5787-4bd4-9bb4-70fb51d9af50,ok,17891392.0,v1.16+,0.2694300518134715,0.3316062176165803,0.0,True,0.7038777908343126,48.70009399999999,1.0,4.0,actuator_motors,none,4348678,3429044,7.0,,B,,0.0,4.0,True,10.010262302425653,20.0102366398775,2.0002616878670754,89.381083,85.14174400000006,,True,0.0,0.0,,main
2f5d7761-0ae2-4113-9ea0-fce2114c029b,ok,17760320.0,v1.14-1.15,0.0,0.0,0.0,True,0.0,0.0,0.1526441097259521,4.0,actuator_motors,none,3338433,2662143,6.5,,A,,0.0,4.0,True,9.768933402818991,19.512517780477143,1.9482413431831256,77.88458,71.71996800000002,,True,0.0,0.024888090182642267,sensor_combined,main
2de86afc-0f53-415f-a5e1-59bd6ab7f445,ok,17826047.0,v1.16+,0.0053933420122745,0.0,0.0,True,0.0,0.0,0.170388601720333,4.0,actuator_motors,none,126218261,76860060,25.0,,B,,0.0,4.0,True,10.000368897183513,20.00036793702313,2.000000470198786,2718.071557,2713.3799689999937,,True,0.0,0.0,,main
3a1b9d6c-00e5-4359-ba09-daf8420f5ae8,ok,17695488.0,v1.14-1.15,0.0,0.0,0.0,True,0.0,0.0,0.2935830429196358,4.0,actuator_motors,none,5980449,3703876,4.4,,A,,0.0,4.0,True,10.015514617464735,152.4970514446414,1.9997508834923992,61.24873,60.73903,,True,0.0,0.0,,main
f7749e6d-7887-4805-84b2-ac9a2c56c4c3,ok,17761280.0,v1.14-1.15,0.0416666666666666,0.0,0.0,True,0.0,0.0,0.2761673718690872,4.0,actuator_motors,none,2629251,1883591,3.0,,B,,0.0,4.0,True,10.0143368278024,20.01464944152136,2.0000061470777166,68.252742,66.865227,,True,0.0,0.0,,main
5746a10e-38be-43fd-85cc-e27e406f2267,ok,17761535.0,v1.14-1.15,0.0,0.0472222222222222,0.0,True,0.0011487650775416,0.1011069999999847,0.3540751338005066,4.0,actuator_motors,none,7309734,5072818,6.1,,B,,0.0,4.0,True,10.005641393027652,20.005117822262658,2.0000549482883274,178.520728,174.116972,,True,0.0,0.0,,main
2cb6ff34-eef4-4466-9b2d-f13f0db891c4,ok,17891392.0,v1.16+,0.0,0.0,0.0,True,0.292846049003138,3.465635000000006,0.9379920080304146,4.0,actuator_motors,none,13825183,8803911,5.1,,A,,0.0,4.0,True,9.974068897861825,202.10557435754663,1.982534586451233,114.684699,110.899468,,True,0.0,0.0039813527450073116,sensor_combined,main
53e765e2-3c69-4f3b-8d19-dd9e36562c40,ok,17825792.0,v1.16+,0.0,0.0,0.0,True,7.603488915199374e-05,0.0037939999999707,0.3173231601715087,4.0,actuator_motors,none,37682538,23413911,12.1,,B,,0.0,4.0,True,10.003009472493156,197.9925107154215,1.999975328548619,327.544503,322.22425300000003,,True,0.0,0.0,,main
fb2217f4-8b61-418e-8f13-4617d18aafd8,ok,17761279.0,v1.14-1.15,0.0,0.0,0.0,True,0.0,0.0,0.1970998227596282,4.0,actuator_motors,none,12032752,7607242,10.3,,B,,0.0,4.0,True,10.002768459813524,20.00272732162754,1.9999798110521996,360.173852,355.31333999999987,,True,0.0,0.0,,main
b41316fc-b1f5-483a-ac33-7fe803102a18,ok,17826240.0,v1.16+,0.0,0.0,0.0,True,0.0,0.0,0.2529715448617935,4.0,actuator_motors,none,12041880,7568902,9.2,,C,,0.0,4.0,True,10.003028055631827,20.00274261561315,2.0000301357924224,332.754832,328.3059119999999,,True,0.0,0.0,,main
7dd885bd-415b-44dc-8ec8-4c82ddc25011,ok,17825792.0,v1.16+,0.0,0.0,0.0,True,0.0,0.0,0.1581765592098236,4.0,actuator_motors,none,48500788,28328041,11.6,,B,,0.0,4.0,True,9.996011466301018,138.8993690060111,1.998013461696215,503.353632,341.8260390000002,,True,0.0,0.0004338992487732359,vehicle_attitude,main
fcd05b31-14fc-455a-845d-b67c82a28028,ok,17761280.0,v1.14-1.15,0.0,0.0,0.0,True,0.0,0.0,0.2907225966453552,4.0,actuator_motors,none,180499252,96386692,41.6,,A,,0.0,4.0,True,10.000549660008048,200.10425724306998,2.0000078631917857,1769.265732,1766.4642379999977,,True,0.0,0.0,,main
46969280-f01c-4d74-9520-e2de5dc6fcfe,ok,17694975.0,v1.14-1.15,0.0,0.0,0.0,True,0.4760672703751617,2.8000919999999496,0.7978374719619751,4.0,actuator_motors,none,15733668,9969080,4.8,,A,,0.0,4.0,True,10.002695600853952,20.002574008024215,1.999967969704249,389.998963,386.46733800000027,,True,0.0,0.0,,main
c1a85bff-6c5f-4dea-9eb6-56cadedf630a,ok,17630207.0,v1.12-1.13,0.0103448275862068,0.0793103448275862,0.0,True,0.0,0.0,0.25175,6.0,actuator_outputs,per_channel,7535477,5133068,3.3,,B,,,,False,10.007209207363793,20.00685065026522,1.9999711254168766,144.223376,138.65193399999998,True,True,0.0,0.0,,main
0fd9e43a-ee2d-45cc-9254-f9c22d120679,ok,17826559.0,v1.16+,0.0,0.0,0.0,True,0.0,0.0,0.2391249999999999,4.0,actuator_outputs,per_channel,6005907,4755646,4.2,,B,,,,False,10.008957799455104,20.008248657359882,2.0001620482164677,114.701688,107.52856799999995,False,False,0.0,0.0,,main
7cf89550-7008-4d78-9f33-30c200797813,ok,17760320.0,v1.14-1.15,0.0,0.0,0.0,True,0.0,0.0,0.0844368666410446,4.0,actuator_motors,none,26584738,16338762,7.3,,C,,0.0,4.0,True,9.995595632803898,247.54651748653006,1.9999347570952752,226.88048,220.7629,,True,0.0,0.0005236437202558372,vehicle_attitude,main
d866394f-804f-4a6f-9080-d1ef8ca14e5f,ok,17761280.0,v1.14-1.15,0.0,0.0449678800856531,0.0,True,0.0,0.0,0.500907751917839,4.0,actuator_motors,none,10611148,6684642,3.8,,A,,0.0,4.0,True,10.004077056017438,20.004274687439604,2.0000024871825803,234.535345,229.88620799999995,,True,0.0,0.0,,main
408d2413-25b3-4bf1-bf6a-22ae3b35a1a9,ok,17629951.0,v1.12-1.13,0.0263157894736842,0.0,0.0,True,0.0,0.0,0.7426999999999999,6.0,actuator_outputs,per_channel,23753703,12951012,5.7,,C,,,,False,10.001944851561609,20.001864494098662,2.0018666763099553,538.021037,72.75334999999997,False,False,0.0,0.0,,main
09b05d63-d7ec-4cfe-93fa-fc2637196623,ok,17695743.0,v1.14-1.15,0.0,0.0,0.0,True,0.0,0.0,0.3594617106020448,4.0,actuator_motors,none,4239072,3029508,3.1,,C,,0.0,4.0,True,10.009121575073353,20.009425069044145,2.0001159286705583,102.915838,94.943166,,True,0.0,0.0,,main
6bace4c7-d064-4d84-9f0f-8cbec9e0c74c,ok,17760384.0,v1.14-1.15,0.0,0.0,0.0,True,0.0,0.0,0.1746172070503233,4.0,actuator_motors,none,15785578,10661409,6.6,,B,,0.0,4.0,True,10.005284823546315,20.005306434276754,2.0000492237315655,186.571712,178.18674800000014,,True,0.0,0.0,,main
10475520-aeed-4a26-8c73-ceab3629b01d,ok,17630207.0,v1.12-1.13,0.0,0.0,0.0,True,0.0,0.0,0.1839999999999999,6.0,actuator_outputs,per_channel,22036982,11443742,6.9,,C,,,,False,10.005513348447428,174.42618804250768,1.9999280248125293,179.983237,169.759834,True,True,0.0,0.0,,main
ac5ab6bf-75f8-442c-b41c-35f10600d50c,ok,17826559.0,v1.16+,0.0,0.0,0.0,True,0.0,0.0,0.4633287668228147,4.0,actuator_motors,none,42413610,26417710,8.8,,B,,0.0,4.0,True,10.001006169671646,20.00091073141647,1.9999964858200125,1004.714754,998.7086229999991,,True,0.0,0.0,,main
9e082b2f-6292-4e70-84cf-e520db2b4144,ok,17761535.0,v1.14-1.15,0.0,0.0,0.0,True,0.5770104895104895,21.851264,0.999999939505356,4.0,actuator_motors,none,10384231,5682217,7.1,,B,,0.0,4.0,True,10.010327071749243,199.99997244546876,1.9999997456647722,86.809562,80.07993400000001,,True,0.0,0.0,,main
3b06fbd6-c7be-45bd-8b86-b39d5c9b60e9,ok,17761280.0,v1.14-1.15,0.0,0.0,0.0,True,0.0,0.0,0.2564301967620849,4.0,actuator_motors,none,14710013,9460455,7.4,,B,,0.0,4.0,True,10.007668977250972,199.76081410798392,2.000061768330962,137.308617,132.16787999999997,,True,0.0,0.0,,main
21826e03-8f87-4cfb-b4d7-c13c781a04b9,ok,17761280.0,v1.14-1.15,0.0,0.0,0.0344155844155844,True,0.0,0.0,0.1604688763618469,4.0,actuator_motors,none,33436466,20921083,9.2,,C,,0.0,4.0,True,10.003228829002495,199.49042252550655,1.999994716626335,307.756671,302.6025439999999,,True,0.0,0.0,,main
2a32ce28-38e5-4991-aa73-c2e8d3b14093,ok,17695488.0,v1.14-1.15,0.0129310344827586,0.0,0.0,True,0.0,0.0,0.0903540700674057,4.0,actuator_motors,none,31515761,19695535,6.2,,B,,0.0,4.0,True,10.001036483673245,20.00102823074713,2.0000003952992236,936.22487,930.8464359999987,,True,0.0,0.0,,main
01821764-d8c1-4391-927c-0069074c8e31,ok,17630207.0,v1.12-1.13,0.0,0.0,0.0,True,0.0,0.0,0.532,6.0,actuator_outputs,per_channel,10185243,5457237,3.9,,B,,,,False,10.011503168658933,221.48969955405545,1.9998917619556154,82.136379,75.20867499999997,True,True,0.0,0.0,,main
92da84f6-0478-4c79-b8f3-f14ca4864b66,ok,17694975.0,v1.14-1.15,0.0,0.0,0.0,True,0.0,0.0,0.4052474528551101,4.0,actuator_motors,none,3861615,2730271,4.0,,C,,0.0,4.0,True,10.009269378478088,20.009327424938085,2.000022810516567,97.78925,93.722218,,True,0.0,0.0,,main
fe7e9b47-1027-4416-bce6-4837d1fdb91f,ok,17499135.0,v1.12-1.13,0.0,0.0,0.0,True,0.0,0.0,0.3821499999999996,8.0,actuator_outputs,global,12261471,7927611,7.0,,B,,,,False,9.966044134337332,19.940307986517666,4.997194484879612,352.668134,347.21149900000006,False,False,0.0,0.0030296938311540774,sensor_combined,main
0905371f-9c90-40c8-85fb-f42a5a61bb63,ok,17760256.0,v1.14-1.15,0.0033745781777277,0.0,0.0,True,0.0,0.0,0.2127284198999403,4.0,actuator_motors,none,39158650,20578709,9.1,,A,,0.0,4.0,True,10.000368281507344,20.000975682905388,1.9999815966018972,896.672,869.6608940000003,,True,0.0,0.0,,main
3885bced-89d4-464e-9bdd-e9ad9fb39001,ok,17761023.0,v1.14-1.15,0.0,0.0,0.0,True,0.2150537634408602,2.902529000000001,0.3376718759536743,4.0,actuator_motors,none,12113170,7726268,5.6,,C,,0.0,4.0,True,9.963302607089686,19.94635306361314,1.9830323828509193,353.812875,345.35027099999985,,True,0.0,0.0031060192069622223,sensor_combined,main
5cd67b7e-210c-4ebd-a88b-66f0cfc40725,ok,17760384.0,v1.14-1.15,0.0,0.0,0.0,True,0.0,0.0,0.2559780061244964,4.0,actuator_motors,none,27936062,17161147,12.2,,A,,0.0,4.0,True,10.004271601275917,200.07664402720653,1.9999782491635907,233.301699,226.31881900000005,,True,0.0,0.0,,main
075e36ca-9a78-406d-a5f4-778206828ef0,ok,17825984.0,v1.16+,0.0,0.0,0.0,True,0.002854006586169,1.0002979999999866,0.3841009259223937,4.0,actuator_motors,none,37180528,23471429,11.1,,A,,0.0,4.0,True,10.001188464154856,20.001169329467903,2.0000007956167547,912.88088,911.0367239999999,,True,0.0,0.0,,main
403eb6fe-073a-4d33-86fa-7f1f91ccf646,ok,17761023.0,v1.14-1.15,0.0,0.0,0.1146666666666666,True,0.0068212824010914,0.4964459999999988,0.3171202793717384,4.0,actuator_motors,none,2880000,2180398,2.6,,B,,0.0,4.0,True,9.97307737015832,19.932839032792874,1.9999365120825359,74.673853,73.30051399999999,,True,0.0,0.0042431998812167,sensor_combined,main
f822f8c6-96fe-45d2-b153-c9d07384ce9b,ok,17629951.0,v1.12-1.13,0.0,0.0,0.0,True,0.0,0.0,0.4615999999999999,6.0,actuator_outputs,per_channel,8047471,4626972,9.2,,B,,,,False,10.004927788684348,20.00519411718747,2.0000455761681035,193.538152,186.5041289999999,False,False,0.0,0.0,,main
30c7a02e-5a5a-4a07-9027-88eb7909e224,ok,255.0,,0.0,0.0248091603053435,0.0,False,0.0,0.0,0.068914425373077,4.0,actuator_motors,none,61628944,30200837,23.7,not_px4_v0,,,0.0,4.0,True,125.0,250.0,100.00381388253243,261.792,259.6,,True,0.0,0.0,,main
6d57db38-307b-41c4-b1a0-1e8ff4648aaa,ok,17499136.0,v1.12-1.13,0.0,0.5956246560264171,0.0,False,0.0239808153477218,2.9999979999997777,0.2829411764705882,4.0,actuator_outputs,global,156984252,54842420,32.5,,C,,,,False,24.94379637673272,24.94425210620508,1.9960846857613614,3577.249508,124.70279500000001,True,True,0.0,0.002248537888900739,sensor_combined,main
6736edac-3b5e-4576-b6a2-fc8774ee0197,ok,17629952.0,v1.12-1.13,0.0,0.0,0.0,True,0.0,0.0,0.2139999999999999,6.0,actuator_outputs,per_channel,7604124,4393563,4.8,,C,,,,False,10.005215508208313,20.005059384808206,1.9999943535779463,190.027293,183.20347399999983,True,True,0.0,0.0,,main
6c540cd4-1276-428d-af08-37f5f09f0bfc,ok,17826047.0,v1.16+,0.3206896551724137,0.0,0.0,True,0.0986378581493659,0.0420990000000003,0.9653878584504126,4.0,actuator_motors,none,11243804,7060921,4.1,,B,,0.0,4.0,True,10.00715007955648,160.24939785069222,2.00015703797052,136.733415,135.30407799999998,,True,0.0,0.0,,main
698b9d56-aa1e-4f00-a23b-b4f6e7df4546,ok,17760511.0,v1.14-1.15,0.0,0.0,0.0,True,0.0004790419161676,0.1007590000000391,0.3283922553062437,4.0,actuator_motors,none,38791965,19203096,14.1,,A,,0.0,4.0,True,9.737853469267582,19.474539196188335,1.9492427507924939,828.233248,427.2551599999998,,True,0.0,0.026353771129396075,sensor_combined,main
b740ed11-e242-4cfd-ab15-01183c864847,ok,17630207.0,v1.12-1.13,0.0,0.0,0.0,False,0.0,0.0,0.1389000000000001,6.0,actuator_outputs,per_channel,4937758,3101893,2.4,,C,,,,False,10.00624135052777,20.00689812813325,2.000041557177475,146.58358,141.05137599999995,True,True,0.0,0.0,,main
a2b3185c-ee05-4813-9785-d0917e8ce78b,ok,17695743.0,v1.14-1.15,0.9610778443113772,0.0,0.0,True,0.4570372651678472,23.600186000000008,0.394441819190979,4.0,actuator_motors,none,14008285,9095988,5.2,,C,,0.0,4.0,True,9.948850660083314,19.894402046133823,1.9879099365983317,331.60255,326.4967219999999,,True,0.0,0.005547897430656575,sensor_combined,main
cad13b61-ea31-4c37-b4d7-6cc26e2f375a,ok,17761280.0,v1.14-1.15,0.0,0.0,0.0,True,0.0,0.0,0.3678783304989337,4.0,actuator_motors,none,12985669,8534201,5.0,,B,,0.0,4.0,True,10.008360429217031,199.78078249591496,2.0001584260505227,118.691278,114.186308,,True,0.0,0.0,,main
3e68dc9c-0087-4d77-a104-5ec2c13f7792,ok,17891392.0,v1.16+,0.0,0.0,0.0,True,0.0034944670937682,0.1017430000000132,0.4907336589769941,4.0,actuator_motors,none,8221226,5897401,3.3,,C,,0.0,4.0,True,9.959966596570924,19.92052288937728,1.994383407220977,176.32042,172.57805099999996,,True,0.0,0.004517491017503277,vehicle_attitude,main
b390e084-6742-4cdc-969a-653b0f525da0,ok,17564671.0,v1.12-1.13,0.0,0.0,0.0,True,0.0037037037037037,0.2891039999999982,0.2618285714285714,6.0,actuator_outputs,bus,7224587,4647703,4.7,,A,,,,False,10.005610752421044,20.005899823043656,2.0058382991449304,169.171153,162.01626000000005,True,True,0.0,0.0,,main
c6c51d96-8a30-4758-b5d7-8f4e2f5479e9,ok,17629696.0,v1.12-1.13,,,0.0,True,0.0066445182724252,0.301478000000003,0.4493345603346824,4.0,actuator_motors,none,20355405,10057374,10.5,,B,,0.0,4.0,True,9.97446909356171,19.942163890301096,1.9968218200522259,314.112993,121.29999399999998,,True,0.0,0.0031919732358969624,vehicle_attitude,main
4418109e-e91d-4ffd-b87a-972d7b00478b,ok,17761023.0,v1.14-1.15,0.0,0.0,0.0,True,,,,4.0,actuator_motors,none,27079440,9004016,10.2,,A,ground_only_actuator_motors,0.0,4.0,True,7.124068975060634,142.43604661264905,1.5145123588546163,68.776244,0.0,,True,0.0,0.19121680172367386,estimator_innovation_test_ratios,main
bf955958-7ce1-42b1-a9b1-e76598f3900c,ok,17891583.0,v1.16+,0.0,0.0,0.0,True,,,,4.0,actuator_motors,none,59004064,30122196,15.8,,B,ground_only_actuator_motors,0.0,4.0,True,10.001629376816046,159.9806194445346,2.000153811659895,594.985593,0.0,,True,0.0,0.0,,main
d08d1f8e-78c8-4809-af71-ad9ac1b49f47,ok,17761023.0,v1.14-1.15,0.0,0.0,0.0,True,0.0,0.0,0.0813329428434372,4.0,actuator_motors,none,3182257,2340457,3.2,,B,,0.0,4.0,True,10.012739380776463,20.011787724583314,2.0000509512979843,80.367569,70.95412400000002,,True,0.0,0.0,,main
de427e5e-6b01-4efd-b9af-31863b739599,ok,17826559.0,v1.16+,0.0742857142857142,0.0071428571428571,0.0,True,0.0,0.0,0.2626051515340805,4.0,actuator_motors,none,12946285,8193457,5.8,,B,,0.0,4.0,True,10.002600190208874,20.00261857137235,1.9999994391990128,349.547381,343.92113900000004,,True,0.0,0.0,,main
737fbd5c-3127-4203-8e70-b6fef1592c02,ok,17629439.0,v1.12-1.13,0.0,0.0,,True,0.0411942554799697,17.402407999999923,0.9108571428571428,6.0,actuator_outputs,bus,12765131,6959138,5.9,,A,,,,False,0.0,19.999981531506055,0.0,529.570322,529.4606749999998,False,False,,0.0,,main
0272806d-1245-45c9-8306-82404f256806,ok,16973952.0,v1.12-1.13,0.0,0.0,0.0,True,,,,4.0,actuator_outputs,none,10760165,6485393,13.0,,B,no_pwm_params,,,False,9.999783499832965,200.67509774884496,9.99977896928686,61.423952,56.76029200000001,True,True,0.0,0.0,,main
594d033e-dbb3-4c36-bb88-2e3cb31f88ff,ok,17695488.0,v1.14-1.15,0.0,0.0,0.0,True,0.0,0.0,0.1611829618923366,4.0,actuator_motors,none,20815631,9361137,12.1,,C,,0.0,4.0,True,5.450442596618031,108.78974333252093,1.1782953591736505,66.998896,62.60958500000001,,True,0.0,0.36156460523995765,sensor_combined,main
04c517ac-2ad1-400a-88b4-61b0dc58d59b,ok,17761023.0,v1.14-1.15,0.0,0.0,0.0,True,0.0,0.0,0.2865507043898105,4.0,actuator_motors,none,53744438,33165755,16.5,,A,,0.0,4.0,True,10.000739762874044,20.000707356213915,1.9999954206362094,1294.702952,1293.2150060000015,,True,0.0,0.0,,main
13d90e81-3f70-45e1-8338-7666e04ecfe0,ok,17826047.0,v1.16+,0.0,0.0,0.0,True,0.0076861112975766,0.902275000000003,0.1523398160934447,4.0,actuator_motors,none,111267566,56217157,24.7,,C,,0.0,4.0,True,10.001066375233602,165.7461748273421,2.00000344843157,921.147209,209.63194600000008,,True,0.0,0.0,,main
a0165d56-6253-4497-9e30-71fe6b6f41f7,ok,17694720.0,v1.14-1.15,0.0,0.0,0.0,True,0.0,0.0,0.2697446234524249,4.0,actuator_motors,none,3989668,2884381,2.7,,C,,0.0,4.0,True,10.009683341613448,20.007942291887158,1.9999461428644758,99.568738,93.011246,,True,0.0,0.0,,main
9922859c-fc46-411f-9416-29cc6abc5758,ok,17761280.0,v1.14-1.15,0.121311475409836,0.0557377049180327,0.0,False,0.0520570948782535,3.6987029999999934,0.526659781965592,4.0,actuator_motors,none,5275809,3826788,2.8,,B,,0.0,4.0,True,10.008327360617374,20.007478210418814,1.999999550000101,119.974681,118.73002900000004,,True,0.0,0.0,,main
4ce0e7e0-9554-4e8e-8794-77d2f7145372,ok,17760511.0,v1.14-1.15,0.0092592592592592,0.0092592592592592,0.0,True,0.0,0.0,0.3512958094477645,4.0,actuator_motors,none,11764784,7251904,4.8,,C,,0.0,4.0,True,10.008583203516949,222.0349529671416,1.99994032253547,106.352715,97.99350500000001,,True,0.0,0.0,,main
4a8e48c0-8073-424e-9a5d-21c32a595315,ok,17760384.0,v1.14-1.15,0.0,0.0,0.0,True,0.0,0.0,0.064886637032032,4.0,actuator_motors,none,8516723,5797563,3.9,,B,,0.0,4.0,True,10.010064782497727,20.009571625756145,2.000047521129102,100.300724,95.38148600000001,,True,0.0,0.0,,main
93163d47-e3cd-48a3-b06e-1f4f332ea956,ok,17630207.0,v1.12-1.13,0.0,0.0,0.0,True,0.0046913580246913,0.2976880000000221,0.4665499999999997,4.0,actuator_outputs,per_channel,15963870,9954649,8.4,,A,,,,False,10.002574062752618,20.00249686678432,2.000004402958096,407.438941,405.03442600000005,True,True,0.0,0.0,,main
7b7a9454-fde3-44f0-a045-23ed173b5566,ok,17826240.0,v1.16+,0.0,0.0,0.0,True,0.0003176836324854,0.0062619999999995,0.4646503686904907,4.0,actuator_motors,none,19899299,11994716,11.7,,A,,0.0,4.0,True,9.999925332206299,199.41084719880885,2.000095688122193,158.120573,154.23999600000005,,True,0.0,0.0006316234100455654,vehicle_attitude,main
0f348503-c95e-4773-a947-5be70f034275,ok,17761280.0,v1.14-1.15,0.0,0.0,0.0,True,0.0236488570335919,2.693984999999998,0.0685213804244995,4.0,actuator_motors,none,57958538,14050356,12.1,,C,,0.0,4.0,True,5.6080124722197375,95.24906158081356,1.1003468277137496,124.732867,118.90189400000003,,True,0.0,0.1769512593997268,vehicle_attitude,main
6a02610c-1880-4f1c-a46b-2c31e54aabb5,ok,17499135.0,v1.12-1.13,0.0,0.0,0.0,True,0.0,0.0,0.5124571428571429,6.0,actuator_outputs,global,1972670,1465197,3.5,,C,,,,False,10.014808138276056,19.999986666675557,5.014093608380598,67.103332,62.378647,True,True,0.0,0.000962741857535292,sensor_combined,main
83830e93-f166-4f99-bfa9-5d1128a1c7f5,ok,17826047.0,v1.16+,0.0,0.0,0.0,True,0.0,0.0,0.127707028388977,4.0,actuator_motors,none,12040336,7611652,9.0,,C,,0.0,4.0,True,10.00348383752996,20.003400184615682,2.0000432410782443,279.207724,273.23448,,True,0.0,0.0,,main
2f90c7ea-7f37-4814-918d-c73a79f06648,ok,17760767.0,v1.14-1.15,0.0,0.1853146853146853,0.0,True,0.0,0.0,0.1156667798757553,4.0,actuator_motors,none,15023717,9541141,9.3,,C,,0.0,4.0,True,10.006265780685212,188.28838928149528,1.999968000511992,139.846754,135.179484,,True,0.0,0.0,,main
16df27f0-67bb-473c-87aa-acea9b523bde,ok,17826240.0,v1.16+,0.0,0.0,0.0,True,0.0,0.0,0.2526491785078709,6.0,actuator_motors,none,8500104,5721453,6.2,,C,,0.0,6.0,False,9.89172386625811,194.6601452389151,1.9999079226066654,73.738524,67.62750299999999,,False,0.0,0.012795943226959696,sensor_combined,main
d9b0e445-2b05-4a86-ad30-0fcec5bab02c,ok,17761280.0,v1.14-1.15,0.0227133210558624,0.001841620626151,0.0,True,0.0,0.0,0.1933081701397895,4.0,actuator_motors,none,91490164,54064038,20.6,,C,,0.0,4.0,True,9.804146269139556,215.53994663519546,1.9627721438847865,834.849347,815.6520080000004,,True,0.0,0.02029522711467931,sensor_combined,main
b176f84b-5009-40e4-8743-31c63ce1c5df,ok,17760511.0,v1.14-1.15,0.0,0.1983471074380165,0.0,True,0.0,0.0,0.1063585102558135,4.0,actuator_motors,none,15347948,7496019,7.8,,C,,0.0,4.0,True,9.999977644074056,19.999965950186947,1.999913021024215,116.014843,97.442647,,True,0.0,0.00046588940311726693,sensor_combined,main
7fc67056-c7db-4032-88a9-f2b02f73eb45,ok,17569792.0,v1.12-1.13,0.0,0.0,0.0,True,0.0,0.0,0.175,6.0,actuator_outputs,bus,23084492,12149295,8.0,,B,,,,False,10.005509038945688,185.49569731581067,2.0056966671747576,176.126268,169.5022120000001,False,False,0.0,0.0,,main
baa6dc01-44d6-4fab-adae-6c658fbd33b1,ok,17891392.0,v1.16+,0.0273348519362186,0.0091116173120728,0.0,True,0.0,0.0,0.3899773389101028,4.0,actuator_motors,none,20862307,13547622,8.1,,A,,0.0,4.0,True,9.936246365722264,19.87023253804397,1.9886102926354852,439.026434,434.68005,,True,0.0,0.006749973266137692,sensor_combined,main
b563cdbe-7721-4a33-a182-4abe35eda4ab,ok,17694975.0,v1.14-1.15,0.3443456162642948,0.0,0.0,True,0.000255167134473,0.0977169999999887,0.4830026119947433,4.0,actuator_motors,none,14153022,8334200,5.9,,C,,0.0,4.0,True,10.002546417882163,20.002295676320283,2.000043480537095,392.337961,391.89614200000034,,True,0.0,0.0,,main
b97f96d0-c15c-4a33-a874-fa5c51fe47fc,ok,17760511.0,v1.14-1.15,0.0,0.0,0.0,True,0.0,0.0,0.3045017383992672,4.0,actuator_motors,none,2435686,1741439,2.3,,A,,0.0,4.0,True,10.014329789530798,20.014756652951604,2.0001093598256126,65.774332,58.613937,,True,0.0,0.0,,main
80b880d7-fb59-47ff-92dd-1b0281490a80,ok,17760384.0,v1.14-1.15,0.0,0.0,0.0,True,0.0,0.0,0.2401874423027038,4.0,actuator_motors,none,4466723,3030696,4.4,,B,,0.0,4.0,True,10.000157753248448,19.999848502096356,2.0000643074111664,131.220483,125.93320100000003,,True,0.0,0.0,,main
6f7841fc-ef05-4e25-abec-51499149e788,ok,17629696.0,v1.12-1.13,0.0,0.0,0.0,True,0.0,0.0,0.285,6.0,actuator_outputs,per_channel,11767655,7493143,6.1,,C,,,,False,10.007157308824125,198.28138659108103,2.000013846249705,136.748381,130.83209800000006,False,False,0.0,0.0,,main
e7eb6c96-1450-41d4-844e-2cd7378f2412,ok,17695999.0,v1.14-1.15,0.0,0.0543209876543209,0.0,True,0.0,0.0,0.3833749726895008,4.0,actuator_motors,none,22308447,13886368,7.0,,B,,0.0,4.0,True,9.922135506594886,198.26296490271358,1.9756366054808918,205.319466,196.58765599999987,,True,0.0,0.008367978085950915,vehicle_attitude,main
57a3b512-7aa6-40b5-b871-76b905f26972,ok,17826047.0,v1.16+,0.0,0.0,0.0,True,0.0058309037900874,0.3026119999999999,0.3044892102479934,4.0,actuator_motors,none,3306370,2589331,2.5,,A,,0.0,4.0,True,10.012538607739469,20.013270841807813,1.9998915321987407,76.127969,68.56699,,True,0.0,0.0,,main
edffa36c-a03d-40b2-9ec9-542280230a5f,ok,17630207.0,v1.12-1.13,0.0,0.0,0.0,True,0.0,0.0,0.1895,6.0,actuator_outputs,per_channel,3364475,2250515,2.4,,C,,,,False,9.999228381561554,20.000389348664743,1.9999236321844258,102.554184,99.07039300000002,True,True,0.0,0.0,,main
ddc6b899-97e6-4165-a785-229aa1c8eeb0,ok,17825984.0,v1.16+,0.0,0.0,0.0,True,0.0,0.0,0.2994498908519745,4.0,actuator_motors,none,41772236,26825907,9.8,,C,,0.0,4.0,True,10.000953762268965,20.00100647420661,2.0000119170260247,1011.454705,1010.0688899999988,,True,0.0,0.0,,main
918249c8-6f7d-4545-8df1-af7ef7b4afa0,ok,17695488.0,v1.14-1.15,0.0,0.0,,True,0.0,0.0,0.1280257511883973,4.0,actuator_motors,none,2242532,1477787,2.0,,B,,0.0,4.0,True,0.0,20.01226210551953,0.0,77.686773,77.361478,,True,,0.0,,main
5c25fcb5-1fa5-45f1-b1ab-9316064b41e4,ok,17760768.0,v1.14-1.15,0.0,0.0,0.0,True,0.0265282583621684,2.299324000000013,0.1677162881940603,4.0,actuator_motors,none,3713825,2707313,2.5,,C,,0.0,4.0,True,10.01014080753105,20.01043226537962,2.000068969411275,91.522781,86.67390799999997,,True,0.0,0.0,,main
91a31f28-d304-491c-9a8d-75b451268c30,ok,17891583.0,v1.16+,0.0,0.0,0.0,True,0.0,0.0,0.1960556805133819,4.0,actuator_motors,none,8306877,2467828,3.2,,B,,0.0,4.0,True,9.998683894166488,19.998368239455278,2.000107098171677,60.061635,56.090444,,True,0.0,0.0015182181781856678,sensor_combined,main
8e2d1b52-4a31-438d-b245-ba69a1780560,ok,17891392.0,v1.16+,0.0,0.7373737373737373,0.0,True,0.0,0.0,0.1042211279273033,4.0,actuator_motors,none,2798119,2290392,2.5,,A,,0.0,4.0,True,10.015000578267712,20.015744037530496,1.9998230950141507,63.344619,57.374551999999994,,True,0.0,0.0,,main
d08e3e54-e09d-4dc4-b5ee-e02df4c353a6,ok,17761792.0,v1.14-1.15,0.0,0.0,0.0,True,0.0,0.0,0.2848555870354175,4.0,actuator_motors,none,13018448,7578683,6.8,,A,,0.0,4.0,True,10.009576635799316,221.14129579480988,2.000023024655308,102.866543,98.55569100000005,,True,0.0,0.0,,main
d3299236-fbda-4af8-99cd-f59debbc12a2,ok,17761535.0,v1.14-1.15,0.0,0.1839285714285714,0.0,True,0.3774064656738103,15.599995000000009,0.7317636758089066,4.0,actuator_motors,none,11573125,7637604,6.5,,C,,0.0,4.0,True,10.003576609467643,20.00357632762903,2.000001125448662,279.264672,275.3201349999999,,True,0.0,0.0,,main
60fca266-22bd-430f-aee0-467168565ce1,ok,17695488.0,v1.14-1.15,0.0,0.0,0.0,True,0.0,0.0,0.2109254285693168,4.0,actuator_motors,none,16532699,9360821,9.3,,C,,0.0,4.0,True,10.007336597789061,164.27949270092162,2.0000019007110263,141.476622,137.49033399999993,,True,0.0,0.0,,main
091e2539-e516-40be-946d-aeff1dbedd49,ok,17825984.0,v1.16+,0.0,0.0,0.0,True,0.0,0.0,0.0615786015987395,4.0,actuator_motors,none,68073982,30039349,14.7,,C,,0.0,4.0,True,124.99776956979463,249.99553913958925,100.00356868832861,223.692,219.492,,True,0.0,0.0,,main
b410ff33-6ddf-4118-87dc-370c576f156a,ok,17826047.0,v1.16+,0.0,0.0,0.0,True,0.0142465753424657,0.5987100000000112,0.6246530055999755,4.0,actuator_motors,none,9004408,6357434,3.8,,C,,0.0,4.0,True,10.005336179295623,20.0053172027302,1.9999999466666682,188.191844,182.55976900000002,,True,0.0,0.0,,main
df0f6416-9fea-4961-9cb3-0c307e541db7,ok,17825856.0,v1.16+,0.0,0.0,0.0,True,0.0,0.0,0.0990729711949825,4.0,actuator_motors,none,4045670,2804654,3.1,,B,,0.0,4.0,True,10.009109624306069,20.00870397678899,2.0000844246162393,104.599553,104.376008,,True,0.0,0.0,,main
f4dce105-1f32-49cd-be64-cd0532311430,ok,17694720.0,v1.14-1.15,0.0,0.0,0.0,True,,,,4.0,actuator_motors,none,10585492,5600902,5.3,,B,ground_only_actuator_motors,0.0,4.0,True,9.680939203771375,193.67261315641034,1.9400003880000778,100.740521,0.0,,True,0.0,0.03153727743642127,vehicle_attitude,main
ce6d7213-961b-4c24-9b8e-667f7b91b76f,ok,17761280.0,v1.14-1.15,0.0,0.0,0.0,True,0.0071716718960107,0.1997649999999993,0.7329249921047484,4.0,actuator_motors,none,17291054,10871232,6.3,,B,,0.0,4.0,True,10.00211877366444,20.001871377302333,2.000020288774073,450.979163,446.1294660000001,,True,0.0,0.0,,main
250c7ae8-e9f2-466c-978d-3911fbfd829d,ok,17695743.0,v1.14-1.15,0.0,0.0,0.0,True,0.0001797160486431,0.0101050000000029,0.2750954508781433,4.0,actuator_motors,none,6647055,4034529,2.9,,C,,0.0,4.0,True,9.561613899523268,188.4548929309964,1.893007173489619,65.891683,61.52843399999998,,True,0.0,0.047055823075725506,vehicle_attitude,main
8c9898cc-5841-4850-9e03-e325ef05974c,ok,17695743.0,v1.14-1.15,0.0,0.0,0.0,True,0.0001123613541148,0.0050659999999993,0.2821635097265243,4.0,actuator_motors,none,44841439,16725637,8.8,,C,,0.0,4.0,True,9.680879444384567,190.5172612617551,1.9425503492958405,87.318737,81.94974200000001,,True,0.0,0.03398778461829232,vehicle_attitude,main
9b2f55e4-7039-4510-a8a3-dcc609ad328b,ok,17695743.0,v1.14-1.15,0.0,0.1387755102040816,0.0,False,0.008313539192399,0.1000000000000085,0.16504458617419,4.0,actuator_motors,none,19685207,8091169,5.0,,A,,0.0,4.0,True,125.0,226.4156788236752,125.0,96.756,84.1279999999997,,True,0.0,0.0,,main
2003b62d-8c72-47d1-9931-2bccc9c0ec34,ok,17499135.0,v1.12-1.13,0.0,0.0,0.0,True,0.0,0.0,0.3789999999999999,8.0,actuator_outputs,global,2785761,2059693,2.2,,B,,,,False,9.999851054850078,20.011571474259572,4.999925527425039,76.01495,67.16889700000002,False,False,0.0,0.0,,main
d7da7818-a085-4de4-a8fe-6e175b4c964b,ok,17826240.0,v1.16+,0.5743589743589743,0.0769230769230769,0.0,True,0.0,0.0,0.1783599577844141,4.0,actuator_motors,none,2944639,2146743,3.0,,B,,0.0,4.0,True,10.012281556619543,20.01274210368708,1.9999904636216304,75.605727,67.20937599999999,,True,0.0,0.0,,main
00d3b37a-271c-424b-ab90-92d9159a1b22,ok,17367295.0,v1.12-1.13,0.0023809523809523,0.0142857142857142,0.0,True,0.0100564140299239,1.101593999999977,0.4114285714285713,6.0,actuator_outputs,global,14683128,8117676,7.0,,B,,,,False,9.84788306490297,31.7004312556217,0.0,416.794676,413.7989870000001,True,True,,0.0,,main
3e74c9f9-221e-45ac-a743-aeca65ddbfd2,ok,17891583.0,v1.16+,0.0,0.1001564945226917,0.0,True,0.0012279983626688,0.297505000000001,0.2345103710889816,4.0,actuator_motors,none,26497372,15130747,10.6,,B,,0.0,4.0,True,10.001522400221704,20.001492743810754,1.9999940234370632,641.386204,244.34998600000003,,True,0.0,0.0,,main
c1a6fcb2-c0dd-4603-9da6-3a0e17899eff,ok,17695488.0,v1.14-1.15,0.2294736842105263,0.0,0.0,True,0.0692438402718776,3.8987520000000018,0.8816687583543659,4.0,actuator_motors,none,8673346,5404379,2.3,,A,,0.0,4.0,True,10.004193756346213,20.004191158793642,1.9999999411764722,238.469957,235.42000699999988,,True,0.0,0.0002514131287901495,sensor_combined,main
6c5fb646-c383-4096-a28c-69cedb6f17e3,ok,17825984.0,v1.16+,0.0,0.0,0.0,True,0.0002262635404587,0.0105879999999842,0.2736881822347641,4.0,actuator_motors,none,48096059,29172134,14.6,,A,,0.0,4.0,True,10.002703755506765,285.6806648069507,2.0000319580139694,376.591666,371.24730199999965,,True,0.0,0.0,,main
0835cb5f-e134-4903-ab96-f78394b3add1,ok,17760511.0,v1.14-1.15,0.0,0.1294416243654822,0.0,True,0.0,0.0,0.2164993092417717,4.0,actuator_motors,none,28848450,14971341,6.8,,B,,0.0,4.0,True,9.99441094377967,200.1260157866622,0.9946878085875973,189.740776,83.02821099999998,,True,0.0,0.0009222898355914768,vehicle_attitude,main
674422ec-f9b9-4f80-ab30-c3533e3f9680,ok,17826559.0,v1.16+,0.0,0.0285714285714285,0.0,True,0.0079016681299385,0.198802999999998,0.4014962077140808,4.0,actuator_motors,none,5656596,3788673,3.5,,B,,0.0,4.0,True,10.00830073833163,20.00748020526545,2.000000333333389,120.249853,113.93000199999996,,True,0.0,0.0,,main
772051f3-1e48-4d9c-ae42-cf44e868798f,ok,17760320.0,v1.14-1.15,0.1137724550898203,0.3473053892215569,0.0,True,0.0080645161290322,0.5,0.0614062190055847,4.0,actuator_motors,none,16959697,7206662,4.0,,A,,0.0,4.0,True,122.46881785588042,194.31401888447448,123.92061808816845,78.9,62.063999999999986,,True,0.0,0.0,,main
66d3d20d-733c-4d2b-bac8-aee08920cbb2,ok,17760256.0,v1.14-1.15,0.0,0.08,0.0,True,0.0,0.0,0.5808064751327037,4.0,actuator_motors,none,4986856,3681100,5.2,,A,,0.0,4.0,True,10.007975340807391,20.007739711148844,1.9998882366985418,122.046569,114.94258799999997,,True,0.0,0.0,,main
34f1bcb0-a6bf-40a4-9136-41a418343365,ok,67441920.0,,0.0,0.0,0.0,True,0.0,0.0,0.448,6.0,actuator_outputs,bus,21976412,12577834,6.7,not_px4_v4,,,,,False,10.00510413920682,199.5440868542228,2.0051324827441683,194.984263,187.938559,True,True,0.0,0.0,,main
1ccf1be6-2c88-402e-99e0-2f8039601997,ok,17695999.0,v1.14-1.15,0.3132022471910112,0.0126404494382022,0.0,True,0.0,0.0,0.1516391783952709,4.0,actuator_motors,none,39196487,24068112,10.7,,A,,0.0,4.0,True,9.917181280011002,200.0480079935404,1.9834397532094865,362.476233,350.57012099999986,,True,0.0,0.008776694247189123,vehicle_attitude,main
fa1651f6-5f55-459a-a325-d2488862102e,ok,17826559.0,v1.16+,0.0,0.0,0.0,True,0.0,0.0,0.2223113864660262,4.0,actuator_motors,none,31221888,19303540,12.4,,B,,0.0,4.0,True,9.999780458170822,157.4811984647672,2.0000029144779314,304.32372,300.534123,,True,0.0,0.0,,main
84773db7-47ef-4013-b048-9f1a782164cc,ok,17825792.0,v1.16+,0.0,0.0,0.0,False,0.0091491308325709,0.5017320000000041,0.0958780467510223,4.0,actuator_motors,none,5829272,4226048,2.8,,A,,0.0,4.0,True,9.999891832640365,19.999827516534832,2.0000009655177076,116.013944,109.20587799999996,,True,0.0,0.0008707940829646017,sensor_combined,main
56fae0a3-b045-4aa2-b3be-a8a7d28c71cd,ok,17630207.0,v1.12-1.13,0.0,0.0,0.0,True,0.0,0.0,0.198,6.0,actuator_outputs,per_channel,10048877,6318176,4.0,,B,,,,False,10.003745627799569,20.003863656290097,1.999957960561095,248.22248,245.22366399999993,True,True,0.0,0.0,,main
b6a86822-c2d5-496c-9261-c757e3604992,ok,17236160.0,v1.12-1.13,0.0,0.0,0.0,True,0.0,0.0,0.0,4.0,actuator_outputs,global,2985984,1715333,3.3,,A,,,,False,9.851603918434307,31.743859582214913,0.0,80.227487,78.70389100000001,True,True,,0.0,,main
ae8790c5-c197-468f-a0a9-1b78ac9e125d,ok,17826240.0,v1.16+,0.0,0.0,0.0,True,0.0,0.0,0.1712138175964355,4.0,actuator_motors,none,3601633,2759075,6.1,,B,,0.0,4.0,True,10.011151149980572,20.01140421956124,1.9999024047626477,83.371505,78.797571,,True,0.0,0.0,,main
c69a5601-5a8e-4593-ad82-0970ba58ef41,ok,17761535.0,v1.14-1.15,0.0,0.019588638589618,0.0,True,0.0,0.0,0.3024665892124176,4.0,actuator_motors,none,20406847,11153437,10.5,,B,,0.0,4.0,True,10.00198965527391,20.001960505161794,2.000004361838539,503.782012,41.179624000000004,,True,0.0,0.0,,main
2e646bea-dea5-410d-a5ac-578fbbf42cc6,ok,17694975.0,v1.14-1.15,0.0,0.0,0.0,True,0.0,0.0,0.3794935017824172,4.0,actuator_motors,none,12557139,6687479,7.4,,B,,0.0,4.0,True,9.935761683841402,196.2691440591267,1.9786226189763427,93.721266,93.26468200000002,,True,0.0,0.007430554308021733,sensor_combined,main
eb79623b-519d-4528-a01b-48d7ef00bd0e,ok,17891583.0,v1.16+,0.0,0.0,0.0,True,0.0,0.0,0.0867001295089721,4.0,actuator_motors,none,64242093,27139188,12.3,,C,,0.0,4.0,True,10.000958527883123,20.000946942421773,1.9999874020211026,1030.182304,1026.5323019999996,,True,0.0,0.0,,main
60413875-f950-46a7-8aac-5d1f820b53ef,ok,17629952.0,v1.12-1.13,0.0,0.0,0.0,True,0.0,0.0,0.1823499999999999,6.0,actuator_outputs,per_channel,4067525,2677520,2.6,,C,,,,False,10.009040176429039,20.008598218014217,1.9999564390440372,105.684032,101.43389299999998,True,True,0.0,0.0,,main
84d75fd0-ece3-40c5-ad5f-e6eba89fd42b,ok,17760256.0,v1.14-1.15,0.0,0.0,0.0374639769452449,True,0.0087351235886481,0.3626570000000022,0.2115222811698913,4.0,actuator_motors,none,21580000,15031838,9.9,,B,,0.0,4.0,True,10.014471490174486,199.97156814684428,2.000000116788328,68.692583,65.79006,,True,0.0,0.0,,main
af14a6f8-ebba-4b10-bc9b-22f564e8bbf3,ok,17956992.0,v1.16+,0.0,0.0,0.0,True,0.0,0.0,0.062676228582859,4.0,actuator_motors,none,17494802,11150949,10.5,,B,,0.0,4.0,True,9.992265930490651,19.97830719858836,2.0005056557085292,466.601819,457.67355600000025,,True,0.0,0.001393453736987757,vehicle_attitude,main
70cdc2f7-454c-4d20-8df9-b9631b51e3c4,ok,17761535.0,v1.14-1.15,0.0098389982110912,0.988819320214669,0.0,True,0.0003565380158659,0.1988039999999955,0.2646419882774353,4.0,actuator_motors,none,43745960,26366589,13.6,,C,,0.0,4.0,True,10.00088778081523,20.000799925439743,1.9999977503357158,1125.754988,1121.8297050000008,,True,0.0,0.0,,main
d90df42a-b68f-4cb4-ad0e-c88338073734,ok,17761280.0,v1.14-1.15,0.0,0.0,0.0765782592454239,True,,,,4.0,actuator_motors,none,53542912,26624854,13.2,,B,ground_only_actuator_motors,0.0,4.0,True,10.001822959312804,172.29604549596635,1.9999959925244002,535.247817,0.0,,True,0.0,0.0,,main
e7dd1aa5-2f42-4e46-8d97-d1206aeffdef,ok,17891520.0,v1.16+,0.0,0.0,0.0,True,0.0,0.0,0.2559525027871131,4.0,actuator_motors,none,13225023,8447365,4.9,,C,,0.0,4.0,True,10.00756442251762,200.00002019777187,1.999998970464665,118.392751,112.43040999999998,,True,0.0,0.0,,main
ea084fb8-132a-4fbd-a258-f5c94c847716,ok,17760384.0,v1.14-1.15,0.0,0.0,0.0,True,0.0,0.0,0.153134748339653,4.0,actuator_motors,none,9058954,6361636,3.1,,B,,0.0,4.0,True,10.009043758046909,20.00812940943703,2.0000336805671806,100.091562,91.18130800000003,,True,0.0,0.0,,main
687c41e7-2801-4e22-a316-33e8478bdc95,ok,17761535.0,v1.14-1.15,0.0754716981132075,0.0,0.0,True,0.0,0.0,0.5521544963121414,4.0,actuator_motors,none,3172453,2352643,2.4,,B,,0.0,4.0,True,10.012858287781365,20.01259682515249,1.9998457487397487,76.089441,64.90540200000002,,True,0.0,0.0,,main
fbf78393-b995-44d4-84ed-a8f94f84ccae,ok,17761535.0,v1.14-1.15,0.0,0.0559006211180124,0.0,True,0.0,0.0,0.0931141525506973,4.0,actuator_motors,none,8991821,5647241,3.4,,B,,0.0,4.0,True,10.013091896685046,221.92980626805922,1.9999122841019852,78.847925,74.32525600000001,,True,0.0,0.0,,main
4287b232-f4a8-417d-aa49-b21eb88081fb,ok,17826047.0,v1.16+,0.0,0.0,0.0,True,0.3196004993757803,4.402313999999997,0.3161134719848633,4.0,actuator_motors,none,3959784,3123344,2.7,,B,,0.0,4.0,True,9.881454851078576,19.75177580367395,1.9999480495422313,84.717131,80.13241599999999,,True,0.0,0.01421375350883033,vehicle_local_position,main
57a34f69-e372-4f40-b9f0-cd4f2cc9d2be,ok,17695488.0,v1.14-1.15,0.0,0.0,0.0,True,,,,4.0,actuator_motors,none,18661035,10265524,7.6,,B,ground_only_actuator_motors,0.0,4.0,True,10.001763167964182,20.001768306610828,2.0000207785576656,591.845964,0.0,,True,0.0,0.0,,main
967adbbb-7a99-40f6-8126-3e05cb146b3f,ok,17761280.0,v1.14-1.15,0.2389078498293515,0.0716723549488054,0.0,True,0.0357142857142857,1.0999959999999973,0.287957140803337,4.0,actuator_motors,none,4404965,3311111,4.7,,B,,0.0,4.0,True,10.008996675329909,20.009012868569297,2.0000046834280525,99.638823,95.24017300000003,,True,0.0,0.0,,main
8662dc04-492e-426a-bd48-fedfb83a2819,ok,17695488.0,v1.14-1.15,0.0200400801603206,0.0,0.0,False,0.0,0.0,0.0160054296255111,4.0,actuator_motors,none,31129600,17030781,13.4,,A,,0.0,4.0,True,10.001184702989729,20.00215312456091,2.000395919238424,745.202026,743.4165890000003,,True,0.0,0.0012962491487154893,sensor_combined,main
01c51f1f-b7ef-4397-9f1c-a8de1a157f5e,ok,17564927.0,v1.12-1.13,0.6150845253576073,0.6486345903771131,0.0,True,0.0,0.0,0.0668235294117647,4.0,actuator_outputs,global,74886097,23396015,23.0,,B,,,,False,24.385460959939014,24.384311182355546,1.949569903420088,933.426631,2.323367,True,True,0.0,0.024957285462116296,sensor_combined,main
f3e8460d-de12-4d54-9f90-6f0c212fb4ea,ok,17629696.0,v1.12-1.13,0.0,0.0,0.0,True,,,,,none,none,1930461,1414648,5.9,,B,ground_only_none,,,False,10.015260507726577,20.01295271019665,1.9999630711044194,71.619036,0.0,,False,0.0,0.0,,main
393720cc-406d-4e83-a471-06b57e8272a4,ok,17694975.0,v1.14-1.15,0.2363636363636363,0.0,0.0,True,0.0014814814814814,0.1016979999999989,0.2740368038415908,4.0,actuator_motors,none,5828075,3974045,7.0,,C,,0.0,4.0,True,9.835192998461713,19.656826638166315,1.9642409927273976,139.854451,137.429111,,True,0.0,0.01786636322312721,vehicle_local_position,main
67c11066-1264-4af4-b94a-a36d6820a6e5,ok,17760511.0,v1.14-1.15,0.0017953321364452,0.0,0.0,True,0.0025230745004849,1.640525999999909,0.1498588323593139,4.0,actuator_motors,none,140687828,73831068,28.9,,B,,0.0,4.0,True,10.000051215663298,247.3080866148063,2.00006116424847,1126.867903,1123.2125779999997,,True,0.0,0.0,,main
7d734e1a-5c2e-4179-911d-22492f05785d,ok,33556479.0,,0.0,0.0,0.0,True,0.0061791967044284,0.5024019999999965,0.3131336718797683,4.0,actuator_motors,none,3538980,2340499,5.4,not_px4_v2,,,0.0,4.0,True,9.999898610759866,19.998774057276506,2.0000935043713293,100.992409,97.06054800000003,,True,0.0,0.0,,main
2614ee35-79e5-4304-b905-314be888c7c5,ok,17695743.0,v1.14-1.15,0.0,0.0,0.0,True,0.0017452006980802,0.1009480000000024,0.4130265042185781,4.0,actuator_motors,none,2892941,2245220,2.7,,A,,0.0,4.0,True,9.9991428227263,19.999753779466307,2.0000190230817005,65.960739,57.39456100000001,,True,0.0,0.0012801906739435072,sensor_combined,main
482b3a22-c52e-48dc-b68a-d020cdb2acd1,ok,51125248.0,,0.0,0.0,0.040574809805579,True,0.0,0.0,0.3101999999999998,6.0,actuator_outputs,per_channel,34878965,17666099,8.6,not_px4_v3,,,,,False,10.001383517671753,20.00135279057979,1.9999981636124056,709.312453,703.6520499999997,True,True,0.0,0.0,,main
bb87ed15-cdfb-4a30-8c31-d876ef1f88a2,ok,17761535.0,v1.14-1.15,0.2832764505119454,0.0546075085324232,0.0,True,0.0,0.0,0.1586333870887756,4.0,actuator_motors,none,55603870,24921578,14.2,,A,,0.0,4.0,True,8.50449663848359,170.56630162159001,1.6899698000573022,166.531834,162.920386,,True,0.0,0.14353368382673404,vehicle_attitude,main
b48a234c-03d3-4dae-9f9d-cf335744cad3,ok,17891583.0,v1.16+,0.0,0.0543478260869565,0.0,False,0.955958549222798,73.70066999999999,1.0,4.0,actuator_motors,none,2942841,2033907,2.7,,B,,0.0,4.0,True,10.013306431001116,20.01266988079512,2.0000706521773055,79.018681,76.66580600000002,,True,0.0,0.0,,main
a9ca40fb-70b4-498b-90f5-3e7a31a630e6,ok,17761535.0,v1.14-1.15,0.0,0.0,0.0,True,0.0120481927710843,0.2974639999999979,0.2728909313678742,4.0,actuator_motors,none,7562541,3745861,5.0,,C,,0.0,4.0,True,9.999906875867218,19.985992444280974,1.9999599032429154,144.399502,66.31803999999998,,True,0.0,0.0012030246695775308,sensor_combined,main
1f8567a9-ea53-4632-a4eb-edff86a8c860,ok,17695743.0,v1.14-1.15,0.0072202166064981,0.0,0.0,True,0.0030228800750508,0.1547559999999919,0.2208473622415533,4.0,actuator_motors,none,16051790,9547709,5.4,,A,,0.0,4.0,True,10.006958373883416,159.26227244341945,1.999935436866875,138.300862,134.3137,,True,0.0,0.0061585497192148545,sensor_combined,main
065b8c8d-7c59-4ee3-9b99-cadac6b1b6ff,ok,17629951.0,v1.12-1.13,0.0,0.0,0.0,True,0.0,0.0,0.171,6.0,actuator_outputs,per_channel,32276342,19411699,9.7,,B,,,,False,10.00139901584104,20.00136242373885,2.000015461602611,694.729652,690.5714910000004,False,False,0.0,0.0,,main
ebd943b4-d8b5-4b86-86e5-86b77ff478d4,ok,17695743.0,v1.14-1.15,0.0,0.0,0.0,True,0.0,0.0,0.1147233769297599,4.0,actuator_motors,none,10653884,6697026,3.9,,C,,0.0,4.0,True,10.013710024004798,159.97664722531798,2.000025289793467,76.117584,70.291208,,True,0.0,0.0,,main
3506262d-c215-4a3c-b020-e213db2fce21,ok,17761280.0,v1.14-1.15,0.0,0.0,0.0,True,,,,4.0,actuator_motors,none,2471951,1670523,2.2,,A,ground_only_actuator_motors,0.0,4.0,True,10.014661800221885,20.013933596997365,2.0001919876586305,65.39496,0.0,,True,0.0,0.0,,main
6400e487-aa50-465e-98f2-4cb30de9b193,ok,18350080.0,v1.16+,0.0,0.0512820512820512,0.1445623342175066,True,0.0,0.0,0.1893099255859851,4.0,actuator_motors,none,5879925,3957945,3.5,,B,,0.0,4.0,True,10.006751035316668,20.00617433994259,1.99998604009744,150.276727,144.32392199999992,,True,0.0,0.0,,main
fc74f4ed-8a19-4fb9-af7a-ffda09eff68c,ok,17695488.0,v1.14-1.15,0.1097560975609756,0.0,0.0,True,0.0,0.0,0.1357283055782318,4.0,actuator_motors,none,2879320,2004504,2.4,,B,,0.0,4.0,True,10.012406905812652,20.012331087197506,1.9998843337337546,79.967732,74.98124499999999,,True,0.0,0.0,,main
5665cde1-948e-4f16-a9f9-7028b77ace97,ok,17891583.0,v1.16+,0.0281774580335731,0.0,0.0,True,0.0,0.0,0.248891222476959,4.0,actuator_motors,none,38751283,25359667,8.6,,A,,0.0,4.0,True,10.00129694589553,20.001260119368233,1.9999979442445373,825.015024,820.4005140000003,,True,0.0,0.0,,main
5000e8b1-7707-45cc-aa53-70aaca69a166,ok,17891392.0,v1.16+,0.0823529411764705,0.0,0.0,True,0.1877551020408163,1.8,0.5149563193321222,4.0,actuator_motors,none,24557916,9309955,8.5,,C,,0.0,4.0,True,124.99392289367495,249.98781320074096,100.00243107891282,82.156,24.471999999999994,,True,0.0,0.0,,main
b2bab61d-8b8c-4fa7-bab4-d95701a254a5,ok,17760768.0,v1.14-1.15,0.0,0.0,0.0,False,,,,,actuator_motors,none,4702372,3363718,3.7,,C,unknown,0.0,0.0,False,9.983157300646678,19.95756859099431,1.9999524079121913,118.47698,117.25231199999999,,False,0.0,0.002344967656968343,sensor_combined,main
8b82ec8d-4202-4445-9dd1-328f37797027,ok,17563904.0,v1.12-1.13,0.0,0.0,0.0,True,0.0,0.0,0.5,7.0,actuator_outputs,bus,34553383,13587808,8.5,,A,,,,False,10.003954439733233,199.99999824295537,2.0043514734218446,227.531622,99.439995,False,False,0.0,0.0,,main
eb24eb06-4006-4a1b-9314-655f1faf04c0,ok,33554496.0,,0.0,0.0,0.0,True,,,,4.0,actuator_motors,none,83547439,32721039,26.2,not_px4_v2,,ground_only_actuator_motors,0.0,4.0,True,9.999908896293507,160.7000421050842,9.99990893574052,506.894301,0.0,,True,0.0,0.0002459748882576225,vehicle_attitude,main
aef0e777-e6db-4d3d-b1a0-153099297f86,ok,17761280.0,v1.14-1.15,0.0290055248618784,0.0,0.0,True,0.0,0.0,0.2292560011148451,4.0,actuator_motors,none,39576018,24755487,12.6,,B,,0.0,4.0,True,9.980226792902503,197.11650821164253,2.000464278786865,362.200242,358.38872799999996,,True,0.0,0.0028182504923473747,sensor_combined,main
358ddf93-4de4-4372-ad7a-64783e9b2e9c,ok,17629952.0,v1.12-1.13,0.0,0.0,0.0,True,0.0,0.0,0.1227572603151202,4.0,actuator_motors,none,6940248,4484714,2.9,,B,,0.0,4.0,True,10.007140718577197,20.006611249864864,2.00011276080554,140.760604,127.89381599999999,,True,0.0,0.0,,main
845a6b84-c30f-4455-ae40-7ceadba53a3e,ok,17695488.0,v1.14-1.15,0.9965986394557824,0.0,0.0,True,0.0,0.0,0.4422922357916832,4.0,actuator_motors,none,23301676,12001302,9.7,,C,,0.0,4.0,True,10.002196050470168,20.00209520167283,1.999967609719976,435.138439,424.5937419999995,,True,0.0,0.0,,main
47d8bed1-9e9f-48a8-967f-352d9d83b065,ok,17695744.0,v1.14-1.15,0.4541387024608501,0.0,0.0444839857651245,True,0.005129738320404,0.3780220000000156,0.24578857421875,8.0,actuator_motors,none,25168413,15746872,9.7,,B,,0.0,8.0,False,10.00441290419711,172.44598203468533,2.000038810596517,224.24567,222.4284669999999,,False,0.0,0.0,,main
e89e0a00-dd3f-4f55-bd6b-b102a4ca41bc,ok,17694720.0,v1.14-1.15,0.0,0.0,0.0,True,,,,,none,none,20423837,12770411,7.6,,A,ground_only_none,,,False,10.00369608835552,189.67359680758025,2.000011708880809,261.090108,0.0,,False,0.0,0.0,,main
8df28ee8-9dab-4d29-8de2-356dae9676cb,ok,17564416.0,v1.12-1.13,0.0,0.0,0.2358803986710963,True,0.0,0.0,0.6854857142857143,12.0,actuator_outputs,bus,2084675,1567150,2.6,,A,,,,False,10.016975099903467,20.016562037038813,2.016719817317452,59.77997,50.326451000000006,False,False,0.0,0.0,,main
fa18aacc-b70e-4195-bc40-fd129cf7ec2a,ok,17630207.0,v1.12-1.13,0.0,0.0,0.0,True,,,,4.0,actuator_outputs,per_channel,5145924,3084409,3.1,,B,ground_only_actuator_outputs,,,False,10.006280951905174,20.0064802757279,2.006318720115704,162.102115,0.0,True,True,0.0,0.0,,main
f0a8add0-962a-4d41-a130-cbcb7dd452a9,ok,17564671.0,v1.12-1.13,0.0,0.0,0.0,True,0.0,0.0,0.6491428571428571,8.0,actuator_outputs,bus,7520488,4166548,3.0,,B,,,,False,10.015322325019222,191.2383246711696,2.0159890975309604,62.285147,57.40219600000002,False,False,0.0,0.0,,main
521b9c4d-60a6-4097-8ac0-c724667b922f,ok,17825856.0,v1.16+,0.0,0.0,0.0,True,,,,4.0,actuator_motors,none,40471288,22024606,13.1,,A,ground_only_actuator_motors,0.0,4.0,True,9.951666253867163,19.897938961917802,1.9890327913459973,912.151342,0.0,,True,0.0,0.005158847768161225,sensor_combined,main
e4b607b8-df08-4f57-b3f7-bd9ebf465982,ok,69617408.0,,0.0,0.0,0.0,True,,,,6.0,actuator_outputs,global,1214655,617540,1.9,not_px4_v4,,ground_only_actuator_outputs,,,False,9.821883205702932,31.542277631933562,0.0,80.44761,0.0,True,True,,0.0,,main
28a0d84e-a602-4eca-90e0-3e8f8e552fb9,ok,17695488.0,v1.14-1.15,0.0,0.0,0.0,True,0.0011587485515643,0.0980920000000011,0.133853393048048,4.0,actuator_motors,none,3756800,2392567,2.4,,C,,0.0,4.0,True,10.011130174759714,20.010903047787657,2.000143118812193,88.083534,86.30308599999996,,True,0.0,0.0,,main
da529492-af79-4386-baec-d9c2113629f2,ok,17629184.0,v1.12-1.13,0.0,0.0,0.0,True,0.0,0.0,0.1771999999999999,6.0,actuator_outputs,bus,6433852,3708980,4.0,,C,,,,False,10.00611635407662,20.006083105417,2.0061780530923476,162.128267,149.96231099999997,True,True,0.0,0.0,,main
0de6f359-d177-4e69-8b19-1a53dc27bc28,ok,17564671.0,v1.12-1.13,0.0,0.0,0.0,True,,,,6.0,actuator_outputs,none,5214390,3713500,4.2,,B,no_pwm_params,,,False,10.007372399549187,20.007177074784828,2.0075587303193303,132.164348,129.797502,False,False,0.0,0.0,,main
48399b22-86b7-4249-b279-abe8ec0da2fb,ok,17761023.0,v1.14-1.15,0.0,0.0,0.0,True,0.0,0.0,0.3168385922908783,4.0,actuator_motors,none,26726552,8388431,10.3,,B,,0.0,4.0,True,9.95056802491322,195.54044243971165,2.000129208346859,61.353073,55.42244600000001,,True,0.0,0.005809769449554714,vehicle_attitude,main
5d329eef-98f0-4984-8677-a2d79ead95a9,ok,17826047.0,v1.16+,0.0,0.0,0.0,True,1.362138011823358e-05,0.0012499999999988,0.1756434574723243,4.0,actuator_motors,none,44891830,17416614,11.9,,C,,0.0,4.0,True,10.010199893691881,199.96942759413974,1.9999957128297028,97.734731,91.82003199999997,,True,0.0,0.0,,main
83adf8d2-4eff-4a1f-8874-1ea9e066ec16,ok,0.0,,,,0.0,True,0.0389112166605772,16.798768000000024,0.4297917529940598,4.0,actuator_motors,none,33872608,17240767,11.6,not_px4_v0,,,0.0,4.0,True,10.001818773803869,20.001792375967224,2.0000208162457995,549.809016,547.4200229999994,,True,0.0,0.0,,main
b6bf4fa6-4f26-4fa3-8272-a50da18e02b4,ok,17825792.0,v1.16+,0.0773638968481375,0.0,0.0,True,0.0361885648405141,0.0675550000000058,0.639393262565136,4.0,actuator_motors,none,18801129,11836117,5.2,,C,,0.0,4.0,True,10.005468890301401,160.68558365670893,2.000014911353777,169.388677,163.93102500000003,,True,0.0,0.0,,main
fe1dbd0f-6d8c-4d73-9fb0-22980636179a,ok,17760511.0,v1.14-1.15,0.0,0.1011673151750972,0.0,True,0.0,0.0,0.0756072282791137,4.0,actuator_motors,none,5432735,3544499,3.5,,C,,0.0,4.0,True,10.00705473941684,20.006987223669103,2.0001278983745525,127.726685,123.49710399999996,,True,0.0,0.0,,main
0d10957b-facd-4c8b-9c39-34e3c25e4d32,ok,17629696.0,v1.12-1.13,,,0.0,True,0.0109824873849807,2.1000489999999843,0.4652384810149669,4.0,actuator_motors,none,36565738,18531326,9.0,,B,,0.0,4.0,True,10.001477700597146,20.00137280201741,1.999996603556064,676.705397,673.8600239999988,,True,0.0,0.0,,main
7f8a6ff7-4f32-42ff-9883-9f64dd2d666a,ok,17630207.0,v1.12-1.13,0.0,0.0,0.0,True,0.0,0.0,0.3039614588022231,4.0,actuator_motors,none,19606985,11088818,8.6,,B,,0.0,4.0,True,9.879171754991335,195.9050859767496,1.9643617912116569,140.222842,133.234617,,True,0.0,0.012968551218322438,vehicle_attitude,main
21a3f166-853b-4895-8fee-3cc56d05922b,ok,17695743.0,v1.14-1.15,0.6086956521739131,0.0,0.0,True,0.0602218700475435,0.3014480000000006,0.6463898569345474,4.0,actuator_motors,none,2796438,1994683,3.4,,C,,0.0,4.0,True,10.013754117208936,20.014247870468722,1.9999425604732264,68.228762,63.07068900000001,,True,0.0,0.0,,main
91970d9d-4b2c-4c73-a6de-5aafcb32a15e,ok,17630207.0,v1.12-1.13,0.0,0.0,0.0,True,0.0,0.0,0.196,6.0,actuator_outputs,per_channel,16633626,10114927,7.3,,A,,,,False,9.994517712513957,19.994230455649323,1.9999950586097108,520.825929,516.9984549999994,True,True,0.0,0.00035449545052820304,sensor_combined,main
8dd03b36-cff7-436a-8228-99b00e70a3fe,ok,17956928.0,v1.16+,0.0,0.0,0.0,True,0.0,0.0,0.2841917887330055,4.0,actuator_motors,none,62809270,34807228,16.8,,B,,0.0,4.0,True,10.00193819673903,183.65332190740116,2.0001185115086133,501.769541,53.067009999999996,,True,0.0,0.0,,main
04c3f69d-3213-4faf-9d5a-1406fad14a3d,ok,17629952.0,v1.12-1.13,0.1136363636363636,0.0,0.0,True,0.0,0.0,0.0571999999999999,6.0,actuator_outputs,bus,2550778,1855453,2.8,,B,,,,False,10.014724422482553,20.014100296288927,2.0000402508100477,64.418133,60.01920500000001,False,False,0.0,0.0,,main
e5dbe9fc-451a-405b-a48d-4ddfb7d8ba63,ok,17760767.0,v1.14-1.15,0.0,0.0,0.0,True,0.0432766615146831,0.2031269999999949,0.6216835260391235,4.0,actuator_motors,none,2968815,2313086,3.2,,B,,0.0,4.0,True,10.012325641761802,20.01351353232601,1.999892450228232,72.151683,64.70209,,True,0.0,0.0,,main
7c9cdf81-c8df-4233-95a6-119862691389,ok,17695488.0,v1.14-1.15,0.0,0.0,0.0,True,0.0,0.0,0.1186404436826705,4.0,actuator_motors,none,18474099,6417306,13.6,,C,,0.0,4.0,True,7.314714396125855,148.65378736856502,1.4723900726455177,82.310883,74.069868,,True,0.0,0.1517051715907293,vehicle_attitude,main
79c7131c-16cd-4802-aa9c-155a2097a144,ok,17694975.0,v1.14-1.15,0.0,0.0,0.0,True,0.0,0.0,0.2007584691047668,4.0,actuator_motors,none,33247018,18951521,14.3,,B,,0.0,4.0,True,9.933048157330617,162.644961972436,1.987228164587331,312.762613,310.31231400000013,,True,0.0,0.007318499606149166,vehicle_attitude,main
579d36a4-e574-4211-a53e-1873c379d1c2,ok,17761280.0,v1.14-1.15,0.2540827952905431,0.0,0.0,False,0.0068525387898368,3.342399999999998,0.2258604526519775,4.0,actuator_motors,none,147085411,79724590,31.7,,C,,0.0,4.0,True,9.967460645290199,218.46753580168837,1.9955561450594137,1323.331894,1321.6976929999994,,True,0.0,0.0036802840238874942,vehicle_attitude,main
f39ec69b-9be5-439d-9d49-7f702ce80f33,ok,17695488.0,v1.14-1.15,0.0,0.0,0.0,True,0.0,0.0,0.2651112452149391,4.0,actuator_motors,none,3416150,2461725,3.3,,C,,0.0,4.0,True,10.01022752520451,20.00921508792663,1.9998421774034225,97.548065,93.55561800000002,,True,0.0,0.0,,main
c95dee01-7d4b-4381-891a-5b84ac746bb4,ok,17826559.0,v1.16+,0.0,0.0,0.0,True,0.0,0.0,0.1019373804330825,4.0,actuator_motors,none,15249762,6159109,5.7,,A,,0.0,4.0,True,10.010679305738982,197.7742362933749,2.0000426190899923,82.867709,79.37351899999997,,True,0.0,0.0,,main
ce61a96b-7a46-42ad-ba87-22e6819061e0,ok,17826047.0,v1.16+,0.0,0.0,0.0,True,0.0,0.0,0.2931170508265492,4.0,actuator_motors,none,3080631,2429993,2.7,,C,,0.0,4.0,True,10.014360593090492,20.013906304883026,1.9997695559670507,68.208136,61.17547500000003,,True,0.0,0.0,,main
ad2d39cf-5851-4f43-9692-01d370649bc2,ok,17761023.0,v1.14-1.15,0.0718954248366013,0.0,0.0,True,0.0,0.0,0.1081487238407135,4.0,actuator_motors,none,2651201,1890158,2.5,,B,,0.0,4.0,True,9.842896250232181,19.685855628960994,1.960526289993075,76.161276,71.83014800000002,,True,0.0,0.018326137744238805,vehicle_local_position,main
ff411cea-225e-43f7-8c62-8a5abe06853f,ok,17695232.0,v1.14-1.15,0.1153846153846153,0.0029585798816568,0.0,True,0.0,0.0,0.1499566065147518,4.0,actuator_motors,none,6537460,4318627,8.0,,A,,0.0,4.0,True,10.006704987416645,20.006100437812538,1.9999985465849073,162.067826,157.87887499999997,,True,0.0,0.0,,main
7af2a624-e86e-4fe1-bc25-07716be7b94e,ok,17629696.0,v1.12-1.13,0.0,0.6602564102564102,0.0,True,0.6087551299589603,27.898689000000005,1.0,4.0,actuator_motors,none,3696047,2678723,8.0,,C,,0.0,4.0,True,10.013456752457246,20.011832091811826,2.000160735497557,77.700017,73.08483099999991,,True,0.0,0.0,,main
ed903f9d-2fa8-4b9b-bd32-7dec4ae811b1,ok,17629951.0,v1.12-1.13,0.0189873417721519,0.0,0.2083333333333333,False,0.0,0.0,0.4489999999999999,6.0,actuator_outputs,per_channel,30140278,9411386,17.7,,C,,,,False,10.012201536272203,193.51033275472912,1.99995647463146,76.333549,72.92771699999999,False,False,0.0,0.0,,main
ffa677e0-9a58-4803-8ec6-3f11c25a3540,ok,17761535.0,v1.14-1.15,0.0,0.0,0.0,True,0.0,0.0,0.4245372414588928,4.0,actuator_motors,none,3056358,2229855,2.8,,C,,0.0,4.0,True,10.013100264239457,20.011952138414667,2.0000319501959343,79.570577,70.06645399999996,,True,0.0,0.0,,main
85a7a1ba-46da-4590-ba94-54e47e10d5c1,ok,17826047.0,v1.16+,0.0,0.0,0.0,True,0.0019685039370078,0.1020630000000011,0.2731908857822418,4.0,actuator_motors,none,3757307,2729768,2.9,,B,,0.0,4.0,True,10.008991247244882,20.00817093351603,1.9999838819032967,101.69193,101.52439100000001,,True,0.0,0.0,,main
3871d43b-ea3c-48da-9b0b-187af0e97089,ok,17825792.0,v1.16+,0.0,0.0068093385214007,0.0,True,0.0,0.0,0.1075182855129242,4.0,actuator_motors,none,151451698,80209824,35.8,,A,,0.0,4.0,True,9.877339102920944,133.9443667559027,1.9747473014584123,1584.600196,1528.8296420000001,,True,0.0,0.0055392831584291785,vehicle_attitude,main
6833d3e4-d0f4-4f99-904a-88a7e3bfacb2,ok,17761280.0,v1.14-1.15,0.0,0.0,0.0,True,0.0,0.0,0.2229028016328812,4.0,actuator_motors,none,17539019,11349078,4.3,,C,,0.0,4.0,True,10.001928751398953,20.002041608447154,1.9999838314560132,498.226763,493.45368399999984,,True,0.0,0.0,,main
db30b83d-2cd2-4301-816f-ef20085ada32,ok,17761535.0,v1.14-1.15,0.0613207547169811,0.0,0.0,True,0.0,0.0,0.4232005417346953,4.0,actuator_motors,none,4212214,2982466,2.6,,B,,0.0,4.0,True,10.009828812174836,20.008244770147133,1.9999732635153193,104.443727,94.90241300000001,,True,0.0,0.0,,main
5f5305e7-c210-43c9-bcc9-975e2d4bdbc0,ok,17760511.0,v1.14-1.15,0.0,0.238095238095238,0.0,True,9.284189026088572e-05,0.0037219999999999,0.1413109177723527,4.0,actuator_motors,none,12280726,6976736,4.5,,B,,0.0,4.0,True,9.986644845994602,199.9847190517571,1.0000426043791584,79.406291,75.544758,,True,0.0,0.003437294202585009,sensor_combined,main
bff53469-acbb-4908-9fc3-c5160bd07898,ok,17826240.0,v1.16+,0.1082251082251082,0.0,0.0,True,0.1020966271649954,3.4015229999999974,0.3765619099140169,4.0,actuator_motors,none,5028886,3574071,4.4,,A,,0.0,4.0,True,10.00848151907127,20.008042287456764,2.0000060627986476,111.688511,109.6981399999999,,True,0.0,0.0,,main
c0ed4d38-2c3b-4362-82a5-9c74ba0ce297,ok,17826559.0,v1.16+,0.0,0.0,0.1015384615384615,True,0.15,4.797958999999999,0.999999999983938,4.0,actuator_motors,none,3233479,2838837,2.9,,A,,0.0,4.0,True,10.015022068728035,20.014562800218442,1.9999698129556356,64.3237,57.97338699999999,,True,0.0,0.0,,main
5eee4850-3de5-471e-a1d8-45458abf999e,ok,1610941952.0,,0.0,0.0,0.0,True,0.0,0.0,0.68,8.0,actuator_outputs,per_channel,32040541,15695688,8.0,not_px4_v96,,,,,False,9.923626601074899,198.29219381767558,1.9857810836074983,210.378353,205.03318499999992,True,True,0.0,0.0077972386830119506,vehicle_attitude,main
a2dda5f1-2a86-4a24-b3e4-652593b8c8f6,ok,17826047.0,v1.16+,0.0,0.0,0.0,True,0.0,0.0,0.0912391796708106,4.0,actuator_motors,none,5991322,4032178,4.1,,C,,0.0,4.0,True,10.007667625896229,20.00764410374997,2.0000012046339304,129.824753,124.49909399999996,,True,0.0,0.0,,main
09cf15e7-a810-4ba7-ac54-c4886bc36917,ok,67441920.0,,0.0,0.0,0.0009737098344693,True,0.0015337423312883,0.0618340000000046,0.656,6.0,actuator_outputs,bus,23943904,13440443,10.2,not_px4_v4,,,,,False,10.004460496760926,198.81605720814005,2.004891173482706,204.728202,198.01223099999996,True,True,0.0,0.0,,main
502b2e0b-5e63-47fa-9b48-a0527c991459,ok,17761535.0,v1.14-1.15,0.0,0.0,0.0,False,0.2374154770848985,6.398649000000006,0.99999994135905,4.0,actuator_motors,none,6658136,4859352,5.3,,B,,0.0,4.0,True,9.834110231643871,19.660511222263015,1.9639736472283096,138.743165,135.18102100000004,,True,0.0,0.01805758052372984,vehicle_local_position,main
c16dec48-f6b2-4584-9851-66597a1d9120,ok,17695488.0,v1.14-1.15,0.0324357405140758,0.0,0.0,True,0.0,0.0,0.0688926979899406,4.0,actuator_motors,none,28311552,16123685,10.2,,C,,0.0,4.0,True,10.00118374347044,20.001147635590122,1.9999940865500865,821.050688,227.98747299999985,,True,0.0,0.0,,main
fc265325-68a4-4bf4-b8e6-4fe9b92dcde9,ok,17760256.0,v1.14-1.15,0.0,0.0,0.0,False,0.0,0.0,0.1462141662836074,4.0,actuator_motors,none,82371883,42387381,16.3,,C,,0.0,4.0,True,10.000017167649897,20.00037120608955,1.9999970914185115,1799.451135,1798.9116750000007,,True,0.0,0.0,,main
8869d5f3-c41e-45c5-9bc9-1761e5f25c6d,ok,17694975.0,v1.14-1.15,0.0,0.0,0.0,True,0.001865671641791,0.1020639999999986,0.571309719234705,4.0,actuator_motors,none,12215788,7479854,4.3,,C,,0.0,4.0,True,9.935336679660358,19.87045474599184,1.984533864028758,324.316528,323.99208000000004,,True,0.0,0.006828112875036786,sensor_combined,main
ce606038-3488-41ee-b85c-1e1bc1f3e1fa,ok,17564928.0,v1.12-1.13,0.0,0.0,0.0,True,0.0,0.0,0.4011764705882353,4.0,actuator_outputs,global,31766842,15240146,9.3,,C,,,,False,24.334622813004426,204.12047724482971,1.9588528137767327,219.814003,170.962918,True,True,0.0,0.026636028067143023,sensor_combined,main
fb5ca22a-1c5f-4324-8c5f-db2587bf84f1,ok,17694720.0,v1.14-1.15,0.0,0.0,,True,0.0635001993279799,0.0660060000000015,0.972030040390632,4.0,actuator_motors,none,6649464,3631651,4.5,,B,,0.0,4.0,True,0.0,165.67280796170073,0.0,64.502786,61.45639299999999,,True,,0.0,,main
c973ccf7-4076-42f0-ab36-4a277fbff065,ok,17760511.0,v1.14-1.15,0.0,0.0,0.0,True,0.0,0.0,0.1382054716348648,4.0,actuator_motors,none,43987266,26538164,14.0,,B,,0.0,4.0,True,9.99803942082203,138.5258827343601,2.0010887754291904,448.236022,441.1538820000004,,True,0.0,0.0008459945589613197,sensor_combined,main
b1bbd34a-5164-4e03-9851-c949d91f1a8a,ok,17761023.0,v1.14-1.15,0.0,0.0,0.0,True,0.0,0.0,0.2385974287986754,4.0,actuator_motors,none,40828618,14727982,10.7,,C,,0.0,4.0,True,9.607066201126093,212.06442798141913,1.9255454436675343,81.343381,74.83470799999999,,True,0.0,0.03710843721599392,vehicle_attitude,main
a918d647-e19d-4480-8469-100e07802380,ok,17629696.0,v1.12-1.13,0.0169491525423728,0.2429378531073446,0.0,True,0.0011976047904191,0.1078340000000039,0.712,12.0,actuator_outputs,bus,3202738,1983944,2.3,,C,,,,False,10.01100711367183,20.009356529380288,1.999728379750933,87.817984,83.46290800000001,False,False,0.0,0.0,,main
ec6764ec-3c7f-430b-8548-cb31a48075cc,ok,17826047.0,v1.16+,0.0,0.0,0.0,True,0.0,0.0,0.2316314697492401,4.0,actuator_motors,none,9436634,6226543,2.7,,C,,0.0,4.0,True,10.00398225215003,20.003536040855984,2.0000698713626943,236.534718,232.1116989999999,,True,0.0,0.0,,main
f245f5ec-0df4-4bd4-b1ce-593e587c0b2f,ok,17760768.0,v1.14-1.15,0.345679012345679,0.0,0.0,True,0.3454545454545454,25.497391,0.8338033355772495,4.0,actuator_motors,none,2930501,2122728,3.3,,B,,0.0,4.0,True,10.01109223938351,20.01054600242208,1.9999702568525903,78.508849,77.01482,,True,0.0,0.0,,main
665c24e1-e6a5-487f-9002-45c9877cf48c,ok,17760384.0,v1.14-1.15,0.0,0.0,0.0,True,0.2606232294617563,1.599999999999998,0.4558966040611266,4.0,actuator_motors,none,13134715,6470750,5.0,,C,,0.0,4.0,True,125.0,250.0,100.01642575558475,60.804,35.40799999999999,,True,0.0,0.0,,main
707dd136-4813-4829-a062-11e1bf306c78,ok,17825856.0,v1.16+,0.9877398720682304,0.0,0.0,False,0.0078125,0.1477469999999989,0.241862915456295,4.0,actuator_motors,none,32571392,16252542,7.8,,B,,0.0,4.0,True,10.001109759911017,20.001059486388403,2.0000007270802858,944.210505,942.0194999999991,,True,0.0,0.0,,main
f1e2104f-630e-4f63-af1d-3e02443a55af,ok,17695488.0,v1.14-1.15,0.0,1.0,0.0,True,0.0126213592233009,0.102248000000003,0.2390571027994155,4.0,actuator_motors,none,8208260,4607604,3.4,,C,,0.0,4.0,True,10.004407006438045,19.99964363569352,2.0000020435856234,207.057095,205.96177399999993,,True,0.0,0.0003609608539075833,sensor_combined,main
6cb1f05a-90b3-4ae9-a9b3-e4b0499321f7,ok,17564416.0,v1.12-1.13,0.0,0.0379637618636755,0.0,True,0.0014255167498218,0.1037620000000032,0.782742857142857,12.0,actuator_outputs,bus,8390261,4826295,4.1,,C,,,,False,10.004734003679253,20.00443251367274,2.004425059426981,582.232616,140.3015220000001,False,False,0.0,0.0,,main
8e04bf67-5a58-49ba-a8e4-60e97a74053f,ok,17564416.0,v1.12-1.13,0.0,0.0,0.0,True,,,,8.0,actuator_outputs,bus,5655026,3635634,3.8,,C,ground_only_actuator_outputs,,,False,10.006559757246594,20.006555118247956,2.006811623766916,146.790804,0.0,True,True,0.0,0.0,,main
645dee94-514d-4660-9e53-87a311b01e64,ok,17826303.0,v1.16+,0.4227129337539432,0.1041009463722397,0.0,True,0.0,0.0,0.1352255821228026,4.0,actuator_motors,none,4646894,2912132,4.8,,B,,0.0,4.0,True,10.006091846555202,20.005893921411744,2.0000236925883583,156.655714,153.74396699999988,,True,0.0,0.0,,main
5ae9a069-7f62-451f-bffa-fbba9650b332,ok,17695488.0,v1.14-1.15,0.0,0.0,0.0,True,0.0,0.0,0.1599999908037923,4.0,actuator_motors,none,36521307,12105514,10.7,,A,,0.0,4.0,True,9.750076853546963,166.28256637895612,1.9409222097787542,68.388222,28.953241,,True,0.0,0.027496146236138608,vehicle_attitude,main
6026d509-315f-4279-a8fc-58035d16d04d,ok,17825984.0,v1.16+,0.0,0.0,0.0,True,0.0,0.0,0.0853138931095599,4.0,actuator_motors,none,23472821,9971000,8.2,,A,,0.0,4.0,True,9.384374080943363,190.70822667325544,1.8662427950945861,134.520902,128.205211,,True,0.0,0.06095869666802741,vehicle_attitude,main
d5934e2f-d86f-44d3-8289-63e8b5eca464,ok,17891392.0,v1.16+,0.0,0.0,0.0,True,0.0,0.0,0.2071571424603462,4.0,actuator_motors,none,130438528,44599749,34.5,,C,,0.0,4.0,True,9.926727538160172,200.4906429741569,1.9913146301617484,231.200703,225.3613219999998,,True,0.0,0.008165406481502676,vehicle_attitude,main
385b0b89-cc6c-489c-b252-c30e8d74c85d,ok,17629184.0,v1.12-1.13,0.0,0.0,0.0,True,0.0009132420091324,0.1987419999999815,0.2282104879617691,4.0,actuator_motors,none,7574249,5104475,4.8,,B,,0.0,4.0,True,9.977721832439233,19.95604769564896,1.9999577668962514,227.367595,219.48215900000014,,True,0.0,0.001956952034143819,sensor_combined,main
220cae11-04b5-415a-ba25-6138c815dbc6,ok,17761535.0,v1.14-1.15,0.3238610735227785,0.0,0.0,True,0.0,0.0,0.119043692946434,4.0,actuator_motors,none,46731213,28287939,7.8,,A,,0.0,4.0,True,10.000851126909197,20.000803783704402,1.9999912294951292,1114.198826,1109.5265319999994,,True,0.0,0.0,,main
3183dec6-9b5c-4efb-9599-f756b960d481,ok,17760767.0,v1.14-1.15,0.0,0.0,0.0,True,0.0,0.0,0.1109088361263274,4.0,actuator_motors,none,11823064,7578940,14.2,,B,,0.0,4.0,True,10.003732134536932,20.003289742578982,2.000017784990603,283.871396,278.70649899999995,,True,0.0,0.0,,main
6193f443-00b6-49d4-a2ff-f43679193256,ok,17761023.0,v1.14-1.15,0.0,0.0,0.0,True,0.0,0.0,0.1614223182201385,4.0,actuator_motors,none,29231721,16471998,17.7,,B,,0.0,4.0,True,9.913794171745062,198.19016836285505,1.9891303050567193,92.395717,89.07000899999997,,True,0.0,0.00894156862158711,vehicle_attitude,main
94bb1c74-163c-4d1c-b192-489e52501956,ok,17694975.0,v1.14-1.15,0.0006134969325153,0.0,0.0,True,0.0078431372549019,1.7013560000000325,0.3070122525095938,4.0,actuator_motors,none,29874632,18513447,17.4,,C,,0.0,4.0,True,10.001239114243514,20.001274713749492,1.9999885275383367,819.470426,815.9946399999998,,True,0.0,0.0,,main
7b763a41-c0e7-4523-b87e-963f57c45535,ok,17694720.0,v1.14-1.15,0.0,0.0615384615384615,0.0,False,0.0,0.0,0.2469721645116805,4.0,actuator_motors,none,19397238,3931724,14.4,,B,,0.0,4.0,True,10.010328019810732,20.010019661518793,98.96420983472349,95.408722,93.46845499999999,,True,0.0,0.0,,main
2bfedcce-3c29-4ae1-b5be-9f80e60679ba,ok,17760256.0,v1.14-1.15,0.0,0.0,0.0,True,0.0,0.0,0.1460673213005066,4.0,actuator_motors,none,5442684,3847587,3.2,,C,,0.0,4.0,True,10.00745988083389,20.007618260789926,2.0001267550208603,124.584667,119.15234899999993,,True,0.0,0.0,,main
e2cdd32f-d474-4238-b608-eafa817a8c62,ok,17694975.0,v1.14-1.15,0.0,0.0,0.0,True,0.0,0.0,0.0639606177806854,4.0,actuator_motors,none,2749710,2005426,2.7,,A,,0.0,4.0,True,10.013603380341447,20.014367262897473,2.0000646927399894,69.7921,62.543712,,True,0.0,0.0,,main
accdb259-c80d-49e0-a35b-a3212f7c9dc4,ok,17761280.0,v1.14-1.15,0.0,0.0,0.0,True,0.0,0.0,0.172196865081787,4.0,actuator_motors,none,7565746,5018501,4.1,,A,,0.0,4.0,True,10.005473444776783,20.00574770165097,1.9998806170972387,170.449706,164.70343200000002,,True,0.0,0.0,,main
7500c859-866b-4b32-89a5-9782acffcb64,ok,17760511.0,v1.14-1.15,0.0,0.0,0.0,True,0.0,0.0,0.2054398536682129,4.0,actuator_motors,none,3239757,2318552,3.0,,A,,0.0,4.0,True,10.013106297109669,20.012879065659305,2.0000224867393106,74.22679,65.34930100000001,,True,0.0,0.0,,main
e54fb11c-719b-4c24-b1e3-a847670719e4,ok,17171712.0,v1.12-1.13,0.0,0.0,0.0,True,0.0,0.0,0.0,4.0,actuator_outputs,global,12451842,7000815,9.5,,C,,,,False,9.852085456828085,31.74579919064773,0.0,335.11578,331.6132420000001,True,True,,0.0,,main
5901eeac-c677-4e25-aab5-374c7d690ae3,ok,17825984.0,v1.16+,0.0,0.0,0.0,True,0.0,0.0,0.1449155688285827,4.0,actuator_motors,none,5080875,3961564,6.4,,B,,0.0,4.0,True,10.009458136049837,20.009434042681914,2.0000013270150983,105.859024,102.379989,,True,0.0,0.0,,main
929e93d7-7eb7-4dc7-9583-7864084e5a48,ok,67108992.0,,0.0,0.0048999591670069,0.0,True,0.0010791337720187,0.1405799999999999,0.2447818964719772,4.0,actuator_motors,none,80152678,40531021,15.0,not_px4_v4,,,0.0,4.0,True,9.997558256703563,19.99353427328866,1.9991833666724053,1238.955004,1234.0478619999994,,True,0.0,8.756017252728263e-05,sensor_combined,main
3ed1c470-ba2f-4016-b7d0-43d9ee8f558b,ok,17629952.0,v1.12-1.13,0.0,0.0,0.0,True,0.0,0.0,0.645,6.0,actuator_outputs,per_channel,30041997,17957330,11.9,,A,,,,False,10.001271369747025,20.001289036089588,2.0000052881495756,796.963345,787.493345,True,True,0.0,0.0,,main
43e12474-98ca-42b3-9a6b-831697e1b08f,ok,17695488.0,v1.14-1.15,0.0510204081632653,0.0,0.1260504201680672,True,0.1444444444444444,1.4984380000000002,0.9999999709246252,4.0,actuator_motors,none,8714916,4669031,6.8,,C,,0.0,4.0,True,9.999981975860127,19.98387366743148,1.9947370393570378,190.547001,27.01289,,True,0.0,0.000906860851420406,sensor_combined,main
ceac31e6-b2c1-40a9-817d-057ee9b9d5b6,ok,17695743.0,v1.14-1.15,0.0,0.0,0.0756062767475035,True,0.0107444359171143,0.8033229999999918,0.7520026172323697,4.0,actuator_motors,none,4911941,3206223,3.7,,B,,0.0,4.0,True,9.999791938661662,19.999770473390218,1.9999988530472528,139.647172,130.33540600000003,,True,0.0,0.0,,main
c5312309-9a21-4066-84d0-7115521bbecc,ok,17630207.0,v1.12-1.13,0.0,0.0,0.0,True,0.0,0.0,0.1946617618203163,4.0,actuator_motors,none,60976273,20090652,25.0,,B,,0.0,4.0,True,9.633581936280601,214.27399032286283,1.9233364526632264,130.103997,125.92995099999999,,True,0.0,0.037508186732334706,vehicle_attitude,main
558d60f8-8a59-405b-835c-3ab1f032ce24,ok,17825984.0,v1.16+,0.0,0.0987868284228769,0.0,True,0.4192913385826771,5.0,1.0,4.0,actuator_motors,none,84000348,35134651,26.0,,A,,0.0,4.0,True,124.99825800967152,249.98954222848138,100.00418077678832,286.992,253.9680000000048,,True,0.0,0.0,,main
d616c83b-cf3c-4590-9fcd-fe96d71432f3,ok,17695488.0,v1.14-1.15,0.0184069611780455,0.0,0.0,True,0.0,0.0,0.2835901871323585,4.0,actuator_motors,none,166131071,85764321,35.7,,C,,0.0,4.0,True,10.00070028177974,146.40160800554753,2.0000046147811075,1503.376987,1494.668614000003,,True,0.0,0.0,,main
829e7c68-79d9-470a-899f-af61434757ce,ok,17695743.0,v1.14-1.15,0.0,0.0,0.0,True,0.0,0.0,0.316211661696434,4.0,actuator_motors,none,6659702,4126918,2.9,,C,,0.0,4.0,True,10.006247435684035,20.006293964940728,1.9999782347196249,145.034482,140.21183899999994,,True,0.0,0.0,,main
4fe154b2-6fe2-4dd3-9ce0-92039441607e,ok,17761280.0,v1.14-1.15,0.0,0.0198675496688741,0.0,True,0.0,0.0,0.1400408521294593,4.0,actuator_motors,none,8825376,5693121,2.8,,B,,0.0,4.0,True,10.003959036494065,20.003826174963912,1.999976558833306,222.421811,217.39240600000002,,True,0.0,0.0,,main
110ca988-9f0e-4079-9f13-bb441e92f50a,ok,17629952.0,v1.12-1.13,0.0,0.0,0.0,True,0.0,0.0,0.1316999999999998,6.0,actuator_outputs,per_channel,3635370,2396871,2.6,,B,,,,False,10.010356597166528,20.011034319747843,2.0001543775066852,93.201281,87.378112,True,True,0.0,0.0,,main
32487078-d595-4225-8955-5bcc94940644,ok,34430464.0,,0.0,0.047945205479452,0.0,True,0.8775510204081632,5.299747,1.0,4.0,actuator_motors,none,5480653,3053370,4.2,not_px4_v2,,,0.0,4.0,True,24.970916509799892,24.985318718546104,2.0001448761654332,67.125155,49.003781000000004,,True,0.0,0.0,,main
d742a257-9b52-4ae9-91fd-af73cad5b21f,ok,17826047.0,v1.16+,0.0,0.0,0.0,True,,,,4.0,actuator_motors,none,29997635,15073861,15.2,,B,ground_only_actuator_motors,0.0,4.0,True,10.003914971294634,197.9855287123245,1.9999706489744369,257.994879,0.0,,True,0.0,0.0,,main
223d04f4-c52c-4bca-b86b-e940478d4b03,ok,17630207.0,v1.12-1.13,0.0,0.0,0.0,True,0.0,0.0,0.3425499999999999,6.0,actuator_outputs,per_channel,5049205,3541383,13.7,,B,,,,False,10.00806325764297,20.007655683944506,1.9999167429618099,119.406871,114.935825,True,True,0.0,0.0,,main
62833756-e65c-42fc-b102-d52812de448b,ok,17629696.0,v1.12-1.13,0.0,0.0,0.0,False,0.0,0.0,0.171,6.0,actuator_outputs,per_channel,21717515,6435703,14.8,,C,,,,False,10.010739859063023,200.67471388207187,2.00008378372949,91.105873,89.00002700000002,False,False,0.0,0.0,,main
94cb0a05-f1fa-4a71-8897-e6b4186e802e,ok,17761535.0,v1.14-1.15,0.0,0.0,0.0,True,0.0,0.0,0.1478663653135297,4.0,actuator_motors,none,34203795,15785405,13.5,,B,,0.0,4.0,True,125.0,250.0,125.0,156.984,152.76000000000002,,True,0.0,0.0,,main
0ae539bf-9dd1-4393-a645-98ab97a865d4,ok,18350080.0,v1.16+,0.0711111111111111,0.0711111111111111,0.1816192560175054,False,0.2293144208037825,5.2990020000000015,0.9999999781799273,4.0,actuator_motors,none,3572784,2642388,3.3,,B,,0.0,4.0,True,10.010827627646925,20.01067367795545,1.9999095289545687,91.046886,84.22501099999998,,True,0.0,0.0,,main
eda10354-1ba1-4ed7-a70f-51a16b5b52ae,ok,17629184.0,v1.12-1.13,0.0,0.0,0.0,True,0.0,0.0,0.2969230769230769,6.0,actuator_outputs,bus,6994082,3852781,3.7,,B,,,,False,10.012854102662388,200.06919453127114,2.0135211866618192,74.194017,67.94653599999998,True,True,0.0,0.0,,main
dd152b77-5609-44e0-8e6a-90f703990876,ok,17761535.0,v1.14-1.15,0.0,0.0,0.0,True,0.2567049808429119,1.0007719999999978,1.0,4.0,actuator_motors,none,3782762,2888165,3.5,,B,,0.0,4.0,True,10.011289864836654,20.010151224839795,1.9999227229859837,87.583371,78.327693,,True,0.0,0.0,,main
b2adcdc1-1c9c-4213-bdd2-764bba6211d7,ok,17826303.0,v1.16+,0.0,0.0,0.0,True,0.0018796992481203,0.1989919999999969,0.2784847017377613,4.0,actuator_motors,none,3904753,2399152,2.5,,B,,0.0,4.0,True,10.009330190756138,20.008449308352116,2.0000449367894513,109.470755,106.44167200000005,,True,0.0,0.0,,main
063f5016-010d-4f4c-85d9-26b925622d1c,ok,17826559.0,v1.16+,0.0,0.2516129032258064,0.0,False,0.0227497527200791,1.1999999999999955,0.0654990673065185,4.0,actuator_motors,none,43397784,17835944,7.5,,C,,0.0,4.0,True,124.89076030825454,249.99336975547655,99.91790471650644,151.0,100.28,,True,0.0,0.000847457627118644,sensor_combined,main
25f3fc7e-d94b-4a5f-a889-567498cbb393,ok,17630207.0,v1.12-1.13,0.0,0.0,0.0,True,0.0,0.0,0.3259999999999999,6.0,actuator_outputs,per_channel,5094678,3557647,4.2,,C,,,,False,10.007988870706143,20.008285412194045,1.9999763951283838,116.90774,110.40762499999997,True,True,0.0,0.0,,main
64c179f1-2c15-4daf-b492-45fb649325af,ok,17760256.0,v1.14-1.15,0.0,0.298780487804878,0.0,True,0.0177850967476327,0.4399999999999977,0.0639229476451873,4.0,actuator_motors,none,23964945,9222964,8.0,,C,,0.0,4.0,True,125.00680050051683,250.0,125.00680050051683,73.344,48.704,,True,0.0,0.0,,main
dc614b3f-58a0-4dae-a8fc-59b8a26c7083,ok,17694975.0,v1.14-1.15,0.0,0.0,0.0,False,0.0,0.0,0.1332708597183227,4.0,actuator_motors,none,9275240,5712803,6.5,,C,,0.0,4.0,True,9.914298810848042,217.72173071958167,1.9877263944743282,81.424577,77.06093000000001,,True,0.0,0.009725944076706057,vehicle_attitude,main
16153a76-7dbb-4c6f-aac3-4c6519f7956f,ok,17694975.0,v1.14-1.15,0.0,0.0,0.0,True,0.0,0.0,0.360934482514858,4.0,actuator_motors,none,14058802,8702560,11.6,,B,,0.0,4.0,True,10.007996438535951,219.955345051411,1.999846127541757,121.448178,118.83075999999997,,True,0.0,0.0,,main
c4195b63-9cce-4c96-920b-be8d125bb68e,ok,17761535.0,v1.14-1.15,0.0,0.0,0.0,True,,,,,actuator_motors,none,73067719,37650971,14.7,,B,ground_only_actuator_motors,0.0,0.0,False,9.927094758435134,19.854795993470468,1.9845956162342693,1687.635352,0.0,,False,0.0,0.00739643994434183,sensor_combined,main
231ece71-6dd7-496b-80a5-73b82e7de600,ok,17629951.0,v1.12-1.13,0.0,0.0,0.0,True,0.0011953551912568,0.5984339999999999,0.5302857142857142,6.0,actuator_outputs,bus,21590822,12676337,5.9,,B,,,,False,10.001614434629117,20.001547332483053,1.9999736670133843,588.08933,585.5945800000001,False,False,0.0,0.0,,main
78d77df7-6edd-42c6-81d1-1fd45fed372c,ok,17695488.0,v1.14-1.15,0.3474576271186441,0.0,0.2746987951807229,False,0.4326683291770573,41.40097299999999,1.0,4.0,actuator_motors,none,7374190,4681866,3.9,,A,,0.0,4.0,True,10.006178286703022,20.006016172479534,2.000003175762618,165.665655,160.06358399999996,,True,0.0,0.0,,main
337ff0f7-47a5-40e2-bc5b-f34c07840954,ok,17891583.0,v1.16+,0.0,0.0,,True,0.0,0.0,0.0184996381402015,4.0,actuator_motors,none,14226481,4609938,6.2,,B,,0.0,4.0,True,239.06637290002752,249.927245212735,0.0,75.316,42.916,,True,,0.0,,main
6589ad78-37f6-455c-a2eb-1bfee71c18be,ok,17761024.0,v1.14-1.15,0.0,0.0,0.0,True,0.0,0.0,0.0852338537573814,4.0,actuator_motors,none,8489276,5087285,7.2,,A,,0.0,4.0,True,10.004549173336194,20.00477622653175,1.9999677332394743,217.0976,212.132795,,True,0.0,0.0,,main
e61406ba-a430-413e-bd5f-74bfed23b783,ok,17630207.0,v1.12-1.13,0.0,0.0,0.0,True,0.0,0.0,0.283,6.0,actuator_outputs,per_channel,20115700,10194669,10.1,,C,,,,False,9.892449103111565,196.9353307826691,1.9760078853579683,167.899881,160.82132000000007,True,True,0.0,0.011351612827541187,vehicle_attitude,main
6b776cc9-c250-4e0b-a00b-905285a97df4,ok,17825792.0,v1.16+,0.0,0.0471204188481675,0.0,False,0.0118056667200256,0.6818749999999909,0.0648804284632205,4.0,actuator_motors,none,10542040,6145492,8.4,,B,,0.0,4.0,True,10.011025881636346,160.975866742616,1.9999958288857043,93.86826,87.42159599999987,,True,0.0,0.0006091902829756129,vehicle_attitude,main
697f6dce-243c-4b83-937f-653e8f4f218d,ok,17826240.0,v1.16+,0.0671140939597315,0.0671140939597315,0.0,True,0.2185886402753872,2.4988790000000023,0.3124650716781616,4.0,actuator_motors,none,3026121,2234535,3.8,,B,,0.0,4.0,True,10.012898284089209,20.012242783820692,2.000079341078413,72.778887,58.07167499999999,,True,0.0,0.0,,main
20de7a24-7662-460b-b299-2080f92e1ab0,ok,17761535.0,v1.14-1.15,0.0,0.0,0.0,True,0.0,0.0,0.1640109717845916,4.0,actuator_motors,none,7066538,4521621,3.0,,B,,0.0,4.0,True,10.00542861671016,20.005489768618645,1.999986857229224,185.844193,179.82269100000013,,True,0.0,0.0,,main
c237126a-d4e1-400d-8152-01be4988660f,ok,17761280.0,v1.14-1.15,0.0145477545857052,0.0,0.0,True,0.0,0.0,0.1982588738203048,4.0,actuator_motors,none,85177434,51627717,22.7,,C,,0.0,4.0,True,9.978926956788566,198.30633171284688,2.000934858493211,791.329008,787.4721959999996,,True,0.0,0.0027181499583391624,vehicle_attitude,main
4f70558f-6b4a-4021-85ed-9079ca995090,ok,17761023.0,v1.14-1.15,0.0,0.0,0.0,True,0.0224824600297331,1.2310230000000004,0.3395014524459838,4.0,actuator_motors,none,81186645,28433815,19.1,,C,,0.0,4.0,True,9.993146389427316,197.4049932738841,2.0000884079482137,149.038787,145.67235800000006,,True,0.0,0.0,,main
a6c2aec1-d22b-4c8f-b01c-061275525daa,ok,17761535.0,v1.14-1.15,0.0,0.0,0.0,True,0.0,0.0,0.2530652433633804,4.0,actuator_motors,none,3026153,2295155,2.6,,C,,0.0,4.0,True,10.012612305325518,20.013827892033255,2.000069944475015,69.38778,63.588618,,True,0.0,0.0,,main
985554ed-158c-4d44-a608-c252a834b114,ok,17760767.0,v1.14-1.15,0.0,0.0,0.0,True,0.0034129692832764,0.1997590000000002,0.6641475312709468,4.0,actuator_motors,none,2649282,2120489,3.1,,B,,0.0,4.0,True,10.016294619724087,20.014876072132,1.9998846316553114,64.156626,58.56650600000001,,True,0.0,0.0,,main
300f07a5-997b-4bd5-a51b-649d689ddebc,ok,17760511.0,v1.14-1.15,0.0,0.0,0.0,True,0.1086691086691086,5.502409999999998,0.4665349334478378,4.0,actuator_motors,none,15879338,9800283,6.3,,B,,0.0,4.0,True,10.002586303142499,20.0023207359586,2.0000286678896027,411.274639,409.4357409999999,,True,0.0,0.0,,main
0d6ec2cd-8012-48ed-9163-b402942edc68,ok,17695488.0,v1.14-1.15,0.0,0.0,0.0,True,0.0,0.0,0.1682742536067962,4.0,actuator_motors,none,10795763,6684890,3.8,,A,,0.0,4.0,True,10.003189275797217,20.00305387113294,2.000001028571958,297.871817,292.090205,,True,0.0,0.0,,main
090cf749-4710-453b-a5d7-4e63aa98af12,ok,17761280.0,v1.14-1.15,0.0,0.058252427184466,0.0,True,0.0,0.0,0.1769109904766082,4.0,actuator_motors,none,27017818,12267878,15.1,,A,,0.0,4.0,True,6.987050764395172,141.85089204465308,1.3133092475402128,67.616432,56.57838500000001,,True,0.0,0.06356955048703763,vehicle_attitude,main
4ec43bb2-c5b2-4b9a-9557-d6006585c577,ok,17629184.0,v1.12-1.13,0.0,0.0,0.0,True,0.0248313299728576,0.7167589999999997,0.4297620892524718,4.0,actuator_motors,none,50421269,21368148,18.1,,B,,0.0,4.0,True,9.57242149844541,192.11297584347864,1.918738181953709,86.31498,84.20858000000004,,True,0.0,0.043937543219945766,vehicle_attitude,main
16d63e55-e29e-4d64-b6bd-fad7c5b3dd86,ok,17760384.0,v1.14-1.15,0.0,0.0421686746987951,0.0,False,0.9056603773584906,33.5,1.0,8.0,actuator_motors,none,155150338,75680955,29.0,,B,,0.0,8.0,False,124.99999999999999,214.73942690153422,100.0021794089443,642.152,36.416,,False,0.0,0.0,,main
3ed876b7-17b0-4acb-b373-d89a1e984623,ok,17629696.0,v1.12-1.13,0.0,0.0,0.0,True,0.0,0.0,0.169,6.0,actuator_outputs,per_channel,22842528,12839644,28.6,,B,,,,False,10.005402864326507,199.8151455912247,2.0000024106695724,187.530428,186.692383,False,False,0.0,0.0,,main
538cdcfa-6b4f-4988-9e91-d2230c491821,ok,17826240.0,v1.16+,0.0,0.0,0.2689189189189189,True,0.0596455351056578,6.4029370000000085,0.242581636458635,4.0,actuator_motors,none,25617373,8849409,9.1,,A,,0.0,4.0,True,10.00327625057504,20.003149557297622,2.000027037653648,295.822121,293.3762770000002,,True,0.0,0.0,,main
8eb7ae5c-099e-4580-bc76-fcd17ee8863f,ok,17629952.0,v1.12-1.13,0.0,0.0,,True,,,,4.0,actuator_outputs,per_channel,299736,241141,1.7,,C,ground_only_actuator_outputs,,,False,0.0,0.0,0.0,81.921991,0.0,True,True,,0.0,,main
0bab4375-9dae-4d33-af72-021c3b141fb2,ok,17629184.0,v1.12-1.13,0.0416666666666666,0.0958333333333333,0.0,True,0.0,0.0,0.5073999999999994,6.0,actuator_outputs,per_channel,4457071,3280036,3.2,,C,,,,False,9.930331532773888,19.852572352725765,1.9826466642956868,115.87493,109.47979899999997,False,False,0.0,0.008187963604053548,vehicle_attitude,main
40cc25d5-9f7a-4351-9dad-05363d8020b8,ok,17629952.0,v1.12-1.13,0.0,0.0,0.0,True,0.0,0.0,0.3132999999999999,6.0,actuator_outputs,per_channel,6331883,4246215,6.7,,A,,,,False,10.006283645188317,20.0063511618138,1.999968990171534,145.827901,141.4997219999999,True,True,0.0,0.0,,main
a4fd36d5-fa31-423b-9ed6-4ed7a11a3458,ok,17826047.0,v1.16+,0.0,0.0,0.0,True,0.8869524258125294,75.103365,1.0,4.0,actuator_motors,none,7476446,4555105,17.8,,B,,0.0,4.0,True,10.004668413957745,20.00450124377871,2.0000764658863672,216.061854,212.34295500000007,,True,0.0,0.0,,main
c3027625-f8cc-43a3-a963-08d6990b8741,ok,17629951.0,v1.12-1.13,0.0,0.0,0.0,True,0.4012868269556383,11.999402999999973,0.9988571428571428,6.0,actuator_outputs,bus,172259712,61533536,26.2,,C,,,,False,9.274938100895886,186.7786891688656,1.8485106111062326,323.930286,319.08769400000017,False,False,0.0,0.014205777202290803,vehicle_attitude,main
074bfccb-7d19-4710-b200-5ba1243e1feb,ok,17630207.0,v1.12-1.13,0.0,0.0,0.0,True,0.0,0.0,0.286,6.0,actuator_outputs,per_channel,14872281,7632587,5.4,,B,,,,False,10.008110848789784,199.58364747921394,2.0000019920338565,125.871756,119.13769700000006,True,True,0.0,0.0,,main
666b80d4-68ee-4ccd-b94d-620140a712d7,ok,17694975.0,v1.14-1.15,0.0,0.0,0.0,True,0.010978956999085,3.2996579999999653,0.3546228125691413,4.0,actuator_motors,none,17323133,10475219,7.0,,A,,0.0,4.0,True,10.002270375262043,20.00228072553992,2.000030597753172,442.455578,437.23205699999994,,True,0.0,0.0,,main
a2fc063c-1d42-4460-aafe-0d0bf72917c8,ok,17761535.0,v1.14-1.15,0.0,0.1006493506493506,0.0,True,0.0,0.0,0.2113759219646453,4.0,actuator_motors,none,6470591,4490424,3.7,,B,,0.0,4.0,True,9.973664259732914,19.940749968643846,1.9933994451960104,152.072824,147.26973299999992,,True,0.0,0.003620835981018144,vehicle_attitude,main
6b823f6b-2835-4bfa-ad42-c28b5690075d,ok,17761024.0,v1.14-1.15,0.0,0.0,0.0,True,0.0,0.0,0.2619129471480846,4.0,actuator_motors,none,11791209,6206900,7.3,,B,,0.0,4.0,True,9.848782429975474,196.44442199365335,1.9580190979295957,78.70589,74.03014099999997,,True,0.0,0.01893540888904082,vehicle_local_position,main
0992ed0a-6f17-4ac6-ad58-7558480c7a16,ok,17694975.0,v1.14-1.15,0.0,0.0,0.0,True,0.1164485981308411,2.673521000000008,0.4268170729279518,4.0,actuator_motors,none,17598934,11101703,8.8,,C,,0.0,4.0,True,10.006180851113763,200.11064903497265,1.999933596975996,153.703861,150.57656499999996,,True,0.0,0.0,,main
6c72770e-16e8-4c89-9039-a6522b547ead,ok,17825856.0,v1.16+,0.0,0.0,0.0,True,0.0,0.0,0.2990980848670005,4.0,actuator_motors,none,26269202,16436764,9.1,,A,,0.0,4.0,True,10.003817094613849,130.43768362988342,1.9999977363821755,284.866819,280.3801949999999,,True,0.0,0.0,,main
5c7cdeb3-267a-40b1-ac00-3eebc091ff79,ok,17761023.0,v1.14-1.15,0.0,0.0,0.0811287477954144,True,0.0,0.0,0.126671826839447,4.0,actuator_motors,none,96757277,29567097,34.6,,C,,0.0,4.0,True,9.135934879056183,179.21025980696896,1.783113424310779,124.62035,119.28455000000002,,True,0.0,0.08101904134803865,vehicle_attitude,main
739a2b13-6d0c-4509-9489-8a754db93443,ok,17695488.0,v1.14-1.15,0.0,0.0,0.0,True,0.0022935779816513,0.1019650000000003,0.1679092094302176,4.0,actuator_motors,none,3912580,2841358,2.6,,C,,0.0,4.0,True,10.010110739806633,20.00992302113978,2.000026574821191,94.300624,87.26728399999999,,True,0.0,0.0,,main
25191ea4-ddd5-4a71-987a-02cced99b18f,ok,17695488.0,v1.14-1.15,0.1240310077519379,0.0,0.0,True,0.0,0.0,0.3309049978852272,4.0,actuator_motors,none,5692383,3079970,3.8,,B,,0.0,4.0,True,10.007189005216278,20.00729852505914,1.999961239966871,128.074907,125.790525,,True,0.0,0.0,,main
4717e3ac-83a5-4046-9a7d-c05e87752772,ok,17826047.0,v1.16+,0.0,0.0,0.111578947368421,False,0.0646560299208212,2.502697000000005,0.3990563988685607,4.0,actuator_motors,none,12063874,7247952,5.5,,A,,0.0,4.0,True,10.011110958883025,167.8497352677316,2.0000188937955072,94.495576,88.23568900000002,,True,0.0,0.0,,main
15a7c9aa-b601-4d1a-8cb1-4a78e4e9a5f8,ok,17564416.0,v1.12-1.13,0.0,0.140625,0.0,True,0.0,0.0,0.262235294117647,6.0,actuator_outputs,bus,2906213,2012675,2.8,,B,,,,False,10.010061723204787,20.009729198096018,2.01037053285121,95.872858,50.210532999999984,False,False,0.0,0.0,,main
80ec0919-7710-4ef3-ad95-8b77a237dad3,ok,17630207.0,v1.12-1.13,0.0,0.0,0.0,True,0.0,0.0,0.4649999999999999,6.0,actuator_outputs,per_channel,6013356,3133656,3.7,,C,,,,False,6.1792159060780145,137.05452178839448,1.1778805516731166,82.322982,80.49624099999998,False,False,0.0,0.38910758713521215,vehicle_attitude,main
446b9884-ae01-421e-93cb-afc67aba7c82,ok,17826559.0,v1.16+,0.0064935064935064,0.0822510822510822,0.0811059907834101,True,0.0,0.0,0.1406886734068393,4.0,actuator_motors,none,9722288,6111620,4.2,,C,,0.0,4.0,True,9.935705035314946,19.866496866154044,1.981622725102284,218.514978,215.90786099999988,,True,0.0,0.007334595182716309,vehicle_attitude,main
ec3c19f6-8ce0-4fd7-b7c5-dd31530f2e0e,ok,17826240.0,v1.16+,0.0,0.0,0.0,True,0.0,0.0,0.1503865838050842,4.0,actuator_motors,none,6517386,4664166,4.7,,B,,0.0,4.0,True,10.007406591166655,20.006662670169877,2.0000014721200428,134.708549,123.42001699999999,,True,0.0,0.0,,main
ac828042-b912-4b71-8df1-deca7486fdeb,ok,17694720.0,v1.14-1.15,0.0,0.1256830601092896,0.0002632425633975,True,0.0022758306781975,0.200000000000017,0.0659819126129149,4.0,actuator_motors,none,54805513,21550842,10.4,,B,,0.0,4.0,True,124.99999999999999,246.98658092553444,124.99999999999999,273.168,219.66400000000002,,True,0.0,0.0,,main
7b60cb84-da4e-4b2c-bf00-7d5ee0b2f805,ok,17760256.0,v1.14-1.15,0.0,0.0,0.0,True,0.0,0.0,0.1742491722106933,4.0,actuator_motors,none,2833117,1932933,2.8,,C,,0.0,4.0,True,10.013106365724337,20.013013725504138,1.9999933775053726,75.960398,69.70063299999998,,True,0.0,0.0,,main
0b1a6841-b0b0-4513-bfd6-1af17a565ee6,ok,17826047.0,v1.16+,0.0,0.0,0.0,False,0.0,0.0,0.0754661008715629,4.0,actuator_motors,none,4794474,1941995,2.8,,A,,0.0,4.0,True,8.100655360822328,16.21824503941849,1.5073760011980206,66.849858,63.21143299999999,,True,0.0,0.1918132133831815,sensor_combined,main
152e6aea-4366-41fa-bbff-280fcf5688d0,ok,17760512.0,v1.14-1.15,0.0,1.0,0.0,True,0.0,0.0,0.1218797504901886,4.0,actuator_motors,none,6307499,3698852,4.6,,C,,0.0,4.0,True,10.005053271690208,20.00502017037513,2.000012051619012,194.238009,192.49015200000002,,True,0.0,0.0,,main
faf003b2-d5f9-4386-80ad-16e491595ccc,ok,17761535.0,v1.14-1.15,0.0,0.0,0.0,True,0.0029425079221367,0.205251000000004,0.3754375681281088,4.0,actuator_motors,none,18825615,11916597,7.3,,C,,0.0,4.0,True,10.002060277589786,20.002115882187184,2.000029176372172,449.15069,441.8084319999998,,True,0.0,0.0,,main
2e950cc8-b9e7-4a7a-8ad2-8578fb5b07f7,ok,403308799.0,,0.0,0.0,0.0,True,,,,8.0,actuator_outputs,none,27555840,13671302,8.3,not_px4_v24,,no_pwm_params,,,False,9.995724639874567,9.995725189242416,4.999939229573488,717.748144,275.938691,False,False,0.0,0.0006612302549399516,sensor_combined,main
c9c21d9a-c0f0-44ec-85af-98d41cd4862e,ok,17695999.0,v1.14-1.15,0.0,0.1320754716981132,0.0,True,0.0,0.0,0.0715165138244628,4.0,actuator_motors,none,8687158,5488627,5.4,,C,,0.0,4.0,True,9.9110628012482,197.68204479552057,1.9744308921279934,79.287504,74.33529300000001,,True,0.0,0.011442658249359836,vehicle_attitude,main
8ca6f2c5-4424-4433-9669-5b44ea4059af,ok,17826047.0,v1.16+,0.0,0.0,0.0,True,0.0,0.0,0.266654747724533,4.0,actuator_motors,none,5870109,4082764,4.6,,C,,0.0,4.0,True,10.006967776277783,20.00721116948424,2.0000650727491327,134.913324,127.71196099999997,,True,0.0,0.0,,main
cdfac74e-bc29-4ca0-ae91-fa20c4973386,ok,17891392.0,v1.16+,0.0,0.0919540229885057,0.0,True,0.8719211822660099,2.4000000000000057,1.0,4.0,actuator_motors,none,20366513,10172509,9.8,,B,,0.0,4.0,True,125.0,250.00000000000003,100.01163331782224,85.488,81.224,,True,0.0,0.0,,main
b75b93a6-bc35-4da9-a8fb-5ff95f074adc,ok,17694720.0,v1.14-1.15,0.0,0.0,0.0,True,0.0,0.0,0.1148314855992793,4.0,actuator_motors,none,3290658,2342068,7.8,,A,,0.0,4.0,True,10.012922648080291,20.01216420783959,1.999927252646185,80.009992,74.22550699999998,,True,0.0,0.0,,main
d88bf54b-27cd-4b7b-bde2-f46a947f83ca,ok,67441920.0,,0.0,0.0,0.0,True,0.0,0.0,0.3946666666666666,6.0,actuator_outputs,bus,17215242,9366009,8.4,not_px4_v4,,,,,False,10.006623396709793,199.57151814214672,2.006687996779025,149.461346,142.64075699999998,True,True,0.0,0.0,,main
556929a8-8f00-44df-a157-23a0a80f0e00,ok,17564416.0,v1.12-1.13,0.061865189289012,0.0,0.0,True,,,,6.0,actuator_outputs,none,57815424,28147927,18.4,,B,no_pwm_params,,,False,9.99999883530496,200.22059723066832,2.0017973079753304,549.705251,508.7501100000002,False,False,0.0,0.0,,main
1bb24cc3-bf59-41ce-abe0-025ffba51e42,ok,17694720.0,v1.14-1.15,0.0435525192143467,0.0,0.0145074224021592,True,0.0482917874772162,17.723036999999977,0.4806155025959002,4.0,actuator_motors,none,136196401,45466784,25.5,,C,,0.0,4.0,True,10.002057317683315,158.4011828584781,97.63528131928246,592.444511,588.0040140000002,,True,0.0,0.0,,main
8f3755ce-89fc-423b-9b50-02a0ab809d07,ok,17761280.0,v1.14-1.15,0.0,0.0,0.0,True,0.0,0.0,0.159423117339611,4.0,actuator_motors,none,5377182,3858833,4.5,,C,,0.0,4.0,True,10.007390306113939,20.007396261465967,2.0000569234307917,121.862069,116.35147000000003,,True,0.0,0.0,,main
a765097f-4f30-42f9-b676-7d7807c39654,ok,17695743.0,v1.14-1.15,0.0,0.0,0.0,True,0.0,0.0,0.3161294311285019,4.0,actuator_motors,none,2798424,2312728,3.0,,A,,0.0,4.0,True,10.015106194038045,20.015114279208188,2.000073834786756,65.980512,64.62971,,True,0.0,0.0,,main
610d33b9-9aba-4b04-8230-21fe50c05d81,ok,17170944.0,v1.12-1.13,0.0,0.0,0.0,True,0.0,0.0,0.4355263949701454,4.0,actuator_motors,none,3969915,2918128,3.7,,B,,0.0,4.0,True,10.012245390821363,20.01135327362991,2.0001161734144057,84.241723,80.51214299999997,,True,0.0,0.0,,main
1df7eae0-a4f9-407e-92bc-9b87b6aee6fe,ok,17695999.0,v1.14-1.15,0.0,0.0,0.0,True,0.0925644916540212,0.2027219999999943,0.9327242508530617,4.0,actuator_motors,none,3554242,2442115,6.0,,A,,0.0,4.0,True,9.999591995257093,19.97242521951019,2.0000932205610504,74.490493,65.95182999999999,,True,0.0,0.0021410662277220236,sensor_combined,main
3f7a7c17-e615-4c36-843f-cde2547a719b,ok,17826047.0,v1.16+,0.0,0.0043196544276457,0.0065132435953104,False,0.0298824297844546,4.66575499999999,0.2366257086396213,4.0,actuator_motors,none,57833012,32481240,19.2,,C,,0.0,4.0,True,10.00202585025428,183.62656846079975,2.0000262941432925,460.18385,215.11352500000007,,True,0.0,0.0,,main
061311ff-682e-4555-8ca3-ea0f1b974e5b,ok,17170944.0,v1.12-1.13,0.0,0.0,0.0,True,0.0,0.0,0.2340843640267849,4.0,actuator_motors,none,60093803,23277929,18.8,,B,,0.0,4.0,True,9.507606689648755,190.04522367313024,1.9185525397106213,111.515627,106.33974199999993,,True,0.0,0.046600343936288396,vehicle_attitude,main
b7d06140-fcc1-4eca-b9ca-a4b72847e5d2,ok,17760768.0,v1.14-1.15,0.0,0.0,0.0,True,0.0002208006863747,0.0112509999999588,0.3411830604076385,4.0,actuator_motors,none,63257082,38786693,17.1,,A,,0.0,4.0,True,10.001778396213073,199.9946641774933,2.0000000711743797,562.064038,557.6900389999997,,True,0.0,0.0,,main
f8947eaa-4401-4ae1-ac1b-534f66117288,ok,17760512.0,v1.14-1.15,0.0,0.0,0.1173076923076923,True,0.0009803921568627,0.1014029999999905,0.1511521279811859,4.0,actuator_motors,none,3972110,2542833,2.4,,B,,0.0,4.0,True,10.009544940050636,20.00964299008953,1.999990252474692,103.45873,102.08733899999996,,True,0.0,0.0,,main
dac709fb-6944-4960-8ced-28352eaf2b19,ok,17761535.0,v1.14-1.15,0.0,0.0,0.0,True,0.0,0.0,0.2219081133604049,4.0,actuator_motors,none,3323603,2493294,1.1,,A,,0.0,4.0,True,10.012092123665635,20.0125291109855,2.0000837420683117,77.107875,74.77045899999999,,True,0.0,0.0,,main
75f92e69-00d7-4671-a856-084d671cec7e,ok,17695743.0,v1.14-1.15,0.0,0.0,0.0,True,0.0,0.0,0.1100930035114288,4.0,actuator_motors,none,9892401,6162338,3.9,,C,,0.0,4.0,True,10.003885252206617,20.003618871449408,2.0000232372642017,259.705617,255.84632600000026,,True,0.0,0.0,,main
1893c537-c223-4a4e-bdbc-19f5835e87d8,ok,17694720.0,v1.14-1.15,0.0,0.0,0.0,True,0.0,0.0,0.2333583757281304,4.0,actuator_motors,none,5796563,3119192,3.4,,C,,0.0,4.0,True,10.008632424350743,20.00803902569279,1.999970983471833,118.486702,116.28537100000003,,True,0.0,0.0,,main
c8b6a38d-89bd-4b9c-9ccc-ec9e2b8003a1,ok,17761535.0,v1.14-1.15,0.0,0.0,0.0,True,0.0,0.0,0.197017267346382,4.0,actuator_motors,none,19506655,12517105,5.6,,C,,0.0,4.0,True,9.749186899819088,194.75196215490234,1.9452011200698187,183.221507,178.27998100000016,,True,0.0,0.026076909520481497,vehicle_attitude,main
e3e6447d-2834-4603-a1e9-e7a8daecd425,ok,17433087.0,v1.12-1.13,0.0,0.0,0.0,True,,,,6.0,actuator_outputs,none,12763842,7138383,4.0,,A,no_pwm_params,,,False,9.850398919972605,19.07535145443032,0.0,357.8508,353.88000599999936,False,False,,0.0,,main
1b97d8a1-838d-4d21-abb4-b8ba76726ee7,ok,17826047.0,v1.16+,0.0,0.0,0.0,False,0.0,0.0,0.3120584726333618,4.0,actuator_motors,none,2790040,1893947,3.1,,A,,0.0,4.0,True,10.015055706677174,20.014487301487456,1.9997179610384401,63.897363,61.378518000000014,,True,0.0,0.0,,main
9c36e574-dd65-4ae2-a6bb-ff0aab3bf872,ok,17761023.0,v1.14-1.15,0.0,0.0,0.0,True,0.0,0.0,0.1783741824328899,4.0,actuator_motors,none,5448757,3679575,3.2,,A,,0.0,4.0,True,7.954490027928369,16.072230935131312,1.5363509223358638,213.599188,209.37009200000008,,True,0.0,0.20809340792185776,sensor_combined,main
0e8e8022-89af-4abe-8384-8e882db36998,ok,17826047.0,v1.16+,0.0,0.0,0.0,True,0.0,0.0,0.2489484697580337,4.0,actuator_motors,none,17898925,11664905,5.5,,B,,0.0,4.0,True,10.002418225531311,20.002602330698505,1.9999868189845078,381.393155,375.09291100000024,,True,0.0,0.0,,main
0dc92fc0-641b-4849-8108-db35fb88a3e7,ok,17694975.0,v1.14-1.15,0.7053726169844021,0.0,0.0350997935306262,True,0.0253571428571428,0.6015299999999968,0.2201407015323638,4.0,actuator_motors,none,10385317,6404045,5.0,,A,,0.0,4.0,True,10.003350054417501,20.003260390211697,2.00000735754002,290.360837,280.00585200000006,,True,0.0,0.0,,main
bd60119c-466b-455d-91d2-edf1f998a9d2,ok,17367552.0,v1.12-1.13,0.0,0.0,0.0,True,0.0,0.0,0.0909999999999999,6.0,actuator_outputs,global,12230499,6523267,6.0,,B,,,,False,9.8121531590165,31.60752519908394,0.0,321.174966,316.6153660000002,True,True,,0.003626466738202755,sensor_combined,main
1316d1ea-a3a8-4b2d-9c91-f082a4af6b15,ok,17629952.0,v1.12-1.13,0.0,0.0,0.0,True,0.0,0.0,0.252,6.0,actuator_outputs,per_channel,8636285,4733569,5.9,,B,,,,False,100.00427217387225,100.00916435839615,10.010673299959816,92.185965,87.90956000000004,False,False,0.0,0.0,,main
2697d527-e8f7-4dd2-a016-facf9130377c,ok,0.0,,0.0,0.0444964871194379,0.0,True,0.0,0.0,0.4857142857142857,6.0,actuator_outputs,global,7414266,3895573,4.3,not_px4_v0,,,,,False,9.835598716875598,31.55713946310446,0.0,193.522378,165.03365700000003,False,False,,0.00023143652059409465,sensor_combined,main
c3e5175f-4346-4abc-b93e-fbeb542da3ed,ok,17761535.0,v1.14-1.15,0.0,0.0,0.0,True,0.0,0.0,0.2922322854399681,4.0,actuator_motors,none,3433211,2667391,3.4,,C,,0.0,4.0,True,9.888770980402793,19.752960507383513,1.9627358938357646,80.700127,72.96000399999998,,True,0.0,0.013597505092747958,vehicle_local_position,main
31a40df8-08d9-48b5-b11c-6661a7e5a445,ok,17760768.0,v1.14-1.15,0.0,0.0869565217391304,0.0,True,0.0680977054034048,0.9039999999999964,0.310001790523529,4.0,actuator_motors,none,36370760,16975427,14.7,,B,,0.0,4.0,True,123.44448090466214,243.4272539678496,123.44448090466214,158.328,135.1240000000001,,True,0.0,0.0,,main
6161f14a-a0cc-467c-8966-9d436e925841,ok,17762304.0,v1.14-1.15,0.0,0.0,0.0047704233750745,False,0.0003007518796992,0.0987979999999879,0.0825551450252532,4.0,actuator_motors,none,15983128,9658799,7.7,,C,,0.0,4.0,True,10.002936542265827,20.00283829621965,2.0000268703161592,334.849856,331.751135,,True,0.0,0.0,,main
2a0f72b1-c4e1-4f52-81f3-cd8e103302cf,ok,17761535.0,v1.14-1.15,0.0,0.0,0.0,True,0.0262282708682218,1.7680409999999966,0.7110254615757018,4.0,actuator_motors,none,37092621,13050982,16.5,,B,,0.0,4.0,True,9.581744960068496,212.56402168560615,1.8734334293320063,71.231947,66.80567300000001,,True,0.0,0.041570853145410806,vehicle_attitude,main
4e4bf1e5-3454-4713-9ec0-c68c578addcd,ok,17694720.0,v1.14-1.15,0.0,0.0,0.0,True,0.0,0.0,0.2063946425914764,4.0,actuator_motors,none,130516935,74345519,28.0,,C,,0.0,4.0,True,10.000844899247626,199.2915947613833,1.9999986895714108,1222.957589,1213.7161400000005,,True,0.0,4.707387005114169e-05,vehicle_attitude,main
8f568acf-799c-477a-aba4-6f1e9eb4b25c,ok,17761535.0,v1.14-1.15,0.0,0.0,0.0,True,0.0,0.0,0.1600000113248825,4.0,actuator_motors,none,3737858,2395846,2.9,,B,,0.0,4.0,True,10.009608126256454,20.011292556704287,1.9999806631703838,90.754542,87.659722,,True,0.0,0.0,,main
a04c4897-a6de-4814-bbc4-b5f32eb58d1b,ok,17629184.0,v1.12-1.13,0.0,0.0,0.0,True,0.0,0.0,0.3753846153846153,6.0,actuator_outputs,bus,11557622,6103480,5.1,,B,,,,False,10.003277605187737,20.003033895590786,2.0032479520346183,309.729026,298.8892259999999,True,True,0.0,0.0,,main
4c19bd82-caf1-4e2a-996e-4e74244509bf,ok,17695488.0,v1.14-1.15,0.0,0.0,0.0,True,0.0001689189189189,0.0105120000000056,0.3929739356040954,4.0,actuator_motors,none,12177983,7019753,8.7,,B,,0.0,4.0,True,10.009559406250295,170.9567460043477,1.9999902326058407,108.217647,103.601057,,True,0.0,0.0,,main
57d2b3af-5aec-401b-9934-89c7bf132a54,ok,17826047.0,v1.16+,0.0,0.0,0.0,True,0.0174361835681406,1.5012540000000172,0.4441214680671691,4.0,actuator_motors,none,34310251,22494693,12.4,,B,,0.0,4.0,True,9.99999563409754,19.999858804960496,1.9999970374523772,721.160718,716.9395890000002,,True,0.0,0.00013165692683593928,sensor_combined,main
2730b9af-7a04-48bb-8f2e-c16ea782ff4e,ok,17956928.0,v1.16+,0.0,0.0,0.0,True,0.0262919310970081,1.0999999999999943,0.1267279535531997,4.0,actuator_motors,none,83460641,41227836,16.6,,C,,0.0,4.0,True,125.0,249.99448646979687,100.00110236567674,362.64,220.56800000000004,,True,0.0,0.0,,main
ebb3b6fe-f9fa-432c-abab-7cc6ab06ebaa,ok,17826240.0,v1.16+,0.0,0.0,0.0,True,0.0,0.0,0.1887194141745567,4.0,actuator_motors,none,3940901,2758200,2.7,,C,,0.0,4.0,True,10.010538094520463,20.01033379362799,1.9999476787881454,93.220092,89.10675200000004,,True,0.0,0.0,,main
23ee80e3-dc26-4144-bebf-fc9760bfd8a9,ok,17825984.0,v1.16+,0.0,0.0,0.0,True,0.0,0.0,0.0926497429609298,4.0,actuator_motors,none,3209509,2447701,3.2,,C,,0.0,4.0,True,10.013798049210017,20.013800586405775,1.9999602865028823,70.085576,68.273559,,True,0.0,0.0,,main
0647acaf-7f28-451b-b460-058c13ae918c,ok,17826240.0,v1.16+,0.1563421828908554,0.0619469026548672,0.0,True,0.0169082125603864,0.500402,0.2395426109433174,4.0,actuator_motors,none,7836866,5371835,4.4,,B,,0.0,4.0,True,10.005893715444586,20.005350866065676,2.000011223943585,167.692754,165.60274900000007,,True,0.0,0.0,,main
82416bc5-ec85-4d88-b20b-b8c864c9726a,ok,17695488.0,v1.14-1.15,0.0032537960954446,0.0,0.0,True,0.0213978494623655,14.70013999999992,0.0975344866514205,4.0,actuator_motors,none,34205645,20517245,17.9,,C,,0.0,4.0,True,9.980675088101576,19.96028004003728,1.9967861057026184,932.42502,931.9036000000003,,True,0.0,0.002085298485516593,sensor_combined,main
513e299c-6b6b-4666-a54c-89f10b5a9533,ok,17629184.0,v1.12-1.13,0.0,0.0,0.0,True,0.000780031201248,0.0974250000000012,0.1384605184197426,4.0,actuator_motors,none,3993599,2616853,2.3,,B,,0.0,4.0,True,9.984554602809565,19.961304333850226,1.9922284177166873,129.866547,128.37191700000002,,True,0.0,0.001846548501964902,sensor_combined,main
b05a3129-b0b9-4fe1-b546-170d2ec2ba3f,ok,17891583.0,v1.16+,0.0,0.0,0.0,True,0.0,0.0,0.3701486855745315,4.0,actuator_motors,none,3080311,2658353,3.3,,C,,0.0,4.0,True,10.015929018908773,20.014154999085722,1.9996549305144906,62.030881,56.22260399999999,,True,0.0,0.0,,main
dca005d8-feac-47b7-bbd1-63092be49fc0,ok,17760767.0,v1.14-1.15,0.0,0.1208791208791208,0.0,True,0.0,0.0,0.1712289154529571,4.0,actuator_motors,none,27101005,16961049,6.3,,B,,0.0,4.0,True,10.004295680414863,278.4046514875176,1.9999953155665275,225.442833,220.8080249999999,,True,0.0,0.0,,main
b836a0da-9fc3-4f64-a1d7-91c605889136,ok,17695488.0,v1.14-1.15,0.2209944751381215,0.0,0.0,True,0.0,0.0,0.0303185388445854,4.0,actuator_motors,none,6246966,3911277,4.0,,B,,0.0,4.0,True,10.005921309266624,20.005971995470137,2.0000047528202836,178.877931,167.254452,,True,0.0,0.0,,main
87f8bee5-123e-4f02-ada5-7819fcc54897,ok,17760256.0,v1.14-1.15,0.0,0.0,0.0,True,,,,4.0,actuator_motors,none,8550081,4209005,4.7,,B,ground_only_actuator_motors,0.0,4.0,True,10.004512097040504,20.00428290454484,2.000000888889284,225.307187,0.0,,True,0.0,0.0,,main
284178e7-c335-4a41-bff4-448dbac9371b,ok,17760767.0,v1.14-1.15,0.0,0.0,0.0,True,0.0675862068965517,4.898830000000004,0.9999999866560167,4.0,actuator_motors,none,2954190,2150838,4.1,,A,,0.0,4.0,True,10.012660552979833,20.012640225208912,1.9999296648112688,77.515977,72.51911100000001,,True,0.0,0.0,,main
e10558d7-e28c-44c2-a224-86c65ec6754d,ok,17891583.0,v1.16+,0.0,0.0,0.0,True,0.0,0.0,0.206812660396099,4.0,actuator_motors,none,2986213,2607414,3.1,,A,,0.0,4.0,True,10.016202059100625,20.01459458393383,1.9999997377049523,61.43803,54.220045999999975,,True,0.0,0.0,,main
0bd113a3-4aea-4aa9-a0d9-cdad2878f165,ok,17825984.0,v1.16+,0.0,0.0,0.0,True,0.0,0.0,0.1445189654827115,4.0,actuator_motors,none,3601705,2623454,3.0,,A,,0.0,4.0,True,9.97905212839144,19.969482888410408,1.999936185709666,98.295594,95.87298000000004,,True,0.0,0.002149562407169519,sensor_combined,main
abc98374-f117-46f6-9173-8d841684a8e7,ok,17695744.0,v1.14-1.15,0.0,0.0,0.0,True,0.0,0.0,0.2401673018932342,4.0,actuator_motors,none,50650518,27570030,15.7,,A,,0.0,4.0,True,9.999999462031893,197.6395492909674,2.0000000952380996,483.279948,38.320247,,True,0.0,0.0,,main
12fcc46b-ab5e-42f9-92e2-85c3c66b9b1b,ok,17826047.0,v1.16+,0.0,0.0,0.0,True,0.0,0.0,0.1665716171264648,4.0,actuator_motors,none,30043715,12422777,13.1,,C,,0.0,4.0,True,125.0,250.0,100.01388117712382,100.372,96.072,,True,0.0,0.0,,main
7bd7313b-330a-4c5e-8116-9b75ff174490,ok,67441920.0,,0.0,0.0,0.0034423407917383,True,0.001620016200162,0.0804359999999917,0.6653333333333333,6.0,actuator_outputs,bus,26981552,15173543,8.2,not_px4_v4,,,,,False,10.004538120561865,198.84076352008915,2.004355935285649,231.918262,224.92888900000017,True,True,0.0,0.0,,main
1614a17a-b083-4876-93fe-4d1e44538db6,ok,17891392.0,v1.16+,0.0,0.0,0.0,False,0.5152517511824223,14.791071000000002,0.4539772361516951,4.0,actuator_motors,none,167485862,66814662,34.3,,C,,0.0,4.0,True,9.711545315408893,191.73091865250788,1.9432108780172213,176.611338,176.62590400000002,,True,0.0,0.016973904761673094,sensor_combined,main
c886dfb9-4bf3-466f-99d1-2b0009ccb829,ok,17564416.0,v1.12-1.13,0.0,0.0,0.0,True,0.0050556117290192,0.3986789999999871,0.3669473684210525,6.0,actuator_outputs,bus,3503982,2315104,3.6,,C,,,,False,10.0090975477672,20.00971797501927,2.0096247367245264,102.454893,98.92280600000002,True,True,0.0,0.0,,main
8876477b-1b4e-429a-8bcf-01d8f8188941,ok,17694720.0,v1.14-1.15,0.0,0.0,0.0,True,0.0,0.0,0.3154168650507926,4.0,actuator_motors,none,12882472,8243045,5.2,,C,,0.0,4.0,True,9.947231026027044,19.897546295379428,1.9906193679662827,322.070426,316.00548400000025,,True,0.0,0.005580046274881134,vehicle_attitude,main
56ad4dc6-9cc6-44f7-92af-4c1e2ddcb8ac,ok,17891583.0,v1.16+,0.0,0.0,0.0,True,0.3333333333333333,2.498095,0.999999971678092,4.0,actuator_motors,none,3304505,2625265,3.5,,A,,0.0,4.0,True,10.013118370829805,20.0118954919835,1.9998497066591314,75.814791,69.22582899999998,,True,0.0,0.0,,main
ee43a251-3fac-49cb-8b8a-669af0b536a8,ok,17825984.0,v1.16+,0.0,0.0,0.0,True,,,,4.0,actuator_motors,none,8238447,5131311,4.3,,B,ground_only_actuator_motors,0.0,4.0,True,10.005326796464358,20.005031934113756,2.002075429393048,192.946989,0.0,,True,0.0,0.0,,main
0c007e7f-c8e1-47f4-b169-29111e62cf3c,ok,17761023.0,v1.14-1.15,0.0,0.0,0.0,True,0.0,0.0,0.3504871860146522,4.0,actuator_motors,none,4314476,3198509,2.9,,C,,0.0,4.0,True,10.009360950663133,20.009632011421555,1.9999605751361498,97.660624,91.440342,,True,0.0,0.0,,main
66a167e9-0c7e-4a24-9fa3-8e4bbf18ea44,ok,17630207.0,v1.12-1.13,0.0,0.0,0.0,True,0.0,0.0,0.2189999999999999,6.0,actuator_outputs,per_channel,6412816,4250598,9.5,,C,,,,False,10.005954417306274,20.00566989656875,1.999941431182288,159.929442,154.63304900000006,True,True,0.0,0.0,,main
d4d855ab-6d4a-4859-9727-67722c1ce28b,ok,17825920.0,v1.16+,0.0,0.1448275862068965,0.0,True,0.0,0.0,0.3581787556409835,4.0,actuator_motors,none,8858156,5884391,10.2,,C,,0.0,4.0,True,9.583374910987992,177.740033396052,1.915897658676567,71.859678,67.53777799999997,,True,0.0,0.044258543630160116,vehicle_attitude,main
e019dd2d-f732-46ff-9a34-03950026b3d9,ok,17695743.0,v1.14-1.15,0.6556776556776557,0.0,0.0,True,0.2697264358874627,1.084626,0.4250421524047847,4.0,actuator_motors,none,14164930,8200455,10.2,,C,,0.0,4.0,True,9.993136428592754,137.7559170174993,1.999934342896239,136.125232,135.213841,,True,0.0,0.0017633874357829511,vehicle_attitude,main
80fc6b04-89b5-46a8-a8ec-4e63ec795ff4,ok,17564927.0,v1.12-1.13,0.0,0.1122866894197952,0.0,True,0.0,0.0,0.3023529411764706,4.0,actuator_outputs,global,241915019,75811968,48.1,,B,,,,False,24.69664588044361,24.70068359881791,1.975326662152583,3001.485796,881.1892629999998,True,True,0.0,0.012167791748462532,sensor_combined,main
63314e1c-3704-48e5-a867-642ac84e8063,ok,17694720.0,v1.14-1.15,0.0,0.0,0.0,True,0.0,0.0,0.2073147624731063,4.0,actuator_motors,none,6791774,4320334,3.8,,B,,0.0,4.0,True,10.01627661927372,201.4799274095441,2.0000969619655407,58.987993,54.764780999999985,,True,0.0,0.0,,main
e9489725-4aa7-4ce7-948b-1d377a91fd1c,ok,17629952.0,v1.12-1.13,0.0021598272138228,0.1879049676025918,0.0,True,0.9002207505518763,68.301559,0.924,6.0,actuator_outputs,per_channel,9353073,5731115,4.3,,B,,,,False,10.004169703285855,20.004050690368366,1.9999306227971372,230.945784,226.5607880000001,False,False,0.0,0.0,,main
ec9ecff4-1590-42c2-8249-5fdeacd26ced,ok,17629439.0,v1.12-1.13,0.0,0.0,0.0,False,0.0,0.0,0.377,6.0,actuator_outputs,per_channel,5890837,3761826,2.8,,A,,,,False,8.591516045927094,17.229905371789016,1.7273351675463675,209.46993,206.48646400000007,True,True,0.0,0.14522941067427236,sensor_combined,main
0fd264af-93e9-4a40-be5b-00b3872b210c,ok,17826047.0,v1.16+,0.9029850746268656,0.0,0.0,True,0.0,0.0,0.4108819216489791,4.0,actuator_motors,none,3272117,2680476,2.5,,A,,0.0,4.0,True,9.99879595337352,19.984358010956697,1.9999484524564282,66.793821,57.651672,,True,0.0,0.0018064130445955078,sensor_combined,main
b58e2067-08eb-4ee0-a119-e138823b8cd1,ok,17694720.0,v1.14-1.15,0.0,0.0,0.0,True,0.2992517475632568,0.9666789999999992,0.4377753809094428,4.0,actuator_motors,none,8651478,5597504,4.0,,A,,0.0,4.0,True,10.012222921742863,201.23284723390904,2.000121409967145,77.233534,72.42970299999998,,True,0.0,0.0,,main
e67cfd71-7ff2-4250-bea5-fb3e107896a5,ok,17694975.0,v1.14-1.15,0.0,0.0,0.0,True,0.0263331138907175,0.3997439999999983,0.8422851892347069,4.0,actuator_motors,none,5910436,3864432,3.0,,C,,0.0,4.0,True,9.954686982896849,19.90868276774697,1.9869966349785733,152.9815,152.80297999999985,,True,0.0,0.005200714334761218,vehicle_attitude,main
49e6259e-3499-4b91-a724-f0bcedcbed60,ok,17629952.0,v1.12-1.13,0.0,0.0,0.0,True,0.0,0.0,0.159865379333496,4.0,actuator_motors,none,6078577,3340458,3.6,,A,,0.0,4.0,True,10.008966826737854,20.00857843352967,2.000041727366295,117.280853,112.48472299999999,,True,0.0,0.0,,main
d13613e1-e449-47f2-acf1-f356db07ce3c,ok,17695744.0,v1.14-1.15,0.9073170731707316,0.0,0.0,False,0.0033444816053511,0.2997919999999965,0.4800382256507873,4.0,actuator_motors,none,3073413,2107369,2.5,,B,,0.0,4.0,True,10.012611431862162,20.022635416839965,2.017973038551919,102.028016,89.37348099999993,,True,0.0,0.0,,main
333a57b3-af32-45a1-a447-ded36c328cfa,ok,17761535.0,v1.14-1.15,0.0,0.0,0.0,True,0.0,0.0,0.5409445717930793,4.0,actuator_motors,none,2866979,2152868,2.6,,A,,0.0,4.0,True,10.012640892017318,20.013349386936916,2.0002039667450413,74.244317,70.49126799999999,,True,0.0,0.0,,main
9ba52540-9681-4f48-bf8f-c4ad581f20d5,ok,17826240.0,v1.16+,0.0,0.0,0.1868512110726643,True,0.0037812617473409,0.1601119999999998,0.5873102650046349,4.0,actuator_motors,none,36061474,17569394,12.3,,C,,0.0,4.0,True,6.356611994077825,130.03237258123545,1.2777725957000285,90.680856,88.19988399999998,,True,0.0,0.17097618601850018,vehicle_attitude,main
a408a531-dbe5-4ebe-a121-632f6c3046fa,ok,17695743.0,v1.14-1.15,0.0,0.0,0.0,True,0.0,0.0,0.1289061725139617,4.0,actuator_motors,none,7608758,4746565,4.5,,A,,0.0,4.0,True,10.00485526466263,20.004707632867532,1.9999710968644022,197.253519,190.93210700000006,,True,0.0,0.0,,main
cde494bb-e2d1-48e8-aeea-0779909b51b6,ok,17695488.0,v1.14-1.15,0.0,0.0,0.0,True,0.0,0.0,0.1877077288925633,4.0,actuator_motors,none,29442264,10221953,10.2,,C,,0.0,4.0,True,10.010622418100276,199.98939221782015,1.9999994652407849,93.902846,86.60001700000001,,True,0.0,0.0,,main
9ea95adf-b57b-448b-ae0e-4460a3e13543,ok,17433087.0,v1.12-1.13,0.0,0.0,0.0,True,,,,,actuator_outputs,none,2069074,1143539,7.5,,C,ground_only_actuator_outputs,,,False,9.851613699573518,19.074641498577513,0.0,61.505362,0.0,False,False,,0.0,,main
5539ce1b-42ba-4c32-8763-74ddbe7fddee,ok,17694975.0,v1.14-1.15,0.1765557163531114,0.0,0.0,True,0.0,0.0,0.2270934760570526,4.0,actuator_motors,none,69797568,42385019,27.4,,C,,0.0,4.0,True,9.996003946917948,19.992011146063454,1.9988548613221575,1745.86497,1741.986279000001,,True,0.0,0.0004593234934074627,sensor_combined,main
08e27f9d-a6e2-41a3-89c2-76cf83f98f54,ok,17760384.0,v1.14-1.15,0.0,0.2887323943661972,0.0,True,0.0,0.0,0.1066972374916076,4.0,actuator_motors,none,7191721,4746787,38.8,,A,,0.0,4.0,True,9.88132094376716,195.7682897472576,1.9705558361663285,68.049213,62.56653500000001,,True,0.0,0.013195479620807332,sensor_combined,main
aeaba112-25cd-4025-bc83-f3c04bccbd2f,ok,17629696.0,v1.12-1.13,0.0,0.0,0.0238652316331305,False,0.0,0.0,0.8280000000000001,6.0,actuator_outputs,per_channel,15532032,8811054,48.8,,A,,,,False,10.002263082262974,20.002186730928155,2.000004689342765,427.135324,425.6990409999998,True,True,0.0,0.0,,main
6b0c1978-a76d-4b6c-a4b6-2ed46f4f28fb,ok,50332160.0,,1.0,0.0,0.0,False,1.0,86.236322,0.999999972064998,4.0,actuator_motors,none,2078561,1506607,18.9,not_px4_v3,,,0.0,4.0,True,8.053311485182087,19.27195463097141,1.8479474672043712,86.129538,86.768719,,True,0.0,0.002779431808758924,sensor_combined,main
32556bbb-db92-439e-8654-a072b4009724,ok,17891583.0,v1.16+,0.0,0.0,0.0,True,0.2944983818770226,2.999379000000001,0.9999999781681158,4.0,actuator_motors,none,3010868,2433234,2.9,,B,,0.0,4.0,True,10.013723306378541,20.013072108812555,2.000007708058904,68.729289,61.82433799999999,,True,0.0,0.0,,main
dc2ab150-cfea-4712-bacd-5a25afd4801d,ok,17761535.0,v1.14-1.15,0.0266222961730449,0.0,0.0,False,0.0,0.0,0.1440791457891464,4.0,actuator_motors,none,184915860,48036783,96.7,,C,,0.0,4.0,True,8.598615197924335,172.01678723296698,1.7312137927762408,346.720259,336.2301980000001,,True,0.0,0.13934035342209605,vehicle_attitude,main
ce0db815-7e53-49f6-97f6-2aa4d40d2a57,ok,17564416.0,v1.12-1.13,0.0,0.0,0.0,True,,,,4.0,actuator_outputs,bus,22077440,14363691,7.4,,B,ground_only_actuator_outputs,,,False,9.99462032835966,20.000692107041004,2.0006721955663505,1369.209192,0.0,True,True,0.0,0.0007398824373318591,vehicle_local_position,main
91bc6f57-ddd5-4be5-9462-ef30a9b37fb2,ok,67441920.0,,0.0,0.0,0.0,True,0.0,0.0,0.4306666666666666,6.0,actuator_outputs,bus,28540757,16031471,8.0,not_px4_v4,,,,,False,10.004004162625076,198.81189197251823,2.004052902281202,245.734687,237.68217399999997,True,True,0.0,0.0,,main
aafff692-6529-4391-8296-55a03a840fa6,ok,17761535.0,v1.14-1.15,0.0,0.0,0.0,True,0.0,0.0,0.4218112215399742,4.0,actuator_motors,none,41718583,25543153,18.0,,B,,0.0,4.0,True,9.942618986385641,220.68493294145472,1.9884954560910448,348.320709,341.42776499999974,,True,0.0,0.0060143232628295865,vehicle_attitude,main
8a54b5fe-5299-4e84-b668-6df1a9a93441,ok,17695743.0,v1.14-1.15,0.0,0.0,0.0833333333333333,True,0.1702786377708978,6.201411,0.5475814864039421,4.0,actuator_motors,none,2881200,2285834,2.1,,B,,0.0,4.0,True,10.01347571079747,20.013955724101162,1.999937111466597,68.914341,64.666119,,True,0.0,0.0,,main
c6a6f6a7-76d2-4a9d-9976-c32a753555dc,ok,17826047.0,v1.16+,0.0,0.0,0.0,True,0.0,0.0,0.1491188555955886,4.0,actuator_motors,none,154526725,45870272,82.0,,C,,0.0,4.0,True,9.982686167699011,155.46157931381174,2.0000454619029338,230.492796,224.82640699999996,,True,0.0,0.0,,main
f1ace2c1-3566-4ab5-994e-b0bbbca90dd5,ok,17761535.0,v1.14-1.15,0.2138084632516703,0.0,0.0,True,0.6785714285714286,80.698755,1.0,4.0,actuator_motors,none,8627252,5706205,7.0,,B,,0.0,4.0,True,10.004795044758541,20.00476157823581,2.0000074757560986,206.692636,201.6202669999999,,True,0.0,0.0,,main
9d43eb17-6bc1-45fe-8701-bedfda47ee70,ok,17564928.0,v1.12-1.13,0.0,0.4651624101165386,0.0,True,0.0020408163265306,0.3011529999999993,0.2952941176470588,4.0,actuator_outputs,global,178917474,54471348,47.4,,C,,,,False,24.9711516113455,24.97148269497741,1.9990123968114868,2044.879986,685.9474639999993,True,True,0.0,0.0011996224259484905,sensor_combined,main
d0185cbe-254f-4ddc-ac44-ef4095adc90a,ok,17826047.0,v1.16+,0.0,0.0,0.0,True,0.0,0.0,0.3274922788143157,4.0,actuator_motors,none,3308664,2545454,6.6,,B,,0.0,4.0,True,10.012766928012887,20.011390639484908,1.9999250747024302,76.692319,66.852974,,True,0.0,0.0,,main
b9a77929-0961-44ad-bc48-2b5dd265a95a,ok,17826240.0,v1.16+,0.0,0.0,0.0,True,0.0,0.0,0.5405754968523979,4.0,actuator_motors,none,10480454,6522662,5.3,,B,,0.0,4.0,True,9.99979282725865,199.01570319501502,1.9999736629974258,83.342123,77.744476,,True,0.0,0.00077816502906728,vehicle_attitude,main
4d631738-ad24-410c-be4c-c6f23b296026,ok,17826047.0,v1.16+,0.0,0.0,0.0,True,2.181025081788441e-05,0.0037019999999969,0.3749806106090546,4.0,actuator_motors,none,41776793,24844922,14.5,,B,,0.0,4.0,True,9.8907846620939,199.80504888630227,1.9787106178152782,329.081373,324.72615,,True,0.0,0.011507907273271483,vehicle_attitude,main
812311c9-63c9-4081-adab-813f20697100,ok,17629312.0,v1.12-1.13,0.0157159487776484,0.0,0.0783645655877342,True,0.017446541019222,0.4536110000000022,0.4004792362451553,4.0,actuator_motors,none,71367217,31016453,17.5,,B,,0.0,4.0,True,9.758584850657973,195.44795966448248,1.949726690576006,119.791992,117.51007200000001,,True,0.0,0.027380907150553923,vehicle_local_position,main
97155b59-b9e0-46ea-8be2-11201de1fbaa,ok,17891392.0,v1.16+,0.0,0.0,0.0,True,0.0,0.0,0.0315150916576385,4.0,actuator_motors,none,3236400,2490122,3.4,,C,,0.0,4.0,True,10.010599278782038,20.01170215918182,1.9999462837956952,85.735937,82.07816899999999,,True,0.0,0.0,,main
119779b6-2b06-418a-b41d-e9ccb9e3c3d6,ok,17630207.0,v1.12-1.13,0.0,0.0,0.0,True,0.0,0.0,0.5245714285714286,6.0,actuator_outputs,bus,10785423,5293101,7.5,,C,,,,False,9.870081581736475,198.85896925786727,1.960653936646069,76.806782,72.00374699999998,False,False,0.0,0.016607198334538643,vehicle_attitude,main
ee137382-d197-4835-b010-3033fcd9d3c1,ok,17695488.0,v1.14-1.15,0.0599945828819068,0.0,0.9010989010989012,True,0.0251369004420399,2.6186029999999985,0.136552071198821,4.0,actuator_motors,none,26167209,14758139,7.8,,C,,0.0,4.0,True,10.004464348868819,158.93794395821035,2.0000902937314673,218.207019,212.19794299999987,,True,0.0,0.0,,main
258a0e12-6d33-4baf-ab24-40710413e992,ok,17694975.0,v1.14-1.15,0.0,0.0,0.0,True,0.0,0.0,0.104458326101303,4.0,actuator_motors,none,2577846,1854708,2.9,,A,,0.0,4.0,True,10.013735062723134,20.01326171335689,1.9999566452351403,75.194582,71.74738799999997,,True,0.0,0.0,,main
e4715794-473c-42fa-bb2c-70857ac1a16e,ok,17694848.0,v1.14-1.15,0.0,0.0,0.0,True,0.0,0.0,0.0729549825191497,4.0,actuator_motors,none,31709784,18829731,10.8,,B,,0.0,4.0,True,10.001192799516167,20.00114976580327,2.0000133755541363,807.080945,805.6255119999993,,True,0.0,0.0,,main
1cbd3e47-8c91-494d-ac59-2432b8858f7b,ok,17694720.0,v1.14-1.15,0.0,0.0,0.0,True,0.0,0.0,0.3129481524229049,4.0,actuator_motors,none,14857070,3778472,5.5,,A,,0.0,4.0,True,10.011476749859987,20.01040872395161,121.18892663113124,84.116728,79.979199,,True,0.0,0.0,,main
78b09171-070a-4fad-8680-7f328c928312,ok,17629952.0,v1.12-1.13,0.0,0.0,0.0,True,0.0,0.0,0.3589999999999999,6.0,actuator_outputs,per_channel,10947574,6270626,5.9,,C,,,,False,10.003989292938854,20.003720632439403,2.00003949758172,234.529636,230.0164310000001,True,True,0.0,0.0,,main
37edb356-de79-463c-92e8-d82054140c43,ok,17564416.0,v1.12-1.13,0.0,0.0,0.0,True,0.0,0.0,0.277,6.0,actuator_outputs,bus,7291327,4497127,4.7,,C,,,,False,10.003970280723282,20.003937692967977,2.003985899955208,249.760964,247.28086399999998,True,True,0.0,0.0,,main
3ef02995-fdcc-4dec-bb4a-98e04f8c187c,ok,17695743.0,v1.14-1.15,0.0,0.0,0.0,True,0.0,0.0,0.1787978127598762,4.0,actuator_motors,none,80218293,47905774,20.7,,C,,0.0,4.0,True,10.001260074868444,201.21030021405736,2.000011205308681,762.463032,757.6450709999989,,True,0.0,0.0,,main
c4119ddf-5225-4b9b-b590-feb812378d24,ok,17760768.0,v1.14-1.15,0.0,0.1013513513513513,0.0,True,,,,,actuator_motors,none,3013590,2397768,2.9,,C,unknown,0.0,0.0,False,10.013185130469733,20.012605596837552,1.9999012548755404,72.234594,67.88035599999998,,False,0.0,0.0,,main
ca2f0dc7-5d0d-490f-8073-fbb64018999a,ok,17761280.0,v1.14-1.15,0.0,0.0,0.0,True,0.0001017930111826,0.0176559999999881,0.2560788691043854,4.0,actuator_motors,none,78640618,48363573,16.2,,B,,0.0,4.0,True,9.98986794590073,198.51495145126498,2.0001733246084497,730.120611,726.01947,,True,0.0,0.0014088452629750436,vehicle_local_position,main
ec60629f-66d8-4026-a8b3-fec6d9273a47,ok,17826240.0,v1.16+,0.0,0.0,0.0,True,0.0,0.0,0.1887194141745567,4.0,actuator_motors,none,3940901,2758200,3.2,,B,,0.0,4.0,True,10.010538094520463,20.01033379362799,1.9999476787881454,93.220092,89.10675200000004,,True,0.0,0.0,,main
d98f134a-4054-434f-aa96-d7bd58e34a1f,ok,17826047.0,v1.16+,0.0,0.0,0.0,True,0.0678617157490397,0.2965920000000039,0.9531330466270448,4.0,actuator_motors,none,3588277,2704554,3.3,,B,,0.0,4.0,True,10.011229300380247,20.01072331938016,2.000166649723058,86.922577,78.047567,,True,0.0,0.0,,main
3c5d1cf1-e2d3-44d6-9024-51abb3b3ed9f,ok,17761535.0,v1.14-1.15,0.0,0.119205298013245,0.0,True,0.0006784260515603,0.098321999999996,0.2400000244379043,4.0,actuator_motors,none,26030544,16755029,11.9,,C,,0.0,4.0,True,10.001688134140608,20.00187388811108,2.0000052940325475,593.932952,589.6305949999996,,True,0.0,0.0,,main
d160c43f-e542-4c95-91b0-34f98ce22536,ok,17629696.0,v1.12-1.13,0.4409448818897638,0.0,0.0,False,0.0,0.0,0.874,6.0,actuator_outputs,per_channel,2293760,1572272,1.7,,C,,,,False,10.015773349306999,20.01563796342486,2.0000768918449534,63.644144,60.37062999999999,False,False,0.0,0.0,,main
be008871-5dd2-4de6-a2cf-2525ebb130cf,ok,16843072.0,v1.12-1.13,0.0,0.0,0.0,True,0.0,0.0,0.3736413493752479,4.0,actuator_motors,none,15602251,9178531,10.9,,C,,0.0,4.0,True,10.006989555724742,200.84603137620027,2.0001407427279885,131.375565,126.44035300000003,,True,0.0,0.0,,main
b293656d-b0cb-4780-b648-2ec2d9f8d485,ok,17825792.0,v1.16+,0.0,0.0,0.0,True,0.0,0.0,0.1846046701073646,4.0,actuator_motors,none,26612012,15953480,17.4,,C,,0.0,4.0,True,10.003570909306356,132.64237220511745,1.999987928898479,281.605622,276.7741780000001,,True,0.0,0.0,,main
9f60e750-8a74-4248-9898-4e4b048ea79d,ok,17498623.0,v1.12-1.13,0.0,0.0,0.0,True,,,,6.0,actuator_outputs,global,229867612,91079228,53.6,,B,ground_only_actuator_outputs,,,False,9.977181853941122,199.52243261650645,4.989819809572358,2459.330987,0.0,False,False,0.0,0.0023654397820563537,vehicle_attitude,main
cbe3b4a9-f5ba-475e-990b-fa6086f82f7e,ok,17891583.0,v1.16+,0.0,0.0,0.0,True,0.0,0.0,0.1591096341609953,4.0,actuator_motors,none,3210806,2513411,3.3,,B,,0.0,4.0,True,10.014870073544468,20.01346216743553,1.9999638887639106,71.854556,64.52340400000001,,True,0.0,0.0,,main
2d747df6-ca09-4594-812a-2de606e58fba,ok,17761535.0,v1.14-1.15,0.0,1.0,0.0,True,0.0,0.0,0.3486429732042924,4.0,actuator_motors,none,6008976,3652239,3.6,,B,,0.0,4.0,True,10.006325399316626,20.006248903840497,2.0000354012780797,153.722891,142.65156200000004,,True,0.0,0.0,,main
f00f4a7c-8e26-42e1-b343-80da8264f46d,ok,17629952.0,v1.12-1.13,0.0,0.0,0.0,True,0.0,0.0,0.182,6.0,actuator_outputs,per_channel,5227144,3786195,5.8,,B,,,,False,10.009399016331555,20.00926851433593,2.0000353499070935,104.523228,98.80517399999997,True,True,0.0,0.0,,main
88705f51-0d7c-462c-a688-13b8b0000fd4,ok,17891583.0,v1.16+,0.0,0.0,0.0,True,0.0,0.0,0.1244065314531324,4.0,actuator_motors,none,30511432,12836727,10.5,,B,,0.0,4.0,True,10.015526349015673,200.94934031524,1.999804572943887,65.281862,62.28437000000001,,True,0.0,0.0,,main
a9af7e26-89e7-4fc2-b090-9cf4ad86aa36,ok,17629696.0,v1.12-1.13,0.0,0.0,0.0,True,0.0,0.0,0.153,6.0,actuator_outputs,per_channel,14272650,7726097,4.9,,B,,,,False,9.999199797844039,197.81867972645566,2.000033661280817,112.296955,109.13510899999999,False,False,0.0,0.0012990551729118928,vehicle_attitude,main
197dd71a-5106-4d41-87dd-462bdd168fea,ok,17761280.0,v1.14-1.15,0.0,0.0,0.0,True,0.0,0.0,0.1799756214022636,4.0,actuator_motors,none,39307279,23689844,11.6,,A,,0.0,4.0,True,10.002856231405932,200.00000285816367,1.9999999370529349,349.924805,340.5400059999999,,True,0.0,0.0,,main
f58e09f5-34d2-42ea-98ca-46f8af70a451,ok,17695488.0,v1.14-1.15,0.0,0.0,0.0,True,0.0003720810091082,0.0143500000001495,0.4367465287446973,4.0,actuator_motors,none,117196389,67332510,26.7,,B,,0.0,4.0,True,9.933076270045778,170.98832219820045,1.98609456360668,1150.604989,1146.0101529999986,,True,0.0,0.006814951709317628,vehicle_attitude,main
e28794a4-7621-4dc6-a8e4-88f691688827,ok,17695488.0,v1.14-1.15,0.0,0.0,0.0,True,0.0,0.0,0.0480708092451095,4.0,actuator_motors,none,4113979,2720552,2.5,,B,,0.0,4.0,True,10.008343823605038,20.00721030933461,2.000027726190817,124.38786,123.75102799999998,,True,0.0,0.0,,main
02260c78-3936-4f8c-9302-6c9c68ed6158,ok,17826559.0,v1.16+,0.0,0.0,0.0,True,0.0,0.0,0.2402162188664078,4.0,actuator_motors,none,3638310,2737437,2.5,,C,,0.0,4.0,True,10.011576484239226,20.011896675361942,1.9999546086251483,79.047796,77.662769,,True,0.0,0.0,,main
0396c450-6e1b-464d-8763-851dd2857934,ok,17629952.0,v1.12-1.13,0.0,0.0,0.0,True,0.0017241379310344,0.0980489999999996,0.1995777130126953,4.0,actuator_motors,none,5609532,3976993,3.1,,B,,0.0,4.0,True,10.007470805553394,20.007244264999212,1.9998908485105404,117.674018,115.98727099999998,,True,0.0,0.0,,main
7fe73cb0-00ef-41d2-9918-238e2bc2186c,ok,17695488.0,v1.14-1.15,0.0314960629921259,0.0,0.0,True,0.1292517006802721,1.900105,0.2228187203407287,4.0,actuator_motors,none,2452160,1649460,3.5,,A,,0.0,4.0,True,10.016735269101257,20.014994622216978,2.0001132501099095,59.864736,58.77261800000001,,True,0.0,0.0,,main
a3ea0485-5bf9-4fea-ac97-0590a3ef07ac,ok,17629951.0,v1.12-1.13,0.0,0.0,0.0,True,0.0,0.0,0.65655,6.0,actuator_outputs,per_channel,39995751,13623095,8.1,,A,,,,False,10.011876439794335,200.35877497148184,2.0001039814536945,83.767921,77.068085,False,False,0.0,0.0,,main
a36e3110-a985-4357-a250-f45836273a81,ok,17694720.0,v1.14-1.15,0.0,0.0,0.0,True,0.0,0.0,0.1216829031705856,4.0,actuator_motors,none,9741869,5940621,6.3,,B,,0.0,4.0,True,10.011181473748193,199.91481334753422,1.9998747664629002,87.41922,84.89135299999997,,True,0.0,0.0,,main
7e33596c-89c9-4cc1-98e4-47b25f2ac79b,ok,17694720.0,v1.14-1.15,0.0,0.0,0.0,True,0.0,0.0,0.4951128825713942,4.0,actuator_motors,none,9353759,5257212,3.7,,C,,0.0,4.0,True,9.939135033028139,19.834549666210496,1.9846500751243488,66.270609,63.357094000000004,,True,0.0,0.009476574043507015,sensor_combined,main
f4c1ad35-1130-48c4-903d-b919b8775e65,ok,17760511.0,v1.14-1.15,0.2366589327146171,0.0208816705336426,0.0,False,0.0713043478260869,7.69999700000001,1.0,4.0,actuator_motors,none,4084646,2764441,4.6,,A,,0.0,4.0,True,10.008322452122792,20.007479540316524,2.000002728037194,120.387922,114.14981800000002,,True,0.0,0.0,,main
cd529f00-42a6-4290-a7d9-4f5c09093b6a,ok,17629696.0,v1.12-1.13,,,0.0,True,0.0092604025188294,1.697484999999915,0.4345473915338514,4.0,actuator_motors,none,63368543,31635498,12.7,,C,,0.0,4.0,True,9.995727425072333,19.991542327656216,1.9999942170129803,937.2709,810.4199959999995,,True,0.0,0.0005369060850867499,vehicle_attitude,main
b65db692-35cb-453e-9ede-4486154ee38e,ok,17826240.0,v1.16+,0.0,0.0,0.0,True,0.0,0.0,0.1866027057170867,4.0,actuator_motors,none,19720555,11452247,4.7,,B,,0.0,4.0,True,8.167376113311601,16.325112232784694,1.6315572820559554,518.300716,421.2448819999996,,True,0.0,0.18527654209518288,estimator_innovation_test_ratios,main
3172d772-7c5f-4989-ae68-8ea4398b0dca,ok,17826559.0,v1.16+,0.0,0.0,0.0,True,0.0119189511323003,0.301203000000001,0.1092504203319549,4.0,actuator_motors,none,3771831,2817934,2.7,,B,,0.0,4.0,True,10.011420677351778,20.010280351910225,2.0001671778148506,88.747375,83.887909,,True,0.0,0.0,,main
8ee56044-295b-48ba-86ac-725e4792eb9c,ok,17826559.0,v1.16+,0.0,0.0,0.0,True,0.0,0.0,0.1636345211416481,4.0,actuator_motors,none,29298895,14700697,9.5,,C,,0.0,4.0,True,10.003473525320862,159.63964290668852,1.9999982500015312,280.305751,125.40550599999997,,True,0.0,0.0,,main
a02b2e92-9aeb-4f56-8715-50f70eb6842f,ok,17564671.0,v1.12-1.13,0.1147540983606557,0.0,0.0,True,,,,6.0,actuator_outputs,none,2698200,1927219,2.9,,B,no_pwm_params,,,False,10.016426774074603,20.01629661531389,2.016586977871258,60.097233,55.638524000000004,False,False,0.0,0.0,,main
d7367fd7-a711-48a2-9c9b-9b834d82dbfd,ok,17826240.0,v1.16+,0.0,0.0,0.0,True,0.1641708604394255,1.5819560000000017,0.87375917006284,4.0,actuator_motors,none,11689481,6690778,4.2,,C,,0.0,4.0,True,10.009362004546556,199.4676546213569,2.0000951134339586,101.410824,57.04094399999999,,True,0.0,0.0,,main
2d2b340a-e6b7-46f3-a596-018584c9002f,ok,17694975.0,v1.14-1.15,0.0,0.0,0.0,True,0.0,0.0,0.0994841903448104,4.0,actuator_motors,none,8549369,5126735,4.0,,A,,0.0,4.0,True,9.68159630265938,193.18655652165916,1.9333697064620776,75.268289,71.869684,,True,0.0,0.035817914319172445,vehicle_local_position,main
2b15e2a8-a7a3-44a1-96e7-bbebd41d1839,ok,17629184.0,v1.12-1.13,0.0,0.0,0.0789001793185893,True,0.0115677321156773,1.6974419999999952,0.2432018876075744,4.0,actuator_motors,none,11105237,7219811,10.9,,C,,0.0,4.0,True,10.000067862941851,19.999843336552942,2.000016736667003,334.017812,328.487973,,True,0.0,0.0,,main
17f488b1-e944-4f07-b341-5345a6e0f92c,ok,17891583.0,v1.16+,0.0,0.0,0.0,True,0.0,0.0,0.2590090528130531,4.0,actuator_motors,none,20740039,13608571,13.2,,C,,0.0,4.0,True,10.0019563271372,20.002022369159686,1.9999943361156247,482.343607,476.24960499999963,,True,0.0,0.0,,main
36ce821c-8283-44e2-afd2-60496b43411d,ok,17761535.0,v1.14-1.15,0.0,0.0,0.0,False,3.780908930506894e-05,0.0100690000000014,0.0690667480230331,4.0,actuator_motors,none,39099416,20159613,14.5,,C,,0.0,4.0,True,9.91279169226077,196.6349453818076,1.9825180580344886,287.069308,281.25776499999984,,True,0.0,0.010003586309102228,vehicle_attitude,main
6ce0d02b-bf45-48f6-bf03-fdb460f5c634,ok,17629952.0,v1.12-1.13,0.0,0.0,0.0,True,0.0,0.0,0.2170510619878768,4.0,actuator_motors,none,87757120,23506779,18.6,,C,,0.0,4.0,True,9.609908655257119,180.47532254423868,1.899888739592504,130.447774,121.91065900000002,,True,0.0,0.02684932244613798,vehicle_attitude,main
6550f9e9-77c3-49ee-bc7b-d14a5d24d417,ok,17564671.0,v1.12-1.13,,,,,,,,,none,none,4905155,3155103,2.3,,C,no_land_topic,,,False,0.0,0.0,0.0,138.613741,0.0,,False,,0.0,,main
c3f17483-001c-4454-bbe1-ceba1b52798a,ok,17761535.0,v1.14-1.15,0.0,0.0,0.0,True,0.0,0.0,0.2354376912117003,4.0,actuator_motors,none,5719689,3985428,3.9,,B,,0.0,4.0,True,10.007271435117023,20.00713749845622,1.999995498165115,135.571741,127.42456499999996,,True,0.0,0.0,,main
f016bc73-2197-42c5-b59a-9389c50d5b2d,ok,17826047.0,v1.16+,0.0,0.0,0.0,True,0.0,0.0,0.1164052933454513,4.0,actuator_motors,none,16296565,10502094,6.2,,C,,0.0,4.0,True,9.452637420019572,180.10011004220135,1.8862117605932012,149.699527,145.87375499999993,,True,0.0,0.056269945987113025,vehicle_attitude,main
860fc3ee-23bf-4f58-ad7f-9ff3d870cce6,ok,17629951.0,v1.12-1.13,0.0,0.0,0.0,False,0.0113636363636363,2.102643999999998,0.1450526788830757,4.0,actuator_motors,none,19814205,12563085,5.0,,A,,0.0,4.0,True,10.004377352176025,199.5583536354741,2.0000372075048385,205.685086,202.15988100000015,,True,0.0,0.0,,main
d0f6a451-1658-44ba-a059-ab69c5edf501,ok,17760511.0,v1.14-1.15,0.075,0.0,0.5105820105820106,True,0.1152263374485596,2.1975120000000032,0.893137975037098,4.0,actuator_motors,none,3952668,2768336,2.7,,C,,0.0,4.0,True,10.01270682971254,20.01225238857394,1.9997955645232295,74.893031,72.89485499999999,,True,0.0,0.0,,main
88e6818d-c7f2-405e-8af2-48270659c209,ok,17826047.0,v1.16+,0.0,0.0851063829787234,0.0,False,0.721030042918455,2.0000000000000004,0.8641647934913634,4.0,actuator_motors,none,20682149,7589357,8.1,,C,,0.0,4.0,True,124.9850977587029,249.95529061102835,100.00894134477825,67.144,22.284,,True,0.0,0.0,,main
88393d28-1ac8-45b9-b96f-ce3969640756,ok,17760384.0,v1.14-1.15,0.0,0.0,0.0,True,0.0,0.0,0.2563941061496734,4.0,actuator_motors,none,12778120,8749576,5.7,,C,,0.0,4.0,True,10.003432997876683,20.003284322111078,1.9999663527028317,292.493267,288.50858200000016,,True,0.0,0.0,,main
e8d6c562-879f-4d95-9c09-386f3e861709,ok,17498880.0,v1.12-1.13,0.0,0.1764705882352941,0.0,True,0.0,0.0,0.341,8.0,actuator_outputs,global,6773449,4669330,3.2,,C,,,,False,9.973512392324471,19.988802251826357,4.9999746033036025,188.932161,171.884109,False,False,0.0,0.0008718449248838262,sensor_combined,main
ebae68ae-52b1-41dd-9970-9582f7c5eb83,ok,17760256.0,v1.14-1.15,0.0,0.0,0.0,True,0.1081768830581316,1.6666120000000006,0.3588640958070754,4.0,actuator_motors,none,9064786,5183758,3.6,,C,,0.0,4.0,True,10.013876704208482,221.23485522085923,1.9999624712924504,68.402639,61.89196199999998,,True,0.0,0.0,,main
21259c68-9adb-4f4b-b9b1-ee58e16471df,ok,17630207.0,v1.12-1.13,0.0,0.0,0.0,True,0.0,0.0,0.304,6.0,actuator_outputs,per_channel,14117696,8849751,5.9,,B,,,,False,10.003613839852715,20.003146305323565,2.0000082134588593,290.918266,286.83994800000016,True,True,0.0,0.0,,main
0e8692d0-b8e2-4792-ac05-f8fcfff0e2c6,ok,17695488.0,v1.14-1.15,0.0,0.0,0.0,True,,,,4.0,actuator_motors,none,10452099,6145365,5.5,,C,ground_only_actuator_motors,0.0,4.0,True,10.003514291373921,20.003230783629558,2.0000014718920545,293.92124,0.0,,True,0.0,0.0,,main
92bab6a9-902a-467a-8a87-7be4b6aee5ba,ok,17761535.0,v1.14-1.15,0.0,0.0,0.0,False,0.0,0.0,0.4231132760643957,4.0,actuator_motors,none,9391480,5969244,5.8,,C,,0.0,4.0,True,10.003923673994192,20.00392458779361,2.0000870605581644,229.215577,226.86999899999995,,True,0.0,0.0,,main
ead0137f-41eb-4fb1-96ec-76806f40b05d,ok,17367040.0,v1.12-1.13,0.0,0.0,0.0,True,0.0,0.0,0.2249230638146399,4.0,actuator_motors,none,16591671,10008490,7.4,,A,,0.0,4.0,True,10.002179094396702,20.002157041419597,2.000015473803929,400.019194,397.01273499999996,,True,0.0,0.00014320979714787572,sensor_combined,main
a0fa1dad-5189-4203-b752-d26f8acf6bcd,ok,17695743.0,v1.14-1.15,0.0,0.0,0.0,True,0.0,0.0,0.1804098084568977,4.0,actuator_motors,none,2622571,1998237,2.9,,C,,0.0,4.0,True,10.013871677225985,20.01539522614964,1.9996863747695013,64.855355,60.42995499999999,,True,0.0,0.0,,main
9ebb2e11-00d3-49bd-ae9d-02903f5ce176,ok,17630207.0,v1.12-1.13,0.1648936170212765,0.0691489361702127,0.0,True,0.0,0.0,0.562,6.0,actuator_outputs,per_channel,4128863,3038922,2.9,,C,,,,False,10.010615473093408,20.010831592724497,1.9999512185811468,92.327232,84.99623299999998,True,True,0.0,0.0,,main
0dff1c65-4e07-483d-a46b-74ec5dc1c7e2,ok,50797056.0,,0.5056497175141242,0.0,0.0,True,0.7251096026021779,136.46558399999998,1.0,12.0,actuator_outputs,bus,11367733,4274625,4.6,not_px4_v3,,,,,False,5.690786628328112,18.237669656643227,1.1509111037510755,176.905882,174.76808600000004,False,False,0.0,0.4341617107659706,estimator_innovation_test_ratios,main
c46ec159-8e45-4e41-883c-f78bb5aee200,ok,17629952.0,v1.12-1.13,0.0,0.0,0.0,True,0.6846081208687441,12.498521999999994,0.924,6.0,actuator_outputs,per_channel,5033168,3501798,3.6,,C,,,,False,10.008497624596089,20.008268571870346,1.9999903158363654,114.448024,105.867305,False,False,0.0,0.0,,main
14977c6c-ef3b-423f-b093-d52fc5094722,ok,17826047.0,v1.16+,0.0,0.1216931216931216,,True,0.0045506257110352,0.3987249999999989,0.15375,4.0,actuator_outputs,per_channel,7633715,6037360,4.1,,B,,,,False,9.998666340050773,165.7941286445519,0.0,92.707491,88.01251099999999,False,False,,0.001082162471957068,vehicle_attitude,main
09db1dec-a241-4d04-a75b-db0fd8ffd625,ok,17761535.0,v1.14-1.15,0.5899280575539568,0.0,0.023391812865497,True,0.0128410914927768,0.3011930000000014,0.7387617073953151,4.0,actuator_motors,none,2966424,2121034,6.0,,B,,0.0,4.0,True,10.01462546475498,20.013440698106375,1.999928624769525,68.338896,62.315261000000014,,True,0.0,0.0,,main
02db21ae-cc49-4b74-94c8-3693f2c7e271,ok,17694975.0,v1.14-1.15,0.0,0.0,0.0,True,0.0,0.0,0.2017534434795377,4.0,actuator_motors,none,3772273,2870438,6.6,,B,,0.0,4.0,True,10.011367296837909,20.010390572135286,2.0001805680250717,87.558489,83.35831900000001,,True,0.0,0.0,,main
2b3b1ef7-6b7f-49bc-9550-db2d9dcb9fc9,ok,17629951.0,v1.12-1.13,0.0,0.0,0.0,True,0.0,0.0,0.0,6.0,actuator_outputs,bus,6478328,3931927,6.8,,B,,,,False,10.01488791743957,200.06516087889764,2.000272352043398,63.871903,61.40784599999999,False,False,0.0,0.0,,main
8f13f02c-47b7-48b0-8397-c172da92ed7d,ok,17761535.0,v1.14-1.15,0.0,0.0,0.0,True,0.0046511627906976,0.2027590000000003,0.4537071615457534,4.0,actuator_motors,none,4427979,3242009,3.2,,C,,0.0,4.0,True,10.009109384428733,20.009059642353524,2.000001009174821,109.441503,107.53742300000002,,True,0.0,0.0,,main
2ca72688-7243-4dec-9d49-49523be36260,ok,17760511.0,v1.14-1.15,0.0,0.0,0.0,True,0.0,0.0,0.340857669711113,4.0,actuator_motors,none,176404593,53489706,26.4,,B,,0.0,4.0,True,9.496256146766978,182.8124103812678,1.888772401250645,344.206652,337.6509479999999,,True,0.0,0.05024380826475687,vehicle_attitude,main
f5bc419b-9aa7-4c7d-bb52-8592de27c4ee,ok,17761535.0,v1.14-1.15,0.0,0.1185185185185185,0.0,True,0.0,0.0,0.5362014621496201,4.0,actuator_motors,none,7274106,4490774,4.2,,C,,0.0,4.0,True,9.998916165030849,221.58157667526052,1.9998748349013107,67.152887,62.54994799999999,,True,0.0,0.0010035050190163525,vehicle_attitude,main
d1efe755-a0c6-4571-b379-76c891ae2e6b,ok,17695488.0,v1.14-1.15,0.0847457627118644,0.9576271186440678,0.0,True,0.0177304964539007,1.700894,0.3684166975319382,4.0,actuator_motors,none,4603310,3034423,4.8,,C,,0.0,4.0,True,10.008472789760598,20.00842500347848,1.9999126362950077,117.141449,112.788164,,True,0.0,0.0,,main
10ba1bc6-5167-4d71-b7e1-2ec923c1659c,ok,17826240.0,v1.16+,0.0,0.3193277310924369,0.0,True,0.0,0.0,0.2820299788997185,4.0,actuator_motors,none,5289366,3965032,5.8,,A,,0.0,4.0,True,10.008209854372023,20.008040836849975,1.9999829662467705,118.182364,113.80761600000001,,True,0.0,0.0,,main
1b7c67b9-2cb5-406a-a9ac-b47db8af30c8,ok,17760511.0,v1.14-1.15,0.0,0.0,0.0,True,0.980316052120876,215.197362,1.0,4.0,actuator_motors,none,14350004,8215202,5.1,,B,,0.0,4.0,True,10.002709069302865,20.002708635624778,1.9999555928227555,367.811991,360.69660299999987,,True,0.0,0.0,,main
6e90cfd5-3cae-4e53-add0-e1c3a6e7ab20,ok,17761535.0,v1.14-1.15,0.0,0.0,0.0,True,0.0,0.0,0.0718232810497283,4.0,actuator_motors,none,70337172,30858059,10.4,,A,,0.0,4.0,True,123.45107348759555,244.58623356535188,123.45107348759555,306.184,120.30800000000006,,True,0.0,0.0,,main
a6cf700c-34ec-4908-a947-d569194c93ef,ok,17630207.0,v1.12-1.13,0.0,0.0,0.0,True,0.0,0.0,0.4679999999999999,6.0,actuator_outputs,per_channel,2877061,1952049,2.6,,C,,,,False,10.014795504034247,20.013770235793423,1.999987822296371,68.070945,65.838787,True,True,0.0,0.0,,main
e5746daf-d52e-408d-a8c9-225bf096bfde,ok,17760256.0,v1.14-1.15,0.0,0.0,0.0,False,0.0,0.0,0.3460674151778221,4.0,actuator_motors,none,3076392,1974033,2.5,,A,,0.0,4.0,True,10.000616939467532,20.001392918960775,2.0001269939787165,70.778089,69.33332099999998,,True,0.0,0.0,,main
7d74aa24-a714-4e4f-a5a8-77b310f2dd24,ok,17694720.0,v1.14-1.15,0.0,0.0,0.0,True,0.0,0.0,0.2148928676555099,4.0,actuator_motors,none,2558018,1856393,2.3,,B,,0.0,4.0,True,10.014356129432832,20.014238618493664,2.000011182544276,68.901828,68.73134499999998,,True,0.0,0.0,,main
c733aec4-eb1a-41a8-81dc-f25b302f2485,ok,17761280.0,v1.14-1.15,0.0,0.0,0.3562822719449225,True,0.0008756567425569,0.098790000000001,0.1954919755458831,4.0,actuator_motors,none,4084407,2773458,2.5,,B,,0.0,4.0,True,10.008628473119188,20.008618539947992,2.000000329004383,115.654903,114.180041,,True,0.0,0.0,,main
f9ffeabe-7d41-4ba6-b464-0351645c15de,ok,17629952.0,v1.12-1.13,0.0,0.0,0.0,True,0.001727115716753,0.0976789999999994,0.1942969053983688,4.0,actuator_motors,none,2933705,2152887,2.9,,B,,0.0,4.0,True,10.014472385313304,20.01303967258432,1.9998550623560734,67.566651,57.89339400000001,,True,0.0,0.0,,main
1a657ba4-4d9d-442d-84c0-6f05210ef5ad,ok,17629184.0,v1.12-1.13,0.0,0.0,0.0,True,0.0,0.0,0.3661538461538462,6.0,actuator_outputs,bus,7440461,4201302,3.4,,B,,,,False,10.004996260726964,20.00499415599644,2.004977674447654,198.608798,190.12945500000015,True,True,0.0,0.0,,main
92efc31b-a802-4c01-b7bb-b39bd3a60a54,ok,17629951.0,v1.12-1.13,0.0,0.0,0.0,True,0.0,0.0,0.2619999999999999,6.0,actuator_outputs,per_channel,8962580,4628170,3.7,,A,,,,False,9.99950966557672,222.40001222403973,1.9875866764810384,80.208701,73.699908,True,True,0.0,0.0006651633471446186,sensor_combined,main
66f911cc-7017-4408-86f1-7722298f4c6f,ok,17498240.0,v1.12-1.13,0.0,0.0,0.0,True,0.0,0.0,0.3436571428571424,6.0,actuator_outputs,global,3273449,1980046,1.8,,C,,,,False,9.988101064487527,19.940478564342687,5.000002916668368,83.371432,78.399956,True,True,0.0,0.0036284970704381072,sensor_combined,main
1b509f96-3774-4ff0-9655-3308221d1199,ok,17891392.0,v1.16+,0.0,0.0,0.0,True,0.0,0.0,0.036208376288414,4.0,actuator_motors,none,3154560,2490665,2.9,,A,,0.0,4.0,True,10.010713486999808,20.011704348555256,1.9998761513822898,84.118243,82.13861299999998,,True,0.0,0.0,,main
9f4a6863-c4b5-49eb-978d-b6f985aec9b6,ok,17761535.0,v1.14-1.15,0.0,0.0,0.0,True,0.0,0.0,0.3393138162791729,4.0,actuator_motors,none,5910691,4300800,3.8,,C,,0.0,4.0,True,10.0073665377804,20.007346110120007,2.0000000442804438,135.940442,133.770058,,True,0.0,0.0,,main
ebd547bc-8862-4ac0-8f52-e0a1e085bd3c,ok,17761535.0,v1.14-1.15,0.0,0.0,0.0,True,,,,4.0,actuator_motors,none,3929657,2700010,3.5,,C,ground_only_actuator_motors,0.0,4.0,True,10.010401660602845,20.014221334699062,1.9997904094009666,96.061592,0.0,,True,0.0,0.0,,main
e4dc646b-6c15-4c67-b13b-560e93494eda,ok,17826047.0,v1.16+,0.0,0.0,0.0,True,0.0,0.0,0.2250116944313049,4.0,actuator_motors,none,8695930,2915789,5.5,,C,,0.0,4.0,True,10.01181394044973,20.011193010670606,2.000087022654231,79.563725,73.89248400000002,,True,0.0,0.0,,main
f70914e1-b1af-45b3-b26a-92b52f3f7fa8,ok,17826047.0,v1.16+,0.0,0.0,0.0172018348623853,True,0.0054802115319003,0.1373699999999971,0.1897858008742332,4.0,actuator_motors,none,22408256,13515302,9.1,,A,,0.0,4.0,True,10.005913431618644,173.9522873840947,2.000072163987012,173.634762,165.0055269999999,,True,0.0,0.0,,main
79350c0c-3f27-4732-b15d-535679fe7d98,ok,17891392.0,v1.16+,0.0111358574610244,0.0356347438752783,0.0,True,0.0,0.0,0.1815294027328491,4.0,actuator_motors,none,62553859,26076118,11.4,,C,,0.0,4.0,True,125.0,249.995472244861,100.00271660388293,220.524,176.05600000000007,,True,0.0,0.0,,main
bd51d523-bb0b-471d-9ec7-a8f0288a8063,ok,17761280.0,v1.14-1.15,0.0,0.0,0.0,True,0.0001063490375412,0.0074940000000012,0.2519503757357597,4.0,actuator_motors,none,8309864,5347332,5.1,,C,,0.0,4.0,True,9.999980862570316,199.69072365861723,1.999999482993331,74.166795,65.81988599999998,,True,0.0,0.0016150089900529604,vehicle_attitude,main
ec5784e0-551f-4d43-ad15-dd9f692beb11,ok,17760511.0,v1.14-1.15,0.0,0.0,0.0445235975066785,True,0.0416666666666666,3.5000809999999944,0.6455574526665087,4.0,actuator_motors,none,9205123,5820837,4.8,,B,,0.0,4.0,True,10.004534422532005,20.004308689977623,2.0000742130445137,224.452005,93.55870900000001,,True,0.0,0.0,,main
9b17ed48-1daf-4f84-a9d6-266d5d859e3e,ok,17761280.0,v1.14-1.15,0.0093617021276595,0.0,0.0,True,0.0092751631741669,2.999082000000044,0.267536149919033,4.0,actuator_motors,none,24098195,15360224,12.1,,B,,0.0,4.0,True,10.001589547400165,20.001586156564294,2.000014821447686,591.076235,582.2025450000001,,True,0.0,0.0,,main
2056a334-4dbf-4603-9179-70a2a2681479,ok,17825984.0,v1.16+,0.0,0.0,0.0,False,0.1274281274281274,1.599999999999998,0.3437947511672974,4.0,actuator_motors,none,38931234,16377901,11.6,,C,,0.0,4.0,True,125.0,249.9923352852807,100.01073158766175,130.032,128.304,,True,0.0,0.0,,main
553ad7cf-8f63-4f44-964b-d204681a2e50,ok,20057855.0,v1.16+,0.0069637883008356,0.0,0.0287610619469026,True,0.0,0.0,0.142958641052246,4.0,actuator_motors,none,39896748,24931980,12.1,,C,,0.0,4.0,True,10.00259073742661,198.63742030542875,1.9999761667195222,361.133957,356.1773849999997,,True,0.0,0.0,,main
e0c63401-b09a-4533-9bcb-226cb40313d5,ok,17826047.0,v1.16+,0.0,0.0,0.0,True,0.0,0.0,0.2245933294296264,4.0,actuator_motors,none,13564987,8326464,3.6,,B,,0.0,4.0,True,10.007970050210867,221.57955907471327,2.0001204498766003,122.139641,118.4077,,True,0.0,0.0,,main
84d3fb42-f3e2-4276-8159-852468d170a7,ok,17761023.0,v1.14-1.15,0.0445859872611464,0.0,0.0,True,0.0616621983914209,2.299621,0.3542943000793457,4.0,actuator_motors,none,3345810,2496311,2.5,,A,,0.0,4.0,True,10.012129949980077,20.012380784041476,1.99997823707892,76.167106,74.655269,,True,0.0,0.0,,main
b3d32fb2-46f2-48d4-a906-e2b02441d43e,ok,17826559.0,v1.16+,0.2127659574468085,0.0,0.0,True,0.0022321428571428,0.1988610000000008,0.2637114897370338,4.0,actuator_motors,none,4126105,2961482,2.9,,C,,0.0,4.0,True,10.01113461845682,20.011545924045286,1.9999086380534745,91.934796,89.59517999999997,,True,0.0,0.0,,main
648bc840-c493-418c-afc9-514fcc212af9,ok,17761535.0,v1.14-1.15,0.0,0.0,0.0,True,0.0003332026656213,0.0424509999999997,0.2372479528188704,4.0,actuator_motors,none,22527317,12808389,4.6,,B,,0.0,4.0,True,10.005368660172334,217.34660207638933,2.000017493341018,183.723769,179.32258500000006,,True,0.0,0.0,,main
f4681696-961e-4a26-9ecf-e8c4638677b6,ok,17826559.0,v1.16+,0.0,0.0,0.0,True,0.0,0.0,0.1327398762106895,4.0,actuator_motors,none,2693095,2222278,2.8,,B,,0.0,4.0,True,10.014261652159762,20.0157207001646,1.9997728447003336,63.614628,59.87703799999999,,True,0.0,0.0,,main
5d951821-a2aa-4510-adea-5e9ba974762b,ok,17760256.0,v1.14-1.15,0.0,0.0,0.0,True,0.0216126350789692,0.8012469999999894,0.6198220811784267,4.0,actuator_motors,none,11536164,7721823,3.6,,B,,0.0,4.0,True,10.003889557973547,20.004075508956475,2.000000744376555,244.677342,240.51473500000006,,True,0.0,0.0,,main
027a1f8f-92b0-424a-a756-53a67c4625c7,ok,17499135.0,v1.12-1.13,0.0,0.0,0.0026109660574412,True,0.0,0.0,0.418,8.0,actuator_outputs,global,5076186,3487784,3.0,,C,,,,False,10.006251256589483,20.006580581756822,5.00639778370893,152.666211,144.95788499999995,False,False,0.0,0.0,,main
3db398ec-4543-452d-be0c-fbee213f6850,ok,17760256.0,v1.14-1.15,0.0,0.0,0.0,True,,,,4.0,actuator_motors,none,12998152,7132899,6.6,,C,ground_only_actuator_motors,0.0,4.0,True,10.002550510052474,20.002545349856696,1.9999676802975708,356.516981,0.0,,True,0.0,0.0,,main
337e6c98-00a9-46aa-90bc-4d0ee2c12592,ok,17695743.0,v1.14-1.15,0.0,0.0,0.0,True,6.341824331466019e-05,0.0037280000000095,0.332172358036041,4.0,actuator_motors,none,20525480,12075863,8.6,,C,,0.0,4.0,True,10.005686307581321,201.17754338375167,2.0001557859432086,168.120426,165.56614200000007,,True,0.0,0.0,,main
1c098bfc-3bb8-460e-b97e-388ed413af8c,ok,17695488.0,v1.14-1.15,0.0281848928974069,0.0,0.0,True,0.0017941242431038,0.7962880000000041,0.3183200567960738,5.0,actuator_motors,none,18252079,11020501,8.5,,A,,0.0,5.0,False,10.002314354820104,20.001930195209244,1.9999818456295178,446.925667,445.86041799999987,,False,0.0,0.0,,main
b76f538c-f2d1-4df8-ae3c-f25e27f03b07,ok,17761535.0,v1.14-1.15,0.0,0.0,0.0,True,0.0634170385431244,0.6439790000000585,0.3594947308301925,4.0,actuator_motors,none,89097756,52086539,20.1,,A,,0.0,4.0,True,10.001261927950504,200.31340761675713,1.9999831225787206,805.210534,795.2887900000007,,True,0.0,0.0,,main
7d202b7b-5b7f-47e0-bbbf-76004e252727,ok,0.0,,0.0,0.0,0.0,True,8.513536523071684e-05,0.0061910000000002,0.2786014504730701,4.0,actuator_motors,none,14331431,10100589,9.1,not_px4_v0,,,0.0,4.0,True,10.012409988962405,20.01191841785233,2.000104289461531,84.889524,82.22034200000003,,True,0.0,0.0,,main
3b154526-0c79-4fbf-a7b0-00cc7a82f4d0,ok,17826240.0,v1.16+,0.0,0.0,0.0,True,0.0463015245623941,3.101245000000006,0.408652052283287,4.0,actuator_motors,none,8411504,5456986,3.9,,C,,0.0,4.0,True,10.00547281310356,20.005470897275075,1.9999959780902796,182.78552,177.08996399999995,,True,0.0,0.0,,main
5f24708e-e67e-4195-92fe-0576fd1c2106,ok,17825920.0,v1.16+,0.0,0.0,0.0,True,0.0,0.0,0.1526490747928619,4.0,actuator_motors,none,4789064,3757314,3.5,,C,,0.0,4.0,True,10.010189118679826,20.009071806906434,2.000046867077617,97.330052,91.37703100000003,,True,0.0,0.0,,main
67757e9c-f4a5-44c0-920c-59ddd7a34a6a,ok,17760384.0,v1.14-1.15,0.0,0.0,0.0,True,0.0,0.0,0.1208738446235656,4.0,actuator_motors,none,6507334,3858675,3.7,,B,,0.0,4.0,True,10.005565790092026,20.00529308561125,2.0000358335110895,180.24899,174.87325699999994,,True,0.0,0.0003915363132230183,sensor_combined,main
9de0e0b0-23e7-4919-80af-bf29515381a8,ok,17629696.0,v1.12-1.13,,,0.0,True,,,,4.0,actuator_motors,none,4897541,2670166,12.3,,A,ground_only_actuator_motors,0.0,4.0,True,10.011964536570236,20.01331006330374,1.9999969101844142,83.913014,0.0,,True,0.0,0.0,,main
cb0d96b1-6153-49d6-bd07-c1e09294e97f,ok,17499135.0,v1.12-1.13,0.0,0.0,,False,0.0,0.0,0.385,8.0,actuator_outputs,global,33781460,18342738,12.6,,B,,,,False,44.76829042020947,100.85345023030989,0.0,244.945819,241.98203400000008,False,False,,0.01896350834639095,vehicle_attitude,main
8021348d-77bd-4af6-bdc7-3fb0d6929c16,ok,17761535.0,v1.14-1.15,0.0,0.0,0.0,False,0.0,0.0,0.0824142694473266,5.0,actuator_motors,none,174345381,64968921,36.2,,C,,0.0,5.0,False,7.2389649086175245,144.27142811526488,1.4013050456663536,613.876034,607.8099090000001,,False,0.0,0.2702208197558121,vehicle_attitude,main
6f5aa8b5-d6a4-4f3a-af2f-dca1cd3b9a4b,ok,17826047.0,v1.16+,0.0,0.0,0.0,True,4.4230453298959954e-05,0.0087469999999996,0.1470183268189428,4.0,actuator_motors,none,93646510,35162256,23.3,,B,,0.0,4.0,True,9.990248805318119,199.73672119030118,1.9951105024959148,204.686748,198.26000499999995,,True,0.0,0.00043879964134857583,vehicle_attitude,main
b23010b2-7545-4a4e-9677-e7a9e67cc31b,ok,17761280.0,v1.14-1.15,0.0,0.0,0.0,True,,,,4.0,actuator_motors,none,45581334,16697981,7.4,,A,ground_only_actuator_motors,0.0,4.0,True,8.298787297703058,166.63405646253275,1.5690948292920714,98.33509,0.0,,True,0.0,0.00244347101405268,vehicle_attitude,main
24618a8e-bb79-4653-90c4-4f9cf75ec004,ok,17629696.0,v1.12-1.13,0.0,0.0,0.0,True,0.0,0.0,0.155,6.0,actuator_outputs,per_channel,42348017,23718224,8.0,,C,,,,False,10.002600760822187,199.30203142012923,1.9999964067861167,354.183885,350.625284,False,False,0.0,0.0,,main
83c235fd-b754-424f-93a2-c06343f1bf78,ok,17826240.0,v1.16+,0.0,0.0,0.0,True,0.0019029495718363,0.1020690000000001,0.3566931188106537,4.0,actuator_motors,none,5402751,4039911,3.4,,C,,0.0,4.0,True,10.008950270706483,20.009104802325876,1.999979699321105,113.457688,105.07410599999999,,True,0.0,0.0,,main
f961eab3-0245-444c-9560-1ac22823f73c,ok,17695744.0,v1.14-1.15,0.8701298701298701,0.0,0.0,True,0.0,0.0,0.2560935914516449,4.0,actuator_motors,none,3369459,2404882,3.1,,C,,0.0,4.0,True,10.01313171243389,20.01327224826292,2.0002477412103685,76.235713,69.913337,,True,0.0,0.0,,main
85e50b6e-af28-4499-a0b5-c0ef964420e0,ok,17761535.0,v1.14-1.15,0.0,0.0,0.0,True,0.0,0.0,0.2089938856661319,4.0,actuator_motors,none,7444542,4862214,4.8,,C,,0.0,4.0,True,10.0055271969494,20.00497471774611,1.9999999113573446,180.641391,174.76005000000004,,True,0.0,0.0,,main
47796d62-84a7-4728-af1b-ee6e10f91bb7,ok,17694848.0,v1.14-1.15,0.0,0.0,0.0,True,0.0,0.0,0.276996748149395,4.0,actuator_motors,none,4325284,2663037,4.7,,B,,0.0,4.0,True,10.008459468092136,20.008575435162903,1.999817816596908,120.504372,120.334148,,True,0.0,0.0,,main
0c4e1ea4-2868-457f-9db0-b50b0ac51e9a,ok,17826047.0,v1.16+,0.0,0.0,0.0,True,0.0719424460431654,2.999771000000002,0.9999999403953552,4.0,actuator_motors,none,2548802,2073115,3.8,,A,,0.0,4.0,True,10.015083729040782,20.016960864016934,2.000067109689796,61.266087,55.62511099999999,,True,0.0,0.0,,main
d72b0201-ba6b-4711-b6f8-8357fb9a6bd9,ok,17694912.0,v1.14-1.15,0.0,0.0,0.0193986420950533,True,2.303165701256377e-05,0.0090419999999999,0.2812490835785866,4.0,actuator_motors,none,54924750,33267137,12.8,,A,,0.0,4.0,True,9.998325345135106,123.06899907921986,2.0000141439965495,618.383003,615.2711760000004,,True,0.0,0.0,,main
cf690400-8c76-42f6-9e59-23b88008cc0b,ok,17564416.0,v1.12-1.13,0.0,0.0,0.1843971631205673,True,,,,,actuator_outputs,none,7362781,3920200,3.3,,C,no_pwm_params,,,False,10.010529321445283,246.68659520872046,2.0116889364202972,84.091747,70.58049700000001,False,False,0.0,0.0,,main
a19b62b4-7e79-40a3-93ee-9ea23ce638f8,ok,17630207.0,v1.12-1.13,0.0,0.0,0.0,True,0.0,0.0,0.1759999999999999,6.0,actuator_outputs,per_channel,7560468,3979212,3.4,,B,,,,False,10.015399529480872,173.9834272420964,2.000177203199096,64.210997,54.44202300000001,True,True,0.0,0.0,,main
8e9b4478-eb94-494b-927e-ee59af880683,ok,17825984.0,v1.16+,0.0,0.0,0.0,True,0.0,0.0,0.1688522815704345,4.0,actuator_motors,none,13395544,8081514,3.7,,B,,0.0,4.0,True,9.6979395274938,230.57472548663952,1.9220085800021398,115.899813,103.77389099999996,,True,0.0,0.0293829819484499,vehicle_attitude,main
2d973c34-7464-4374-bc86-cd2308966aa6,ok,17694720.0,v1.14-1.15,0.0,0.0,0.0,True,0.0,0.0,0.106337022781372,4.0,actuator_motors,none,8050042,5205475,4.1,,C,,0.0,4.0,True,10.01360383074183,200.70304030339767,1.9999715139192478,74.159075,68.22834300000005,,True,0.0,0.0010056267325313712,vehicle_attitude,main
e45e561f-ce02-4d2e-97de-ba554fc5727c,ok,17694720.0,v1.14-1.15,0.0,0.0,0.0,True,,,,4.0,actuator_motors,none,11063708,5431134,4.9,,C,ground_only_actuator_motors,0.0,4.0,True,10.008801885061226,197.52057279483677,2.000088907177874,109.446151,0.0,,True,0.0,0.0,,main
4cc9fca3-78d8-4a1f-aeb9-c56a24fa7485,ok,17760511.0,v1.14-1.15,0.0,0.0,0.0,True,0.0,0.0,0.2253976136445999,4.0,actuator_motors,none,11653337,7283483,7.0,,C,,0.0,4.0,True,10.002875742421734,20.002682095563674,1.9999822490054766,325.910869,321.37825899999996,,True,0.0,0.0,,main
cfddc80a-b508-4bab-9902-a45718a8faf3,ok,17760511.0,v1.14-1.15,0.0,0.0,0.0,True,1.1846235858555944e-05,0.0029989999999884,0.2580401241779327,4.0,actuator_motors,none,30702769,18713383,11.0,,A,,0.0,4.0,True,9.874850908117,169.17794305651645,1.9867999449850813,304.657236,298.3107770000001,,True,0.0,0.013532195773249562,vehicle_attitude,main
c37a1a93-c58f-4c62-9d1d-07e51a3eb72f,ok,17630207.0,v1.12-1.13,0.0,0.0,0.0616844602609727,True,0.0,0.0,0.2274499999999998,6.0,actuator_outputs,per_channel,5480937,3479735,4.1,,C,,,,False,9.99377001654775,19.98811770698518,1.9999790835520845,167.810201,165.10819999999995,True,True,0.0,0.0005604407017136895,sensor_combined,main
64dc8aa1-9949-4fff-aae8-4308b203679f,ok,17171712.0,v1.12-1.13,0.0,0.0,0.0,False,0.0,0.0,0.0,4.0,actuator_outputs,global,12169216,6882290,3.7,,C,,,,False,9.851871479610264,31.745212163992353,0.0,327.580046,181.56588999999997,True,True,,0.0,,main
0ab6ab14-f65c-4932-abe1-04396fada6a3,ok,17761280.0,v1.14-1.15,0.0019493177387914,0.0,0.0,True,0.0537069740062583,4.669370000000001,0.9517944051198508,4.0,actuator_motors,none,52589983,28634450,13.3,,B,,0.0,4.0,True,9.99190267484595,170.77823891504465,1.999958125259786,507.296814,225.94084200000006,,True,0.0,0.0012220562357829296,vehicle_attitude,main
954f7308-8335-4da9-bc08-c286812ce798,ok,17761535.0,v1.14-1.15,0.0,0.0,0.0,True,0.0,0.0,0.1669257313013076,4.0,actuator_motors,none,136636460,62106385,34.8,,C,,0.0,4.0,True,10.001083965970336,136.9985958095995,1.9999938049711852,989.523721,985.4555139999981,,True,0.0,0.0,,main
bc92359c-b2d9-4cc4-afc6-7886ca068bf7,ok,17564671.0,v1.12-1.13,0.0710382513661202,0.0,0.0,True,,,,6.0,actuator_outputs,none,4031328,2605461,2.5,,A,no_pwm_params,,,False,10.009912757722132,20.011095694792598,2.010870283894448,91.470434,87.09184099999997,False,False,0.0,0.0,,main
8a9743fa-90fa-49e1-8d1b-a7b53280a8c7,ok,17891583.0,v1.16+,0.0,0.0,0.0,True,0.0,0.0,0.1454242467880249,4.0,actuator_motors,none,9099504,5721901,4.1,,B,,0.0,4.0,True,10.00003623608636,199.8453304984279,2.0000036595811643,70.907779,65.00999700000001,,True,0.0,0.0008432063133150715,vehicle_attitude,main
9e8f0dc0-d8c3-40bd-9756-262b72ea15fb,ok,17694848.0,v1.14-1.15,0.6181818181818182,0.0,0.0,True,0.017865019850022,0.0149800000000013,0.3580547973513603,4.0,actuator_motors,none,11384049,7016812,4.3,,C,,0.0,4.0,True,10.012295443207542,200.30783465423173,1.9999958518604553,80.945249,79.35284999999999,,True,0.0,0.0,,main
206ea0cf-efc7-4c29-b880-642df1d6bba5,ok,17630207.0,v1.12-1.13,0.0,0.0,0.0,True,0.0,0.0,0.2855931520462035,4.0,actuator_motors,none,6515762,3962178,3.0,,B,,0.0,4.0,True,10.005604411911232,20.00575843228012,2.00008514648195,164.514682,156.65728600000003,,True,0.0,0.0,,main
8c713b07-fd39-4b63-98ac-6f98831a2959,ok,17761535.0,v1.14-1.15,0.1733333333333333,0.0,0.0,True,0.6867816091954023,27.99891999999999,1.0,4.0,actuator_motors,none,2975127,2099936,3.0,,A,,0.0,4.0,True,10.013593722661138,20.012625438174616,2.000038568311311,73.95766,69.63263899999997,,True,0.0,0.0,,main
3479f981-c76b-4b56-92a3-11dc73d9b6a8,ok,17694975.0,v1.14-1.15,0.0,0.0,0.0,True,0.0,0.0,0.1989963933825493,4.0,actuator_motors,none,16731628,9372457,4.8,,B,,0.0,4.0,True,10.000340374122823,129.18424645379972,2.0000548257453143,164.904601,161.81111599999994,,True,0.0,0.0,,main
3ba646f6-c64f-4c8a-a4ca-4d5f0b5ceb86,ok,17629951.0,v1.12-1.13,0.0,0.0,0.0,True,0.0,0.0,0.27,6.0,actuator_outputs,per_channel,10061464,6557852,4.7,,A,,,,False,10.004129346723033,20.003888049865157,2.0000194706579832,245.867998,238.44154100000003,False,False,0.0,0.0,,main
731c4e2f-5813-4992-83eb-50e8c32c93ac,ok,17694720.0,v1.14-1.15,0.0,0.0,0.0,True,0.0,0.0,0.2361082911491393,4.0,actuator_motors,none,5759663,3678444,4.5,,C,,0.0,4.0,True,10.005798172612533,20.005863043908896,2.0000899578032465,173.109066,165.306154,,True,0.0,0.0,,main
48185401-9289-452e-9590-982239b7a84c,ok,17826047.0,v1.16+,0.0,0.0,0.0,True,5.522116074879894e-05,0.0112379999999916,0.2275409698486328,4.0,actuator_motors,none,28926651,16306734,14.7,,C,,0.0,4.0,True,9.659009557971824,173.1081321607832,1.9324016558303272,267.300417,264.02512000000013,,True,0.0,0.0346198974209566,sensor_combined,main
a05a5683-afae-4b01-b302-bfdf3a25870a,ok,17760256.0,v1.14-1.15,0.0,0.0,0.0,True,0.0,0.0,0.1480379194021225,4.0,actuator_motors,none,11394249,7373057,4.0,,C,,0.0,4.0,True,10.003900803158112,20.003515621460476,2.0000349934180144,278.197782,273.4180279999999,,True,0.0,0.0,,main
6e31faa0-5881-453f-b68b-b56366188b9c,ok,17694720.0,v1.14-1.15,0.0,0.0703517587939698,0.0,True,0.9780334728033472,79.897885,1.0,4.0,actuator_motors,none,4614518,3074462,7.7,,C,,0.0,4.0,True,10.010280936847368,20.009321255910148,2.0001473954772977,97.63834,95.526985,,True,0.0,0.0007613729944085185,sensor_combined,main
a6b0431d-30a3-4b42-a8ce-af3cf6f4617d,ok,17695743.0,v1.14-1.15,0.0,0.0,0.0,True,0.0,0.0,0.4331878323107955,4.0,actuator_motors,none,21373349,13081857,10.1,,A,,0.0,4.0,True,10.005265746555967,220.4743760849372,2.000031436958222,181.000711,176.21281200000007,,True,0.0,0.0,,main
b7460220-afce-4422-b49c-1af1e885b58f,ok,17760256.0,v1.14-1.15,0.0,0.0,0.0,True,0.0052692133511217,1.839513999999952,0.3038940250873563,4.0,actuator_motors,none,72490622,43006743,21.8,,A,,0.0,4.0,True,10.001654493905079,202.75669590596638,1.999978421102392,575.584788,571.9073879999994,,True,0.0,0.0,,main
8ec9b95b-1725-4c54-b616-4a947e84e2c3,ok,17891392.0,v1.16+,0.0,0.0181236673773987,0.0,True,0.0491767764298093,7.199999999999996,0.2447554916143417,4.0,actuator_motors,none,109453953,54605947,26.1,,C,,0.0,4.0,True,124.99892647652419,249.99785295304838,100.00085881878066,465.276,461.62,,True,0.0,0.0,,main
34f52804-51a8-4065-9390-6df62d0591b8,ok,17695744.0,v1.14-1.15,0.0,0.0,0.0,True,0.7425876010781671,14.600593,1.0,4.0,actuator_motors,none,3163346,2204472,2.3,,C,,0.0,4.0,True,10.016808529041771,19.98743268281453,2.0127983470349893,83.973346,74.22147499999998,,True,0.0,0.0039152930821879555,sensor_combined,main
55bc60e0-36cf-4b03-b47b-56804a060a4e,ok,17694720.0,v1.14-1.15,0.0,0.0,0.0,True,0.1656339370829361,33.30257399999999,1.790740966796875,6.0,actuator_motors,none,16834717,10157420,4.4,,A,,63.0,6.0,False,10.002342647671753,20.002299824110207,2.0000382271907164,419.877525,419.6734789999998,,False,0.0,0.0,,main
4dc9db60-62d0-43e0-ad1f-423ae26faeb6,ok,17760256.0,v1.14-1.15,0.0,0.0,0.0,True,0.0,0.0,0.3073674276471138,4.0,actuator_motors,none,12577886,8347252,3.8,,C,,0.0,4.0,True,9.996711264450783,19.990568804954577,1.999948482096312,312.150563,305.91733100000005,,True,0.0,0.0006617310069937759,sensor_combined,main
466e9f8d-74bd-4430-a2eb-21b6b1341922,ok,17694720.0,v1.14-1.15,0.0,0.0,0.0,True,0.0,0.0,0.6273448299616575,5.0,actuator_motors,none,4082862,2006836,4.5,,B,,16.0,5.0,False,9.999204389633423,19.998643205083603,1.9998722566069131,80.36719,77.60509599999999,,False,0.0,0.0,,main
38992d36-fcac-430f-b395-bd3e592625e9,ok,17630207.0,v1.12-1.13,0.0,0.0,0.0,True,0.0,0.0,0.286,6.0,actuator_outputs,per_channel,12359221,7312040,6.5,,B,,,,False,10.003089123543235,20.00284536038209,2.000014392195824,303.886887,298.833028,False,False,0.0,0.0,,main
347573d7-fe0f-404c-bf87-ba9912f56528,ok,17760512.0,v1.14-1.15,0.0,0.0,0.0,True,0.4237478897017445,7.0000009999999975,0.4009849786758422,4.0,actuator_motors,none,10068193,7085422,6.7,,C,,0.0,4.0,True,10.005525304111616,20.005529744936347,2.000000409972383,180.831058,177.70978000000002,,True,0.0,0.0,,main
eeda974c-74c0-4295-9fb2-3c71108bedd4,ok,17694720.0,v1.14-1.15,0.0,0.0,0.0,True,0.0,0.0,0.2143415793776512,4.0,actuator_motors,none,42999881,15338840,10.6,,C,,0.0,4.0,True,10.005621690240016,259.15627363742396,97.69284859092575,168.577548,167.74524399999999,,True,0.0,0.0035811816783200773,sensor_combined,main
57fe6283-8b08-49c6-9294-64ad840bb48b,ok,17695743.0,v1.14-1.15,0.0,0.0,0.0,True,0.0,0.0,0.178725616633892,4.0,actuator_motors,none,2606951,1893455,2.3,,C,,0.0,4.0,True,9.999333193637309,20.000107310920605,1.9999973888922977,71.938004,64.71059699999999,,True,0.0,0.0,,main
83b2642f-88cc-450a-a1a3-3ab2810c55bb,ok,17694976.0,v1.14-1.15,0.0,0.0,0.6596958174904943,True,0.018559538193046,0.2204080000000061,0.449909545481205,4.0,actuator_motors,none,13276857,7524949,4.6,,B,,0.0,4.0,True,10.009612278335705,200.13505995541698,2.000042106149603,104.696738,104.438299,,True,0.0,0.0,,main
20036397-7886-4706-b7d6-1d823a56cecd,ok,17695488.0,v1.14-1.15,0.0,0.0,0.2446043165467626,True,0.0031662269129287,0.1023489999999966,0.1913828372955322,4.0,actuator_motors,none,8364001,5478464,4.3,,B,,0.0,4.0,True,10.005215784866616,20.005322640743145,2.0001040570932442,193.884354,189.488599,,True,0.0,0.0,,main
240921fa-165e-41f2-9132-e1617db7a400,ok,17826240.0,v1.16+,0.0,0.0,0.0,True,0.0,0.0,0.1803013198077678,4.0,actuator_motors,none,4933918,3542013,3.0,,B,,0.0,4.0,True,10.008690729773335,20.008357246905486,1.9999764165676852,110.673608,103.52964899999995,,True,0.0,0.0,,main
50562055-8025-4462-92dd-19c2b7e7436a,ok,17499135.0,v1.12-1.13,0.0,0.0,0.0,True,0.0,0.0,0.357,8.0,actuator_outputs,global,5667646,3839431,3.1,,A,,,,False,9.968739254616345,19.955135294590544,5.0000953733557045,158.764415,150.143421,False,False,0.0,0.002541475985091113,sensor_combined,main
f896ae44-e566-4dbe-a6b6-d732217438fd,ok,17761280.0,v1.14-1.15,0.0089020771513353,0.0,0.0618181818181818,True,0.006900878293601,1.102602999999995,0.2437947146594524,4.0,actuator_motors,none,6833231,4080638,4.1,,B,,0.0,4.0,True,10.005650581881099,20.005835268030168,2.0000099390737827,164.316698,159.41438700000006,,True,0.0,0.0,,main
ad1e886a-1e61-4349-a78e-f1c71f818f55,ok,17891392.0,v1.16+,0.0,0.0,0.0,True,,,,4.0,actuator_motors,none,26808359,13773375,9.5,,A,ground_only_actuator_motors,0.0,4.0,True,10.004372965228868,199.99562389277904,2.0000304829207374,228.287949,0.0,,True,0.0,0.0,,main
c8ee2271-9b2c-4308-8861-d886573247ad,ok,17760511.0,v1.14-1.15,0.0,0.0,0.0,True,,,,4.0,actuator_motors,none,15623401,7380150,4.6,,C,ground_only_actuator_motors,0.0,4.0,True,10.00302281651791,20.003069811231452,2.0000105247930167,334.185691,0.0,,True,0.0,0.0,,main
60ad4c95-397b-4e5c-bd88-e638a6836ae4,ok,17761535.0,v1.14-1.15,0.0,0.0,0.1662269129287599,True,0.0,0.0,0.1713901154696941,4.0,actuator_motors,none,2829107,1930869,2.2,,B,,0.0,4.0,True,10.012269870960804,20.01264587164562,1.9998294278819977,75.150074,73.835553,,True,0.0,0.0,,main
0ea65be0-6177-47f1-a0f9-16431e597d28,ok,17761535.0,v1.14-1.15,0.0,0.0,0.0,True,0.0569444444444444,0.2000209999999995,0.5912974864244459,4.0,actuator_motors,none,2471791,1724922,2.2,,B,,0.0,4.0,True,10.012588640382637,19.999278948555617,2.000089500603639,74.266747,71.99762799999998,,True,0.0,0.0,,main
2c428e28-060e-4d38-aaa9-5e36aeaa3fb1,ok,17761535.0,v1.14-1.15,0.0,0.0,0.0,True,0.0,0.0,0.1471071869134902,4.0,actuator_motors,none,3267161,2102034,2.5,,B,,0.0,4.0,True,10.011678945429079,20.01068507457793,2.000185877146163,79.109155,77.32039999999998,,True,0.0,0.0,,main
a9cb8670-61c3-4d25-84e5-e5a87e17b24b,ok,17629184.0,v1.12-1.13,0.9484536082474226,0.0,0.0,True,0.0,0.0,0.1377805352210998,4.0,actuator_motors,none,4646049,3013435,3.2,,C,,0.0,4.0,True,9.999466350080848,20.00036992750449,2.0000131627163857,144.845067,140.64451400000002,,True,0.0,0.0,,main
4be69fd3-58c4-4dc0-a361-6a5f2b710cb3,ok,17695487.0,v1.14-1.15,0.0,0.0,0.1019736842105263,True,0.0129586445080733,0.7804289999999998,0.139478488266468,4.0,actuator_motors,none,26904136,16353488,8.4,,C,,0.0,4.0,True,10.004105882666213,171.7493027902009,1.9999743425971968,242.65255,237.1389969999998,,True,0.0,0.0,,main
51fd7f15-aeec-456f-8a9b-489bb3d7e2b6,ok,512.0,,,,0.0,True,0.2268712226871222,9.202017999999995,0.734955683350563,4.0,actuator_motors,none,15338482,8638068,7.1,not_px4_v0,,,0.0,4.0,True,10.004600184161921,20.00433408843793,2.0000087465820298,217.495242,215.119996,,True,0.0,0.0,,main
e508fd89-1311-4ff5-aded-291a7b48dd58,ok,17760768.0,v1.14-1.15,0.0,0.0,0.0,True,0.0,0.0,0.0908967748284338,4.0,actuator_motors,none,4244347,2787191,5.7,,C,,0.0,4.0,True,10.009010419784168,20.00834263763878,1.99999995020747,121.125831,114.77851400000002,,True,0.0,0.0,,main
034dc67c-5f97-47e9-a96a-b06467cab9dd,ok,17761535.0,v1.14-1.15,0.0190114068441064,0.0,0.0851393188854489,True,0.0278884462151394,2.400107000000005,0.5237529232518334,4.0,actuator_motors,none,5167716,3442272,5.5,,C,,0.0,4.0,True,10.007778038880629,20.00701984085603,2.000021167539205,129.005713,125.48469399999996,,True,0.0,0.0,,main
bbf258a8-bbb2-4014-9462-de6a7bcee3c4,ok,17564416.0,v1.12-1.13,0.0,0.0,0.0,True,0.0015460375629867,0.0487490000000008,0.635,6.0,actuator_outputs,bus,32833536,14328574,9.7,,B,,,,False,8.87121412192065,176.57559723998125,1.8079620381180412,214.305909,139.07501300000004,True,True,0.0,0.05772436084623478,vehicle_attitude,main
38577cd0-1a48-4702-af1e-85451abc06a7,ok,17891583.0,v1.16+,0.0,0.0,0.0,True,0.0,0.0,0.0967787593603134,4.0,actuator_motors,none,4581161,3137166,3.8,,C,,0.0,4.0,True,10.008414092807989,20.00816128302148,2.0000106725460345,114.944978,107.48828200000003,,True,0.0,0.0,,main
63a26cfa-030f-4f7a-bcd5-558c2bbccb62,ok,17956928.0,v1.16+,0.0,0.0,0.0,True,0.0,0.0,0.3361064702272415,4.0,actuator_motors,none,15079770,9894392,8.5,,C,,0.0,4.0,True,10.00846531982494,198.16184785132975,2.000052228438105,114.744608,105.42548500000005,,True,0.0,0.0,,main
55d0de69-060e-4e0a-9ae1-82a96756641b,ok,17891583.0,v1.16+,0.0,0.0,0.0,True,,,,7.0,actuator_motors,none,6708958,3463963,4.4,,C,ground_only_actuator_motors,0.0,7.0,False,10.005547006542638,20.00526688856538,1.9999436325410709,169.259653,0.0,,False,0.0,0.0,,main
72ada25d-dc54-4d7f-b24b-fc924a771a28,ok,17629439.0,v1.12-1.13,0.0,0.0,0.0,True,0.0,0.0,0.379,6.0,actuator_outputs,per_channel,20066484,12690748,7.5,,C,,,,False,10.005605712235973,245.14082315264207,2.0000327043470953,170.995915,170.780423,False,False,0.0,0.0,,main
bf2a493b-60e8-421e-9b7c-48b5dd287e91,ok,17499135.0,v1.12-1.13,0.0,0.0,0.0,True,0.0,0.0,0.3487499999999999,8.0,actuator_outputs,global,2455173,1813492,2.6,,B,,,,False,9.999870803484628,19.99822903060225,4.999931819111557,66.000573,60.96116299999998,False,False,0.0,0.0,,main
2bea87a2-bfb6-4b93-9af0-c5aba97d2948,ok,17694720.0,v1.14-1.15,0.0,0.0,0.0,False,0.0170316301703163,12.900850999999989,0.3076440453529357,4.0,actuator_motors,none,31500750,18705923,12.1,,B,,0.0,4.0,True,9.99875208620089,19.99614300936758,1.9999847699369502,782.275983,780.3597479999984,,True,0.0,0.0002571786512669708,sensor_combined,main
dd1ccb85-ba42-45c2-baae-7b2d52a34b36,ok,17761535.0,v1.14-1.15,0.0,0.0,0.0,True,0.0,0.0,0.1899944469332695,4.0,actuator_motors,none,33079166,18912251,15.9,,C,,0.0,4.0,True,10.00343627445917,207.44507614493304,1.9999776191252276,276.064793,272.0741339999999,,True,0.0,0.0,,main
23e13b20-5621-498c-99e1-b4c69bfc6caf,ok,17694720.0,v1.14-1.15,0.0,0.0,0.0,True,0.1648068669527897,30.098462999999924,0.4083949655294417,4.0,actuator_motors,none,244443094,81274106,39.0,,C,,0.0,4.0,True,100.04511894559226,20.000034788257373,100.0461728333767,933.22575,931.9608320000006,,True,0.0,0.0,,main
5bd0eaea-cf78-446a-8225-e7db3487e323,ok,17761280.0,v1.14-1.15,0.0,0.0,0.0,True,0.0163132137030995,0.2000210000000066,0.2455901861190795,4.0,actuator_motors,none,2902451,2402883,2.8,,B,,0.0,4.0,True,9.984688160097239,19.954190857179064,1.9999926154118814,65.427525,61.599877000000006,,True,0.0,0.0032051283518831665,sensor_combined,main
e93b0cff-12a9-4ea8-aa74-58dde569d81a,ok,17760767.0,v1.14-1.15,0.0,0.0,0.0,True,0.0607082630691399,0.9974629999999998,0.6805737793445588,5.0,actuator_motors,none,2990036,2389143,5.1,,B,,0.0,5.0,False,10.014474224000672,20.01385529350297,2.000097456600515,67.76058,59.22109200000001,,False,0.0,0.0,,main
b749c21a-3f08-4731-bf76-46a8f9c9415b,ok,17694720.0,v1.14-1.15,0.0190930787589498,0.0,0.0448045757864632,False,0.7806048967834853,28.998003,0.99999999977443,4.0,actuator_motors,none,8249117,5082572,5.5,,C,,0.0,4.0,True,10.004897244454638,20.004545498491943,1.9999619146008605,209.4094,208.02313999999984,,True,0.0,0.0,,main
dc27a2f2-45be-4796-84d2-a8b0fc0a626c,ok,17695488.0,v1.14-1.15,0.0,0.0,0.0,True,0.011204481792717,0.4972880000000046,0.5327685594558715,4.0,actuator_motors,none,3425758,2380181,2.6,,C,,0.0,4.0,True,10.011142755481297,20.010656863915255,1.9998420346997259,90.321502,71.39063799999998,,True,0.0,0.0,,main
f9a3fa09-d3a0-4b62-a650-655b730511a7,ok,17694975.0,v1.14-1.15,0.0,0.0,0.0433734939759036,True,0.0007504232037835,0.0131490000000127,0.1958662867546081,4.0,actuator_motors,none,46236463,20852989,12.1,,C,,0.0,4.0,True,6.577742082494305,123.28740158160124,1.3439249268989824,126.638875,119.71853800000002,,True,0.0,0.1501176065115087,vehicle_attitude,main
5c45ba46-2ba3-4111-af19-a24264795d85,ok,17891392.0,v1.16+,0.2415219189412737,0.0,0.0,False,0.7606592619132927,17.80000000000001,1.0,4.0,actuator_motors,none,172045465,65516587,28.0,,B,,0.0,4.0,True,125.0,250.00000000000003,100.0009918273427,604.8,278.67199999999997,,True,0.0,0.0,,main
83ccf23c-a423-4e36-9eae-98a1774fe9ed,ok,17826047.0,v1.16+,0.0,0.0,0.0,True,0.0705329153605015,5.002485000000007,0.8031650744378567,4.0,actuator_motors,none,5826782,4100155,2.7,,A,,0.0,4.0,True,10.006964996995595,20.00712414931355,2.0001034959921373,133.540813,127.61496200000002,,True,0.0,0.0,,main
88003df3-bc15-4eec-b47d-5fc947541179,ok,17694720.0,v1.14-1.15,0.0,0.0,0.0,False,0.0,0.0,0.1578238368034362,4.0,actuator_motors,none,4591674,3037036,4.0,,C,,0.0,4.0,True,10.009177997234618,20.00993237201275,2.000163789113273,107.585742,105.24846399999994,,True,0.0,0.0,,main
e9dcb484-1362-483d-93bc-691021c96b9a,ok,17760512.0,v1.14-1.15,0.0,0.0,0.0,True,,,,4.0,actuator_motors,none,14619496,7611283,5.3,,C,ground_only_actuator_motors,0.0,4.0,True,9.99186711742885,169.68990497994437,1.9921757025845115,128.417937,0.0,,True,0.0,0.0023976533157682714,sensor_combined,main
2b4ef308-ff9d-4d01-aa38-7a53efc8fe79,ok,17891583.0,v1.16+,0.0,0.0,0.0,True,0.0272572402044293,0.8987529999999992,0.4345772281289099,4.0,actuator_motors,none,3187524,2793595,3.4,,A,,0.0,4.0,True,10.015334658343193,20.015335486448055,2.0000001240310157,64.840551,58.749948999999994,,True,0.0,0.0,,main
4d28a7cf-ef09-4bae-b4b3-8eb8f7ffc135,ok,17956928.0,v1.16+,0.0,0.717948717948718,0.0,True,0.0,0.0,0.0731731295585632,4.0,actuator_motors,none,35957664,17796010,9.0,,A,,0.0,4.0,True,124.99346165916938,249.973847320658,100.00915415598682,152.472,148.232,,True,0.0,0.0,,main
efe75f5d-87ba-4204-b10a-139c0da4c698,ok,17891392.0,v1.16+,0.0,0.1137724550898203,0.0,True,0.3045212765957447,0.7980900000000002,0.5397508248686789,4.0,actuator_motors,none,3585479,2803368,4.7,,C,,0.0,4.0,True,10.012456445814461,20.012597692894772,2.000077789188983,79.898628,75.22057100000002,,True,0.0,0.0,,main
98e4e0fc-2dbe-4000-ab26-dd029270a10b,ok,17694975.0,v1.14-1.15,0.0174672489082969,0.0,0.0,True,0.0302869619463505,0.0338650000000058,0.418786472082138,4.0,actuator_motors,none,12769494,7466588,5.0,,B,,0.0,4.0,True,10.008410749106826,199.2911808876521,1.999959401705185,113.558944,112.20773899999999,,True,0.0,0.0,,main
86336754-84a6-44b7-9a89-f11bdbdde578,ok,17760511.0,v1.14-1.15,0.0,0.0,0.0,True,0.0,0.0,0.2443479001522064,4.0,actuator_motors,none,12118247,7514896,5.0,,B,,0.0,4.0,True,9.991952628345079,159.46498434768108,2.000136819931894,113.873403,107.12951200000003,,True,0.0,0.0013372766657986366,vehicle_attitude,main
f0e77c32-0a0a-42bd-ac69-8fa3d067a4bc,ok,17761535.0,v1.14-1.15,0.0,0.0,0.0,True,0.0,0.0,0.2252084016799926,4.0,actuator_motors,none,15473718,9692782,6.0,,B,,0.0,4.0,True,10.002792510929323,20.00265984787154,1.9999798178980308,373.214609,364.46345000000014,,True,0.0,0.0,,main
e9e3e5ea-005b-43ac-a1fa-10f2e6ccc044,ok,17825984.0,v1.16+,0.0,0.0,0.0,True,0.0,0.0,0.0790535865351557,4.0,actuator_motors,none,2679758,1981734,2.4,,A,,0.0,4.0,True,10.013808781835356,20.013254442935256,2.000252031756001,69.015597,59.95912000000001,,True,0.0,0.0,,main
ecf120e7-69cb-40b5-b70b-e7fb4ac51660,ok,17760256.0,v1.14-1.15,0.0,0.0,0.0,True,0.0315763177616787,0.6788560000000006,0.49701030254364,4.0,actuator_motors,none,9845031,5557583,4.2,,B,,0.0,4.0,True,9.972722453637022,205.2969735223584,2.000162959222718,74.110002,70.325905,,True,0.0,0.006233681089975559,vehicle_attitude,main
246b64b2-7c57-46fa-9503-1cb6ce5f8aee,ok,17695743.0,v1.14-1.15,0.0398230088495575,0.0,0.0843806104129264,True,0.060320452403393,3.401404999999997,0.4763925969600677,4.0,actuator_motors,none,4533988,3145505,3.7,,B,,0.0,4.0,True,10.009424881669606,20.009025473999554,1.999994316758231,110.814791,106.061115,,True,0.0,0.0,,main
066cbcb5-0eb3-4dab-93b2-a6ea40654ffb,ok,17630207.0,v1.12-1.13,0.0,0.0,0.0,True,0.0,0.0,0.372,6.0,actuator_outputs,per_channel,11804855,5569443,4.8,,B,,,,False,10.009912305690678,199.35117734495208,1.9999508554789784,99.898005,93.492134,True,True,0.0,0.0,,main
428891ce-3265-430e-b3d2-f4ff7af464d7,ok,17891583.0,v1.16+,0.0,0.0,0.0,True,0.5908319185059423,8.000539,0.9999999403953552,4.0,actuator_motors,none,2843689,2316053,2.6,,A,,0.0,4.0,True,10.015475990296187,20.015162604731696,1.9997020766438394,62.161771,58.83012299999997,,True,0.0,0.0,,main
937093cf-2302-439f-af98-481fb6439fa9,ok,17891392.0,v1.16+,0.0,0.0,0.0,True,0.0,0.0,0.1973824858194457,4.0,actuator_motors,none,27642880,9486800,6.7,,B,,0.0,4.0,True,10.007111396886332,204.7214801256251,1.9999732138419,133.510349,131.56222699999992,,True,0.0,0.0005920654804129116,vehicle_attitude,main
808a070e-2e44-47b2-9be2-b25a6718b2f4,ok,17760256.0,v1.14-1.15,0.0,0.0,0.0,True,0.0,0.0,0.2461489781737327,4.0,actuator_motors,none,7370297,4863976,3.7,,A,,0.0,4.0,True,10.005505123525175,20.00562265180187,2.000034042621482,167.077442,156.209156,,True,0.0,0.0,,main
2b60937f-fe36-4ba7-9117-52b34d6a82de,ok,17761023.0,v1.14-1.15,0.0,0.0,0.0,True,0.0,0.0,0.1072257429361343,4.0,actuator_motors,none,5247324,3695795,6.3,,C,,0.0,4.0,True,10.00782509360141,20.007392643478756,1.9998703055996192,124.521417,117.01056299999998,,True,0.0,0.0,,main
bb04f892-4318-4770-96dc-14da356aba06,ok,17761280.0,v1.14-1.15,0.0,0.0,0.1298200514138817,True,0.0236000272832685,3.211186999999996,0.225395835761058,4.0,actuator_motors,none,18895500,11460710,10.0,,C,,0.0,4.0,True,10.006182262403861,212.50629843430096,2.0000432783558426,154.979227,154.80017999999993,,True,0.0,0.0,,main
1bb11f9e-7bc5-46b9-8ff4-e84f4382d0d8,ok,17825920.0,v1.16+,0.0081065431383902,0.0,0.0,True,0.0,0.0,0.0810288712382316,4.0,actuator_motors,none,36909235,21069225,11.0,,A,,0.0,4.0,True,10.00120890787819,20.001049123497747,2.0000027479712554,861.595633,807.5731169999999,,True,0.0,0.0,,main
2236b3c0-896f-453f-9ef8-c4616b3e562a,ok,17760511.0,v1.14-1.15,0.4228187919463087,0.0,0.0,True,0.0,0.0,0.2126393675804137,4.0,actuator_motors,none,2620549,2032209,3.1,,C,,0.0,4.0,True,10.013875433455311,20.014133666980552,2.0000452975776364,72.788764,68.493836,,True,0.0,0.0,,main
57325fdd-5090-4286-bf72-7b9a3308d7be,ok,17761535.0,v1.14-1.15,0.0,0.0,0.0,True,0.0,0.0,0.172263440489769,4.0,actuator_motors,none,4590063,3084368,3.9,,C,,0.0,4.0,True,10.008906059723284,20.008893691023374,2.000004464295679,112.116687,110.73988800000001,,True,0.0,0.0,,main
8ea36d0e-4220-48d1-aad7-bf22b71ebcc4,ok,17761535.0,v1.14-1.15,0.1745562130177514,0.0,0.0,True,0.0024183796856106,0.1007859999999993,0.3880424678325652,4.0,actuator_motors,none,11367402,7502479,8.0,,A,,0.0,4.0,True,10.006059087169621,20.005739337929146,2.000038580625875,169.360167,165.42261399999998,,True,0.0,0.0,,main
5967b380-f747-43af-aa78-72c9bcd60cf0,ok,17695488.0,v1.14-1.15,0.0,0.0,0.0,False,0.0,0.0,0.0833234578371045,4.0,actuator_motors,none,6347904,1733165,9.4,,C,,0.0,4.0,True,10.01412825308532,20.014419023234627,1.9998811945577861,64.998443,56.102534000000006,,True,0.0,0.0,,main
dc9dafac-2f16-46d2-b84a-1943ad76ac66,ok,17630207.0,v1.12-1.13,0.0,0.0,0.0,True,0.0252025202520252,2.502751999999999,0.6445714285714286,6.0,actuator_outputs,bus,4043315,2641492,2.9,,A,,,,False,10.00810594912212,20.008254219820987,1.999973398583911,113.221312,111.15133399999998,False,False,0.0,0.0,,main
7c26fd6f-458b-4e48-9d11-fec781306a1e,ok,17825984.0,v1.16+,0.0,0.0,0.0,True,0.0024066699137609,0.2456449999999996,0.2683122605085373,4.0,actuator_motors,none,17410592,9830938,7.7,,B,,0.0,4.0,True,10.00767194003784,200.47880118721778,2.000006725122215,126.036823,122.16291299999997,,True,0.0,0.0,,main
ee223dc9-6f53-485f-9dca-3a59df928882,ok,17630207.0,v1.12-1.13,0.0,0.0,0.0,True,0.0,0.0,0.2221691776067016,4.0,actuator_motors,none,44405914,17104195,11.7,,C,,0.0,4.0,True,9.907864944073134,19.795702793669438,1.984756300047965,197.860584,190.67549000000017,,True,0.0,0.010500525832013547,sensor_combined,main
6e0cf7b4-e2bb-4091-b5a5-ebe85a2182f2,ok,17569792.0,v1.12-1.13,0.0,0.0,0.0,True,0.0,0.0,0.2493333333333333,6.0,actuator_outputs,bus,125462476,65618152,27.4,,C,,,,False,9.717831292635774,193.08628718073567,1.9402988288217609,1038.558836,1034.8325079999993,False,False,0.0,0.02834553577539166,vehicle_attitude,main
5980a2fa-75ef-443f-9113-de20ca01b41d,ok,17630207.0,v1.12-1.13,0.0,0.0,0.0,True,0.0,0.0,0.4649999999999999,6.0,actuator_outputs,per_channel,6013356,3133656,2.6,,B,,,,False,6.1792159060780145,137.05452178839448,1.1778805516731166,82.322982,80.49624099999998,False,False,0.0,0.38910758713521215,vehicle_attitude,main
f40317f3-03a7-4919-98b1-b8dde17d3b93,ok,17826047.0,v1.16+,0.0,0.0,0.0,True,0.0,0.0,0.2544376015663147,4.0,actuator_motors,none,8935635,6191035,5.4,,C,,0.0,4.0,True,10.004994375426678,20.00546193274052,2.0000423011491275,196.638606,189.43991100000002,,True,0.0,0.0,,main
9a1afc2b-849e-4d6d-a678-ecda9ac61122,ok,17760511.0,v1.14-1.15,0.0,0.0,0.0,True,0.0041570438799076,1.8031990000000064,0.2469110772013665,4.0,actuator_motors,none,17082517,10518768,5.2,,B,,0.0,4.0,True,10.002245909086556,20.001977983514934,2.000012566289001,438.543132,433.00514999999996,,True,0.0,0.0,,main
8b084765-595a-44b5-b51d-abf41ac32d94,ok,17694720.0,v1.14-1.15,0.0090560780215952,0.0,0.0,True,0.0,0.0,0.1644738838076591,4.0,actuator_motors,none,4356504,2997696,3.9,,C,,0.0,4.0,True,10.010351088038535,20.010579973579752,1.9998834353654815,98.719224,97.00517500000001,,True,0.0,0.0,,main
b06009dc-fe97-436d-8e18-a1052544ff4c,ok,17694720.0,v1.14-1.15,0.0,0.0,0.0,True,0.0193198056587596,1.8454510000000008,0.4042832031846045,4.0,actuator_motors,none,14470298,9018674,4.4,,B,,0.0,4.0,True,10.007516108204237,219.6220274780296,1.9999390701293736,124.931107,122.46422599999998,,True,0.0,0.0,,main
6babba16-d57f-4b3c-be8d-c8aae86b2fb4,ok,17301504.0,v1.12-1.13,0.0,0.0,0.0,True,0.001150747986191,0.099513,0.3572571428571428,6.0,actuator_outputs,global,4633853,2655998,3.0,,A,,,,False,9.856993563922991,31.716246069181437,0.0,133.388704,88.23200200000001,False,False,,0.0,,main
192db00f-8dac-49f3-94a4-841210a59812,ok,17826240.0,v1.16+,0.0,0.0,0.0,True,0.0233466267863077,2.9725250000000045,0.2517799213528633,4.0,actuator_motors,none,10332937,3454887,5.4,,C,,0.0,4.0,True,1.8440374525183651,33.87425902510196,0.3434354119000694,100.123124,102.04704999999998,,True,0.0,0.8331456486239,vehicle_attitude,main
f03a00d9-bc7b-4ee1-98ac-2c4a713434f0,ok,17499135.0,v1.12-1.13,0.0,0.0,,True,0.0,0.0,0.383,8.0,actuator_outputs,global,29832251,15680143,15.7,,C,,,,False,97.45549026356356,194.60529184862708,0.0,116.887574,109.26501800000003,False,False,,0.024857820194349383,vehicle_attitude,main
4fc60bed-c636-4fbe-bfbd-a6980689c55e,ok,17694975.0,v1.14-1.15,0.0,0.0,0.0,True,0.0,0.0,0.2253684550523758,4.0,actuator_motors,none,9874517,6344040,7.3,,C,,0.0,4.0,True,10.010196553221894,156.5500638641215,1.9999125144653245,94.23751,88.64150400000001,,True,0.0,0.0,,main
4c162248-b152-4f95-94e8-9efd15fce1fc,ok,18286080.0,v1.16+,0.0,0.0,0.0,True,0.0,0.0,0.2306666666666667,6.0,actuator_outputs,bus,42171497,20423572,16.2,,B,,,,False,9.737064160414853,192.91662403622857,1.9480073355901226,328.668943,214.90075500000012,False,False,0.0,0.02688146117544996,vehicle_attitude,main
a6c736f0-5515-45ad-98d5-26e13dd9a275,ok,17564928.0,v1.12-1.13,0.0,0.0,0.0,True,,,,4.0,actuator_outputs,global,63058137,22457855,17.1,,C,ground_only_actuator_outputs,,,False,24.567675254251856,24.568207663088042,1.9653039791901925,750.517727,0.0,True,True,0.0,0.017362534395823727,sensor_combined,main
9d5cc891-aa15-4e6c-8345-a870faab47c9,ok,17695488.0,v1.14-1.15,0.242152466367713,0.0,0.0,True,0.0,0.0,0.2154242426156994,4.0,actuator_motors,none,4431300,2888035,2.8,,B,,0.0,4.0,True,10.008694415991071,20.00907220989849,1.9999801083059499,111.560674,107.16068800000004,,True,0.0,0.0,,main
57cc06f6-45b0-457d-bbe7-e2754611c50d,ok,17629951.0,v1.12-1.13,0.0,0.0,0.0,True,0.0388185654008438,4.598218000000003,0.2377505331063633,4.0,actuator_motors,none,5619786,3750286,2.7,,B,,0.0,4.0,True,10.007709081041993,20.007503861883542,2.000002558707727,123.762348,118.438739,,True,0.0,0.0,,main
df14c679-3e75-46f5-a495-7ed0285cd9ff,ok,17761535.0,v1.14-1.15,0.0,0.0,0.0,True,0.6221692491060786,12.901248,1.0,4.0,actuator_motors,none,3442244,2454091,2.5,,A,,0.0,4.0,True,10.011633471636346,20.011608590208176,1.999999719298285,85.945675,83.889596,,True,0.0,0.0,,main
fc21efd8-a759-457b-b337-4799e3805bae,ok,17760767.0,v1.14-1.15,0.0,0.0,0.0,True,0.1935628073312472,3.5976630000000114,0.8062538852335817,4.0,actuator_motors,none,9362413,6314823,3.3,,B,,0.0,4.0,True,10.004438942471744,20.00399253936778,2.000041390611585,225.445537,223.71611300000006,,True,0.0,0.0,,main
eba7d0eb-916a-44a9-b756-f334db92f67a,ok,17695488.0,v1.14-1.15,0.180327868852459,0.0,0.1856823266219239,False,0.1622554660529344,14.098545,0.2930333554744718,4.0,actuator_motors,none,3412455,2320375,2.7,,B,,0.0,4.0,True,10.011499306872027,20.011776532049364,1.9999142409655994,88.982014,86.40824500000004,,True,0.0,0.0,,main
fbc13322-e9e7-4e3c-b548-cf0ae373d088,ok,17760256.0,v1.14-1.15,0.0,0.0,0.1221532091097308,True,0.1554126473740621,6.401708999999997,1.0,4.0,actuator_motors,none,4618780,3516902,2.8,,A,,0.0,4.0,True,10.009827386860733,20.009182626135754,2.000092608454631,96.05995,93.38369000000003,,True,0.0,0.0,,main
c39fdbf4-3d18-4331-b66e-358a4b37174c,ok,17761023.0,v1.14-1.15,0.0,0.0,0.0371720116618075,True,0.0071241094863142,1.1014199999999903,0.4424242220818994,4.0,actuator_motors,none,11183968,7269924,3.5,,A,,0.0,4.0,True,9.974630970302272,19.941593425985136,1.9963457255789943,274.659738,267.47936300000015,,True,0.0,0.003271294198466019,vehicle_attitude,main
a70d0c52-9590-40c5-a02f-01132949cbe9,ok,17761280.0,v1.14-1.15,0.0,0.0,0.0,True,0.0,0.0,0.1157120019197464,4.0,actuator_motors,none,11188382,7149131,4.2,,C,,0.0,4.0,True,10.003649979422892,20.003737661952684,1.999998075951218,276.855703,271.13113999999985,,True,0.0,0.0,,main
0d7a3563-c761-4aa4-be5a-04672f6e6c42,ok,17695743.0,v1.14-1.15,0.0,0.0,0.0,True,0.0,0.0,0.2830541744828224,6.0,actuator_motors,none,9524037,5905267,3.6,,B,,0.0,6.0,False,10.004227455934068,20.003892145838115,1.9999982396709708,242.453894,237.98492100000018,,False,0.0,0.0,,main
7d2194b4-0ec5-4854-bd6e-20447994bc84,ok,17826047.0,v1.16+,0.0,0.0,0.0,True,0.0,0.0,0.1851971000432968,4.0,actuator_motors,none,4265684,3115955,4.1,,C,,0.0,4.0,True,10.010235821460357,20.00942817468121,1.9999351857739796,98.252419,94.67857400000001,,True,0.0,0.0,,main
a52966eb-418a-4cbb-adfe-089919469b17,ok,17630207.0,v1.12-1.13,0.0,0.0,0.0,True,0.0,0.0,0.2542980790138244,4.0,actuator_motors,none,26752940,14866015,8.3,,B,,0.0,4.0,True,10.004532968080815,203.02288966085564,1.9999722462480247,211.745173,201.86870400000004,,True,0.0,0.0,,main
d7e98ab8-be6d-4d1a-99c8-fd634543e32c,ok,17695743.0,v1.14-1.15,0.0,0.0,0.0,True,0.0361048501544369,0.1887900000000044,0.5954319819808002,4.0,actuator_motors,none,9916522,6057274,5.8,,C,,0.0,4.0,True,10.01201268702892,201.27716221081738,2.0001033348185353,86.439183,84.29164500000005,,True,0.0,0.0,,main
e3ae6a64-d90e-4ea7-8fbb-217a0330fd25,ok,17825984.0,v1.16+,0.0,0.0,0.0,True,0.0,0.0,0.0818091452121734,4.0,actuator_motors,none,3275240,2373709,3.5,,C,,0.0,4.0,True,10.012102955318678,20.012275211959853,2.0001426511995977,78.544764,76.846067,,True,0.0,0.0,,main
f349efbb-b606-43f3-966a-b0713e27b31f,ok,17694975.0,v1.14-1.15,0.0,0.0,0.0,True,,,,,actuator_motors,none,2475570,1832082,3.0,,A,ground_only_actuator_motors,0.0,0.0,False,10.016569154305996,20.01466302051023,1.9999097000772221,62.907049,0.0,,False,0.0,0.0,,main
911e57ab-613f-4a03-a72c-d8382fb30af6,ok,17891583.0,v1.16+,0.0,0.0,0.0,True,0.0788075880758807,4.497503000000002,0.9999999381169384,4.0,actuator_motors,none,39920542,15364962,11.9,,B,,0.0,4.0,True,9.468069422195029,188.0121481644377,1.9538488291160891,65.479548,61.86998900000002,,True,0.0,0.05417332568315595,vehicle_attitude,main
41f08da3-d932-44a1-9f37-4291c60fe45d,ok,17825984.0,v1.16+,0.0,0.0,0.0,True,0.0,0.0,0.2227843999862671,4.0,actuator_motors,none,30220294,12783605,19.4,,B,,0.0,4.0,True,125.0,250.0,100.00991276764474,100.392,96.144,,True,0.0,0.0,,main
84ab3c70-17ae-4d62-9d2d-7f7f564f34a5,ok,16777728.0,v1.12-1.13,0.0,0.0,0.0,True,0.0,0.0,0.1847249567508697,4.0,actuator_motors,none,25528654,14200664,17.8,,C,,0.0,4.0,True,10.004757150746194,197.4764337681348,2.000011355908634,192.836653,188.09338599999998,,True,0.0,0.0,,main
86130876-818d-4e33-91e8-8c680ac93aa2,ok,17891583.0,v1.16+,0.0,0.0,0.0,True,0.1721194879089616,1.8970180000000028,0.8155998840928077,4.0,actuator_motors,none,3147955,2444444,6.6,,A,,0.0,4.0,True,10.014350797584818,20.01376487062429,1.9997287816122815,72.613594,70.36050299999995,,True,0.0,0.0,,main
49873b0c-6baf-482b-ab65-eccd61431f8c,ok,17891392.0,v1.16+,0.0,0.3045112781954887,0.0,True,0.0041084634346754,0.5,0.0479442119598388,4.0,actuator_motors,none,37547894,15604983,9.2,,B,,0.0,4.0,True,124.99999999999999,249.99999999999997,100.00773036487321,128.88,121.672,,True,0.0,0.0,,main
0472f3ca-c79f-4119-9560-eb99db87de1e,ok,17630207.0,v1.12-1.13,0.0,0.0,0.0,True,0.0,0.0,0.2879328787326812,4.0,actuator_motors,none,180759840,87903639,49.9,,B,,0.0,4.0,True,9.921398862639874,196.23088793145033,1.9839757683095076,1309.537901,1301.728519,,True,0.0,0.008221494551139026,vehicle_attitude,main
1edade43-cd60-488f-b8e5-4a41dfa736ff,ok,18350336.0,v1.16+,0.0,0.0,0.0,True,0.0,0.0,0.2586666666666667,6.0,actuator_outputs,bus,121813546,58708711,47.2,,B,,,,False,9.907332949275657,197.3382339801838,1.9820926516933914,949.911005,497.435145,False,False,0.0,0.009547875588802008,vehicle_attitude,main
b6ac4a5c-95ae-4024-b24a-50ebe5567877,ok,17695999.0,v1.14-1.15,0.0,0.0,0.0,True,0.0,0.0,0.383372738957405,4.0,actuator_motors,none,5333793,3459989,3.8,,C,,0.0,4.0,True,9.999246406900843,19.999452333581406,2.000003444845791,140.751854,131.818448,,True,0.0,0.0,,main
54762be6-1bab-4971-894b-6b4fe24bbe6e,ok,17630207.0,v1.12-1.13,0.0,0.0,0.0,True,0.0,0.0,0.158,6.0,actuator_outputs,per_channel,14093240,7424009,6.2,,C,,,,False,10.007859138596666,173.63516407995039,1.9999250729825726,114.165129,103.96906400000002,True,True,0.0,0.0,,main
172f6527-5662-492d-b0e9-fff91c8d0a58,ok,17891392.0,v1.16+,0.0,0.3529411764705882,0.0,True,0.007070707070707,0.5,0.0547961622476576,4.0,actuator_motors,none,30861393,12825727,12.0,,B,,0.0,4.0,True,124.99527856468366,249.99055712936732,100.00944287063267,105.78,99.06800000000001,,True,0.0,0.0,,main
2e5d6a16-aa11-45e0-a9b7-63449a4494a2,ok,17695488.0,v1.14-1.15,0.0,0.0,0.0,True,0.0,0.0,0.1346535772085189,4.0,actuator_motors,none,3427623,2406824,3.8,,C,,0.0,4.0,True,10.010169918272634,20.010364169108232,2.0000046593515144,91.602505,86.50804600000001,,True,0.0,0.0,,main
4beff263-ad8d-428d-960c-c80f7bb52330,ok,17564928.0,v1.12-1.13,0.0,0.0,0.0038387715930902,True,0.000183513176246,0.0171080000000003,0.1611764705882352,4.0,actuator_outputs,global,41467676,17981612,14.7,,C,,,,False,23.913846597960447,190.01991240893045,1.918949213171155,275.49402,98.48177099999998,True,True,0.0,0.04414987766977307,vehicle_attitude,main
d508fa65-290e-44b4-b056-af2ec0139860,ok,17630207.0,v1.12-1.13,0.0,0.0,0.0,True,0.0,0.0,0.1867999999999999,6.0,actuator_outputs,per_channel,2856159,1944965,5.6,,C,,,,False,10.000190003610069,19.99954857505742,1.99993514661172,86.58021,82.53206600000001,True,True,0.0,0.0,,main
796496e5-a41d-46c3-b6d7-7e7bc38fe0e6,ok,17499135.0,v1.12-1.13,0.0,0.0,0.0,True,0.0,0.0,0.357,8.0,actuator_outputs,global,3710991,2653232,5.7,,C,,,,False,10.00003647873229,19.99906703428653,5.0092575943700846,102.709514,94.17286,False,False,0.0,0.0,,main
136f17eb-4bee-4763-9795-0d251f0f9f2a,ok,17498880.0,v1.12-1.13,0.0,0.0,,True,0.0,0.0,0.404,8.0,actuator_outputs,global,123915536,66554511,30.4,,C,,,,False,99.98113818052683,200.25501346019715,0.0,480.716946,472.6441880000005,False,False,,0.00014511663133925042,vehicle_attitude,main
9624b8cf-5634-44d1-b27f-d33c0f44f042,ok,17826047.0,v1.16+,0.0,0.0,0.0,False,0.0080862533692722,0.2000000000000028,0.2473891615867612,4.0,actuator_motors,none,44155555,18126891,16.1,,B,,0.0,4.0,True,124.9967019339859,249.97361547188726,100.0039576792169,151.444,110.696,,True,0.0,0.0,,main
259de1b1-1d42-47f5-a2e2-50b8adf93de3,ok,17760384.0,v1.14-1.15,0.1480090157776108,0.0,0.0,True,0.0003228811585611,0.0491319999999859,0.3627297341823578,4.0,actuator_motors,none,56865807,36942741,13.4,,A,,0.0,4.0,True,10.001339684888732,20.001417992520565,2.0000142521522695,670.798079,664.5083030000003,,True,0.0,0.0,,main
1570e7f8-e7e3-4361-92f1-7f3092f97562,ok,17825984.0,v1.16+,0.0,0.0,0.0,True,0.0014214641080312,0.1012460000000032,0.6738310933113099,4.0,actuator_motors,none,5271236,3414421,4.1,,B,,0.0,4.0,True,10.006837138985482,20.006840492663216,2.0000000137457046,146.358986,140.700054,,True,0.0,0.0,,main
26c1b2ef-9b0d-400c-995b-a71d6d52c366,ok,17499135.0,v1.12-1.13,0.0,0.0627177700348432,0.0,True,0.035264081697782,1.6424920000000045,0.5569620253164558,6.0,actuator_outputs,global,12638034,7461964,4.8,,C,,,,False,9.999854251416082,187.3557448372059,5.007009175461168,140.793587,133.65722699999998,True,True,0.0,0.0010569299314929276,vehicle_attitude,main
8b277b89-eefc-44d7-acad-cf9fd1fa6ec2,ok,17761535.0,v1.14-1.15,0.0,0.0,0.0,True,,,,4.0,actuator_motors,none,6981384,4087092,3.3,,B,ground_only_actuator_motors,0.0,4.0,True,10.005175864755532,20.00580992190005,1.999910742011841,177.707854,0.0,,True,0.0,0.0,,main
037465af-524b-4985-87e1-a961137907f1,ok,17760384.0,v1.14-1.15,0.0,0.0,0.0,True,0.0,0.0,0.1341891542077064,4.0,actuator_motors,none,6784105,4806784,4.2,,C,,0.0,4.0,True,10.011991464498806,20.01239213952096,1.999718078961025,76.855465,67.52873099999995,,True,0.0,0.0,,main
f1f2573d-85cc-49e3-947e-ea83ddfd2654,ok,17564416.0,v1.12-1.13,0.0,0.0274955170352659,0.0,True,0.0,0.0,0.4915254237288136,8.0,actuator_outputs,bus,30042317,18054039,9.5,,A,,,,False,10.00113266852548,20.001134557728623,2.0011757084906527,844.316032,664.7480410000003,False,False,0.0,0.0,,main
2e18b989-5b72-4484-9841-b55a00e1d362,ok,17630207.0,v1.12-1.13,0.1338582677165354,0.0,0.0,True,0.0,0.0,0.258,6.0,actuator_outputs,per_channel,2464879,1736959,4.1,,C,,,,False,10.014599585603428,20.014998031071773,1.9998078279906246,63.44498,58.159691999999986,True,True,0.0,0.0,,main
9f843fef-05d9-492d-a0de-84f6079a67ff,ok,17826240.0,v1.16+,0.0,0.0,0.1954397394136807,False,0.0,0.0,0.5014168329536913,4.0,actuator_motors,none,39482786,18749453,10.0,,A,,0.0,4.0,True,6.401624310776673,130.00102022971916,1.260034096522652,100.28715,97.689261,,True,0.0,0.15008798138077617,estimator_innovation_test_ratios,main
aaff89f1-2e81-49bf-bada-04ad9ae4583b,ok,17629952.0,v1.12-1.13,0.0,0.0,0.0,True,0.0,0.0,0.5516208659857511,4.0,actuator_motors,none,4387826,2901601,4.2,,C,,0.0,4.0,True,10.008703726262375,20.008324048592293,1.9999557982119436,108.850746,100.81080200000007,,True,0.0,0.0,,main
2abf0f34-5ce2-4ea7-94a2-e0c0772447b7,ok,17760256.0,v1.14-1.15,0.0,0.0,0.0,True,0.0,0.0,0.0898147463798522,4.0,actuator_motors,none,16827680,10528127,10.0,,B,,0.0,4.0,True,10.002237474324442,20.0021161733713,1.9999770915972952,427.372899,422.033776,,True,0.0,0.0,,main
390df573-70ce-48d7-94b8-2ebd6816114b,ok,17629248.0,v1.12-1.13,0.0,0.0,0.0,True,,,,6.0,actuator_outputs,per_channel,2020226,1332688,5.5,,C,ground_only_actuator_outputs,,,False,10.016201854427358,20.014174100642368,2.0151528194957242,66.864691,0.0,False,False,0.0,0.0,,main
539d9d72-e507-494f-ab3c-e80e36eb763b,ok,17629696.0,v1.12-1.13,0.0,0.0,,True,0.0,0.0,0.1375335574150085,4.0,actuator_motors,none,11159129,7312492,5.2,,B,,0.0,4.0,True,0.0,173.7586109295171,0.0,141.242539,141.0765969999999,,True,,0.0,,main
fa37c7d4-3fc8-45e8-9429-3a34453a3b0d,ok,17825792.0,v1.16+,0.0632222977566281,0.0,0.0,True,0.0,0.0,0.1510054290294647,4.0,actuator_motors,none,62904074,34166396,21.2,,B,,0.0,4.0,True,10.001590135420217,135.8680195413027,1.9999765261842524,647.654162,361.90184999999997,,True,0.0,0.0,,main
48a150b9-202b-464f-93c7-2f9b8c7090db,ok,17761280.0,v1.14-1.15,0.0,0.0,0.056469298245614,True,0.000141698253569,0.0149989999999888,0.153886181116104,4.0,actuator_motors,none,121216048,44439202,27.2,,A,,0.0,4.0,True,10.002768557774266,199.79196218490375,2.0000135021544274,364.259494,355.8464499999998,,True,0.0,0.0,,main
715e4596-05a4-47c7-9ed9-21d9c719e613,ok,17694720.0,v1.14-1.15,0.0,0.0,0.0,True,0.0,0.0,0.2366530373692512,4.0,actuator_motors,none,50509119,12840180,9.3,,B,,0.0,4.0,True,10.002941338558463,20.00269168269693,114.73991338794671,282.668281,270.54281599999985,,True,0.0,0.0,,main
ca7a60e9-d7ff-4cb8-86f8-e85443924f0f,ok,17826047.0,v1.16+,0.0,0.0,0.0,True,0.0,0.0,0.0762126892805099,4.0,actuator_motors,none,3863100,2777838,3.8,,C,,0.0,4.0,True,10.011363945779337,20.01119323766866,2.0000859452135993,85.678344,77.60677399999997,,True,0.0,0.0,,main
cffa9557-2098-4928-90e4-6d69c0374864,ok,17761535.0,v1.14-1.15,0.0,0.0,0.0,True,,,,,actuator_motors,none,23379076,13360360,5.7,,B,ground_only_actuator_motors,0.0,0.0,False,9.952712171923325,19.90208257268487,1.987751238895706,572.06574,0.0,,False,0.0,0.005347053482610667,vehicle_attitude,main
ba63a79a-4b80-438a-ac7c-0f58218f3fd5,ok,17826047.0,v1.16+,0.0,0.0,0.0,True,0.0010216243827686,0.0174599999999998,0.3118293419480324,4.0,actuator_motors,none,17558912,9191783,4.3,,C,,0.0,4.0,True,10.015151515151516,199.9394810500038,2.0,65.659566,58.730002,,True,0.0,0.0,,main
96addca8-97cc-4ed2-82c6-34b482a2f4c0,ok,17825984.0,v1.16+,0.0,1.0,0.0,False,0.0,0.0,0.2862427875399589,4.0,actuator_motors,none,5404153,3718785,2.8,,B,,0.0,4.0,True,10.00748026469335,20.007111381099026,2.000054264245987,137.664988,136.183654,,True,0.0,0.0,,main
2429efe0-6ae5-4b9e-8449-935de97f4b96,ok,17695999.0,v1.14-1.15,0.0,0.0326340326340326,0.0,True,0.000465835925932,0.081167999999991,0.1735636621713637,4.0,actuator_motors,none,23548651,14916067,5.4,,B,,0.0,4.0,True,9.91227767830929,197.97872695575214,1.9676845412577675,216.844471,212.50769999999997,,True,0.0,0.010018297408645948,vehicle_attitude,main
9e61b634-05b1-4b46-a8b5-d37a1bcb80b5,ok,17694975.0,v1.14-1.15,0.0,0.0,0.0,True,,,,4.0,actuator_motors,none,7134007,4467498,3.8,,B,ground_only_actuator_motors,0.0,4.0,True,10.005525655478754,20.005413940882796,1.9999076042686827,180.453525,0.0,,True,0.0,0.0,,main
0193afca-021c-4a7f-abcf-fc94cf10817e,ok,17564671.0,v1.12-1.13,0.0,0.0,0.0,True,0.0,0.0,0.632,6.0,actuator_outputs,bus,11302404,6376796,6.8,,C,,,,False,9.757630336761766,194.92976919658443,1.9549278853679297,111.14249,108.48070399999997,True,True,0.0,0.026032074075979787,vehicle_local_position,main
a37f4132-36b9-4bd6-b015-26b4166a1110,ok,17695488.0,v1.14-1.15,0.148314606741573,0.0,0.0,True,0.007572172266919,0.3984850000000222,0.3702722609043121,4.0,actuator_motors,none,10467799,5817302,3.9,,B,,0.0,4.0,True,10.004637947361967,20.004630879025434,2.000013780980738,214.810726,211.28113899999988,,True,0.0,0.0,,main
e89c5cd4-9c20-4837-8bef-b2d155944bb9,ok,17630207.0,v1.12-1.13,0.0,0.0,0.0,True,0.0,0.0,0.2542980790138244,4.0,actuator_motors,none,26752940,14866015,9.2,,C,,0.0,4.0,True,10.004532968080815,203.02288966085564,1.9999722462480247,211.745173,201.86870400000004,,True,0.0,0.0,,main
b101f9ec-0662-43ab-b591-ff51d2a9c501,ok,17695488.0,v1.14-1.15,0.0,0.0,0.0,True,0.0,0.0,0.0855793356895446,4.0,actuator_motors,none,5189500,3305924,5.5,,C,,0.0,4.0,True,10.006509798083838,20.005890472500045,1.9999137511598648,147.639698,140.90798099999995,,True,0.0,0.0,,main
e27bd9cd-34a4-4ad4-b3d4-460bb537c301,ok,17694720.0,v1.14-1.15,0.0,0.0,0.0,True,0.0072855597928168,0.2700089999999981,0.3072168946266173,4.0,actuator_motors,none,10765840,4756506,5.9,,C,,0.0,4.0,True,10.015547115124297,199.93774775093348,99.96889010421933,63.974626,61.52000899999998,,True,0.0,0.0,,main
befd38b2-da32-49e8-acb6-50aac35bca0f,ok,17630207.0,v1.12-1.13,0.0,0.0,0.0,True,0.0061728395061728,0.597741000000001,0.243392689526081,4.0,actuator_motors,none,5104939,3550748,6.0,,C,,0.0,4.0,True,10.00984567267599,20.00981489585953,1.9999715366369712,103.832615,97.22011800000001,,True,0.0,0.0,,main
204a11c9-0384-4cac-a639-dc086d67ff7f,ok,17891583.0,v1.16+,0.0,0.0929577464788732,0.0,True,0.0,0.0,0.0924870669841766,4.0,actuator_motors,none,49250717,20174841,9.6,,C,,0.0,4.0,True,125.0,250.00000000000003,100.0035156799325,170.52,102.76799999999999,,True,0.0,0.0,,main
90ccef8d-ee57-43ed-87d4-8da265760066,ok,17760767.0,v1.14-1.15,0.0,0.0,0.0,True,0.0123915737298636,1.0011200000000002,0.3007059216499328,4.0,actuator_motors,none,3756765,2836550,2.5,,B,,0.0,4.0,True,10.010617307799063,20.011227363574267,2.000040746592837,88.823833,80.65171900000003,,True,0.0,0.0,,main
670a6e48-afe7-4ecb-9544-2a81aca3dd11,ok,16777984.0,v1.12-1.13,0.0,0.0,0.0,True,0.0,0.0,0.2630667373538017,4.0,actuator_motors,none,5152781,3580863,3.7,,B,,0.0,4.0,True,10.00947007611629,20.00947197077333,2.0000032381004806,105.204426,101.16004699999998,,True,0.0,0.0,,main
e4393126-e1a4-400a-81ce-c7ea69bd4e88,ok,17826559.0,v1.16+,0.0,0.0,0.0,True,0.104091888011486,0.6007999999999996,0.680492764338851,4.0,actuator_motors,none,11748800,7587308,3.5,,C,,0.0,4.0,True,10.003357068741673,20.00332614728369,1.999975516707319,289.858054,278.576404,,True,0.0,0.0,,main
4fe1ea00-26d4-4829-8e5a-07192fd8a859,ok,17564416.0,v1.12-1.13,0.0,0.0,0.0,True,0.0,0.0,0.2884210526315789,4.0,actuator_outputs,bus,11136627,6082583,5.3,,C,,,,False,10.010458909512678,198.06574231872472,2.011192657919859,88.802416,85.45173499999999,True,True,0.0,0.0,,main
412fe507-7b99-4516-9a59-7181383e2595,ok,17629952.0,v1.12-1.13,0.0,0.0,0.0,True,0.5714285714285714,17.899242,0.5362590327858925,4.0,actuator_motors,none,2594892,1909961,1.8,,B,,0.0,4.0,True,10.017402856276856,20.01713236825925,1.9997553357190911,60.565199,51.222038000000005,,True,0.0,0.0,,main
8f498d8e-2331-4c0c-bf1e-e454eac4f1e1,ok,17695744.0,v1.14-1.15,0.0,0.0,0.0,True,0.097945205479452,4.50057000000001,0.5085779935121535,4.0,actuator_motors,none,12209565,7805736,5.6,,B,,0.0,4.0,True,9.952717315207268,19.90545381132837,1.986490063510824,296.415143,293.49911099999997,,True,0.0,0.00490545682355131,sensor_combined,main
db32977c-4181-453b-9444-6eb2ccb59067,ok,17630207.0,v1.12-1.13,0.0,0.0,0.0,True,0.0,0.0,0.50175,6.0,actuator_outputs,per_channel,2730118,2049509,3.4,,A,,,,False,10.013527792009407,20.013303476651178,2.000095516011818,65.741829,54.543039,True,True,0.0,0.0,,main
f4f5c1cd-956b-4da6-9f73-cb1b4ae2a32d,ok,17629439.0,v1.12-1.13,0.0,0.0,0.0,True,,,,6.0,actuator_outputs,per_channel,12132529,6898611,9.3,,B,ground_only_actuator_outputs,,,False,10.003313553344974,20.0031912262786,2.0031944187782926,311.59188,0.0,False,False,0.0,0.0,,main
8b09231c-5f7b-4e06-881c-684edb44d186,ok,17761280.0,v1.14-1.15,0.0,0.0,0.0,True,0.0,0.0,0.2268947482109069,4.0,actuator_motors,none,63811694,33424306,20.8,,C,,0.0,4.0,True,10.000650925995584,20.00059720356065,1.9999903242629542,1499.27774,1496.4592039999993,,True,0.0,0.0,,main
d47c6917-5feb-4ea9-a850-91f3292640cb,ok,18285056.0,v1.16+,0.0,0.0,0.0,True,0.0135048536776398,0.2602159999999998,0.4893333333333333,6.0,actuator_outputs,bus,54499911,25036386,19.7,,C,,,,False,9.901476555932495,193.88945997023814,1.9835496830487136,430.157058,149.04058,False,False,0.0,0.01070798107488226,vehicle_attitude,main
211b5b5c-f9e4-4753-9ae9-0c75096b131d,ok,17761535.0,v1.14-1.15,0.0,0.0,0.0,True,8.683227950521388e-05,0.0120060000000421,0.384665846824646,4.0,actuator_motors,none,50090522,31573429,16.6,,C,,0.0,4.0,True,10.002129578359423,207.4198689688409,1.999991612235613,459.423613,454.05233499999997,,True,0.0,0.0,,main
95808b3b-20fd-49db-9982-90da109baf45,ok,17695488.0,v1.14-1.15,0.0,0.0,0.0,True,0.0368,0.3990610000000032,0.7941611524956403,4.0,actuator_motors,none,2444858,1786785,2.2,,B,,0.0,4.0,True,10.015172157496098,20.014355258688326,2.0000823973339146,66.326187,62.51752599999999,,True,0.0,0.0,,main
8c1ed65e-4ba0-48c4-a68e-16b682fef439,ok,17826240.0,v1.16+,0.0,0.0,0.0,True,0.0,0.0,0.1860832393169403,4.0,actuator_motors,none,4273168,3050165,2.7,,B,,0.0,4.0,True,10.009292883475851,20.009005293991216,2.0000085384979913,104.283736,102.88306699999995,,True,0.0,0.0,,main
98df22b0-821b-4fc8-96e8-7c47fa4edd95,ok,17695488.0,v1.14-1.15,0.1052631578947368,0.0,0.0129870129870129,True,0.0543822597676874,1.2415359999999964,0.6891704543870762,4.0,actuator_motors,none,13854382,3822290,3.9,,B,,0.0,4.0,True,2.132875483449468,39.768535786927124,0.44097980610149423,70.125141,67.463382,,True,0.0,0.8005258486912405,vehicle_attitude,main
7eeefab7-d18d-4247-9433-b418d0d2d582,ok,17564928.0,v1.12-1.13,0.0,0.0,0.0,True,0.0,0.0,0.3717647058823529,6.0,actuator_outputs,bus,4148011,3096774,3.1,,C,,,,False,100.0044796232657,20.01475377667114,2.0154470012210224,64.690598,59.851591000000006,True,True,0.0,0.0,,main
e4bd9b02-fdf2-4b8a-a273-c627312e09f5,ok,17891328.0,v1.16+,0.0,0.0,0.0,True,0.0,0.0,0.1060984030365943,4.0,actuator_motors,none,8958034,5255524,8.9,,B,,0.0,4.0,True,9.874203897540742,195.01874061119585,1.971726789874428,71.454603,69.63874700000001,,True,0.0,0.013597760072853817,vehicle_attitude,main
4f31f221-6668-4b2c-ac13-90b40618645d,ok,17630207.0,v1.12-1.13,0.0,0.0,0.0,True,0.0,0.0,0.21,6.0,actuator_outputs,per_channel,16363950,9963026,9.3,,A,,,,False,9.996189721079427,19.992214879230488,1.9999938353131193,510.272989,506.63510099999974,True,True,0.0,0.0005204131687201914,sensor_combined,main
8b306c74-ff85-4555-b137-35495633b298,ok,17564928.0,v1.12-1.13,0.0,0.0,0.0038387715930902,True,0.000183513176246,0.0171080000000003,0.1611764705882352,4.0,actuator_outputs,global,41467676,17981612,13.1,,A,,,,False,23.913846597960447,190.01991240893045,1.918949213171155,275.49402,98.48177099999998,True,True,0.0,0.04414987766977307,vehicle_attitude,main
569218ac-3d50-4490-a5e6-84decd6e53de,ok,17761280.0,v1.14-1.15,0.0,0.0,0.0,True,0.0,0.0,0.2952468216419218,4.0,actuator_motors,none,36256831,23082175,11.8,,C,,0.0,4.0,True,10.000989209333364,20.000971598835708,2.0000009764415796,997.954631,993.1887279999999,,True,0.0,0.0,,main
41027991-7d9d-483b-a2ac-f748024d2c52,ok,17171712.0,v1.12-1.13,0.0,0.0,0.0,False,0.0,0.0,0.0,4.0,actuator_outputs,global,9709808,5111439,3.8,,A,,,,False,9.851865981629967,31.745230502527917,0.0,239.49753,0.0,True,True,,0.0,,main
9e845f2c-8088-4d02-9595-f11b63733a4f,ok,17694720.0,v1.14-1.15,0.0,0.1107784431137724,0.0,True,0.000684462696783,0.1011659999999996,0.3200475126504898,4.0,actuator_motors,none,5521666,3640877,3.8,,B,,0.0,4.0,True,9.999786470242723,19.999578335276908,2.0000806077502817,155.839209,146.052925,,True,0.0,0.0,,main
c8c04e11-6aad-4925-99d8-54731290dbdc,ok,17761535.0,v1.14-1.15,0.0,0.0,0.0,True,0.0,0.0,0.3154051654040807,4.0,actuator_motors,none,2626640,1937722,2.6,,C,,0.0,4.0,True,10.01462534702267,20.014506822005256,1.9998609350433376,67.24777,67.04216199999999,,True,0.0,0.0,,main
5e6ac697-8e3c-4d9f-af2a-422fba7007c1,ok,419627008.0,,0.0,0.0,0.0,True,,,,8.0,actuator_outputs,none,18106368,9993989,5.1,not_px4_v25,,no_pwm_params,,,False,9.995642723222216,9.993487570081406,4.9893257177355865,466.255796,424.781503,False,False,0.0,0.0,,main
2bf360a4-af92-4bcb-a01b-e528276a1915,ok,17825984.0,v1.16+,0.0,0.0,0.0,True,0.0,0.0,0.22829130589962,4.0,actuator_motors,none,2405296,1668412,2.4,,A,,0.0,4.0,True,10.01459953173487,20.013258454801313,2.00022734435831,67.98177,65.379494,,True,0.0,0.0,,main
94f171d2-9ebb-4554-9b04-25c3b815fb05,ok,17564416.0,v1.12-1.13,0.0,0.0,0.0,True,0.0,0.0,0.4857142857142857,6.0,actuator_outputs,bus,2752794,1860505,2.4,,B,,,,False,10.012549876540376,20.011501732642188,2.0123671989496525,81.675921,78.14944699999998,True,True,0.0,0.0,,main
44b6a14d-9a49-4046-9a60-e161e645d4f4,ok,17695743.0,v1.14-1.15,0.0,0.0,0.0,True,0.3906810035842294,1.0982509999999976,1.0,4.0,actuator_motors,none,2660768,2222218,2.4,,C,,0.0,4.0,True,10.01574397909329,20.015480778589684,2.00007619802491,61.933431,55.746783000000015,,True,0.0,0.0,,main
d7b9c31a-dc2e-46a7-90a0-f5783d874b7e,ok,17761279.0,v1.14-1.15,0.0,0.0,0.0,True,0.0,0.0,0.0866677895188331,4.0,actuator_motors,none,2401922,1606720,4.5,,B,,0.0,4.0,True,10.01480649470231,20.014575337756057,1.999835771062437,66.488851,58.684659,,True,0.0,0.0,,main
68c573e9-bbef-4fc5-b658-30017fbb6939,ok,0.0,,0.0,0.0,0.0,True,0.0,0.0,0.0789507552981376,4.0,actuator_motors,none,12531290,8620955,5.5,not_px4_v0,,,0.0,4.0,True,10.0102748907639,20.010315928119173,1.9998735750024546,97.2147,89.17465500000004,,True,0.0,0.0,,main
09e0a83a-14c4-4bae-be0b-3d0f98985f80,ok,17761023.0,v1.14-1.15,0.0209551656920077,0.0,0.0,True,0.0002931978107896,0.1022219999999833,0.3973357588052746,4.0,actuator_motors,none,36795290,22476484,8.8,,B,,0.0,4.0,True,10.000957807960171,20.000924726913397,2.000007998087405,1028.569332,1023.2224740000008,,True,0.0,0.0,,main
7ffda1ed-cec1-455c-9c9f-c974bfeca607,ok,17760256.0,v1.14-1.15,0.0,0.0,0.0,False,0.0007356547327121,0.0711309999999993,0.3112511351704597,4.0,actuator_motors,none,27070449,8985695,5.2,,C,,0.0,4.0,True,10.010374030576093,167.02407623813806,1.999884067634252,99.329321,97.62997700000003,,True,0.0,0.0,,main
0dd04417-8ad5-4e1b-ba2b-503e8532c347,ok,17630207.0,v1.12-1.13,1.0,0.0,0.0,True,0.0,0.0,0.156,6.0,actuator_outputs,per_channel,4500922,2885185,2.6,,C,,,,False,10.008086925112767,20.008044096914862,1.99997529538713,122.48173,113.95569100000002,True,True,0.0,0.0,,main
3e7cb48e-b2fa-4d31-89ed-52cff9ed18ab,ok,17826047.0,v1.16+,0.0,0.0,0.0,True,0.0,0.0,0.2406541898846626,4.0,actuator_motors,none,3648503,2772925,2.6,,B,,0.0,4.0,True,10.011844782519628,20.011843599089197,1.999999500000125,83.988804,77.79999400000004,,True,0.0,0.0,,main
21d8dcd8-5a23-49c8-b9cb-e76aa0af7d40,ok,17891583.0,v1.16+,0.0,0.0,0.0,True,0.0169230769230769,2.2017979999999966,0.1531059801578521,4.0,actuator_motors,none,6453134,4716343,3.2,,B,,0.0,4.0,True,10.006797327094535,20.007657422583808,1.999874280965865,135.371465,129.973268,,True,0.0,0.0,,main
1a7b7730-7618-4546-8df1-38746041e0ab,ok,17630207.0,v1.12-1.13,0.0,0.0,0.0494186046511627,True,0.0,0.0,0.196,6.0,actuator_outputs,per_channel,6644452,4177844,3.1,,A,,,,False,10.000386006174343,19.99550656129159,2.000003133824862,205.721174,203.56711900000008,True,True,0.0,0.00026213320433821465,sensor_combined,main
22c181f6-fd7e-43cf-9d98-b1f398c10834,ok,17694975.0,v1.14-1.15,0.0,0.0,0.0,True,0.0319148936170212,0.8014320000000019,0.4007642686367034,4.0,actuator_motors,none,6180265,3870255,15.1,,B,,0.0,4.0,True,10.00190500831332,20.00332899887128,1.9999360020479344,163.297065,159.713188,,True,0.0,0.0,,main
0bf714ec-7090-4eb0-b0c4-7b256f4709c8,ok,17760384.0,v1.14-1.15,0.0,0.0,0.0,False,0.0,0.0,0.1623934641480446,4.0,actuator_motors,none,17499715,7415355,17.9,,B,,0.0,4.0,True,10.003595752423006,20.003688381896463,2.0000145150754025,250.984238,248.90883700000003,,True,0.0,0.0,,main
6d54d9f5-8b9a-4897-9508-a8b229ed71e4,ok,17630207.0,v1.12-1.13,0.0,0.0,0.0,True,0.0,0.0,0.21085,6.0,actuator_outputs,per_channel,2391309,1696852,2.8,,C,,,,False,10.000619099099477,20.000153210283393,2.00004483433837,71.822196,68.38403600000001,True,True,0.0,0.0,,main
ec08d6ff-9861-424e-9235-4527ce513211,ok,17825984.0,v1.16+,0.0,0.0,0.0,True,0.002854006586169,1.0002979999999866,0.3841009259223937,4.0,actuator_motors,none,37180528,23471429,16.8,,C,,0.0,4.0,True,10.001188464154856,20.001169329467903,2.0000007956167547,912.88088,911.0367239999999,,True,0.0,0.0,,main
304368a4-6121-4970-afe2-6ee442056fac,ok,17563904.0,v1.12-1.13,0.0,0.0,0.0,True,0.0,0.0,0.3188124999999999,6.0,actuator_outputs,bus,3236945,2426644,2.7,,C,,,,False,10.012789534809595,20.01270990623824,2.01256045307571,78.699352,71.96812899999999,True,True,0.0,0.0,,main
423efb25-14d5-4769-8d6f-59a8b4be8863,ok,17695743.0,v1.14-1.15,0.0981308411214953,0.0,0.0,True,0.0,0.0,0.1810716688632965,4.0,actuator_motors,none,15213809,8480180,6.1,,B,,0.0,4.0,True,10.00299146511829,20.003033778672226,2.000000017777778,338.374362,333.0956300000001,,True,0.0,0.0,,main
ee3109fb-5fb7-40f8-95aa-2efa9b58182d,ok,17695743.0,v1.14-1.15,0.0,0.0,0.0,True,0.0155251141552511,1.7010179999999997,0.9126342720040316,4.0,actuator_motors,none,4041500,2533006,4.2,,C,,0.0,4.0,True,10.009182813811002,20.009385397693777,2.0000044727372757,110.05492,109.46002199999997,,True,0.0,0.0,,main
91e7772b-2a8d-4dd0-af28-fb3c11f28a42,ok,17694720.0,v1.14-1.15,0.0,0.0,0.0,True,0.0,0.0,0.1467686891555785,4.0,actuator_motors,none,123303475,36839384,32.3,,C,,0.0,4.0,True,10.001680880226639,20.00174688493636,122.49251898413496,618.465347,613.7805290000001,,True,0.0,0.0,,main
2a5c48ce-886e-4b74-91a4-886848d2b8fa,ok,17826048.0,v1.16+,0.0,0.0,0.0,True,0.0,0.0,0.2551046088337898,4.0,actuator_motors,none,51721098,31676686,11.8,,B,,0.0,4.0,True,10.002229628416591,184.74227081147208,2.0000118439943315,448.551637,437.19878000000017,,True,0.0,0.0,,main
b23a6485-9302-413b-b1ff-68db134378aa,ok,17826047.0,v1.16+,0.0,0.0,0.0,True,0.0,0.0,0.7245882152149475,4.0,actuator_motors,none,7020621,4653233,4.4,,C,,0.0,4.0,True,10.017225998091149,222.09582497285564,1.9998704417265503,60.290665,56.88197400000001,,True,0.0,0.0,,main
1aaf93b3-2d6d-4f9f-a1b2-ac618e6bd42a,ok,17761280.0,v1.14-1.15,0.0,0.0,0.0,True,0.0,0.0,0.1032448649406432,4.0,actuator_motors,none,19874174,11948714,9.8,,C,,0.0,4.0,True,10.005122142123804,170.56109453885858,1.9999168620948429,191.459787,187.15640799999994,,True,0.0,0.0,,main
b5b1d2f3-3e7b-49d7-a623-5b832a429d47,ok,17629952.0,v1.12-1.13,0.0573012939001848,0.0,0.0371471025260029,False,0.2457975345536047,27.79927100000004,0.95,6.0,actuator_outputs,per_channel,16300919,8927616,5.1,,B,,,,False,9.996108464084301,19.99233096115956,1.9999958958223758,538.34346,535.4863760000002,True,True,0.0,0.00047619969917449284,sensor_combined,main
e7d5c43a-0b43-4ee1-88ff-f3dd7d714311,ok,17695488.0,v1.14-1.15,0.0,0.0,0.0,True,0.0,0.0,0.2177667737007141,4.0,actuator_motors,none,51297577,17816224,14.5,,C,,0.0,4.0,True,7.262237452811877,146.46659975738743,1.4687293984474556,225.397023,222.87760999999995,,True,0.0,0.16214575704809311,vehicle_attitude,main
54324a93-9951-4221-af89-776b93b2d899,ok,17694720.0,v1.14-1.15,0.0,0.0,0.0,False,0.0,0.0,0.3187504187226295,4.0,actuator_motors,none,4206851,1451584,8.1,,C,,0.0,4.0,True,2.9510921309144025,6.796920997927394,39.317897111231694,63.789445,53.34597200000005,,True,0.0,0.6829170961774582,vehicle_local_position,main
a2b4a38b-5fe4-426b-8119-a40e3d95ae82,ok,17761535.0,v1.14-1.15,0.0,0.0,0.0,True,0.0,0.0,0.2612262368202209,4.0,actuator_motors,none,7343518,4516995,8.1,,B,,0.0,4.0,True,10.014016159563045,161.7656569362291,1.9998520985294723,68.943318,66.54773099999998,,True,0.0,0.0,,main
52201e25-4ed2-4ca6-921b-c0b5d49963ec,ok,17760320.0,v1.14-1.15,0.0,0.1067415730337078,0.0,True,0.0122399020807833,0.1018670000000021,0.2811932444572448,4.0,actuator_motors,none,3758546,2856475,8.8,,B,,0.0,4.0,True,10.01165862892095,20.01103938456759,2.0001826131634894,85.601801,81.68080299999998,,True,0.0,0.0,,main
15c1ccfb-6fa1-4df8-b5df-36f165a3cb4d,ok,17760256.0,v1.14-1.15,0.0,0.0,0.0,True,0.0,0.0,0.0839961856603622,4.0,actuator_motors,none,3623480,2428032,2.6,,B,,0.0,4.0,True,10.010527289736707,20.00969565408024,1.9999266276918464,96.819523,90.748197,,True,0.0,0.0,,main
d161bf68-a84a-495d-a986-b752f1044469,ok,18350336.0,v1.16+,0.0,0.0,0.0,True,0.0,0.0,0.2133333333333333,6.0,actuator_outputs,bus,132736951,60031740,29.8,,B,,,,False,9.820436135344206,196.07651651606798,1.9635783979029877,1044.68495,373.110332,False,False,0.0,0.018406022721495517,vehicle_attitude,main
e66db9fe-ac4e-4e0a-820a-f6575052e170,ok,17694975.0,v1.14-1.15,0.0,0.0,0.0,True,0.002415458937198,0.1025569999999973,0.5817259195260703,4.0,actuator_motors,none,5569328,4157803,4.4,,C,,0.0,4.0,True,10.010661857084912,20.01016913893999,1.999967753328921,89.243685,82.803799,,True,0.0,0.0,,main
6be58f34-0792-4fcb-a8ca-0375aa097f8a,ok,17761280.0,v1.14-1.15,0.0,0.0,0.0,True,,,,4.0,actuator_motors,none,17506580,9421641,4.9,,B,ground_only_actuator_motors,0.0,4.0,True,9.993794635338313,199.73041210577242,2.000055647889764,165.062959,0.0,,True,0.0,0.0012120193180849088,vehicle_attitude,main
e6582484-f30a-4828-9d86-cf39ccaf3af8,ok,17826240.0,v1.16+,0.0,0.0,0.6612903225806451,True,0.3611793611793611,2.600576,0.999999937769238,4.0,actuator_motors,none,3204872,2336457,3.4,,C,,0.0,4.0,True,9.999561495584704,19.999409343869118,1.9999856977766963,86.109834,81.33159699999997,,True,0.0,0.0,,main
d4e66e6d-8f4d-49a3-aef4-ec56c20f7859,ok,17760511.0,v1.14-1.15,0.5915492957746479,0.0,0.0,True,0.0011883541295306,0.2003249999999994,0.2694583058357236,4.0,actuator_motors,none,6275106,4107520,5.0,,B,,0.0,4.0,True,10.005995640671623,20.00570048014597,1.9999532309787538,174.382821,168.27450900000005,,True,0.0,0.0,,main
411e3a1b-cc34-422e-a8ac-5e6c29b39312,ok,17498880.0,v1.12-1.13,0.0,0.0,0.0,True,0.069679403761978,3.095403000000033,0.472,6.0,actuator_outputs,global,24972209,15361537,5.6,,C,,,,False,9.878670220424139,19.7791015868998,4.94504739389512,873.530569,867.2680890000005,True,True,0.0,0.011314394755588252,sensor_combined,main
20d6292c-296e-4142-87c9-ee438e5f8317,ok,17826047.0,v1.16+,0.0,0.0,0.0,True,0.0010952902519167,0.1007719999999992,0.1582400083541869,4.0,actuator_motors,none,3998807,2944425,4.6,,B,,0.0,4.0,True,10.010358586732451,20.009909811837943,2.0000489259280267,93.360838,91.264273,,True,0.0,0.0,,main
de9e1a8b-d5f0-4d29-b82e-fea2408461c8,ok,17695743.0,v1.14-1.15,0.0358974358974358,0.0,0.0,True,0.0,0.0,0.2400000095367431,4.0,actuator_motors,none,52099076,21303274,8.7,,B,,0.0,4.0,True,9.477298422197292,193.59046220298836,1.9009524187451254,101.168886,98.36509800000002,,True,0.0,0.040107676547102324,vehicle_attitude,main
2471e799-a860-4e3e-ba31-664b3c6f3d7a,ok,17630207.0,v1.12-1.13,0.0,0.0,0.0,True,0.0,0.0,0.179,6.0,actuator_outputs,per_channel,9061854,4896114,3.8,,C,,,,False,10.004093899265497,20.00386860738757,1.9999801873307756,256.845063,249.005454,True,True,0.0,0.0,,main
5e56c573-d357-4f82-a9fe-8c6d4e79ece8,ok,17761535.0,v1.14-1.15,0.0,0.0383435582822085,0.0366713681241184,True,0.1944444444444444,3.699480000000001,0.7363530158996572,4.0,actuator_motors,none,11179426,6703837,9.5,,C,,0.0,4.0,True,10.003354707803474,20.00344686789571,2.0000033769968524,283.42597,28.816149,,True,0.0,0.0,,main
5978ad00-524f-4a94-ba83-82d437aa307b,ok,17629696.0,v1.12-1.13,0.0,0.0,0.0,True,0.0,0.0,0.1539999999999999,6.0,actuator_outputs,per_channel,31377872,16557628,9.6,,B,,,,False,9.869964608832586,157.00265851120184,1.97707841821887,261.629559,258.713658,False,False,0.0,0.013134420211970796,vehicle_attitude,main
aaad30f9-d297-4395-9ed8-d01591a808d2,ok,17826047.0,v1.16+,0.0,0.0,0.0,True,0.0026711680795414,1.0041709999999284,0.4632828831672665,4.0,actuator_motors,none,70726534,42372910,12.6,,C,,0.0,4.0,True,9.975607463541497,201.6604703553769,1.9930179140604167,571.930582,567.5849969999997,,True,0.0,0.0028726672077848507,vehicle_attitude,main
a4034dc6-5823-4b3c-b326-6b3c5aa155df,ok,17761535.0,v1.14-1.15,0.0,0.0,0.0,True,0.0642054574638844,1.8,0.3818035423755645,4.0,actuator_motors,none,30766332,13691667,13.7,,A,,0.0,4.0,True,124.99999999999999,250.0,124.99999999999999,132.672,62.312,,True,0.0,0.0,,main
68513220-12e1-4475-a346-86c9a03eafec,ok,255.0,,0.0,0.0428571428571428,0.0,True,0.0,0.0,0.0784161031246186,4.0,actuator_motors,none,44168650,21286072,14.3,not_px4_v0,,,0.0,4.0,True,101.45970118694217,202.9195015967068,2.0000596896426455,173.522703,169.22003499999988,,True,0.0,0.0,,main
e507c044-2573-48a4-a313-326cfdbc7f53,ok,17825792.0,v1.16+,0.0,0.0,0.0,False,0.0671912832929782,3.299999999999997,0.2927585951983923,4.0,actuator_motors,none,58405092,24206477,13.9,,A,,0.0,4.0,True,124.99739740573402,249.98958962293614,100.00624648635143,191.968,164.26,,True,0.0,0.0,,main
209aa69d-064c-40fe-b78b-2475e7a6ddb3,ok,17629951.0,v1.12-1.13,0.0,0.0,0.0,True,0.0,0.0,0.301,6.0,actuator_outputs,per_channel,8156277,5020205,7.5,,C,,,,False,10.004093158991303,20.00384514818895,2.0000159282705665,250.87086,246.51444200000017,False,False,0.0,0.0,,main
aaf2608e-2a6e-4e1d-b887-45cd26723511,ok,17826047.0,v1.16+,0.0,0.0,0.0,True,0.7583547557840618,58.102645,0.9340581551194193,4.0,actuator_motors,none,3631548,2624459,7.0,,B,,0.0,4.0,True,10.011828469257399,20.0114511324507,1.9999472161170324,82.069607,77.79090899999998,,True,0.0,0.0,,main
4c171cf3-55be-44d4-9fce-31a8e2a1e523,ok,17826240.0,v1.16+,0.0,0.0,0.0,True,0.0,0.0,0.4603228475898504,4.0,actuator_motors,none,28529601,18426282,7.7,,B,,0.0,4.0,True,10.001630738132562,20.001712467436622,2.000004703161972,603.345337,596.6120299999993,,True,0.0,0.0,,main
78e4f63f-dfd0-4405-b307-32bba4238116,ok,17761280.0,v1.14-1.15,0.4138181818181818,0.0,0.0,True,0.0,0.0,0.1753872036933899,4.0,actuator_motors,none,77028596,46355047,15.1,,C,,0.0,4.0,True,9.97556016909828,219.65174584454752,1.9993296397922704,685.937742,681.848151000001,,True,0.0,0.0032397801712501207,vehicle_attitude,main
368af41a-7f1c-4fec-bf61-2db411468cee,ok,17302016.0,v1.12-1.13,0.0,0.0,0.0,,0.0,0.0,0.5288571428571429,8.0,actuator_outputs,global,816997,636689,2.1,,C,,,,False,5.115797912827534,7.366129910834978,0.0,24.158622,0.0,False,False,,0.09327579935438361,vehicle_attitude,main
739b7bd2-5ee6-4650-b47f-d76c2ccb844f,ok,17826047.0,v1.16+,0.0,0.0,0.0,True,0.0,0.0,0.159656123816967,4.0,actuator_motors,none,17140846,10380338,9.5,,C,,0.0,4.0,True,10.006805611446742,160.75234220371695,2.0000274345868494,152.158945,148.00856000000002,,True,0.0,0.0,,main
54414f81-5333-492b-a5cc-6f3989b8142c,ok,17825856.0,v1.16+,0.0,0.0,0.0,True,0.0,0.0,0.0581939786672592,4.0,actuator_motors,none,27558579,15614685,7.4,,B,,0.0,4.0,True,10.001444630540595,20.001488048206134,1.9999901048183086,639.696605,635.7224340000004,,True,0.0,0.0,,main
5978e43f-80d7-42df-ae43-c8aab24aaa88,ok,17629952.0,v1.12-1.13,0.0,0.0,0.0,True,0.0,0.0,0.0963929951190948,4.0,actuator_motors,none,14578466,7931611,4.6,,C,,0.0,4.0,True,10.003048520169916,20.002730391230887,2.0000076470880623,323.345709,320.6633669999999,,True,0.0,0.0,,main
e75011cd-7a6d-4d5f-b5d0-3e5dab8e6310,ok,17629696.0,v1.12-1.13,,,0.0,True,0.0,0.0,0.1215489551424979,4.0,actuator_motors,none,36525023,15970632,15.4,,C,,0.0,4.0,True,10.001676669034644,20.001539867504444,2.0016720421798087,599.542986,168.379987,,True,0.0,0.0,,main
4ba26a72-7dda-494c-b90c-66810e7b1890,ok,17629952.0,v1.12-1.13,0.0,0.0,0.0,True,0.0,0.0,0.30445,6.0,actuator_outputs,per_channel,5269170,2921866,10.2,,B,,,,False,10.007915598303706,20.00786336985534,2.0001023988167876,124.828516,117.17646899999998,False,False,0.0,0.0,,main
995f4490-9ac7-4908-9685-3f232b774e4d,ok,17760384.0,v1.14-1.15,0.0,0.0,0.0,True,0.0,0.0,0.0623544067144393,4.0,actuator_motors,none,26818688,17643712,15.5,,B,,0.0,4.0,True,9.996716623581493,19.990722623240163,1.999979993950123,320.81666,314.87472500000007,,True,0.0,0.0006805614128821332,sensor_combined,main
4ea35538-b85d-4217-978b-c545d2411c73,ok,18285568.0,v1.16+,0.0,0.0,0.0,True,0.0,0.0,0.3173333333333333,6.0,actuator_outputs,bus,98460219,52055478,28.0,,B,,,,False,9.908720354272303,197.44240020517807,1.9804265416853832,771.840995,607.7257029999997,False,False,0.0,0.009491989823859825,vehicle_attitude,main
c11589dc-6092-4f97-8563-131ac827a1c1,ok,255.0,,0.0,0.0,0.0,True,0.0217018566599715,0.3368540000000024,0.6396182119846342,4.0,actuator_motors,none,8738030,4918426,4.8,not_px4_v0,,,0.0,4.0,True,9.581236566416825,176.45396466916208,1.9209885565001221,76.801471,74.94676200000005,,True,0.0,0.04439840454764963,vehicle_local_position,main
def4855c-0135-4bfc-9c9b-b0802a50d926,ok,17695743.0,v1.14-1.15,0.0,0.0,0.0,True,0.4018177469504903,5.152264000000002,0.7671965181827544,4.0,actuator_motors,none,8001564,4598931,3.1,,B,,0.0,4.0,True,10.01519856535444,201.07517612740253,1.9998217346406852,64.419761,58.53519199999997,,True,0.0,0.0,,main
34986477-7c4c-4c60-96a2-18e5a6c7b191,ok,17629696.0,v1.12-1.13,0.0,0.0,0.0,True,0.0,0.0,0.144,6.0,actuator_outputs,per_channel,11102713,6287562,7.3,,A,,,,False,10.011521547223555,194.61376153100986,1.9999083558478694,91.309889,82.68545800000001,False,False,0.0,0.0,,main
66193959-c127-46d4-a5bc-b88ffb450be3,ok,17564671.0,v1.12-1.13,0.0,0.0,0.0300973738565948,True,0.0007411799584939,0.1968739999999798,0.29575,6.0,actuator_outputs,per_channel,22196747,13953274,9.0,,B,,,,False,10.000160982520656,20.000056641246598,2.000027359783868,677.035931,674.671756999999,True,True,0.0,0.0,,main
30de1ef4-17e9-4e7a-9841-0195300e7f88,ok,17760768.0,v1.14-1.15,0.0,0.0,0.0,True,0.0,0.0,0.342475026845932,4.0,actuator_motors,none,3544451,2628615,2.9,,C,,0.0,4.0,True,10.01137119235885,19.992057865683986,2.000000160000013,88.259996,83.71995600000004,,True,0.0,0.001871172622716859,sensor_combined,main
322f97b7-8c84-4ab2-8002-039a2e89915d,ok,17825792.0,v1.16+,0.0238095238095238,0.0,0.0,False,0.0094212298701468,0.6765120000000024,0.1932606667280197,4.0,actuator_motors,none,56082651,22968070,43.9,,B,,0.0,4.0,True,9.207379173013276,183.42132527083052,1.8427147577561622,108.708098,102.974043,,True,0.0,0.07186596579815649,vehicle_attitude,main
621f4fed-3d93-4f27-8f09-29a5e88fe7e4,ok,17891392.0,v1.16+,0.0,0.0,0.0,True,0.0007978117164349,0.1962299999999857,0.3207813680171967,4.0,actuator_motors,none,45945048,29639297,29.3,,B,,0.0,4.0,True,10.000919973740286,20.000716529349603,1.9999849522060076,991.622858,877.320618999999,,True,0.0,6.830397869763528e-05,sensor_combined,main
8c3115b2-b30f-4f3a-addd-31ae4e5a7cd2,ok,17826303.0,v1.16+,0.0,0.0,0.0016528925619834,True,0.0,0.0,0.1536258101463317,4.0,actuator_motors,none,99567537,29345335,32.7,,C,,0.0,4.0,True,9.126759277921229,167.24695241772264,1.8257409089560963,132.511432,128.27425200000002,,True,0.0,0.07647727092237319,vehicle_attitude,main
8f107a6c-21b4-4524-8609-1d709c6899d6,ok,17761280.0,v1.14-1.15,0.0,0.0,0.0,True,0.0,0.0,0.0728215523064136,4.0,actuator_motors,none,3979552,2737873,2.8,,B,,0.0,4.0,True,10.008978303995045,20.008699378048547,2.000021103026405,107.626711,105.77776200000011,,True,0.0,0.0,,main
341ae3df-657a-473b-bb86-07d25ade15c0,ok,17826047.0,v1.16+,0.0,0.0,0.0,True,0.0011668502858504,1.8405690000001869,0.1796261467039585,4.0,actuator_motors,none,233675327,112538341,59.8,,B,,0.0,4.0,True,10.000508603697506,197.7467880039364,1.9999969353540183,1918.81072,1880.705151000001,,True,0.0,0.0,,main
1063bc9a-ed9b-4d60-b8e9-fd7b49a1f900,ok,17630207.0,v1.12-1.13,0.0,0.0,0.0,True,0.0,0.0,0.0706483781337738,4.0,actuator_motors,none,8252426,5164615,5.4,,A,,0.0,4.0,True,10.011119400903558,213.11606889042508,1.999944356577724,84.668427,79.34341000000002,,True,0.0,0.0,,main
49d6cd84-9bc3-4fe4-9664-96b0fa4de112,ok,17498880.0,v1.12-1.13,0.0825892857142857,0.0,0.0,True,0.0,0.0,0.3694499999999998,8.0,actuator_outputs,global,7902646,5255663,3.4,,A,,,,False,9.991105341904923,19.942263839488362,4.995475919390478,225.705309,206.07538400000013,False,False,0.0,0.0019419899528712206,sensor_combined,main
bd40cd4c-ae40-4563-a225-44a543cf672c,ok,17694720.0,v1.14-1.15,0.0,0.0,0.0,True,0.0,0.0,0.0447838209569454,4.0,actuator_motors,none,30504378,10711922,5.2,,C,,0.0,4.0,True,10.007581564313679,129.83105195870087,117.90807926177452,124.431238,121.014435,,True,0.0,0.0,,main
82f3cd8f-2415-40bb-bc6d-76a729741c28,ok,17695488.0,v1.14-1.15,0.0,0.0,0.0,True,,,,4.0,actuator_motors,none,14975865,8308677,4.4,,C,ground_only_actuator_motors,0.0,4.0,True,10.006549515302043,160.81899703925552,1.9999893243813092,148.902024,0.0,,True,0.0,0.0,,main
bb0fd5a4-5a9f-46e6-8a2e-274360d75769,ok,17826240.0,v1.16+,0.0,0.0,0.0,True,0.0,0.0,0.4051402509212494,6.0,actuator_motors,none,5072679,3827162,3.8,,B,,0.0,6.0,False,10.008946049977638,20.009182816680802,2.000077459310536,103.588776,98.07567100000007,,False,0.0,0.0,,main
7cef9d43-0d18-4d75-ae69-cd23b49983a6,ok,17761535.0,v1.14-1.15,0.0,0.0,0.0,True,0.0,0.0,0.3097308278083801,4.0,actuator_motors,none,3959402,2951928,3.0,,B,,0.0,4.0,True,10.01140140545322,20.011352170928028,1.9999254380739617,85.300233,80.108049,,True,0.0,0.0,,main
a3d565c8-0dba-42b7-afb7-68f8aeec6bf0,ok,17694720.0,v1.14-1.15,0.0,0.0,0.0,True,0.0,0.0,0.4256924778223037,4.0,actuator_motors,none,14702144,7993638,4.9,,B,,63.0,4.0,True,10.002353283694456,20.002429823670905,2.0000466998245887,395.337502,202.90316400000012,,True,0.0,0.0,,main
46d57da7-d094-4d22-8e58-d3038e39166c,ok,17826047.0,v1.16+,,,,,,,,,none,none,3094210,674898,3.0,,C,no_land_topic,,,False,0.0,0.0,0.0,0.0,0.0,,False,,0.0,,main
b7e8e5bf-0ffa-4e7e-89be-8a54e42091c3,ok,17761023.0,v1.14-1.15,0.0,0.0,0.0449735449735449,True,0.0,0.0,0.3360390737652778,4.0,actuator_motors,none,3144583,2494223,3.4,,C,,0.0,4.0,True,10.012455148948217,20.01298387148716,1.9999913557420599,75.091808,72.61192099999998,,True,0.0,0.0,,main
7b391cda-3d94-4af4-85d2-e9dce521d4ee,ok,17629184.0,v1.12-1.13,0.0,0.0,0.0,True,,,,4.0,actuator_motors,none,3404217,2143229,4.0,,A,ground_only_actuator_motors,0.0,4.0,True,8.736559314354132,17.54161989586806,1.6943163224469462,115.364711,0.0,,True,0.0,0.1274719081875976,sensor_combined,main
0a0d02c2-2981-4d4f-8834-108658f9195d,ok,17695743.0,v1.14-1.15,0.0416666666666666,0.0,0.0,True,0.0,0.0,0.1559650167822837,4.0,actuator_motors,none,65667649,19789615,22.7,,A,,0.0,4.0,True,9.435407162077267,142.17698942010549,1.8901532725288694,100.408837,97.24504800000003,,True,0.0,0.04984257129855356,sensor_combined,main
158af92a-ca1c-4e07-8a6e-88956e754ef4,ok,17826047.0,v1.16+,0.0,0.0,0.0,True,0.0,0.0,0.1642668545246124,4.0,actuator_motors,none,33760391,13716037,12.9,,C,,0.0,4.0,True,10.013674014801252,199.94512304918987,1.9999887222858161,72.53174,66.78000400000002,,True,0.0,0.0,,main
03751f6f-b653-4174-b2d2-7371f5606ccc,ok,18285568.0,v1.16+,0.003076923076923,0.0,0.0,True,0.0,0.0,0.28,6.0,actuator_outputs,bus,85127826,39250482,22.1,,C,,,,False,9.908525043037963,197.96264851660052,1.9816623838465859,655.518,322.3412140000002,False,False,0.0,0.009647891359057244,vehicle_attitude,main
41f96338-145c-425e-b778-5976b9335165,ok,17761280.0,v1.14-1.15,0.0,0.0,0.0,True,0.0,0.0,0.2291298300027846,4.0,actuator_motors,none,4266175,3181544,4.5,,C,,0.0,4.0,True,10.010145489764582,20.009422385695213,1.999947842944373,101.055149,96.774651,,True,0.0,0.0,,main
44998499-d55f-4bed-ad51-8e0f2d3c4880,ok,17826047.0,v1.16+,0.0393258426966292,0.0,0.0,True,0.0,0.0,0.0673942446708679,4.0,actuator_motors,none,3974456,2905523,4.3,,B,,0.0,4.0,True,10.011018938779722,20.010648710459705,1.9999944457297107,87.820065,83.90193999999995,,True,0.0,0.0,,main
bdaf475e-9ca6-45fb-a391-0fadb9015c06,ok,17564671.0,v1.12-1.13,0.0,0.0,0.0256410256410256,True,0.0054945054945054,0.1085980000000006,0.587542857142857,6.0,actuator_outputs,bus,3874495,2449164,5.4,,A,,,,False,10.009732311243626,20.00952596007285,2.009866404477119,101.231995,90.98564899999998,True,True,0.0,0.0,,main
005973ac-9862-4ac3-b467-f4349633c3a5,ok,33620416.0,,0.0,0.0,0.0,True,0.2516198264035099,1.5326790000000017,0.3103439092636108,4.0,actuator_motors,none,34509121,18779831,15.3,not_px4_v2,,,0.0,4.0,True,9.959455355919095,197.2716209691054,1.9888682526350654,271.174009,267.27730599999995,,True,0.0,0.0,,main
c00d2fed-cf30-4585-8b9d-2361326398e9,ok,17760256.0,v1.14-1.15,0.0,0.0,0.0,True,0.0,0.0,0.1956214606761932,4.0,actuator_motors,none,45630622,28947913,16.7,,B,,0.0,4.0,True,9.951396846302208,201.6793927165424,1.9998300429474902,421.409858,417.22658400000023,,True,0.0,0.00622823983938688,vehicle_attitude,main
b83bf324-af7e-418b-9991-546da1b0fddc,ok,17694720.0,v1.14-1.15,0.0,0.0,0.0,True,0.0,0.0,0.1630761831998825,4.0,actuator_motors,none,111330747,28470764,40.1,,C,,0.0,4.0,True,10.000084739970555,20.000068099796103,92.12760583014332,677.001209,672.8581540000002,,True,0.0,0.0,,main
368da03f-0be0-4da4-92f6-5a4c405fe83d,ok,17760768.0,v1.14-1.15,0.0199600798403193,0.0,0.0,True,0.0,0.0,0.1319386705756187,4.0,actuator_motors,none,10221562,6817938,4.5,,C,,0.0,4.0,True,10.003936310558464,20.003857131394895,2.0000908715985157,249.820683,244.7383129999999,,True,0.0,0.0,,main
aea9556e-4939-4a61-9d91-ce440430b6a1,ok,0.0,,0.0,0.0,0.0,True,0.0,0.0,0.2008741274476051,4.0,actuator_motors,none,16857265,10970337,5.2,not_px4_v0,,,0.0,4.0,True,10.005093042642805,20.00490987683794,2.000010854053395,181.800923,178.47528499999999,,True,0.0,0.0,,main
538febf5-f0ae-412a-a9f6-d8af6129017e,ok,17761279.0,v1.14-1.15,0.0,0.0,0.0,True,0.0,0.0,0.2259454385377465,4.0,actuator_motors,none,3393093,2145239,2.5,,B,,0.0,4.0,True,10.008502483745078,20.008456869821604,2.0000793174312173,105.045719,103.96983699999996,,True,0.0,0.0,,main
4e735764-cf6f-44cd-8e17-f3f1d37f9daf,ok,17826240.0,v1.16+,0.1038552321007081,0.0,0.0,True,0.0,0.0,0.1165559068322181,4.0,actuator_motors,none,24816783,15949273,6.6,,B,,0.0,4.0,True,10.001522804865262,20.001468763629344,2.000000012638231,633.16488,628.2673499999996,,True,0.0,0.0,,main
79588575-653e-4164-b21d-8f99c6da736e,ok,17695488.0,v1.14-1.15,0.0227272727272727,0.0,0.0,True,0.0,0.0,0.0776437476277351,4.0,actuator_motors,none,27460558,12101396,9.8,,B,,0.0,4.0,True,5.773805330927081,115.98410167518598,1.1056063921242265,83.010755,74.72495800000002,,True,0.0,0.3468195795455159,sensor_combined,main
98f084c4-bb36-4793-a1ec-a4c915485724,ok,17826303.0,v1.16+,0.0,0.0,0.0,True,0.002301495972382,0.1023679999999984,0.4554120004177092,4.0,actuator_motors,none,4070543,3072988,3.2,,C,,0.0,4.0,True,10.009953694947644,20.01011563719481,1.9999374802152925,92.380738,86.84581799999998,,True,0.0,0.0,,main
3462fbc5-9040-4990-b9cf-4cd36f6792a4,ok,17499135.0,v1.12-1.13,0.0,0.0,0.0,True,0.0,0.0,0.272,8.0,actuator_outputs,global,4908067,3368465,3.5,,A,,,,False,9.978134163510203,19.99205717027899,5.0000160219491505,136.910965,127.90046100000006,False,False,0.0,0.00036389138511109967,sensor_combined,main
15965539-4425-4867-ad04-056c434c2567,ok,17694848.0,v1.14-1.15,0.0077519379844961,0.0,0.0,True,0.0,0.0,0.331742912530899,4.0,actuator_motors,none,7999569,4759348,4.5,,B,,0.0,4.0,True,10.015979607972657,247.3989660227406,1.9998985331480221,63.086814,58.22932999999998,,True,0.0,0.000743906919721371,vehicle_attitude,main
544a3816-abf6-4fb8-aa66-7ce17c798f45,ok,17695488.0,v1.14-1.15,0.0,0.0,0.0,True,0.0,0.0,0.4348339885473251,8.0,actuator_motors,none,3001763,2144380,6.7,,A,,0.0,8.0,False,10.011556960404896,20.011530265110846,2.0001642240099713,85.86188,35.523393,,False,0.0,0.0,,main
576da0aa-3369-4683-9cca-8328c28bd217,ok,0.0,,0.0,0.0,0.0,True,0.0,0.0,0.1649302601814269,4.0,actuator_motors,none,6369914,4085954,8.4,not_px4_v0,,,0.0,4.0,True,10.006355771838052,20.005895136561932,1.9999743430082726,160.902518,158.92847599999985,,True,0.0,0.0,,main
54a844a4-6a68-4ffc-8d29-5d01811af891,ok,17695743.0,v1.14-1.15,0.0,0.0,0.0,True,0.0141668871057813,0.2974340000000026,0.4120673971816311,4.0,actuator_motors,none,50345230,14975948,16.3,,C,,0.0,4.0,True,9.254863947659521,142.61881754672956,1.792131172781548,77.5928,73.48937399999998,,True,0.0,0.0581959950090057,sensor_combined,main
6770d958-fe55-4af5-96e3-9fecc01595c2,ok,33554752.0,,0.0177147918511957,0.0,0.0,True,0.0,0.0,0.3366961359977722,4.0,actuator_motors,none,105304761,53072111,20.0,not_px4_v2,,,0.0,4.0,True,9.994611595983988,200.3446847089616,9.990924111349058,552.64009,547.2030830000004,,True,0.0,0.0005960524441030964,vehicle_attitude,main
87c330d1-ad9e-40ec-a2a2-6af389ba635a,ok,17760768.0,v1.14-1.15,0.0,0.0,0.0,True,0.1942112240388864,81.90000099999997,1.0,4.0,actuator_motors,none,18457562,10256098,6.0,,A,,0.0,4.0,True,10.002184899384806,20.00218520705027,1.9999548762916204,457.299669,452.61997799999983,,True,0.0,0.0,,main
703916e7-6bea-4cc8-8011-9cf02f246032,ok,17629952.0,v1.12-1.13,0.0,0.0,0.0,True,0.0,0.0,0.14775,6.0,actuator_outputs,per_channel,7742695,4318118,4.2,,B,,,,False,10.005243402585288,20.004686208646806,1.999992222252469,189.119165,182.6186299999999,True,True,0.0,0.0,,main
5c6f4e50-3b62-4c34-bf0d-b2301defe3a3,ok,17761535.0,v1.14-1.15,0.0,0.0,0.0,True,,,,4.0,actuator_motors,none,12841055,6780376,5.3,,C,ground_only_actuator_motors,0.0,4.0,True,10.003667783619356,20.003691171025018,2.0000023783812066,277.566365,0.0,,True,0.0,0.0,,main
27cefde8-327b-4ec9-a0cf-c1609ffc9047,ok,17694720.0,v1.14-1.15,0.0803571428571428,0.0,0.0,True,0.0006443298969072,0.0996489999999994,0.3352854173630473,4.0,actuator_motors,none,11403144,4847243,4.0,,A,,0.0,4.0,True,10.007072397843583,20.005963700470488,86.86994825296132,158.677392,155.21205399999997,,True,0.0,0.0,,main
8f3d9832-dc69-4c42-890a-d659c93451f7,ok,17761535.0,v1.14-1.15,0.0,0.0,0.0,True,4.937052579609973e-05,0.002758,0.5833921745419501,4.0,actuator_motors,none,44394620,17009341,10.0,,B,,0.0,4.0,True,9.919041462636146,197.24498476314287,1.9999574576950665,82.194294,77.64903100000001,,True,0.0,0.010072306191751812,sensor_combined,main
a025555a-37e6-4487-95d1-ab34993bc213,ok,17695743.0,v1.14-1.15,0.4696569920844327,0.0,0.0,True,0.2664765525982256,0.4332259999999905,0.40807688832283,4.0,actuator_motors,none,19962391,11670185,6.1,,C,,0.0,4.0,True,10.005063425233832,138.27039735742144,2.000066799064756,190.191371,187.77840099999995,,True,0.0,0.0,,main
3b76598d-9bbc-45b6-ade6-e19df0f89907,ok,17891583.0,v1.16+,0.0,0.0,0.0,True,0.0046242774566473,0.2000060000000019,0.2341527700424194,4.0,actuator_motors,none,14058333,8047154,2.7,,B,,0.0,4.0,True,10.002999241980474,20.003057891434906,2.000251640546388,338.156021,86.50003399999999,,True,0.0,0.0,,main
6c73b49c-d8a3-4fe5-8b40-7cfc408897f9,ok,17760511.0,v1.14-1.15,0.0,0.0847457627118644,0.0,True,0.0,0.0,0.2870857454137876,4.0,actuator_motors,none,3567752,2747508,3.0,,A,,0.0,4.0,True,10.01221293660365,20.011878864909065,1.999952522866196,81.087035,67.03318800000002,,True,0.0,0.0,,main
b43d5443-690a-48cb-aec5-cfbf6030626d,ok,17891392.0,v1.16+,0.0,0.0,0.0,True,0.0,0.0,0.5108548035716951,4.0,actuator_motors,none,8446030,5346086,4.9,,A,,0.0,4.0,True,9.999661517733564,19.989219621493255,1.999953937902988,95.572689,89.55249000000003,,True,0.0,0.0009910739897636821,sensor_combined,main
17712d63-8f67-4c35-8579-9ff2bb2b5b42,ok,17569791.0,v1.12-1.13,0.0,0.0,0.0,True,0.0,0.0,0.1283333333333333,4.0,actuator_outputs,bus,21185283,10448400,11.8,,C,,,,False,9.953681529145225,198.6702474162044,1.9883804020256626,173.137935,20.369400000000006,True,True,0.0,0.005798644968715619,vehicle_attitude,main
c423c822-bba5-44ca-9305-644909306054,ok,17761535.0,v1.14-1.15,0.0,0.0,0.0,True,0.0017094017094017,0.1009839999999999,0.3833043217658993,4.0,actuator_motors,none,2852728,2104096,3.7,,B,,0.0,4.0,True,10.015491332621034,20.015882292451224,2.0000282752088987,65.706816,58.51892100000001,,True,0.0,0.0,,main
3fcd1329-de34-4bb7-a625-3c9da7386158,ok,17629696.0,v1.12-1.13,0.0,0.0,0.0,True,0.0,0.0,0.1769999999999999,6.0,actuator_outputs,per_channel,16286606,9272274,6.9,,C,,,,False,10.007249592826447,164.54928793104472,1.999982244761942,139.167051,136.08501299999995,False,False,0.0,0.0,,main
822ab892-5c60-40b3-96c4-c8b6990d65ee,ok,17761280.0,v1.14-1.15,0.0,0.0,0.0,True,,,,4.0,actuator_motors,none,70433762,24707061,13.2,,C,ground_only_actuator_motors,0.0,4.0,True,10.003348135307695,199.30318926150812,1.9999676470045449,306.260602,0.0,,True,0.0,0.0,,main
8e0d55ab-ca24-4f7f-bccc-e3e650a41006,ok,17695488.0,v1.14-1.15,0.1240310077519379,0.0,0.0,True,0.0,0.0,0.3309049978852272,4.0,actuator_motors,none,5692383,3079970,3.1,,C,,0.0,4.0,True,10.007189005216278,20.00729852505914,1.999961239966871,128.074907,125.790525,,True,0.0,0.0,,main
3288950c-2189-45be-9f7f-171816aea34c,ok,17498367.0,v1.12-1.13,0.0,0.0,0.0,True,0.0,0.0,0.2765714285714286,6.0,actuator_outputs,global,11994730,7254876,11.2,,C,,,,False,10.006612153179226,200.14628373760436,5.006816608769351,142.259502,139.73791200000005,True,True,0.0,0.0,,main
8ac43077-d5ce-4f9d-bb2d-4b5bd314622e,ok,17694975.0,v1.14-1.15,0.0,0.0,0.0,True,0.0002735978112175,0.099644000000012,0.2856770128011703,4.0,actuator_motors,none,15358288,9818300,9.2,,A,,0.0,4.0,True,10.002530314884128,20.002603157205463,1.9999965698837663,368.727372,365.5259290000002,,True,0.0,0.0,,main
f64c129b-d791-4cf7-ae0e-452c8f3b013c,ok,17761023.0,v1.14-1.15,0.0733471074380165,0.0,0.0029203170629954,True,0.0033790918690601,1.3994280000000003,0.3869685903191566,4.0,actuator_motors,none,20076382,12717213,13.1,,C,,0.0,4.0,True,10.00205229923701,20.002008423704766,1.9999996071056154,479.167231,473.57178199999953,,True,0.0,0.0,,main
e0c8b3ec-1b2c-43a0-9061-40ad7996ca58,ok,17569792.0,v1.12-1.13,0.0,0.0,0.0176271186440677,True,,,,4.0,actuator_outputs,bus,76255812,34819630,18.6,,A,ground_only_actuator_outputs,,,False,9.96110415943643,199.24504750033364,1.9898757083429648,600.61301,0.0,True,True,0.0,0.0033568333561104775,vehicle_attitude,main
c7b74a17-4dd9-42bb-901a-04c1c6e88b7f,ok,17761023.0,v1.14-1.15,0.0,0.0,0.0,True,0.0019770660340055,0.500011,0.4951026797294616,4.0,actuator_motors,none,11027354,7273904,5.3,,B,,0.0,4.0,True,10.00412835475463,20.00401238211063,2.0000223426620463,257.409364,252.9762590000001,,True,0.0,0.0,,main
e78b34fc-6250-466f-82ed-3681a21304e4,ok,17630207.0,v1.12-1.13,0.0,0.0,0.0,True,0.0,0.0,0.109937672317028,4.0,actuator_motors,none,8205645,5137956,4.8,,A,,0.0,4.0,True,10.011310121544357,199.8797971902189,1.9998343858081893,86.331444,81.008508,,True,0.0,0.0,,main
85bda2c5-12bf-4116-8777-36cde746349e,ok,17826240.0,v1.16+,0.0,0.0,0.0,True,0.0001148672708685,0.0037679999999795,0.4151979446411132,4.0,actuator_motors,none,37614444,23153781,11.8,,A,,0.0,4.0,True,9.996784298004894,198.95460492132992,2.0000012302745085,310.645323,304.9447180000003,,True,0.0,0.0008853295826400947,sensor_combined,main
502856c6-1c68-4deb-9d13-dc1fae9df071,ok,17760256.0,v1.14-1.15,0.0,0.0,0.0,True,0.0,0.0,0.2606359310448169,4.0,actuator_motors,none,8217187,5261286,3.5,,B,,0.0,4.0,True,10.006134846550493,20.00552010071498,1.9999997661538733,162.743173,158.45969899999992,,True,0.0,0.0,,main
fc587431-e0b5-4b80-a9f6-ded078a07fee,ok,17761280.0,v1.14-1.15,0.0,0.0,0.0,True,0.0,0.0,0.3151360392570495,4.0,actuator_motors,none,8157158,4506468,6.0,,B,,0.0,4.0,True,10.00635486804758,20.006481183894035,1.9999298979276197,143.779806,139.271547,,True,0.0,0.0,,main
b7cb4e4f-d6d6-4763-8253-73c4ec5bbe21,ok,17825984.0,v1.16+,0.0,0.0,0.3469387755102041,False,0.0274673160728018,0.2033760000000057,0.5287985384464264,4.0,actuator_motors,none,56388076,15833184,21.0,,B,,0.0,4.0,True,9.425462830417903,183.65455066598184,1.8755818803892368,113.362119,112.435813,,True,0.0,0.056187268990937844,vehicle_attitude,main
7a7b38f4-9a25-4577-a436-fd2e1abb7587,ok,17630207.0,v1.12-1.13,0.0,0.0,0.0,True,0.0,0.0,0.2493999999999996,6.0,actuator_outputs,per_channel,20329806,12326374,8.0,,A,,,,False,9.983066572406056,19.973417069603745,1.9975405464279457,411.562689,409.5167280000001,True,True,0.0,0.0016080192594001275,sensor_combined,main
4722bd64-36cd-4d1b-90f3-f664c81c016b,ok,17760511.0,v1.14-1.15,0.0,0.0993377483443708,0.0,True,0.0,0.0,0.2179555788636207,4.0,actuator_motors,none,3199635,2572038,5.4,,A,,0.0,4.0,True,10.014094729954763,20.01353469432878,2.0001830240466383,69.184679,65.851149,,True,0.0,0.0,,main
bb754bf2-b9bc-4137-8629-ff36b91e737c,ok,17695743.0,v1.14-1.15,0.0,0.0,0.0,True,0.5637886597938144,7.500927000000004,0.5300368234515186,4.0,actuator_motors,none,6688771,4503635,7.3,,B,,0.0,4.0,True,10.005541175860918,20.005396161234245,2.000054588989938,160.346351,155.24280100000001,,True,0.0,0.00028943808360364656,sensor_combined,main
4bd9fd35-5ef4-4900-bdbd-37786a2dcc79,ok,17891583.0,v1.16+,0.0,0.0,0.0,True,0.0,0.0,0.2358406484127044,4.0,actuator_motors,none,6593930,4734917,5.4,,C,,0.0,4.0,True,9.99956057486585,19.99947477949954,1.999970587845131,144.560712,138.87551499999998,,True,0.0,0.0006581896752283148,sensor_combined,main
5c92f6a7-872c-4ef9-996c-51d8f5ee7f7d,ok,17629952.0,v1.12-1.13,0.0,0.0025757575757575,0.0,True,0.0138573031322963,12.398134999999913,0.3299999999999999,6.0,actuator_outputs,bus,125362201,71237269,29.2,,B,,,,False,10.000290809365165,20.00022795717806,2.0000006947307076,3302.257888,3297.8878469999986,True,True,0.0,0.0,,main
2c32dc37-19c4-47d2-920a-5b327a7d8c8e,ok,17695488.0,v1.14-1.15,0.0,0.0,0.0,True,,,,4.0,actuator_motors,none,11900621,5436362,4.6,,C,ground_only_actuator_motors,0.0,4.0,True,10.004167761941337,20.00418668209273,1.9999445428221956,218.324962,0.0,,True,0.0,0.0,,main
3a39a5bd-ccf7-4068-8ffb-cf4fe6434a4f,ok,17760767.0,v1.14-1.15,0.0,0.0,0.0,True,,,,4.0,actuator_motors,none,16802890,9632967,5.3,,C,ground_only_actuator_motors,0.0,4.0,True,9.991084246662068,19.97760992946284,1.9977870776231186,447.674618,0.0,,True,0.0,0.001340606651917209,vehicle_attitude,main
9c28c9bd-54cb-4559-8d15-b8b59814286b,ok,17695488.0,v1.14-1.15,0.0,0.0305343511450381,0.0,True,0.0018587360594795,0.0975339999999995,0.1211746178567409,4.0,actuator_motors,none,2360981,1836755,3.0,,C,,0.0,4.0,True,10.016281564528024,20.01563361012017,1.9998775741611685,60.791745,53.75367800000001,,True,0.0,0.0,,main
25f000db-9b27-4af5-9e29-d56dc5c87167,ok,17630207.0,v1.12-1.13,0.0,0.0,0.0,True,0.0,0.0,0.2372999999999997,6.0,actuator_outputs,per_channel,4304006,2631961,4.5,,C,,,,False,10.007776216168246,20.008241655715054,1.9999851878826258,114.554694,111.77655,True,True,0.0,0.0,,main
8b5768c0-7864-4837-a5fe-11a0683a8ee9,ok,255.0,,0.0,0.197452229299363,0.0,True,0.0,0.0,0.01577889919281,4.0,actuator_motors,none,16492514,8006956,8.4,not_px4_v0,,,0.0,4.0,True,124.99999999999999,250.0,100.01940778529445,71.772,25.496,,True,0.0,0.0,,main
a0e641e8-805b-4111-ba20-4b1f6afb340d,ok,17956992.0,v1.16+,0.0,0.0,0.0,True,0.0,0.0,0.080604276061058,4.0,actuator_motors,none,24469820,12267936,11.1,,B,,0.0,4.0,True,121.11191583441335,237.70726129216695,99.97522299306243,104.452,100.18800000000003,,True,0.0,0.0,,main
4ecb2274-be41-4d06-ab84-af2429a7d4db,ok,17825792.0,v1.16+,0.0,0.3317269076305221,0.0,True,0.0,0.0,0.4004054859280586,4.0,actuator_motors,none,58287102,33630814,13.7,,C,,0.0,4.0,True,10.001478038410955,134.81343158094694,1.9999975867797715,605.492989,389.2086190000002,,True,0.0,0.0,,main
227a7d0f-1581-4e53-a568-5abdf817d24d,ok,17761023.0,v1.14-1.15,0.0,0.0,0.0,True,0.0,0.0,0.1156950443983077,4.0,actuator_motors,none,4232499,2728286,2.6,,B,,0.0,4.0,True,10.009496164248688,20.009556609929515,1.9999422983155077,104.661533,97.862484,,True,0.0,0.0,,main
ddb33a94-c846-45ef-9153-fec35dcc2c83,ok,17498240.0,v1.12-1.13,0.0,0.1029411764705882,0.0,True,,,,8.0,actuator_outputs,none,803877,515131,2.4,,C,no_pwm_params,,,False,9.199936443114892,9.200298386349724,5.015883934953687,61.035766,59.570617,False,False,0.0,0.0821004959797221,vehicle_attitude,main
54135d2f-a61a-4c8f-b2a1-53f9c28aee2f,ok,17891583.0,v1.16+,0.0,0.0,0.0,True,0.0,0.0,0.1047178670763969,4.0,actuator_motors,none,7377168,4729636,5.0,,C,,0.0,4.0,True,9.920062100559718,197.8509735815582,1.9674507228796063,61.724785,57.03601,,True,0.0,0.010702777040728724,vehicle_attitude,main
c4e6d77e-04d4-4b27-ad7d-92ea9e2ab92b,ok,17695488.0,v1.14-1.15,0.0,0.0,0.0,True,0.0,0.0,0.0686323493719101,4.0,actuator_motors,none,4118587,2842606,4.4,,B,,0.0,4.0,True,10.00839094085336,20.009461616850253,2.000003636370248,110.269748,104.22680800000003,,True,0.0,0.0,,main
83bec4f4-2241-4792-9d36-543b8f1e57c8,ok,67441920.0,,0.0,0.0,0.0,True,0.0020945149888728,0.3303509999999789,0.4613333333333333,6.0,actuator_outputs,bus,19094061,10466012,8.5,not_px4_v4,,,,,False,10.006195554283185,198.75752289869422,2.0061510448582616,161.643251,154.76158500000014,True,True,0.0,0.0,,main
55e7b8d8-cc57-4267-b327-dbe1ea074037,ok,17630207.0,v1.12-1.13,0.0,0.0,0.0,True,0.0,0.0,0.6388571428571429,6.0,actuator_outputs,bus,10958111,5347130,12.0,,C,,,,False,9.787785006196751,197.73924557544595,1.9624264580684838,79.463933,75.265005,False,False,0.0,0.02269930331784382,vehicle_attitude,main
cc567a1a-dfe4-430f-ae64-8048546ffa32,ok,17761535.0,v1.14-1.15,0.0,0.0,0.0,True,0.0,0.0,0.2000040978193282,4.0,actuator_motors,none,39141765,25162681,16.9,,B,,0.0,4.0,True,9.963560863336571,19.923996839096475,1.9916460572792363,960.294518,955.8499169999997,,True,0.0,0.003805244978789444,vehicle_attitude,main
71cf510d-7938-4e62-8f07-82171ad8bbb2,ok,17236736.0,v1.12-1.13,0.0,0.0,0.0,False,0.1364301985030914,22.446642,0.9988571428571428,6.0,actuator_outputs,global,97155072,39676490,22.2,,B,,,,False,9.84337293079174,31.66837751118281,0.0,2535.06071,1247.5654269999982,True,True,,0.0003556482584192395,sensor_combined,main
604127f9-c150-411d-b411-65f274cfe9da,ok,69617408.0,,0.0,0.0,0.0,True,,,,6.0,actuator_outputs,global,1103685,575323,4.1,not_px4_v4,,ground_only_actuator_outputs,,,False,9.812761178719132,31.520314964486186,0.0,74.429921,0.0,True,True,,0.0,,main
ef9a0cbb-42cb-4234-b247-31da1de97ffd,ok,17761280.0,v1.14-1.15,0.0,0.0,0.0630048465266559,True,0.0678807947019867,1.1025149999999968,0.4879000604152673,4.0,actuator_motors,none,4806629,3248570,7.9,,C,,0.0,4.0,True,10.007404993505478,20.006815282325377,2.0000594163992482,123.581029,120.87406500000002,,True,0.0,0.0,,main
122898e6-3da4-44de-afd8-821c5b1d68e8,ok,17760256.0,v1.14-1.15,0.0,0.0,0.0,True,0.0,0.0,0.1119496762752532,4.0,actuator_motors,none,6221958,4143726,8.4,,C,,0.0,4.0,True,10.006699779057746,20.006254953676425,2.0000315733139633,154.634254,149.021357,,True,0.0,0.0,,main
b3f43893-662a-47d3-af8e-2d9792ef0174,ok,17564416.0,v1.12-1.13,0.0,0.0,0.0,True,1.0,422.196814,1.0,7.0,actuator_outputs,bus,18167488,10129222,5.7,,C,,,,False,10.002339533431819,20.002345281409482,2.0023262170854284,427.669139,422.23250399999995,False,False,0.0,0.0,,main
cdc5583e-f724-4e79-aead-85925ec084ad,ok,17498240.0,v1.12-1.13,0.0,0.1176470588235294,0.0,True,,,,8.0,actuator_outputs,none,1256429,704490,1.9,,C,no_pwm_params,,,False,7.8329690336480144,8.43961988934408,4.383103401825811,90.067325,79.54958200000003,False,False,0.0,0.03222315996966901,vehicle_local_position,main
4f5deb5a-fc75-4b40-a503-82cd7d634bf6,ok,17629952.0,v1.12-1.13,0.0,0.0,0.0,True,0.0019071163694155,0.9997800000001008,0.315,6.0,actuator_outputs,bus,111192835,60598211,23.1,,B,,,,False,10.000347270157903,20.00030735717152,1.9999994747618746,2833.363365,2831.4701250000044,True,True,0.0,0.0,,main
e547aec2-5a80-45b6-9046-6c20b60a828b,ok,17498367.0,v1.12-1.13,0.0,0.1428571428571428,0.0,True,0.0,0.0,0.2136571428571428,6.0,actuator_outputs,global,1870533,1281351,2.0,,B,,,,False,9.69018227263814,19.318446447687535,4.829611611921884,64.415015,60.93652,True,True,0.0,0.04020235267718684,estimator_innovation_test_ratios,main
8ba92c89-8f20-4218-80d4-beb67b1586b8,ok,17433088.0,v1.12-1.13,0.0,0.0,0.0,True,,,,6.0,actuator_outputs,none,12881920,6070812,5.5,,C,no_pwm_params,,,False,9.662350064009818,196.58536955391003,0.0,82.806742,80.498794,False,False,,0.01382501557925466,vehicle_attitude,main
fef5d44e-ea5b-4926-bf76-39563009f469,ok,17695744.0,v1.14-1.15,0.8169642857142857,0.9553571428571428,0.0,True,0.918562874251497,76.69924400000001,1.0,4.0,actuator_motors,none,3871882,2602370,3.4,,A,,0.0,4.0,True,10.001360389122317,20.011825685093232,2.0000706310657144,88.332859,83.518447,,True,0.0,0.0,,main
a84ce8ba-1212-4412-9552-9440ac806753,ok,17761535.0,v1.14-1.15,0.0,0.0,0.3509933774834437,True,0.0087431016308054,0.156981,0.480362821742892,4.0,actuator_motors,none,6038510,3638802,3.2,,C,,0.0,4.0,True,10.01632444585309,138.21742823815487,1.9999395648514688,59.689904,56.444812,,True,0.0,0.0,,main
eb456400-8803-4062-b937-ea4b4320bb59,ok,17761280.0,v1.14-1.15,0.0,0.0,0.0,True,0.9486642221058146,179.703782,1.0,4.0,actuator_motors,none,5849975,3286450,3.4,,B,,0.0,4.0,True,10.005033077366992,20.004893144902482,1.9999675526097584,192.262956,190.88519199999993,,True,0.0,0.0,,main
f41e7dc7-249c-4631-991f-de1d49c1e3b8,ok,17630207.0,v1.12-1.13,0.0,0.0,0.0,True,0.0,0.0,0.185,6.0,actuator_outputs,per_channel,3118438,2090170,3.8,,B,,,,False,10.000904102896836,19.999590903021446,1.9998891338055715,93.900796,90.16327000000005,True,True,0.0,0.0,,main
cb5f5336-3768-474a-bea5-ef735c8e5109,ok,17695487.0,v1.14-1.15,0.0,0.0,0.0,True,0.0,0.0,0.3471414610743522,4.0,actuator_motors,none,23724397,14050304,10.5,,B,,0.0,4.0,True,9.474200426817568,18.943328993608425,2.001881366972324,558.338434,527.100017,,True,0.0,0.053281528687150165,vehicle_attitude,main
dd6f5312-fadc-4487-9af0-2383559a3cb1,ok,17760256.0,v1.14-1.15,0.0,0.0,0.0,True,,,,4.0,actuator_motors,none,64639861,32157914,14.8,,B,ground_only_actuator_motors,0.0,4.0,True,10.000640018892861,20.00060297891667,2.000007337653415,1631.457122,0.0,,True,0.0,0.0,,main
025c84cc-0621-4534-9428-08a3bf5101f4,ok,17826047.0,v1.16+,0.0,0.0,0.0,True,0.0,0.0,0.183388328552246,4.0,actuator_motors,none,29857982,18381352,11.2,,B,,0.0,4.0,True,9.855971340700824,197.78847299768267,1.976601520370762,257.059754,251.97309099999995,,True,0.0,0.015105690993095841,vehicle_attitude,main
275f67d2-125b-4f1d-b55d-75918abca89a,ok,17695488.0,v1.14-1.15,0.0,0.0,0.0,False,0.0,0.0,0.2266021570002564,4.0,actuator_motors,none,5761806,3578845,3.5,,B,,0.0,4.0,True,9.972195278930394,19.943606669714455,1.9930589326831916,144.509668,141.85408300000006,,True,0.0,0.003477708754310783,vehicle_attitude,main
25bb757b-205b-49a1-9ee9-1590108eb423,ok,17760384.0,v1.14-1.15,0.0,0.0,0.0,True,0.0,0.0,0.0979697197675704,4.0,actuator_motors,none,31514740,21061778,7.9,,A,,0.0,4.0,True,10.002736807007384,20.002379701104598,1.999984333897549,377.769674,371.1384739999998,,True,0.0,0.0,,main
4ec3997c-e5f6-4abe-92ad-1dad994e9953,ok,17695488.0,v1.14-1.15,0.0396825396825396,0.0,0.0,True,0.0032414910858995,0.1994510000000033,0.4902954032007973,4.0,actuator_motors,none,2081733,1568188,3.7,,C,,0.0,4.0,True,10.015009149644733,20.014745590300247,1.9999964552908354,62.141382,61.56841100000001,,True,0.0,0.0,,main
a86c8f43-56aa-45a4-bb52-00ecbc8f1ed6,ok,17760511.0,v1.14-1.15,0.0,0.0,0.0,True,,,,4.0,actuator_motors,none,23300416,12947451,8.2,,C,ground_only_actuator_motors,0.0,4.0,True,10.0045519173414,160.82522151609973,1.9999785552960194,227.610045,0.0,,True,0.0,0.0,,main
d721cc13-0f40-4040-9cfb-be4279fcf097,ok,17695232.0,v1.14-1.15,0.0,0.0,0.0,True,0.0,0.0,0.0491264909505843,4.0,actuator_motors,none,24250755,14796209,7.9,,B,,0.0,4.0,True,10.004650366005071,201.4103736547421,2.0000623391254706,217.000745,216.830863,,True,0.0,0.0,,main
80891879-fcfb-4c1b-bf15-1c095741ddc8,ok,17825792.0,v1.16+,0.0,0.0,0.0,True,0.0,0.0,0.1579549729824065,4.0,actuator_motors,none,4150792,2728630,3.7,,C,,0.0,4.0,True,10.01023511574694,20.010389618070395,1.9999487249326904,99.979756,93.899814,,True,0.0,0.0,,main
32f0004e-d41a-4ae0-b546-95ba35721c8e,ok,17432576.0,v1.12-1.13,0.0,0.0,0.0,False,0.0,0.0,0.2501142857142856,6.0,actuator_outputs,global,5602075,3189705,3.1,,B,,,,False,9.713725802942285,18.839883042217313,0.0,151.634545,150.68073600000002,True,True,,0.014609873406775543,sensor_combined,main
3184c1b6-22d2-4eba-a06e-24b07af31824,ok,17564416.0,v1.12-1.13,0.0779816513761468,0.0871559633027523,0.2287179487179487,True,,,,6.0,actuator_outputs,none,6042047,4040071,3.1,,A,no_pwm_params,,,False,10.00516577643364,19.994994013257518,2.005154212914349,195.1441,192.0083690000001,False,False,0.0,0.000256881156573163,sensor_combined,main
60e496f8-a8c9-46f0-bfd0-407ca1523b26,ok,17761023.0,v1.14-1.15,0.096551724137931,0.0,0.0,True,0.0,0.0,0.1404133468866348,4.0,actuator_motors,none,3164393,2331035,4.0,,A,,0.0,4.0,True,10.013739126322394,20.012407969164595,2.00005530708495,72.024458,62.454478,,True,0.0,0.0,,main
fcde2ae6-1e90-4f4f-bf3c-663f19593dc1,ok,17761535.0,v1.14-1.15,0.0,0.0,0.0,True,0.0,0.0,0.0677630484104156,4.0,actuator_motors,none,4237732,2946908,4.2,,A,,0.0,4.0,True,10.008889824718006,20.00841833593563,2.000052020220941,106.547009,100.96974999999999,,True,0.0,0.0,,main
1374b998-d0ad-4510-abcf-ab90cd0a42b7,ok,17891392.0,v1.16+,0.0193861066235864,0.0,0.0,True,0.0,0.0,0.2184299796819686,4.0,actuator_motors,none,86822609,35505491,13.9,,C,,0.0,4.0,True,124.99837487161486,249.9934970346478,100.00325034128582,307.66,220.968,,True,0.0,0.0,,main
f73a3d1c-d6f1-413d-8c5b-093eb64bf514,ok,17629312.0,v1.12-1.13,0.0,0.9347826086956522,0.0,True,0.0716749712533537,0.9168770000000004,0.0169554203748703,4.0,actuator_motors,none,38017479,13458703,7.3,,A,,0.0,4.0,True,8.920148878608249,178.39877278577987,1.7865021417294278,75.840976,14.013101000000002,,True,0.0,0.11198533491971757,vehicle_attitude,main
cecd9029-d2fd-4247-8001-7434bf673ec1,ok,17891392.0,v1.16+,0.0,0.3596059113300492,0.0,False,0.0052742616033755,0.203999999999997,0.046668580174446,4.0,actuator_motors,none,28743732,11935833,5.9,,C,,0.0,4.0,True,125.0,250.0,100.01419647927314,98.316,94.528,,True,0.0,0.0,,main
ecc4f49a-ebce-4d83-a39c-a51d9fb12c52,ok,17826047.0,v1.16+,0.0,0.0,0.0,True,0.0,0.0,0.2188811637461184,4.0,actuator_motors,none,4566153,3385008,3.4,,C,,0.0,4.0,True,10.00895955864492,20.009102168487168,1.9999761162272496,103.492455,97.20094999999996,,True,0.0,0.0,,main
326aa2fb-c489-4509-a2c7-4536a0fb1ea7,ok,17630207.0,v1.12-1.13,0.0,0.0,0.0,True,,,,4.0,actuator_outputs,per_channel,25011385,13491430,11.1,,C,ground_only_actuator_outputs,,,False,10.001926633183889,20.001620175781277,2.0000162603552467,538.442944,0.0,True,True,0.0,0.0,,main
035cc92b-0e37-4633-8cf7-bff8d02df70d,ok,17630207.0,v1.12-1.13,0.0,0.0,0.0,False,0.0,0.0,0.4489999999999999,6.0,actuator_outputs,per_channel,11337728,7103190,7.6,,B,,,,False,9.982415965489453,19.964820887421396,1.9955716107392378,227.751447,225.4795979999999,True,True,0.0,0.0022631452074643264,sensor_combined,main
fdfbc49c-7823-4ed9-94df-e04d962d1d77,ok,17891583.0,v1.16+,0.0,0.0,0.0,True,0.0,0.0,0.3183292753994465,4.0,actuator_motors,none,17171461,11323005,8.3,,B,,0.0,4.0,True,10.002490312280326,20.002240761469114,2.00002761942903,399.220714,389.1765129999998,,True,0.0,0.0,,main
738b7342-5d6d-4a47-83a8-97f85efff080,ok,17761280.0,v1.14-1.15,0.009861932938856,0.0,0.0,True,0.0,0.0,0.136138144135475,4.0,actuator_motors,none,54443173,34477856,15.0,,C,,0.0,4.0,True,9.961054961936343,197.26335222463496,1.9998415461516437,505.786003,502.08635500000025,,True,0.0,0.005111051379192855,sensor_combined,main
ed52a2ab-f40e-4c69-9304-71bdbf8c2936,ok,17891583.0,v1.16+,0.0,0.0,0.0,True,0.0387700534759358,1.899642,0.4051109515130519,4.0,actuator_motors,none,3541193,2632547,2.9,,A,,0.0,4.0,True,10.013232902336725,20.01330366214163,2.000013281133945,76.759401,74.74213699999997,,True,0.0,0.0,,main
f132cbe2-d342-49df-a8d5-8a7c156e6f9c,ok,17694848.0,v1.14-1.15,0.0,0.0,0.0,True,0.0,0.0,0.1290144473314285,4.0,actuator_motors,none,4050162,2664185,3.3,,A,,0.0,4.0,True,10.01070119119569,20.010115793489,2.00002028281439,92.608513,89.888659,,True,0.0,0.0,,main
0b7ca6ad-a5b4-4382-b0fa-6be83218c520,ok,17695743.0,v1.14-1.15,0.0054545454545454,0.0,0.0,True,5.138548103233432e-05,0.0105039999999974,0.1127466171979903,4.0,actuator_motors,none,34408859,18217511,12.3,,B,,0.0,4.0,True,10.003672376176974,161.61668812800076,1.9999957477567887,277.684698,272.45020800000026,,True,0.0,0.0,,main
e81ab0c8-31a2-4a1c-85ef-279f6e158914,ok,17891583.0,v1.16+,0.0,0.0,0.0,True,0.0204937121564974,1.1970809999999688,0.4323978900909423,4.0,actuator_motors,none,17893360,11745708,14.0,,A,,0.0,4.0,True,10.00239352662722,20.00227494315477,1.999996735637512,435.43292,429.4206730000005,,True,0.0,0.0,,main
a2a598cf-5654-4d25-bea0-9c7d83e6b780,ok,17771007.0,v1.14-1.15,0.0552486187845303,0.0,0.0,True,0.0002933534489984,0.0209959999999966,0.2769285187125206,4.0,actuator_motors,none,21249130,9702723,6.1,,A,,0.0,4.0,True,10.01054565897767,159.8279630103498,50.00713719565313,87.262665,83.51685199999999,,True,0.0,0.0,,main
4ec71427-b576-462d-82e3-c1bc75306d41,ok,17826047.0,v1.16+,0.0,0.0,0.0,False,0.0005755880882335,0.3444529999999304,0.1364646315574645,4.0,actuator_motors,none,68805028,39474024,19.8,,B,,0.0,4.0,True,10.001499566400009,159.52660571119276,1.999995818789631,607.328587,604.423431,,True,0.0,0.0,,main
fe897738-b693-498b-8eb8-4626b9aa9327,ok,17760384.0,v1.14-1.15,0.0,0.0,0.0,True,0.0,0.0,0.3046840742230414,4.0,actuator_motors,none,14935326,9403915,6.1,,A,,0.0,4.0,True,10.008309953233688,200.65010395996228,1.9999430443570616,117.559149,110.53826299999994,,True,0.0,0.0,,main
6d3c1041-2331-470b-8c48-915b069735ca,ok,17761535.0,v1.14-1.15,0.0289855072463768,0.0,0.0,True,,,,4.0,actuator_motors,none,2433097,1773016,8.9,,A,ground_only_actuator_motors,0.0,4.0,True,10.01664865308278,20.02059426128916,2.0170280217567154,64.951814,0.0,,True,0.0,0.0,,main
4c6d758d-6688-4c24-8f16-73341e599f3b,ok,17826240.0,v1.16+,0.0344827586206896,0.0,0.0,True,0.0,0.0,0.3537606552243232,4.0,actuator_motors,none,3115121,2540037,5.0,,C,,0.0,4.0,True,10.014594650635823,20.014761931611563,2.0000116812276456,69.124326,64.772828,,True,0.0,0.0,,main
b29fb584-7c9a-48d4-8016-ae175cdc6dff,ok,17629696.0,v1.12-1.13,0.0,0.0,0.0,True,0.0,0.0,0.146,6.0,actuator_outputs,per_channel,31993716,17234953,21.5,,B,,,,False,9.86379711669871,195.48195686199392,1.9804776266142887,257.091932,254.09530099999992,False,False,0.0,0.013426059753632182,sensor_combined,main
cc20e732-0387-42e4-899f-8a4e98c47d10,ok,17761023.0,v1.14-1.15,0.0,0.0,0.0,True,0.0,0.0,0.180444660782814,4.0,actuator_motors,none,41187145,23441970,21.7,,C,,0.0,4.0,True,9.983447740184825,221.39665843767307,1.9944997693615487,364.360162,255.224433,,True,0.0,0.0001612446435858001,vehicle_attitude,main
a3692935-60c7-43a8-9cce-b02879a9cce8,ok,33758463.0,,0.3564356435643564,0.0,0.002053388090349,True,0.405559515324305,15.559653000000004,0.9,4.0,actuator_outputs,global,5434986,2837119,3.7,not_px4_v2,,,,,False,9.478491089738958,38.114033973809235,0.0,300.749261,297.2444660000002,True,True,,0.0013900553384547023,vehicle_attitude,main
45eefca7-bfd5-4706-befd-0e99e1f97aa1,ok,18286080.0,v1.16+,0.0,0.0,0.0,True,0.0,0.0,0.2106666666666666,6.0,actuator_outputs,bus,193536573,90385102,41.1,,C,,,,False,9.729485262185124,194.7009228006376,1.948506755263989,1538.189232,1259.008277999999,False,False,0.0,0.027059703850712477,vehicle_attitude,main
198c332b-35a7-4abd-af7d-a36a21c2557b,ok,17826559.0,v1.16+,0.0,0.0,0.0,True,0.001063829787234,0.1025029999999986,0.2191928043961523,4.0,actuator_motors,none,14819457,9613443,4.9,,B,,0.0,4.0,True,10.002642161976787,20.00264104638467,2.0000533259251005,378.182526,376.039615,,True,0.0,0.0,,main
f2432893-a843-4bfe-a03e-1cbaa0594897,ok,17498880.0,v1.12-1.13,0.0,0.0,0.0,True,,,,6.0,actuator_outputs,none,3868260,2168966,2.5,,B,no_pwm_params,,,False,10.000000306748477,19.984674329501917,5.015337731002315,64.697834,62.45087300000001,False,False,0.0,0.0009183099295935861,sensor_combined,main
a1c9be68-6bf1-48c4-bf04-c96dac15a291,ok,17630207.0,v1.12-1.13,0.0,0.0,0.0,True,0.0,0.0,0.1939999999999999,6.0,actuator_outputs,per_channel,4324881,2591956,3.1,,C,,,,False,10.00885407184008,20.008374261679013,1.9998884869046272,116.860929,110.601542,True,True,0.0,0.0,,main
7cd73314-f736-4e83-859f-659558db07aa,ok,16777471.0,v1.12-1.13,0.0,0.0,0.0,True,0.0,0.0,0.4885335430502891,4.0,actuator_motors,none,31535878,13728933,7.7,,B,,0.0,4.0,True,9.968000360483142,168.2718476534691,1.9999783494407253,63.655593,61.49039099999999,,True,0.0,0.004250328715099373,sensor_combined,main
ebab304c-8373-4b27-a946-30453b279b2d,ok,17761535.0,v1.14-1.15,0.02734375,0.0,0.0,True,0.0,0.0,0.2861600026488304,4.0,actuator_motors,none,5272192,3722661,7.5,,A,,0.0,4.0,True,10.0078876082453,20.0071814675058,2.0000050039340884,127.592369,122.08894000000001,,True,0.0,0.0,,main
57d569c7-c5dc-4c15-9620-37a2f1ec5bf1,ok,17760768.0,v1.14-1.15,0.0,0.0,0.0,True,0.0,0.0,0.0828125923871994,4.0,actuator_motors,none,8580940,4664431,8.2,,B,,0.0,4.0,True,9.913767581891056,168.7766448115085,1.9709460238026224,69.680058,68.14344400000002,,True,0.0,0.007996820706343093,vehicle_attitude,main
5069b6cf-11b4-4ada-8034-d2c0b4a322f7,ok,17761280.0,v1.14-1.15,0.0,0.0,0.0,True,0.0,0.0,0.2070283591747284,4.0,actuator_motors,none,30064944,18737786,9.2,,A,,0.0,4.0,True,10.003328839744354,199.42916563438538,2.0000443313237244,279.136877,269.3235120000001,,True,0.0,0.0,,main
886cac0b-4906-4d15-ad78-baa8a1a64eaa,ok,17891583.0,v1.16+,0.0,0.0,0.0140485312899106,True,0.0131458683607722,1.567500999999993,0.2947495579719543,4.0,actuator_motors,none,48382717,25639634,12.4,,B,,0.0,4.0,True,10.003192232767315,199.99380092072303,2.0000000384000005,312.562681,310.18976099999975,,True,0.0,0.0,,main
ad3730a4-af72-475f-bdaa-c489926615ff,ok,17761535.0,v1.14-1.15,0.0,0.0,0.0,True,0.0,0.0,0.1200964674353599,4.0,actuator_motors,none,3592779,2559133,2.6,,C,,0.0,4.0,True,10.010531035915392,20.010362226658238,2.0000028817245825,93.340772,89.54397199999997,,True,0.0,0.0,,main
b0b9739c-4623-40a4-85ef-c1d295cb9fe3,ok,17760320.0,v1.14-1.15,0.0,0.0,0.0,True,,,,4.0,actuator_motors,none,5589349,3365450,2.7,,B,ground_only_actuator_motors,0.0,4.0,True,10.006849506482032,20.006865933311435,1.9999999172413825,145.254999,0.0,,True,0.0,0.0,,main
f7d34ab1-a727-4abc-a57f-f868fd3e9977,ok,17564416.0,v1.12-1.13,0.0,0.0,0.0,True,0.0022701475595913,0.100287999999999,0.7851428571428571,12.0,actuator_outputs,bus,5444221,3776306,3.2,,C,,,,False,9.91353285636525,19.80975425364109,1.9892231713222919,181.363928,177.02965999999998,False,False,0.0,0.009689072449126044,vehicle_attitude,main
0cfab7c8-f38d-4315-a6f1-c133f66b56be,ok,17760256.0,v1.14-1.15,0.0245183887915936,0.0,0.0,True,0.0,0.0,0.3015349864959716,4.0,actuator_motors,none,11617759,7250679,3.4,,A,,0.0,4.0,True,10.003574814101025,20.003642451157074,2.0000217225557915,284.795689,279.6613489999999,,True,0.0,0.0,,main
9ce5d759-53b5-4520-9074-cffb20819e71,ok,17761280.0,v1.14-1.15,0.0,0.0,0.0,True,0.0,0.0,0.3925957500934594,4.0,actuator_motors,none,2239652,1681483,2.3,,B,,0.0,4.0,True,10.014507249718886,20.01521409628458,2.0001301844734467,62.911725,56.51280199999999,,True,0.0,0.0,,main
3143275f-8f58-4619-ac11-30df1be2895d,ok,17825984.0,v1.16+,0.0,0.0,0.0,True,0.0236111111111111,1.297665,0.242809265851974,4.0,actuator_motors,none,3272789,2537480,3.1,,C,,0.0,4.0,True,9.908308383843433,19.817412962730078,1.9738925600804864,76.60297,72.79961700000003,,True,0.0,0.010430174146721611,vehicle_attitude,main
4f1e4a7f-7cd9-433d-9459-5be1f1a482aa,ok,17564159.0,v1.12-1.13,0.0,0.0,0.0,True,0.0,0.0,0.476,6.0,actuator_outputs,bus,8751757,4338312,7.0,,B,,,,False,10.01299984709406,200.5802792136892,2.014272904260704,68.290655,68.11727200000001,True,True,0.0,0.0,,main
b5727847-0625-4c37-8567-75be43eccbd3,ok,17760384.0,v1.14-1.15,0.0,0.0,0.0,True,0.0,0.0,0.1342889487743377,4.0,actuator_motors,none,11907470,7428981,10.9,,B,,0.0,4.0,True,9.937023143824206,192.62105351911345,1.9816730512899892,110.419187,101.83776799999998,,True,0.0,0.0071695490668113,sensor_combined,main
9e7a6690-fa74-427f-80d5-180467372117,ok,17564416.0,v1.12-1.13,0.0,0.0,0.0,True,,,,4.0,actuator_outputs,bus,61865984,33943014,12.0,,C,ground_only_actuator_outputs,,,False,10.00050332784931,20.000520850547883,2.000509937894791,1947.807974,0.0,True,True,0.0,0.0,,main
24bd8054-c9fe-4329-ab73-50dcdd575f77,ok,17695488.0,v1.14-1.15,0.0,0.0,0.0,True,0.0,0.0,0.3062676489353179,4.0,actuator_motors,none,2850738,2037398,2.5,,C,,0.0,4.0,True,9.99972776498715,19.999549677411377,1.9999740978964393,82.024962,71.35035999999998,,True,0.0,0.0,,main
7477fbd8-acb6-4c40-93a0-d9c27427899a,ok,17761280.0,v1.14-1.15,0.0,0.0,0.0,True,0.0,0.0,0.1062736883759498,4.0,actuator_motors,none,40949019,15948678,9.6,,C,,0.0,4.0,True,9.472290266013308,189.40694624581263,1.9066704037406579,75.448539,69.18000499999998,,True,0.0,0.052768210617780344,vehicle_attitude,main
d404cfa8-ee96-4651-80a9-d4c74b66ce2e,ok,17695488.0,v1.14-1.15,0.0655270655270655,0.0,0.0,True,0.0683810637054354,11.701189,0.9999999393106098,4.0,actuator_motors,none,8273097,5371842,3.3,,C,,0.0,4.0,True,9.865396507615985,19.725278012738908,1.9718101593086097,178.136931,173.5534980000001,,True,0.0,0.014858023610911075,vehicle_attitude,main
fbe173a0-3aa3-47ee-b166-8b08c18385a0,ok,17694720.0,v1.14-1.15,0.0303030303030303,0.0,0.1022727272727272,False,0.0,0.0,0.237314045429229,4.0,actuator_motors,none,4303698,1546497,2.4,,C,,0.0,4.0,True,2.9644849025465523,7.065585204099335,42.78065866459513,65.024993,58.509606999999974,,True,0.0,0.6726383987824783,vehicle_local_position,main
9bf58a70-9650-4ccd-b99c-3a7a43ed48b4,ok,17695744.0,v1.14-1.15,0.1518987341772152,0.0,0.0,True,0.725705329153605,9.300667000000004,1.0,4.0,actuator_motors,none,2902563,2065520,2.8,,B,,0.0,4.0,True,10.021419648738284,20.020316507491437,2.015072851689464,78.27795,63.758995,,True,0.0,0.0,,main
b2a255e0-924d-478a-bf67-93938cfe3da1,ok,17761535.0,v1.14-1.15,0.375,0.0,0.0,True,0.0,0.0,0.3234980076551437,4.0,actuator_motors,none,6053972,3994007,3.5,,A,,0.0,4.0,True,10.006687220964842,20.005831757044206,2.0000010573253997,157.362841,147.77347600000004,,True,0.0,0.0,,main
b352eb61-57b2-4219-b08c-d0bcf797e9f3,ok,17761023.0,v1.14-1.15,0.0,0.0,0.0,True,,,,4.0,actuator_motors,none,4595913,2918489,2.8,,B,ground_only_actuator_motors,0.0,4.0,True,10.008529997156668,20.00795677953784,2.000053882730174,110.047957,0.0,,True,0.0,0.0,,main
d8344a60-31e3-4d97-97d9-bc3e43af9781,ok,17826559.0,v1.16+,0.0,0.0,0.0,False,0.0058275058275058,0.5001669999999976,0.235419875383377,4.0,actuator_motors,none,3670016,2799076,2.9,,C,,0.0,4.0,True,10.011111649019695,20.010846495221237,1.999873479268622,87.296456,85.48191199999998,,True,0.0,0.0,,main
81b91c81-7238-42e1-8b8d-79d7021d5023,ok,17695743.0,v1.14-1.15,0.0,0.0,0.0,True,0.0,0.0,0.232407921552658,4.0,actuator_motors,none,2647906,2039201,2.9,,C,,0.0,4.0,True,10.014395732441638,20.014750423546534,1.9999572509137618,64.612064,59.056771000000005,,True,0.0,0.0,,main
fc6bb66d-ed86-454a-99d3-6520ea1fce05,ok,17695743.0,v1.14-1.15,0.0,0.0,0.0,True,0.0,0.0,0.0817872375249863,4.0,actuator_motors,none,16800729,12005736,9.5,,A,,0.0,4.0,True,10.003528436595628,20.003529270174855,2.0000722374844777,281.2767,272.34023900000017,,True,0.0,0.0,,main
05be569c-4ba8-47ad-9879-f3173995baef,ok,17629951.0,v1.12-1.13,0.0,0.0,0.0,True,0.0,0.0,0.154,6.0,actuator_outputs,per_channel,7299192,4407791,5.0,,C,,,,False,9.995770037263739,19.99536620292578,2.000001732485577,236.333113,224.08983400000002,True,True,0.0,0.0006131894496473885,sensor_combined,main
52b9cddd-9200-4333-b9e1-edb56cd34158,ok,17695488.0,v1.14-1.15,0.4503816793893129,0.0,0.0817790530846484,True,0.000841852074564,1.0983699999999317,0.4630625471472739,4.0,actuator_motors,none,89217341,43866807,22.5,,B,,0.0,4.0,True,10.000603545930728,20.00055053980228,1.999997260769302,1672.591514,1662.9246040000032,,True,0.0,0.0,,main
730ec94c-abaa-48bb-bebf-743eb43eb3ba,ok,17891392.0,v1.16+,0.0,0.0132743362831858,0.0,True,0.0,0.0,0.3145506814122199,4.0,actuator_motors,none,26077205,16872799,11.9,,A,,0.0,4.0,True,9.904442099150625,19.80696461675945,1.9808505640729597,574.779532,565.9446429999998,,True,0.0,0.010425850540313055,vehicle_local_position,main
2ce3b0b8-ba0c-4db0-a4a3-2180314b2696,ok,17629695.0,v1.12-1.13,0.0,0.0,0.0,True,0.0,0.0,0.3317650929093361,4.0,actuator_motors,none,51432289,34623463,12.9,,B,,0.0,4.0,True,10.002360763108912,285.65526035803055,2.000052021971664,388.159948,383.0476220000002,,True,0.0,0.0,,main
e644499b-6db1-4e86-856a-2c8b3c402220,ok,17891583.0,v1.16+,0.0,0.0,0.0,True,0.3238566131025958,1.5001549999999997,0.6177445173263545,4.0,actuator_motors,none,3438045,2490115,2.6,,A,,0.0,4.0,True,10.010080666034845,20.01195594295856,2.0000592201442657,87.074302,80.95779900000001,,True,0.0,0.0,,main
cf6a8d48-cb8a-410c-bb8c-c73504868956,ok,17629696.0,v1.12-1.13,0.0,0.0,0.0,True,,,,,none,none,7840512,5200889,4.6,,B,no_actuator_topic,,,False,10.00990430531484,185.8107192825706,2.0000863241677593,90.730987,88.71109199999997,,False,0.0,0.0,,main
3dbf1e2a-1b73-4420-9cd3-24be7db3554a,ok,17761535.0,v1.14-1.15,0.0,0.0,0.0,True,0.0,0.0,0.0774389833211898,4.0,actuator_motors,none,14617200,9016762,9.3,,B,,0.0,4.0,True,9.970188090377517,19.948829493500963,1.9973099272910906,372.167264,363.12682299999983,,True,0.0,0.002570713339386686,sensor_combined,main
3aedd05e-096c-44c7-aea7-29bc0a57e593,ok,767.0,,,,0.0147304057809894,False,0.7395543175487466,326.400011,1.0,4.0,actuator_motors,none,43143289,19910687,10.5,not_px4_v0,,,0.0,4.0,True,10.001390268320286,20.00141607300922,1.9999994126654472,719.300955,717.9200029999972,,True,0.0,0.0,,main
1040a322-9fbf-4620-8e8c-f40026d3232a,ok,17760768.0,v1.14-1.15,0.0,0.0,0.0,True,0.0,0.0,0.1423230051994324,4.0,actuator_motors,none,3376316,2611025,2.9,,A,,0.0,4.0,True,10.013068623180189,20.013072680251216,2.0000013684219886,76.073018,71.810051,,True,0.0,0.0,,main
c20a8ea0-1087-44df-a647-4c1c73533593,ok,17695743.0,v1.14-1.15,0.0,0.0,0.0,True,0.0,0.0,0.1948601096868515,4.0,actuator_motors,none,26582210,18652194,10.2,,A,,0.0,4.0,True,10.002229463071675,20.002226941340414,1.9999996875000488,448.390194,443.0299549999995,,True,0.0,0.0,,main
6e9df7ff-fffb-4bed-b87c-aa37fef50db8,ok,16842880.0,v1.12-1.13,0.0,0.0,0.0,True,0.0,0.0,0.3472642004489898,4.0,actuator_motors,none,9689432,6014279,5.8,,C,,0.0,4.0,True,10.010496165974425,201.22979130039218,2.000006122923773,89.835447,84.47071199999999,,True,0.0,0.0,,main
25383ed4-9517-4648-82f1-27e2b39ff6cd,ok,17694975.0,v1.14-1.15,0.0,0.0,0.0,True,,,,4.0,actuator_motors,none,85765293,41001231,14.2,,B,ground_only_actuator_motors,0.0,4.0,True,10.00037669226139,20.000355691308318,1.9999989703263996,2747.076133,0.0,,True,0.0,0.0,,main
a4ac869f-6f57-4ac3-91ec-63b1997596b8,ok,17826240.0,v1.16+,0.0,0.0,0.0,True,0.6753393665158371,29.900577,1.0,4.0,actuator_motors,none,3941946,2772171,3.2,,B,,0.0,4.0,True,10.01013082911442,20.009029383290528,1.9999221377464094,96.750816,88.38193600000002,,True,0.0,0.0,,main
f80eedd6-c0d4-4ef3-97a1-3712d902a5da,ok,17629951.0,v1.12-1.13,0.0,0.0,0.0,True,0.0,0.0,0.0,6.0,actuator_outputs,bus,9660938,5690685,10.8,,C,,,,False,10.010100837558054,199.91127585255157,1.9998690464128204,92.941642,88.46911500000002,False,False,0.0,0.0,,main
b33139e7-f2c7-42ee-86b9-353fbdfb05af,ok,17891392.0,v1.16+,0.0,0.0,0.0,True,,,,4.0,actuator_motors,none,20019093,10794292,22.4,,B,ground_only_actuator_motors,0.0,4.0,True,10.005604150695806,199.9943066532394,1.999994433818308,177.974997,0.0,,True,0.0,0.0,,main
cdf26a03-76d4-438c-8216-478a80043e15,ok,17761280.0,v1.14-1.15,0.0,0.16,0.0,True,5.715265474081271e-05,0.0029480000000035,0.3314113751053809,4.0,actuator_motors,none,25461793,7862304,13.1,,B,,0.0,4.0,True,6.77596891878815,134.52952179179474,1.3956969282394078,69.951817,65.53371100000001,,True,0.0,0.12037952686105406,vehicle_attitude,main
d5c5967c-378a-4740-8885-4b6f97329e54,ok,17826047.0,v1.16+,0.0,0.0,0.0,True,0.0,0.0,0.1532414257526397,4.0,actuator_motors,none,111945329,41181691,22.6,,A,,0.0,4.0,True,10.004084483946306,199.89796244731366,2.0000006625769067,244.66754,238.88999699999997,,True,0.0,0.0,,main
007b1dc9-f39b-45c1-80e3-4189a9e9296e,ok,17761535.0,v1.14-1.15,0.0,0.5606936416184971,0.117096018735363,True,0.0359801488833746,1.900551,0.2768341451883316,4.0,actuator_motors,none,4030897,3186519,3.3,,B,,0.0,4.0,True,10.011255024207673,20.01038589553321,2.000124362762153,85.074429,80.63005499999996,,True,0.0,0.0,,main
433f67a4-17ad-4845-81ce-835e43193268,ok,16779520.0,v1.12-1.13,0.0,0.0,0.0,True,0.0,0.0,0.207602858543396,4.0,actuator_motors,none,6290166,3626866,3.7,,B,,0.0,4.0,True,10.014028194875065,20.014025806845044,2.0000007092201093,70.877761,65.14015000000002,,True,0.0,0.0,,main
a6cb104b-3160-4d4d-9e71-90582fc91269,ok,17694976.0,v1.14-1.15,0.0,0.0,0.0,True,0.0028328611898017,0.1001060000000109,0.1802805006504058,4.0,actuator_motors,none,6163687,4090834,3.5,,C,,0.0,4.0,True,9.882163257300736,19.76432257969875,1.9818814939233604,110.0853,107.278738,,True,0.0,0.013590499317203152,vehicle_local_position,main
ccedafda-044e-45c4-b13d-e107f0273d92,ok,17694975.0,v1.14-1.15,0.0,0.0,0.0,True,0.4841875681570338,11.000652,0.999999878362143,2.0,actuator_motors,none,3784300,2302583,2.4,,A,,0.0,2.0,False,10.009998547266878,20.010118979950274,2.0000902528288216,101.203618,91.68775999999995,,False,0.0,0.0,,main
e3d23196-2cbb-42ac-a033-cce2130d1286,ok,,,0.0,0.0107317073170731,0.0,False,0.0,0.0,0.5,6.0,actuator_outputs,global,19799236,7511306,7.9,missing_ver_sw,,,,,False,9.657831516195536,91.31926543238076,0.0,245.098126,0.0,True,True,,0.020123734161511506,sensor_combined,main
59f82431-e77b-4190-9f28-063595e00538,ok,17761280.0,v1.14-1.15,0.0,0.0,0.0,True,0.0004432624113475,0.029091000000001,0.2938155680894851,4.0,actuator_motors,none,14492588,9279057,15.9,,B,,0.0,4.0,True,10.007139522319395,197.46940171239015,1.9999357764984858,133.611191,128.64326000000003,,True,0.0,0.0,,main
1d0cded3-fdd2-4579-8823-8fd7590462c5,ok,17761280.0,v1.14-1.15,0.0,0.0,0.0,True,0.0,0.0,0.1823315523564814,4.0,actuator_motors,none,38318679,24007198,17.0,,B,,0.0,4.0,True,10.002802725912858,217.80624501907133,1.9999967246003567,339.670651,332.50840700000003,,True,0.0,0.0,,main
ed8cba58-a98e-4eeb-b205-ad8339c0e5db,ok,17760768.0,v1.14-1.15,0.0,0.0,0.0,True,0.0,0.0,0.1135411858558655,4.0,actuator_motors,none,54672322,15146366,16.7,,A,,0.0,4.0,True,7.37044405282941,145.8840563810929,1.5486129285804509,144.697861,135.698962,,True,0.0,0.16545772756389504,vehicle_attitude,main
cf699e47-890c-4d83-be5f-409d94ab2f78,ok,17891583.0,v1.16+,0.0,0.0,0.0,True,0.0,0.0,0.4718053021933883,4.0,actuator_motors,none,4235083,3153352,3.5,,A,,0.0,4.0,True,10.010637232910932,20.010642129697427,1.9999586104822322,93.875131,91.384102,,True,0.0,0.0,,main
65a5d9e5-9001-40c4-81ae-646821d18f50,ok,17826047.0,v1.16+,0.0,0.0,0.0,True,0.0,0.0,0.1280075550079345,4.0,actuator_motors,none,6831339,4323239,4.7,,C,,0.0,4.0,True,10.006934583906324,20.006231719504928,2.0000001527777895,144.21352,138.350024,,True,0.0,0.0,,main
085f7a67-269d-4f54-84cd-e94b36de7c3f,ok,17629952.0,v1.12-1.13,0.0,0.0,0.0,True,0.0033277870216306,0.102967999999997,0.6821347549557686,4.0,actuator_motors,none,2297214,1626987,3.0,,C,,0.0,4.0,True,10.015570595094982,20.014975381419518,2.000254634041137,62.074158,60.27332199999999,,True,0.0,0.0,,main
9f74da2d-291a-44c9-903a-c5495eb15101,ok,17629952.0,v1.12-1.13,0.122257053291536,0.0,0.0,True,0.0,0.0,0.1740007683634756,4.0,actuator_motors,none,6804243,4361757,4.7,,B,,0.0,4.0,True,10.006302722268027,20.00641703018106,1.9999657309947159,160.016727,157.8052619999999,,True,0.0,0.0,,main
aefa5299-8f4c-4e41-aed1-ebff49c05208,ok,17826559.0,v1.16+,0.0,0.0,0.0,True,0.0075757575757575,0.1083650000000062,0.4714339151978492,4.0,actuator_motors,none,5807474,4101413,4.4,,B,,0.0,4.0,True,10.007343327084817,20.006493515280994,1.9999624418817898,136.346721,132.02022399999996,,True,0.0,0.0,,main
2bd1a2d8-68e5-4f7d-8294-9a9e098f01f4,ok,17499135.0,v1.12-1.13,0.0,0.0,,True,0.0,0.0,0.407,8.0,actuator_outputs,global,28308016,15749082,38.0,,B,,,,False,85.42433035650826,181.83697356007522,0.0,132.17658,124.78972100000003,False,False,,0.00678696229471743,vehicle_local_position,main
0f45bb8e-713a-4bc6-9fd3-47f598c7e461,ok,17695743.0,v1.14-1.15,0.0,0.0,0.0,True,0.0,0.0,0.3453260838985442,4.0,actuator_motors,none,3902979,2933899,24.0,,B,,0.0,4.0,True,10.00957529742738,20.010216221185434,2.00014188240502,94.135303,86.935693,,True,0.0,0.0,,main
036aa6c2-cd34-4e12-9994-a4ccf4c238f1,ok,17761280.0,v1.14-1.15,0.0,0.1715976331360946,0.0,False,0.9077380952380952,10.0,0.7337115556001663,4.0,actuator_motors,none,26762232,8450303,31.7,,B,,0.0,4.0,True,125.0,250.0,125.0,81.648,33.128,,True,0.0,0.0,,main
c8b3aec5-645b-41e2-96a3-b38a4b6f6095,ok,17695744.0,v1.14-1.15,0.1493506493506493,0.0,0.0,True,0.5949764521193093,3.298082000000001,1.0,4.0,actuator_motors,none,2873019,2049580,2.8,,C,,0.0,4.0,True,10.022332985652861,20.0223981536302,2.021775938024996,76.28695,63.70143299999998,,True,0.0,0.0012728983371620066,sensor_combined,main
d8b7b132-d6d8-4e0e-9918-c5d367781f26,ok,17826047.0,v1.16+,0.0,0.0,0.0,False,0.0,0.0,0.2261624783277511,4.0,actuator_motors,none,2653440,2136639,3.3,,B,,0.0,4.0,True,10.014916733882373,20.01528754416024,1.9999640982054567,61.491126,57.102596999999996,,True,0.0,0.0,,main
7bb78d27-b828-425b-8a3e-0f25196679b7,ok,17695488.0,v1.14-1.15,0.0,0.0,0.0,True,0.0,0.0,0.1591635420918461,4.0,actuator_motors,none,8552566,5327738,3.8,,B,,0.0,4.0,True,10.011989266128104,170.76159184603875,1.9999975853687688,82.147947,79.58594600000002,,True,0.0,0.0,,main
b2f69f88-4989-41c3-a9be-a4b3e47fb333,ok,17891392.0,v1.16+,0.063049853372434,0.0,0.0,True,0.0085256863159274,1.601823999999965,0.1853203684091567,4.0,actuator_motors,none,175237328,79741127,48.5,,C,,0.0,4.0,True,9.999925955409376,201.33394400366623,2.0000086831057153,690.238003,689.1085739999993,,True,0.0,0.0,,main
e7cf473f-7d7c-4888-b6f8-5d343cd8845a,ok,17695488.0,v1.14-1.15,0.0,1.0,0.0,True,,,,,actuator_motors,none,6822450,4509116,5.0,,B,ground_only_actuator_motors,0.0,0.0,False,10.000097512411237,201.36487957698097,2.000006706293114,152.425082,0.0,,False,0.0,0.0009358645690557226,vehicle_attitude,main
98ca96e8-1dbc-4152-ba74-4603b546d2f5,ok,17891583.0,v1.16+,0.0,0.0,0.0,True,0.0,0.0,0.1319123923778534,4.0,actuator_motors,none,8362801,5565889,5.1,,C,,0.0,4.0,True,9.999998476454525,199.8062005744923,1.9999923356937064,72.028057,65.639955,,True,0.0,0.001037738871681395,vehicle_attitude,main
03d7391c-2e65-4dc6-82a3-a791023f8657,ok,16777984.0,v1.12-1.13,0.0,0.0,0.0,True,0.0,0.0,0.1407868176698684,4.0,actuator_motors,none,14909786,8829960,5.3,,B,,0.0,4.0,True,10.003189920295883,20.00287306455537,1.999998479234383,313.251518,307.429769,,True,0.0,0.0,,main
251da81a-b68a-420c-9585-4c54a1ec111c,ok,17760256.0,v1.14-1.15,0.0,0.0,0.0,True,0.6309586170770036,56.799634,1.0,4.0,actuator_motors,none,15322336,9499725,5.9,,C,,0.0,4.0,True,10.002441470704621,20.00228741169336,1.999985236093342,383.826429,381.80710100000005,,True,0.0,0.0,,main
d03299a0-b033-4e9e-a418-cfa96054ee3e,ok,17630207.0,v1.12-1.13,0.0303030303030303,0.0303030303030303,0.0,True,0.0,0.0,0.5,6.0,actuator_outputs,per_channel,5252942,2960578,2.8,,B,,,,False,10.008886760003511,20.00928712915356,1.999956123233349,114.526653,111.99698999999998,True,True,0.0,0.0,,main
ee8f51f1-b949-478f-9aea-9331dbfe365d,ok,17760767.0,v1.14-1.15,0.0,0.0,0.0,True,0.0249445676274944,0.3016559999999799,0.8958600071941525,4.0,actuator_motors,none,12958658,8148320,5.1,,C,,0.0,4.0,True,10.002846079507176,20.00243564491507,2.000014674020706,368.606502,360.795216,,True,0.0,0.0,,main
7861d00d-3926-45ec-8529-bb855bf89f73,ok,17629696.0,v1.12-1.13,0.0,0.0,0.0,True,0.0,0.0,0.3761439613546867,4.0,actuator_motors,none,13429713,7991248,5.3,,B,,0.0,4.0,True,10.007043902310395,167.41410088719832,2.0000031846204553,130.221122,124.89905099999997,,True,0.0,0.0,,main
f0220092-c33a-4b65-8746-697b1ed43af6,ok,17761023.0,v1.14-1.15,0.0,0.0,0.0,True,0.0,0.0,0.317098818719387,4.0,actuator_motors,none,3226770,2616955,2.7,,C,,0.0,4.0,True,10.013376480602712,20.013364331514083,1.9997308818547455,74.850498,70.12971999999996,,True,0.0,0.0,,main
f836792a-412b-439a-928e-2735f510480a,ok,17694975.0,v1.14-1.15,0.2718676122931442,0.0567375886524822,0.05,True,0.0566516731411435,6.257988000000012,0.5286537721753117,4.0,actuator_motors,none,24257060,13722327,7.9,,B,,0.0,4.0,True,9.560954974788853,190.8344074744357,1.9228850619172844,220.9737,216.98252400000007,,True,0.0,0.04241146747917408,vehicle_attitude,main
0821d7f2-f8e8-487a-9b95-a98804e1a948,ok,17630207.0,v1.12-1.13,0.0,0.0,0.0,True,0.0,0.0,0.3223,6.0,actuator_outputs,per_channel,3327384,2371111,8.3,,C,,,,False,10.01321494699665,20.01328419517964,1.9999810068028891,76.338381,69.732872,True,True,0.0,0.0,,main
b55dc38c-b90f-424f-a18b-b1622e9383ae,ok,17630207.0,v1.12-1.13,0.0,0.0,0.0,True,0.0,0.0,0.265,6.0,actuator_outputs,per_channel,21114952,11781213,14.3,,C,,,,False,9.547251139447868,175.8454002768433,1.911349102329077,181.175683,176.40615200000002,True,True,0.0,0.04490523852743095,vehicle_attitude,main
93e952b8-9b67-483b-9e7f-833a437f2557,ok,17694912.0,v1.14-1.15,0.4950276243093923,0.0,0.0039525691699604,True,0.0,0.0,0.2766235649585723,4.0,actuator_motors,none,40635238,25403821,12.1,,B,,0.0,4.0,True,10.000129623990274,123.05257601998917,1.999975314590403,454.829646,451.7790540000002,,True,0.0,0.0,,main
24eb7822-b7f4-4b58-b357-ff020caf3cc1,ok,17760256.0,v1.14-1.15,0.0,0.0,0.0,True,0.0,0.0,0.1530283838510513,4.0,actuator_motors,none,2815488,2396429,1.8,,B,,0.0,4.0,True,10.014865836473751,20.01545269746144,2.0002378347309295,62.114602,57.632497999999984,,True,0.0,0.0,,main
753d641e-5a00-449f-a2f2-1f3944ede1ef,ok,17761280.0,v1.14-1.15,0.0070532915360501,0.0,0.0,False,0.0,0.0,0.169459968805313,4.0,actuator_motors,none,71739745,44086891,19.2,,B,,0.0,4.0,True,9.988596036697686,219.74774462035006,2.000188163890895,643.03607,641.3032529999997,,True,0.0,0.0016121087109969173,vehicle_local_position,main
835a80ed-b37a-4c7b-ad8f-f0e2261d7de5,ok,17761023.0,v1.14-1.15,0.0,0.0,0.0,True,0.0,0.0,0.2917844980955124,4.0,actuator_motors,none,5650980,4131984,2.8,,C,,0.0,4.0,True,9.874091926853346,19.735007070005555,1.9703313991886322,136.089762,133.13993100000008,,True,0.0,0.014869462038044824,vehicle_local_position,main
d5638ba5-cb4d-4397-b84d-92456841444f,ok,17761280.0,v1.14-1.15,0.0,0.0,0.0,True,0.0,0.0,0.151866029202938,4.0,actuator_motors,none,2740694,2346176,2.9,,C,,0.0,4.0,True,10.015307925127841,20.015895263524676,2.0002322564766004,61.164469,58.82971400000001,,True,0.0,0.0,,main
b7a79b24-25d4-44b1-948c-9903bd0cc8a0,ok,17629952.0,v1.12-1.13,0.0,0.0,0.0,True,0.0,0.0,0.1489241570234298,8.0,actuator_motors,none,4799324,3197279,2.7,,B,,0.0,8.0,False,10.009307136366987,20.00877651604127,2.0000623875962695,111.572005,108.63207399999999,,False,0.0,0.0,,main
e9ab5fdb-ee3d-425d-bf50-31c8d2ac3363,ok,17629952.0,v1.12-1.13,0.0,0.0,0.0,True,0.0,0.0,0.1252707652747631,4.0,actuator_motors,none,4934119,2915720,3.0,,C,,0.0,4.0,True,10.008393690549234,20.008508577255427,2.0000323769947146,127.611461,119.60898500000002,,True,0.0,0.0,,main
14bcae76-e316-4588-9cd5-c121066c2cc5,ok,17826048.0,v1.16+,0.0,0.0,0.0,True,0.0,0.0,0.1488201469182967,4.0,actuator_motors,none,23170518,6427627,7.6,,C,,0.0,4.0,True,4.581141928294892,75.64855146746676,0.8549704854509511,63.149581,50.847913999999996,,True,0.0,0.44446516174420575,vehicle_attitude,main
37ec19b0-6a51-4576-acd3-451e20fad888,ok,17826047.0,v1.16+,0.0,0.0,0.0,True,0.0006733581634156,0.0137549999999961,0.4348382338881494,4.0,actuator_motors,none,19761506,12239513,8.4,,B,,0.0,4.0,True,10.005831853880174,199.98829060829613,2.000002432751497,171.056137,167.20985599999995,,True,0.0,0.0,,main
6aecf1b7-7eb5-46f5-857e-34ebb33a4d0c,ok,17629696.0,v1.12-1.13,,,0.0,True,0.0018063583815028,0.3004110000000537,0.3789614289999008,4.0,actuator_motors,none,48125530,24419180,10.1,,C,,0.0,4.0,True,9.981425761114899,19.965655612738,1.997150565073881,700.680997,554.7399689999994,,True,0.0,0.0018578798153152923,sensor_combined,main
e521b3e1-665c-41f5-ab6e-04304b511a52,ok,17629952.0,v1.12-1.13,0.0,0.0,0.0,False,0.0,0.0,0.21,6.0,actuator_outputs,per_channel,8226496,5122538,5.6,,B,,,,False,10.004457844663046,20.004374162631954,2.000066872395337,220.075841,218.034321,True,True,0.0,0.0,,main
4c6101bd-528c-4552-bded-cdbf026d2ddc,ok,17761280.0,v1.14-1.15,0.0357142857142857,0.0,0.0,False,0.0165357406362571,2.137252000000018,0.1224670454859733,4.0,actuator_motors,none,18073540,11399259,12.6,,C,,0.0,4.0,True,9.13569385206227,184.94680869473197,1.82570545872035,183.82825,167.053544,,True,0.0,0.08796543737921562,estimator_innovation_test_ratios,main
7ea569f6-a59e-4317-b1a8-a350a7ff2050,ok,17761535.0,v1.14-1.15,0.0,0.0,0.0,True,0.004007285974499,0.2000019999999978,0.2255587697029112,4.0,actuator_motors,none,11602135,7697751,7.5,,B,,0.0,4.0,True,10.003306168856113,20.003345183172353,2.000000102003648,276.076801,274.51903100000004,,True,0.0,0.0,,main
ee49fb99-10c0-4eb7-9426-74d520c564fe,ok,17630207.0,v1.12-1.13,0.0,0.0,0.0,True,0.0,0.0,0.1536843612790107,4.0,actuator_motors,none,34323548,19955668,12.9,,B,,0.0,4.0,True,9.992391992584686,19.98463055853148,1.9984493540695536,650.396998,646.7371280000001,,True,0.0,0.0009243783255299577,vehicle_attitude,main
a0d0fed6-6072-4b6a-9623-beaa419d7970,ok,17826047.0,v1.16+,0.0,0.0,0.0,True,0.0,0.0,0.2690418474376201,4.0,actuator_motors,none,97033263,31147094,22.6,,B,,0.0,4.0,True,9.126232432132202,156.32989407566367,1.8507916821123194,134.832077,128.17781200000005,,True,0.0,0.08157172136712082,sensor_combined,main
b69bd985-a6ac-40bf-9595-a4bea76a0d8f,ok,17629184.0,v1.12-1.13,0.0,0.0,0.0,True,0.0,0.0,0.2032307692307691,6.0,actuator_outputs,bus,2750486,1853764,2.3,,C,,,,False,10.013621197002118,20.01317834063655,2.013933518758868,70.813924,64.995783,True,True,0.0,0.0,,main
c8fff0d6-3f7d-4963-b32a-053cacd3f474,ok,17761535.0,v1.14-1.15,0.0,0.4108108108108108,0.0,True,0.2191011235955056,0.4021370000000104,0.5765017747879028,4.0,actuator_motors,none,3615322,2679696,3.0,,B,,0.0,4.0,True,10.010190351993367,20.01059385661486,1.9999695960906212,91.63159,89.07510599999998,,True,0.0,0.0,,main
0c32cb02-3c1c-4229-be43-67534a0cdfea,ok,17760256.0,v1.14-1.15,0.0,0.0,0.0,True,,,,4.0,actuator_motors,none,19585336,10223286,5.1,,B,ground_only_actuator_motors,0.0,4.0,True,10.001748466579636,20.00183697699491,1.9999762227179656,522.095485,0.0,,True,0.0,0.0,,main
ac2d27c5-9609-4fcc-977a-e5c5a055bd74,ok,17367040.0,v1.12-1.13,0.0,0.0,0.0,True,0.0,0.0,0.1715144842863082,4.0,actuator_motors,none,16331305,9806969,5.6,,A,,0.0,4.0,True,10.002500702514551,20.002655455618207,1.9999940438887056,387.98773,384.383712,,True,0.0,0.0,,main
8bf45ed3-d9e0-41b4-a80c-ba7ab473bcf9,ok,17760768.0,v1.14-1.15,0.0,0.0,0.0,True,0.0408719346049046,0.7040000000000077,0.2663430571556091,4.0,actuator_motors,none,26494541,12164308,12.6,,C,,0.0,4.0,True,123.55750793152738,244.50913401199273,123.55750793152738,114.256,110.11600000000006,,True,0.0,0.0,,main
3b389a56-dd41-40e3-ac40-d5c950d1210b,ok,17825984.0,v1.16+,0.0,0.0,0.0,True,0.0490883590462833,1.4999999999999998,0.4978766202926633,4.0,actuator_motors,none,22633902,9382089,6.6,,C,,0.0,4.0,True,125.00000000000001,250.0,100.00788809423643,75.576,71.288,,True,0.0,0.0,,main
a3001a07-221c-44ce-a250-020c0e517bcc,ok,16777984.0,v1.12-1.13,0.0,0.0,0.0,True,0.0,0.0,0.2464465647935867,4.0,actuator_motors,none,6045019,4074133,6.1,,C,,0.0,4.0,True,10.008097976364208,20.007287605949088,2.0000035284615096,123.607473,119.13972499999994,,True,0.0,0.0,,main
85c87a76-68d8-472d-879b-bcc6a7f74091,ok,17695488.0,v1.14-1.15,0.0,0.0,0.0,True,0.0,0.0,0.1536311998963355,4.0,actuator_motors,none,8042034,4662740,12.9,,A,,0.0,4.0,True,10.003775346842858,20.003405597429847,1.9999564666440628,240.822764,233.95761599999994,,True,0.0,0.0,,main
f386caa8-c372-40e0-b1c5-4687f8d614b7,ok,17826559.0,v1.16+,0.8752166377816292,0.0,0.0,False,0.9168886978942844,1012.200825,1.0,4.0,actuator_motors,none,48845504,28860287,14.2,,B,,0.0,4.0,True,10.000819854316788,20.000790176294526,1.9999922404766488,1164.653727,1162.537141,,True,0.0,0.0,,main
411b4237-d205-43d5-85c3-661602872c36,ok,17629952.0,v1.12-1.13,0.0,0.0271604938271604,0.0,True,0.0,0.0,0.4796499999999998,6.0,actuator_outputs,per_channel,7619561,4900826,17.4,,B,,,,False,10.004899844561649,20.005257995188806,1.9999708647460457,199.099894,194.82588800000002,True,True,0.0,0.0,,main
748f101c-5b14-48d1-8f54-706a7346b9e1,ok,17761280.0,v1.14-1.15,0.0,0.0,0.0,True,0.0,0.0,0.1842347234487534,4.0,actuator_motors,none,33134279,9524334,17.3,,C,,0.0,4.0,True,4.447573414792629,85.1921867682768,0.7835073086111578,145.778616,136.63325100000006,,True,0.0,0.5685937813946662,vehicle_attitude,main
64421946-1555-4ded-9f4e-a753e06b8e69,ok,67441920.0,,0.0027624309392265,0.0,0.1023853211009174,False,0.094660465116279,11.818589000000088,1.0,6.0,actuator_outputs,bus,62695522,34502823,23.8,not_px4_v4,,,,,False,10.001805668375273,199.0941104149308,2.001832054657905,544.708532,541.5989320000002,True,True,0.0,0.0,,main
95031977-f4fb-45f4-99e3-6663105e9ed4,ok,17629696.0,v1.12-1.13,,,0.0,True,0.0034399286533316,0.6972460000000069,0.4739418685436247,4.0,actuator_motors,none,78258422,38201035,19.3,,B,,0.0,4.0,True,9.971563989635127,19.943081134544638,1.9948344133557077,1161.320233,788.2601160000004,,True,0.0,0.002966666700794789,sensor_combined,main
bdfe58ba-788a-442d-8ce1-5f13c17a7bc3,ok,17760384.0,v1.14-1.15,0.0,0.0,0.0,True,0.0,0.0,0.1395858764648438,4.0,actuator_motors,none,13378613,9103203,4.1,,B,,0.0,4.0,True,10.006420602571973,20.00628711528963,2.000038111475414,153.625517,145.95423899999997,,True,0.0,0.0,,main
a3eabc10-c206-42e7-8e6a-4ff57b528dcd,ok,17695743.0,v1.14-1.15,0.0,0.0,0.0,True,0.0012978585334198,0.1987489999999923,0.486912727355957,4.0,actuator_motors,none,6468025,4435526,3.6,,A,,0.0,4.0,True,10.005822739188174,20.005732514671422,2.00003822437271,156.92145,154.12497799999997,,True,0.0,0.0,,main
87eb82c5-1137-4a57-b6ec-2a59ffe9d793,ok,17564671.0,v1.12-1.13,0.0,0.15625,0.0804769001490312,True,0.0099693251533742,0.6005190000000056,0.3516571428571426,6.0,actuator_outputs,bus,4796058,3136246,4.4,,B,,,,False,10.007248234960391,20.007022166168053,2.007450818503615,133.611903,130.389693,True,True,0.0,0.0,,main
8edaef07-3610-4940-8c63-15e102f5fcaa,ok,17694720.0,v1.14-1.15,0.0,0.0,0.053347280334728,True,0.0,0.0,0.2467944324016571,4.0,actuator_motors,none,26703555,7505048,4.9,,C,,0.0,4.0,True,10.004164980056986,20.005417754191697,89.13242938866048,197.720286,183.53435999999994,,True,0.0,0.0006132733937542436,estimator_innovation_test_ratios,main
1aecf27f-31b0-4618-ab2d-57a8ca5f2eed,ok,17695488.0,v1.14-1.15,0.0,0.0,0.0,True,0.0,0.0,0.2954518381506205,4.0,actuator_motors,none,3749435,2434855,2.8,,B,,0.0,4.0,True,10.008752504999094,20.00812454215125,2.000070532401852,117.251939,116.22309700000004,,True,0.0,0.0,,main
b15282b6-0b7a-4752-a2f9-1be6783aad39,ok,17695488.0,v1.14-1.15,0.0,0.0,0.0,True,,,,4.0,actuator_motors,none,10813440,6075659,3.6,,B,ground_only_actuator_motors,0.0,4.0,True,10.00314806893588,20.003089179623966,1.9999880120838673,333.398884,0.0,,True,0.0,0.0,,main
82da5b9d-8ee9-4acc-82f6-a54b08a8b9dc,ok,17760256.0,v1.14-1.15,0.0,0.0,0.0,True,0.0,0.0,0.0954343050718306,4.0,actuator_motors,none,8997903,6643425,8.4,,C,,0.0,4.0,True,10.006699035986045,20.00627119654815,1.9999770420641794,155.575333,149.86825200000007,,True,0.0,0.0,,main
b898764e-e214-45d9-b956-316b08a6fe4d,ok,17629952.0,v1.12-1.13,0.0,0.0,0.0,True,0.0,0.0,0.2678289115428924,4.0,actuator_motors,none,27317702,17072348,8.8,,C,,0.0,4.0,True,10.003286147110346,160.47206085569834,1.9999686934034449,317.808968,312.15899700000006,,True,0.0,0.0,,main
8c6db644-5877-4020-a9c6-3e347450e6dd,ok,17695488.0,v1.14-1.15,0.0456521739130434,0.0,0.0,True,0.0,0.0,0.0288791239261627,2.0,actuator_motors,none,25322460,14326374,7.7,,B,,0.0,2.0,False,10.004582670553551,198.95276898026083,1.9999559128661322,227.299134,224.96098499999997,,False,0.0,0.0,,main
a80a4f91-41d2-4c16-88b4-58855b45217f,ok,17826047.0,v1.16+,0.0,0.0,0.0,True,0.0,0.0,0.1922461092472076,4.0,actuator_motors,none,15428392,7311580,7.6,,C,,0.0,4.0,True,9.019134398936554,221.72425941716344,1.8191847728485488,99.636483,99.787482,,True,0.0,0.054435491616195875,vehicle_attitude,main
56532940-0d06-419a-8e67-71886fa9ade3,ok,17891392.0,v1.16+,0.0,0.1,0.0,False,0.0014367816091954,0.0999999999999996,0.020135298371315,4.0,actuator_motors,none,17724050,9058097,8.2,,B,,0.0,4.0,True,124.9869041382923,249.9345206914615,100.0130958617077,76.32,69.27199999999999,,True,0.0,0.0,,main
203565b0-ed6a-4a66-8ea9-a38a27adb85b,ok,17760512.0,v1.14-1.15,0.0,0.0295250320924261,0.0,True,0.0,0.0,0.1774318516254425,4.0,actuator_motors,none,13747688,8398053,7.8,,C,,0.0,4.0,True,9.999858066530669,20.000050039464302,1.9999781027364625,381.249979,376.1212660000001,,True,0.0,0.0,,main
9dd25c79-fc1b-42d4-94db-e433b517bb79,ok,34424576.0,,0.0,0.6827309236947792,0.0,True,0.0317052270779777,1.2976400000000012,0.6808774028250589,4.0,actuator_motors,none,7236514,4186593,4.1,not_px4_v2,,,0.0,4.0,True,24.966699260179535,24.96672264038678,2.000098070382435,122.028847,116.752716,,True,0.0,0.0011118068145186586,sensor_combined,main
455780ab-f182-4b2c-be66-68f835534a12,ok,17826047.0,v1.16+,0.0,0.0,0.0,True,0.0,0.0,0.4784931108355522,4.0,actuator_motors,none,5274343,3870869,4.8,,C,,0.0,4.0,True,10.00816142933041,20.00784387947315,1.9999006631619969,119.087384,114.29630299999997,,True,0.0,0.0,,main
dfb0d8f1-7ec6-41c1-9be6-3066b2b7ae2e,ok,17761280.0,v1.14-1.15,0.064516129032258,0.0,0.0,True,0.0,0.0,0.7010593518164762,4.0,actuator_motors,none,3692726,2194406,8.7,,C,,0.0,4.0,True,10.011725105583393,20.01095780218569,1.999967886879271,88.640106,84.26468600000003,,True,0.0,0.0,,main
dde11ade-e4db-4724-9126-d91487a21948,ok,17564671.0,v1.12-1.13,0.0445544554455445,0.0,0.0,True,,,,6.0,actuator_outputs,none,12215238,6615262,9.7,,B,no_pwm_params,,,False,10.009993343454727,200.20879489952108,2.0100823317662595,99.411938,92.65836700000004,False,False,0.0,0.0,,main
69ff2381-d50e-453c-a014-3bf93ffc4172,ok,17761535.0,v1.14-1.15,0.0,0.0,0.0,True,0.0084455753959548,0.424648999999988,0.3864223301410674,4.0,actuator_motors,none,35315096,22579701,15.1,,A,,0.0,4.0,True,10.002800273882855,197.86867750296386,1.999987585039472,333.155081,327.310283,,True,0.0,0.0,,main
d2911b65-0cb1-45a9-93a6-5e0a67eae6db,ok,17694720.0,v1.14-1.15,0.0,0.004381161007667,0.0,True,0.0,0.0,0.0982123672962188,4.0,actuator_motors,none,174003009,54824967,33.2,,A,,0.0,4.0,True,10.001113870776152,20.001138556636665,90.73282731297469,920.545732,910.8858719999996,,True,0.0,0.0001708685852738549,estimator_innovation_test_ratios,main
8d9286de-f1c1-4c39-9686-75cd2175b0da,ok,17171712.0,v1.12-1.13,0.0840431572969903,0.0,0.0023108030040439,False,0.0,0.0,0.0,4.0,actuator_outputs,global,13090816,6862095,4.9,,A,,,,False,9.852204576948811,31.74603228825406,0.0,351.362864,0.109239,False,False,,0.0,,main
bc34b29a-2691-473b-abf5-afa03fca2b07,ok,17695488.0,v1.14-1.15,0.0,0.0,0.0,True,0.0,0.0,0.3152586042881011,4.0,actuator_motors,none,3129502,2534382,3.9,,C,,0.0,4.0,True,10.015734048397555,20.015101907996396,2.0000800346987115,64.19758,60.49201199999999,,True,0.0,0.0,,main
6be2bbd0-34ad-49ea-8e3b-a060a6f1686f,ok,17694975.0,v1.14-1.15,0.0,0.0,0.0,True,0.0,0.0,0.2726832866668702,4.0,actuator_motors,none,17136276,10802299,5.1,,C,,0.0,4.0,True,10.00626209604762,202.1883514713783,2.0000757171521495,154.312372,147.254123,,True,0.0,0.0,,main
a0049cec-4343-42eb-847b-6503057b48ff,ok,17826240.0,v1.16+,0.0,0.0,0.0,True,0.0,0.0,0.3902540847659111,4.0,actuator_motors,none,4044771,3046790,2.5,,B,,0.0,4.0,True,10.010898999068285,20.010500597755797,1.9999758639276422,88.087416,83.74886400000001,,True,0.0,0.0,,main
8a572619-945e-4057-b1f7-41f5af2e23eb,ok,17761280.0,v1.14-1.15,0.0,0.0,0.0875,True,0.3294314381270903,5.498750000000001,0.8228242922574278,4.0,actuator_motors,none,3440146,2547573,3.2,,B,,0.0,4.0,True,10.015092493225097,20.01606434378173,1.9999959365161926,63.358644,59.813992000000006,,True,0.0,0.0,,main
9ee0a52e-7c4b-428b-88c7-05aebd8f6d63,ok,17694975.0,v1.14-1.15,0.0,0.0,0.0,True,0.0,0.0,0.4445609748363495,4.0,actuator_motors,none,20833283,11318365,7.6,,C,,0.0,4.0,True,9.654943412572369,118.50600557621253,1.9251703301458711,214.22393,212.87101199999995,,True,0.0,0.03430748852853242,sensor_combined,main
6677d02f-71b1-405b-b7f8-871e16abbbc5,ok,17761280.0,v1.14-1.15,0.0,0.0,0.0,True,0.0,0.0,0.2309113204479217,4.0,actuator_motors,none,15237696,9774379,6.8,,B,,0.0,4.0,True,10.007041519908274,199.98209632619938,2.0000160698155294,144.129126,137.80417799999995,,True,0.0,0.0,,main
f0d8e9a2-690f-40e2-aa08-6d6de897976b,ok,17761535.0,v1.14-1.15,0.0,0.0,0.0,True,0.0,0.0,0.2453986406326294,4.0,actuator_motors,none,24373585,15449100,10.0,,B,,0.0,4.0,True,9.63182876165949,166.06091950434836,1.9245746611380639,239.01731,232.63133000000013,,True,0.0,0.037610728568994986,vehicle_attitude,main
ba253d0b-d72e-4533-9996-33e7406f7305,ok,17629951.0,v1.12-1.13,0.0,0.0,0.0,False,0.0,0.0,0.425,6.0,actuator_outputs,per_channel,54105310,21735516,13.8,,B,,,,False,9.660878596596614,186.59108349258975,1.9079118597810503,109.000287,106.95409400000008,False,False,0.0,0.03290242618145401,vehicle_attitude,main
84f62071-d869-481f-950e-6a79365a46e8,ok,17760511.0,v1.14-1.15,0.0,0.0701754385964912,0.0,True,0.0,0.0,0.1230372488498687,4.0,actuator_motors,none,20442596,8458854,12.0,,B,,0.0,4.0,True,9.9411317957115,19.866697638111386,1.9852270850702523,135.165702,80.771784,,True,0.0,0.006613934467913876,sensor_combined,main
626c39b4-76fe-41e6-b006-46aeb5408a2b,ok,17760511.0,v1.14-1.15,0.0,0.0,0.0,True,0.0,0.0,0.4763512313365936,4.0,actuator_motors,none,3234023,2449643,3.4,,A,,0.0,4.0,True,10.012114137319985,20.01241811558462,1.9999640006479884,76.628599,72.53331999999997,,True,0.0,0.0,,main
0fdcf0a6-c6bd-41bf-9d10-bde34a837f42,ok,17630207.0,v1.12-1.13,0.0,0.0,0.0,True,0.0,0.0,0.172,6.0,actuator_outputs,per_channel,7131548,3660279,4.1,,B,,,,False,10.016344193793392,174.6587951282882,2.0001721774228827,61.871205,51.46267199999999,True,True,0.0,0.0,,main
c1506e1f-9ee3-4640-b073-1483605b9e32,ok,17629951.0,v1.12-1.13,0.0,0.0,0.0,True,1.0,101.302202,1.0,4.0,actuator_outputs,per_channel,3696160,2389900,3.7,,A,,,,False,10.00995778642648,20.008951017731295,1.9998969567655382,103.662687,101.39792699999997,True,True,0.0,0.0,,main
7cb1a6ac-df54-4961-b94e-527464ee951f,ok,17761024.0,v1.14-1.15,0.0,0.0,0.0,True,,,,4.0,actuator_motors,none,4035791,2746917,3.9,,C,ground_only_actuator_motors,0.0,4.0,True,10.010286946657093,20.011627751973762,1.9998806810319762,92.780079,0.0,,True,0.0,0.0,,main
3e9488b0-3d49-428b-a8ff-ca7b17066c25,ok,17694720.0,v1.14-1.15,0.0,0.0,0.0,True,0.0,0.0,0.1192777246236801,4.0,actuator_motors,none,25122598,8166418,7.3,,B,,0.0,4.0,True,10.009827719368209,20.010167493988526,93.24054979255374,131.651392,126.66857900000001,,True,0.0,0.0,,main
e94e4d38-fc2f-4940-81e8-2df25f8fec01,ok,17694720.0,v1.14-1.15,0.0,0.0,0.0,True,0.0,0.0,0.2593820765614509,4.0,actuator_motors,none,37693171,9387303,8.1,,A,,0.0,4.0,True,10.004584686337505,20.00500915670743,125.44766843564533,204.600279,192.53054899999992,,True,0.0,0.0,,main
90cddad7-5b9a-4a55-a5e8-cd92de020f1c,ok,17826047.0,v1.16+,0.5961945031712473,0.0,0.0,False,0.0245098039215686,0.3020999999999958,0.6630711786448955,4.0,actuator_motors,none,5232242,4029887,3.5,,A,,0.0,4.0,True,10.00968553522492,20.00943179626978,2.000052307588102,105.060887,101.93258499999997,,True,0.0,0.0,,main
5acca0b3-da6a-44c9-918e-1f2e7f329d11,ok,17760767.0,v1.14-1.15,,,,,0.0481173694470093,1.9455649999999949,0.7437419697642325,4.0,actuator_motors,none,6566546,3316510,4.2,,B,,0.0,4.0,True,0.0,188.07196826115194,0.0,69.712675,0.0,,True,,0.018640885606527078,vehicle_attitude,main
4898247e-6dba-4f4e-ab73-1bee296fbd24,ok,17761535.0,v1.14-1.15,0.0941176470588235,0.0,0.0,True,0.0003103277060575,0.0075000000000002,0.6475946291684518,4.0,actuator_motors,none,23826096,9840021,10.3,,B,,0.0,4.0,True,6.157196636231775,122.17451956223795,1.0962929018486447,68.554386,66.71027199999999,,True,0.0,0.222997563232911,sensor_combined,main
26d4d2fb-4748-4eaf-ac2c-565ac538d2f8,ok,17499135.0,v1.12-1.13,0.0,0.0,,True,0.0,0.0,0.247,8.0,actuator_outputs,global,53402049,28417221,14.4,,B,,,,False,97.39564389094333,194.22305225808762,0.0,211.186324,200.20667099999986,False,False,,0.026048110607592826,vehicle_local_position,main
6da6327a-9a2b-4372-900a-c6465613e95f,ok,17695488.0,v1.14-1.15,0.0317460317460317,0.0,0.0,False,0.0006314580941446,0.0380610000000061,0.2399999786066209,4.0,actuator_motors,none,8467983,4633855,7.6,,C,,0.0,4.0,True,9.935926777428778,196.88805729466557,1.9996951033986248,61.919402,60.54654199999998,,True,0.0,0.008413941023554824,vehicle_attitude,main
0a9c0ee1-f96b-4a8f-8435-2733fb3898ff,ok,17760256.0,v1.14-1.15,0.0,0.0,0.0,True,0.0,0.0,0.2696443289518356,4.0,actuator_motors,none,7532976,5404154,8.2,,B,,0.0,4.0,True,10.00564752727884,20.005342420308068,1.999951009556607,180.5885,176.93252200000003,,True,0.0,0.0,,main
06dc1afb-3686-49c3-bdbc-3b25d66054a2,ok,17826047.0,v1.16+,0.0,0.0,0.0,True,0.0,0.0,0.173673915863037,4.0,actuator_motors,none,18737966,11411532,17.5,,C,,0.0,4.0,True,10.002110661034287,20.0019897426956,1.999964380132763,458.659725,453.329307,,True,0.0,0.0,,main
b7fefc49-f041-4d60-aec8-550443726090,ok,17761280.0,v1.14-1.15,0.0,1.0,0.0,True,0.0,0.0,0.1400682136416435,4.0,actuator_motors,none,103375957,52949470,23.7,,C,,0.0,4.0,True,9.989508435112993,220.71316854357536,2.000119588524185,1084.488695,1080.7504239999998,,True,0.0,0.0014014525164878229,sensor_combined,main
41dd2406-dfc2-4cdb-82bc-84c5f737e532,ok,17694720.0,v1.14-1.15,0.0232558139534883,0.0,0.0,False,0.0723488602576808,7.101838000000001,0.9999999362639752,4.0,actuator_motors,none,4637321,3266876,2.7,,C,,0.0,4.0,True,10.008813112368438,20.008219064379965,2.0001247624993366,106.046598,100.61202300000004,,True,0.0,0.0,,main
19f8c4ec-3229-418c-9a14-a0e9cfbe39f0,ok,17694975.0,v1.14-1.15,0.890295358649789,0.0,0.0,True,0.0,0.0,0.2275331437587738,4.0,actuator_motors,none,4620282,3185533,2.6,,C,,0.0,4.0,True,10.00873593980224,20.008730926985333,1.9999583356319264,116.490652,108.939743,,True,0.0,0.0,,main
c4662fa1-3023-4761-a0de-62df057856e5,ok,17825984.0,v1.16+,0.0,0.1,0.0,True,0.0,0.0,0.1784509360790252,4.0,actuator_motors,none,7593984,3948063,3.0,,A,,0.0,4.0,True,10.008873581349407,20.00945405209702,2.0001156363151216,108.295785,97.67871099999996,,True,0.0,0.0,,main
aed7dd00-65d9-4ebf-9808-40bd8034edc0,ok,17891392.0,v1.16+,0.0458015267175572,0.0,0.0,True,0.0,0.0,0.1925287842750549,4.0,actuator_motors,none,37439476,15615208,7.4,,C,,0.0,4.0,True,125.00381830955799,249.9923636141487,100.00916394293918,130.464,127.94,,True,0.0,0.0,,main
5618faa2-09ce-4290-9553-ec47db4abc57,ok,17629952.0,v1.12-1.13,0.0,0.055793991416309,0.0,True,0.0,0.0,0.145,6.0,actuator_outputs,bus,13049466,7066823,9.9,,B,,,,False,10.00879088089332,222.02687168539956,1.999888460369363,114.675975,113.28539700000006,False,False,0.0,0.0,,main
34cc957f-642a-4cb1-82e8-9e1f220ea4b6,ok,17826047.0,v1.16+,0.0990453460620525,0.0,0.0,True,0.0,0.0,0.1246624462306498,4.0,actuator_motors,none,16953748,10741424,5.8,,B,,0.0,4.0,True,10.002316770223649,20.002383850493594,1.9999658791447037,403.948976,395.52063999999973,,True,0.0,0.0,,main
16939cb3-87a5-4860-be89-22b53fe693a8,ok,17826047.0,v1.16+,0.0,0.0,0.0,True,0.0027881040892193,0.3037529999999999,0.2930700443685055,4.0,actuator_motors,none,14165143,5329450,4.9,,A,,0.0,4.0,True,10.00902747066599,20.009032934477833,1.9998078540782398,110.065038,107.53954499999999,,True,0.0,0.0,,main
cc8a5866-7eb6-4c9a-9f2f-4b227697609b,ok,17629952.0,v1.12-1.13,0.0,0.0,0.0,True,0.0026560424966799,0.0977430000000003,0.3625999999999999,6.0,actuator_outputs,per_channel,3786527,2798612,3.2,,B,,,,False,10.012072757325331,20.01176128964377,1.9999848945240264,81.245454,75.358249,False,False,0.0,0.0,,main
5e746be8-3d97-497c-94a6-3aeb51639d36,ok,17891328.0,v1.16+,0.0,0.0,0.0,True,0.0,0.0,0.1183422654867172,4.0,actuator_motors,none,3588283,3089552,2.7,,B,,0.0,4.0,True,10.013350852800897,20.012803969458687,1.999986439808252,70.614599,68.382569,,True,0.0,0.0,,main
0b813e79-5ec8-40c0-8545-432aee2f3c33,ok,0.0,,0.0,0.0640854472630173,0.0,True,0.0,0.0,0.2020571428571427,6.0,actuator_outputs,global,6517408,3471759,3.2,not_px4_v0,,,,,False,9.827340273085213,31.579295119464298,0.0,170.128385,163.001573,False,False,,0.0,,main
0bbd400b-e126-472f-8c58-0cc97f1bc979,ok,17825984.0,v1.16+,0.0,0.0,0.0,True,0.0,0.0,0.1892100691795349,4.0,actuator_motors,none,6950934,4806293,3.5,,B,,0.0,4.0,True,9.987231281843222,19.96680911110739,1.9933217760404311,151.174405,149.01597299999997,,True,0.0,0.0019322764912898416,sensor_combined,main
266a20b3-a407-4ad7-8a0e-6a430bdb1b22,ok,17826240.0,v1.16+,0.0,0.0,0.0,True,0.0,0.0,0.2033025413751602,4.0,actuator_motors,none,10467102,7101445,5.7,,B,,0.0,4.0,True,10.004542412504069,20.00411089866071,2.0000069753052263,222.476946,215.5312880000002,,True,0.0,0.0,,main
c9b917e9-4fcb-409e-a0c1-f7acf948fbe1,ok,17630207.0,v1.12-1.13,0.0,0.0,0.0,True,0.0,0.0,0.4669999999999999,6.0,actuator_outputs,per_channel,8272625,4348224,4.2,,A,,,,False,10.014818892782174,201.81596166897344,1.999906719679279,68.693557,57.495640000000016,True,True,0.0,0.0,,main
ed21dcc4-bc08-488c-ace3-4d5d4b54d64c,ok,17629951.0,v1.12-1.13,0.0,0.2146341463414634,0.0,True,0.0061162079510703,0.198914000000002,0.4593060612678528,4.0,actuator_motors,none,5506223,4142122,15.9,,A,,0.0,4.0,True,10.009071867643156,20.00839728338059,2.0000632372935323,102.208979,98.16335399999993,,True,0.0,0.0,,main
d326b037-6f36-45dd-8bd6-f8d6de6ea339,ok,17826047.0,v1.16+,0.0,0.0,0.0,True,0.0,0.0,0.1399533033370971,4.0,actuator_motors,none,30893349,18536986,30.2,,C,,0.0,4.0,True,9.999994973044075,20.00156416227622,2.0000099968753653,630.479655,623.6916410000002,,True,0.0,0.0,,main
deaf5559-3a35-44ae-8b67-825f1a5ec5b9,ok,17630207.0,v1.12-1.13,0.0,0.0,0.0,True,0.0,0.0,0.1437999999999999,6.0,actuator_outputs,per_channel,5469974,3194720,32.2,,B,,,,False,10.00692390086185,20.006610937237706,1.9999898608572624,136.787995,130.43567099999999,True,True,0.0,0.0,,main
6efe7a49-25cb-4ef1-bee0-54f96238b2a2,ok,17826047.0,v1.16+,0.0,0.0,0.0,True,0.0,0.0,0.3581623092293739,4.0,actuator_motors,none,9549260,6006666,41.9,,C,,0.0,4.0,True,10.012382676066888,200.00069770541884,1.9999967901286084,81.443594,78.27015399999998,,True,0.0,0.0,,main
2ccfb94a-3508-456f-a110-4d9830716530,ok,17826047.0,v1.16+,0.0,0.0,0.0,True,0.0,0.0,0.2799597635865211,4.0,actuator_motors,none,3167717,2194479,27.8,,B,,0.0,4.0,True,10.011963399132627,20.011961483110507,1.9999998313253156,83.263654,81.52001800000004,,True,0.0,0.0,,main
c7453450-619b-4928-bc94-a098fede54f8,ok,17695488.0,v1.14-1.15,0.0,0.0,0.0,True,0.0,0.0,0.1118279993534087,4.0,actuator_motors,none,6290391,3647525,22.4,,A,,0.0,4.0,True,10.015158342430844,164.96022625655814,1.9999677030008953,61.380836,58.58474500000002,,True,0.0,0.0,,main
3bb8c7d0-8757-47e0-a1de-b664aa1f563a,ok,17695488.0,v1.14-1.15,0.0,0.0,0.0,True,0.0,0.0,0.2434228248894212,4.0,actuator_motors,none,5767994,3588733,31.9,,C,,0.0,4.0,True,10.006650133774617,20.006182046348798,1.9999887918716852,146.674534,142.30606900000004,,True,0.0,0.0,,main
c2e323a3-f2e1-46d3-83e8-d5caec912561,ok,17826559.0,v1.16+,0.0,0.0,0.0,False,0.0091383812010443,0.3000000000000007,0.1056071072816848,4.0,actuator_motors,none,23126144,9822248,51.9,,C,,0.0,4.0,True,125.0,250.0,100.01787173202615,78.012,76.464,,True,0.0,0.0,,main
d0151042-8f89-4190-be15-22b4b5952458,ok,17695488.0,v1.14-1.15,0.0,0.0,0.0,True,0.0,0.0,0.1906343460083006,4.0,actuator_motors,none,10645127,6672796,41.7,,C,,0.0,4.0,True,10.010482831454587,158.51049445742694,2.000017816583835,103.689323,100.64776600000002,,True,0.0,0.0,,main
c39c0eab-0604-4f9c-9a17-7e7e7d49f5c9,ok,17760768.0,v1.14-1.15,0.0,0.0,0.0,False,0.0,0.0,0.2728602007031441,5.0,actuator_motors,none,117640934,10933319,214.7,,C,,0.0,5.0,False,9.993569344179996,199.76847629633735,2.000000787097084,155.345699,150.1696419999999,,False,0.0,0.0011583521331795677,vehicle_attitude,main
76af6981-1a61-488b-bea3-7ca9f075ba9b,ok,17760384.0,v1.14-1.15,0.0,0.0,0.0,True,0.0,0.0,0.0528227686882019,4.0,actuator_motors,none,83943033,37409111,114.6,,C,,0.0,4.0,True,125.00129024266884,250.0,125.00129024266884,387.372,334.08799999999997,,True,0.0,0.0,,main
96f84051-f5ac-4354-aeb4-666617a9bd68,ok,17825792.0,v1.16+,0.0,0.0949202817945865,0.0,True,0.003392586550123,1.490479999999934,0.3874186217784881,4.0,actuator_motors,none,153095338,86719145,216.5,,A,,0.0,4.0,True,9.94293777870455,199.42849635564568,1.988679877946121,1309.357922,1296.2886709999998,,True,0.0,0.006050231920641921,estimator_innovation_test_ratios,main
9b6c5a32-a2a2-468c-95f6-cce5ca641b08,ok,17629952.0,v1.12-1.13,0.0,0.0,0.306282722513089,True,0.0,0.0,0.534,6.0,actuator_outputs,per_channel,2377986,1544051,2.3,,C,,,,False,10.013031658472887,20.011386794225867,1.999924691577508,75.739905,69.765435,True,True,0.0,0.0,,main
56853e0d-b21c-4d56-96bd-f8bc9d46d719,ok,17630207.0,v1.12-1.13,0.0,0.0,0.0498188405797101,True,0.0,0.0,0.3153000000000001,6.0,actuator_outputs,per_channel,7034416,4357058,5.2,,A,,,,False,10.000167863198538,19.99996319136421,1.9999861546413022,219.941657,216.746143,True,True,0.0,0.0,,main
8fd225c5-915f-43e5-aa08-b4f89b44adca,ok,17826047.0,v1.16+,0.0,0.0,0.0,False,0.0,0.0,0.217416179180145,4.0,actuator_motors,none,17581885,7604440,6.4,,B,,0.0,4.0,True,125.0,250.0,100.01661129568106,59.8,58.272,,True,0.0,0.0,,main
d465430d-7478-48db-ae91-6f970969c5c2,ok,17694975.0,v1.14-1.15,0.0,0.0,0.0,True,0.0,0.0,0.0882548689842223,4.0,actuator_motors,none,27737712,6885588,8.5,,B,,0.0,4.0,True,2.9920633456265295,52.9309306099821,0.6044300509501644,111.127924,107.201113,,True,0.0,0.6557962342569155,vehicle_attitude,main
20c3d36e-4eb9-440c-8188-445de9b482d0,ok,17825792.0,v1.16+,0.0,0.0,0.0,True,0.0,0.0,0.1047904506325721,4.0,actuator_motors,none,5836901,3369849,3.4,,B,,0.0,4.0,True,9.992314140627272,19.975894293077992,2.000001417323839,127.491837,120.45248000000004,,True,0.0,0.0014861768274467575,sensor_combined,main
00f0f3b9-9713-4aa5-9220-45633a430a50,ok,17760511.0,v1.14-1.15,0.0,0.0,0.0,True,0.7265700483091787,12.239069999999998,0.8070370107889174,4.0,actuator_motors,none,8620388,4995103,3.3,,C,,0.0,4.0,True,10.014136671452638,253.51212899637179,2.000208256977344,68.3533,65.31851200000001,,True,0.0,0.0,,main
bc8d4a2f-1066-45a5-b206-4d566701ad8b,ok,16779519.0,v1.12-1.13,0.0,0.0,0.0,True,0.0,0.0,0.1887498885393142,4.0,actuator_motors,none,7417797,4723573,3.9,,C,,0.0,4.0,True,10.006091546272428,20.00675917544278,1.9999999593220348,147.780192,141.480031,,True,0.0,0.0,,main
b0a12676-961f-4de9-b8d8-00d504d74b44,ok,17891456.0,v1.16+,0.0,0.0,0.0,True,1.798156889188582e-05,0.0029880000000002,0.5259469524025916,4.0,actuator_motors,none,92307297,24692154,25.2,,C,,0.0,4.0,True,9.954052528319131,323.02843097910466,2.0000056821353485,151.832529,148.38399199999995,,True,0.0,0.003549052837080056,vehicle_attitude,main
a33a50b0-a144-482c-99c1-5ef526c31e1d,ok,17760767.0,v1.14-1.15,0.0,0.0,0.0,True,0.1447741653938468,9.897423000000003,0.5436697155237198,4.0,actuator_motors,none,37417762,23704375,11.2,,B,,0.0,4.0,True,10.001070220861818,20.00100582315091,1.999994870805771,921.133658,916.6102810000006,,True,0.0,0.0,,main
713d6191-0357-4884-bc18-52a6cc0572dc,ok,17629440.0,v1.12-1.13,0.0,0.0595744680851063,0.0,True,0.0,0.0,0.1249999999999999,6.0,actuator_outputs,per_channel,4826514,3053586,7.0,,A,,,,False,10.008781133607297,20.008198775578066,2.000161671187388,117.40072,113.01100400000006,False,False,0.0,0.0,,main
e91b73db-dff7-4cfa-bb4b-8cddee64b696,ok,17826240.0,v1.16+,0.0,0.0,0.0,True,0.0632812967282732,0.5187560000000033,0.812828841805456,4.0,actuator_motors,none,7344577,4799413,5.5,,C,,0.0,4.0,True,9.983533759088763,199.34134079204378,1.9999950000125,60.696835,58.72013599999999,,True,0.0,0.0033735505682848687,sensor_combined,main
01ac54b5-1920-46e8-90ef-0080b22bd286,ok,17629951.0,v1.12-1.13,0.0017152658662092,0.0,0.0,True,0.0001141682840506,0.1023299999999984,0.2995428571428575,6.0,actuator_outputs,bus,87721621,53620454,22.7,,C,,,,False,10.001098663065674,200.3090672603435,2.000004131156074,884.613941,875.974665,False,False,0.0,0.0,,main
b4d61d2e-cbe9-43e2-bae7-ad28772d570d,ok,17825984.0,v1.16+,0.0,0.0,0.0,True,0.0,0.0,0.0653329506516456,4.0,actuator_motors,none,9991754,6306774,10.2,,B,,0.0,4.0,True,10.003332153211646,20.003343369210576,2.000013734156244,274.824726,264.8077979999999,,True,0.0,0.0,,main
608f6e09-3204-45e4-8d6f-7dad6e0c4a8e,ok,17761535.0,v1.14-1.15,0.0,0.0,0.0,True,0.0,0.0,0.1334130614995956,4.0,actuator_motors,none,12549709,7640793,10.7,,C,,0.0,4.0,True,10.008494449025735,197.46077204999608,2.0000384810897276,114.966461,105.17881299999998,,True,0.0,0.0,,main
fffb31fe-cc17-44e9-a8e2-43b7bd842302,ok,17630207.0,v1.12-1.13,0.0,0.0,0.0,True,0.0,0.0,0.094,6.0,actuator_outputs,per_channel,19188990,10890483,9.1,,B,,,,False,10.006688128829996,173.77351812195602,1.9999906036805095,137.895019,133.56758800000003,True,True,0.0,0.0,,main
cf0692cb-7146-4fcc-a035-c662f5b4790c,ok,17760320.0,v1.14-1.15,0.0,0.0,0.1498327759197324,True,0.0,0.0,0.275387954711914,4.0,actuator_motors,none,158011796,54285576,33.8,,B,,0.0,4.0,True,9.51958568970554,200.8911711296712,1.9038209404226736,312.111965,308.51882999999975,,True,0.0,0.04552138001360881,vehicle_attitude,main
dddfa2a1-8459-4504-a6a6-587bb0a90d38,ok,17170944.0,v1.12-1.13,0.0,0.0,0.0,False,0.0,0.0,0.3915402757485978,4.0,actuator_motors,none,4977609,3491787,3.0,,C,,0.0,4.0,True,10.008390841537631,20.00911513724235,2.000081260444353,105.35969,100.153985,,True,0.0,0.0,,main
c057a299-71c7-4fe7-abce-ba4ab1793df3,ok,17760767.0,v1.14-1.15,0.015267175572519,0.0,0.0,True,0.0032493907392363,0.3005820000000003,0.7718152850866318,4.0,actuator_motors,none,5150658,3638380,2.9,,B,,0.0,4.0,True,10.00790913661604,20.008044592256073,2.0001489052032015,127.894577,123.08529099999998,,True,0.0,0.0,,main
3badfe9f-1d7c-46e6-b6fa-466340112649,ok,17694720.0,v1.14-1.15,0.0,0.0,0.0,True,0.5457974137931034,22.296949,0.8717953227460384,4.0,actuator_motors,none,6713481,4238567,3.8,,C,,0.0,4.0,True,8.285963161475838,16.6602946847151,1.5780788929112806,227.995743,227.05961099999996,,True,0.0,0.1792174429438511,sensor_combined,main
b9b3856e-5d37-457e-9439-b75b22fcc69d,ok,17760512.0,v1.14-1.15,0.0,0.0,0.0540275049115913,True,0.0,0.0,0.097660031914711,4.0,actuator_motors,none,38285754,22515203,16.0,,C,,0.0,4.0,True,10.000907923635621,20.000937766283243,1.9999977758136829,1017.258997,1015.9075220000007,,True,0.0,0.0,,main
0eb9125f-8e0e-496d-b52f-2fa04e1477cd,ok,17891583.0,v1.16+,0.0,0.0,0.0,True,0.0462546504525515,5.399938999999961,0.4627138495445248,4.0,actuator_motors,none,69792261,42815615,17.5,,C,,0.0,4.0,True,10.00056709397914,20.000522049965916,2.000001348851007,1804.733815,1800.8652110000037,,True,0.0,0.0,,main
dabe3025-17d6-473b-9b7d-027c0ab2d51f,ok,17695488.0,v1.14-1.15,0.0,0.0,0.0,True,0.0,0.0,0.1793270871043207,4.0,actuator_motors,none,3663436,2614122,4.2,,C,,0.0,4.0,True,10.012510697132369,20.012105504547932,1.9999785884645234,76.758396,73.36246500000001,,True,0.0,0.0,,main
b324bd5e-4939-4821-a9f2-c76a1d869b6d,ok,17956928.0,v1.16+,0.7101449275362319,0.0,0.0,True,0.0,0.0,0.1991857826709747,4.0,actuator_motors,none,10439146,6297666,5.2,,C,,0.0,4.0,True,10.003567308478813,20.003165949345764,1.999992918057864,274.686234,263.7550770000002,,True,0.0,0.0,,main
da3425c6-fd54-464c-b95c-6454ebdea39f,ok,17629184.0,v1.12-1.13,0.9423631123919308,0.0,0.0,True,0.0005945303210463,0.098859,0.1274120420217513,4.0,actuator_motors,none,5532516,3558974,3.5,,A,,0.0,4.0,True,9.999817170972765,19.999664051885926,1.999968464265375,172.841981,168.168699,,True,0.0,0.0,,main
080788da-61c0-43e0-aacd-ca60a30170ec,ok,17826240.0,v1.16+,0.0,0.0,0.0,True,0.0065586419753086,0.8988939999999843,0.3882914915680878,4.0,actuator_motors,none,11418366,7380099,6.5,,B,,0.0,4.0,True,10.003945581778929,20.003771191638865,2.000032061005439,264.820031,259.2060079999999,,True,0.0,0.0,,main
c12f1853-e299-4775-9020-b90e691a7974,ok,17569279.0,v1.12-1.13,0.1316455696202531,0.0544303797468354,0.0,True,0.046535677352637,3.102652000000006,0.3266666666666666,4.0,actuator_outputs,bus,17570304,11156705,10.2,,B,,,,False,10.002590929363588,20.002348626575376,2.002499989527155,390.776363,386.80132999999955,True,True,0.0,0.0,,main
2625b562-cdbe-49f0-a3a0-8587b141e993,ok,17762048.0,v1.14-1.15,0.0,0.0,0.0,False,0.010840059357921,2.9262239999999906,0.0895361900329589,4.0,actuator_motors,none,22670115,13642273,21.2,,C,,0.0,4.0,True,9.196707084570424,149.4738371756878,1.8372977617813788,210.566111,209.33002900000005,,True,0.0,0.08044445992988056,vehicle_attitude,main
66c15bd7-012e-4fa9-b2f7-558eaf568f02,ok,17760768.0,v1.14-1.15,0.0,0.0,0.0,True,,,,4.0,actuator_motors,none,7356857,3819767,3.3,,C,ground_only_actuator_motors,0.0,4.0,True,10.013766653292219,170.4871762334017,2.0001853984796694,70.024211,0.0,,True,0.0,0.0,,main
7e581c76-6979-41e4-b417-a501676d09d8,ok,17694975.0,v1.14-1.15,0.0424973767051416,0.0,0.0,True,7.314834117849293e-06,0.0074839999999767,0.3351067543029785,4.0,actuator_motors,none,198943094,106309164,52.8,,A,,0.0,4.0,True,9.937614991568934,163.04892949932398,1.9865946829068712,1939.746991,1936.4564390000007,,True,0.0,0.0064157837339578385,vehicle_attitude,main
6f8e59c1-7b8e-4f91-81f6-5f85722049bd,ok,17891392.0,v1.16+,0.0,0.0211565585331452,0.0,True,0.0,0.0,0.0480635404586792,4.0,actuator_motors,none,165765139,78494544,62.3,,B,,0.0,4.0,True,124.99788012233108,249.99293378104898,100.0014132677577,707.136,655.732,,True,0.0,0.0,,main
cd7fc0d8-8e8c-4e22-abc3-e6d4572e1314,ok,17761280.0,v1.14-1.15,0.0,0.0,0.0,True,0.0,0.0,0.2945441290736197,4.0,actuator_motors,none,47381984,30128952,9.3,,B,,0.0,4.0,True,10.00074544935283,20.000805455084116,1.9999994240123238,1316.387477,1311.830016,,True,0.0,0.0,,main
164a2545-5edc-45dd-a65d-398c8dd498e2,ok,17891392.0,v1.16+,0.0,0.1124183006535947,0.0,False,0.0,0.0,0.0572008192539215,4.0,actuator_motors,none,108028610,45148818,34.5,,C,,0.0,4.0,True,125.00133519905147,250.00267036957914,100.00373855734414,374.496,362.344,,True,0.0,0.0,,main
0d056fda-f5e9-46b2-843d-36cffbf9bc4a,ok,17694975.0,v1.14-1.15,0.016260162601626,0.0,0.0,True,0.5751157764742204,21.987237,0.8605933725833893,4.0,actuator_motors,none,6357918,3277858,3.4,,A,,0.0,4.0,True,10.000311735010701,124.78450034181263,2.0001060734220975,59.293518,58.077684,,True,0.0,0.0,,main
9dda00ed-0df6-4176-9215-65652a914da0,ok,17761280.0,v1.14-1.15,0.0329218106995884,0.0823045267489712,0.072,False,0.0968399592252803,4.297497000000007,0.9999999388190552,4.0,actuator_motors,none,4397021,3304055,4.1,,B,,0.0,4.0,True,10.009870314449483,20.009737737866633,1.9999993737375696,99.290887,97.77147099999999,,True,0.0,0.0,,main
e5894dba-282d-420d-9694-c47af61fb587,ok,17695488.0,v1.14-1.15,0.0,0.0,0.0,True,0.0,0.0,0.0822488084435462,4.0,actuator_motors,none,14373158,8966295,6.0,,B,,0.0,4.0,True,10.002417336025127,20.00269017089077,2.0000000053835802,371.657688,365.22994099999994,,True,0.0,0.0,,main
6cea90e0-2b12-4834-878d-9118c5c2cc37,ok,17695488.0,v1.14-1.15,0.4506172839506173,0.0,0.0,True,0.0,0.0,0.1150210708379745,4.0,actuator_motors,none,2275140,1616331,3.1,,B,,0.0,4.0,True,10.014247083877212,20.014713334672294,2.0000548970291887,67.462335,64.18607699999998,,True,0.0,0.0,,main
cc78131b-5bd9-400b-aa93-cbca39c206d9,ok,17694975.0,v1.14-1.15,0.0,0.0,0.0,True,0.0,0.0,0.1930446768179534,4.0,actuator_motors,none,7851959,4696795,6.1,,B,,0.0,4.0,True,9.984632355089866,221.29394639266494,1.9844754943582286,65.264652,61.82418599999999,,True,0.0,0.0026743556982650415,vehicle_attitude,main
ef8f9227-5c37-444e-90b5-7ded6e140c59,ok,17569024.0,v1.12-1.13,0.0,0.0,0.0,True,9.903604912188036e-05,0.0099689999999839,0.3165714285714286,6.0,actuator_outputs,bus,28412073,15513793,14.7,,C,,,,False,9.995479668573088,200.48466893824045,1.9999344906250722,217.129454,212.23509500000003,False,False,0.0,0.0008030612463572009,vehicle_attitude,main
f962b924-1896-42de-a5e2-4d9b7fefe393,ok,17629951.0,v1.12-1.13,0.0,0.0,0.0,True,0.0,0.0,0.2299999999999999,6.0,actuator_outputs,per_channel,67272900,21338030,25.1,,B,,,,False,9.965154894737621,195.1487894594314,1.9929413678691807,142.412308,134.576518,False,False,0.0,0.004362333671185726,vehicle_attitude,main
fd03539b-ef5c-411f-abbf-7f4a70de8916,ok,17891583.0,v1.16+,0.0,0.0,0.0,True,0.0,0.0,0.1815767347812652,4.0,actuator_motors,none,51731777,32519126,20.9,,B,,0.0,4.0,True,9.999142525282677,19.997572113543995,1.999994004927954,1222.725821,1217.3202229999993,,True,0.0,0.00018416891921527753,sensor_combined,main
49a71199-ca13-48c1-801a-3fbce3584971,ok,17761280.0,v1.14-1.15,0.0,0.0,0.0,True,0.0,0.0,0.1535730883479118,4.0,actuator_motors,none,122687321,70152824,32.0,,C,,0.0,4.0,True,10.00030960274274,20.000322685346223,2.0000018444277954,3027.901707,3019.5712659999926,,True,0.0,0.0,,main
3662188d-2333-4084-aaff-82fd49ecc295,ok,17891583.0,v1.16+,0.0,0.0,0.0,True,0.0726915520628683,0.499598000000006,0.4610952019691466,4.0,actuator_motors,none,5029293,3778699,3.4,,A,,0.0,4.0,True,10.009192136405082,20.008969414398784,1.9998958348093623,105.860952,101.81929000000001,,True,0.0,0.0,,main
459f9f78-2086-41a4-be89-425d88d1928f,ok,17695743.0,v1.14-1.15,0.0,0.0,0.0,True,0.0,0.0,0.2058582127094268,4.0,actuator_motors,none,3749696,2653576,2.6,,C,,0.0,4.0,True,10.01081492687181,20.009730786161665,2.000002739134186,92.113385,83.39015300000001,,True,0.0,0.0,,main
24f13245-84c0-41cb-91fe-f63d2e7a4c67,ok,17761535.0,v1.14-1.15,0.0,0.0,0.0,True,0.0,0.0,0.5175485670566559,4.0,actuator_motors,none,4422737,3237158,3.0,,B,,0.0,4.0,True,9.853346457685284,19.7068112062475,1.9723521573210017,109.278484,104.99408100000004,,True,0.0,0.016499121585620675,vehicle_local_position,main
e5041e51-b7a2-4421-aa9c-1224db8ca10b,ok,17826047.0,v1.16+,0.0,0.0,0.0,True,0.0,0.0,0.1325459748506545,4.0,actuator_motors,none,4486921,3440276,2.8,,B,,0.0,4.0,True,9.999646849319927,19.99954496040878,2.000108810388802,90.000012,85.23951899999999,,True,0.0,0.0,,main
38f7ea64-3a7c-48e0-a419-afbf5a3494f9,ok,17761535.0,v1.14-1.15,0.0,0.0,0.0,True,0.0075471698113207,0.7987549999999999,0.2273570552468299,4.0,actuator_motors,none,4409875,3180904,3.4,,C,,0.0,4.0,True,10.009120276970743,20.00802362580096,2.000001887852249,107.334626,105.97168099999999,,True,0.0,0.0,,main
b36b6eb1-1b4f-4f40-b22c-6defbf583b67,ok,17761280.0,v1.14-1.15,0.009925558312655,0.0,0.0,True,0.9475308641975309,184.20217,0.7781313776969909,4.0,actuator_motors,none,7162833,4382428,3.4,,B,,0.0,4.0,True,10.004572014563482,20.00473798001225,2.00006168190227,200.025581,194.38046100000003,,True,0.0,0.0,,main
6019c4a4-97ed-4741-9ea4-990e9b992717,ok,17695488.0,v1.14-1.15,0.0,0.0,0.0,True,0.1952117863720073,10.598247999999998,0.994739172887057,4.0,actuator_motors,none,2264183,1675640,2.5,,B,,0.0,4.0,True,10.015384725334457,20.017127569038006,1.9999350354435985,60.249069,54.29184500000001,,True,0.0,0.0,,main
9288b3ea-754b-4313-a0d3-12f7a5897f16,ok,17695744.0,v1.14-1.15,0.0,0.0,0.0,True,0.0092307692307692,0.598748999999998,0.7224866300821304,4.0,actuator_motors,none,6293238,3980943,3.2,,C,,0.0,4.0,True,10.00597579109746,20.0059752534275,1.999999879879887,166.905698,162.52997899999994,,True,0.0,0.0,,main
edf4008e-e435-42c1-8524-8d62aafc36c8,ok,17694720.0,v1.14-1.15,0.0,0.0,0.0,True,0.0,0.0,0.0566842667758464,4.0,actuator_motors,none,7950977,5167071,4.9,,C,,0.0,4.0,True,10.004218467079685,20.003979602515088,1.9999456240380658,230.976155,226.62439800000007,,True,0.0,0.0,,main
d70b9718-5238-42f2-8477-7b53b6a3f99a,ok,17825984.0,v1.16+,0.0,0.0,0.0,True,0.0,0.0,0.1981966257095336,4.0,actuator_motors,none,5897225,3802872,3.2,,C,,0.0,4.0,True,10.006575828918168,20.00749419415876,1.999959084170403,144.35709,135.41271600000002,,True,0.0,0.0,,main
75d90597-b2df-4aa6-9f7f-128b86c32cb9,ok,17629952.0,v1.12-1.13,0.0,0.0,0.0,True,0.0,0.0,0.2431996464729309,4.0,actuator_motors,none,41259739,11892611,9.9,,B,,0.0,4.0,True,6.279495629022507,96.79392154941871,1.4475057010297727,105.631193,102.57794899999998,,True,0.0,0.06664412430485682,estimator_innovation_test_ratios,main
e8a6cb6a-4413-43b2-86c9-a9adc67ef010,ok,17761280.0,v1.14-1.15,0.0125,0.0,0.4087732919254658,True,0.0472827153227388,2.600962999999979,0.2521095395088195,4.0,actuator_motors,none,21401831,13173795,12.1,,A,,0.0,4.0,True,10.001913863984003,20.001887951338997,2.0000063579968654,514.52345,509.7751529999999,,True,0.0,0.0,,main
14986594-b0f8-40ec-b500-3faa78f1eba1,ok,17694720.0,v1.14-1.15,0.0421686746987951,0.0,0.0,True,0.1675794085432639,0.3812399999999982,1.0,4.0,actuator_motors,none,26589955,14713286,11.5,,C,,0.0,4.0,True,9.68699287498801,193.48033495039215,1.9275651441364805,248.954289,25.680067,,True,0.0,0.03261926201759727,vehicle_attitude,main
ae668731-a4bb-4f4e-a797-216a67a97070,ok,17694975.0,v1.14-1.15,0.4308943089430894,0.0,0.0,True,0.0016357688113413,0.0998870000000238,0.1267747342586517,4.0,actuator_motors,none,6897327,4498208,3.5,,C,,0.0,4.0,True,10.005258625557245,20.00516848820877,1.999984401205673,184.812633,183.41335499999994,,True,0.0,0.0,,main
b1d1ee7c-0056-49f0-898e-1be5dd2ae4ef,ok,17826047.0,v1.16+,0.0,0.0,0.0,True,0.0,0.0,0.1783075511455535,4.0,actuator_motors,none,2498137,1955450,3.7,,C,,0.0,4.0,True,10.01419376114176,20.014430870109226,1.999991406286926,64.181004,62.424023000000005,,True,0.0,0.0,,main
19b09a88-1290-4954-ae81-e38e43e14084,ok,17826303.0,v1.16+,0.0,0.0,0.0,True,0.0,0.0,0.1491755083203315,4.0,actuator_motors,none,17555943,9736873,7.7,,B,,0.0,4.0,True,10.007496613278093,197.11493234590827,1.9999294496432358,123.029945,114.816714,,True,0.0,0.0,,main
9a7e3512-22dc-4521-8bb7-498e91ce71e9,ok,17629951.0,v1.12-1.13,0.0,0.0784313725490196,0.0,True,0.0,0.0,0.2095999999999994,6.0,actuator_outputs,per_channel,22988997,13851051,8.7,,C,,,,False,9.995872450577373,19.98970509697853,1.99998356116076,487.863065,483.21199299999967,False,False,0.0,0.0006527657925893005,sensor_combined,main
9fc4a388-bb0e-4047-94c5-0aa6d9447b7c,ok,17825792.0,v1.16+,0.2075471698113207,0.0,0.0,True,0.0,0.0,0.1648907750844954,4.0,actuator_motors,none,3255351,2515977,20.3,,C,,0.0,4.0,True,10.012602623546412,20.013577334340702,1.9999554295647126,77.555612,72.01588600000002,,True,0.0,0.0,,main
ded42fd0-c446-4fac-9c60-1b9194e1696d,ok,17630207.0,v1.12-1.13,0.0417910447761194,0.0,0.0,True,0.0,0.0,0.615,6.0,actuator_outputs,per_channel,15749753,9968147,43.3,,C,,,,False,9.920838331817539,19.83889464100628,1.98244369564444,341.142678,335.03712499999995,True,True,0.0,0.00814363184351365,sensor_combined,main
91d4248d-8572-4df4-9bd2-e399de81063d,ok,17826240.0,v1.16+,0.0585365853658536,0.0,0.0,True,0.0009053533008116,0.009883000000002,0.6479623909249368,4.0,actuator_motors,none,82795650,34197290,58.4,,C,,0.0,4.0,True,9.970087746722358,988.6173233327713,1.9899924579285846,100.556526,95.75151600000001,,True,0.0,0.003410806038892259,sensor_combined,main
1c5ee64c-dffe-49c8-8b9f-cb08f0fd7ea2,ok,17826240.0,v1.16+,0.3016393442622951,0.0,0.0,True,0.0469354759688403,2.92962399999999,0.6971916757524003,4.0,actuator_motors,none,16370095,10022427,48.4,,A,,0.0,4.0,True,10.00630288759289,179.06125157228578,2.000109461772925,147.614049,142.876232,,True,0.0,0.0,,main
4e921257-d089-4683-990b-91b20da229ff,ok,17629695.0,v1.12-1.13,0.0,0.0,0.0,True,0.0,0.0,0.4286,6.0,actuator_outputs,per_channel,8532176,5518087,32.8,,A,,,,False,10.004627476902261,20.00455607492313,2.000050989251726,207.535185,202.96408199999993,False,False,0.0,0.0,,main
9757ff3a-a413-4ab6-91ce-f295a8f9499e,ok,17694720.0,v1.14-1.15,0.0,0.0,0.0,True,,,,4.0,actuator_motors,none,6447802,3910335,21.6,,B,ground_only_actuator_motors,0.0,4.0,True,9.875974281971832,19.74579170914241,1.9762730082703477,169.698811,0.0,,True,0.0,0.01353181925640828,vehicle_local_position,main
89fc246c-8166-4461-a27c-bc153bcdf801,ok,17761280.0,v1.14-1.15,0.0,0.0,0.0,False,0.0,0.0,0.3212267577648162,4.0,actuator_motors,none,64370502,12418145,76.8,,A,,0.0,4.0,True,9.04907907384637,18.17745767714431,1.8729162722607515,87.485632,85.20833999999998,,True,0.0,0.08594288526435775,sensor_combined,main
70489d54-e0eb-46c8-923f-fb868dc2014b,ok,17825792.0,v1.16+,0.0,0.7589498806682577,0.0,True,0.2717608293046636,4.084498000000002,0.9999999500801208,4.0,actuator_motors,none,19117527,10378838,7.9,,C,,0.0,4.0,True,10.000209441946081,132.56868862655801,1.9999574493465453,209.869138,149.04039900000004,,True,0.0,0.0004567614003261172,sensor_combined,main
4ed46322-0a65-4049-a0e9-988d8425f817,ok,17761280.0,v1.14-1.15,0.0,0.1213720316622691,0.0,True,0.0,0.0,0.107738983631134,4.0,actuator_motors,none,22903588,13444659,10.4,,B,,0.0,4.0,True,9.577486085874945,192.78904765721649,1.919381832098825,198.957284,194.41711800000002,,True,0.0,0.0424421270812458,vehicle_attitude,main
c67b0be3-fa04-4666-8955-dc80b6c967a3,ok,17630207.0,v1.12-1.13,0.0,0.0,0.0,True,0.0,0.0,0.204,6.0,actuator_outputs,per_channel,2523012,1811361,2.6,,A,,,,False,10.000200923879271,20.000616554439457,2.0001298892297603,75.617143,71.94350499999999,True,True,0.0,0.0,,main
c1e2a285-16c0-4db6-ad3a-347f1b3440ee,ok,0.0,,0.0,0.0,0.0,True,0.0,0.0,0.0904885694384574,4.0,actuator_motors,none,9938856,6157730,4.3,not_px4_v0,,,0.0,4.0,True,10.010339134012886,20.009476032348655,1.9998732325253015,98.058654,92.04465499999998,,True,0.0,0.0,,main
3d1707b9-df27-4a1b-8b56-dcfc789278ac,ok,17761535.0,v1.14-1.15,0.0,0.0,0.0,True,0.0023375409069658,0.5,0.0642671585083007,4.0,actuator_motors,none,69313380,30908801,15.1,,B,,0.0,4.0,True,124.98279077335135,249.9244104011288,124.98279077335135,319.52,213.896,,True,0.0,0.0,,main
8ec5d62b-0ecf-42fc-8205-270e7fe46ee5,ok,17694975.0,v1.14-1.15,0.0,0.0,0.0,True,0.0,0.0,0.0511371612548828,4.0,actuator_motors,none,2649059,1883208,3.0,,A,,0.0,4.0,True,10.013347349437913,20.01280819724624,1.9999651672733365,72.114781,65.86583900000002,,True,0.0,0.0,,main
08c6b4e3-4047-4ff5-b361-a2c4236c1fe2,ok,17761280.0,v1.14-1.15,0.0,0.0,0.0,True,0.0463569682151589,0.4716030000000017,0.5791416879743337,4.0,actuator_motors,none,22709798,6761671,8.8,,B,,0.0,4.0,True,5.906239704318525,115.86856508866033,1.1235978867314056,70.854906,68.35177699999998,,True,0.0,0.2792382714805925,vehicle_attitude,main
78043fa7-3bc6-4456-8de3-08b7c10df9f4,ok,17891583.0,v1.16+,0.0845272206303724,0.0,0.018369690011481,True,0.018240659017358,1.798780999999991,0.3543483495712279,4.0,actuator_motors,none,16813612,11059758,6.0,,C,,0.0,4.0,True,10.002672770468802,19.999894011763747,1.9999988991360529,348.01283,339.877081,,True,0.0,0.00017233859404934136,sensor_combined,main
0bbdcab9-0dc0-40e2-900c-7b619b591181,ok,17826559.0,v1.16+,0.3550295857988165,0.0,0.0,False,0.1846733668341708,13.799927999999994,0.9999999999900172,4.0,actuator_motors,none,3105610,2168824,3.0,,C,,0.0,4.0,True,10.01191716115903,20.01191781176826,2.0001525385792296,83.860614,79.16827200000002,,True,0.0,0.0,,main
bc8c102a-2b16-4ffd-8373-c7bea59f3e66,ok,17694720.0,v1.14-1.15,0.0,0.0,0.0,True,,,,4.0,actuator_motors,none,6066605,3791560,12.2,,B,ground_only_actuator_motors,0.0,4.0,True,10.00658241493138,20.006431602337432,2.000047974032082,148.612264,0.0,,True,0.0,0.0,,main
03e53081-190b-4d81-8c2c-7a1d524d2bb1,ok,17694975.0,v1.14-1.15,0.0,0.0,0.0,True,0.0,0.0,0.3661699905991552,4.0,actuator_motors,none,23332918,15327581,11.1,,B,,0.0,4.0,True,10.002879257946518,20.002725364317307,2.0000114551217893,356.087748,351.476342,,True,0.0,0.0,,main
0ad85e61-ab60-4555-b05f-71cbf263dde2,ok,17564928.0,v1.12-1.13,0.0,0.0,0.0,False,0.0,0.0,0.1261176470588235,4.0,actuator_outputs,global,164914459,47042032,33.9,,C,,,,False,24.861746216357215,24.86326390327199,1.9887507514933993,3024.124958,5.010026,True,True,0.0,0.005312265535525271,sensor_combined,main
6a5aed8a-76e2-46a5-a977-7dd15ad2dfb2,ok,17761535.0,v1.14-1.15,0.0,0.0,0.0,True,0.0162241887905604,0.3022339999999985,0.442273486405611,4.0,actuator_motors,none,5909725,3862908,5.4,,B,,0.0,4.0,True,10.006640764241835,20.006167232594404,2.0000892281799447,140.614177,135.60237199999995,,True,0.0,0.0,,main
babdeb12-664d-49ae-a691-4d502b13260a,ok,17760448.0,v1.14-1.15,0.0,0.0,0.0,True,,,,4.0,actuator_motors,none,3185006,2242136,11.5,,A,ground_only_actuator_motors,0.0,4.0,True,10.013690681674747,20.01254847906582,2.0000913028692153,77.508228,0.0,,True,0.0,0.0,,main
011d4ba4-d4a8-4865-a3f5-6e5d5ff30f69,ok,17760256.0,v1.14-1.15,0.45,0.0,0.0446808510638297,False,0.4641790111881992,110.49738700000005,1.0,4.0,actuator_motors,none,30212096,17846458,15.3,,C,,0.0,4.0,True,10.003459713226086,222.44395353669665,1.9999841709437858,281.504886,279.6638309999999,,True,0.0,0.0,,main
e8c79474-8d12-42b2-926a-8e8ee83b923b,ok,17695488.0,v1.14-1.15,0.0,0.0,0.0,False,0.080772646536412,6.373752999999994,1.0,4.0,actuator_motors,none,39899136,17046463,17.0,,B,,0.0,4.0,True,0.0,100.01223827523948,99.99983472113506,81.532454,78.209907,,True,0.0,0.0,,main
0c0d121d-9a16-4794-adf6-e38febb6fefd,ok,17761535.0,v1.14-1.15,0.0,0.0,0.0,True,0.0,0.0,0.2532416254281998,4.0,actuator_motors,none,2675350,2126250,2.3,,B,,0.0,4.0,True,10.014292713685462,20.013422921003887,1.9999471464349543,65.910159,59.95367099999997,,True,0.0,0.0,,main
0ed66a3e-5c8b-4b14-b97c-cf244569ffac,ok,17761280.0,v1.14-1.15,0.7729119638826185,0.0,0.0,True,0.0,0.0,0.2152652561664579,4.0,actuator_motors,none,122315415,66775623,28.4,,B,,0.0,4.0,True,9.993250977056649,220.0196619925985,2.000122758108499,1087.998853,1084.1851220000005,,True,0.0,0.0009449773209016923,vehicle_local_position,main
d0ff0aed-58bc-4d5a-ac90-431e7bb37126,ok,17761535.0,v1.14-1.15,0.0,0.0,0.0,True,,,,,actuator_motors,none,3342336,2196215,2.5,,A,ground_only_actuator_motors,0.0,0.0,False,9.842838072964463,19.658751535771987,1.9604097230006847,76.511112,0.0,,False,0.0,0.018353837325081807,vehicle_attitude,main
6acba6e4-c6b8-4d10-8a3e-9d401fba25f2,ok,17761535.0,v1.14-1.15,0.0,0.0,0.0,True,0.0,0.0,0.2026323184370994,4.0,actuator_motors,none,3726959,2703077,2.9,,C,,0.0,4.0,True,10.011001575880384,20.010689824851237,2.0000986025621423,87.084694,83.39876399999994,,True,0.0,0.0,,main
0e693476-e220-4fce-94da-3dd9b82e5ffa,ok,17761023.0,v1.14-1.15,0.0,0.0,0.0,True,0.0,0.0,0.2561106145381927,4.0,actuator_motors,none,7924485,5333047,3.4,,C,,0.0,4.0,True,10.00524623139802,20.004834291264615,2.0000379954447682,189.918639,181.45067500000002,,True,0.0,0.0,,main
da08342a-e0f6-430a-8691-fb20a31c7b39,ok,17499135.0,v1.12-1.13,0.0,0.0,0.0,True,0.0,0.0,0.3514499999999999,8.0,actuator_outputs,global,3389324,2410438,4.1,,B,,,,False,10.009825858865169,20.008870340169636,5.009820415350884,102.728764,95.23343099999997,False,False,0.0,0.0,,main
d072ce4e-af2a-4305-83b2-920b812a1f0b,ok,16842880.0,v1.12-1.13,0.0,0.0,0.0,True,0.0,0.0,0.2919733792543411,4.0,actuator_motors,none,29818642,15679866,6.7,,A,,0.0,4.0,True,10.004630428560143,201.25063992101352,2.0000169957776146,229.32389,223.45273899999987,,True,0.0,0.0,,main
1d33794c-79e8-4200-be54-c6fa4bcacdf5,ok,17826047.0,v1.16+,0.3169014084507042,0.0,0.023961661341853,True,0.4577405857740586,4.098877000000002,0.535561379790306,4.0,actuator_motors,none,6100928,4530746,3.9,,C,,0.0,4.0,True,10.007982927630122,19.999901521701876,1.9998456665288031,124.70422,119.49916200000001,,True,0.0,0.0,,main
2b568284-5261-4b49-af62-5a8bf4b3960d,ok,17761023.0,v1.14-1.15,0.0,0.0,0.0,True,0.0,0.0,0.1253529608249664,4.0,actuator_motors,none,3177267,2379939,2.8,,B,,0.0,4.0,True,10.012945289357496,20.012939458503677,2.0000001307189628,76.890457,72.59014299999994,,True,0.0,0.0,,main
c5c3983f-0f5b-4609-a72e-a34564631547,ok,17891583.0,v1.16+,0.1807909604519774,0.0,0.0,True,0.0,0.0,0.4262957938015459,4.0,actuator_motors,none,3655130,2828291,3.3,,B,,0.0,4.0,True,10.011472264200533,20.01182332412018,2.00003628808355,83.573303,76.13518499999999,,True,0.0,0.0,,main
5d32c3e2-278b-47f8-8b50-0e645ca34dcc,ok,17826559.0,v1.16+,0.0,0.0,0.0,True,0.1271630236794171,0.0150240000000003,0.8740097951143979,4.0,actuator_motors,none,6600091,4238423,12.8,,A,,0.0,4.0,True,10.015365069978419,161.37715245028525,1.9996919529656076,63.818061,61.645427000000005,,True,0.0,0.0,,main
4e949013-45c1-496f-8847-9730ca72cc76,ok,17629952.0,v1.12-1.13,0.0,0.0,0.0,True,0.1043872919818457,3.301321999999999,0.4117274284362793,4.0,actuator_motors,none,2495662,1737103,2.5,,C,,0.0,4.0,True,9.088337060745078,18.202627775063142,1.8422835525727523,76.585763,73.163469,,True,0.0,0.0950138895961574,vehicle_local_position,main
1c70e988-e8b7-4e15-b307-26fbe29e00ec,ok,17694720.0,v1.14-1.15,0.0,0.0,0.0,True,,,,4.0,actuator_motors,none,94165570,45054311,34.1,,B,ground_only_actuator_motors,0.0,4.0,True,9.588938687926786,180.66114773182454,1.9172632197092738,846.381009,0.0,,True,0.0,0.04144783103285027,vehicle_attitude,main
3478674c-0951-4147-b827-d97e5a606477,ok,17695744.0,v1.14-1.15,0.0,0.0,0.0,True,0.0,0.0,0.1024939462542533,4.0,actuator_motors,none,96022854,33741147,24.8,,C,,0.0,4.0,True,9.5838008975172,200.82296716210612,1.9176585654860043,181.654098,176.82834400000002,,True,0.0,0.03648261626909469,vehicle_attitude,main
5000e3ac-587c-4dba-97da-baed7d649ccf,ok,17891392.0,v1.16+,0.0,0.0,0.0,True,1.5076134479119554e-05,0.0024060000000076,0.5320068751912913,4.0,actuator_motors,none,71272972,36987395,29.5,,A,,0.0,4.0,True,9.761640636368387,183.99294937233498,1.960490657524687,583.252441,238.82921299999995,,True,0.0,0.024368326149289188,vehicle_attitude,main
4a8102ff-3fec-4668-b722-ff552f518a95,ok,17694975.0,v1.14-1.15,0.0,0.0,0.0,True,0.0,0.0,0.0926572561264037,4.0,actuator_motors,none,3546375,2376048,2.6,,C,,0.0,4.0,True,10.009815997978038,20.009355942760198,1.9998431832811618,96.864314,90.712823,,True,0.0,0.0,,main
cdbb622f-8879-40cd-8f76-3d679cee449f,ok,17564671.0,v1.12-1.13,0.0,0.0,0.0,True,0.0,0.0,0.5017142857142858,6.0,actuator_outputs,bus,4663336,3301052,2.8,,A,,,,False,10.007261153316897,20.00727409039256,2.008100758784969,124.621835,119.12432100000001,False,False,0.0,0.0,,main
34e97410-ab2f-457d-ab0e-bc2c8dba8823,ok,17826047.0,v1.16+,0.0,0.0,0.0,True,0.0037878787878787,0.1020819999999993,0.4367673903703688,4.0,actuator_motors,none,2339178,1720784,2.6,,A,,0.0,4.0,True,9.999527565356498,19.999922692004617,2.0000229923903063,63.929765,52.77704799999998,,True,0.0,0.0,,main
eaa508b9-9ca0-4439-b768-65327435e69a,ok,17825984.0,v1.16+,0.0,0.0,0.0,True,0.0,0.0,0.1755701482295989,4.0,actuator_motors,none,7191844,4953688,5.0,,B,,0.0,4.0,True,9.878830310776905,19.744665580448665,1.9744411216609599,156.735872,149.87983100000005,,True,0.0,0.013737435551868694,vehicle_attitude,main
897fc073-14b4-4366-8ab6-c98d06d91c1f,ok,17694720.0,v1.14-1.15,0.0,0.0,0.0,True,0.4689569536423841,10.898387999999985,0.5439606010913849,4.0,actuator_motors,none,8335390,5372853,3.6,,B,,0.0,4.0,True,9.979302764131244,19.963410319871,1.9959348457598056,246.603392,241.62305699999996,,True,0.0,0.0019789726940613594,sensor_combined,main
696eb442-7147-4651-b591-5a63a798c0e2,ok,17760511.0,v1.14-1.15,0.0,0.0,0.0,True,0.0,0.0,0.2327122554183005,4.0,actuator_motors,none,3301611,2433077,5.4,,B,,0.0,4.0,True,10.010635515617967,20.009940938658325,2.000263665189867,92.008017,87.80210899999999,,True,0.0,0.0,,main
03ab22c7-89ed-40e9-a6e0-1fb4c8747e0f,ok,17891392.0,v1.16+,0.0,0.1621621621621621,0.0,True,0.0111492281303602,0.5999999999999979,0.0789458006620407,4.0,actuator_motors,none,32360464,16569536,13.7,,C,,0.0,4.0,True,125.00000000000001,250.0,100.00991389077724,141.036,116.544,,True,0.0,0.0,,main
7f47f5a2-994a-4fcf-906a-a27748dd2b9c,ok,17695743.0,v1.14-1.15,0.0,0.0,0.0,True,0.0,0.0,0.2197862267494201,4.0,actuator_motors,none,18888404,13670688,4.9,,B,,0.0,4.0,True,10.003167289654362,20.00316757978794,2.000000253565801,315.460683,310.1299049999999,,True,0.0,0.0,,main
c66edf74-8a55-40ae-90ed-9e29e271611e,ok,33554752.0,,0.0,0.0,0.0,False,0.0063493816254416,0.140954999999991,0.4657399252057075,4.0,actuator_motors,none,47305890,24422042,14.0,not_px4_v2,,,0.0,4.0,True,9.99605056781361,202.1194420961767,9.999802571991244,256.84049,253.17341099999987,,True,0.0,0.00021182366557462247,vehicle_attitude,main
4d5abfdd-3948-433e-b79a-a079f2ee5aa3,ok,17891392.0,v1.16+,0.0,0.0,0.0,False,0.0025840836597084,0.1996680000000026,0.0692905098199811,4.0,actuator_motors,none,9387594,5870490,3.5,,C,,0.0,4.0,True,8.77228357307116,143.28961071798153,1.79660007278881,103.194831,98.261652,,True,0.0,0.12591724376745383,vehicle_attitude,main
07efa8c6-9de6-4d0a-bd45-5367ae04d44c,ok,17826047.0,v1.16+,0.569620253164557,0.0,0.0,True,0.0,0.0,0.3338136807084078,4.0,actuator_motors,none,3225510,2374464,2.8,,C,,0.0,4.0,True,10.013998550271078,20.013083488013436,2.000064107317966,76.374414,74.262878,,True,0.0,0.0,,main
3876b745-53c0-4aef-9954-1e2a192e86dd,ok,17826047.0,v1.16+,0.0,0.0,0.0,True,0.0,0.0,0.411562317609787,4.0,actuator_motors,none,11651189,7184648,4.3,,A,,0.0,4.0,True,10.004776567639603,20.00446027637606,1.9999894425109734,195.910585,188.91796499999998,,True,0.0,0.0,,main
3852e668-263a-4674-b78f-d00c96ca213e,ok,17630207.0,v1.12-1.13,0.0432432432432432,0.0,0.1167048054919908,True,0.0,0.0,0.19375,6.0,actuator_outputs,per_channel,3933970,2544292,3.2,,A,,,,False,10.011916824811271,20.0113410626075,2.0000012023128613,86.711916,84.63712600000001,True,True,0.0,0.0,,main
d91dfe3e-3cb2-4df6-b896-407595d7c150,ok,17499135.0,v1.12-1.13,0.0,0.0,,True,0.0,0.0,0.37,8.0,actuator_outputs,global,31472207,16450983,11.3,,A,,,,False,99.75000745390997,199.76312121485253,0.0,120.669472,112.71066500000002,False,False,,0.0024638548026280254,vehicle_attitude,main
5307512c-9a11-439e-8a8a-daa125b66efa,ok,17564928.0,v1.12-1.13,0.0,0.0,0.001361470388019,True,0.0,0.0,0.0722352941176469,4.0,actuator_outputs,global,57029128,20258223,17.5,,B,,,,False,24.77117044332469,24.770344748089897,1.978321110423271,740.809649,167.00391499999992,True,True,0.0,0.009350377920407583,sensor_combined,main
a9bc7999-654c-4615-954c-d30dd91689b9,ok,17694975.0,v1.14-1.15,0.0,0.0,0.0,True,,,,4.0,actuator_motors,none,40486376,20807253,10.9,,C,ground_only_actuator_motors,0.0,4.0,True,10.0022933812978,138.66302043014332,2.0000170391062033,423.972314,0.0,,True,0.0,0.0,,main
9f66ce5f-cba3-47a3-b654-4d15aba3c043,ok,17694720.0,v1.14-1.15,0.9987337765115544,0.0,0.0,False,0.0615962441314554,31.000171000000023,0.9903870820999146,6.0,actuator_motors,none,65404928,35783125,19.7,,A,,63.0,6.0,False,10.000577502987205,20.000590633149127,1.9999898415799402,1597.046632,1596.9612539999982,,False,0.0,0.0,,main
9edb3a49-e6cb-4b6c-a800-ab3329486d00,ok,17498880.0,v1.12-1.13,0.0,0.1446540880503144,0.0,True,0.0,0.0,0.393,8.0,actuator_outputs,global,5675279,3900312,8.1,,A,,,,False,10.000085996920317,19.999535084009377,5.000044427146343,156.917594,152.02638200000004,False,False,0.0,0.0,,main
97b5c8de-77b5-47f9-a908-63c86c5dd44e,ok,17695743.0,v1.14-1.15,0.0,0.0,0.0,True,0.0,0.0,0.4869367331266401,4.0,actuator_motors,none,3177843,2469450,8.7,,C,,0.0,4.0,True,10.01289900109463,20.013062300450883,1.9997907152356817,75.09369,69.75050599999999,,True,0.0,0.0,,main
f919e400-6b0d-49f0-a708-fdbe882ab03f,ok,17301759.0,v1.12-1.13,0.0,0.0,0.0,True,0.0,0.0,0.384,6.0,actuator_outputs,global,21512356,12229251,12.1,,C,,,,False,9.840221720944946,31.663778406390946,0.0,567.974989,557.2866760000004,True,True,,0.0,,main
d58cbeda-a19d-47a7-9add-b8550933bad0,ok,17694975.0,v1.14-1.15,0.0,0.0,0.0,True,0.0,0.0,0.274990426748991,4.0,actuator_motors,none,123892907,62374031,35.8,,C,,0.0,4.0,True,9.977584080140632,122.2415481132368,1.9944129706259521,1252.699988,1248.0930079999987,,True,0.0,0.00017452668418948498,sensor_combined,main
61f15c32-8182-4a20-96b8-affd016e6ada,ok,17760767.0,v1.14-1.15,0.0,0.0,0.0,True,0.0149700598802395,0.7010880000000057,0.5513410389423369,4.0,actuator_motors,none,3040555,2461273,3.1,,C,,0.0,4.0,True,10.013834464305184,20.013296064383894,1.9999034829188678,69.270428,66.88193799999999,,True,0.0,0.0,,main
129d56f0-dbc5-4ae8-9945-aab151eb6ffc,ok,17760256.0,v1.14-1.15,0.0,0.0,0.0,True,,,,4.0,actuator_motors,none,5845368,2892229,3.6,,B,ground_only_actuator_motors,0.0,4.0,True,10.007135657704994,20.00650636973915,1.9998686463086222,139.033997,0.0,,True,0.0,0.0,,main
3e2f551a-7341-4ab2-bae4-c6eea04e3b83,ok,17826047.0,v1.16+,0.0,0.0,0.0,True,0.0,0.0,0.1764517202973365,4.0,actuator_motors,none,12736641,8183232,3.9,,C,,0.0,4.0,True,10.007194117266208,131.087427914557,1.9999770805546244,137.278725,133.03712400000003,,True,0.0,0.0,,main
6fc16abb-56b6-411a-9337-3788064bc258,ok,17695743.0,v1.14-1.15,0.0471204188481675,0.0,0.0,True,0.0137457044673539,0.5001759999999997,0.4191078886389728,4.0,actuator_motors,none,2152661,1620004,2.4,,C,,0.0,4.0,True,10.016152737118245,20.01633584013268,2.0002919125189407,62.070843,58.182412,,True,0.0,0.0,,main
54ae04b7-e6ed-46f7-ba8a-c6136f249426,ok,17761535.0,v1.14-1.15,0.0,0.0,0.0,True,0.0001087488445435,0.0074889999999996,0.2965253591537475,4.0,actuator_motors,none,7119784,4445919,3.1,,C,,0.0,4.0,True,10.015042742570346,161.3203085764611,1.999931554581274,67.024235,64.714075,,True,0.0,0.0,,main
4fa4d7ef-07d1-4916-8e4f-9d9fc6d7cad9,ok,17761535.0,v1.14-1.15,0.0,0.0,0.0,True,0.0,0.0,0.2102606236934661,4.0,actuator_motors,none,7249640,4803330,3.0,,B,,0.0,4.0,True,10.005307824342625,20.005441616792297,2.0000712368229663,175.224173,171.50219100000004,,True,0.0,0.0,,main
670e0ff2-9811-4f8a-be96-18f124277286,ok,17956992.0,v1.16+,0.0,0.0,0.0,True,0.0024420024420024,0.100605999999999,0.6052918913633136,4.0,actuator_motors,none,3714292,2835614,2.6,,C,,0.0,4.0,True,10.011090418500144,20.01147892493226,1.999954620077311,84.667973,81.970588,,True,0.0,0.0,,main
8614a098-cd29-429d-bf19-9f249282e533,ok,17825856.0,v1.16+,0.0,0.0,0.0,True,0.0424665503199534,0.4998389999999801,0.7097240313887596,4.0,actuator_motors,none,6014064,3911424,3.3,,C,,0.0,4.0,True,10.005796415843356,20.005850893356534,2.0000148473724693,173.753606,171.81041799999994,,True,0.0,0.0,,main
58aa64df-ba3f-4221-9310-31bcfe5131c2,ok,17760511.0,v1.14-1.15,0.0,0.0,0.0,True,0.0,0.0,0.1435228362679481,4.0,actuator_motors,none,2965883,2429107,2.5,,C,,0.0,4.0,True,10.000344665058181,19.98624287507783,1.9998185858001145,69.217022,63.09375799999998,,True,0.0,0.0009844311052664442,sensor_combined,main
13fc4985-9b22-47d1-a4b8-377536fa279c,ok,17761280.0,v1.14-1.15,0.254957507082153,0.0,0.0,True,0.0,0.0,0.0881886646151542,4.0,actuator_motors,none,7166418,4821115,4.5,,C,,0.0,4.0,True,10.005349170843314,20.00482977803463,1.99998231354672,175.764773,167.80510300000006,,True,0.0,0.0,,main
4b3036f1-5845-43b9-b11f-f025ed1526a1,ok,17694720.0,v1.14-1.15,0.4864864864864865,0.0878378378378378,0.0,True,0.0271186440677966,0.3978450000000002,0.6322058290243147,4.0,actuator_motors,none,14142445,5041311,8.9,,C,,0.0,4.0,True,99.30933802624965,20.03752868954072,99.28468085134128,67.316641,59.054196,,True,0.0,0.0,,main
95a7537c-e64c-4fa1-b89b-d0084b5aea41,ok,17630207.0,v1.12-1.13,0.0,0.0,0.0,True,0.0,0.0,0.644,6.0,actuator_outputs,per_channel,20996626,11578742,13.3,,A,,,,False,9.964780538281854,220.90795695741969,1.9941122160355529,170.491256,164.77466899999993,True,True,0.0,0.0038518704597990438,sensor_combined,main
a40dc2cd-69f9-40c1-a694-6f93ab837faa,ok,17694720.0,v1.14-1.15,0.0,0.0205026455026455,0.0,True,0.0,0.0,0.2312498986721037,4.0,actuator_motors,none,26036584,16917188,14.8,,B,,0.0,4.0,True,9.9999978602567,19.99986087397844,1.9999979431614017,757.015355,745.8904149999995,,True,0.0,0.0,,main
c45a3805-f8c0-4ede-a163-958336949046,ok,17694720.0,v1.14-1.15,0.0781954887218045,0.0,0.0009976720984369,True,0.0041806020066889,1.5995000000000346,0.430099519342184,4.0,actuator_motors,none,114475156,37266810,19.9,,B,,0.0,4.0,True,10.002126238051613,20.000834108489748,90.70307911145116,608.385883,598.0226190000008,,True,0.0,0.0,,main
22332e61-4d74-4a49-9526-b29c4eb84d6b,ok,17761535.0,v1.14-1.15,0.0,0.0,0.0,True,0.0143084260731319,0.4975650000000016,0.4346273928880692,4.0,actuator_motors,none,2786813,2299673,3.0,,C,,0.0,4.0,True,10.01442988305877,20.014509773888985,2.00022940977005,66.8475,62.93047399999999,,True,0.0,0.0,,main
adf8f2b2-2b96-4373-9f8c-967d3ae6f207,ok,0.0,,0.0,0.0,0.0,False,0.0,0.0,0.218551467359066,4.0,actuator_motors,none,3731851,2753340,2.8,not_px4_v0,,,0.0,4.0,True,5.862554409014573,12.294149433133505,0.9593673456916975,61.811068,48.06931699999999,,True,0.0,0.30134270534595387,vehicle_local_position,main
0fb3598c-81a1-4dde-8a39-11243df18657,ok,17891583.0,v1.16+,0.0,0.1639344262295081,0.0,True,0.0,0.0,0.2144525622949,4.0,actuator_motors,none,2797098,2268915,2.7,,C,,0.0,4.0,True,10.015307668178863,20.01568447593122,1.9998872396911354,60.049333,55.68787600000001,,True,0.0,0.0,,main
d4a2fc1f-5fc3-4c5d-9836-5547540a4d0c,ok,17629696.0,v1.12-1.13,0.0,0.0,0.0,True,0.0,0.0,0.2245630323886871,4.0,actuator_motors,none,20125519,12457493,3.3,,A,,0.0,4.0,True,10.001945640962232,20.001878879010878,1.9999904829512702,468.334363,461.06901199999993,,True,0.0,0.0,,main
c5aa149c-84f7-40d3-984b-9660fca0ff40,ok,17826240.0,v1.16+,0.0220994475138121,0.0,0.0,True,0.2073732718894009,3.101827,0.7185274839401243,4.0,actuator_motors,none,4129968,3175291,2.8,,B,,0.0,4.0,True,10.011750668691812,20.01038434796157,1.9999348243462245,90.086565,86.83677800000001,,True,0.0,0.0,,main
b07c6ed8-421c-48ef-a1d3-26ddda7b0750,ok,17695488.0,v1.14-1.15,0.0,0.0,0.0,True,0.0,0.0,0.1096680045127866,4.0,actuator_motors,none,2901818,2089925,3.2,,A,,0.0,4.0,True,10.01161568806895,20.01088902304097,1.9999862112751892,81.18883,76.44622100000001,,True,0.0,0.0,,main
7ce8ab9d-832a-4d46-98d5-0da399ad3069,ok,17629951.0,v1.12-1.13,0.0,0.0,0.0,True,0.0,0.0,0.0,6.0,actuator_outputs,bus,14048843,8485127,6.4,,B,,,,False,10.006919468979792,199.87927639887883,1.9999845067866875,150.231553,144.70447500000003,False,False,0.0,0.0,,main
de5dfc71-001f-4f49-a82c-847a95870a90,ok,17695488.0,v1.14-1.15,0.0,0.0,0.0,True,0.0,0.0,0.2134774327278137,4.0,actuator_motors,none,18780202,8641855,6.1,,C,,0.0,4.0,True,10.003053927472589,20.003081587205276,2.0000087963633435,327.15185,317.13502399999993,,True,0.0,0.0,,main
c026adee-7272-4be5-9a29-ec5ea46e84b8,ok,16908288.0,v1.12-1.13,0.0,0.0,0.0,True,0.0,0.0,0.0597898110747337,4.0,actuator_motors,none,9945290,5566146,4.5,,B,,0.0,4.0,True,10.013732274749506,199.9997831013403,1.9999995310345928,72.415585,65.29001399999999,,True,0.0,0.0,,main
37aa2552-58fa-46a2-9fee-456b342bda64,ok,17694975.0,v1.14-1.15,0.0,0.0,0.0,True,0.0,0.0,0.2329015135765075,4.0,actuator_motors,none,3170249,2268576,2.3,,B,,0.0,4.0,True,10.01276075163734,20.01303318886475,2.0001159261821377,75.239551,70.06321499999996,,True,0.0,0.0,,main
9653403e-cbea-460b-9ad3-22ba8bfcbf6d,ok,17891392.0,v1.16+,0.0,0.7630769230769231,0.0,True,0.0,0.0,0.1545585874468087,4.0,actuator_motors,none,2855019,2328543,2.9,,B,,0.0,4.0,True,10.013701153884348,20.013329031678182,1.999869883465707,64.555985,58.614856999999986,,True,0.0,0.0,,main
95920139-d8b5-4344-b7c5-a50a2b24469d,ok,17826240.0,v1.16+,0.0,0.0,0.0,False,0.0229430379746835,2.197780999999992,0.6604916959215631,4.0,actuator_motors,none,6859940,5197414,3.2,,A,,0.0,4.0,True,10.007190755862297,20.007118553271354,2.00007460572408,136.273803,126.18515399999998,,True,0.0,0.0,,main
ebb46a71-1853-4200-bad8-8e2c421b088e,ok,17695488.0,v1.14-1.15,0.0,0.0,0.0,True,0.0003035592319951,0.0112090000000009,0.3730651512742042,4.0,actuator_motors,none,12259263,6600021,4.7,,B,,0.0,4.0,True,10.009994045207735,197.7462526754807,1.9997867740578263,95.393807,92.523466,,True,0.0,0.0,,main
0f20de60-ecc2-4fd2-901a-12f74322e0a8,ok,17760511.0,v1.14-1.15,0.0,0.0,0.0,True,0.0,0.0,0.2036610305309295,4.0,actuator_motors,none,4335666,2845669,4.0,,C,,0.0,4.0,True,10.008321865912189,20.008432290259005,1.9999583577135311,120.678762,114.52361200000003,,True,0.0,0.0,,main
2e633c87-2ea4-4f2e-b376-eb214599fe21,ok,17694720.0,v1.14-1.15,0.0092592592592592,0.0,0.0,True,0.0,0.0,0.0875034481287001,4.0,actuator_motors,none,12050271,3385690,5.4,,C,,0.0,4.0,True,10.01005824024946,20.008582944666202,100.68146966286136,108.832588,89.05521000000002,,True,0.0,0.0,,main
342d9afc-77a3-4eff-bbd6-a2fce6e3d2f1,ok,17761535.0,v1.14-1.15,0.233009708737864,0.0,0.0,False,0.004040404040404,0.3992000000000075,0.1988707929849624,4.0,actuator_motors,none,5732884,4300974,5.2,,C,,0.0,4.0,True,10.009221082415365,20.009503564216573,2.000089290418372,99.767763,98.66550999999994,,True,0.0,0.0,,main
2bb87c9b-e866-4639-9b1a-067d53a09479,ok,17826047.0,v1.16+,0.0,0.0,0.0,True,0.0174361835681406,1.5012540000000172,0.4441214680671691,4.0,actuator_motors,none,34310251,22494693,9.9,,A,,0.0,4.0,True,9.99999563409754,19.999858804960496,1.9999970374523772,721.160718,716.9395890000002,,True,0.0,0.00013165692683593928,sensor_combined,main
3cf4f56c-456b-4909-805d-fcc8cbb243f1,ok,17826559.0,v1.16+,0.0,0.0,,True,0.0,0.0,0.5239953398704529,4.0,actuator_motors,none,3856808,1824259,3.3,,B,,0.0,4.0,True,10.000385598392066,19.99955641716116,0.0,174.717783,166.15454099999997,,True,,0.0,,main
ab905faa-7e75-43e5-b9c3-da8fbfe17ec8,ok,17825792.0,v1.16+,0.0,0.0,0.0,True,0.6408317580340265,33.901364,0.9715002954006192,4.0,actuator_motors,none,2587024,2002538,3.9,,C,,0.0,4.0,True,10.016736894128279,20.014418829201336,2.0001304347355635,61.126476,52.893011,,True,0.0,0.0,,main
446508a9-2d2e-43b6-a690-0daffeceed10,ok,17891583.0,v1.16+,0.0,0.0,0.0,True,0.0,0.0,0.5040095195174217,4.0,actuator_motors,none,4480611,3119930,3.5,,C,,0.0,4.0,True,4.895785688290269,9.743780426186493,0.9649998796203539,61.778186,26.85980899999999,,True,0.0,0.5256746886615982,estimator_innovation_test_ratios,main
21bdc339-d2a6-423c-aa4c-2b7d3e2b9f97,ok,17630207.0,v1.12-1.13,0.0,0.0,0.0,True,0.0,0.0,0.1439999999999999,6.0,actuator_outputs,per_channel,21686517,11130673,7.8,,B,,,,False,10.005199043750707,174.4629376697345,1.9999796612237841,177.174839,169.34602999999996,True,True,0.0,0.0,,main
36940a46-c489-452b-acaa-27fb34eee86d,ok,17694975.0,v1.14-1.15,0.1808986901011441,0.0,0.0,True,0.0072594685149295,2.701657999999952,0.3126458287239074,4.0,actuator_motors,none,125837516,76016650,25.6,,C,,0.0,4.0,True,9.920979941057459,19.841939095605458,1.9837418862973109,3075.138807,3068.980906000001,,True,0.0,0.008053686381532397,vehicle_attitude,main
e03fdaf0-4d87-4d59-9929-031fb1e26bb6,ok,17695488.0,v1.14-1.15,0.0,0.0,0.0,True,0.0,0.0,0.1153538942337035,4.0,actuator_motors,none,2401141,1665227,4.1,,C,,0.0,4.0,True,10.015820113622008,20.014338189101498,1.9999650155373403,67.408363,65.97605400000003,,True,0.0,0.0,,main
9d1861bd-39fd-4b00-baee-cc9a361966de,ok,17760511.0,v1.14-1.15,0.5730337078651685,0.0,0.0,True,0.0002288516550878,0.048687000000001,0.2439513981342314,4.0,actuator_motors,none,23708305,14855257,16.3,,B,,0.0,4.0,True,9.6045405367648,179.6277291735428,1.9259638158023022,230.092092,224.10623699999994,,True,0.0,0.03936822103489081,vehicle_attitude,main
4d7a6f6d-220b-4887-af7f-734d4454c40a,ok,17891583.0,v1.16+,0.0,0.0,0.0,True,0.0,0.0,0.1567885905504226,4.0,actuator_motors,none,20834853,11114694,10.7,,A,,0.0,4.0,True,9.999946880282172,199.90428815308425,1.9999992903228325,62.183671,52.15999099999999,,True,0.0,0.0,,main
257076df-aff7-44c6-99ce-c8d17f63e182,ok,17761280.0,v1.14-1.15,0.0,0.0086565096952908,0.0,True,0.0,0.0,0.2055896282196044,4.0,actuator_motors,none,60962277,32233985,24.9,,B,,0.0,4.0,True,10.000679241781489,20.000672547666046,1.9999997878057407,1451.744628,1446.8893869999993,,True,0.0,0.0,,main
58506153-13d7-49be-9ca5-e14c9f06899c,ok,17761280.0,v1.14-1.15,0.0,0.0,0.0,True,0.0,0.0,0.1730226576328277,4.0,actuator_motors,none,93576879,55980277,25.6,,B,,0.0,4.0,True,9.981123635079257,220.37409927928275,2.000860276911264,838.47206,834.5958430000003,,True,0.0,0.002490737469228214,sensor_combined,main
ec6ee87f-d15d-4642-b7e4-0ce684e4da3b,ok,17630207.0,v1.12-1.13,0.0,0.1474654377880184,0.0,True,0.0,0.0,0.281,6.0,actuator_outputs,per_channel,4673850,3233375,2.9,,A,,,,False,10.00917067178922,20.00910986715197,2.0000504827557037,107.985813,103.62080999999999,False,False,0.0,0.0,,main
9a389244-7fe9-43cd-8fab-d4a982b471f8,ok,17760512.0,v1.14-1.15,0.1131498470948012,0.0,0.0,True,0.0,0.0,0.0911804117262363,4.0,actuator_motors,none,6410943,4449778,2.8,,A,,0.0,4.0,True,10.005629817917535,20.005705422252944,2.0000042848389015,161.622646,156.12879999999996,,True,0.0,0.0,,main
6aa05a91-0bef-4096-a40c-ab2e10dc18e2,ok,17629952.0,v1.12-1.13,0.0,0.0,0.0,True,0.0,0.0,0.162,6.0,actuator_outputs,per_channel,7969482,4567234,3.9,,C,,,,False,10.005201963895153,20.00515709663525,2.000006440339041,188.671741,183.18698799999993,True,True,0.0,0.0,,main
2e2c18ab-731b-450a-a386-d20de118f3b5,ok,255.0,,0.0,0.0,0.0,True,,,,4.0,actuator_motors,none,2718658,2082097,2.6,not_px4_v0,,ground_only_actuator_motors,0.0,4.0,True,10.016158539446675,20.01612131096371,1.9999671152948093,61.525326,0.0,,True,0.0,0.0,,main
0cdbe672-637c-45e6-bd3f-b6699536facc,ok,17105151.0,v1.12-1.13,0.0,0.0,0.0,True,,,,8.0,actuator_outputs,none,16207872,8231133,4.8,,B,no_pwm_params,,,False,8.419378817166473,176.74281206266792,4.411129797003578,194.47557,61.33671799999999,False,False,0.0,0.0034174898321118804,sensor_combined,main
0f546fd0-4b4e-47fd-bbf2-6dd1a0b08077,ok,17694720.0,v1.14-1.15,0.0,0.0,0.0,True,0.0,0.0,0.2504924207925796,4.0,actuator_motors,none,3938007,2674205,2.7,,A,,0.0,4.0,True,10.007496005958135,20.0068297124048,2.0000929273944728,117.314662,110.35023400000001,,True,0.0,0.0,,main
379bd881-b1f8-4548-ab94-1ba56ed7031a,ok,17629952.0,v1.12-1.13,0.0,0.0,0.0,True,0.50143815915628,18.598914,0.924,6.0,actuator_outputs,per_channel,8786116,5498546,4.3,,B,,,,False,10.00475572032814,20.004282215558227,2.0000223375416417,210.671579,208.67286500000014,False,False,0.0,0.0,,main
f77804ae-26ca-418e-b102-3d98e34a8fa1,ok,17630207.0,v1.12-1.13,0.0,0.0,0.0,True,0.0,0.0,0.4649999999999999,6.0,actuator_outputs,per_channel,6013356,3133656,4.9,,B,,,,False,6.1792159060780145,137.05452178839448,1.1778805516731166,82.322982,80.49624099999998,False,False,0.0,0.38910758713521215,vehicle_attitude,main
287e6342-dacc-4239-9f45-82eaa6acf751,ok,17695488.0,v1.14-1.15,0.0,0.0,0.0,True,0.0,0.0,0.3095693983137608,4.0,actuator_motors,none,29243845,18566142,10.4,,B,,0.0,4.0,True,10.003717237194548,200.0000044560799,1.9999996126630175,268.936886,263.68994299999997,,True,0.0,0.0,,main
6af183d2-fe59-4a57-afa3-c26bb4e05c86,ok,17761280.0,v1.14-1.15,0.0,0.0,0.0,True,0.0,0.0,0.3787860088050365,4.0,actuator_motors,none,3564066,2371739,10.1,,A,,0.0,4.0,True,10.011116505514035,20.011272485813993,1.9999846420932421,81.343277,76.514541,,True,0.0,0.0,,main
b896b530-6280-442c-954a-b4ab4000fbd7,ok,17825792.0,v1.16+,0.0,0.0,0.0,True,0.0,0.0,0.1730412513017652,4.0,actuator_motors,none,7905580,4769527,9.7,,B,,0.0,4.0,True,10.012748773103056,135.36042499766896,2.0000801044740575,79.563673,74.26206400000002,,True,0.0,0.0,,main
bf216f67-c5cd-447a-b694-1819cec8b764,ok,17694720.0,v1.14-1.15,0.0,0.0,0.0,True,0.0,0.0,0.5462916612625122,4.0,actuator_motors,none,72313177,37733706,31.5,,A,,63.0,4.0,True,10.000463018426334,20.000467536768245,1.999992178738781,1959.31887,466.9217149999998,,True,0.0,0.0,,main
0dfe594c-b8bb-4d57-8123-b7c553203dc0,ok,17498879.0,v1.12-1.13,0.0,0.0085344320188346,0.0,True,0.0,0.0,0.3866666666666666,4.0,actuator_outputs,global,131744755,57546256,29.0,,A,,,,False,10.000590115661861,20.000590121562958,5.000590112711312,1694.501108,1099.1095440000006,True,True,0.0,0.0,,main
79dd4bea-3c02-40b5-9acb-b2c182717d4c,ok,17891392.0,v1.16+,0.0,0.0,0.0412621359223301,True,0.0289855072463768,1.897037999999995,0.2808067247271537,4.0,actuator_motors,none,7879436,5590009,5.6,,B,,0.0,4.0,True,10.005923628440604,20.004761984618806,2.0000518428072183,164.354236,158.62667499999998,,True,0.0,0.0,,main
bbda1aed-8046-4490-b74f-4143e856f04c,ok,17826047.0,v1.16+,0.0,0.0,0.0,True,0.0,0.0,0.1691304922103881,4.0,actuator_motors,none,31010946,18813413,10.6,,C,,0.0,4.0,True,8.962309415769209,223.51419319874353,1.788769693993408,284.566425,279.5510360000001,,True,0.0,0.10472588756064319,vehicle_attitude,main
4d1841f6-2d3c-429d-ad02-36f8aec5db22,ok,17761023.0,v1.14-1.15,0.0,0.1050420168067226,0.0,True,0.000803780985757,0.0452790000000078,0.1787785172462461,4.0,actuator_motors,none,11886898,7431672,7.2,,C,,0.0,4.0,True,10.009070752698673,199.2939980594028,1.999952780335654,115.675265,108.875675,,True,0.0,0.0,,main
684a42a6-395b-404b-96b6-cacb8346ab0f,ok,17825856.0,v1.16+,0.0,0.0,0.0,True,0.008080808080808,0.2999999999999971,0.6389527767896652,4.0,actuator_motors,none,5741503,3805179,3.5,,C,,0.0,4.0,True,10.006520470381298,20.006518122300466,1.9999999346405253,152.998896,148.51001499999992,,True,0.0,0.0,,main
0dc9e8a2-db85-4caa-97a6-3a5e1d5be4ef,ok,17826240.0,v1.16+,0.0,0.0,0.0,True,0.0,0.0,0.1415104493498802,4.0,actuator_motors,none,97685197,28116285,19.2,,C,,0.0,4.0,True,9.09385164611198,166.57859425825163,1.8174571873951613,126.267654,119.02942399999996,,True,0.0,0.08630468627848088,vehicle_attitude,main
8d057f78-b05d-4934-8c77-e5c7084e1393,ok,17761023.0,v1.14-1.15,0.0,0.0,0.0,True,0.0,0.0,0.140100061893463,4.0,actuator_motors,none,68454757,21286652,15.5,,B,,0.0,4.0,True,10.000036400673771,199.34820076786184,1.9999857552034987,147.077516,143.81992300000007,,True,0.0,0.0012188453853380164,vehicle_attitude,main
b298f907-06fd-4989-b86c-da6b18319b84,ok,17826047.0,v1.16+,0.0,0.0,0.0,True,0.0,0.0,0.1815964579582213,4.0,actuator_motors,none,3357728,2536243,3.7,,C,,0.0,4.0,True,10.012674707852334,20.012017117209492,1.9999905250448877,80.401798,74.308221,,True,0.0,0.0,,main
55a019db-2509-4729-b0f1-6617a83fd3a3,ok,17761280.0,v1.14-1.15,0.0,0.0,0.0,True,0.0,0.0,0.2839314967393875,4.0,actuator_motors,none,6816097,4101882,4.1,,A,,0.0,4.0,True,10.00660996067752,20.006925474202607,1.9999600569380909,142.583692,141.18650300000016,,True,0.0,0.0,,main
6817dd86-7f4b-4634-95b5-0275ec6c6662,ok,17760256.0,v1.14-1.15,0.0122137404580152,0.015267175572519,0.0,False,0.0009549578226961,0.4974979999999505,0.1663162738084793,4.0,actuator_motors,none,36700160,21577503,27.0,,C,,0.0,4.0,True,10.001114832896093,20.00117759585076,2.0000090705950733,857.624125,627.894729999999,,True,0.0,0.0,,main
95227703-a1ab-4a61-a553-408e3c29d662,ok,17761535.0,v1.14-1.15,0.0,0.1571428571428571,0.0,True,0.0800627943485086,0.597715,0.4111116528511046,4.0,actuator_motors,none,2752531,2144455,1.7,,C,,0.0,4.0,True,10.015066903316637,20.014554202861575,2.0001638090360396,69.027773,63.662770000000016,,True,0.0,0.0,,main
571fa4a3-49c8-479e-9b8c-e5bc2c1c164c,ok,17761535.0,v1.14-1.15,0.0,0.0,0.0,True,0.0,0.0,0.5155545864254235,4.0,actuator_motors,none,8746143,5274130,3.1,,C,,0.0,4.0,True,10.00641038905967,19.999883771326576,2.0000296030440268,154.790823,150.36352399999998,,True,0.0,0.0005830055759616648,sensor_combined,main
b7311079-6ab3-4f16-9501-5eaf05830c49,ok,17760767.0,v1.14-1.15,0.0,0.0,0.0,True,0.0,0.0,0.2572960138320922,4.0,actuator_motors,none,21059722,10424790,9.4,,B,,0.0,4.0,True,9.89139387011581,197.89294227685278,1.9781724380477845,137.939608,132.4575090000001,,True,0.0,0.010517519345984952,vehicle_attitude,main
c912c876-faa2-4427-ad5c-4950c2dea345,ok,17695488.0,v1.14-1.15,0.1734197730956239,0.0405186385737439,0.0,True,0.0,0.0,0.4304098516702652,4.0,actuator_motors,none,21349139,14387821,10.0,,A,,0.0,4.0,True,10.00343671302568,20.00328296859015,2.000027247507051,306.04739,301.4880930000003,,True,0.0,0.0,,main
d4267a0f-c760-4f9f-a120-7e8ad27bff84,ok,17105408.0,v1.12-1.13,0.0511848341232227,0.0180094786729857,0.0,True,0.0,0.0,0.3531428571428571,6.0,actuator_outputs,global,37101620,19710869,8.6,,B,,,,False,9.523722758192594,85.90278778811626,0.0,527.349706,524.100988,True,True,,0.026922392800389786,sensor_combined,main
d3293558-a62a-4aea-9fd9-667ba93f73e2,ok,17694720.0,v1.14-1.15,0.0,0.0,0.0,True,0.0,0.0,0.4091509133577347,4.0,actuator_motors,none,3578438,2650098,3.7,,A,,0.0,4.0,True,10.011261642861802,20.011644917478776,1.9999657810732825,82.581325,77.62374599999998,,True,0.0,0.0,,main
3706b530-9f92-4bd8-a0a5-589910daf293,ok,17761535.0,v1.14-1.15,0.0,0.0,0.0,True,0.0072939460247994,0.8990459999999985,0.2540152741325582,4.0,actuator_motors,none,5796664,3681126,5.1,,C,,0.0,4.0,True,10.006921002931486,20.006729691637364,2.000019457332149,140.084783,137.08656299999998,,True,0.0,0.0,,main
598f7997-d7ae-44a6-8185-853dbe6f2f71,ok,17694720.0,v1.14-1.15,0.0519480519480519,0.0,0.0,True,0.0,0.0,0.2142125695943832,4.0,actuator_motors,none,5905082,1890188,2.5,,B,,0.0,4.0,True,3.6027952573207283,7.672239515658555,35.46309317714019,86.855129,83.91825600000003,,True,0.0,0.6747553733060003,sensor_combined,main
175d2cf3-26df-45ac-89bd-806be4301f8d,ok,17761280.0,v1.14-1.15,0.0,0.0,0.0,True,0.0,0.0,0.2842849716544151,4.0,actuator_motors,none,29482248,18545141,6.5,,C,,0.0,4.0,True,10.003656912547639,199.51422928920994,1.9999347343703078,275.083907,270.4584920000002,,True,0.0,0.0,,main
99d98c0f-b037-40ac-ac66-d28ca9eb774f,ok,17638400.0,v1.12-1.13,0.0,0.0,0.0,False,0.0,0.0,0.1934364303946495,4.0,actuator_motors,none,7716864,5068177,3.3,,B,,0.0,4.0,True,9.999692010988081,20.000092209923913,1.9999371093223135,266.294853,228.2016299999999,,True,0.0,0.0,,main
2a308763-4239-4cbb-a3f0-5f4574f12653,ok,17760511.0,v1.14-1.15,0.0326086956521739,0.0326086956521739,0.0,True,0.8547854785478548,102.598236,0.9999999403375862,4.0,actuator_motors,none,6030580,3763345,2.7,,A,,0.0,4.0,True,10.004766983599797,20.00066806467155,1.9998803450337432,183.960351,181.99047500000003,,True,0.0,0.0,,main
d46420a0-e735-4f6a-9218-6ae241b165bb,ok,17630207.0,v1.12-1.13,0.02803738317757,0.02803738317757,0.0,True,0.0,0.0,0.182,6.0,actuator_outputs,per_channel,3656460,2314976,2.7,,B,,,,False,10.009911553291943,20.009279508880795,2.000013931804364,103.000594,95.08040199999999,True,True,0.0,0.0,,main
a50059ee-27be-44c8-be77-9b3db3f3a42e,ok,17825984.0,v1.16+,0.0,0.0,0.0,True,0.0239840106595602,3.0005529999999965,0.7276144623756409,4.0,actuator_motors,none,6573710,4599925,2.9,,C,,0.0,4.0,True,10.005811349493365,20.005822273228134,1.99993980826319,155.184908,150.17003300000007,,True,0.0,0.0,,main
362cfe16-d6bc-4a54-af9b-836f45ba906e,ok,17761280.0,v1.14-1.15,0.0,0.0,0.0,True,0.000250815149235,0.0062449999999998,0.2833860866725444,4.0,actuator_motors,none,16012053,10292556,7.1,,A,,0.0,4.0,True,10.00669968827981,199.48008504553007,1.9999549433879535,147.642015,142.63650300000003,,True,0.0,0.0,,main
93cc3801-592b-44b0-ba05-2c764185b4d5,ok,17629952.0,v1.12-1.13,0.0,0.0,0.0,True,0.0,0.0,0.299,6.0,actuator_outputs,per_channel,9030240,4688793,3.4,,A,,,,False,9.93028812564101,201.082996214475,1.9721335018570365,71.536282,67.11094499999996,True,True,0.0,0.006658893718296732,vehicle_attitude,main
1cd15c5d-eb49-4753-951b-321bba97fd20,ok,17694720.0,v1.14-1.15,0.0,0.0,0.0,True,,,,4.0,actuator_motors,none,4776019,3002461,3.2,,B,ground_only_actuator_motors,0.0,4.0,True,10.008311130608783,20.008268093272772,1.9998907226377638,120.876252,0.0,,True,0.0,0.0,,main
19c57914-c496-44e6-94de-80cf9545172a,ok,17825984.0,v1.16+,0.0,0.0,0.0,True,,,,4.0,actuator_motors,none,9244677,5175757,8.8,,C,ground_only_actuator_motors,0.0,4.0,True,10.005166641949103,20.005066206306346,1.999957046148667,199.490087,0.0,,True,0.0,0.0,,main
39d790e8-8e0b-4b33-91fd-1aab3c482739,ok,17825856.0,v1.16+,0.0,0.3,0.0,True,0.0,0.0,0.3573447108268737,4.0,actuator_motors,none,33164800,13604850,10.7,,A,,0.0,4.0,True,125.0,249.99999999999997,100.00870170553428,114.564,92.24000000000002,,True,0.0,0.0,,main
da6e5561-6561-461a-9e66-ebba1bcebe35,ok,17695488.0,v1.14-1.15,0.0165289256198347,0.0,0.0,True,0.0,0.0,0.1865843355655669,4.0,actuator_motors,none,66497156,29548467,38.7,,A,,0.0,4.0,True,50.004183447998635,192.1293531612107,50.00417864311796,238.951653,236.59355699999992,,True,0.0,0.0,,main
8c66a267-c7b8-4815-a7e2-d1e81600d2cc,ok,17826240.0,v1.16+,0.1851667496266799,0.0,0.0,True,0.0,0.0,0.1040559582412243,4.0,actuator_motors,none,39421425,25087875,10.1,,B,,0.0,4.0,True,10.001054530497916,20.001002966332763,1.9999993702215262,994.171397,991.8002559999999,,True,0.0,0.0,,main
3aed0737-d5cc-4128-9169-346182f4fe14,ok,17825984.0,v1.16+,0.0,0.0,0.0,True,0.0023228803716608,0.1012500000000002,0.452776774764061,4.0,actuator_motors,none,4837274,3851630,4.0,,B,,0.0,4.0,True,9.977830611430607,19.955731038582904,1.999972447306955,90.262332,86.100435,,True,0.0,0.002766864128167698,sensor_combined,main
ef1ba1ad-f8ef-4a43-bffa-e6821a1dc879,ok,17826047.0,v1.16+,0.0,0.0,0.0,True,0.0,0.0,0.1649248972535133,4.0,actuator_motors,none,14485649,9125645,8.2,,B,,0.0,4.0,True,10.007533808436245,174.75604677255808,2.000035298332899,131.271087,125.19582500000001,,True,0.0,0.0,,main
73af4ad7-5337-4a49-9711-5c311c438741,ok,17761535.0,v1.14-1.15,0.0,0.0,0.0,True,0.0006997900629811,0.1001190000000065,0.1710715174674987,4.0,actuator_motors,none,32207627,20357019,9.0,,B,,0.0,4.0,True,9.450408824556469,18.887905831494837,1.8897010093633386,154.777571,151.438053,,True,0.0,0.05513318466870256,sensor_combined,main
aaffbd1c-33f1-4bd6-8ef9-46f0b81892ff,ok,17826047.0,v1.16+,0.0,0.6384615384615384,0.0,True,0.0,0.0,0.2399999928019856,4.0,actuator_motors,none,2896683,2322350,3.6,,A,,0.0,4.0,True,10.015700007209714,20.01422693849185,2.0000895080056624,62.553777,60.7170190000001,,True,0.0,0.0,,main
fe8acbe3-6715-47ab-86ef-85efa8e35d68,ok,17826559.0,v1.16+,0.0,0.1352201257861635,0.023076923076923,False,0.0472797927461139,4.801692000000003,0.6434870332479469,4.0,actuator_motors,none,6941744,4422944,4.4,,C,,0.0,4.0,True,9.929608145798422,19.83425776449409,1.9871753981839562,156.717652,154.54676500000002,,True,0.0,0.008596037253876579,sensor_combined,main
a80b97c8-918e-4320-b8e0-d7310e468f1b,ok,17695488.0,v1.14-1.15,0.0,0.0,0.0,True,0.0019461077844311,0.0269639999999995,0.2993320688605308,4.0,actuator_motors,none,15164556,9254220,7.7,,C,,0.0,4.0,True,10.006461442561267,158.45874283692194,1.9999550217012014,145.302682,140.27977699999988,,True,0.0,0.0,,main
a6a39cd8-5678-42ca-b318-89efaab9a3ad,ok,17826047.0,v1.16+,0.0,0.0,0.0,False,0.0,0.0,0.2772883176803586,4.0,actuator_motors,none,24630491,10527605,16.0,,B,,0.0,4.0,True,124.99400968035654,249.98801936071308,100.01198178768273,82.968,81.316,,True,0.0,0.0,,main
0ad4c2cc-327a-4401-ae4d-bd651a44bcf0,ok,17761280.0,v1.14-1.15,0.0,0.0,0.0,True,0.620380739081747,26.799365,0.9943620828911662,3.0,actuator_motors,none,2841531,1730828,2.4,,A,,4.0,3.0,False,9.34242190559321,18.664600227821364,1.8782422268082468,98.868213,96.46811999999997,,False,0.0,0.07033833576767931,sensor_combined,main
13d9fe02-af26-40e9-b7de-31a5d6474e33,ok,17695743.0,v1.14-1.15,0.0,0.1119402985074626,0.0,True,0.0,0.0,0.2663531988859175,4.0,actuator_motors,none,2691994,2014531,3.0,,B,,0.0,4.0,True,10.01430234137585,20.014954943157758,1.999981323251335,65.577929,58.720919,,True,0.0,0.0,,main
a6881abf-7694-479c-a9ee-1ae46f698a9d,ok,17761280.0,v1.14-1.15,0.0,0.0455311973018549,0.0,True,0.0,0.0,0.165976881980896,4.0,actuator_motors,none,166550706,59271752,26.6,,A,,0.0,4.0,True,9.476743573853776,188.6886722380634,1.8867312450435278,309.474466,305.05806399999983,,True,0.0,0.05104652272189572,vehicle_attitude,main
054c135d-ccd1-4522-aa80-d6ea600fb534,ok,17760768.0,v1.14-1.15,0.0,0.0,0.0,True,0.0,0.0,0.4570269799849719,4.0,actuator_motors,none,5906367,4000872,3.2,,B,,0.0,4.0,True,10.006293105630075,20.00662450449877,1.9999842810599986,149.995794,148.23132300000003,,True,0.0,0.0,,main
e9370530-e218-4a22-906e-64362677d6e2,ok,17630207.0,v1.12-1.13,0.0,0.0,0.0,True,0.0,0.0,0.5675999999999999,6.0,actuator_outputs,per_channel,4252153,2998627,3.8,,B,,,,False,10.009142064386124,20.008675571168844,2.000006545475967,104.647334,97.57260300000002,True,True,0.0,0.0,,main
09f09de5-200d-4178-99c8-458b2e0a3f84,ok,17761535.0,v1.14-1.15,0.0763888888888889,0.0,0.0,True,0.0,0.0,0.1228853866457938,4.0,actuator_motors,none,2834815,2213517,5.7,,B,,0.0,4.0,True,10.013360804819937,20.012482223638617,2.00014551413251,71.133076,65.53958499999999,,True,0.0,0.0,,main
64ba3e3e-f82b-44bb-9e1c-0720af6974bb,ok,17630207.0,v1.12-1.13,0.0,0.0,0.0,True,0.0059743454577402,3.406690000000026,0.1426627486944198,4.0,actuator_motors,none,57798286,33241571,10.1,,B,,0.0,4.0,True,10.001614849130416,200.54477611294848,2.0000144522783465,575.894614,569.0324389999996,,True,0.0,0.0,,main
d5dd99f1-bcd8-4396-894a-62142536f959,ok,17630207.0,v1.12-1.13,0.0,0.0,0.0,True,0.0,0.0,0.0919499999999999,6.0,actuator_outputs,per_channel,2560323,1755035,4.0,,B,,,,False,10.014525177065035,20.015422842944048,2.00002221563138,65.277501,62.20045200000001,True,True,0.0,0.0,,main
1a82b2d4-6be5-49fa-a5a7-f182499e7315,ok,17694720.0,v1.14-1.15,0.0326086956521739,0.0,0.0,True,0.0959069020866773,4.400465999999994,0.6916502729058261,4.0,actuator_motors,none,45091240,10380096,13.2,,A,,0.0,4.0,True,10.00400835160663,20.004068059482822,119.93348544768178,253.356488,249.21737199999998,,True,0.0,0.0,,main
ba1ce4d5-83ad-44fa-b392-10a2553a41cc,ok,17825984.0,v1.16+,0.0,0.0814249363867684,0.0,True,0.0,0.0,0.07388656437397,4.0,actuator_motors,none,54914397,22369780,50.3,,B,,0.0,4.0,True,124.96370649964743,249.92222982641695,99.9834086855531,192.656,135.848,,True,0.0,0.0003318194072875837,vehicle_attitude,main
4c20817a-08a4-470f-84b8-d37dcc38a0fc,ok,17825792.0,v1.16+,0.0,0.0,0.0,True,0.0,0.0,0.1396763578057288,4.0,actuator_motors,none,69656618,35764098,25.4,,B,,0.0,4.0,True,9.986374793621657,215.79625971670046,1.9941571896785266,512.870821,503.2771119999997,,True,0.0,0.0013872845473084689,sensor_combined,main
46b814e7-e9ca-4359-8f31-90a003a4dc9b,ok,17564159.0,v1.12-1.13,0.0,0.0,0.0,True,0.0,0.0,0.580342857142857,6.0,actuator_outputs,bus,6770250,4668468,6.8,,A,,,,False,9.818311313390128,19.622095875304634,1.9636123861440267,137.365036,133.090041,True,True,0.0,0.020349384063028993,vehicle_local_position,main
66f9ff7e-0f43-4ea9-a718-0021eadf2697,ok,17630207.0,v1.12-1.13,0.0,0.0,0.0,True,0.0,0.0,0.379,6.0,actuator_outputs,per_channel,10363767,5760353,6.4,,B,,,,False,10.011057289967603,200.81526391622003,1.9998790731803535,84.023644,75.21223699999996,True,True,0.0,0.0,,main
7d300380-56dc-4d3f-b455-800db37baf29,ok,17826047.0,v1.16+,0.0,0.0048627995831886,0.0,True,0.0,0.0,0.0670384228229522,4.0,actuator_motors,none,80853603,43148606,26.0,,C,,0.0,4.0,True,10.000668982061677,20.00065185833068,2.0000020839086363,1454.418765,1446.8905929999999,,True,0.0,0.0,,main
5265aa00-0307-43d0-b401-3d934b071193,ok,17694975.0,v1.14-1.15,0.0,0.0,0.0,True,0.0,0.0,0.651257407489179,4.0,actuator_motors,none,2789996,1783896,2.0,,C,,0.0,4.0,True,9.999901388255674,19.999740581399628,2.0002106035699456,86.45541,83.26864900000001,,True,0.0,0.0,,main
182e92cc-7f1c-4993-b69d-aaede05341da,ok,17498112.0,v1.12-1.13,0.0,0.0,0.0,True,0.0,0.0,0.5451428571428572,6.0,actuator_outputs,global,2275260,1531358,3.0,,B,,,,False,9.944796626230492,19.86212143857637,4.972398313115246,72.50604,68.86642000000002,True,True,0.0,0.008153991494534118,vehicle_attitude,main
79725955-99ca-45fd-9eda-28aee4462da1,ok,17761280.0,v1.14-1.15,0.0,0.0,0.0,True,0.0,0.0,0.1689854331314563,4.0,actuator_motors,none,39088709,24482751,8.7,,B,,0.0,4.0,True,9.99993705746948,199.8878543320676,2.0000072076243467,369.791408,363.7012450000002,,True,0.0,0.0004057961176070389,vehicle_attitude,main
b45918f2-4b49-45cb-894e-13515bdd1857,ok,17760320.0,v1.14-1.15,0.0,0.0,0.0,True,,,,4.0,actuator_motors,none,21845923,11963199,9.7,,A,ground_only_actuator_motors,0.0,4.0,True,10.004542437560445,198.32192229132872,2.0000148515954326,202.468904,0.0,,True,0.0,0.0,,main
022ce74c-9951-4250-a124-ef935d8cb731,ok,17170944.0,v1.12-1.13,0.2054794520547945,0.0,0.0,False,0.0095642933049946,0.7999999999999972,0.1287027299404144,4.0,actuator_motors,none,28292493,12377851,7.6,,A,,0.0,4.0,True,124.95059679076753,249.87149070778966,99.9901185770751,101.084,94.012,,True,0.0,0.0,,main
6b95d5ba-c495-41ab-8b62-ee471fe3c230,ok,17760320.0,v1.14-1.15,0.0,0.0,0.1470588235294117,True,0.0,0.0,0.134027288109064,4.0,actuator_motors,none,9826386,5860283,3.5,,C,,0.0,4.0,True,9.883102892560862,199.03548295401586,1.9705144858916679,68.550709,61.006418000000004,,True,0.0,0.014592233539502354,vehicle_local_position,main
a9af264f-2692-4a88-ad73-65459811403a,ok,17695488.0,v1.14-1.15,0.0,0.0,0.0,True,0.0127906976744186,0.2962250000000033,0.4187150180339813,4.0,actuator_motors,none,4081307,2818973,4.1,,C,,0.0,4.0,True,9.968176622841591,19.91394121928041,1.9892056026782234,93.613344,86.43887500000005,,True,0.0,0.0053785624414314295,sensor_combined,main
7d8b5fd3-91b4-4066-987a-ee35fabf79f6,ok,17630207.0,v1.12-1.13,0.0,0.0011413896418889,0.1160220994475138,True,0.0,0.0,0.1878342509269714,4.0,actuator_motors,none,13213294,6652534,6.4,,B,,0.0,4.0,True,9.584004430992927,181.26534629166116,1.9199647067821013,113.469925,109.75027600000004,,True,0.0,0.04417394073299403,vehicle_local_position,main
aaf8a06e-9b92-4e97-928e-70d544818284,ok,17891328.0,v1.16+,0.0,0.0,0.0,True,,,,4.0,actuator_motors,none,52680106,16306875,28.2,,C,ground_only_actuator_motors,0.0,4.0,True,9.259128694762563,183.1763414692776,1.8476434059596611,99.042015,0.0,,True,0.0,0.07582413640009217,sensor_combined,main
6dce647b-d755-4ca5-987e-f5447341ae95,ok,17825984.0,v1.16+,0.0,0.0,0.0,True,,,,4.0,actuator_motors,none,62637776,21360896,11.1,,C,ground_only_actuator_motors,0.0,4.0,True,124.86492528971196,249.42243916980289,100.00186309945225,214.3,0.0,,True,0.0,0.0,,main
508cbf79-8b01-47c7-8f97-a6fa72965904,ok,17761792.0,v1.14-1.15,0.0,0.0,0.0,True,0.0,0.0,0.3828070387244224,4.0,actuator_motors,none,15173905,8966792,4.3,,B,,0.0,4.0,True,10.008075000644453,222.2229841864789,2.000000918033208,122.375623,115.07926699999997,,True,0.0,0.0,,main
d83a1923-8b5d-4efd-9d7f-dd2579aa1975,ok,17825984.0,v1.16+,0.0,0.0,0.0,True,0.056,3.1,0.6334498032927507,4.0,actuator_motors,none,29701925,12218686,5.2,,B,,0.0,4.0,True,124.98537042094176,249.9707397003745,100.0058522882447,102.08,74.94399999999999,,True,0.0,0.0,,main
68e41824-3d91-44ea-86eb-d2f5619b7d5a,ok,17826240.0,v1.16+,0.0,0.0,0.0,True,0.0018726591760299,0.1011620000000022,0.3329778015613556,4.0,actuator_motors,none,5329739,3916323,3.0,,A,,0.0,4.0,True,10.008473696765774,20.008178948929338,2.0001093451082843,115.416524,106.81264100000001,,True,0.0,0.0,,main
1ad72cbb-434d-4ac7-af1a-8d7632a208ed,ok,17825984.0,v1.16+,0.0484848484848484,0.4787878787878787,0.0,True,0.0112517580872011,0.3012969999999981,0.2111538052558899,4.0,actuator_motors,none,3749621,3084959,3.0,,C,,0.0,4.0,True,10.001293316125135,20.01185481727372,2.0000003443709202,75.507576,71.06003299999998,,True,0.0,0.0,,main
3016cacc-127e-462b-8324-30e8a2b559be,ok,17891392.0,v1.16+,0.0140845070422535,0.0528169014084507,0.0,True,0.0,0.0,0.0275978997349739,4.0,actuator_motors,none,4439529,3300312,6.9,,C,,0.0,4.0,True,10.008603587127851,20.008270025870303,2.0000220980219363,113.203606,110.67707500000002,,True,0.0,0.0,,main
ef996020-534c-4fbe-9c66-9070bbfa3f10,ok,17891583.0,v1.16+,0.0,0.0,0.0,True,0.2154431998221085,0.5812430000000006,0.2067427992820739,4.0,actuator_motors,none,14728412,9274499,11.4,,B,,0.0,4.0,True,10.007522647249484,200.0000662077487,1.9999992452833038,132.495516,126.51016399999995,,True,0.0,0.0,,main
0cc00f21-f0d1-4230-9451-cad0e454905d,ok,17891392.0,v1.16+,0.0,0.0,0.0,True,0.0,0.0,0.122043752670288,4.0,actuator_motors,none,68131190,38987115,14.5,,C,,0.0,4.0,True,10.001712321941286,199.99829015850653,1.9999993825044788,583.334637,358.69000999999963,,True,0.0,0.0,,main
e318dca3-8d2a-43fc-a0b6-e06baf03318c,ok,17761280.0,v1.14-1.15,0.0,0.0,0.0,False,0.3667054714784633,39.29749600000001,1.0,4.0,actuator_motors,none,7020717,4608627,2.9,,C,,0.0,4.0,True,10.00574497481275,20.005745277950748,2.0000035619659977,174.058476,171.16004600000002,,True,0.0,0.0,,main
b853a17d-aeec-402b-8f8f-5634c615391f,ok,17826559.0,v1.16+,0.0,0.0,0.0,True,0.0,0.0,0.1848250150680542,4.0,actuator_motors,none,9462161,5896180,4.8,,B,,0.0,4.0,True,10.010823716346952,158.7065545097633,1.9999261636455443,86.958787,83.01115800000002,,True,0.0,0.0,,main
135a8864-6e15-445e-bdd8-b67023cf7f52,ok,17826047.0,v1.16+,0.0,0.0,0.0,True,0.0002422950184144,0.0140360000000043,0.3634983003139496,4.0,actuator_motors,none,7668746,4500172,4.4,,B,,0.0,4.0,True,9.717721916870588,123.73453975334914,1.92913206715046,85.13194,75.23627499999999,,True,0.0,0.03079441339276208,sensor_combined,main
a9cbc514-026b-48d3-a7b1-31e9ddbc56e0,ok,17761535.0,v1.14-1.15,0.0,0.0,0.0,True,0.0,0.0,0.3237899988889693,4.0,actuator_motors,none,6250214,4087293,4.7,,B,,0.0,4.0,True,10.00588313883217,20.005258604044325,2.000048278173673,180.62635,178.2671440000001,,True,0.0,0.0,,main
b7fb3e13-ebf6-4e40-904a-c3fdb4b9c80c,ok,17695488.0,v1.14-1.15,0.0,0.0,0.0,True,0.0,0.0,0.0729129962623118,4.0,actuator_motors,none,2853941,1981263,4.1,,C,,0.0,4.0,True,10.01141444608397,20.01102062784004,2.0001196216120687,83.499863,79.15335500000002,,True,0.0,0.0,,main
3c829f2c-f5f5-4f99-af7f-5fec7a1d8aae,ok,17761280.0,v1.14-1.15,0.0,0.0,0.0,True,0.0,0.0,0.1265397489070892,4.0,actuator_motors,none,15002502,9644520,8.4,,A,,0.0,4.0,True,10.007711459319655,201.8176248703822,1.9999557702089283,130.166175,124.22490400000004,,True,0.0,0.0,,main
6cf28ab8-22ca-4e27-926c-122372ec9799,ok,17760256.0,v1.14-1.15,0.0,0.0,0.0,True,0.1798561151079136,1.1028790000000015,0.6975462399423122,4.0,actuator_motors,none,7080068,4547270,3.8,,B,,0.0,4.0,True,10.004819013282287,20.005002370465522,2.000041409020601,196.522331,194.55825499999997,,True,0.0,0.0,,main
e1c8767c-cc26-4861-8d10-e5e58d5b7313,ok,17891583.0,v1.16+,0.0,0.0,0.0,True,0.0034186257002372,0.4821369999999945,0.4746540617197752,4.0,actuator_motors,none,122324454,43760693,20.5,,B,,0.0,4.0,True,7.1497659109377185,139.44831653084628,1.2524511238981635,305.484564,302.6713170000001,,True,0.0,0.1574091392828509,vehicle_attitude,main
692fb0a1-8a08-45cb-9d3a-163e529148b2,ok,17761280.0,v1.14-1.15,0.0,0.0,0.0,True,0.0,0.0,0.0913513846695423,4.0,actuator_motors,none,30237343,7728949,11.1,,B,,0.0,4.0,True,5.571667126981742,93.39725468912563,1.1060262522148934,65.763127,60.47468799999999,,True,0.0,0.23465041457193261,vehicle_attitude,main
99a049a9-2766-4fbd-9f90-7294027443fc,ok,17761023.0,v1.14-1.15,0.0,0.0,0.0,False,0.0,0.0,0.2456064254045486,4.0,actuator_motors,none,2272251,1831781,2.2,,B,,0.0,4.0,True,10.014607693082041,20.01461960015952,1.9999172821097908,61.41809,59.799883,,True,0.0,0.0,,main
786f8d15-f5ce-48b4-ba1d-faecf552bb72,ok,17630207.0,v1.12-1.13,0.0,0.0,0.0,True,0.0,0.0,0.4649999999999999,6.0,actuator_outputs,per_channel,6013356,3133656,4.4,,C,,,,False,6.1792159060780145,137.05452178839448,1.1778805516731166,82.322982,80.49624099999998,False,False,0.0,0.38910758713521215,vehicle_attitude,main
b24b8c96-cb54-4a4b-9f7a-2c45c61507f6,ok,1610942207.0,,0.0,0.0,0.0,True,1.0,201.002015,0.6895,8.0,actuator_outputs,per_channel,17514264,8822954,5.1,not_px4_v96,,,,,False,10.004553409308375,20.00424451840292,2.0000496792827653,205.356942,201.02953099999976,True,True,0.0,0.0,,main
d4ce1a44-033e-4db4-9385-274c566660db,ok,17630207.0,v1.12-1.13,0.0,0.0,0.0,True,0.0,0.0,0.405,6.0,actuator_outputs,per_channel,16078549,7686474,10.1,,B,,,,False,10.000082901878578,199.67922250449305,2.0000207748636827,142.677643,141.99861600000003,False,False,0.0,0.0,,main
0ca4a70e-5457-44bc-b69e-f1761db4f2fe,ok,17761535.0,v1.14-1.15,0.0,0.0200471698113207,0.0,True,0.0,0.0,0.1099306643009185,4.0,actuator_motors,none,17606060,10730929,9.2,,C,,0.0,4.0,True,10.002336044531306,20.002336800225855,2.000000991813357,427.747575,423.6395569999997,,True,0.0,0.0,,main
02d39522-1db5-4b99-ade4-8451e31c6815,ok,402784511.0,,0.0,0.0,0.0,True,,,,8.0,actuator_outputs,none,37859328,18963040,8.9,not_px4_v24,,no_pwm_params,,,False,10.000046128597939,10.000948721028609,5.000977618827197,999.024927,481.1811510000004,False,False,0.0,0.00011470545800781097,sensor_combined,main
911db1cc-94ff-4b8e-9054-8b41add5cb2e,ok,17761280.0,v1.14-1.15,0.0,0.0,0.0,True,0.0,0.0,0.2171634495258331,4.0,actuator_motors,none,80252425,48185454,56.4,,B,,0.0,4.0,True,10.000419781315847,20.000436655537627,1.9999963241616698,2234.014672,2229.422555000002,,True,0.0,0.0,,main
ab016ae5-c4ed-4d51-b157-df636f4d6e48,ok,17695488.0,v1.14-1.15,0.0,0.0,0.0,True,0.7222222222222222,39.298243,0.4092892199754715,4.0,actuator_motors,none,4442825,3055953,2.5,,C,,0.0,4.0,True,10.008353692451223,20.008662260752143,2.0000549657962923,112.489403,106.21437300000004,,True,0.0,0.0,,main
8162580d-797a-4909-958a-911d4074e734,ok,17695488.0,v1.14-1.15,0.0,0.0,0.0,True,0.0,0.0,0.2170798629522323,4.0,actuator_motors,none,10345943,6107031,4.4,,B,,0.0,4.0,True,10.009648920047734,159.3678381649867,1.9999523041677765,99.563741,97.011274,,True,0.0,0.0,,main
3a0a0ea1-ad59-4140-9651-c893c21971c1,ok,17694720.0,v1.14-1.15,0.0068027210884353,0.0,0.0,True,0.4147204529370134,19.800027,1.0,4.0,actuator_motors,none,6930826,4584375,5.8,,B,,0.0,4.0,True,10.00661386902633,20.007016225132496,1.999946617341847,145.48155,141.21873200000002,,True,0.0,0.0,,main
b2f94c99-96f5-4fd4-9c72-b95b7ca10c52,ok,17760768.0,v1.14-1.15,0.0,0.0,0.0,True,,,,4.0,actuator_motors,none,14688537,7554339,5.2,,C,ground_only_actuator_motors,0.0,4.0,True,9.982121948144194,19.961505294432087,1.9974345277870909,392.083997,0.0,,True,0.0,0.0020353645892216355,sensor_combined,main
7f8a3deb-b0e2-4742-ab8d-45d7f01f9bcf,ok,17695743.0,v1.14-1.15,0.0,0.0,0.0,True,0.0,0.0,0.1424726739525794,4.0,actuator_motors,none,6417716,4281143,5.5,,C,,0.0,4.0,True,10.016283121146845,164.74123399182363,1.9999416876506277,60.487894,55.17475400000002,,True,0.0,0.0,,main
fbbc6caf-8bc0-4370-a980-169b754c7267,ok,17695488.0,v1.14-1.15,0.0,0.0,0.0,True,0.0,0.0,0.0534678205847739,4.0,actuator_motors,none,14683984,8628594,5.5,,B,,0.0,4.0,True,10.00836374397191,203.05361814701834,2.0000507643406853,124.869758,120.05375199999997,,True,0.0,0.0,,main
145fcaff-23d4-4f09-8480-8bcf70a2bfae,ok,17826559.0,v1.16+,0.0,0.0,0.0190023752969121,False,0.0108564535585042,0.6012580000000014,0.2061336278915405,4.0,actuator_motors,none,3864859,3158909,16.0,,C,,0.0,4.0,True,10.011944404806373,20.01193412944793,2.000000239520987,83.381248,82.27970400000004,,True,0.0,0.0,,main
b92af6a1-87eb-4e89-8dda-5ebe9995939c,ok,17564671.0,v1.12-1.13,0.0,0.0311653116531165,0.0,True,0.1639977912755383,9.313788999999986,0.9851428571428572,6.0,actuator_outputs,bus,14656861,9239560,4.5,,B,,,,False,10.002812401530981,20.002617488489943,2.0026853391081465,366.535318,362.20258499999983,False,False,0.0,0.0,,main
ad0262e4-7835-4752-88eb-528056ad33f9,ok,17630207.0,v1.12-1.13,1.0,0.0,0.0,True,0.0,0.0,0.434,6.0,actuator_outputs,per_channel,8277766,4716718,7.1,,A,,,,False,10.004712278392125,20.004500840871398,2.000030690126107,203.419527,196.80438700000008,True,True,0.0,0.0,,main
0d81633c-2f6f-447c-ba20-3692c9323a9d,ok,17498880.0,v1.12-1.13,0.0,0.0,,True,0.0,0.0,0.34,8.0,actuator_outputs,global,55693319,30556264,13.2,,B,,,,False,90.9902484119793,180.54697540265417,0.0,246.685315,239.98888000000014,False,False,,0.09085955567732995,vehicle_attitude,main
2e5b46c9-6b1e-42f5-862a-aed9b9de2d84,ok,17629952.0,v1.12-1.13,0.0,0.0,0.0,True,0.0009233610341643,0.0979559999999963,0.4078999999999999,6.0,actuator_outputs,per_channel,4869158,3437503,3.8,,C,,,,False,10.008831888664899,20.008823140121805,2.000063024208185,112.950067,108.30328600000001,False,False,0.0,0.0,,main
5c6a84b8-7174-4d99-826c-8dd2a6d0b461,ok,17761535.0,v1.14-1.15,0.0247383444338725,0.0,0.0,True,0.0,0.0,0.1664365343749523,4.0,actuator_motors,none,21362837,13079410,7.5,,C,,0.0,4.0,True,10.001802373354852,20.001707287908804,1.999991175727443,526.948275,515.610261,,True,0.0,0.0,,main
b6945ffc-c5e6-4e35-8909-1ee84ca0e233,ok,17695488.0,v1.14-1.15,0.0,0.0,0.0,True,0.0081699346405228,0.2000780000000013,0.2963718622922897,4.0,actuator_motors,none,2698683,2070997,3.2,,C,,0.0,4.0,True,10.015323601355371,20.01517093752216,2.000249353919459,63.644207,61.113751,,True,0.0,0.0,,main
c9b9564d-27d2-41eb-8ddf-e37f8f5ef7f3,ok,17694720.0,v1.14-1.15,0.0760869565217391,0.0,0.0,False,0.0830489192263936,7.069334999999995,0.9999999785386322,4.0,actuator_motors,none,4699912,2976585,3.2,,C,,0.0,4.0,True,9.832718923595927,19.621542967764515,2.0001041159170176,91.075553,87.49993099999999,,True,0.0,0.02080180438770249,sensor_combined,main
cd4c634f-f577-4851-ac95-201a17460cb2,ok,17825856.0,v1.16+,0.0,0.0,0.0,True,0.0,0.0,0.0810267031192777,4.0,actuator_motors,none,9722718,5676709,9.2,,C,,0.0,4.0,True,10.004471910015138,20.004457437660612,2.0000370875474185,224.750505,219.89568600000007,,True,0.0,0.0,,main
d2aa4072-6a4d-43a5-803f-785431a6767e,ok,17760511.0,v1.14-1.15,0.0,0.0,0.0,True,,,,4.0,actuator_motors,none,15949430,9154556,8.5,,B,ground_only_actuator_motors,0.0,4.0,True,10.002311158256834,20.002362247161134,1.9999898676983907,408.549141,0.0,,True,0.0,0.0,,main
226c5692-be99-4a2f-8844-b5b516460f74,ok,17694975.0,v1.14-1.15,0.0,0.0,0.0,True,0.0085690989369394,0.5885979999999904,0.4381724968552589,4.0,actuator_motors,none,47676560,30100503,11.0,,B,,0.0,4.0,True,9.976108381448398,163.75738513245565,1.9956737922663192,460.524,456.9778609999999,,True,0.0,0.0026394705382587393,vehicle_attitude,main
dd851e1e-2fd3-4ad9-a55e-e2b29e3a81dc,ok,17695744.0,v1.14-1.15,0.0,0.0,0.0,True,0.0,0.0,0.0840406290989133,4.0,actuator_motors,none,12894484,7246269,9.6,,C,,0.0,4.0,True,10.009732568785777,201.64533759925914,1.9998869686525549,106.545866,103.65063699999999,,True,0.0,0.0,,main
66ae9354-aafc-4450-9c4f-384be53bfe15,ok,17825984.0,v1.16+,0.0,0.0,0.0,False,0.0,0.0,0.0017220616340637,4.0,actuator_motors,none,127475330,47908447,21.7,,A,,0.0,4.0,True,124.98799046923638,249.94235369849062,100.00096076246109,416.324,416.12800000000004,,True,0.0,0.0,,main
4f204dae-c4c1-4e5b-80b6-62e3ce681dd1,ok,50332160.0,,0.0,0.0,0.0,True,,,,4.0,actuator_motors,none,1130496,894857,3.0,not_px4_v3,,ground_only_actuator_motors,0.0,4.0,True,4.013243767138491,10.40854527772844,1.1499872159754492,64.14875,0.0,,True,0.0,0.44802536517054103,sensor_combined,main
bc4155e5-d3d0-429a-9d99-0122ee2e3ed0,ok,17891392.0,v1.16+,0.0,0.7028753993610224,0.0,True,0.0,0.0,0.123371289670467,4.0,actuator_motors,none,2907581,2381548,5.1,,B,,0.0,4.0,True,10.014604657042668,20.01520580317425,1.9999669929111552,66.000142,61.565849000000014,,True,0.0,0.0,,main
9c1ed126-8527-4ca2-b289-b221107efc42,ok,17891583.0,v1.16+,0.0,0.0,0.0,True,0.0127683097831949,2.365258999999924,0.1839931309223175,4.0,actuator_motors,none,57499694,35205174,10.3,,B,,0.0,4.0,True,10.001921077116815,197.7896447821664,2.0000419395767635,522.1556,519.1744719999996,,True,0.0,0.0,,main
2563c790-9f15-4d54-80c0-0627e8398221,ok,17432576.0,v1.12-1.13,0.0,0.0,0.0,True,0.0,0.0,0.3327500000000001,6.0,actuator_outputs,global,2602375,1489531,2.9,,B,,,,False,9.848064850669235,19.088986159338777,0.0,65.311233,60.75999100000001,True,True,,0.0,,main
4beb5afd-7b5a-4ead-807f-7dce44ac94ce,ok,17630207.0,v1.12-1.13,0.0,0.0738636363636363,0.0,True,0.0,0.0,0.2401999999999999,6.0,actuator_outputs,per_channel,3790109,2624540,7.0,,B,,,,False,10.011036367626648,20.010611106245516,2.0001601277619523,87.340318,79.70715000000006,True,True,0.0,0.0,,main
af959f88-9bad-45da-ae8d-02cade79f44f,ok,17695743.0,v1.14-1.15,0.0,0.0,0.0,True,0.0,0.0,0.1005476832389831,4.0,actuator_motors,none,9850496,6033650,7.4,,C,,0.0,4.0,True,10.011239270158748,199.75850366346756,2.0000474983957814,91.843696,83.524816,,True,0.0,0.0,,main
ba7eb6d5-d740-4aa8-87b1-09cfa9e72aec,ok,17694720.0,v1.14-1.15,0.0,0.0,0.0,True,,,,4.0,actuator_motors,none,20746575,10828015,16.0,,B,ground_only_actuator_motors,0.0,4.0,True,10.002122242768321,20.00193792949459,2.000016108350342,480.492842,0.0,,True,0.0,0.0,,main
0bcd49e8-837a-4a01-a73b-948644615910,ok,17695488.0,v1.14-1.15,0.0248226950354609,0.0,0.0,True,0.0154186214363045,4.03500200000002,0.0731831476092338,4.0,actuator_motors,none,88264565,29483040,14.0,,A,,0.0,4.0,True,9.999999683321613,199.99295859883702,1.9999994567902712,284.025772,277.10003499999965,,True,0.0,0.0,,main
861599aa-46b0-433c-b584-0177d3d958ee,ok,17761535.0,v1.14-1.15,0.0,0.2658610271903323,0.0,True,0.0,0.0,0.1534675329923629,4.0,actuator_motors,none,4923322,3433763,3.3,,B,,0.0,4.0,True,10.007523778918097,20.00759651430905,2.0000232297780047,122.090419,113.95185799999996,,True,0.0,0.0,,main
144a4e23-2549-4eb3-af4a-9e6585e35970,ok,17761535.0,v1.14-1.15,0.0236220472440944,0.0393700787401574,0.0,True,0.0003237293622531,0.1014669999999995,0.1953530073165893,4.0,actuator_motors,none,13150502,8610120,4.3,,B,,0.0,4.0,True,10.00321913478477,20.002969027407794,1.99996306061918,317.537752,308.89365600000014,,True,0.0,0.0,,main
d0f356ce-130d-4a74-a6a5-4c3835ad0f40,ok,17695488.0,v1.14-1.15,0.0,0.0,0.0,True,0.0,0.0,0.1012183785438537,4.0,actuator_motors,none,7171830,4476526,3.0,,B,,0.0,4.0,True,10.005723019318927,20.005525698869494,1.9999339277147603,188.539751,179.54967499999992,,True,0.0,0.0,,main
3af7a8fd-6c8f-41b1-95fd-a7f3c0124e52,ok,17760256.0,v1.14-1.15,0.0,0.0,0.0,True,,,,4.0,actuator_motors,none,2905134,1966872,2.4,,C,ground_only_actuator_motors,0.0,4.0,True,10.012550786827326,20.011391266963596,1.999915455628821,73.437578,0.0,,True,0.0,0.0,,main
1dd5172c-8eed-4063-93fa-1535a1f89466,ok,17498879.0,v1.12-1.13,0.0,0.075268817204301,0.0,True,0.0011976047904191,0.0976160000000021,0.2651428571428571,6.0,actuator_outputs,global,2522121,1706674,2.3,,B,,,,False,10.010864833270968,20.009957569920708,5.0107743936009435,93.222953,83.49871999999999,False,False,0.0,0.0,,main
fd9a5623-2039-458b-ba27-cca82774fa6f,ok,17629184.0,v1.12-1.13,0.0,0.0,0.0,False,0.0,0.0,0.6354999999999995,6.0,actuator_outputs,per_channel,2417432,1590416,2.2,,B,,,,False,10.014480911067896,20.014661837557007,2.000074602782684,70.70522,68.04519499999999,False,False,0.0,0.0,,main
3b7fcffd-cdb8-4f9b-a929-93c5becef811,ok,17826047.0,v1.16+,0.0,0.0,0.0,True,0.0705329153605015,5.002485000000007,0.8031650744378567,4.0,actuator_motors,none,5826782,4100155,6.1,,C,,0.0,4.0,True,10.006964996995595,20.00712414931355,2.0001034959921373,133.540813,127.61496200000002,,True,0.0,0.0,,main
611a7cc1-8ed5-42b5-964b-8ee4fbe9dad5,ok,17891392.0,v1.16+,0.0,0.3068181818181818,0.0,False,0.00875,0.6000000000000014,0.1090228676795958,4.0,actuator_motors,none,24673465,10253833,6.9,,C,,0.0,4.0,True,125.00000000000001,250.00000000000003,100.01180358829085,84.384,79.128,,True,0.0,0.0,,main
7b74775b-ba0c-4485-bc9e-cbd899887242,ok,17760384.0,v1.14-1.15,0.0,0.0,0.0,True,0.0,0.0,0.0741779506206512,4.0,actuator_motors,none,17379238,11642344,6.4,,C,,0.0,4.0,True,10.004642364782134,20.004506066475418,2.0000172663361124,208.424536,202.848023,,True,0.0,0.0,,main
8e09c782-d849-4533-9a10-79fd4f2d1160,ok,17630207.0,v1.12-1.13,0.0,0.0,0.0,True,0.0,0.0,0.177,6.0,actuator_outputs,per_channel,2106084,1531642,2.1,,A,,,,False,9.999370794309453,20.000462805057687,2.0000035873080217,63.037107,59.368631,True,True,0.0,0.0,,main
2f19b5fe-7834-464b-84cf-0bb377a70755,ok,17629951.0,v1.12-1.13,0.0,0.0,0.0,True,0.0,0.0,0.0,6.0,actuator_outputs,bus,5779228,3946427,3.6,,C,,,,False,10.014986819544134,199.98576812924458,1.9997897363934307,59.67263,54.42603300000001,False,False,0.0,0.0,,main
a4d300ea-e6e9-4463-9f1c-24e84e5d7053,ok,17695488.0,v1.14-1.15,0.0,0.0,0.0,False,0.0,0.0,0.4558036446571349,5.0,actuator_motors,none,17474361,9959268,5.5,,A,,0.0,5.0,False,10.002471374562276,20.002312600488153,2.00000882123096,378.043631,376.024443,,False,0.0,0.0,,main
bff82f5d-2cba-4547-91ce-415560f26692,ok,17629184.0,v1.12-1.13,0.0,0.0,0.0,True,0.0,0.0,0.2834285714285714,6.0,actuator_outputs,bus,4317319,2636767,4.8,,C,,,,False,10.008266027821808,20.00909372398969,2.0093096899350495,107.217048,98.97021099999999,True,True,0.0,0.0,,main
d473bd3a-caff-493e-8356-c2c6749c4efc,ok,17891328.0,v1.16+,0.0,0.0,0.0,True,0.0,0.0,0.1372948855161667,4.0,actuator_motors,none,7299412,4997547,5.2,,C,,0.0,4.0,True,10.00587639718573,20.00586498230746,2.00000488236486,169.942197,167.82027500000007,,True,0.0,0.0,,main
5368db56-f05e-41e4-98bf-de855e41f8ab,ok,17760511.0,v1.14-1.15,0.0,0.0,0.0,True,,,,4.0,actuator_motors,none,22504968,10790565,10.9,,B,ground_only_actuator_motors,0.0,4.0,True,9.999938640419675,201.68827735293613,2.0000675590387913,185.233914,0.0,,True,0.0,0.00037453542776381537,vehicle_attitude,main
286facb0-a183-4636-a7cb-db7ce90098c3,ok,17826047.0,v1.16+,0.0,0.0,0.0,True,0.0,0.0,0.1461875081062316,4.0,actuator_motors,none,46730550,19829088,24.4,,B,,0.0,4.0,True,10.003965703869708,285.6404533538712,1.9999660853208752,236.275758,229.24111400000007,,True,0.0,0.0,,main
ae301b77-ebf4-48a5-8edd-92f783d014ba,ok,17826303.0,v1.16+,0.0,0.0,0.0,True,0.0,0.0,0.2684933513402936,4.0,actuator_motors,none,4622213,3118750,2.5,,C,,0.0,4.0,True,10.008176183081767,20.007642809144343,1.9999010366431471,126.383767,120.75018700000003,,True,0.0,0.0,,main
da85650c-66ba-4f86-9f72-61ed91aa5032,ok,17760511.0,v1.14-1.15,0.0,0.0,0.0,True,0.0051724137931034,0.1005520000000004,0.7397361360490322,4.0,actuator_motors,none,3032692,2363464,3.0,,B,,0.0,4.0,True,10.016026860731197,20.015329459248356,2.0000588940418953,65.31117,58.00789100000001,,True,0.0,0.0,,main
a51a2ae2-c159-4bee-89bf-c2753a3a9eb8,ok,17695743.0,v1.14-1.15,0.0284900284900284,0.0,0.0,True,0.0023724792408066,0.1010369999999909,0.3887007981538772,4.0,actuator_motors,none,7527117,5258534,2.9,,B,,0.0,4.0,True,9.889509269398802,19.773225494228527,1.9766311847997668,172.577524,170.88102300000003,,True,0.0,0.012717497581748482,vehicle_local_position,main
d1885d3b-d845-4453-b0f5-5b6d6f66fc87,ok,17695743.0,v1.14-1.15,0.9837837837837838,0.0,0.0,True,0.4111374407582938,8.501975999999999,0.5794220641255379,4.0,actuator_motors,none,3730511,2460908,3.2,,B,,0.0,4.0,True,10.0100912074638,20.01044381288398,2.0000256307632465,92.470215,84.43795800000008,,True,0.0,0.0,,main
ebcb42ce-b660-4394-929c-e964f58b1e35,ok,17694720.0,v1.14-1.15,0.0,0.0,0.0,True,0.0,0.0,0.1574971050024032,4.0,actuator_motors,none,3291077,2244640,2.6,,C,,0.0,4.0,True,10.009371093846784,20.00938375352731,2.0000937660538614,96.945856,91.11080700000001,,True,0.0,0.0,,main
54237cd9-8f92-4163-965d-989bad10109f,ok,17761535.0,v1.14-1.15,0.0,0.0,0.0,True,0.0,0.0,0.0992383956909179,4.0,actuator_motors,none,3085227,2190463,2.7,,B,,0.0,4.0,True,10.01360880486531,20.012014193964127,1.9999781440296938,77.128761,71.03523700000002,,True,0.0,0.0,,main
4124f0e3-748c-46d5-afb6-76622465d9db,ok,17761535.0,v1.14-1.15,0.0,0.0,0.0,True,0.0,0.0,0.1445670038461685,4.0,actuator_motors,none,2810357,2172094,2.5,,B,,0.0,4.0,True,10.013212965936056,20.014616964288635,2.0001702680154914,71.13373,65.47280299999998,,True,0.0,0.0,,main
9683ceb6-b2f4-49f2-a16c-5e171230d666,ok,17826240.0,v1.16+,0.0,0.0808823529411764,0.0,True,0.0,0.0,0.3013988181948661,4.0,actuator_motors,none,2492615,1971521,3.4,,B,,0.0,4.0,True,10.015227090570157,20.015221576008553,2.0000898360961497,65.615651,61.500187,,True,0.0,0.0,,main
cce69a90-9384-4b9b-bbdb-2a7774adc033,ok,17695488.0,v1.14-1.15,0.0795454545454545,0.0,0.0,False,0.0408921933085501,1.5024990000000005,0.3803393319249153,4.0,actuator_motors,none,2797543,1919484,4.6,,C,,0.0,4.0,True,9.272482075324142,18.0808251819541,1.697916525173623,97.464432,91.62097099999995,,True,0.0,0.005192335813846256,sensor_combined,main
464e089d-2646-4f69-81ee-f50e1df24dcc,ok,17695488.0,v1.14-1.15,0.0,1.0,0.1486880466472303,True,0.0,0.0,0.1635745152831077,4.0,actuator_motors,none,2219203,1590433,3.0,,C,,0.0,4.0,True,10.014760114163574,20.014994089858174,2.000060416639845,67.920582,64.868405,,True,0.0,0.0,,main
949165e4-4348-4e04-9252-80bf97537577,ok,67441920.0,,0.0,0.0,0.0,False,0.0005717552887364,0.0668069999999971,0.38,6.0,actuator_outputs,bus,12923964,7081039,4.9,not_px4_v4,,,,,False,10.00875716703813,199.74535686375242,2.0089585497618314,111.468051,105.55441199999997,True,True,0.0,0.0,,main
9f587c97-9afd-450d-9998-d12b18558c6f,ok,17891583.0,v1.16+,0.0,0.0,0.0,True,0.0,0.0,0.6000121742486954,4.0,actuator_motors,none,12225476,7986526,5.1,,A,,0.0,4.0,True,10.003330228784893,20.003141754148395,1.999951812349864,285.915749,281.2772870000003,,True,0.0,0.0,,main
abeddd84-cfb9-47c7-b6d0-4000304f5d9a,ok,17629952.0,v1.12-1.13,0.0,1.0,0.0,True,0.0,0.0,0.6647999999999993,6.0,actuator_outputs,per_channel,5913500,3515001,3.0,,A,,,,False,10.005901207644055,20.006114874063307,1.9999217625543395,157.986035,155.15573899999998,False,False,0.0,0.0,,main
867fad98-fd8d-4f89-95eb-f88f63e0ed5b,ok,17695743.0,v1.14-1.15,0.0,0.0,0.0,True,0.0,0.0,0.3268891587853431,6.0,actuator_motors,none,4644369,3340556,2.9,,C,,0.0,6.0,False,10.009457835696072,20.008401325797056,2.0000377334307866,108.875784,98.46133199999994,,False,0.0,0.0,,main
238f1bbe-754b-40a1-a38f-9d2ff98d8e5a,ok,17891583.0,v1.16+,0.0837696335078534,0.1335078534031413,0.0,True,0.0081871345029239,0.402479999999997,0.4963179253041744,4.0,actuator_motors,none,8334873,5995960,4.5,,B,,0.0,4.0,True,10.005744765915516,20.005690811069854,2.0001139894024043,175.348966,171.02001299999998,,True,0.0,0.0,,main
f28514f8-9bb0-4d45-9c1f-2d3f6cfd2abb,ok,17760767.0,v1.14-1.15,0.0,0.0,0.0,True,0.0,0.0,0.4411303550004959,5.0,actuator_motors,none,3261681,2633381,2.5,,C,,0.0,5.0,False,10.012266224401435,20.012695287446704,1.9998499978283508,74.950367,71.56019200000001,,False,0.0,0.0,,main
b48ef0ea-3a41-4f1d-a103-2d8d0c98f4e4,ok,17695488.0,v1.14-1.15,0.0,0.0,0.0,True,0.0,0.0,0.1051296591758728,4.0,actuator_motors,none,2051062,1570589,3.4,,B,,0.0,4.0,True,10.01568611804914,20.016000579473125,1.9999713337442162,60.375726,59.75552000000001,,True,0.0,0.0,,main
aa365e2c-9209-4be7-b694-ff4ff48a470c,ok,17629952.0,v1.12-1.13,0.0,0.0,0.0,True,0.0,0.0,0.2639999999999999,6.0,actuator_outputs,per_channel,7508491,3983849,5.0,,C,,,,False,10.005553987074556,20.005645538360938,1.9999980659359362,182.160835,173.79783199999997,False,False,0.0,0.0,,main
27e43ffc-8215-491c-8358-fd4c87f5a0fe,ok,17761280.0,v1.14-1.15,0.0,0.0,0.0,True,0.0,0.0,0.2370778203010558,4.0,actuator_motors,none,7119974,4748901,4.4,,A,,0.0,4.0,True,10.0144207659029,196.89512899000636,1.9999560324626564,63.992247,55.83652600000001,,True,0.0,0.0,,main
88659cf9-062d-42ed-a0ab-37a8595345e8,ok,17302271.0,v1.12-1.13,0.0,0.0,0.0,True,0.0,0.0,0.3542857142857143,6.0,actuator_outputs,global,6633980,3387557,3.8,,B,,,,False,9.483985996676653,237.90724924949575,0.0,72.862408,67.216243,False,False,,0.04032408090833799,vehicle_attitude,main
11c11faa-1d40-47a4-8ad0-9cac24f364f9,ok,255.0,,0.0,0.0,0.0,True,0.0,0.0,0.5007289607262861,4.0,actuator_motors,none,6800625,4842765,6.9,not_px4_v0,,,0.0,4.0,True,10.00018745263183,19.992890045432215,2.0000047074940737,147.257086,139.88724099999993,,True,0.0,0.0004746305618552675,sensor_combined,main
3c8f61f0-895d-421e-8dff-526ae7e14a96,ok,17629951.0,v1.12-1.13,0.0,0.0,0.0,True,0.0,0.0,0.142,6.0,actuator_outputs,per_channel,52405256,30187728,16.0,,C,,,,False,9.994708687295308,19.99021394786841,1.9982303270444286,1125.189062,1118.4884749999999,False,False,0.0,0.0005648465163081133,sensor_combined,main
5c44024c-ebe2-4d49-b874-660b3d87c890,ok,17826559.0,v1.16+,0.0,0.0,0.0,True,0.0,0.0,0.2717479899525642,4.0,actuator_motors,none,4223337,3184614,4.7,,C,,0.0,4.0,True,10.010193270551605,20.00965443681115,2.0000046930803195,101.307836,91.25978900000003,,True,0.0,0.0,,main
0e53765a-0243-44d7-8742-bd349d5d9a5c,ok,17695488.0,v1.14-1.15,0.0,0.0,0.0,True,0.0,0.0,0.0874032914638519,4.0,actuator_motors,none,24393130,6586301,9.0,,B,,0.0,4.0,True,3.1474747318433494,54.517369905959505,0.5402317355064044,89.550381,88.625063,,True,0.0,0.6026200392457326,vehicle_attitude,main
c272ef0e-1937-400a-9733-0dd63ff52175,ok,17499135.0,v1.12-1.13,0.0,0.0,0.0,True,0.0,0.0,0.5028999999999998,8.0,actuator_outputs,global,6322937,4437595,9.2,,C,,,,False,9.999813524766203,19.9593517359055,4.999906762383102,173.651255,165.5560809999999,False,False,0.0,0.00040434614556396814,sensor_combined,main
181ffde0-157b-4a51-9dc2-b3198cc468fb,ok,17761535.0,v1.14-1.15,0.0,0.0,0.0,True,,,,4.0,actuator_motors,none,34541665,19670404,13.2,,B,ground_only_actuator_motors,0.0,4.0,True,10.00110180714918,20.000992071246394,1.9999999801543553,907.598134,0.0,,True,0.0,0.0,,main
73ee4770-c0c1-4120-bfc1-d10f48c43023,ok,17825984.0,v1.16+,0.0,0.0,0.0,True,0.0,0.0,0.2594740390777587,4.0,actuator_motors,none,3215467,2197928,5.2,,B,,0.0,4.0,True,10.011403749972088,20.011994232349977,2.000724568286889,85.861984,18.868671000000003,,True,0.0,0.0,,main
1c09d15d-088f-4b50-8f4f-e16a208d028d,ok,17760512.0,v1.14-1.15,0.0,0.0,0.0,True,0.0,0.0,0.2991278767585754,4.0,actuator_motors,none,9795006,6418367,6.4,,B,,0.0,4.0,True,10.003604195379806,20.004017397405402,2.0000041033881404,251.506353,244.59077799999997,,True,0.0,0.0,,main
14ded8fd-4876-4dd8-8ab2-2b633ff824f5,ok,17761280.0,v1.14-1.15,0.015356820234869,0.015356820234869,0.0,True,0.0549598562013181,2.323127999999997,0.2028501749038695,4.0,actuator_motors,none,174146476,56509996,37.2,,C,,0.0,4.0,True,9.740319857619063,194.417685898304,1.9522565406562287,566.142087,536.6601940000002,,True,0.0,0.025207160364745605,vehicle_attitude,main
be1a4ca6-a045-4a09-ac1b-07d27790bf1a,ok,17761280.0,v1.14-1.15,0.0,0.0,0.0,True,0.0,0.0,0.2654545217752456,4.0,actuator_motors,none,59778451,31909514,13.3,,B,,0.0,4.0,True,10.000727815959769,20.000636748104792,2.000004071486915,1427.481787,1422.641914,,True,0.0,0.0,,main
601ff888-bfce-47c9-a451-d822d8cf901b,ok,17629952.0,v1.12-1.13,0.0,0.0,0.0,True,0.0,0.0,0.2119766309857368,4.0,actuator_motors,none,7343741,4395800,4.0,,C,,0.0,4.0,True,10.00665911792419,20.006134524869562,2.0000232729980856,154.468931,151.81191400000003,,True,0.0,0.0,,main
e00161af-ce4f-45ec-a2a0-acbb8bc2f3e9,ok,767.0,,,,0.0,True,0.0010141987829614,0.1025620000000007,0.4651048402525979,4.0,actuator_motors,none,7517877,4570158,4.1,not_px4_v0,,,0.0,4.0,True,10.00999000999001,20.009805304094893,2.00016320929745,100.115999,98.56003099999998,,True,0.0,0.0,,main
b67deae1-d1e9-47ef-8789-73dbaa5c523b,ok,17694975.0,v1.14-1.15,0.0,0.0,0.0,True,0.0,0.0,0.2666077211499214,4.0,actuator_motors,none,7115548,4716473,3.2,,C,,0.0,4.0,True,10.005889188657305,20.005608654076692,1.9999461676381125,174.695694,169.79315600000007,,True,0.0,0.0,,main
71f36a00-851d-4ea4-ad41-be8fb0c54137,ok,17761535.0,v1.14-1.15,0.0,0.0,0.0,True,0.0,0.0,0.4492876976728437,4.0,actuator_motors,none,2676368,2003715,2.3,,C,,0.0,4.0,True,10.01276600677276,20.012851919055837,2.00016613624846,73.844528,69.53693600000004,,True,0.0,0.0,,main
ff64d244-0c91-4025-a1c1-604405795652,ok,17761023.0,v1.14-1.15,0.0,0.0,0.0,True,0.0,0.0,0.4513198152184486,4.0,actuator_motors,none,10144107,5845207,4.6,,A,,0.0,4.0,True,10.003890160961749,20.00392535911981,2.000000515090676,248.853558,239.3369489999998,,True,0.0,0.0,,main
ecfafc35-90c8-40f3-8ef3-a003e26fb20f,ok,17694975.0,v1.14-1.15,0.0,0.0342465753424657,0.0,True,0.9668547249647392,99.90036,1.0,4.0,actuator_motors,none,5548502,3544414,3.6,,B,,0.0,4.0,True,10.006956340491385,20.006547560062288,2.0000688820973758,146.172762,141.78861600000005,,True,0.0,0.0,,main
875f2a48-343f-4af1-a1fa-4894a4965a2e,ok,17761280.0,v1.14-1.15,0.0,0.0,0.1312292358803986,True,0.0029448885149347,0.4023059999999816,0.2769944608211515,4.0,actuator_motors,none,10396426,6754519,4.4,,A,,0.0,4.0,True,10.004243463135806,20.003891628374266,2.0000222669145717,240.164999,237.73988999999995,,True,0.0,0.0,,main
5b6635d3-6f24-4cff-927a-908c8d8c5e5b,ok,17761535.0,v1.14-1.15,0.0212765957446808,0.076595744680851,0.0,True,0.0,0.0,0.2096930801868438,4.0,actuator_motors,none,50069502,20585394,9.4,,B,,0.0,4.0,True,6.892528464098163,138.4956278998032,1.4666693354296927,128.730757,125.55015300000002,,True,0.0,0.14538729871461714,vehicle_attitude,main
2c5605c7-1711-4862-866b-1d2470015a8b,ok,17825792.0,v1.16+,0.0,0.0,0.0,True,0.0184992901188786,0.3292409999999961,0.370596170425415,4.0,actuator_motors,none,19758383,12569240,5.5,,C,,0.0,4.0,True,10.005926124656373,202.2862159568763,1.9999860000979994,169.347679,165.1662990000001,,True,0.0,0.0,,main
3bdd4ef5-4fe4-42d3-b032-4af60d39fd84,ok,17760256.0,v1.14-1.15,0.0,0.0,0.0,True,0.0395939086294416,3.899043999999989,0.4595095202186574,4.0,actuator_motors,none,3425879,2238150,2.6,,C,,0.0,4.0,True,10.009572061686407,20.009199281347975,2.000237102732387,100.90061,98.47039100000005,,True,0.0,0.0,,main
d6fbb6a4-2364-43ea-a007-f29ecd39d94a,ok,17761535.0,v1.14-1.15,0.0,0.0,0.1820040899795501,True,0.0698924731182795,4.500840000000011,0.3813577950000761,4.0,actuator_motors,none,3967741,2805264,2.6,,A,,0.0,4.0,True,10.0094145987199,20.009631932522552,2.000180139935077,97.271551,93.01149399999998,,True,0.0,0.0,,main
cf203c25-7f88-4731-ab5c-032dc86ce208,ok,17564416.0,v1.12-1.13,0.0,0.0,0.0,True,0.0,0.0,0.325,6.0,actuator_outputs,bus,4037804,2690972,4.3,,B,,,,False,10.00697402822227,20.005913486433663,2.007343472058437,134.1742,133.014904,True,True,0.0,0.0,,main
c83838c1-8676-433d-9dd7-af1c418575ca,ok,17630207.0,v1.12-1.13,0.0,0.0,0.0,True,0.0,0.0,0.1947999999999999,6.0,actuator_outputs,per_channel,3587461,2358202,3.8,,C,,,,False,10.00005914502679,20.00021591865662,1.9999524394871924,109.394426,104.520987,True,True,0.0,0.0,,main
f18bf2d6-0634-411f-85c1-84f4ff39ee67,ok,17826240.0,v1.16+,0.0,0.0,0.0,True,0.0,0.0,0.2592102050781248,4.0,actuator_motors,none,4635559,3496431,3.8,,C,,0.0,4.0,True,10.011042754039137,20.0104241238617,1.9998989783649752,93.823755,88.44752999999999,,True,0.0,0.0,,main
22436e7f-492b-441f-ab3b-14bbab1f022d,ok,17694720.0,v1.14-1.15,0.0,0.0,0.0,True,0.0781091311974886,2.002502000000049,0.60993592441082,4.0,actuator_motors,none,45324403,28181108,20.9,,B,,0.0,4.0,True,9.907179943242078,19.812540245246126,1.9808966658754428,1098.943572,1093.7498790000006,,True,0.0,0.009613969248467335,sensor_combined,main
7a483895-6201-4f66-af59-0c01218ae3df,ok,17695488.0,v1.14-1.15,0.6940298507462687,0.0,0.0,True,0.0,0.0,0.4934950299095362,4.0,actuator_motors,none,2756169,2013561,2.8,,B,,0.0,4.0,True,10.01629601521358,20.015771013925065,1.9997902658989424,62.159998,52.34247099999999,,True,0.0,0.0,,main
53863ea2-a094-4c59-a957-98e566575bdf,ok,17761280.0,v1.14-1.15,0.0,0.0,0.0,True,0.0,0.0,0.1815277375280857,4.0,actuator_motors,none,5983799,4032997,3.2,,C,,0.0,4.0,True,10.006932526126077,20.006489395432464,1.9999074007787345,142.947521,137.18919399999996,,True,0.0,0.0,,main
a2ebb6df-49c7-487f-930d-b61cd67fa67f,ok,17694975.0,v1.14-1.15,0.0,0.0,0.0,True,0.0189309576837416,0.500591,0.5730205342173575,5.0,actuator_motors,none,3964813,2915735,3.2,,B,,0.0,5.0,False,10.01000624465567,20.0095979197207,1.9999181507182104,95.38671,89.86705700000002,,False,0.0,0.0,,main
c1709db8-9ec5-4c74-8d98-72fc9e5796e3,ok,17433087.0,v1.12-1.13,0.0,0.0,0.0,True,0.0042414355628058,0.152082,0.4857142857142857,6.0,actuator_outputs,global,7737510,3965584,3.7,,A,,,,False,9.448075980775446,239.14763793875406,0.0,75.903378,67.780147,True,True,,0.043294989535501205,vehicle_attitude,main
85324e46-7f7f-41e5-bf71-6ce705fe3b4c,ok,17761535.0,v1.14-1.15,0.0,0.0,0.0,True,0.0,0.0,0.1183624118566513,4.0,actuator_motors,none,4895622,3190058,3.9,,C,,0.0,4.0,True,10.008042228384422,20.00806711140702,2.0000441783951985,124.432918,121.102768,,True,0.0,0.0,,main
66705865-6555-4077-852a-8d75706e6937,ok,17825920.0,v1.16+,0.0,0.1173184357541899,0.0,True,0.2766497461928934,8.398960000000002,1.0,4.0,actuator_motors,none,17319536,4932606,5.1,,B,,0.0,4.0,True,9.998880793534088,19.986850680768242,1.9999817351065636,83.487912,78.79667399999998,,True,0.0,0.0012499560569779271,sensor_combined,main
4531e907-7833-47d5-aa6c-49017f367bf4,ok,17694975.0,v1.14-1.15,0.0,0.0,0.0,True,,,,4.0,actuator_motors,none,10892023,5849773,7.3,,C,ground_only_actuator_motors,0.0,4.0,True,10.003795689138471,20.003768476338138,2.000031924608254,264.394212,0.0,,True,0.0,0.0,,main
9924920f-3ecc-4b6e-a27b-d2771f0eb297,ok,17695488.0,v1.14-1.15,0.0,0.0,0.0,True,0.0,0.0,0.2130445420742034,4.0,actuator_motors,none,15463373,9209224,8.6,,B,,0.0,4.0,True,9.98539122998209,170.50103722890503,1.985624964131513,140.278397,136.76632700000002,,True,0.0,0.0022952489820739696,sensor_combined,main
d3e5bdbf-ffeb-48ba-84d3-0442a6bc6671,ok,17891583.0,v1.16+,0.0,0.0,0.0,False,0.2655775425678785,9.30749999999999,1.0,4.0,actuator_motors,none,22474711,11580544,14.8,,B,,0.0,4.0,True,8.294120262108185,16.56135482163386,1.656325449974124,185.806834,152.75978199999992,,True,0.0,0.17453705852041138,estimator_innovation_test_ratios,main
c3516a86-b970-4d3d-932a-a371b79bcb1b,ok,17761280.0,v1.14-1.15,0.0,0.0,0.0,True,0.0,0.0,0.0530187681317329,4.0,actuator_motors,none,43786463,15154484,9.3,,B,,0.0,4.0,True,9.689592745611353,215.01714421304288,1.8489167127209727,86.530802,81.07068999999998,,True,0.0,0.03198867649978311,vehicle_attitude,main
bcc6e67a-e0d6-4bda-b86b-53d2c7cf2539,ok,17761280.0,v1.14-1.15,0.0,0.0,0.0,True,0.0,0.0,0.4756916891783476,4.0,actuator_motors,none,13819207,8829000,4.1,,A,,0.0,4.0,True,10.007854448325414,199.68880443036525,1.9999431545569246,127.874452,123.15328399999996,,True,0.0,0.0,,main
950c54d6-22c4-41ce-b275-fd17795656a9,ok,17564416.0,v1.12-1.13,0.0081632653061224,0.0,0.1131147540983606,True,0.0008568980291345,0.0886920000000017,0.801063829787234,6.0,actuator_outputs,bus,7595565,4356341,4.0,,C,,,,False,9.999571176976396,19.99914087503291,2.008205296391267,121.507108,116.76931400000005,False,False,0.0,0.0006284623921128948,sensor_combined,main
39dfff52-f646-4ce6-b61c-ab648f31cc09,ok,17761280.0,v1.14-1.15,0.0,0.0,0.0,True,0.0,0.0,0.218788668513298,4.0,actuator_motors,none,4293781,2866270,3.3,,C,,0.0,4.0,True,10.011804926391445,20.011612257209745,2.000109363555624,83.079622,79.15498500000001,,True,0.0,0.0,,main
ea2f976c-a76e-4f2d-892d-6e5d4957831c,ok,17694975.0,v1.14-1.15,0.0,0.0,0.0,True,0.7101226993865031,46.298259,1.0,4.0,actuator_motors,none,2886794,2231905,3.4,,B,,0.0,4.0,True,10.012825199435277,20.01067235859125,2.0000775812406,73.671884,65.19528499999998,,True,0.0,0.0,,main
58d67b85-fe6c-4754-a674-cc2a6db78e23,ok,402784511.0,,0.0,0.0,,True,,,,8.0,actuator_outputs,none,2205696,1230681,3.1,not_px4_v24,,ground_only_actuator_outputs,,,False,0.0,0.0,0.0,87.255279,0.0,False,False,,0.0,,main
0231bba5-b8b9-4add-a134-14066d6b433a,ok,34428672.0,,0.0,0.2083333333333333,0.0,False,0.1008610086100861,5.299768999999998,0.6592740163207054,4.0,actuator_motors,none,6639650,3819007,4.9,not_px4_v2,,,0.0,4.0,True,24.70297713120102,24.701592235996007,1.9760266994944145,83.409043,81.04814300000002,,True,0.0,0.011317828366130558,sensor_combined,main
077ec586-777f-4ad1-bd7c-82e239b2c111,ok,17630207.0,v1.12-1.13,0.0209003215434083,0.1045016077170418,0.0103626943005181,False,0.025262467191601,2.800873000000024,0.277,6.0,actuator_outputs,per_channel,10241801,6511714,12.6,,B,,,,False,10.00321409591841,20.003185075155717,1.9999832261569421,308.560045,303.811947,False,False,0.0,0.0,,main
44d8cdba-0a2c-4952-bba8-fa56f6d771d7,ok,17498880.0,v1.12-1.13,0.0,0.0,,True,0.0,0.0,0.398,8.0,actuator_outputs,global,123002025,65910730,28.3,,B,,,,False,99.98303115355999,200.26946590384932,0.0,477.121005,468.81939999999975,False,False,,0.0,,main
191527c6-342a-4d0d-8ce6-f654689552a7,ok,17694975.0,v1.14-1.15,0.0,0.0,0.0,True,0.0,0.0,0.4921245723962783,4.0,actuator_motors,none,25703332,10076277,14.5,,C,,0.0,4.0,True,6.5178330628362975,126.55777786600552,1.1999445797024832,71.738361,69.293354,,True,0.0,0.20068321703911088,vehicle_attitude,main
b6b22e80-2c26-4f19-b944-57d76e9220a7,ok,17891583.0,v1.16+,0.0,0.0,0.0,True,0.0207446808510638,9.898521999999955,0.1115244314074513,4.0,actuator_motors,none,70895876,21011206,27.4,,C,,0.0,4.0,True,10.001354119931062,20.001168971887484,2.0000099749340854,756.563725,752.067336,,True,0.0,0.0,,main
ec1f2c5d-fa15-432a-8fbe-59b28f91e94d,ok,17694976.0,v1.14-1.15,0.0,0.0,0.0,True,,,,4.0,actuator_motors,none,101458478,38945947,41.1,,C,ground_only_actuator_motors,0.0,4.0,True,9.479200963283043,189.43598559859464,1.905458145918072,265.167862,0.0,,True,0.0,0.05172614945296969,vehicle_attitude,main
69c12090-73ed-42e5-a8e7-273de4ef8727,ok,17694848.0,v1.14-1.15,0.0216216216216216,0.0,0.0,False,0.0,0.0,0.2160902328789234,4.0,actuator_motors,none,15737040,8481928,6.3,,B,,0.0,4.0,True,10.010451369723949,200.3208145868921,1.9998903796350151,91.574852,89.09728600000001,,True,0.0,0.0,,main
acea2a9e-097a-4594-942a-156dc0bfa648,ok,17760767.0,v1.14-1.15,0.0,0.0,0.0,True,0.0,0.0,0.2407518804073332,4.0,actuator_motors,none,9361513,6152564,4.4,,A,,0.0,4.0,True,10.004593571993913,20.004674280273136,2.0000201961950324,224.87969,218.23535800000008,,True,0.0,0.0,,main
81fdddcc-c8d2-4d44-893b-8c4643217e37,ok,17760511.0,v1.14-1.15,0.0,0.0,0.0,True,0.0015325670498084,0.1019459999999981,0.4568848013877868,4.0,actuator_motors,none,5445340,3631467,5.7,,A,,0.0,4.0,True,10.00722727308216,20.007247761174504,2.0000588817334783,137.860719,130.56775299999998,,True,0.0,0.0,,main
003e85ee-1152-4fdc-a6e5-e6291b9938d4,ok,17695743.0,v1.14-1.15,0.0,0.0,0.0,True,0.0029761904761904,0.098633999999997,0.6967776603996754,4.0,actuator_motors,none,5089873,3160532,5.7,,A,,0.0,4.0,True,10.00966396248313,20.00929290650423,2.000011807762019,104.400865,33.62705299999999,,True,0.0,0.0,,main
50de8271-7f60-489a-8be3-754839ac5d8b,ok,17564416.0,v1.12-1.13,0.0274841437632135,0.0274841437632135,0.0,True,0.9019438444924406,109.39971,0.9988571428571428,6.0,actuator_outputs,bus,6959201,4221433,4.0,,A,,,,False,9.999970372023538,19.995701790553177,1.9999788162920302,236.895365,231.47809099999998,False,False,0.0,0.00023212825129198487,sensor_combined,main
613ed6dd-0a1b-4628-9920-e64f319b17aa,ok,17891392.0,v1.16+,0.0,0.2361516034985422,0.0,True,0.0075,0.7999999999999972,0.0508956015110015,4.0,actuator_motors,none,48520481,20734835,12.4,,B,,0.0,4.0,True,124.99701848539058,249.99403697078117,100.0,167.22,160.05200000000005,,True,0.0,0.0,,main
cd6f7c53-64ae-4ca0-8686-ce8003f58934,ok,17564671.0,v1.12-1.13,0.0599078341013824,0.0,0.001841620626151,True,,,,6.0,actuator_outputs,none,12702532,6652207,6.1,,A,no_pwm_params,,,False,10.009453485594111,199.7643379108506,2.009305752361807,107.974677,103.67320900000001,False,False,0.0,0.0,,main
3d6425f2-10e8-4e1f-a52b-b93e5cc60025,ok,17629951.0,v1.12-1.13,0.0,0.0,0.0,True,0.0,0.0,0.26,6.0,actuator_outputs,per_channel,91262381,29370407,27.8,,A,,,,False,10.00493447704912,196.0201064044705,2.0000578980491004,193.394091,182.62508300000007,False,False,0.0,0.0,,main
605ef5d4-e0bf-44c2-b19a-a486653fff6b,ok,17695743.0,v1.14-1.15,0.0,0.0,0.0,True,0.0,0.0,0.4402284979820251,4.0,actuator_motors,none,4886666,3479222,3.2,,C,,0.0,4.0,True,10.008194482381862,20.007963344153012,1.9999802984396915,114.381426,105.68569899999999,,True,0.0,0.0,,main
66d64978-16c0-4e8d-bd32-e1c1176c253d,ok,17498623.0,v1.12-1.13,0.0,0.0,0.0,True,0.0,0.0,0.3751428571428571,6.0,actuator_outputs,global,2480450,1748060,2.9,,B,,,,False,9.776733254994125,19.55487697457279,4.894366369519942,84.577174,79.42977,True,True,0.0,0.02276224414275176,sensor_combined,main
4dba66e9-b5c0-44f3-b2a1-f06d437584ac,ok,17629952.0,v1.12-1.13,0.0,0.0,0.0,True,0.0,0.0,0.1522693514823912,4.0,actuator_motors,none,4359411,2708868,5.0,,A,,0.0,4.0,True,10.011080737055895,20.010431873899332,1.9999619679363474,91.839148,89.64667699999998,,True,0.0,0.0,,main
7c594443-05a9-4452-9ccd-73cec2c99d00,ok,17826303.0,v1.16+,0.0,0.0,0.0,True,0.0,0.0,0.1201537311077117,4.0,actuator_motors,none,8594555,5761913,5.7,,C,,0.0,4.0,True,10.005118692175401,20.005223728405653,2.0000143176512433,179.616868,174.02372200000002,,True,0.0,0.0,,main
278dd73b-5ef5-43f5-8de2-4107fc890133,ok,17630207.0,v1.12-1.13,0.0,0.0,0.0,True,0.0,0.0,0.206,6.0,actuator_outputs,per_channel,6342730,3966000,13.0,,B,,,,False,9.990000395788979,19.984596816095916,2.0000581139334637,196.044652,192.1815490000001,True,True,0.0,0.0005727886373953421,sensor_combined,main
d9355d93-d971-4807-983c-25bd139d9faf,ok,17826047.0,v1.16+,0.0,0.0,0.0,True,0.0,0.0,0.3237340319901705,4.0,actuator_motors,none,5924997,3982912,10.8,,A,,0.0,4.0,True,10.007378253839775,20.007228854417498,2.00000080000032,125.683409,119.61407299999998,,True,0.0,0.0,,main
45119151-7f80-4252-864e-fcaa3f245161,ok,17630207.0,v1.12-1.13,0.0,0.0,0.0942028985507246,True,0.0,0.0,0.6776,6.0,actuator_outputs,per_channel,3643794,2701789,3.1,,B,,,,False,10.011945889764908,20.01172864479445,2.0001082497611273,81.980818,80.89747100000002,True,True,0.0,0.0,,main
f5b1d76c-da1b-4d52-9119-7dbae0c72bb8,ok,17761023.0,v1.14-1.15,0.0,0.0,0.0,True,0.0,0.0,0.3278172314167022,4.0,actuator_motors,none,65771923,39533742,21.1,,B,,0.0,4.0,True,9.998104248274462,19.995581172540376,1.999364968405306,1586.543805,1583.0131289999997,,True,0.0,0.00028352042275234176,sensor_combined,main
e295682a-1a90-4d28-890f-5cec5b014c42,ok,17170944.0,v1.12-1.13,0.0,0.0,0.0,True,0.0,0.0,0.4927036635021743,4.0,actuator_motors,none,4406111,3119989,3.2,,B,,0.0,4.0,True,10.010486117752718,20.010477242296837,1.9998939841146055,93.401795,84.19595899999999,,True,0.0,0.0,,main
48030630-04ad-4620-bbe4-7c23a944488f,ok,17760768.0,v1.14-1.15,0.0,0.0,0.0,True,,,,4.0,actuator_motors,none,118144741,55168329,24.9,,C,ground_only_actuator_motors,0.0,4.0,True,10.00035194875769,20.000353031644575,1.9999999936496737,2835.535935,0.0,,True,0.0,0.0,,main
0c6b47bd-384a-44a7-8720-63805165a78e,ok,17695488.0,v1.14-1.15,0.0,0.0,0.0,True,0.0,0.0,0.1034988194704055,4.0,actuator_motors,none,6881133,4060450,4.0,,C,,0.0,4.0,True,10.006932314496787,20.00693809555953,2.000002885021583,144.115565,139.239989,,True,0.0,0.0,,main
c9dbf2fe-04b9-4f36-aab8-1d01fed8c69c,ok,17761280.0,v1.14-1.15,0.0,0.0,0.0,True,0.0,0.0,0.1880933940410613,4.0,actuator_motors,none,21678747,13435369,4.4,,A,,0.0,4.0,True,10.001635785853498,20.001627997455014,2.000011154667476,608.495741,604.1655829999999,,True,0.0,0.0,,main
9ad72388-bc79-4937-8a1c-dc7fd39a7937,ok,17695743.0,v1.14-1.15,0.0,0.0,0.0,True,,,,4.0,actuator_motors,none,3061046,2008608,3.6,,A,ground_only_actuator_motors,0.0,4.0,True,10.01317649791448,20.01320051020538,2.000134968011677,73.784102,0.0,,True,0.0,0.0008316743729760255,sensor_combined,main
a51cad4c-d3ee-4226-8eff-4b0d678e568c,ok,17695488.0,v1.14-1.15,0.0,0.0,0.0,True,0.0,0.0,0.0499275892972946,4.0,actuator_motors,none,10244920,6290944,6.1,,B,,0.0,4.0,True,10.003060994991355,20.003019308998127,1.9999487480666607,308.364386,305.933911,,True,0.0,0.0,,main
cd0f4b48-0057-416f-a790-7e8c49cdf47a,ok,16777727.0,v1.12-1.13,0.0,0.0,0.0,True,0.0,0.0,0.0928349882364273,4.0,actuator_motors,none,22456324,12535758,13.7,,C,,0.0,4.0,True,9.846445998503262,156.87693797716778,1.9718570144563512,200.499076,194.18438400000002,,True,0.0,0.01575321695630447,vehicle_attitude,main
1803c7eb-5d5b-4f1d-9a5f-705fe6a72b81,ok,17630207.0,v1.12-1.13,0.0,0.0,0.0,True,0.0,0.0,0.3429999999999999,6.0,actuator_outputs,per_channel,15166067,9204198,9.7,,C,,,,False,9.97112979598238,19.942258888647924,1.9968120286004738,311.660273,309.4686059999998,True,True,0.0,0.0030799155594666205,sensor_combined,main
2bdeed95-0d4b-44d4-ac32-14e081ec56fb,ok,17826559.0,v1.16+,0.048780487804878,0.0,0.0,False,0.0062849697248409,2.098169999999982,0.2193864285945891,4.0,actuator_motors,none,58460706,37311913,14.4,,A,,0.0,4.0,True,10.000758718104386,20.000757378750848,2.00000420368418,1306.324906,1304.0757040000012,,True,0.0,0.0,,main
80c85275-6272-497d-a194-41197409b881,ok,17761535.0,v1.14-1.15,0.0,0.0,0.0,True,0.0,0.0,0.3859370023012161,4.0,actuator_motors,none,4382986,3316419,3.0,,C,,0.0,4.0,True,10.009861640589644,20.009881818377114,1.999992895547625,101.167704,96.420049,,True,0.0,0.0,,main
e2450fec-95c2-4666-9cc4-19b88e1eed04,ok,17695488.0,v1.14-1.15,0.0,0.0,0.0,True,0.0,0.0,0.4091089308261871,4.0,actuator_motors,none,2931170,2279842,3.2,,C,,0.0,4.0,True,10.014346196550598,20.014341746449166,1.9999999130434818,69.343882,62.219970000000025,,True,0.0,0.0,,main
fc5fa47e-d478-44b3-8eef-831d0a09af64,ok,17630207.0,v1.12-1.13,0.025089605734767,0.0,0.0,True,0.0052005943536404,0.4003210000000052,0.38,6.0,actuator_outputs,per_channel,6219724,3680715,3.3,,C,,,,False,10.007049977484856,20.006826314771043,2.000113522688822,139.240001,134.64380800000004,True,True,0.0,0.0,,main
44d27924-2169-4506-a348-fc7d505820cf,ok,17695232.0,v1.14-1.15,0.0,0.0,0.0,True,0.0716814159292035,7.304011000000003,0.3414213955402374,4.0,actuator_motors,none,4241535,2725543,4.8,,C,,0.0,4.0,True,10.008214127049623,20.007947299338568,1.999987230850757,117.437867,112.99478700000004,,True,0.0,0.0,,main
24f6f17a-88f6-4c97-bfa8-db939f926588,ok,17761535.0,v1.14-1.15,0.0,0.0,0.0,True,0.0,0.0,0.172390878200531,4.0,actuator_motors,none,14754263,6933791,6.7,,C,,0.0,4.0,True,10.010630523775664,201.664689517908,2.000089498510307,91.034174,87.087041,,True,0.0,0.0,,main
7f7d6a9b-b429-48ca-81b4-1dfeb94ab32f,ok,67441920.0,,0.0,0.0,0.0,True,0.0,0.0,0.4426666666666666,6.0,actuator_outputs,bus,34965034,19301806,9.9,not_px4_v4,,,,,False,10.003292628390511,199.14355816026344,2.003333767388983,299.922071,294.05443099999997,True,True,0.0,0.0,,main
bad029eb-306b-47e0-8873-d549d76027e2,ok,17564671.0,v1.12-1.13,,,,,,,,,none,none,4766265,3044884,3.3,,A,no_land_topic,,,False,0.0,0.0,0.0,136.408575,0.0,,False,,0.0,,main
9890cc69-96c2-4046-8f33-336273d14c1a,ok,17826240.0,v1.16+,0.0,0.0677290836653386,0.0,True,0.0,0.0,0.1747175484895706,4.0,actuator_motors,none,15507761,9628898,5.4,,A,,0.0,4.0,True,9.935778024455427,200.68208582414132,1.9840246017765424,125.035209,117.69653500000005,,True,0.0,0.006997558494442266,vehicle_attitude,main
33bdaebb-4b31-4d0d-8f2f-9c3303497fdd,ok,17826047.0,v1.16+,0.0,0.0,0.0,True,0.8869524258125294,75.103365,1.0,4.0,actuator_motors,none,7476446,4555105,6.1,,B,,0.0,4.0,True,10.004668413957745,20.00450124377871,2.0000764658863672,216.061854,212.34295500000007,,True,0.0,0.0,,main
8ba2b3f5-cb0c-4d2d-bc3a-064070d0326e,ok,17761535.0,v1.14-1.15,0.854586129753915,0.0,0.0237136465324384,True,0.9293205654354764,391.702407,0.9138845726847648,4.0,actuator_motors,none,17751974,10751237,8.7,,A,,0.0,4.0,True,10.002224873673882,20.002234590362654,2.0000101883927086,446.243062,438.59123300000005,,True,0.0,0.0,,main
6513f98b-d4af-481c-b5c9-650ec853b284,ok,17891583.0,v1.16+,0.0,0.0,0.0,True,0.0597484276729559,0.3003290000000014,0.4547116011381149,4.0,actuator_motors,none,2974169,2386236,5.9,,C,,0.0,4.0,True,10.013307091114347,20.012462601975695,2.00003574349593,70.29288,63.65950099999999,,True,0.0,0.0,,main
2a3ebb0e-3704-4a6d-8e40-58b7f7cabe9a,ok,17694720.0,v1.14-1.15,0.0,0.0890207715133531,0.0,True,0.0,0.0,0.2333963662385936,4.0,actuator_motors,none,5712686,3743934,2.4,,B,,0.0,4.0,True,10.000312747074092,20.000018120616357,2.000048075001729,163.075053,152.2824370000001,,True,0.0,0.0,,main
e619608f-b2a3-41e7-80b4-411ef47a7aae,ok,17826047.0,v1.16+,0.0,1.0,0.0,True,,,,4.0,actuator_motors,none,75089633,43025963,17.7,,B,ground_only_actuator_motors,0.0,4.0,True,10.000522226767194,20.000500245942366,2.00000354145433,1906.651853,0.0,,True,0.0,0.0,,main
181808d6-4b85-456d-867f-71efd7449415,ok,17825984.0,v1.16+,0.0,0.0,0.0,True,0.000801282051282,0.0988829999999998,0.6292163435369728,4.0,actuator_motors,none,6040817,3421187,2.7,,B,,0.0,4.0,True,10.007898769123393,20.00787183735212,1.999957329035425,128.264822,124.77687899999995,,True,0.0,0.0,,main
f3b0ca30-6c50-49b8-9784-f942b7f41a4a,ok,17564416.0,v1.12-1.13,0.0,0.0,0.0,True,0.0,0.0,0.0943333333333328,6.0,actuator_outputs,bus,2989922,2037027,2.7,,C,,,,False,10.013892958862927,20.012557012730745,2.013701279053057,71.844222,68.09774199999997,True,True,0.0,0.0,,main
99f68bd7-6f22-4a98-ad20-5e43b63db11b,ok,17694720.0,v1.14-1.15,0.0452261306532663,0.0,0.0,True,0.0,0.0,0.1441840097308158,4.0,actuator_motors,none,16315222,3821385,5.2,,B,,0.0,4.0,True,9.938871516040994,19.86692921039846,94.51092375141332,96.888712,91.16408899999998,,True,0.0,0.004602384882352032,sensor_combined,main
14fc95cc-e0ac-43d9-ae8b-d970494cddb1,ok,17695487.0,v1.14-1.15,0.0,0.0,0.0984251968503937,True,0.0159936025589764,1.3936649999999997,0.17966268658638,4.0,actuator_motors,none,17963097,10574190,6.2,,C,,0.0,4.0,True,10.006513109206068,188.5282517703562,1.9999018002013749,151.81597,148.8078680000001,,True,0.0,0.0,,main
e76c06a4-e669-4ae6-bfaa-129bf4b26bf7,ok,17761023.0,v1.14-1.15,0.0,0.0,0.0,True,0.002213613724405,0.1030609999999967,0.4313618540763851,4.0,actuator_motors,none,7847288,5246038,4.4,,B,,0.0,4.0,True,9.93019736841611,19.84970051536221,1.9838295359107352,186.287307,182.02977100000004,,True,0.0,0.007916498539697824,sensor_combined,main
505d2a3b-e923-40f1-a282-2b309598610a,ok,17760768.0,v1.14-1.15,0.0,1.0,0.0,True,,,,4.0,actuator_motors,none,9259090,5155192,4.4,,C,ground_only_actuator_motors,0.0,4.0,True,10.004563626603938,20.004020154653443,1.999992125554016,239.375854,0.0,,True,0.0,0.0,,main
8066eff6-e039-4530-9ae1-19712141fa30,ok,17760768.0,v1.14-1.15,0.0,0.0,0.0,False,0.0031171751239204,0.12357,0.233382897078991,4.0,actuator_motors,none,30123298,8728897,8.3,,B,,0.0,4.0,True,5.038891585148021,95.11517043404223,1.0392611373817113,115.575062,112.82743899999998,,True,0.0,0.4765187232190376,vehicle_attitude,main
d19ecb79-8949-44a4-8921-88159a8c5404,ok,17694720.0,v1.14-1.15,0.0,0.0,0.1420454545454545,True,0.22473604826546,1.300228999999998,0.6311072289943694,4.0,actuator_motors,none,3072926,2504987,5.3,,B,,0.0,4.0,True,10.014306458206235,20.01290739676343,2.00004794359531,69.806682,66.282127,,True,0.0,0.0,,main
3e959850-239b-405a-ae6d-54b778d22093,ok,17761535.0,v1.14-1.15,0.0,0.0,0.0,True,0.0,0.0,0.0916029214859008,4.0,actuator_motors,none,4871034,3086615,6.7,,B,,0.0,4.0,True,10.006266847660687,20.00559326503817,2.000020564314007,156.346404,152.12313600000002,,True,0.0,0.0,,main
51310d23-eec4-4c54-86af-ae795e91df19,ok,17761280.0,v1.14-1.15,0.0,0.0,0.0,True,0.0,0.0,0.2895753011107445,4.0,actuator_motors,none,14471044,7486586,7.0,,C,,0.0,4.0,True,10.00970827740385,200.55550373328612,1.9999419254958968,105.120027,101.45137100000002,,True,0.0,0.0,,main
4ca4ce24-1503-4181-8d7f-18e21ca2e3c9,ok,17564416.0,v1.12-1.13,,,,True,,,,,none,none,2192011,1265089,2.1,,B,ground_only_none,,,False,10.01219848285847,10.011491762330047,0.0,81.106794,0.0,,False,,0.0,,main
1f8cb6de-87da-4b96-839f-f270302c0741,ok,255.0,,0.0,0.0,0.0,True,0.0,0.0,0.2316110432147979,4.0,actuator_motors,none,2924243,2273871,2.7,not_px4_v0,,,0.0,4.0,True,10.014169450121056,20.01350814355643,1.9998320141108146,66.485621,44.130037999999985,,True,0.0,0.0,,main
ce93a5a7-0388-4507-8c3f-31ca657af619,ok,17891392.0,v1.16+,0.0,0.0124378109452736,0.0,True,0.0,0.0,0.26727294921875,4.0,actuator_motors,none,132622584,50666041,45.5,,B,,0.0,4.0,True,9.404430352808658,187.97817348799276,1.8703698681414243,216.326443,212.13320500000006,,True,0.0,0.06325004804592811,vehicle_local_position,main
b2d1a5f3-4601-4720-9c36-4be0dc58df69,ok,17499135.0,v1.12-1.13,0.0,0.0,0.0,True,0.0,0.0,0.3605,8.0,actuator_outputs,global,3715211,2662229,2.5,,B,,,,False,10.000253032338975,20.00050606467795,4.990531260226262,103.925991,94.63705100000001,False,False,0.0,0.0,,main
72aa3008-fe4b-43ed-869e-f2aec481b1a1,ok,17761535.0,v1.14-1.15,0.0,0.0,0.0,True,0.0,0.0,0.2944682538509369,4.0,actuator_motors,none,4304520,3005055,3.5,,C,,0.0,4.0,True,10.008984064095932,20.008953406380755,1.9999764625885659,99.541732,92.57042700000001,,True,0.0,0.0,,main
f34325c7-871e-4660-9fbc-ed0547ec70c8,ok,17761280.0,v1.14-1.15,0.0,0.0,0.0,True,0.0,0.0,0.2444178730249404,4.0,actuator_motors,none,11992360,8040332,5.1,,C,,0.0,4.0,True,10.002828698253206,20.002906497960605,1.9999709258884966,322.386218,316.6824389999999,,True,0.0,0.0,,main
0fa2b31f-c2c5-4dd3-a10c-5a27b90590ea,ok,17760511.0,v1.14-1.15,0.0,0.1540697674418604,0.0,True,0.0,0.0,0.1635962232947349,4.0,actuator_motors,none,23343674,9849922,10.1,,C,,0.0,4.0,True,9.944619991255054,19.89305628660478,1.9876689230651257,163.604839,76.416359,,True,0.0,0.005676583680973767,sensor_combined,main
1c1e95ba-e135-4f55-9bea-d48516d2a133,ok,17563904.0,v1.12-1.13,0.0,0.0,0.0,True,0.0,0.0,0.307625,6.0,actuator_outputs,bus,3304665,2402939,2.5,,C,,,,False,10.012143369628394,20.011228822204714,2.012292036826662,81.369213,73.96027300000004,True,True,0.0,0.0,,main
9d19d89f-b880-41ae-afde-5aa7318c4555,ok,17629951.0,v1.12-1.13,0.9972826086956522,0.0,0.0,True,,,,,actuator_outputs,none,6605698,3843090,6.6,,B,ground_only_actuator_outputs,,,False,10.005483994782502,20.00547616861422,2.005531133986205,183.833626,0.0,False,False,0.0,0.0,,main
2e16f5b7-98a8-48b1-ab27-3fbeba06a4ed,ok,17761023.0,v1.14-1.15,0.0,0.0,0.0,True,0.0,0.0,0.3609863400459286,4.0,actuator_motors,none,3355156,2546820,4.9,,C,,0.0,4.0,True,10.013066617664265,20.012317866828763,1.999881756991118,80.391654,77.50699800000002,,True,0.0,0.0,,main
a3093fa2-dc90-474c-a455-a89a6e50c975,ok,17761535.0,v1.14-1.15,0.0,0.0,0.1802507836990595,True,0.0144874638515315,0.7208509999999961,0.2756782962009302,4.0,actuator_motors,none,17855498,8986611,9.4,,A,,0.0,4.0,True,10.007369948807511,136.98484210518714,2.0001541851139546,127.015372,124.68691799999996,,True,0.0,0.0,,main
c94d273b-ef8b-45c2-9b27-92e89c168738,ok,67441920.0,,0.0,0.0,0.0117739403453689,True,0.0,0.0,0.4586666666666666,6.0,actuator_outputs,bus,29107102,16731319,11.7,not_px4_v4,,,,,False,10.003930413021541,199.1627614351509,2.003929729775734,254.196035,246.67825799999977,True,True,0.0,0.0,,main
c2340815-aaa3-4b96-a52a-89ae71ae30e2,ok,17629952.0,v1.12-1.13,0.1323828920570264,0.0,0.0,False,0.0,0.0,0.8479499999999996,6.0,actuator_outputs,per_channel,6361466,3880362,10.1,,C,,,,False,10.00663271231763,20.006531987286703,2.000071133616048,134.231412,125.98501399999996,True,True,0.0,0.0,,main
8272f62a-aed4-4fb9-b758-f1e0de762dc3,ok,17760256.0,v1.14-1.15,0.0,0.0,0.0,True,,,,4.0,actuator_motors,none,12998152,7132899,10.0,,B,ground_only_actuator_motors,0.0,4.0,True,10.002550510052474,20.002545349856696,1.9999676802975708,356.516981,0.0,,True,0.0,0.0,,main
00d29a7c-aae8-4f50-ae8b-9befe5c69e1e,ok,16842752.0,v1.12-1.13,0.0,0.0,0.0,True,,,,6.0,actuator_outputs,global,146227200,57239111,28.3,,C,ground_only_actuator_outputs,,,False,9.8158593785336,31.566075319909938,0.0,3561.98483,0.0,False,False,,0.0030988304451484445,sensor_combined,main
cf4e7b94-493e-4810-bc41-79b1eee57942,ok,17760384.0,v1.14-1.15,0.0,0.3906810035842294,0.0,True,,,,4.0,actuator_motors,none,27561927,11510398,17.3,,C,ground_only_actuator_motors,0.0,4.0,True,125.0,249.99281464662434,100.00143669904028,139.344,0.0,,True,0.0,0.0,,main
46daecd3-c785-40c4-a5a0-6993a0917800,ok,17826047.0,v1.16+,0.0,0.0,0.0,True,,,,4.0,actuator_motors,none,11282404,7099193,5.3,,B,ground_only_actuator_motors,0.0,4.0,True,10.004170029856738,20.004168903814147,1.9999968935330088,239.58444,0.0,,True,0.0,0.0,,main
d35756a5-5a9b-4ee1-b697-3fc4fcf6d335,ok,17891392.0,v1.16+,0.0,0.2237196765498652,0.0,True,0.0,0.0,0.0593458235263823,4.0,actuator_motors,none,53054741,21385009,10.0,,A,,0.0,4.0,True,124.99446927127119,249.98893829782526,100.00553097345131,180.312,175.83200000000002,,True,0.0,0.0,,main
1f42fbb7-119b-4f37-98b6-973b14ea5710,ok,17694975.0,v1.14-1.15,0.0,0.0,0.0,True,0.0,0.0,0.2820993080735207,4.0,actuator_motors,none,4878046,3370795,4.3,,A,,0.0,4.0,True,10.008641798970158,20.008760117575058,1.9999860433874375,116.107549,114.66478000000001,,True,0.0,0.0,,main
4375436c-177b-4e51-82bb-7e15780c437a,ok,17761535.0,v1.14-1.15,0.0,0.0,0.0,True,0.0257069408740359,0.8012900000000016,0.2632996439933777,4.0,actuator_motors,none,3159336,2393366,3.5,,A,,0.0,4.0,True,10.012135165980785,20.013375830646005,1.999966640012236,73.979679,38.95629,,True,0.0,0.0,,main
e051da1d-f39c-4e56-852c-aec0d67b370e,ok,67441920.0,,0.0,0.0,0.0,True,0.0,0.0,0.448,6.0,actuator_outputs,bus,27529938,15355519,7.5,not_px4_v4,,,,,False,10.004541677292224,198.79076364276432,2.004183949475686,239.07399,231.68117099999995,True,True,0.0,0.0,,main
96a6a5a2-265c-4625-be62-f0298f3b0501,ok,17695232.0,v1.14-1.15,0.0,0.0,0.0,True,0.0,0.0,0.3877759695053099,4.0,actuator_motors,none,5718331,3328817,3.0,,C,,0.0,4.0,True,10.00623871115357,20.00632920010725,2.0045527457068473,145.148096,142.44938299999998,,True,0.0,0.0,,main
acd0e88f-8aef-4ee5-9bd3-414fffef6a62,ok,17825984.0,v1.16+,0.0,0.0,0.0,True,0.0,0.0,0.0951561629772186,4.0,actuator_motors,none,4953729,3395265,4.1,,B,,0.0,4.0,True,10.008065425486244,20.00812164382362,2.0000945106899906,120.846623,118.077137,,True,0.0,0.0,,main
179aaf1c-ec5a-4d3d-a7fb-0124de461a1f,ok,17694720.0,v1.14-1.15,0.0,0.0,0.0149925037481259,True,0.0,0.0,0.150861145555973,4.0,actuator_motors,none,15142081,9088542,5.4,,C,,0.0,4.0,True,10.007451528859649,210.60695088154594,1.9999231576694665,132.970878,128.374003,,True,0.0,0.0,,main
539017fa-459b-4bbe-a8a6-3b01577a919f,ok,17826240.0,v1.16+,0.0,0.0,0.0,True,0.0,0.0,0.2619522809982288,4.0,actuator_motors,none,9501529,6159827,5.5,,A,,0.0,4.0,True,10.011029674289697,200.05278382762307,2.0000124719878873,89.216057,84.70926099999998,,True,0.0,0.0,,main
0065ac7c-8524-4e9f-b160-4af46f8a4f1d,ok,17694720.0,v1.14-1.15,0.7530120481927711,0.0,0.0,True,0.0,0.0,0.0851028740406036,4.0,actuator_motors,none,7670767,5032662,3.7,,B,,0.0,4.0,True,10.013214048233822,200.75976171360588,2.0000498583857556,70.361442,66.220577,,True,0.0,0.0,,main
34b917b2-3270-419f-b043-804fe009614c,ok,17695488.0,v1.14-1.15,0.0,0.0,0.0,True,,,,4.0,actuator_motors,none,15137594,7039551,7.0,,C,ground_only_actuator_motors,0.0,4.0,True,10.003474702184304,20.003438154753006,2.0000286917696277,283.754846,0.0,,True,0.0,0.0,,main
1fa0aa95-def8-4ed0-af5b-9e27607f87f5,ok,17891583.0,v1.16+,0.0,0.0,0.0,True,0.0008849557522123,0.0977440000000058,0.2812677159905433,4.0,actuator_motors,none,5125238,3769742,13.3,,B,,0.0,4.0,True,10.008604745960508,20.00871140612255,2.000144731502889,116.426628,112.98276300000002,,True,0.0,0.0,,main
65d57e91-3dcd-431d-90f1-9b58bb008b17,ok,17761535.0,v1.14-1.15,0.0,0.0,0.0,True,0.0,0.0,0.1136590808629989,4.0,actuator_motors,none,21272748,13430941,23.6,,C,,0.0,4.0,True,10.005164065277665,199.75799598123675,1.9999996795866146,193.859704,183.44999000000004,,True,0.0,0.0,,main
dd46e974-4450-44e4-adc5-462eb61c7ba1,ok,17826047.0,v1.16+,0.0,0.0,0.0,True,0.0,0.0,0.2694569759070873,4.0,actuator_motors,none,42702016,13808873,22.6,,C,,0.0,4.0,True,9.985427961198283,192.42007295283656,2.0000453833827434,68.587034,61.14934099999999,,True,0.0,0.0011324220587558848,vehicle_attitude,main
7f4c42b1-0968-4ccb-b794-20703920d727,ok,17760768.0,v1.14-1.15,0.0,0.0,0.0,True,0.0,0.0,0.2355727847607341,4.0,actuator_motors,none,5437990,3387195,3.1,,C,,0.0,4.0,True,10.007249887472126,20.007311580749487,1.999952044315369,139.368864,136.69486199999997,,True,0.0,0.0,,main
5db9c0c2-085d-4a8d-aa82-834828c1cf04,ok,17629952.0,v1.12-1.13,0.0,0.0,0.0,True,0.0,0.0,0.2204372495412826,4.0,actuator_motors,none,207064870,95607629,46.6,,B,,0.0,4.0,True,9.907039311878258,217.79152358695376,1.978965341215403,1473.668024,1466.6391669999987,,True,0.0,0.009338085987474126,vehicle_attitude,main
d5a89981-f29c-4f6f-bcc4-e6996eb5c153,ok,17694720.0,v1.14-1.15,0.0,0.0,0.0,False,0.0,0.0,0.2751749888062477,4.0,actuator_motors,none,6062863,1909144,6.4,,A,,0.0,4.0,True,3.3915911689355283,6.897578165017898,44.15391032037945,75.791477,92.06963499999996,,True,0.0,0.6309834041129235,vehicle_local_position,main
b0ccb181-d01f-40cc-98e1-bd00bc79e7de,ok,17760511.0,v1.14-1.15,0.0,0.0,0.0,True,0.0,0.0,0.1707194030284881,4.0,actuator_motors,none,7407997,4671377,5.7,,B,,0.0,4.0,True,9.903760415069634,169.2186164531996,1.98602044376113,72.234876,67.62322800000003,,True,0.0,0.013700997890553195,vehicle_attitude,main
14970cd9-b570-4f23-93e9-326bf2f93cf1,ok,17498304.0,v1.12-1.13,0.0,0.0,0.0,True,,,,4.0,actuator_motors,none,14854468,7394780,9.7,,B,ground_only_actuator_motors,0.0,4.0,True,10.00726521115603,199.5037473026055,1.9999079404926516,126.264383,0.0,,True,0.0,0.0,,main
ee1d85c7-4a22-40f7-ad1f-976218777741,ok,17564671.0,v1.12-1.13,0.0,0.0,0.0,False,0.0,0.0,0.2029999999999999,6.0,actuator_outputs,bus,48541673,26307127,10.5,,C,,,,False,10.00089179802667,20.000859217079164,2.0009364977054904,1077.375749,1070.1763999999991,True,True,0.0,0.0,,main
a78c6b48-6aeb-43a2-9a83-6c0423644c29,ok,17695743.0,v1.14-1.15,0.0,0.0,0.0,True,0.0012798634812286,0.1025039999999961,0.5413883745670318,4.0,actuator_motors,none,9782777,6381737,4.6,,C,,0.0,4.0,True,10.004027225270965,20.004239219681352,2.0000042802639375,235.718704,234.39508,,True,0.0,0.0,,main
e26b6285-8a55-4102-b1fd-770bad10d8e6,ok,17564671.0,v1.12-1.13,0.0,0.0,0.0,True,,,,4.0,actuator_outputs,bus,10125312,5545297,5.2,,A,ground_only_actuator_outputs,,,False,9.830327973671384,219.4564352764529,1.9999437361800096,107.021918,0.0,True,True,0.0,0.012887414792980192,vehicle_attitude,main
0b83b8a3-5efc-4735-b72e-234c07f85a9f,ok,17694975.0,v1.14-1.15,0.0,0.0,0.0,True,0.0,0.0,0.1457151636481284,4.0,actuator_motors,none,2683753,2153933,4.8,,C,,0.0,4.0,True,10.015467802053431,20.015536867739954,1.9999915039120608,64.826704,53.44265600000001,,True,0.0,0.0,,main
3624f40e-502e-4ad3-b201-c710215109a0,ok,17761535.0,v1.14-1.15,0.0,0.0,0.0,True,0.0,0.0,0.2501945793628692,4.0,actuator_motors,none,12927449,8119166,11.5,,C,,0.0,4.0,True,10.003337778229042,20.00317273527505,2.0000072335205257,310.734663,302.0529949999997,,True,0.0,0.0,,main
0fc4c32c-f968-4db6-a862-7c198cb7808d,ok,17761280.0,v1.14-1.15,0.0,0.0,0.0,True,0.0687567506111079,5.986509000000012,0.422387021780014,4.0,actuator_motors,none,53646764,33004232,12.1,,A,,0.0,4.0,True,10.002102581136153,200.2539862634918,1.9999722326177514,499.896033,495.83130599999976,,True,0.0,0.0,,main
d2b464bf-9f01-44d3-8a72-93e88463bcd7,ok,17761535.0,v1.14-1.15,0.0763888888888889,0.0,0.0,True,0.0,0.0,0.3398279845714569,4.0,actuator_motors,none,3002091,2248731,2.8,,B,,0.0,4.0,True,10.013059195678313,20.013431359610863,2.0001357574661673,71.57979,67.86556900000002,,True,0.0,0.0,,main
b5d60e27-3826-4a80-bbf8-0d33a5adcb83,ok,17694720.0,v1.14-1.15,0.0102564102564102,0.0256410256410256,0.0,True,0.0,0.0,0.2593875527381897,4.0,actuator_motors,none,11260658,6317861,4.1,,C,,0.0,4.0,True,9.97931393267167,196.30203723242516,1.9999941799111167,94.693704,92.96752000000001,,True,0.0,0.000575760980969977,sensor_combined,main
79898088-b667-48d1-b5d1-6caf788c35c8,ok,17760767.0,v1.14-1.15,0.0,0.0,0.0,True,,,,4.0,actuator_motors,none,6225920,3679070,9.9,,A,ground_only_actuator_motors,0.0,4.0,True,10.00598886018715,20.006210329064654,2.000044403501537,159.784149,0.0,,True,0.0,0.0,,main
28498723-92ee-4e62-a43b-693249bbeb8b,ok,17694975.0,v1.14-1.15,0.0,0.0,0.2408824853669518,True,0.0503985797927726,2.831505999999999,0.3809252455830574,4.0,actuator_motors,none,43682253,24771120,13.4,,B,,0.0,4.0,True,9.993316806280111,118.7202418104501,2.000051014814736,444.120675,441.4927679999997,,True,0.0,0.0003119496087643423,vehicle_attitude,main
0ef7420c-ab59-429d-bc14-84bcdb814023,ok,17695488.0,v1.14-1.15,0.0,0.0,0.0,True,0.0,0.0,0.3059545159339905,4.0,actuator_motors,none,40487517,25404221,15.9,,B,,0.0,4.0,True,10.002835686286662,199.99717537008996,2.0000000113636363,352.534621,347.5697909999996,,True,0.0,0.0,,main
c6145644-299b-499b-823d-66426a397c75,ok,17826047.0,v1.16+,0.0,0.0,0.0,True,0.0,0.0,0.3010913319885731,4.0,actuator_motors,none,3090609,2549666,3.5,,C,,0.0,4.0,True,10.015022383874431,20.014949086131196,1.9998499962138179,66.420612,58.599945,,True,0.0,0.0,,main
2b1714aa-a02d-48c3-8ea6-4b94eaff8c4e,ok,17826047.0,v1.16+,0.0,0.0,0.0,True,0.0018712230436516,0.080173000000002,0.4602238759398461,4.0,actuator_motors,none,85578493,50025944,23.9,,A,,0.0,4.0,True,9.85568227080776,199.19698330970047,1.9756696836396903,699.172075,694.804455,,True,0.0,0.014666822768283962,vehicle_attitude,main
1f92fa36-3a98-4d98-aaff-a93d8703467f,ok,17694975.0,v1.14-1.15,0.9685990338164252,0.0,0.0,False,0.0,0.0,0.3811247825622558,4.0,actuator_motors,none,8870134,4931203,6.0,,A,,0.0,4.0,True,10.004754245807693,20.004425009455538,1.999999155875656,209.011434,204.3646739999999,,True,0.0,0.0,,main
90d6442f-69ce-4b91-a785-527ea0e322f8,ok,17761023.0,v1.14-1.15,0.0,0.0,0.0,True,0.0,0.0,0.1446447670459747,4.0,actuator_motors,none,4405275,3173122,4.8,,A,,0.0,4.0,True,10.010598721396278,20.00978288207311,1.9997683601649474,96.8948,92.66434599999998,,True,0.0,0.0,,main
7ef568dd-30b1-497e-ab22-a540f50106c6,ok,17761280.0,v1.14-1.15,0.0,0.0,0.0,True,0.0018814675446848,0.2008359999999953,0.2372260302305221,4.0,actuator_motors,none,4512477,3154910,5.6,,B,,0.0,4.0,True,10.009031598521888,20.009018298228977,2.000025853545208,109.161996,106.312559,,True,0.0,0.0,,main
4d90ca3e-c2c1-4236-95d0-6b8129a413d4,ok,17760512.0,v1.14-1.15,0.0,0.0,0.0,True,0.0006016847172081,0.0977890000000005,0.3179583542048929,4.0,actuator_motors,none,7857570,5314238,6.1,,C,,0.0,4.0,True,10.005335061860873,20.005450214629487,2.0000641991621495,172.896724,166.2667020000001,,True,0.0,0.0,,main
254087b2-bddd-4571-9958-9cbbdbd82f34,ok,17826047.0,v1.16+,0.0,0.0,0.0,True,0.0,0.0,0.162553995847702,4.0,actuator_motors,none,67788476,25932084,12.7,,B,,0.0,4.0,True,9.999982241760096,199.83132762214578,1.9999957830597386,147.814519,142.04972999999998,,True,0.0,0.0,,main
fa19a157-9f3f-4a82-8140-2891c83d8f8a,ok,17825984.0,v1.16+,0.0,0.0,0.0,True,0.0,0.0,0.2070433437824249,4.0,actuator_motors,none,11243127,6735198,5.7,,C,,0.0,4.0,True,10.010358511266995,202.85933976013033,1.9999318467669551,90.199841,84.79330600000003,,True,0.0,0.0,,main
9fe21f97-e07e-4769-8039-3af0722139b4,ok,17760384.0,v1.14-1.15,0.0,0.0,0.0,True,0.0,0.0,0.3213585495948787,4.0,actuator_motors,none,21268301,14051776,6.9,,C,,0.0,4.0,True,10.004859726980282,199.3789286999901,1.9999917290314946,185.089342,178.19599799999997,,True,0.0,0.0,,main
20c920ca-dacf-4f75-b173-e0e01bf23ca0,ok,17760256.0,v1.14-1.15,0.0,0.0,0.0,True,0.0,0.0,0.13452875521034,4.0,actuator_motors,none,7282350,4199867,6.4,,B,,0.0,4.0,True,10.01559174034052,200.0383162040729,1.9999504402525048,61.965825,56.96703900000001,,True,0.0,0.0,,main
9bad6dd9-14c0-4a9f-97a9-df8b842c9872,ok,17761535.0,v1.14-1.15,0.0,0.1096153846153846,0.0,True,0.0,0.0,0.1697614192962646,4.0,actuator_motors,none,10656036,7142558,7.6,,B,,0.0,4.0,True,9.911853104297109,19.81963260274206,1.98089028234539,260.59846,256.73426400000005,,True,0.0,0.009596410775735711,vehicle_local_position,main
07f71c59-8b05-49c5-99f7-b8257f25c36c,ok,17825920.0,v1.16+,0.0,0.0,0.0,True,0.0,0.0,0.1691530406475067,4.0,actuator_motors,none,50488105,31230767,12.4,,B,,0.0,4.0,True,10.000892489431502,20.000828088937062,2.000004911074966,1152.482481,1146.5103570000015,,True,0.0,0.0,,main
b52ee298-d038-4f3c-a73a-2edec6b52c2b,ok,17956928.0,v1.16+,0.0,0.0212765957446808,0.0,True,0.0,0.0,0.3872636258602142,4.0,actuator_motors,none,52188359,30286033,26.0,,B,,0.0,4.0,True,10.00095877717552,20.00094710279236,1.9999997787743145,1003.705795,500.0373829999999,,True,0.0,0.0,,main
3636c110-5591-44df-9802-2467ac30f88b,ok,17694720.0,v1.14-1.15,0.0,0.0,0.0,True,,,,,actuator_motors,none,7659546,4538241,3.5,,B,ground_only_actuator_motors,0.0,0.0,False,10.003819330678603,20.003847718395086,1.9999995843138119,255.555847,0.0,,False,0.0,0.0,,main
5870f5ca-2106-4f77-b044-7f897f67bc33,ok,17760256.0,v1.14-1.15,0.0,0.0,0.0,True,0.0,0.0,0.4290690749883653,4.0,actuator_motors,none,9823528,6246849,3.7,,B,,0.0,4.0,True,10.003875912064752,20.003822157472108,1.9999283181510898,253.881649,246.8514369999999,,True,0.0,0.0,,main
d081a129-3936-4204-88c8-62fed9ae4d25,ok,17694975.0,v1.14-1.15,0.0,0.0,0.0,True,0.0,0.0,0.112780088186264,4.0,actuator_motors,none,2891921,2122728,2.4,,A,,0.0,4.0,True,9.534461919778554,19.040763104785235,1.9195481399786585,74.92254,65.41823300000001,,True,0.0,0.048066022871962835,sensor_combined,main
996bdb97-9e64-4e4e-aff1-68205889b246,ok,17694975.0,v1.14-1.15,0.5030674846625767,0.0,0.5652797704447633,False,0.2143385070214338,4.797664999999995,0.6041163086891174,4.0,actuator_motors,none,4903019,3354179,1.3,,B,,0.0,4.0,True,9.999514503858533,19.999852957010862,1.9999750650590808,139.767749,134.62242500000002,,True,0.0,0.0,,main
84939c37-98c1-4f9d-9230-4a066fdc8cd4,ok,17761280.0,v1.14-1.15,0.0,0.0,0.0,True,0.0,0.0,0.2570014595985412,4.0,actuator_motors,none,12051821,7528607,6.0,,B,,0.0,4.0,True,10.008440657738113,199.64997217531325,2.0000546148246823,113.471301,108.35467799999999,,True,0.0,0.0,,main
70ca4524-eefb-4820-a075-c5f63ad00595,ok,17761280.0,v1.14-1.15,0.0,0.0,0.0,True,0.0,0.0,0.3851036787033081,4.0,actuator_motors,none,24975042,15917544,7.2,,B,,0.0,4.0,True,10.00391291260346,198.8112316869686,2.0000201289579502,233.68127,228.32865399999974,,True,0.0,0.0,,main
14e8fa8c-7ff0-479f-b8bb-c6aee340ad23,ok,17629696.0,v1.12-1.13,0.0,0.0,0.0,True,,,,,none,none,5598581,3535623,6.7,,C,ground_only_none,,,False,9.930336944846466,19.844497061982242,1.9923278786858685,130.272614,0.0,,False,0.0,0.00851253643700336,vehicle_attitude,main
fc0fbd14-5794-4327-a396-70e1fcde7c1f,ok,17564416.0,v1.12-1.13,0.0,0.0338983050847457,0.0129668049792531,True,0.0,0.0,0.2152941176470588,6.0,actuator_outputs,bus,31335754,18048157,11.1,,B,,,,False,10.001241209949773,20.001239225825845,2.001270201784415,770.450897,649.7628019999995,False,False,0.0,0.0,,main
1386e28a-4ea5-4437-bf4d-adc369622e81,ok,17825792.0,v1.16+,0.0,0.0,0.0,True,0.072488304744932,0.0416769999999928,0.6214902266860007,4.0,actuator_motors,none,27998924,17571886,10.5,,B,,0.0,4.0,True,10.004033315379939,197.95060446711602,1.9999990845365014,242.850384,235.67510400000003,,True,0.0,0.0,,main
4678e5e2-4806-4d5f-a780-89ec63a357ec,ok,17694975.0,v1.14-1.15,0.9267015706806284,0.0,0.0,True,0.106290672451193,7.400249000000002,1.0,4.0,actuator_motors,none,2968402,2073342,2.5,,B,,0.0,4.0,True,10.009968770184893,20.009928184303405,1.9999633087812434,93.085091,92.21148299999997,,True,0.0,0.0,,main
e875657f-2757-41c1-b00e-f4d839a4c82e,ok,18350080.0,v1.16+,0.0071428571428571,0.1142857142857142,0.0,True,0.0417981072555205,2.898127000000001,0.4458041011355815,4.0,actuator_motors,none,5085570,3485679,3.6,,B,,0.0,4.0,True,10.007288953525462,20.007548159577247,2.0026784030197042,133.567774,126.76862100000004,,True,0.0,0.0,,main
503141ae-f6a3-4663-aad3-800eddbdf471,ok,17630207.0,v1.12-1.13,0.0,0.032,0.0,True,0.0034013605442176,0.199802,0.2670281946659087,4.0,actuator_motors,none,7656491,4494612,5.3,,C,,0.0,4.0,True,9.999652576173315,285.72533365377694,2.000035452241323,62.046244,58.762644999999985,,True,0.0,0.0,,main
19613ed0-cb98-4c46-aee6-9c4d8b7103d5,ok,255.0,,0.0,0.0192307692307692,0.0,True,0.0,0.0,0.1991112358868123,4.0,actuator_motors,none,7213512,4536901,5.8,not_px4_v0,,,0.0,4.0,True,10.006548381387729,20.00633249137904,2.0000223948995925,149.43561,148.16098299999993,,True,0.0,0.0,,main
bd39af0a-4147-416e-b624-afb9c889b953,ok,17825792.0,v1.16+,0.0,0.0,0.0,True,0.0,0.0,0.1652857095003128,4.0,actuator_motors,none,31068303,12900643,18.1,,C,,0.0,4.0,True,10.005757413100994,197.7219469583848,1.9999630406830082,175.116873,172.20106699999988,,True,0.0,0.0,,main
7c5dcc5b-f531-48f4-b4ed-0d99a55fc082,ok,17630207.0,v1.12-1.13,0.0,0.0,0.0,True,0.0,0.0,0.1039999999999999,6.0,actuator_outputs,per_channel,40181941,21544296,12.2,,B,,,,False,10.000896254120205,20.000865169216553,2.000001333334222,1078.887848,1073.309444000001,True,True,0.0,0.0,,main
ec4fb978-6216-485b-9cd6-1d65e6c3e97d,ok,17760256.0,v1.14-1.15,0.0,0.0,0.0,True,,,,4.0,actuator_motors,none,66120454,35771621,15.2,,C,ground_only_actuator_motors,0.0,4.0,True,10.000585738565263,20.000531682068157,1.9999958139350342,1709.116407,0.0,,True,0.0,0.0,,main
36834cf1-0786-462d-9928-a2e9f9b17a57,ok,17695743.0,v1.14-1.15,0.0,0.0,0.0,True,0.0016920473773265,0.0989399999999989,0.5837350524961948,4.0,actuator_motors,none,2679360,2171111,4.1,,B,,0.0,4.0,True,10.014554833053136,20.015606823940004,1.9997767413429068,67.007674,59.12626100000002,,True,0.0,0.0,,main
e46a43bc-7294-4886-ab33-0072a8387a94,ok,17825792.0,v1.16+,0.0,0.0,0.0,True,0.0292437483448719,2.2818520000000007,0.4621772328391652,4.0,actuator_motors,none,10475763,6671077,4.8,,C,,0.0,4.0,True,10.009721199468707,199.69712373302667,1.9998920696545814,93.907058,92.51805599999999,,True,0.0,0.0,,main
ff4819a4-e4da-4121-b30e-e39de96aaba1,ok,17367040.0,v1.12-1.13,0.0,0.0,0.0,True,0.0,0.0,0.2428839415311812,4.0,actuator_motors,none,13125611,7988153,5.2,,C,,0.0,4.0,True,10.002914296803052,20.002331306200517,1.9999568696801322,320.586521,317.81709300000034,,True,0.0,0.0003975593042737455,sensor_combined,main
b093c2db-0741-4d29-b612-0ccbf7141369,ok,17694720.0,v1.14-1.15,0.0,0.0,0.0,True,0.222543352601156,5.901717999999999,0.9999999423747729,4.0,actuator_motors,none,3512546,2506385,2.8,,C,,0.0,4.0,True,10.014208197589046,20.014482574300914,1.9999608399276096,71.55637,69.18472899999999,,True,0.0,0.0,,main
3aa1034e-5da2-4989-a018-d95de037a281,ok,17826240.0,v1.16+,0.0,0.0,0.0,True,0.0,0.0,0.1092889547348022,4.0,actuator_motors,none,6805767,2605023,3.7,,B,,0.0,4.0,True,9.98373442949753,19.968792969741592,1.9999218400916419,67.928711,62.767944,,True,0.0,0.0022410334331178757,sensor_combined,main
b76d81e4-282c-4e3c-a77a-b7dcb6ab6679,ok,17761535.0,v1.14-1.15,0.0,0.0,0.0,True,0.0459697732997481,4.795290000000023,0.6237113820094783,4.0,actuator_motors,none,5603612,3653915,3.5,,B,,0.0,4.0,True,10.005411005867536,20.00579981689409,1.999960888264879,160.704003,158.8069130000001,,True,0.0,0.0,,main
b8dee24f-24b1-4477-a41e-f4b06a69f3c7,ok,17695488.0,v1.14-1.15,0.1163166397415185,0.0,0.0,True,0.1449886474213428,4.799243999999987,0.1424859523773192,4.0,actuator_motors,none,11109109,6811411,6.6,,B,,0.0,4.0,True,10.003035281964651,20.00311101692248,1.9999825379946523,311.176476,308.2950389999999,,True,0.0,0.0,,main
71e2b054-2464-4455-8ed2-03d2ae475e88,ok,17694720.0,v1.14-1.15,0.0,0.0,0.0,True,0.1912643289915345,21.623083,0.8039268374443048,4.0,actuator_motors,none,19667749,12227113,12.1,,C,,0.0,4.0,True,10.005843999748874,219.88806287541692,1.999902240072853,170.019875,165.79317499999996,,True,0.0,0.0,,main
38144e9c-cbe9-4b4d-af12-b28785cee1d8,ok,403308799.0,,0.0,0.0,0.0,True,,,,8.0,actuator_outputs,none,7741440,3593427,9.6,not_px4_v24,,no_pwm_params,,,False,9.711169095867337,9.71636740897595,4.864018262767237,200.90222,10.945463,False,False,0.0,0.028584987687786566,sensor_combined,main
ba01db16-31cd-4a96-bd84-f341a15f43fa,ok,17563904.0,v1.12-1.13,0.0,0.0,0.0,True,0.0,0.0,0.6383333333333333,7.0,actuator_outputs,bus,38674528,19085436,16.1,,B,,,,False,10.001129502139754,20.001129551259655,2.0011310116927317,885.668422,582.4901669999999,False,False,0.0,0.0,,main
2b518b3a-a5a6-49cf-966e-e3021bb3c77f,ok,17760512.0,v1.14-1.15,0.0,0.0,0.1509677419354838,True,0.0006972904064818,0.0647299999999972,0.1550051867961882,4.0,actuator_motors,none,183488871,62276641,32.1,,C,,0.0,4.0,True,9.996655491326248,252.5292583615872,1.996813512138484,309.814223,308.40124399999996,,True,0.0,0.00030635672183270264,sensor_combined,main
6baeaa5e-5f24-4aa4-a3c8-e25e0574514c,ok,17760512.0,v1.14-1.15,0.0,0.0,0.0,True,0.0,0.0,0.1527361869812011,4.0,actuator_motors,none,14921156,9024111,6.1,,C,,0.0,4.0,True,10.006554527796691,164.16404536222703,2.0000360006480116,149.464791,143.013655,,True,0.0,0.0,,main
e7fc6d68-29e2-4120-b5f5-09b08612e35b,ok,17826240.0,v1.16+,0.0,0.0,0.0,True,0.0,0.0,0.2371186017990112,4.0,actuator_motors,none,14224989,8539692,5.7,,C,,0.0,4.0,True,9.842302820506001,198.97821764370397,1.9648604013383326,114.340613,109.29367300000001,,True,0.0,0.014765893743544528,sensor_combined,main
d7f4393c-236c-4751-adda-48a2d9da117e,ok,17761280.0,v1.14-1.15,0.0,0.0503778337531486,0.0,True,0.0,0.0,0.3446420565247532,4.0,actuator_motors,none,11462075,6025618,4.1,,B,,0.0,4.0,True,10.007968526213885,20.004779636597046,1.9999990400004608,125.199482,120.75984000000001,,True,0.0,0.0017122605958050459,sensor_combined,main
34b708b0-856a-4062-b3b7-706a83db55c4,ok,17826559.0,v1.16+,0.0,0.0,0.0,True,0.0,0.0,0.1695529460906982,4.0,actuator_motors,none,11205931,6934414,4.6,,C,,0.0,4.0,True,10.009465288725142,157.1702643776258,2.0000081887127727,106.054826,96.04680100000006,,True,0.0,0.0,,main
e1cd3b39-67db-457e-9642-ee317a27e5e2,ok,17694975.0,v1.14-1.15,0.0,0.0,0.0,True,0.0,0.0,0.2557946443557739,4.0,actuator_motors,none,49003149,30597558,22.9,,B,,0.0,4.0,True,10.000815466819988,20.000814444929382,1.9999928696617104,1223.53097,1219.3398710000004,,True,0.0,0.0,,main
d2269bad-c86e-499a-8937-e2902dfa09a7,ok,18285568.0,v1.16+,0.0,0.0,0.0,True,0.0,0.0,0.2786666666666667,6.0,actuator_outputs,bus,156311855,72555315,50.2,,C,,,,False,9.88920245411094,197.84635178612442,1.9779716689764926,1231.081129,618.3944040000005,False,False,0.0,0.01129197954289409,vehicle_attitude,main
7b81781e-3c16-4421-8f20-fe6ba06bcc20,ok,17826240.0,v1.16+,0.0,0.0,0.0,True,0.0,0.0,0.1069426447153091,4.0,actuator_motors,none,144511131,39419675,50.4,,C,,0.0,4.0,True,9.072383140252073,167.0406634943248,1.844047782299482,186.221631,174.07425999999998,,True,0.0,0.08388735716035266,vehicle_attitude,main
7a2ae88a-f161-4961-99f6-f5eb7d315434,ok,17760256.0,v1.14-1.15,0.0,0.0,0.0,True,0.0,0.0,0.2919793248176574,4.0,actuator_motors,none,4730364,3358233,9.6,,A,,0.0,4.0,True,10.0092447166926,20.009316025708074,2.000026075106306,107.358939,102.44989600000001,,True,0.0,0.0,,main
063b7ea7-487e-4431-a293-1bbee351bb82,ok,33554752.0,,0.0140977443609022,0.0,0.0,True,0.0,0.0,0.1460946381092071,4.0,actuator_motors,none,195716812,78140116,77.2,not_px4_v2,,,0.0,4.0,True,9.98795252945479,200.22993489325978,9.985998642024413,998.186797,503.1328129999996,,True,0.0,0.001523740167195103,sensor_combined,main
0bad16c7-a0a5-4c49-b7cc-fd0dcedffd2c,ok,17761280.0,v1.14-1.15,0.0,0.0,0.0086775425199583,True,0.0,0.0,0.1889617979526519,4.0,actuator_motors,none,171651699,70485470,37.4,,C,,0.0,4.0,True,10.000867178743414,199.99911510344234,1.9999996474164754,1151.804972,277.54001000000005,,True,0.0,0.0,,main
3a298da1-ef73-4bfb-a76c-225be8a9ca4a,ok,17891583.0,v1.16+,0.0,0.0,0.0,True,0.0,0.0,0.1960320234298705,4.0,actuator_motors,none,2870233,1907469,9.8,,C,,0.0,4.0,True,10.01052653188935,20.010892836914575,2.0000594108556813,88.211645,85.68697800000001,,True,0.0,0.0,,main
414f0f0d-e5b4-4bb3-85cf-c3d98a89ed20,ok,17825984.0,v1.16+,0.0,0.1,0.0,True,0.0010024727661565,0.0285590000000013,0.0768343955278396,4.0,actuator_motors,none,11608489,6505507,17.7,,B,,0.0,4.0,True,9.998884169048669,156.98673615115158,2.0001045449994264,107.667263,104.76348700000003,,True,0.0,0.0005163886046290626,vehicle_attitude,main
60d2a43e-f1d4-499e-9279-afcda838297e,ok,17367232.0,v1.12-1.13,0.0,0.0,0.0,True,0.0155610155610155,0.8134569999999997,0.4537142857142857,6.0,actuator_outputs,global,11907463,7234716,16.8,,C,,,,False,9.732440665196465,31.094990442444047,0.0,380.718214,376.76648399999993,False,False,,0.010143328265785368,sensor_combined,main
32ee8126-0523-454c-a410-59c637166ab4,ok,17891392.0,v1.16+,0.0,0.0,0.0,True,0.0,0.0,0.1973824858194457,4.0,actuator_motors,none,27642880,9486800,14.7,,C,,0.0,4.0,True,10.007111396886332,204.7214801256251,1.9999732138419,133.510349,131.56222699999992,,True,0.0,0.0005920654804129116,vehicle_attitude,main
686b681c-6269-4266-9102-0c8396bc24e4,ok,17498367.0,v1.12-1.13,0.0,0.1596638655462184,0.0,True,0.0,0.0,0.2494857142857139,6.0,actuator_outputs,global,1760919,1223615,2.1,,B,,,,False,9.799818424556817,19.581694638216767,4.916459240303702,59.750215,56.217999,True,True,0.0,0.02215659324370723,sensor_combined,main
4c22c09c-4f85-4621-8f2e-87920afe2552,ok,17630207.0,v1.12-1.13,0.0,0.0,0.0,True,0.0,0.0,0.618,6.0,actuator_outputs,per_channel,4736134,3109835,3.3,,B,,,,False,10.007815465434602,20.007345257777438,1.9999562842888858,120.169981,118.70354300000004,True,True,0.0,0.0,,main
5928b10b-10c5-4ec7-97d3-c886b8050b72,ok,17761535.0,v1.14-1.15,0.0,0.0,0.0,True,0.0,0.0,0.4245372414588928,4.0,actuator_motors,none,3056358,2229855,4.3,,B,,0.0,4.0,True,10.013100264239457,20.011952138414667,2.0000319501959343,79.570577,70.06645399999996,,True,0.0,0.0,,main
09265529-69ac-48a8-8c72-91c036ae1853,ok,17629951.0,v1.12-1.13,0.0032520325203252,0.0,0.0,True,0.0,0.0,0.2582857142857143,6.0,actuator_outputs,bus,29186622,16795432,32.6,,B,,,,False,10.003089943824882,200.31054900707852,2.0000294373264755,309.422355,307.2577000000002,False,False,0.0,0.0,,main
65aaf21b-1cf7-4d1b-bf4a-f59079ee1755,ok,17760256.0,v1.14-1.15,0.0,0.0,0.0,True,0.0,0.0,0.1463583111763,4.0,actuator_motors,none,7965018,4601374,4.2,,B,,0.0,4.0,True,10.005974789341623,20.005652368665775,2.0000049620376275,158.362849,150.59665899999993,,True,0.0,0.0,,main
23941d64-c72f-469b-909d-40810ad43d1f,ok,17630207.0,v1.12-1.13,0.0,0.0,0.0,True,0.0,0.0,0.3018639013171196,4.0,actuator_motors,none,21942403,12463000,7.9,,B,,0.0,4.0,True,9.882717790621173,218.2132951532518,1.9804157665252167,153.283196,146.271486,,True,0.0,0.01185519930073871,vehicle_attitude,main
4a897844-3455-4af3-ab1e-fe75c9c053ac,ok,17564416.0,v1.12-1.13,0.0,0.0176537585421412,0.0,True,0.0,0.0,0.2023529411764705,6.0,actuator_outputs,bus,33908424,19611078,46.5,,C,,,,False,9.9999744710242,19.99999122066906,2.00114092735767,888.03572,641.0626809999993,False,False,0.0,6.254485351696583e-05,sensor_combined,main
b9178f82-b4f7-4c37-ba17-3b26f0bbb07d,ok,17760768.0,v1.14-1.15,0.0,0.0,0.0,True,0.0,0.0,0.2060513854026793,4.0,actuator_motors,none,4076029,2635229,15.1,,A,,0.0,4.0,True,10.009108377121043,20.008479312121757,2.0000363562164307,112.814711,111.37802200000007,,True,0.0,0.0,,main
130a1b5f-e3c2-42b2-a7d1-425fedfc1137,ok,17825984.0,v1.16+,0.0,0.0,0.0,True,,,,4.0,actuator_motors,none,7234570,4344573,17.7,,B,ground_only_actuator_motors,0.0,4.0,True,10.005683865110823,20.00496050455116,2.0013119369482055,182.631987,0.0,,True,0.0,0.0,,main
f0927ba6-2474-4f2a-ab2f-7c8ba496358f,ok,17761535.0,v1.14-1.15,0.0,0.0892018779342723,0.0,True,0.0,0.0,0.1663971841335296,4.0,actuator_motors,none,11421092,7273012,4.3,,A,,0.0,4.0,True,9.723767202884238,167.2894785106697,1.9535760881546118,108.383519,103.41014999999993,,True,0.0,0.028450066959094845,vehicle_local_position,main
83ecf4b3-bd8f-40ba-a07c-08a55364a7b2,ok,17695743.0,v1.14-1.15,0.0,0.0,0.0,True,0.0,0.0,0.2035093036802666,4.0,actuator_motors,none,75931753,36404371,33.5,,C,,0.0,4.0,True,10.001174082358697,161.04177336587694,2.000013285997971,731.426716,728.0547160000007,,True,0.0,0.0,,main
2913bdd6-cc37-4f30-8120-b22ee09e3a15,ok,17694975.0,v1.14-1.15,0.0,0.0,0.0,True,0.0464177598385469,3.6022180000000006,0.8875379191450825,4.0,actuator_motors,none,8272220,4509901,3.3,,C,,0.0,4.0,True,10.000871504516821,20.004947199291543,2.0004897218995277,198.364815,197.72999899999996,,True,0.0,0.0,,main
2f5a22e3-8d48-42a9-85f5-1f9efd71fe3a,ok,17760384.0,v1.14-1.15,0.0,0.0,0.0,True,0.0,0.0,0.135413372516632,4.0,actuator_motors,none,15497781,10629984,5.0,,A,,0.0,4.0,True,10.005289776165942,20.00530266690813,1.999937766642438,170.100995,161.95610299999996,,True,0.0,0.0,,main
f2daf264-9320-44c4-84f8-abefa9118bd2,ok,17695743.0,v1.14-1.15,0.0,0.0,0.0,True,0.0137931034482758,0.102487,0.6936109870672224,4.0,actuator_motors,none,2757657,1935246,2.5,,B,,0.0,4.0,True,9.999034456170854,19.999374681931165,1.9998749948266221,77.006726,72.43228899999998,,True,0.0,0.0,,main
a49a6762-b3de-48e5-9799-37cdff61e282,ok,17761023.0,v1.14-1.15,0.0,0.0,0.0,True,,,,4.0,actuator_motors,none,255361788,96899759,80.7,,B,ground_only_actuator_motors,0.0,4.0,True,9.924381978124579,189.3473710986008,1.9850558978757686,2341.939004,0.0,,True,0.0,0.007613161336938837,vehicle_attitude,main
f9113f8a-729a-4dbb-bd26-b90b464558a2,ok,17760256.0,v1.14-1.15,0.0,0.0,0.0,False,0.0,0.0,0.3185350492596626,4.0,actuator_motors,none,2508581,1434984,3.5,,C,,0.0,4.0,True,10.016182040144178,20.01618284920573,2.000328348979645,61.67928,59.41001299999999,,True,0.0,0.0,,main
74a61f75-3614-4022-9ccc-04a04048334b,ok,17630207.0,v1.12-1.13,0.0,0.0,0.0,True,0.0,0.0,0.694,6.0,actuator_outputs,per_channel,9238970,4702427,4.4,,C,,,,False,9.872235211194463,197.04132795410212,1.9743069336531336,78.31453,44.45168499999998,True,True,0.0,0.015278988730970725,vehicle_local_position,main
c55d1140-0c6e-4a64-a134-b6c5a9170626,ok,17760256.0,v1.14-1.15,0.0,0.0,0.0,False,0.0,0.0,0.1165519654750823,4.0,actuator_motors,none,3675642,2989166,4.5,,B,,0.0,4.0,True,9.999634848900403,19.97499315877786,2.000043780099432,82.092526,78.42786100000001,,True,0.0,0.0017834331247611175,sensor_combined,main
5c250b87-42d7-46b7-9919-09e1fc2273e6,ok,17826047.0,v1.16+,0.0,0.2916666666666667,0.0,True,0.0,0.0,0.2328669786453247,4.0,actuator_motors,none,3732521,3223337,3.5,,B,,0.0,4.0,True,10.013397508641667,20.01291980697866,2.0001946483127684,71.502554,66.83331,,True,0.0,0.0,,main
c920dd50-fa09-4350-99e9-93c6180d68cb,ok,17695488.0,v1.14-1.15,0.0325732899022801,0.0,0.0329380764163372,False,0.0181945416375087,2.001760000000018,0.0967284694314002,4.0,actuator_motors,none,5391603,3312892,5.3,,C,,0.0,4.0,True,10.006681506126492,20.00676269503516,2.00011953032213,151.691543,142.29157899999993,,True,0.0,0.0,,main
12785732-ca83-48e8-bfb0-5e36228e7b22,ok,17694720.0,v1.14-1.15,0.0,0.0,0.0,True,0.0,0.0,0.1073953583836555,4.0,actuator_motors,none,12055113,3061732,6.6,,B,,0.0,4.0,True,10.014329608644852,20.01343368674383,121.84195538269232,67.612944,64.75501799999999,,True,0.0,0.0,,main
80ab724b-d75d-467a-91bb-29e8f17f4f12,ok,17695488.0,v1.14-1.15,0.0005145356315924,0.0,0.0,True,0.018348623853211,0.5005130000000122,0.3601305991411206,4.0,actuator_motors,none,87997927,40797457,16.5,,B,,0.0,4.0,True,10.000517688669271,20.000500688470293,2.000002096121446,1945.887023,32.789305000000006,,True,0.0,0.0,,main
a7eb96d8-6bbd-420c-b6be-b2e2af23d3fb,ok,17761023.0,v1.14-1.15,0.0,0.0,0.0,True,0.0040195772154535,0.1844929999999998,0.2295848727226256,4.0,actuator_motors,none,18425695,11689650,11.6,,B,,0.0,4.0,True,10.00571510648385,218.79230880818525,1.9999208996802782,174.382814,168.970507,,True,0.0,0.0,,main
ed5551ed-0c36-4314-bb29-83864c59346c,ok,17761280.0,v1.14-1.15,0.0,0.0,0.0069400630914826,True,0.0005739882051051,0.1687509999999861,0.1000695541501044,4.0,actuator_motors,none,35000651,21950941,9.6,,B,,0.0,4.0,True,10.002841842731103,199.9999627431239,1.9999992658230543,316.753111,310.9798560000001,,True,0.0,0.0,,main
728f6981-81ad-4be6-9a9c-d058cf2c62cb,ok,17630207.0,v1.12-1.13,0.0,0.0298507462686567,0.0,True,0.0,0.0,0.4428499999999997,6.0,actuator_outputs,per_channel,2871124,2139115,2.5,,B,,,,False,10.015723315673847,20.01378257127064,1.9999493243609656,65.462087,62.81209000000001,False,False,0.0,0.0,,main
399d7715-66b9-4d1a-8c70-90eccae74cb2,ok,17695488.0,v1.14-1.15,0.0,0.0,0.0,True,0.0,0.0,0.0731898292899131,4.0,actuator_motors,none,9261115,5822109,4.1,,C,,0.0,4.0,True,10.004143001884795,20.004030954987414,1.9999961603127152,262.59387,253.84289200000003,,True,0.0,0.0,,main
332fb065-a9ff-498c-81f0-ee7818ef6895,ok,17695743.0,v1.14-1.15,0.0,0.0623441396508728,0.0,True,0.5794684731631058,10.402501,0.656008858414868,4.0,actuator_motors,none,8684015,5380835,6.0,,C,,0.0,4.0,True,10.004957461379972,20.004956431177632,2.0,201.347459,191.93997799999988,,True,0.0,0.0,,main
0c59d545-998d-4fe4-b53a-bb8e62cc1579,ok,17695743.0,v1.14-1.15,0.2947761194029851,0.0,0.0,True,0.0,0.0,0.2306772843003273,4.0,actuator_motors,none,29797182,16917179,8.8,,C,,0.0,4.0,True,10.003179648581263,139.48260825390904,1.9999607619638564,268.316607,263.4276770000002,,True,0.0,0.0,,main
13ce8057-9420-4638-b2a6-2226c65f76c2,ok,17761280.0,v1.14-1.15,0.0,0.0,0.0,True,0.0,0.0,0.2026998072862625,4.0,actuator_motors,none,12421818,7299655,8.5,,B,,0.0,4.0,True,10.008586871399801,199.93326976847354,2.000191980148908,104.483735,97.81999599999997,,True,0.0,0.0,,main
fee09d7b-0d44-47c7-902b-ff42866bafd9,ok,17891583.0,v1.16+,0.0,0.2291666666666666,0.0,True,0.0,0.0,0.0997281223535537,4.0,actuator_motors,none,6896602,4638303,2.4,,A,,0.0,4.0,True,9.993805472002448,19.987422062724313,1.9939398773187582,165.89993,159.35587199999992,,True,0.0,0.0011778929501235283,sensor_combined,main
59ea56ea-22f9-4895-9557-848eea753c6a,ok,17891392.0,v1.16+,0.0,0.0462633451957295,0.0,True,0.0,0.0,0.0799902826547621,4.0,actuator_motors,none,32828441,16694791,6.2,,B,,0.0,4.0,True,125.0,250.0,100.00431207957224,138.66,134.36,,True,0.0,0.0,,main
2c12c9d8-0080-4eec-93b0-6a77cb3096bb,ok,17891583.0,v1.16+,0.0,0.0,0.0,False,0.0610382201939532,6.00136599999999,0.7566140443086615,4.0,actuator_motors,none,7077888,4737742,3.4,,B,,0.0,4.0,True,10.005800580307481,20.00554934122433,1.9999649838532996,179.476526,174.3998139999999,,True,0.0,0.0,,main
9cfe7f77-7e90-4185-a6fe-e90c207e01ac,ok,16842880.0,v1.12-1.13,0.0,0.0,0.0,True,0.0,0.0,0.1989046871662139,4.0,actuator_motors,none,7234962,4355143,3.8,,C,,0.0,4.0,True,10.01486576888486,200.8754720144566,1.9998331831458613,65.432424,59.967530999999994,,True,0.0,0.0,,main
5e23e6c6-9686-452a-b34a-c561e1f964e2,ok,17630207.0,v1.12-1.13,0.0,0.0,0.0,True,0.0014381591562799,0.3002209999999934,0.168,6.0,actuator_outputs,per_channel,9316968,5365526,3.1,,B,,,,False,10.004643934838855,20.004548903014005,1.9999918691919338,214.339026,208.51529300000004,True,True,0.0,0.0,,main
713fc89c-849e-4809-8baa-f63b0b9283f7,ok,17564671.0,v1.12-1.13,0.0,0.0,0.0,True,0.0238095238095238,0.7974530000000044,0.4091999999999999,6.0,actuator_outputs,bus,5514463,3828032,3.9,,B,,,,False,9.815135507968998,19.621774346188566,1.9689727726198198,129.414037,128.49366099999997,True,True,0.0,0.020031828024885786,vehicle_local_position,main
bc2a2eb9-d421-4bca-8b06-6bfdbff65893,ok,17695743.0,v1.14-1.15,0.0483460559796437,0.0,0.1727447216890595,True,0.0,0.0,0.2187395103275775,4.0,actuator_motors,none,4498831,3129644,2.9,,C,,0.0,4.0,True,10.009794969369644,20.0090981754194,1.9999553439922708,104.159411,100.82601499999997,,True,0.0,0.0,,main
d2362109-9b4c-4a27-8565-438406939c5f,ok,17760511.0,v1.14-1.15,0.015,0.0,0.0,True,0.0,0.0,0.4177876338362694,4.0,actuator_motors,none,4020309,2935068,6.2,,B,,0.0,4.0,True,10.009337843629202,20.00942666322801,1.9999651881059446,96.643606,86.56107399999996,,True,0.0,0.0,,main
cd98b6d2-1bf1-4bc2-8355-ce265f63577e,ok,17629952.0,v1.12-1.13,0.0,0.0,0.0,True,0.0,0.0,0.0,6.0,actuator_outputs,bus,11442218,6305437,7.3,,A,,,,False,10.010360467456636,205.81780998878943,2.000096661081713,97.541981,93.78943199999999,False,False,0.0,0.0,,main
37b9dc50-0af5-4dd8-abf9-4f3f35d45e96,ok,17891392.0,v1.16+,0.0,0.5373406193078324,0.0,True,0.0,0.0,0.0061024725437164,4.0,actuator_motors,none,82961694,31265800,13.9,,C,,0.0,4.0,True,124.99999999999999,249.99999999999997,100.0043884029139,272.964,267.536,,True,0.0,0.0,,main
190653c8-518d-4ae4-95ae-75868722cb98,ok,17891583.0,v1.16+,0.0,0.0,0.0,True,0.0,0.0,0.1098732247948646,4.0,actuator_motors,none,5279105,3628679,5.3,,B,,0.0,4.0,True,10.008970292197128,20.00844347708951,1.999969576220386,116.011767,111.91235400000004,,True,0.0,0.0,,main
909cde39-34c0-4414-a3e6-923c73f6bbd3,ok,17760511.0,v1.14-1.15,0.0,0.0,0.0,True,0.0,0.0,0.1848510295152663,4.0,actuator_motors,none,7199173,5054528,4.7,,C,,0.0,4.0,True,9.971319857388595,19.943069777053722,1.9943720515638623,177.582267,172.3610780000001,,True,0.0,0.0033811702527976537,vehicle_attitude,main
0c4ce502-30bb-42eb-8ee8-287d0e9a1426,ok,17761535.0,v1.14-1.15,0.0,0.0,0.0,True,0.0030778164924506,0.219776000000003,0.2375516772270201,4.0,actuator_motors,none,50949369,19237087,16.5,,C,,0.0,4.0,True,9.532100938594205,192.6316080253215,1.8639527681908126,96.192773,89.50031999999999,,True,0.0,0.04623057933953519,vehicle_attitude,main
754088d0-e608-459b-a006-1c51d6b9331a,ok,17629952.0,v1.12-1.13,0.0,0.0,0.0,True,0.0,0.0,0.6499264553189277,4.0,actuator_motors,none,2756508,1942376,3.1,,B,,0.0,4.0,True,10.014445912519951,20.01540830081745,1.999963038277082,66.953703,63.213687,,True,0.0,0.0,,main
914df007-07d7-4ed7-aa70-9dfedec697d5,ok,17761023.0,v1.14-1.15,0.0,0.0,0.0,True,0.0,0.0,0.266481539607048,4.0,actuator_motors,none,3412379,2721007,2.4,,C,,0.0,4.0,True,10.011420108818635,20.01196830617661,1.9999939632084054,81.413866,76.23356999999999,,True,0.0,0.0,,main
77d5ea0c-51ce-487e-92b2-a1d04d97030f,ok,17825984.0,v1.16+,0.0,0.0,0.0,True,0.0655307994757536,1.101348999999999,0.4583192378282545,4.0,actuator_motors,none,3717815,3032386,3.5,,B,,0.0,4.0,True,10.011747566468292,20.01246161532703,2.000098770309645,81.319637,76.31979800000002,,True,0.0,0.0,,main
dab48eaf-6842-4641-a6d4-a15332348f30,ok,17891392.0,v1.16+,0.0,0.8045112781954887,0.0880681818181818,True,0.00625,0.3987929999999995,0.0784612834453582,4.0,actuator_motors,none,3203518,2488686,2.7,,A,,0.0,4.0,True,10.014067482404236,20.013865057934222,2.0000838596311796,70.322335,64.04993000000002,,True,0.0,0.0,,main
b593d60e-ad03-4a98-b55d-8db0e2de6544,ok,17761535.0,v1.14-1.15,0.0,0.0,0.0,True,0.0,0.0,0.1902841418981552,4.0,actuator_motors,none,57571636,15702255,9.8,,B,,0.0,4.0,True,9.24104620199178,119.41258224280371,1.8226146139623924,102.802496,97.38363799999998,,True,0.0,0.04999743095274833,vehicle_attitude,main
7f881726-acd5-4494-a3d0-83dc9debc327,ok,17826559.0,v1.16+,0.0,0.0,0.0,True,0.0,0.0,0.1384546339511871,4.0,actuator_motors,none,5581168,3830483,5.5,,C,,0.0,4.0,True,10.007628415455633,20.007506339234695,2.000069823449245,128.845269,120.01839199999995,,True,0.0,0.0,,main
d07a4d7d-fe2c-4fda-92ae-426d1a509211,ok,17695743.0,v1.14-1.15,0.0,0.0,0.0,True,0.0,0.0,0.2441715434193611,4.0,actuator_motors,none,25609791,15597218,6.0,,B,,0.0,4.0,True,10.0039271604116,197.81534910472007,1.999950284460249,229.985708,225.75660899999997,,True,0.0,0.0,,main
5d906a39-38ba-4028-af68-8c93a3534202,ok,17630207.0,v1.12-1.13,0.0,0.0,0.0,True,,,,4.0,actuator_outputs,per_channel,6194484,3666616,3.6,,C,ground_only_actuator_outputs,,,False,9.968976181721265,19.9371010796892,1.9947801239545953,193.774859,0.0,True,True,0.0,0.0036328391600628125,vehicle_attitude,main
491cf015-ca76-4216-80b1-ce5dbf1197af,ok,17825984.0,v1.16+,0.241025641025641,0.0923076923076923,0.0,True,0.0,0.0,0.189134919643402,4.0,actuator_motors,none,3784649,2832792,3.1,,C,,0.0,4.0,True,10.010239568979795,20.010301152011916,1.9999030047042718,92.766599,81.65857399999999,,True,0.0,0.0,,main
fc94c3de-2a3c-48df-9a82-e6729ce3ca9a,ok,17629951.0,v1.12-1.13,0.0,0.0,0.0,True,0.0066105769230769,0.5006030000000052,0.5345142857142855,6.0,actuator_outputs,bus,14714146,9117692,6.2,,C,,,,False,10.005758804087955,200.26365525430526,2.000072014497712,168.188973,166.37619099999995,False,False,0.0,0.0,,main
52cf402d-1444-4ab9-bbdb-a16c29814450,ok,17826047.0,v1.16+,0.0541516245487364,0.0288808664259927,0.0,True,0.0,0.0,0.2984611183404922,4.0,actuator_motors,none,24280671,6621917,6.9,,C,,0.0,4.0,True,9.940660418865747,19.876794537791152,1.9862691411070632,219.191891,213.60001100000008,,True,0.0,0.006045517261197024,sensor_combined,main
e103a642-2669-4e9e-be56-fec9978ee12d,ok,17236160.0,v1.12-1.13,0.0,0.0,0.0969529085872576,False,0.0,0.0,0.0,4.0,actuator_outputs,global,10932224,6196489,4.9,,C,,,,False,9.852048887013593,31.745061668655723,0.0,292.888545,269.570362,True,True,,0.0,,main
35fb01df-787f-46a7-848c-30a17552d773,ok,17826240.0,v1.16+,0.0,0.0,0.0,True,0.0,0.0,0.3440266609191892,4.0,actuator_motors,none,6510250,4365959,4.9,,A,,0.0,4.0,True,10.006198820600524,20.006523940242293,2.000064982503451,153.388716,148.77995599999997,,True,0.0,0.0,,main
88a0d833-2c48-40e2-b9fe-56a9e86bf3af,ok,17826047.0,v1.16+,0.0,0.0,0.0,True,0.0,0.0,0.2293182387948036,4.0,actuator_motors,none,12143540,7536108,5.1,,A,,0.0,4.0,True,9.931299337085283,199.26957233816427,1.970665550632588,102.592466,94.59320000000002,,True,0.0,0.007963336935349802,sensor_combined,main
9dd4915b-8001-4437-a8c1-6c791c418980,ok,17499135.0,v1.12-1.13,0.0,0.0,0.0,True,0.0,0.0,0.398,8.0,actuator_outputs,global,2374636,1811040,2.2,,B,,,,False,10.000340194221218,19.999057991139185,5.014689916801417,65.663638,52.61040900000001,False,False,0.0,0.0,,main
38a23176-0c9c-4fa7-b320-fca4335707bf,ok,17826047.0,v1.16+,0.0,0.0,0.0,True,0.0,0.0,0.3865124136209488,4.0,actuator_motors,none,6535553,4788023,3.6,,B,,0.0,4.0,True,10.006941893472254,20.007089590050548,2.0000352183323318,135.96817,133.167959,,True,0.0,0.0,,main
aab97a6d-090f-460f-8656-20fa8ad56ea7,ok,17761535.0,v1.14-1.15,0.100864553314121,0.0,0.0,True,0.0,0.0,0.5512881576378397,4.0,actuator_motors,none,7029033,4799186,3.5,,A,,0.0,4.0,True,10.005819033226734,20.006233427500238,2.0000146905840963,168.251688,133.50548300000005,,True,0.0,0.0,,main
26632d8f-dcdf-45bb-851b-d52a90b92a9a,ok,17826559.0,v1.16+,0.0,0.0,0.0,True,0.0,0.0,0.115443158149719,4.0,actuator_motors,none,4697361,3273457,4.2,,C,,0.0,4.0,True,10.00901006795409,20.00922065932537,1.9999989483573606,106.976691,101.697165,,True,0.0,0.0,,main
8d0e149d-8e5c-4d86-92e0-fbc401e2b49b,ok,17629952.0,v1.12-1.13,0.0,0.0,0.0,True,0.0,0.0,0.3653821431100366,4.0,actuator_motors,none,4269133,3019651,4.5,,A,,0.0,4.0,True,10.01008560614088,20.010123788628796,1.9999673971795253,89.552467,81.93073099999997,,True,0.0,0.0,,main
02f3cb80-b83d-42a4-b1b8-a5d4fe5ea9b4,ok,17695743.0,v1.14-1.15,0.0037393162393162,0.0,0.0,True,0.0,0.0,0.1253107875585555,4.0,actuator_motors,none,56077229,37927538,14.3,,C,,0.0,4.0,True,10.000952063135115,20.000952472645196,2.0000000042328043,945.08258,938.6999789999993,,True,0.0,0.0,,main
02aefb75-e297-485e-b182-c5b244ed19e6,ok,17761279.0,v1.14-1.15,0.0,0.0,0.0,True,0.0,0.0,0.2446483731013861,4.0,actuator_motors,none,3107204,1972030,4.6,,C,,0.0,4.0,True,10.010799998871663,20.010070534332794,2.0000241072424476,93.933027,93.17335200000001,,True,0.0,0.0,,main
8145ad8f-a61b-4878-be75-7059e360fda9,ok,17761535.0,v1.14-1.15,0.0,0.0,0.0,True,0.0222021499620857,2.9408599999999865,0.3217941993715631,4.0,actuator_motors,none,75374182,25830127,14.6,,C,,0.0,4.0,True,9.599892492246378,213.5294025352694,1.9235681914958385,144.71624,141.09830499999998,,True,0.0,0.03622868632795602,vehicle_attitude,main
38bbefc9-c994-49cb-8a65-29e51982070e,ok,17498880.0,v1.12-1.13,0.0,0.0,0.0005464480874316,True,0.0,0.0,0.3577142857142856,6.0,actuator_outputs,global,21313497,11314434,7.6,,C,,,,False,9.983760695424337,19.997271114749626,4.999931677613013,365.982129,350.15235200000006,False,False,0.0,0.0,,main
16ed549e-3424-4bef-b9d3-72866a526364,ok,17694975.0,v1.14-1.15,0.0,0.0,0.0,True,,,,4.0,actuator_motors,none,36494762,18552132,9.9,,B,ground_only_actuator_motors,0.0,4.0,True,10.001022877193336,20.001045286729862,1.9999849371411536,993.304772,0.0,,True,0.0,0.0,,main
4d9f0dc8-288f-4fe8-8fd8-be37ff06278b,ok,17694975.0,v1.14-1.15,0.1984126984126984,0.0,0.0,True,0.3434343434343434,5.198910999999999,0.248238867521286,4.0,actuator_motors,none,2040631,1421195,2.9,,B,,0.0,4.0,True,9.967702093485372,19.93703562225536,1.9999216159753739,62.292422,59.62807299999999,,True,0.0,0.0027463107507388006,sensor_combined,main
7dbd39d4-b770-4a79-a4dc-da99044cf8d2,ok,17956992.0,v1.16+,0.0,0.0,0.0,True,0.0,0.0,0.11624007076025,4.0,actuator_motors,none,8631984,6067326,9.9,,A,,0.0,4.0,True,10.005259000814375,20.00518758176045,2.0000009272241495,185.889678,181.21372399999998,,True,0.0,0.0,,main
33722454-bd76-4e48-9d83-afae19163524,ok,17891328.0,v1.16+,0.0,0.0,0.0,True,0.0,0.0,0.0890822708606719,4.0,actuator_motors,none,19399551,10801032,11.8,,C,,0.0,4.0,True,10.005249339049023,200.00003153285166,2.0000027602377277,170.8267,169.63970599999996,,True,0.0,0.0,,main
a3bb9055-b0f7-41ea-a427-848ef086928a,ok,17761280.0,v1.14-1.15,0.0165837479270315,0.0,0.0,True,0.103374530838007,3.3552180000000007,0.3738584816455841,4.0,actuator_motors,none,94189217,46162732,21.8,,B,,0.0,4.0,True,10.003350316175906,199.67735988847647,2.0000053535496836,297.69441,292.98293499999994,,True,0.0,0.0,,main
dcc153ee-9eb5-46cc-b18b-7ac11fa34c42,ok,17761535.0,v1.14-1.15,0.0,1.0,0.0,True,0.0,0.0,0.0405300855636596,4.0,actuator_motors,none,2783142,1903980,4.7,,B,,0.0,4.0,True,10.014516483879866,20.013483353339446,1.9999379299839573,69.695784,67.65413499999998,,True,0.0,0.0,,main
5eef58b4-f72b-4a5a-b093-b4bb88bf38ad,ok,17630207.0,v1.12-1.13,0.0883935434281322,0.0,0.0121419676214196,True,0.0,0.0,0.2729999999999999,6.0,actuator_outputs,per_channel,78107715,39834667,19.3,,C,,,,False,9.927336242494235,219.80517354424845,1.9829996603842392,646.922967,645.9355549999996,True,True,0.0,0.007348328514075586,vehicle_attitude,main
62463aae-b801-4f32-8015-5a8b9a053b81,ok,17760256.0,v1.14-1.15,0.0,0.0,0.0,True,0.1,1.0992449999999965,0.6478346779942512,4.0,actuator_motors,none,2868802,1985303,2.3,,C,,0.0,4.0,True,10.012038087033083,20.01245216374723,2.000075067752543,77.494377,75.018471,,True,0.0,0.0,,main
53d8ae13-5a9a-48f4-a73a-5e65a62a4cd1,ok,17761535.0,v1.14-1.15,0.0,0.0,0.0,True,,,,4.0,actuator_motors,none,2721415,1928443,8.1,,C,ground_only_actuator_motors,0.0,4.0,True,10.014818050158805,20.014812786520945,2.000096876872788,67.198976,0.0,,True,0.0,0.0,,main
655680d9-2694-4e5b-bf9d-67628e39f11d,ok,33619968.0,,0.0,0.0,0.0,True,,,,8.0,actuator_outputs,none,20078592,10582717,3.8,not_px4_v2,,no_pwm_params,,,False,7.989988895674237,169.91135717295234,4.066308161064918,245.295584,159.12861500000008,False,False,0.0,0.005549751954305547,sensor_combined,main
5310be39-1ed8-493e-a69d-f58bacd00a34,ok,17694975.0,v1.14-1.15,0.0,0.0,0.0,True,0.0,0.0,0.1545461058616638,4.0,actuator_motors,none,4774056,3099111,3.1,,C,,0.0,4.0,True,10.006943263353422,20.006857857011635,2.000059673013258,146.223715,141.19296099999997,,True,0.0,0.0,,main
a22280e2-d9d8-43f8-a2d2-cb4ad17540bb,ok,17825984.0,v1.16+,0.0,0.1,0.0,True,0.0010024727661565,0.0285590000000013,0.0768343955278396,4.0,actuator_motors,none,11608489,6505507,8.3,,C,,0.0,4.0,True,9.998884169048669,156.98673615115158,2.0001045449994264,107.667263,104.76348700000003,,True,0.0,0.0005163886046290626,vehicle_attitude,main
43086df2-8d17-4bd6-94af-ce0e0f55a03e,ok,17760511.0,v1.14-1.15,0.0,0.0664556962025316,0.0,False,0.0,0.0,0.1534830659627914,4.0,actuator_motors,none,21000620,9565919,13.5,,C,,0.0,4.0,True,10.00030817276206,19.99337565547594,1.9999598819928621,151.703928,119.14716099999998,,True,0.0,0.0007458570071253841,sensor_combined,main
eb90344a-8342-415c-bcc7-ec42e2503d6d,ok,17825984.0,v1.16+,0.0,0.0,0.0,True,0.0,0.0,0.1790660142898559,4.0,actuator_motors,none,43305325,16668257,15.1,,B,,0.0,4.0,True,9.999999072847768,199.8278900866631,1.999998160001693,75.096756,70.62000299999998,,True,0.0,0.0,,main
bee48525-257b-4ff9-8861-1e67c9450529,ok,17760767.0,v1.14-1.15,0.0,0.0,0.0,True,0.0,0.0,0.2553261846303937,4.0,actuator_motors,none,61481291,30998146,17.9,,B,,0.0,4.0,True,9.919648117122973,198.0464937826098,1.9838715746644078,435.18376,432.61292699999973,,True,0.0,0.008348019908117368,vehicle_attitude,main
4da5f029-fd29-4e4c-bd06-219afb243788,ok,255.0,,0.0,0.0,0.0,True,0.0010152284263959,0.0987529999999878,0.555777655970172,4.0,actuator_motors,none,9358774,6465048,5.5,not_px4_v0,,,0.0,4.0,True,9.892535409341244,19.779730382837023,1.9755499773435226,204.580395,199.33037999999993,,True,0.0,0.011724510837084461,vehicle_local_position,main
71a8f84f-924c-4fa5-9a21-6ca2a56405af,ok,17761280.0,v1.14-1.15,0.0,0.0,0.0,True,0.0,0.0,0.18392835855484,4.0,actuator_motors,none,21867064,12575416,8.0,,B,,0.0,4.0,True,10.002163773214757,20.00223234035836,1.9999904688322299,425.058623,419.8615709999998,,True,0.0,0.0,,main
1e08051b-ce86-4d5c-9963-12525a67a49b,ok,17760256.0,v1.14-1.15,0.0,0.0,0.0,True,0.0024570024570024,0.1010920000000012,0.3412130326032638,4.0,actuator_motors,none,14236327,8856733,6.4,,B,,0.0,4.0,True,10.003189496514862,20.002987958035753,1.9999986979664188,320.090368,162.83325099999993,,True,0.0,0.0,,main
ed7d5563-6c4b-4926-8379-c91ebad1b236,ok,17826047.0,v1.16+,0.2736486486486486,0.0,0.0,True,0.0235849056603773,9.799691,0.21594690233469,4.0,actuator_motors,none,15592003,9434067,6.1,,C,,0.0,4.0,True,10.00229069544855,20.002197198998658,1.9999825745949655,426.855795,423.99315899999965,,True,0.0,0.0,,main
8c5caa7e-149d-4e32-a0c3-de9164055232,ok,17761535.0,v1.14-1.15,0.0,0.194331983805668,0.0,True,0.0,0.0,0.1189090892672538,4.0,actuator_motors,none,13399731,8434582,4.7,,B,,0.0,4.0,True,10.00844166407756,221.98627583855273,2.0000765816556667,117.918805,105.69521599999997,,True,0.0,0.0,,main
49f5e1a0-3122-4442-9eef-24ffa3ad3047,ok,17629952.0,v1.12-1.13,0.0,0.0,0.0,True,0.0,0.0,0.1476499999999999,6.0,actuator_outputs,per_channel,3789145,2477894,2.8,,C,,,,False,10.010879190072034,20.010551138612534,2.0000734249177325,90.121629,84.82926100000002,True,True,0.0,0.0,,main
c0b076dc-d9fb-4e24-ad85-68dabce35608,ok,17694975.0,v1.14-1.15,0.0,0.0,0.0,True,0.0,0.0,0.0587102949619293,4.0,actuator_motors,none,6710898,3979291,4.8,,C,,0.0,4.0,True,10.004931246567688,20.004963600046064,1.9999973660968349,203.982678,202.456585,,True,0.0,0.0,,main
73f78b34-4350-46a4-9da6-00ba259a20a0,ok,17695743.0,v1.14-1.15,0.021021021021021,0.0,0.0,True,0.0,0.0,0.2495896458625793,4.0,actuator_motors,none,18362148,10523044,8.1,,A,,0.0,4.0,True,10.006241114609818,139.58630999114308,1.99993705334072,165.849061,163.2892569999999,,True,0.0,0.0,,main
a7e79be8-6910-40a2-a387-2214f0cebef7,ok,17891392.0,v1.16+,0.0,0.1146953405017921,0.0,True,0.0,0.0,0.2180423319339751,4.0,actuator_motors,none,55105840,31951971,30.7,,C,,0.0,4.0,True,9.99296372903481,199.29202918858948,1.999990711101406,421.153829,416.87395699999973,,True,0.0,0.001035554133597494,vehicle_attitude,main
e41fd259-772c-4075-8f90-d7ae58a8a6db,ok,17629951.0,v1.12-1.13,0.0,0.0,0.0,True,0.0460122699386503,0.398342999999997,0.925371428571428,6.0,actuator_outputs,bus,2683732,2053399,8.7,,B,,,,False,9.92706487481635,19.852747871023045,1.9851374085645708,68.233407,65.72662499999998,False,False,0.0,0.008735706112902284,vehicle_attitude,main
a7396b5e-2093-401c-a0f4-4adba3427b1c,ok,17695488.0,v1.14-1.15,0.0,0.0,0.0,True,,,,,actuator_motors,none,11516697,7191562,11.5,,C,unknown,0.0,0.0,False,10.002441592160293,20.00194707236586,1.999998440178469,339.615982,338.9824169999999,,False,0.0,0.00023570707717868392,sensor_combined,main
83c6a220-df90-4873-a92b-eda2d7388fd1,ok,17761280.0,v1.14-1.15,0.2389078498293515,0.0716723549488054,0.0,True,0.0357142857142857,1.0999959999999973,0.287957140803337,4.0,actuator_motors,none,4404965,3311111,5.5,,B,,0.0,4.0,True,10.008996675329909,20.009012868569297,2.0000046834280525,99.638823,95.24017300000003,,True,0.0,0.0,,main
0c067361-71b3-4a1b-96a3-876b7ab34e2e,ok,17826047.0,v1.16+,0.0303030303030303,0.0158730158730158,0.0,True,0.0232693426410703,1.8999979999999963,0.3426521986722946,4.0,actuator_motors,none,16542986,10834259,5.9,,B,,0.0,4.0,True,10.002880484652668,20.002588438405592,2.000002008635111,347.610619,343.86017899999985,,True,0.0,0.0,,main
3745b1e8-dd55-44f2-9423-31f14a88038c,ok,17694975.0,v1.14-1.15,0.0387836051123843,0.0,0.0,True,0.0,0.0,0.3651442974805832,4.0,actuator_motors,none,47146128,29102633,10.1,,B,,0.0,4.0,True,10.000845429048981,20.000817169249828,2.000006726181851,1143.475693,1139.129985999999,,True,0.0,0.0,,main
18471c8a-2bb0-4180-ad36-9492ce49bb24,ok,17695743.0,v1.14-1.15,0.2356006582556226,0.0030170049369171,0.0,True,0.0,0.0,0.0964879095554351,4.0,actuator_motors,none,193623087,99566378,40.9,,A,,0.0,4.0,True,10.00057334738609,201.67153815398672,2.0000004909042746,1841.704903,1831.0964739999956,,True,0.0,0.0,,main
bc234ffa-1ede-4cdc-acec-3bc2c09f600f,ok,17695488.0,v1.14-1.15,0.008,0.0,0.0,True,0.00023430864306,0.011994,0.6537594735622405,4.0,actuator_motors,none,13780093,8039319,8.2,,B,,0.0,4.0,True,10.007251804011942,174.0430576438684,2.0001288470099188,124.668513,120.12843299999997,,True,0.0,0.0,,main
0a3bfbdb-e439-42ba-bc6d-996dda072e4e,ok,17761535.0,v1.14-1.15,0.0,0.0,0.0,False,0.0140871525169045,0.8012469999999894,0.4679348573088644,4.0,actuator_motors,none,18471036,10876649,9.6,,B,,0.0,4.0,True,9.945938798393605,19.88441498665949,1.985075152762447,536.361652,534.8397829999994,,True,0.0,0.006133641053945583,vehicle_attitude,main
96413a23-4237-4acc-95d7-9313a33c9605,ok,33621952.0,,0.0,0.1728110599078341,0.0,True,0.0003601378813602,0.0382079999999973,0.2551789134740829,4.0,actuator_motors,none,29344878,16647271,9.3,not_px4_v2,,,0.0,4.0,True,9.925540970793,201.56908324898848,1.976676411805696,215.244271,208.92990200000008,,True,0.0,0.0014204533047458277,sensor_combined,main
6caf79b9-e79e-4318-9d6e-9b9611d9dd1a,ok,17236160.0,v1.12-1.13,0.0115702479338842,0.0,0.009933774834437,True,0.0,0.0,0.0,4.0,actuator_outputs,global,9179136,5197577,8.4,,C,,,,False,9.852013332181945,31.74525246077119,0.0,244.963019,242.16152,True,True,,0.0,,main
ade09da2-9df0-48d6-bb15-a39c464d44d8,ok,17761280.0,v1.14-1.15,0.0,0.0,0.0,True,0.0,0.0,0.1692034296691417,4.0,actuator_motors,none,4028640,3103121,8.3,,C,,0.0,4.0,True,10.012061817102504,20.012060102661867,2.0000008727276533,82.466334,78.31973199999999,,True,0.0,0.0,,main
4dbf2980-c051-423b-9164-5f071998d66f,ok,17891583.0,v1.16+,0.0,0.0,0.0,True,0.0,0.0,0.2325532495975494,4.0,actuator_motors,none,7388414,5306497,9.0,,B,,0.0,4.0,True,10.006356929976612,20.006103649613944,2.0000527701219477,153.665166,148.956883,,True,0.0,0.0,,main
fa0570de-a5e1-4189-a224-cbf07879d500,ok,17760767.0,v1.14-1.15,0.0,0.0030078203328654,0.0,True,0.0,0.0,0.0823583185672759,4.0,actuator_motors,none,102554408,59050475,19.4,,C,,0.0,4.0,True,9.90362279995636,19.805709606386202,1.9807276762489412,2542.827139,2538.479955999996,,True,0.0,0.010009391888886521,vehicle_attitude,main
89588da8-22e9-494e-8a83-cb545c000758,ok,17694976.0,v1.14-1.15,0.0337941628264208,0.0,0.065203357004519,True,0.0561174551386623,2.498818999999997,0.6722263947129249,4.0,actuator_motors,none,13416460,7606424,3.4,,A,,0.0,4.0,True,10.003290972874812,20.00301767379211,1.9999845502811602,309.061997,306.520873,,True,0.0,0.0,,main
4f00c68b-88f0-40fa-8936-aa2e1e89056a,ok,17694720.0,v1.14-1.15,0.0,0.0,0.0,True,0.0,0.0,0.1292450726032256,4.0,actuator_motors,none,8631166,5748301,5.2,,C,,0.0,4.0,True,10.004850743715853,20.004839666629493,2.000013419444879,201.803828,195.74843099999995,,True,0.0,0.0,,main
f1c7d144-03fb-4448-9242-488ccc340567,ok,17825920.0,v1.16+,0.0,0.0,0.0,True,0.0,0.0,0.1234493345022201,4.0,actuator_motors,none,28453430,17637423,8.4,,A,,0.0,4.0,True,10.001512564708605,20.001469368404333,1.9999988469867545,647.428679,641.2818999999995,,True,0.0,0.0,,main
2c2f1ae6-d8b4-4f53-ba23-4f2a618a5159,ok,17760768.0,v1.14-1.15,0.0,0.0588235294117647,0.0,True,0.0001248088863927,0.0150670000000019,0.2446632921695708,4.0,actuator_motors,none,11879363,7235121,7.3,,C,,0.0,4.0,True,10.008832412263025,164.51507241288155,1.9999566334189829,117.555812,112.16917000000007,,True,0.0,0.0,,main
b9c1f7d5-a1f9-4590-b1bc-9dc0f6a21d1a,ok,17761280.0,v1.14-1.15,0.0,0.0,0.0,True,0.0465116279069767,0.7974510000000024,0.4557541728019689,4.0,actuator_motors,none,2668075,2064910,8.2,,B,,0.0,4.0,True,10.015879927631477,20.01559087112932,2.0001080708799925,61.584901,60.211648999999966,,True,0.0,0.0,,main
9354b42a-4b5f-4a6a-98ca-212f8428bd67,ok,17826047.0,v1.16+,0.0,0.0612745098039215,0.0,True,0.0,0.0,0.1913666009902954,4.0,actuator_motors,none,46280948,26116059,18.9,,C,,0.0,4.0,True,10.002290112356361,200.3130256843549,0.0,400.023968,396.75408899999996,,True,,0.0,,main
476eaa6a-4f02-4c91-bdea-e1bdeaad44b5,ok,17761535.0,v1.14-1.15,0.0419463087248322,0.0335570469798657,0.0,True,0.0,0.0,0.2391927316784858,4.0,actuator_motors,none,66484422,40654594,25.7,,A,,0.0,4.0,True,10.00150851785624,220.87897574705525,2.0000044666766423,600.297687,596.1005169999995,,True,0.0,0.0,,main
8a0f7cbf-318c-4402-bec1-cbd2c9fcd737,ok,17826240.0,v1.16+,0.0,0.0,0.0,True,0.0,0.0,0.3634502924978733,4.0,actuator_motors,none,15021921,9800298,5.3,,A,,0.0,4.0,True,10.003081909181487,20.003134782219522,2.000029207164655,326.774943,322.41678599999995,,True,0.0,0.0,,main
73ec2e2c-28bd-48c1-85a4-ba0b9f645d4f,ok,17826047.0,v1.16+,0.0,0.0,0.0,True,0.0,0.0,0.1129674494266509,4.0,actuator_motors,none,112014410,40042677,30.0,,C,,0.0,4.0,True,9.983954550849042,19.96805524161042,1.9967910638119137,624.304863,616.0003569999998,,True,0.0,0.0014603958060770599,sensor_combined,main
ba428ac1-1831-4498-a311-83358df55601,ok,17695232.0,v1.14-1.15,0.0,0.1125,0.0,True,0.0,0.0,0.1230717122554778,4.0,actuator_motors,none,2700087,1850951,3.2,,A,,0.0,4.0,True,10.013410417582392,20.012523386625716,2.000044606257995,76.657931,71.30579599999999,,True,0.0,0.0,,main
06d8b26a-7c21-4aef-b149-f76d0830539d,ok,17825984.0,v1.16+,0.0,0.0,0.0,True,,,,4.0,actuator_motors,none,5401601,3314262,4.8,,B,ground_only_actuator_motors,0.0,4.0,True,10.007193055590516,20.00732669737875,2.000085687124222,139.39494,0.0,,True,0.0,0.0,,main
300720a9-c568-4dd0-bd5c-dcb5590ea5fd,ok,17694720.0,v1.14-1.15,0.0,0.0,0.0,True,0.0,0.0,0.3149629548192024,4.0,actuator_motors,none,28764126,16983106,7.2,,A,,0.0,4.0,True,10.001654165891347,20.001416174800692,2.0000113265463586,632.86789,629.1816289999995,,True,0.0,0.0,,main
aa9bec3b-947d-4f04-9f70-5dde104ae5a0,ok,17826047.0,v1.16+,0.086021505376344,0.086021505376344,0.0,True,0.0,0.0,0.1374947026371956,4.0,actuator_motors,none,12283081,7541134,4.8,,C,,0.0,4.0,True,10.010332888058896,200.39188424532807,2.0000716728980805,91.409703,82.99252200000004,,True,0.0,0.0,,main
f422de47-378d-4a42-b193-cc49b5107513,ok,17761023.0,v1.14-1.15,0.0,0.0,0.0,True,0.0,0.0,0.1251483634114265,4.0,actuator_motors,none,4842665,3359973,3.7,,C,,0.0,4.0,True,10.008188738486705,20.008001193824672,1.9999484887216978,119.518263,111.95072700000001,,True,0.0,0.0,,main
d16c9bb7-0e56-4ada-a730-beef81305d7b,ok,17760384.0,v1.14-1.15,0.0280898876404494,0.095505617977528,0.0,True,0.0,0.0,0.146042828261852,4.0,actuator_motors,none,15718993,10510992,4.7,,C,,0.0,4.0,True,9.8760151980836,197.25974451233785,1.9780404085043213,137.657534,131.94652299999993,,True,0.0,0.013286237883870395,vehicle_attitude,main
c683d2c9-7eac-4794-9b36-73707ba3acde,ok,17760768.0,v1.14-1.15,0.0,0.0,0.0,False,,,,,actuator_motors,none,21094226,13060690,5.2,,C,unknown,0.0,0.0,False,10.001946989497082,20.001787117445925,2.000023286944196,522.046032,520.8720909999998,,False,0.0,0.0,,main
d60f65ed-9c24-40e9-b39b-21889fee194a,ok,255.0,,0.0,0.1783439490445859,0.0,True,0.0,0.0,0.3767499163746827,4.0,actuator_motors,none,3647426,3049565,3.8,not_px4_v0,,,0.0,4.0,True,10.013403808826444,20.013349798841805,1.9999988187926439,74.671492,70.28971699999998,,True,0.0,0.0,,main
8ab93da8-5567-4605-885d-d092a424289e,ok,17761280.0,v1.14-1.15,0.0,0.0,0.0,True,0.0,0.0,0.1677338689565658,4.0,actuator_motors,none,27725939,14788818,11.1,,B,,0.0,4.0,True,10.001476602887315,20.00143052125577,1.9999860244137686,659.190599,58.245242999999995,,True,0.0,0.0,,main
8660317c-ef2d-48af-853e-047444cd9ce7,ok,17826047.0,v1.16+,0.0,0.0,0.0,True,0.0,0.0,0.2001629576086997,4.0,actuator_motors,none,42380368,13580315,13.2,,B,,0.0,4.0,True,9.313385935837147,140.24513168013323,1.7794677297070405,63.071086,55.366882,,True,0.0,0.06432007255918869,sensor_combined,main
7c078119-7ab3-4bd5-9bde-1d9a72351752,ok,17826047.0,v1.16+,0.0,0.0,0.0,True,0.0,0.0,0.2060993269085883,4.0,actuator_motors,none,3169745,2307451,3.3,,B,,0.0,4.0,True,10.015575373574038,20.01541171317278,2.0000137985448116,64.771363,56.94378900000002,,True,0.0,0.0,,main
01622991-61c3-4c00-ae5a-827b1072bc44,ok,17760768.0,v1.14-1.15,0.0,0.0477941176470588,0.0,True,,,,,actuator_motors,none,5538485,3751659,8.5,,C,unknown,0.0,0.0,False,9.994285394569811,19.96644368345026,1.999997555558543,135.297501,130.97567000000004,,False,0.0,0.00277431451163166,sensor_combined,main
5ded1715-1f2f-41fc-8a3b-737b54283616,ok,17761535.0,v1.14-1.15,0.0,0.0,0.0,True,0.0,0.0,0.1599999954575026,4.0,actuator_motors,none,8298809,4906693,5.6,,A,,0.0,4.0,True,10.000121675620985,247.46678256754453,1.9851508311585904,66.857375,64.019511,,True,0.0,0.0006730552602798602,vehicle_attitude,main
91c9d184-8763-44d3-b748-954b4d2a5d9b,ok,17826047.0,v1.16+,0.024074074074074,0.0,0.0117994100294985,True,0.0019719167295297,0.3775420000000054,0.3358259201049804,4.0,actuator_motors,none,32657316,19553522,13.9,,C,,0.0,4.0,True,9.596536016248898,191.88328234416113,1.921989659582156,282.834785,275.9563559999999,,True,0.0,0.04080415097068714,vehicle_attitude,main
c2e49367-7d32-49c1-a81f-d62b164ad753,ok,17761280.0,v1.14-1.15,0.0149253731343283,0.0,0.0,True,0.0,0.0,0.2205085292458533,4.0,actuator_motors,none,92441352,35907941,21.2,,B,,0.0,4.0,True,7.338163658813289,146.89684221973627,1.4195099341046709,220.82033,214.249882,,True,0.0,0.14043939046630746,sensor_combined,main
1c126e44-21ec-4a49-961d-c07316327077,ok,17891392.0,v1.16+,0.0,0.0,0.0,True,0.0,0.0,0.3220930427312847,4.0,actuator_motors,none,3495110,2461551,3.0,,B,,0.0,4.0,True,10.010515685523469,20.010812027405734,1.9998181305293936,96.540587,91.17202400000001,,True,0.0,0.0,,main
4744d377-401c-4da7-a049-676553d70c5f,ok,17630207.0,v1.12-1.13,0.0,0.0,0.0,True,0.0,0.0,0.2097993940114972,4.0,actuator_motors,none,6894075,4505783,5.0,,C,,0.0,4.0,True,10.006202222413094,20.006156652825798,2.0000636007685464,159.811731,155.31772999999995,,True,0.0,0.0,,main
01f86696-9726-49d5-9a35-efe0c38cc3d4,ok,17761280.0,v1.14-1.15,0.0645412130637636,0.0,0.0,True,0.0,0.0,0.481274402141571,4.0,actuator_motors,none,22751624,13561484,8.9,,C,,0.0,4.0,True,10.001556824391454,20.001458785253543,1.9999860932300857,634.103722,624.7861690000003,,True,0.0,0.0,,main
f868d5dd-9187-4816-bc8a-fd47ff321284,ok,17826303.0,v1.16+,0.0,0.0,0.0,True,0.0,0.0,0.0537761747837066,4.0,actuator_motors,none,27541824,15864965,9.1,,A,,0.0,4.0,True,9.984716425202711,19.96948645282417,1.9958415455543947,721.485539,711.3205260000004,,True,0.0,0.001702562257469988,sensor_combined,main
c95c5bfc-7ae2-45b2-b89b-29f79259b579,ok,17499135.0,v1.12-1.13,0.0,0.0,0.0,True,0.0,0.0,0.347,8.0,actuator_outputs,global,3303155,2325168,2.5,,B,,,,False,9.967140219696093,19.869418355532993,5.010609559916214,92.359365,60.272219999999976,False,False,0.0,0.005078852601514964,sensor_combined,main
965aa030-4ac0-4c51-976a-2e46419362ca,ok,17760256.0,v1.14-1.15,0.0,0.0,0.0,True,0.0,0.0,0.2908129319548607,4.0,actuator_motors,none,4616699,3105083,5.0,,B,,0.0,4.0,True,10.007669297732845,20.00750649948801,2.0001368221085083,126.191632,120.53803399999997,,True,0.0,0.0,,main
2cbf5e2c-d5d2-403c-a894-808dc57f5cee,ok,17629952.0,v1.12-1.13,0.0,0.0,0.0,True,0.0,0.0,0.41015,6.0,actuator_outputs,per_channel,4356440,3448444,3.3,,C,,,,False,9.963634901237187,19.915191164450142,2.0000658930799684,82.709988,80.24751999999998,True,True,0.0,0.004584132907154119,sensor_combined,main
bd4751a9-68b0-4794-8d4b-3ff7a6baea5c,ok,17629951.0,v1.12-1.13,0.0190816935002981,0.0,0.0,True,0.0,0.0,0.249,6.0,actuator_outputs,bus,32023254,20058158,13.2,,C,,,,False,10.0012132956915,20.001134762143575,2.000018909702596,840.013832,832.3082420000004,False,False,0.0,6.471181563548274e-05,sensor_combined,main
0835e9db-8973-4ff4-a98e-b580a206924c,ok,33620736.0,,0.0,0.0,0.0,True,0.0,0.0,0.1059223532676696,4.0,actuator_motors,none,7859301,4667291,7.5,not_px4_v2,,,0.0,4.0,True,9.967997069345973,197.69515438606263,2.000038572172463,62.697004,59.65522000000001,,True,0.0,0.0,,main
4a417e78-eb30-4cc1-8ff5-c08f784d1dc9,ok,17695488.0,v1.14-1.15,0.0,0.0,0.0,True,0.0740115239419829,0.0660260000000008,0.7365459933876991,4.0,actuator_motors,none,8699476,4878254,6.5,,B,,0.0,4.0,True,9.897479915793738,172.60583287751427,1.9869690414509402,77.186045,71.69068799999998,,True,0.0,0.011345457114061432,vehicle_attitude,main
e8c8802e-fd53-44c8-82ee-05ebb85da95a,ok,17826047.0,v1.16+,0.0,0.0,0.0,False,0.019487421755049,1.4975970000000416,0.254264925420284,4.0,actuator_motors,none,73258355,37898154,14.4,,A,,0.0,4.0,True,10.00063028791731,20.000629022139456,2.0000002287869525,1591.129918,846.3436960000005,,True,0.0,0.0,,main
e36fddef-425b-4194-bba8-97b1318e0619,ok,17629696.0,v1.12-1.13,0.0,0.0,0.0,True,0.0,0.0,0.159,6.0,actuator_outputs,per_channel,9741136,5393430,8.3,,C,,,,False,9.719245401367813,192.46121907712794,1.948426316710375,77.87079,74.62176600000001,False,False,0.0,0.029011156377480092,vehicle_attitude,main
6ed587d9-7432-416d-b244-f38bd29c9dbf,ok,16842880.0,v1.12-1.13,0.0,0.0,0.0,True,0.0,0.0,0.2027703151106834,4.0,actuator_motors,none,14189204,8555484,6.9,,C,,0.0,4.0,True,10.007229947499376,160.31191114482135,2.000076877028999,135.44855,130.39630700000004,,True,0.0,0.0,,main
e004286e-f67e-4cdc-81fd-8ac1212aa38a,ok,17630207.0,v1.12-1.13,0.0,0.0,0.0,True,0.0,0.0,0.425,6.0,actuator_outputs,per_channel,3503555,2260771,4.3,,C,,,,False,10.011030138602353,20.01131142977725,1.9999686992850556,82.942621,79.237906,True,True,0.0,0.0,,main
7ca75ff0-d8f0-4413-a721-4fa19cf24aff,ok,17564416.0,v1.12-1.13,0.0,0.0253031101739588,0.0,True,0.0,0.0,0.4915254237288136,8.0,actuator_outputs,bus,41064024,23013438,12.7,,C,,,,False,10.000013814710236,20.000023601864246,2.0010413849429347,957.963994,661.672127999999,False,False,0.0,0.0,,main
5dbdf728-10ab-44a0-9729-e87155d8f36c,ok,17694720.0,v1.14-1.15,0.0,0.0,0.0,True,0.018588531821046,0.6667769999999997,0.3423534281551837,4.0,actuator_motors,none,18455815,6524148,9.2,,C,,0.0,4.0,True,10.013320070139223,258.4053486819881,97.63706263022978,72.158296,68.27928899999999,,True,0.0,0.00353846383662381,sensor_combined,main
6dafa597-d105-4074-8b78-7e1735971a26,ok,17694720.0,v1.14-1.15,0.0,0.0,0.0,True,0.0,0.0,0.4580259203910827,4.0,actuator_motors,none,5372466,3620717,5.1,,B,,0.0,4.0,True,10.007954086621709,20.00763106789923,2.000095337877772,120.284561,112.43661599999999,,True,0.0,0.0,,main
5880a7c6-5791-4c41-b922-6fb9db39fa6e,ok,17891392.0,v1.16+,0.0,0.3118811881188119,0.0,False,0.0159404888416578,0.9959999999999988,0.0761400461196899,4.0,actuator_motors,none,28509932,11848087,7.2,,C,,0.0,4.0,True,124.99999999999999,250.0,100.0061284523615,97.788,93.36800000000001,,True,0.0,0.0,,main
ce059f36-490f-42d6-9fc1-302ebe7cf8d9,ok,17564415.0,v1.12-1.13,0.0,0.0,0.0,True,0.0,0.0,0.5408571428571429,6.0,actuator_outputs,bus,3302494,2406761,3.1,,C,,,,False,10.012890707315682,20.012004154979667,2.0126969330001856,78.451696,77.577069,True,True,0.0,0.0,,main
c3464a5b-81bd-4004-a282-b60b1ff7a5d3,ok,17826047.0,v1.16+,0.0,0.0,0.0,True,0.0,0.0,0.1356249898672104,4.0,actuator_motors,none,5954590,4218240,3.2,,C,,0.0,4.0,True,10.007001675420105,20.00624722298671,2.0000927093332823,139.264222,131.09822100000005,,True,0.0,0.0,,main
ccf9ceac-0bb0-44b2-a12e-470d9c906270,ok,17695743.0,v1.14-1.15,0.9828815977175464,0.0,0.0,True,0.0006967010684482,0.0297350000000164,0.3555410206317901,4.0,actuator_motors,none,153733874,52045575,29.0,,C,,0.0,4.0,True,9.456874741071218,203.78398094352613,1.9128795992900904,368.041899,362.51995299999965,,True,0.0,0.008861681731538281,vehicle_attitude,main
cb8236e3-709f-4f94-9f9c-fdee876e7d06,ok,17826047.0,v1.16+,0.0,0.0145985401459854,0.0,False,0.0082932967284374,0.3075079999999985,0.6024194564670319,4.0,actuator_motors,none,8607322,5501814,3.3,,C,,0.0,4.0,True,10.015258406243118,162.47216327282317,1.9997326203660986,65.300542,60.761979000000025,,True,0.0,0.0,,main
97e71d22-83db-4e41-83a4-7f84b2b68ab1,ok,17694976.0,v1.14-1.15,0.6208333333333333,0.0,0.0,True,0.0,0.0,0.3949206858873366,4.0,actuator_motors,none,5378899,3475687,6.0,,C,,0.0,4.0,True,10.009424562035413,20.009195756471332,1.9999898551239235,103.435995,101.01272899999998,,True,0.0,0.0,,main
67bc768a-0aad-41d5-b517-90bb05cff158,ok,255.0,,0.7077702702702703,0.0,0.2352523098791755,False,0.4515976422150903,51.282459,1.0,4.0,actuator_motors,none,32235810,18407268,9.0,not_px4_v0,,,0.0,4.0,True,10.003384211425606,201.78652684123384,2.00000295900616,280.867763,273.71354500000007,,True,0.0,0.0,,main
598147a6-65bf-4b5e-a2f9-93a2067f6cb6,ok,17695744.0,v1.14-1.15,0.9777777777777776,0.0148148148148148,0.0,True,0.0,0.0,0.2768971562385559,4.0,actuator_motors,none,2856944,2122400,3.0,,C,,0.0,4.0,True,10.014907032868017,20.01492473502881,2.000019338532852,67.310808,58.74087299999997,,True,0.0,0.0,,main
d2e24967-515e-465d-9de0-8ac0075a5409,ok,17825984.0,v1.16+,0.0,0.2432432432432432,0.0,True,0.0974729241877256,1.2008650000000003,0.5611715316772461,4.0,actuator_motors,none,3977810,3012205,6.7,,B,,0.0,4.0,True,10.010949277141927,20.011698675685,1.9999763431369697,87.766891,83.15640599999998,,True,0.0,0.0,,main
6585a34f-89c8-4404-85a3-7dbe12fb5804,ok,17498880.0,v1.12-1.13,0.0,0.0,,True,0.0,0.0,0.372,8.0,actuator_outputs,global,58432125,32383130,17.8,,C,,,,False,91.8639329219694,182.20690193523444,0.0,261.994908,253.40345600000003,False,False,,0.08171281395053713,vehicle_attitude,main
d728686b-b174-476a-8fc2-c00d2f90d07f,ok,17761023.0,v1.14-1.15,0.0,0.0,0.0,True,0.0174693763919821,0.6659840000000017,0.5918435484170913,4.0,actuator_motors,none,37229029,11729393,11.5,,A,,0.0,4.0,True,9.975620008134676,209.44812498358044,1.987400184712495,80.113065,75.421014,,True,0.0,0.004856091258721973,vehicle_attitude,main
88648aa1-fb34-416c-8ee7-0571133233ac,ok,17760511.0,v1.14-1.15,0.0,0.0566037735849056,0.0,False,0.0,0.0,0.2317496463656425,4.0,actuator_motors,none,66091533,29132716,20.3,,C,,0.0,4.0,True,7.979947930345422,155.0285605829362,0.7463625225377931,141.59783,137.443012,,True,0.0,0.08715490188709821,sensor_combined,main
7daf2da8-7593-4211-bf98-580931660735,ok,17760768.0,v1.14-1.15,0.0,0.0,0.0,True,0.0,0.0,0.0467065250697487,4.0,actuator_motors,none,3753180,2250407,2.7,,C,,0.0,4.0,True,10.010936356772746,20.010571588382973,1.999959137198538,89.012963,3.8206059999999997,,True,0.0,0.0,,main
7e3e2cb0-56e3-405e-9a05-644c082b3583,ok,17761280.0,v1.14-1.15,0.0,0.0,0.0,True,0.0,0.0,0.1047019362449645,4.0,actuator_motors,none,10573133,7833994,4.0,,A,,0.0,4.0,True,10.005943099481687,20.006039029678284,2.000028199843593,180.743638,173.84569400000007,,True,0.0,0.0,,main
9a1edcca-2219-41c4-8a6a-faef239b717e,ok,17761535.0,v1.14-1.15,0.0,0.0539419087136929,0.0,True,0.0,0.0,0.4575934559106827,4.0,actuator_motors,none,5072348,3668816,3.9,,B,,0.0,4.0,True,10.00855219702512,20.008523272858007,1.9999941802744454,117.051317,109.61997000000004,,True,0.0,0.0,,main
166ad009-5a09-49cf-ba1d-fbad63885b23,ok,17760511.0,v1.14-1.15,0.0,0.0,0.0,True,0.0,0.0,0.3282306656241417,4.0,actuator_motors,none,16670632,9277596,14.6,,B,,0.0,4.0,True,10.007661636235689,221.38373146347072,1.9999881049396604,133.817762,127.14821399999992,,True,0.0,0.0,,main
8ba7a77f-be17-4668-ac23-770247ac510f,ok,17499135.0,v1.12-1.13,0.0,0.0,,False,0.0,0.0,0.288,8.0,actuator_outputs,global,39716640,18610961,17.0,,B,,,,False,90.78250921901781,186.30611725675442,0.0,182.213206,180.60382399999986,False,False,,0.007057521930117124,vehicle_attitude,main
5c92f1fc-478c-4bd7-804c-96e3381c0765,ok,17760320.0,v1.14-1.15,0.0519067796610169,0.0,0.0,True,0.0,0.0,0.217498418688774,4.0,actuator_motors,none,59895902,32364596,21.5,,C,,0.0,4.0,True,9.611207214973744,181.1689791615682,1.9189493465802197,493.814636,482.9461959999996,,True,0.0,0.03948287421267264,vehicle_attitude,main
2660ee50-4bcd-4ea1-8a18-c08e1574f1a9,ok,17826047.0,v1.16+,0.0,0.0,0.0023724792408066,False,0.0058005289746567,0.5316290000000095,0.3432373881340026,4.0,actuator_motors,none,64487424,37797066,23.1,,C,,0.0,4.0,True,9.896075649387498,197.02943090759692,1.9764693170942431,510.48733,504.75378699999953,,True,0.0,0.010475414728341277,vehicle_attitude,main
7833d306-d776-41d4-85db-1c9a46616c6a,ok,17630207.0,v1.12-1.13,0.0,0.0368098159509202,0.0,True,0.0,0.0,0.425,6.0,actuator_outputs,per_channel,3495019,2471345,2.5,,C,,,,False,10.012194903018617,20.011997279161907,1.9998241404646477,80.395677,75.11662599999995,True,True,0.0,0.0,,main
4096f86e-2dae-4a81-97de-f65744ea0578,ok,0.0,,0.0,0.0,0.0,True,0.0,0.0,0.0579414136707782,4.0,actuator_motors,none,6900197,4504049,5.9,not_px4_v0,,,0.0,4.0,True,10.012385201456597,20.01285028688282,2.0001662004768184,75.276692,74.46313,,True,0.0,0.0,,main
8e7bc865-5ac0-47ee-a613-4663a0ffc70f,ok,17891583.0,v1.16+,0.0,0.0407239819004524,0.0,True,0.0,0.0,0.1026323363184928,4.0,actuator_motors,none,4476436,3148630,4.4,,B,,0.0,4.0,True,10.009567236939098,20.009412905897833,1.9999483896813615,103.306998,98.59878299999998,,True,0.0,0.0,,main
cbdb6245-57a5-4f24-b3e0-963872002cfb,ok,17564416.0,v1.12-1.13,0.0,0.0,0.0,False,0.0,0.0,0.5425,6.0,actuator_outputs,bus,16760758,6850733,6.1,,B,,,,False,9.035629787369965,179.5772800841711,1.7914698565623166,106.799871,41.870036,True,True,0.0,0.050217561804563514,vehicle_attitude,main
9299be1c-fa4e-449c-84d3-a4604cf34090,ok,17825792.0,v1.16+,0.0,0.0,0.0,True,0.0,0.0,0.1441040858626365,4.0,actuator_motors,none,23733219,14342205,7.8,,C,,0.0,4.0,True,9.987841005105883,131.35809281811783,1.9958898757194594,247.415751,242.6634099999999,,True,0.0,0.001223591428786382,sensor_combined,main
533abfc2-0454-43e7-9afc-5ec6e261447d,ok,17826047.0,v1.16+,0.0,0.0,0.0,True,0.03515625,2.698704999999997,0.1152401261031627,4.0,actuator_motors,none,3303487,2301578,3.1,,C,,0.0,4.0,True,10.008728042701907,20.012161353653557,2.0001530308165996,78.546386,76.76695199999999,,True,0.0,0.0,,main
e1f179a1-1356-4c2e-bc50-dbcd7abcd492,ok,17761280.0,v1.14-1.15,0.0,0.0,0.0,True,0.0,0.0,0.1675701409578323,4.0,actuator_motors,none,5204946,3476262,3.0,,B,,0.0,4.0,True,10.006839523195323,20.006830732627556,1.9999605148357793,125.33395,118.87209899999998,,True,0.0,0.0,,main
bf8cc567-8c16-4649-af56-ead87f2f881a,ok,17695743.0,v1.14-1.15,0.0,0.1580756013745704,0.0,True,0.0020449897750511,0.1039999999999992,0.114640043862164,4.0,actuator_motors,none,24593559,10220242,6.7,,C,,0.0,4.0,True,125.00414195301369,234.15749701710195,125.0,120.252,97.75999999999972,,True,0.0,0.0,,main
fc055500-391c-4a8a-8c7e-c38fda95b60f,ok,17826240.0,v1.16+,0.0,0.0,0.0,True,0.0,0.0,0.3031659364700317,4.0,actuator_motors,none,15074318,9189337,6.7,,C,,0.0,4.0,True,9.801592180899046,197.7475251150031,1.9667692509718642,120.991493,116.97890600000004,,True,0.0,0.020172714026348574,sensor_combined,main
bd8cf97e-1998-4cb7-9bb4-bca4e5253bf6,ok,17891392.0,v1.16+,0.0,0.8333333333333334,0.0,True,0.0,0.0,0.0750855594873428,4.0,actuator_motors,none,4451197,3211012,3.5,,C,,0.0,4.0,True,10.00956838789796,20.009693801271315,2.0001235174317284,102.669703,96.74953399999998,,True,0.0,0.0,,main
6e610b03-486c-4b87-b151-b3432bf56830,ok,17761023.0,v1.14-1.15,0.0,0.0,0.0,True,0.0,0.0,0.53102414086461,4.0,actuator_motors,none,3713301,2859765,3.5,,A,,0.0,4.0,True,10.011884477685548,20.010957065795385,1.9999356178918037,88.678665,84.03043300000002,,True,0.0,0.0,,main
c05f5235-215e-4db8-9f37-caf15724cc43,ok,17498880.0,v1.12-1.13,0.0,0.0,0.0,True,,,,4.0,actuator_outputs,global,4424434,2313456,6.8,,B,ground_only_actuator_outputs,,,False,9.884276372031945,19.76218658950666,4.943350657256131,158.006943,0.0,True,True,0.0,0.012424464595964716,sensor_combined,main
ac280158-9e92-4b29-9202-bf65455f7cff,ok,402784511.0,,0.0,0.0,0.0,True,,,,8.0,actuator_outputs,none,18831360,8469739,11.0,not_px4_v24,,no_pwm_params,,,False,9.792499367905725,9.794201506234925,4.903926734268349,509.712991,1.325717,False,False,0.0,0.019789835120800157,sensor_combined,main
fb98c0ff-f746-47a9-94a4-35f18a6d5af3,ok,17760256.0,v1.14-1.15,0.0,0.0,0.0,True,,,,4.0,actuator_motors,none,14229544,4492198,7.2,,C,ground_only_actuator_motors,0.0,4.0,True,10.00116995357343,20.00114617054381,2.0000022441954903,840.105975,0.0,,True,0.0,0.0,,main
7c6b67be-db19-4720-83b3-a16f503daae8,ok,17761280.0,v1.14-1.15,0.0,0.0,0.0,True,0.0,0.0,0.2131172537803649,4.0,actuator_motors,none,71560479,44558475,18.6,,B,,0.0,4.0,True,10.001534612385738,199.99846614278871,1.999999984639017,651.164452,646.8802499999995,,True,0.0,0.0,,main
7c093f68-07c6-4e29-99e0-e7ea5f009c84,ok,17760767.0,v1.14-1.15,0.0,0.0,0.0,True,0.0,0.0,0.4845006622374056,4.0,actuator_motors,none,4073423,2918063,3.7,,B,,0.0,4.0,True,10.010594355902676,20.010009764243286,1.999862217825951,96.295662,89.18634500000002,,True,0.0,0.0,,main
480597bd-2f52-4bfd-a6c4-9b8ec7ea5f12,ok,17891583.0,v1.16+,0.0,0.0,0.0,True,0.5535248041775457,17.902071,0.9999999999994352,4.0,actuator_motors,none,3561054,2797755,3.7,,C,,0.0,4.0,True,10.011633103559857,20.01107319982371,1.999946185497119,81.99058,76.644305,,True,0.0,0.0,,main
4b669d41-b5b9-43f1-a296-b1209904bcba,ok,255.0,,0.0,0.0,0.0,True,0.1350531107738998,3.397500000000008,0.7066768147051334,4.0,actuator_motors,none,12662825,8615979,4.4,not_px4_v0,,,0.0,4.0,True,10.003740347434563,20.003727889509502,2.000020972182531,267.973726,263.59996299999983,,True,0.0,0.0,,main
251632b7-6536-48d6-b495-bd533e6f19fa,ok,17826047.0,v1.16+,0.0,0.0,0.0,True,0.0006662225183211,0.1016260000000102,0.062395840883255,4.0,actuator_motors,none,5416938,3430313,2.9,,B,,0.0,4.0,True,10.006289493131728,20.00616146043667,2.000076144834391,155.192769,150.057442,,True,0.0,0.0,,main
004674ec-2d5c-4750-852d-f19b454f7176,ok,17761280.0,v1.14-1.15,0.0,0.0,0.0,True,,,,4.0,actuator_motors,none,26146330,13358361,5.6,,B,ground_only_actuator_motors,0.0,4.0,True,10.001508559525975,20.001637939601466,1.9999925538738763,618.227734,0.0,,True,0.0,0.0,,main
f4760001-2240-46ab-8663-b6efeb0eccb5,ok,17760511.0,v1.14-1.15,0.0,0.0620915032679738,0.0,True,0.0,0.0,0.3357319384813308,4.0,actuator_motors,none,21268253,9112666,7.2,,B,,0.0,4.0,True,9.972107786153249,19.93569325072817,1.9929926932443562,144.358807,82.384045,,True,0.0,0.0035000053978147985,sensor_combined,main
9e1ff3d2-f668-4639-86c9-761e421f389a,ok,17694975.0,v1.14-1.15,0.0,0.0,0.0,True,0.0,0.0,0.2802192777395247,4.0,actuator_motors,none,3811702,2602408,4.0,,B,,0.0,4.0,True,9.905029757966751,19.800668586755663,1.9809536449894687,105.084929,101.75992000000005,,True,0.0,0.01139606437175326,vehicle_local_position,main
e0dfc303-8ec7-414f-85fd-d49e63d48ff5,ok,17630207.0,v1.12-1.13,0.0,0.0,0.0,True,0.0012033694344163,0.102090000000004,0.2694732161561263,4.0,actuator_motors,none,27100836,13922383,7.4,,C,,0.0,4.0,True,10.005756067697773,285.72051511306825,2.0000057738261923,168.227073,166.26081900000005,,True,0.0,0.0,,main
8d04a31b-47e2-4f82-87e6-ac75dfc06957,ok,17695744.0,v1.14-1.15,0.0,0.0,0.0,True,0.0,0.0,0.2090483292937278,4.0,actuator_motors,none,38839063,11831600,6.6,,C,,0.0,4.0,True,9.80491759000946,19.618660121097815,1.9211209415581216,102.048591,94.12859900000004,,True,0.0,0.019518341026337094,sensor_combined,main
d929b5bd-fafb-4bc4-8ec8-8c162740463a,ok,17695743.0,v1.14-1.15,0.0,0.0,0.0,True,0.0,0.0,0.5605098456144333,4.0,actuator_motors,none,9437573,6156687,4.9,,B,,0.0,4.0,True,10.004479618412203,20.004657030089966,1.9999690388540214,221.780815,213.711029,,True,0.0,0.0,,main
24c87e99-4bee-491b-8748-7bec4035bf2c,ok,17761535.0,v1.14-1.15,0.0,0.0452674897119341,0.0427493713327745,True,0.0,0.0,0.3660801716148853,4.0,actuator_motors,none,9931463,6555581,7.2,,B,,0.0,4.0,True,9.949709957186645,19.8956873911768,1.9916637491163771,239.268085,235.1089630000001,,True,0.0,0.005447522248265852,sensor_combined,main
ef94502c-cb9c-4c43-921f-dabff12683f6,ok,17761024.0,v1.14-1.15,0.0,0.0,0.0,True,0.0,0.0,0.3782200068235397,4.0,actuator_motors,none,18497791,9621608,6.9,,C,,0.0,4.0,True,10.00815117382552,199.9994598798905,2.0000003114754583,122.552631,119.67031899999999,,True,0.0,0.0,,main
b4e8bd03-f7ad-4378-961d-56e2c77bc3e4,ok,17826047.0,v1.16+,0.0,0.0,0.0,True,0.0009039548022598,0.102737999999988,0.3649011969566345,4.0,actuator_motors,none,19336598,11569933,13.4,,B,,0.0,4.0,True,10.002038015444157,19.999577118716726,2.000018582112445,449.156535,442.56467100000003,,True,0.0,0.0,,main
fdf37bb8-e82a-4d3b-8a4e-84578ec40bb8,ok,17694720.0,v1.14-1.15,0.1961102106969205,0.0,0.0,True,0.0,0.0,0.2368786841630935,4.0,actuator_motors,none,55933787,13904378,13.9,,C,,0.0,4.0,True,10.000048105187679,20.000326677400597,124.38028949811147,308.465218,301.92434100000014,,True,0.0,0.0,,main
556d9391-5cb5-42e7-9585-6e9cc289eb0d,ok,17761535.0,v1.14-1.15,0.0,0.0,0.0,True,0.0,0.0,0.1934193670749664,4.0,actuator_motors,none,60187166,21699619,21.9,,B,,0.0,4.0,True,10.009197411907,189.32750958820372,1.9998456045124962,108.416709,103.17201799999997,,True,0.0,0.0,,main
42a0d943-1609-4986-afa7-caa3fe78355d,ok,17629952.0,v1.12-1.13,0.0,0.1158301158301158,0.0,True,0.0105355575065847,0.4024990000000059,0.2798970431089401,4.0,actuator_motors,none,6444420,3575654,3.1,,C,,0.0,4.0,True,10.007712659734384,20.00720587264031,2.0000911481867285,121.665122,113.91625300000001,,True,0.0,0.0,,main
0daded3a-09a7-4bc6-b47d-6ffb146f6631,ok,17630207.0,v1.12-1.13,0.0,0.0,0.0,True,0.0,0.0,0.199,6.0,actuator_outputs,per_channel,2647410,1842096,4.8,,C,,,,False,9.99975180293852,20.00078097108866,2.0000244752995164,80.225001,75.74472699999995,True,True,0.0,0.0,,main
19db58cc-e305-46d5-b38c-c370c16c6228,ok,17826048.0,v1.16+,0.0,0.0,0.0,True,0.0,0.0,0.1798591673374175,4.0,actuator_motors,none,5716340,3521338,7.5,,C,,0.0,4.0,True,10.011056412992513,20.010613555870055,2.000226499636577,86.581186,80.88564000000001,,True,0.0,0.0,,main
6efe27db-fa01-47c7-8d9c-967f7d28f727,ok,16777984.0,v1.12-1.13,0.0,0.0,0.0,True,0.0,0.0,0.1447459757328033,4.0,actuator_motors,none,86567323,47146514,26.4,,C,,0.0,4.0,True,10.000497248170797,20.000495450792442,1.9999997464866675,1814.750457,1806.5300970000026,,True,0.0,0.0,,main
7d373bf8-c662-46b4-8422-4b0d2a4c2c72,ok,16777984.0,v1.12-1.13,0.0,0.0,0.0,True,0.0,0.0,0.1637089297175406,4.0,actuator_motors,none,4817506,3306405,4.5,,C,,0.0,4.0,True,10.01012257197721,20.00910991103209,1.9999951472198967,98.852661,94.00019100000004,,True,0.0,0.0,,main
0a72d5f6-729b-4028-ad5d-b722ce94a689,ok,17695743.0,v1.14-1.15,0.445823927765237,0.0,0.0,True,0.0020604395604395,0.398918999999978,0.4461532160639762,4.0,actuator_motors,none,18468560,11888258,5.5,,A,,0.0,4.0,True,9.921641338068058,19.834123697797548,1.9842804227472628,445.949364,440.5466239999998,,True,0.0,0.008481710792244124,sensor_combined,main
e5b15dd2-ceec-4e8c-a852-72580d8e1884,ok,17825984.0,v1.16+,0.0120240480961923,0.0781563126252505,0.0,True,0.4369449378330373,2.799999999999997,0.7467036172747612,4.0,actuator_motors,none,70520029,28116361,14.3,,A,,0.0,4.0,True,124.95738152062734,249.890281367338,99.99512931664312,246.228,112.66000000000003,,True,0.0,0.0,,main
3862af7d-b0fe-4918-8546-3f0888e11563,ok,17826240.0,v1.16+,0.0,0.0,0.0,True,0.0101449275362318,0.3013629999999949,0.42266166806221,4.0,actuator_motors,none,3599815,2679662,2.5,,A,,0.0,4.0,True,10.011282828233742,20.010106509781433,2.0000508939504313,89.327012,69.00538399999999,,True,0.0,0.0,,main
787e5e88-3eed-40c8-81d1-f999005c382d,ok,17760256.0,v1.14-1.15,0.0,0.0,0.0,True,0.0,0.0,0.075472742319107,4.0,actuator_motors,none,6264063,4763203,2.2,,C,,0.0,4.0,True,10.009867526252147,20.008839503201003,1.9999036392583047,104.065502,99.129553,,True,0.0,0.0,,main
cee67547-ac3b-4fd1-b137-841d4ec910bf,ok,17891392.0,v1.16+,0.0,0.0,0.0,True,0.0004369197160021,0.0214750000000094,0.0440562397241592,4.0,actuator_motors,none,10509040,6118672,4.7,,C,,0.0,4.0,True,8.759177159910516,145.1078329564786,1.7797757944183445,113.598772,110.19405599999993,,True,0.0,0.13009024806159014,vehicle_attitude,main
60b3da9c-40e2-4d92-8577-d5446e4d792c,ok,17694975.0,v1.14-1.15,0.0,0.0,0.0,True,0.0,0.0,0.3440434861928224,4.0,actuator_motors,none,18680954,11892996,6.6,,C,,0.0,4.0,True,9.940112525540576,200.2132480830191,1.9880129426249256,166.950962,164.66201799999996,,True,0.0,0.007177639894397153,vehicle_local_position,main
5dc9ed05-00f1-48d6-bb18-6819fd07e30c,ok,17694720.0,v1.14-1.15,0.0,0.0,0.0,True,0.0,0.0,0.2139263749122619,4.0,actuator_motors,none,11227646,6971335,3.9,,C,,0.0,4.0,True,10.002859954604938,20.00274280800772,2.000012047762589,335.555838,330.20515800000027,,True,0.0,0.0,,main
f270800d-7f94-442e-89f9-970ec60fc86a,ok,17826559.0,v1.16+,0.0,0.0,0.0,True,0.0,0.0,0.1301427302882075,4.0,actuator_motors,none,40845821,10518562,10.8,,A,,0.0,4.0,True,6.990769934606647,140.43973425227762,1.3676842678808174,69.85466,64.958167,,True,0.0,0.05791210454038035,vehicle_attitude,main
3f4b8d54-d264-4c85-a66b-c89704fe60d3,ok,17630207.0,v1.12-1.13,0.0,0.0,0.0,True,0.0,0.0,0.128,6.0,actuator_outputs,per_channel,8908986,5631619,5.0,,B,,,,False,10.004532746247607,20.004830388362276,1.999966095812852,210.34859,200.32105799999982,True,True,0.0,0.0,,main
38dbe81c-fac2-4a1e-891b-7ac4babfd737,ok,17760256.0,v1.14-1.15,0.0,0.0,0.0,True,0.0,0.0,0.119604867696762,4.0,actuator_motors,none,7508872,4985939,3.9,,A,,0.0,4.0,True,10.005434956960501,20.005609429777433,1.9999602949059099,170.513594,164.345963,,True,0.0,0.0,,main
4f9e3184-1e3f-42c3-a6ce-797841c2d42b,ok,17761280.0,v1.14-1.15,0.0,0.0,0.0,False,0.0054617011592728,0.2841520000000059,0.232833445072174,4.0,actuator_motors,none,28588334,8200491,8.0,,B,,0.0,4.0,True,3.849850537002302,253.90933144200196,0.9333572725331961,82.879522,79.00253799999999,,True,0.0,0.621800062464021,sensor_combined,main
a1fb3922-0edb-4097-b86a-772d888937d1,ok,17760256.0,v1.14-1.15,0.0,0.0,0.0,True,0.0,0.0,0.2084354608966544,4.0,actuator_motors,none,3580402,2627119,2.8,,C,,0.0,4.0,True,10.010787346688842,20.011075650060196,1.999885657700245,86.016948,85.822052,,True,0.0,0.0,,main
ec9e8e87-972b-4237-b903-89eb144978b9,ok,17498112.0,v1.12-1.13,0.0,0.0,0.0,True,0.0,0.0,0.496,6.0,actuator_outputs,global,4486863,2861086,6.7,,C,,,,False,9.9242486707744,19.82945464612295,4.968239972582202,162.323668,158.1323840000001,True,True,0.0,0.009433916815394745,vehicle_attitude,main
fa65d37e-9a7e-4ab4-b104-fa39c5a3c3a3,ok,17760256.0,v1.14-1.15,0.0,0.0,0.0,False,0.0,0.0,0.3214171832427381,4.0,actuator_motors,none,10363521,5981074,7.0,,A,,0.0,4.0,True,9.712450083343995,193.93083934669312,1.955221953723695,90.627477,85.92844600000002,,True,0.0,0.02776069268349662,vehicle_attitude,main
488026a5-03f5-4f0f-a5e7-9be84630304b,ok,17761280.0,v1.14-1.15,0.0,0.0,0.0,True,5.653870074065698e-05,0.0139799999999992,0.1602820813655852,4.0,actuator_motors,none,26983382,16293344,7.9,,A,,0.0,4.0,True,10.003826591925598,172.57769981573142,1.9999386105800405,253.326531,247.61524299999994,,True,0.0,0.0,,main
52c752df-a7b3-4d38-a6fd-bd6fdd5d647d,ok,17629184.0,v1.12-1.13,0.0,0.0,0.2663934426229508,True,0.0,0.0,0.366,6.0,actuator_outputs,per_channel,5397011,3703796,2.1,,B,,,,False,10.006500597861034,20.00695869812865,1.9999845911840086,145.820169,143.06758199999987,False,False,0.0,0.0,,main
b33be9d5-fba1-407e-8a38-bfb2136fc175,ok,17826240.0,v1.16+,0.0,0.0,0.0,True,0.0263998809667202,1.5325149999999894,0.4867902100086212,4.0,actuator_motors,none,57737169,35448489,16.2,,A,,0.0,4.0,True,9.948219270340099,198.45971878234803,1.9880495597455305,503.111283,497.4015059999999,,True,0.0,0.005188434634127135,vehicle_attitude,main
ecf95f1d-f0c2-4eaa-b2f2-fe4a6af92ec5,ok,17891392.0,v1.16+,0.0,0.0,0.0,True,0.0,0.0,0.0965936377644538,4.0,actuator_motors,none,3588314,2579833,2.4,,B,,0.0,4.0,True,9.930718091104858,19.959797332010446,2.000011490262091,102.227663,100.29130500000008,,True,0.0,0.0,,main
44fb09de-035b-4c27-b765-5811c91fe907,ok,17630207.0,v1.12-1.13,0.0,0.0256410256410256,0.0,True,0.0,0.0,0.3627272727272727,6.0,actuator_outputs,per_channel,10551513,6176372,3.5,,B,,,,False,10.004358426603455,20.00446240427674,1.9999470530449197,213.474373,210.64847699999999,True,True,0.0,0.0,,main
9676a5fe-b7ac-4abb-84b5-6368bfabf11f,ok,17629952.0,v1.12-1.13,0.0509164969450101,0.0,0.0,True,0.1430921052631578,6.601424000000009,1.0,8.0,actuator_motors,none,12770098,6959395,5.2,,C,,0.0,8.0,False,10.003758131272312,20.003826031278162,2.0000209941103946,245.809882,243.20041300000005,,False,0.0,0.0006876517848498506,sensor_combined,main
c6c9925c-3951-46e1-9d38-8c5677dad084,ok,17694720.0,v1.14-1.15,0.0,0.0,0.0,True,0.0051216389244558,0.301156000000006,0.2856492102146148,4.0,actuator_motors,none,16712205,5134681,4.5,,C,,0.0,4.0,True,10.011602103818532,20.008296366887446,125.00346486277778,81.502562,78.12608300000002,,True,0.0,0.0,,main
910edaf3-9737-42e3-a3b8-5f832fd3839e,ok,17825984.0,v1.16+,0.0,0.2169312169312169,0.0393873085339168,True,0.0254041570438799,0.9996849999999996,0.2882578074932098,4.0,actuator_motors,none,4086917,3031484,2.8,,C,,0.0,4.0,True,10.011123446075286,20.010177829164707,2.0000733507563666,90.614685,86.557851,,True,0.0,0.0,,main
94d937b9-ee18-4f61-a7dd-5d881bfb77e2,ok,0.0,,0.0072992700729927,0.0072992700729927,0.0,True,0.0,0.0,0.1092426538467406,4.0,actuator_motors,none,12106368,8186193,6.7,not_px4_v0,,,0.0,4.0,True,9.984547039479859,19.940668863708574,1.9850233473597205,66.330518,63.788051000000024,,True,0.0,0.0037411297083517437,sensor_combined,main
7c3a6f47-b0ae-4410-8f00-580a6241b261,ok,17630207.0,v1.12-1.13,0.0,0.0,0.0,True,0.0,0.0,0.2535999999999999,6.0,actuator_outputs,per_channel,4197622,3311293,3.2,,C,,,,False,10.01192383223587,20.01072203515277,1.9999431153904306,83.762512,76.82943499999999,True,True,0.0,0.0,,main
9cf97c42-959d-41a4-bc59-58f1e021bf5a,ok,17630207.0,v1.12-1.13,0.0,0.0,0.0,True,0.0,0.0,0.2365999999999999,6.0,actuator_outputs,per_channel,4224545,2704641,2.6,,C,,,,False,9.999765139615686,20.00031421405173,2.0000421239641186,130.107016,118.83166399999999,True,True,0.0,0.0,,main
26c0c04d-a2e4-476e-a7c2-7a7695b172d3,ok,17694720.0,v1.14-1.15,0.0,0.0,0.0,True,0.0,0.0,0.336125223338604,4.0,actuator_motors,none,4337006,2692049,3.7,,B,,0.0,4.0,True,10.008456059310612,20.008176129068435,1.9999087772702269,119.639808,113.14515899999999,,True,0.0,0.0,,main
22dbee22-3fd7-433e-9b46-4cbeac6964c1,ok,17826047.0,v1.16+,0.0,0.0,0.0,True,0.0,0.0,0.3029556944966315,4.0,actuator_motors,none,9977748,6681814,4.1,,B,,0.0,4.0,True,9.999901838233923,19.991140133120876,1.999932547329953,228.628007,224.44114100000007,,True,0.0,0.0007762480160124693,sensor_combined,main
902128db-bf27-4e9b-8f38-15188b3ffe5a,ok,17891583.0,v1.16+,0.0,0.0,0.0,True,0.0,0.0,0.1457399308681488,4.0,actuator_motors,none,5403647,4064262,2.8,,C,,0.0,4.0,True,10.009025404634654,20.008943448668226,1.9999908054721343,110.700425,106.76012299999998,,True,0.0,0.0,,main
201bf29b-321b-4952-86ed-c8c4a29dfdd1,ok,17432576.0,v1.12-1.13,0.0,0.0,0.0,True,0.0,0.0,0.21,6.0,actuator_outputs,global,4557191,2478121,2.6,,A,,,,False,9.751328147886674,18.902685922644284,0.0,113.848155,107.05999899999998,True,True,,0.010582665908369463,vehicle_local_position,main
85a947c4-c918-4c93-9a39-ea289ce77a42,ok,17630207.0,v1.12-1.13,0.0,0.0,0.0,True,0.0,0.0,0.185,6.0,actuator_outputs,per_channel,2016717,1482132,3.2,,B,,,,False,9.999516635207387,19.99943206214292,2.000005033346001,60.252171,56.674438,True,True,0.0,0.0,,main
b467a18a-b13f-432f-a6fa-97ff637094a5,ok,17826240.0,v1.16+,0.0,0.0,0.0,True,0.0302325581395348,2.9015930000000054,0.4453044950962067,4.0,actuator_motors,none,6308038,4461392,6.1,,B,,0.0,4.0,True,10.007115589753035,20.006860673695527,1.999948311298995,135.583759,129.01806999999994,,True,0.0,0.0,,main
aec1f5ef-f8ff-423d-9b30-2a7cddb34b2a,ok,17891583.0,v1.16+,0.0,0.0,0.0,True,0.0164324532913142,3.9656960000000367,0.1714231230318545,4.0,actuator_motors,none,25669116,15110369,6.6,,B,,0.0,4.0,True,7.153292504544029,114.78420938492292,1.3880577450314666,311.158535,305.350598,,True,0.0,0.2895709299357379,vehicle_attitude,main
008f894e-9342-48cc-a950-b242be1e5a5e,ok,17695743.0,v1.14-1.15,0.0,0.0,0.0,True,0.0,0.0,0.2229721665382385,4.0,actuator_motors,none,13776478,8844789,4.1,,C,,0.0,4.0,True,10.003168876269962,20.00337244819953,1.9999834993124144,303.659581,298.8438009999999,,True,0.0,0.0,,main
2084052f-bc1f-4e69-802b-636b265cd1e3,ok,17629439.0,v1.12-1.13,0.0,0.0,0.0,True,0.0,0.0,0.18675,6.0,actuator_outputs,per_channel,2344429,1641314,3.0,,A,,,,False,10.013294900647452,20.01219128928344,2.0001152599753818,75.816932,70.55282700000002,True,True,0.0,0.0,,main
9cde3c69-184f-4c71-ac06-b01dc13b6a1d,ok,17760256.0,v1.14-1.15,0.0,0.0,0.0,True,,,,4.0,actuator_motors,none,4303017,2935264,3.5,,B,ground_only_actuator_motors,0.0,4.0,True,10.009597793535319,20.00965250965251,1.9999917101792883,104.37931,0.0,,True,0.0,0.0,,main
6d50790b-4805-4ddd-ad91-540975494c32,ok,17761535.0,v1.14-1.15,0.0,0.0,0.0,True,0.0,0.0,0.076737105846405,4.0,actuator_motors,none,3951577,2571861,3.0,,C,,0.0,4.0,True,10.006955716246132,20.006620868424307,2.000042291216835,124.547919,120.18366799999995,,True,0.0,0.0,,main
8daf71f7-e479-485e-8c44-73412f5b2bea,ok,17630207.0,v1.12-1.13,0.0,0.0,0.0,True,0.0,0.0,0.3294,6.0,actuator_outputs,per_channel,12125553,7546186,7.5,,C,,,,False,9.99207064967783,19.96774876445653,1.996012064089302,249.658314,239.56484099999994,True,True,0.0,0.001981888018663976,sensor_combined,main
25c2b07f-afa3-4693-926b-0b74b94d2ac3,ok,17695743.0,v1.14-1.15,0.0,0.0,0.0,True,0.0,0.0,0.2640068456530571,4.0,actuator_motors,none,37944859,23454783,8.7,,B,,0.0,4.0,True,10.000110529039057,200.53303063473334,1.9999568180752165,350.195845,327.7586780000003,,True,0.0,0.00032628189590360785,vehicle_attitude,main
90cd5964-82f6-459e-a942-7224900793e5,ok,17761023.0,v1.14-1.15,0.0,0.0,0.0,True,0.0,0.0,0.0777458757162094,4.0,actuator_motors,none,3237396,2213263,3.4,,B,,0.0,4.0,True,9.882696353230793,19.750735744231992,1.9703723553380765,67.967787,62.95978500000002,,True,0.0,0.014809147171545177,vehicle_local_position,main
8e0c18ab-1469-407a-8aa9-8bb3a56c9074,ok,17694720.0,v1.14-1.15,0.0,0.0,0.0,True,0.0,0.0,0.2195329442620274,4.0,actuator_motors,none,26582734,14580853,4.8,,B,,0.0,4.0,True,10.001806282614131,20.001743607787695,1.9999976970863769,532.045583,527.3998269999996,,True,0.0,0.0,,main
85906799-2093-4ed3-854a-9bc6f7c24516,ok,17236991.0,v1.12-1.13,0.0,0.0,0.0,True,0.001870842572062,0.4646249999999838,0.411,6.0,actuator_outputs,global,36549087,18103362,8.6,,B,,,,False,9.698467443821864,237.97419658418494,0.0,326.352342,322.33693800000003,True,True,,0.008885541683608878,vehicle_attitude,main
46c0935d-6879-42d3-bf6c-8ed082b45d3a,ok,17825984.0,v1.16+,0.0,0.0,0.0,True,0.000172245507263,0.0074620000000038,0.403980702161789,4.0,actuator_motors,none,8713607,5602281,4.5,,B,,0.0,4.0,True,9.999312813183264,196.19787917270585,2.00011828887491,75.055244,64.71907699999998,,True,0.0,0.001523231949054057,vehicle_attitude,main
9ebadde2-7e22-4e65-8518-3a5479fd108d,ok,17760767.0,v1.14-1.15,0.1014492753623188,0.0,0.0,True,0.0,0.0,0.542891339957714,4.0,actuator_motors,none,6741393,4494038,12.8,,A,,0.0,4.0,True,10.005608670423928,20.00602054907603,2.000034234504119,171.563521,164.6751670000001,,True,0.0,0.0,,main
5d93b204-9bc1-431e-9247-85c72f50fd2a,ok,17629184.0,v1.12-1.13,0.0523465703971119,0.0,0.0,False,0.0016835016835016,0.1009639999999976,0.6839999999999999,6.0,actuator_outputs,per_channel,2145321,1456194,4.1,,C,,,,False,10.015719559852323,20.01546870939858,1.9998456570730792,62.481525,58.40232199999999,False,False,0.0,0.0,,main
f3884bf0-df61-4b0d-aa38-57aa13e19d28,ok,17695743.0,v1.14-1.15,0.0,0.0,0.0,True,0.0024549918166939,0.2001599999999967,0.2872554302215577,4.0,actuator_motors,none,3912161,2430717,4.1,,B,,0.0,4.0,True,9.999485968916167,19.999738446534327,2.0000406273312974,124.856216,122.18437400000009,,True,0.0,0.0,,main
019a45d7-2553-4535-b9f7-f209633bf26d,ok,17564928.0,v1.12-1.13,0.0,0.0,0.0,True,0.0,0.0,0.4164705882352941,4.0,actuator_outputs,global,39063878,19003021,10.0,,A,,,,False,24.657587512300136,197.44416675669427,1.9738560375276688,269.847434,225.2812669999999,True,True,0.0,0.014300136934611147,vehicle_local_position,main
7690b5f6-ef1e-4f3a-9f28-0119b0175a9c,ok,17826047.0,v1.16+,0.0,0.0,0.0,True,0.0,0.0,0.182271386682987,4.0,actuator_motors,none,17880887,11811324,4.7,,B,,0.0,4.0,True,10.000141661958434,19.994642059081976,2.0000089409001847,372.07284,365.03194900000034,,True,0.0,0.0004433296409563568,sensor_combined,main
f41c0f5c-6566-4aaf-bb7a-bd3b81c3ae47,ok,17760768.0,v1.14-1.15,0.0,0.0,0.0,True,0.0,0.0,0.1684196531772613,4.0,actuator_motors,none,4029871,2804039,4.5,,C,,0.0,4.0,True,10.009318394790455,20.009587950946443,2.0000785758569144,106.613439,99.16014200000005,,True,0.0,0.0,,main
2c16cd61-1ca4-4e70-9f71-b3e58ae49de6,ok,17761280.0,v1.14-1.15,0.0,0.0,0.0,True,0.0,0.0,0.0886138454079628,4.0,actuator_motors,none,14526746,8640028,4.8,,B,,0.0,4.0,True,9.941003187545592,198.52182094285976,1.9833210399507888,120.154081,117.12345099999997,,True,0.0,0.00575383869018147,sensor_combined,main
0c02d58b-9848-4440-b237-5ec11b746b4c,ok,17761535.0,v1.14-1.15,0.0,0.0,0.0,True,0.0370821772165028,2.8775420000000054,0.257355535030365,4.0,actuator_motors,none,14600351,9142133,5.7,,C,,0.0,4.0,True,10.006525834440458,199.9854291363778,2.0001445340806594,137.670801,135.61005500000005,,True,0.0,0.0,,main
1f32ab9e-a748-45e5-97b9-ba461dfcd0cd,ok,17695743.0,v1.14-1.15,0.0,0.0,0.0,True,0.7645305514157973,4.801460000000002,0.7006982713937759,4.0,actuator_motors,none,3129666,2448792,4.5,,C,,0.0,4.0,True,10.013676493762835,20.01365329767083,2.000128483777986,72.057547,67.16328100000005,,True,0.0,0.0007659809257602568,sensor_combined,main
743c9fae-10b6-48f5-b590-2870a7dbf0cf,ok,17695743.0,v1.14-1.15,0.0,0.0,0.0,True,,,,4.0,actuator_motors,none,38371885,21585015,10.8,,A,ground_only_actuator_motors,0.0,4.0,True,10.001046048549872,20.001021525724713,2.0000166951524863,952.737232,0.0,,True,0.0,0.0,,main
df147d88-3d81-4a5e-be0e-098efae4ab22,ok,17825792.0,v1.16+,0.0,0.0,0.0,True,0.0444960053034026,0.5285180000000196,0.4451440274715423,4.0,actuator_motors,none,35773856,22718402,20.4,,C,,0.0,4.0,True,10.00307564176362,198.19272033191243,1.999966404410495,312.098025,306.21707800000024,,True,0.0,0.0,,main
0ab502ef-98ab-4b94-9761-69ab91db08c5,ok,17695743.0,v1.14-1.15,0.0,0.0,0.0,True,0.0107481947044664,0.5818439999999985,0.3556916294307462,4.0,actuator_motors,none,92648075,35863484,26.1,,A,,0.0,4.0,True,9.654110806236963,214.83181798802897,1.936055438302124,187.720719,185.69494700000007,,True,0.0,0.03127937025032818,vehicle_attitude,main
5efd451d-3acd-44ad-824f-d2b6f6a330e0,ok,17825856.0,v1.16+,0.0,0.0,0.0,True,0.0003605088324663,0.1025129999998171,0.4645538511569612,4.0,actuator_motors,none,91371819,57952207,27.3,,B,,0.0,4.0,True,9.87511127927218,19.74932242238522,1.9751273286568465,1970.435519,1966.4102290000028,,True,0.0,0.012807887979748479,vehicle_attitude,main
5ee59a26-9247-4dba-837b-33035c724eb1,ok,17760256.0,v1.14-1.15,0.0,0.0,0.0,True,0.0,0.0,0.5103672988712785,4.0,actuator_motors,none,2505582,1818010,5.1,,C,,0.0,4.0,True,10.0163766187752,20.015171342896178,2.0003345956503007,63.854966,56.93974599999999,,True,0.0,0.0,,main
79dbd04c-9fa5-4feb-b832-5cd245839e17,ok,17826047.0,v1.16+,0.0,0.0,0.0,True,0.003125,0.1976919999999964,0.4565422818064679,6.0,actuator_motors,none,3649342,3013703,5.7,,B,,0.0,6.0,False,10.013043403490558,20.013242951019382,1.9998879532974507,75.982317,63.96792100000001,,False,0.0,0.0,,main
f3c856d9-79a8-4009-a9ed-4073c60ff036,ok,17694720.0,v1.14-1.15,0.0,0.0,0.0,True,7.467144563918757e-05,0.0315679999999929,0.4317065272480249,4.0,actuator_motors,none,98054542,32876551,27.7,,C,,0.0,4.0,True,10.0028266665084,167.908414170458,90.66398648725581,433.106043,421.8489380000002,,True,0.0,0.00013696409275115588,vehicle_attitude,main
5ca695f7-a3c0-4bc9-856a-a6bbd5959e30,ok,17563904.0,v1.12-1.13,0.0,0.0,0.0,True,0.0,0.0,0.2752499999999999,6.0,actuator_outputs,bus,3150901,2445588,3.1,,B,,,,False,10.012683514692844,20.01236438184525,2.012953118034316,76.727646,69.65520299999997,True,True,0.0,0.0,,main
79222114-623e-4b3d-977a-23fdde2cc511,ok,17695744.0,v1.14-1.15,0.0,0.0,0.0,True,,,,4.0,actuator_motors,none,4121411,2791718,2.7,,C,ground_only_actuator_motors,0.0,4.0,True,9.977045240944976,19.93189270042204,1.9886966060099305,89.797023,0.0,,True,0.0,0.0036776826363335464,sensor_combined,main
b8ac6f1c-7ea2-4c62-9adb-4a3c0a583664,ok,17761280.0,v1.14-1.15,,,,,,,,,none,none,375253,164366,1.5,,B,no_land_topic,,,False,0.0,0.0,0.0,0.0,0.0,,False,,0.0,,main
f6bc4dd8-b528-44c0-af2e-39aa71b75fff,ok,17694720.0,v1.14-1.15,0.0220588235294117,0.0,0.0649546827794562,True,0.2406965648854961,3.406248999999999,0.9999999999080456,4.0,actuator_motors,none,14623466,8050016,12.7,,C,,0.0,4.0,True,9.670435723260123,193.1766219246323,1.926469950800384,136.529742,16.12361,,True,0.0,0.034213581254271895,vehicle_attitude,main
45a21fdf-0b74-4e72-8926-a46643f048c1,ok,17695743.0,v1.14-1.15,0.0,0.0,0.0,True,0.0,0.0,0.2475604683160781,4.0,actuator_motors,none,21471222,12008119,14.2,,A,,0.0,4.0,True,10.00598814378429,200.00000119695972,2.0000006726728987,167.032834,161.68009300000003,,True,0.0,0.0,,main
5e4edc60-569b-4101-8b11-15eb8e5297dc,ok,17761280.0,v1.14-1.15,0.0,0.0,0.0,True,0.0,0.0,0.1785885214805602,4.0,actuator_motors,none,100397988,58753633,22.2,,B,,0.0,4.0,True,10.000402163412154,20.00040125926114,2.0000050424027007,2477.34279,2471.3106089999997,,True,0.0,0.0,,main
376cfb8d-d741-4115-801e-2d60ee5e53c9,ok,17761535.0,v1.14-1.15,0.0,0.0,0.0,True,0.7792592592592592,2.303763000000004,1.0,4.0,actuator_motors,none,2338954,1630168,2.7,,C,,0.0,4.0,True,10.014127416108026,19.999701560323253,1.9999644292040806,70.689587,67.43984599999999,,True,0.0,0.0,,main
34ae2cb6-3299-4c18-9ffa-e0ed321f6268,ok,17694720.0,v1.14-1.15,0.0,0.0,0.0,True,0.0,0.0,0.0999948620796203,4.0,actuator_motors,none,12857521,3214362,3.7,,C,,0.0,4.0,True,10.011609234591976,20.010052902453545,96.49792358607289,82.682547,67.81822399999999,,True,0.0,0.0022267482982279807,estimator_innovation_test_ratios,main
814f3010-bc7d-4d8b-b2b7-0363293c9076,ok,17695743.0,v1.14-1.15,0.0,0.0,0.0,True,0.0,0.0,0.7085994598658497,4.0,actuator_motors,none,2835747,2267190,3.3,,B,,0.0,4.0,True,10.013818778815383,20.014536429809027,1.9998489525849932,68.775352,58.715107,,True,0.0,0.0,,main
27421cb1-4489-473d-a952-deb89cc26d1c,ok,17760511.0,v1.14-1.15,0.0,0.0488599348534201,0.0,True,0.0,0.0,0.2572645023465156,4.0,actuator_motors,none,6313051,4237131,7.2,,B,,0.0,4.0,True,10.005972050439851,20.006089442845095,1.999997407169485,153.516709,143.461299,,True,0.0,0.0,,main
233a4f54-86a4-475a-bc54-61336dc6bf9f,ok,17826047.0,v1.16+,0.0,0.0,0.0,False,0.0024196335983408,0.6009730000000104,0.3028388440608978,4.0,actuator_motors,none,13713548,8998817,10.7,,C,,0.0,4.0,True,10.003536354697841,20.003295245397105,2.0000595894042617,291.285715,289.2281290000001,,True,0.0,0.0,,main
eb75b101-5e33-4978-a88f-7a13966ad295,ok,17694975.0,v1.14-1.15,0.0,0.0,0.0,True,0.0,0.0,0.2145035795867443,4.0,actuator_motors,none,19978811,12952048,11.1,,C,,0.0,4.0,True,10.005624958513096,202.30425161559114,1.9999591107260932,182.35152,175.448683,,True,0.0,0.0,,main
a9c9c6f3-da38-42d0-8cdf-2501c05699a1,ok,17825984.0,v1.16+,0.0,0.1149273447820343,0.0,True,0.5429147465437788,6.700000000000003,1.0,4.0,actuator_motors,none,111114864,47838617,38.8,,C,,0.0,4.0,True,124.92857445187505,249.77242415902788,100.0037035469398,377.64,347.1759999999915,,True,0.0,0.0,,main
0e035bda-9965-43ba-b296-e8978ea0dc6d,ok,17630207.0,v1.12-1.13,0.0,0.0,0.0,True,0.0236439499304589,1.001058999999998,0.3964000000000001,6.0,actuator_outputs,per_channel,2484656,1763741,3.3,,C,,,,False,10.013246489252197,20.012670824339313,2.0000403063678407,72.003254,71.81797999999998,True,True,0.0,0.0,,main
2a3dbcfd-dcfc-4af2-a58e-aba9d377ab82,ok,17760768.0,v1.14-1.15,0.0,0.0,0.0,True,0.0,0.0,0.239999970421195,4.0,actuator_motors,none,2470153,1870513,3.0,,A,,0.0,4.0,True,10.013245091467917,20.012173237616306,1.999997179860092,69.807719,62.87987100000002,,True,0.0,0.0,,main
36c55341-13f7-40d9-8736-5a53eea5c970,ok,17825792.0,v1.16+,0.0,0.0,0.0,True,0.1953206239168111,11.837762999999995,1.0,4.0,actuator_motors,none,10779076,4905094,4.1,,C,,0.0,4.0,True,10.014520601041271,161.74897484161798,1.999991694690978,65.812402,60.589153999999986,,True,0.0,0.0,,main
1ced92e4-0565-48c4-ac07-f39041eed434,ok,17761535.0,v1.14-1.15,0.0,0.0,0.0,True,0.0,0.0,0.4357119992375373,4.0,actuator_motors,none,4780758,3437784,2.9,,C,,0.0,4.0,True,10.008911480477014,20.008035496667286,1.999999964285715,112.492736,106.23987900000007,,True,0.0,0.0,,main
685b8ef8-e6ad-4d01-b5a9-9860ab537b13,ok,17761023.0,v1.14-1.15,0.0,0.0,0.0,True,0.0,0.0,0.2385519266128539,4.0,actuator_motors,none,13504640,7672158,4.3,,C,,0.0,4.0,True,9.974273702915836,183.11559069782228,1.9999830679399588,119.001709,106.72552299999998,,True,0.0,0.003073061358740435,sensor_combined,main
a5e80239-ac11-4f97-ad07-d4517fc09523,ok,17629696.0,v1.12-1.13,0.0,0.0,0.0,True,,,,4.0,actuator_outputs,per_channel,6801216,3817703,4.4,,A,ground_only_actuator_outputs,,,False,10.016705168017923,221.32151061383792,2.0158025057811013,64.711948,0.0,True,True,0.0,0.0,,main
4b2ba481-b960-4158-9098-e2a9075c06f3,ok,17761535.0,v1.14-1.15,0.0052219321148825,0.0,0.0,True,0.0,0.0,0.2768281534314155,4.0,actuator_motors,none,43373444,26690656,13.1,,C,,0.0,4.0,True,10.002475988353213,222.01762155610461,2.0000481671781687,385.681699,379.7404540000001,,True,0.0,0.0,,main
eaf98000-82c5-477c-a185-c4be866b8886,ok,17891583.0,v1.16+,0.0,0.0291095890410958,0.0,True,0.0,0.0,0.3028106063604354,4.0,actuator_motors,none,13952359,9581481,8.6,,B,,0.0,4.0,True,9.999797365312471,19.99972335486317,2.0000166519396716,291.792604,289.17303300000015,,True,0.0,0.00038111017085425695,sensor_combined,main
effab4e1-bb70-4a82-85b6-1aa26cd0f27f,ok,17761535.0,v1.14-1.15,0.0,0.0,0.0,True,,,,,actuator_motors,none,37133285,21546064,13.8,,C,ground_only_actuator_motors,0.0,0.0,False,9.930909690891266,19.860810153941244,1.98552346268744,898.687307,0.0,,False,0.0,0.007233886656290671,vehicle_attitude,main
e8248856-d8b7-44fb-ba99-674ee6dcffef,ok,17630207.0,v1.12-1.13,0.0,0.0,0.0,True,0.0,0.0,0.0,6.0,actuator_outputs,bus,7572690,4632428,10.8,,B,,,,False,10.004466414853894,20.004312215043004,2.0000002407407695,216.165476,210.04316300000005,False,False,0.0,0.0,,main
9a900826-c2ee-4259-8c2e-a065a002d750,ok,17826047.0,v1.16+,0.0,0.0,0.0,True,0.0162995104583889,0.9693709999999988,0.4243639633059501,4.0,actuator_motors,none,8196664,5470874,10.8,,A,,0.0,4.0,True,9.999425514486738,171.16026753871373,1.9998969605327201,67.243905,62.915945,,True,0.0,0.0014712619261400227,vehicle_attitude,main
dfe1ecb2-9339-404c-be00-3afe7c3dbdea,ok,17826240.0,v1.16+,0.0,0.1652173913043478,0.0,True,0.0,0.0,0.27129947245121,4.0,actuator_motors,none,4967266,2944275,3.6,,C,,0.0,4.0,True,10.00862672133188,20.008394231816755,2.000036843728045,111.521224,110.07829400000003,,True,0.0,0.0,,main
b561f0e1-ff00-4d9a-82e0-f99004dcfcfd,ok,17629184.0,v1.12-1.13,0.0,0.0,0.0,True,,,,,actuator_outputs,none,118906063,22303968,36.5,,B,ground_only_actuator_outputs,,,False,5.0077183777885805,149.68193807189257,1.0056214909283367,271.285889,0.0,False,False,0.0,0.3991652100628532,vehicle_attitude,main
db372177-e47c-4bf1-b59a-8496124a0fd7,ok,402784511.0,,0.0,0.0,0.0,True,,,,8.0,actuator_outputs,none,4540416,2442168,3.4,not_px4_v24,,no_pwm_params,,,False,9.999928801182607,9.999926520810194,5.008231039811106,120.457074,28.369573,False,False,0.0,0.0,,main
84bab0d0-3bfb-41cc-8752-9dfbcfd9382f,ok,17760767.0,v1.14-1.15,0.000616522811344,0.0053945745992601,0.0,True,0.0,0.0,0.1732357636094092,4.0,actuator_motors,none,133454255,76569976,34.5,,C,,0.0,4.0,True,9.911732285715068,19.821378113956136,1.9821709765704685,3308.769843,3304.370040999988,,True,0.0,0.008993670695909887,sensor_combined,main
89522b38-ec60-4fef-ac67-ddf56cb9a5d2,ok,17564416.0,v1.12-1.13,0.9675789473684212,0.0021052631578947,0.0,False,0.0,0.0,0.4571428571428571,6.0,actuator_outputs,bus,3232305,1883323,3.7,,C,,,,False,10.01172510828011,19.999298657852307,2.0114946633960833,87.973845,85.77814999999998,False,False,0.0,0.0,,main
5ea07f1e-6266-436e-acff-94901abc30ee,ok,17761280.0,v1.14-1.15,0.0,0.0,0.0,True,0.0,0.0,0.1578732192516327,4.0,actuator_motors,none,10448525,6700823,4.9,,B,,0.0,4.0,True,10.011124195984985,202.63638915033457,1.9999309532034846,91.78778,85.74080999999998,,True,0.0,0.0,,main
c574c4e1-92d9-4226-a6a4-351d04ef9566,ok,17826240.0,v1.16+,0.0,0.0,0.0,True,6.12294881214793e-05,0.0037389999999959,0.6041797656565905,4.0,actuator_motors,none,8011985,5111725,5.1,,A,,0.0,4.0,True,10.000433140788807,198.96404113669425,1.9997821997210639,63.307689,57.160689999999995,,True,0.0,0.0011888916884315584,vehicle_attitude,main
e41e1942-6b15-4ee2-950e-3991b4ab1523,ok,402784511.0,,0.0,0.0,,True,,,,8.0,actuator_outputs,none,2205696,1233337,2.3,not_px4_v24,,ground_only_actuator_outputs,,,False,0.0,0.0,0.0,87.790334,0.0,False,False,,0.004234966977729696,sensor_combined,main
a0913310-d2eb-4f9d-a5ad-5a138fd03f06,ok,17760512.0,v1.14-1.15,0.1235955056179775,0.0,0.0222965440356744,False,0.0005643340857787,0.1024309999999957,0.3013480216264724,4.0,actuator_motors,none,7960297,4308696,7.8,,B,,0.0,4.0,True,10.00570123850972,20.0057617264169,2.00008609894445,179.064794,176.30694299999985,,True,0.0,0.0,,main
cc7d88d5-2c6c-433b-9ef7-51491b783762,ok,17761535.0,v1.14-1.15,0.0,0.0,0.0,False,0.0,0.0,0.2312222242355344,4.0,actuator_motors,none,14613037,9333903,7.6,,B,,0.0,4.0,True,9.539134004642573,190.61619761395215,1.9044166237688858,133.295894,125.47006,,True,0.0,0.048281895162576395,vehicle_local_position,main
4ef8659f-2a60-4a72-9ba5-5ec6f16b70bc,ok,17170944.0,v1.12-1.13,0.0,0.0,0.0,False,0.1030595813204508,1.0,0.891192615032196,4.0,actuator_motors,none,22331858,9629935,5.4,,A,,0.0,4.0,True,124.94421026531118,249.8634354670507,100.0,80.528,61.272,,True,0.0,0.0,,main
80e8938d-01fa-4a11-bbf1-3e1d2ec3ca2f,ok,17761535.0,v1.14-1.15,0.0,0.0,0.0,True,0.0573488289394992,5.649727999999996,0.4568905359037176,4.0,actuator_motors,none,52895946,18610584,12.9,,B,,0.0,4.0,True,9.606216292798338,213.50556811050456,1.9308316112543245,101.217016,97.23517499999998,,True,0.0,0.03511667805799184,vehicle_attitude,main
425ca0ab-2740-4922-b98b-5fd831fad1c0,ok,17694976.0,v1.14-1.15,0.6208333333333333,0.0,0.0,True,0.0,0.0,0.3949206858873366,4.0,actuator_motors,none,5378899,3475687,3.8,,A,,0.0,4.0,True,10.009424562035413,20.009195756471332,1.9999898551239235,103.435995,101.01272899999998,,True,0.0,0.0,,main
0b65d668-dc2f-423d-a728-89c5fb59533f,ok,17825984.0,v1.16+,0.0,1.0,0.0,True,0.0,0.0,0.1611558496952056,4.0,actuator_motors,none,3712344,2688119,3.5,,B,,0.0,4.0,True,10.009974100792594,20.009510713427222,1.9998223015040664,98.066109,94.50339199999999,,True,0.0,0.0,,main
6e080b74-16c5-4957-8d0b-630cf1ede299,ok,17695744.0,v1.14-1.15,0.0,0.0,0.0,False,0.0144486692015209,1.5017660000000037,0.3116710305213928,4.0,actuator_motors,none,5937860,3675029,3.6,,B,,0.0,4.0,True,10.006870644903392,20.007162194247385,1.999981353333702,134.960436,131.02997300000004,,True,0.0,0.0,,main
d43be4b4-3c0f-435f-806f-6e1568fcb85c,ok,17760320.0,v1.14-1.15,0.0,0.0,0.0,True,0.0,0.0,0.1639873623847962,4.0,actuator_motors,none,38749379,22360685,8.7,,C,,0.0,4.0,True,9.939690279024745,200.74677256805924,1.9886938640590461,265.269999,256.68935400000004,,True,0.0,0.006507689104038144,vehicle_attitude,main
4020a64f-010d-4699-973c-f9b04c53cb38,ok,17694720.0,v1.14-1.15,0.8539682539682539,1.0,0.2884130982367758,True,0.100383631713555,4.399125000000012,0.2949662953615188,4.0,actuator_motors,none,5997012,3805183,17.1,,A,,0.0,4.0,True,10.006158932866445,20.00536439206242,2.0000776739025765,158.283655,156.43944799999997,,True,0.0,0.0,,main
afd1472c-f54f-403d-8dd8-402d8ec951ce,ok,17825984.0,v1.16+,0.0,0.0,0.0286407766990291,False,0.7947084762371387,263.297909,1.0,4.0,actuator_motors,none,19388963,10376656,21.5,,A,,0.0,4.0,True,10.002381378231556,20.002318937614426,2.000019143735551,411.445867,407.1978030000004,,True,0.0,0.0,,main
00d1df54-e249-432d-9b6d-258e71c24b38,ok,17825856.0,v1.16+,0.0,0.0,0.0,False,0.0,0.0,0.0,1.0,actuator_motors,none,17058621,5337932,18.2,,B,,0.0,1.0,False,10.003061306672741,20.003044445485475,1.9999888148773688,324.348551,323.7824920000001,,False,0.0,0.0,,main
32e2aa9d-06cb-4224-8688-bf132ed4e367,ok,17761535.0,v1.14-1.15,0.0,0.0,0.0,True,0.0,0.0,0.2648572735488415,4.0,actuator_motors,none,40493229,23229285,25.8,,B,,0.0,4.0,True,9.94125934385379,207.9798541806104,1.9866615702388803,375.198847,135.781169,,True,0.0,0.006677928965067356,vehicle_local_position,main
3eb646d4-7ef0-43f3-8521-a10b0595039e,ok,17826047.0,v1.16+,0.0,0.0,0.0,True,0.0,0.0,0.4983092863112688,4.0,actuator_motors,none,3287375,2375181,3.3,,B,,0.0,4.0,True,10.010597978298232,20.01005208357953,1.9996765015319555,93.958227,90.55759499999999,,True,0.0,0.0,,main
11c89c98-bdc2-422a-badf-a570aef61c3d,ok,17761792.0,v1.14-1.15,0.0,0.0,0.0,True,0.0,0.0,0.3397476375102996,4.0,actuator_motors,none,8211487,4958983,4.1,,B,,0.0,4.0,True,10.015084448181211,222.03242531834155,2.000235558990752,64.361907,59.407911000000006,,True,0.0,0.0,,main
c5780a58-6604-4f22-8345-c660568c820b,ok,17630207.0,v1.12-1.13,0.0175438596491228,0.0,0.0,True,0.0,0.0,0.30555,6.0,actuator_outputs,per_channel,4791076,3169960,4.0,,C,,,,False,10.007609504727531,20.00792779768048,2.0000421634904875,123.666037,119.042438,True,True,0.0,0.0,,main
31d3a42d-4d7c-4e56-b5da-1a3aa0447e28,ok,17695743.0,v1.14-1.15,0.672645739910314,0.9641255605381166,0.0,True,0.0047974583002382,0.3351940000000013,0.4525661796331405,4.0,actuator_motors,none,12269200,6895283,4.0,,B,,0.0,4.0,True,10.009039643956825,221.23169207922348,2.000122872413216,111.110645,110.16359699999997,,True,0.0,0.0,,main
4dd4c078-783f-4f58-b2fe-670159a34b39,ok,17629696.0,v1.12-1.13,0.0,0.0,,True,0.0,0.0,0.1350619569420814,4.0,actuator_motors,none,11848675,6366278,4.0,,B,,0.0,4.0,True,0.0,19.729319761848192,0.0,96.239004,95.78059700000003,,True,,0.014369616666160772,sensor_combined,main
0229a46f-bf1f-4e68-9246-2dad6d50f160,ok,17761280.0,v1.14-1.15,0.0,0.1532846715328467,0.0,True,0.0,0.0,0.0448227047920227,4.0,actuator_motors,none,7505000,4837924,3.6,,B,,0.0,4.0,True,10.013503645689644,200.00017433138132,2.000003848492254,66.138645,59.28001000000002,,True,0.0,0.0,,main
2518c527-4290-40e7-b7ea-d43a65aa33a3,ok,17694975.0,v1.14-1.15,0.0,0.0,0.0,True,0.0,0.0,0.4014838397502899,4.0,actuator_motors,none,2990611,2171511,5.1,,,,,,,10.01303282010949,20.011931922478485,2.000092442982332,77.820606,69.33351000000002,,,,0.0,,extra
489b7e37-cbd2-4b7c-99e6-1179ada740f1,ok,17694975.0,v1.14-1.15,0.0,0.0,0.0,True,0.0,0.0,0.088112585991621,4.0,actuator_motors,none,2567491,1921640,1.9,,,,,,,10.014975152723762,20.014586532358294,1.9999891163382972,64.793915,58.138721000000004,,,,0.0,,extra
e9fc82b6-064c-4115-9c90-96a59fd91028,ok,17761535.0,v1.14-1.15,0.0,0.0,0.0,True,0.0,0.0,0.3480685781687498,4.0,actuator_motors,none,4010689,2789650,7.0,,,,,,,10.009217570662127,20.008741403478655,1.9998949763890554,103.143572,95.64300800000005,,,,0.0,,extra
53501b6b-ddc5-4095-897d-af0dcfeeef12,ok,17694975.0,v1.14-1.15,0.0,0.0,0.0,True,0.0,0.0,0.4207091391086577,4.0,actuator_motors,none,3682442,2608812,7.1,,,,,,,10.010732195308695,20.010042468150978,1.9999434121274546,95.377979,89.26058299999998,,,,0.0,,extra
b0013569-f227-4086-b52a-f40ae69834cd,ok,17630207.0,v1.12-1.13,0.0,0.0,0.0,True,0.0,0.0,0.3636363636363636,6.0,actuator_outputs,per_channel,3815142,2740668,3.6,,,,,,,10.01334847327221,20.01362181219672,2.0001840958914574,76.089628,74.45927799999998,,,,0.0,,extra
eaa6dae6-3036-4cd4-8586-8a9e5fb78cbf,ok,17629952.0,v1.12-1.13,0.0236220472440944,0.0,0.0,True,0.0,0.0,0.425,6.0,actuator_outputs,per_channel,7658320,4259171,7.4,,,,,,,10.015527718631668,199.64447035989684,1.9999556809821095,62.89766,57.95865600000002,,,,0.0,,extra
e8bbc752-9584-430a-b25b-87bd124d5f3a,ok,17761280.0,v1.14-1.15,0.0,0.0,,True,0.03099173553719,0.7984670000000023,0.3785790979862213,4.0,actuator_motors,none,3201535,2143197,5.6,,,,,,,10.009440053850788,20.009958901927735,0.0,100.301744,96.834204,,,,0.0,,extra
91505ef2-2587-4b38-bfb9-49ce545c3bfb,ok,17760511.0,v1.14-1.15,0.0,0.0,0.0,False,0.0,0.0,0.02576604783535,4.0,actuator_motors,none,14208729,6375336,11.2,,,,,,,125.00759186152445,250.0,125.00759186152445,65.7,45.28,,,,0.0,,extra
87a0d665-84e8-4499-a220-6e9b56f77d6b,ok,17695999.0,v1.14-1.15,0.0,0.0380710659898477,0.0511247443762781,True,7.356727727506805e-05,0.0074890000000209,0.2183632940053939,4.0,actuator_motors,none,21668983,13721421,16.3,,,,,,,9.943593728633028,198.6121062453843,1.9948552682631493,195.963974,191.64608900000002,,,,0.00695657056213708,,extra
aedc34d8-a56d-47c3-a756-987bce05c9a0,ok,17695488.0,v1.14-1.15,0.0,0.0,0.0,True,0.0158730158730158,0.8010199999999994,0.1832872182130813,4.0,actuator_motors,none,3316813,2515909,8.3,,,,,,,10.013200204116217,20.011026713012715,2.0000388981924178,78.157889,75.674907,,,,0.0,,extra
9703bbfa-a72c-4109-8d75-b99557b71d53,ok,17761535.0,v1.14-1.15,0.0,0.0,0.0,True,0.0,0.0,0.4274462312459945,4.0,actuator_motors,none,10509856,6233382,7.1,,,,,,,9.884779061349288,197.44816922964418,1.9804830963292124,102.915144,97.01034400000002,,,,0.012033042639117036,,extra
a7023a93-96ea-4769-a09a-9a97de7251e5,ok,17432831.0,v1.12-1.13,0.0,0.0783132530120482,0.0,True,0.0,0.0,0.3097142857142856,6.0,actuator_outputs,global,6125075,3320937,3.8,,,,,,,9.808034304332901,19.00420367623631,0.0,167.064992,158.18000899999998,,,,0.004441754424131275,,extra
4c779ff4-0eae-40c6-b9e4-a603d78c5384,ok,17761535.0,v1.14-1.15,0.0,0.0,0.0,True,0.0,0.0,0.4994640067153382,4.0,actuator_motors,none,2965506,2328438,3.7,,,,,,,10.01512443451015,20.014527646415115,1.9997795571469192,68.634695,57.896331999999994,,,,0.0,,extra
5f140183-0a72-4b97-9c13-6f25753799ca,ok,17499135.0,v1.12-1.13,0.0,0.0,,True,0.0,0.0,0.316,8.0,actuator_outputs,global,121240797,64473600,35.3,,,,,,,99.9978862804804,198.56880499699875,0.0,455.9816,447.955622,,,,0.0,,extra
d809e505-118f-455a-b1bd-ba5fb1e5868f,ok,17826047.0,v1.16+,0.0,0.0,0.0,True,0.0665859564164648,2.298891999999995,0.9948130761040376,4.0,actuator_motors,none,3177734,2291987,7.4,,,,,,,10.011526853267489,20.011130710420876,1.9999782305399874,82.714537,82.55079300000003,,,,0.0,,extra
b2b1b2c2-8503-4ac6-a1b1-d8fde5643476,ok,17564928.0,v1.12-1.13,0.0,0.0,0.003030303030303,True,0.0945901095253899,8.803750000000036,0.483235294117647,4.0,actuator_outputs,global,74225842,25111960,23.5,,,,,,,24.62454613415899,24.645967193715553,1.970048770698025,669.480975,612.3002980000001,,,,0.015180483469200036,,extra
8eb4b37c-5b35-42a3-9783-966d90604eca,ok,17630207.0,v1.12-1.13,0.0,0.0,0.0606060606060606,True,0.0,0.0,0.44825,6.0,actuator_outputs,per_channel,3990699,2916001,3.2,,,,,,,10.009735499144798,20.010554237304348,2.0001076342075503,91.706996,87.65629299999998,,,,0.0,,extra
7972119d-b9b4-4650-aae4-57ea893a0234,ok,17694720.0,v1.14-1.15,0.8669950738916257,0.0,0.0,True,0.0056656160888488,0.0112409999999982,0.4762952640652655,4.0,actuator_motors,none,12003253,7189718,5.7,,,,,,,10.009290405330079,199.94836969299988,1.9998772811622594,100.757229,93.284207,,,,0.0,,extra
5d88143d-3ff1-462a-950c-01102ee64b71,ok,17826559.0,v1.16+,0.0,0.0,0.0,True,0.0138713745271122,0.3985589999999988,0.1132772803306579,4.0,actuator_motors,none,3552370,2695217,1.7,,,,,,,10.000181582244519,19.987467188636025,2.000088172561728,83.598105,79.28423199999999,,,,0.001289726029255599,,extra
1ee7654a-b6f9-4c5a-a379-fb98b0e58f48,ok,17695743.0,v1.14-1.15,0.0,0.0,0.0,True,0.0,0.0,0.6505219677871222,4.0,actuator_motors,none,4792039,3243659,2.6,,,,,,,10.00023582758245,19.99953520296484,1.9999779093349104,132.294476,129.70990599999993,,,,0.0003285804144736192,,extra
3ec8981f-cf5e-47c9-83b5-77a2c232b7aa,ok,17694720.0,v1.14-1.15,0.0,0.0,0.0,True,0.0,0.0,0.2682854527149626,4.0,actuator_motors,none,3866624,2648977,2.4,,,,,,,9.344824595654078,18.643377244460357,1.864453507083658,105.462967,30.643688000000004,,,,0.06980507308066027,,extra
60d02c85-b6f5-4924-9238-863297174ef9,ok,17826240.0,v1.16+,0.0,0.0,0.0503355704697986,True,0.010387733441727,0.4208689999999997,0.3403486102819443,4.0,actuator_motors,none,36664843,10460712,21.1,,,,,,,9.042890582011836,178.59975392551425,1.8615711392718448,65.50771,61.694413000000004,,,,0.01640652038593286,,extra
14ac8989-8ff1-49f5-a0b8-31cefd36df4b,ok,17760511.0,v1.14-1.15,0.0,0.0,0.0,True,0.0501062481027124,3.8142,0.5936625152826309,4.0,actuator_motors,none,22514166,13671680,16.9,,,,,,,10.00443093754699,183.32247929075507,1.9999739811077266,208.435563,197.013486,,,,0.0002632328922337313,,extra
ba44f9cb-d10f-48e4-bf70-07f119f4931f,ok,17171712.0,v1.12-1.13,0.0,0.0,0.0,False,0.0,0.0,0.0,4.0,actuator_outputs,global,15118336,8327720,11.1,,,,,,,9.852050433366319,31.745737066396618,0.0,399.7683,353.247435,,,,0.0,,extra
275377ef-aeae-4a54-b156-ebe7142b8236,ok,17629951.0,v1.12-1.13,0.0,0.0,0.0,True,0.0,0.0,0.182,6.0,actuator_outputs,per_channel,3122661,2125621,3.5,,,,,,,10.015450604521812,20.01358244865473,1.999862645092748,64.621825,62.89886,,,,0.0,,extra
6d15c87f-bf5b-4480-9f35-31a275727d19,ok,17629952.0,v1.12-1.13,0.0,0.0,0.0,True,0.0,0.0,0.2749334529042243,4.0,actuator_motors,none,43322634,12840466,27.1,,,,,,,9.756853704311672,196.83932287272933,1.9502845688311703,60.914724,55.219894,,,,0.004415067365359753,,extra
7f3a36f2-eee0-440e-8a4a-0f09a5051bfe,ok,17825984.0,v1.16+,0.0,0.0,0.0,True,,,,4.0,actuator_motors,none,161996163,52504808,50.5,,,,,,,125.0,250.0,100.00108959365421,550.788,0.0,,,,0.0,,extra
bee55c67-16e2-4041-842c-17d8b8362c36,ok,17826559.0,v1.16+,0.0,0.0,0.0,True,0.6338235294117647,24.697489,0.9141459904611112,4.0,actuator_motors,none,3200482,2377133,8.9,,,,,,,10.012599833503188,20.012908879069787,2.0001068946018115,72.086528,67.93888699999998,,,,0.0,,extra
7e40bdda-6cb2-4d65-a7c7-b8d145062336,ok,17694720.0,v1.14-1.15,0.0,0.0,0.0,True,0.0,0.0,0.2194926887750625,4.0,actuator_motors,none,8229359,5100746,8.0,,,,,,,10.0038205337657,20.00385390807171,2.000047023508838,246.004663,240.62551899999988,,,,0.0,,extra
6fa6c16a-37e9-44fd-ad24-1222fd19c54c,ok,17694975.0,v1.14-1.15,0.0,0.0,0.0,True,0.0,0.0,0.3106184512376785,4.0,actuator_motors,none,13118535,8361688,11.7,,,,,,,10.00820588425075,188.88121339682473,1.9999567297497367,118.051026,115.77034799999998,,,,0.0,,extra
e8c22975-e15f-4307-9b15-09d38386da4e,ok,17760767.0,v1.14-1.15,0.0,0.0,0.0,True,0.0054570259208731,0.2027339999999995,0.6316215962171554,5.0,actuator_motors,none,3348746,2649064,2.7,,,,,,,10.012676698874587,20.012264566402692,1.9997988960404283,76.748451,73.25321499999997,,,,0.0,,extra
ae6a997e-f29a-4686-b553-61a080fc3050,ok,17760767.0,v1.14-1.15,0.000616522811344,0.0053945745992601,0.0,True,0.0,0.0,0.1732357636094092,4.0,actuator_motors,none,133454255,76569976,44.6,,,,,,,9.911732285715068,19.821378113956136,1.9821709765704685,3308.769843,3304.370040999988,,,,0.008993670695909887,,extra
f8947eaa-4401-4ae1-ac1b-534f66117288,ok,17760512.0,v1.14-1.15,0.0,0.0,0.1173076923076923,True,0.0009803921568627,0.1014029999999905,0.1511521279811859,4.0,actuator_motors,none,3972110,2542833,2.3,,,,,,,10.009544940050636,20.00964299008953,1.999990252474692,103.45873,102.08733899999996,,,,0.0,,extra
99a23a8d-401a-4e12-aa97-fc3f17565818,ok,17761280.0,v1.14-1.15,0.0,0.0,0.0,True,0.0,0.0,0.2361624598503112,4.0,actuator_motors,none,22434594,12651067,5.1,,,,,,,10.002310108491168,20.002310367407496,2.0000026498890944,437.559761,433.9066939999998,,,,0.0001304309980915936,,extra
9bab2818-26ce-4d76-a6c5-9d22978de2be,ok,17891583.0,v1.16+,0.0,0.0,0.0,True,0.0,0.0,0.0611028671264648,4.0,actuator_motors,none,3232928,2289297,3.0,,,,,,,10.011515375179124,20.01176417876703,1.9999251327461605,88.857417,86.52784300000003,,,,0.0,,extra
3cfe4ae4-7f5e-47f3-b2fe-066bc8bcc69a,ok,17630207.0,v1.12-1.13,0.0,0.0,0.0,True,0.0,0.0,0.188,6.0,actuator_outputs,per_channel,2773315,1905385,2.1,,,,,,,10.000731296079035,19.999607336314593,1.9998258008882726,83.956388,80.25803700000003,,,,0.0,,extra
b50b1e35-0875-4de2-a231-7f69ebc7f8f5,ok,17826240.0,v1.16+,0.0,0.0,0.0,False,0.0009090909090909,0.1019299999999958,0.2365551114082336,4.0,actuator_motors,none,4500608,3063407,3.2,,,,,,,10.009322892169367,20.008843134594187,1.9999533404550978,110.725903,109.88378499999999,,,,0.0,,extra
0477d74c-40ac-41fb-b40f-becc5082f277,ok,17826047.0,v1.16+,0.0,0.024793388429752,0.0,True,0.0,0.0,0.2705014050006866,4.0,actuator_motors,none,6264484,4305806,4.2,,,,,,,9.922336678338276,19.833916431351255,1.9816867080684495,177.380811,170.00351400000002,,,,0.009456121852234312,,extra
8cd2679a-e39d-4356-9396-90bc3bdd0585,ok,17630207.0,v1.12-1.13,0.0,0.415929203539823,0.0,True,0.0,0.0,0.199,6.0,actuator_outputs,per_channel,4582677,3166101,5.8,,,,,,,10.00910677736425,20.008467292196688,1.9999632863882428,112.297699,108.16862399999998,,,,0.0,,extra
fc40cc1c-645b-4b2b-814d-d9f308baa304,ok,17564416.0,v1.12-1.13,0.0,0.0,0.0,True,0.0,0.0,0.1085714285714285,6.0,actuator_outputs,bus,24292748,12584733,9.3,,,,,,,10.00498087036012,199.18308457234386,2.005046590877762,197.245435,185.87109299999995,,,,0.0,,extra
94a9a6f1-c883-4fc1-80c2-eb17dba20485,ok,17761535.0,v1.14-1.15,0.0,0.051063829787234,0.0,True,0.0002877697841726,0.1024989999999981,0.3771833270788191,4.0,actuator_motors,none,14766472,9419675,9.0,,,,,,,10.00282020274647,20.002821726870266,2.0000020395501026,354.085344,347.50000499999993,,,,0.0,,extra
434ca928-1324-495c-94fa-ebb98a1335d7,ok,17695743.0,v1.14-1.15,0.0,0.0,0.0,True,0.0,0.0,0.3162984386086463,4.0,actuator_motors,none,31087032,19301719,11.8,,,,,,,10.001302579600027,20.00117959661722,2.0000205890576073,771.460385,764.984190999999,,,,0.0,,extra
53ba7031-44a7-4450-9abd-7150ef043384,ok,17826240.0,v1.16+,0.0,0.0,0.0,True,0.0,0.0,0.4718168869614599,4.0,actuator_motors,none,6415292,4385104,3.6,,,,,,,10.006457936308653,20.006204885402145,2.000058001682049,148.16947,140.54012199999994,,,,0.0,,extra
d166202b-14c5-4c96-b006-75af6092becd,ok,17760768.0,v1.14-1.15,0.0,0.0,0.0915750915750915,True,0.0,0.0,0.2618201710283756,4.0,actuator_motors,none,4761341,3322385,3.9,,,,,,,10.009021538274663,20.00881949811505,1.9999103266014848,108.635191,102.59848,,,,0.0,,extra
8d5c3c28-27d9-4428-9273-1561168317d4,ok,17564416.0,v1.12-1.13,0.0,0.0,0.0,True,0.0,0.0,0.4857142857142857,8.0,actuator_outputs,bus,25523235,12953734,20.4,,,,,,,10.004516922606314,200.30452243553714,2.0047951878609145,205.174616,195.36163200000004,,,,0.0,,extra
6128c2aa-c6cd-4359-93eb-43e7ac9b65e6,ok,17826559.0,v1.16+,0.0,0.0223880597014925,0.0,True,0.0,0.0,0.03996442258358,4.0,actuator_motors,none,80218881,31669697,33.1,,,,,,,9.39712471344704,375.7947952944432,1.8712034881596644,132.285855,127.619922,,,,0.05814174457153257,,extra
c10eef5a-db0a-4432-8dc1-11472fa08396,ok,17760256.0,v1.14-1.15,0.0,0.0,0.0,True,0.0,0.0,0.1444132193922996,4.0,actuator_motors,none,3969920,3008220,2.8,,,,,,,10.0099785185861,20.011174371710972,2.0001186368711905,90.590955,85.39791200000002,,,,0.0,,extra
3838ee1d-5e55-4e61-8dc4-bf5d1138c796,ok,17498112.0,v1.12-1.13,0.0,0.0,0.0,True,,,,4.0,actuator_outputs,global,2089635,1055976,2.2,,,,,,,10.001937854446824,19.971934053009985,5.000136872433579,59.460231,0.0,,,,0.0030294263137385685,,extra
0e3de3ef-3f68-443c-a1f5-45b53d5c8289,ok,17761535.0,v1.14-1.15,0.8095238095238095,0.1904761904761904,0.0,True,0.0,0.0,0.3616556056039027,4.0,actuator_motors,none,2853422,2021498,3.0,,,,,,,10.014353003778119,20.014417788278912,1.9997230311669352,70.251756,65.366806,,,,0.0,,extra
b777fe01-0c5f-4a19-80a0-97471d6636bf,ok,17760256.0,v1.14-1.15,0.0,0.0,0.0,True,0.0,0.0,0.1331184551119804,4.0,actuator_motors,none,7456590,5018536,5.8,,,,,,,10.005821627632157,20.00575219659374,2.000022141421589,170.393258,165.18881399999998,,,,0.0,,extra
e10558d7-e28c-44c2-a224-86c65ec6754d,ok,17891583.0,v1.16+,0.0,0.0,0.0,True,0.0,0.0,0.206812660396099,4.0,actuator_motors,none,2986213,2607414,7.1,,,,,,,10.016202059100625,20.01459458393383,1.9999997377049523,61.43803,54.220045999999975,,,,0.0,,extra
362efc3b-e762-4c61-afab-d4dcf93dd642,ok,17629184.0,v1.12-1.13,0.0,0.0,0.0782967032967033,True,0.0162241887905604,0.1025729999999995,0.3125723525881767,4.0,actuator_motors,none,4830728,3245203,4.6,,,,,,,9.999845744137765,20.00014880000892,1.999949877118252,145.547568,135.542531,,,,0.0,,extra
9b4d7c36-eb63-4bed-bacd-4a49461c0ecc,ok,33556991.0,,0.0,0.0,0.0,True,0.0,0.0,0.4762824416160582,4.0,actuator_motors,none,4350499,2769549,3.7,not_px4_v2,,,,,,9.999699013208955,19.999702368593535,1.9998963553713829,120.380225,116.525259,,,,0.0,,extra
d787c625-553c-4665-b1ba-38b18e62e298,ok,17825984.0,v1.16+,0.0,0.186335403726708,0.0,True,0.0,0.0,0.1788851935416459,4.0,actuator_motors,none,3794311,2828580,4.5,,,,,,,10.01194213985177,20.011396895747332,2.0000009308180435,79.768814,77.454983,,,,0.0,,extra
baf695de-0a06-4b1a-8bbb-a1cd01035a53,ok,20055039.0,v1.16+,0.0037735849056603,0.0,0.0,False,0.014095536413469,1.7009909999999877,0.1941249847412109,4.0,actuator_motors,none,5160260,3512445,3.4,,,,,,,10.00711382229317,20.00659111538179,2.0000697955390723,131.280268,127.49083699999998,,,,0.0,,extra
d2a10a9f-35e0-46ff-bc65-ea7500e2eba7,ok,17695743.0,v1.14-1.15,0.0,0.0,0.0,True,,,,4.0,actuator_motors,none,20677109,10528368,18.7,,,,,,,10.000000063104755,19.999790199929055,1.999999785263181,475.115976,0.0,,,,0.0,,extra
d81326d8-4c76-42ef-b95a-eb32155d2184,ok,17630207.0,v1.12-1.13,0.0187683284457478,0.002932551319648,0.0,False,0.0,0.0,0.94,6.0,actuator_outputs,per_channel,33811810,18988175,33.0,,,,,,,10.001097586161967,20.00114816798592,1.9999992600351777,860.120007,853.0430339999989,,,,0.0,,extra
0bc7f06c-f22c-4354-9c6a-38a04914f427,ok,17825792.0,v1.16+,0.0,0.0397897897897897,0.0,True,0.0023090120955888,2.96463000000017,0.3178557008504867,4.0,actuator_motors,none,154339146,87152761,43.1,,,,,,,10.000726618619103,200.03359738602333,2.0001658898513206,1315.807135,1310.3747380000013,,,,0.0,,extra
4f1e4a7f-7cd9-433d-9459-5be1f1a482aa,ok,17564159.0,v1.12-1.13,0.0,0.0,0.0,True,0.0,0.0,0.476,6.0,actuator_outputs,bus,8751757,4338312,5.2,,,,,,,10.01299984709406,200.5802792136892,2.014272904260704,68.290655,68.11727200000001,,,,0.0,,extra
9569ae81-5e14-4f66-839b-53bf7b20773c,ok,17761280.0,v1.14-1.15,0.0,0.0,0.0,True,0.0,0.0,0.2741758897900581,4.0,actuator_motors,none,54932856,28930177,18.8,,,,,,,9.884304447848217,19.767811229287513,1.9776160773523532,1296.19462,1293.734634000001,,,,0.012197409874560687,,extra
5e0d8d89-d980-4218-8777-d19ff780e163,ok,17825984.0,v1.16+,0.0,0.0,0.0,True,0.0,0.0,0.1092901527881621,4.0,actuator_motors,none,4856806,3700453,3.2,,,,,,,10.01006186921048,20.009442890826158,1.999966202591344,99.216607,93.82725199999999,,,,0.0,,extra
17769c00-4d26-4ea3-be8b-3a51bda20f77,ok,17826047.0,v1.16+,0.0,0.0,0.0,True,0.0,0.0,0.1863275676965713,4.0,actuator_motors,none,16889623,9621799,5.1,,,,,,,9.984706870004985,201.93373001241807,1.9923747290992988,133.166156,126.74677100000007,,,,0.0017415104248072258,,extra
68b393fa-468f-40ca-b445-784a76d474a6,ok,17761535.0,v1.14-1.15,0.0,0.0,0.0,True,0.0,0.0,0.3343748748302459,4.0,actuator_motors,none,4758731,3169511,2.8,,,,,,,10.007588278915133,20.008076032697264,1.9999197175084829,119.312768,108.00513600000005,,,,0.0,,extra
03fca2bf-c169-47e7-98bf-ef4097ce50d5,ok,17891583.0,v1.16+,0.0,0.0,0.0,True,0.0,0.0,0.2313673138618469,4.0,actuator_motors,none,5309749,3715705,3.3,,,,,,,10.007734984784955,20.00743144619141,1.9999576460582373,124.343969,117.06412199999998,,,,0.0,,extra
36ea5778-0841-4fe8-9015-71972313862c,ok,17761280.0,v1.14-1.15,0.0,0.0,0.0,True,,,,4.0,actuator_motors,none,8287317,4242570,4.2,,,,,,,10.011308937830131,172.6571083530215,1.9997858411162877,83.200001,0.0,,,,0.0,,extra
512be5bf-e728-45d3-98f1-e20fa9e56bf0,ok,17760512.0,v1.14-1.15,0.0,0.0,0.0,True,0.0,0.0,0.0541123732924461,4.0,actuator_motors,none,19219540,11045911,14.1,,,,,,,10.005489060496535,170.59121569195375,2.000004618921842,174.804482,171.65076600000003,,,,0.0,,extra
88e4d6c9-fe10-4ca6-8f42-bcd86cd1559f,ok,17695744.0,v1.14-1.15,0.2447552447552447,0.3123543123543124,0.0,True,0.0,0.0,0.214958494901657,4.0,actuator_motors,none,2857386,2123016,2.5,,,,,,,10.002261317691776,20.01497545603203,2.0000370738579543,62.09386,57.31354999999998,,,,0.0,,extra
9dd25c79-fc1b-42d4-94db-e433b517bb79,ok,34424576.0,,0.0,0.6827309236947792,0.0,True,0.0317052270779777,1.2976400000000012,0.6808774028250589,4.0,actuator_motors,none,7236514,4186593,5.9,not_px4_v2,,,,,,24.966699260179535,24.96672264038678,2.000098070382435,122.028847,116.752716,,,,0.0011118068145186586,,extra
cbf178e3-00e0-4858-a5b0-b2fb86217ce2,ok,17695488.0,v1.14-1.15,0.0,0.0,0.0,True,0.0,0.0,0.1384978652000426,4.0,actuator_motors,none,12539322,7525614,27.2,,,,,,,10.002972407648427,20.002956741366045,1.9999639029415868,327.775017,322.49796199999986,,,,0.0,,extra
e652b69a-ccaf-41cb-af3b-347e1a3d1613,ok,17891392.0,v1.16+,0.0,0.2340425531914893,0.0,False,0.0102857142857142,0.5,0.0787931799888604,4.0,actuator_motors,none,26599792,11131134,12.3,,,,,,,125.0,250.0,100.00657433380084,91.176,86.96000000000001,,,,0.0,,extra
c4bf2241-213c-4d8f-a28e-834068c7e604,ok,17761280.0,v1.14-1.15,0.4681318681318681,0.0,0.0,True,0.6695834551049528,41.000117,0.7568682670593256,4.0,actuator_motors,none,23036669,13417616,35.6,,,,,,,9.91797649162681,216.80149087149107,2.0006520517599617,211.17697,204.9285510000001,,,,0.0093712801181579,,extra
23032f39-7e83-471f-8a80-6d28f3b819b2,ok,17630207.0,v1.12-1.13,0.0,0.0,0.0,True,0.0,0.0,0.3230297982692718,4.0,actuator_motors,none,40961597,17715236,32.5,,,,,,,8.481548574054715,145.85728674571126,1.6391982213781349,92.031942,87.50182099999998,,,,0.033752589658042766,,extra
91fddc1b-73d4-47db-99c7-0276e937ea5c,ok,17695488.0,v1.14-1.15,0.0,0.0,0.0,True,0.6534446764091858,7.198957000000004,1.0,4.0,actuator_motors,none,3298669,2214507,1.9,,,,,,,10.011906831209847,20.01102583893552,2.000094729486625,80.211709,47.89335699999998,,,,0.0,,extra
654df7d9-15d8-4fa8-93e0-463d7d60455c,ok,17694912.0,v1.14-1.15,0.0,0.0,0.001867936863734,False,0.0052622468409208,4.745679999999993,0.2122409403324126,4.0,actuator_motors,none,191429634,96133723,82.5,,,,,,,9.998143223988711,124.4275577568129,1.9981278863823355,2140.829958,2139.025235000004,,,,0.0,,extra
691e8e49-dda2-426f-a8a4-dfb58395d34f,ok,17629952.0,v1.12-1.13,0.0,0.0,0.0,True,0.0,0.0,0.2278953060507774,4.0,actuator_motors,none,201428523,94101491,76.0,,,,,,,9.886574665597532,200.0818847991382,1.9741695832507826,1471.721516,1465.4684370000007,,,,0.011658808741229005,,extra
025d1bb7-2224-4e33-bd2e-73052d627ca9,ok,17694720.0,v1.14-1.15,0.0,0.0,0.0,False,0.0,0.0,0.2302249610424041,4.0,actuator_motors,none,4250955,1487772,2.7,,,,,,,3.4825205025765356,6.753804343030019,42.93314294187155,53.613713,56.31753199999994,,,,0.6032033731478175,,extra
1b6540e2-3293-4f47-b7e8-84b2bdd3c476,ok,17761280.0,v1.14-1.15,0.0,0.0,0.0,True,0.0,0.0,0.4041638642549514,4.0,actuator_motors,none,3369544,2128975,1.7,,,,,,,10.011485573191779,20.011309528420185,2.000222227221371,79.322737,75.207274,,,,0.0,,extra
2839d7c4-2464-4e0d-9196-fc32e94be6d4,ok,17629952.0,v1.12-1.13,0.0,0.0,0.0,True,0.0,0.0,0.6749999999999999,6.0,actuator_outputs,per_channel,5195558,3209868,4.9,,,,,,,10.00740148891227,20.006789753498627,1.9999601489422174,135.116938,130.13663499999998,,,,0.0,,extra
20b73e56-b328-48ab-93b9-79509e13a239,ok,17499135.0,v1.12-1.13,0.0,0.0,0.0,True,0.0,0.0,0.424,8.0,actuator_outputs,global,5786817,3877696,6.3,,,,,,,9.987707602681844,20.00007625529536,5.000007737373256,162.195739,146.03889999999998,,,,0.0,,extra
3156b7ed-488a-409e-9c7b-2d7f09d58c48,ok,17694975.0,v1.14-1.15,0.0553221288515406,0.0,0.0,True,0.0,0.0,0.2779977142810819,4.0,actuator_motors,none,58414292,34788907,15.4,,,,,,,10.000658644224236,20.000707339721266,2.0000008394037514,1441.901235,1434.9208659999963,,,,0.0,,extra
7ec09f23-5dad-457e-a2e8-a7df15c8557c,ok,17956992.0,v1.16+,0.0,0.0,0.0,True,0.0,0.0,0.080604276061058,4.0,actuator_motors,none,24469820,12267936,15.4,,,,,,,121.11191583441335,237.70726129216695,99.97522299306243,104.452,100.18800000000003,,,,0.0,,extra
3336d4c6-c972-4e34-b020-7a01856c397c,ok,17695743.0,v1.14-1.15,0.0,0.0,0.0,True,0.0,0.0,0.3670149743556976,4.0,actuator_motors,none,7612987,4996247,3.5,,,,,,,10.005317419422497,20.00528109256715,2.0000055675830666,185.259939,175.0397190000001,,,,0.0,,extra
47b3fbbf-b6f0-400d-ba18-568b1f3d69fd,ok,17826240.0,v1.16+,0.8,0.0,0.0,True,0.0,0.0,0.1701144874095916,4.0,actuator_motors,none,5510429,3719554,5.1,,,,,,,10.008327311337222,20.007493655277543,2.0000005690378186,119.803612,108.06998499999999,,,,0.0,,extra
60c71be8-8e70-43b1-be1a-f607a0a2621a,ok,17825984.0,v1.16+,0.162,0.0,0.0,True,0.0,0.0,0.0557754397392272,4.0,actuator_motors,none,13772338,7971193,5.6,,,,,,,10.003935558817808,20.003958524096397,1.9999922770155658,245.651583,239.298748,,,,0.0,,extra
872e502f-ba3c-4ab9-97f7-7d12f5a66fd6,ok,17761023.0,v1.14-1.15,0.0,0.0,0.0,True,,,,4.0,actuator_motors,none,62141470,18740945,20.9,,,,,,,9.95068561618468,220.83477955026888,2.0000782344651546,121.662627,0.0,,,,0.005117436719123786,,extra
50f9755e-f46f-497f-8805-013d778ad7f7,ok,17629952.0,v1.12-1.13,0.0444444444444444,0.0,0.0,True,0.9558599695585996,54.001045,1.0,4.0,actuator_motors,none,2590347,1724544,1.4,,,,,,,9.984249883008697,19.983205179932472,1.9999294460980368,66.909975,65.72728799999997,,,,0.0008720273629987139,,extra
db277942-50f8-4672-837b-ea137ca223d5,ok,17761280.0,v1.14-1.15,0.5195530726256983,0.0,0.0,True,0.0,0.0,0.2217976555228231,4.0,actuator_motors,none,3781656,2912681,2.6,,,,,,,10.011377338397978,20.011410409719726,1.999987121470212,86.599174,78.155156,,,,0.0,,extra
e62719a2-3e13-46fb-8f14-048bac7db378,ok,17629696.0,v1.12-1.13,0.0,0.0,0.0,True,0.0,0.0,0.2439999999999999,6.0,actuator_outputs,per_channel,14793494,8114108,6.3,,,,,,,9.620604144781954,189.93001982120387,1.9174370135164762,121.078471,116.01630300000001,,,,0.03995020549316961,,extra
313a377c-bbbf-4c53-b509-ed1faf10deed,ok,17694720.0,v1.14-1.15,0.1767955801104972,0.0,0.0,True,0.0,0.0,0.1566564098000526,4.0,actuator_motors,none,3830358,1993356,2.7,,,,,,,9.987596445311748,19.972659973378402,1.999913802372894,74.466244,67.92277799999997,,,,0.0018665327893742517,,extra
c4ab1396-815d-469c-8ac3-72a3cba2437f,ok,17826559.0,v1.16+,0.0,0.2814814814814815,0.0,True,0.0016501650165016,0.1012469999999998,0.7409500347733378,4.0,actuator_motors,none,3168779,2775900,3.5,,,,,,,9.999971340606018,19.969171359049568,1.999999031250469,64.884575,60.54024800000002,,,,0.002925987706228549,,extra
3bbf4717-194c-4aff-99bb-3ee1748f8493,ok,167968768.0,,0.0,0.0,0.0,True,0.0,0.0,0.2721703469753265,4.0,actuator_motors,none,28875993,12829572,11.0,not_px4_v10,,,,,,4.105011345344438,80.6760813100364,0.8048823283987218,125.340071,116.11980200000002,,,,0.5626114953306501,,extra
9cd7ac4f-c503-44dc-88fd-9b7486b16b42,ok,17825984.0,v1.16+,0.0,0.0,0.0,True,0.0,0.0,0.2591269612312317,4.0,actuator_motors,none,2669796,2105113,1.6,,,,,,,10.015868020038294,20.01679902891147,2.0000256862803014,60.632743,56.669093,,,,0.0,,extra
d9a70f5a-82eb-42eb-8425-69cb33216ac8,ok,17695999.0,v1.14-1.15,0.7914110429447853,0.0,0.0,True,0.0,0.0,0.3631041008979081,4.0,actuator_motors,none,2920367,1913221,2.2,,,,,,,10.013473283792058,20.013280409877954,1.9998224407650405,80.379832,77.37399700000002,,,,0.0,,extra
80e11a8d-889c-4475-b2d6-d99bbe65e4d3,ok,67441920.0,,0.0,0.0,0.0,True,0.0,0.0,0.424,6.0,actuator_outputs,bus,9535763,4922868,5.0,not_px4_v4,,,,,,10.012168013868468,200.62849615535052,2.0123713885060726,80.22158,75.76769099999999,,,,0.0,,extra
8b2b81c4-5df2-4fce-8de2-ad093d57c022,ok,17695744.0,v1.14-1.15,0.0,0.0,0.0,True,0.0,0.0,0.2777251347899437,4.0,actuator_motors,none,4540077,3108383,2.4,,,,,,,10.006719007132405,20.006171499506202,2.0001344519910815,149.436176,146.33971699999998,,,,0.0,,extra
debfd638-4af2-41d0-bf15-9399683d54ab,ok,17825792.0,v1.16+,0.0,0.0,0.0,True,0.2543689320388349,8.499551999999998,0.6446230813860893,4.0,actuator_motors,none,2764498,2173549,6.9,,,,,,,9.999663256373122,19.964964866360443,1.9998763076503718,60.143222,51.484443999999996,,,,0.002131074801933399,,extra
45387e7c-052a-4082-a130-9adb5f31cc86,ok,17826240.0,v1.16+,0.0,0.0,0.0,True,0.3498349834983498,3.8994909999999976,0.9412529721856112,4.0,actuator_motors,none,4173881,3118597,6.6,,,,,,,10.009337638425723,19.986185565887858,2.0036372549777592,92.256594,90.908872,,,,0.0019287408611019313,,extra
0554bfba-7e90-49d0-95ef-04d2a0803c7a,ok,17695743.0,v1.14-1.15,0.0553872782345305,0.0,0.0,True,0.0014667817083692,0.1999269999998887,0.2690849423408508,4.0,actuator_motors,none,43259664,26491124,27.3,,,,,,,10.000869839907603,20.00088429474461,2.0000147874163656,1166.205577,1159.0028930000005,,,,0.0,,extra
958e1e8a-1f93-43ea-9eef-045be5003e24,ok,17630207.0,v1.12-1.13,0.0,0.0,0.0,True,0.0,0.0,0.356,6.0,actuator_outputs,per_channel,98304910,49776107,39.7,,,,,,,9.591018865632485,183.5316973808814,1.9134380631883068,843.548732,838.5136409999993,,,,0.04123802724814277,,extra
ce6d7213-961b-4c24-9b8e-667f7b91b76f,ok,17761280.0,v1.14-1.15,0.0,0.0,0.0,True,0.0071716718960107,0.1997649999999993,0.7329249921047484,4.0,actuator_motors,none,17291054,10871232,5.7,,,,,,,10.00211877366444,20.001871377302333,2.000020288774073,450.979163,446.1294660000001,,,,0.0,,extra
5cfc9c12-a934-4fd3-b515-00badc6a0497,ok,17826047.0,v1.16+,0.0,0.0,0.042042042042042,True,0.71875,20.199159,1.0,4.0,actuator_motors,none,2554633,1996483,2.5,,,,,,,10.014959846270367,20.014581535144348,2.0002490997237623,66.046183,64.06366,,,,0.0,,extra
773fc164-0540-4105-bde4-4c0140d937cb,ok,17760256.0,v1.14-1.15,0.0133333333333333,0.0,0.1713483146067415,True,0.0527131782945736,1.400043,0.6043612778186795,4.0,actuator_motors,none,2662994,1968823,3.0,,,,,,,10.0134402934237,20.01172771800871,1.9998763764361915,70.799391,64.450244,,,,0.0,,extra
9910ec88-b4ff-4c39-a87a-992a7dbcdb45,ok,17760256.0,v1.14-1.15,0.0,0.0,0.0,True,0.2531545741324921,1.2988590000000002,0.6162466913461684,4.0,actuator_motors,none,4652211,3074381,3.6,,,,,,,10.007357237708977,20.006892802733617,2.0000664084549684,128.368619,126.80654300000003,,,,0.0,,extra
1d0acd9c-2cc4-4cd0-80d2-9ef8e5502948,ok,17891392.0,v1.16+,0.0,0.0,0.0,,0.0,0.0,0.452489029802382,4.0,actuator_motors,none,15813194,7616541,7.5,,,,,,,50.00552675603624,100.00496783537281,0.0,92.619577,0.0,,,,0.0,,extra
69e95f12-1d27-4286-a5c4-9e0583b35245,ok,17498880.0,v1.12-1.13,0.0,0.0,,True,0.0,0.0,0.362,8.0,actuator_outputs,global,58670175,32389846,21.3,,,,,,,91.21147403395184,180.99211470840288,0.0,260.622711,252.304179,,,,0.08790656083850905,,extra
0e28093c-cf55-4639-9af6-eac55066f0be,ok,17694975.0,v1.14-1.15,0.0,0.0,0.0,True,0.0,0.0,0.460276998579502,4.0,actuator_motors,none,29490210,18553157,11.2,,,,,,,10.001395801578676,20.00129863346951,2.000007204910623,737.216427,728.4200309999995,,,,0.0,,extra
1a3c2428-3f4e-45f0-956a-de9c833ecabb,ok,17761280.0,v1.14-1.15,0.0066857688634192,0.0,0.0,True,0.0,0.0,0.2119025647640227,4.0,actuator_motors,none,56391215,35896436,27.3,,,,,,,9.96987461363609,198.20980048581887,2.0017456291521274,523.735485,522.2748360000003,,,,0.003908843903362519,,extra
b130ba6a-fa5f-4745-ab63-d2ab4ab8836d,ok,17499135.0,v1.12-1.13,0.0,0.0,,True,0.0,0.0,0.42825,8.0,actuator_outputs,global,18891206,8990143,8.7,,,,,,,88.90464572015239,184.97932895718392,0.0,87.926761,61.45824899999998,,,,0.004799373802982307,,extra
ef3c8a27-eea7-49f8-9d54-3a806dc94244,ok,17891392.0,v1.16+,0.0,0.0,0.0,True,,,,4.0,actuator_motors,none,16733541,8413407,8.3,,,,,,,2.7198699345515696,11.122989352812953,1.2609675411301524,598.587684,0.0,,,,0.0010816116692973184,,extra
37da7d69-d589-4423-a205-32089c08589a,ok,17761023.0,v1.14-1.15,0.0,0.0,0.0323741007194244,True,0.0012445550715619,0.2002329999999972,0.271051588654518,4.0,actuator_motors,none,7115777,4940858,6.4,,,,,,,10.005896868650069,20.00578022218351,2.000010072339882,166.104652,160.79058900000004,,,,0.0,,extra
05cd5e69-c37a-409e-a288-9d636ba59a9f,ok,17564416.0,v1.12-1.13,0.0,0.0,0.0,False,0.0202523240371845,5.999372999999991,0.2105882352941176,6.0,actuator_outputs,bus,20362957,11651570,8.4,,,,,,,10.001881686869876,20.001310163614306,2.0017611855652016,565.537516,300.56624500000015,,,,0.0001355044881368659,,extra
86f28053-f85f-4ce8-ae7d-bbd981790dd2,ok,17432832.0,v1.12-1.13,0.0,0.0,0.0,True,,,,5.0,actuator_outputs,none,8254760,4577083,3.5,,,,,,,9.85205824806829,19.051825256050808,0.0,228.206056,77.66035999999997,,,,0.0,,extra
44b931c5-d9f5-48e9-b762-e2145b05a646,ok,17761535.0,v1.14-1.15,0.0,0.0,0.0,True,0.001453488372093,0.1018570000000003,0.2001362442970274,4.0,actuator_motors,none,2991480,2121077,3.3,,,,,,,10.013092873343004,20.012628516885346,2.0000902109653773,72.523814,68.79107999999998,,,,0.0,,extra
46905a8d-5b3a-49b1-a313-6c6e7b8f217f,ok,17826240.0,v1.16+,0.0,0.0,0.0,True,0.0265742345465049,0.6031509999999969,0.4892928451299667,4.0,actuator_motors,none,8012849,5461590,6.9,,,,,,,10.005281923119075,20.005637294969198,1.9999438916840058,182.216662,173.10419500000003,,,,0.0,,extra
2f8065fa-e1fc-41ea-afeb-e90551f853fc,ok,17499135.0,v1.12-1.13,0.0,0.0,0.0,True,0.0,0.0,0.3889999999999999,8.0,actuator_outputs,global,5397549,3389212,2.4,,,,,,,9.974161908197269,19.948961115972295,4.993425840808683,157.443121,153.91125700000003,,,,0.0026825128887384767,,extra
79ba5409-5fe2-4740-8e9d-5b323137b68f,ok,17761280.0,v1.14-1.15,0.0,0.0,0.0,True,0.0,0.0,0.3011776953935623,4.0,actuator_motors,none,97682021,28741511,37.2,,,,,,,8.121523717468738,268.92351541523647,1.5665985301648886,222.140562,219.59105300000004,,,,0.16469029297332857,,extra
a6b3c298-5d36-45d2-9c42-84f0bd32f5d3,ok,17826048.0,v1.16+,0.0,0.0,0.0,True,0.0,0.0,0.1303271047770976,4.0,actuator_motors,none,31948774,8556411,10.1,,,,,,,4.4777175643846965,80.8517322082453,0.909024436678977,88.886703,81.01714400000002,,,,0.35370398617667664,,extra
d4f0d399-e66a-44f4-9ac5-7885430827aa,ok,17761535.0,v1.14-1.15,0.0,0.0,0.0,True,0.0,0.0,0.1461840629577636,4.0,actuator_motors,none,3527278,2530241,3.1,,,,,,,10.011877554713752,20.011879811951513,1.9999998323353434,84.004232,77.96986000000001,,,,0.0,,extra
cc54b17c-c863-49fb-b36e-628d04b7c9bc,ok,17629952.0,v1.12-1.13,0.0,0.0,0.0,True,0.0,0.0,0.0,6.0,actuator_outputs,bus,2544318,1724457,2.6,,,,,,,10.01379132005907,20.012723061931645,2.000031081564105,74.393186,71.07835299999999,,,,0.0,,extra
99ad755d-2d9e-4dd1-b682-14d235cfcaaa,ok,17695743.0,v1.14-1.15,0.0,0.0,0.0,True,0.0005035246727089,0.0990419999999971,0.2782639786601066,4.0,actuator_motors,none,8474695,5445156,3.4,,,,,,,10.00464574703792,20.004442409226236,2.0000543315730073,206.235326,198.57125499999998,,,,0.0,,extra
4f5b199f-ece8-4240-bf55-7ca3791e7a0a,ok,17825984.0,v1.16+,0.144,0.0,0.0,True,0.0536672629695885,1.6,0.3659183502197269,4.0,actuator_motors,none,18018058,7535801,5.9,,,,,,,125.0,250.0,100.02303540871397,60.288,55.943999999999996,,,,0.0,,extra
01925154-4379-4c3d-9064-3111e701e65c,ok,17694976.0,v1.14-1.15,0.0,0.0,0.0,True,0.0,0.0,0.1623937487602234,4.0,actuator_motors,none,21696772,12761394,10.2,,,,,,,9.79845691493865,194.80958290696805,1.941971064109421,69.525425,68.02540800000001,,,,0.024154146253037016,,extra
ad7fc257-41fa-4328-a318-0e7cd9d437f5,ok,17826047.0,v1.16+,0.0,0.0,0.0,True,,,,4.0,actuator_motors,none,7802946,4471556,4.4,,,,,,,10.013988706543644,220.49518077765705,1.99992705980309,70.45485,0.0,,,,0.0,,extra
a085c32c-2805-404d-a52f-73443f6fa215,ok,17761535.0,v1.14-1.15,0.0,0.0,0.0,True,0.0,0.0,0.2057577103376388,4.0,actuator_motors,none,41712103,20795548,16.4,,,,,,,10.001745723666517,20.001707111271468,1.9999772255487442,561.650479,557.3889370000005,,,,0.0,,extra
20fbe8de-1ca1-408b-b3c5-6df17c315c52,ok,17826047.0,v1.16+,0.0,0.0,0.0,True,0.0,0.0,0.1129070758819578,4.0,actuator_motors,none,34264794,21518630,16.4,,,,,,,10.001201547335592,20.00114620122312,1.9999770209536767,797.971156,794.4893449999994,,,,0.0,,extra
e55730e6-32b8-41f5-9fc2-b05df5f138a1,ok,17891583.0,v1.16+,0.0,0.0,0.0,True,0.0,0.0,0.2660918369889258,4.0,actuator_motors,none,3109280,2674978,1.8,,,,,,,10.015715725479028,20.015688158339277,2.0000000952380996,63.712453,58.150059,,,,0.0,,extra
616888d5-f981-4a09-b8bd-8d5713e008de,ok,17170944.0,v1.12-1.13,0.0,0.0,0.0,True,0.0,0.0,0.3293497920036315,4.0,actuator_motors,none,4134746,3332725,5.0,,,,,,,10.010973097340164,20.011484202501286,1.9999632006771073,80.036456,73.481986,,,,0.0,,extra
bd982887-67b3-4bbe-8a37-35aa14c0c993,ok,17825984.0,v1.16+,0.0,0.0,0.0,True,0.0,0.0,0.3381811171770096,4.0,actuator_motors,none,7366067,4581083,4.9,,,,,,,9.998719100537535,156.217221238234,1.9999732029734243,77.016307,73.83324199999998,,,,0.0009746860981056071,,extra
4a20c738-0547-4165-9f55-8158a17cf640,ok,167968768.0,,0.0,0.0,0.0,False,0.0,0.0,0.2278675734996795,4.0,actuator_motors,none,38864947,16570628,23.3,not_px4_v10,,,,,,4.122959205265617,81.51104323411624,0.7720311473838767,166.885996,152.900214,,,,0.5484544325813928,,extra
4a663091-6328-473c-a0ac-a80a2475bd16,ok,17629951.0,v1.12-1.13,0.0,0.0,0.0,True,,,,4.0,actuator_outputs,per_channel,3185893,2561221,2.6,,,,,,,10.013771873325952,20.014116061395555,2.0140882637303905,71.830994,0.0,,,,0.0,,extra
c2e9fc76-822d-4f34-9577-166d03441425,ok,17694720.0,v1.14-1.15,0.0147710487444608,0.0,0.0,True,0.0005947071067499,0.1024999999999636,0.3281746059656143,4.0,actuator_motors,none,28038263,17666352,8.8,,,,,,,9.883315752843012,19.765050059717478,1.9795318452474173,685.281537,680.8500140000007,,,,0.01218527302617679,,extra
7afe9876-d2b4-4705-8ea7-cac2caf8d863,ok,17891583.0,v1.16+,0.0,0.0,0.0,True,0.0,0.0,0.325931817293167,4.0,actuator_motors,none,6342401,4423075,8.6,,,,,,,10.005939249058342,20.005966109564255,2.0000034059463943,151.623295,145.34740899999997,,,,0.0,,extra
594d033e-dbb3-4c36-bb88-2e3cb31f88ff,ok,17695488.0,v1.14-1.15,0.0,0.0,0.0,True,0.0,0.0,0.1611829618923366,4.0,actuator_motors,none,20815631,9361137,14.2,,,,,,,5.450442596618031,108.78974333252093,1.1782953591736505,66.998896,62.60958500000001,,,,0.36156460523995765,,extra
e197d651-c310-4e5a-8dba-07d27703d5c1,ok,17695488.0,v1.14-1.15,0.9966270714180964,0.0,0.0,True,0.0,0.0,0.2534003317356109,4.0,actuator_motors,none,19775464,8640847,13.5,,,,,,,10.002908434802999,20.00310234034042,1.9999886473926853,328.14188,318.3357740000003,,,,0.0,,extra
a2f00ac8-8aca-48e0-baf8-db4a947584a8,ok,17696512.0,v1.14-1.15,0.7556818181818182,0.0056818181818181,0.0,False,0.0089427572745017,0.4338520000000017,0.875648685649373,4.0,actuator_motors,none,10866732,6265991,5.7,,,,,,,10.011655389271212,285.72128391070964,1.9999378391413485,86.378201,76.52889399999985,,,,0.0,,extra
7799c71e-6b11-4e27-99cc-ad1de78d2a04,ok,17629952.0,v1.12-1.13,0.0972222222222222,0.0,0.0,True,0.0,0.0,0.6853998020291331,4.0,actuator_motors,none,3097548,2228578,2.7,,,,,,,10.014149000900085,20.013149504507076,1.999872261680187,71.263726,67.41731899999999,,,,0.0,,extra
aceb4a40-6a4c-49f4-9dfe-a3f1b733ee9f,ok,17825984.0,v1.16+,0.9678362573099416,0.0,0.0,False,0.0,0.0,0.2508319392800331,4.0,actuator_motors,none,4474264,3160259,3.4,,,,,,,9.962305611320389,19.907482516581574,1.9907728793363997,108.234171,106.68491799999998,,,,0.005552819791386958,,extra
6bbca514-b697-4cb9-abc3-41a99203200c,ok,18284800.0,v1.16+,0.0,0.0,0.0,True,,,,4.0,actuator_outputs,bus,37100349,16462268,20.3,,,,,,,9.93111480561897,197.56363032242308,1.986205876052843,295.190982,0.0,,,,0.007799919854547652,,extra
8f107a6c-21b4-4524-8609-1d709c6899d6,ok,17761280.0,v1.14-1.15,0.0,0.0,0.0,True,0.0,0.0,0.0728215523064136,4.0,actuator_motors,none,3979552,2737873,3.3,,,,,,,10.008978303995045,20.008699378048547,2.000021103026405,107.626711,105.77776200000011,,,,0.0,,extra
7c15f1d3-4965-4413-93d4-2a18f3df43df,ok,17629952.0,v1.12-1.13,0.0,0.0,0.0,True,0.0,0.0,0.315,6.0,actuator_outputs,per_channel,3191516,2208623,2.8,,,,,,,10.011724103307902,20.01139333039704,1.9999466843481466,82.662548,78.23892199999999,,,,0.0,,extra
2d7c3d54-1738-425e-ba49-1eff07b8f223,ok,16908416.0,v1.12-1.13,0.0,0.0,0.0,True,0.0,0.0,0.1551745459437369,4.0,actuator_motors,none,11878238,6694404,4.9,,,,,,,10.01076474524743,202.5085681126673,1.9999350948899102,97.411398,92.67761300000001,,,,0.0,,extra
718c7e9c-4a4e-4669-90d4-5e6b7a2fd258,ok,17761280.0,v1.14-1.15,0.0,0.0,0.0,True,0.9554937413073712,68.70036200000001,0.6909910202026367,4.0,actuator_motors,none,2507533,1663335,2.6,,,,,,,10.013217852412268,20.012899210950625,2.0000183130928533,73.887827,71.89822899999999,,,,0.0,,extra
6f829beb-8dac-48e2-a254-dd38d513bcbb,ok,17826240.0,v1.16+,0.2232704402515723,0.0,0.0,True,0.0292479108635097,1.098094,0.3908795260666746,4.0,actuator_motors,none,6801515,4809473,6.1,,,,,,,10.00660814134202,20.007039014976517,2.0000018758638283,145.162826,143.60985399999998,,,,0.0,,extra
3d4a4f4f-7e64-4c18-815d-c6a016527caa,ok,17891583.0,v1.16+,0.0,0.0,0.0,False,0.046260601387818,4.599257000000009,0.6736867796127549,4.0,actuator_motors,none,7852327,4840851,4.1,,,,,,,10.006759817568087,20.006656954261025,2.000000473282555,131.458913,129.259909,,,,0.0,,extra
78d47512-f2c9-4f62-8733-eacf4fdd18b7,ok,17695743.0,v1.14-1.15,0.4918032786885246,0.0,0.0,True,0.4509018036072144,12.196976,0.7160441637039184,4.0,actuator_motors,none,2180030,1545199,2.6,,,,,,,9.998647058069954,19.999636788205457,2.000074647414113,60.437394,49.87337800000001,,,,0.0,,extra
10094243-362a-4f38-91f0-03b0fcdea465,ok,17695743.0,v1.14-1.15,0.1413373860182371,0.0,0.0,True,0.0,0.0,0.3841810405254363,4.0,actuator_motors,none,12832248,7926117,8.7,,,,,,,9.897500692953177,19.779955619952915,1.9758306963244292,331.604893,329.7899930000001,,,,0.011454460166880008,,extra
cd7c2ae1-460d-441f-886e-e86c06cfd651,ok,17825792.0,v1.16+,0.0,0.0,0.015450643776824,True,0.0,0.0,0.1671356260776516,4.0,actuator_motors,none,10738510,7312622,11.4,,,,,,,10.00420413028662,20.004081193616962,2.000070019692672,232.233931,228.8495499999999,,,,0.0,,extra
5d49e923-73ca-434b-b81e-9b0b91909f62,ok,67441920.0,,0.0,0.0,0.0,True,0.0,0.0,0.4306666666666666,6.0,actuator_outputs,bus,28540757,16031471,18.4,not_px4_v4,,,,,,10.004004162625076,198.81189197251823,2.004052902281202,245.734687,237.68217399999997,,,,0.0,,extra
44a1456e-2ce2-4f27-8e3b-3f95e82ab56e,ok,17761280.0,v1.14-1.15,0.0,0.0,0.0,True,0.0,0.0,0.1752086877822876,4.0,actuator_motors,none,62579801,38130815,22.9,,,,,,,9.729808835878261,204.0099902642295,1.946282281772087,580.873723,561.3072479999998,,,,0.027979340713067364,,extra
2c016784-5c10-481e-8e97-1f9cf0f59322,ok,17891392.0,v1.16+,0.2023809523809523,0.0,0.0,False,0.042087542087542,2.5,0.1480040967464447,4.0,actuator_motors,none,24027579,9856967,14.2,,,,,,,124.99386503067484,249.9877306635257,100.0122699386503,81.82,58.39600000000001,,,,0.0,,extra
c857edab-d5ce-469d-82b7-c07c80c1e8a8,ok,17760511.0,v1.14-1.15,0.0,0.0,0.0,True,0.0048849989822918,0.0374399999999894,0.5240340225398541,4.0,actuator_motors,none,7763375,4705263,4.3,,,,,,,10.0142853220662,157.8322761653801,1.9999668737881187,71.228272,69.164794,,,,0.0,,extra
d17da48d-b71c-4818-b425-9781ec8ba9e6,ok,17629952.0,v1.12-1.13,0.0203942895989123,0.0605030591434398,0.0,True,0.0,0.0,0.151,6.0,actuator_outputs,per_channel,16419559,8447551,19.2,,,,,,,10.007380294047511,197.83387499297132,2.000049034910047,134.326997,131.958127,,,,0.0,,extra
a05e0a4f-3102-4bef-be1d-28dbfb247056,ok,17695743.0,v1.14-1.15,0.0,0.0,0.0,True,0.017391304347826,0.9021120000000024,0.4878130674362179,6.0,actuator_motors,none,3796531,2900027,4.4,,,,,,,10.010489300245641,20.010947256919273,2.000020670604696,89.568846,80.57740599999995,,,,0.0,,extra
92f9e919-edb2-4b9d-8ba3-ecd0027dfc1a,ok,17564416.0,v1.12-1.13,0.0,0.0,0.0,True,0.0026235242675994,0.3080410000000029,0.6731428571428572,12.0,actuator_outputs,bus,7613631,5123228,4.5,,,,,,,9.898813576468456,19.789372621771143,1.9866465479258677,231.847494,229.02949700000008,,,,0.011339020522868464,,extra
e7b902bb-b8bc-4afc-ab26-3214e20fac01,ok,17695488.0,v1.14-1.15,0.0286343612334801,0.0,0.0,False,0.0129159369527145,4.69914799999998,0.3849409259855746,5.0,actuator_motors,none,19336276,11214374,24.1,,,,,,,10.00209188732186,20.002203654105177,2.0000051172091498,457.001575,456.3392259999998,,,,0.0,,extra
f77095b7-1b82-47a5-9db5-c414abacb66b,ok,17694975.0,v1.14-1.15,0.0,0.0,0.0,True,0.0,0.0,0.2398950472474098,4.0,actuator_motors,none,23152034,13471926,22.2,,,,,,,8.753514438378787,175.60230492694325,1.7547085118099919,82.200515,74.59018499999998,,,,0.12260473637537764,,extra
fef34697-6bc2-45f9-be18-e02c38949d55,ok,17761535.0,v1.14-1.15,0.0,0.0,0.0,True,0.0,0.0,0.280066442489624,4.0,actuator_motors,none,8459346,5081654,5.0,,,,,,,9.987232159142655,199.56633348092925,2.00000080000032,78.433943,70.47002300000001,,,,0.002232099956511935,,extra
1f287b37-100a-4071-9a60-50e30b97e757,ok,17694720.0,v1.14-1.15,0.0,0.0,0.0,True,0.0,0.0,0.2039415946230292,4.0,actuator_motors,none,19900373,5116225,10.6,,,,,,,10.00849065689751,20.00869455569934,120.19000364946476,110.152328,106.20832999999999,,,,0.0,,extra
ca943976-a987-427d-be45-4c9590ff5b67,ok,17695743.0,v1.14-1.15,0.0,0.0,0.0,True,0.0017714791851195,0.1001059999999967,0.4376621484756468,6.0,actuator_motors,none,5103242,3590602,6.1,,,,,,,10.007633514917995,20.00799185158527,2.000089483678282,123.214539,112.83532900000002,,,,0.0,,extra
760461bd-cd20-4752-a345-bc3e11b5c41f,ok,17695488.0,v1.14-1.15,0.0104166666666666,0.0,0.0,True,0.0111857663000638,0.216277999999999,0.2845802307128906,4.0,actuator_motors,none,11214086,6459338,10.1,,,,,,,10.01040704184762,221.40534387492056,1.9999635138931435,94.789656,93.24553399999998,,,,0.0,,extra
a3faa4eb-77e4-48d7-b782-c05130f8b2c4,ok,17825984.0,v1.16+,0.0,0.0,0.0,True,0.0,0.0,0.0853465117514133,4.0,actuator_motors,none,3050603,2354070,5.7,,,,,,,10.014617775916836,20.014343464231448,1.9999040948246856,66.894851,65.00187699999998,,,,0.0,,extra
db8bce6b-6b0f-49fc-a507-8559873f8e73,ok,17760511.0,v1.14-1.15,0.0581395348837209,0.0581395348837209,0.0,True,0.0,0.0,0.1961599022150039,4.0,actuator_motors,none,8180217,5088921,5.8,,,,,,,10.013574066803484,163.1124929252807,2.0000097610539282,79.820953,73.31696499999998,,,,0.0,,extra
c5f6c9fe-3c74-468e-87ec-a6b26bc8d323,ok,17761535.0,v1.14-1.15,0.0216154721274175,0.018202502844141,0.0,True,0.0001705826978601,0.0325020000000009,0.1438349783420562,4.0,actuator_motors,none,80437877,34272405,19.3,,,,,,,8.535154645724624,170.42524652307324,1.7077242904101815,240.405954,236.47975599999992,,,,0.14487782386332748,,extra
58053e84-102f-4f82-a6a6-8992b9f00e4f,ok,17694976.0,v1.14-1.15,0.0,0.0,0.0,True,0.0013736263736263,0.0988169999999968,0.4527696054428815,4.0,actuator_motors,none,3983760,2653225,3.0,,,,,,,10.012279538978984,20.01166471437038,1.9999037968355393,77.434634,72.79131900000002,,,,0.0,,extra
1528c8a1-4dc8-47af-9fed-b1f0ab3a5b5f,ok,17629951.0,v1.12-1.13,0.0507692307692307,0.0,0.0,True,0.0,0.0,0.3342499999999999,6.0,actuator_outputs,per_channel,14578658,8373046,4.0,,,,,,,10.00304958005559,20.00303660176948,2.0031623003544827,318.714115,51.618368000000004,,,,0.0,,extra
4760ff4e-2e23-459c-a942-4ca46f85d811,ok,17825984.0,v1.16+,0.0,0.5581395348837209,0.0,True,0.0088967971530249,0.5,0.3545618116855621,4.0,actuator_motors,none,3042779,2672632,2.0,,,,,,,10.016414111268698,20.016417071516475,2.0000086942526707,60.558375,56.260013999999984,,,,0.0,,extra
eb8aefeb-df31-43ed-9fb9-9a260217b760,ok,17695743.0,v1.14-1.15,0.0,0.0,0.0,True,0.2935153583617747,1.9014930000000003,0.5372711271047592,4.0,actuator_motors,none,2782933,2268842,2.4,,,,,,,10.015517282467387,20.013852785882925,2.00003907053068,64.959706,58.634358999999996,,,,0.0,,extra
2bd736d0-d077-4d79-8d39-eee994d2b476,ok,17825984.0,v1.16+,0.0222222222222222,0.0,0.0,False,0.0021834061135371,0.0974810000000001,0.1646226346492767,4.0,actuator_motors,none,1714680,1406592,3.5,,,,,,,4.8641969319194684,9.732127282555304,1.1303960950573537,67.274274,92.23286099999999,,,,0.5337577603589021,,extra
b063c7ce-6f4d-4e73-9c5c-e43344d8541a,ok,17694975.0,v1.14-1.15,0.9738430583501008,0.0,0.0,True,0.0,0.0,0.0771528959274291,4.0,actuator_motors,none,9832514,5775226,3.3,,,,,,,9.819266448264614,19.6267574933902,1.9606156874987095,254.456475,251.77873700000006,,,,0.01886969626738163,,extra
f59b7a46-5aa5-4246-8aee-01808777ec85,ok,17891392.0,v1.16+,0.0,0.0479041916167664,0.0,False,0.0018281535648994,0.1000000000000014,0.0093953907489776,4.0,actuator_motors,none,36832595,17190107,14.0,,,,,,,124.99081040017643,249.96936724991426,100.00122527997647,163.692,54.288,,,,0.0,,extra
2024fe70-7ca7-4dc0-aedf-66a31ac52b71,ok,17171967.0,v1.12-1.13,0.0,0.0,0.0,False,0.0,0.0,0.0,4.0,actuator_outputs,global,13738535,7399696,8.4,,,,,,,9.852023274663745,31.745072850081094,0.0,331.121543,0.0,,,,0.0,,extra
322964c7-8ae4-476a-a756-0d6ad56ef661,ok,17695743.0,v1.14-1.15,0.0,0.0789473684210526,0.0,True,0.0,0.0,0.5854499861598015,4.0,actuator_motors,none,2443922,1747833,1.8,,,,,,,10.013929697437005,20.013992476275142,2.000012112749415,71.744084,65.12305000000002,,,,0.0,,extra
3dd0473b-ccc6-4833-8cad-51db9fdada4d,ok,17891392.0,v1.16+,0.0,0.1880733944954128,0.0,True,0.0,0.0,0.1006517738103865,4.0,actuator_motors,none,62594454,25267576,25.5,,,,,,,124.99301818994248,249.98603637988495,100.00279272402301,214.352,209.932,,,,0.0,,extra
c5d17f26-54a9-401f-b66a-3d389218f137,ok,17826240.0,v1.16+,0.0,0.0,0.0,True,0.0001851983759527,0.0050029999999949,0.367381350696087,4.0,actuator_motors,none,54136190,21162331,33.3,,,,,,,9.42484471407887,189.08939279697276,1.8979646838976552,99.215149,92.57995999999999,,,,0.049308911142163056,,extra
37f7525d-8fbf-4d08-94dc-bcf2b539fdb9,ok,17695743.0,v1.14-1.15,0.0,0.0,0.0,True,0.0,0.0,0.3560607433319092,4.0,actuator_motors,none,2646961,2122853,2.3,,,,,,,10.016550359425834,20.014913430114607,1.9999478013623846,60.195884,54.05336899999998,,,,0.0,,extra
b5892074-1c0e-4cca-8315-4e4e2cf221ea,ok,17826303.0,v1.16+,0.057471264367816,0.0862068965517241,0.0,False,0.0,0.0,0.3545258820056914,4.0,actuator_motors,none,4425613,3633107,2.9,,,,,,,9.986396594198185,19.950172029562804,1.999930934062153,81.808868,82.18904900000001,,,,0.002795875857168344,,extra
ef1695e2-4367-4026-a41d-c95f769e0c96,ok,17826240.0,v1.16+,0.0,0.0,0.0,True,0.0,0.0,0.17818513661623,4.0,actuator_motors,none,103241395,29627483,43.3,,,,,,,8.409563374914029,154.05511496910586,1.7003125418349183,144.339318,137.26764400000005,,,,0.14197735703531233,,extra
30861e6e-4da0-412f-b971-857efb0b6f2c,ok,17825984.0,v1.16+,0.0,0.0,0.0,True,0.0,0.0,0.2116400528699158,4.0,actuator_motors,none,7668379,4603229,2.7,,,,,,,10.012912427975907,159.3228777694797,1.999977400255377,80.258583,77.84165800000002,,,,0.0,,extra
08704bc4-c7bb-46f8-8f9c-d49b7ad11747,ok,17695743.0,v1.14-1.15,0.1417445482866043,0.0218068535825545,0.040548970679975,True,0.0016082341588935,0.1031199999999898,0.3126469671726226,4.0,actuator_motors,none,12823792,8013249,6.5,,,,,,,10.00326326804007,20.003148622954125,2.000046335971765,320.030643,310.92801199999985,,,,0.00020517274045134208,,extra
1714ac07-dced-45e7-aeb7-2d1ef9d63e52,ok,17760768.0,v1.14-1.15,0.0,0.0153649167733674,0.0,True,0.0,0.0,0.0998097479343414,4.0,actuator_motors,none,13432413,8255492,8.6,,,,,,,10.002375314653579,20.002473172620032,2.000030595339825,390.735809,380.83134599999994,,,,0.0,,extra
7e600f9d-ff67-4b6e-b98f-593edf0084b1,ok,17695743.0,v1.14-1.15,0.0993377483443708,0.0,0.0,True,0.0,0.0,0.2075632125139236,4.0,actuator_motors,none,22063471,14072929,10.6,,,,,,,10.003264943590496,20.002925514005202,1.9999693623114463,304.63403,300.295084,,,,0.0,,extra
5c28a37e-a4de-4fa1-9f48-093ad1febb40,ok,17760256.0,v1.14-1.15,0.0,0.0,0.0,True,0.0,0.0,0.1025507748126982,4.0,actuator_motors,none,13442578,7590290,7.1,,,,,,,10.008490049016736,202.17912322128183,1.999993688908804,112.823254,109.08486499999994,,,,0.0,,extra
357bc19e-baa2-47d2-a16b-dc128f91fe1f,ok,17825792.0,v1.16+,0.6378378378378379,0.0,0.0,True,0.0061643280071376,0.0767839999999999,0.394391784071922,4.0,actuator_motors,none,10663676,6976765,7.7,,,,,,,10.01053289276072,201.87028201044907,2.0001283818667965,91.241538,86.30318199999996,,,,0.0,,extra
3243f2d7-6f56-4985-a351-82f9d88f890c,ok,17629951.0,v1.12-1.13,0.0,0.0,0.0,True,0.0,0.0,0.238,6.0,actuator_outputs,per_channel,53978839,17062954,22.3,,,,,,,10.008623182349318,219.40846839540652,2.000152976612308,114.634782,108.10158400000003,,,,0.0005499665954568724,,extra
d11aa3a1-4c49-40de-8195-11d68c2cfd5e,ok,17761535.0,v1.14-1.15,0.0,0.0,0.0,True,0.0,0.0,0.143904834985733,4.0,actuator_motors,none,49307412,19241108,17.3,,,,,,,10.011859664617173,199.94068371087727,2.000007305415906,84.039726,75.67003799999999,,,,0.0,,extra
f8b0744b-a16e-4295-b880-c41509e02d91,ok,17891583.0,v1.16+,0.0,0.0,0.0,True,0.0099871134020618,0.5005620000000022,0.5090306125581264,4.0,actuator_motors,none,13065617,8737062,6.1,,,,,,,10.003005540279794,20.002855053351503,2.0000311094886323,316.673882,310.37116200000025,,,,0.0,,extra
6465c791-4e8c-4596-9a5f-4bec6b5b5d9a,ok,17760768.0,v1.14-1.15,0.0,0.0890410958904109,0.0,True,0.0,0.0,0.0980504944920539,4.0,actuator_motors,none,7492956,4748806,4.0,,,,,,,9.99932110626472,200.15886528020803,2.000172676777851,69.770363,64.97194900000001,,,,0.0,,extra
f59c569c-1d23-41dd-9588-b3bf3990754b,ok,17170432.0,v1.12-1.13,0.0,0.0636182902584493,0.0,True,0.0005662514156285,0.1061149999999884,0.4857142857142857,6.0,actuator_outputs,global,15374243,8694631,6.6,,,,,,,9.572407574320732,30.825367613817896,0.0,370.235189,366.980944,,,,0.026734506308015125,,extra
8e4ee47a-6a84-480b-8942-13c2d997cf0e,ok,17760768.0,v1.14-1.15,0.0,0.0497382198952879,0.0,True,0.0003899938715248,0.0105080000000015,0.1277575761079787,4.0,actuator_motors,none,19102872,11652359,11.3,,,,,,,9.97365425703117,160.84511387272275,1.9947359757488818,190.797658,189.107375,,,,0.002805772338555471,,extra
dae4d995-e37c-4f80-90cf-5fad09cb02d9,ok,17760256.0,v1.14-1.15,0.0,0.0,0.0,True,,,,4.0,actuator_motors,none,3447799,2638472,3.2,,,,,,,10.012785090414152,20.012554567317927,1.9998041185655293,81.040795,0.0,,,,0.0,,extra
161c53e9-68e2-4217-87db-316ae73426fd,ok,17498880.0,v1.12-1.13,0.0,0.0,,True,0.0,0.0,0.407,8.0,actuator_outputs,global,120460452,64179538,116.1,,,,,,,96.93149087133175,194.17369943362172,0.0,481.951397,473.78077199999984,,,,0.030491389878139215,,extra
d044cab3-317f-4d91-a221-975d1863c657,ok,17956928.0,v1.16+,0.0,0.0810295519542421,0.0,True,0.0,0.0,0.0677680194377898,4.0,actuator_motors,none,121429351,59136507,167.3,,,,,,,124.99521215881845,249.98850354474038,100.00229819897807,522.232,429.02,,,,0.0,,extra
fec4a61e-0d4d-4ba2-9716-baff6c72a19c,ok,17761023.0,v1.14-1.15,0.0,0.0,0.0,True,0.0,0.0,0.470737641327826,4.0,actuator_motors,none,112114608,11777355,165.2,,,,,,,9.859003352021242,136.08232813330667,1.9706632947730005,225.730558,9.537576000000001,,,,0.01706748760778196,,extra
09d14fa4-3038-465f-a62b-01865178f60c,ok,17760256.0,v1.14-1.15,0.0,0.0,0.0,True,0.0,0.0,0.1257061168551445,4.0,actuator_motors,none,4907388,3764077,4.2,,,,,,,10.012196971333253,20.012406490077513,1.9999609219756822,82.797765,77.29130099999998,,,,0.0,,extra
1b97d8a1-838d-4d21-abb4-b8ba76726ee7,ok,17826047.0,v1.16+,0.0,0.0,0.0,False,0.0,0.0,0.3120584726333618,4.0,actuator_motors,none,2790040,1893947,2.2,,,,,,,10.015055706677174,20.014487301487456,1.9997179610384401,63.897363,61.378518000000014,,,,0.0,,extra
b1765539-b23e-4688-8ebf-8347b3aa4789,ok,17694975.0,v1.14-1.15,0.0,0.0,0.0,True,0.0609782374488256,4.280496999999997,0.9999999378170944,4.0,actuator_motors,none,9228356,5666831,6.1,,,,,,,10.000082416947192,171.2566511745149,2.00020464744417,83.587909,81.25625899999997,,,,0.0,,extra
fd82ca90-c984-4511-a4aa-8c68ace353b0,ok,17630207.0,v1.12-1.13,0.0,0.0,0.0,True,0.0043989191227298,0.0628489999999999,0.816,6.0,actuator_outputs,bus,9188734,4998941,4.2,,,,,,,9.823500540797326,198.28270575804711,1.9679374913368408,62.097544,56.998036000000006,,,,0.019512466828828824,,extra
42bfb4c5-158d-42a9-bbb5-757ae42dcae2,ok,17761023.0,v1.14-1.15,0.0,0.0,0.0,True,0.0051907092874273,0.0346929999999972,0.5256052464246749,4.0,actuator_motors,none,28521554,9121749,14.1,,,,,,,9.967422133574793,207.86415626408663,2.000203504575917,62.705647,55.23646199999999,,,,0.0039918444457725496,,extra
a6a45d34-51a4-430f-82c9-ebf1470a7aaa,ok,17630207.0,v1.12-1.13,0.0,0.0,0.0,False,0.0,0.0,0.3169999999999999,6.0,actuator_outputs,per_channel,27648000,16365337,9.4,,,,,,,9.989980167887841,19.975628388057896,1.9977932353846877,906.821483,902.5894069999989,,,,0.001218250453196702,,extra
5d434cf3-8183-44ba-9960-6d9707747d28,ok,17694720.0,v1.14-1.15,0.0,0.0,0.0,True,0.0,0.0,0.06228933557868,4.0,actuator_motors,none,13213459,3385246,7.6,,,,,,,9.999959623896743,20.001272676786375,100.05800357117873,68.710948,65.98996800000002,,,,0.0,,extra
d6467872-263a-477c-8258-94f5e1f16194,ok,255.0,,0.0,0.0,0.0,True,0.0,0.0,0.1317661762237548,4.0,actuator_motors,none,10831310,7613249,7.6,not_px4_v0,,,,,,10.009002678813422,20.00926734638378,2.000118026766728,101.450952,99.049923,,,,0.0,,extra
61c4a109-0b10-4209-a494-072c8656f679,ok,17694720.0,v1.14-1.15,,,,,0.0,0.0,0.1,8.0,actuator_outputs,per_channel,1242949,608971,1.5,,,,,,,7.805356582791545,27.13735310830028,0.0,82.358806,0.0,,,,0.03282695720479483,,extra
cd5feeae-fddd-4ed7-adc5-432042dbca65,ok,17760767.0,v1.14-1.15,0.0,0.0,0.0,True,0.0009757928316757,0.0470499999999844,0.2220327496528625,4.0,actuator_motors,none,118975806,41989739,69.7,,,,,,,10.004804726417701,211.4650298638709,1.9999928055178713,219.055828,214.88403699999978,,,,0.0,,extra
7a6365a4-a2d7-4907-869f-ad03933cced9,ok,17170944.0,v1.12-1.13,0.0,0.0,0.0,True,0.0,0.0,0.3620256274938581,4.0,actuator_motors,none,6471247,4834631,11.9,,,,,,,10.007303999702335,20.007441452147308,1.9999697642366352,127.255936,122.88084700000003,,,,0.0,,extra
12d0ca8a-90af-40f3-99f6-78f9b8ae657f,ok,17695743.0,v1.14-1.15,0.0,0.0,0.0,True,0.0006016847172081,0.0977480000000001,0.2180030785501001,4.0,actuator_motors,none,7112644,4631567,10.5,,,,,,,10.006058945827442,20.005827353384483,2.000034456733974,171.104488,166.24407300000004,,,,0.0,,extra
ea0ee94a-c71d-41d9-9a4f-02b9a0f9d79b,ok,17629951.0,v1.12-1.13,0.0,0.0,0.0,True,0.0,0.0,0.229,6.0,actuator_outputs,per_channel,4722120,2992874,3.1,,,,,,,10.007623172118114,20.007511973550308,1.9998902892803538,116.636158,114.38198200000001,,,,0.0,,extra
275888e4-94fe-4379-984f-793e80406b43,ok,17695743.0,v1.14-1.15,0.0,0.0,0.0648734177215189,True,0.0684931506849315,3.501339999999999,0.4308514207601546,4.0,actuator_motors,none,4778635,3293476,3.1,,,,,,,10.007948739873857,20.00797906459039,1.9999926374773027,125.647236,116.87165100000004,,,,0.0,,extra
00071e46-2ddc-4c91-bd09-90324159cb78,ok,17761280.0,v1.14-1.15,0.0,0.0,0.0,True,0.0,0.0,0.1933048993349074,4.0,actuator_motors,none,4576230,3107037,4.2,,,,,,,10.00886882582226,20.00843464374412,1.9999113952299243,115.499643,112.83945199999998,,,,0.0,,extra
8df4a7f5-3750-4ac1-82e3-9f1ce0c0f025,ok,17629951.0,v1.12-1.13,0.0301724137931034,0.0,0.0912280701754386,False,0.0063063063063063,0.5994850000000014,0.0,6.0,actuator_outputs,bus,5291270,3586243,4.2,,,,,,,10.008676210671524,20.008922412485195,2.000103651389226,113.677356,110.57769500000002,,,,0.0,,extra
58546c19-cb85-4b51-83e4-dd70b2dc623a,ok,17630207.0,v1.12-1.13,0.0,0.0,0.0,True,0.0,0.0,0.237,6.0,actuator_outputs,per_channel,50955973,27314777,14.0,,,,,,,9.640665816617927,190.93241443104358,1.9298703795316734,428.50803,422.20197000000013,,,,0.0359620266214671,,extra
e87fbce7-122b-4f25-9a8e-5de5e1746484,ok,17891392.0,v1.16+,0.0023937761819269,0.0,0.0,False,0.0008032128514056,0.0999999999999996,0.1620415806770324,4.0,actuator_motors,none,234336492,85206163,196.7,,,,,,,124.24147809879733,247.34368371126357,99.99618653561062,838.96,123.88000000000011,,,,0.0,,extra
666edf3d-18af-413b-9435-0f6882229b01,ok,17629952.0,v1.12-1.13,0.0653846153846153,0.0115384615384615,0.0,False,0.0,0.0,0.373,6.0,actuator_outputs,per_channel,9724790,5836425,5.4,,,,,,,10.004054059973678,20.003707039356854,1.99994212592325,249.960997,247.559924,,,,0.0,,extra
cef017fe-d88a-42ff-b632-376d72c5f6df,ok,16779520.0,v1.12-1.13,0.0,0.0,0.0,True,0.0,0.0,0.2036753237247467,4.0,actuator_motors,none,7841451,4389534,3.5,,,,,,,10.01041520681445,20.009379305408302,1.9999976335106535,95.64178,89.77998600000001,,,,0.0,,extra
eab18483-521d-46cd-a3d1-925e5a37fe1c,ok,17695488.0,v1.14-1.15,0.0,0.0,0.0,True,0.0,0.0,0.214289815723896,4.0,actuator_motors,none,16740611,7603877,5.8,,,,,,,10.003799365145362,20.003771546001307,1.999983083476419,265.012121,258.87481999999994,,,,0.0,,extra
ae5efcea-2612-4aff-ab80-3fb1d50b26e8,ok,17761280.0,v1.14-1.15,,,,,0.02,1.0000319999999905,0.5214375,4.0,actuator_outputs,per_channel,461098,381084,0.6,,,,,,,0.0,1.0000220307883751,0.0,98.997819,0.0,,,,0.0,,extra
032c8766-1575-4979-add1-f5b00763e763,ok,17695488.0,v1.14-1.15,0.0,0.0,0.0,True,,,,4.0,actuator_motors,none,2322274,1670261,2.6,,,,,,,10.015359027310904,20.015633639560612,1.9997913063316417,62.304003,0.0,,,,0.0,,extra
1fc9134e-3bf8-4d91-b6bc-54a94aa6c463,ok,17826240.0,v1.16+,0.0,0.0,0.0,True,0.0,0.0,0.2451770365238189,4.0,actuator_motors,none,5070849,3471939,2.4,,,,,,,10.008503653640004,20.00765258684827,1.9999997777778025,117.500714,115.48001700000003,,,,0.0,,extra
9b21586b-bd6f-45a9-9309-a57eb63cfd2c,ok,17826047.0,v1.16+,0.0,0.0,0.0,True,0.0,0.0,0.3573461621999739,4.0,actuator_motors,none,7375301,4822843,3.2,,,,,,,10.005726116116984,20.005725658156443,1.9999997126437195,174.480736,167.35999299999997,,,,0.0,,extra
9229f35e-619c-4e44-9e59-88e5501d76e5,ok,17826559.0,v1.16+,0.0,0.0,0.0,True,0.0088105726872246,0.3006129999999984,0.1230433940887451,4.0,actuator_motors,none,4961248,3513176,3.1,,,,,,,10.008363360042207,20.007468948555925,2.0000283563342385,118.312567,113.50094300000003,,,,0.0,,extra
29ed7068-9c09-4143-92a5-4c1c75f924a5,ok,17825792.0,v1.16+,0.0,0.0,0.0,True,0.0049635350404071,0.9730019999999796,0.1036390393972395,4.0,actuator_motors,none,19367088,11349312,12.8,,,,,,,9.949499499431527,136.14329295525155,1.9747101646933025,198.899866,196.37902,,,,0.0014031653715338497,,extra
05fba708-0871-49a9-a6d7-52ed753202ef,ok,17761535.0,v1.14-1.15,0.3076923076923077,0.0,0.1618257261410788,False,0.359635698555485,35.521196,1.0,4.0,actuator_motors,none,20071712,12041271,9.8,,,,,,,10.005120013674286,172.22155185423784,1.9999722920505374,192.788098,186.53492400000002,,,,0.0,,extra
3439d930-ddec-46db-bc8f-f5b9459a248c,ok,17891392.0,v1.16+,0.0,0.0,0.0,True,0.0,0.0,0.545753359018051,4.0,actuator_motors,none,34499393,11518443,19.4,,,,,,,9.86424542896939,218.9732845533186,1.9749741278389255,80.328682,74.41152699999998,,,,0.014391882888232357,,extra
b2375b11-3669-4c5c-a5fd-fbee2c894d4e,ok,17761280.0,v1.14-1.15,0.0,0.0,0.0,True,0.0,0.0,0.278956714272499,4.0,actuator_motors,none,35298754,22469384,14.8,,,,,,,10.000955031992062,20.000890203472096,2.0000103882051317,979.279487,974.6340469999994,,,,0.0,,extra
beee5935-2437-45ac-bc66-85c8b8232313,ok,17761535.0,v1.14-1.15,0.0,0.0,0.0,True,0.0,0.0,0.0935411214828491,4.0,actuator_motors,none,2930539,2153890,1.7,,,,,,,10.01264806769958,20.0123591316908,1.9999963489999535,74.727834,70.93699099999996,,,,0.0,,extra
32cdc29a-d442-4f2c-906b-d93a5176f240,ok,17629184.0,v1.12-1.13,0.0,0.0,0.0618556701030927,True,0.095527394707417,2.7781449999999985,0.5955839723348617,4.0,actuator_motors,none,9981932,6036214,4.1,,,,,,,5.382263715175586,105.77375322544081,1.0933149555730624,179.557584,178.53060299999999,,,,0.477819873488268,,extra
7173da6f-a236-487a-8548-3406b3f6e1d1,ok,17694720.0,v1.14-1.15,0.0,0.0892857142857142,0.0,True,0.0,0.0,0.2697739705443382,4.0,actuator_motors,none,3072477,2286825,4.3,,,,,,,10.012558573467654,20.011612481395105,2.0000107170385593,79.849468,74.94885899999998,,,,0.0,,extra
9b9a8853-f8b0-4daf-a764-f689060d1f8e,ok,17761535.0,v1.14-1.15,0.1225806451612903,0.0,0.0,True,0.0,0.0,0.1200931072235107,4.0,actuator_motors,none,10359777,7650457,5.2,,,,,,,9.344607347244857,186.44997322192629,1.865030423124728,82.174624,74.72000799999999,,,,0.06744845370923298,,extra
b4f45a1b-09ae-43be-8452-13fea8a7184d,ok,17760511.0,v1.14-1.15,0.0,0.0,0.0,True,0.0,0.0,0.2054398536682129,4.0,actuator_motors,none,3239757,2318552,5.5,,,,,,,10.013106297109669,20.012879065659305,2.0000224867393106,74.22679,65.34930100000001,,,,0.0,,extra
fd4186a8-796f-4dfb-9be2-e5486194a71e,ok,17761535.0,v1.14-1.15,0.0,0.0599078341013824,0.0,True,0.0,0.0,0.2797521166503429,4.0,actuator_motors,none,3881124,2738735,4.8,,,,,,,10.009093736952181,20.009836492807022,1.9999575595860593,107.297693,102.61307399999997,,,,0.0,,extra
f9fdcc7a-31d9-46bb-9612-999b5e79e492,ok,17825984.0,v1.16+,0.0,0.0,0.0,True,0.0,0.0,0.1556839361786842,4.0,actuator_motors,none,17475698,10965451,8.3,,,,,,,9.767819458049257,230.61930248357254,1.948461406397455,151.872258,140.68205399999994,,,,0.02621727635017511,,extra
306bb4e1-2ef0-445b-b275-4361c3a7443b,ok,17760384.0,v1.14-1.15,0.0,0.0,0.0,True,0.1205629977159084,0.017481,0.8842563979327678,4.0,actuator_motors,none,6893858,4126920,5.2,,,,,,,9.537979943843451,166.2569598189589,1.9070595608345722,64.653519,60.03421100000002,,,,0.04917776305510236,,extra
feb84d7a-677a-4aaf-99a4-ee04eedab103,ok,17629952.0,v1.12-1.13,0.0,0.0,0.0,True,0.0,0.0,0.1141666666666666,6.0,actuator_outputs,bus,9818419,4334115,8.6,,,,,,,10.012006229640843,171.6636008059759,1.9999330375361783,85.409991,85.03772500000001,,,,0.0,,extra
25f1554b-5e34-41c0-8239-99c9c73f047f,ok,17498112.0,v1.12-1.13,0.0,0.0,0.0,True,0.0,0.0,0.2866666666666666,6.0,actuator_outputs,global,19155012,10427810,13.0,,,,,,,9.601550108533484,189.88039167519517,4.810978614424588,195.45674,193.43986899999993,,,,0.04019282364740927,,extra
6b8e3aee-1d22-4c7f-be13-105bcee9090a,ok,17695743.0,v1.14-1.15,0.0,0.0,0.0,True,0.0011834319526627,0.1024299999999982,0.3518450289964676,4.0,actuator_motors,none,3566010,2640199,2.2,,,,,,,10.010738356276672,20.010331169086776,1.9998963424513736,89.496309,84.55817400000001,,,,0.0,,extra
bb254ff7-88c5-4612-bdb9-55fe3094e310,ok,17695488.0,v1.14-1.15,0.0,0.0,0.0,True,0.0,0.0,0.0673187889158725,4.0,actuator_motors,none,7089104,4609276,3.9,,,,,,,10.005344338920084,20.005340133425793,1.99999683646613,187.104067,182.78002699999996,,,,0.0,,extra
21c5c1eb-bec3-4886-bde4-00bc46deb71b,ok,17760511.0,v1.14-1.15,0.0,0.0,0.0,True,0.0028977536043675,0.1240470000000009,0.2219517529010773,4.0,actuator_motors,none,97945787,52649888,30.1,,,,,,,10.001320617137681,247.54586814189085,2.000012063363901,790.103433,785.7621960000004,,,,0.0,,extra
14ce038e-9a97-462b-a29a-43ab02476cf8,ok,17695488.0,v1.14-1.15,0.0,0.0,0.0,True,0.0,0.0,0.1716332748532295,4.0,actuator_motors,none,8851010,5094315,6.7,,,,,,,10.01057321212721,161.5526174417084,1.9999865799717058,84.65389,76.84013200000001,,,,0.0,,extra
cad1ae1a-0226-4e49-8352-223171c815a2,ok,17826047.0,v1.16+,0.0,0.0,0.0,False,0.0,0.0,0.1840463280677795,4.0,actuator_motors,none,22537788,9606915,10.0,,,,,,,124.99999999999999,250.0,100.0130072840791,76.44,74.39999999999999,,,,0.0,,extra
d896a4ea-cfff-4211-8d82-1bfce2bbb713,ok,17629951.0,v1.12-1.13,0.0,0.0359168241965973,0.0,True,0.0,0.0,0.1501499999999997,6.0,actuator_outputs,per_channel,36628426,21213789,12.6,,,,,,,10.001353051696322,20.001323396779892,1.9999865693597132,794.428048,789.783319999999,,,,0.0,,extra
79c01bfc-66d0-4b18-8eff-d4572fd7cecd,ok,17695488.0,v1.14-1.15,0.9634864546525324,0.2131919905771495,0.0,False,0.12217659137577,23.001823,0.999999995074054,4.0,actuator_motors,none,13893632,8181637,6.7,,,,,,,10.002807865348386,20.00262471845405,2.000002874684439,391.50578,389.15531,,,,0.0,,extra
084bbf1c-2c80-46ea-9c76-d3524da70fac,ok,17761023.0,v1.14-1.15,0.0546075085324232,0.0511945392491467,0.0,True,0.0067567567567567,0.3978239999999999,0.3678665980696679,4.0,actuator_motors,none,5778202,4062872,4.3,,,,,,,10.006193543768998,20.007018772551632,1.999877549315726,137.74198,133.23924000000008,,,,0.00041265103287708424,,extra
4e57409d-4d02-4fb6-9d18-09b4ef1aee1b,ok,17695743.0,v1.14-1.15,0.0,0.0,0.3383121732636295,True,0.000403648986841,0.0135930000000001,0.269280843436718,4.0,actuator_motors,none,79409662,41401938,34.8,,,,,,,9.693622515998864,180.58490960529568,1.942121909957912,277.637735,275.328107,,,,0.02600455862264844,,extra
0a2c9bb6-0e08-43c9-96d1-13f24b60746c,ok,17891392.0,v1.16+,0.0,0.8502673796791443,0.0,True,0.0,0.0,0.0775151848793028,4.0,actuator_motors,none,4473498,3111352,5.0,,,,,,,10.010263512859876,20.00875617842581,2.000003067362217,96.828077,90.92022499999997,,,,0.0,,extra
dcb04d3a-90b3-4cb6-8e7d-0de4d186ed25,ok,17826047.0,v1.16+,0.0,0.2,0.0,False,0.0003792701758188,0.0873589999999993,0.2710184976458549,4.0,actuator_motors,none,29714454,16804072,20.0,,,,,,,10.00370071542806,200.32052668415443,0.0,259.805882,258.3756690000002,,,,0.0,,extra
094fac58-4d58-48ed-830b-1f8ac1b77e3a,ok,17629696.0,v1.12-1.13,0.0618145563310069,0.0,0.0,True,0.0,0.0,0.137,6.0,actuator_outputs,per_channel,50969788,24276425,27.3,,,,,,,10.002003845568021,57.542167089977596,1.9999806171233336,496.105844,492.95569100000034,,,,0.0,,extra
d6a10369-7daf-49c8-bc58-77dc43f9a5ef,ok,17826047.0,v1.16+,0.0,0.0,0.0,True,0.0,0.0,0.1312008023262024,4.0,actuator_motors,none,38776797,21417417,25.9,,,,,,,9.97413306341003,201.74274001140483,1.990397627296829,311.273912,307.0640370000001,,,,0.0022494805119544475,,extra
8f50bfe6-47a1-45fb-a65e-29d58808d41c,ok,17105984.0,v1.12-1.13,0.0,0.0,0.0,True,0.0,0.0,0.2314638584852218,4.0,actuator_motors,none,73009631,35521959,35.8,,,,,,,9.999947833559466,198.91682645290976,9.999947861160614,362.031293,357.24544099999997,,,,0.0,,extra
49f5e1a0-3122-4442-9eef-24ffa3ad3047,ok,17629952.0,v1.12-1.13,0.0,0.0,0.0,True,0.0,0.0,0.1476499999999999,6.0,actuator_outputs,per_channel,3789145,2477894,2.2,,,,,,,10.010879190072034,20.010551138612534,2.0000734249177325,90.121629,84.82926100000002,,,,0.0,,extra
1ea540cf-bc3a-4a70-aa08-64c262c1916b,ok,17826240.0,v1.16+,0.0,0.0,0.0,True,0.0,0.0,0.3042635038495059,4.0,actuator_motors,none,4352542,3335954,2.7,,,,,,,9.901532270324521,19.79223879176452,1.9780304335586665,91.047804,81.41998699999996,,,,0.012035022540209111,,extra
257ce41a-4faf-4032-93b5-b9dc081fff96,ok,17499135.0,v1.12-1.13,0.0,0.0,0.0,True,0.0,0.0,0.44385,8.0,actuator_outputs,global,2322090,1607322,1.5,,,,,,,10.014165572366158,20.01369458296244,5.014413800511313,68.099708,62.467398000000024,,,,0.0,,extra
a0fa1dad-5189-4203-b752-d26f8acf6bcd,ok,17695743.0,v1.14-1.15,0.0,0.0,0.0,True,0.0,0.0,0.1804098084568977,4.0,actuator_motors,none,2622571,1998237,2.0,,,,,,,10.013871677225985,20.01539522614964,1.9996863747695013,64.855355,60.42995499999999,,,,0.0,,extra
2fc11636-7b05-4c3f-aa85-6396283366cb,ok,17760512.0,v1.14-1.15,0.0,0.0,0.0,True,0.0006016847172081,0.0977890000000005,0.3179583542048929,4.0,actuator_motors,none,7857570,5314238,8.1,,,,,,,10.005335061860873,20.005450214629487,2.0000641991621495,172.896724,166.2667020000001,,,,0.0,,extra
6b23d6e3-4a00-4bae-82bb-a3d468ac1396,ok,17761280.0,v1.14-1.15,0.0,0.0,0.0,True,0.0,0.0,0.1175495073199271,4.0,actuator_motors,none,14470101,7647667,7.9,,,,,,,10.012150712040922,199.9999635169713,1.9999979386524314,81.807843,78.08022399999999,,,,0.0,,extra
0d98c601-3d6b-4a4e-94f0-cbc2bc61f14d,ok,17825984.0,v1.16+,0.0,0.1414141414141414,0.0,True,0.0,0.0,0.003971554338932,4.0,actuator_motors,none,41731678,16089529,17.6,,,,,,,124.85064880935842,249.3678799666574,100.00138939061327,143.676,74.568,,,,0.0,,extra
abe7eb03-c4e0-4cf1-8a63-ea1a6bfe81d1,ok,17629951.0,v1.12-1.13,0.0218150087260034,0.0,0.0,True,0.0502179598953792,18.497308999999973,0.9557714285714288,6.0,actuator_outputs,bus,58361511,36796900,21.5,,,,,,,10.00175813476127,199.56223642603618,1.9999894888289904,579.12758,573.5354180000003,,,,0.0,,extra
7492835c-16e3-4607-8618-c871a7e4114e,ok,17761535.0,v1.14-1.15,0.8904109589041096,0.0,0.0,True,0.0,0.0,0.7659212332218885,4.0,actuator_motors,none,2945720,2196182,2.5,,,,,,,10.013906952362134,20.01390076596534,1.9999977062963366,71.77316,61.40010299999998,,,,0.0,,extra
c91be006-c491-4b10-8200-5b41bf786036,ok,17695743.0,v1.14-1.15,0.0303738317757009,0.0,0.0,False,0.2104237700925474,6.300401999999991,0.9043257877230642,4.0,actuator_motors,none,8864027,5942248,4.0,,,,,,,10.004672680458803,20.00463388776835,2.0000494339141337,208.419618,204.93888799999996,,,,0.0,,extra
a46aab76-2b6d-405f-a82f-dec716dbf560,ok,17761535.0,v1.14-1.15,0.0,0.0,0.0,True,0.0,0.0,0.107543259859085,4.0,actuator_motors,none,6157168,3980108,3.2,,,,,,,10.006067331932115,20.00607103806706,2.0000616482416578,164.425548,155.42142500000006,,,,0.0,,extra
4ea2c29e-2b55-466c-ab1f-0d58cb059094,ok,17236991.0,v1.12-1.13,0.0,0.0,0.0,True,0.0,0.0,0.4697142857142855,6.0,actuator_outputs,global,2763488,1390052,2.2,,,,,,,9.703300724178337,30.972027530586058,0.0,67.730417,49.473621,,,,0.00906520458255177,,extra
74e28e46-675f-4014-95ca-248e8152623a,ok,17694848.0,v1.14-1.15,0.0,0.0,0.0019607843137254,False,0.0,0.0,0.076103888452053,4.0,actuator_motors,none,49905609,17348571,19.1,,,,,,,92.54315533430024,0.09940036010822272,135.7202490389267,204.187405,201.7121659999999,,,,7.995750611500199,,extra
0c7393e9-5b99-42b8-9447-51ed71978c52,ok,17236991.0,v1.12-1.13,0.0,0.0607101947308132,0.2024415055951169,True,0.0,0.0,0.4857142857142857,6.0,actuator_outputs,global,8070161,4041514,5.9,,,,,,,9.837609576325084,31.52553641712294,0.0,198.584166,170.35587,,,,0.0,,extra
0852164b-a3d6-4634-9817-9565d3e74050,ok,17629696.0,v1.12-1.13,0.8733233979135618,0.0,0.0,True,,,,4.0,actuator_motors,none,27677220,14460706,13.7,,,,,,,10.001492057807571,20.00143287050568,2.0014773045353063,673.404896,0.0,,,,0.0,,extra
cefd75fc-3041-44c1-84a3-32390d7afe5e,ok,17629696.0,v1.12-1.13,0.0,0.0,0.0,True,,,,,none,none,7100848,3105477,4.8,,,,,,,10.01243677635289,20.012078600130423,1.999988025878142,77.810232,72.34664900000001,,,,0.0,,extra
bb1f2772-31e0-41cb-a464-c42ccebe5010,ok,17761280.0,v1.14-1.15,0.0,0.0,0.0,True,0.0,0.0,0.3144412405788897,4.0,actuator_motors,none,5952966,3478191,6.3,,,,,,,10.015063860866457,20.013545709456192,1.9999993333335555,66.097696,58.22996199999999,,,,0.0,,extra
05d47106-8c07-4a17-8fcb-2871dd4466f7,ok,17236991.0,v1.12-1.13,0.0003790750568612,0.0,0.0,True,0.0097765363128491,0.5007289999999998,0.4857142857142857,6.0,actuator_outputs,global,23738727,10868443,13.5,,,,,,,9.82751656376984,31.44783520578255,0.0,604.727615,72.99050299999999,,,,0.00038368248873607574,,extra
772760ee-ff89-4137-a794-3a0480d20544,ok,17760767.0,v1.14-1.15,0.0,0.0023291925465838,0.0,True,0.0,0.0,0.1252927422523498,4.0,actuator_motors,none,105987337,61754220,42.5,,,,,,,9.907888650859354,19.814677209366238,1.9809733232575666,2627.956898,2623.230025999994,,,,0.009511601408836107,,extra
6c5ed865-6314-4214-b472-8e53dea50a05,ok,17629952.0,v1.12-1.13,0.0,0.0,0.0,True,0.0,0.0,0.2249999999999999,6.0,actuator_outputs,per_channel,15430624,9137311,6.3,,,,,,,10.0021889432062,20.002100618831857,2.000004091124542,439.081996,436.75027799999987,,,,0.0,,extra
a76fe332-ef93-475c-9313-54f4dabf71c5,ok,402784511.0,,0.0,0.0,,True,,,,8.0,actuator_outputs,none,2433024,1339842,3.9,not_px4_v24,,,,,,0.0,0.0,0.0,97.935323,0.0,,,,0.007544402409136025,,extra
198e4cd0-d2ef-454c-8034-d83c6ba58f4e,ok,17498880.0,v1.12-1.13,0.0,0.0,,False,0.0,0.0,0.3189999999999999,8.0,actuator_outputs,global,127448800,73475694,66.0,,,,,,,98.37886612179928,195.78869248933228,0.0,663.316165,103.41485599999999,,,,0.015591441308637726,,extra
7c905c26-b456-4163-85a5-f7c3d1af2cd2,ok,18350080.0,v1.16+,0.0334928229665071,0.0,0.0,True,,,,4.0,actuator_motors,none,3826200,2333662,5.9,,,,,,,10.009513165141179,20.01105842515197,2.000075298171588,97.061511,0.0,,,,0.0,,extra
5750209d-238f-42a8-b77a-e67fdbe4f085,ok,17630207.0,v1.12-1.13,0.0,0.0,0.0,True,0.0,0.0,0.124,6.0,actuator_outputs,per_channel,3261247,2099942,3.3,,,,,,,10.011526821295167,20.010701297055544,2.0000332886896524,88.853381,78.83928499999999,,,,0.0,,extra
b11d29c5-686c-4cef-b7a6-9e602d5a2ec2,ok,17826559.0,v1.16+,0.0,0.0,0.0,True,0.0,0.0,0.1500139534473419,4.0,actuator_motors,none,3472428,2933759,4.3,,,,,,,10.014087327911925,20.014074313665386,2.0000002836879838,70.726497,64.08994,,,,0.0,,extra
31fc88d9-344c-4a89-8aa3-51bf77c7d443,ok,17761280.0,v1.14-1.15,0.0,0.0,0.0,True,,,,4.0,actuator_motors,none,40478246,21020904,16.7,,,,,,,10.002570883964543,220.49787643058042,1.9999736592828012,366.958236,0.0,,,,0.0,,extra
3e3479f3-e445-41f5-98e6-1457e2faad0f,ok,17695743.0,v1.14-1.15,0.0,0.0,0.0,False,0.0,0.0,0.1991042971611022,4.0,actuator_motors,none,15944618,7199776,17.8,,,,,,,0.0,200.1679986257157,2.000007290666971,103.338499,99.62147300000001,,,,0.010764852590373122,,extra
19f23870-3ebb-46a4-84df-24e186dda405,ok,17695488.0,v1.14-1.15,0.0,0.0,0.0,True,0.0,0.0,0.0878431722521781,4.0,actuator_motors,none,27120033,9040796,13.0,,,,,,,9.976984810656276,199.56321380314452,2.0000008554916957,86.743773,75.15998799999998,,,,0.0016092643308215097,,extra
286c9aca-6d91-4a9a-9ef4-67366fed0100,ok,17760511.0,v1.14-1.15,0.0,0.0,0.0,True,0.0,0.0,0.1200854800641536,4.0,actuator_motors,none,22391735,14140924,12.1,,,,,,,10.005082514672539,221.1542399812083,2.0000054843523887,207.790875,205.45097799999982,,,,0.0,,extra
022a0b13-1220-4474-93a9-e64397a89c30,ok,17891583.0,v1.16+,0.0,0.0,0.0,True,0.0,0.0,0.2180117130279541,4.0,actuator_motors,none,20224973,12857327,13.4,,,,,,,10.002248033769112,19.99977700472351,1.9999533643161684,447.074402,437.7601440000001,,,,0.00019013433896742618,,extra
45a037f1-0f83-44e9-bfaa-5b6538c10cec,ok,17629184.0,v1.12-1.13,0.0,0.0,0.0,False,0.0,0.0,0.3996999999999998,6.0,actuator_outputs,per_channel,4130801,2670582,3.0,,,,,,,10.009688884025044,20.01008912403022,2.0001063890787063,96.744013,92.90335600000002,,,,0.0,,extra
82b560b3-b647-4d4e-ba02-a94421ca9e4d,ok,16779520.0,v1.12-1.13,0.0,0.0,0.0,True,0.0,0.0,0.2036753237247467,4.0,actuator_motors,none,7841451,4389534,4.0,,,,,,,10.01041520681445,20.009379305408302,1.9999976335106535,95.64178,89.77998600000001,,,,0.0,,extra
12dd6afd-e0e8-42a2-bce8-d2090ddd44c2,ok,17825984.0,v1.16+,0.0,0.0,0.2143335565974548,True,0.0191919191919191,4.700517999999988,0.4380022726953024,4.0,actuator_motors,none,10733460,6711451,6.7,,,,,,,10.003350569120895,20.0032895788588,1.9999895395505092,298.457488,297.00612900000004,,,,0.0,,extra
2db5cff4-18b3-44b1-a732-084c9fb4a4e3,ok,17695743.0,v1.14-1.15,0.0,0.0,0.0,True,0.0,0.0,0.2471568882465362,4.0,actuator_motors,none,4696570,3747030,4.2,,,,,,,10.012945289357496,20.01294377216065,1.9999997922078139,77.001406,68.04992699999998,,,,0.0,,extra
3cce1191-10d7-4916-9ac2-dd95abb30aa3,ok,17695488.0,v1.14-1.15,0.1910828025477707,0.1656050955414012,0.0,True,0.171945701357466,11.399848,0.9999999984857446,4.0,actuator_motors,none,4968284,3742165,4.0,,,,,,,10.014225842513746,20.012584690660017,2.0001993957638784,70.702703,66.363026,,,,0.0,,extra
84e19cf0-41b4-428d-b286-108ec5d90b80,ok,17695743.0,v1.14-1.15,0.0,0.9940652818991098,0.0,False,0.9841930116472546,118.2,1.0,4.0,actuator_motors,none,25235936,9350531,7.7,,,,,,,124.92175402760847,203.06734317343174,124.9464632820479,120.952,119.28,,,,0.0,,extra
2f7a514b-a1ad-4cf7-afb5-bb13a04cae2c,ok,17761535.0,v1.14-1.15,0.0,0.0,0.0,True,0.0,0.0,0.0703813731670379,4.0,actuator_motors,none,4887033,3092364,1.9,,,,,,,10.006597730146938,20.00629631637476,2.000041278807224,156.770072,152.537361,,,,0.0,,extra
fccecb6b-10cd-4d4b-8c7b-171902e861e4,ok,17826559.0,v1.16+,0.2824858757062147,0.0,0.0,True,0.0,0.0,0.1599648743867874,4.0,actuator_motors,none,9706968,6115491,4.7,,,,,,,10.01095381404698,202.41615932623796,2.000017103594541,87.075717,75.39899700000004,,,,0.0,,extra
ef46ed38-330e-4b01-aafb-067e5e1cbec0,ok,17694975.0,v1.14-1.15,0.0,0.1781609195402299,0.0,True,0.0,0.0,0.1710826784372329,4.0,actuator_motors,none,7016709,4613075,3.8,,,,,,,10.005620651624133,20.005520692072736,1.9999503084810308,172.863855,169.9325199999999,,,,0.0,,extra
0ae7a47d-5ac9-4eed-a73a-a8f58a7987e4,ok,17891583.0,v1.16+,0.0,0.0,0.0,True,0.0,0.0,0.1241129502654075,4.0,actuator_motors,none,39997462,20455827,17.5,,,,,,,10.003217157262156,201.47062258564216,1.9999947445881001,299.767562,296.6685049999999,,,,0.0,,extra
57aa4fad-35a5-49dd-a2f7-0df8e5641c23,ok,17761535.0,v1.14-1.15,0.0,0.0,0.0,True,0.0,0.0,0.346545518139983,4.0,actuator_motors,none,63828015,16142768,25.1,,,,,,,10.006077179897268,20.00613441614525,1.9999563252780859,166.596734,163.39788199999995,,,,0.0,,extra
429b7b10-e8be-4a5d-80c4-1c4f80714444,ok,17891392.0,v1.16+,0.0,0.0,0.0,False,0.0006724949562878,0.0999999999999978,0.0111686587333679,4.0,actuator_motors,none,80309580,18681932,70.2,,,,,,,124.99999999999999,249.97517809715293,100.00868184749714,161.088,147.824,,,,0.0,,extra
6aaa4b12-1d20-4b01-af67-00220e46e5fb,ok,17826048.0,v1.16+,0.0,0.0,0.0,True,,,,4.0,actuator_motors,none,109016641,39498596,89.1,,,,,,,10.001762810695386,266.68285760674075,1.999994892709165,554.956836,0.0,,,,0.0,,extra
7e8e44be-73bd-4b82-82b2-fcf50c8275f0,ok,17761535.0,v1.14-1.15,0.0,0.0,0.0,True,,,,,actuator_motors,none,66103945,34703366,56.6,,,,,,,9.91971553568496,19.84368419613911,1.9847872197060663,1644.804356,0.0,,,,0.007925509148342296,,extra
956162e7-a069-4a25-a394-447d10651621,ok,17695744.0,v1.14-1.15,0.0,0.0,0.0,True,0.0,0.0,0.3672493323683738,4.0,actuator_motors,none,10202034,6236769,8.4,,,,,,,9.939654831715842,19.873477734224945,1.9859567901970108,214.940076,162.57632399999994,,,,0.006507395149118365,,extra
4a33bedc-bf12-4bf5-9dfd-64ac39c65b3a,ok,17694912.0,v1.14-1.15,0.0,0.0,0.0,True,0.0,0.0,0.159999986179173,4.0,actuator_motors,none,16069554,9073113,10.2,,,,,,,10.008535765601017,200.2819884125217,1.999930898939285,116.495596,107.265576,,,,0.0,,extra
745646b6-c67a-4fb5-8485-0436480945f5,ok,17302271.0,v1.12-1.13,0.0,0.0,0.0,False,0.0549450549450549,2.537507000000005,0.9087999999999988,6.0,actuator_outputs,global,2449917,1366863,1.8,,,,,,,9.743825573378595,31.356500112883403,0.0,69.464883,65.243231,,,,0.010499109937796796,,extra
d5d00797-d204-40a4-ac27-bd9ddac2e5d6,ok,17826047.0,v1.16+,0.0,0.0,0.0,True,0.0,0.0,0.126494640111923,4.0,actuator_motors,none,13482355,8807466,12.3,,,,,,,10.003285580878623,20.003082524694626,1.9999666651225454,317.64793,316.2747970000001,,,,0.0,,extra
c28db741-d51b-43da-8a6b-7570c6a51c1d,ok,17564416.0,v1.12-1.13,0.0,0.0,0.0,True,,,,8.0,actuator_outputs,bus,3394704,2401287,3.2,,,,,,,10.011072776420926,20.01166475601735,2.0116970936815544,87.94598,0.0,,,,0.0,,extra
f1b02843-6f35-4cab-9c5a-210c613542a6,ok,17761535.0,v1.14-1.15,0.0,0.0,0.0,True,0.0,0.0,0.4312262952327724,4.0,actuator_motors,none,3584465,2851889,16.9,,,,,,,10.012666266444237,20.012183680518532,1.9998772099931434,82.065019,77.38991999999999,,,,0.0,,extra
b335bd7a-1ac0-4a91-9abb-e5e6f1c1c313,ok,17694720.0,v1.14-1.15,0.0,0.0,0.0,True,0.0,0.0,0.4161872997879979,4.0,actuator_motors,none,2406553,1770447,1.5,,,,,,,10.015285696814871,20.013910351540915,1.9998981590322094,65.489806,65.04032099999998,,,,0.0,,extra
6f8fdafa-ba10-4b63-8243-6f4506d1f3a3,ok,17760511.0,v1.14-1.15,0.0397489539748954,0.0,0.0,True,0.0012801204819277,0.0450109999999881,0.2225851297378539,4.0,actuator_motors,none,28689383,16870157,20.9,,,,,,,10.00413020473574,197.20633747223596,2.000041916844879,238.102738,232.39991700000004,,,,0.0,,extra
64878a06-6bb0-4fff-a87b-5e9fdf2566f8,ok,17761280.0,v1.14-1.15,0.0066225165562913,0.2052980132450331,0.0,True,0.0002547677973504,0.0037570000000002,0.219337636232376,4.0,actuator_motors,none,41335933,16522036,20.6,,,,,,,9.411764946592454,187.84136063219435,1.8709675246618358,77.797605,73.420002,,,,0.06085751959191017,,extra
5bfeb52f-9778-409e-b55b-d83f1490e3e1,ok,17695744.0,v1.14-1.15,0.0,0.0,0.0,True,,,,4.0,actuator_motors,none,3823827,2547939,1.8,,,,,,,9.76359061918944,19.526730104070907,1.9469623354573458,75.942978,0.0,,,,0.024176336918744153,,extra
b60f1ba8-2742-4273-bb91-1f0268272940,ok,17826559.0,v1.16+,0.0,0.0266666666666666,0.0,True,0.0022259321090706,0.2996649999999974,0.15998957157135,4.0,actuator_motors,none,7666904,5121564,3.0,,,,,,,10.005555770783282,20.005410904627094,2.0000110300335825,184.11917,179.7413660000001,,,,0.0,,extra
1fe64bc0-ed46-4006-be01-2acf736534a6,ok,17630207.0,v1.12-1.13,0.0,0.0,0.0,True,0.0,0.0,0.3286003284156322,4.0,actuator_motors,none,265689278,121098414,127.3,,,,,,,9.908399067955783,218.67257839922064,1.9801832762167344,1866.748646,1861.2417510000012,,,,0.009286565422494675,,extra
b5dc5c47-c181-4c4c-a297-050397ad0265,ok,17760768.0,v1.14-1.15,0.0,0.0,0.0,True,,,,,actuator_motors,none,10853300,6876476,4.1,,,,,,,10.00380468230432,20.003502580569524,2.0000501670041886,271.672794,269.661477,,,,0.0,,extra
e517fea8-69f7-4485-bc0d-5198116e1482,ok,17891583.0,v1.16+,0.0,0.0,0.0,True,0.0,0.0,0.184852285683155,4.0,actuator_motors,none,3639235,3099427,2.9,,,,,,,10.013256216129326,20.01312294783715,2.000039651792828,74.594993,70.21049800000002,,,,0.0,,extra
56eabc5c-02c3-411f-8a13-fdccc75482bb,ok,17629696.0,v1.12-1.13,0.0,0.0,0.0,True,0.0,0.0,0.0,6.0,actuator_outputs,bus,31523872,9621434,42.9,,,,,,,3.1598751043950966,110.99176002259833,0.768458324623318,103.592283,103.38031500000002,,,,0.6756536746214861,,extra
66253ab1-813d-4a4a-adbb-90937129c57c,ok,17826240.0,v1.16+,0.0,0.0,0.0750407830342577,True,0.0012968212799324,0.104272999999992,0.1738622196018695,4.0,actuator_motors,none,22008370,9512124,66.2,,,,,,,10.008094618881373,194.0631203726228,2.000041689393575,122.06032,116.05339599999998,,,,0.0,,extra
fa2614cc-0f19-4d42-a0d1-80e01c3236ee,ok,18286080.0,v1.16+,0.0,0.0,0.0,True,,,,4.0,actuator_outputs,bus,55658957,4830506,68.7,,,,,,,9.878736613516853,196.8788561998745,1.986420556960215,77.540957,0.0,,,,0.015037068689338651,,extra
6734e216-e754-4955-8524-9ac7b32c4091,ok,17826047.0,v1.16+,0.0,0.0,0.0,True,0.0,0.0,0.3822895091027021,4.0,actuator_motors,none,2775671,1994446,4.9,,,,,,,10.012810387051644,19.9986860198367,2.0001303052633714,77.80195,68.392761,,,,0.0,,extra
ce369aa2-cb8a-4f80-9ad6-8db227757e4b,ok,17760256.0,v1.14-1.15,0.0,0.0,0.0,True,0.0,0.0,0.2599836900830269,4.0,actuator_motors,none,2691902,1989234,4.6,,,,,,,10.013845830412262,20.01448825750855,1.999884984392453,67.87587,66.46211100000001,,,,0.0,,extra
4e8fe161-831e-43f8-80c8-f854b32c6948,ok,17761535.0,v1.14-1.15,0.0,0.0372960372960372,0.0,True,0.0,0.0,0.1693493749946355,4.0,actuator_motors,none,83325142,36544539,64.1,,,,,,,8.581443340270981,171.5661180657378,1.7212119125803742,247.783526,244.27991200000005,,,,0.13961363972513938,,extra
b47b78dc-e4f1-4c78-9992-5810d1d823d9,ok,17761280.0,v1.14-1.15,0.0,0.0,0.0,True,0.0034324942791762,0.1012509999999977,0.4777338445186614,4.0,actuator_motors,none,4168375,3040445,3.9,,,,,,,9.805126394951024,19.589955878006755,1.9484522021478954,97.289784,89.39999899999998,,,,0.022561493270698677,,extra
9cf94338-34cc-4672-9ddc-bbc92ba98330,ok,16777471.0,v1.12-1.13,0.0,0.0,0.0,True,0.0,0.0,0.2057837963104246,4.0,actuator_motors,none,7763180,4918471,4.3,,,,,,,9.989976706441908,19.974461731668036,1.994910088689835,197.087244,193.66844700000001,,,,0.0015897140908187923,,extra
cff243bd-7306-4f9c-b32c-9d5bd83d5ba4,ok,17629951.0,v1.12-1.13,0.0,0.0,0.0,True,0.0,0.0,0.4786999999999993,6.0,actuator_outputs,per_channel,4431856,2748433,2.4,,,,,,,10.009615074125911,20.008968126957853,1.9999371773288561,105.716972,100.00246400000005,,,,0.0,,extra
5bc82cd0-857c-4266-98c6-7704e4341dbe,ok,17826240.0,v1.16+,0.0,0.0,0.0,True,0.0,0.0,0.174675589799881,4.0,actuator_motors,none,5735347,3633975,8.2,,,,,,,5.926670584315208,11.84554061954481,2.0083696848246286,203.689759,120.17725199999998,,,,0.40876946553431737,,extra
a248716d-0e0d-4d1c-9e2c-cdd452acc654,ok,17761535.0,v1.14-1.15,0.0,0.0,0.0,True,0.0,0.0,0.4176205277442932,4.0,actuator_motors,none,6035547,4260328,9.8,,,,,,,10.006947215837872,20.006542388405105,1.9999829445898891,144.309024,139.41843799999992,,,,0.0,,extra
8a99337b-359a-4589-8465-4432506bed16,ok,17694975.0,v1.14-1.15,0.7229813664596273,0.0,0.0,True,0.0,0.0,0.2674322068691253,4.0,actuator_motors,none,19914472,11905584,11.0,,,,,,,10.002342701936406,20.0022850953516,1.999966190460578,405.670978,398.46485300000046,,,,0.0,,extra
9f9356cf-cce6-4713-9bbb-865696f90bba,ok,17891520.0,v1.16+,0.0,0.0,0.0,True,0.0,0.0,0.2399999797344207,4.0,actuator_motors,none,75104256,30528476,46.5,,,,,,,10.007902936223445,204.8020669448786,2.0000446334071156,127.240014,92.67482600000001,,,,0.0,,extra
ece29e15-f81e-4fba-aa0f-61d005910dae,ok,17695743.0,v1.14-1.15,0.0,0.0,0.0,True,0.0175353141743789,0.3014610000000002,0.4257447838783263,4.0,actuator_motors,none,8343318,5217703,4.6,,,,,,,10.004611840212284,20.00494274504414,1.9999730122973471,209.580749,205.2779320000001,,,,0.0,,extra
957672da-466e-4797-a874-a6357f3bb76b,ok,17629951.0,v1.12-1.13,0.0,0.0,0.0,True,0.0,0.0,0.626,6.0,actuator_outputs,per_channel,8806838,5694857,4.9,,,,,,,10.004919006374424,20.004643327301608,2.0000752634956975,211.269798,206.13769700000006,,,,0.0,,extra
ed19c6ec-f560-4437-b09f-8c06b58c4a40,ok,17826047.0,v1.16+,0.0146443514644351,0.0,0.0151133501259445,True,0.0249247958745165,2.4008650000000102,0.503946987662031,4.0,actuator_motors,none,10337813,6885800,8.4,,,,,,,10.004022087854716,20.003844001235738,1.9999791478967321,237.414695,232.68404299999995,,,,0.0,,extra
61a06849-a179-48cc-b3a1-1db760181278,ok,17826047.0,v1.16+,0.0,0.0,0.0,True,0.0,0.0,0.0901493668556213,4.0,actuator_motors,none,31364825,12873147,10.0,,,,,,,9.999790123840288,200.99497234088025,1.9945759740746105,183.798847,178.5155029999999,,,,0.0006747653784198197,,extra
6b90b948-e2c2-466f-9c50-8a4bdc8345c6,ok,17761535.0,v1.14-1.15,0.0,0.0,0.1713810316139767,True,0.0,0.0,0.1249600172042846,4.0,actuator_motors,none,5009124,3151779,2.4,,,,,,,10.00807985647079,20.007673109368053,1.9999805022821326,119.842283,115.69207699999997,,,,0.0,,extra
f8a66bad-b130-42a2-8c8a-ee147ebf75e8,ok,17630207.0,v1.12-1.13,0.0,0.0,0.0630797773654916,True,0.0,0.0,0.5209999999999998,6.0,actuator_outputs,per_channel,9885933,6070314,5.8,,,,,,,10.004479107060323,20.004309871639013,2.001291873557017,215.386261,48.896058000000004,,,,0.0,,extra
eb7aa7cd-1d09-49ab-a452-479bad4d93b6,ok,17956928.0,v1.16+,0.0,0.0440097799511002,0.0,True,0.0066292707802141,0.5,0.0607993006706237,4.0,actuator_motors,none,47217673,23485784,13.4,,,,,,,124.99502091216888,249.99004202266437,100.0049790878311,200.58,196.07199999999997,,,,0.0,,extra
544ee2aa-66e9-468c-a7ea-1dcdacb52e08,ok,17826240.0,v1.16+,0.0,0.0,0.0,True,0.0,0.0,0.1830107025802134,4.0,actuator_motors,none,11815118,6952167,4.0,,,,,,,10.008984988832283,252.04977181854898,1.9999344901841158,104.822715,100.07560799999997,,,,0.0,,extra
e390a2bf-f902-4ca8-af16-97b51506bcfb,ok,17694975.0,v1.14-1.15,0.0,0.0,0.0,True,0.0,0.0,0.2407710775732994,4.0,actuator_motors,none,11426310,7293810,6.9,,,,,,,10.008497039686564,158.69919128719243,1.9999331082281127,108.699708,101.67826100000003,,,,0.0,,extra
a8fdd8ab-2914-4b98-b3b8-0b1f708582fa,ok,17761023.0,v1.14-1.15,0.0,0.0,0.0,True,0.0,0.0,0.6722773646593094,4.0,actuator_motors,none,2944789,1905418,1.6,,,,,,,10.011563988595139,20.011523695115322,2.0000504983848377,86.998458,77.88432000000002,,,,0.0,,extra
cb751684-d863-4941-8bc7-324fd3985b12,ok,17826047.0,v1.16+,0.0,0.5924686192468619,0.0,True,0.0,0.0,0.1036303102970123,4.0,actuator_motors,none,28792494,17462131,10.0,,,,,,,10.001663504632152,20.001497083768413,2.000000003330558,600.60962,280.89008599999994,,,,0.0,,extra
090cf749-4710-453b-a5d7-4e63aa98af12,ok,17761280.0,v1.14-1.15,0.0,0.058252427184466,0.0,True,0.0,0.0,0.1769109904766082,4.0,actuator_motors,none,27017818,12267878,11.1,,,,,,,6.987050764395172,141.85089204465308,1.3133092475402128,67.616432,56.57838500000001,,,,0.06356955048703763,,extra
4a5f405d-bb59-4153-a535-9f64408cc8d3,ok,17761535.0,v1.14-1.15,0.0088888888888888,0.0,0.0494505494505494,False,0.0737477856641818,5.470956000000001,0.67606982588768,4.0,actuator_motors,none,64972423,23910661,19.7,,,,,,,9.466710147683038,188.55909869222725,1.8854647810773628,114.011362,110.63102099999996,,,,0.05081685239088626,,extra
98227008-6b17-4e8f-b772-e7969de41e97,ok,17826047.0,v1.16+,0.0,0.0,0.0,True,0.0,0.0,0.1838063836097717,4.0,actuator_motors,none,17497213,11705167,11.2,,,,,,,9.902603614870015,19.799809785983722,1.9815553768864835,379.660314,376.1307379999999,,,,0.010197285819590033,,extra
76df0304-5eb0-45ea-9e81-c4c2efaf0494,ok,17695487.0,v1.14-1.15,0.1073170731707317,0.0,0.0,True,0.0015546055188495,0.4024719999999888,0.4804418563842773,4.0,actuator_motors,none,46201079,26501289,28.5,,,,,,,9.734545993788192,19.46507094008471,1.947507630403776,1061.009396,1029.923945,,,,0.027182093369347002,,extra
388ada3b-68f6-49de-8ace-b62daac041a0,ok,17630207.0,v1.12-1.13,0.0,0.0,0.0,True,0.926027397260274,75.001257,0.925,6.0,actuator_outputs,per_channel,3633267,2682414,2.4,,,,,,,10.011206278951382,20.01171215592046,2.0002290201615085,82.838,72.92635,,,,0.0,,extra
0adc5bba-d29a-446c-95ec-124ced1b59b8,ok,255.0,,0.0,0.0,0.0,True,0.0,0.0,0.0787487816065549,4.0,actuator_motors,none,2853346,2085547,2.6,not_px4_v0,,,,,,10.01323959222452,20.012899161513797,1.9999854795574772,73.537718,68.39819699999998,,,,0.0,,extra
068761a5-82bf-4e12-96ba-0ff09ecf6ab3,ok,67108992.0,,0.0013698630136986,0.0,0.0103825136612021,False,0.0134308105563401,1.6392169999999735,0.2202643901109695,4.0,actuator_motors,none,22732800,11460422,12.7,not_px4_v4,,,,,,10.00012500156252,20.000289418202563,1.9999856635774595,365.464399,360.7530720000001,,,,0.00014803380783511109,,extra
481f33eb-bc6a-49f8-8f17-ed7abe472374,ok,17695743.0,v1.14-1.15,0.0,0.0,0.0,True,0.0,0.0,0.3131986796855927,4.0,actuator_motors,none,26205958,16425156,16.3,,,,,,,10.00150011829442,20.00147558717374,2.0000127262442122,655.630648,649.7768730000003,,,,0.0,,extra
5e3229f8-3083-4c66-81e8-4b84daadb85b,ok,17761023.0,v1.14-1.15,0.0,0.0,0.0,True,0.0,0.0,0.2172321796417233,4.0,actuator_motors,none,60494947,27457398,18.6,,,,,,,10.004897076147898,193.13129715787753,1.9999500326620112,191.209217,183.71234700000008,,,,0.0,,extra
389226a0-5e71-49f3-a71c-6769d2162a83,ok,17891392.0,v1.16+,0.1646586345381526,0.0,0.0,True,0.0,0.0,0.0941867783665657,4.0,actuator_motors,none,5055350,3507700,2.9,,,,,,,10.006993614328794,20.0065416927401,1.9999334389499543,122.879535,114.37534799999995,,,,0.0,,extra
3469758d-ea70-48aa-95bb-67ff48013f85,ok,17629184.0,v1.12-1.13,0.0614754098360655,0.0,0.0,True,0.0,0.0,0.5945999999999995,6.0,actuator_outputs,per_channel,4072252,2670790,3.2,,,,,,,10.000191882270817,20.00054532032136,1.9999777780246886,121.569077,115.30552900000002,,,,0.0,,extra
3a485774-3a19-4be6-9f31-4c0386061711,ok,17825984.0,v1.16+,0.0,0.0172413793103448,0.0,True,0.0,0.0,0.4243712007999419,4.0,actuator_motors,none,9516641,5779000,6.1,,,,,,,9.999464804058714,197.83823060496024,1.9881453204225954,84.542965,81.54497000000005,,,,0.0013180688426313821,,extra
ef8e32a4-741a-404a-81d7-cff4c92a00c0,ok,17826047.0,v1.16+,0.0,0.0,0.0,True,0.000912408759124,0.1012479999999982,0.8105881950628625,4.0,actuator_motors,none,31793518,18940464,11.0,,,,,,,10.00146222568217,20.001436752420123,2.0014674154873773,693.696983,109.68017400000004,,,,0.0,,extra
ad0bd8e1-7d46-4950-8715-c4be62eedb96,ok,17695488.0,v1.14-1.15,0.0,0.0,0.0,True,0.0,0.0,0.287965327501297,4.0,actuator_motors,none,11348461,6584051,10.2,,,,,,,10.010647921073643,221.19414645201337,2.000008492343752,97.704667,92.50261600000002,,,,0.0,,extra
75c10c1e-c5db-4945-a9b8-8ad58acae585,ok,17761535.0,v1.14-1.15,0.0,0.0,0.0,True,0.0,0.0,0.1921927727758884,4.0,actuator_motors,none,28367603,18062227,10.9,,,,,,,10.001507174079137,20.001508522453346,2.000010313778677,663.542729,658.8299479999994,,,,0.0,,extra
4e1bd0bf-aaee-45bb-90f7-c24dc6089641,ok,17695488.0,v1.14-1.15,0.0,0.0,0.0,False,0.0,0.0,0.1290504544973373,4.0,actuator_motors,none,4784128,3265576,2.6,,,,,,,10.007522161975526,20.00727725012995,2.0000207332826614,125.761507,119.783025,,,,0.0,,extra
e976f4b5-9cde-43f9-9205-fe6b909b7c83,ok,17630207.0,v1.12-1.13,0.0,0.0,0.0,True,0.0,0.0,0.3139999999999999,6.0,actuator_outputs,per_channel,94836068,34344619,38.3,,,,,,,9.886552408130735,170.5187118816807,1.9759793010300157,167.280903,166.99176899999998,,,,0.01281849394705722,,extra
0dfd061a-857c-46c9-91d9-de1fe2eed8ef,ok,17891392.0,v1.16+,0.0,0.7630769230769231,0.0,True,0.0,0.0,0.1545585874468087,4.0,actuator_motors,none,2855019,2328543,5.8,,,,,,,10.013701153884348,20.013329031678182,1.999869883465707,64.555985,58.614856999999986,,,,0.0,,extra
44399f4c-e2d2-43d3-bfa6-4bf0b97bb928,ok,17760384.0,v1.14-1.15,0.064516129032258,0.0,0.0,True,0.0912981455064194,6.401545000000006,0.9999999403953552,4.0,actuator_motors,none,2906435,2185315,1.8,,,,,,,10.014452625649774,20.01391160361121,2.0001336200376723,72.219884,70.05410599999996,,,,0.0,,extra
ca09c5a1-f715-4744-9777-ba71037a2853,ok,17761024.0,v1.14-1.15,0.0,0.0,0.0,True,,,,4.0,actuator_motors,none,16606971,8433789,5.5,,,,,,,10.002327816716132,20.00232801925566,2.0000137087359393,405.478876,0.0,,,,0.0,,extra
79c5efb8-00cc-41d9-bd2f-d742a156cc6b,ok,17760768.0,v1.14-1.15,0.0134003350083752,0.0,0.0,True,0.0,0.0,0.2556522965431213,4.0,actuator_motors,none,60851006,33608170,18.2,,,,,,,9.925048946251458,19.848773242039396,1.9847298337144044,1507.690475,1502.8858420000013,,,,0.007577950303420155,,extra
f6afd760-6b89-4ba1-ac85-fcece142d9b4,ok,17695488.0,v1.14-1.15,0.0,0.0,0.0,True,0.0,0.0,0.1166894294321537,4.0,actuator_motors,none,2507409,1924046,4.0,,,,,,,10.013541885941976,20.015015070896084,1.9999626081064974,68.000823,67.0555,,,,0.0,,extra
bcc87b4d-b49d-451b-a927-6963d9bd2128,ok,17630207.0,v1.12-1.13,0.0,0.0,0.0,True,0.0,0.0,0.5900000000000001,6.0,actuator_outputs,per_channel,12217508,8002882,5.8,,,,,,,9.929031392173458,19.858434150334844,1.9850988850703304,268.501549,261.29191399999996,,,,0.00715973889914601,,extra
e20e0e7b-f10c-4d9c-8004-cecb772951f9,ok,17760768.0,v1.14-1.15,0.0,0.0,0.0,True,0.0,0.0,0.0989993959665298,4.0,actuator_motors,none,5070186,3461763,4.1,,,,,,,10.007518013397913,20.00729805381313,2.000007891923033,129.984767,124.69658299999996,,,,0.0,,extra
6ef94cda-5041-44b0-8443-a7f12e8551a2,ok,17761280.0,v1.14-1.15,0.0,0.0,0.0,True,0.0,0.0,0.2326742887496947,4.0,actuator_motors,none,5384568,3646710,2.8,,,,,,,10.00700432791435,20.00669904512116,2.0002020709557895,138.930529,136.45149099999998,,,,0.0,,extra
6ff1dc61-d09e-4479-8594-880bb877e14b,ok,17629184.0,v1.12-1.13,0.0,0.0,0.6789869952087612,True,0.0307619498343587,0.5991490000000006,0.3950021445751189,4.0,actuator_motors,none,9515647,6087818,4.6,,,,,,,9.999804452831473,19.999655721190013,1.9999673555928719,291.63304,211.277842,,,,0.0,,extra
339af69d-250c-48f9-b25a-478464269cef,ok,17826047.0,v1.16+,0.0,0.6384615384615384,0.0,True,0.0,0.0,0.2399999928019856,4.0,actuator_motors,none,2896683,2322350,5.0,,,,,,,10.015700007209714,20.01422693849185,2.0000895080056624,62.553777,60.7170190000001,,,,0.0,,extra
4b221369-0fe7-40b8-a746-97b84bbbd745,ok,33554752.0,,0.0,0.0,0.0,False,0.0063493816254416,0.140954999999991,0.4657399252057075,4.0,actuator_motors,none,47305890,24422042,12.7,not_px4_v2,,,,,,9.99605056781361,202.1194420961767,9.999802571991244,256.84049,253.17341099999987,,,,0.00021182366557462247,,extra
1d9e74bf-67a1-4ea1-9310-1ed1a9667141,ok,17761535.0,v1.14-1.15,0.0,0.0,0.0,True,0.0,0.0,0.1401599645614623,4.0,actuator_motors,none,2906411,2304801,19.0,,,,,,,10.014337364052803,20.013917144668653,1.9999341058747933,67.930525,59.16700899999999,,,,0.0,,extra
04098504-641b-4f25-8574-025b5a3dd2ff,ok,17630207.0,v1.12-1.13,0.0,0.0,0.0,True,,,,,actuator_outputs,none,17171787,2743672,24.3,,,,,,,10.012754115087702,20.01265257221518,2.0000157144091846,77.679083,0.0,,,,0.0,,extra
f930847c-5619-4316-88a6-afa37affc72b,ok,17695488.0,v1.14-1.15,0.0,0.0,0.0,True,0.0,0.0,0.2618990764021873,4.0,actuator_motors,none,2824208,2000989,21.6,,,,,,,9.999867688409166,19.9995540722519,1.999996518524579,81.3518,75.34801599999999,,,,0.0,,extra
5a8d06ce-37fb-4518-83fc-3c9853a9009e,ok,17761535.0,v1.14-1.15,0.0,0.0,0.0,True,0.0,0.0,0.1866621911525726,4.0,actuator_motors,none,5917327,4151661,24.4,,,,,,,9.794364075578486,19.575280025440797,1.9645388816960996,141.273754,136.85004299999997,,,,0.022613914702660682,,extra
0ad3ae9b-03be-4d7a-bb95-3d09665f9c65,ok,17760768.0,v1.14-1.15,0.0,0.0,0.1661129568106312,True,0.0,0.0,0.4734550654888153,4.0,actuator_motors,none,2570090,1965436,2.6,,,,,,,10.015389146192582,20.01567828079735,1.9999928403617646,59.680577,54.382216000000014,,,,0.0,,extra
f12937a5-50d3-4fdc-9415-14811da4fb4a,ok,17760511.0,v1.14-1.15,0.0,0.0,0.0,False,0.0,0.0,0.1726353347301483,4.0,actuator_motors,none,60718347,25820628,46.7,,,,,,,9.866042650520596,197.3745924234759,1.9999999191919222,149.095682,145.590043,,,,0.012189532009772045,,extra
4a2fb0f0-1f3b-4af2-badf-0efe1d295b94,ok,17629696.0,v1.12-1.13,0.0,0.0,0.0,True,0.0,0.0,0.804,6.0,actuator_outputs,per_channel,9002926,4947947,3.7,,,,,,,10.004104052500049,20.00439453424418,1.999932325007652,236.012501,232.36139600000004,,,,0.0,,extra
bac02893-057a-4068-9304-bc4c6c6d95b0,ok,17826047.0,v1.16+,0.0041493775933609,0.0,0.0,True,0.0,0.0,0.181281143426895,4.0,actuator_motors,none,67417896,40172207,49.4,,,,,,,10.00119954038871,131.0011908108099,1.9999956678199535,728.910271,722.2004050000002,,,,0.0,,extra
272491f2-5c67-449e-968d-45b97bbed185,ok,17761280.0,v1.14-1.15,0.0,0.0,0.0,True,0.0489642184557438,5.100889000000009,0.6160000557382008,4.0,actuator_motors,none,4156071,2973977,2.8,,,,,,,10.008660570274179,20.008871181655735,2.0001358981224113,108.530136,106.20005399999997,,,,0.0,,extra
7fa8be2d-01a5-470e-a27b-406cddea9382,ok,17761535.0,v1.14-1.15,0.0,0.0,0.0,True,0.0,0.0,0.2411999851465225,4.0,actuator_motors,none,5146936,3710609,8.4,,,,,,,9.959402245930434,19.90265064280166,1.99183437701237,122.995815,118.22984599999995,,,,0.00567934671597948,,extra
486df66e-487d-4a1d-94fc-a74c20a0c971,ok,17760256.0,v1.14-1.15,0.0,0.0,0.0,True,0.0,0.0,0.1480379194021225,4.0,actuator_motors,none,11394249,7373057,9.2,,,,,,,10.003900803158112,20.003515621460476,2.0000349934180144,278.197782,273.4180279999999,,,,0.0,,extra
5a8d9730-dfb3-4214-bb96-f444f17eba65,ok,17630207.0,v1.12-1.13,0.0017064846416382,0.0238907849829351,0.0353260869565217,False,0.0,0.0,0.488399999999995,6.0,actuator_outputs,per_channel,11743935,7338861,9.6,,,,,,,10.00333530648159,20.003218260808765,1.9999764227651693,293.96955,289.9576770000001,,,,0.0,,extra
14f39cd2-9ac0-4ada-aa85-ef81dab9eff1,ok,17499135.0,v1.12-1.13,0.004442925495557,0.1548188653451811,0.0,True,0.0010160536476325,0.7969060000000354,0.2468444444444434,6.0,actuator_outputs,global,43440797,25822581,13.8,,,,,,,9.999193609062132,19.997039762881602,5.0006783562661665,1480.567938,1476.284446000004,,,,0.00021180627145495447,,extra
ecdcc3e3-9aee-4c18-93f5-6a1504f8eedb,ok,17761535.0,v1.14-1.15,0.0,0.0,0.0,True,0.0,0.0,0.3190262436866755,4.0,actuator_motors,none,4523371,3314167,2.2,,,,,,,10.00956701350841,20.00954332317209,2.0000903035940936,103.911663,91.91189199999995,,,,0.0,,extra
7ab14d54-770f-4bb1-8b86-7d9e3440dace,ok,255.0,,0.0,0.1,0.0,True,0.0,0.0,0.176714788377285,4.0,actuator_motors,none,3096597,2694573,3.4,not_px4_v0,,,,,,10.013985837393987,20.01387099662126,1.9999949375128143,63.89453,47.21983600000001,,,,0.0,,extra
260a6804-5957-40f7-a2b4-eabdfad0cc2b,ok,17826047.0,v1.16+,0.0,0.0,0.0,True,0.0,0.0,0.1741923153400421,4.0,actuator_motors,none,6942720,4646781,2.8,,,,,,,10.00580205765241,20.005931543886504,2.0000870912922815,160.260373,156.57832699999994,,,,0.0,,extra
27a1fe67-a329-429e-8430-293be834eb0f,ok,17694720.0,v1.14-1.15,0.0,0.0,0.0,True,0.0,0.0,0.3093602322041986,4.0,actuator_motors,none,5844836,3737280,2.2,,,,,,,10.005116788241795,20.005585559488207,2.000017008740636,174.651797,167.45134299999995,,,,0.0,,extra
3125e1b7-8080-40e3-8618-5085c2e05684,ok,17629696.0,v1.12-1.13,0.0,0.0,0.0,True,0.0,0.0,0.116,6.0,actuator_outputs,per_channel,9274980,5363745,4.3,,,,,,,10.012732706519772,197.80644169393972,2.0000467723356303,76.84895,71.98959600000002,,,,0.0,,extra
9fac269a-93f6-4abc-90ba-03b5dd2a6078,ok,17760511.0,v1.14-1.15,0.072072072072072,0.027027027027027,0.1037037037037037,True,0.1054613935969868,2.3998070000000027,0.9999999390763804,4.0,actuator_motors,none,1917091,1495283,1.5,,,,,,,9.5247100387725,18.98069478682345,1.9998179411025319,55.688885,56.634730999999974,,,,0.05099307629991101,,extra
a56a4a81-0b13-4a6e-b8db-cacc5680cb59,ok,17695743.0,v1.14-1.15,0.697986577181208,0.0,0.0,True,0.0,0.0,0.1494737267494201,4.0,actuator_motors,none,39456421,14074209,11.6,,,,,,,9.663108636000283,214.66248821676274,1.8954982283104869,77.167486,72.323596,,,,0.02745378603284168,,extra
ef47c91e-f0d1-4442-87de-e8662e65afed,ok,17695743.0,v1.14-1.15,0.0,0.0,0.0,True,0.0029239766081871,0.3011340000000011,0.5937487557530403,4.0,actuator_motors,none,4397243,3170020,3.3,,,,,,,10.009552150000703,20.0095473034672,2.0000116154520744,104.576323,102.55367299999999,,,,0.0,,extra
64a99db2-8a69-418c-8081-af0cb382c297,ok,17891583.0,v1.16+,0.0,0.0,0.0527472527472527,True,0.0610144358672423,2.568674000000001,0.407284343242642,4.0,actuator_motors,none,10210090,6337413,9.2,,,,,,,10.011571699090434,198.11273780149952,1.999904715650881,90.187724,80.25273299999996,,,,0.0,,extra
5ac180cc-d047-4af5-91f6-7430231cfaea,ok,17694720.0,v1.14-1.15,0.0,0.0472440944881889,0.0,True,0.0049679581398083,0.2522610000000043,0.4317956149578094,4.0,actuator_motors,none,27925726,9778826,8.8,,,,,,,10.004683282294852,167.91987843690012,91.40155741822338,126.397626,119.063367,,,,0.0011375597891723514,,extra
b08c753a-2ca9-480c-83bf-686c34478c2e,ok,17694975.0,v1.14-1.15,0.0,0.0,0.0,True,0.0,0.0,0.3524883419275283,4.0,actuator_motors,none,2925778,2131177,2.5,,,,,,,10.013418896385547,20.01376282807358,2.0000292372695077,76.465648,65.55241,,,,0.0,,extra
9248301f-9ad7-46db-9468-a9c905a40604,ok,17761535.0,v1.14-1.15,0.0,0.0,0.0,True,0.0,0.0,0.160000205039978,4.0,actuator_motors,none,22379331,12438490,6.1,,,,,,,10.01433654712352,199.94277203729027,2.000000144927547,69.826674,66.719967,,,,0.0,,extra
c4e03b6d-bc0f-475d-81c0-e40306fb844c,ok,17760320.0,v1.14-1.15,0.0164609053497942,0.0,0.0,True,0.0,0.0,0.390468955039978,4.0,actuator_motors,none,15873424,7898790,7.8,,,,,,,10.00858634012648,199.54011524458687,1.9999317141959618,118.835956,54.25241999999999,,,,0.0,,extra
9dc1f7c2-ab04-4fa6-a6b3-1adde9e84f23,ok,17564671.0,v1.12-1.13,0.0,0.0311653116531165,0.0,True,0.1639977912755383,9.313788999999986,0.9851428571428572,6.0,actuator_outputs,bus,14656861,9239560,9.8,,,,,,,10.002812401530981,20.002617488489943,2.0026853391081465,366.535318,362.20258499999983,,,,0.0,,extra
548c7339-4c59-4b1d-a753-70dfaad4e344,ok,17825984.0,v1.16+,0.0,0.0247116968698517,0.0,False,0.0,0.0,0.1914291977882385,4.0,actuator_motors,none,14592235,9979396,9.4,,,,,,,10.003255078082617,20.003255785371355,2.0,307.029375,306.0599159999999,,,,0.0,,extra
b5d4e9ab-2a36-4cfe-8597-4dcedff3cc25,ok,17629951.0,v1.12-1.13,0.0,0.0,0.0,True,0.0,0.0,0.64655,6.0,actuator_outputs,per_channel,30785649,11247861,7.7,,,,,,,9.660502991586831,193.49325962775137,1.9347612174610151,61.793497,57.307535,,,,0.029641305407035693,,extra
c16cd926-4398-4a0f-914a-229ecc5f8c82,ok,17760768.0,v1.14-1.15,0.0,0.0285035629453681,0.0,True,0.0,0.0,0.3782452940940855,4.0,actuator_motors,none,7956397,5201743,4.2,,,,,,,10.004717768476493,20.00463244905413,1.9999325723216317,207.783111,200.76962400000005,,,,0.0,,extra
f73ba175-8305-4dbb-b3bb-5b3ccafdb053,ok,17760511.0,v1.14-1.15,0.0,0.0,0.0,True,0.0008481764206955,0.1017879999999991,0.3702752023935318,4.0,actuator_motors,none,5394394,3729328,2.9,,,,,,,10.00829864668071,20.00734711606685,1.9999071278187974,125.964064,117.91164699999996,,,,0.0,,extra
dc8a124c-27f3-4931-bba8-31f36aec32b2,ok,17761535.0,v1.14-1.15,0.0,1.0,0.0,True,0.0,0.0,0.1475147649645805,4.0,actuator_motors,none,3746397,2513994,2.1,,,,,,,10.01035239101812,20.010843512664064,2.0000763985226513,91.388577,88.99141599999997,,,,0.0,,extra
65591613-4346-4fa4-bda5-e357e2e767c6,ok,17694720.0,v1.14-1.15,0.0,0.0,0.0,True,0.0,0.0,0.1127360641956329,4.0,actuator_motors,none,2554044,1994648,2.5,,,,,,,10.014780324195486,20.01402350385479,2.0000428624570366,65.460756,60.73025499999999,,,,0.0,,extra
7ccde9df-0c64-40a3-bbca-36a434352201,ok,17956992.0,v1.16+,0.0,0.0,0.0,True,0.0,0.0,0.1118734776973724,4.0,actuator_motors,none,5359605,4135010,3.5,,,,,,,10.009045620249173,20.00940371950657,1.9999993684212523,113.88059,111.53882999999999,,,,0.0,,extra
1acfea7d-688b-4c3b-b4d6-a135f0279897,ok,17695488.0,v1.14-1.15,0.1438356164383561,0.0684931506849315,0.0,True,0.9355322338830584,62.402472,1.0,4.0,actuator_motors,none,2961379,2310171,2.2,,,,,,,10.01399718711721,20.01400000293912,2.0000060845255527,71.046014,66.70002900000001,,,,0.0,,extra
8c2d5736-31c5-48ab-962c-afab793d5341,ok,17629951.0,v1.12-1.13,0.0158013544018058,0.0,0.0,True,0.0,0.0,0.0,6.0,actuator_outputs,bus,7980397,5261145,4.3,,,,,,,10.004289149236216,20.004548068493975,1.9999753090605854,217.569094,212.4050960000001,,,,0.0,,extra
d7367fd7-a711-48a2-9c9b-9b834d82dbfd,ok,17826240.0,v1.16+,0.0,0.0,0.0,True,0.1641708604394255,1.5819560000000017,0.87375917006284,4.0,actuator_motors,none,11689481,6690778,3.0,,,,,,,10.009362004546556,199.4676546213569,2.0000951134339586,101.410824,57.04094399999999,,,,0.0,,extra
db4dd654-fa2c-4fae-986c-107f46c8a6ec,ok,17956928.0,v1.16+,0.0,0.0,0.0,True,0.0,0.0,0.1507001027464866,4.0,actuator_motors,none,6820200,4178560,3.4,,,,,,,10.006479406650293,20.006328660588604,2.0000643050978093,165.400122,160.29205400000006,,,,0.0,,extra
c8f8868b-94cd-403a-be99-dea1a0a58791,ok,17891583.0,v1.16+,0.0,0.0,0.0,True,0.010590015128593,0.698882999999995,0.4062044620513916,4.0,actuator_motors,none,3103980,2435414,3.0,,,,,,,10.014120052949265,20.01405204684385,1.9998336949892488,69.254553,66.07353199999999,,,,0.0,,extra
c874e578-65c4-4302-a318-275a53a1251a,ok,17761280.0,v1.14-1.15,0.0,0.0,0.0,True,0.0051948051948051,0.1994359999999986,0.1885304495692253,4.0,actuator_motors,none,3256414,2400278,1.8,,,,,,,10.012246284254271,20.011801506278275,1.9998687009279814,78.732763,77.02234599999998,,,,0.0,,extra
565a4e75-479d-4fbd-95ae-85b5f8c8ee62,ok,17761023.0,v1.14-1.15,0.0,0.0,0.0371720116618075,True,0.0071241094863142,1.1014199999999903,0.4424242220818994,4.0,actuator_motors,none,11183968,7269924,8.2,,,,,,,9.974630970302272,19.941593425985136,1.9963457255789943,274.659738,267.47936300000015,,,,0.003271294198466019,,extra
a43c27c6-db41-4531-9b52-45615ba378d7,ok,17761280.0,v1.14-1.15,0.0,0.0,0.0613810741687979,True,0.0,0.0,0.2715771481394767,4.0,actuator_motors,none,45498065,19962172,15.5,,,,,,,6.022660928373412,124.25704022532801,1.195330149796743,129.892243,126.02866600000003,,,,0.31582963211814086,,extra
e87c027b-1322-4403-89b8-44fca49a16d1,ok,17694975.0,v1.14-1.15,0.0,0.2254545454545454,0.0,True,0.0,0.0,0.1656788766384124,4.0,actuator_motors,none,5358312,3688989,2.1,,,,,,,10.007036581273239,20.007345490612717,2.00004560698793,134.929053,130.71423199999995,,,,0.0,,extra
cd1dbb4d-800e-4cf4-b9aa-a3cee811bd27,ok,17760511.0,v1.14-1.15,0.0,0.0,0.0,True,9.751816275781364e-05,0.0066640000000006,0.2276995837688445,4.0,actuator_motors,none,8461876,5450332,4.0,,,,,,,10.012802118784686,187.55465272578525,1.9998644423095857,78.858758,72.16129799999999,,,,0.0,,extra
c2149e89-4a0e-4c36-81a7-278701041a1c,ok,17826047.0,v1.16+,0.0,0.0,0.0,True,0.0,0.0,0.2298192661255598,4.0,actuator_motors,none,2217670,1606242,1.3,,,,,,,10.015747242854548,20.01414962616023,1.9998358230019593,63.15574,61.775010000000016,,,,0.0,,extra
d1678dce-b4ac-495e-850d-21fe81c77d1f,ok,17564671.0,v1.12-1.13,0.0706521739130434,0.0,0.0,True,,,,6.0,actuator_outputs,none,4054725,2619092,3.3,,,,,,,10.011140907418309,20.011400619051262,2.01095834591594,91.596667,87.21133499999996,,,,0.0,,extra
6a04be56-aa92-4f81-9f8b-c86c68d28da7,ok,17695743.0,v1.14-1.15,0.894580549368968,0.0,0.0,True,0.0002453265296109,0.1996589999998832,0.2629305720329284,4.0,actuator_motors,none,82899051,47078259,36.7,,,,,,,10.000475798153506,20.00046449850665,1.999997588842848,2043.457469,2038.0673099999967,,,,0.0,,extra
c731ed1a-ad6f-4d37-b8bf-164c48bed346,ok,17695488.0,v1.14-1.15,0.0,0.0,0.0,True,0.0,0.0,0.2681306764483451,4.0,actuator_motors,none,26490544,6723137,15.2,,,,,,,2.2136320724819805,38.17105599838502,0.4981359159236982,141.931682,132.449411,,,,0.809884146683751,,extra
1058da89-b575-403a-bb85-6cd0e9648ffc,ok,17761535.0,v1.14-1.15,0.0,0.0,0.0,True,0.0001341981659583,0.0113100000000088,0.2770039290189741,4.0,actuator_motors,none,9346038,6140938,5.1,,,,,,,10.01206781669457,197.48228838395016,1.9999342609844097,85.471799,80.47542200000001,,,,0.0006471946864734277,,extra
681d59ec-d3ff-4990-a7fa-3f106edb9ecf,ok,17826303.0,v1.16+,0.0,0.0477453580901856,0.0,False,0.941747572815534,27.2,1.0,4.0,actuator_motors,none,48420165,17854599,14.0,,,,,,,124.90940546606504,249.82460243217963,99.94038295186215,171.156,30.272,,,,0.0007247562714796718,,extra
d89f8bb2-2938-4e44-950d-c191a7cf360e,ok,17825984.0,v1.16+,0.0,0.0,0.0,True,0.0,0.0,0.2410713553428649,4.0,actuator_motors,none,10751337,6703602,4.5,,,,,,,10.00355097843626,20.003739473027398,2.000010847516461,265.490976,262.944903,,,,0.0,,extra
7ccc9ca9-99a5-4855-b3e9-dd7be7906fd8,ok,67441920.0,,0.0,0.0,0.0,True,0.0,0.0,0.656,6.0,actuator_outputs,bus,134179307,67809154,54.5,not_px4_v4,,,,,,10.000806723551698,199.96698876259845,2.00080061848303,1220.62807,1215.3807489999997,,,,0.0,,extra
7ab96f11-63ac-4ea2-ac79-a412e07ef652,ok,17826047.0,v1.16+,0.0,0.0,0.042042042042042,True,0.71875,20.199159,1.0,4.0,actuator_motors,none,2554633,1996483,2.9,,,,,,,10.014959846270367,20.014581535144348,2.0002490997237623,66.046183,64.06366,,,,0.0,,extra
d788e50c-bd47-45a1-83c0-53806e41ac34,ok,17630207.0,v1.12-1.13,0.0,0.0,0.0,True,0.0,0.0,0.2059999999999999,6.0,actuator_outputs,per_channel,16132955,9201853,8.9,,,,,,,9.57207279886234,178.37323005408322,1.9127699240188147,137.880223,132.049104,,,,0.043291738085654605,,extra
a66bafa1-b721-48b0-9d0e-07dd90f23ea9,ok,17630207.0,v1.12-1.13,0.0,0.0,0.0,True,0.0,0.0,0.1793610274791717,4.0,actuator_motors,none,4461649,3399141,9.1,,,,,,,10.011267616230043,20.010608598554942,1.9999798085870821,83.712173,82.75583900000002,,,,0.0,,extra
0f070ac7-ee79-4fab-9e77-70ccc435d1e7,ok,17891392.0,v1.16+,0.0,0.0,0.0,True,,,,4.0,actuator_motors,none,25279294,13208278,12.6,,,,,,,9.999893783511626,185.93645043002059,1.9999812377009636,251.023541,0.0,,,,0.00099006725947911,,extra
d19d7448-fbc7-4610-95c5-b541e1038d7d,ok,17761023.0,v1.14-1.15,0.0,0.0,0.0,True,0.0001646632636258,0.102090999999973,0.2940862119197844,4.0,actuator_motors,none,22185342,13152161,8.8,,,,,,,10.001574303793817,20.001440110198818,2.00000002607987,614.341829,607.3379259999998,,,,0.0,,extra
4fa41675-8415-4bdf-9a90-728df3213b2c,ok,17891583.0,v1.16+,0.0,0.0,0.0,True,0.0,0.0,0.2358406484127044,4.0,actuator_motors,none,6593930,4734917,5.8,,,,,,,9.99956057486585,19.99947477949954,1.999970587845131,144.560712,138.87551499999998,,,,0.0006581896752283148,,extra
ddd8367d-554a-4838-bef6-4c89c22f6472,ok,17826047.0,v1.16+,0.0,0.0,0.0,True,,,,4.0,actuator_motors,none,4061215,2507310,14.2,,,,,,,10.009329965368092,20.010258206562465,2.000168540023269,107.398378,0.0,,,,0.0,,extra
01056800-f8c4-4081-ab95-400c93a4469b,ok,17695999.0,v1.14-1.15,0.6049382716049383,0.0679012345679012,0.0,True,0.0,0.0,0.1339511811733245,4.0,actuator_motors,none,8768289,5490457,15.2,,,,,,,9.874890012326508,197.34814922566196,1.9998970367475295,79.80052,72.46979300000001,,,,0.013237044714461523,,extra
9a0a0e43-327c-49d6-bab1-8bab1241acdc,ok,17694720.0,v1.14-1.15,0.0,0.2034313725490196,0.0,True,0.0154926125621455,0.2549829999999993,0.4720544263720512,4.0,actuator_motors,none,22702603,14059023,21.3,,,,,,,10.004517379271366,189.43869897322077,2.0000286474691564,204.284609,199.9328199999998,,,,0.0,,extra
dff18ec9-101a-4a2f-83c9-7660c212c1fa,ok,17694720.0,v1.14-1.15,0.0,0.0,0.0,True,0.0,0.0,0.1690566226840019,4.0,actuator_motors,none,3423329,2399314,2.8,,,,,,,10.011517221341757,20.01042154910141,1.9998892061379798,85.19466,82.78015800000001,,,,0.0,,extra
d45cf481-e7bf-46e9-aebc-e36dd0d510b0,ok,17564928.0,v1.12-1.13,0.0,0.0,0.0,True,0.0,0.0,0.1258823529411764,4.0,actuator_outputs,global,247992779,74717928,82.6,,,,,,,24.70248132606196,24.701619984333913,1.9782182081306177,2894.679696,982.4075830000004,,,,0.012014539125618064,,extra
00a80c0c-6b86-481c-b999-abc3a5a455ca,ok,17826240.0,v1.16+,0.0,0.0,0.0,True,0.0,0.0,0.1463224291801451,4.0,actuator_motors,none,17589561,11123312,9.2,,,,,,,10.00604829309637,197.80821380602777,2.0000465688262383,155.6968,148.73226099999997,,,,0.0,,extra
307191c7-f057-47bf-bc56-7421a3711e63,ok,17760256.0,v1.14-1.15,0.0,0.0,0.0,True,0.0,0.0,0.1054371416568755,4.0,actuator_motors,none,21719174,13410676,8.4,,,,,,,10.005116143207779,222.12771052281894,2.0000545240994634,199.217762,195.00330699999998,,,,0.0,,extra
edd75c03-b972-45dd-be45-f6abaad6ebe0,ok,17629184.0,v1.12-1.13,0.0,0.0,0.0,True,0.0,0.0,0.2725187480449675,4.0,actuator_motors,none,4322841,3005260,2.6,,,,,,,9.999844090136385,19.999739596504785,1.9999383168630933,127.229696,118.996502,,,,0.0,,extra
18666fea-82b1-4d21-8b7b-113380e3394a,ok,17630207.0,v1.12-1.13,0.0,0.0,0.0,True,0.0,0.0,0.173,6.0,actuator_outputs,per_channel,19011863,9920701,7.8,,,,,,,10.005690409176037,173.93420731012074,1.9999413606936935,156.244114,148.21513400000012,,,,0.0,,extra
b57333fd-4340-455f-b507-2bfa6cc28168,ok,17761535.0,v1.14-1.15,0.0,0.4705882352941176,0.0,True,0.003125,0.1999999999999993,0.261188494414091,4.0,actuator_motors,none,2956742,2480567,2.0,,,,,,,10.013390715468073,20.013381607116475,1.9999993984964213,66.857267,63.98004699999998,,,,0.0,,extra
6fd71253-d9eb-436a-aa04-b4a3fd6525ad,ok,17761535.0,v1.14-1.15,0.0,0.0,0.0,True,0.0,0.0,0.335587528347969,4.0,actuator_motors,none,3834664,2852039,3.4,,,,,,,10.01020842102966,20.010002696531203,2.000057222689803,95.205514,87.81678699999995,,,,0.0,,extra
c8a07d24-3e7a-4fad-9b59-2e80c78a6132,ok,17694975.0,v1.14-1.15,0.9190283400809716,0.0,0.0290322580645161,True,0.0,0.0,0.3594219982624054,4.0,actuator_motors,none,4213376,2849753,3.3,,,,,,,9.999642777514682,19.982926561677836,1.9999866830155009,123.699666,119.323225,,,,0.0010764021512656154,,extra
b5fe0e43-d34d-4bf8-89c1-5c2958fe4acc,ok,17891583.0,v1.16+,0.0,0.0386740331491712,0.0,True,0.0,0.0,0.3743115365505218,4.0,actuator_motors,none,8431646,6047794,6.5,,,,,,,10.00555757162431,20.005014293053332,1.999996480453121,179.407974,174.110125,,,,0.0,,extra
eadcfd64-b15c-4113-ba6b-93322a93eed0,ok,17826240.0,v1.16+,0.0,0.0,0.0,False,0.0379443610463445,0.0549269999999992,0.8496360149291208,4.0,actuator_motors,none,24481755,12618220,11.2,,,,,,,6.721394730319379,135.893132666908,1.262228245946977,61.818663,57.440099999999994,,,,0.1069919653489549,,extra
01382acf-f93e-4d9b-ad85-5a96663432a5,ok,17630207.0,v1.12-1.13,0.0,0.0,0.0,True,,,,4.0,actuator_outputs,per_channel,3175164,2159809,6.3,,,,,,,9.977106244965945,19.895118097107257,2.011527834811207,88.184106,0.0,,,,0.005466920132384053,,extra
1fbf2aba-edd4-419b-af47-04ed775e0c10,ok,17760768.0,v1.14-1.15,0.0,1.0,0.0,True,,,,4.0,actuator_motors,none,5556008,3447280,6.9,,,,,,,10.006254797377485,20.007648221766022,1.9999328735401851,151.906805,0.0,,,,0.0,,extra
080788da-61c0-43e0-aacd-ca60a30170ec,ok,17826240.0,v1.16+,0.0,0.0,0.0,True,0.0065586419753086,0.8988939999999843,0.3882914915680878,4.0,actuator_motors,none,11418366,7380099,14.0,,,,,,,10.003945581778929,20.003771191638865,2.000032061005439,264.820031,259.2060079999999,,,,0.0,,extra
5554c662-df00-4f49-bd54-8e298173b2f2,ok,17760511.0,v1.14-1.15,0.0,0.0,0.0,True,0.0,0.0,0.1867682635784149,4.0,actuator_motors,none,3074142,2220377,1.5,,,,,,,10.014182604020995,20.0139797003519,2.0002079636511776,69.534786,62.095304000000006,,,,0.0,,extra
d8f85b86-ea2e-4d08-8502-c732535cfb1d,ok,17695743.0,v1.14-1.15,0.5857267188859878,0.0,0.0,True,0.0178517916006678,4.935235000000034,0.4158556759357452,4.0,actuator_motors,none,72650912,38610377,21.0,,,,,,,9.963789853940387,219.71093160374295,1.9948249284414215,581.270736,574.3622159999999,,,,0.003514975890918781,,extra
b47a1163-70ad-4270-a943-a3435fd70e0b,ok,17695743.0,v1.14-1.15,0.0,0.0,0.0,True,0.0,0.0,0.2198308452963828,4.0,actuator_motors,none,8131767,4771942,4.4,,,,,,,10.013973291144808,160.43032803510806,1.9999278081614802,72.28764,69.06807500000002,,,,0.0,,extra
57f40be5-4750-4b17-b9a4-25698cee1486,ok,17826047.0,v1.16+,0.0,0.0,0.0,True,0.0,0.0,0.2278197467327118,4.0,actuator_motors,none,4720612,2823422,5.5,,,,,,,10.00801478897624,20.00889103892906,1.9999761975926977,111.867604,109.70420099999996,,,,0.0,,extra
f1a9f414-c01f-4159-8093-7362b4e43bd0,ok,17891392.0,v1.16+,0.0,0.0,0.0,True,0.0049841413683733,0.1203630000000046,0.3422443866729733,4.0,actuator_motors,none,32982230,15211679,24.3,,,,,,,10.012569688227202,197.28134260325166,2.0000387490500495,74.023111,69.91107199999999,,,,0.0,,extra
7e761d88-8ed3-41a8-83bd-ae6a6be70932,ok,17761535.0,v1.14-1.15,0.0,0.0,0.0,True,0.0,0.0,0.1237938925623893,4.0,actuator_motors,none,35775364,15904766,31.9,,,,,,,8.69647904682327,173.17355090707312,1.722487988828096,105.002779,103.160076,,,,0.13346701453095017,,extra
a6e4f8e7-7663-44a9-83cc-089f2a8a8144,ok,17694720.0,v1.14-1.15,0.1622950819672131,0.0,0.0830478055147658,True,0.0,0.0,0.325420431792736,4.0,actuator_motors,none,48458152,29541062,28.4,,,,,,,9.997554955020309,19.99511062770524,1.999196111003789,1225.585922,1221.1998749999993,,,,0.00027798300273532595,,extra
f528cb0d-85d7-4406-a2ba-730d99511cbe,ok,17499135.0,v1.12-1.13,0.0,0.0,0.0,True,0.0,0.0,0.3505,8.0,actuator_outputs,global,3715086,2641094,1.8,,,,,,,9.999577290596353,20.000084098951987,4.999788645298176,103.31771,94.10030500000003,,,,0.0,,extra
58704c63-7289-42aa-8c4d-1110ad620cd7,ok,17564927.0,v1.12-1.13,0.0,0.1638123603871928,0.0,True,0.0,0.0,0.4576470588235294,4.0,actuator_outputs,global,111384329,39320161,33.5,,,,,,,24.63315110183039,24.635011131408447,1.9724204804151415,1379.26597,641.7157670000003,,,,0.014806203001495079,,extra
47d9c9a9-5943-4c15-a5c5-e9d6774ae088,ok,17694720.0,v1.14-1.15,0.0,0.0,0.0,True,0.0,0.0,0.404440976679325,4.0,actuator_motors,none,2628900,2101455,2.8,,,,,,,10.015227466648676,20.015063108280398,2.000254047769912,64.583891,61.252738999999984,,,,0.0,,extra
7bf591bf-4fa4-48b7-9306-50f772cc9d05,ok,17499135.0,v1.12-1.13,0.0,0.0,0.0,True,0.0,0.0,0.381,8.0,actuator_outputs,global,6329951,4450487,4.5,,,,,,,9.99378968641243,19.999429925956232,4.999716353563756,177.015977,171.647208,,,,0.0,,extra
f4ab3348-ab73-459f-9d3a-5616dc9cb015,ok,17694975.0,v1.14-1.15,0.0,0.0,0.0,True,0.0,0.0,0.1497252225875854,4.0,actuator_motors,none,23300902,8055400,12.0,,,,,,,7.231875677166003,143.63220168511046,1.377988228478142,105.19987,99.56186699999996,,,,0.19944710209311822,,extra
c5d9989e-0ab7-4cd4-96da-ba309b586633,ok,17694720.0,v1.14-1.15,0.0167597765363128,0.0,0.0,True,0.0,0.0,0.1041921913623807,4.0,actuator_motors,none,9574727,2762485,4.7,,,,,,,10.011418273131563,20.01140270996934,97.05638655180852,88.417077,64.78484900000001,,,,0.0,,extra
b01f7add-8fd9-4dab-99a9-cd8e74fd83cd,ok,17761535.0,v1.14-1.15,0.0,0.0,0.0,True,0.0163666121112929,0.5377870000000016,0.441847202181816,4.0,actuator_motors,none,8260964,4762301,9.8,,,,,,,10.01321121590537,196.68710756167474,2.000081260444353,70.614752,65.205695,,,,0.0,,extra
7093627c-b859-44a4-bcda-bce341ccc821,ok,17695232.0,v1.14-1.15,0.1124031007751938,0.1124031007751938,0.0,True,0.0566252798697333,0.102499999999992,0.8699343655258409,4.0,actuator_motors,none,40997740,19342360,11.8,,,,,,,9.901027238451702,197.82956007086267,1.969288938996352,130.471693,124.59822200000004,,,,0.009279058922888175,,extra
92a037d0-71e9-4333-be0f-0fd42013686f,ok,17761280.0,v1.14-1.15,,,,,0.0034013605442176,0.9994319999999846,0.4624374999999993,4.0,actuator_outputs,per_channel,1173755,757427,1.1,,,,,,,0.0,1.0000062457727978,0.0,292.99817,0.0,,,,0.0,,extra
55924d6e-97d4-4e41-a004-0d1f7efdbcb6,ok,17695488.0,v1.14-1.15,0.0,0.0,0.0,True,0.0,0.0,0.0846764892339706,4.0,actuator_motors,none,4149011,2854441,2.7,,,,,,,10.009706784012009,20.009681059913877,1.9999949215815227,102.314621,96.07579100000002,,,,0.0,,extra
eb8f6fa1-cd7e-4ad4-a1f6-a51f4564b9e7,ok,17694975.0,v1.14-1.15,0.0,0.0,0.0,True,0.0007380073800738,0.0976050000000015,0.5373507305979728,4.0,actuator_motors,none,5284828,3563589,2.9,,,,,,,10.00740297819136,20.006717139474436,2.000097008395123,135.859611,135.68862299999998,,,,0.0,,extra
d0158dfa-90ee-4051-bab6-fe74b7448562,ok,17695488.0,v1.14-1.15,0.0059880239520958,0.0,0.0,True,0.0,0.0,0.1483162245247512,4.0,actuator_motors,none,3075298,2235798,3.2,,,,,,,10.012163358753652,20.01084807702416,2.000000246913611,80.869296,76.174643,,,,0.0,,extra
52e4ea54-53ff-4df5-b430-e3746cada7ac,ok,17499136.0,v1.12-1.13,0.0,0.0,0.0,True,,,,4.0,actuator_outputs,global,10293475,3445907,4.3,,,,,,,24.441970759421615,24.414368446015796,1.9620463719433128,133.888546,0.0,,,,0.024974815067883654,,extra
1afdff58-54f4-4d27-9650-470ea3a3c380,ok,17695488.0,v1.14-1.15,0.0,0.0,0.0,True,0.0,0.0,0.3800721406936646,4.0,actuator_motors,none,3173775,2314471,3.4,,,,,,,10.012174249056038,20.01178211010233,1.9999862166555005,78.870812,76.401163,,,,0.0,,extra
8c09e6c0-2539-47d0-b7a4-5c08dba538da,ok,17629439.0,v1.12-1.13,0.0,0.0,0.0,True,0.0,0.0,0.315,6.0,actuator_outputs,per_channel,3303180,2502268,3.9,,,,,,,10.011747198108766,20.011290323604666,1.999967607886596,81.910691,79.30074399999997,,,,0.0,,extra
2bfedcce-3c29-4ae1-b5be-9f80e60679ba,ok,17760256.0,v1.14-1.15,0.0,0.0,0.0,True,0.0,0.0,0.1460673213005066,4.0,actuator_motors,none,5442684,3847587,4.7,,,,,,,10.00745988083389,20.007618260789926,2.0001267550208603,124.584667,119.15234899999993,,,,0.0,,extra
77acf737-b0ec-4894-9f1e-32c0989d2d8b,ok,17630207.0,v1.12-1.13,0.0,0.0,0.0,True,0.0,0.0,0.3346214722841974,4.0,actuator_motors,none,1941931,1518576,1.5,,,,,,,6.740538298839417,13.760906701889468,1.2394936888009676,72.058608,64.779345,,,,0.3131285470398871,,extra
173d8fac-29d0-4597-bf70-9db5a7de0c56,ok,17826240.0,v1.16+,0.0,0.0,0.0,True,0.0,0.0,0.2080486044287681,4.0,actuator_motors,none,5381205,3651311,3.0,,,,,,,10.007755081480363,20.00735465305059,1.999990298554522,134.18763,129.85925400000002,,,,0.0,,extra
7584ef1e-e1d1-4726-bea6-040f6fd13f4e,ok,17825984.0,v1.16+,0.0,0.8625954198473282,0.0,True,0.0,0.0,0.0645448490977287,4.0,actuator_motors,none,2846842,2424952,4.0,,,,,,,10.015129142863007,20.015493281141197,2.0000974621135414,64.832575,60.57382800000001,,,,0.0,,extra
b3a2e1af-9927-41b4-8d31-ad03ee913e06,ok,17695743.0,v1.14-1.15,0.0,0.0,0.0,True,0.0,0.0,0.1620748043060302,4.0,actuator_motors,none,14168457,8618963,7.0,,,,,,,10.00791976976674,202.16491597084166,1.9998384657226123,121.709532,116.39533499999996,,,,0.0,,extra
bc709762-06cb-4d9e-8971-b4def49e96fa,ok,17694720.0,v1.14-1.15,0.0,0.0,0.0,True,,,,,none,none,20423837,12770411,6.8,,,,,,,10.00369608835552,189.67359680758025,2.000011708880809,261.090108,0.0,,,,0.0,,extra
4ca8b7dd-3f27-4fea-bf3b-858c38da3dec,ok,17694720.0,v1.14-1.15,0.0,0.0,0.0,True,0.4199192462987887,1.2990689999999998,0.7123057752847671,4.0,actuator_motors,none,3501168,2689937,3.6,,,,,,,10.011765678703158,20.01230107568776,2.0000336154718226,80.752174,74.30328699999997,,,,0.0,,extra
9066c42c-7aa9-4e47-94a9-6027bdf84849,ok,17694975.0,v1.14-1.15,0.0,0.0,0.0,True,0.0,0.0,0.7865035146474837,5.0,actuator_motors,none,8297249,4126333,4.9,,,,,,,10.014811353995082,219.99541339837663,2.00010874191208,63.008674,61.14600499999999,,,,0.0,,extra
e4ad785e-c1ce-4b31-b769-19e8d53207c6,ok,17826047.0,v1.16+,0.8522727272727273,0.0,0.0,True,0.3387978142076502,39.097660000000005,1.0,4.0,actuator_motors,none,3521943,2405316,2.8,,,,,,,10.011395804787686,20.010918081823537,1.9998945025348482,82.837753,18.400155999999996,,,,0.0,,extra
9ee1c90c-7f0a-4082-b7cf-43c35577d897,ok,17891583.0,v1.16+,0.0,0.0,0.0,True,0.2898195251937984,3.9825060000000008,0.187488967180252,4.0,actuator_motors,none,13859312,8785875,13.8,,,,,,,10.008021127487261,199.99997589974583,2.000002629035714,124.089134,116.190031,,,,0.0,,extra
fc43f3e0-f9e3-444a-b119-28138b52d5b3,ok,17761023.0,v1.14-1.15,0.0,0.0,0.0,True,0.0,0.0,0.2735409945249558,4.0,actuator_motors,none,40770317,25930723,21.9,,,,,,,9.9662402651368,19.932469132333924,1.9910488843733618,1006.406734,997.4125250000002,,,,0.0036289173503112845,,extra
7cae7c8e-6e85-4654-9286-da297803d134,ok,17826047.0,v1.16+,0.0,0.0,0.0,True,0.0,0.0,0.2001735657453536,4.0,actuator_motors,none,45723950,17745288,19.0,,,,,,,10.010034432008407,199.9598494990338,1.9999987474755319,99.299383,91.37024699999998,,,,0.0,,extra
15be0716-cee6-4cc7-a2da-62938a2210e9,ok,17891328.0,v1.16+,0.0,0.0,0.0,True,0.0,0.0,0.3529715202748775,4.0,actuator_motors,none,4278012,3134645,3.0,,,,,,,10.009869515866,20.009939543243892,2.000157056667405,101.790614,95.55096499999996,,,,0.0,,extra
243f9e15-29af-44af-b60f-be6b9f40dfc0,ok,17760256.0,v1.14-1.15,0.0,0.0,0.0,False,0.0,0.0,0.1599999671177435,4.0,actuator_motors,none,10238084,5441071,9.0,,,,,,,9.909273409719447,168.57374992021442,1.9768816790226178,87.408711,83.927815,,,,0.01070152352833827,,extra
5f836063-f445-4cb6-8a82-274a7bbb46f5,ok,17761535.0,v1.14-1.15,0.0,0.2777777777777778,0.0,True,0.0,0.0,0.1390289485454559,4.0,actuator_motors,none,21625443,13296854,11.1,,,,,,,10.005077027723708,221.96219937012543,1.9999868242337828,190.863743,168.81066099999993,,,,0.0,,extra
1bb03cfe-5e79-4731-878c-5c9ac8bb2102,ok,17825984.0,v1.16+,0.0,0.0,0.0,True,9.970089730807575e-05,0.0975610000000415,0.3534606948494909,4.0,actuator_motors,none,39516855,25473758,23.1,,,,,,,10.001021270573911,20.000964409342252,2.0000120399131167,1004.688861,1003.0542379999999,,,,0.0,,extra
4612dc33-e868-4c18-81a9-831a89d9cbf4,ok,17695488.0,v1.14-1.15,0.0,0.0,0.0,True,0.0716861493913882,8.808651999999938,0.8065565615892407,4.0,actuator_motors,none,111238542,62598729,39.0,,,,,,,10.000988846938586,170.76875291851226,1.999994617745657,1049.304824,1044.3445579999996,,,,0.0,,extra
1e28903b-6613-4956-bc9b-c3f6de2b96f4,ok,17826240.0,v1.16+,0.0,0.0,0.0,True,0.0061680801850424,0.3011660000000002,0.1820175647735595,4.0,actuator_motors,none,5979356,4057464,4.0,,,,,,,10.00725832878756,20.007286958954285,2.000110938484159,133.955469,129.69715399999998,,,,0.0,,extra
4dba226a-9daf-447b-b7fa-0b17d646b567,ok,17761535.0,v1.14-1.15,0.0,0.0,0.0,True,0.0,0.0,0.143904834985733,4.0,actuator_motors,none,49307412,19241108,18.8,,,,,,,10.011859664617173,199.94068371087727,2.000007305415906,84.039726,75.67003799999999,,,,0.0,,extra
45344ba8-9243-45c6-b39a-a7da15790696,ok,17695488.0,v1.14-1.15,0.0,0.0,0.0,True,0.0,0.0,0.1838687002658842,4.0,actuator_motors,none,10015675,5940822,4.7,,,,,,,10.01167558075662,248.00207839278016,1.9999217355468586,79.214798,79.043078,,,,0.0,,extra
681f7dd5-7a4c-40ea-b910-9aa53c687414,ok,17826047.0,v1.16+,0.0,0.0,0.0,True,0.0434782608695652,0.2007600000000025,0.928681908716548,4.0,actuator_motors,none,4354251,3121752,3.9,,,,,,,10.00853281663017,20.009391967288998,2.000011090108888,105.69063,96.67432300000003,,,,0.0,,extra
dbf003cc-ef3a-4622-9148-94f461ddbe35,ok,17761023.0,v1.14-1.15,0.0,0.0,0.0,True,0.0007230657989877,0.101270999999997,0.4575246989727018,4.0,actuator_motors,none,5745957,3839608,3.9,,,,,,,10.006618060458784,20.006312842004515,2.0001202989021443,144.350392,138.27285600000002,,,,0.0,,extra
92b8b0fe-bd8c-4d6b-80d1-065d52100779,ok,17891583.0,v1.16+,0.0,0.0,0.0,True,0.0005927682276229,0.1012480000000017,0.2162273585796354,4.0,actuator_motors,none,8669470,5450475,4.3,,,,,,,10.005247215752807,20.00523960074951,1.9999978362596509,171.175822,168.75013399999995,,,,0.0,,extra
cddc290f-b53f-4d81-9ece-6e7bb3a3e933,ok,17695488.0,v1.14-1.15,0.0,0.0,0.0,True,,,,,actuator_motors,none,3424950,2564048,3.5,,,,,,,10.009701600107324,20.009188605820473,1.9998735750024546,97.333776,96.87878699999999,,,,0.0,,extra
a190fbaa-fbef-4e05-a243-07d41e4fc5bf,ok,17694720.0,v1.14-1.15,0.2905405405405405,0.0033783783783783,0.0,True,0.0,0.0,0.0849733687937259,4.0,actuator_motors,none,34007527,11935271,15.0,,,,,,,10.006163095816653,131.84304050276572,93.8172211442698,137.054399,134.493402,,,,0.0,,extra
03b877c8-45fe-4577-b4c3-df924d82d0fe,ok,17694720.0,v1.14-1.15,0.0,0.0,0.0,True,0.0,0.0,0.0815480232238769,4.0,actuator_motors,none,19614615,4795447,12.7,,,,,,,10.009460108221736,20.00918260824048,124.29633987770272,102.272576,98.30775300000005,,,,0.0,,extra
8c7b8476-6437-47b9-8ee4-60d4e5b19e72,ok,17761023.0,v1.14-1.15,0.0,0.0,0.0,True,,,,4.0,actuator_motors,none,18612224,9342198,6.0,,,,,,,9.903582957278305,188.56522175964008,1.9878998529890657,165.740398,0.0,,,,0.010959004373209125,,extra
b8c9e502-5403-4272-884c-8ade1f9a8f89,ok,17694720.0,v1.14-1.15,0.0,0.0,0.0,True,0.0,0.0,0.4431121281559058,4.0,actuator_motors,none,10649629,6305011,21.7,,,,,,,10.00312392999259,20.002811764915997,1.9999361021980244,320.105806,101.46001700000001,,,,0.0,,extra
d1df8c26-196d-41f6-8cbb-0bbf3db2f605,ok,17891583.0,v1.16+,0.0,0.0,0.0,False,0.0,0.0,0.1462618418037891,4.0,actuator_motors,none,24984779,9554823,20.7,,,,,,,6.526019939156564,111.06449804255682,1.2846986521788475,69.022756,65.287198,,,,0.15457474191162587,,extra
54fb8f1c-b23b-4426-b225-560fe20e9780,ok,17760511.0,v1.14-1.15,0.0,0.0303490136570561,0.0,True,3.139027529271432e-05,0.0037560000000098,0.3667003512382507,4.0,actuator_motors,none,48558632,25842549,39.8,,,,,,,9.91278266014378,197.93890536840487,0.9906305072864764,321.358624,225.53167900000003,,,,0.00890267643824928,,extra
6090e702-44e4-4cc0-8bb4-49119ed115d6,ok,17826559.0,v1.16+,0.0,0.0,0.0,True,0.7831325301204819,38.999999,0.9299790680408476,4.0,actuator_motors,none,4121917,2948099,8.5,,,,,,,10.010929218393086,19.99890082711555,2.0000005494507,91.375948,49.789556,,,,0.0006020799190156532,,extra
3f79962a-3ebe-450b-b326-30c2966ee0d1,ok,17695743.0,v1.14-1.15,0.9818401937046004,0.0,0.0,True,0.0026837613884651,0.3362779999999929,0.4045767113566398,4.0,actuator_motors,none,183636358,60482106,77.0,,,,,,,9.610392167040533,141.54099945071798,1.9054236555634032,433.866125,426.5663669999997,,,,0.0008792583175749426,,extra
0eb9f68b-8e8f-4185-ae8e-f5132d32fe1f,ok,17694720.0,v1.14-1.15,0.8117647058823529,0.0,0.048076923076923,True,0.0062034739454094,0.4018349999999984,0.4128011912107467,4.0,actuator_motors,none,21515169,8154016,9.3,,,,,,,100.42464675905002,20.011363267967145,100.41287646367424,82.416677,80.68716699999996,,,,0.0,,extra
555e8676-12d8-4fe0-94e1-8908f4178828,ok,17630207.0,v1.12-1.13,0.0382513661202185,0.0,0.0,True,0.7908496732026143,46.298631,1.0,6.0,actuator_outputs,per_channel,3945414,2909859,3.0,,,,,,,10.01058812205217,20.010441417980203,1.999955367116288,91.839227,91.67225699999996,,,,0.0,,extra
5d9026f3-653b-4cf9-b54f-0fc999c65798,ok,17825920.0,v1.16+,0.1598984771573604,0.0,0.0,True,0.0102056469441712,1.8833770000000527,0.23173588514328,4.0,actuator_motors,none,48849742,30063379,15.6,,,,,,,9.533521674646172,181.08032060670584,1.9099719839226685,411.946555,406.78884899999997,,,,0.046434624240141206,,extra
fb25527f-7363-4786-8c11-a19c189b8cb8,ok,17761280.0,v1.14-1.15,0.0,0.0,0.0,True,0.0,0.0,0.2979511141777038,4.0,actuator_motors,none,6758638,3896130,6.3,,,,,,,10.006821246700593,20.007295858972665,1.9999833966290652,142.887437,140.9657679999999,,,,0.0,,extra
1676e218-a48a-4e93-9c01-54bde1082bb7,ok,17695488.0,v1.14-1.15,0.0,0.0,0.0,False,0.0433070866141732,0.8986680000000007,0.7632546737790107,4.0,actuator_motors,none,726011,653631,2.3,,,,,,,1.240800823147266,2.85128442689441,0.2599534873434154,151.541276,145.899947,,,,0.8914702193735958,,extra
18822112-bbd8-4649-9f25-ccceffcb5300,ok,17760256.0,v1.14-1.15,0.0,0.0,0.0,True,0.0041322314049586,0.3985509999999976,0.256368213891983,4.0,actuator_motors,none,3809008,2646419,7.5,,,,,,,9.930781375445964,19.862553481664573,1.9903168131126012,102.272028,97.54992000000001,,,,0.007836242800559287,,extra
7e2217fa-f65d-4171-a451-eb15ffb832e1,ok,17629696.0,v1.12-1.13,0.0,0.0,0.0,True,0.0,0.0,0.1270993694663047,4.0,actuator_motors,none,19850286,12274105,21.3,,,,,,,10.002132858698394,20.00209165212779,1.9999769770092182,472.998619,467.1323869999998,,,,0.0,,extra
c5fb779c-40f9-479a-901c-ba210a4b22e7,ok,17629696.0,v1.12-1.13,0.1218934911242603,0.0,0.0,True,,,,4.0,actuator_outputs,per_channel,47059024,22238660,24.1,,,,,,,10.002400173958982,167.3141663573976,2.002105727715178,423.36903,0.0,,,,0.0,,extra
c80344a3-0b51-46aa-bbbc-f4611e390673,ok,17694720.0,v1.14-1.15,0.4138702460850111,0.70917225950783,0.0969750889679715,True,0.0187728937728937,1.2014859999999885,0.2261226490139961,4.0,actuator_motors,none,8047425,5034055,6.8,,,,,,,10.004229036160327,20.004007037348206,1.9999895893399053,224.317645,218.32799599999993,,,,0.0,,extra
cf77cdec-b114-46fe-9880-aa57581f398e,ok,17694976.0,v1.14-1.15,0.0,0.0,0.0,True,0.0,0.0,0.2090659439563751,4.0,actuator_motors,none,6527301,4337888,5.0,,,,,,,9.91391985050936,19.828679525738973,1.9828948962439945,116.646537,115.25630999999996,,,,0.010255279764328449,,extra
bae11ff1-dacd-4c0d-bb3e-21c9b39c3f27,ok,50332160.0,,1.0,0.0,0.0,False,0.0,0.0,0.6026049141036864,4.0,actuator_motors,none,2315414,1594261,1.9,not_px4_v3,,,,,,7.765405325543283,18.918095646858223,1.7128212857860161,98.149954,99.448634,,,,0.0011627439321149314,,extra
93d8fb6f-d682-402c-96d7-25ea7deba6a3,ok,17563904.0,v1.12-1.13,0.0,0.0,0.0,False,0.1336598184424271,111.7020030000001,0.9375,8.0,actuator_outputs,bus,31837424,18486362,12.3,,,,,,,10.000853052576277,20.000742959257416,2.0009662048411867,1035.275556,836.1496609999996,,,,0.0,,extra
216accc7-a73d-4828-ba7d-0777ab83438d,ok,17761023.0,v1.14-1.15,0.0,0.0571428571428571,0.0,True,0.0,0.0,0.1247502624988555,4.0,actuator_motors,none,3621367,2587143,1.5,,,,,,,10.010865774956418,20.01099842924799,1.9999038862759508,84.877417,80.64357199999998,,,,0.0,,extra
730e2c59-ba34-4a57-8f02-b714d2e7301e,ok,18286080.0,v1.16+,0.0,0.0,0.0,True,,,,4.0,actuator_outputs,bus,85970615,37857479,31.6,,,,,,,9.896998411529514,197.9962540743092,1.982067747652162,673.419964,0.0,,,,0.010342997261155512,,extra
