log_id,status,ver_sw,band,failsafe_frac,nav_state_forbidden_frac,filter_fault_flags_frac,landed_at_end,sat_frac,sat_max_run_s,motor_spread_p95,n_motors,actuator_source,pwm_source,ulg_bytes,parquet_bytes,elapsed_s,excluded_reason,group,skip_reason,reversible_flags,n_active_control_channels,is_quadrotor,rate_position_hz,rate_attitude_hz,rate_ratios_hz,duration_s,airborne_s,is_quad_from_outputs,is_quadrotor_final,dropout_frac_proxy,score_baro_vpos,score_gps_hpos[0],score_gps_hpos[1],score_gps_hvel[0],score_gps_hvel[1],score_gps_vpos,score_gps_vvel,score_heading,score_mag_field[0],score_hagl,n_indicators,flag_track_a,flag_iso,flag_svm,flag_ae
8012e4d3-f162-4950-99c6-957b66e48cdc,ok,17695743.0,v1.14-1.15,0.0,0.0,0.0,True,0.0091949709138675,2.4985020000000304,0.4120235502719879,4.0,actuator_motors,none,25622969,14962115,9.8,,C,,0.0,4.0,True,10.00197071531134,20.00152820372601,2.0000189397142383,537.871432,532.8362039999997,,True,0.0,0.0024832332273945,0.0004732632951345,0.0,0.0108266156166791,0.0,0.0017947744927369,0.0017428660939913,0.0705855205655097,0.1322458535432815,0.1940817423164844,0,False,False,False,False
9ce25379-e5d9-4a56-bb70-d9e294a376ec,ok,17826240.0,v1.16+,0.0,0.0,0.0,True,0.0,0.0,0.3508505195379257,4.0,actuator_motors,none,4678696,3475783,3.9,,C,,0.0,4.0,True,10.00929690737816,20.00890853213178,2.0000241264171645,111.258922,104.82899100000004,,True,0.0,0.0004681416408857,0.0,0.0,0.0,0.0,0.0,0.0,2.122460722923278,2.122460722923278,0.0006259731773752,0,False,False,False,False
77927978-1b51-4cc0-9f21-ccc4592e566d,ok,17761535.0,v1.14-1.15,0.0,0.0642857142857142,0.0,True,0.0017331022530329,0.0974950000000021,0.7637768864631651,4.0,actuator_motors,none,3215626,2603889,2.8,,C,,0.0,4.0,True,10.014971866705062,20.01516819602154,1.9999949037166893,67.655441,57.738693000000005,,True,0.0,0.0009655046014813,0.0,0.0,0.0,0.0,0.0,0.0,0.4224848374724388,0.1251874137669801,0.0,1,False,False,False,False
fdcd4e4e-430f-4209-8661-3ef6fc45d46e,ok,17826240.0,v1.16+,0.0,0.0,0.0,True,0.0,0.0,0.120778539776802,4.0,actuator_motors,none,21281739,12848296,7.3,,C,,0.0,4.0,True,10.00498442554894,165.1028171342398,1.9999760104400373,197.367357,190.73203299999992,,True,0.0,114.3454307556152,0.0043320321477949,0.0043722044676542,0.0173920089378952,0.0234217375516891,0.0061352436896413,0.0156907641328871,0.083399798721075,0.007009554002434,0.0,0,False,True,False,True
1663eccb-3a85-4a37-bebe-9b11b78a6422,ok,17695744.0,v1.14-1.15,0.0,0.0,0.0,True,0.0033222591362126,0.1012569999999897,0.4363479666411876,4.0,actuator_motors,none,3322398,2301765,25.8,,C,,0.0,4.0,True,10.010823702587237,20.009735763976146,2.0000003913044244,92.36322,90.270071,,True,0.0,0.0030421859584748,0.0088793395087122,0.0,0.0328377060592174,0.0,0.000351350812707,0.1141666650772094,0.0603097677230834,0.0950263272970914,0.0218249168246984,0,False,False,False,False
2d1ca690-12bb-4056-841e-8af5451c12b3,ok,17761280.0,v1.14-1.15,0.0,0.0,0.0,True,0.0,0.0,0.101646228134632,4.0,actuator_motors,none,64107871,33864883,41.3,,C,,0.0,4.0,True,10.0025378549818,200.0000448299238,2.000000513995043,393.521956,240.90002099999992,,True,0.0,8.39594329590909e-05,0.0001804416067898,5.2272072207415445e-05,0.0003801662940531,0.0001945705487742,0.0009967668331228,0.0002857671410311,0.0714228503406045,0.1046924144029616,0.005461458209902,0,False,False,False,False
60d95832-6715-486c-a835-fe72167fc251,ok,17695488.0,v1.14-1.15,0.9456427955133736,0.0,0.0,True,0.0,0.0,0.5230821371078491,4.0,actuator_motors,none,62680251,31692369,14.9,,C,,0.0,4.0,True,9.764785117078668,19.527021784083622,1.9522729118895872,1174.683246,1162.3921040000014,,True,0.0,0.0042139233089983,0.0106311870738864,0.0,0.0074716057628393,0.0,0.0072945139370858,0.0053382121026515,1.226015573740003,1.30167115330696,0.0,1,False,False,False,False
26f01b44-c513-4b08-b9a9-0fdb4dcc2ea7,ok,17695488.0,v1.14-1.15,0.5649419218585006,0.0,0.0,False,0.0,0.0,0.022979736328125,4.0,actuator_motors,none,11534336,6184004,6.2,,C,,0.0,4.0,True,9.943730229125691,19.7834147867626,2.0025128036872086,475.820104,473.9498529999999,,True,0.0,0.0,0.0,0.0,0.0,0.0,0.0,0.0,0.0840596094727514,0.0,0.0,2,False,False,False,False
7ce331e6-ea9b-4414-8563-dbdfc9ccefb7,ok,17891392.0,v1.16+,0.5305263157894737,0.0,0.0,True,0.4082710074791025,74.898647,1.0,4.0,actuator_motors,none,9345978,5906333,11.0,,C,,0.0,4.0,True,10.004043901376273,20.003866703965738,1.9999811540237409,234.265078,227.390249,,True,0.0,0.0076152327470481,0.0,0.0,0.0,0.0,0.0,0.0,0.0968203589320182,0.3156599938869454,0.1427635908126829,2,False,False,False,False
9b080d19-abbb-4e1b-b044-7b8ae9fe6620,ok,17694975.0,v1.14-1.15,0.0,0.0,0.0,True,0.0012165450121654,0.1019869999999976,0.7134287305176256,4.0,actuator_motors,none,3366598,2250718,3.1,,C,,0.0,4.0,True,10.010959934645882,20.011558740585865,2.000062429694337,86.880796,82.18917800000001,,True,0.0,0.0008480380551191,0.0,0.0,0.0,0.0,0.0,0.0,0.4717237666249274,0.2720254451036454,0.0,0,False,False,False,False
f0d956f3-99ae-4ed2-a454-b9b3a70dd8cf,ok,17825984.0,v1.16+,0.0,0.0,0.0,True,0.0,0.0,0.2400000095367431,4.0,actuator_motors,none,3814214,2635616,2.4,,C,,0.0,4.0,True,10.0088760278249,20.009313832561613,1.999811679705768,106.947146,95.94511399999996,,True,0.0,0.0013351781235542,0.0022733216756023,0.0110744175035506,0.005705222999677,0.0062517753569409,0.0106758509762585,0.0130323471501469,0.2878901228308677,0.0584649624302983,0.0,0,False,False,False,False
c3f02216-012e-4e46-8ee1-4764a981b5ad,ok,17694975.0,v1.14-1.15,0.5064935064935064,0.0173160173160173,0.0,True,0.0,0.0,0.5206478122621774,4.0,actuator_motors,none,7065689,5056411,3.8,,C,,0.0,4.0,True,9.955773860682298,19.90369029647833,1.982213152084696,113.898353,108.00056000000002,,True,0.0,0.0011296742304693,0.000334543219651,0.0,0.0080092808930203,0.0,0.0006144731451058,0.0012565957731567,0.0040198458591476,0.0246150672435759,0.0,2,False,False,False,False
37f5014b-c8fc-447d-9974-f72adcd6ff34,ok,17826047.0,v1.16+,0.0196078431372549,0.0,0.0432432432432432,True,0.1847415215886706,1.887211999999998,0.4997286170721046,4.0,actuator_motors,none,8548718,5704347,4.1,,C,,0.0,4.0,True,9.999512642477452,196.6853935996141,2.000146622993261,73.681896,70.03487700000001,,True,0.0,0.0106201991438865,187508850688.0001,2862536222310.4004,0.0102586619090288,0.0130304151214659,0.0141265804413706,0.0450567590072751,0.0365534886717796,0.0116458073258399,0.0,3,True,True,True,True
5139e822-f7bc-4368-adca-11e2fab11a4e,ok,17825984.0,v1.16+,0.0,0.0,0.0,False,0.0,0.0,0.1692109555006027,4.0,actuator_motors,none,4039997,2769411,3.4,,C,,0.0,4.0,True,10.010326768916777,20.00929812239816,1.999793333857654,96.540604,94.850016,,True,0.0,0.0441372156143186,0.0,0.0,0.0,0.0,0.0,0.0,1.627686360734514e-05,0.0,0.0,1,False,False,False,False
77571905-3d44-4b22-8986-8030a9379225,ok,17629184.0,v1.12-1.13,0.0,0.0,0.1423682409308692,True,0.0,0.0,0.2884462743997572,4.0,actuator_motors,none,9519550,6058209,3.8,,C,,0.0,4.0,True,10.00011266382919,19.99993045883181,1.9999630401341435,292.056481,225.00403099999983,,True,0.0,0.0018299122864846,0.0001071383456292,0.0,0.0020201068313326,0.0,0.0271730960346758,1.2954550027847302,0.0152883629314601,0.0244760951027274,0.0250882320106029,1,False,False,False,False
9b3a8392-565c-4c1e-8bde-ebb9b3d5f518,ok,17760767.0,v1.14-1.15,0.0,0.0,0.0,True,0.038361246270061,4.21109100000001,0.0924298614263533,4.0,actuator_motors,none,15068943,8868769,6.5,,C,,0.0,4.0,True,9.9701955500754,220.88343125331835,1.999985516833506,134.834794,130.63003,,True,0.0,0.0011724331474397,0.0,0.0,0.0,0.0,0.0,0.0,0.0,0.0,0.0,0,False,False,False,False
ef919789-9ea2-416a-876b-495af1ee11d7,ok,16779519.0,v1.12-1.13,0.0,0.0,0.0,True,0.0,0.0,0.2190194472670555,4.0,actuator_motors,none,67397150,25488028,12.8,,C,,0.0,4.0,True,9.56275055863953,190.5074062515773,1.8943089276885448,123.280638,116.46996799999997,,True,0.0,0.0017218857188709,8.472472472931258e-05,4.690641926572425e-05,0.0007455386250512,0.0003882291421177,0.0082256780471652,0.0,0.0261095468886196,0.0051357533317059,0.0,0,False,False,False,False
4ecd843b-11c3-44e1-9a9d-49e59a64db1c,ok,17760256.0,v1.14-1.15,0.0,0.0,0.0,True,0.0,0.0,0.2455202668905257,4.0,actuator_motors,none,5514190,3625597,1.9,,C,,0.0,4.0,True,10.007561074984944,20.00720781597708,2.0000678277547697,137.519923,133.80977099999996,,True,0.0,0.0008610788936493,0.0003783473948715,0.0010355666454415,0.0016406797221861,0.0029846562538295,0.0016725095047149,0.0012291880557313,0.0159660018980503,0.0028024314087815,0.0,0,False,False,False,False
e9d55142-5e28-4fa2-ac37-35dcd66a58a2,ok,17825984.0,v1.16+,0.0,0.3202614379084967,0.0,True,0.0,0.0,0.4925194092094899,4.0,actuator_motors,none,3754787,3083336,4.6,,C,,0.0,4.0,True,10.013415679735996,20.01330472606421,2.0000530898446027,73.947195,69.48587800000003,,True,0.0,0.0056756869656965,0.0010326493240427,0.0006497263471828,0.0084648392628878,0.016561116091907,0.002360721596051,0.0049846760462969,1.4227203786373146,0.2939442977309227,0.0,1,False,False,False,False
8c6e7f4e-f8bb-407e-a11f-1741b0d292ab,ok,17760256.0,v1.14-1.15,0.0,0.0,0.0,False,0.0,0.0,0.1599999671177435,4.0,actuator_motors,none,10238084,5441071,4.5,,C,,0.0,4.0,True,9.909273409719448,168.57374992021442,1.9768816790226176,87.408711,83.927815,,True,0.0,0.0041121035814285,0.0,0.0,0.0,0.0,0.0,0.0,0.0,0.0,0.0034127748105674,1,False,False,False,False
c60c64e1-2809-4b70-a424-4ce19759ab83,ok,17760320.0,v1.14-1.15,0.0,0.0,0.0,True,0.0,0.0,0.1530197262763975,4.0,actuator_motors,none,3442224,2754616,3.8,,C,,0.0,4.0,True,9.952010341574288,19.88781435418312,2.013157045153558,62.171005,58.55245699999998,,True,0.0,0.0016092080506496,0.0,0.0,0.0,0.0,0.0,0.0,1.8165712237358087,0.9134614497423164,0.0502633497118949,0,False,False,False,False
3a485774-3a19-4be6-9f31-4c0386061711,ok,17825984.0,v1.16+,0.0,0.0172413793103448,0.0,True,0.0,0.0,0.4243712007999419,4.0,actuator_motors,none,9516641,5779000,6.7,,C,,0.0,4.0,True,9.999464804058714,197.83823060496024,1.988145320422596,84.542965,81.54497000000005,,True,0.0,0.0018778859870508,0.0,0.0,0.0,0.0,0.0,0.0,2.5322358578705464e-05,15.024689197540283,0.0,1,False,False,False,True
58606428-791c-4854-ba28-ea08321d865c,ok,17695488.0,v1.14-1.15,0.0125588697017268,0.0136054421768707,0.0028929604628736,False,0.0433884297520661,4.098230000000001,0.1054150875657796,4.0,actuator_motors,none,29936215,16302315,10.6,,C,,0.0,4.0,True,10.001165468023627,20.00123857001517,1.999993117706242,829.368573,96.45395,,True,0.0,0.0011483975045848,1.5031854927539825,0.0,0.0518056830391286,0.0,0.0517251109704375,0.0097759474534541,0.7152758002281108,0.0,0.0,4,False,False,False,False
1fe65d2c-fe21-47e3-862a-76f5d8f6ed38,ok,17694975.0,v1.14-1.15,0.0,0.0,0.0,True,0.0017979371037441,0.0297610000000076,0.2919266238808631,4.0,actuator_motors,none,27156579,15773107,11.1,,C,,0.0,4.0,True,8.894790585366273,177.8465646594344,1.7673112128266326,94.889874,89.650128,,True,0.0,0.0590330630540847,0.0,0.0,0.0,0.0,0.0,0.0,0.0001692419282335,,0.0,0,False,False,False,False
c93e05ce-8a6c-4d31-bce5-9525de90c1c7,ok,17629952.0,v1.12-1.13,0.0222222222222222,0.0,0.0,True,0.0,0.0,0.2371116757392883,4.0,actuator_motors,none,2912228,2114960,3.4,,C,,0.0,4.0,True,10.015803475068845,20.015352865223136,2.000008000032,66.608479,60.271236,,True,0.0,0.0004179093171842,0.0005442769586807,0.0,0.0019716105191037,0.0,0.0,0.0010183744685491,0.0046500264899805,0.0,0.0,1,False,False,False,False
717e0325-5fa4-4e21-99fa-48fb83b2a4b1,ok,17825984.0,v1.16+,0.0,0.0,0.0,True,0.0187747035573122,1.2007930000000044,0.2588810712099071,4.0,actuator_motors,none,4602915,3326335,2.8,,C,,0.0,4.0,True,10.008328642567951,20.00921866164285,2.000109671171924,110.845413,101.176277,,True,0.0,0.0022000579163432,0.0004885212052613,0.0009864864114206,0.0087865115609019,0.0049099311465397,0.0104512612801045,0.0139800020027905,0.144812262058258,0.5064163759350766,0.0,0,False,False,False,False
80a2cda4-3a7e-463e-9342-eef61e6bded2,ok,17695999.0,v1.14-1.15,0.0,0.0,0.0,True,3.1645569620253167e-05,0.0014829999999999,0.3061388090252876,4.0,actuator_motors,none,28990483,9885485,8.7,,C,,0.0,4.0,True,9.671393037202035,215.8043000648664,1.9400445037185687,67.087217,58.952455000000015,,True,0.0,0.0044275630032643,0.0087916878983378,0.0,0.0390289686620235,0.0,0.0044628115370869,0.0019139279611408,4.643613278865806,7.290713596343994,0.0002924751504906,0,False,False,False,False
f2825e63-b775-45fd-b17c-45b317f43a17,ok,17695488.0,v1.14-1.15,0.9642857142857144,0.0,0.0,True,0.0001472103636095,0.0210179999999979,0.2505366057157516,4.0,actuator_motors,none,19533062,10876249,5.9,,C,,0.0,4.0,True,10.005485468742569,219.07435147970168,2.0000181494184304,168.095585,167.306198,,True,0.0,0.003159521962516,0.0,0.0,0.0,0.0,0.0,0.0,0.0367681104689836,0.0683516645804047,0.0,1,False,False,False,False
5843b69d-496b-4b52-a17d-b654478f4f13,ok,17695488.0,v1.14-1.15,0.0246406570841889,0.0,0.0,True,0.0,0.0,0.0865588784217834,4.0,actuator_motors,none,26390536,16057962,43.2,,C,,0.0,4.0,True,10.00406599967761,192.0225171486485,2.000017223967633,243.962539,236.6922219999999,,True,0.0,2.627044477776507e-05,0.0,0.0,0.0,0.0,0.0,0.0,0.0,0.0,9.741500289237587e-05,1,False,False,False,False
7a10c97d-79c5-4186-b2cd-2fc728ee62ff,ok,17760256.0,v1.14-1.15,0.0,0.0,0.0,False,0.6732939279957012,125.30015,0.8908491283655167,4.0,actuator_motors,none,6818150,4252476,23.0,,C,,0.0,4.0,True,10.004776642243906,20.004798916566912,2.0000870757909315,188.092251,185.3082999999999,,True,0.0,0.0036713890149258,0.0,0.0,0.0,0.0,0.0,0.0,0.8915089666843414,0.2931760475039482,0.0264805969782173,2,False,False,False,False
72b37fb5-a182-43b2-a4e0-01ecd368398f,ok,17761535.0,v1.14-1.15,0.0,0.0,0.0,True,0.0,0.0,0.2206360667943954,4.0,actuator_motors,none,70636595,34868148,19.8,,C,,0.0,4.0,True,9.977916973109664,202.5437652865636,2.00000036363643,181.757599,175.79553299999992,,True,0.0,0.0017566702910698,0.001015485060634,0.0009683564712759,0.0231731132604181,0.0307780694216489,0.0065329007571562,0.0181412708945572,0.0152889728080481,0.0029710061498917,0.0116442715283483,0,False,False,False,False
c5542e7d-1730-4ea7-a012-8f293d763327,ok,17761280.0,v1.14-1.15,0.0,0.0,0.0,True,0.0,0.0,0.0715115293860435,4.0,actuator_motors,none,9251859,5823263,5.0,,C,,0.0,4.0,True,10.010851124840416,199.7953418180484,2.0001660367714664,87.60667,82.904771,,True,0.0,0.0014215353061445,0.0,0.0,0.0,0.0,0.0,0.0,0.0216977129690349,0.3265973366796991,0.0137908041477203,0,False,False,False,False
572cb8ec-db8d-4266-8137-7c8c0e907c8b,ok,17826047.0,v1.16+,0.0,0.0,0.0,True,0.0,0.0,0.321626341342926,4.0,actuator_motors,none,7719810,5545713,5.3,,C,,0.0,4.0,True,10.00623028964941,20.00631209689351,1.9999690812233344,160.897519,151.31579100000002,,True,0.0,0.0022570053813979,0.0031660681357607,0.0010568515164777,0.0029006355209276,0.002543008304201,0.0069589660037308,0.0022771372692659,0.0931361034512513,0.0060623334255069,0.0005222413747105,0,False,False,False,False
278d4fc7-509c-489c-8cb0-38977667a75b,ok,17694720.0,v1.14-1.15,0.0,0.0,0.0,True,0.0,0.0,0.2697446234524249,4.0,actuator_motors,none,3989668,2884381,3.7,,C,,0.0,4.0,True,10.009683341613448,20.00794229188716,1.999946142864476,99.568738,93.011246,,True,0.0,0.0087452200241386,0.0002955721953185,0.0,0.0080601621419191,0.0,0.3618873178958892,0.0069672447629272,0.0009516162623185,0.0017695609712973,0.0494375858455895,0,False,False,False,False
dbe094da-5ec8-4036-bac0-04b67cf8d0d3,ok,17760511.0,v1.14-1.15,0.0,0.0170212765957446,0.0,True,0.0435000626802055,3.3019359999999978,0.6582042217254622,4.0,actuator_motors,none,59739470,19865064,12.3,,C,,0.0,4.0,True,9.823687366603243,191.63478674458148,1.96455296902492,113.237568,110.601386,,True,0.0,0.0127357140183448,0.0015145228244364,0.0017032776260748,0.0315720021724695,0.007741518644616,0.0096848336979746,0.0044473846442997,0.2814142346382141,0.0171699398197233,5.844987964630127,1,False,False,False,False
ad8351fa-697b-4754-a60a-8cdaa5908877,ok,17761535.0,v1.14-1.15,0.0,0.0,0.0,True,0.0,0.0,0.0796356528997421,4.0,actuator_motors,none,25121411,14972056,7.4,,C,,0.0,4.0,True,9.263114297200673,184.82696525815768,1.851721284337246,277.106398,273.54544900000025,,True,0.0,0.0,0.0,0.0,0.0,0.0,0.0,0.0,9.636153554311022e-05,0.0,0.0,0,False,False,False,False
9973c454-88b7-4dcc-b0b8-ccfdffdedf99,ok,17826559.0,v1.16+,0.0,0.0,0.0,True,0.0,0.0,0.2601348176598547,4.0,actuator_motors,none,4486129,3428138,3.1,,C,,0.0,4.0,True,10.01061606985768,20.0101899171102,1.9999416438080355,95.286462,87.44480699999997,,True,0.0,0.0020226727938279,0.0008174091635737,0.0006087377551011,0.0052613553125411,0.0052132548298686,0.0006435385148506,0.0017115147202275,0.1624310538172722,0.1624310538172722,0.0,0,False,False,False,False
6690cc53-15fe-4c65-aa2e-27f393890818,ok,17761280.0,v1.14-1.15,0.0,0.0,0.0,True,0.0,0.0,0.3070892453193664,4.0,actuator_motors,none,6918417,4220161,4.5,,C,,0.0,4.0,True,10.015046697203758,171.40869594750723,2.000346380590056,65.667627,61.75697899999999,,True,0.0,0.0176922921091318,0.0,0.0,0.0,0.0,0.0,0.0,0.0001750274706864,0.0,0.0,0,False,False,False,False
e15218d3-162c-49af-a292-7b014c260144,ok,17761280.0,v1.14-1.15,0.0223735408560311,0.0,0.1738938053097345,True,5.7613089693978473e-05,0.009998000000003,0.2837354779243469,4.0,actuator_motors,none,47710208,28485717,9.4,,C,,0.0,4.0,True,10.00199448802437,200.00000180801177,2.000000425720712,451.91793,364.49988999999977,,True,0.0,0.0017655472154729,15627.594824218748,9695.022753906249,0.0329383701086044,0.0169567162171006,0.8580834627151485,0.0061586854048073,0.0,0.0,0.0017198086832649,2,True,False,False,False
9a387907-ccd8-45ff-889e-06b34f9c9b65,ok,17695743.0,v1.14-1.15,0.9731543624161074,1.0,0.0,False,0.9905100830367736,659.700641,1.0,4.0,actuator_motors,none,26455571,15219071,36.8,,C,,0.0,4.0,True,10.0014207430824,20.00151090975639,1.9999899808051889,675.902812,673.8957889999997,,True,0.0,0.0040036166086792,0.0047980570234358,0.0,0.0064590745605528,0.0,0.1071443483233451,0.1169407252222299,15.29976863861084,20.52738761901854,0.0,4,False,True,False,True
db6e84cb-c38e-4d95-af40-aca4181365b9,ok,17761535.0,v1.14-1.15,0.7096774193548387,0.0,0.0,True,0.0,0.0,0.2042373806238171,4.0,actuator_motors,none,6294423,4189667,4.4,,C,,0.0,4.0,True,10.010574865917436,20.01046949483452,2.0000183569252434,92.649698,88.92555699999998,,True,0.0,0.0013885322259739,0.0,0.0,0.0,0.0,0.0,0.0,0.0301812873221933,0.01433379156515,0.0,1,False,False,False,False
cfff23d2-ea18-404e-91e0-6574af14b609,ok,17760768.0,v1.14-1.15,0.0,0.0,0.0,True,0.0,0.0,0.0966743886470794,4.0,actuator_motors,none,33731684,9378216,10.7,,C,,0.0,4.0,True,7.855188092420599,152.61444095995847,1.5176509332970889,85.612775,79.73999199999999,,True,0.0,0.0051392258843407,0.0,0.0,0.0,0.0,0.0,0.0,0.0415053663775324,0.0389050224795937,0.0,0,False,False,False,False
26587c6a-7c51-4a40-8724-88f3ebc8c70f,ok,17629952.0,v1.12-1.13,0.3469387755102041,0.0,0.0,True,0.0025041736227045,0.1017920000000032,0.2451728731393814,4.0,actuator_motors,none,11422377,7320420,5.5,,C,,0.0,4.0,True,10.004005251102356,20.00390803957064,1.9999577585923924,243.62665,239.582544,,True,0.0,0.0019943292019888,0.0006507548823719,0.0,0.0070091061294078,0.0,0.0,0.0024479215731844,0.0029556069057434,0.0014769598026759,0.0,1,False,False,False,False
5c0a26f2-438d-46b6-a0f1-cfc52520ec9a,ok,17760511.0,v1.14-1.15,0.0182186234817813,0.0,0.0408163265306122,True,0.0038659793814432,0.3012040000000127,0.3243577197194099,4.0,actuator_motors,none,8012893,5180729,4.4,,C,,0.0,4.0,True,9.963401633767504,19.91826551548534,1.991875824240665,245.442701,233.8845760000001,,True,0.0,0.0007178982137702,0.0,0.0,0.0,0.0,0.0,0.0,0.1909559100866317,0.0545865595340728,0.0,2,False,False,False,False
062e498e-fe32-4cd7-bf33-52442ca89222,ok,17760256.0,v1.14-1.15,0.0,0.0,0.0,True,0.0,0.0,0.1596878059208393,4.0,actuator_motors,none,9179469,6733343,3.3,,C,,0.0,4.0,True,10.005859599144175,20.00626986913857,2.0000191833671823,166.541741,161.65142499999996,,True,0.0,0.0021871533244848,8.327059076691504e-05,3.3734641510818594e-05,0.0027493921807035,0.0018040766532067,0.0069470431189983,0.020168403442949,0.0130898584146052,0.0016928629542235,0.0,0,False,False,False,False
2f89e944-7285-427e-801f-05f62dd71818,ok,17825856.0,v1.16+,0.0,0.0,0.0,True,0.0,0.0,0.1972810595861829,4.0,actuator_motors,none,2809424,2090566,2.5,,C,,0.0,4.0,True,10.01379368743816,20.013707858932143,1.9999604763055523,71.463754,71.29223099999999,,True,0.0,0.0002429057996778,0.0,0.0,0.0,0.0,0.0,0.0,0.0013286791043356,3.4443972587585425,0.0,0,False,False,False,False
ea3a60bd-cae2-42b1-869c-56b1a4185648,ok,17761280.0,v1.14-1.15,0.0,0.0,0.0,True,0.0,0.0,0.1987876921892166,4.0,actuator_motors,none,16599701,10592580,6.1,,C,,0.0,4.0,True,10.00203121345409,20.002140016239203,1.9999763002808413,460.773694,455.562615,,True,0.0,0.0019631194882094,0.0025927275419235,0.0079956986010074,0.0021696202456951,0.002755023073405,0.0012530940584838,0.0019089655252173,0.0387811735272407,0.0258336402475833,0.0,0,False,False,False,False
4007c56d-dffa-4933-aedc-534ee57ed3cd,ok,17760256.0,v1.14-1.15,0.0,0.0,0.0054559625876851,False,0.0132450331125827,1.8999740000000145,0.174722982943058,4.0,actuator_motors,none,12636169,6214679,3.9,,C,,0.0,4.0,True,10.004052655777109,20.00385589145758,2.000037448842095,256.451328,150.36384699999994,,True,0.0,0.0217257576994597,0.0082300104200839,0.0031749126384966,0.0112542737741023,0.0071539026685059,0.0151912053115665,0.0208770914934575,3.707316243648528,2.973576986789703,0.0,2,False,False,False,False
9e750a70-2fea-4c72-affa-d9c0caec4103,ok,17760384.0,v1.14-1.15,0.0,0.0,0.0,True,0.0,0.0,0.1069061011075973,4.0,actuator_motors,none,10843139,7559488,5.4,,C,,0.0,4.0,True,10.008056645985542,20.00811615799647,1.999842093113438,124.345629,116.749831,,True,0.0,0.0024878539610654,0.0048573512583971,0.000513258203864,0.0056813170202076,0.0021371058188378,0.0018250321736559,0.0019048685440793,0.9112445712089536,0.1579151034355163,0.0,0,False,False,False,False
388c4dc6-2919-4dfc-8885-063a49d8eb57,ok,17694720.0,v1.14-1.15,0.9274193548387096,0.0,0.0,True,0.001743679163034,0.0975389999999998,0.4490412339568138,4.0,actuator_motors,none,3955739,2729949,2.6,,C,,0.0,4.0,True,8.194401769963738,16.444527549500783,1.6339111215943574,147.673093,144.04192299999994,,True,0.0,0.0014753415714949,0.0,0.0,0.0,0.0,0.0,0.0,0.0623607976362109,,0.0007280502555659,1,False,False,False,False
a7cbbd58-3429-4ed3-b03b-9615b3d3de48,ok,17760768.0,v1.14-1.15,0.0,0.0,0.0,True,0.0506666666666666,2.503429999999998,0.2291696898639202,4.0,actuator_motors,none,2622040,1869051,3.2,,C,,0.0,4.0,True,10.01296208006294,20.011703711678585,1.999991578982825,76.251812,74.97018299999998,,True,0.0,1335.46865234375,0.0179361026734113,0.0213521521538496,0.0499632023274898,0.0384816959500313,137.77969360351568,6.506329059600835,0.0217489842325449,0.2577756106853485,0.0,1,True,True,False,True
a4d131a0-2ecc-4b16-b4c3-dc44414db22b,ok,17826304.0,v1.16+,0.0,0.0,0.0,True,0.0,0.0,0.1598241537809371,4.0,actuator_motors,none,33922711,8216718,10.3,,C,,0.0,4.0,True,9.995728563905407,19.98792598228501,2.0000031503055635,250.008936,247.7681099999999,,True,0.0,0.0049065376399084,0.0020393696497194,0.0015689866675529,0.0080467858351766,0.0160981158725917,0.1324742071330545,0.1641483902931212,0.0,1.1183023512363428,0.0,0,False,False,False,False
037378d5-c789-41bb-9de1-026647e177c8,ok,17629951.0,v1.12-1.13,0.0,0.0,0.0,True,0.0,0.0,0.1721809685230254,4.0,actuator_motors,none,8754065,5013748,4.1,,C,,0.0,4.0,True,10.007531825978194,20.008093551731864,2.000003503882108,129.16197,126.84690499999994,,True,0.0,3.355849548825063e-05,0.0087689710780978,0.0,0.0,0.0,0.0,0.0,0.0203149380162358,0.0,0.0028084544232115,0,False,False,False,False
38e8d21f-cbd8-4024-baec-880bd2406e6b,ok,17826047.0,v1.16+,0.0,0.1267605633802817,0.0,True,0.0255474452554744,0.3010000000000019,0.425816063582897,4.0,actuator_motors,none,41426973,12648260,11.5,,C,,0.0,4.0,True,99.99698167879026,999.95472244861,99.99698167879026,65.853,54.791,,True,0.0,0.0002683360653463,0.0002671800320968,0.0004289370845071,0.0706476449966429,0.0461017183959483,6.888304051244626e-05,0.0021788629237562,0.8937108516693115,2.136460065841675,0.0,1,False,False,False,False
2f0f37b3-d1e2-4b65-add1-f2775d307003,ok,17761535.0,v1.14-1.15,0.0,0.0,0.0,True,0.0013850415512465,0.0974790000000069,0.429807950928807,4.0,actuator_motors,none,3685117,2904398,2.7,,C,,0.0,4.0,True,10.012992046342449,20.01217617419364,2.000000405063373,79.1832,72.16684399999997,,True,0.0,0.0015326958266086,0.0,0.0,0.0,0.0,0.0,0.0,0.0826063856482505,0.0540445178747177,0.0,0,False,False,False,False
a33ea34a-cafe-4439-b970-fd6ed3054856,ok,17761535.0,v1.14-1.15,0.0,0.0,0.0,True,0.003723008190618,0.5010350000000017,0.2704461455345152,4.0,actuator_motors,none,5278483,3647848,3.3,,C,,0.0,4.0,True,10.006680037345738,20.006726972830062,2.0000175419720407,138.052487,134.299362,,True,0.0,0.0070428553735837,0.0058445091126486,0.0068584479158744,0.0171821103431284,0.0200311685912311,0.0070895784301683,0.0243347026407718,0.0388916982337832,0.0057196610141545,0.1145124826580286,0,False,False,False,False
a6b892d7-04fc-4355-a677-10c6581fa7b2,ok,17170944.0,v1.12-1.13,0.1142857142857142,0.0,0.0,False,0.0038610038610038,0.1000000000000014,0.4414252370595931,4.0,actuator_motors,none,17601252,7644074,6.4,,C,,0.0,4.0,True,124.89687123183349,249.7937293729373,99.95557529986672,63.028,51.272,,True,0.0,0.0002513907093089,0.0009383458527736,0.0001938151835929,0.1295583248138427,0.0400739982724189,5.847734792041592e-05,0.003046975005418,1.8488883972167969,2.6614432334899902,0.0,2,False,False,False,False
f02755ea-b927-4451-a2ed-f90dfeeb9ce2,ok,17694720.0,v1.14-1.15,0.0,0.0,0.0,True,0.0,0.0,0.1618295431137084,4.0,actuator_motors,none,22552768,14535134,21.1,,C,,0.0,4.0,True,10.00469337265729,200.44343038026284,2.0000180285985327,211.519972,207.2605159999999,,True,0.0,0.0069535682443529,0.0022027705563232,0.0,0.017297445051372,0.0,0.0056138593703508,1.5535426616668702,0.0032610919559374,0.0057776425033807,0.0,0,False,False,False,False
1b585d0c-b02c-4761-83f2-1fe69777cdd6,ok,17825856.0,v1.16+,0.0,0.0,0.0,True,0.0004703284119258,0.0382249999999828,0.2455908477306365,4.0,actuator_motors,none,98844267,48261186,31.3,,C,,0.0,4.0,True,10.001109735445302,211.99020744185404,1.9999778179800136,812.504244,171.15711799999997,,True,0.0,0.003465528646484,2.009831623581701e-05,5.554903618758535e-05,0.0005773877492174,0.0002018386207055,0.000574463722296,0.0002417194802546,0.0103371080011129,0.0045072617009282,0.0,0,False,False,False,False
4bff0a50-d6cd-49d7-81a3-7fe3a882e60f,ok,17761535.0,v1.14-1.15,0.0180109631949882,0.0137039937353171,0.0,True,2.1909464614845305e-05,0.0048299999998562,0.3803813561797141,4.0,actuator_motors,none,142822055,81964440,37.2,,C,,0.0,4.0,True,10.00072050645467,220.97857284879333,1.9999941342818524,1289.048427,1284.8135599999985,,True,0.0,0.005338428961113,0.0016611962695606,0.000767034990713,0.0147498018108308,0.0143570640590041,0.004194086859934,0.0061184145743027,0.0039843170437961,0.0026331883738748,0.0,2,False,False,False,False
12bfea6c-1b06-4732-848e-dced2a90fc3a,ok,17761023.0,v1.14-1.15,0.1104651162790697,0.002906976744186,0.0704419889502762,True,0.2482002576473262,1.959510999999992,0.7750966668128967,4.0,actuator_motors,none,18205330,11590602,11.2,,C,,0.0,4.0,True,10.006450215937951,195.83319222329013,1.9999828751466315,144.534587,139.29041600000005,,True,0.0,0.1154241919517515,0.0342190824449061,0.0684051126241682,0.0318979024887083,0.0762572839856146,0.0999112859368322,0.3032410740852354,0.2047128230333317,0.7837583899497985,0.0,4,False,False,False,False
445fec2a-289e-4d61-8226-6dff1e58dfae,ok,17695488.0,v1.14-1.15,0.0,0.0,0.0,True,0.0,0.0,0.0565302938222885,4.0,actuator_motors,none,10176175,6126599,5.1,,C,,0.0,4.0,True,10.011729581432544,285.5993441154738,1.9999999761904763,84.303526,78.03014499999999,,True,0.0,0.1745062440633774,0.0,0.0,0.0,0.0,0.0,0.0,0.000953522126656,0.0,0.0,0,False,False,False,False
e59c0d36-eefa-4735-b6d1-69f8c3abbf1d,ok,17761535.0,v1.14-1.15,0.0,0.0,0.0,True,0.0,0.0,0.1329690992832183,4.0,actuator_motors,none,2616202,2072308,2.3,,C,,0.0,4.0,True,10.015176880142526,20.013646776815907,2.0000788338764983,65.278159,59.174475000000015,,True,0.0,0.0110377832315862,0.006477243732661,0.0047330809757113,0.0115169477649033,0.0142895020544528,0.0087199863046407,0.0102222058922052,0.065627995878458,0.013768367934972,0.0,0,False,False,False,False
ce3fb367-7b64-41c3-9c13-9cd2bbf20772,ok,17761280.0,v1.14-1.15,0.0,0.0,0.1312292358803986,True,0.0029448885149347,0.4023059999999816,0.2769944608211515,4.0,actuator_motors,none,10396426,6754519,3.8,,C,,0.0,4.0,True,10.004243463135806,20.003891628374262,2.000022266914572,240.164999,237.73989,,True,0.0,14.32740306854248,0.0020357477478682,0.0012190939160063,0.010934610851109,0.0084459641948342,2.4914774894714355,0.4844167828559875,0.0485037863254547,0.2334848046302795,0.0,1,False,False,False,False
31c619e4-af99-440f-aa0b-b6023f2e9520,ok,17694720.0,v1.14-1.15,0.0,0.0,0.0,True,0.1111702127659574,9.098185,0.9882176187977264,4.0,actuator_motors,none,7350071,4563086,3.8,,C,,0.0,4.0,True,10.004944301494495,20.0052981872412,2.000022271347748,195.511828,187.984491,,True,0.0,0.0023455477552488,0.7534370154142379,0.0,0.2807927504181861,0.0,0.0142915025819092,0.0069854682544246,0.0115591578651219,0.0809810508042573,0.0,1,False,False,False,False
6b364390-d37f-4472-97cd-c91d3666d237,ok,17761280.0,v1.14-1.15,0.0,0.0,0.0,True,0.0198598130841121,0.2026620000000001,0.68946053981781,4.0,actuator_motors,none,13151588,8331878,5.6,,C,,0.0,4.0,True,10.00258433007846,20.002859006634672,1.9999841090087844,349.200544,342.424376,,True,0.0,0.0018555675284005,0.0021048669703304,0.0012881145230494,0.004514349065721,0.0050146994646638,0.0077193134464323,0.0031798534793779,0.0544504422694444,0.0366582464426755,0.0,0,False,False,False,False
7f79788e-a5df-4281-b6a7-5d0f6b2d649e,ok,17826559.0,v1.16+,0.0,0.0138089758342922,0.0,False,0.0001224309897321,0.0166269999999713,0.1314304456114768,4.0,actuator_motors,none,45596740,27209187,11.9,,C,,0.0,4.0,True,10.00236817643392,160.82971853132196,2.0000402325590234,431.696756,427.80910099999966,,True,0.0,0.0023289961507543,0.0,0.0,0.0,0.0,0.0,0.0,0.0,0.0,0.017958668526262,2,False,False,False,False
4e38a1ce-4b30-42b4-b23f-72d8c737883e,ok,17695488.0,v1.14-1.15,0.0,0.0,0.0,True,0.0,0.0,0.3272319734096527,4.0,actuator_motors,none,15679089,8916899,4.9,,C,,0.0,4.0,True,10.007515259055117,220.7279173491873,1.999912683348945,129.524768,121.81443500000002,,True,0.0,0.0088653446175157,0.0032591803697869,0.0,0.0041556430747732,0.0,0.0155669402331113,0.0046477526659145,0.0071703142020851,0.0084742179140448,0.0,0,False,False,False,False
6d0c5beb-b758-4138-ab8f-17ec666285b8,ok,17695488.0,v1.14-1.15,0.0,0.0,0.0,True,0.0,0.0,0.0990423202514648,4.0,actuator_motors,none,3052601,2085254,3.7,,C,,0.0,4.0,True,10.010806145191856,20.01006371938424,1.9999235876189911,92.231965,87.86856299999998,,True,0.0,0.0026003048638813,0.0,0.0,0.0,0.0,0.0,0.0,0.0,0.0,0.0,0,False,False,False,False
17e0c485-4311-4717-a6ad-8405fe32ce5c,ok,17761280.0,v1.14-1.15,0.0384307445956765,0.0,0.0,True,0.0040609137055837,0.3013270000000005,0.3245497092604637,4.0,actuator_motors,none,8255986,5100260,4.9,,C,,0.0,4.0,True,10.004619736761583,20.00467081443656,1.999960575034605,202.807497,196.9775449999999,,True,0.0,0.0049223621375858,0.0062942183576524,0.0033371295779943,0.0040823309682309,0.0049392906948923,0.0042098306119441,0.0066088443621992,0.0304485149681567,0.0057877524755895,0.0,1,False,False,False,False
9af058ed-2535-408a-99d2-532ee884313a,ok,17761280.0,v1.14-1.15,0.0,0.0,0.0,True,0.0,0.0,0.5186039209365845,4.0,actuator_motors,none,3293547,2449310,4.9,,C,,0.0,4.0,True,10.013882350662168,20.01350390848896,1.999752088287875,69.697773,60.21349599999999,,True,0.0,0.0042003671871498,0.0075012118555605,0.0099573825951665,0.0563264958560465,0.0431211279705163,0.0338093111291527,0.0312759228050708,1.96430606245994,0.0,0.0,0,False,False,False,False
21335375-9365-4b65-99c3-53fd2fb3bbb2,ok,17761535.0,v1.14-1.15,0.0,0.0,0.0,True,0.2001254705144291,14.398720000000004,0.9196639642119409,4.0,actuator_motors,none,6767369,4609170,10.3,,C,,0.0,4.0,True,10.005486718336002,20.00549131817519,2.000003351687574,163.660732,159.37997199999978,,True,0.0,0.0168477397412061,0.0,0.0,0.0,0.0,0.0,0.0,3.480533766746521,2.0675297260284444,0.0,1,False,False,False,False
a36328cd-7c0c-46c1-ad51-a5f1e5fa36cf,ok,17629952.0,v1.12-1.13,0.0,0.0,0.0,True,0.0,0.0,0.1630521684885024,4.0,actuator_motors,none,82930651,46795496,24.5,,C,,0.0,4.0,True,9.959436526986575,172.0793992312571,1.991004470821912,889.351708,889.184132,,True,0.0,0.0,8.340457497979514e-06,0.0,0.0,0.0,0.0,0.0,0.0,0.0,0.0016040200716815,0,False,False,False,False
6df1f5e9-5628-4cf7-9b89-e151d7040aab,ok,17170944.0,v1.12-1.13,0.0,0.0,0.0,True,0.0,0.0,0.0745458841323852,4.0,actuator_motors,none,32636886,12914156,5.0,,C,,0.0,4.0,True,124.89665862900448,249.81041673847847,99.92937853107344,115.708,48.864,,True,0.0,0.0002657972800079,0.0001561408134875,0.0001117942738346,0.0274816021323204,0.0265046134591102,7.459701009793207e-05,0.0033056221436709,0.4321460723876953,0.917095184326172,0.0,0,False,False,False,False
e05f86fb-d594-404c-ae9d-2985d6124a01,ok,17891583.0,v1.16+,0.0,0.0,0.0,True,0.0,0.0,0.0585443250834941,4.0,actuator_motors,none,11186552,3036115,4.2,,C,,0.0,4.0,True,10.012398269889156,20.01165409311562,2.0000499350215564,75.836603,70.29637299999999,,True,0.0,0.1109861638396978,0.0,0.0,0.0,0.0,0.0,0.0,0.0004304029484046,0.0,0.0003026582387974,0,False,False,False,False
cd49a203-accb-473c-babd-e382dcc1aa64,ok,17891392.0,v1.16+,0.0,0.2600619195046439,0.0,True,0.0,0.0,0.0932431071996688,4.0,actuator_motors,none,45633062,18329029,9.8,,C,,0.0,4.0,True,124.99363673386276,249.9681828594701,100.00381815404978,156.66,152.568,,True,0.0,0.0002799075809889,0.000116115923447,6.177204340929165e-05,0.0003104568750131,0.0003107060620095,6.417284748749807e-05,0.0004112548704142,0.0003543876227922,0.0003041400923393,0.0,1,False,False,False,False
5071a159-9124-434f-ba2a-280ac279b691,ok,17891392.0,v1.16+,0.0,0.0,0.0355029585798816,True,0.0052083333333333,0.1994199999999999,0.1686866775155067,4.0,actuator_motors,none,4420329,3167391,4.7,,C,,0.0,4.0,True,10.009218371433706,20.0094884915338,2.0000762417122586,100.996814,96.020141,,True,0.0,0.0340045703575015,0.0040133771253749,0.0003625548662967,0.0365893375128506,0.006865597446449,0.0040633726282976,0.0113174641970545,0.0,0.2943758741021154,0.0,1,False,False,False,False
715031d6-d126-4250-a36a-71d7b1d961f2,ok,17695488.0,v1.14-1.15,0.4107883817427386,0.0,0.0,True,1.0633320573348643e-05,0.0037869999999884,0.1578344047069548,4.0,actuator_motors,none,36521460,22873851,9.8,,C,,0.0,4.0,True,10.003086816267304,198.01972029875915,1.999987461156456,334.189026,329.1543439999997,,True,0.0,0.0012468276778236,0.0,0.0,0.0,0.0,0.0,0.0,0.0350478835403919,,0.0,1,False,False,False,False
73fac1f4-0e6d-4016-9973-96f5400c5c3d,ok,17629696.0,v1.12-1.13,,,0.0,True,0.0017361111111111,0.199629999999999,0.4519867599010468,4.0,actuator_motors,none,7030802,3960494,3.1,,C,,0.0,4.0,True,10.008382816921037,20.007458056475524,1.999976168351204,119.401986,115.26000299999998,,True,0.0,0.0013866680907085,0.0013373764697462,0.0,0.0083657592535018,0.0,0.0,0.0042561153881251,0.0774768598377704,2.703152632713318,0.0,0,False,False,False,False
3c1feb78-824b-44bc-b29b-7cce052f3434,ok,17694912.0,v1.14-1.15,0.0,0.0,0.0,True,4.021232105517131e-05,0.0110210000000003,0.3328452993184327,4.0,actuator_motors,none,23964064,15118849,7.3,,C,,0.0,4.0,True,9.996350190702742,122.27312124912268,1.9962575049854367,266.711995,265.4257259999999,,True,0.0,0.0058741035871207,0.0105184791609644,0.0,0.098052330315113,0.0,0.0174867659807205,0.0493485711514948,0.0610133752226829,0.0825283631682394,5.311036875355052e-05,0,False,False,False,False
ef0bf480-4c20-4c67-8144-1db7a79a9581,ok,17761280.0,v1.14-1.15,0.0,0.0,0.0,True,0.0,0.0,0.0999261617660522,4.0,actuator_motors,none,20276231,12143326,12.5,,C,,0.0,4.0,True,10.001770884327843,20.00161088298804,1.999999272727537,572.52045,562.5158449999996,,True,0.0,9.482226014370095e-05,0.0,0.0,0.0,0.0,0.0,0.0,0.0,51.85273189544677,0.000591270183213,0,False,False,False,True
1a018fe7-ce8f-4ce7-a5b3-6b7a4dcd4a23,ok,17695743.0,v1.14-1.15,0.0,0.0,0.0,False,0.0001010917913465,0.0037269999999978,0.443683886528015,4.0,actuator_motors,none,53361368,17484754,17.1,,C,,0.0,4.0,True,9.990626006364884,199.0301580482234,1.999987893878589,113.551276,113.48513299999996,,True,0.0,0.0256145237013697,0.0018770511262118,0.0,0.0787448033690452,0.0,0.0068566890899091,0.0074644406326115,0.1656866177916526,0.1684881225228309,0.0,1,False,False,False,False
96f6cb90-d0c3-405f-b4e7-1f1ea198142f,ok,17695743.0,v1.14-1.15,0.0,0.0210970464135021,0.0,True,0.0,0.0,0.395167201757431,4.0,actuator_motors,none,37560503,24022003,10.4,,C,,0.0,4.0,True,10.002863225803504,200.3977997466025,2.000026618851387,346.205439,341.780854,,True,0.0,0.0728356808423996,0.0097092205658554,0.0,0.0169166736304759,0.0,0.0120673719793558,0.0089164016768336,0.0551607243716716,0.0904121197760105,0.0,1,False,False,False,False
08f0d61f-e0a1-4207-8233-0a03dc2a73a7,ok,17826240.0,v1.16+,0.0,0.0,0.0,True,0.0,0.0,0.1190112680196762,4.0,actuator_motors,none,12749036,7756893,7.6,,C,,0.0,4.0,True,10.008369794246972,198.34911377346768,1.99992217846681,114.296609,109.21159100000004,,True,0.0,0.0189010225236415,292845309132.8,7534871366860.8,0.0069909535348415,0.0120610523968935,149.91080322265623,0.0141063956543803,0.0036501857452094,0.0019198120106011,0.0,0,True,True,True,False
891a6505-c042-4bb2-8732-dce802caad85,ok,17694720.0,v1.14-1.15,0.0,0.1713395638629283,0.0,True,0.0,0.0,0.1172917723655699,4.0,actuator_motors,none,6004836,4038143,3.9,,C,,0.0,4.0,True,10.005842892465152,20.00584633335948,1.9999834138183337,153.888578,149.31494200000003,,True,0.0,0.0067334481282159,0.0109139014501124,0.0,0.1223186068236827,0.0,0.0096590148750692,0.0107478079386055,0.2653214886784553,0.8204218298196793,0.0,1,False,False,False,False
e4ae1376-d436-494e-a3b4-1d66f415af4c,ok,17694975.0,v1.14-1.15,0.0,0.0,0.0,True,0.0,0.0,0.0958883717656135,4.0,actuator_motors,none,3392401,2357807,3.1,,C,,0.0,4.0,True,10.009814488398224,20.010492710662483,1.9998711749651457,96.054692,91.29615,,True,0.0,0.5126355767250059,0.0,0.0,0.0,0.0,0.0,0.0,0.0011591636342927,0.0,0.0,0,False,False,False,False
38737092-fad7-4f3c-8b0f-6f1a9e64cc56,ok,17170944.0,v1.12-1.13,0.0,0.0,0.0,False,0.0006071645415907,0.0999999999999943,0.3511838823556895,4.0,actuator_motors,none,121427399,37196233,42.9,,C,,0.0,4.0,True,99.95713301769106,999.6578131852772,99.95713301769106,207.648,164.281,,True,0.0,0.0002553679383709,0.0003929713566321,0.0003599599862354,0.0462910978123545,0.0503964014351367,5.992009755573236e-05,0.0021862389985471,1.4431174993515017,3.2533297538757324,0.0,1,False,False,False,False
e1a04338-574c-4c12-b115-cadd9467dd6e,ok,17891392.0,v1.16+,0.0,0.7624309392265194,0.0385604113110539,True,0.1973875181422351,2.2015550000000026,0.2007390439510346,4.0,actuator_motors,none,3902754,2698097,3.8,,C,,0.0,4.0,True,10.012773715319144,20.0129430804268,2.000120682606381,77.451084,68.936115,,True,0.0,1.3599663257598846,0.1369808837771411,0.0164697721600532,0.0861254058778285,0.2874956607818589,0.1118530683219432,0.1573483884334562,0.0678299576044082,154.8522750854491,0.0,3,False,True,False,True
eae909cc-c23f-4fc9-bd31-e4f146028b1c,ok,17630207.0,v1.12-1.13,0.0,0.0,0.030188679245283,True,0.0134788189987163,2.897467000000006,0.35313531011343,4.0,actuator_motors,none,14203633,8932355,5.8,,C,,0.0,4.0,True,10.0032004573928,20.002942916840155,2.0000399250872114,317.220099,311.5971770000001,,True,0.0,0.0021575807593762,0.00292564262636,0.0,0.1256184697151177,0.0,0.0,0.0052115875761955,0.0011842483654618,0.0387624949216841,0.0,1,False,False,False,False
277c496d-4f2a-4e68-a3c7-982ab4482427,ok,17761535.0,v1.14-1.15,0.0,0.0,0.0,True,5.427506603466368e-05,0.0104950000000201,0.4124238863587379,4.0,actuator_motors,none,24153667,14714456,10.1,,C,,0.0,4.0,True,9.959801990791052,221.0382459191512,1.9900156277573129,200.957917,194.973958,,True,0.0,0.003939024079591,0.0018116257502697,0.0047105698380619,0.0258532473817467,0.0488917529582976,0.0064126253360882,0.0043694825842976,0.0331708097830414,0.0047439267393201,0.0,0,False,False,False,False
686c182a-eec6-4554-b0b3-5d403e049a20,ok,17695488.0,v1.14-1.15,0.0277777777777777,0.0,0.0027472527472527,False,0.0,0.0,0.162231010715186,4.0,actuator_motors,none,37683200,10490344,10.3,,C,,0.0,4.0,True,8.59052597930278,164.31878332028,1.7125634468829165,84.687703,83.84205999999998,,True,0.0,0.0125888799782842,0.0,0.0,0.0,0.0,0.0,0.0,0.0,0.0,0.0,3,False,False,False,False
7a1b3a5d-c531-49be-8300-23e78d6ef991,ok,17694720.0,v1.14-1.15,0.0259541984732824,0.0381679389312977,0.0180012414649286,False,0.0220025510204081,3.4034090000000106,0.2784448340535164,4.0,actuator_motors,none,11120757,7273534,4.7,,C,,0.0,4.0,True,10.000196680886894,20.00004813676182,1.999961481301735,322.160045,313.25880600000016,,True,0.0,0.0047058769268915,0.0032902861014008,0.0,0.0123202711343765,0.0,0.001421668176772,0.0040242374874651,0.0024162036948837,0.2787984684109688,0.0,4,False,False,False,False
73f350f7-8413-44b7-8f0e-837e0a780b21,ok,17826304.0,v1.16+,0.0400878638110928,0.0,0.0,True,0.0099085783106147,0.699997999999999,0.4720398783683777,4.0,actuator_motors,none,86806496,56519222,18.5,,C,,0.0,4.0,True,10.000545354343988,20.00054519762212,1.999999772987748,1832.56447,1826.6898060000008,,True,0.0,0.0068302197614684,0.0015089129447005,0.0013056741736363,0.0108465913217514,0.0115096713416278,0.0190328024327754,0.023340418934822,0.0248047127388417,0.0062576391501352,7.473355650901794,1,False,False,False,False
b45160d9-2a57-4ea0-899c-2bf6f17f7fcc,ok,17825984.0,v1.16+,0.0,0.0,0.0,True,0.0,0.0,0.0044581353664398,4.0,actuator_motors,none,21107067,8552667,8.2,,C,,0.0,4.0,True,124.2700628441132,247.48345475779988,100.0194671561266,71.452,69.37999999999997,,True,0.0,0.0003964305215049,7.943096716189757e-05,6.517932015412952e-05,0.0003371470374986,0.0003176447193254,0.0001199541584355,0.0008730608591576,0.0004788291698787,0.0003706967981997,0.0,0,False,False,False,False
bdcb789b-0e16-4a4d-812f-ca32f363bbc8,ok,17891392.0,v1.16+,0.0,0.197452229299363,0.0,True,0.0,0.0,0.0491936266422269,4.0,actuator_motors,none,18177401,9099535,4.9,,C,,0.0,4.0,True,124.94800332778702,249.8050023399719,100.0130005200208,76.432,72.136,,True,0.0,0.0004994877963326,0.0001430446136509,8.646334063087098e-05,0.0006661052932031,0.002816292643547,5.9361068088037314e-05,0.0003296924696769,0.0304167196154594,0.0599127598106861,0.0,1,False,False,False,False
4d82e666-d865-4056-a184-3b39dc3b605d,ok,17694975.0,v1.14-1.15,0.0,0.0,0.0,True,0.0319148936170212,0.8014320000000019,0.4007642686367034,4.0,actuator_motors,none,6180265,3870255,4.4,,C,,0.0,4.0,True,10.00190500831332,20.00332899887128,1.9999360020479344,163.297065,159.713188,,True,0.0,0.0006905874703079,0.0,0.0,0.0,0.0,0.0,0.0,7.163022928580176e-05,,0.0,0,False,False,False,False
feda1984-155a-47ea-9aa5-d8858b12b17a,ok,17760384.0,v1.14-1.15,0.0,0.0,0.0,True,0.0,0.0,0.0987312316894531,4.0,actuator_motors,none,27932394,18610849,7.8,,C,,0.0,4.0,True,10.003056095473976,20.00330809716189,1.9999832593993845,324.153734,315.8483079999999,,True,0.0,0.0014391659991815,8.055210637394344e-05,8.819283684715648e-05,0.0004134673567023,0.0007554818294011,0.0030386638827621,0.0008832640131004,0.0206631679087877,0.0040873016230762,0.0,0,False,False,False,False
0bba0f63-5f36-44ed-9b9a-f470ffec3da8,ok,17826047.0,v1.16+,0.0,0.0,0.0,True,0.0,0.0,0.2321804046630859,4.0,actuator_motors,none,7737744,4912294,1.8,,C,,0.0,4.0,True,10.000557761371198,199.56696090611985,2.0001174283819108,60.50549,53.031137000000015,,True,0.0,0.0015168526093475,0.0005733508325647,0.000553409778513,0.0027254994725808,0.0012361905712168,0.000183014068898,0.001098147855373,0.2474350750446319,0.072656162828207,0.0005814672753331,0,False,False,False,False
df75252c-e137-4609-b692-d20701d62e9e,ok,16842880.0,v1.12-1.13,0.0,0.0,0.0,True,0.0,0.0,0.2481416106224059,4.0,actuator_motors,none,11177515,6718320,5.2,,C,,0.0,4.0,True,10.008625867766742,201.2432464635072,2.0001194686744173,104.210365,99.08406499999997,,True,0.0,0.0097796881571412,0.0,0.0,0.0,0.0,0.0,0.0,6.095925782574341e-05,,0.000347048434196,0,False,False,False,False
c3e56705-eb74-45d4-b691-18a590465ae5,ok,17760511.0,v1.14-1.15,0.0,0.0,0.0,True,0.0,0.0,0.2097457632422447,4.0,actuator_motors,none,2890477,2012532,3.2,,C,,0.0,4.0,True,10.014164143114089,20.01277884939116,1.9999406394430488,69.162804,63.01729199999999,,True,0.0,0.0013857570942491,0.0,0.0,0.0,0.0,0.0,0.0,0.0,0.0,0.0,0,False,False,False,False
7384174d-b8a3-446a-a9f9-dd9675344230,ok,17826047.0,v1.16+,0.0,0.0,0.0,True,0.0001585942208265,0.0064819999999912,0.1764099121093749,4.0,actuator_motors,none,12880264,7208749,10.4,,C,,0.0,4.0,True,9.62039255876813,172.106039394664,1.9235996715542536,118.708043,115.45560699999992,,True,0.0,0.0008254067564848,0.0,0.0,0.0,0.0,0.0,0.0,0.000398886106268,0.0,0.000283730844967,0,False,False,False,False
f7dc8968-a583-43c7-ba0f-23587449226c,ok,17761280.0,v1.14-1.15,0.0,0.0118081180811808,0.0,True,0.0,0.0,0.2688985362648963,4.0,actuator_motors,none,25022735,17063740,4.9,,C,,0.0,4.0,True,10.001497879543807,20.00151265772078,1.999985558775862,677.829973,674.2459890000001,,True,0.0,0.0063547228928655,0.0029945322312414,0.0037698693340644,0.0015814817161299,0.0029509043670259,0.0227577639743685,0.0024406492593698,0.0150046504568308,0.0164599204435944,20.278696537017822,1,True,False,False,True
840f1d6c-7342-4ee0-bb43-e9a4d63d2e2b,ok,17761023.0,v1.14-1.15,0.0,0.0,0.0,True,0.0,0.0,0.0182292699813842,4.0,actuator_motors,none,19756765,8797449,4.2,,C,,0.0,4.0,True,125.0,250.00000000000003,125.0,85.788,72.41599999999998,,True,0.0,0.0009140251437202,0.008237225934863,0.0035219297278672,0.0034578980412334,0.006481354124844,0.0156619176268577,0.0174252297729253,0.0940263196825981,0.0317902956157924,0.0,0,False,False,False,False
066954dd-411e-450c-9f26-c99033c6efcb,ok,17695488.0,v1.14-1.15,0.4897959183673469,0.0,0.0,False,0.00802192326856,0.1958880000000036,0.4867006495925326,4.0,actuator_motors,none,8230155,4897948,3.3,,C,,0.0,4.0,True,10.014352698426528,170.9255072070388,1.9999394102863168,71.642103,69.24870199999998,,True,0.0,0.1803170546889305,0.0,0.0,0.0,0.0,0.0,0.0,0.0308868762105703,0.0,0.011437177658081,2,False,False,False,False
98dbc16e-666a-496a-b915-e5ff0c73ce39,ok,17891583.0,v1.16+,0.1232876712328767,0.3150684931506849,0.0,True,0.0,0.0,0.3367630690336227,4.0,actuator_motors,none,3403185,2947012,3.4,,C,,0.0,4.0,True,10.014337981843848,20.014243326670748,2.000009496447969,69.72903,65.100179,,True,0.0,0.0063066537957638,0.0007584748178487,0.0004221827053697,0.0098573594819754,0.0067177551332861,0.0144971266854554,0.0156585534103214,0.07336799018085,0.0072413333458825,0.0,2,False,False,False,False
cfd0376a-e8eb-4eb9-acdc-ab8472c5e5af,ok,17826559.0,v1.16+,0.0,0.0,0.0,True,0.0077021822849807,0.2008480000000005,0.1159007549285888,4.0,actuator_motors,none,3513540,2668245,5.0,,C,,0.0,4.0,True,10.01169885104176,20.01267227982517,1.9997816480838069,82.875257,77.94285399999998,,True,0.0,0.0039718212792649,0.032785999123007,0.0031160174403339,0.028584353160113,0.034798533655703,0.0021551775280386,0.0566004258580505,0.0014889850572217,0.0,0.0,0,False,False,False,False
300a0a1c-3cbe-4beb-8a5b-b4241b911d4f,ok,17760511.0,v1.14-1.15,0.0093023255813953,0.0,0.0,True,0.0,0.0,0.2064401060342788,4.0,actuator_motors,none,26474567,15121268,6.4,,C,,0.0,4.0,True,10.004489325821012,200.0709219265912,2.0000441428182443,211.740775,207.0965779999999,,True,0.0,0.0040735201677307,0.0017682852922007,0.0065833119908347,0.0017823533329647,0.0018045890959911,0.24403453245759,0.0025625672540627,0.0241535734385251,0.0853489249944685,0.0013215015816967,1,False,False,False,False
259e9890-d6a1-4b3f-b481-4109280e982b,ok,17695743.0,v1.14-1.15,0.0,0.0,0.0,True,0.007168458781362,0.3001300000000029,0.27494637966156,4.0,actuator_motors,none,4387186,2698050,3.2,,C,,0.0,4.0,True,9.992465907807013,19.98564084560417,2.000044741214389,140.849836,139.57560499999997,,True,0.0,221.91365661621091,0.0,0.0,0.0,0.0,0.0,0.0,0.0271746404469013,,0.0,0,False,True,False,True
ab1ad8f4-27f3-4319-9fd9-acada91b73d2,ok,17695488.0,v1.14-1.15,0.0039285714285714,0.0,0.0,True,0.1051132317333713,0.8013390000000982,0.7969160772860047,4.0,actuator_motors,none,47081457,29300101,18.9,,C,,0.0,4.0,True,9.97601008949631,19.9547254291724,1.9943392219916585,1413.672657,1407.7815739999994,,True,0.0,0.0026999685447662,0.0019615277065895,0.0,0.0030357561423443,0.0,0.0060528232948854,0.0072503878967836,0.0018158581049647,0.1476529939100134,0.0,2,False,False,False,False
03d818ef-e11e-434a-ac0d-8b7706e0a99b,ok,17694975.0,v1.14-1.15,0.0,0.0,0.0,True,0.0033641481893375,0.3289390000000196,0.5013817653059962,4.0,actuator_motors,none,26824178,17059155,11.3,,C,,0.0,4.0,True,10.003773359274474,137.27734460953255,2.000023976804074,255.916127,253.07010799999983,,True,0.0,0.0040818887297064,0.0076359538827091,0.0,0.0112161443568766,0.0,0.0003660241083707,0.0030723818112164,0.0113059929572045,0.012791849579662,3.852330701192841e-05,0,False,False,False,False
af15e570-dc0e-42af-b7a0-6323e3307288,ok,17761535.0,v1.14-1.15,0.0,0.0,0.0,True,7.578092240538751e-05,0.0037169999999377,0.6251823529601094,4.0,actuator_motors,none,77498339,46165509,16.5,,C,,0.0,4.0,True,10.001431488922265,202.4292968869429,2.000010114828773,697.49278,692.7916110000003,,True,0.0,0.0147377416491508,0.0007815995602868,0.0014161624712869,0.002583900722675,0.0038749020779505,0.0016584626282565,0.0069826346356421,1.757321321964263,0.6237927138805379,0.0,0,False,False,False,False
3351f2a6-01ff-4ebf-903d-49f04b1aedbb,ok,17891583.0,v1.16+,0.0,0.0,0.0,True,0.0,0.0,0.2862223386764526,4.0,actuator_motors,none,3737300,2643143,3.8,,C,,0.0,4.0,True,10.009163925288233,20.00906589255544,2.0001662995409046,108.841263,101.095068,,True,0.0,0.000945154641522,0.0,0.0,0.0,0.0,0.0,0.0,0.0001402970214257,0.0159027900546789,0.0,0,False,False,False,False
06c2f090-75d0-4d2a-8205-486925a060f0,ok,17761535.0,v1.14-1.15,0.0,0.0,0.0425963488843813,True,0.0469023185100722,4.007798999999992,0.514623750909231,4.0,actuator_motors,none,13849716,7131899,8.7,,C,,0.0,4.0,True,10.010444739338851,200.05481115344529,1.9998722953342487,98.112495,93.750262,,True,0.0,0.0168166635558009,0.0,0.0,0.0,0.0,0.0,0.0,0.0005742889188695,1.3497354388237,0.0,1,False,False,False,False
e9aadc60-346f-4cd0-a1f8-3828c5a94510,ok,17760511.0,v1.14-1.15,0.0198412698412698,0.0,0.0,True,0.0,0.0,0.093669518828392,4.0,actuator_motors,none,54116569,33034444,20.2,,C,,0.0,4.0,True,10.001992174353918,218.5905733456756,2.000019745721784,503.456757,498.7816920000004,,True,0.0,0.0030410521896556,0.0002690386609174,0.0003018057730514,0.0006366884161252,0.0007079831033479,0.0001478001489886,0.0011495811399072,0.0264531070366501,0.0020677510183304,0.0,1,False,False,False,False
033f91af-7aa2-424f-8c64-25ce517f6a7c,ok,17760511.0,v1.14-1.15,0.0,0.0,0.0,True,0.0004991608594999,0.0391230000000177,0.3174541145563124,4.0,actuator_motors,none,199596198,50158508,40.1,,C,,0.0,4.0,True,10.002273102172111,191.63570609540463,2.000024737821981,391.361754,385.742158,,True,0.0,0.0172648976556956,0.0004344185086665,0.0004667617584345,0.0006899446918396,0.0007072869688272,0.0176623415201901,0.0039120640256442,0.0,0.0,0.0,0,False,False,False,False
d10bfbec-5372-4d3d-87a8-fee2a8edb574,ok,17761535.0,v1.14-1.15,0.0,0.0,0.1346324180690876,True,0.0489130434782608,0.5014589999999828,0.8078448386653677,4.0,actuator_motors,none,9457158,6058452,4.1,,C,,0.0,4.0,True,10.004305267369206,20.004266630633555,1.999995288899986,225.057438,220.726498,,True,0.0,0.0073113229591399,0.0026605353923514,0.0027192252455279,0.0200433153659105,0.0161655684933066,0.0057690944522619,0.1869118511676788,0.0180672220885753,0.0022028593812137,0.0,1,False,False,False,False
6dcb9bd9-9cc6-47bf-a857-496aeeae01ab,ok,17825984.0,v1.16+,0.0,0.0,0.0,False,0.0051020408163265,0.1020010000000013,0.1742876976728437,4.0,actuator_motors,none,3306613,2201672,3.3,,C,,0.0,4.0,True,10.014284706394976,20.01433107222871,2.0000147087695903,64.105772,58.725096,,True,0.0,0.0019080147147178,0.0,0.0,0.0,0.0,0.0,0.0,5.789563822746269,2.3421363472938523,0.0587919987738131,1,False,False,False,False
85320381-9d0e-41bc-992e-5afea57a9d82,ok,17761535.0,v1.14-1.15,0.0,0.0,0.0,True,0.0,0.0,0.3201425194740295,4.0,actuator_motors,none,3268163,2460895,3.8,,C,,0.0,4.0,True,10.0127521414744,20.01253850189387,2.0002773956116844,83.924739,78.25036400000002,,True,0.0,0.0060537084937095,0.0,0.0,0.0,0.0,0.0,0.0,0.000115246194764,0.0690258339047431,0.0,0,False,False,False,False
28b9796b-921a-4209-81a6-6dd4b720ccdd,ok,17761280.0,v1.14-1.15,0.0,0.0,0.0,True,0.0004737091425864,0.1005540000000166,0.3294323682785034,4.0,actuator_motors,none,9049986,6261087,3.8,,C,,0.0,4.0,True,10.004398250368927,20.00429410777385,1.9999832611100727,217.074734,211.135044,,True,0.0,0.0055312126874923,0.0356303608044981,0.05907365642488,0.094854077324271,0.1145243346691128,0.0160790488589554,0.0350640764459967,0.0879667744040489,0.0258101943880319,8.637664699554442,0,True,False,False,False
2cbe4277-b720-4489-91c4-d3574c68c942,ok,17826559.0,v1.16+,0.0,0.0,0.0,True,0.0,0.0,0.2508441805839538,4.0,actuator_motors,none,2489011,1917151,3.0,,C,,0.0,4.0,True,10.015568766187528,20.01402287878066,1.9999499225137511,63.91187,59.54972500000001,,True,0.0,0.0023808648111298,0.0025012711528688,0.0097922380082309,0.0049028672510758,0.0067375496029853,0.0038587801740504,0.0048181459540501,0.1143235124647617,0.1143235124647617,0.0,0,False,False,False,False
363a2041-40ea-4c87-b89f-d10226fdc10b,ok,17694720.0,v1.14-1.15,0.0,0.0,0.0,True,0.0015483722975168,0.2103340000000173,0.5112167596817015,4.0,actuator_motors,none,21595491,13395892,6.8,,C,,0.0,4.0,True,10.005079793634604,219.8026766088809,2.000080378565348,187.085706,183.094133,,True,0.0,0.0021857498795725,0.0041050512343645,0.0,0.0071856294060125,0.0,0.0013384449877776,0.002288192033302,0.0163927722722291,0.0211054427549242,0.0,0,False,False,False,False
5f61ecd0-0991-454b-8431-01e9e1480125,ok,17891392.0,v1.16+,0.0,0.8406072106261859,0.0,True,0.0012150668286755,0.1013290000000002,0.1683597281575203,4.0,actuator_motors,none,3909742,2907731,2.7,,C,,0.0,4.0,True,10.010141060208456,20.00994674217776,2.00006782150884,88.847428,82.27464799999998,,True,0.0,0.0273878897540271,0.0018854204914532,0.0030883882427588,0.0402436792850494,0.057291947491467,0.0974907413125038,0.1132576383650302,0.0061780414311215,0.0047542036976665,0.0,1,False,False,False,False
932ea85a-8e9a-4b86-b823-676417a8bab3,ok,17629952.0,v1.12-1.13,0.0,0.0,0.0,True,0.0,0.0,0.2033452548086643,4.0,actuator_motors,none,202423079,94620988,49.7,,C,,0.0,4.0,True,9.898742401433616,200.4025111885899,1.9782572134989924,1471.462111,1465.125055999999,,True,0.0,0.0046022814000025,0.0184146256186068,0.0,0.0017200051050167,0.0,0.0,0.0008840734953992,0.0007090787257766,0.0,0.0002799693320412,0,False,False,False,False
b0e71720-0c40-4c62-882d-7a416dbc1d31,ok,17891583.0,v1.16+,0.0,0.0,0.0333988212180746,True,0.1042311661506708,10.000022,1.0,4.0,actuator_motors,none,4539638,3203425,2.7,,C,,0.0,4.0,True,10.00964811737848,20.00928647741962,2.000009722819544,101.191662,96.913186,,True,0.0,0.0359381370246409,706227313049.5986,6219137338572.789,0.0603453699499367,0.0562039148062467,0.1467160508036613,0.0529067408293484,0.0227480031549929,0.0163925383239984,0.0,2,True,True,True,True
eb3bc893-2ef2-4464-80c8-fbd8d5721b7b,ok,17825856.0,v1.16+,0.0652173913043478,0.0,0.0,False,0.008867939602141,0.7947489999999959,0.272596026957035,4.0,actuator_motors,none,8550641,5305164,3.8,,C,,0.0,4.0,True,10.010668169726554,130.4545178754606,1.999929035485104,91.656879,89.37040299999998,,True,0.0,0.0669312819838523,0.0432461887598038,0.0247524818405509,0.069489823281765,0.1556483909487725,0.0025934843113645,0.0835332199931145,0.4027570813894272,0.1666398972272874,0.0,2,False,False,False,False
cfcf4d80-63cb-4cab-8b87-84ed9a5acf69,ok,17695744.0,v1.14-1.15,0.8818181818181818,0.0,0.0,False,0.0316122233930453,2.601485000000004,0.5205353140275212,4.0,actuator_motors,none,2983110,2053443,2.4,,C,,0.0,4.0,True,10.018001547340448,20.021024487883903,2.014943891418704,108.729974,94.22134800000002,,True,0.0,0.0003150192147586,0.4518693968653678,0.0,0.8470058977603907,0.0,7876.340063476562,0.0072236909996718,0.0,0.0,0.0,2,True,True,True,True
e4db7730-7076-41a9-8450-365c78d08231,ok,17891583.0,v1.16+,0.0,0.0,0.0,True,0.0362068965517241,0.1999289999999973,0.6835150912404057,4.0,actuator_motors,none,10408081,7153386,8.3,,C,,0.0,4.0,True,10.003992781333451,20.0041386169796,2.000024733781356,234.436398,231.97232,,True,0.0,0.0030805556802079,16392735487.999857,263920520396.79767,0.008266277052462,0.0129141916055232,0.0119661320932209,0.019863006286323,0.0,0.1780151218175887,0.0,0,True,True,True,False
5061507f-53be-445d-9e7a-7257f811d0e1,ok,17695488.0,v1.14-1.15,0.0,0.0,0.0,True,0.0,0.0,0.2130794428288936,4.0,actuator_motors,none,5373107,3381176,3.4,,C,,0.0,4.0,True,10.00739887204289,20.00628804673645,1.99999205907212,136.053496,134.03766099999996,,True,0.0,0.0004231311453622,0.0,0.0,0.0,0.0,0.0,0.0,0.0002054884360404,0.0,0.0,0,False,False,False,False
9bce479a-8561-4404-866b-a22d982fb2d4,ok,17825984.0,v1.16+,0.0,0.0,0.0,True,0.0,0.0,0.2382012456655502,4.0,actuator_motors,none,8209400,5448419,4.9,,C,,0.0,4.0,True,10.004879868894932,20.00475419464836,2.000053498918466,199.757243,197.64184,,True,0.0,0.0014533295878209,0.0009428837802261,0.0011434374377131,0.0021590251242741,0.0030183007707819,0.0020207927795127,0.0018070720601826,0.0,0.0,0.0,0,False,False,False,False
f7749e6d-7887-4805-84b2-ac9a2c56c4c3,ok,17761280.0,v1.14-1.15,0.0416666666666666,0.0,0.0,True,0.0,0.0,0.2761673718690872,4.0,actuator_motors,none,2629251,1883591,3.0,,C,,0.0,4.0,True,10.0143368278024,20.01464944152136,2.0000061470777166,68.252742,66.865227,,True,0.0,0.0065932940691709,0.0,0.0,0.0,0.0,0.0,0.0,0.0921954363584518,0.3404482811689371,0.0,1,False,False,False,False
2cb6ff34-eef4-4466-9b2d-f13f0db891c4,ok,17891392.0,v1.16+,0.0,0.0,0.0,True,0.292846049003138,3.465635000000006,0.9379920080304146,4.0,actuator_motors,none,13825183,8803911,5.1,,C,,0.0,4.0,True,9.974068897861825,202.10557435754663,1.982534586451233,114.684699,110.899468,,True,0.0,0.0017038643825799,0.0001486363849835,0.0005074286396848,0.0039447675924748,0.0077995117055251,0.0018760249833576,0.0068299694918096,0.0046288466546684,0.0015495378989726,0.0,1,False,False,False,False
53e765e2-3c69-4f3b-8d19-dd9e36562c40,ok,17825792.0,v1.16+,0.0,0.0,0.0,True,7.603488915199374e-05,0.0037939999999707,0.3173231601715087,4.0,actuator_motors,none,37682538,23413911,12.1,,C,,0.0,4.0,True,10.003009472493156,197.9925107154215,1.999975328548619,327.544503,322.22425300000003,,True,0.0,0.0018820679397322,0.0002370831934968,8.883068585419096e-05,0.0029875177424401,0.0014708989765495,3.211803138256073,0.0012952339893672,0.0514636179432272,0.0116394213400781,0.0,0,False,False,False,False
46969280-f01c-4d74-9520-e2de5dc6fcfe,ok,17694975.0,v1.14-1.15,0.0,0.0,0.0,True,0.4760672703751617,2.8000919999999496,0.7978374719619751,4.0,actuator_motors,none,15733668,9969080,4.8,,C,,0.0,4.0,True,10.002695600853952,20.00257400802421,1.999967969704249,389.998963,386.46733800000027,,True,0.0,0.0067638514796271,0.0044106131419539,0.0,0.0088177588768303,0.0,0.0106398223433643,0.0035548265674151,0.0025261859060265,0.0066993996733799,0.0,1,False,False,False,False
d866394f-804f-4a6f-9080-d1ef8ca14e5f,ok,17761280.0,v1.14-1.15,0.0,0.0449678800856531,0.0,True,0.0,0.0,0.500907751917839,4.0,actuator_motors,none,10611148,6684642,3.8,,C,,0.0,4.0,True,10.004077056017438,20.004274687439604,2.0000024871825803,234.535345,229.88620799999995,,True,0.0,0.0086886035278439,0.0061880267225205,0.0039460457861423,0.0224504433572292,0.0152410399168729,0.0054651976563036,0.0192290712147951,10.716228675842284,18.21104822158813,2.1084868431091297,1,False,True,False,True
ac5ab6bf-75f8-442c-b41c-35f10600d50c,ok,17826559.0,v1.16+,0.0,0.0,0.0,True,0.0,0.0,0.4633287668228147,4.0,actuator_motors,none,42413610,26417710,8.8,,C,,0.0,4.0,True,10.001006169671646,20.00091073141647,1.9999964858200123,1004.714754,998.7086229999992,,True,0.0,0.0010250090097542,2.612894995763777e-05,5.04527361044893e-05,0.0009240115818101,0.0016373295686207,0.0001310069070314,0.0017353910370729,0.0530942671000956,0.0064111582236364,0.0,0,False,False,False,False
92da84f6-0478-4c79-b8f3-f14ca4864b66,ok,17694975.0,v1.14-1.15,0.0,0.0,0.0,True,0.0,0.0,0.4052474528551101,4.0,actuator_motors,none,3861615,2730271,4.0,,C,,0.0,4.0,True,10.009269378478088,20.009327424938085,2.000022810516567,97.78925,93.722218,,True,0.0,0.0071802719030529,0.0155228558927774,0.0,0.0770036071538924,0.0,0.0435931971296668,0.0303787495940923,0.025317111518234,0.0338973049074411,0.0,0,False,False,False,False
3885bced-89d4-464e-9bdd-e9ad9fb39001,ok,17761023.0,v1.14-1.15,0.0,0.0,0.0,True,0.2150537634408602,2.902529000000001,0.3376718759536743,4.0,actuator_motors,none,12113170,7726268,5.6,,C,,0.0,4.0,True,9.963302607089686,19.94635306361314,1.9830323828509195,353.812875,345.35027099999985,,True,0.0,0.0021271786419674,0.0002402820922725,0.0003104439616436,0.0071108818985521,0.009500818233937,0.0024881890742108,0.0105405730195343,0.0263357577845454,0.0126748882699757,0.0,1,False,False,False,False
a2b3185c-ee05-4813-9785-d0917e8ce78b,ok,17695743.0,v1.14-1.15,0.9610778443113772,0.0,0.0,True,0.4570372651678472,23.600186000000008,0.394441819190979,4.0,actuator_motors,none,14008285,9095988,5.2,,C,,0.0,4.0,True,9.948850660083314,19.894402046133823,1.987909936598332,331.60255,326.4967219999999,,True,0.0,0.0176060298457741,0.0027034564176574,0.0,0.0663503840565681,0.0,0.0088966772891581,0.0156148638576269,0.3846623569726944,0.4663656502962112,0.0,2,False,False,False,False
de427e5e-6b01-4efd-b9af-31863b739599,ok,17826559.0,v1.16+,0.0742857142857142,0.0071428571428571,0.0,True,0.0,0.0,0.2626051515340805,4.0,actuator_motors,none,12946285,8193457,5.8,,C,,0.0,4.0,True,10.002600190208874,20.00261857137235,1.9999994391990128,349.547381,343.92113900000004,,True,0.0,0.0011524688510689,0.0014407395676244,0.0011534198420122,0.0023188926512375,0.0017556460166815,0.003344921558164,0.0034836184233426,0.021105047687888,0.0127644998021423,0.0,2,False,False,False,False
13d90e81-3f70-45e1-8338-7666e04ecfe0,ok,17826047.0,v1.16+,0.0,0.0,0.0,True,0.0076861112975766,0.902275000000003,0.1523398160934447,4.0,actuator_motors,none,111267566,56217157,24.7,,C,,0.0,4.0,True,10.001066375233602,165.7461748273421,2.00000344843157,921.147209,209.63194600000008,,True,0.0,0.118056102097034,328712460697.5995,8515784802303.987,0.0089015895500779,0.015554445516318,0.0260061062872409,0.0050849844235926,0.001395004033111,1.4125305891036974,0.0,0,True,True,True,True
9922859c-fc46-411f-9416-29cc6abc5758,ok,17761280.0,v1.14-1.15,0.121311475409836,0.0557377049180327,0.0,False,0.0520570948782535,3.6987029999999934,0.526659781965592,4.0,actuator_motors,none,5275809,3826788,2.8,,C,,0.0,4.0,True,10.008327360617374,20.00747821041881,1.999999550000101,119.974681,118.73002900000004,,True,0.0,0.0071343085728585,0.0019643679261207,0.0012116685975342,0.0092753060162067,0.0137647278606891,0.0048291231505572,0.0195873323827981,0.1272275745868683,0.008438074029982,0.0104483319446444,4,False,False,False,False
4a8e48c0-8073-424e-9a5d-21c32a595315,ok,17760384.0,v1.14-1.15,0.0,0.0,0.0,True,0.0,0.0,0.064886637032032,4.0,actuator_motors,none,8516723,5797563,3.9,,C,,0.0,4.0,True,10.010064782497729,20.009571625756145,2.000047521129102,100.300724,95.381486,,True,0.0,0.001598743838258,0.0001501757651567,0.0003890914958901,0.001547779655084,0.0010521580697968,0.0012667317641898,0.0011230843374505,0.0048417737707495,0.001148089999333,0.0,0,False,False,False,False
2f90c7ea-7f37-4814-918d-c73a79f06648,ok,17760767.0,v1.14-1.15,0.0,0.1853146853146853,0.0,True,0.0,0.0,0.1156667798757553,4.0,actuator_motors,none,15023717,9541141,9.3,,C,,0.0,4.0,True,10.006265780685212,188.28838928149528,1.999968000511992,139.846754,135.179484,,True,0.0,0.0102436805143952,0.0017488535377196,0.0010472506633959,0.0073259207652881,0.0060340261319652,0.0020202584913931,0.0097469402477145,0.0272004495374858,0.0029361569322645,0.0,1,False,False,False,False
d9b0e445-2b05-4a86-ad30-0fcec5bab02c,ok,17761280.0,v1.14-1.15,0.0227133210558624,0.001841620626151,0.0,True,0.0,0.0,0.1933081701397895,4.0,actuator_motors,none,91490164,54064038,20.6,,C,,0.0,4.0,True,9.804146269139556,215.53994663519543,1.9627721438847865,834.849347,815.6520080000004,,True,0.0,0.0218522038310765,0.0107399217784404,0.0090209200978279,0.0053975172340869,0.0041377270594239,0.0051586501998826,0.0060282219201326,0.0208893267437815,0.0070026696659624,25.799584197998016,2,True,False,False,True
b176f84b-5009-40e4-8743-31c63ce1c5df,ok,17760511.0,v1.14-1.15,0.0,0.1983471074380165,0.0,True,0.0,0.0,0.1063585102558135,4.0,actuator_motors,none,15347948,7496019,7.8,,C,,0.0,4.0,True,9.999977644074056,19.999965950186947,1.999913021024215,116.014843,97.442647,,True,0.0,0.0125393351539968,1.5046444787003555e-05,1.4238537733035608e-05,9.643503872212022e-05,0.0001075634267181,0.0836041718721389,0.0019516394473612,0.0,,0.0002493384672561,1,False,False,False,False
b563cdbe-7721-4a33-a182-4abe35eda4ab,ok,17694975.0,v1.14-1.15,0.3443456162642948,0.0,0.0,True,0.000255167134473,0.0977169999999887,0.4830026119947433,4.0,actuator_motors,none,14153022,8334200,5.9,,C,,0.0,4.0,True,10.002546417882163,20.002295676320283,2.000043480537095,392.337961,391.89614200000034,,True,0.0,0.0007707373821176,0.0,0.0,0.0,0.0,0.0,0.0,0.0427207298576831,,0.0,1,False,False,False,False
80b880d7-fb59-47ff-92dd-1b0281490a80,ok,17760384.0,v1.14-1.15,0.0,0.0,0.0,True,0.0,0.0,0.2401874423027038,4.0,actuator_motors,none,4466723,3030696,4.4,,C,,0.0,4.0,True,10.000157753248448,19.99984850209636,2.0000643074111664,131.220483,125.93320100000004,,True,0.0,0.0344128467142581,0.0011898042401298,0.0031225194688886,0.0011151667917147,0.0029115851270034,0.0375223226845264,0.0152966472320258,0.0,0.049937157332897,0.0,0,False,False,False,False
e7eb6c96-1450-41d4-844e-2cd7378f2412,ok,17695999.0,v1.14-1.15,0.0,0.0543209876543209,0.0,True,0.0,0.0,0.3833749726895008,4.0,actuator_motors,none,22308447,13886368,7.0,,C,,0.0,4.0,True,9.922135506594886,198.2629649027136,1.975636605480892,205.319466,196.58765599999987,,True,0.0,0.0022437015431933,0.00014779117555,0.0,0.0005626091733574,0.0,0.0066309492103755,0.0075177798280492,0.0025196950882673,0.0,0.0,1,False,False,False,False
57a3b512-7aa6-40b5-b871-76b905f26972,ok,17826047.0,v1.16+,0.0,0.0,0.0,True,0.0058309037900874,0.3026119999999999,0.3044892102479934,4.0,actuator_motors,none,3306370,2589331,2.5,,C,,0.0,4.0,True,10.012538607739469,20.013270841807813,1.9998915321987407,76.127969,68.56699,,True,0.0,0.0132948528975248,0.0038319676183164,0.0094400886446237,0.0226839654147625,0.0395332477986812,0.0733929932117462,0.0366321347653866,0.0342853110283613,0.019211458414793,0.0,0,False,False,False,False
5c25fcb5-1fa5-45f1-b1ab-9316064b41e4,ok,17760768.0,v1.14-1.15,0.0,0.0,0.0,True,0.0265282583621684,2.299324000000013,0.1677162881940603,4.0,actuator_motors,none,3713825,2707313,2.5,,C,,0.0,4.0,True,10.01014080753105,20.01043226537962,2.000068969411275,91.522781,86.67390799999997,,True,0.0,0.0146374394185841,0.2585116744041443,0.0917921774089336,0.6705580353736881,0.7007941067218786,4.417579200118808,0.0927306093275547,0.0,0.0,3.118769049644471,0,False,False,False,False
8e2d1b52-4a31-438d-b245-ba69a1780560,ok,17891392.0,v1.16+,0.0,0.7373737373737373,0.0,True,0.0,0.0,0.1042211279273033,4.0,actuator_motors,none,2798119,2290392,2.5,,C,,0.0,4.0,True,10.015000578267712,20.015744037530496,1.999823095014151,63.344619,57.374552,,True,0.0,0.1058104075491427,0.0052892628591507,0.0075196138583123,0.084922221302986,0.0762840680778024,0.0355486541986465,0.0540575224906206,0.0539690077304839,0.0195658307522535,0.0,1,False,False,False,False
d08e3e54-e09d-4dc4-b5ee-e02df4c353a6,ok,17761792.0,v1.14-1.15,0.0,0.0,0.0,True,0.0,0.0,0.2848555870354175,4.0,actuator_motors,none,13018448,7578683,6.8,,C,,0.0,4.0,True,10.009576635799316,221.14129579480988,2.000023024655308,102.866543,98.55569100000004,,True,0.0,0.0107779116369783,0.0054140274878591,0.0071656623622402,0.0624059708788991,0.2274210155010223,0.0317607596516609,0.0525148883461952,0.0291628274135291,0.0154244995210319,0.0,0,False,False,False,False
b410ff33-6ddf-4118-87dc-370c576f156a,ok,17826047.0,v1.16+,0.0,0.0,0.0,True,0.0142465753424657,0.5987100000000112,0.6246530055999755,4.0,actuator_motors,none,9004408,6357434,3.8,,C,,0.0,4.0,True,10.005336179295623,20.0053172027302,1.999999946666668,188.191844,182.559769,,True,0.0,0.0056721428409218,0.0027032517828047,0.0003799105688813,0.0052885632030665,0.004509167629294,0.0033597846049815,0.0089674787595868,0.0139049219433218,0.0013089990534354,0.0,0,False,False,False,False
ce6d7213-961b-4c24-9b8e-667f7b91b76f,ok,17761280.0,v1.14-1.15,0.0,0.0,0.0,True,0.0071716718960107,0.1997649999999993,0.7329249921047484,4.0,actuator_motors,none,17291054,10871232,6.3,,C,,0.0,4.0,True,10.00211877366444,20.001871377302333,2.000020288774073,450.979163,446.1294660000001,,True,0.0,0.0016362903465051,0.0017134119872935,0.0006655029981629,0.0094106900505721,0.0052495488664135,0.0075265120947733,0.0083934421651065,0.1106624141335486,0.0018410523829516,0.0,0,False,False,False,False
8c9898cc-5841-4850-9e03-e325ef05974c,ok,17695743.0,v1.14-1.15,0.0,0.0,0.0,True,0.0001123613541148,0.0050659999999993,0.2821635097265243,4.0,actuator_motors,none,44841439,16725637,8.8,,C,,0.0,4.0,True,9.680879444384567,190.5172612617551,1.9425503492958405,87.318737,81.94974200000001,,True,0.0,0.0058426708448678,0.0004777203284902,0.0,0.0054390402510762,0.0,0.0011463179253041,0.0015720206662081,0.0020828776876442,0.0073343274882063,0.0,0,False,False,False,False
d7da7818-a085-4de4-a8fe-6e175b4c964b,ok,17826240.0,v1.16+,0.5743589743589743,0.0769230769230769,0.0,True,0.0,0.0,0.1783599577844141,4.0,actuator_motors,none,2944639,2146743,3.0,,C,,0.0,4.0,True,10.012281556619545,20.01274210368708,1.9999904636216304,75.605727,67.20937599999999,,True,0.0,0.0001027052334393,0.0007028388761682,0.0005808661109767,0.0021872311714105,0.004136064951308,0.0028163736336864,0.0045886139385402,0.1939336352050304,0.0186030097305774,0.0,2,False,False,False,False
772051f3-1e48-4d9c-ae42-cf44e868798f,ok,17760320.0,v1.14-1.15,0.1137724550898203,0.3473053892215569,0.0,True,0.0080645161290322,0.5,0.0614062190055847,4.0,actuator_motors,none,16959697,7206662,4.0,,C,,0.0,4.0,True,122.46881785588042,194.31401888447448,123.92061808816844,78.9,62.06399999999999,,True,0.0,4.180650648777373e-05,0.0087857851758599,0.0037181754596531,0.0064905625768005,0.0055431453511118,0.0124267479404807,0.0104258470237255,0.0,0.0263998303562402,0.0,2,False,False,False,False
66d3d20d-733c-4d2b-bac8-aee08920cbb2,ok,17760256.0,v1.14-1.15,0.0,0.08,0.0,True,0.0,0.0,0.5808064751327037,4.0,actuator_motors,none,4986856,3681100,5.2,,C,,0.0,4.0,True,10.007975340807391,20.007739711148844,1.999888236698541,122.046569,114.94258799999996,,True,0.0,0.0028113425010815,0.0007429196470184,0.0005652073217788,0.0066410001832991,0.011390446871519,0.010270132496953,0.0053974533686414,0.0194334583356976,0.0206267122179269,0.0,1,False,False,False,False
1ccf1be6-2c88-402e-99e0-2f8039601997,ok,17695999.0,v1.14-1.15,0.3132022471910112,0.0126404494382022,0.0,True,0.0,0.0,0.1516391783952709,4.0,actuator_motors,none,39196487,24068112,10.7,,C,,0.0,4.0,True,9.917181280011002,200.0480079935404,1.9834397532094863,362.476233,350.57012099999986,,True,0.0,0.0032135216752067,0.0020899312570691,0.0,0.0016943833325058,0.0,0.0100420128554105,0.0072658293880522,0.0004375159944174,0.0,0.0,2,False,False,False,False
eb79623b-519d-4528-a01b-48d7ef00bd0e,ok,17891583.0,v1.16+,0.0,0.0,0.0,True,0.0,0.0,0.0867001295089721,4.0,actuator_motors,none,64242093,27139188,12.3,,C,,0.0,4.0,True,10.000958527883125,20.000946942421773,1.9999874020211024,1030.182304,1026.5323019999996,,True,0.0,0.0001425197551725,0.0,0.0,0.0,0.0,0.0,0.0,3.3006597277562832e-06,0.5623596906661987,0.0,0,False,False,False,False
70cdc2f7-454c-4d20-8df9-b9631b51e3c4,ok,17761535.0,v1.14-1.15,0.0098389982110912,0.988819320214669,0.0,True,0.0003565380158659,0.1988039999999955,0.2646419882774353,4.0,actuator_motors,none,43745960,26366589,13.6,,C,,0.0,4.0,True,10.00088778081523,20.000799925439743,1.999997750335716,1125.754988,1121.8297050000008,,True,0.0,0.0158515910618007,0.0571862444281577,0.0300704349763691,0.0070279421051964,0.0045600100886076,0.0031793054309673,0.0022667752578854,0.0206165957264601,0.5813606113195413,0.0,2,False,False,False,False
e7dd1aa5-2f42-4e46-8d97-d1206aeffdef,ok,17891520.0,v1.16+,0.0,0.0,0.0,True,0.0,0.0,0.2559525027871131,4.0,actuator_motors,none,13225023,8447365,4.9,,C,,0.0,4.0,True,10.00756442251762,200.00002019777187,1.999998970464665,118.392751,112.43040999999998,,True,0.0,0.0036201390088535,0.021043743006885,0.0894234050065278,0.0962782610207795,0.1687464877963064,0.0181020461022853,0.0505738917738198,0.1009363498538732,0.0997003141790627,0.0045636428985744,0,False,False,False,False
687c41e7-2801-4e22-a316-33e8478bdc95,ok,17761535.0,v1.14-1.15,0.0754716981132075,0.0,0.0,True,0.0,0.0,0.5521544963121414,4.0,actuator_motors,none,3172453,2352643,2.4,,C,,0.0,4.0,True,10.012858287781365,20.01259682515249,1.9998457487397487,76.089441,64.90540200000002,,True,0.0,0.000307466101367,0.0,0.0,0.0,0.0,0.0,0.0,0.1476084411144256,0.1057321727275848,0.0003365904442034,1,False,False,False,False
4287b232-f4a8-417d-aa49-b21eb88081fb,ok,17826047.0,v1.16+,0.0,0.0,0.0,True,0.3196004993757803,4.402313999999997,0.3161134719848633,4.0,actuator_motors,none,3959784,3123344,2.7,,C,,0.0,4.0,True,9.881454851078576,19.75177580367395,1.999948049542232,84.717131,80.13241599999999,,True,0.0,0.0056729236617684,0.0001525626561488,0.0001664685900323,0.0064075930975377,0.00192617647117,0.0082534703426063,0.0089004253037273,0.0183102009817957,0.050076962634921,0.0,1,False,False,False,False
967adbbb-7a99-40f6-8126-3e05cb146b3f,ok,17761280.0,v1.14-1.15,0.2389078498293515,0.0716723549488054,0.0,True,0.0357142857142857,1.0999959999999973,0.287957140803337,4.0,actuator_motors,none,4404965,3311111,4.7,,C,,0.0,4.0,True,10.008996675329907,20.009012868569297,2.0000046834280525,99.638823,95.24017300000004,,True,0.0,0.0081832030788063,0.003033420164138,0.0047648999374359,0.0102112497668713,0.0109760355204343,0.0058897578623145,0.0285183973610401,0.0460760582238435,0.0056139170657843,0.00188156706281,2,False,False,False,False
8662dc04-492e-426a-bd48-fedfb83a2819,ok,17695488.0,v1.14-1.15,0.0200400801603206,0.0,0.0,False,0.0,0.0,0.0160054296255111,4.0,actuator_motors,none,31129600,17030781,13.4,,C,,0.0,4.0,True,10.001184702989727,20.00215312456091,2.000395919238424,745.202026,743.4165890000003,,True,0.0,0.0,0.0,0.0,0.0,0.0,0.0,0.0,0.0001039343733282,0.0,0.0,2,False,False,False,False
393720cc-406d-4e83-a471-06b57e8272a4,ok,17694975.0,v1.14-1.15,0.2363636363636363,0.0,0.0,True,0.0014814814814814,0.1016979999999989,0.2740368038415908,4.0,actuator_motors,none,5828075,3974045,7.0,,C,,0.0,4.0,True,9.835192998461713,19.656826638166315,1.9642409927273976,139.854451,137.429111,,True,0.0,0.0018409127253107,0.0003590007429011,0.0,0.0090076982043683,0.0,0.0020039056893438,0.0037114188075065,0.0100124550983309,0.0183491427451372,0.0,1,False,False,False,False
67c11066-1264-4af4-b94a-a36d6820a6e5,ok,17760511.0,v1.14-1.15,0.0017953321364452,0.0,0.0,True,0.0025230745004849,1.640525999999909,0.1498588323593139,4.0,actuator_motors,none,140687828,73831068,28.9,,C,,0.0,4.0,True,10.000051215663298,247.3080866148063,2.00006116424847,1126.867903,1123.2125779999997,,True,0.0,0.0007917828857898,0.0,0.0,0.0,0.0,0.0,0.0,1.030063962936401,0.4843816459178923,0.0009278979443479,1,False,False,False,False
2614ee35-79e5-4304-b905-314be888c7c5,ok,17695743.0,v1.14-1.15,0.0,0.0,0.0,True,0.0017452006980802,0.1009480000000024,0.4130265042185781,4.0,actuator_motors,none,2892941,2245220,2.7,,C,,0.0,4.0,True,9.9991428227263,19.999753779466307,2.0000190230817005,65.960739,57.39456100000001,,True,0.0,0.0012618533102795,0.0029830114450305,0.0,0.017069764714688,0.0,0.010342965228483,0.0051603194791823,0.5253230631351468,2.547092843055725,0.0,0,False,False,False,False
b48a234c-03d3-4dae-9f9d-cf335744cad3,ok,17891583.0,v1.16+,0.0,0.0543478260869565,0.0,False,0.955958549222798,73.70066999999999,1.0,4.0,actuator_motors,none,2942841,2033907,2.7,,C,,0.0,4.0,True,10.013306431001116,20.01266988079512,2.000070652177305,79.018681,76.66580600000002,,True,0.0,0.007876450731419,0.0,0.0,0.0,0.0,0.0,0.0,0.0086383903399109,0.0049118477385491,0.1424883648753169,3,False,False,False,False
a9ca40fb-70b4-498b-90f5-3e7a31a630e6,ok,17761535.0,v1.14-1.15,0.0,0.0,0.0,True,0.0120481927710843,0.2974639999999979,0.2728909313678742,4.0,actuator_motors,none,7562541,3745861,5.0,,C,,0.0,4.0,True,9.999906875867218,19.98599244428097,1.999959903242916,144.399502,66.31803999999998,,True,0.0,0.0159886832349001,0.0,0.0,0.0,0.0,0.0,0.0,10.33335642814636,0.0,0.0826132152229547,0,False,False,False,False
ebd943b4-d8b5-4b86-86e5-86b77ff478d4,ok,17695743.0,v1.14-1.15,0.0,0.0,0.0,True,0.0,0.0,0.1147233769297599,4.0,actuator_motors,none,10653884,6697026,3.9,,C,,0.0,4.0,True,10.013710024004798,159.97664722531798,2.000025289793467,76.117584,70.291208,,True,0.0,0.0078004986979067,0.0,0.0,0.0,0.0,0.0,0.0,0.0,0.0,0.0001618439971935,0,False,False,False,False
aef0e777-e6db-4d3d-b1a0-153099297f86,ok,17761280.0,v1.14-1.15,0.0290055248618784,0.0,0.0,True,0.0,0.0,0.2292560011148451,4.0,actuator_motors,none,39576018,24755487,12.6,,C,,0.0,4.0,True,9.980226792902505,197.11650821164253,2.000464278786865,362.200242,358.388728,,True,0.0,0.0128139741718769,0.1092199329286813,0.0147210771683603,0.0074218638474121,0.0038161653792485,0.0556787755340337,0.0066428040154278,0.0046250566840171,0.0007945402176119,0.6110717296600345,1,False,False,False,False
845a6b84-c30f-4455-ae40-7ceadba53a3e,ok,17695488.0,v1.14-1.15,0.9965986394557824,0.0,0.0,True,0.0,0.0,0.4422922357916832,4.0,actuator_motors,none,23301676,12001302,9.7,,C,,0.0,4.0,True,10.002196050470168,20.00209520167283,1.999967609719976,435.138439,424.5937419999995,,True,0.0,0.009273316245526,0.0006192455475684,0.0,0.0033339164219796,0.0,0.0006854597304482,0.0022787807974964,0.0101945549249649,0.0393283763900399,0.0020489159505814,1,False,False,False,False
28a0d84e-a602-4eca-90e0-3e8f8e552fb9,ok,17695488.0,v1.14-1.15,0.0,0.0,0.0,True,0.0011587485515643,0.0980920000000011,0.133853393048048,4.0,actuator_motors,none,3756800,2392567,2.4,,C,,0.0,4.0,True,10.011130174759714,20.010903047787657,2.000143118812193,88.083534,86.30308599999996,,True,0.0,0.0098724907729774,0.0262862481176853,0.0,0.12016680277884,0.0,3106.8680419921875,0.2122513055801391,1.3458383083343506,6.747947466373439,0.0,0,True,True,True,True
48399b22-86b7-4249-b279-abe8ec0da2fb,ok,17761023.0,v1.14-1.15,0.0,0.0,0.0,True,0.0,0.0,0.3168385922908783,4.0,actuator_motors,none,26726552,8388431,10.3,,C,,0.0,4.0,True,9.95056802491322,195.54044243971163,2.000129208346859,61.353073,55.42244600000001,,True,0.0,0.0070530283264815,0.0,0.0,0.0925615131855011,0.0242386274039745,39.513427734375,0.0283966623246669,0.0644555166363716,0.0486929826438427,0.0,0,False,False,False,False
5d329eef-98f0-4984-8677-a2d79ead95a9,ok,17826047.0,v1.16+,0.0,0.0,0.0,True,1.362138011823358e-05,0.0012499999999988,0.1756434574723243,4.0,actuator_motors,none,44891830,17416614,11.9,,C,,0.0,4.0,True,10.01019989369188,199.9694275941397,1.9999957128297028,97.734731,91.82003199999996,,True,0.0,0.0027600184548646,0.0003100176327279,0.000467069541628,0.0006642952066613,0.0007370042003458,0.0062813449185341,0.0025423761107958,0.0066965271253138,0.0034474960993975,0.0,0,False,False,False,False
21a3f166-853b-4895-8fee-3cc56d05922b,ok,17695743.0,v1.14-1.15,0.6086956521739131,0.0,0.0,True,0.0602218700475435,0.3014480000000006,0.6463898569345474,4.0,actuator_motors,none,2796438,1994683,3.4,,C,,0.0,4.0,True,10.013754117208936,20.01424787046872,1.9999425604732264,68.228762,63.07068900000001,,True,0.0,0.0047800057567655,0.0,0.0,0.0,0.0,0.0,0.0,1.156102800369262,0.622086253762245,0.0,2,False,False,False,False
8dd03b36-cff7-436a-8228-99b00e70a3fe,ok,17956928.0,v1.16+,0.0,0.0,0.0,True,0.0,0.0,0.2841917887330055,4.0,actuator_motors,none,62809270,34807228,16.8,,C,,0.0,4.0,True,10.00193819673903,183.6533219074012,2.0001185115086133,501.769541,53.06701,,True,0.0,0.0040608810028061,0.0008167853025952,0.0012818870542105,0.0013664730417076,0.0013195302395615,0.0056739375926554,0.0033643195638433,0.002741250465624,0.0007076405716361,0.0,0,False,False,False,False
7af2a624-e86e-4fe1-bc25-07716be7b94e,ok,17629696.0,v1.12-1.13,0.0,0.6602564102564102,0.0,True,0.6087551299589603,27.898689000000005,1.0,4.0,actuator_motors,none,3696047,2678723,8.0,,C,,0.0,4.0,True,10.013456752457246,20.011832091811826,2.000160735497557,77.700017,73.08483099999991,,True,0.0,0.0001715271791908,0.0181417963467538,0.0,0.0018536876013968,0.0,0.0,0.0003202262814738,0.0001755341545504,0.0,0.0,2,False,False,False,False
3871d43b-ea3c-48da-9b0b-187af0e97089,ok,17825792.0,v1.16+,0.0,0.0068093385214007,0.0,True,0.0,0.0,0.1075182855129242,4.0,actuator_motors,none,151451698,80209824,35.8,,C,,0.0,4.0,True,9.877339102920944,133.9443667559027,1.9747473014584125,1584.600196,1528.829642,,True,0.0,0.0040743412449955,0.005891868378967,0.0062539316713809,0.0098414739593863,0.0128463124856352,0.0042048143222928,0.0411404311656951,0.0106332015246152,0.0084973338991403,0.0,1,False,False,False,False
bff53469-acbb-4908-9fc3-c5160bd07898,ok,17826240.0,v1.16+,0.1082251082251082,0.0,0.0,True,0.1020966271649954,3.4015229999999974,0.3765619099140169,4.0,actuator_motors,none,5028886,3574071,4.4,,C,,0.0,4.0,True,10.00848151907127,20.008042287456764,2.000006062798648,111.688511,109.6981399999999,,True,0.0,0.0035867980215698,0.0001903729236801,0.0005987708136672,0.0040149426320567,0.0024719287524931,0.0018667968630325,0.0051470029633492,0.0455235335975885,0.0040467497659847,0.0,2,False,False,False,False
502b2e0b-5e63-47fa-9b48-a0527c991459,ok,17761535.0,v1.14-1.15,0.0,0.0,0.0,False,0.2374154770848985,6.398649000000006,0.99999994135905,4.0,actuator_motors,none,6658136,4859352,5.3,,C,,0.0,4.0,True,9.834110231643873,19.66051122226301,1.9639736472283096,138.743165,135.18102100000004,,True,0.0,0.0236825592815875,0.0001008958213787,0.0001661963688093,0.0086072127334773,0.0025254872394725,0.0016973942692857,0.0040538302622735,0.0369699530303477,0.0257376279681919,0.0,2,False,False,False,False
fc265325-68a4-4bf4-b8e6-4fe9b92dcde9,ok,17760256.0,v1.14-1.15,0.0,0.0,0.0,False,0.0,0.0,0.1462141662836074,4.0,actuator_motors,none,82371883,42387381,16.3,,C,,0.0,4.0,True,10.000017167649895,20.00037120608955,1.999997091418512,1799.451135,1798.9116750000007,,True,0.0,0.0003533889321261,4.284607093723024e-05,1.888232654891907e-05,0.0009192626544972,0.0007048418890917,0.2878847807645797,0.0006867119198432,0.0,,0.0,1,False,False,False,False
8869d5f3-c41e-45c5-9bc9-1761e5f25c6d,ok,17694975.0,v1.14-1.15,0.0,0.0,0.0,True,0.001865671641791,0.1020639999999986,0.571309719234705,4.0,actuator_motors,none,12215788,7479854,4.3,,C,,0.0,4.0,True,9.935336679660358,19.87045474599184,1.984533864028758,324.316528,323.99208000000004,,True,0.0,0.0008400885679293,0.0,0.0,0.0,0.0,0.0,0.0,0.0313100913539529,,0.0,0,False,False,False,False
c973ccf7-4076-42f0-ab36-4a277fbff065,ok,17760511.0,v1.14-1.15,0.0,0.0,0.0,True,0.0,0.0,0.1382054716348648,4.0,actuator_motors,none,43987266,26538164,14.0,,C,,0.0,4.0,True,9.99803942082203,138.5258827343601,2.0010887754291904,448.236022,441.1538820000004,,True,0.0,0.003429451258853,0.0,0.0,0.0,0.0,0.0,0.0,3.692332174978217e-05,0.0,0.0,0,False,False,False,False
f245f5ec-0df4-4bd4-b1ce-593e587c0b2f,ok,17760768.0,v1.14-1.15,0.345679012345679,0.0,0.0,True,0.3454545454545454,25.497391,0.8338033355772495,4.0,actuator_motors,none,2930501,2122728,3.3,,C,,0.0,4.0,True,10.01109223938351,20.01054600242208,1.9999702568525903,78.508849,77.01482,,True,0.0,0.0513907492160797,2.5078036308288563,5.724402713775633,0.0181712761521339,0.0208720643073319,0.2916668593883513,0.0270085219293832,0.0305033922195434,0.0080609414726495,0.0,2,False,False,False,False
f1e2104f-630e-4f63-af1d-3e02443a55af,ok,17695488.0,v1.14-1.15,0.0,1.0,0.0,True,0.0126213592233009,0.102248000000003,0.2390571027994155,4.0,actuator_motors,none,8208260,4607604,3.4,,C,,0.0,4.0,True,10.004407006438043,19.99964363569352,2.0000020435856234,207.057095,205.961774,,True,0.0,0.0012778149393852,0.0,0.0,0.0,0.0,0.0,0.0,0.311231537163257,,0.0,1,False,False,False,False
6026d509-315f-4279-a8fc-58035d16d04d,ok,17825984.0,v1.16+,0.0,0.0,0.0,True,0.0,0.0,0.0853138931095599,4.0,actuator_motors,none,23472821,9971000,8.2,,C,,0.0,4.0,True,9.384374080943363,190.70822667325544,1.866242795094586,134.520902,128.205211,,True,0.0,0.0036924605141393,0.0018048074445687,0.0013030062778852,0.0427393123507499,0.0275058855302631,0.1171653375029563,0.1898321188986301,0.0,2.7322997450828552,0.0,0,False,False,False,False
d5934e2f-d86f-44d3-8289-63e8b5eca464,ok,17891392.0,v1.16+,0.0,0.0,0.0,True,0.0,0.0,0.2071571424603462,4.0,actuator_motors,none,130438528,44599749,34.5,,C,,0.0,4.0,True,9.926727538160172,200.4906429741569,1.9913146301617484,231.200703,225.3613219999998,,True,0.0,0.0008652358083054,0.0,0.0,0.0,0.0,0.0,0.0,0.0,0.0,0.0052372650243341,0,False,False,False,False
3183dec6-9b5c-4efb-9599-f756b960d481,ok,17760767.0,v1.14-1.15,0.0,0.0,0.0,True,0.0,0.0,0.1109088361263274,4.0,actuator_motors,none,11823064,7578940,14.2,,C,,0.0,4.0,True,10.003732134536932,20.003289742578986,2.000017784990603,283.871396,278.70649899999995,,True,0.0,0.0049003445776179,0.0015579521772451,0.0043374453671276,0.0087495213840156,0.0058422427857294,0.0033005428384058,0.00507956109941,0.0287510833702981,0.0209835620597004,0.0,0,False,False,False,False
e2cdd32f-d474-4238-b608-eafa817a8c62,ok,17694975.0,v1.14-1.15,0.0,0.0,0.0,True,0.0,0.0,0.0639606177806854,4.0,actuator_motors,none,2749710,2005426,2.7,,C,,0.0,4.0,True,10.013603380341449,20.01436726289748,2.000064692739989,69.7921,62.543712,,True,0.0,0.0085009665694087,0.0028350319364108,0.0,0.0054595056455582,0.0,0.0073333075037226,0.0027101880870759,0.0011397959373425,,0.0,0,False,False,False,False
5901eeac-c677-4e25-aab5-374c7d690ae3,ok,17825984.0,v1.16+,0.0,0.0,0.0,True,0.0,0.0,0.1449155688285827,4.0,actuator_motors,none,5080875,3961564,6.4,,C,,0.0,4.0,True,10.009458136049837,20.00943404268192,2.0000013270150983,105.859024,102.379989,,True,0.0,0.0403014365583658,0.0035386441159062,0.0018389660399407,0.0062941108830273,0.0034262118162587,0.0287594818510115,0.0315580163151025,0.0734515395015478,0.0182657008059322,0.0,0,False,False,False,False
ceac31e6-b2c1-40a9-817d-057ee9b9d5b6,ok,17695743.0,v1.14-1.15,0.0,0.0,0.0756062767475035,True,0.0107444359171143,0.8033229999999918,0.7520026172323697,4.0,actuator_motors,none,4911941,3206223,3.7,,C,,0.0,4.0,True,9.999791938661662,19.999770473390218,1.9999988530472528,139.647172,130.33540600000003,,True,0.0,0.0025557050714269,0.0010426836612168,0.0,0.0179726761765778,0.0,0.0020085300318896,0.0133352359756827,0.0615992004051804,0.1740940779447554,0.0,1,False,False,False,False
c5312309-9a21-4066-84d0-7115521bbecc,ok,17630207.0,v1.12-1.13,0.0,0.0,0.0,True,0.0,0.0,0.1946617618203163,4.0,actuator_motors,none,60976273,20090652,25.0,,C,,0.0,4.0,True,9.6335819362806,214.27399032286283,1.9233364526632264,130.103997,125.929951,,True,0.0,0.0,0.0115402203053235,0.0,0.0,0.0,0.0,0.0,0.1150796536356209,0.0,0.000375549007731,0,False,False,False,False
d616c83b-cf3c-4590-9fcd-fe96d71432f3,ok,17695488.0,v1.14-1.15,0.0184069611780455,0.0,0.0,True,0.0,0.0,0.2835901871323585,4.0,actuator_motors,none,166131071,85764321,35.7,,C,,0.0,4.0,True,10.00070028177974,146.40160800554753,2.0000046147811075,1503.376987,1494.668614000003,,True,0.0,0.0031859246315434,0.0025255540851503,0.0,0.0063641677144914,0.0,0.000824972812552,0.0037645949516445,0.0047870901413261,0.0302535349503157,0.0,1,False,False,False,False
0ae539bf-9dd1-4393-a645-98ab97a865d4,ok,18350080.0,v1.16+,0.0711111111111111,0.0711111111111111,0.1816192560175054,False,0.2293144208037825,5.2990020000000015,0.9999999781799273,4.0,actuator_motors,none,3572784,2642388,3.3,,C,,0.0,4.0,True,10.010827627646924,20.01067367795545,1.9999095289545687,91.046886,84.22501099999998,,True,0.0,0.2121799156069755,0.0323991101235151,0.0,0.2920897901058197,0.0,0.8729885220527649,0.274534543603658,0.9814294099807738,1.1915972828865034,0.0,5,False,False,False,False
063f5016-010d-4f4c-85d9-26b925622d1c,ok,17826559.0,v1.16+,0.0,0.2516129032258064,0.0,False,0.0227497527200791,1.1999999999999955,0.0654990673065185,4.0,actuator_motors,none,43397784,17835944,7.5,,C,,0.0,4.0,True,124.89076030825454,249.9933697554765,99.91790471650644,151.0,100.28,,True,0.0,0.0003271794295869,0.0007461546687409,0.000134609491215,0.0036981095559894,0.0027699992060661,8.003573748283088e-05,0.0006967599620111,0.075058527290821,0.0151577517390251,0.0,2,False,False,False,False
16153a76-7dbb-4c6f-aac3-4c6519f7956f,ok,17694975.0,v1.14-1.15,0.0,0.0,0.0,True,0.0,0.0,0.360934482514858,4.0,actuator_motors,none,14058802,8702560,11.6,,C,,0.0,4.0,True,10.007996438535953,219.955345051411,1.999846127541757,121.448178,118.83075999999996,,True,0.0,0.0036165823927149,0.0147021272219717,0.0,0.0188059972599148,0.0,0.0046766021754592,0.010894560161978,0.0621585831046104,0.1719203740358352,0.0,0,False,False,False,False
6b776cc9-c250-4e0b-a00b-905285a97df4,ok,17825792.0,v1.16+,0.0,0.0471204188481675,0.0,False,0.0118056667200256,0.6818749999999909,0.0648804284632205,4.0,actuator_motors,none,10542040,6145492,8.4,,C,,0.0,4.0,True,10.011025881636346,160.975866742616,1.9999958288857045,93.86826,87.42159599999987,,True,0.0,0.0,0.0,0.0,0.0,0.0,0.0,0.0,0.0032560833729803,0.0,0.0,2,False,False,False,False
c237126a-d4e1-400d-8152-01be4988660f,ok,17761280.0,v1.14-1.15,0.0145477545857052,0.0,0.0,True,0.0,0.0,0.1982588738203048,4.0,actuator_motors,none,85177434,51627717,22.7,,C,,0.0,4.0,True,9.978926956788566,198.30633171284688,2.000934858493211,791.329008,787.4721959999996,,True,0.0,0.0072055642493069,0.0053614739328622,0.009653328359127,0.0036744894459843,0.0032751708291471,0.0058125433512032,0.0036168009508401,0.0201124675571918,0.0080752384848892,0.0108819417655467,1,False,False,False,False
300f07a5-997b-4bd5-a51b-649d689ddebc,ok,17760511.0,v1.14-1.15,0.0,0.0,0.0,True,0.1086691086691086,5.502409999999998,0.4665349334478378,4.0,actuator_motors,none,15879338,9800283,6.3,,C,,0.0,4.0,True,10.0025863031425,20.0023207359586,2.0000286678896027,411.274639,409.4357409999999,,True,0.0,0.0053328608395531,0.0,0.0,0.0,0.0,0.0,0.0,0.442636780440807,0.2819292604923224,0.0,1,False,False,False,False
538cdcfa-6b4f-4988-9e91-d2230c491821,ok,17826240.0,v1.16+,0.0,0.0,0.2689189189189189,True,0.0596455351056578,6.4029370000000085,0.242581636458635,4.0,actuator_motors,none,25617373,8849409,9.1,,C,,0.0,4.0,True,10.00327625057504,20.003149557297625,2.000027037653648,295.822121,293.3762770000002,,True,0.0,0.7203331589698792,2.1156951189041138,2.175499200820923,1.0018921494483948,1.6198532581329346,2.2370407581329346,1.1230289936065674,0.0,0.0,0.0,2,False,True,False,False
a2fc063c-1d42-4460-aafe-0d0bf72917c8,ok,17761535.0,v1.14-1.15,0.0,0.1006493506493506,0.0,True,0.0,0.0,0.2113759219646453,4.0,actuator_motors,none,6470591,4490424,3.7,,C,,0.0,4.0,True,9.973664259732914,19.940749968643846,1.9933994451960104,152.072824,147.26973299999992,,True,0.0,0.0056519486941397,0.0002916834171628,0.0004523203300777,0.0022957924054935,0.0017572413897141,0.0014901589718647,0.0032182530034333,0.01007443331182,0.0029297739965841,0.0,1,False,False,False,False
0992ed0a-6f17-4ac6-ad58-7558480c7a16,ok,17694975.0,v1.14-1.15,0.0,0.0,0.0,True,0.1164485981308411,2.673521000000008,0.4268170729279518,4.0,actuator_motors,none,17598934,11101703,8.8,,C,,0.0,4.0,True,10.006180851113765,200.11064903497265,1.999933596975996,153.703861,150.57656499999996,,True,0.0,0.0071092553436756,0.0061389783397316,0.0,0.0059942399617284,0.0,0.0012358824023976,0.0039927597157657,0.0133052833378314,0.0200272751040756,7.517456833738834e-05,1,False,False,False,False
739a2b13-6d0c-4509-9489-8a754db93443,ok,17695488.0,v1.14-1.15,0.0,0.0,0.0,True,0.0022935779816513,0.1019650000000003,0.1679092094302176,4.0,actuator_motors,none,3912580,2841358,2.6,,C,,0.0,4.0,True,10.010110739806631,20.00992302113978,2.000026574821191,94.300624,87.26728399999999,,True,0.0,0.0042461158707737,0.0215630780905485,0.0,0.0288233418017625,0.0,0.0296228002756833,0.0168132752180099,0.0,,0.0,0,False,False,False,False
4717e3ac-83a5-4046-9a7d-c05e87752772,ok,17826047.0,v1.16+,0.0,0.0,0.111578947368421,False,0.0646560299208212,2.502697000000005,0.3990563988685607,4.0,actuator_motors,none,12063874,7247952,5.5,,C,,0.0,4.0,True,10.011110958883023,167.8497352677316,2.0000188937955072,94.495576,88.23568900000002,,True,0.0,0.3877433955669398,0.1977927893400191,0.0938404992222784,0.306943333148956,0.2511586785316466,0.03004667237401,0.111722157895565,15.639382553100583,85.23203735351561,0.0,3,False,True,False,True
ec3c19f6-8ce0-4fd7-b7c5-dd31530f2e0e,ok,17826240.0,v1.16+,0.0,0.0,0.0,True,0.0,0.0,0.1503865838050842,4.0,actuator_motors,none,6517386,4664166,4.7,,C,,0.0,4.0,True,10.007406591166657,20.00666267016988,2.0000014721200428,134.708549,123.420017,,True,0.0,0.0048907875083386,3.3847248960228155e-05,9.770749020390204e-05,0.0005502579500898,0.0010112369753187,0.0018445012683514,0.0036285895039327,0.0060326650040224,0.0005947261961409,0.0,0,False,False,False,False
cdfac74e-bc29-4ca0-ae91-fa20c4973386,ok,17891392.0,v1.16+,0.0,0.0919540229885057,0.0,True,0.8719211822660099,2.4000000000000057,1.0,4.0,actuator_motors,none,20366513,10172509,9.8,,C,,0.0,4.0,True,125.0,250.00000000000003,100.01163331782224,85.488,81.224,,True,0.0,0.0005465861031552,9.73874775809236e-05,7.237178215291351e-05,0.0005647692014463,0.0117751229554414,6.208967170095993e-05,0.0005973281222395,2.2854750625356249e-07,0.6956653594970703,0.0,2,False,False,False,False
b75b93a6-bc35-4da9-a8fb-5ff95f074adc,ok,17694720.0,v1.14-1.15,0.0,0.0,0.0,True,0.0,0.0,0.1148314855992793,4.0,actuator_motors,none,3290658,2342068,7.8,,C,,0.0,4.0,True,10.012922648080291,20.01216420783959,1.999927252646185,80.009992,74.22550699999998,,True,0.0,0.011855773627758,0.0,0.0,0.0,0.0,0.0,0.0,0.0761613845825195,0.1149084348231553,0.0,0,False,False,False,False
061311ff-682e-4555-8ca3-ea0f1b974e5b,ok,17170944.0,v1.12-1.13,0.0,0.0,0.0,True,0.0,0.0,0.2340843640267849,4.0,actuator_motors,none,60093803,23277929,18.8,,C,,0.0,4.0,True,9.507606689648757,190.04522367313024,1.918552539710621,111.515627,106.33974199999992,,True,0.0,0.0078494719229638,0.00819593667984,0.0038334551732987,0.0282219167798757,0.0157199664041399,0.0260653249919413,0.017063096538186,0.0,0.1450615108013152,0.0,0,False,False,False,False
b7d06140-fcc1-4eca-b9ca-a4b72847e5d2,ok,17760768.0,v1.14-1.15,0.0,0.0,0.0,True,0.0002208006863747,0.0112509999999588,0.3411830604076385,4.0,actuator_motors,none,63257082,38786693,17.1,,C,,0.0,4.0,True,10.001778396213073,199.9946641774933,2.00000007117438,562.064038,557.6900389999997,,True,0.0,0.0014084451133385,0.0002635712793562,0.0002475387009326,0.0023471025284379,0.0029333622194826,0.0015979652525857,0.0033701174892485,0.0110612781718373,0.004687744192779,0.0,0,False,False,False,False
dac709fb-6944-4960-8ced-28352eaf2b19,ok,17761535.0,v1.14-1.15,0.0,0.0,0.0,True,0.0,0.0,0.2219081133604049,4.0,actuator_motors,none,3323603,2493294,1.1,,C,,0.0,4.0,True,10.012092123665637,20.0125291109855,2.000083742068312,77.107875,74.77045899999999,,True,0.0,0.0003758391743758,0.1211852688342332,0.07623374722898,0.0039481806568801,0.002403126086574,0.0136884943582117,0.001359314576257,0.0,1.407204818725586,0.0092146400827914,0,False,False,False,False
75f92e69-00d7-4671-a856-084d671cec7e,ok,17695743.0,v1.14-1.15,0.0,0.0,0.0,True,0.0,0.0,0.1100930035114288,4.0,actuator_motors,none,9892401,6162338,3.9,,C,,0.0,4.0,True,10.003885252206617,20.003618871449408,2.0000232372642017,259.705617,255.84632600000023,,True,0.0,0.0027489989297464,0.0002808034056215,0.0,0.0044748140731826,0.0,0.0003673817773233,0.0021655784687027,0.0047331413254141,0.0098064700141549,0.0,0,False,False,False,False
1893c537-c223-4a4e-bdbc-19f5835e87d8,ok,17694720.0,v1.14-1.15,0.0,0.0,0.0,True,0.0,0.0,0.2333583757281304,4.0,actuator_motors,none,5796563,3119192,3.4,,C,,0.0,4.0,True,10.008632424350743,20.00803902569279,1.999970983471833,118.486702,116.28537100000004,,True,0.0,0.0028093731030821,0.0,0.0,0.0,0.0,0.0,0.0,0.0,0.0,0.000262604560703,0,False,False,False,False
0e8e8022-89af-4abe-8384-8e882db36998,ok,17826047.0,v1.16+,0.0,0.0,0.0,True,0.0,0.0,0.2489484697580337,4.0,actuator_motors,none,17898925,11664905,5.5,,C,,0.0,4.0,True,10.002418225531311,20.002602330698505,1.999986818984508,381.393155,375.0929110000002,,True,0.0,0.0091389812529087,0.005773203074932,0.0043841380625963,0.0089286601170897,0.0077009608503431,0.0101867824792861,0.0147780593484639,0.0266623517498373,0.0021847277414053,0.0,0,False,False,False,False
4e4bf1e5-3454-4713-9ec0-c68c578addcd,ok,17694720.0,v1.14-1.15,0.0,0.0,0.0,True,0.0,0.0,0.2063946425914764,4.0,actuator_motors,none,130516935,74345519,28.0,,C,,0.0,4.0,True,10.000844899247626,199.2915947613833,1.9999986895714108,1222.957589,1213.7161400000005,,True,0.0,0.0279216160997748,0.0017064298153854,0.0,0.0135634259786456,0.0,0.0274137174710631,0.0095343191642314,0.0140950281638652,0.0169077273458242,0.0,0,False,False,False,False
8f568acf-799c-477a-aba4-6f1e9eb4b25c,ok,17761535.0,v1.14-1.15,0.0,0.0,0.0,True,0.0,0.0,0.1600000113248825,4.0,actuator_motors,none,3737858,2395846,2.9,,C,,0.0,4.0,True,10.009608126256454,20.011292556704287,1.999980663170384,90.754542,87.659722,,True,0.0,0.0010268425219692,0.0,0.0,0.0,0.0,0.0,0.0,8.890205478668213,9.032914638519284,0.0088581630494445,0,False,False,False,False
2730b9af-7a04-48bb-8f2e-c16ea782ff4e,ok,17956928.0,v1.16+,0.0,0.0,0.0,True,0.0262919310970081,1.0999999999999943,0.1267279535531997,4.0,actuator_motors,none,83460641,41227836,16.6,,C,,0.0,4.0,True,125.0,249.99448646979687,100.00110236567674,362.64,220.56800000000004,,True,0.0,0.0005816871183924,0.0002688165026484,0.0002587789786048,0.001712150289677,0.0058703218121081,8.34765742183663e-05,0.0004863086505793,0.1952458769083023,0.1235848069190979,0.0,0,False,False,False,False
23ee80e3-dc26-4144-bebf-fc9760bfd8a9,ok,17825984.0,v1.16+,0.0,0.0,0.0,True,0.0,0.0,0.0926497429609298,4.0,actuator_motors,none,3209509,2447701,3.2,,C,,0.0,4.0,True,10.013798049210015,20.01380058640577,1.9999602865028825,70.085576,68.273559,,True,0.0,0.0004225803713779,0.0002848531294148,4.719645221484825e-05,0.0086036287248134,0.0049584731459617,0.0010500757489353,0.004042936488986,0.0135386604815721,0.0062734191305935,0.0,0,False,False,False,False
b05a3129-b0b9-4fe1-b546-170d2ec2ba3f,ok,17891583.0,v1.16+,0.0,0.0,0.0,True,0.0,0.0,0.3701486855745315,4.0,actuator_motors,none,3080311,2658353,3.3,,C,,0.0,4.0,True,10.015929018908771,20.01415499908572,1.9996549305144904,62.030881,56.22260399999999,,True,0.0,0.0152850531041622,0.0026151014026254,0.0028630248270928,0.0057896769605576,0.0057385705411434,0.0039980613626539,0.0038030256982892,0.0153187949210405,0.0021601492539048,0.0,0,False,False,False,False
12fcc46b-ab5e-42f9-92e2-85c3c66b9b1b,ok,17826047.0,v1.16+,0.0,0.0,0.0,True,0.0,0.0,0.1665716171264648,4.0,actuator_motors,none,30043715,12422777,13.1,,C,,0.0,4.0,True,125.0,250.0,100.01388117712382,100.372,96.072,,True,0.0,0.0002864362904801,0.0002778342168312,9.73675851128064e-05,0.0028433599043637,0.0028192400583065,7.5627671321854e-05,0.0008750568376854,0.2208170741796493,0.0632393583655357,0.0,0,False,False,False,False
1614a17a-b083-4876-93fe-4d1e44538db6,ok,17891392.0,v1.16+,0.0,0.0,0.0,False,0.5152517511824223,14.791071000000002,0.4539772361516951,4.0,actuator_motors,none,167485862,66814662,34.3,,C,,0.0,4.0,True,9.711545315408893,191.73091865250788,1.9432108780172213,176.611338,176.62590400000002,,True,0.0,0.0102579082362353,0.0126524439081549,0.0097826229408383,0.0127474314533174,0.0098629904910922,0.0283874986693262,0.0157570881769061,0.0283650375902652,0.0283650375902652,0.0,2,False,False,False,False
8876477b-1b4e-429a-8bcf-01d8f8188941,ok,17694720.0,v1.14-1.15,0.0,0.0,0.0,True,0.0,0.0,0.3154168650507926,4.0,actuator_motors,none,12882472,8243045,5.2,,C,,0.0,4.0,True,9.947231026027044,19.897546295379428,1.9906193679662827,322.070426,316.00548400000025,,True,0.0,0.0407736673951149,0.0035086397547274,0.0,0.1070003882050514,0.0,0.081701636314392,0.0079552214592695,0.0929548442363739,0.1401592880487442,0.0,0,False,False,False,False
0fd264af-93e9-4a40-be5b-00b3872b210c,ok,17826047.0,v1.16+,0.9029850746268656,0.0,0.0,True,0.0,0.0,0.4108819216489791,4.0,actuator_motors,none,3272117,2680476,2.5,,C,,0.0,4.0,True,9.99879595337352,19.984358010956697,1.999948452456428,66.793821,57.651672,,True,0.0,0.0015795486862771,0.0,0.0,0.0,0.0,0.0,0.0,2.5086478948593136,0.3156750619411468,0.0051051735179498,1,False,False,False,False
333a57b3-af32-45a1-a447-ded36c328cfa,ok,17761535.0,v1.14-1.15,0.0,0.0,0.0,True,0.0,0.0,0.5409445717930793,4.0,actuator_motors,none,2866979,2152868,2.6,,C,,0.0,4.0,True,10.012640892017318,20.01334938693692,2.0002039667450413,74.244317,70.49126799999999,,True,0.0,0.0024403411429375,0.0017218980472534,0.0002504633564967,0.0030254587065428,0.0016815145034343,0.0118618119508028,0.0036365835927426,0.0921603381633758,0.0581355944275856,0.0,0,False,False,False,False
cde494bb-e2d1-48e8-aeea-0779909b51b6,ok,17695488.0,v1.14-1.15,0.0,0.0,0.0,True,0.0,0.0,0.1877077288925633,4.0,actuator_motors,none,29442264,10221953,10.2,,C,,0.0,4.0,True,10.010622418100276,199.98939221782013,1.9999994652407849,93.902846,86.60001700000001,,True,0.0,0.0,0.0,0.0,0.0,0.0,0.0,0.0,0.0029640096705406,0.0,0.0,0,False,False,False,False
5539ce1b-42ba-4c32-8763-74ddbe7fddee,ok,17694975.0,v1.14-1.15,0.1765557163531114,0.0,0.0,True,0.0,0.0,0.2270934760570526,4.0,actuator_motors,none,69797568,42385019,27.4,,C,,0.0,4.0,True,9.996003946917948,19.99201114606345,1.9988548613221573,1745.86497,1741.986279000001,,True,0.0,0.0113990610465407,0.0009731874335557,0.0,0.0057620540261268,0.0,0.001019696262665,0.0011190644465386,0.0051222167909145,0.0098973391577601,0.0,1,False,False,False,False
08e27f9d-a6e2-41a3-89c2-76cf83f98f54,ok,17760384.0,v1.14-1.15,0.0,0.2887323943661972,0.0,True,0.0,0.0,0.1066972374916076,4.0,actuator_motors,none,7191721,4746787,38.8,,C,,0.0,4.0,True,9.88132094376716,195.7682897472576,1.9705558361663285,68.049213,62.56653500000001,,True,0.0,0.0059236718108877,0.0007770461816107,0.000497706697206,0.0091344316955655,0.0081774705555289,0.0015254996309522,0.0028633725713007,0.1246105648577213,0.0189792660996317,0.0,1,False,False,False,False
c6a6f6a7-76d2-4a9d-9976-c32a753555dc,ok,17826047.0,v1.16+,0.0,0.0,0.0,True,0.0,0.0,0.1491188555955886,4.0,actuator_motors,none,154526725,45870272,82.0,,C,,0.0,4.0,True,9.982686167699011,155.46157931381174,2.0000454619029338,230.492796,224.826407,,True,0.0,0.0100338328629732,0.0,0.0,0.0,0.0,0.0,0.0,0.0049208379350602,0.0017042006365954,0.0098522892221808,0,False,False,False,False
f1ace2c1-3566-4ab5-994e-b0bbbca90dd5,ok,17761535.0,v1.14-1.15,0.2138084632516703,0.0,0.0,True,0.6785714285714286,80.698755,1.0,4.0,actuator_motors,none,8627252,5706205,7.0,,C,,0.0,4.0,True,10.00479504475854,20.00476157823581,2.0000074757560986,206.692636,201.6202669999999,,True,0.0,0.0056638351641595,0.0,0.0,0.0,0.0,0.0,0.0,0.2300666689872741,0.1253493145108222,0.0581337630748748,2,False,False,False,False
97155b59-b9e0-46ea-8be2-11201de1fbaa,ok,17891392.0,v1.16+,0.0,0.0,0.0,True,0.0,0.0,0.0315150916576385,4.0,actuator_motors,none,3236400,2490122,3.4,,C,,0.0,4.0,True,10.010599278782038,20.01170215918182,1.9999462837956952,85.735937,82.07816899999999,,True,0.0,0.0,0.0,0.0,0.0,0.0,0.0,0.0,0.0,2.735682964324951,0.0028033321723341,0,False,False,False,False
cbe3b4a9-f5ba-475e-990b-fa6086f82f7e,ok,17891583.0,v1.16+,0.0,0.0,0.0,True,0.0,0.0,0.1591096341609953,4.0,actuator_motors,none,3210806,2513411,3.3,,C,,0.0,4.0,True,10.014870073544468,20.01346216743553,1.9999638887639104,71.854556,64.52340400000001,,True,0.0,0.0008292337442981,0.0009225206420524,0.000112895748316,0.0065925544360652,0.0047532992437481,0.0015938993659801,0.0047832046169787,0.0033907935372553,0.0008979678561445,0.0,0,False,False,False,False
f58e09f5-34d2-42ea-98ca-46f8af70a451,ok,17695488.0,v1.14-1.15,0.0,0.0,0.0,True,0.0003720810091082,0.0143500000001495,0.4367465287446973,4.0,actuator_motors,none,117196389,67332510,26.7,,C,,0.0,4.0,True,9.933076270045778,170.98832219820045,1.98609456360668,1150.604989,1146.0101529999986,,True,0.0,0.0103548734914511,0.0031147898989729,0.0,0.0050485279643908,0.0,0.0038016359903849,0.0030862335697747,0.0080838955473154,0.0090693812817335,0.0,0,False,False,False,False
e28794a4-7621-4dc6-a8e4-88f691688827,ok,17695488.0,v1.14-1.15,0.0,0.0,0.0,True,0.0,0.0,0.0480708092451095,4.0,actuator_motors,none,4113979,2720552,2.5,,C,,0.0,4.0,True,10.008343823605038,20.00721030933461,2.000027726190817,124.38786,123.75102799999998,,True,0.0,0.0003945821430534,0.0,0.0,0.0,0.0,0.0,0.0,0.0,0.0,0.0,0,False,False,False,False
0396c450-6e1b-464d-8763-851dd2857934,ok,17629952.0,v1.12-1.13,0.0,0.0,0.0,True,0.0017241379310344,0.0980489999999996,0.1995777130126953,4.0,actuator_motors,none,5609532,3976993,3.1,,C,,0.0,4.0,True,10.007470805553394,20.00724426499921,1.9998908485105404,117.674018,115.98727099999998,,True,0.0,0.0012626791722141,0.0005798742786282,0.0,0.0078216333640739,0.0,0.0,0.0015731223102193,0.0128711904399096,0.014581793686375,0.0,0,False,False,False,False
2d2b340a-e6b7-46f3-a596-018584c9002f,ok,17694975.0,v1.14-1.15,0.0,0.0,0.0,True,0.0,0.0,0.0994841903448104,4.0,actuator_motors,none,8549369,5126735,4.0,,C,,0.0,4.0,True,9.68159630265938,193.1865565216592,1.9333697064620776,75.268289,71.869684,,True,0.0,0.0036377916694618,0.0,0.0,0.0,0.0,0.0,0.0,0.0,0.0,0.0,0,False,False,False,False
17f488b1-e944-4f07-b341-5345a6e0f92c,ok,17891583.0,v1.16+,0.0,0.0,0.0,True,0.0,0.0,0.2590090528130531,4.0,actuator_motors,none,20740039,13608571,13.2,,C,,0.0,4.0,True,10.0019563271372,20.00202236915969,1.9999943361156247,482.343607,476.2496049999996,,True,0.0,0.0202385950833558,0.0048764414153993,0.0087176395580172,0.0131479155272245,0.0083363303914666,0.2677392661571502,0.0147886706516146,0.0785738840699194,0.0101561579853296,0.0,0,False,False,False,False
6ce0d02b-bf45-48f6-bf03-fdb460f5c634,ok,17629952.0,v1.12-1.13,0.0,0.0,0.0,True,0.0,0.0,0.2170510619878768,4.0,actuator_motors,none,87757120,23506779,18.6,,C,,0.0,4.0,True,9.60990865525712,180.47532254423868,1.899888739592504,130.447774,121.91065900000002,,True,0.0,0.0024599146912805,0.0010047969582956,0.0,0.0185415769927203,0.0,0.0,0.0016855180496349,0.0004946581320837,0.0014345267612952,0.0,0,False,False,False,False
d0f6a451-1658-44ba-a059-ab69c5edf501,ok,17760511.0,v1.14-1.15,0.075,0.0,0.5105820105820106,True,0.1152263374485596,2.1975120000000032,0.893137975037098,4.0,actuator_motors,none,3952668,2768336,2.7,,C,,0.0,4.0,True,10.01270682971254,20.01225238857394,1.9997955645232293,74.893031,72.89485499999999,,True,0.0,3.775063800811764,0.0594766525551675,0.0523919127881523,0.1060402970761057,0.0961944453418248,812.4061279296893,9.708910274505612,2.835022985935208,6.336233139038084,0.0,3,True,True,False,True
88393d28-1ac8-45b9-b96f-ce3969640756,ok,17760384.0,v1.14-1.15,0.0,0.0,0.0,True,0.0,0.0,0.2563941061496734,4.0,actuator_motors,none,12778120,8749576,5.7,,C,,0.0,4.0,True,10.003432997876684,20.00328432211108,1.999966352702832,292.493267,288.50858200000016,,True,0.0,0.0017948847962543,0.0003533267226885,0.001121460343711,0.0057664874475449,0.0036303758388385,0.0037041074247099,0.0050947500858455,0.0052897222340106,0.0008925132133299,0.0,0,False,False,False,False
92bab6a9-902a-467a-8a87-7be4b6aee5ba,ok,17761535.0,v1.14-1.15,0.0,0.0,0.0,False,0.0,0.0,0.4231132760643957,4.0,actuator_motors,none,9391480,5969244,5.8,,C,,0.0,4.0,True,10.003923673994192,20.00392458779361,2.0000870605581644,229.215577,226.86999899999995,,True,0.0,0.0084097182378172,0.0008873748767655,0.0007977849687449,0.0107014456763863,0.0137504888698458,0.0063218192197382,0.0113505438901483,0.0282239823602139,0.0025584584334865,0.0,1,False,False,False,False
f5bc419b-9aa7-4c7d-bb52-8592de27c4ee,ok,17761535.0,v1.14-1.15,0.0,0.1185185185185185,0.0,True,0.0,0.0,0.5362014621496201,4.0,actuator_motors,none,7274106,4490774,4.2,,C,,0.0,4.0,True,9.998916165030847,221.5815766752605,1.999874834901311,67.152887,62.54994799999999,,True,0.0,0.0317313546314835,0.0,0.0,0.0,0.0,0.0,0.0,0.0,0.0,0.0022914455039426,1,False,False,False,False
6e90cfd5-3cae-4e53-add0-e1c3a6e7ab20,ok,17761535.0,v1.14-1.15,0.0,0.0,0.0,True,0.0,0.0,0.0718232810497283,4.0,actuator_motors,none,70337172,30858059,10.4,,C,,0.0,4.0,True,123.45107348759556,244.58623356535188,123.45107348759556,306.184,120.30800000000006,,True,0.0,0.0002052331255981,0.007901219651103,0.0038145584985613,0.0048264021519571,0.007389735430479,0.015501757711172,0.0138992825523018,0.0793941169977188,0.0328687354922294,0.0,0,False,False,False,False
bd51d523-bb0b-471d-9ec7-a8f0288a8063,ok,17761280.0,v1.14-1.15,0.0,0.0,0.0,True,0.0001063490375412,0.0074940000000012,0.2519503757357597,4.0,actuator_motors,none,8309864,5347332,5.1,,C,,0.0,4.0,True,9.999980862570316,199.69072365861723,1.999999482993331,74.166795,65.81988599999998,,True,0.0,0.0010856801702175,0.0,0.0,0.0,0.0,0.0,0.0,0.0314548103138804,0.0113214193843305,0.0608030470088124,0,False,False,False,False
ec5784e0-551f-4d43-ad15-dd9f692beb11,ok,17760511.0,v1.14-1.15,0.0,0.0,0.0445235975066785,True,0.0416666666666666,3.5000809999999944,0.6455574526665087,4.0,actuator_motors,none,9205123,5820837,4.8,,C,,0.0,4.0,True,10.004534422532004,20.004308689977623,2.0000742130445137,224.452005,93.558709,,True,0.0,0.0009638288698624,0.0026953070890158,0.0009439146408112,0.0264135249890386,0.0251332101412117,0.0037384393741376,0.0051307119661942,0.0501695692539215,0.0355320923030376,0.0028496296145021,1,False,False,False,False
9b17ed48-1daf-4f84-a9d6-266d5d859e3e,ok,17761280.0,v1.14-1.15,0.0093617021276595,0.0,0.0,True,0.0092751631741669,2.999082000000044,0.267536149919033,4.0,actuator_motors,none,24098195,15360224,12.1,,C,,0.0,4.0,True,10.001589547400163,20.001586156564294,2.000014821447686,591.076235,582.2025450000001,,True,0.0,0.006402473594062,0.0002719615891692,0.0002114818780682,0.0023117655888199,0.0028937091468833,0.0093272601719945,0.0058557246811687,0.0034943761886097,0.0019563390407711,0.0,1,False,False,False,False
84d3fb42-f3e2-4276-8159-852468d170a7,ok,17761023.0,v1.14-1.15,0.0445859872611464,0.0,0.0,True,0.0616621983914209,2.299621,0.3542943000793457,4.0,actuator_motors,none,3345810,2496311,2.5,,C,,0.0,4.0,True,10.012129949980077,20.01238078404148,1.99997823707892,76.167106,74.655269,,True,0.0,0.0015610166592523,0.0012641614070162,0.0027673419564962,0.0036203051451593,0.0055974954739213,0.0009935657260939,0.0051436331123113,0.7074035823345184,0.0521839218214154,0.0,2,False,False,False,False
f4681696-961e-4a26-9ecf-e8c4638677b6,ok,17826559.0,v1.16+,0.0,0.0,0.0,True,0.0,0.0,0.1327398762106895,4.0,actuator_motors,none,2693095,2222278,2.8,,C,,0.0,4.0,True,10.014261652159762,20.0157207001646,1.9997728447003336,63.614628,59.87703799999999,,True,0.0,0.0024571001646108,0.004383301292546,0.0014459772617556,0.0040893225814215,0.0028925469378009,0.0043963953270576,0.0074227623175829,0.0171326527372002,0.0043708335142582,0.0,0,False,False,False,False
b76f538c-f2d1-4df8-ae3c-f25e27f03b07,ok,17761535.0,v1.14-1.15,0.0,0.0,0.0,True,0.0634170385431244,0.6439790000000585,0.3594947308301925,4.0,actuator_motors,none,89097756,52086539,20.1,,C,,0.0,4.0,True,10.001261927950504,200.3134076167572,1.9999831225787208,805.210534,795.2887900000007,,True,0.0,0.0045580317964777,0.0003513301940984,0.0004139024124015,0.0027221453259699,0.0038062716368585,0.0031789598171599,0.0009331762907095,0.1418605759739875,0.0058157097548246,0.0001682961141341,1,False,False,False,False
d72b0201-ba6b-4711-b6f8-8357fb9a6bd9,ok,17694912.0,v1.14-1.15,0.0,0.0,0.0193986420950533,True,2.303165701256377e-05,0.0090419999999999,0.2812490835785866,4.0,actuator_motors,none,54924750,33267137,12.8,,C,,0.0,4.0,True,9.998325345135106,123.06899907921986,2.000014143996549,618.383003,615.2711760000004,,True,0.0,0.0062758913263678,0.0062899972312152,0.0,0.010485887248069,0.0,0.0169577781111001,0.0069850070634856,0.0126980761066079,0.1028539486229419,0.0,1,False,False,False,False
9e8f0dc0-d8c3-40bd-9756-262b72ea15fb,ok,17694848.0,v1.14-1.15,0.6181818181818182,0.0,0.0,True,0.017865019850022,0.0149800000000013,0.3580547973513603,4.0,actuator_motors,none,11384049,7016812,4.3,,C,,0.0,4.0,True,10.012295443207542,200.30783465423173,1.999995851860456,80.945249,79.35284999999999,,True,0.0,0.0019982819445431,0.0034657726529985,0.0,0.0088240292854607,0.0,0.0150345831178128,0.0104578899219632,0.0118757857009768,0.0180103302001952,0.0,1,False,False,False,False
206ea0cf-efc7-4c29-b880-642df1d6bba5,ok,17630207.0,v1.12-1.13,0.0,0.0,0.0,True,0.0,0.0,0.2855931520462035,4.0,actuator_motors,none,6515762,3962178,3.0,,C,,0.0,4.0,True,10.005604411911232,20.00575843228012,2.00008514648195,164.514682,156.65728600000003,,True,0.0,0.0007424238574458,0.0038779318565502,0.0,0.0,0.0,0.0,0.0,2.1771964788436904,0.0,0.0,0,False,False,False,False
731c4e2f-5813-4992-83eb-50e8c32c93ac,ok,17694720.0,v1.14-1.15,0.0,0.0,0.0,True,0.0,0.0,0.2361082911491393,4.0,actuator_motors,none,5759663,3678444,4.5,,C,,0.0,4.0,True,10.005798172612533,20.005863043908896,2.0000899578032465,173.109066,165.306154,,True,0.0,0.0101654835045337,0.0022138342494145,0.0,0.0092236383818089,0.0,0.1509712189435955,0.0035580956144258,0.0219596704468131,0.0219629756174981,0.0,0,False,False,False,False
6e31faa0-5881-453f-b68b-b56366188b9c,ok,17694720.0,v1.14-1.15,0.0,0.0703517587939698,0.0,True,0.9780334728033472,79.897885,1.0,4.0,actuator_motors,none,4614518,3074462,7.7,,C,,0.0,4.0,True,10.010280936847368,20.009321255910148,2.0001473954772977,97.63834,95.526985,,True,0.0,0.0005205807246966,0.0184900579042732,0.0,0.0692218728363514,0.0,0.1073403589427471,0.0141518847085535,0.0,1.3456735663115975,0.0,2,False,False,False,False
b7460220-afce-4422-b49c-1af1e885b58f,ok,17760256.0,v1.14-1.15,0.0,0.0,0.0,True,0.0052692133511217,1.839513999999952,0.3038940250873563,4.0,actuator_motors,none,72490622,43006743,21.8,,C,,0.0,4.0,True,10.00165449390508,202.7566959059664,1.999978421102392,575.584788,571.9073879999994,,True,0.0,0.0087302750907838,0.0012492178357206,0.0007681623101234,0.0083415256813168,0.0079696578904986,10.690710544586182,0.0945854745805263,0.134466253221035,0.0832202956080436,0.0,0,False,False,False,False
8ec9b95b-1725-4c54-b616-4a947e84e2c3,ok,17891392.0,v1.16+,0.0,0.0181236673773987,0.0,True,0.0491767764298093,7.199999999999996,0.2447554916143417,4.0,actuator_motors,none,109453953,54605947,26.1,,C,,0.0,4.0,True,124.9989264765242,249.9978529530484,100.00085881878066,465.276,461.62,,True,0.0,0.0007615469512529,0.0055998251773417,0.000386888423236,0.0141376219689845,0.0083667961880564,0.0005705016083084,0.0059246504679322,0.1462231129407882,3.268831253051758,0.0,1,False,False,False,False
34f52804-51a8-4065-9390-6df62d0591b8,ok,17695744.0,v1.14-1.15,0.0,0.0,0.0,True,0.7425876010781671,14.600593,1.0,4.0,actuator_motors,none,3163346,2204472,2.3,,C,,0.0,4.0,True,10.016808529041771,19.98743268281453,2.0127983470349893,83.973346,74.22147499999998,,True,0.0,0.0003206508554285,0.0064774597994983,0.0,0.2485703721642491,0.0,7811.381591796875,0.0190802794881164,0.0144745100289583,0.0859973654150962,0.0,1,True,True,True,True
eeda974c-74c0-4295-9fb2-3c71108bedd4,ok,17694720.0,v1.14-1.15,0.0,0.0,0.0,True,0.0,0.0,0.2143415793776512,4.0,actuator_motors,none,42999881,15338840,10.6,,C,,0.0,4.0,True,10.005621690240016,259.156273637424,97.69284859092576,168.577548,167.745244,,True,0.0,0.0,0.0,0.0,0.0,0.0,0.0,0.0,0.0007851446280255,0.0,0.0496464408934116,0,False,False,False,False
240921fa-165e-41f2-9132-e1617db7a400,ok,17826240.0,v1.16+,0.0,0.0,0.0,True,0.0,0.0,0.1803013198077678,4.0,actuator_motors,none,4933918,3542013,3.0,,C,,0.0,4.0,True,10.008690729773337,20.008357246905486,1.9999764165676848,110.673608,103.52964899999996,,True,0.0,0.0015178651257883,0.0001484836335293,0.0003281639161286,0.0027927362825721,0.0025251708459109,0.0007272103219293,0.0018980407330673,0.0154727990273386,0.0022431916906498,0.0,0,False,False,False,False
f896ae44-e566-4dbe-a6b6-d732217438fd,ok,17761280.0,v1.14-1.15,0.0089020771513353,0.0,0.0618181818181818,True,0.006900878293601,1.102602999999995,0.2437947146594524,4.0,actuator_motors,none,6833231,4080638,4.1,,C,,0.0,4.0,True,10.0056505818811,20.005835268030168,2.0000099390737827,164.316698,159.41438700000006,,True,0.0,0.0109737336635589,0.001648995745927,0.0017228887649253,0.0224922947585582,0.0194179959595203,0.0168041631579399,0.0135397313162684,0.0035865493118762,0.0016035019652917,0.0,2,False,False,False,False
a9cb8670-61c3-4d25-84e5-e5a87e17b24b,ok,17629184.0,v1.12-1.13,0.9484536082474226,0.0,0.0,True,0.0,0.0,0.1377805352210998,4.0,actuator_motors,none,4646049,3013435,3.2,,C,,0.0,4.0,True,9.999466350080848,20.00036992750449,2.0000131627163857,144.845067,140.64451400000002,,True,0.0,0.0535544237121939,0.0,0.0,0.0,0.0,0.0,0.0,0.0300508948974311,,0.0001332500636635,1,False,False,False,False
63a26cfa-030f-4f7a-bcd5-558c2bbccb62,ok,17956928.0,v1.16+,0.0,0.0,0.0,True,0.0,0.0,0.3361064702272415,4.0,actuator_motors,none,15079770,9894392,8.5,,C,,0.0,4.0,True,10.00846531982494,198.16184785132967,2.000052228438105,114.744608,105.42548500000004,,True,0.0,0.0033710341202095,0.0097679722122847,0.0004096297852811,0.0079764779657125,0.0043098136549815,0.0031888637109659,0.0072291404940187,0.0070958463009446,0.0016041515336837,0.0,0,False,False,False,False
23e13b20-5621-498c-99e1-b4c69bfc6caf,ok,17694720.0,v1.14-1.15,0.0,0.0,0.0,True,0.1648068669527897,30.098462999999924,0.4083949655294417,4.0,actuator_motors,none,244443094,81274106,39.0,,C,,0.0,4.0,True,100.04511894559226,20.000034788257373,100.0461728333767,933.22575,931.9608320000006,,True,0.0,0.0141821857541799,0.0050670248456299,0.0,0.0221734163351355,0.0,0.0860873162746429,0.0275394469499588,0.0142329055815935,0.0329884961247444,0.0,1,False,False,False,False
dc27a2f2-45be-4796-84d2-a8b0fc0a626c,ok,17695488.0,v1.14-1.15,0.0,0.0,0.0,True,0.011204481792717,0.4972880000000046,0.5327685594558715,4.0,actuator_motors,none,3425758,2380181,2.6,,C,,0.0,4.0,True,10.011142755481297,20.01065686391525,1.9998420346997257,90.321502,71.39063799999998,,True,0.0,0.0046169129200279,0.0,0.0,0.0,0.0,0.0,0.0,0.0,0.0,0.0,0,False,False,False,False
5c45ba46-2ba3-4111-af19-a24264795d85,ok,17891392.0,v1.16+,0.2415219189412737,0.0,0.0,False,0.7606592619132927,17.80000000000001,1.0,4.0,actuator_motors,none,172045465,65516587,28.0,,C,,0.0,4.0,True,125.0,250.00000000000003,100.0009918273427,604.8,278.672,,True,0.0,0.0004103073151782,0.000187062050827,0.0002053585303656,0.1081687808036804,0.1080435663461685,0.0007007956155575,0.0037243084516376,4.450120741239516e-06,1.863795280456543,0.0,3,False,False,False,False
83ccf23c-a423-4e36-9eae-98a1774fe9ed,ok,17826047.0,v1.16+,0.0,0.0,0.0,True,0.0705329153605015,5.002485000000007,0.8031650744378567,4.0,actuator_motors,none,5826782,4100155,2.7,,C,,0.0,4.0,True,10.006964996995595,20.00712414931355,2.0001034959921373,133.540813,127.61496200000002,,True,0.0,0.0035178652964532,0.0014764568419195,0.0005367970850784,0.0116273893974721,0.0066262810258194,0.0070962716592475,0.0089384746272116,0.0329880410805344,0.0303319631144403,0.0,1,False,False,False,False
88003df3-bc15-4eec-b47d-5fc947541179,ok,17694720.0,v1.14-1.15,0.0,0.0,0.0,False,0.0,0.0,0.1578238368034362,4.0,actuator_motors,none,4591674,3037036,4.0,,C,,0.0,4.0,True,10.009177997234618,20.00993237201275,2.000163789113273,107.585742,105.24846399999994,,True,0.0,0.0208018871024248,0.0,0.0,0.0,0.0,0.0,0.0,0.0,3.138567233085632,0.0,1,False,False,False,False
2b4ef308-ff9d-4d01-aa38-7a53efc8fe79,ok,17891583.0,v1.16+,0.0,0.0,0.0,True,0.0272572402044293,0.8987529999999992,0.4345772281289099,4.0,actuator_motors,none,3187524,2793595,3.4,,C,,0.0,4.0,True,10.015334658343193,20.01533548644805,2.000000124031016,64.840551,58.749949,,True,0.0,0.0022547741536982,0.0006427239975892,0.0010289683734299,0.0071931011974811,0.0046329784207046,0.0023363395361229,0.0026594557217322,0.0104821885935962,0.0058438876410946,0.0,0,False,False,False,False
4d28a7cf-ef09-4bae-b4b3-8eb8f7ffc135,ok,17956928.0,v1.16+,0.0,0.717948717948718,0.0,True,0.0,0.0,0.0731731295585632,4.0,actuator_motors,none,35957664,17796010,9.0,,C,,0.0,4.0,True,124.99346165916938,249.973847320658,100.00915415598682,152.472,148.232,,True,0.0,0.0018280663061887,0.0008765807142481,5.532830982701853e-05,0.00691323436331,0.0006304664420895,0.0003335321671329,0.0026601399295032,9.524217603029685e-05,0.4481974840164184,0.0,1,False,False,False,False
246b64b2-7c57-46fa-9503-1cb6ce5f8aee,ok,17695743.0,v1.14-1.15,0.0398230088495575,0.0,0.0843806104129264,True,0.060320452403393,3.401404999999997,0.4763925969600677,4.0,actuator_motors,none,4533988,3145505,3.7,,C,,0.0,4.0,True,10.009424881669606,20.00902547399956,1.999994316758231,110.814791,106.061115,,True,0.0,0.0018078702967613,0.0018082478141877,0.0,0.0145077153574675,0.0,0.0013149180827895,0.0120556301437317,0.2295901693403716,0.3251952081918716,0.0,3,False,False,False,False
bb04f892-4318-4770-96dc-14da356aba06,ok,17761280.0,v1.14-1.15,0.0,0.0,0.1298200514138817,True,0.0236000272832685,3.211186999999996,0.225395835761058,4.0,actuator_motors,none,18895500,11460710,10.0,,C,,0.0,4.0,True,10.00618226240386,212.50629843430096,2.0000432783558426,154.979227,154.80017999999993,,True,0.0,0.0056201433762907,0.0002010774551308,0.0010668842005543,0.0049258507788181,0.0048998547717928,0.0191238299012184,0.0422627739608287,1.2005032896995544,0.0717500671744346,0.0,1,False,False,False,False
1bb11f9e-7bc5-46b9-8ff4-e84f4382d0d8,ok,17825920.0,v1.16+,0.0081065431383902,0.0,0.0,True,0.0,0.0,0.0810288712382316,4.0,actuator_motors,none,36909235,21069225,11.0,,C,,0.0,4.0,True,10.00120890787819,20.001049123497747,2.0000027479712554,861.595633,807.5731169999999,,True,0.0,0.0079390688799321,0.0031309399753808,0.0028966087847948,0.0040731577202677,0.0032991656567901,0.0120471423491835,0.0086990030482411,0.0501144357025622,0.0300258139148354,0.0,1,False,False,False,False
5967b380-f747-43af-aa78-72c9bcd60cf0,ok,17695488.0,v1.14-1.15,0.0,0.0,0.0,False,0.0,0.0,0.0833234578371045,4.0,actuator_motors,none,6347904,1733165,9.4,,C,,0.0,4.0,True,10.01412825308532,20.014419023234627,1.999881194557786,64.998443,56.102534000000006,,True,0.0,0.2703007638454437,0.0,0.0,0.0,0.0,0.0,0.0,4.176636866759508e-05,0.0,0.0,1,False,False,False,False
b06009dc-fe97-436d-8e18-a1052544ff4c,ok,17694720.0,v1.14-1.15,0.0,0.0,0.0,True,0.0193198056587596,1.8454510000000008,0.4042832031846045,4.0,actuator_motors,none,14470298,9018674,4.4,,C,,0.0,4.0,True,10.007516108204236,219.6220274780296,1.9999390701293736,124.931107,122.46422599999998,,True,0.0,0.0078020425746217,0.0131760488729923,0.0,0.008928870409727,0.0,0.0023969058878719,0.0042999787954613,0.081168597564101,0.1531773321330547,0.0,0,False,False,False,False
eba7d0eb-916a-44a9-b756-f334db92f67a,ok,17695488.0,v1.14-1.15,0.180327868852459,0.0,0.1856823266219239,False,0.1622554660529344,14.098545,0.2930333554744718,4.0,actuator_motors,none,3412455,2320375,2.7,,C,,0.0,4.0,True,10.011499306872029,20.011776532049364,1.9999142409656,88.982014,86.40824500000004,,True,0.0,0.2175037428736687,1.2457345604896577,0.0,1.120372819900513,0.0,287.7698547363281,1.30842434167862,0.0,,0.0,4,False,False,False,False
e3ae6a64-d90e-4ea7-8fbb-217a0330fd25,ok,17825984.0,v1.16+,0.0,0.0,0.0,True,0.0,0.0,0.0818091452121734,4.0,actuator_motors,none,3275240,2373709,3.5,,C,,0.0,4.0,True,10.012102955318678,20.012275211959853,2.0001426511995977,78.544764,76.846067,,True,0.0,0.0011513503734022,0.0,0.0,0.0,0.0,0.0,0.0,0.0,0.0,0.0,0,False,False,False,False
41f08da3-d932-44a1-9f37-4291c60fe45d,ok,17825984.0,v1.16+,0.0,0.0,0.0,True,0.0,0.0,0.2227843999862671,4.0,actuator_motors,none,30220294,12783605,19.4,,C,,0.0,4.0,True,125.0,250.0,100.00991276764474,100.392,96.144,,True,0.0,0.0002602970635052,0.0002527029719203,0.0001139987747592,0.0084998467937111,0.0080869002267718,6.236979643290386e-05,0.0006400735495844,0.3508771955966949,0.4899887144565582,0.0,0,False,False,False,False
86130876-818d-4e33-91e8-8c680ac93aa2,ok,17891583.0,v1.16+,0.0,0.0,0.0,True,0.1721194879089616,1.8970180000000028,0.8155998840928077,4.0,actuator_motors,none,3147955,2444444,6.6,,C,,0.0,4.0,True,10.014350797584818,20.01376487062429,1.9997287816122813,72.613594,70.36050299999995,,True,0.0,0.0078642514999955,0.0024438162799924,0.0007082829106366,0.0080948154209181,0.0139788694214075,0.0050082253292202,0.0127515320200473,0.0304607725702226,0.0033438354730606,0.0,1,False,False,False,False
0472f3ca-c79f-4119-9560-eb99db87de1e,ok,17630207.0,v1.12-1.13,0.0,0.0,0.0,True,0.0,0.0,0.2879328787326812,4.0,actuator_motors,none,180759840,87903639,49.9,,C,,0.0,4.0,True,9.921398862639874,196.23088793145035,1.983975768309508,1309.537901,1301.728519,,True,0.0,0.0059390668291598,0.0076499123126268,0.0,0.0028882789891213,0.0,0.0,0.0015923187602311,0.0005360736802685,0.0021600555162876,0.0022282665595412,0,False,False,False,False
172f6527-5662-492d-b0e9-fff91c8d0a58,ok,17891392.0,v1.16+,0.0,0.3529411764705882,0.0,True,0.007070707070707,0.5,0.0547961622476576,4.0,actuator_motors,none,30861393,12825727,12.0,,C,,0.0,4.0,True,124.99527856468366,249.9905571293673,100.00944287063268,105.78,99.068,,True,0.0,0.000308847753331,0.0001652425999054,8.414231160713824e-05,0.0011861442413646,0.0011751012993045,6.366679008351639e-05,0.0005634705885313,0.1332995593547821,0.1227422207593917,0.0,1,False,False,False,False
2e5d6a16-aa11-45e0-a9b7-63449a4494a2,ok,17695488.0,v1.14-1.15,0.0,0.0,0.0,True,0.0,0.0,0.1346535772085189,4.0,actuator_motors,none,3427623,2406824,3.8,,C,,0.0,4.0,True,10.010169918272634,20.010364169108232,2.0000046593515144,91.602505,86.50804600000001,,True,0.0,0.0352270137518644,0.0163515950553119,0.0,0.0305144760757684,0.0,0.0370562642812729,0.0348464220762253,10.322036695480344,11.962759017944336,0.0,0,False,False,False,False
2abf0f34-5ce2-4ea7-94a2-e0c0772447b7,ok,17760256.0,v1.14-1.15,0.0,0.0,0.0,True,0.0,0.0,0.0898147463798522,4.0,actuator_motors,none,16827680,10528127,10.0,,C,,0.0,4.0,True,10.002237474324442,20.0021161733713,1.9999770915972952,427.372899,422.033776,,True,0.0,0.0027533896733075,0.0003326068224851,0.000465963591705,0.0060072053689509,0.0066958604846149,0.0022324181860312,0.0039372856728732,0.0227126067504286,0.0178007662296294,0.0,0,False,False,False,False
715e4596-05a4-47c7-9ed9-21d9c719e613,ok,17694720.0,v1.14-1.15,0.0,0.0,0.0,True,0.0,0.0,0.2366530373692512,4.0,actuator_motors,none,50509119,12840180,9.3,,C,,0.0,4.0,True,10.002941338558465,20.00269168269693,114.73991338794671,282.668281,270.54281599999985,,True,0.0,0.0022907187230885,0.0,0.0,0.0,0.0,0.0,0.0,0.0036565547343343,,0.0,0,False,False,False,False
ca7a60e9-d7ff-4cb8-86f8-e85443924f0f,ok,17826047.0,v1.16+,0.0,0.0,0.0,True,0.0,0.0,0.0762126892805099,4.0,actuator_motors,none,3863100,2777838,3.8,,C,,0.0,4.0,True,10.011363945779337,20.01119323766866,2.0000859452136,85.678344,77.60677399999997,,True,0.0,0.0254257459193468,0.0055470111547037,0.0129823881201446,0.0091158723924308,0.016459560021758,0.0498927025124429,0.0324291693978011,0.8907515287399287,7.559074497222898,0.0,0,False,False,False,False
96addca8-97cc-4ed2-82c6-34b482a2f4c0,ok,17825984.0,v1.16+,0.0,1.0,0.0,False,0.0,0.0,0.2862427875399589,4.0,actuator_motors,none,5404153,3718785,2.8,,C,,0.0,4.0,True,10.00748026469335,20.007111381099023,2.000054264245987,137.664988,136.183654,,True,0.0,0.0147948237136006,267675897.6000001,1579119436.800001,1.6790432333946244,1.0769447684288034,2834.8556884765653,0.0513180054724216,10.921064758300782,21.165325736999517,0.0,2,True,True,True,True
2429efe0-6ae5-4b9e-8449-935de97f4b96,ok,17695999.0,v1.14-1.15,0.0,0.0326340326340326,0.0,True,0.000465835925932,0.081167999999991,0.1735636621713637,4.0,actuator_motors,none,23548651,14916067,5.4,,C,,0.0,4.0,True,9.91227767830929,197.9787269557521,1.967684541257768,216.844471,212.5077,,True,0.0,0.0438716564327478,0.0005198855069465,0.0,0.0013234542682766,0.0,0.2970268353819847,0.6363892316818236,0.0020846309373155,0.0,0.0,1,False,False,False,False
e89c5cd4-9c20-4837-8bef-b2d155944bb9,ok,17630207.0,v1.12-1.13,0.0,0.0,0.0,True,0.0,0.0,0.2542980790138244,4.0,actuator_motors,none,26752940,14866015,9.2,,C,,0.0,4.0,True,10.004532968080817,203.02288966085564,1.9999722462480247,211.745173,201.86870400000004,,True,0.0,0.0028718940215185,0.0039404420414939,0.0,0.0056755082914605,0.0,0.0,0.0017521902977023,0.0004048360802698,0.0148311741184442,0.0,0,False,False,False,False
e27bd9cd-34a4-4ad4-b3d4-460bb537c301,ok,17694720.0,v1.14-1.15,0.0,0.0,0.0,True,0.0072855597928168,0.2700089999999981,0.3072168946266173,4.0,actuator_motors,none,10765840,4756506,5.9,,C,,0.0,4.0,True,10.015547115124296,199.93774775093348,99.96889010421933,63.974626,61.52000899999998,,True,0.0,0.012313618324697,0.0,0.0,0.0,0.0,0.0,0.0,0.5020519495010376,0.1644769012928009,0.0,0,False,False,False,False
befd38b2-da32-49e8-acb6-50aac35bca0f,ok,17630207.0,v1.12-1.13,0.0,0.0,0.0,True,0.0061728395061728,0.597741000000001,0.243392689526081,4.0,actuator_motors,none,5104939,3550748,6.0,,C,,0.0,4.0,True,10.00984567267599,20.00981489585953,1.9999715366369712,103.832615,97.220118,,True,0.0,0.0130452640820294,0.0041987981880083,0.0,0.0120055487379431,0.0,0.0,0.0149511080700904,0.0015656788076739,0.0082085533067583,0.0,0,False,False,False,False
204a11c9-0384-4cac-a639-dc086d67ff7f,ok,17891583.0,v1.16+,0.0,0.0929577464788732,0.0,True,0.0,0.0,0.0924870669841766,4.0,actuator_motors,none,49250717,20174841,9.6,,C,,0.0,4.0,True,125.0,250.00000000000003,100.0035156799325,170.52,102.768,,True,0.0,0.0003815767122432,0.0004503805335843,0.0002241990878246,0.0081181693822145,0.007125062867999,6.615061283810064e-05,0.000442213990027,0.8929749727249146,0.2429921180009842,0.0,1,False,False,False,False
90ccef8d-ee57-43ed-87d4-8da265760066,ok,17760767.0,v1.14-1.15,0.0,0.0,0.0,True,0.0123915737298636,1.0011200000000002,0.3007059216499328,4.0,actuator_motors,none,3756765,2836550,2.5,,C,,0.0,4.0,True,10.010617307799064,20.011227363574267,2.000040746592837,88.823833,80.65171900000003,,True,0.0,0.002110928017646,0.0003036736874491,0.0002443190227495,0.0070866868598386,0.0065291262930259,0.0051620499696582,0.0020768936374224,0.1235364470630884,0.0933237507939341,0.0,0,False,False,False,False
412fe507-7b99-4516-9a59-7181383e2595,ok,17629952.0,v1.12-1.13,0.0,0.0,0.0,True,0.5714285714285714,17.899242,0.5362590327858925,4.0,actuator_motors,none,2594892,1909961,1.8,,C,,0.0,4.0,True,10.017402856276856,20.01713236825925,1.9997553357190911,60.565199,51.222038000000005,,True,0.0,9.876335838043816e-08,0.0108341613784432,0.0,0.0080490044318139,0.0,0.0486463593319058,0.0349617885425686,0.0060871921246871,0.0,0.0,1,False,False,False,False
8f498d8e-2331-4c0c-bf1e-e454eac4f1e1,ok,17695744.0,v1.14-1.15,0.0,0.0,0.0,True,0.097945205479452,4.50057000000001,0.5085779935121535,4.0,actuator_motors,none,12209565,7805736,5.6,,C,,0.0,4.0,True,9.952717315207268,19.90545381132837,1.986490063510824,296.415143,293.499111,,True,0.0,0.0066600599326193,0.0108257198706269,0.0,0.0315249718725681,0.0,0.0280123151838779,0.0146609352901578,0.0634942784905433,0.3109356984496116,0.0,1,False,False,False,False
95808b3b-20fd-49db-9982-90da109baf45,ok,17695488.0,v1.14-1.15,0.0,0.0,0.0,True,0.0368,0.3990610000000032,0.7941611524956403,4.0,actuator_motors,none,2444858,1786785,2.2,,C,,0.0,4.0,True,10.015172157496098,20.01435525868833,2.0000823973339146,66.326187,62.51752599999999,,True,0.0,0.0206443801522254,0.0,0.0,0.0,0.0,0.0,0.0,0.0259224716573953,0.0,0.0,0,False,False,False,False
e4bd9b02-fdf2-4b8a-a273-c627312e09f5,ok,17891328.0,v1.16+,0.0,0.0,0.0,True,0.0,0.0,0.1060984030365943,4.0,actuator_motors,none,8958034,5255524,8.9,,C,,0.0,4.0,True,9.874203897540742,195.01874061119585,1.971726789874428,71.454603,69.63874700000001,,True,0.0,0.033478993922472,0.0,0.0,0.0,0.0,0.0,0.0,6.515429496765137,1.6038157939910889,0.0,0,False,False,False,False
d7b9c31a-dc2e-46a7-90a0-f5783d874b7e,ok,17761279.0,v1.14-1.15,0.0,0.0,0.0,True,0.0,0.0,0.0866677895188331,4.0,actuator_motors,none,2401922,1606720,4.5,,C,,0.0,4.0,True,10.01480649470231,20.014575337756057,1.999835771062437,66.488851,58.684659,,True,0.0,0.0081942245364189,0.0,0.0,0.0,0.0,0.0,0.0,0.0001152371070929,0.0,0.0,0,False,False,False,False
09e0a83a-14c4-4bae-be0b-3d0f98985f80,ok,17761023.0,v1.14-1.15,0.0209551656920077,0.0,0.0,True,0.0002931978107896,0.1022219999999833,0.3973357588052746,4.0,actuator_motors,none,36795290,22476484,8.8,,C,,0.0,4.0,True,10.000957807960171,20.0009247269134,2.000007998087405,1028.569332,1023.2224740000008,,True,0.0,0.0058209405047818,0.0021053527481853,0.0048074752790853,0.0042191918939352,0.0053137032315134,0.0053802216192707,0.0036232930026017,0.0253959008492529,0.013286525895819,0.0,1,False,False,False,False
21d8dcd8-5a23-49c8-b9cb-e76aa0af7d40,ok,17891583.0,v1.16+,0.0,0.0,0.0,True,0.0169230769230769,2.2017979999999966,0.1531059801578521,4.0,actuator_motors,none,6453134,4716343,3.2,,C,,0.0,4.0,True,10.006797327094535,20.007657422583808,1.999874280965865,135.371465,129.973268,,True,0.0,0.0026114365435205,0.001406293537002,0.0002808680423186,0.0154114447534084,0.0081170249963179,0.0036063622450456,0.0157088619191199,0.4772080779075621,0.2088918074965475,0.0,0,False,False,False,False
ec08d6ff-9861-424e-9235-4527ce513211,ok,17825984.0,v1.16+,0.0,0.0,0.0,True,0.002854006586169,1.0002979999999866,0.3841009259223937,4.0,actuator_motors,none,37180528,23471429,16.8,,C,,0.0,4.0,True,10.001188464154856,20.001169329467903,2.0000007956167547,912.88088,911.036724,,True,0.0,0.0020537903183139,0.0029239505529403,0.0019247578456997,0.003028135979548,0.0029612756916321,0.0072803955990821,0.0058287109714001,0.0,0.0,0.0,0,False,False,False,False
ee3109fb-5fb7-40f8-95aa-2efa9b58182d,ok,17695743.0,v1.14-1.15,0.0,0.0,0.0,True,0.0155251141552511,1.7010179999999997,0.9126342720040316,4.0,actuator_motors,none,4041500,2533006,4.2,,C,,0.0,4.0,True,10.009182813811002,20.009385397693777,2.000004472737276,110.05492,109.46002199999997,,True,0.0,0.00049306609435,0.0,0.0,0.0,0.0,0.0,0.0,0.0016142872627824,,0.0,0,False,False,False,False
2a5c48ce-886e-4b74-91a4-886848d2b8fa,ok,17826048.0,v1.16+,0.0,0.0,0.0,True,0.0,0.0,0.2551046088337898,4.0,actuator_motors,none,51721098,31676686,11.8,,C,,0.0,4.0,True,10.002229628416591,184.74227081147208,2.0000118439943315,448.551637,437.19878000000017,,True,0.0,0.0022154092905111,0.0004379464706289,0.0007643064309377,0.0033251464134082,0.0051332660485059,0.0177884588949382,0.0180400948971509,0.0076840812107548,0.0060352239524945,0.0005501065810676,0,False,False,False,False
1aaf93b3-2d6d-4f9f-a1b2-ac618e6bd42a,ok,17761280.0,v1.14-1.15,0.0,0.0,0.0,True,0.0,0.0,0.1032448649406432,4.0,actuator_motors,none,19874174,11948714,9.8,,C,,0.0,4.0,True,10.005122142123804,170.56109453885858,1.9999168620948429,191.459787,187.156408,,True,0.0,0.0002098149780067,0.0300997860729694,0.0213893081992864,0.0012060315697453,0.001619825058151,0.0071641285903751,0.0034306307788938,0.0,0.0,0.0004629406495951,0,False,False,False,False
52201e25-4ed2-4ca6-921b-c0b5d49963ec,ok,17760320.0,v1.14-1.15,0.0,0.1067415730337078,0.0,True,0.0122399020807833,0.1018670000000021,0.2811932444572448,4.0,actuator_motors,none,3758546,2856475,8.8,,C,,0.0,4.0,True,10.01165862892095,20.01103938456759,2.000182613163489,85.601801,81.68080299999998,,True,0.0,0.0066139817005023,0.0001617716901819,0.000171048285847,0.0031165090971626,0.0045091978739946,0.0004730794913484,0.0104215818457305,0.0,,1.3090528428554535,1,False,False,False,False
de9e1a8b-d5f0-4d29-b82e-fea2408461c8,ok,17695743.0,v1.14-1.15,0.0358974358974358,0.0,0.0,True,0.0,0.0,0.2400000095367431,4.0,actuator_motors,none,52099076,21303274,8.7,,C,,0.0,4.0,True,9.477298422197292,193.5904622029884,1.9009524187451248,101.168886,98.36509800000002,,True,0.0,0.0079182134009897,0.0,0.0,0.0,0.0,0.0,0.0,0.1805242121219634,0.1871065214276313,0.0,1,False,False,False,False
aaf2608e-2a6e-4e1d-b887-45cd26723511,ok,17826047.0,v1.16+,0.0,0.0,0.0,True,0.7583547557840618,58.102645,0.9340581551194193,4.0,actuator_motors,none,3631548,2624459,7.0,,C,,0.0,4.0,True,10.0118284692574,20.0114511324507,1.9999472161170324,82.069607,77.79090899999998,,True,0.0,0.0411807410418987,0.0,0.0,0.0,0.0,0.0,0.0,0.0,0.0,0.0,1,False,False,False,False
4c171cf3-55be-44d4-9fce-31a8e2a1e523,ok,17826240.0,v1.16+,0.0,0.0,0.0,True,0.0,0.0,0.4603228475898504,4.0,actuator_motors,none,28529601,18426282,7.7,,C,,0.0,4.0,True,10.001630738132562,20.001712467436622,2.000004703161972,603.345337,596.6120299999993,,True,0.0,0.0115301269106566,0.004066820628941,0.0080681837163865,0.0158170655369758,0.0220596140250563,0.0071247527375817,0.0073858989868313,0.0,0.1368021517992019,0.0,0,False,False,False,False
5978e43f-80d7-42df-ae43-c8aab24aaa88,ok,17629952.0,v1.12-1.13,0.0,0.0,0.0,True,0.0,0.0,0.0963929951190948,4.0,actuator_motors,none,14578466,7931611,4.6,,C,,0.0,4.0,True,10.003048520169916,20.002730391230887,2.0000076470880623,323.345709,320.6633669999999,,True,0.0,7.228714821394533e-05,0.0018306357087567,0.0,0.0,0.0,0.0,0.0,0.0011205786722712,0.0,0.0,0,False,False,False,False
e75011cd-7a6d-4d5f-b5d0-3e5dab8e6310,ok,17629696.0,v1.12-1.13,,,0.0,True,0.0,0.0,0.1215489551424979,4.0,actuator_motors,none,36525023,15970632,15.4,,C,,0.0,4.0,True,10.001676669034644,20.001539867504444,2.0016720421798087,599.542986,168.379987,,True,0.0,0.000590294029098,0.0021969155874103,0.0,0.0,0.0,0.0,0.0,0.092432752251625,0.0,0.0,0,False,False,False,False
30de1ef4-17e9-4e7a-9841-0195300e7f88,ok,17760768.0,v1.14-1.15,0.0,0.0,0.0,True,0.0,0.0,0.342475026845932,4.0,actuator_motors,none,3544451,2628615,2.9,,C,,0.0,4.0,True,10.01137119235885,19.992057865683982,2.000000160000013,88.259996,83.71995600000004,,True,0.0,0.010263476986438,0.003716287727002,0.0031391652300953,0.0188448280096054,0.0166986351832747,0.011212897952646,0.0227552861906588,0.0869579557329416,0.0263898102566599,0.0,0,False,False,False,False
322f97b7-8c84-4ab2-8002-039a2e89915d,ok,17825792.0,v1.16+,0.0238095238095238,0.0,0.0,False,0.0094212298701468,0.6765120000000024,0.1932606667280197,4.0,actuator_motors,none,56082651,22968070,43.9,,C,,0.0,4.0,True,9.207379173013276,183.4213252708305,1.8427147577561624,108.708098,102.974043,,True,0.0,0.0083490392658859,0.0003034273599041,0.0002602724052849,0.0107289006933569,0.0137764748185872,0.0021642028237692,0.0044812076259404,0.0217411128804086,0.0026692100218497,0.0,2,False,False,False,False
621f4fed-3d93-4f27-8f09-29a5e88fe7e4,ok,17891392.0,v1.16+,0.0,0.0,0.0,True,0.0007978117164349,0.1962299999999857,0.3207813680171967,4.0,actuator_motors,none,45945048,29639297,29.3,,C,,0.0,4.0,True,10.000919973740286,20.000716529349603,1.999984952206008,991.622858,877.320618999999,,True,0.0,0.0337185135111212,0.0,0.0,0.0,0.0,0.0,0.0,0.0223256217315792,0.0048231567954644,0.0611364517360925,0,False,False,False,False
8c3115b2-b30f-4f3a-addd-31ae4e5a7cd2,ok,17826303.0,v1.16+,0.0,0.0,0.0016528925619834,True,0.0,0.0,0.1536258101463317,4.0,actuator_motors,none,99567537,29345335,32.7,,C,,0.0,4.0,True,9.126759277921227,167.24695241772264,1.8257409089560963,132.511432,128.27425200000002,,True,0.0,0.2169878356158731,0.0532421326264738,0.0133279369212687,0.0636759016662836,0.0481867978349328,0.0730586349964141,0.0926442880183458,0.0240138259716331,0.0015619746933225,0.0,1,False,False,False,False
8f107a6c-21b4-4524-8609-1d709c6899d6,ok,17761280.0,v1.14-1.15,0.0,0.0,0.0,True,0.0,0.0,0.0728215523064136,4.0,actuator_motors,none,3979552,2737873,2.8,,C,,0.0,4.0,True,10.008978303995043,20.008699378048547,2.000021103026405,107.626711,105.77776200000012,,True,0.0,0.0108234634622931,0.0,0.0,0.0,0.0,0.0,0.0,0.0005463243986014,0.0,0.0,0,False,False,False,False
7cef9d43-0d18-4d75-ae69-cd23b49983a6,ok,17761535.0,v1.14-1.15,0.0,0.0,0.0,True,0.0,0.0,0.3097308278083801,4.0,actuator_motors,none,3959402,2951928,3.0,,C,,0.0,4.0,True,10.01140140545322,20.011352170928028,1.9999254380739613,85.300233,80.108049,,True,0.0,0.1093843318521976,0.0134886326268315,0.0056289795320481,0.1200317293405532,0.0994684696197509,0.0148564856499433,0.0020238927099853,0.0,17.308981895446777,0.0,0,False,False,False,True
158af92a-ca1c-4e07-8a6e-88956e754ef4,ok,17826047.0,v1.16+,0.0,0.0,0.0,True,0.0,0.0,0.1642668545246124,4.0,actuator_motors,none,33760391,13716037,12.9,,C,,0.0,4.0,True,10.013674014801252,199.94512304918987,1.999988722285816,72.53174,66.78000400000002,,True,0.0,0.0034511053934693,0.0009458338376134,0.0004831097379792,0.0076702690683305,0.0051120607182383,0.009252993389964,0.0060588980093598,0.026751023158431,0.0062912656925618,0.0,0,False,False,False,False
44998499-d55f-4bed-ad51-8e0f2d3c4880,ok,17826047.0,v1.16+,0.0393258426966292,0.0,0.0,True,0.0,0.0,0.0673942446708679,4.0,actuator_motors,none,3974456,2905523,4.3,,C,,0.0,4.0,True,10.011018938779722,20.010648710459705,1.9999944457297107,87.820065,83.90193999999995,,True,0.0,0.0781890675425529,0.0026457419735379,0.004905103938654,0.0563415652140975,0.1878735870122909,0.020284088794142,0.0744425896555185,1.987392604351044,0.1178412847220897,0.0,1,False,False,False,False
c00d2fed-cf30-4585-8b9d-2361326398e9,ok,17760256.0,v1.14-1.15,0.0,0.0,0.0,True,0.0,0.0,0.1956214606761932,4.0,actuator_motors,none,45630622,28947913,16.7,,C,,0.0,4.0,True,9.951396846302208,201.6793927165424,1.9998300429474904,421.409858,417.2265840000002,,True,0.0,0.0337141830474138,0.1512994423508643,0.3630157411098475,0.0039522386621683,0.0043115454260259,0.0478962128981947,0.0147581711411476,0.0107548010535538,0.0028527398593723,30.66462631225576,0,True,False,False,True
87c330d1-ad9e-40ec-a2a2-6af389ba635a,ok,17760768.0,v1.14-1.15,0.0,0.0,0.0,True,0.1942112240388864,81.90000099999997,1.0,4.0,actuator_motors,none,18457562,10256098,6.0,,C,,0.0,4.0,True,10.002184899384806,20.00218520705027,1.9999548762916204,457.299669,452.61997799999983,,True,0.0,0.0018063326715491,0.0,0.0,,,0.0,,0.0096539391204714,0.0092429760843515,0.0,1,False,False,False,False
27cefde8-327b-4ec9-a0cf-c1609ffc9047,ok,17694720.0,v1.14-1.15,0.0803571428571428,0.0,0.0,True,0.0006443298969072,0.0996489999999994,0.3352854173630473,4.0,actuator_motors,none,11403144,4847243,4.0,,C,,0.0,4.0,True,10.007072397843585,20.005963700470488,86.86994825296132,158.677392,155.21205399999997,,True,0.0,0.0436439886689186,0.0045109987258911,0.0,0.0929468423128128,0.0,0.0071347451535984,0.017362231388688,0.003174329875037,0.0040570315904915,0.0,1,False,False,False,False
a025555a-37e6-4487-95d1-ab34993bc213,ok,17695743.0,v1.14-1.15,0.4696569920844327,0.0,0.0,True,0.2664765525982256,0.4332259999999905,0.40807688832283,4.0,actuator_motors,none,19962391,11670185,6.1,,C,,0.0,4.0,True,10.005063425233832,138.27039735742144,2.000066799064756,190.191371,187.778401,,True,0.0,0.1201482538133859,0.0,0.0,0.0,0.0,0.0,0.0,0.1172055918723344,0.3036860704421996,0.0406388854607939,2,False,False,False,False
3b76598d-9bbc-45b6-ade6-e19df0f89907,ok,17891583.0,v1.16+,0.0,0.0,0.0,True,0.0046242774566473,0.2000060000000019,0.2341527700424194,4.0,actuator_motors,none,14058333,8047154,2.7,,C,,0.0,4.0,True,10.002999241980474,20.003057891434903,2.000251640546388,338.156021,86.50003399999999,,True,0.0,0.0020278951851651,106262124544.0,1088327794688.0,0.0039501274004578,0.0025584165705367,0.0032233391539193,0.0050523619865998,0.0470966901630163,0.0356462318450212,0.0,0,True,True,True,True
b43d5443-690a-48cb-aec5-cfbf6030626d,ok,17891392.0,v1.16+,0.0,0.0,0.0,True,0.0,0.0,0.5108548035716951,4.0,actuator_motors,none,8446030,5346086,4.9,,C,,0.0,4.0,True,9.999661517733564,19.98921962149325,1.999953937902988,95.572689,89.55249000000003,,True,0.0,0.0005307857354637,0.0,0.0,0.0,0.0,0.0,0.0,0.3882015645503998,0.0792902745306491,0.0017303877975791,0,False,False,False,False
8e0d55ab-ca24-4f7f-bccc-e3e650a41006,ok,17695488.0,v1.14-1.15,0.1240310077519379,0.0,0.0,True,0.0,0.0,0.3309049978852272,4.0,actuator_motors,none,5692383,3079970,3.1,,C,,0.0,4.0,True,10.007189005216278,20.00729852505914,1.999961239966871,128.074907,125.790525,,True,0.0,0.0022147236159071,0.0,0.0,0.0,0.0,0.0,0.0,0.0,,2.2366471512214048e-05,1,False,False,False,False
f64c129b-d791-4cf7-ae0e-452c8f3b013c,ok,17761023.0,v1.14-1.15,0.0733471074380165,0.0,0.0029203170629954,True,0.0033790918690601,1.3994280000000003,0.3869685903191566,4.0,actuator_motors,none,20076382,12717213,13.1,,C,,0.0,4.0,True,10.00205229923701,20.00200842370477,1.999999607105616,479.167231,473.57178199999953,,True,0.0,0.0138190467376261,0.0004098353820154,0.0008242761570727,0.0039842210244387,0.0029374630539678,0.0136829466093331,0.0092369918245822,0.0149134520441293,0.0022566298954188,0.0025717674870975,2,False,False,False,False
c7b74a17-4dd9-42bb-901a-04c1c6e88b7f,ok,17761023.0,v1.14-1.15,0.0,0.0,0.0,True,0.0019770660340055,0.500011,0.4951026797294616,4.0,actuator_motors,none,11027354,7273904,5.3,,C,,0.0,4.0,True,10.00412835475463,20.00401238211063,2.0000223426620463,257.409364,252.9762590000001,,True,0.0,0.0076685703825205,0.0015935596893541,0.0019189812242984,0.0082080133259296,0.0074622313492,0.0026026101782917,0.0027300090063363,0.0607712402939796,0.0140195565298199,0.0,0,False,False,False,False
e78b34fc-6250-466f-82ed-3681a21304e4,ok,17630207.0,v1.12-1.13,0.0,0.0,0.0,True,0.0,0.0,0.109937672317028,4.0,actuator_motors,none,8205645,5137956,4.8,,C,,0.0,4.0,True,10.011310121544357,199.8797971902189,1.9998343858081893,86.331444,81.008508,,True,0.0,0.0,0.0007305191247723,0.0,0.0,0.0,0.0,0.0,0.0093213640153408,0.0,0.0001922271680086,0,False,False,False,False
502856c6-1c68-4deb-9d13-dc1fae9df071,ok,17760256.0,v1.14-1.15,0.0,0.0,0.0,True,0.0,0.0,0.2606359310448169,4.0,actuator_motors,none,8217187,5261286,3.5,,C,,0.0,4.0,True,10.006134846550491,20.00552010071498,1.999999766153873,162.743173,158.45969899999992,,True,0.0,0.0012171452108304,0.0245448630303144,0.0082017071545124,0.0634176116436719,0.0289245690219104,0.0415382236242294,0.0836856365203857,1.088148683309555,0.5441105887293816,0.1221284084022045,0,False,False,False,False
4bd9fd35-5ef4-4900-bdbd-37786a2dcc79,ok,17891583.0,v1.16+,0.0,0.0,0.0,True,0.0,0.0,0.2358406484127044,4.0,actuator_motors,none,6593930,4734917,5.4,,C,,0.0,4.0,True,9.99956057486585,19.99947477949954,1.999970587845131,144.560712,138.87551499999998,,True,0.0,0.0037153089651837,0.0005436517589259,0.0008492821943946,0.0103134493343532,0.0098847836256027,0.0035708301700651,0.006734760897234,0.0416018348187208,0.1255904167890548,0.0,0,False,False,False,False
4ecb2274-be41-4d06-ab84-af2429a7d4db,ok,17825792.0,v1.16+,0.0,0.3317269076305221,0.0,True,0.0,0.0,0.4004054859280586,4.0,actuator_motors,none,58287102,33630814,13.7,,C,,0.0,4.0,True,10.001478038410957,134.81343158094694,1.999997586779772,605.492989,389.2086190000002,,True,0.0,0.0056283520534634,0.0055408305488526,0.00463328207843,0.0035042068921029,0.0032271115342155,0.0002128420237568,0.00503247580491,0.0328543372452259,0.0103439120575785,0.0,1,False,False,False,False
227a7d0f-1581-4e53-a568-5abdf817d24d,ok,17761023.0,v1.14-1.15,0.0,0.0,0.0,True,0.0,0.0,0.1156950443983077,4.0,actuator_motors,none,4232499,2728286,2.6,,C,,0.0,4.0,True,10.009496164248688,20.009556609929515,1.999942298315508,104.661533,97.862484,,True,0.0,0.0012045727286022,0.0,0.0,0.0,0.0,0.0,0.0,2.9404576301574705,1.6841449022293085,0.0,0,False,False,False,False
ef9a0cbb-42cb-4234-b247-31da1de97ffd,ok,17761280.0,v1.14-1.15,0.0,0.0,0.0630048465266559,True,0.0678807947019867,1.1025149999999968,0.4879000604152673,4.0,actuator_motors,none,4806629,3248570,7.9,,C,,0.0,4.0,True,10.007404993505478,20.006815282325377,2.000059416399248,123.581029,120.87406500000002,,True,0.0,0.0202223973348736,0.0,0.0,0.0,0.0,0.0,0.0,0.0142860756255686,0.0300642539747059,0.0,2,False,False,False,False
25bb757b-205b-49a1-9ee9-1590108eb423,ok,17760384.0,v1.14-1.15,0.0,0.0,0.0,True,0.0,0.0,0.0979697197675704,4.0,actuator_motors,none,31514740,21061778,7.9,,C,,0.0,4.0,True,10.002736807007384,20.0023797011046,1.999984333897549,377.769674,371.1384739999998,,True,0.0,0.0014276227157097,0.0063211293891072,0.0069697858998551,0.0117893831338733,0.0100416084751486,0.0007259800913743,0.0131428819149732,0.0598056940361857,0.0501652406528592,0.0,0,False,False,False,False
738b7342-5d6d-4a47-83a8-97f85efff080,ok,17761280.0,v1.14-1.15,0.009861932938856,0.0,0.0,True,0.0,0.0,0.136138144135475,4.0,actuator_motors,none,54443173,34477856,15.0,,C,,0.0,4.0,True,9.961054961936345,197.26335222463496,1.999841546151644,505.786003,502.08635500000025,,True,0.0,0.0055667517706751,0.006881184503436,0.0023929057642817,0.0033095315098762,0.0035984772723168,0.0092404635623097,0.0065748901106417,0.0153335159644484,0.0024256188888102,0.0035394182545132,1,False,False,False,False
f132cbe2-d342-49df-a8d5-8a7c156e6f9c,ok,17694848.0,v1.14-1.15,0.0,0.0,0.0,True,0.0,0.0,0.1290144473314285,4.0,actuator_motors,none,4050162,2664185,3.3,,C,,0.0,4.0,True,10.01070119119569,20.010115793489,2.00002028281439,92.608513,89.888659,,True,0.0,0.0087414169684052,0.0,0.0,0.0,0.0,0.0,0.0,0.0,0.0,0.0,0,False,False,False,False
a2a598cf-5654-4d25-bea0-9c7d83e6b780,ok,17771007.0,v1.14-1.15,0.0552486187845303,0.0,0.0,True,0.0002933534489984,0.0209959999999966,0.2769285187125206,4.0,actuator_motors,none,21249130,9702723,6.1,,C,,0.0,4.0,True,10.01054565897767,159.8279630103498,50.00713719565313,87.262665,83.51685199999999,,True,0.0,0.0124136954545974,0.0,0.0,0.0,0.0,0.0,0.0,9.068833351135254,1.2943037748336792,0.0,1,False,False,False,False
4c6d758d-6688-4c24-8f16-73341e599f3b,ok,17826240.0,v1.16+,0.0344827586206896,0.0,0.0,True,0.0,0.0,0.3537606552243232,4.0,actuator_motors,none,3115121,2540037,5.0,,C,,0.0,4.0,True,10.014594650635823,20.014761931611563,2.0000116812276456,69.124326,64.772828,,True,0.0,0.0047359424643218,0.0033276558620855,0.0019809732446447,0.0250185256823897,0.0253479255363344,0.0261666122823953,0.0597435615956783,0.0296559719368815,0.0212065074592828,0.0,1,False,False,False,False
cc20e732-0387-42e4-899f-8a4e98c47d10,ok,17761023.0,v1.14-1.15,0.0,0.0,0.0,True,0.0,0.0,0.180444660782814,4.0,actuator_motors,none,41187145,23441970,21.7,,C,,0.0,4.0,True,9.983447740184824,221.39665843767307,1.9944997693615487,364.360162,255.224433,,True,0.0,0.0439686402678489,0.0049636606127023,0.0030899844132363,0.0045237840386107,0.0031374878017231,0.0122863240540027,0.0039541969308629,0.0516944877803325,0.0179655689746141,0.0,0,False,False,False,False
198c332b-35a7-4abd-af7d-a36a21c2557b,ok,17826559.0,v1.16+,0.0,0.0,0.0,True,0.001063829787234,0.1025029999999986,0.2191928043961523,4.0,actuator_motors,none,14819457,9613443,4.9,,C,,0.0,4.0,True,10.002642161976787,20.00264104638467,2.0000533259251005,378.182526,376.039615,,True,0.0,0.0101462451275438,0.0,0.0,0.0,0.0,0.0,0.0,0.0175813287496566,0.0,0.9364757537841796,0,False,False,False,False
7cd73314-f736-4e83-859f-659558db07aa,ok,16777471.0,v1.12-1.13,0.0,0.0,0.0,True,0.0,0.0,0.4885335430502891,4.0,actuator_motors,none,31535878,13728933,7.7,,C,,0.0,4.0,True,9.968000360483142,168.2718476534691,1.9999783494407253,63.655593,61.49039099999999,,True,0.0,0.0007274406671058,0.0,0.0,0.0,0.0,0.0,0.0,0.2668199449777595,0.1746826469898224,0.0,0,False,False,False,False
ebab304c-8373-4b27-a946-30453b279b2d,ok,17761535.0,v1.14-1.15,0.02734375,0.0,0.0,True,0.0,0.0,0.2861600026488304,4.0,actuator_motors,none,5272192,3722661,7.5,,C,,0.0,4.0,True,10.0078876082453,20.0071814675058,2.0000050039340884,127.592369,122.08894,,True,0.0,0.0525119295343756,0.0335444500669837,0.0200781994499266,0.0107963532209396,0.0038501275121234,0.6586925089359283,0.0341693516820669,0.0054106954485177,0.0023687763605266,0.0,1,False,False,False,False
886cac0b-4906-4d15-ad78-baa8a1a64eaa,ok,17891583.0,v1.16+,0.0,0.0,0.0140485312899106,True,0.0131458683607722,1.567500999999993,0.2947495579719543,4.0,actuator_motors,none,48382717,25639634,12.4,,C,,0.0,4.0,True,10.003192232767317,199.99380092072303,2.0000000384000005,312.562681,310.1897609999997,,True,0.0,0.0230091824196279,0.02345015341416,0.0851239971816539,0.0104390368796885,0.0187522671185433,0.0024116360582411,0.0070079646538943,0.0521215014159679,0.0110019587446004,0.0,1,False,False,False,False
ad3730a4-af72-475f-bdaa-c489926615ff,ok,17761535.0,v1.14-1.15,0.0,0.0,0.0,True,0.0,0.0,0.1200964674353599,4.0,actuator_motors,none,3592779,2559133,2.6,,C,,0.0,4.0,True,10.010531035915392,20.01036222665824,2.0000028817245825,93.340772,89.54397199999997,,True,0.0,0.004346733726561,0.0,0.0,0.0,0.0,0.0,0.0,0.0,0.0,0.003577327216044,0,False,False,False,False
9ce5d759-53b5-4520-9074-cffb20819e71,ok,17761280.0,v1.14-1.15,0.0,0.0,0.0,True,0.0,0.0,0.3925957500934594,4.0,actuator_motors,none,2239652,1681483,2.3,,C,,0.0,4.0,True,10.014507249718886,20.01521409628458,2.0001301844734467,62.911725,56.51280199999999,,True,0.0,0.0013599759840872,0.0001994609810935,0.0001236029656865,0.001176124671474,0.0013973307795822,0.0012510514934547,0.0028644150588661,0.0069060416426509,0.4486882016062736,0.0,0,False,False,False,False
b5727847-0625-4c37-8567-75be43eccbd3,ok,17760384.0,v1.14-1.15,0.0,0.0,0.0,True,0.0,0.0,0.1342889487743377,4.0,actuator_motors,none,11907470,7428981,10.9,,C,,0.0,4.0,True,9.937023143824206,192.62105351911345,1.9816730512899887,110.419187,101.83776799999998,,True,0.0,0.0088046004995703,0.001872635341715,0.001542938593775,0.0059255935717374,0.0051031766925007,0.0008718891767784,0.0016928430530242,0.0324850030243396,0.0416010050103066,0.0,0,False,False,False,False
24bd8054-c9fe-4329-ab73-50dcdd575f77,ok,17695488.0,v1.14-1.15,0.0,0.0,0.0,True,0.0,0.0,0.3062676489353179,4.0,actuator_motors,none,2850738,2037398,2.5,,C,,0.0,4.0,True,9.99972776498715,19.999549677411377,1.9999740978964395,82.024962,71.35035999999998,,True,0.0,0.0053970194421708,0.0015814510639756,0.0,0.0223707493394613,0.0,0.1382778465747831,0.0141653025522827,0.0067963455803692,0.0128909088205546,0.0,0,False,False,False,False
d404cfa8-ee96-4651-80a9-d4c74b66ce2e,ok,17695488.0,v1.14-1.15,0.0655270655270655,0.0,0.0,True,0.0683810637054354,11.701189,0.9999999393106098,4.0,actuator_motors,none,8273097,5371842,3.3,,C,,0.0,4.0,True,9.865396507615984,19.725278012738908,1.9718101593086097,178.136931,173.5534980000001,,True,0.0,0.005381385772489,0.002614558651112,0.0,0.0199998542666435,0.0,0.0027695572935044,0.0114425746724009,1.8500478804111515,,0.0,2,False,False,False,False
81b91c81-7238-42e1-8b8d-79d7021d5023,ok,17695743.0,v1.14-1.15,0.0,0.0,0.0,True,0.0,0.0,0.232407921552658,4.0,actuator_motors,none,2647906,2039201,2.9,,C,,0.0,4.0,True,10.014395732441638,20.01475042354653,1.9999572509137613,64.612064,59.056771000000005,,True,0.0,0.0045461894012987,0.0391900688409805,0.0,0.015333979204297,0.0,0.9432914137840268,0.0045148872770369,0.0245125267654657,,0.0,0,False,False,False,False
730ec94c-abaa-48bb-bebf-743eb43eb3ba,ok,17891392.0,v1.16+,0.0,0.0132743362831858,0.0,True,0.0,0.0,0.3145506814122199,4.0,actuator_motors,none,26077205,16872799,11.9,,C,,0.0,4.0,True,9.904442099150623,19.80696461675945,1.98085056407296,574.779532,565.9446429999998,,True,0.0,0.0042559627909213,0.0002363930965657,0.0002055784279946,0.0070430427324026,0.0060908493585884,0.002912624599412,0.0057358337100595,0.004940259642899,0.0014151786454021,0.0,1,False,False,False,False
2ce3b0b8-ba0c-4db0-a4a3-2180314b2696,ok,17629695.0,v1.12-1.13,0.0,0.0,0.0,True,0.0,0.0,0.3317650929093361,4.0,actuator_motors,none,51432289,34623463,12.9,,C,,0.0,4.0,True,10.002360763108912,285.65526035803055,2.000052021971664,388.159948,383.0476220000002,,True,0.0,0.0009281439124606,0.0057707146741449,0.0,0.0153030663728713,0.0,0.0006336185033433,0.0059202140197157,0.0224156320095061,0.0,0.0014834492467343,0,False,False,False,False
e644499b-6db1-4e86-856a-2c8b3c402220,ok,17891583.0,v1.16+,0.0,0.0,0.0,True,0.3238566131025958,1.5001549999999997,0.6177445173263545,4.0,actuator_motors,none,3438045,2490115,2.6,,C,,0.0,4.0,True,10.010080666034844,20.01195594295856,2.0000592201442657,87.074302,80.95779900000001,,True,0.0,0.0,0.0,0.0,0.0,0.0,0.0,0.0,0.0,0.0,0.0066040156874805,1,False,False,False,False
1040a322-9fbf-4620-8e8c-f40026d3232a,ok,17760768.0,v1.14-1.15,0.0,0.0,0.0,True,0.0,0.0,0.1423230051994324,4.0,actuator_motors,none,3376316,2611025,2.9,,C,,0.0,4.0,True,10.013068623180189,20.013072680251216,2.0000013684219886,76.073018,71.810051,,True,0.0,0.0015622155508026,0.0005338807939551,0.0123073380440473,0.0044259500689804,0.0169806487858295,0.0024633929599076,0.0169379070401191,0.1650408565998078,0.0171775668859481,0.0,0,False,False,False,False
c20a8ea0-1087-44df-a647-4c1c73533593,ok,17695743.0,v1.14-1.15,0.0,0.0,0.0,True,0.0,0.0,0.1948601096868515,4.0,actuator_motors,none,26582210,18652194,10.2,,C,,0.0,4.0,True,10.002229463071677,20.00222694134041,1.9999996875000488,448.390194,443.0299549999995,,True,0.0,0.001252988516353,0.0001418469444615,0.0,0.0008575159939937,0.0,0.0021102886646986,0.0038996915332972,0.0026658109854906,0.0617985675111412,0.0,0,False,False,False,False
433f67a4-17ad-4845-81ce-835e43193268,ok,16779520.0,v1.12-1.13,0.0,0.0,0.0,True,0.0,0.0,0.207602858543396,4.0,actuator_motors,none,6290166,3626866,3.7,,C,,0.0,4.0,True,10.014028194875063,20.014025806845044,2.0000007092201093,70.877761,65.14015000000002,,True,0.0,0.001678609609371,0.0,0.0,0.0,0.0,0.0,0.0,1.9335235174366963e-05,0.0,8.43587627059605e-06,0,False,False,False,False
a6cb104b-3160-4d4d-9e71-90582fc91269,ok,17694976.0,v1.14-1.15,0.0,0.0,0.0,True,0.0028328611898017,0.1001060000000109,0.1802805006504058,4.0,actuator_motors,none,6163687,4090834,3.5,,C,,0.0,4.0,True,9.882163257300736,19.76432257969875,1.9818814939233604,110.0853,107.278738,,True,0.0,0.0108509133569896,0.0,0.0,0.0,0.0,0.0,0.0,0.0003407958109164,,0.013931775651872,0,False,False,False,False
59f82431-e77b-4190-9f28-063595e00538,ok,17761280.0,v1.14-1.15,0.0,0.0,0.0,True,0.0004432624113475,0.029091000000001,0.2938155680894851,4.0,actuator_motors,none,14492588,9279057,15.9,,C,,0.0,4.0,True,10.007139522319395,197.46940171239007,1.9999357764984853,133.611191,128.64326000000003,,True,0.0,0.0179216179996728,0.0066346039529889,0.0068040919490158,0.0075946677010506,0.0126938072964549,0.0324438650161027,0.0059357228223234,2.163318192958828,8.162877988815298,64.35991973876953,0,True,True,False,True
1d0cded3-fdd2-4579-8823-8fd7590462c5,ok,17761280.0,v1.14-1.15,0.0,0.0,0.0,True,0.0,0.0,0.1823315523564814,4.0,actuator_motors,none,38318679,24007198,17.0,,C,,0.0,4.0,True,10.002802725912858,217.80624501907133,1.9999967246003567,339.670651,332.50840700000003,,True,0.0,0.0090873200446367,0.0555183390155434,0.0378098979592323,0.0138043571729212,0.0180096823722124,0.0295962874777614,0.0077475462341681,0.0133560840040444,0.0048676110105589,0.0,0,False,False,False,False
085f7a67-269d-4f54-84cd-e94b36de7c3f,ok,17629952.0,v1.12-1.13,0.0,0.0,0.0,True,0.0033277870216306,0.102967999999997,0.6821347549557686,4.0,actuator_motors,none,2297214,1626987,3.0,,C,,0.0,4.0,True,10.015570595094982,20.01497538141952,2.000254634041137,62.074158,60.27332199999999,,True,0.0,0.0099142246413975,0.0178044646978378,0.0,0.0,0.0,0.0,0.0,0.0012632778845727,0.0680251087993383,0.0,0,False,False,False,False
9f74da2d-291a-44c9-903a-c5495eb15101,ok,17629952.0,v1.12-1.13,0.122257053291536,0.0,0.0,True,0.0,0.0,0.1740007683634756,4.0,actuator_motors,none,6804243,4361757,4.7,,C,,0.0,4.0,True,10.006302722268028,20.00641703018106,1.999965730994716,160.016727,157.8052619999999,,True,0.0,0.0004465241436264,0.0009328122687293,0.0,0.0019480775576084,0.0,0.0,0.000448323614546,0.0007148944307118,0.0,0.0,1,False,False,False,False
0f45bb8e-713a-4bc6-9fd3-47f598c7e461,ok,17695743.0,v1.14-1.15,0.0,0.0,0.0,True,0.0,0.0,0.3453260838985442,4.0,actuator_motors,none,3902979,2933899,24.0,,C,,0.0,4.0,True,10.00957529742738,20.01021622118544,2.00014188240502,94.135303,86.935693,,True,0.0,0.0079134054481983,0.0067404380999505,0.0,0.0042110257782042,0.0,0.0120324306190013,0.0091059412807226,0.073045240342617,,0.0,0,False,False,False,False
c8b3aec5-645b-41e2-96a3-b38a4b6f6095,ok,17695744.0,v1.14-1.15,0.1493506493506493,0.0,0.0,True,0.5949764521193093,3.298082000000001,1.0,4.0,actuator_motors,none,2873019,2049580,2.8,,C,,0.0,4.0,True,10.02233298565286,20.0223981536302,2.021775938024996,76.28695,63.70143299999998,,True,0.0,0.0003601015065214,0.0325007773935793,0.0,0.2412226662039747,0.0,8309.988818359374,0.0100240587256848,0.0,0.0051610865630209,0.0,2,True,True,True,True
03d7391c-2e65-4dc6-82a3-a791023f8657,ok,16777984.0,v1.12-1.13,0.0,0.0,0.0,True,0.0,0.0,0.1407868176698684,4.0,actuator_motors,none,14909786,8829960,5.3,,C,,0.0,4.0,True,10.003189920295885,20.00287306455537,1.999998479234383,313.251518,307.429769,,True,0.0,0.0011150429956614,0.0001773293435689,0.0005024782236432,0.0005005034559871,0.0004034894518554,0.0052551934961229,0.0076102462131529,0.0422508496791122,0.0073666234500706,0.0030902444850653,0,False,False,False,False
f0220092-c33a-4b65-8746-697b1ed43af6,ok,17761023.0,v1.14-1.15,0.0,0.0,0.0,True,0.0,0.0,0.317098818719387,4.0,actuator_motors,none,3226770,2616955,2.7,,C,,0.0,4.0,True,10.013376480602712,20.013364331514083,1.9997308818547448,74.850498,70.12971999999996,,True,0.0,0.001586114114616,0.0035599470604211,0.0019405340484809,0.0086908062454312,0.0066994968336075,0.0107419958338141,0.0123885518405586,0.0253918761387467,0.0080999393016099,0.0,0,False,False,False,False
93e952b8-9b67-483b-9e7f-833a437f2557,ok,17694912.0,v1.14-1.15,0.4950276243093923,0.0,0.0039525691699604,True,0.0,0.0,0.2766235649585723,4.0,actuator_motors,none,40635238,25403821,12.1,,C,,0.0,4.0,True,10.000129623990274,123.05257601998916,1.999975314590403,454.829646,451.7790540000002,,True,0.0,0.0054035852663218,0.0073184040375053,0.0,0.019945777952671,0.0,0.0141715789679437,0.0122157228179275,0.027982079423964,0.1243335008621215,2.2846825231681574e-05,2,False,False,False,False
753d641e-5a00-449f-a2f2-1f3944ede1ef,ok,17761280.0,v1.14-1.15,0.0070532915360501,0.0,0.0,False,0.0,0.0,0.169459968805313,4.0,actuator_motors,none,71739745,44086891,19.2,,C,,0.0,4.0,True,9.988596036697686,219.7477446203501,2.000188163890895,643.03607,641.3032529999997,,True,0.0,0.009705342631787,0.0075945442542433,0.0026767420349642,0.0050342550501227,0.0038274561753496,0.0041020723991096,0.0060320544987916,0.022766747046262,0.0122600967064499,34.475829696655275,2,True,False,False,True
d5638ba5-cb4d-4397-b84d-92456841444f,ok,17761280.0,v1.14-1.15,0.0,0.0,0.0,True,0.0,0.0,0.151866029202938,4.0,actuator_motors,none,2740694,2346176,2.9,,C,,0.0,4.0,True,10.01530792512784,20.01589526352468,2.0002322564766004,61.164469,58.82971400000001,,True,0.0,0.0089104571379721,0.1111748576164245,0.0306636150926351,0.0946746893227099,0.0420567750930786,0.0098022568970918,0.0045608747284859,0.0,0.0,0.00021722738893,0,False,False,False,False
37ec19b0-6a51-4576-acd3-451e20fad888,ok,17826047.0,v1.16+,0.0,0.0,0.0,True,0.0006733581634156,0.0137549999999961,0.4348382338881494,4.0,actuator_motors,none,19761506,12239513,8.4,,C,,0.0,4.0,True,10.005831853880174,199.98829060829613,2.000002432751497,171.056137,167.20985599999997,,True,0.0,0.0045817973557859,0.1231535524129867,0.1830619961023327,0.2391856089234352,0.117325150966644,0.0,0.2014137417078016,0.0467174924910068,0.0431986782699823,0.0,0,False,False,False,False
c8fff0d6-3f7d-4963-b32a-053cacd3f474,ok,17761535.0,v1.14-1.15,0.0,0.4108108108108108,0.0,True,0.2191011235955056,0.4021370000000104,0.5765017747879028,4.0,actuator_motors,none,3615322,2679696,3.0,,C,,0.0,4.0,True,10.010190351993367,20.01059385661486,1.9999695960906207,91.63159,89.07510599999998,,True,0.0,0.0053016403922811,0.0045272475108504,0.0019750487932469,0.0070076233008876,0.0096247792243957,0.0171505854465067,0.0761146873235702,0.4356768459081649,0.1033383816480636,0.0,2,False,False,False,False
8bf45ed3-d9e0-41b4-a80c-ba7ab473bcf9,ok,17760768.0,v1.14-1.15,0.0,0.0,0.0,True,0.0408719346049046,0.7040000000000077,0.2663430571556091,4.0,actuator_motors,none,26494541,12164308,12.6,,C,,0.0,4.0,True,123.55750793152738,244.5091340119928,123.55750793152738,114.256,110.11600000000006,,True,0.0,0.0001339201990049,0.0078201042488217,0.0047726440243422,0.0055924006737768,0.0200041308999061,0.017578212544322,0.0161883421242237,0.0836357548832893,0.0289409987628457,0.0,0,False,False,False,False
f386caa8-c372-40e0-b1c5-4687f8d614b7,ok,17826559.0,v1.16+,0.8752166377816292,0.0,0.0,False,0.9168886978942844,1012.200825,1.0,4.0,actuator_motors,none,48845504,28860287,14.2,,C,,0.0,4.0,True,10.000819854316788,20.00079017629453,1.9999922404766488,1164.653727,1162.537141,,True,0.0,0.0031846985570154,0.0040036189137026,0.0007132703671231,0.0040003313450142,0.0028601539554074,0.0061919081024825,0.0046801668126136,0.025354303792119,0.1485423780977725,0.0,3,False,False,False,False
82da5b9d-8ee9-4acc-82f6-a54b08a8b9dc,ok,17760256.0,v1.14-1.15,0.0,0.0,0.0,True,0.0,0.0,0.0954343050718306,4.0,actuator_motors,none,8997903,6643425,8.4,,C,,0.0,4.0,True,10.006699035986044,20.00627119654815,1.99997704206418,155.575333,149.86825200000007,,True,0.0,0.0011188147473149,3.985869170719525e-05,0.0001741406442306,0.000514999803272,0.0018949400808196,0.0064214262878522,0.0237251094542443,0.0046577229630202,0.0042721864301711,0.0,0,False,False,False,False
b898764e-e214-45d9-b956-316b08a6fe4d,ok,17629952.0,v1.12-1.13,0.0,0.0,0.0,True,0.0,0.0,0.2678289115428924,4.0,actuator_motors,none,27317702,17072348,8.8,,C,,0.0,4.0,True,10.003286147110346,160.47206085569834,1.9999686934034449,317.808968,312.15899700000006,,True,0.0,5.223937841947191e-05,0.0011670279782265,0.0,0.0,0.0,0.0,0.0,0.2713619247078895,0.0,0.0,0,False,False,False,False
a80a4f91-41d2-4c16-88b4-58855b45217f,ok,17826047.0,v1.16+,0.0,0.0,0.0,True,0.0,0.0,0.1922461092472076,4.0,actuator_motors,none,15428392,7311580,7.6,,C,,0.0,4.0,True,9.019134398936554,221.72425941716344,1.8191847728485488,99.636483,99.787482,,True,0.0,0.0373028965666889,0.0,0.0,0.0,0.0,0.0,0.0,5.6587145081721246e-05,0.0,0.0,0,False,False,False,False
56532940-0d06-419a-8e67-71886fa9ade3,ok,17891392.0,v1.16+,0.0,0.1,0.0,False,0.0014367816091954,0.0999999999999996,0.020135298371315,4.0,actuator_motors,none,17724050,9058097,8.2,,C,,0.0,4.0,True,124.9869041382923,249.9345206914615,100.0130958617077,76.32,69.27199999999999,,True,0.0,0.0005157477571628,0.0002897483936976,6.322057015495375e-05,0.0185254253447055,0.0005685211508534,5.065301593276672e-05,0.0006818126421421,0.0013051419518887,0.6781660914421082,0.0,2,False,False,False,False
203565b0-ed6a-4a66-8ea9-a38a27adb85b,ok,17760512.0,v1.14-1.15,0.0,0.0295250320924261,0.0,True,0.0,0.0,0.1774318516254425,4.0,actuator_motors,none,13747688,8398053,7.8,,C,,0.0,4.0,True,9.999858066530669,20.000050039464305,1.9999781027364625,381.249979,376.1212660000001,,True,0.0,0.004653721069917,0.003687821526546,0.0021335414377972,0.0780411764979362,0.0556770736351608,0.0081821240019053,0.1281500235199923,0.5862981766462325,1.2425928771495798,0.0,1,False,False,False,False
dfb0d8f1-7ec6-41c1-9be6-3066b2b7ae2e,ok,17761280.0,v1.14-1.15,0.064516129032258,0.0,0.0,True,0.0,0.0,0.7010593518164762,4.0,actuator_motors,none,3692726,2194406,8.7,,C,,0.0,4.0,True,10.011725105583391,20.01095780218569,1.999967886879271,88.640106,84.26468600000003,,True,0.0,0.0003373315208591,0.000291310873581,0.0001644440053496,0.0253166694194078,0.009501758404076,0.0017386768013238,0.0054478577338159,0.1979455947875976,0.1375662416219711,0.0,1,False,False,False,False
69ff2381-d50e-453c-a014-3bf93ffc4172,ok,17761535.0,v1.14-1.15,0.0,0.0,0.0,True,0.0084455753959548,0.424648999999988,0.3864223301410674,4.0,actuator_motors,none,35315096,22579701,15.1,,C,,0.0,4.0,True,10.002800273882857,197.86867750296383,1.999987585039472,333.155081,327.310283,,True,0.0,0.0032312750699929,0.0027256145258434,0.0056276635732501,0.0074286975432187,0.0098166528623551,0.0012586428783833,0.0062233651988208,0.0548619516193866,0.0393930524587631,58.115166664123535,0,True,True,False,True
8a572619-945e-4057-b1f7-41f5af2e23eb,ok,17761280.0,v1.14-1.15,0.0,0.0,0.0875,True,0.3294314381270903,5.498750000000001,0.8228242922574278,4.0,actuator_motors,none,3440146,2547573,3.2,,C,,0.0,4.0,True,10.015092493225096,20.01606434378173,1.9999959365161928,63.358644,59.813992000000006,,True,0.0,0.0092182493768632,0.0004464817582629,0.0013112860964611,0.0108746334910392,0.014454320911318,0.011431860923767,0.0270548027008771,0.0,2.859523868560791,0.0,2,False,False,False,False
9ee0a52e-7c4b-428b-88c7-05aebd8f6d63,ok,17694975.0,v1.14-1.15,0.0,0.0,0.0,True,0.0,0.0,0.4445609748363495,4.0,actuator_motors,none,20833283,11318365,7.6,,C,,0.0,4.0,True,9.654943412572369,118.50600557621252,1.9251703301458711,214.22393,212.87101199999995,,True,0.0,0.0029449426569044,0.0022998131345957,0.0,0.0279539600014686,0.0,0.0068591152317821,0.006464738305658,0.0366706065833568,0.0794366654008626,0.0002596684847958,0,False,False,False,False
626c39b4-76fe-41e6-b006-46aeb5408a2b,ok,17760511.0,v1.14-1.15,0.0,0.0,0.0,True,0.0,0.0,0.4763512313365936,4.0,actuator_motors,none,3234023,2449643,3.4,,C,,0.0,4.0,True,10.012114137319983,20.01241811558462,1.9999640006479884,76.628599,72.53331999999997,,True,0.0,0.0054983977228403,0.0100775169208645,0.0046464593149721,0.0471338450908661,0.0260473139584064,0.0199465308338403,0.0381028853356838,0.2849634766578676,0.0311575900763273,0.0,0,False,False,False,False
3e9488b0-3d49-428b-a8ff-ca7b17066c25,ok,17694720.0,v1.14-1.15,0.0,0.0,0.0,True,0.0,0.0,0.1192777246236801,4.0,actuator_motors,none,25122598,8166418,7.3,,C,,0.0,4.0,True,10.009827719368207,20.01016749398853,93.24054979255374,131.651392,126.668579,,True,0.0,0.0007755847764201,0.0,0.0,0.0,0.0,0.0,0.0,0.0001116494677262,0.0,0.0,0,False,False,False,False
e94e4d38-fc2f-4940-81e8-2df25f8fec01,ok,17694720.0,v1.14-1.15,0.0,0.0,0.0,True,0.0,0.0,0.2593820765614509,4.0,actuator_motors,none,37693171,9387303,8.1,,C,,0.0,4.0,True,10.004584686337504,20.00500915670743,125.44766843564533,204.600279,192.53054899999992,,True,0.0,0.0004308763891458,0.0,0.0,0.0,0.0,0.0,0.0,6.552632839884609e-05,0.0,0.0,0,False,False,False,False
90cddad7-5b9a-4a55-a5e8-cd92de020f1c,ok,17826047.0,v1.16+,0.5961945031712473,0.0,0.0,False,0.0245098039215686,0.3020999999999958,0.6630711786448955,4.0,actuator_motors,none,5232242,4029887,3.5,,C,,0.0,4.0,True,10.00968553522492,20.00943179626978,2.000052307588102,105.060887,101.93258499999996,,True,0.0,0.0065156203694641,0.037442890740931,0.0219711003825068,0.0465866656973958,0.037179335579276,0.0714894905686378,0.0164523004554212,0.0894102748483418,0.0032577745732851,5.991411447525022,2,False,False,False,False
06dc1afb-3686-49c3-bdbc-3b25d66054a2,ok,17826047.0,v1.16+,0.0,0.0,0.0,True,0.0,0.0,0.173673915863037,4.0,actuator_motors,none,18737966,11411532,17.5,,C,,0.0,4.0,True,10.002110661034289,20.0019897426956,1.999964380132763,458.659725,453.329307,,True,0.0,0.0011834894889034,0.0012891341582871,0.0012891154270619,0.0021409745328128,0.0020099003915674,0.0022960705333389,0.0021205361117608,0.2617781013250349,0.3154617264866827,0.0,0,False,False,False,False
c4662fa1-3023-4761-a0de-62df057856e5,ok,17825984.0,v1.16+,0.0,0.1,0.0,True,0.0,0.0,0.1784509360790252,4.0,actuator_motors,none,7593984,3948063,3.0,,C,,0.0,4.0,True,10.008873581349407,20.00945405209702,2.0001156363151216,108.295785,97.67871099999996,,True,0.0,0.9326178789138792,1.2136075019836412,1.3464892148971557,1.6072075128555277,1.0151892423629754,0.0446904450654983,0.1507394999265668,0.0755917608737944,18.0323085784912,0.0,1,False,True,False,True
16939cb3-87a5-4860-be89-22b53fe693a8,ok,17826047.0,v1.16+,0.0,0.0,0.0,True,0.0027881040892193,0.3037529999999999,0.2930700443685055,4.0,actuator_motors,none,14165143,5329450,4.9,,C,,0.0,4.0,True,10.00902747066599,20.00903293447784,1.99980785407824,110.065038,107.539545,,True,0.0,0.0460235713049768,0.007084718463011,0.0122512164991348,0.0313872864469885,0.0400966646149754,0.0116584375035017,0.0177242891862988,0.2504850029945373,2.4079584240913388,0.0,0,False,False,False,False
0bbd400b-e126-472f-8c58-0cc97f1bc979,ok,17825984.0,v1.16+,0.0,0.0,0.0,True,0.0,0.0,0.1892100691795349,4.0,actuator_motors,none,6950934,4806293,3.5,,C,,0.0,4.0,True,9.987231281843222,19.96680911110739,1.9933217760404311,151.174405,149.01597299999997,,True,0.0,0.0085195989813655,0.0,0.0,0.0,0.0,0.0,0.0,4.762091875076292,0.493150091171264,0.0,0,False,False,False,False
6efe7a49-25cb-4ef1-bee0-54f96238b2a2,ok,17826047.0,v1.16+,0.0,0.0,0.0,True,0.0,0.0,0.3581623092293739,4.0,actuator_motors,none,9549260,6006666,41.9,,C,,0.0,4.0,True,10.012382676066888,200.00069770541884,1.9999967901286084,81.443594,78.27015399999998,,True,0.0,0.0019445472280494,0.0780758894979954,0.0480846606194973,0.2329242408275604,0.0250341091305017,0.0,0.0167526721954345,0.2380674377083778,0.065961005538702,0.0,0,False,False,False,False
c7453450-619b-4928-bc94-a098fede54f8,ok,17695488.0,v1.14-1.15,0.0,0.0,0.0,True,0.0,0.0,0.1118279993534087,4.0,actuator_motors,none,6290391,3647525,22.4,,C,,0.0,4.0,True,10.015158342430844,164.96022625655814,1.9999677030008955,61.380836,58.58474500000002,,True,0.0,0.0012415935460012,0.0,0.0,0.0,0.0,0.0,0.0,15.764834594726548,17.39677619934082,0.0,0,False,True,False,True
c2e323a3-f2e1-46d3-83e8-d5caec912561,ok,17826559.0,v1.16+,0.0,0.0,0.0,False,0.0091383812010443,0.3000000000000007,0.1056071072816848,4.0,actuator_motors,none,23126144,9822248,51.9,,C,,0.0,4.0,True,125.0,250.0,100.01787173202617,78.012,76.464,,True,0.0,0.0003207811387255,0.0002399930963292,0.0001117867759603,0.0040097631281241,0.0047454214654862,6.741958532074932e-05,0.0005285576917231,0.3105572164058685,0.1605594456195831,0.0,1,False,False,False,False
76af6981-1a61-488b-bea3-7ca9f075ba9b,ok,17760384.0,v1.14-1.15,0.0,0.0,0.0,True,0.0,0.0,0.0528227686882019,4.0,actuator_motors,none,83943033,37409111,114.6,,C,,0.0,4.0,True,125.00129024266884,250.0,125.00129024266884,387.372,334.088,,True,0.0,0.0002634664997458,0.0080848429352045,0.0039573651738464,0.0050800340250134,0.0084392121061682,0.029967738315463,0.0238658711314201,0.0712793916463851,0.0281042009592056,0.0,0,False,False,False,False
96f84051-f5ac-4354-aeb4-666617a9bd68,ok,17825792.0,v1.16+,0.0,0.0949202817945865,0.0,True,0.003392586550123,1.490479999999934,0.3874186217784881,4.0,actuator_motors,none,153095338,86719145,216.5,,C,,0.0,4.0,True,9.94293777870455,199.42849635564568,1.988679877946121,1309.357922,1296.2886709999998,,True,0.0,0.0185084003955125,0.0048361270455643,0.007194806006737,0.0210279947146773,0.0262617086060345,0.0048379951156675,0.0051862426567822,0.2848401173949241,0.1347776971757411,0.0,1,False,False,False,False
00f0f3b9-9713-4aa5-9220-45633a430a50,ok,17760511.0,v1.14-1.15,0.0,0.0,0.0,True,0.7265700483091787,12.239069999999998,0.8070370107889174,4.0,actuator_motors,none,8620388,4995103,3.3,,C,,0.0,4.0,True,10.014136671452638,253.51212899637176,2.000208256977344,68.3533,65.31851200000001,,True,0.0,0.0049379807896912,0.0,0.0,0.0,0.0,0.0,0.0,1.21802065372467,0.9911509275436396,0.0246084004640578,1,False,False,False,False
608f6e09-3204-45e4-8d6f-7dad6e0c4a8e,ok,17761535.0,v1.14-1.15,0.0,0.0,0.0,True,0.0,0.0,0.1334130614995956,4.0,actuator_motors,none,12549709,7640793,10.7,,C,,0.0,4.0,True,10.008494449025736,197.46077204999608,2.000038481089728,114.966461,105.17881299999998,,True,0.0,0.027184968907386,1.3927549207437551e-05,9.19213730412593e-06,0.0022227652370929,0.0049978327937424,0.0043286545667797,0.0051954996306449,0.0001372045597236,0.0065511533059179,0.0002542863076087,0,False,False,False,False
cf0692cb-7146-4fcc-a035-c662f5b4790c,ok,17760320.0,v1.14-1.15,0.0,0.0,0.1498327759197324,True,0.0,0.0,0.275387954711914,4.0,actuator_motors,none,158011796,54285576,33.8,,C,,0.0,4.0,True,9.51958568970554,200.8911711296712,1.9038209404226736,312.111965,308.5188299999997,,True,0.0,1.962974298000336,0.0086214554496109,0.0649485707283018,0.0102073238231241,0.0164023887366056,30.15663089752197,0.2276126846671101,0.0250505672767757,0.0358732881024479,0.0,1,False,False,False,False
dddfa2a1-8459-4504-a6a6-587bb0a90d38,ok,17170944.0,v1.12-1.13,0.0,0.0,0.0,False,0.0,0.0,0.3915402757485978,4.0,actuator_motors,none,4977609,3491787,3.0,,C,,0.0,4.0,True,10.008390841537633,20.00911513724235,2.000081260444353,105.35969,100.153985,,True,0.0,0.0128598040901124,0.0,0.0,0.0,0.0,0.0,0.0,2.341507911682129,0.1142864562571048,0.0244348663836717,1,False,False,False,False
c057a299-71c7-4fe7-abce-ba4ab1793df3,ok,17760767.0,v1.14-1.15,0.015267175572519,0.0,0.0,True,0.0032493907392363,0.3005820000000003,0.7718152850866318,4.0,actuator_motors,none,5150658,3638380,2.9,,C,,0.0,4.0,True,10.00790913661604,20.00804459225608,2.000148905203201,127.894577,123.08529099999998,,True,0.0,0.0048031567130237,0.0110643620137125,0.0073988534277305,0.0638593081384897,0.0676857680082321,0.020081637892872,0.0308837061747908,0.0286149098537862,0.0059481542790308,0.0,1,False,False,False,False
dabe3025-17d6-473b-9b7d-027c0ab2d51f,ok,17695488.0,v1.14-1.15,0.0,0.0,0.0,True,0.0,0.0,0.1793270871043207,4.0,actuator_motors,none,3663436,2614122,4.2,,C,,0.0,4.0,True,10.012510697132369,20.01210550454793,1.999978588464524,76.758396,73.36246500000001,,True,0.0,0.0012535933521576,0.0,0.0,0.0,0.0,0.0,0.0,0.0,0.0,0.0095950761344283,0,False,False,False,False
b324bd5e-4939-4821-a9f2-c76a1d869b6d,ok,17956928.0,v1.16+,0.7101449275362319,0.0,0.0,True,0.0,0.0,0.1991857826709747,4.0,actuator_motors,none,10439146,6297666,5.2,,C,,0.0,4.0,True,10.003567308478813,20.003165949345764,1.999992918057864,274.686234,263.7550770000002,,True,0.0,0.1499347247183321,3.5120774555252865e-05,0.0017123945290222,3.582939098123461e-05,0.0029538741800934,0.0016304404707625,0.0268473122268915,0.0,15.389439630508416,0.0,1,False,False,False,True
7e581c76-6979-41e4-b417-a501676d09d8,ok,17694975.0,v1.14-1.15,0.0424973767051416,0.0,0.0,True,7.314834117849293e-06,0.0074839999999767,0.3351067543029785,4.0,actuator_motors,none,198943094,106309164,52.8,,C,,0.0,4.0,True,9.937614991568934,163.04892949932398,1.9865946829068712,1939.746991,1936.4564390000007,,True,0.0,0.0016759250080212,0.0053855126723647,0.0,0.0072025367058813,0.0,0.0034629149828106,0.0036780543159693,0.0204012408852577,0.0274474505335092,0.0,1,False,False,False,False
6f8e59c1-7b8e-4f91-81f6-5f85722049bd,ok,17891392.0,v1.16+,0.0,0.0211565585331452,0.0,True,0.0,0.0,0.0480635404586792,4.0,actuator_motors,none,165765139,78494544,62.3,,C,,0.0,4.0,True,124.99788012233108,249.9929337810489,100.0014132677577,707.136,655.732,,True,0.0,0.000565197202377,0.0001137538311013,6.742101541021857e-05,0.0027975519187748,0.0007349827210418,5.2050629165023565e-05,0.0002275620790896,0.0003613743465393,0.1163945697247982,0.0,1,False,False,False,False
fd03539b-ef5c-411f-abbf-7f4a70de8916,ok,17891583.0,v1.16+,0.0,0.0,0.0,True,0.0,0.0,0.1815767347812652,4.0,actuator_motors,none,51731777,32519126,20.9,,C,,0.0,4.0,True,9.999142525282677,19.997572113543995,1.999994004927954,1222.725821,1217.3202229999993,,True,0.0,0.0010983117856085,0.0015518881846219,0.0012959056533873,0.0025189985986798,0.0016920985886827,0.005942041426897,0.0026800196617841,0.0030136328656226,0.0004201303177978,0.0,0,False,False,False,False
24f13245-84c0-41cb-91fe-f63d2e7a4c67,ok,17761535.0,v1.14-1.15,0.0,0.0,0.0,True,0.0,0.0,0.5175485670566559,4.0,actuator_motors,none,4422737,3237158,3.0,,C,,0.0,4.0,True,9.853346457685284,19.7068112062475,1.9723521573210017,109.278484,104.99408100000004,,True,0.0,0.0036881897365674,0.0005025455669965,0.0007930867723189,0.0050817490089684,0.0044904960785061,0.0006104041880462,0.0041679556015878,0.0240270428359508,0.0229247603565454,0.0,0,False,False,False,False
e5041e51-b7a2-4421-aa9c-1224db8ca10b,ok,17826047.0,v1.16+,0.0,0.0,0.0,True,0.0,0.0,0.1325459748506545,4.0,actuator_motors,none,4486921,3440276,2.8,,C,,0.0,4.0,True,9.999646849319928,19.99954496040878,2.000108810388802,90.000012,85.23951899999999,,True,0.0,0.0028113065985962,0.000735188316321,0.0008673681062646,0.0140077440999447,0.0165275160223245,0.0009189213829813,0.0025072979391552,0.0120190973859279,0.0026917530340142,0.0,0,False,False,False,False
b36b6eb1-1b4f-4f40-b22c-6defbf583b67,ok,17761280.0,v1.14-1.15,0.009925558312655,0.0,0.0,True,0.9475308641975309,184.20217,0.7781313776969909,4.0,actuator_motors,none,7162833,4382428,3.4,,C,,0.0,4.0,True,10.004572014563482,20.00473798001225,2.00006168190227,200.025581,194.38046100000005,,True,0.0,0.0004065615648869,0.0010017115855589,0.0002288609830429,0.0023458416108042,0.0023567879106849,0.0017559300758875,0.0025217041838914,0.0,0.0014513040659949,0.0006953168194741,2,False,False,False,False
d70b9718-5238-42f2-8477-7b53b6a3f99a,ok,17825984.0,v1.16+,0.0,0.0,0.0,True,0.0,0.0,0.1981966257095336,4.0,actuator_motors,none,5897225,3802872,3.2,,C,,0.0,4.0,True,10.006575828918168,20.00749419415876,1.999959084170403,144.35709,135.41271600000002,,True,0.0,0.0026071604341268,0.0,0.0,0.0,0.0,0.0,0.0,0.0060267174616456,21.70613975524899,0.0,0,False,False,False,True
70489d54-e0eb-46c8-923f-fb868dc2014b,ok,17825792.0,v1.16+,0.0,0.7589498806682577,0.0,True,0.2717608293046636,4.084498000000002,0.9999999500801208,4.0,actuator_motors,none,19117527,10378838,7.9,,C,,0.0,4.0,True,10.00020944194608,132.568688626558,1.9999574493465453,209.869138,149.04039900000004,,True,0.0,0.0048539637355133,4.140884666412602e-05,2.8130508053436567e-05,0.0002562887253588,0.000196838757256,0.0001571749766299,0.0013758635381236,2.024911296367645,0.253642202913761,0.0,2,False,False,False,False
4ed46322-0a65-4049-a0e9-988d8425f817,ok,17761280.0,v1.14-1.15,0.0,0.1213720316622691,0.0,True,0.0,0.0,0.107738983631134,4.0,actuator_motors,none,22903588,13444659,10.4,,C,,0.0,4.0,True,9.577486085874945,192.78904765721649,1.919381832098825,198.957284,194.417118,,True,0.0,0.0353934306651353,0.0004234767853631,0.0003641954230261,0.0107066403608769,0.0075914198765531,0.0124965596478432,0.0104158460162579,0.0,93.2993797302246,0.0,1,False,True,False,True
8ec5d62b-0ecf-42fc-8205-270e7fe46ee5,ok,17694975.0,v1.14-1.15,0.0,0.0,0.0,True,0.0,0.0,0.0511371612548828,4.0,actuator_motors,none,2649059,1883208,3.0,,C,,0.0,4.0,True,10.013347349437913,20.01280819724624,1.9999651672733365,72.114781,65.86583900000002,,True,0.0,0.0006307689007371,0.0,0.0,0.0,0.0,0.0,0.0,0.2273236036300647,,0.0,0,False,False,False,False
0bbdcab9-0dc0-40e2-900c-7b619b591181,ok,17826559.0,v1.16+,0.3550295857988165,0.0,0.0,False,0.1846733668341708,13.799927999999994,0.9999999999900172,4.0,actuator_motors,none,3105610,2168824,3.0,,C,,0.0,4.0,True,10.01191716115903,20.01191781176826,2.0001525385792296,83.860614,79.16827200000002,,True,0.0,0.4458867266774179,0.0091270441189408,0.0027035831008106,0.0171280354261398,0.0204507913440465,0.0081128729507327,0.039622526615858,0.0485402204096317,0.0591512843966484,0.0,3,False,False,False,False
03e53081-190b-4d81-8c2c-7a1d524d2bb1,ok,17694975.0,v1.14-1.15,0.0,0.0,0.0,True,0.0,0.0,0.3661699905991552,4.0,actuator_motors,none,23332918,15327581,11.1,,C,,0.0,4.0,True,10.002879257946518,20.002725364317307,2.0000114551217893,356.087748,351.476342,,True,0.0,0.0024141855537891,0.0001886219979496,0.0,0.0012939705746248,0.0,0.0010151271708309,0.0012761793099343,0.0008103269734419,0.0016802452737465,0.0,0,False,False,False,False
0c0d121d-9a16-4794-adf6-e38febb6fefd,ok,17761535.0,v1.14-1.15,0.0,0.0,0.0,True,0.0,0.0,0.2532416254281998,4.0,actuator_motors,none,2675350,2126250,2.3,,C,,0.0,4.0,True,10.014292713685462,20.013422921003887,1.9999471464349543,65.910159,59.95367099999997,,True,0.0,0.0037015536334365,0.0062540860613808,0.0060377103742212,0.0204176182858645,0.0319701943546533,0.1610225275158881,0.0852451559156178,0.0215394634753465,0.0084997381549328,0.0,0,False,False,False,False
0ed66a3e-5c8b-4b14-b97c-cf244569ffac,ok,17761280.0,v1.14-1.15,0.7729119638826185,0.0,0.0,True,0.0,0.0,0.2152652561664579,4.0,actuator_motors,none,122315415,66775623,28.4,,C,,0.0,4.0,True,9.993250977056649,220.0196619925985,2.000122758108499,1087.998853,1084.1851220000003,,True,0.0,0.0604717653244733,0.0631002500653266,0.0251366272568702,0.0293700344860553,0.0149002686142921,0.0564948000013828,0.1032567590475082,0.009640672430396,0.0055988148320466,28.991850471496598,1,True,False,False,True
1d33794c-79e8-4200-be54-c6fa4bcacdf5,ok,17826047.0,v1.16+,0.3169014084507042,0.0,0.023961661341853,True,0.4577405857740586,4.098877000000002,0.535561379790306,4.0,actuator_motors,none,6100928,4530746,3.9,,C,,0.0,4.0,True,10.007982927630122,19.99990152170188,1.9998456665288031,124.70422,119.499162,,True,0.0,0.0125227212905883,0.00642425424885,0.0323954883962869,0.0607362704351542,0.0974763493984935,0.0334633141756057,0.0806275337934493,0.0689856719225642,0.0059660143917426,0.0,3,False,False,False,False
2b568284-5261-4b49-af62-5a8bf4b3960d,ok,17761023.0,v1.14-1.15,0.0,0.0,0.0,True,0.0,0.0,0.1253529608249664,4.0,actuator_motors,none,3177267,2379939,2.8,,C,,0.0,4.0,True,10.012945289357496,20.01293945850368,2.0000001307189628,76.890457,72.59014299999994,,True,0.0,0.0005010263383155,0.0,0.0,0.0,0.0,0.0,0.0,5.989417368255087e-05,,0.0,0,False,False,False,False
5d32c3e2-278b-47f8-8b50-0e645ca34dcc,ok,17826559.0,v1.16+,0.0,0.0,0.0,True,0.1271630236794171,0.0150240000000003,0.8740097951143979,4.0,actuator_motors,none,6600091,4238423,12.8,,C,,0.0,4.0,True,10.01536506997842,161.37715245028525,1.999691952965608,63.818061,61.645427000000005,,True,0.0,0.0016389488591812,0.0,0.0,0.0,0.0,0.0,0.0,0.0003670262711239,0.0,0.0,1,False,False,False,False
34e97410-ab2f-457d-ab0e-bc2c8dba8823,ok,17826047.0,v1.16+,0.0,0.0,0.0,True,0.0037878787878787,0.1020819999999993,0.4367673903703688,4.0,actuator_motors,none,2339178,1720784,2.6,,C,,0.0,4.0,True,9.999527565356498,19.999922692004617,2.0000229923903063,63.929765,52.77704799999998,,True,0.0,0.0082441116217523,0.0062414286192506,0.0012038654182106,0.0105254876893013,0.0106341133359819,0.0578130880370736,0.0144696257077157,0.0133396578952669,0.058669521100819,0.0,0,False,False,False,False
eaa508b9-9ca0-4439-b768-65327435e69a,ok,17825984.0,v1.16+,0.0,0.0,0.0,True,0.0,0.0,0.1755701482295989,4.0,actuator_motors,none,7191844,4953688,5.0,,C,,0.0,4.0,True,9.878830310776904,19.744665580448665,1.97444112166096,156.735872,149.87983100000005,,True,0.0,0.0040608022827655,0.0,0.0,0.0,0.0,0.0,0.0,2.3021812915802005,0.3335827827453614,0.0,0,False,False,False,False
696eb442-7147-4651-b591-5a63a798c0e2,ok,17760511.0,v1.14-1.15,0.0,0.0,0.0,True,0.0,0.0,0.2327122554183005,4.0,actuator_motors,none,3301611,2433077,5.4,,C,,0.0,4.0,True,10.010635515617968,20.009940938658325,2.000263665189867,92.008017,87.80210899999999,,True,0.0,0.0074163884855806,0.0018252139678224,0.0042241416871547,0.0062675071880221,0.0104622572660445,0.0131831426173448,0.0064286243170499,0.0126537716016173,0.0024784613400697,0.0018224221654236,0,False,False,False,False
7f47f5a2-994a-4fcf-906a-a27748dd2b9c,ok,17695743.0,v1.14-1.15,0.0,0.0,0.0,True,0.0,0.0,0.2197862267494201,4.0,actuator_motors,none,18888404,13670688,4.9,,C,,0.0,4.0,True,10.003167289654362,20.00316757978794,2.000000253565801,315.460683,310.1299049999999,,True,0.0,0.002367196069099,0.0008613255398813,0.0,0.0315026562660931,0.0,0.0024600465316325,0.0037231441005132,0.0342181101441383,0.0436839580535888,0.0,0,False,False,False,False
4d5abfdd-3948-433e-b79a-a079f2ee5aa3,ok,17891392.0,v1.16+,0.0,0.0,0.0,False,0.0025840836597084,0.1996680000000026,0.0692905098199811,4.0,actuator_motors,none,9387594,5870490,3.5,,C,,0.0,4.0,True,8.77228357307116,143.28961071798153,1.79660007278881,103.194831,98.261652,,True,0.0,0.0,0.0,0.0,0.0,0.0,0.0,0.0,6.149485039710998,0.8868306010961511,0.0029547488200478,1,False,False,False,False
3876b745-53c0-4aef-9954-1e2a192e86dd,ok,17826047.0,v1.16+,0.0,0.0,0.0,True,0.0,0.0,0.411562317609787,4.0,actuator_motors,none,11651189,7184648,4.3,,C,,0.0,4.0,True,10.004776567639604,20.00446027637606,1.9999894425109728,195.910585,188.917965,,True,0.0,0.0014675718033686,162425463603.2,2648534600908.8,0.0194867560639977,0.0205516011454164,10.606932210922238,0.0132887890562414,0.1624622479081154,0.0198744856752455,6.265713709581169e-05,0,True,True,True,True
97b5c8de-77b5-47f9-a908-63c86c5dd44e,ok,17695743.0,v1.14-1.15,0.0,0.0,0.0,True,0.0,0.0,0.4869367331266401,4.0,actuator_motors,none,3177843,2469450,8.7,,C,,0.0,4.0,True,10.01289900109463,20.013062300450883,1.9997907152356813,75.09369,69.75050599999999,,True,0.0,0.0475948005914688,0.2333133071660995,0.0,0.0737977214157581,0.0,0.1564114093780517,0.0450614728033542,0.3350211679935455,0.9517594367265694,0.0,0,False,False,False,False
61f15c32-8182-4a20-96b8-affd016e6ada,ok,17760767.0,v1.14-1.15,0.0,0.0,0.0,True,0.0149700598802395,0.7010880000000057,0.5513410389423369,4.0,actuator_motors,none,3040555,2461273,3.1,,C,,0.0,4.0,True,10.013834464305184,20.01329606438389,1.999903482918868,69.270428,66.88193799999999,,True,0.0,0.0120771034620702,0.0024352496024221,0.0041188968345522,0.0084256364032626,0.017829929664731,0.0412801869213581,0.0152785095386207,0.0546204090118377,0.715062648057938,0.0,0,False,False,False,False
3e2f551a-7341-4ab2-bae4-c6eea04e3b83,ok,17826047.0,v1.16+,0.0,0.0,0.0,True,0.0,0.0,0.1764517202973365,4.0,actuator_motors,none,12736641,8183232,3.9,,C,,0.0,4.0,True,10.007194117266208,131.087427914557,1.9999770805546244,137.278725,133.03712400000003,,True,0.0,0.0221158750355243,0.0025706710293889,0.0009746792668011,0.004801752930507,0.0055488800629973,0.0154668265022337,0.0065923484507948,0.1268708527088165,0.1246840462088585,0.0,0,False,False,False,False
54ae04b7-e6ed-46f7-ba8a-c6136f249426,ok,17761535.0,v1.14-1.15,0.0,0.0,0.0,True,0.0001087488445435,0.0074889999999996,0.2965253591537475,4.0,actuator_motors,none,7119784,4445919,3.1,,C,,0.0,4.0,True,10.015042742570346,161.3203085764611,1.999931554581274,67.024235,64.714075,,True,0.0,0.0116810944862663,0.0007233828946482,0.0007878514472395,0.0020019714487716,0.0029480404220521,0.0047498173546046,0.0043365409132093,0.0145456822589039,0.0131890867836773,0.0,0,False,False,False,False
4fa4d7ef-07d1-4916-8e4f-9d9fc6d7cad9,ok,17761535.0,v1.14-1.15,0.0,0.0,0.0,True,0.0,0.0,0.2102606236934661,4.0,actuator_motors,none,7249640,4803330,3.0,,C,,0.0,4.0,True,10.005307824342625,20.005441616792297,2.0000712368229663,175.224173,171.50219100000004,,True,0.0,0.002451920765452,0.0,0.0,0.0,0.0,0.0,0.0,2.327503204345703,2.327503204345703,0.0155241433531045,0,False,False,False,False
670e0ff2-9811-4f8a-be96-18f124277286,ok,17956992.0,v1.16+,0.0,0.0,0.0,True,0.0024420024420024,0.100605999999999,0.6052918913633136,4.0,actuator_motors,none,3714292,2835614,2.6,,C,,0.0,4.0,True,10.011090418500144,20.01147892493226,1.999954620077311,84.667973,81.970588,,True,0.0,0.0050300760194659,0.0028450816869735,0.0007523795589804,0.0178092014044523,0.0328900508582592,0.0136422647163271,0.0374961659312248,1.1976113319396966,0.3461318016052245,0.0,0,False,False,False,False
13fc4985-9b22-47d1-a4b8-377536fa279c,ok,17761280.0,v1.14-1.15,0.254957507082153,0.0,0.0,True,0.0,0.0,0.0881886646151542,4.0,actuator_motors,none,7166418,4821115,4.5,,C,,0.0,4.0,True,10.005349170843314,20.00482977803463,1.99998231354672,175.764773,167.80510300000006,,True,0.0,0.0025957919540815,0.0028679211391136,0.0015113830508198,0.0034565352019853,0.0048729316331446,0.0014122708933427,0.0052701350301504,0.1260051924735307,0.0517038535326719,0.0,1,False,False,False,False
a40dc2cd-69f9-40c1-a694-6f93ab837faa,ok,17694720.0,v1.14-1.15,0.0,0.0205026455026455,0.0,True,0.0,0.0,0.2312498986721037,4.0,actuator_motors,none,26036584,16917188,14.8,,C,,0.0,4.0,True,9.9999978602567,19.99986087397844,1.9999979431614017,757.015355,745.8904149999995,,True,0.0,0.0052035548025742,0.0006872934900457,0.0,0.0009939812065567,0.0,0.0012901232170406,0.0008728362328838,0.0027288858313113,0.0743702091276645,0.0,1,False,False,False,False
c45a3805-f8c0-4ede-a163-958336949046,ok,17694720.0,v1.14-1.15,0.0781954887218045,0.0,0.0009976720984369,True,0.0041806020066889,1.5995000000000346,0.430099519342184,4.0,actuator_motors,none,114475156,37266810,19.9,,C,,0.0,4.0,True,10.002126238051613,20.000834108489748,90.70307911145116,608.385883,598.0226190000008,,True,0.0,0.0002119297423632,0.0,0.0,0.0,0.0,0.0,0.0,6.940329330973327e-05,0.0,0.0,2,False,False,False,False
22332e61-4d74-4a49-9526-b29c4eb84d6b,ok,17761535.0,v1.14-1.15,0.0,0.0,0.0,True,0.0143084260731319,0.4975650000000016,0.4346273928880692,4.0,actuator_motors,none,2786813,2299673,3.0,,C,,0.0,4.0,True,10.01442988305877,20.014509773888985,2.00022940977005,66.8475,62.93047399999999,,True,0.0,0.0041569881839677,0.0041894186288118,0.0007205129921203,0.024544827453792,0.0350018292665481,0.0308473234996199,0.0057497256202623,0.0237321130000054,0.0237100832164286,0.0,0,False,False,False,False
d4a2fc1f-5fc3-4c5d-9836-5547540a4d0c,ok,17629696.0,v1.12-1.13,0.0,0.0,0.0,True,0.0,0.0,0.2245630323886871,4.0,actuator_motors,none,20125519,12457493,3.3,,C,,0.0,4.0,True,10.001945640962232,20.00187887901088,1.9999904829512705,468.334363,461.06901199999993,,True,0.0,0.0097323505207896,0.0018230312969535,0.0,0.0064606240950524,0.0,0.0,0.0113558005541563,0.0042391866445541,0.0296844825148582,0.0080232854932546,0,False,False,False,False
9653403e-cbea-460b-9ad3-22ba8bfcbf6d,ok,17891392.0,v1.16+,0.0,0.7630769230769231,0.0,True,0.0,0.0,0.1545585874468087,4.0,actuator_motors,none,2855019,2328543,2.9,,C,,0.0,4.0,True,10.013701153884348,20.013329031678182,1.999869883465707,64.555985,58.61485699999999,,True,0.0,0.1486031740903854,0.0041939008980989,0.013380379602313,0.0766421854496001,0.1110263705253601,0.1023078754544258,0.1520684957504272,0.0217906095087528,0.0053210246376693,0.0,1,False,False,False,False
ebb46a71-1853-4200-bad8-8e2c421b088e,ok,17695488.0,v1.14-1.15,0.0,0.0,0.0,True,0.0003035592319951,0.0112090000000009,0.3730651512742042,4.0,actuator_motors,none,12259263,6600021,4.7,,C,,0.0,4.0,True,10.009994045207735,197.7462526754807,1.9997867740578263,95.393807,92.523466,,True,0.0,0.0025984158739447,0.0,0.0,0.0,0.0,0.0,0.0,0.0753254160284995,,0.000246703956509,0,False,False,False,False
0f20de60-ecc2-4fd2-901a-12f74322e0a8,ok,17760511.0,v1.14-1.15,0.0,0.0,0.0,True,0.0,0.0,0.2036610305309295,4.0,actuator_motors,none,4335666,2845669,4.0,,C,,0.0,4.0,True,10.008321865912189,20.008432290259005,1.9999583577135311,120.678762,114.52361200000004,,True,0.0,0.0127997079864144,0.0,0.0,0.0,0.0,0.0,0.0,0.0001152423912571,,0.0,0,False,False,False,False
342d9afc-77a3-4eff-bbd6-a2fce6e3d2f1,ok,17761535.0,v1.14-1.15,0.233009708737864,0.0,0.0,False,0.004040404040404,0.3992000000000075,0.1988707929849624,4.0,actuator_motors,none,5732884,4300974,5.2,,C,,0.0,4.0,True,10.009221082415364,20.009503564216573,2.000089290418372,99.767763,98.66550999999994,,True,0.0,0.1085742477327584,0.0842396531254052,0.0590082328766584,0.2389700911939076,0.3203400716185547,0.0531664351001382,0.020072276610881,0.0789390910416839,5.296794152259821,13.929779052734377,2,True,True,False,True
2bb87c9b-e866-4639-9b1a-067d53a09479,ok,17826047.0,v1.16+,0.0,0.0,0.0,True,0.0174361835681406,1.5012540000000172,0.4441214680671691,4.0,actuator_motors,none,34310251,22494693,9.9,,C,,0.0,4.0,True,9.99999563409754,19.999858804960496,1.9999970374523768,721.160718,716.9395890000002,,True,0.0,0.0063501706346869,0.0098407086916267,0.0073299410752952,0.0128784344531595,0.0119851445779204,0.0115496008656918,0.011978926602751,0.0064518211409449,0.0023017231374979,0.0,0,False,False,False,False
ab905faa-7e75-43e5-b9c3-da8fbfe17ec8,ok,17825792.0,v1.16+,0.0,0.0,0.0,True,0.6408317580340265,33.901364,0.9715002954006192,4.0,actuator_motors,none,2587024,2002538,3.9,,C,,0.0,4.0,True,10.01673689412828,20.014418829201336,2.0001304347355635,61.126476,52.893011,,True,0.0,0.000355640402995,0.0,0.0,0.0,0.0,0.0,0.0,0.2093739405274385,0.0607486747205257,1.4731795545230847e-05,1,False,False,False,False
36940a46-c489-452b-acaa-27fb34eee86d,ok,17694975.0,v1.14-1.15,0.1808986901011441,0.0,0.0,True,0.0072594685149295,2.701657999999952,0.3126458287239074,4.0,actuator_motors,none,125837516,76016650,25.6,,C,,0.0,4.0,True,9.92097994105746,19.841939095605458,1.9837418862973109,3075.138807,3068.980906000001,,True,0.0,0.0027441005222499,0.0005280193872749,0.0,0.0052070068195462,0.0,0.001283137826249,0.0019789370708167,0.0019874367862939,0.0068980298005044,0.0,1,False,False,False,False
9d1861bd-39fd-4b00-baee-cc9a361966de,ok,17760511.0,v1.14-1.15,0.5730337078651685,0.0,0.0,True,0.0002288516550878,0.048687000000001,0.2439513981342314,4.0,actuator_motors,none,23708305,14855257,16.3,,C,,0.0,4.0,True,9.6045405367648,179.6277291735428,1.9259638158023025,230.092092,224.106237,,True,0.0,0.0025969065725803,0.0003374412684934,0.0023921619867905,0.0055730787571519,0.0045782167930155,0.0036999558797106,0.0087654718197882,0.0044936700724065,0.0009983614669181,0.0,1,False,False,False,False
257076df-aff7-44c6-99ce-c8d17f63e182,ok,17761280.0,v1.14-1.15,0.0,0.0086565096952908,0.0,True,0.0,0.0,0.2055896282196044,4.0,actuator_motors,none,60962277,32233985,24.9,,C,,0.0,4.0,True,10.000679241781487,20.00067254766605,1.9999997878057407,1451.744628,1446.8893869999993,,True,0.0,0.0080893399193882,0.002205358876381,0.0026463442365638,0.0018594607943668,0.0017644818930421,0.0035925524774938,0.0006203547061886,0.0041206077206879,0.1060228891670703,0.0,1,False,False,False,False
58506153-13d7-49be-9ca5-e14c9f06899c,ok,17761280.0,v1.14-1.15,0.0,0.0,0.0,True,0.0,0.0,0.1730226576328277,4.0,actuator_motors,none,93576879,55980277,25.6,,C,,0.0,4.0,True,9.981123635079255,220.3740992792828,2.000860276911264,838.47206,834.5958430000003,,True,0.0,0.0132098786532878,0.0053720478434115,0.0015847755479626,0.0059696245472878,0.0037726199720054,0.0190160620957612,0.0089349908754229,0.0313197337090968,0.0194659314118325,0.0115397302433848,0,False,False,False,False
287e6342-dacc-4239-9f45-82eaa6acf751,ok,17695488.0,v1.14-1.15,0.0,0.0,0.0,True,0.0,0.0,0.3095693983137608,4.0,actuator_motors,none,29243845,18566142,10.4,,C,,0.0,4.0,True,10.003717237194548,200.0000044560799,1.9999996126630173,268.936886,263.689943,,True,0.0,0.0041501390282064,0.0016449611459393,0.0,0.0042896071448922,0.0,0.0011857079924084,0.0016323108284268,0.1235648475587365,0.2720478653907778,0.0,0,False,False,False,False
b896b530-6280-442c-954a-b4ab4000fbd7,ok,17825792.0,v1.16+,0.0,0.0,0.0,True,0.0,0.0,0.1730412513017652,4.0,actuator_motors,none,7905580,4769527,9.7,,C,,0.0,4.0,True,10.012748773103056,135.36042499766896,2.000080104474057,79.563673,74.26206400000002,,True,0.0,0.0014507252140901,0.0008052240184042,0.000107216676406,0.0075886473990976,0.0057696669828146,0.0001122261724958,0.0033576023066416,0.7178493499755856,1.2024193406105033,0.0,0,False,False,False,False
79dd4bea-3c02-40b5-9acb-b2c182717d4c,ok,17891392.0,v1.16+,0.0,0.0,0.0412621359223301,True,0.0289855072463768,1.897037999999995,0.2808067247271537,4.0,actuator_motors,none,7879436,5590009,5.6,,C,,0.0,4.0,True,10.005923628440604,20.004761984618806,2.0000518428072183,164.354236,158.62667499999998,,True,0.0,0.050597058981657,0.002010300848633,0.0011190401157364,0.033822152018547,0.0589603886008262,0.0550807297229766,0.0834099397063252,0.0316626578569411,0.0083846502006053,0.0,1,False,False,False,False
4d1841f6-2d3c-429d-ad02-36f8aec5db22,ok,17761023.0,v1.14-1.15,0.0,0.1050420168067226,0.0,True,0.000803780985757,0.0452790000000078,0.1787785172462461,4.0,actuator_motors,none,11886898,7431672,7.2,,C,,0.0,4.0,True,10.009070752698673,199.2939980594028,1.999952780335654,115.675265,108.875675,,True,0.0,0.0007956745510455,0.0003378679946763,0.0001543178397696,0.0073365369811654,0.0054592379601672,0.06167683750391,0.0466892857104539,0.0298006591387093,0.005453141964972,0.0,1,False,False,False,False
0dc9e8a2-db85-4caa-97a6-3a5e1d5be4ef,ok,17826240.0,v1.16+,0.0,0.0,0.0,True,0.0,0.0,0.1415104493498802,4.0,actuator_motors,none,97685197,28116285,19.2,,C,,0.0,4.0,True,9.09385164611198,166.57859425825163,1.8174571873951613,126.267654,119.02942399999996,,True,0.0,0.0043980179820209,0.0002432734254398,0.000812798726838,0.0031135406577959,0.0045383115531876,0.0207886864431202,0.0172226909548044,0.0448186079040169,0.0093419583048671,0.0,0,False,False,False,False
8d057f78-b05d-4934-8c77-e5c7084e1393,ok,17761023.0,v1.14-1.15,0.0,0.0,0.0,True,0.0,0.0,0.140100061893463,4.0,actuator_motors,none,68454757,21286652,15.5,,C,,0.0,4.0,True,10.000036400673771,199.34820076786184,1.9999857552034987,147.077516,143.81992300000007,,True,0.0,0.004996931226924,0.001029176521115,0.0007904406287707,0.0108407044783234,0.0227143935859203,0.0092645427212119,0.0069540313910692,0.0,1.1990986704826356,0.0,0,False,False,False,False
b298f907-06fd-4989-b86c-da6b18319b84,ok,17826047.0,v1.16+,0.0,0.0,0.0,True,0.0,0.0,0.1815964579582213,4.0,actuator_motors,none,3357728,2536243,3.7,,C,,0.0,4.0,True,10.012674707852334,20.01201711720949,1.999990525044888,80.401798,74.308221,,True,0.0,0.0003918370057363,0.000836934428662,0.0023414706811308,0.0197935681790113,0.0144291874021291,0.0004622020933311,0.0018073497340083,0.2146913260221481,0.0811495333909988,0.0,0,False,False,False,False
55a019db-2509-4729-b0f1-6617a83fd3a3,ok,17761280.0,v1.14-1.15,0.0,0.0,0.0,True,0.0,0.0,0.2839314967393875,4.0,actuator_motors,none,6816097,4101882,4.1,,C,,0.0,4.0,True,10.00660996067752,20.006925474202607,1.9999600569380909,142.583692,141.18650300000016,,True,0.0,0.0101502125617116,0.0030157664441503,0.0011512546043377,0.0093771021347492,0.0193347232416272,0.0003683594477479,0.0067688637645915,2.399760603904724,4.185820579528809,0.0,0,False,False,False,False
6817dd86-7f4b-4634-95b5-0275ec6c6662,ok,17760256.0,v1.14-1.15,0.0122137404580152,0.015267175572519,0.0,False,0.0009549578226961,0.4974979999999505,0.1663162738084793,4.0,actuator_motors,none,36700160,21577503,27.0,,C,,0.0,4.0,True,10.001114832896093,20.00117759585076,2.0000090705950733,857.624125,627.894729999999,,True,0.0,0.001331766747171,0.000550773309078,0.0009385656099766,0.0047388298436999,0.0065110297873616,0.202296994626522,0.0042630329728126,0.0211455888114869,0.81309034526348,1.76022734194703e-05,3,False,False,False,False
571fa4a3-49c8-479e-9b8c-e5bc2c1c164c,ok,17761535.0,v1.14-1.15,0.0,0.0,0.0,True,0.0,0.0,0.5155545864254235,4.0,actuator_motors,none,8746143,5274130,3.1,,C,,0.0,4.0,True,10.00641038905967,19.999883771326576,2.0000296030440268,154.790823,150.36352399999998,,True,0.0,0.0024590520304627,0.0,0.0,0.0,0.0,0.0,0.0,0.0875479526817797,0.0151355655398219,0.0001273771562409,0,False,False,False,False
c912c876-faa2-4427-ad5c-4950c2dea345,ok,17695488.0,v1.14-1.15,0.1734197730956239,0.0405186385737439,0.0,True,0.0,0.0,0.4304098516702652,4.0,actuator_motors,none,21349139,14387821,10.0,,C,,0.0,4.0,True,10.00343671302568,20.00328296859015,2.000027247507051,306.04739,301.4880930000003,,True,0.0,0.0081821668893098,0.0109603370539844,0.0,0.0093402378261089,0.0,0.0157610516529529,0.010336023569107,0.0089359805453568,0.0260636497288942,0.0,2,False,False,False,False
99d98c0f-b037-40ac-ac66-d28ca9eb774f,ok,17638400.0,v1.12-1.13,0.0,0.0,0.0,False,0.0,0.0,0.1934364303946495,4.0,actuator_motors,none,7716864,5068177,3.3,,C,,0.0,4.0,True,9.99969201098808,20.00009220992392,1.9999371093223133,266.294853,228.2016299999999,,True,0.0,0.0628793179988861,0.0002030063093116,0.0,0.0034021058469079,0.0,0.0018485593551304,2.127104997634888,0.0163607748225331,0.0461560152471065,0.0,1,False,False,False,False
2a308763-4239-4cbb-a3f0-5f4574f12653,ok,17760511.0,v1.14-1.15,0.0326086956521739,0.0326086956521739,0.0,True,0.8547854785478548,102.598236,0.9999999403375862,4.0,actuator_motors,none,6030580,3763345,2.7,,C,,0.0,4.0,True,10.004766983599795,20.00066806467155,1.9998803450337432,183.960351,181.99047500000003,,True,0.0,0.0276530086062848,0.0,0.0,0.0280082798562943,0.0380668614059686,0.0,0.0356934655457734,0.0030753450701013,0.0004943191030179,1.0774791689982518e-05,3,False,False,False,False
39d790e8-8e0b-4b33-91fd-1aab3c482739,ok,17825856.0,v1.16+,0.0,0.3,0.0,True,0.0,0.0,0.3573447108268737,4.0,actuator_motors,none,33164800,13604850,10.7,,C,,0.0,4.0,True,125.0,250.0,100.00870170553428,114.564,92.24000000000002,,True,0.0,0.0002769443381112,9.737084474181756e-05,5.3659881814383065e-05,0.0004781868483405,0.0005536967364605,6.473241228377447e-05,0.0004058226768393,0.0089268591254949,0.0063690547831356,0.0,1,False,False,False,False
da6e5561-6561-461a-9e66-ebba1bcebe35,ok,17695488.0,v1.14-1.15,0.0165289256198347,0.0,0.0,True,0.0,0.0,0.1865843355655669,4.0,actuator_motors,none,66497156,29548467,38.7,,C,,0.0,4.0,True,50.00418344799864,192.1293531612107,50.00417864311796,238.951653,236.59355699999992,,True,0.0,15.05360221862793,0.0589984580874443,0.0,0.3088946342468261,0.0,6.317958831787109,0.3922383487224579,0.5042300820350647,,0.0,1,False,False,False,False
3aed0737-d5cc-4128-9169-346182f4fe14,ok,17825984.0,v1.16+,0.0,0.0,0.0,True,0.0023228803716608,0.1012500000000002,0.452776774764061,4.0,actuator_motors,none,4837274,3851630,4.0,,C,,0.0,4.0,True,9.977830611430608,19.955731038582904,1.999972447306955,90.262332,86.100435,,True,0.0,0.0069901177193969,0.0108916928991675,0.0011524421395733,0.0095063830260187,0.0063309913035482,0.0191023088991641,0.0073773998068645,0.016368189640343,0.0027511065709404,15.23890872001648,0,True,False,False,True
73af4ad7-5337-4a49-9711-5c311c438741,ok,17761535.0,v1.14-1.15,0.0,0.0,0.0,True,0.0006997900629811,0.1001190000000065,0.1710715174674987,4.0,actuator_motors,none,32207627,20357019,9.0,,C,,0.0,4.0,True,9.450408824556469,18.88790583149484,1.8897010093633384,154.777571,151.438053,,True,0.0,0.0210841377265751,0.0,0.0,11.622598361968992,0.730970388650894,0.0,0.0576310226693749,0.5687923729419708,0.4884929358959198,0.0,0,False,False,False,False
a80b97c8-918e-4320-b8e0-d7310e468f1b,ok,17695488.0,v1.14-1.15,0.0,0.0,0.0,True,0.0019461077844311,0.0269639999999995,0.2993320688605308,4.0,actuator_motors,none,15164556,9254220,7.7,,C,,0.0,4.0,True,10.006461442561267,158.45874283692194,1.9999550217012008,145.302682,140.27977699999988,,True,0.0,0.004322726977989,0.0,0.0,0.0,0.0,0.0,0.0,0.0002729238913161,,0.0008513119828421,0,False,False,False,False
13d9fe02-af26-40e9-b7de-31a5d6474e33,ok,17695743.0,v1.14-1.15,0.0,0.1119402985074626,0.0,True,0.0,0.0,0.2663531988859175,4.0,actuator_motors,none,2691994,2014531,3.0,,C,,0.0,4.0,True,10.01430234137585,20.01495494315776,1.999981323251335,65.577929,58.720919,,True,0.0,0.0015250708092935,0.0005150400102138,0.0,0.0157632827758789,0.0,0.0011940425029024,0.0038358222227543,0.0012044169125147,0.0023767240811139,0.0,1,False,False,False,False
09f09de5-200d-4178-99c8-458b2e0a3f84,ok,17761535.0,v1.14-1.15,0.0763888888888889,0.0,0.0,True,0.0,0.0,0.1228853866457938,4.0,actuator_motors,none,2834815,2213517,5.7,,C,,0.0,4.0,True,10.013360804819936,20.012482223638617,2.00014551413251,71.133076,65.53958499999999,,True,0.0,0.0057074177311733,0.002349497063551,0.0194988862611352,0.0106175696477293,0.017772626504302,0.041417776979506,0.0903596822172402,0.5822048068046569,0.1246836956590408,0.0,1,False,False,False,False
5265aa00-0307-43d0-b401-3d934b071193,ok,17694975.0,v1.14-1.15,0.0,0.0,0.0,True,0.0,0.0,0.651257407489179,4.0,actuator_motors,none,2789996,1783896,2.0,,C,,0.0,4.0,True,9.999901388255674,19.999740581399628,2.0002106035699456,86.45541,83.26864900000001,,True,0.0,0.0062454448081553,0.0,0.0,0.0,0.0,0.0,0.0,0.0,0.0,0.0,0,False,False,False,False
022ce74c-9951-4250-a124-ef935d8cb731,ok,17170944.0,v1.12-1.13,0.2054794520547945,0.0,0.0,False,0.0095642933049946,0.7999999999999972,0.1287027299404144,4.0,actuator_motors,none,28292493,12377851,7.6,,C,,0.0,4.0,True,124.95059679076752,249.8714907077897,99.9901185770751,101.084,94.012,,True,0.0,0.0002808248100336,0.0009729593293741,0.0001015584351989,0.1085499599575996,0.0019845922477543,0.000124208786292,0.0041657388210296,0.5838195383548567,2.8468449115753174,0.0,2,False,False,False,False
3016cacc-127e-462b-8324-30e8a2b559be,ok,17891392.0,v1.16+,0.0140845070422535,0.0528169014084507,0.0,True,0.0,0.0,0.0275978997349739,4.0,actuator_motors,none,4439529,3300312,6.9,,C,,0.0,4.0,True,10.008603587127851,20.008270025870303,2.0000220980219363,113.203606,110.67707500000002,,True,0.0,0.0,0.0,0.0,0.0,0.0,0.0,0.0,2.195807933807373,0.6022570431232452,0.001685760798864,2,False,False,False,False
0cc00f21-f0d1-4230-9451-cad0e454905d,ok,17891392.0,v1.16+,0.0,0.0,0.0,True,0.0,0.0,0.122043752670288,4.0,actuator_motors,none,68131190,38987115,14.5,,C,,0.0,4.0,True,10.001712321941286,199.9982901585065,1.9999993825044788,583.334637,358.69000999999963,,True,0.0,0.0066713172476738,0.0006347484653815,0.0003793813142692,0.0090829787775874,0.009836608543992,0.0006966805492993,0.0036486657336354,0.0316676946356892,0.0111601941287517,0.0,0,False,False,False,False
b853a17d-aeec-402b-8f8f-5634c615391f,ok,17826559.0,v1.16+,0.0,0.0,0.0,True,0.0,0.0,0.1848250150680542,4.0,actuator_motors,none,9462161,5896180,4.8,,C,,0.0,4.0,True,10.010823716346952,158.7065545097633,1.9999261636455443,86.958787,83.01115800000002,,True,0.0,0.000893135019578,9.045993065228672e-05,0.0001031994004733,0.0022324612829834,0.0013377760187722,0.0002915009943535,0.001567068172153,0.003360252873972,0.0,0.0,0,False,False,False,False
135a8864-6e15-445e-bdd8-b67023cf7f52,ok,17826047.0,v1.16+,0.0,0.0,0.0,True,0.0002422950184144,0.0140360000000043,0.3634983003139496,4.0,actuator_motors,none,7668746,4500172,4.4,,C,,0.0,4.0,True,9.717721916870588,123.73453975334914,1.92913206715046,85.13194,75.23627499999999,,True,0.0,0.0002697840522159,0.0,0.0,0.0,0.0,0.0,0.0,0.0790784925222396,0.8813912481069565,0.0,0,False,False,False,False
3c829f2c-f5f5-4f99-af7f-5fec7a1d8aae,ok,17761280.0,v1.14-1.15,0.0,0.0,0.0,True,0.0,0.0,0.1265397489070892,4.0,actuator_motors,none,15002502,9644520,8.4,,C,,0.0,4.0,True,10.007711459319657,201.8176248703822,1.9999557702089283,130.166175,124.22490400000004,,True,0.0,0.1097648814320564,0.0042539574205875,0.0072471555322408,0.019027030095458,0.0230138916522264,1.2703885853290555,0.0568536929786205,0.1075887843966483,0.092680089920759,0.0132644707337021,0,False,False,False,False
911db1cc-94ff-4b8e-9054-8b41add5cb2e,ok,17761280.0,v1.14-1.15,0.0,0.0,0.0,True,0.0,0.0,0.2171634495258331,4.0,actuator_motors,none,80252425,48185454,56.4,,C,,0.0,4.0,True,10.000419781315848,20.000436655537627,1.9999963241616696,2234.014672,2229.422555000002,,True,0.0,0.0107133783865719,0.0018944084586109,0.0084341784939169,0.0021305238245986,0.0030557208927348,0.0042467684717848,0.0019722078810445,0.0410278104245661,0.0131553362589329,0.0,0,False,False,False,False
3a0a0ea1-ad59-4140-9651-c893c21971c1,ok,17694720.0,v1.14-1.15,0.0068027210884353,0.0,0.0,True,0.4147204529370134,19.800027,1.0,4.0,actuator_motors,none,6930826,4584375,5.8,,C,,0.0,4.0,True,10.00661386902633,20.007016225132496,1.999946617341847,145.48155,141.21873200000002,,True,0.0,2.5652605056762683,0.0,0.0,0.0,0.0,0.0,0.0,0.1149288598448038,0.1359627157449721,0.0012575580331031,2,False,False,False,False
7f8a3deb-b0e2-4742-ab8d-45d7f01f9bcf,ok,17695743.0,v1.14-1.15,0.0,0.0,0.0,True,0.0,0.0,0.1424726739525794,4.0,actuator_motors,none,6417716,4281143,5.5,,C,,0.0,4.0,True,10.016283121146843,164.74123399182363,1.999941687650628,60.487894,55.17475400000002,,True,0.0,0.0168411774560809,0.0006199806521181,0.0,0.0133580046705901,0.0,0.0440132385119795,0.006229638820514,0.0015927852480672,,0.0,0,False,False,False,False
fbbc6caf-8bc0-4370-a980-169b754c7267,ok,17695488.0,v1.14-1.15,0.0,0.0,0.0,True,0.0,0.0,0.0534678205847739,4.0,actuator_motors,none,14683984,8628594,5.5,,C,,0.0,4.0,True,10.00836374397191,203.0536181470184,2.0000507643406853,124.869758,120.05375199999996,,True,0.0,0.0518963867798446,0.0,0.0,0.0,0.0,0.0,0.0,0.0,0.0,5.10370338815846e-05,0,False,False,False,False
b6945ffc-c5e6-4e35-8909-1ee84ca0e233,ok,17695488.0,v1.14-1.15,0.0,0.0,0.0,True,0.0081699346405228,0.2000780000000013,0.2963718622922897,4.0,actuator_motors,none,2698683,2070997,3.2,,C,,0.0,4.0,True,10.015323601355371,20.01517093752216,2.000249353919459,63.644207,61.113751,,True,0.0,0.0053557842271402,0.0011872817820403,0.0,0.0154579484835266,0.0,0.0009323131060227,0.0033282946737017,0.0700801584869623,0.0895927563309669,0.0,0,False,False,False,False
dd851e1e-2fd3-4ad9-a55e-e2b29e3a81dc,ok,17695744.0,v1.14-1.15,0.0,0.0,0.0,True,0.0,0.0,0.0840406290989133,4.0,actuator_motors,none,12894484,7246269,9.6,,C,,0.0,4.0,True,10.009732568785775,201.6453375992592,1.9998869686525549,106.545866,103.650637,,True,0.0,0.0,0.0,0.0,0.0,0.0,0.0,0.0,0.0,0.0,0.0024187053088098,0,False,False,False,False
9c1ed126-8527-4ca2-b289-b221107efc42,ok,17891583.0,v1.16+,0.0,0.0,0.0,True,0.0127683097831949,2.365258999999924,0.1839931309223175,4.0,actuator_motors,none,57499694,35205174,10.3,,C,,0.0,4.0,True,10.001921077116815,197.7896447821664,2.0000419395767635,522.1556,519.1744719999996,,True,0.0,0.0014482440892606,0.0007526730187237,0.0004779098613653,0.0048670716583728,0.0032047471962869,0.0034193804953247,0.0046454143710434,0.0711217492818832,0.0295095805078744,0.0,0,False,False,False,False
d0f356ce-130d-4a74-a6a5-4c3835ad0f40,ok,17695488.0,v1.14-1.15,0.0,0.0,0.0,True,0.0,0.0,0.1012183785438537,4.0,actuator_motors,none,7171830,4476526,3.0,,C,,0.0,4.0,True,10.005723019318928,20.00552569886949,1.9999339277147603,188.539751,179.54967499999992,,True,0.0,7.434374274453148e-05,0.0,0.0,0.0,0.0,0.0,0.0,0.0,0.0,0.0005163175053894,0,False,False,False,False
286facb0-a183-4636-a7cb-db7ce90098c3,ok,17826047.0,v1.16+,0.0,0.0,0.0,True,0.0,0.0,0.1461875081062316,4.0,actuator_motors,none,46730550,19829088,24.4,,C,,0.0,4.0,True,10.003965703869708,285.6404533538712,1.9999660853208752,236.275758,229.24111400000007,,True,0.0,0.009574525617063,0.0249146968126296,0.0102518271654844,0.055137825757265,0.0715048223733901,0.0170343119651078,0.020551760867238,1.0602971315383911,1.5354978799819945,0.1101558282971381,0,False,False,False,False
da85650c-66ba-4f86-9f72-61ed91aa5032,ok,17760511.0,v1.14-1.15,0.0,0.0,0.0,True,0.0051724137931034,0.1005520000000004,0.7397361360490322,4.0,actuator_motors,none,3032692,2363464,3.0,,C,,0.0,4.0,True,10.016026860731197,20.01532945924836,2.000058894041896,65.31117,58.00789100000001,,True,0.0,0.0049391412176191,0.0003913264372386,0.0005691991536878,0.0033770421287044,0.0032741794129833,0.0532510299235582,0.0686105154454708,0.0,5.826720952987671,0.0,0,False,False,False,False
a51a2ae2-c159-4bee-89bf-c2753a3a9eb8,ok,17695743.0,v1.14-1.15,0.0284900284900284,0.0,0.0,True,0.0023724792408066,0.1010369999999909,0.3887007981538772,4.0,actuator_motors,none,7527117,5258534,2.9,,C,,0.0,4.0,True,9.889509269398802,19.773225494228527,1.9766311847997668,172.577524,170.88102300000003,,True,0.0,0.1391869485378265,0.0007121305097825,0.0,0.0065059633925557,0.0,0.0015051520895212,0.0033245959784835,0.0229392293840646,,0.0008033722988329,1,False,False,False,False
d1885d3b-d845-4453-b0f5-5b6d6f66fc87,ok,17695743.0,v1.14-1.15,0.9837837837837838,0.0,0.0,True,0.4111374407582938,8.501975999999999,0.5794220641255379,4.0,actuator_motors,none,3730511,2460908,3.2,,C,,0.0,4.0,True,10.0100912074638,20.01044381288398,2.0000256307632465,92.470215,84.43795800000008,,True,0.0,0.0015950063243508,0.0,0.0,0.0,0.0,0.0,0.0,0.0648312285542488,0.0607521243393421,0.0,2,False,False,False,False
ebcb42ce-b660-4394-929c-e964f58b1e35,ok,17694720.0,v1.14-1.15,0.0,0.0,0.0,True,0.0,0.0,0.1574971050024032,4.0,actuator_motors,none,3291077,2244640,2.6,,C,,0.0,4.0,True,10.009371093846784,20.00938375352731,2.0000937660538614,96.945856,91.110807,,True,0.0,0.0081238899379968,0.00046259091323,0.0,0.0094991527963429,0.0,0.0016614930937066,0.0059726008679717,0.0098724802490323,0.0364892018958926,0.0,0,False,False,False,False
54237cd9-8f92-4163-965d-989bad10109f,ok,17761535.0,v1.14-1.15,0.0,0.0,0.0,True,0.0,0.0,0.0992383956909179,4.0,actuator_motors,none,3085227,2190463,2.7,,C,,0.0,4.0,True,10.01360880486531,20.012014193964127,1.999978144029693,77.128761,71.03523700000002,,True,0.0,0.003169002267532,0.0,0.0,0.0,0.0,0.0,0.0,41.70964241027831,12.383950757980337,0.0167495920322835,0,False,True,False,False
464e089d-2646-4f69-81ee-f50e1df24dcc,ok,17695488.0,v1.14-1.15,0.0,1.0,0.1486880466472303,True,0.0,0.0,0.1635745152831077,4.0,actuator_motors,none,2219203,1590433,3.0,,C,,0.0,4.0,True,10.014760114163574,20.01499408985817,2.000060416639845,67.920582,64.868405,,True,0.0,0.1155679263174533,0.1200778111815452,0.0,0.1529501788318157,0.0,0.1431301310658455,0.3386792242527008,23.000869846343992,23.181638717651367,0.0,2,False,True,False,True
9f587c97-9afd-450d-9998-d12b18558c6f,ok,17891583.0,v1.16+,0.0,0.0,0.0,True,0.0,0.0,0.6000121742486954,4.0,actuator_motors,none,12225476,7986526,5.1,,C,,0.0,4.0,True,10.003330228784892,20.003141754148395,1.999951812349864,285.915749,281.2772870000003,,True,0.0,0.0037916618399322,0.0015657736454159,0.0021971856709569,0.0034975568763911,0.0036059931851923,0.0008195681148208,0.0040317022241652,0.0652992859482765,0.0307062473148106,0.0,0,False,False,False,False
238f1bbe-754b-40a1-a38f-9d2ff98d8e5a,ok,17891583.0,v1.16+,0.0837696335078534,0.1335078534031413,0.0,True,0.0081871345029239,0.402479999999997,0.4963179253041744,4.0,actuator_motors,none,8334873,5995960,4.5,,C,,0.0,4.0,True,10.005744765915516,20.00569081106985,2.0001139894024043,175.348966,171.02001299999998,,True,0.0,0.0032321629929356,0.0049915719078853,0.0016729709750507,0.0223909436725079,0.010186006501317,0.0094065780751407,0.0117215341422706,0.259781488776207,0.0091646777465939,0.0,2,False,False,False,False
14ded8fd-4876-4dd8-8ab2-2b633ff824f5,ok,17761280.0,v1.14-1.15,0.015356820234869,0.015356820234869,0.0,True,0.0549598562013181,2.323127999999997,0.2028501749038695,4.0,actuator_motors,none,174146476,56509996,37.2,,C,,0.0,4.0,True,9.740319857619063,194.417685898304,1.952256540656229,566.142087,536.6601940000002,,True,0.0,0.0107377298176288,0.0,0.0,0.0,0.0,0.0,0.0,0.0,0.0,0.0018916437169536,3,False,False,False,False
be1a4ca6-a045-4a09-ac1b-07d27790bf1a,ok,17761280.0,v1.14-1.15,0.0,0.0,0.0,True,0.0,0.0,0.2654545217752456,4.0,actuator_motors,none,59778451,31909514,13.3,,C,,0.0,4.0,True,10.000727815959769,20.000636748104792,2.000004071486915,1427.481787,1422.641914,,True,0.0,0.0141601873561739,0.0020938629284501,0.0026560165453702,0.0051965577062219,0.0040910861920565,0.0133218049071729,0.0016412995872087,0.0116130170412361,0.1214933492243288,0.0,0,False,False,False,False
875f2a48-343f-4af1-a1fa-4894a4965a2e,ok,17761280.0,v1.14-1.15,0.0,0.0,0.1312292358803986,True,0.0029448885149347,0.4023059999999816,0.2769944608211515,4.0,actuator_motors,none,10396426,6754519,4.4,,C,,0.0,4.0,True,10.004243463135806,20.003891628374262,2.000022266914572,240.164999,237.73989,,True,0.0,14.32740306854248,0.0020357477478682,0.0012190939160063,0.010934610851109,0.0084459641948342,2.4914774894714355,0.4844167828559875,0.0485037863254547,0.2334848046302795,0.0,1,False,False,False,False
3bdd4ef5-4fe4-42d3-b032-4af60d39fd84,ok,17760256.0,v1.14-1.15,0.0,0.0,0.0,True,0.0395939086294416,3.899043999999989,0.4595095202186574,4.0,actuator_motors,none,3425879,2238150,2.6,,C,,0.0,4.0,True,10.009572061686407,20.00919928134797,2.000237102732387,100.90061,98.47039100000003,,True,0.0,0.000116168009481,0.0,0.0,0.0,0.0,0.0,0.0,0.0,0.0,0.0,0,False,False,False,False
d6fbb6a4-2364-43ea-a007-f29ecd39d94a,ok,17761535.0,v1.14-1.15,0.0,0.0,0.1820040899795501,True,0.0698924731182795,4.500840000000011,0.3813577950000761,4.0,actuator_motors,none,3967741,2805264,2.6,,C,,0.0,4.0,True,10.0094145987199,20.009631932522552,2.000180139935077,97.271551,93.01149399999998,,True,0.0,0.2204311743378634,0.0017666728352196,0.0007246331253554,0.0062953883316367,0.0077329182066023,0.3534705191850659,0.2022517889738062,0.0,9.835697746276852,0.0,2,False,False,False,False
22436e7f-492b-441f-ab3b-14bbab1f022d,ok,17694720.0,v1.14-1.15,0.0,0.0,0.0,True,0.0781091311974886,2.002502000000049,0.60993592441082,4.0,actuator_motors,none,45324403,28181108,20.9,,C,,0.0,4.0,True,9.907179943242078,19.81254024524613,1.9808966658754428,1098.943572,1093.7498790000006,,True,0.0,0.023511267080903,0.0016185452695935,0.0,0.016782534494996,0.0,0.0076436107046902,0.0109318748116493,0.0776377990841865,0.228883184492588,0.0,1,False,False,False,False
85324e46-7f7f-41e5-bf71-6ce705fe3b4c,ok,17761535.0,v1.14-1.15,0.0,0.0,0.0,True,0.0,0.0,0.1183624118566513,4.0,actuator_motors,none,4895622,3190058,3.9,,C,,0.0,4.0,True,10.008042228384422,20.00806711140702,2.0000441783951985,124.432918,121.102768,,True,0.0,0.007464797142893,0.0,0.0,0.0,0.0,0.0,0.0,0.0,0.0,0.0008822357514873,0,False,False,False,False
9924920f-3ecc-4b6e-a27b-d2771f0eb297,ok,17695488.0,v1.14-1.15,0.0,0.0,0.0,True,0.0,0.0,0.2130445420742034,4.0,actuator_motors,none,15463373,9209224,8.6,,C,,0.0,4.0,True,9.98539122998209,170.50103722890503,1.985624964131513,140.278397,136.76632700000002,,True,0.0,0.1835074037313461,0.0,0.0,0.0,0.0,0.0,0.0,0.0,0.0,0.0002125201186572,0,False,False,False,False
39dfff52-f646-4ce6-b61c-ab648f31cc09,ok,17761280.0,v1.14-1.15,0.0,0.0,0.0,True,0.0,0.0,0.218788668513298,4.0,actuator_motors,none,4293781,2866270,3.3,,C,,0.0,4.0,True,10.011804926391443,20.011612257209745,2.000109363555624,83.079622,79.15498500000001,,True,0.0,0.0039370857411995,0.0,0.0,0.0,0.0,0.0,0.0,3.355012995598372e-05,0.0,0.0,0,False,False,False,False
b6b22e80-2c26-4f19-b944-57d76e9220a7,ok,17891583.0,v1.16+,0.0,0.0,0.0,True,0.0207446808510638,9.898521999999955,0.1115244314074513,4.0,actuator_motors,none,70895876,21011206,27.4,,C,,0.0,4.0,True,10.001354119931062,20.001168971887484,2.0000099749340854,756.563725,752.067336,,True,0.0,2.264724616907188e-05,0.0,0.0,0.0,0.0,0.0,0.0,5.332119035301729e-05,0.5379437178373336,0.0,0,False,False,False,False
69c12090-73ed-42e5-a8e7-273de4ef8727,ok,17694848.0,v1.14-1.15,0.0216216216216216,0.0,0.0,False,0.0,0.0,0.2160902328789234,4.0,actuator_motors,none,15737040,8481928,6.3,,C,,0.0,4.0,True,10.010451369723947,200.3208145868921,1.9998903796350151,91.574852,89.09728600000001,,True,0.0,0.0025027019903063,0.0072324173524975,0.0,0.0139714190736413,0.0,0.0081269595772027,0.0072847102303057,0.0376041021198034,0.0509247271344065,0.0006474313093349,2,False,False,False,False
7c594443-05a9-4452-9ccd-73cec2c99d00,ok,17826303.0,v1.16+,0.0,0.0,0.0,True,0.0,0.0,0.1201537311077117,4.0,actuator_motors,none,8594555,5761913,5.7,,C,,0.0,4.0,True,10.0051186921754,20.005223728405653,2.000014317651244,179.616868,174.02372200000002,,True,0.0,0.00453597959131,0.0,0.0,0.0,0.0,0.0,0.0,0.0002668910979991,0.0,0.0,0,False,False,False,False
d9355d93-d971-4807-983c-25bd139d9faf,ok,17826047.0,v1.16+,0.0,0.0,0.0,True,0.0,0.0,0.3237340319901705,4.0,actuator_motors,none,5924997,3982912,10.8,,C,,0.0,4.0,True,10.007378253839777,20.00722885441749,2.00000080000032,125.683409,119.61407299999998,,True,0.0,0.0039843006525188,2.221723318099976,0.0869696736335754,2.59090793132782,0.1668967604637146,0.0,0.0161007978022098,0.3399741500616073,0.1930666416883468,0.0,0,False,False,False,False
f5b1d76c-da1b-4d52-9119-7dbae0c72bb8,ok,17761023.0,v1.14-1.15,0.0,0.0,0.0,True,0.0,0.0,0.3278172314167022,4.0,actuator_motors,none,65771923,39533742,21.1,,C,,0.0,4.0,True,9.998104248274462,19.995581172540376,1.999364968405306,1586.543805,1583.0131289999997,,True,0.0,0.0127298898994922,0.0001626018289243,0.0002312000695383,0.003045791061595,0.0031504294835031,0.0014235826209187,0.001056311535649,0.0541169725358485,0.0126837307587265,0.0,0,False,False,False,False
80c85275-6272-497d-a194-41197409b881,ok,17761535.0,v1.14-1.15,0.0,0.0,0.0,True,0.0,0.0,0.3859370023012161,4.0,actuator_motors,none,4382986,3316419,3.0,,C,,0.0,4.0,True,10.009861640589644,20.00988181837712,1.999992895547625,101.167704,96.420049,,True,0.0,0.0677547566592692,0.043140591867268,0.0082817234331741,0.033171666227281,0.0131483817938715,0.1005736179649827,0.0615980476140975,0.1295453779399394,0.0485864479094743,0.0,0,False,False,False,False
e2450fec-95c2-4666-9cc4-19b88e1eed04,ok,17695488.0,v1.14-1.15,0.0,0.0,0.0,True,0.0,0.0,0.4091089308261871,4.0,actuator_motors,none,2931170,2279842,3.2,,C,,0.0,4.0,True,10.014346196550598,20.01434174644917,1.9999999130434816,69.343882,62.219970000000025,,True,0.0,0.0004375817545223,0.0001290037238504,0.0,0.0099506043829023,0.0,0.0064228686969727,0.0066943593788891,0.0009199407882988,,0.0,0,False,False,False,False
24f6f17a-88f6-4c97-bfa8-db939f926588,ok,17761535.0,v1.14-1.15,0.0,0.0,0.0,True,0.0,0.0,0.172390878200531,4.0,actuator_motors,none,14754263,6933791,6.7,,C,,0.0,4.0,True,10.010630523775664,201.664689517908,2.000089498510307,91.034174,87.087041,,True,0.0,0.0055011191405355,0.0,0.0,0.0,0.0,0.0,0.0,0.1033580102026462,0.0766848638653755,0.0,0,False,False,False,False
33bdaebb-4b31-4d0d-8f2f-9c3303497fdd,ok,17826047.0,v1.16+,0.0,0.0,0.0,True,0.8869524258125294,75.103365,1.0,4.0,actuator_motors,none,7476446,4555105,6.1,,C,,0.0,4.0,True,10.004668413957743,20.00450124377871,2.0000764658863672,216.061854,212.34295500000007,,True,0.0,0.0021705871913582,4.981019446859131e-05,2.3823406445444547e-05,5.122730217408387e-05,3.762911219382657e-05,0.0014358769869431,0.0002608479815535,0.0021713378839194,8.95476507139392e-05,0.0,1,False,False,False,False
2a3ebb0e-3704-4a6d-8e40-58b7f7cabe9a,ok,17694720.0,v1.14-1.15,0.0,0.0890207715133531,0.0,True,0.0,0.0,0.2333963662385936,4.0,actuator_motors,none,5712686,3743934,2.4,,C,,0.0,4.0,True,10.000312747074092,20.00001812061636,2.000048075001729,163.075053,152.2824370000001,,True,0.0,0.0012999690370634,0.0071644217241555,0.0,0.0278052757494151,0.0,0.0005312754074111,0.0058087438810616,0.0100820593070238,0.009171416517347,0.0,1,False,False,False,False
181808d6-4b85-456d-867f-71efd7449415,ok,17825984.0,v1.16+,0.0,0.0,0.0,True,0.000801282051282,0.0988829999999998,0.6292163435369728,4.0,actuator_motors,none,6040817,3421187,2.7,,C,,0.0,4.0,True,10.007898769123392,20.00787183735212,1.999957329035425,128.264822,124.77687899999997,,True,0.0,0.0014267656952142,0.0007111270911991,0.0012025943258777,0.0133156590163707,0.0142371432855725,0.0125031409785151,0.0059960582293569,0.0488301873207092,0.015181678161025,0.0,0,False,False,False,False
14fc95cc-e0ac-43d9-ae8b-d970494cddb1,ok,17695487.0,v1.14-1.15,0.0,0.0,0.0984251968503937,True,0.0159936025589764,1.3936649999999997,0.17966268658638,4.0,actuator_motors,none,17963097,10574190,6.2,,C,,0.0,4.0,True,10.006513109206068,188.5282517703562,1.9999018002013749,151.81597,148.8078680000001,,True,0.0,0.2862683981657026,0.0505806248635049,0.0,0.0425092895515257,0.0,0.0412556547671554,0.0502207107841966,0.0250152696855365,0.0496516019105911,0.0,1,False,False,False,False
e76c06a4-e669-4ae6-bfaa-129bf4b26bf7,ok,17761023.0,v1.14-1.15,0.0,0.0,0.0,True,0.002213613724405,0.1030609999999967,0.4313618540763851,4.0,actuator_motors,none,7847288,5246038,4.4,,C,,0.0,4.0,True,9.93019736841611,19.84970051536221,1.9838295359107352,186.287307,182.02977100000004,,True,0.0,0.000701979745645,0.0,0.0,0.0,0.0,0.0,0.0,0.0026246900204569,0.1464160472154617,5.64563459192868e-05,0,False,False,False,False
d19ecb79-8949-44a4-8921-88159a8c5404,ok,17694720.0,v1.14-1.15,0.0,0.0,0.1420454545454545,True,0.22473604826546,1.300228999999998,0.6311072289943694,4.0,actuator_motors,none,3072926,2504987,5.3,,C,,0.0,4.0,True,10.014306458206237,20.01290739676343,2.00004794359531,69.806682,66.282127,,True,0.0,0.0060670203063636,0.0264541212469338,0.0,0.6970436751842496,0.0,0.0024101548129692,0.0340374939143657,0.2499268949031824,0.5321745067834853,0.0,2,False,False,False,False
72aa3008-fe4b-43ed-869e-f2aec481b1a1,ok,17761535.0,v1.14-1.15,0.0,0.0,0.0,True,0.0,0.0,0.2944682538509369,4.0,actuator_motors,none,4304520,3005055,3.5,,C,,0.0,4.0,True,10.008984064095932,20.008953406380755,1.9999764625885657,99.541732,92.570427,,True,0.0,0.0016323154675774,0.0,0.0,0.0,0.0,0.0,0.0,7.2808970451354975,8.869059562683102,0.0009951613901648,0,False,False,False,False
0fa2b31f-c2c5-4dd3-a10c-5a27b90590ea,ok,17760511.0,v1.14-1.15,0.0,0.1540697674418604,0.0,True,0.0,0.0,0.1635962232947349,4.0,actuator_motors,none,23343674,9849922,10.1,,C,,0.0,4.0,True,9.944619991255054,19.89305628660478,1.9876689230651257,163.604839,76.416359,,True,0.0,0.0259825158864259,0.024604820087552,6259376599859.19,0.0004279222455807,0.0007905872189439,0.0904464777559041,0.0035499906633049,0.0,0.0,0.000100462778937,1,True,True,True,True
179aaf1c-ec5a-4d3d-a7fb-0124de461a1f,ok,17694720.0,v1.14-1.15,0.0,0.0,0.0149925037481259,True,0.0,0.0,0.150861145555973,4.0,actuator_motors,none,15142081,9088542,5.4,,C,,0.0,4.0,True,10.007451528859647,210.606950881546,1.9999231576694665,132.970878,128.374003,,True,0.0,0.1068869214504957,0.0,0.0,0.0,0.0,0.0,0.0,4.402747726440428,7.564320540428159,0.0,1,False,False,False,False
1fa0aa95-def8-4ed0-af5b-9e27607f87f5,ok,17891583.0,v1.16+,0.0,0.0,0.0,True,0.0008849557522123,0.0977440000000058,0.2812677159905433,4.0,actuator_motors,none,5125238,3769742,13.3,,C,,0.0,4.0,True,10.008604745960508,20.00871140612255,2.000144731502889,116.426628,112.98276300000002,,True,0.0,0.001668860897189,0.0014935684332158,0.0015581256826408,0.0121643025893718,0.0122128782328218,0.0028406328056007,0.0066736124455928,0.0470859710127115,0.0026491216616705,0.0,0,False,False,False,False
65d57e91-3dcd-431d-90f1-9b58bb008b17,ok,17761535.0,v1.14-1.15,0.0,0.0,0.0,True,0.0,0.0,0.1136590808629989,4.0,actuator_motors,none,21272748,13430941,23.6,,C,,0.0,4.0,True,10.005164065277665,199.75799598123675,1.9999996795866144,193.859704,183.44999000000004,,True,0.0,0.0014162403997033,0.0003279146723798,0.0007735033810604,0.0019507913850247,0.0047101486939936,0.0019038142287172,0.0033869489096105,0.0050823040772229,0.0011791401426307,0.0,0,False,False,False,False
dd46e974-4450-44e4-adc5-462eb61c7ba1,ok,17826047.0,v1.16+,0.0,0.0,0.0,True,0.0,0.0,0.2694569759070873,4.0,actuator_motors,none,42702016,13808873,22.6,,C,,0.0,4.0,True,9.985427961198283,192.42007295283656,2.0000453833827434,68.587034,61.14934099999999,,True,0.0,0.0026457076892256,0.0,0.0,0.0,0.0,0.0,0.0,0.1805581271648405,0.1805581271648405,0.0,0,False,False,False,False
7f4c42b1-0968-4ccb-b794-20703920d727,ok,17760768.0,v1.14-1.15,0.0,0.0,0.0,True,0.0,0.0,0.2355727847607341,4.0,actuator_motors,none,5437990,3387195,3.1,,C,,0.0,4.0,True,10.007249887472126,20.007311580749487,1.999952044315369,139.368864,136.69486199999997,,True,0.0,0.0328424103558063,0.0,0.0,0.0,0.0,0.0,0.0,0.0,0.0,0.0029113164637237,0,False,False,False,False
b0ccb181-d01f-40cc-98e1-bd00bc79e7de,ok,17760511.0,v1.14-1.15,0.0,0.0,0.0,True,0.0,0.0,0.1707194030284881,4.0,actuator_motors,none,7407997,4671377,5.7,,C,,0.0,4.0,True,9.903760415069634,169.2186164531996,1.98602044376113,72.234876,67.62322800000003,,True,0.0,0.0086140472907572,0.0,0.0,0.0,0.0,0.0,0.0,7.94915899859916e-06,0.0,0.0,0,False,False,False,False
a78c6b48-6aeb-43a2-9a83-6c0423644c29,ok,17695743.0,v1.14-1.15,0.0,0.0,0.0,True,0.0012798634812286,0.1025039999999961,0.5413883745670318,4.0,actuator_motors,none,9782777,6381737,4.6,,C,,0.0,4.0,True,10.004027225270963,20.004239219681352,2.000004280263937,235.718704,234.39508,,True,0.0,0.01604322232306,0.0041621309239417,0.0,0.0290292222052812,0.0,0.0070096920244395,0.0153049391694366,0.0112843559123575,0.024278550967574,0.0,0,False,False,False,False
0fc4c32c-f968-4db6-a862-7c198cb7808d,ok,17761280.0,v1.14-1.15,0.0,0.0,0.0,True,0.0687567506111079,5.986509000000012,0.422387021780014,4.0,actuator_motors,none,53646764,33004232,12.1,,C,,0.0,4.0,True,10.002102581136151,200.2539862634918,1.999972232617752,499.896033,495.83130599999976,,True,0.0,0.006622238503769,0.0010821206029504,0.0006873639737023,0.0039817723212763,0.0032235251856036,0.002273000171408,0.0037155991070903,0.0,0.0,76.93907928466797,1,True,True,False,True
254087b2-bddd-4571-9958-9cbbdbd82f34,ok,17826047.0,v1.16+,0.0,0.0,0.0,True,0.0,0.0,0.162553995847702,4.0,actuator_motors,none,67788476,25932084,12.7,,C,,0.0,4.0,True,9.999982241760096,199.8313276221457,1.9999957830597384,147.814519,142.04972999999998,,True,0.0,0.0120255819056183,0.0126694466453045,0.0108144527766853,0.0182611607015132,0.0184629461728036,0.0019672916387207,0.0044249797938391,0.0104171691928058,0.0045937994727864,0.0,0,False,False,False,False
20c920ca-dacf-4f75-b173-e0e01bf23ca0,ok,17760256.0,v1.14-1.15,0.0,0.0,0.0,True,0.0,0.0,0.13452875521034,4.0,actuator_motors,none,7282350,4199867,6.4,,C,,0.0,4.0,True,10.01559174034052,200.0383162040729,1.9999504402525048,61.965825,56.96703900000001,,True,0.0,0.0013108885847032,101.6824737548828,10660.443017578124,0.0130082799121737,0.0093129083048552,0.0013055860763415,0.0072341580642387,0.406703387200832,0.053420703113079,0.0,0,True,False,False,False
d081a129-3936-4204-88c8-62fed9ae4d25,ok,17694975.0,v1.14-1.15,0.0,0.0,0.0,True,0.0,0.0,0.112780088186264,4.0,actuator_motors,none,2891921,2122728,2.4,,C,,0.0,4.0,True,9.534461919778554,19.040763104785235,1.9195481399786585,74.92254,65.41823300000001,,True,0.0,0.0484333617612719,0.0,0.0,0.0,0.0,0.0,0.0,0.0,0.0,0.0131510113365948,0,False,False,False,False
996bdb97-9e64-4e4e-aff1-68205889b246,ok,17694975.0,v1.14-1.15,0.5030674846625767,0.0,0.5652797704447633,False,0.2143385070214338,4.797664999999995,0.6041163086891174,4.0,actuator_motors,none,4903019,3354179,1.3,,C,,0.0,4.0,True,9.999514503858531,19.999852957010862,1.9999750650590808,139.767749,134.62242500000002,,True,0.0,0.0329673845320939,0.0532343044877051,0.0,1.7348404765129064,0.0,0.417965933680534,2.258170199394215,0.0102007864974439,0.0228875624015927,0.0,4,False,False,False,False
84939c37-98c1-4f9d-9230-4a066fdc8cd4,ok,17761280.0,v1.14-1.15,0.0,0.0,0.0,True,0.0,0.0,0.2570014595985412,4.0,actuator_motors,none,12051821,7528607,6.0,,C,,0.0,4.0,True,10.008440657738111,199.64997217531325,2.0000546148246823,113.471301,108.354678,,True,0.0,0.0288906195200979,0.0,0.0,0.0,0.0,0.0,0.0,4.757948040962219,4.243894100189209,0.0019194729975424,0,False,False,False,False
1386e28a-4ea5-4437-bf4d-adc369622e81,ok,17825792.0,v1.16+,0.0,0.0,0.0,True,0.072488304744932,0.0416769999999928,0.6214902266860007,4.0,actuator_motors,none,27998924,17571886,10.5,,C,,0.0,4.0,True,10.00403331537994,197.950604467116,1.9999990845365008,242.850384,235.67510400000003,,True,0.0,0.0070917182601988,0.0059883488574996,0.0066134815569967,0.0286508360877633,0.0285521852783858,0.982610434293747,0.0054830331355333,0.0905909109860658,0.0251637017354369,0.0,1,False,False,False,False
e46a43bc-7294-4886-ab33-0072a8387a94,ok,17825792.0,v1.16+,0.0,0.0,0.0,True,0.0292437483448719,2.2818520000000007,0.4621772328391652,4.0,actuator_motors,none,10475763,6671077,4.8,,C,,0.0,4.0,True,10.009721199468707,199.69712373302667,1.9998920696545808,93.907058,92.518056,,True,0.0,0.0061096938326954,0.0017097382806241,0.0038688127882778,0.0497656643390655,0.0657701700925827,0.0127628657966852,0.0550259210169314,0.2524321973323821,0.2128893554210659,0.0,0,False,False,False,False
b093c2db-0741-4d29-b612-0ccbf7141369,ok,17694720.0,v1.14-1.15,0.0,0.0,0.0,True,0.222543352601156,5.901717999999999,0.9999999423747729,4.0,actuator_motors,none,3512546,2506385,2.8,,C,,0.0,4.0,True,10.014208197589046,20.01448257430092,1.9999608399276096,71.55637,69.18472899999999,,True,0.0,1.1281103312969207,0.0,0.0,0.0,0.0,0.0,0.0,0.7410370707511901,0.683079659938812,8.268637648143339e-05,1,False,False,False,False
3aa1034e-5da2-4989-a018-d95de037a281,ok,17826240.0,v1.16+,0.0,0.0,0.0,True,0.0,0.0,0.1092889547348022,4.0,actuator_motors,none,6805767,2605023,3.7,,C,,0.0,4.0,True,9.98373442949753,19.968792969741592,1.9999218400916416,67.928711,62.767944,,True,0.0,0.0001803872874006,0.0,0.0,0.0,0.0,0.0,0.0,0.0001380526846332,0.5831913650035858,0.0,0,False,False,False,False
b8dee24f-24b1-4477-a41e-f4b06a69f3c7,ok,17695488.0,v1.14-1.15,0.1163166397415185,0.0,0.0,True,0.1449886474213428,4.799243999999987,0.1424859523773192,4.0,actuator_motors,none,11109109,6811411,6.6,,C,,0.0,4.0,True,10.003035281964651,20.00311101692248,1.9999825379946523,311.176476,308.2950389999999,,True,0.0,0.0002113949412887,0.0,0.0,0.0,0.0,0.0,0.0,0.0018678041407838,0.0,0.0,2,False,False,False,False
2b518b3a-a5a6-49cf-966e-e3021bb3c77f,ok,17760512.0,v1.14-1.15,0.0,0.0,0.1509677419354838,True,0.0006972904064818,0.0647299999999972,0.1550051867961882,4.0,actuator_motors,none,183488871,62276641,32.1,,C,,0.0,4.0,True,9.996655491326248,252.5292583615872,1.996813512138484,309.814223,308.401244,,True,0.0,0.0561098702251911,1.1281564593315132,0.2928040474653245,5.1487614154815695,3.724346590042121,0.2862711608409882,1.1754786372184758,3.851788437366485,2.9864386320114136,0.0,1,False,True,False,False
e7fc6d68-29e2-4120-b5f5-09b08612e35b,ok,17826240.0,v1.16+,0.0,0.0,0.0,True,0.0,0.0,0.2371186017990112,4.0,actuator_motors,none,14224989,8539692,5.7,,C,,0.0,4.0,True,9.842302820506,198.978217643704,1.9648604013383328,114.340613,109.293673,,True,0.0,0.0020740624284371,0.0001412407204043,0.0002042395179159,0.0007293842150829,0.0014662827015854,0.0004648014641134,0.0019910800969228,0.0,2.3863674163818347,0.0001623045747692,0,False,False,False,False
d7f4393c-236c-4751-adda-48a2d9da117e,ok,17761280.0,v1.14-1.15,0.0,0.0503778337531486,0.0,True,0.0,0.0,0.3446420565247532,4.0,actuator_motors,none,11462075,6025618,4.1,,C,,0.0,4.0,True,10.007968526213885,20.004779636597046,1.9999990400004608,125.199482,120.75984,,True,0.0,0.0026537127560004,0.0,0.0,0.0,0.0,0.0,0.0,0.0023742394987493,0.0,0.0013981298543512,1,False,False,False,False
34b708b0-856a-4062-b3b7-706a83db55c4,ok,17826559.0,v1.16+,0.0,0.0,0.0,True,0.0,0.0,0.1695529460906982,4.0,actuator_motors,none,11205931,6934414,4.6,,C,,0.0,4.0,True,10.009465288725142,157.1702643776258,2.0000081887127727,106.054826,96.04680100000006,,True,0.0,0.0002684476203285,4.456268143258055e-05,5.872114707017316e-05,0.0014285000506788,0.0018905523465946,0.0005861652083694,0.0022565184161066,0.0014218168100342,0.0,0.0,0,False,False,False,False
e1cd3b39-67db-457e-9642-ee317a27e5e2,ok,17694975.0,v1.14-1.15,0.0,0.0,0.0,True,0.0,0.0,0.2557946443557739,4.0,actuator_motors,none,49003149,30597558,22.9,,C,,0.0,4.0,True,10.000815466819988,20.000814444929382,1.9999928696617104,1223.53097,1219.3398710000004,,True,0.0,0.0048726494656875,0.0032500576227903,0.0,0.0060034577501937,0.0,0.0044269946636632,0.0022207441739737,0.0016638869419693,0.004324510297738,0.0,0,False,False,False,False
7a2ae88a-f161-4961-99f6-f5eb7d315434,ok,17760256.0,v1.14-1.15,0.0,0.0,0.0,True,0.0,0.0,0.2919793248176574,4.0,actuator_motors,none,4730364,3358233,9.6,,C,,0.0,4.0,True,10.0092447166926,20.00931602570808,2.000026075106306,107.358939,102.449896,,True,0.0,0.0002687651809537,0.0003263681282987,0.0001513401395641,0.0021435648202896,0.0007927317812573,0.0107903235591947,0.0235380016267299,0.0083728790748864,0.005725814611651,0.0,0,False,False,False,False
32ee8126-0523-454c-a410-59c637166ab4,ok,17891392.0,v1.16+,0.0,0.0,0.0,True,0.0,0.0,0.1973824858194457,4.0,actuator_motors,none,27642880,9486800,14.7,,C,,0.0,4.0,True,10.007111396886332,204.7214801256251,1.9999732138419,133.510349,131.56222699999992,,True,0.0,2.065093398094177,0.0180808345787226,1.776365433318944,0.2400983110070213,0.0550751309841868,0.0491454269737004,0.0443768225610255,0.0994026113301515,0.0100441982969641,0.0,0,False,False,False,False
5928b10b-10c5-4ec7-97d3-c886b8050b72,ok,17761535.0,v1.14-1.15,0.0,0.0,0.0,True,0.0,0.0,0.4245372414588928,4.0,actuator_motors,none,3056358,2229855,4.3,,C,,0.0,4.0,True,10.013100264239457,20.011952138414667,2.0000319501959343,79.570577,70.06645399999996,,True,0.0,0.0534837577491996,0.0,0.0,0.0,0.0,0.0,0.0,0.0224302977323531,0.0042111860588192,0.0,0,False,False,False,False
b9178f82-b4f7-4c37-ba17-3b26f0bbb07d,ok,17760768.0,v1.14-1.15,0.0,0.0,0.0,True,0.0,0.0,0.2060513854026793,4.0,actuator_motors,none,4076029,2635229,15.1,,C,,0.0,4.0,True,10.009108377121043,20.00847931212176,2.0000363562164307,112.814711,111.37802200000009,,True,0.0,0.0315979048609733,0.0,0.0,0.0,0.0,0.0,0.0,0.0,0.0,0.0,0,False,False,False,False
f0927ba6-2474-4f2a-ab2f-7c8ba496358f,ok,17761535.0,v1.14-1.15,0.0,0.0892018779342723,0.0,True,0.0,0.0,0.1663971841335296,4.0,actuator_motors,none,11421092,7273012,4.3,,C,,0.0,4.0,True,9.723767202884238,167.2894785106697,1.953576088154612,108.383519,103.41014999999992,,True,0.0,0.0116101714316755,0.0,0.0,0.0,0.0,0.0,0.0,4.563369941711426,3.255162906646725,3.3142510801553706e-05,1,False,False,False,False
2f5a22e3-8d48-42a9-85f5-1f9efd71fe3a,ok,17760384.0,v1.14-1.15,0.0,0.0,0.0,True,0.0,0.0,0.135413372516632,4.0,actuator_motors,none,15497781,10629984,5.0,,C,,0.0,4.0,True,10.005289776165942,20.00530266690813,1.999937766642438,170.100995,161.95610299999996,,True,0.0,0.0047726049087941,0.0171684455126523,0.0046818498522043,0.0442098230123519,0.0101032322272658,0.0031100399792194,0.0096151968464255,0.0297976415604352,0.829718828201294,0.0,0,False,False,False,False
f2daf264-9320-44c4-84f8-abefa9118bd2,ok,17695743.0,v1.14-1.15,0.0,0.0,0.0,True,0.0137931034482758,0.102487,0.6936109870672224,4.0,actuator_motors,none,2757657,1935246,2.5,,C,,0.0,4.0,True,9.999034456170854,19.999374681931165,1.999874994826622,77.006726,72.43228899999998,,True,0.0,0.0033337869914248,0.0007930349442176,0.0,0.0094877932220697,0.0,0.0060720453970134,0.0139882480725645,0.02838291618973,0.0665580563247203,0.0,0,False,False,False,False
f9113f8a-729a-4dbb-bd26-b90b464558a2,ok,17760256.0,v1.14-1.15,0.0,0.0,0.0,False,0.0,0.0,0.3185350492596626,4.0,actuator_motors,none,2508581,1434984,3.5,,C,,0.0,4.0,True,10.016182040144178,20.01618284920573,2.000328348979645,61.67928,59.41001299999999,,True,0.0,0.0,0.0,0.0,0.0,0.0,0.0,0.0,0.0,0.0,0.0020336079993285,1,False,False,False,False
c55d1140-0c6e-4a64-a134-b6c5a9170626,ok,17760256.0,v1.14-1.15,0.0,0.0,0.0,False,0.0,0.0,0.1165519654750823,4.0,actuator_motors,none,3675642,2989166,4.5,,C,,0.0,4.0,True,9.999634848900405,19.97499315877786,2.000043780099432,82.092526,78.42786100000001,,True,0.0,0.0008203217876143,0.0002606774680316,0.0001269971817237,0.0004748475475935,0.000487366435118,0.0143006028141826,0.0606740418821571,0.0100483170244842,0.0029904467519372,0.0009685093449661,1,False,False,False,False
5c250b87-42d7-46b7-9919-09e1fc2273e6,ok,17826047.0,v1.16+,0.0,0.2916666666666667,0.0,True,0.0,0.0,0.2328669786453247,4.0,actuator_motors,none,3732521,3223337,3.5,,C,,0.0,4.0,True,10.013397508641669,20.01291980697866,2.0001946483127684,71.502554,66.83331,,True,0.0,0.024591816868633,0.0042994405142962,0.00756733098533,0.0018543543468695,0.0032475934014655,0.0030707360827364,0.0031041750859003,0.0,0.1571502164006233,0.0253304970450699,1,False,False,False,False
c920dd50-fa09-4350-99e9-93c6180d68cb,ok,17695488.0,v1.14-1.15,0.0325732899022801,0.0,0.0329380764163372,False,0.0181945416375087,2.001760000000018,0.0967284694314002,4.0,actuator_motors,none,5391603,3312892,5.3,,C,,0.0,4.0,True,10.006681506126492,20.00676269503516,2.00011953032213,151.691543,142.29157899999993,,True,0.0,0.0016027236822992,0.0,0.0,0.0,0.0,0.0,0.0,0.0,0.0,0.0,3,False,False,False,False
a7eb96d8-6bbd-420c-b6be-b2e2af23d3fb,ok,17761023.0,v1.14-1.15,0.0,0.0,0.0,True,0.0040195772154535,0.1844929999999998,0.2295848727226256,4.0,actuator_motors,none,18425695,11689650,11.6,,C,,0.0,4.0,True,10.00571510648385,218.79230880818525,1.9999208996802784,174.382814,168.970507,,True,0.0,0.0051334839314222,0.0009479906293563,0.0008992053684778,0.0072130197659134,0.0036532454192638,0.0091859115287661,0.0042513991706073,0.0723764933645723,0.0230295311659574,0.0,0,False,False,False,False
0c59d545-998d-4fe4-b53a-bb8e62cc1579,ok,17695743.0,v1.14-1.15,0.2947761194029851,0.0,0.0,True,0.0,0.0,0.2306772843003273,4.0,actuator_motors,none,29797182,16917179,8.8,,C,,0.0,4.0,True,10.003179648581265,139.48260825390904,1.9999607619638564,268.316607,263.4276770000002,,True,0.0,0.0088984230533242,0.0,0.0,0.0,0.0,0.0,0.0,0.0001108047319576,0.0,0.000328741769772,1,False,False,False,False
0c4ce502-30bb-42eb-8ee8-287d0e9a1426,ok,17761535.0,v1.14-1.15,0.0,0.0,0.0,True,0.0030778164924506,0.219776000000003,0.2375516772270201,4.0,actuator_motors,none,50949369,19237087,16.5,,C,,0.0,4.0,True,9.532100938594205,192.6316080253215,1.8639527681908128,96.192773,89.50031999999999,,True,0.0,0.0019294137950055,0.0099006393924355,0.0160500276833772,0.027162885852158,0.0139379994012415,0.004378648661077,0.0061377855949103,0.0698240347206592,1.5259222030639643,0.0106113792397081,0,False,False,False,False
754088d0-e608-459b-a006-1c51d6b9331a,ok,17629952.0,v1.12-1.13,0.0,0.0,0.0,True,0.0,0.0,0.6499264553189277,4.0,actuator_motors,none,2756508,1942376,3.1,,C,,0.0,4.0,True,10.014445912519951,20.01540830081745,1.999963038277082,66.953703,63.213687,,True,0.0,0.0008646374597446,0.0003689888530061,0.0,0.0071527993073686,0.0,0.0,0.0008289209392387,0.0280623761005699,0.0,0.0,0,False,False,False,False
914df007-07d7-4ed7-aa70-9dfedec697d5,ok,17761023.0,v1.14-1.15,0.0,0.0,0.0,True,0.0,0.0,0.266481539607048,4.0,actuator_motors,none,3412379,2721007,2.4,,C,,0.0,4.0,True,10.011420108818635,20.01196830617661,1.9999939632084047,81.413866,76.23356999999999,,True,0.0,0.0058394759660586,6.670035872957668e-05,5.162308279977878e-05,0.0045978739392012,0.0018547949846833,0.01098493183963,0.1031481463462114,0.6841195404529571,0.0231115577742457,0.0,0,False,False,False,False
77d5ea0c-51ce-487e-92b2-a1d04d97030f,ok,17825984.0,v1.16+,0.0,0.0,0.0,True,0.0655307994757536,1.101348999999999,0.4583192378282545,4.0,actuator_motors,none,3717815,3032386,3.5,,C,,0.0,4.0,True,10.011747566468292,20.01246161532703,2.000098770309645,81.319637,76.31979800000002,,True,0.0,0.001765950070694,0.0091797430068254,0.0012270375969819,0.1221544437110424,0.0208338372409343,0.0018339305650442,0.0060208344832062,0.0,0.0429381802678108,0.0,1,False,False,False,False
dab48eaf-6842-4641-a6d4-a15332348f30,ok,17891392.0,v1.16+,0.0,0.8045112781954887,0.0880681818181818,True,0.00625,0.3987929999999995,0.0784612834453582,4.0,actuator_motors,none,3203518,2488686,2.7,,C,,0.0,4.0,True,10.014067482404236,20.013865057934225,2.00008385963118,70.322335,64.04993000000002,,True,0.0,1.2210341989994045,0.0030655382783152,0.0046953414799645,0.0453148001804947,0.0892421260476111,0.0862584318965673,0.0644329752773045,0.1515200562775133,2.923472273349756,0.0,2,False,False,False,False
491cf015-ca76-4216-80b1-ce5dbf1197af,ok,17825984.0,v1.16+,0.241025641025641,0.0923076923076923,0.0,True,0.0,0.0,0.189134919643402,4.0,actuator_motors,none,3784649,2832792,3.1,,C,,0.0,4.0,True,10.010239568979795,20.01030115201192,1.999903004704272,92.766599,81.65857399999999,,True,0.0,0.1703583508729931,0.0,0.0,0.0,0.0,0.0,0.0,6.766371250152582,1.2738672733306864,0.8334415674209578,2,False,False,False,False
35fb01df-787f-46a7-848c-30a17552d773,ok,17826240.0,v1.16+,0.0,0.0,0.0,True,0.0,0.0,0.3440266609191892,4.0,actuator_motors,none,6510250,4365959,4.9,,C,,0.0,4.0,True,10.006198820600524,20.006523940242293,2.000064982503451,153.388716,148.77995599999997,,True,0.0,0.0008058766950853,0.0,0.0,0.0,0.0,0.0,0.0,0.0650697194039821,0.0646101489663124,0.0,0,False,False,False,False
8d0e149d-8e5c-4d86-92e0-fbc401e2b49b,ok,17629952.0,v1.12-1.13,0.0,0.0,0.0,True,0.0,0.0,0.3653821431100366,4.0,actuator_motors,none,4269133,3019651,4.5,,C,,0.0,4.0,True,10.01008560614088,20.0101237886288,1.999967397179525,89.552467,81.93073099999997,,True,0.0,5.679362584487535e-05,0.0003007046092534,0.0,0.0019591139163821,0.0,9.539876518829254e-05,0.000305357039906,0.0027261091861873,0.0,0.0,0,False,False,False,False
02f3cb80-b83d-42a4-b1b8-a5d4fe5ea9b4,ok,17695743.0,v1.14-1.15,0.0037393162393162,0.0,0.0,True,0.0,0.0,0.1253107875585555,4.0,actuator_motors,none,56077229,37927538,14.3,,C,,0.0,4.0,True,10.000952063135117,20.0009524726452,2.0000000042328043,945.08258,938.6999789999992,,True,0.0,0.0019794546533375,0.0002017800870817,0.0,0.0010815238347277,0.0,0.0013307366752997,0.000832737860037,0.0010976546327583,0.0075742060318589,0.0,1,False,False,False,False
4d9f0dc8-288f-4fe8-8fd8-be37ff06278b,ok,17694975.0,v1.14-1.15,0.1984126984126984,0.0,0.0,True,0.3434343434343434,5.198910999999999,0.248238867521286,4.0,actuator_motors,none,2040631,1421195,2.9,,C,,0.0,4.0,True,9.967702093485372,19.93703562225536,1.9999216159753737,62.292422,59.62807299999999,,True,0.0,0.0040824683848768,0.0,0.0,0.0,0.0,0.0,0.0,0.0470025949180126,,0.0,2,False,False,False,False
43086df2-8d17-4bd6-94af-ce0e0f55a03e,ok,17760511.0,v1.14-1.15,0.0,0.0664556962025316,0.0,False,0.0,0.0,0.1534830659627914,4.0,actuator_motors,none,21000620,9565919,13.5,,C,,0.0,4.0,True,10.00030817276206,19.99337565547594,1.999959881992862,151.703928,119.14716099999998,,True,0.0,0.0021091803908348,0.004494209610857,9252263165951.992,0.0007927239552373,0.0003702760179294,0.5330218642950056,0.0019212601939216,0.0,0.0,10.250049018859848,2,True,True,True,True
ed7d5563-6c4b-4926-8379-c91ebad1b236,ok,17826047.0,v1.16+,0.2736486486486486,0.0,0.0,True,0.0235849056603773,9.799691,0.21594690233469,4.0,actuator_motors,none,15592003,9434067,6.1,,C,,0.0,4.0,True,10.00229069544855,20.00219719899865,1.999982574594965,426.855795,423.9931589999997,,True,0.0,0.0007578442018711,0.0,0.0,0.0,0.0,0.0,0.0,0.0157435026019811,0.006589010450989,0.0,1,False,False,False,False
c0b076dc-d9fb-4e24-ad85-68dabce35608,ok,17694975.0,v1.14-1.15,0.0,0.0,0.0,True,0.0,0.0,0.0587102949619293,4.0,actuator_motors,none,6710898,3979291,4.8,,C,,0.0,4.0,True,10.004931246567688,20.004963600046064,1.9999973660968349,203.982678,202.456585,,True,0.0,0.0064170516096055,0.0,0.0,0.0,0.0,0.0,0.0,0.0181441488675773,0.2792363226413726,0.0,0,False,False,False,False
3745b1e8-dd55-44f2-9423-31f14a88038c,ok,17694975.0,v1.14-1.15,0.0387836051123843,0.0,0.0,True,0.0,0.0,0.3651442974805832,4.0,actuator_motors,none,47146128,29102633,10.1,,C,,0.0,4.0,True,10.00084542904898,20.000817169249828,2.000006726181851,1143.475693,1139.129985999999,,True,0.0,0.0345840334892272,0.0095627463422715,0.0,0.0158951783552765,0.0,0.0444745004177093,0.0090483600273728,0.1214942432940005,0.162149679660797,0.0,1,False,False,False,False
18471c8a-2bb0-4180-ad36-9492ce49bb24,ok,17695743.0,v1.14-1.15,0.2356006582556226,0.0030170049369171,0.0,True,0.0,0.0,0.0964879095554351,4.0,actuator_motors,none,193623087,99566378,40.9,,C,,0.0,4.0,True,10.00057334738609,201.67153815398672,2.0000004909042746,1841.704903,1831.096473999996,,True,0.0,0.0004471177817322,0.0004895120946457,0.0,0.0006641283398494,0.0,0.0007489551469916,0.0007883276353823,0.0005396380787715,,0.0,2,False,False,False,False
4dbf2980-c051-423b-9164-5f071998d66f,ok,17891583.0,v1.16+,0.0,0.0,0.0,True,0.0,0.0,0.2325532495975494,4.0,actuator_motors,none,7388414,5306497,9.0,,C,,0.0,4.0,True,10.006356929976612,20.006103649613944,2.000052770121948,153.665166,148.956883,,True,0.0,0.0053134981309995,0.0008579746034229,0.001943786611082,0.0123113244306296,0.0182177857495843,0.0047149424673989,0.0066604782128706,0.0,0.0190808361396193,0.0,0,False,False,False,False
fa0570de-a5e1-4189-a224-cbf07879d500,ok,17760767.0,v1.14-1.15,0.0,0.0030078203328654,0.0,True,0.0,0.0,0.0823583185672759,4.0,actuator_motors,none,102554408,59050475,19.4,,C,,0.0,4.0,True,9.90362279995636,19.8057096063862,1.9807276762489407,2542.827139,2538.479955999996,,True,0.0,0.0052328106947243,6.329593888949601e-05,4.808128578588362e-05,0.0010736542055383,0.0008267505094408,0.0005687281722202,0.0008567030308768,0.0007493205019272,0.0003415923274587,0.0,1,False,False,False,False
8a0f7cbf-318c-4402-bec1-cbd2c9fcd737,ok,17826240.0,v1.16+,0.0,0.0,0.0,True,0.0,0.0,0.3634502924978733,4.0,actuator_motors,none,15021921,9800298,5.3,,C,,0.0,4.0,True,10.003081909181487,20.00313478221952,2.000029207164655,326.774943,322.41678599999995,,True,0.0,0.0015783793875016,0.0005878666997887,0.0003393873324966,0.0120444936677813,0.0089995405171066,0.0119961298070848,0.0240772016346454,0.0124071052763611,0.0046295250998809,0.0,0,False,False,False,False
300720a9-c568-4dd0-bd5c-dcb5590ea5fd,ok,17694720.0,v1.14-1.15,0.0,0.0,0.0,True,0.0,0.0,0.3149629548192024,4.0,actuator_motors,none,28764126,16983106,7.2,,C,,0.0,4.0,True,10.001654165891347,20.00141617480069,2.0000113265463586,632.86789,629.1816289999995,,True,0.0,28.18893384933472,0.0,0.0,0.0,0.0,0.0,0.0,0.0,,0.0,0,False,False,False,False
8ab93da8-5567-4605-885d-d092a424289e,ok,17761280.0,v1.14-1.15,0.0,0.0,0.0,True,0.0,0.0,0.1677338689565658,4.0,actuator_motors,none,27725939,14788818,11.1,,C,,0.0,4.0,True,10.001476602887315,20.00143052125577,1.9999860244137688,659.190599,58.245243,,True,0.0,0.0015584683744236,0.0027183541096746,0.0035100513603538,0.0002974950184579,0.0005129461176693,0.0043026991188526,0.0002153768436983,0.0400924041867256,0.1463959723711014,0.0,0,False,False,False,False
1c126e44-21ec-4a49-961d-c07316327077,ok,17891392.0,v1.16+,0.0,0.0,0.0,True,0.0,0.0,0.3220930427312847,4.0,actuator_motors,none,3495110,2461551,3.0,,C,,0.0,4.0,True,10.010515685523467,20.01081202740573,1.9998181305293936,96.540587,91.172024,,True,0.0,0.000766120996559,0.0,0.0,0.0,0.0,0.0,0.0,2.6321576476097093,1.2342199862003318,0.0,0,False,False,False,False
01f86696-9726-49d5-9a35-efe0c38cc3d4,ok,17761280.0,v1.14-1.15,0.0645412130637636,0.0,0.0,True,0.0,0.0,0.481274402141571,4.0,actuator_motors,none,22751624,13561484,8.9,,C,,0.0,4.0,True,10.001556824391454,20.001458785253543,1.9999860932300857,634.103722,624.7861690000003,,True,0.0,0.0272169349715113,0.0001203574989631,0.0001944880008522,0.001218963129213,0.0017719757044687,4.254271443642203e-05,0.0014451614872086,0.0,0.0,0.0011983795557171,1,False,False,False,False
f868d5dd-9187-4816-bc8a-fd47ff321284,ok,17826303.0,v1.16+,0.0,0.0,0.0,True,0.0,0.0,0.0537761747837066,4.0,actuator_motors,none,27541824,15864965,9.1,,C,,0.0,4.0,True,9.984716425202713,19.96948645282417,1.9958415455543947,721.485539,711.3205260000004,,True,0.0,0.0005675648688338,0.000468510693463,0.0009566331398673,0.0014225046732462,0.0029200197197496,0.002708337130025,0.0036259023589082,0.0,0.5995781421661376,0.0,0,False,False,False,False
6ed587d9-7432-416d-b244-f38bd29c9dbf,ok,16842880.0,v1.12-1.13,0.0,0.0,0.0,True,0.0,0.0,0.2027703151106834,4.0,actuator_motors,none,14189204,8555484,6.9,,C,,0.0,4.0,True,10.007229947499376,160.31191114482135,2.000076877028999,135.44855,130.39630700000004,,True,0.0,0.0101943821646273,0.0,0.0,0.0,0.0,0.0,0.0,2.662878250703216e-05,,0.0019418022711761,0,False,False,False,False
5dbdf728-10ab-44a0-9729-e87155d8f36c,ok,17694720.0,v1.14-1.15,0.0,0.0,0.0,True,0.018588531821046,0.6667769999999997,0.3423534281551837,4.0,actuator_motors,none,18455815,6524148,9.2,,C,,0.0,4.0,True,10.013320070139224,258.4053486819881,97.63706263022978,72.158296,68.27928899999999,,True,0.0,0.0,0.0,0.0,0.0,0.0,0.0,0.0,0.0006814457010477,0.0,0.1024456247687339,0,False,False,False,False
6dafa597-d105-4074-8b78-7e1735971a26,ok,17694720.0,v1.14-1.15,0.0,0.0,0.0,True,0.0,0.0,0.4580259203910827,4.0,actuator_motors,none,5372466,3620717,5.1,,C,,0.0,4.0,True,10.007954086621709,20.00763106789923,2.000095337877772,120.284561,112.436616,,True,0.0,0.0031831422820687,0.0187950506806373,0.0,0.007526381406933,0.0,0.4813155233860016,0.0054314020089805,0.013078668154776,0.1085229974240062,0.0002563918533269,0,False,False,False,False
ccf9ceac-0bb0-44b2-a12e-470d9c906270,ok,17695743.0,v1.14-1.15,0.9828815977175464,0.0,0.0,True,0.0006967010684482,0.0297350000000164,0.3555410206317901,4.0,actuator_motors,none,153733874,52045575,29.0,,C,,0.0,4.0,True,9.456874741071218,203.78398094352613,1.9128795992900904,368.041899,362.5199529999997,,True,0.0,10.469719171524051,0.0020626172656193,0.0,0.1075794294476511,0.0,0.003924565995112,0.0826256673783063,0.062001222372055,,0.0,1,False,False,False,False
598147a6-65bf-4b5e-a2f9-93a2067f6cb6,ok,17695744.0,v1.14-1.15,0.9777777777777776,0.0148148148148148,0.0,True,0.0,0.0,0.2768971562385559,4.0,actuator_motors,none,2856944,2122400,3.0,,C,,0.0,4.0,True,10.014907032868017,20.01492473502881,2.000019338532852,67.310808,58.74087299999997,,True,0.0,0.0004674580617574,0.0,0.0,0.0,0.0,0.0,0.0,0.0022852349211461,,0.002220635372214,2,False,False,False,False
d2e24967-515e-465d-9de0-8ac0075a5409,ok,17825984.0,v1.16+,0.0,0.2432432432432432,0.0,True,0.0974729241877256,1.2008650000000003,0.5611715316772461,4.0,actuator_motors,none,3977810,3012205,6.7,,C,,0.0,4.0,True,10.010949277141927,20.011698675685,1.9999763431369697,87.766891,83.15640599999998,,True,0.0,0.0020359442569315,0.0008074967336142,0.0020292651897761,0.0223927265033125,0.0463793370872736,0.0054627968929708,0.0802403483539819,0.0390384383499622,0.0064721954986453,0.0,2,False,False,False,False
9a1edcca-2219-41c4-8a6a-faef239b717e,ok,17761535.0,v1.14-1.15,0.0,0.0539419087136929,0.0,True,0.0,0.0,0.4575934559106827,4.0,actuator_motors,none,5072348,3668816,3.9,,C,,0.0,4.0,True,10.00855219702512,20.008523272858007,1.9999941802744448,117.051317,109.61997000000004,,True,0.0,0.1283208705484867,0.0468343431130051,0.1612625785171985,0.0174889602698385,0.0583839001134037,0.3964091196656226,0.1766066148877143,0.0440199172124266,0.0344061393290758,0.0,1,False,False,False,False
2660ee50-4bcd-4ea1-8a18-c08e1574f1a9,ok,17826047.0,v1.16+,0.0,0.0,0.0023724792408066,False,0.0058005289746567,0.5316290000000095,0.3432373881340026,4.0,actuator_motors,none,64487424,37797066,23.1,,C,,0.0,4.0,True,9.896075649387498,197.0294309075969,1.9764693170942431,510.48733,504.75378699999953,,True,0.0,0.0053714049980044,0.0165666848421096,0.0132104462012648,0.0080031150951981,0.0119389919564127,0.0009286303538829,0.0025935913901775,0.0549145095050334,0.0027932283934205,0.0025713828857988,2,False,False,False,False
533abfc2-0454-43e7-9afc-5ec6e261447d,ok,17826047.0,v1.16+,0.0,0.0,0.0,True,0.03515625,2.698704999999997,0.1152401261031627,4.0,actuator_motors,none,3303487,2301578,3.1,,C,,0.0,4.0,True,10.008728042701907,20.01216135365356,2.0001530308166,78.546386,76.76695199999999,,True,0.0,0.134854993224144,0.0,0.0,0.0,0.0,0.0,0.0,0.8133336484432232,1.08871304392815,0.0,0,False,False,False,False
fc055500-391c-4a8a-8c7e-c38fda95b60f,ok,17826240.0,v1.16+,0.0,0.0,0.0,True,0.0,0.0,0.3031659364700317,4.0,actuator_motors,none,15074318,9189337,6.7,,C,,0.0,4.0,True,9.801592180899046,197.7475251150031,1.966769250971864,120.991493,116.97890600000004,,True,0.0,0.0015750068298075,0.0015188175428193,0.0004041838503326,0.007963200774975,0.002171180024743,0.0005809467664221,0.0006690072827041,0.0002372645067225,0.0570351645350454,0.0017070146219339,0,False,False,False,False
bd8cf97e-1998-4cb7-9bb4-bca4e5253bf6,ok,17891392.0,v1.16+,0.0,0.8333333333333334,0.0,True,0.0,0.0,0.0750855594873428,4.0,actuator_motors,none,4451197,3211012,3.5,,C,,0.0,4.0,True,10.00956838789796,20.009693801271315,2.0001235174317284,102.669703,96.74953399999998,,True,0.0,1.0739362955093383,0.0279758926481008,0.0029911677353084,0.2332889944314956,0.0907330438494682,0.0859448298811912,0.1111157596111297,0.0,205.3879516601561,0.0,1,False,True,False,True
8d04a31b-47e2-4f82-87e6-ac75dfc06957,ok,17695744.0,v1.14-1.15,0.0,0.0,0.0,True,0.0,0.0,0.2090483292937278,4.0,actuator_motors,none,38839063,11831600,6.6,,C,,0.0,4.0,True,9.80491759000946,19.61866012109781,1.9211209415581216,102.048591,94.12859900000004,,True,0.0,0.0072577421087771,0.0,0.0,0.0,0.0,0.0,0.0,4.737936830520619,,0.0002745159290498,0,False,False,False,False
d929b5bd-fafb-4bc4-8ec8-8c162740463a,ok,17695743.0,v1.14-1.15,0.0,0.0,0.0,True,0.0,0.0,0.5605098456144333,4.0,actuator_motors,none,9437573,6156687,4.9,,C,,0.0,4.0,True,10.004479618412203,20.00465703008997,1.9999690388540208,221.780815,213.711029,,True,0.0,0.0097938130144029,0.0003870067448588,0.0,0.0136403341777622,0.0,0.0111112736165523,0.0116496124304831,0.0137233967427164,0.0173260716721415,0.0,0,False,False,False,False
b4e8bd03-f7ad-4378-961d-56e2c77bc3e4,ok,17826047.0,v1.16+,0.0,0.0,0.0,True,0.0009039548022598,0.102737999999988,0.3649011969566345,4.0,actuator_motors,none,19336598,11569933,13.4,,C,,0.0,4.0,True,10.002038015444157,19.99957711871673,2.000018582112445,449.156535,442.564671,,True,0.0,0.0059757309500128,0.0,0.0,0.0,0.0,0.0,0.0,0.3828414157032965,0.0550085356459021,0.0,0,False,False,False,False
556d9391-5cb5-42e7-9585-6e9cc289eb0d,ok,17761535.0,v1.14-1.15,0.0,0.0,0.0,True,0.0,0.0,0.1934193670749664,4.0,actuator_motors,none,60187166,21699619,21.9,,C,,0.0,4.0,True,10.009197411907,189.32750958820367,1.999845604512496,108.416709,103.17201799999997,,True,0.0,0.0069505109451711,0.0025138493161648,0.0007294871960766,0.0061082335188984,0.0053121638484299,0.0007524265209212,0.002005399717018,0.0047417345456778,0.0033678801730275,0.0,0,False,False,False,False
19db58cc-e305-46d5-b38c-c370c16c6228,ok,17826048.0,v1.16+,0.0,0.0,0.0,True,0.0,0.0,0.1798591673374175,4.0,actuator_motors,none,5716340,3521338,7.5,,C,,0.0,4.0,True,10.011056412992511,20.01061355587005,2.000226499636577,86.581186,80.88564000000001,,True,0.0,0.0041871556779369,0.0009140481153735,0.001664300536504,0.0020362312672659,0.0033761356491595,0.0007206479727756,0.004591868747957,0.0020700063440017,0.1867526233196257,0.0,0,False,False,False,False
6efe27db-fa01-47c7-8d9c-967f7d28f727,ok,16777984.0,v1.12-1.13,0.0,0.0,0.0,True,0.0,0.0,0.1447459757328033,4.0,actuator_motors,none,86567323,47146514,26.4,,C,,0.0,4.0,True,10.000497248170795,20.00049545079244,1.999999746486668,1814.750457,1806.5300970000023,,True,0.0,0.0002026366040809,0.0001529145309177,7.212127784441686e-05,0.0007878046133555,0.0004358821446658,0.0007111224957043,0.0010014079976826,0.0220653268508612,0.003079248778522,0.0005054240638855,0,False,False,False,False
7d373bf8-c662-46b4-8422-4b0d2a4c2c72,ok,16777984.0,v1.12-1.13,0.0,0.0,0.0,True,0.0,0.0,0.1637089297175406,4.0,actuator_motors,none,4817506,3306405,4.5,,C,,0.0,4.0,True,10.01012257197721,20.00910991103209,1.999995147219897,98.852661,94.00019100000004,,True,0.0,0.0033955476246774,0.0001305500518355,7.121853523130987e-05,0.0041115381522103,0.0009643724217312,0.0195373062975704,0.0359753511846061,0.1311167672276494,0.0542191732674837,0.0368436399847268,0,False,False,False,False
0a72d5f6-729b-4028-ad5d-b722ce94a689,ok,17695743.0,v1.14-1.15,0.445823927765237,0.0,0.0,True,0.0020604395604395,0.398918999999978,0.4461532160639762,4.0,actuator_motors,none,18468560,11888258,5.5,,C,,0.0,4.0,True,9.921641338068058,19.834123697797548,1.9842804227472628,445.949364,440.5466239999998,,True,0.0,0.0049506338313221,0.00055953374831,0.0,0.009662689641118,0.0,0.0036478865426033,0.0088527269661426,0.0160856641829013,0.0440290980041027,0.0,1,False,False,False,False
e5b15dd2-ceec-4e8c-a852-72580d8e1884,ok,17825984.0,v1.16+,0.0120240480961923,0.0781563126252505,0.0,True,0.4369449378330373,2.799999999999997,0.7467036172747612,4.0,actuator_motors,none,70520029,28116361,14.3,,C,,0.0,4.0,True,124.95738152062734,249.890281367338,99.99512931664312,246.228,112.66000000000004,,True,0.0,0.0002887197188101,0.0005696478183381,0.0003418685577344,0.0551492109894752,0.0340888947248458,0.0002150897751562,0.0034062000922858,0.9239249229431152,3.336154699325561,0.0,3,False,False,False,False
3862af7d-b0fe-4918-8546-3f0888e11563,ok,17826240.0,v1.16+,0.0,0.0,0.0,True,0.0101449275362318,0.3013629999999949,0.42266166806221,4.0,actuator_motors,none,3599815,2679662,2.5,,C,,0.0,4.0,True,10.011282828233742,20.01010650978144,2.000050893950432,89.327012,69.00538399999999,,True,0.0,0.0002248326971312,0.0,0.0,0.0,0.0,0.0,0.0,0.9097848653793336,0.6126725792884827,0.044992241077125,0,False,False,False,False
60b3da9c-40e2-4d92-8577-d5446e4d792c,ok,17694975.0,v1.14-1.15,0.0,0.0,0.0,True,0.0,0.0,0.3440434861928224,4.0,actuator_motors,none,18680954,11892996,6.6,,C,,0.0,4.0,True,9.940112525540576,200.2132480830191,1.9880129426249256,166.950962,164.66201799999996,,True,0.0,0.0009435655723791,0.0002960156707558,0.0,0.0044620412169024,0.0,0.0006179690710268,0.0017254253907594,0.0429786860942838,0.4910864889621734,0.0,0,False,False,False,False
5dc9ed05-00f1-48d6-bb18-6819fd07e30c,ok,17694720.0,v1.14-1.15,0.0,0.0,0.0,True,0.0,0.0,0.2139263749122619,4.0,actuator_motors,none,11227646,6971335,3.9,,C,,0.0,4.0,True,10.002859954604938,20.00274280800772,2.000012047762589,335.555838,330.20515800000027,,True,0.0,0.0072558330139145,0.0023624376044608,0.0,0.021367098763585,0.0,0.0111405429895966,0.0234761459752917,0.0221706352196633,0.0476035803556442,0.0,0,False,False,False,False
38dbe81c-fac2-4a1e-891b-7ac4babfd737,ok,17760256.0,v1.14-1.15,0.0,0.0,0.0,True,0.0,0.0,0.119604867696762,4.0,actuator_motors,none,7508872,4985939,3.9,,C,,0.0,4.0,True,10.0054349569605,20.00560942977744,1.9999602949059097,170.513594,164.345963,,True,0.0,0.0005696983425877,5.083225914859213e-05,2.3868105927249417e-05,0.0005322105134837,0.000387467443943,0.0163026079535484,0.0247512552887201,0.0063906139694154,0.0043621272780001,0.0,0,False,False,False,False
fa65d37e-9a7e-4ab4-b104-fa39c5a3c3a3,ok,17760256.0,v1.14-1.15,0.0,0.0,0.0,False,0.0,0.0,0.3214171832427381,4.0,actuator_motors,none,10363521,5981074,7.0,,C,,0.0,4.0,True,9.712450083343995,193.93083934669312,1.955221953723695,90.627477,85.92844600000002,,True,0.0,0.0109608222264796,0.0040935492143034,0.0066372560104355,0.0021155317081138,0.0029933783225715,0.008780111791566,0.0066581912105903,0.009120081551373,0.0017563226865604,0.0,1,False,False,False,False
b33be9d5-fba1-407e-8a38-bfb2136fc175,ok,17826240.0,v1.16+,0.0,0.0,0.0,True,0.0263998809667202,1.5325149999999894,0.4867902100086212,4.0,actuator_motors,none,57737169,35448489,16.2,,C,,0.0,4.0,True,9.9482192703401,198.45971878234803,1.9880495597455303,503.111283,497.4015059999999,,True,0.0,0.0014001853996887,0.0002495005028322,0.0006316727376542,0.0031195681076496,0.0052510616369545,0.0007237918325699,0.0006072258111089,0.0857069417834281,0.0,0.0,0,False,False,False,False
ecf95f1d-f0c2-4eaa-b2f2-fe4a6af92ec5,ok,17891392.0,v1.16+,0.0,0.0,0.0,True,0.0,0.0,0.0965936377644538,4.0,actuator_motors,none,3588314,2579833,2.4,,C,,0.0,4.0,True,9.930718091104858,19.95979733201045,2.000011490262091,102.227663,100.29130500000008,,True,0.0,0.0521658279001712,0.0,0.0,0.0,0.0,0.0,0.0,0.0004401507379952,0.0,0.001395051786676,0,False,False,False,False
902128db-bf27-4e9b-8f38-15188b3ffe5a,ok,17891583.0,v1.16+,0.0,0.0,0.0,True,0.0,0.0,0.1457399308681488,4.0,actuator_motors,none,5403647,4064262,2.8,,C,,0.0,4.0,True,10.009025404634654,20.008943448668223,1.9999908054721345,110.700425,106.76012299999998,,True,0.0,0.0067723109619691,0.0008168119617039,0.0004450633467058,0.0043443586910143,0.0056444484740495,0.0022921456606127,0.0055317058227956,0.0070462124655023,0.0066762933973222,0.0,0,False,False,False,False
25c2b07f-afa3-4693-926b-0b74b94d2ac3,ok,17695743.0,v1.14-1.15,0.0,0.0,0.0,True,0.0,0.0,0.2640068456530571,4.0,actuator_motors,none,37944859,23454783,8.7,,C,,0.0,4.0,True,10.000110529039056,200.5330306347333,1.9999568180752163,350.195845,327.7586780000003,,True,0.0,0.0011808275012299,0.0001483587402617,0.0,0.0010551969753578,0.0,0.0003375181986484,0.0010132940951734,0.0005789709975942,,0.0,0,False,False,False,False
8e0c18ab-1469-407a-8aa9-8bb3a56c9074,ok,17694720.0,v1.14-1.15,0.0,0.0,0.0,True,0.0,0.0,0.2195329442620274,4.0,actuator_motors,none,26582734,14580853,4.8,,C,,0.0,4.0,True,10.001806282614131,20.00174360778769,1.9999976970863769,532.045583,527.3998269999996,,True,0.0,0.0053346980828791,0.0,0.0,0.0,0.0,0.0,0.0,0.0,0.0,3.555197235982632e-05,0,False,False,False,False
46c0935d-6879-42d3-bf6c-8ed082b45d3a,ok,17825984.0,v1.16+,0.0,0.0,0.0,True,0.000172245507263,0.0074620000000038,0.403980702161789,4.0,actuator_motors,none,8713607,5602281,4.5,,C,,0.0,4.0,True,9.999312813183264,196.19787917270585,2.00011828887491,75.055244,64.71907699999998,,True,0.0,0.0048064910341054,0.0001886370497231,0.0004406689273309,0.0250062295235693,0.0139497817959636,0.0054815469775348,0.0036211493308655,0.5918081283569324,0.5084751367568952,0.0,0,False,False,False,False
9ebadde2-7e22-4e65-8518-3a5479fd108d,ok,17760767.0,v1.14-1.15,0.1014492753623188,0.0,0.0,True,0.0,0.0,0.542891339957714,4.0,actuator_motors,none,6741393,4494038,12.8,,C,,0.0,4.0,True,10.005608670423928,20.00602054907603,2.000034234504119,171.563521,164.6751670000001,,True,0.0,0.0017609048751182,0.0014320738962851,0.0004038270853925,0.0407779339700937,0.0227128993719816,0.0018561069853603,0.0048075940459966,0.0081179090775549,0.0027662438107654,0.0,1,False,False,False,False
f3884bf0-df61-4b0d-aa38-57aa13e19d28,ok,17695743.0,v1.14-1.15,0.0,0.0,0.0,True,0.0024549918166939,0.2001599999999967,0.2872554302215577,4.0,actuator_motors,none,3912161,2430717,4.1,,C,,0.0,4.0,True,9.999485968916169,19.999738446534327,2.0000406273312974,124.856216,122.18437400000008,,True,0.0,181.24687118530272,0.0,0.0,0.0,0.0,0.0,0.0,0.0349203059449791,,0.0,0,False,True,False,True
7690b5f6-ef1e-4f3a-9f28-0119b0175a9c,ok,17826047.0,v1.16+,0.0,0.0,0.0,True,0.0,0.0,0.182271386682987,4.0,actuator_motors,none,17880887,11811324,4.7,,C,,0.0,4.0,True,10.000141661958434,19.994642059081976,2.0000089409001847,372.07284,365.03194900000034,,True,0.0,0.0041748519986867,0.001011781906709,0.0033442587126046,0.0065903249196708,0.0068550072610378,0.0055318134836852,0.0087243914604187,0.109174072742462,0.3053269922733305,0.0,0,False,False,False,False
2c16cd61-1ca4-4e70-9f71-b3e58ae49de6,ok,17761280.0,v1.14-1.15,0.0,0.0,0.0,True,0.0,0.0,0.0886138454079628,4.0,actuator_motors,none,14526746,8640028,4.8,,C,,0.0,4.0,True,9.941003187545592,198.52182094285976,1.9833210399507888,120.154081,117.12345099999996,,True,0.0,0.0010642982844728,0.0,0.0,2.30854114294052,0.0093394734896719,0.0,0.0174605541862547,0.8257744580507266,0.8257744580507266,0.0001594645036675,0,False,False,False,False
0c02d58b-9848-4440-b237-5ec11b746b4c,ok,17761535.0,v1.14-1.15,0.0,0.0,0.0,True,0.0370821772165028,2.8775420000000054,0.257355535030365,4.0,actuator_motors,none,14600351,9142133,5.7,,C,,0.0,4.0,True,10.006525834440458,199.9854291363778,2.0001445340806594,137.670801,135.61005500000005,,True,0.0,0.004357099533081,0.0,0.0,0.0,0.0,0.0,0.0,0.0008248210797319,47.08233070373535,0.0,0,False,False,False,True
df147d88-3d81-4a5e-be0e-098efae4ab22,ok,17825792.0,v1.16+,0.0,0.0,0.0,True,0.0444960053034026,0.5285180000000196,0.4451440274715423,4.0,actuator_motors,none,35773856,22718402,20.4,,C,,0.0,4.0,True,10.00307564176362,198.19272033191243,1.999966404410495,312.098025,306.21707800000024,,True,0.0,0.0224343478679656,0.0023087653331458,0.0021068414207547,0.0076134937815368,0.0080439010635018,11.566487121582032,0.0031286487821489,0.0494057260453699,0.0192501753568649,0.0,0,False,False,False,False
0ab502ef-98ab-4b94-9761-69ab91db08c5,ok,17695743.0,v1.14-1.15,0.0,0.0,0.0,True,0.0107481947044664,0.5818439999999985,0.3556916294307462,4.0,actuator_motors,none,92648075,35863484,26.1,,C,,0.0,4.0,True,9.654110806236964,214.83181798802897,1.936055438302124,187.720719,185.69494700000007,,True,0.0,0.3682923167943953,0.0,0.0,0.0,0.0,0.0,0.0,0.258163435012102,0.2866338089108465,0.0,0,False,False,False,False
5efd451d-3acd-44ad-824f-d2b6f6a330e0,ok,17825856.0,v1.16+,0.0,0.0,0.0,True,0.0003605088324663,0.1025129999998171,0.4645538511569612,4.0,actuator_motors,none,91371819,57952207,27.3,,C,,0.0,4.0,True,9.87511127927218,19.74932242238522,1.9751273286568465,1970.435519,1966.4102290000028,,True,0.0,0.0087081621866673,0.0375512579455971,0.0411492077633738,0.0958634711802005,0.1090432707220314,0.0235632006078958,0.0902105689048765,0.1118877328932284,0.0484378483146428,0.0019577534403651,0,False,False,False,False
5ee59a26-9247-4dba-837b-33035c724eb1,ok,17760256.0,v1.14-1.15,0.0,0.0,0.0,True,0.0,0.0,0.5103672988712785,4.0,actuator_motors,none,2505582,1818010,5.1,,C,,0.0,4.0,True,10.0163766187752,20.015171342896178,2.0003345956503007,63.854966,56.93974599999999,,True,0.0,0.0017267572693526,0.0,0.0,0.0,0.0,0.0,0.0,0.0,0.0,0.0012137710582464,0,False,False,False,False
45a21fdf-0b74-4e72-8926-a46643f048c1,ok,17695743.0,v1.14-1.15,0.0,0.0,0.0,True,0.0,0.0,0.2475604683160781,4.0,actuator_motors,none,21471222,12008119,14.2,,C,,0.0,4.0,True,10.00598814378429,200.0000011969597,2.0000006726728987,167.032834,161.68009300000003,,True,0.0,0.0068511966848745,0.0027016372419893,0.0,0.0181727568618953,0.0,0.0009227861883118,0.0158556466922163,0.0154598896391689,0.0172049879096447,0.0002560314300353,0,False,False,False,False
376cfb8d-d741-4115-801e-2d60ee5e53c9,ok,17761535.0,v1.14-1.15,0.0,0.0,0.0,True,0.7792592592592592,2.303763000000004,1.0,4.0,actuator_motors,none,2338954,1630168,2.7,,C,,0.0,4.0,True,10.014127416108026,19.999701560323253,1.9999644292040808,70.689587,67.43984599999999,,True,0.0,0.016815373674035,0.0,0.0,0.0,0.0,0.0,0.0,1.02725476026535,0.4377585694193827,0.0,1,False,False,False,False
814f3010-bc7d-4d8b-b2b7-0363293c9076,ok,17695743.0,v1.14-1.15,0.0,0.0,0.0,True,0.0,0.0,0.7085994598658497,4.0,actuator_motors,none,2835747,2267190,3.3,,C,,0.0,4.0,True,10.013818778815384,20.014536429809027,1.9998489525849927,68.775352,58.715107,,True,0.0,0.0018766635563224,0.000266040576389,0.0,0.0039383665658533,0.0,0.00029475716874,0.0010982475942,0.061824008822441,,0.0,0,False,False,False,False
233a4f54-86a4-475a-bc54-61336dc6bf9f,ok,17826047.0,v1.16+,0.0,0.0,0.0,False,0.0024196335983408,0.6009730000000104,0.3028388440608978,4.0,actuator_motors,none,13713548,8998817,10.7,,C,,0.0,4.0,True,10.00353635469784,20.003295245397105,2.0000595894042617,291.285715,289.2281290000001,,True,0.0,0.0050103458575904,0.0027879148954525,0.009674469474703,0.0457420896738767,0.0970903761684893,0.001032575930003,0.0020748546696267,0.0,7.279860591888427,0.0,1,False,False,False,False
eb75b101-5e33-4978-a88f-7a13966ad295,ok,17694975.0,v1.14-1.15,0.0,0.0,0.0,True,0.0,0.0,0.2145035795867443,4.0,actuator_motors,none,19978811,12952048,11.1,,C,,0.0,4.0,True,10.005624958513096,202.3042516155912,1.9999591107260928,182.35152,175.448683,,True,0.0,0.0118725091218948,0.0005544178886339,0.0,0.0123621089383959,0.0,0.0095602786168456,0.0035207096487283,0.0046573248691856,0.0069083879003301,0.0,0,False,False,False,False
2a3dbcfd-dcfc-4af2-a58e-aba9d377ab82,ok,17760768.0,v1.14-1.15,0.0,0.0,0.0,True,0.0,0.0,0.239999970421195,4.0,actuator_motors,none,2470153,1870513,3.0,,C,,0.0,4.0,True,10.013245091467915,20.012173237616302,1.999997179860092,69.807719,62.87987100000002,,True,0.0,0.0027447224594652,0.0,0.0,0.0,0.0,0.0,0.0,0.0014757154451217,,0.0,0,False,False,False,False
36c55341-13f7-40d9-8736-5a53eea5c970,ok,17825792.0,v1.16+,0.0,0.0,0.0,True,0.1953206239168111,11.837762999999995,1.0,4.0,actuator_motors,none,10779076,4905094,4.1,,C,,0.0,4.0,True,10.014520601041273,161.74897484161798,1.999991694690978,65.812402,60.58915399999999,,True,0.0,0.0064328745938837,0.0140248222276568,0.0026624586782418,0.0332278748974202,0.0224029562436043,0.042276677675545,0.0206668925005941,1.5633288502693177,0.3318353936076155,0.0,1,False,False,False,False
4b2ba481-b960-4158-9098-e2a9075c06f3,ok,17761535.0,v1.14-1.15,0.0052219321148825,0.0,0.0,True,0.0,0.0,0.2768281534314155,4.0,actuator_motors,none,43373444,26690656,13.1,,C,,0.0,4.0,True,10.002475988353211,222.0176215561046,2.0000481671781687,385.681699,379.7404540000001,,True,0.0,0.0020092308404855,0.0001365554722724,0.0002244439536298,0.0034445323748514,0.002138704364188,0.0006947415415197,0.001006474281894,0.0074208509176969,0.0020814450690522,0.0,1,False,False,False,False
9a900826-c2ee-4259-8c2e-a065a002d750,ok,17826047.0,v1.16+,0.0,0.0,0.0,True,0.0162995104583889,0.9693709999999988,0.4243639633059501,4.0,actuator_motors,none,8196664,5470874,10.8,,C,,0.0,4.0,True,9.999425514486738,171.16026753871373,1.99989696053272,67.243905,62.915945,,True,0.0,0.0069514798931777,0.0011945313424803,0.0041880463715642,0.0065127952490001,0.0147434487007558,0.0026614360045641,0.0121417334303259,0.2718242913484572,0.0993146374821662,0.0007889795640949,0,False,False,False,False
dfe1ecb2-9339-404c-be00-3afe7c3dbdea,ok,17826240.0,v1.16+,0.0,0.1652173913043478,0.0,True,0.0,0.0,0.27129947245121,4.0,actuator_motors,none,4967266,2944275,3.6,,C,,0.0,4.0,True,10.00862672133188,20.008394231816755,2.000036843728045,111.521224,110.07829400000004,,True,0.0,0.0059812617255374,0.0012415132077876,0.0010551619459874,0.0291178880259394,0.0220410333946347,0.0110407788306474,0.0233129194937646,0.0398003250360488,0.0198286604136228,0.0,1,False,False,False,False
cc7d88d5-2c6c-433b-9ef7-51491b783762,ok,17761535.0,v1.14-1.15,0.0,0.0,0.0,False,0.0,0.0,0.2312222242355344,4.0,actuator_motors,none,14613037,9333903,7.6,,C,,0.0,4.0,True,9.539134004642571,190.61619761395207,1.904416623768885,133.295894,125.47006,,True,0.0,0.0058560640085488,0.0599499996751546,0.0687150828540324,0.04333588629961,0.0765474766492843,0.018004985153675,0.0083610114175826,0.0321532409638166,0.0054598045768216,1.2486124277114865,1,False,False,False,False
425ca0ab-2740-4922-b98b-5fd831fad1c0,ok,17694976.0,v1.14-1.15,0.6208333333333333,0.0,0.0,True,0.0,0.0,0.3949206858873366,4.0,actuator_motors,none,5378899,3475687,3.8,,C,,0.0,4.0,True,10.009424562035411,20.00919575647133,1.999989855123924,103.435995,101.01272899999998,,True,0.0,0.0025154976639896,0.0,0.0,0.0,0.0,0.0,0.0,0.0002049778013315,,0.0,1,False,False,False,False
d43be4b4-3c0f-435f-806f-6e1568fcb85c,ok,17760320.0,v1.14-1.15,0.0,0.0,0.0,True,0.0,0.0,0.1639873623847962,4.0,actuator_motors,none,38749379,22360685,8.7,,C,,0.0,4.0,True,9.939690279024743,200.74677256805924,1.988693864059046,265.269999,256.68935400000004,,True,0.0,0.0024599388591013,0.0,0.0,0.0,0.0,0.0,0.0,0.0415153244510291,0.0,2.9523220655391902e-05,0,False,False,False,False
afd1472c-f54f-403d-8dd8-402d8ec951ce,ok,17825984.0,v1.16+,0.0,0.0,0.0286407766990291,False,0.7947084762371387,263.297909,1.0,4.0,actuator_motors,none,19388963,10376656,21.5,,C,,0.0,4.0,True,10.002381378231556,20.002318937614422,2.000019143735551,411.445867,407.1978030000004,,True,0.0,0.0555931497365234,0.0126087827607989,0.0057139201089739,0.1921662464737891,0.120167629420757,0.0517241269350051,0.0698225744068622,0.0180205225013195,2.9621617555618283,0.0,3,False,False,False,False
31d3a42d-4d7c-4e56-b5da-1a3aa0447e28,ok,17695743.0,v1.14-1.15,0.672645739910314,0.9641255605381166,0.0,True,0.0047974583002382,0.3351940000000013,0.4525661796331405,4.0,actuator_motors,none,12269200,6895283,4.0,,C,,0.0,4.0,True,10.009039643956823,221.23169207922348,2.000122872413216,111.110645,110.16359699999995,,True,0.0,0.0034528291551396,0.0031548323342576,0.0,0.0360633235424757,0.0,0.0013299710699357,0.0169234795495867,0.0138323321938514,,0.0,2,False,False,False,False
0229a46f-bf1f-4e68-9246-2dad6d50f160,ok,17761280.0,v1.14-1.15,0.0,0.1532846715328467,0.0,True,0.0,0.0,0.0448227047920227,4.0,actuator_motors,none,7505000,4837924,3.6,,C,,0.0,4.0,True,10.013503645689644,200.0001743313813,2.000003848492254,66.138645,59.28001000000002,,True,0.0,0.0011090093059465,0.0,0.0,0.0,0.0,0.0,0.0,0.0004055676166899,0.0,0.0001261806901311,1,False,False,False,False
