log_id,status,ver_sw,band,failsafe_frac,nav_state_forbidden_frac,filter_fault_flags_frac,landed_at_end,sat_frac,sat_max_run_s,motor_spread_p95,n_motors,actuator_source,pwm_source,ulg_bytes,parquet_bytes,elapsed_s,excluded_reason,group
b4a4ab4b-8646-43ce-9f68-813fcdd63044,ok,17629951.0,v1.12-1.13,0.0,0.0,0.0,True,0.0,0.0,0.0,6.0,actuator_outputs,bus,7952289,5240512,8.3,,A
9deccafa-b87a-4991-8bae-3d16eea1ec8b,ok,17629952.0,v1.12-1.13,0.0,0.0,0.0,True,0.0,0.0,0.09000000000000008,6.0,actuator_outputs,per_channel,10723936,5774824,8.9,,C
8012e4d3-f162-4950-99c6-957b66e48cdc,ok,17695743.0,v1.14-1.15,0.0,0.0,0.0,True,0.009194970913867517,2.4985020000000304,0.4120235502719879,4.0,actuator_motors,none,25622969,14962115,9.8,,B
522a1d3e-507c-486b-91a5-23de820f50cf,ok,17695743.0,v1.14-1.15,0.0,0.0,0.0,True,0.0,0.0,0.1931729018688202,4.0,actuator_motors,none,5117242,3467218,2.9,,B
9ce25379-e5d9-4a56-bb70-d9e294a376ec,ok,17826240.0,v1.16+,0.0,0.0,0.0,True,0.0,0.0,0.35085051953792573,4.0,actuator_motors,none,4678696,3475783,3.9,,C
77927978-1b51-4cc0-9f21-ccc4592e566d,ok,17761535.0,v1.14-1.15,0.0,0.06428571428571428,0.0,True,0.0017331022530329288,0.09749500000000211,0.7637768864631651,4.0,actuator_motors,none,3215626,2603889,2.8,,A
fdcd4e4e-430f-4209-8661-3ef6fc45d46e,ok,17826240.0,v1.16+,0.0,0.0,0.0,True,0.0,0.0,0.12077853977680204,4.0,actuator_motors,none,21281739,12848296,7.3,,B
1663eccb-3a85-4a37-bebe-9b11b78a6422,ok,17695744.0,v1.14-1.15,0.0,0.0,0.0,True,0.0033222591362126247,0.10125699999998972,0.43634796664118763,4.0,actuator_motors,none,3322398,2301765,25.8,,C
8b594286-4a1a-4c9f-a3c5-c1a444905f18,ok,17695488.0,v1.14-1.15,0.2508759635599159,0.0,0.0,False,0.0013962375073486185,1.1026869999999462,0.40917775183916083,4.0,actuator_motors,none,96497786,36657317,47.1,,B
8c38b6af-9b62-4705-8e91-478f563b9eae,ok,18350080.0,v1.16+,0.02247191011235955,0.08707865168539326,0.2901307966706302,True,0.07891491985203453,4.100959999999999,0.5744628247864798,4.0,actuator_motors,none,6691911,4417172,5.1,,B
8dc2ae68-8c25-4f57-ae32-8db6f0f7e3e1,ok,17761535.0,v1.14-1.15,0.0,0.032758620689655175,0.0,True,0.0,0.0,0.09770541936159127,4.0,actuator_motors,none,62293359,26491756,40.0,,C
2d1ca690-12bb-4056-841e-8af5451c12b3,ok,17761280.0,v1.14-1.15,0.0,0.0,0.0,True,0.0,0.0,0.10164622813463206,4.0,actuator_motors,none,64107871,33864883,41.3,,B
16ff7b55-1ad5-4af4-a2ba-595a2d2dfae5,ok,17695743.0,v1.14-1.15,0.0,0.0,0.0,True,,,,4.0,actuator_motors,none,2922441,1921249,2.4,,C
d5390baa-79d6-4553-be0a-aa430ac79921,ok,17630207.0,v1.12-1.13,0.0,0.0,0.0,True,0.0,0.0,0.07500000000000001,6.0,actuator_outputs,per_channel,8256972,4580667,4.1,,C
60d95832-6715-486c-a835-fe72167fc251,ok,17695488.0,v1.14-1.15,0.9456427955133736,0.0,0.0,True,0.0,0.0,0.5230821371078491,4.0,actuator_motors,none,62680251,31692369,14.9,,B
c507aeb7-c106-4037-af6f-f42cebc8cfc1,ok,17761280.0,v1.14-1.15,0.32903225806451614,0.0,0.0,True,0.018211510862572375,0.8014660000000049,0.25323738502338533,4.0,actuator_motors,none,8702876,5056921,4.6,,B
9988a21a-4956-4392-9c23-5e97c08b7d28,ok,17826047.0,v1.16+,0.9011857707509882,0.0,0.0,True,0.21289537712895376,4.798176000000012,0.3631494343280792,4.0,actuator_motors,none,12777144,7929158,5.6,,A
bb118a8c-6771-485a-a333-66b9cd2f552a,ok,17891583.0,v1.16+,0.0,0.0,0.0,True,0.0038240917782026767,1.2012510000000134,0.5146385014057159,4.0,actuator_motors,none,20194068,13251959,9.9,,B
9cf501aa-273b-4d6a-b893-273a8899d755,ok,17629951.0,v1.12-1.13,0.0,0.0,0.0,True,0.006610576923076923,0.5006030000000052,0.5345142857142855,6.0,actuator_outputs,bus,14714146,9117692,8.9,,B
e2dcd680-18e0-4a7a-8877-f50f1f187a23,ok,17826559.0,v1.16+,0.0,0.0,0.0,True,0.0,0.0,0.08108725100755691,4.0,actuator_motors,none,12565042,7053063,4.8,,C
881bf26f-3aa1-4193-a7d0-1aaa128263af,ok,33620224.0,,0.0,0.0,0.0,True,0.0,0.0,0.11387743949890135,4.0,actuator_motors,none,11416056,6425188,5.4,not_px4_v2,
aa4aab21-8851-4945-beea-2b6d851d20e2,ok,17629696.0,v1.12-1.13,0.0,0.0,0.0,True,0.03368973169255598,0.025049000000002763,0.7100000000000001,6.0,actuator_outputs,per_channel,8452296,4610594,5.3,,B
5a2917fe-cf7e-463a-824a-319d3db7455a,ok,17761280.0,v1.14-1.15,0.0,0.0,0.0,False,0.0,0.0,0.6000000234140981,4.0,actuator_motors,none,11390111,3042275,5.8,,B
26f01b44-c513-4b08-b9a9-0fdb4dcc2ea7,ok,17695488.0,v1.14-1.15,0.5649419218585006,0.0,0.0,False,0.0,0.0,0.022979736328125,4.0,actuator_motors,none,11534336,6184004,6.2,,B
8d5ea87a-319f-4563-9d3c-01c1fc47f8f3,ok,17629696.0,v1.12-1.13,,,0.0,True,,,,4.0,actuator_motors,none,10875980,4743639,5.5,,B
2e4c185d-cf3a-48cf-ac7b-bdaba8e072b5,ok,17826047.0,v1.16+,0.0,0.0,0.0,True,0.0,0.0,0.1561065912246704,4.0,actuator_motors,none,149305769,48023330,37.5,,C
bc3980db-4e18-4fea-871e-9d5337b4f1ad,ok,17761535.0,v1.14-1.15,0.11612903225806452,0.0,0.13157894736842105,True,0.015235457063711912,0.5012779999999992,0.2582887530326843,4.0,actuator_motors,none,2865320,2043243,2.9,,C
7ce331e6-ea9b-4414-8563-dbdfc9ccefb7,ok,17891392.0,v1.16+,0.5305263157894737,0.0,0.0,True,0.4082710074791025,74.898647,1.0,4.0,actuator_motors,none,9345978,5906333,11.0,,A
56e95f47-9876-4ce4-b352-ed7dbb177539,ok,17761535.0,v1.14-1.15,0.9940828402366864,0.0,0.0,True,,,,4.0,actuator_motors,none,26935296,15177406,12.1,,A
25b5e13c-299c-499e-8026-c718df367bd6,ok,17564928.0,v1.12-1.13,0.0,0.0,0.0,False,0.026792179580014484,2.8004029999999887,0.18941176470588234,4.0,actuator_outputs,global,135880647,40194209,26.3,,B
14d0065d-db7f-45c6-b845-719b18c4d317,ok,255.0,,0.0112079701120797,0.0049813200498132005,0.0,True,0.0,0.0,0.0020000115036964417,4.0,actuator_motors,none,195675481,125832471,54.6,not_px4_v0,
9b080d19-abbb-4e1b-b044-7b8ae9fe6620,ok,17694975.0,v1.14-1.15,0.0,0.0,0.0,True,0.0012165450121654502,0.10198699999999761,0.7134287305176256,4.0,actuator_motors,none,3366598,2250718,3.1,,C
e3cc757b-5762-48fb-bb70-fadc6bbc8459,ok,17694720.0,v1.14-1.15,0.0,0.0,0.0,True,0.0,0.0,0.4140216261148453,4.0,actuator_motors,none,3496971,2020655,3.2,,B
3958590c-6b56-4df8-b0ed-e6b9460c79e3,ok,17760511.0,v1.14-1.15,0.0,0.0,0.0,True,0.0,0.0,0.12419526278972626,4.0,actuator_motors,none,18468111,8474768,10.8,,B
70796863-de94-4feb-af58-fef94b678991,ok,17694720.0,v1.14-1.15,0.14511873350923482,0.0,0.0,True,0.0,0.0,0.15792321860790248,4.0,actuator_motors,none,63022700,20569674,18.1,,C
3c53b37f-085a-4070-a767-35ba85415272,ok,17891583.0,v1.16+,0.0,0.0,0.0,True,0.0,0.0,0.1596965769305825,4.0,actuator_motors,none,53976877,20859226,14.4,,A
06693148-ba61-4c90-98c8-ae378a6c454a,ok,17826047.0,v1.16+,0.0,0.0,0.0,True,0.0,0.0,0.2251817673444748,4.0,actuator_motors,none,74239355,24110402,19.2,,B
f0d956f3-99ae-4ed2-a454-b9b3a70dd8cf,ok,17825984.0,v1.16+,0.0,0.0,0.0,True,0.0,0.0,0.24000000953674316,4.0,actuator_motors,none,3814214,2635616,2.4,,B
d9e0c5ea-084b-4b02-b502-f779787dd156,ok,17564671.0,v1.12-1.13,0.0,0.0,0.0,False,,,,6.0,actuator_outputs,none,4443936,2132923,4.9,,C
9e4c8084-12fd-426f-9e4d-bb87674e4938,ok,17499135.0,v1.12-1.13,0.0,0.0,0.0,True,0.0,0.0,0.359,8.0,actuator_outputs,global,6638428,4634402,4.9,,A
1af4fd5c-77bf-448c-aa58-d5334bec6dc9,ok,17695488.0,v1.14-1.15,0.8814229249011858,0.019762845849802372,0.0,False,0.8636363636363636,94.29598800000001,0.9999999999617191,4.0,actuator_motors,none,8585216,3977932,4.3,,B
0046fcfc-74e4-4eb0-bc2a-1349ae39c979,ok,17761535.0,v1.14-1.15,0.0,0.0,0.0,True,,,,,actuator_motors,none,15679615,8441095,6.7,,B
2e160109-d45f-4ab6-a819-d09b0d39d9ab,ok,17302016.0,v1.12-1.13,0.0,0.0,,,0.0,0.0,0.43314285714285716,8.0,actuator_outputs,global,430872,392934,1.6,,B
7b45f395-7c8d-48ef-904d-18871b82dfa6,ok,17825856.0,v1.16+,0.0,0.0,0.0,True,0.0,0.0,0.27157423049211504,4.0,actuator_motors,none,4567194,2627278,2.9,,B
c3f02216-012e-4e46-8ee1-4764a981b5ad,ok,17694975.0,v1.14-1.15,0.5064935064935064,0.017316017316017316,0.0,True,0.0,0.0,0.5206478122621774,4.0,actuator_motors,none,7065689,5056411,3.8,,C
4997a8dd-e38a-4ec3-8451-66d2f0e60c19,ok,17826240.0,v1.16+,0.0,0.0,0.0,True,0.0018176310209027568,0.4025549999999498,0.1389656364917755,4.0,actuator_motors,none,14362107,8015171,4.2,,B
1e90d3fe-d470-4506-8fb3-fb977a7b5740,ok,17695488.0,v1.14-1.15,0.08839050131926121,0.009234828496042216,0.0,True,0.0,0.0,0.11037002801895138,4.0,actuator_motors,none,14001369,8779090,5.5,,A
37f5014b-c8fc-447d-9974-f72adcd6ff34,ok,17826047.0,v1.16+,0.0196078431372549,0.0,0.043243243243243246,True,0.1847415215886706,1.8872119999999981,0.4997286170721046,4.0,actuator_motors,none,8548718,5704347,4.1,,A
5139e822-f7bc-4368-adca-11e2fab11a4e,ok,17825984.0,v1.16+,0.0,0.0,0.0,False,0.0,0.0,0.16921095550060272,4.0,actuator_motors,none,4039997,2769411,3.4,,C
99402f68-ccb0-42d1-9a9e-6f3c97b2a62d,ok,16777984.0,v1.12-1.13,0.0,0.0,0.0,True,0.0,0.0,0.13136494010686872,4.0,actuator_motors,none,5004435,3418514,3.9,,B
db43ec11-e2cb-4c18-9641-dffd72587860,ok,17761280.0,v1.14-1.15,0.0,0.0,0.0,True,0.022106631989596878,1.5990409999999997,0.29719059467315667,4.0,actuator_motors,none,2898990,1948705,2.5,,C
e1892af8-6963-492e-82a2-3aab47b7db62,ok,17761023.0,v1.14-1.15,0.0,0.0,0.0,True,0.0,0.0,0.10297685861587524,4.0,actuator_motors,none,15970237,9709675,4.7,,C
77571905-3d44-4b22-8986-8030a9379225,ok,17629184.0,v1.12-1.13,0.0,0.0,0.14236824093086928,True,0.0,0.0,0.28844627439975723,4.0,actuator_motors,none,9519550,6058209,3.8,,A
9b3a8392-565c-4c1e-8bde-ebb9b3d5f518,ok,17760767.0,v1.14-1.15,0.0,0.0,0.0,True,0.038361246270061024,4.21109100000001,0.09242986142635333,4.0,actuator_motors,none,15068943,8868769,6.5,,A
7c226bef-bb09-40e8-8f52-d1563cdcb456,ok,17760256.0,v1.14-1.15,0.1307901907356948,0.0,0.05263157894736842,True,0.009719997790909592,0.609575999999997,0.20617369115352632,4.0,actuator_motors,none,25646473,12439981,6.3,,B
ef919789-9ea2-416a-876b-495af1ee11d7,ok,16779519.0,v1.12-1.13,0.0,0.0,0.0,True,0.0,0.0,0.21901944726705552,4.0,actuator_motors,none,67397150,25488028,12.8,,C
4ecd843b-11c3-44e1-9a9d-49e59a64db1c,ok,17760256.0,v1.14-1.15,0.0,0.0,0.0,True,0.0,0.0,0.24552026689052572,4.0,actuator_motors,none,5514190,3625597,1.9,,B
f83a61c5-afef-4270-bdb7-8d51907d6ff8,ok,17826559.0,v1.16+,0.0,0.25661914460285135,0.0,True,0.0,0.0,0.3053089067339897,4.0,actuator_motors,none,11633376,7833746,3.7,,C
3310fabf-a608-41dd-aa6a-4a18582730bb,ok,17629952.0,v1.12-1.13,0.0,0.0,0.0,True,0.0,0.0,0.304,6.0,actuator_outputs,per_channel,7763025,3930984,2.8,,B
e34c6e15-3bfa-4f33-b36e-d4bea8659ea5,ok,17760384.0,v1.14-1.15,0.0,0.015267175572519083,0.0,True,0.29093361482524044,5.6557849999999945,0.4311752617359161,4.0,actuator_motors,none,6940791,4117052,2.7,,C
e9d55142-5e28-4fa2-ac37-35dcd66a58a2,ok,17825984.0,v1.16+,0.0,0.3202614379084967,0.0,True,0.0,0.0,0.4925194092094899,4.0,actuator_motors,none,3754787,3083336,4.6,,C
9b9eb35b-e39b-41f6-9114-2e5e74962f41,ok,17761535.0,v1.14-1.15,0.0,0.0,0.0,True,0.0,0.0,0.4218112215399742,4.0,actuator_motors,none,41718583,25543153,10.2,,B
880cf714-ff55-4f37-a498-47d8c70af6b9,ok,17826240.0,v1.16+,0.0,0.0,0.0,False,0.02725435355123206,0.06254099999999596,0.7499535698443651,4.0,actuator_motors,none,36817235,17609218,10.4,,C
211b9e0d-c276-4de9-a9bd-63678a4fbe63,ok,17761535.0,v1.14-1.15,0.0,0.0,0.0,True,0.0,0.0,0.2342442512512205,4.0,actuator_motors,none,16642054,10455476,4.2,,C
2cc1f885-f88a-4fd1-b58a-bcb8984a55dc,ok,17825984.0,v1.16+,0.0,0.11564625850340136,0.0,True,0.0,0.0,0.23999999463558197,4.0,actuator_motors,none,2678444,1915468,2.2,,C
c07302c9-059c-4326-9462-ee469649d897,ok,17563648.0,v1.12-1.13,0.0,0.0,0.0,True,0.006013745704467354,0.41823599999999317,0.3985714285714286,6.0,actuator_outputs,bus,9919719,5406181,29.7,,A
8c6e7f4e-f8bb-407e-a11f-1741b0d292ab,ok,17760256.0,v1.14-1.15,0.0,0.0,0.0,False,0.0,0.0,0.15999996711774359,4.0,actuator_motors,none,10238084,5441071,4.5,,B
0a0eabb0-d71d-4a21-a942-1f67357f8381,ok,17761280.0,v1.14-1.15,0.0,0.0,0.0,True,0.0,0.0,0.41173926740884775,4.0,actuator_motors,none,29569413,7705030,8.9,,B
81494303-30b9-4458-83a2-28a77af0e09c,ok,17695743.0,v1.14-1.15,0.0,0.0,0.0,True,0.0,0.0,0.21182982251048088,4.0,actuator_motors,none,2608449,1706361,10.7,,A
fb70a200-24ad-41a1-839c-c6b1fd684d6f,ok,17630207.0,v1.12-1.13,0.0,0.0,0.0,True,0.0,0.0,0.874,6.0,actuator_outputs,per_channel,2952696,1833112,4.4,,B
877f6c85-0000-4c19-9d57-83c0c42e204e,ok,17825792.0,v1.16+,0.0,0.0,0.0,True,,,,4.0,actuator_motors,none,26882345,14233902,11.7,,A
31eb01b8-fafb-44a5-931a-7a53326128fd,ok,17826240.0,v1.16+,0.0,0.0,0.0,True,,,,4.0,actuator_motors,none,83649831,48171533,17.3,,C
c60c64e1-2809-4b70-a424-4ce19759ab83,ok,17760320.0,v1.14-1.15,0.0,0.0,0.0,True,0.0,0.0,0.15301972627639757,4.0,actuator_motors,none,3442224,2754616,3.8,,C
afcf3d85-8d2f-4415-8437-ed7cdd9456a1,ok,17760768.0,v1.14-1.15,0.0,0.0,0.0,False,0.0,0.0,0.5273452512919903,4.0,actuator_motors,none,5760652,3080959,3.8,,B
3a485774-3a19-4be6-9f31-4c0386061711,ok,17825984.0,v1.16+,0.0,0.017241379310344827,0.0,True,0.0,0.0,0.4243712007999419,4.0,actuator_motors,none,9516641,5779000,6.7,,B
35064c9b-5275-424d-989f-f954fbd4f5a0,ok,17695488.0,v1.14-1.15,0.0,0.0,0.0,True,0.0,0.0,0.22940269112586964,4.0,actuator_motors,none,21054560,10688091,8.4,,B
58606428-791c-4854-ba28-ea08321d865c,ok,17695488.0,v1.14-1.15,0.012558869701726845,0.013605442176870748,0.0028929604628736743,False,0.04338842975206612,4.098230000000001,0.10541508756577965,4.0,actuator_motors,none,29936215,16302315,10.6,,C
1f877cee-487e-4458-8788-62c03b4953f3,ok,17761535.0,v1.14-1.15,0.0,0.0,0.0,True,0.0011527377521613833,0.20377300000001242,0.26823166608810417,4.0,actuator_motors,none,7589867,5290285,8.4,,A
1fe65d2c-fe21-47e3-862a-76f5d8f6ed38,ok,17694975.0,v1.14-1.15,0.0,0.0,0.0,True,0.0017979371037441252,0.029761000000007698,0.29192662388086316,4.0,actuator_motors,none,27156579,15773107,11.1,,B
6e4d0d35-5bf7-4c94-a6ab-cfa2e14400b2,ok,17630207.0,v1.12-1.13,0.0,0.0,0.0,True,0.0,0.0,0.15900000000000003,6.0,actuator_outputs,per_channel,80716674,43866439,19.4,,C
de397d02-3a93-4fb9-a3c8-850757cd0b67,ok,17761535.0,v1.14-1.15,0.0,0.0,0.0,True,0.0,0.0,0.2900368317961692,4.0,actuator_motors,none,10391299,6235455,4.6,,B
046fe741-f60b-4691-9708-7e58150f8b23,ok,17761535.0,v1.14-1.15,0.0,0.0,0.0,True,0.5826522597490819,22.712503,1.0,4.0,actuator_motors,none,69965890,23190860,15.0,,B
f48ace81-9bd3-4960-8ccc-e1ac9b7da0e3,ok,17761535.0,v1.14-1.15,0.0,0.0,0.0,True,0.0,0.0,0.15966043025255205,4.0,actuator_motors,none,2645526,2021388,3.0,,A
c93e05ce-8a6c-4d31-bce5-9525de90c1c7,ok,17629952.0,v1.12-1.13,0.022222222222222223,0.0,0.0,True,0.0,0.0,0.23711167573928832,4.0,actuator_motors,none,2912228,2114960,3.4,,C
acd377e7-d4b7-4bc3-a388-522410ccb7d5,ok,17825792.0,v1.16+,0.0,0.0,0.0,True,0.0,0.0,0.07670530676841736,4.0,actuator_motors,none,22173163,13939469,5.7,,C
559ec7c2-3452-487e-9ff5-40ab945a23ec,ok,17695488.0,v1.14-1.15,0.2184873949579832,0.0,0.0,True,0.04246100519930676,4.900773999999998,0.143777623772621,4.0,actuator_motors,none,4415303,2827158,2.6,,C
9e311830-277f-4817-bdea-f2d7b4986476,ok,17761535.0,v1.14-1.15,0.0,0.0,0.0,True,0.0,0.0,0.1483207512646913,4.0,actuator_motors,none,9731106,5721468,3.9,,C
4eeec966-d65d-453f-9d6c-dc6c2b2c034f,ok,17761023.0,v1.14-1.15,0.0,0.0,0.0,True,0.0038314176245210726,0.5012500000000024,0.283123716711998,4.0,actuator_motors,none,8232761,4920617,4.8,,A
3ddb46c8-3d42-412c-bfe5-de9d6e813785,ok,17761280.0,v1.14-1.15,0.0,0.0,0.0,True,0.008438818565400843,0.40167599999999837,0.2457718551158905,4.0,actuator_motors,none,3093984,2313960,2.5,,B
717e0325-5fa4-4e21-99fa-48fb83b2a4b1,ok,17825984.0,v1.16+,0.0,0.0,0.0,True,0.018774703557312252,1.2007930000000044,0.25888107120990717,4.0,actuator_motors,none,4602915,3326335,2.8,,B
80a2cda4-3a7e-463e-9342-eef61e6bded2,ok,17695999.0,v1.14-1.15,0.0,0.0,0.0,True,3.1645569620253167e-05,0.001482999999999901,0.3061388090252876,4.0,actuator_motors,none,28990483,9885485,8.7,,A
74a3ad97-8403-4741-84a0-55389c07914f,ok,17825792.0,v1.16+,0.0,0.0,0.0,True,2.7040181710021093e-05,0.0029710000000022774,0.28051072657108306,4.0,actuator_motors,none,15021962,9748032,8.8,,B
6be82620-0f1b-4046-867e-7f93b9566edb,ok,17629184.0,v1.12-1.13,0.0,0.0,0.2892690513219285,True,0.03948423517336498,1.4849389999999971,0.48826277256011963,4.0,actuator_motors,none,75906924,31431325,12.7,,C
f1d07e44-8e16-4391-9c2c-6cb1cbc1f2f5,ok,17760256.0,v1.14-1.15,0.0,0.0,0.0,True,0.0,0.0,0.08981474637985223,4.0,actuator_motors,none,16827680,10528127,4.2,,A
3833b517-ff13-4234-bb6e-ee3f50b12d1a,ok,17761023.0,v1.14-1.15,0.0,0.0,0.0,True,0.001838235294117647,0.10123799999999505,0.17332646995782855,4.0,actuator_motors,none,2647902,2034775,1.9,,B
b8070b86-e076-4faa-a0ad-8cd6bfd748db,ok,17629951.0,v1.12-1.13,0.0,0.0,0.0,True,0.0,0.0,0.306,6.0,actuator_outputs,per_channel,4441826,2905639,2.4,,A
8111037a-c534-4f10-941b-1a83e356cd22,ok,17826304.0,v1.16+,0.043478260869565216,0.019762845849802372,0.0,True,0.0008583690987124463,0.1021819999999991,0.2153728127479553,4.0,actuator_motors,none,4689883,3183075,2.8,,C
f34186fe-6d76-44a6-9b65-3bbd65b06ae4,ok,17761280.0,v1.14-1.15,0.0,0.0,0.0,True,0.17801047120418848,5.298746999999999,0.5777575075626372,4.0,actuator_motors,none,3949092,2964825,3.2,,C
f2825e63-b775-45fd-b17c-45b317f43a17,ok,17695488.0,v1.14-1.15,0.9642857142857143,0.0,0.0,True,0.00014721036360959813,0.021017999999997983,0.25053660571575165,4.0,actuator_motors,none,19533062,10876249,5.9,,B
67e8a2e9-cb96-44c7-8fa7-707067cc0c0f,ok,17694720.0,v1.14-1.15,0.0,0.0,0.0,True,0.0,0.0,0.10456881821155548,4.0,actuator_motors,none,12258321,2985024,29.8,,B
5843b69d-496b-4b52-a17d-b654478f4f13,ok,17695488.0,v1.14-1.15,0.024640657084188913,0.0,0.0,True,0.0,0.0,0.08655887842178345,4.0,actuator_motors,none,26390536,16057962,43.2,,B
ba8cd3d0-a94f-4c95-9421-c8b0fd3e992d,ok,17694720.0,v1.14-1.15,0.0,0.0,0.0,True,0.15865208731352384,0.2998459999999987,0.6970603168010712,4.0,actuator_motors,none,32501389,16400116,52.6,,C
7a10c97d-79c5-4186-b2cd-2fc728ee62ff,ok,17760256.0,v1.14-1.15,0.0,0.0,0.0,False,0.6732939279957012,125.30015,0.8908491283655167,4.0,actuator_motors,none,6818150,4252476,23.0,,C
6db84938-1ac7-47a0-bd89-72fc36598c89,ok,17826240.0,v1.16+,0.0,0.0,0.0,False,0.0,0.0,0.07412891387939453,4.0,actuator_motors,none,62139519,7491256,77.5,,A
4c065496-f908-49ba-af1c-4597de7db7d6,ok,17695744.0,v1.14-1.15,0.11609498680738786,0.2717678100263852,0.0,True,0.8556311413454271,33.600243999999996,0.999999992338703,4.0,actuator_motors,none,5808489,3864904,5.2,,C
ee6e3cd6-436d-4a1e-aa86-09c8e798a255,ok,17825856.0,v1.16+,0.0,0.0,0.0,True,0.0,0.0,0.10379142761230462,4.0,actuator_motors,none,13220047,8215892,6.0,,B
6cca9a9a-545b-41a3-9cd7-1a911cf0bcb2,ok,17760511.0,v1.14-1.15,0.0,0.1695501730103806,0.0,True,0.0,0.0,0.22144702672958372,4.0,actuator_motors,none,20831405,11090517,6.3,,C
bdd51f3b-ff5f-415f-85e3-a87c1031fa9d,ok,17761280.0,v1.14-1.15,0.0,0.0,0.0,True,0.0,0.0,0.2802044004201889,4.0,actuator_motors,none,53628927,33836296,20.5,,C
acf83432-0776-4176-b229-8feba0011ef9,ok,17761280.0,v1.14-1.15,0.0,0.0,0.0,True,0.0,0.0,0.4968776565780781,4.0,actuator_motors,none,16528754,7678237,5.4,,B
ce5ca1ca-edae-4aa6-bb68-4682e79a1ac3,ok,18350592.0,v1.16+,0.0,0.0,0.0,True,0.0,0.0,0.11066666666666669,6.0,actuator_outputs,bus,23413318,13207472,15.9,,C
22b0d930-fe68-475e-a07f-f92a42c21cea,ok,18285568.0,v1.16+,0.0,0.0,0.0,True,0.0,0.0,0.12939999999999965,6.0,actuator_outputs,bus,17858220,10269100,12.5,,C
3a0a9878-5bfc-458a-a75d-72ba71c0e3c0,ok,17433087.0,v1.12-1.13,0.0010964912280701754,0.0,0.0,True,,,,12.0,actuator_outputs,none,42432151,25402408,17.3,,A
72b37fb5-a182-43b2-a4e0-01ecd368398f,ok,17761535.0,v1.14-1.15,0.0,0.0,0.0,True,0.0,0.0,0.22063606679439546,4.0,actuator_motors,none,70636595,34868148,19.8,,C
660aa556-f62f-4aa9-8a1d-993e367b99ea,ok,17826559.0,v1.16+,0.0,0.0,0.0,True,0.010752688172043012,0.39912100000000095,0.15804864168167115,4.0,actuator_motors,none,3744785,2759806,3.4,,A
9e605002-85dc-46a5-ae49-e64feba68806,ok,17761280.0,v1.14-1.15,0.0,0.0,0.0,True,0.0,0.0,0.3134904280304909,4.0,actuator_motors,none,6546484,3924667,3.2,,C
6b2138fb-5630-43af-aba3-6053fe31f08e,ok,17694975.0,v1.14-1.15,0.0,0.0,0.0,True,0.0,0.0,0.17904332876205442,4.0,actuator_motors,none,10849716,6813002,5.1,,B
5f8c6180-7b1d-40e2-9a46-5fa860cf5703,ok,17761280.0,v1.14-1.15,0.0,0.0,0.0,True,0.0,0.0,0.11578598618507385,4.0,actuator_motors,none,6896813,3980937,4.4,,A
c5542e7d-1730-4ea7-a012-8f293d763327,ok,17761280.0,v1.14-1.15,0.0,0.0,0.0,True,0.0,0.0,0.07151152938604355,4.0,actuator_motors,none,9251859,5823263,5.0,,A
572cb8ec-db8d-4266-8137-7c8c0e907c8b,ok,17826047.0,v1.16+,0.0,0.0,0.0,True,0.0,0.0,0.321626341342926,4.0,actuator_motors,none,7719810,5545713,5.3,,B
9e818d17-355e-4abf-a208-165ae7f7a4ec,ok,17695744.0,v1.14-1.15,0.7377777777777778,0.32,0.0,True,0.0,0.0,0.2853889003396034,4.0,actuator_motors,none,3542920,2548338,3.7,,B
278d4fc7-509c-489c-8cb0-38977667a75b,ok,17694720.0,v1.14-1.15,0.0,0.0,0.0,True,0.0,0.0,0.26974462345242495,4.0,actuator_motors,none,3989668,2884381,3.7,,B
dbe094da-5ec8-4036-bac0-04b67cf8d0d3,ok,17760511.0,v1.14-1.15,0.0,0.01702127659574468,0.0,True,0.04350006268020559,3.3019359999999978,0.6582042217254622,4.0,actuator_motors,none,59739470,19865064,12.3,,C
ad8351fa-697b-4754-a60a-8cdaa5908877,ok,17761535.0,v1.14-1.15,0.0,0.0,0.0,True,0.0,0.0,0.07963565289974213,4.0,actuator_motors,none,25121411,14972056,7.4,,B
9973c454-88b7-4dcc-b0b8-ccfdffdedf99,ok,17826559.0,v1.16+,0.0,0.0,0.0,True,0.0,0.0,0.2601348176598547,4.0,actuator_motors,none,4486129,3428138,3.1,,C
6690cc53-15fe-4c65-aa2e-27f393890818,ok,17761280.0,v1.14-1.15,0.0,0.0,0.0,True,0.0,0.0,0.30708924531936643,4.0,actuator_motors,none,6918417,4220161,4.5,,C
fe19f647-c8af-47d7-8044-31b5e0460be1,ok,17760256.0,v1.14-1.15,0.0,0.0,0.0,True,0.0,0.0,0.11960486769676204,4.0,actuator_motors,none,7508872,4985939,6.2,,C
e15218d3-162c-49af-a292-7b014c260144,ok,17761280.0,v1.14-1.15,0.02237354085603113,0.0,0.1738938053097345,True,5.7613089693978473e-05,0.00999800000000306,0.28373547792434695,4.0,actuator_motors,none,47710208,28485717,9.4,,C
364ed13f-f287-486a-8dc6-46b4ea87f7ae,ok,17236991.0,v1.12-1.13,0.03353057199211045,0.0,0.0,True,0.00019047619047619048,0.024196000000003437,0.249,6.0,actuator_outputs,global,13758892,6362156,7.5,,B
e6d4089c-a95d-44a6-bff3-2cd2e1ae9232,ok,17629696.0,v1.12-1.13,0.0,0.0,0.0,True,0.0,0.0,0.0,6.0,actuator_outputs,bus,11149547,5037066,6.5,,C
a1082e87-1fed-480d-9049-082330122a88,ok,17760511.0,v1.14-1.15,0.0,0.0,0.0,False,0.0,0.0,0.02769532799720764,4.0,actuator_motors,none,17231055,7626026,31.8,,C
1609a2f5-7ef4-46b2-ad6a-384aa9dc256d,ok,17695488.0,v1.14-1.15,0.0,0.0,0.0,False,0.20378331900257954,3.2099999999999937,0.5828148692846298,4.0,actuator_motors,none,19460548,8701265,30.8,,B
9a387907-ccd8-45ff-889e-06b34f9c9b65,ok,17695743.0,v1.14-1.15,0.9731543624161074,1.0,0.0,False,0.9905100830367735,659.700641,1.0,4.0,actuator_motors,none,26455571,15219071,36.8,,C
7889a4b2-47bb-4c7d-9332-6fdbb102af40,ok,17761535.0,v1.14-1.15,0.0,0.0,0.0,False,0.0,0.0,0.30011912286281583,4.0,actuator_motors,none,78921838,22004292,44.2,,A
9a02c4e7-c6f6-4905-bd98-f0f469c2f072,ok,17695743.0,v1.14-1.15,0.0,0.0,0.0,True,0.0,0.0,0.20192164778709412,4.0,actuator_motors,none,18386069,11526067,3.2,,C
ff9c924d-e758-4cbd-bff0-fab7b7636a29,ok,18286080.0,v1.16+,0.0,0.0,0.0,True,0.0,0.0,0.31,6.0,actuator_outputs,bus,12661006,6706830,5.1,,C
fc52a13e-0b94-4fae-83c6-65a92455e55d,ok,17826240.0,v1.16+,0.0,0.0,0.0,True,5.598007109469029e-05,0.006250999999991791,0.1999349296092987,4.0,actuator_motors,none,16376472,10180404,5.4,,A
1e2d51bf-444c-4ef3-a1f1-d1786fd6ebdc,ok,17629952.0,v1.12-1.13,0.164021164021164,0.0,0.0,True,0.0,0.0,0.3225999999999999,6.0,actuator_outputs,per_channel,3997020,2962052,2.9,,B
db6e84cb-c38e-4d95-af40-aca4181365b9,ok,17761535.0,v1.14-1.15,0.7096774193548387,0.0,0.0,True,0.0,0.0,0.20423738062381716,4.0,actuator_motors,none,6294423,4189667,4.4,,A
f6aa2d92-1557-4b4f-b1e3-c21087e83a58,ok,17761535.0,v1.14-1.15,0.0,0.0,0.0,True,0.0,0.0,0.21748632341623306,4.0,actuator_motors,none,13040852,7843414,4.4,,A
cfff23d2-ea18-404e-91e0-6574af14b609,ok,17760768.0,v1.14-1.15,0.0,0.0,0.0,True,0.0,0.0,0.09667438864707946,4.0,actuator_motors,none,33731684,9378216,10.7,,B
26587c6a-7c51-4a40-8724-88f3ebc8c70f,ok,17629952.0,v1.12-1.13,0.3469387755102041,0.0,0.0,True,0.0025041736227045075,0.10179200000000321,0.2451728731393814,4.0,actuator_motors,none,11422377,7320420,5.5,,B
5c0a26f2-438d-46b6-a0f1-cfc52520ec9a,ok,17760511.0,v1.14-1.15,0.018218623481781375,0.0,0.04081632653061224,True,0.003865979381443299,0.3012040000000127,0.32435771971940996,4.0,actuator_motors,none,8012893,5180729,4.4,,C
062e498e-fe32-4cd7-bf33-52442ca89222,ok,17760256.0,v1.14-1.15,0.0,0.0,0.0,True,0.0,0.0,0.1596878059208393,4.0,actuator_motors,none,9179469,6733343,3.3,,C
f0585339-6b92-4ea4-ad50-2e95d3a7df95,ok,17629951.0,v1.12-1.13,0.0,0.0,0.0,True,0.0,0.0,0.22999999999999998,6.0,actuator_outputs,per_channel,67272900,21338030,14.1,,C
014034d5-3ac8-4783-be42-ad901aac0376,ok,17825792.0,v1.16+,0.0,0.0,0.0,True,0.0001528409308012686,0.014812000000006265,0.2683254797011614,4.0,actuator_motors,none,11994346,8018715,4.5,,B
2f89e944-7285-427e-801f-05f62dd71818,ok,17825856.0,v1.16+,0.0,0.0,0.0,True,0.0,0.0,0.19728105958618294,4.0,actuator_motors,none,2809424,2090566,2.5,,A
ca4461b3-ea36-483c-bfd5-b9be65354976,ok,17826047.0,v1.16+,0.6639344262295082,0.08743169398907104,0.0,True,0.0,0.0,0.2342872947454452,4.0,actuator_motors,none,7055799,4737800,3.6,,B
258ed8e5-7dca-4e86-bd83-584cbdba41c1,ok,17564671.0,v1.12-1.13,0.0,0.008982035928143712,0.0,True,0.2777404169468729,5.802015999999995,0.5131428571428571,6.0,actuator_outputs,bus,7630624,5086296,6.6,,A
b0c14ce7-e516-4434-a198-92c79875d296,ok,17694720.0,v1.14-1.15,0.0,0.0,0.0,True,,,,4.0,actuator_motors,none,18135685,9383825,6.4,,B
3ccdf5e8-c6b7-42d0-b580-70b1faefc214,ok,17825792.0,v1.16+,0.0,0.0,0.0,True,0.0,0.0,0.1834465190768242,4.0,actuator_motors,none,15740981,9602810,5.1,,B
5ab4f4af-0959-46fb-93b0-e64c8defe2bf,ok,17826240.0,v1.16+,0.0,0.0,0.0,True,0.0,0.0,0.14293959140777585,4.0,actuator_motors,none,69065487,20691861,18.7,,C
e8eab6ae-ab45-4937-9457-4dc8eb524e66,ok,17760256.0,v1.14-1.15,0.0,0.0,0.0,True,,,,4.0,actuator_motors,none,8143843,4715006,3.0,,C
26f5ef33-4c05-4ffe-8eab-b37b3f31daff,ok,17761535.0,v1.14-1.15,0.009174311926605505,0.0045871559633027525,0.0,True,0.11920529801324503,0.5009700000000006,0.9999998055205903,4.0,actuator_motors,none,8841823,5204622,3.7,,A
ea3a60bd-cae2-42b1-869c-56b1a4185648,ok,17761280.0,v1.14-1.15,0.0,0.0,0.0,True,0.0,0.0,0.19878769218921669,4.0,actuator_motors,none,16599701,10592580,6.1,,C
4007c56d-dffa-4933-aedc-534ee57ed3cd,ok,17760256.0,v1.14-1.15,0.0,0.0,0.005455962587685113,False,0.013245033112582781,1.8999740000000145,0.174722982943058,4.0,actuator_motors,none,12636169,6214679,3.9,,A
9e750a70-2fea-4c72-affa-d9c0caec4103,ok,17760384.0,v1.14-1.15,0.0,0.0,0.0,True,0.0,0.0,0.10690610110759735,4.0,actuator_motors,none,10843139,7559488,5.4,,A
c145f2b1-1176-41f5-818d-a2579556fe9b,ok,17695743.0,v1.14-1.15,0.0,0.0,0.0,True,,,,4.0,actuator_motors,none,2966388,2063685,2.7,,C
388c4dc6-2919-4dfc-8885-063a49d8eb57,ok,17694720.0,v1.14-1.15,0.9274193548387096,0.0,0.0,True,0.0017436791630340018,0.09753899999999982,0.44904123395681383,4.0,actuator_motors,none,3955739,2729949,2.6,,C
286a97af-942d-46ee-a396-190a037434f7,ok,17761023.0,v1.14-1.15,0.0,0.0,0.0,True,0.0,0.0,0.08650692962110043,4.0,actuator_motors,none,3757677,2430701,2.6,,A
a7cbbd58-3429-4ed3-b03b-9615b3d3de48,ok,17760768.0,v1.14-1.15,0.0,0.0,0.0,True,0.050666666666666665,2.503429999999998,0.2291696898639202,4.0,actuator_motors,none,2622040,1869051,3.2,,C
79095b53-cfcb-45ab-ace1-eab0629b63c9,ok,17826047.0,v1.16+,0.0,0.0,0.0,True,0.0,0.0,0.22433242201805115,4.0,actuator_motors,none,10302255,6913898,4.3,,B
06f093b1-38f5-489c-9db4-5c4595d89c7f,ok,17695488.0,v1.14-1.15,0.0027247956403269754,0.0,0.0,False,0.005994550408719346,0.7986120000000199,0.18711737692356106,4.0,actuator_motors,none,7278743,4673620,4.5,,A
9e54ea3b-0256-4aab-9e71-8493bdcd50d4,ok,17826559.0,v1.16+,0.0536480686695279,0.0,0.0,True,0.0,0.0,0.6941022573967026,4.0,actuator_motors,none,9644465,5706990,4.8,,C
fd79ad56-fede-45f3-bac7-74bcf0f4818f,ok,17630207.0,v1.12-1.13,0.0,0.0,0.0,True,0.0,0.0,0.2365999999999999,6.0,actuator_outputs,per_channel,4224545,2704641,3.1,,A
a4d131a0-2ecc-4b16-b4c3-dc44414db22b,ok,17826304.0,v1.16+,0.0,0.0,0.0,True,0.0,0.0,0.15982415378093717,4.0,actuator_motors,none,33922711,8216718,10.3,,B
037378d5-c789-41bb-9de1-026647e177c8,ok,17629951.0,v1.12-1.13,0.0,0.0,0.0,True,0.0,0.0,0.17218096852302547,4.0,actuator_motors,none,8754065,5013748,4.1,,B
65b34673-29bd-4630-a466-3755bb6f294f,ok,17694975.0,v1.14-1.15,0.0,0.0,0.0,True,0.0,0.0,0.08696864247322082,4.0,actuator_motors,none,4359972,2832804,2.8,,A
38e8d21f-cbd8-4024-baec-880bd2406e6b,ok,17826047.0,v1.16+,0.0,0.1267605633802817,0.0,True,0.025547445255474453,0.30100000000000193,0.425816063582897,4.0,actuator_motors,none,41426973,12648260,11.5,,C
2f0f37b3-d1e2-4b65-add1-f2775d307003,ok,17761535.0,v1.14-1.15,0.0,0.0,0.0,True,0.0013850415512465374,0.09747900000000698,0.429807950928807,4.0,actuator_motors,none,3685117,2904398,2.7,,B
a33ea34a-cafe-4439-b970-fd6ed3054856,ok,17761535.0,v1.14-1.15,0.0,0.0,0.0,True,0.0037230081906180195,0.5010350000000017,0.27044614553451524,4.0,actuator_motors,none,5278483,3647848,3.3,,C
a6b892d7-04fc-4355-a677-10c6581fa7b2,ok,17170944.0,v1.12-1.13,0.11428571428571428,0.0,0.0,False,0.003861003861003861,0.10000000000000142,0.44142523705959313,4.0,actuator_motors,none,17601252,7644074,6.4,,A
db8b7bb3-f767-4bec-93cd-3b0f552343a8,ok,17569024.0,v1.12-1.13,0.0,0.0,0.0,True,0.017117704597326377,0.16040100000000024,0.62,4.0,actuator_outputs,bus,19833792,10934911,7.5,,B
f02755ea-b927-4451-a2ed-f90dfeeb9ce2,ok,17694720.0,v1.14-1.15,0.0,0.0,0.0,True,0.0,0.0,0.16182954311370848,4.0,actuator_motors,none,22552768,14535134,21.1,,B
d8284017-f034-42f7-84ec-cef9453c2ce7,ok,17891392.0,v1.16+,0.0,0.42948717948717946,0.0,True,0.0,0.0,0.045660227537155235,4.0,actuator_motors,none,21795133,8966714,13.6,,B
1b585d0c-b02c-4761-83f2-1fe69777cdd6,ok,17825856.0,v1.16+,0.0,0.0,0.0,True,0.0004703284119258926,0.038224999999982856,0.24559084773063655,4.0,actuator_motors,none,98844267,48261186,31.3,,C
435ee0c1-827e-4799-81b5-711a314efaf9,ok,17629696.0,v1.12-1.13,0.0,0.0,0.0,True,0.0,0.0,0.174,6.0,actuator_outputs,per_channel,21717515,12327305,8.9,,A
4bff0a50-d6cd-49d7-81a3-7fe3a882e60f,ok,17761535.0,v1.14-1.15,0.018010963194988253,0.01370399373531715,0.0,True,2.1909464614845305e-05,0.004829999999856227,0.38038135617971414,4.0,actuator_motors,none,142822055,81964440,37.2,,A
ed3de9e1-532b-4584-83cb-d295c8815362,ok,17760384.0,v1.14-1.15,0.0,0.0,0.0,True,0.0,0.0,0.1794404380023479,4.0,actuator_motors,none,20246528,13598630,6.8,,C
e4341bf2-e3b3-428e-89a0-312d6c4bf75f,ok,17694975.0,v1.14-1.15,0.0,0.0,0.0,True,0.0024630541871921183,0.10092599999998697,0.5811077728867531,4.0,actuator_motors,none,9508243,6074531,4.3,,B
9010f76c-f5de-4d0c-b494-98a8039408e1,ok,17694720.0,v1.14-1.15,0.03976721629485936,0.05431619786614937,0.040140296180826186,False,0.0027733755942947703,1.2981169999999906,0.28303893133997915,4.0,actuator_motors,none,17686528,11212456,8.2,,C
12bfea6c-1b06-4732-848e-dced2a90fc3a,ok,17761023.0,v1.14-1.15,0.11046511627906977,0.0029069767441860465,0.07044198895027624,True,0.24820025764732628,1.959510999999992,0.7750966668128967,4.0,actuator_motors,none,18205330,11590602,11.2,,B
1e5c272f-87bd-4728-85ef-a882b3f97a1c,ok,402784511.0,,0.0,0.0,0.0,True,,,,8.0,actuator_outputs,none,62267451,31770143,18.6,not_px4_v24,
537d56a1-a81c-4744-a794-cba90d797a04,ok,17629696.0,v1.12-1.13,0.05785123966942149,0.0,0.0,True,0.21717171717171718,1.8962299999999956,0.37270000000000003,4.0,actuator_outputs,per_channel,1869098,1464000,2.8,,C
13400ee6-5911-43cd-b550-a30f9f998fa1,ok,17761280.0,v1.14-1.15,0.012244897959183673,0.0,0.0,True,0.0,0.0,0.2228690296411514,4.0,actuator_motors,none,13594784,8769330,5.8,,A
445fec2a-289e-4d61-8226-6dff1e58dfae,ok,17695488.0,v1.14-1.15,0.0,0.0,0.0,True,0.0,0.0,0.05653029382228851,4.0,actuator_motors,none,10176175,6126599,5.1,,B
11da0d7e-2118-49d1-974e-b29e10fd9988,ok,,,0.0,0.008445417578980294,0.0,True,0.0,0.0,0.21800000000000003,6.0,actuator_outputs,global,49421864,22953299,23.9,missing_ver_sw,
fb0349a2-54c4-4480-9f3e-06e664a4924a,ok,17891583.0,v1.16+,0.0,0.12570965125709652,0.0,True,0.0,0.0,0.49583539217710454,4.0,actuator_motors,none,25493504,14499358,19.2,,C
15a9f2ee-997b-40ad-a592-11df4e223fed,ok,17629952.0,v1.12-1.13,0.0,0.0,0.0,True,0.0,0.0,0.181,6.0,actuator_outputs,per_channel,36147902,18011842,20.8,,C
83e2683e-c58e-4f3a-b91b-1f968c951b68,ok,17826047.0,v1.16+,0.0,0.0,0.0,True,0.0,0.0,0.223611156642437,4.0,actuator_motors,none,2898669,2203461,2.7,,B
7bf71468-755b-48d7-bc15-d2d204f91a8a,ok,17695743.0,v1.14-1.15,0.0005359056806002144,0.0,0.0,True,1.487196170469861e-05,0.010549000000082742,0.19602264165878294,4.0,actuator_motors,none,195862045,98212123,48.3,,B
b376eb87-7e3f-4a0d-8a98-9f924859f640,ok,255.0,,0.0,0.0,0.0,True,0.01987408961856561,0.03546200000000255,0.625576290488243,4.0,actuator_motors,none,6373957,4166252,7.6,not_px4_v0,
7906ce03-d3f7-4193-af7f-51df1c1c50ac,ok,17499135.0,v1.12-1.13,0.0,0.0,,True,0.0,0.0,0.275,8.0,actuator_outputs,global,40336002,18947907,13.9,,A
76e26fce-c326-4795-80e1-21f252213e62,ok,17629951.0,v1.12-1.13,0.0,0.0,0.0,True,0.0,0.0,0.238,6.0,actuator_outputs,per_channel,53978839,17062954,18.3,,B
6f9d34de-d0fe-4de2-95bd-916ed3ece020,ok,17761535.0,v1.14-1.15,0.0,0.0,0.0,True,0.0,0.0,0.3483845680952072,4.0,actuator_motors,none,7217044,4517300,4.4,,B
ce5e128c-c304-4616-ab14-c347082f669c,ok,17695488.0,v1.14-1.15,0.0,0.0,0.0,False,0.00014805602439963282,0.007558000000003062,0.2069500982761383,4.0,actuator_motors,none,16852447,9082069,6.8,,B
f4603230-f961-4c87-bb0d-50026391847d,ok,17694975.0,v1.14-1.15,0.0,0.0,0.0,True,0.0,0.0,0.16191130876541138,4.0,actuator_motors,none,46237806,24920481,16.8,,A
e59c0d36-eefa-4735-b6d1-69f8c3abbf1d,ok,17761535.0,v1.14-1.15,0.0,0.0,0.0,True,0.0,0.0,0.1329690992832183,4.0,actuator_motors,none,2616202,2072308,2.3,,B
ce3fb367-7b64-41c3-9c13-9cd2bbf20772,ok,17761280.0,v1.14-1.15,0.0,0.0,0.13122923588039867,True,0.002944888514934792,0.4023059999999816,0.27699446082115153,4.0,actuator_motors,none,10396426,6754519,3.8,,C
31c619e4-af99-440f-aa0b-b6023f2e9520,ok,17694720.0,v1.14-1.15,0.0,0.0,0.0,True,0.11117021276595744,9.098185,0.9882176187977263,4.0,actuator_motors,none,7350071,4563086,3.8,,C
6b364390-d37f-4472-97cd-c91d3666d237,ok,17761280.0,v1.14-1.15,0.0,0.0,0.0,True,0.01985981308411215,0.20266200000000012,0.68946053981781,4.0,actuator_motors,none,13151588,8331878,5.6,,A
7f79788e-a5df-4281-b6a7-5d0f6b2d649e,ok,17826559.0,v1.16+,0.0,0.01380897583429229,0.0,False,0.000122430989732121,0.016626999999971304,0.13143044561147688,4.0,actuator_motors,none,45596740,27209187,11.9,,C
29828422-511d-483e-a56c-ee8281a18751,ok,17761535.0,v1.14-1.15,0.0,0.0,0.0,True,0.0,0.0,0.13507962524890899,4.0,actuator_motors,none,6407834,4281317,6.1,,C
b8b82b60-d355-4289-a886-0875ae2eaa72,ok,17891583.0,v1.16+,0.03076923076923077,0.0,0.0,False,0.0,0.0,0.2177770733833313,4.0,actuator_motors,none,2526969,1958791,5.5,,C
6cc887a6-bc8a-497f-952e-294fcbbc8583,ok,17826047.0,v1.16+,0.07287933094384708,0.0,0.0,False,0.0,0.0,0.24846224933862682,4.0,actuator_motors,none,22347608,13046162,7.1,,B
e87980d4-2a61-4ede-bcf3-d3384612704e,ok,17761535.0,v1.14-1.15,0.0,0.0,0.0,True,,,,,actuator_motors,none,50247061,26202073,14.3,,A
cdcca667-1a33-4733-9f9b-6e94ed05d0f3,ok,17761535.0,v1.14-1.15,0.0,0.0,0.0,True,0.0,0.0,0.20865795388817787,4.0,actuator_motors,none,2455032,1784704,3.4,,C
4e38a1ce-4b30-42b4-b23f-72d8c737883e,ok,17695488.0,v1.14-1.15,0.0,0.0,0.0,True,0.0,0.0,0.3272319734096527,4.0,actuator_motors,none,15679089,8916899,4.9,,B
46b6b6f8-8e2a-4b4c-abc7-dbcb94936e4e,ok,17825984.0,v1.16+,0.0,0.2786885245901639,0.0,True,0.5831157528285466,10.800000000000004,0.4666197061538696,4.0,actuator_motors,none,38861482,16380755,7.2,,A
6d0c5beb-b758-4138-ab8f-17ec666285b8,ok,17695488.0,v1.14-1.15,0.0,0.0,0.0,True,0.0,0.0,0.09904232025146482,4.0,actuator_motors,none,3052601,2085254,3.7,,C
45582887-6f3d-4e95-8bdc-f0d0668309a9,ok,17695743.0,v1.14-1.15,0.9425287356321839,0.0,0.0,True,0.0,0.0,0.1444448292255401,4.0,actuator_motors,none,15240252,9409907,12.0,,B
17e0c485-4311-4717-a6ad-8405fe32ce5c,ok,17761280.0,v1.14-1.15,0.03843074459567654,0.0,0.0,True,0.0040609137055837565,0.30132700000000057,0.3245497092604637,4.0,actuator_motors,none,8255986,5100260,4.9,,C
9af058ed-2535-408a-99d2-532ee884313a,ok,17761280.0,v1.14-1.15,0.0,0.0,0.0,True,0.0,0.0,0.5186039209365845,4.0,actuator_motors,none,3293547,2449310,4.9,,C
21335375-9365-4b65-99c3-53fd2fb3bbb2,ok,17761535.0,v1.14-1.15,0.0,0.0,0.0,True,0.2001254705144291,14.398720000000004,0.9196639642119407,4.0,actuator_motors,none,6767369,4609170,10.3,,B
b542b8e7-2953-4c05-a5f6-12841b7bb488,ok,17695743.0,v1.14-1.15,0.0,0.0,0.0,True,0.502859971400286,7.392586000000001,0.5404825821518898,4.0,actuator_motors,none,8820443,4978597,10.8,,B
a36328cd-7c0c-46c1-ad51-a5f1e5fa36cf,ok,17629952.0,v1.12-1.13,0.0,0.0,0.0,True,0.0,0.0,0.16305216848850249,4.0,actuator_motors,none,82930651,46795496,24.5,,C
a889596f-c0ea-4221-a93a-43dd85f05e36,ok,17826047.0,v1.16+,0.0,0.0,0.0,True,,,,4.0,actuator_motors,none,2346474,1652676,2.6,,B
fa219b1e-d556-4199-b9b2-b8308086522c,ok,17694975.0,v1.14-1.15,0.0,0.0,0.0,True,,,,4.0,actuator_motors,none,116651694,50782719,25.8,,C
6df1f5e9-5628-4cf7-9b89-e151d7040aab,ok,17170944.0,v1.12-1.13,0.0,0.0,0.0,True,0.0,0.0,0.07454588413238525,4.0,actuator_motors,none,32636886,12914156,5.0,,B
e05f86fb-d594-404c-ae9d-2985d6124a01,ok,17891583.0,v1.16+,0.0,0.0,0.0,True,0.0,0.0,0.05854432508349418,4.0,actuator_motors,none,11186552,3036115,4.2,,A
f3e8f40a-5013-4d59-bb7e-924a49abf813,ok,17695999.0,v1.14-1.15,0.0,0.05011389521640091,0.0,True,0.0,0.0,0.07926733195781707,4.0,actuator_motors,none,24043076,14745539,8.7,,C
611b0f77-2208-484a-8bc7-977b2aa2f872,ok,17695743.0,v1.14-1.15,0.0,0.0,0.0,True,0.0,0.0,0.12244565188884728,4.0,actuator_motors,none,26548644,16632695,7.9,,C
cd49a203-accb-473c-babd-e382dcc1aa64,ok,17891392.0,v1.16+,0.0,0.26006191950464397,0.0,True,0.0,0.0,0.09324310719966888,4.0,actuator_motors,none,45633062,18329029,9.8,,C
5071a159-9124-434f-ba2a-280ac279b691,ok,17891392.0,v1.16+,0.0,0.0,0.03550295857988166,True,0.005208333333333333,0.19941999999999993,0.16868667751550673,4.0,actuator_motors,none,4420329,3167391,4.7,,C
4f7b15b6-76ee-4ca4-b188-3a6717a7b9d0,ok,17825792.0,v1.16+,0.0,0.0,0.0,True,0.0,0.0,0.11075003743171695,4.0,actuator_motors,none,14217629,9433670,5.3,,B
715031d6-d126-4250-a36a-71d7b1d961f2,ok,17695488.0,v1.14-1.15,0.4107883817427386,0.0,0.0,True,1.0633320573348645e-05,0.0037869999999884385,0.15783440470695487,4.0,actuator_motors,none,36521460,22873851,9.8,,B
73fac1f4-0e6d-4016-9973-96f5400c5c3d,ok,17629696.0,v1.12-1.13,,,0.0,True,0.001736111111111111,0.19962999999999909,0.45198675990104686,4.0,actuator_motors,none,7030802,3960494,3.1,,C
4e3d0891-dd6d-454d-80ea-69f3256a7974,ok,17695232.0,v1.14-1.15,0.0,0.07262569832402235,0.0,True,0.0,0.0,0.1112653374671936,4.0,actuator_motors,none,2929315,2026964,2.4,,B
01243e0e-431c-4b0a-b150-0dc699a521b7,ok,17564416.0,v1.12-1.13,0.0,0.0,0.0,True,,,,8.0,actuator_outputs,bus,2503183,2032691,2.3,,B
d0dc9a0b-0d75-458a-9ca4-8cd50d9ae569,ok,17630207.0,v1.12-1.13,0.0,0.0,0.0,True,,,,4.0,actuator_outputs,per_channel,3397873,2265056,2.7,,C
4503dcb0-1fe4-4200-a0ea-e6e437b22884,ok,17761535.0,v1.14-1.15,0.0,0.17801047120418848,0.0,True,0.0,0.0,0.23375855684280392,4.0,actuator_motors,none,7744126,5342964,4.1,,B
3c1feb78-824b-44bc-b29b-7cce052f3434,ok,17694912.0,v1.14-1.15,0.0,0.0,0.0,True,4.021232105517131e-05,0.011021000000000392,0.3328452993184327,4.0,actuator_motors,none,23964064,15118849,7.3,,A
ef0bf480-4c20-4c67-8144-1db7a79a9581,ok,17761280.0,v1.14-1.15,0.0,0.0,0.0,True,0.0,0.0,0.09992616176605225,4.0,actuator_motors,none,20276231,12143326,12.5,,B
7607d78b-1251-4821-aab8-c8848cde0884,ok,17760767.0,v1.14-1.15,0.0,0.0,0.0,True,0.0,0.0,0.1953693717718124,4.0,actuator_motors,none,6640677,4562085,4.0,,A
1a018fe7-ce8f-4ce7-a5b3-6b7a4dcd4a23,ok,17695743.0,v1.14-1.15,0.0,0.0,0.0,False,0.00010109179134654265,0.0037269999999978154,0.44368388652801505,4.0,actuator_motors,none,53361368,17484754,17.1,,B
1cc60a6c-1f4d-4ffb-a2bf-3cae1a94a5d2,ok,17761280.0,v1.14-1.15,0.0,0.0,0.0,True,0.0,0.0,0.15678720474243166,4.0,actuator_motors,none,2600971,1817832,2.2,,C
6a633774-1068-4444-b755-43d347901ba1,ok,17891392.0,v1.16+,0.0,0.0,0.0,True,,,,4.0,actuator_motors,none,7405568,4469708,3.9,,A
c5712063-6a8a-4360-af0c-3d3b8c2b3348,ok,17761535.0,v1.14-1.15,0.0,0.0,0.0,True,0.00919963201471941,1.4010310000000175,0.3198237761855125,4.0,actuator_motors,none,8641060,5388271,4.0,,B
96f6cb90-d0c3-405f-b4e7-1f1ea198142f,ok,17695743.0,v1.14-1.15,0.0,0.02109704641350211,0.0,True,0.0,0.0,0.39516720175743103,4.0,actuator_motors,none,37560503,24022003,10.4,,C
5824b695-eece-4f9b-a852-23bdec3a34cd,ok,17629951.0,v1.12-1.13,0.0,0.0,0.0,True,0.0,0.0,0.26354999999999995,6.0,actuator_outputs,per_channel,12386304,7308998,12.0,,C
05b52cea-2b8d-4057-838c-5943d28d7960,ok,17630207.0,v1.12-1.13,0.0,0.0,0.0,True,0.0,0.0,0.18375,6.0,actuator_outputs,per_channel,3931585,2548249,7.9,,B
6cb076a1-ad43-4419-9f53-a6f844c46421,ok,17629952.0,v1.12-1.13,0.025347506132461162,0.0,0.0,False,0.0,0.0,0.874,6.0,actuator_outputs,per_channel,24733517,14709521,15.7,,B
d74a4cfe-671a-4796-9001-c26e902010fb,ok,17629695.0,v1.12-1.13,0.005603164139749505,0.0,0.0,True,0.0,0.0,0.36811927258968347,4.0,actuator_motors,none,202899415,115285852,41.8,,B
7410b678-7a41-4dab-8ede-16afb68383da,ok,17761280.0,v1.14-1.15,0.07383966244725738,0.056962025316455694,0.0,True,0.005084575110753121,0.4476279999999999,0.2400000090587273,4.0,actuator_motors,none,26104647,14783813,10.1,,A
5f55e4d7-55fb-4ad0-94f9-86fd676d6f4a,ok,17825792.0,v1.16+,0.0,0.0,0.0,True,0.0,0.0,0.25609850585460664,4.0,actuator_motors,none,31826728,13643650,11.2,,A
4cc3ca74-6dac-4abe-8570-9b43c334902e,ok,17761280.0,v1.14-1.15,0.0,0.0,0.0,True,0.0,0.0,0.16648632287979126,4.0,actuator_motors,none,2829713,2048275,1.3,,B
0fc5ec68-b499-44d3-88ce-b66928cf8be0,ok,17630207.0,v1.12-1.13,0.0,0.0,0.0,True,0.0,0.0,0.2971807271242142,4.0,actuator_motors,none,22614573,12730224,8.2,,B
08f0d61f-e0a1-4207-8233-0a03dc2a73a7,ok,17826240.0,v1.16+,0.0,0.0,0.0,True,0.0,0.0,0.11901126801967621,4.0,actuator_motors,none,12749036,7756893,7.6,,A
1eda2d22-4b04-4cc8-817b-603d775195ca,ok,17630207.0,v1.12-1.13,1.0,0.0,0.0,True,,,,6.0,actuator_outputs,per_channel,19384015,8972351,7.8,,B
8ecf4cc0-7a62-4525-b013-011b5e4fcfbb,ok,17761535.0,v1.14-1.15,0.0,0.0,0.0,True,0.0,0.0,0.25411440432071686,4.0,actuator_motors,none,18237755,11971045,7.4,,A
5405cdbb-27ee-4d00-b2ed-4dfe6f92a0df,ok,17761280.0,v1.14-1.15,0.0,0.0,0.0,True,0.1208955223880597,0.206542,0.9999999688582119,4.0,actuator_motors,none,36155517,18045241,12.5,,B
fa78e324-5891-4db6-95e7-913dda4a4fe3,ok,17761535.0,v1.14-1.15,0.08450704225352113,0.0,0.0,True,0.0,0.0,0.17894245982170104,4.0,actuator_motors,none,88025561,24651986,29.5,,C
ebba33eb-7512-4297-9b36-c810346b6494,ok,17956992.0,v1.16+,0.0,0.01399825021872266,0.0,True,0.0,0.0,0.0010466694831848143,4.0,actuator_motors,none,269818979,120507710,54.1,,A
891a6505-c042-4bb2-8732-dce802caad85,ok,17694720.0,v1.14-1.15,0.0,0.17133956386292834,0.0,True,0.0,0.0,0.1172917723655699,4.0,actuator_motors,none,6004836,4038143,3.9,,B
42aa2344-e06c-45a4-877c-9f5945930b68,ok,17695488.0,v1.14-1.15,0.0,0.0,0.0,True,0.0,0.0,0.12115978598594665,4.0,actuator_motors,none,69942455,18162569,17.0,,A
e4ae1376-d436-494e-a3b4-1d66f415af4c,ok,17694975.0,v1.14-1.15,0.0,0.0,0.0,True,0.0,0.0,0.09588837176561353,4.0,actuator_motors,none,3392401,2357807,3.1,,A
85197c88-8bbc-4cdd-bd52-d84d60ef3a00,ok,17826047.0,v1.16+,0.0,0.0,0.0,True,0.0,0.0,0.14265774190425873,4.0,actuator_motors,none,56167911,36919305,35.1,,B
38737092-fad7-4f3c-8b0f-6f1a9e64cc56,ok,17170944.0,v1.12-1.13,0.0,0.0,0.0,False,0.0006071645415907711,0.09999999999999432,0.35118388235568954,4.0,actuator_motors,none,121427399,37196233,42.9,,C
4c453b12-9362-41f6-b075-dcc4e7337ee9,ok,17761280.0,v1.14-1.15,0.01154480483782298,0.009345794392523364,0.0,True,0.0,0.0,0.25756103694438903,4.0,actuator_motors,none,97075704,43832792,33.4,,A
9cf6469a-1726-4284-a094-f0b9ba8a60de,ok,18350336.0,v1.16+,0.0,0.0,0.0,True,0.0,0.0,0.12666666666666665,6.0,actuator_outputs,bus,274323593,125662209,83.9,,C
e1a04338-574c-4c12-b115-cadd9467dd6e,ok,17891392.0,v1.16+,0.0,0.7624309392265194,0.038560411311053984,True,0.19738751814223512,2.2015550000000026,0.20073904395103462,4.0,actuator_motors,none,3902754,2698097,3.8,,B
7d5b533e-7a2d-4995-9e9a-49582c4cadc2,ok,17694720.0,v1.14-1.15,0.11049723756906077,0.0,0.0,True,0.0,0.0,0.20268793702125548,4.0,actuator_motors,none,8540867,5580901,3.9,,A
30e3585c-32ab-41af-8911-beda386456a7,ok,17498367.0,v1.12-1.13,0.0,0.17073170731707318,0.0,True,0.0,0.0,0.18914285714285708,6.0,actuator_outputs,global,1816809,1250535,2.1,,B
8c2ca824-8eca-4755-a48d-5616c9db512c,ok,17760384.0,v1.14-1.15,0.0,0.0,0.0,True,0.0,0.0,0.16584975272417068,4.0,actuator_motors,none,5368210,3631830,3.9,,C
2d9dc3d2-60f9-4272-ae6b-a73e545b6af3,ok,17826047.0,v1.16+,0.00684931506849315,0.0,0.04941860465116279,True,0.0016234616391725583,0.027605000000000324,0.1867596864700317,4.0,actuator_motors,none,7862554,4722373,4.1,,A
eae909cc-c23f-4fc9-bd31-e4f146028b1c,ok,17630207.0,v1.12-1.13,0.0,0.0,0.03018867924528302,True,0.013478818998716302,2.897467000000006,0.35313531011343,4.0,actuator_motors,none,14203633,8932355,5.8,,C
277c496d-4f2a-4e68-a3c7-982ab4482427,ok,17761535.0,v1.14-1.15,0.0,0.0,0.0,True,5.427506603466368e-05,0.010495000000020127,0.41242388635873795,4.0,actuator_motors,none,24153667,14714456,10.1,,C
686c182a-eec6-4554-b0b3-5d403e049a20,ok,17695488.0,v1.14-1.15,0.027777777777777776,0.0,0.0027472527472527475,False,0.0,0.0,0.16223101071518603,4.0,actuator_motors,none,37683200,10490344,10.3,,B
f1f536cd-f698-4b73-9a1e-5eea5749eae6,ok,67441920.0,,0.0,0.0,0.0,True,0.02143174511905073,4.427193999999986,0.9,6.0,actuator_outputs,bus,85543716,46498201,20.4,not_px4_v4,
3a4a07a5-a053-4e87-a4d8-e2926821573d,ok,17630207.0,v1.12-1.13,0.0,0.0,0.0,True,0.0,0.0,0.524,6.0,actuator_outputs,per_channel,3782624,2234456,3.8,,C
a460b418-d3b0-41ed-93eb-c926316ca4ca,ok,17694975.0,v1.14-1.15,0.0,0.11293260473588343,0.0,True,0.0,0.0,0.13221148252487167,4.0,actuator_motors,none,11031478,6966380,4.7,,A
b7c68433-a6aa-4235-bbaf-1dbf40104915,ok,17695488.0,v1.14-1.15,0.0,0.0,0.0,True,,,,4.0,actuator_motors,none,27117693,13411419,6.5,,A
f95d23c6-9ba5-46c9-a7be-38e84a7e708a,ok,17826047.0,v1.16+,0.00460546515198035,0.0,0.0,True,0.0007320197645336424,0.29749900000001617,0.26242398023605346,4.0,actuator_motors,none,77736131,47746367,17.0,,A
8db0ea75-8b73-428e-ae0c-857ccdb66c0c,ok,17761280.0,v1.14-1.15,0.0,0.0,0.0,True,0.0,0.0,0.412721686810255,4.0,actuator_motors,none,8319520,5787965,5.1,,B
ad3ea7e0-5049-4eaa-a639-5d4403709076,ok,17569023.0,v1.12-1.13,0.0,0.0,0.0,True,0.0,0.0,0.30333333333333334,4.0,actuator_outputs,bus,10371578,5508693,5.6,,B
7a1b3a5d-c531-49be-8300-23e78d6ef991,ok,17694720.0,v1.14-1.15,0.025954198473282442,0.03816793893129771,0.018001241464928614,False,0.022002551020408163,3.4034090000000106,0.2784448340535164,4.0,actuator_motors,none,11120757,7273534,4.7,,B
b82b07f5-525c-480a-abd5-370f66ba87ee,ok,1610941952.0,,0.0,0.0,0.0,True,0.0,0.0,0.626,8.0,actuator_outputs,per_channel,15224449,7524451,5.5,not_px4_v96,
a60a47b9-15f1-4dbc-8b48-3da45c7ca97e,ok,17826047.0,v1.16+,0.0,0.12087912087912088,0.0,True,0.027659574468085105,1.0,0.18355183005332826,4.0,actuator_motors,none,39119959,14646988,12.0,,A
0ea3681a-92df-4805-aa7e-0b71a75ba85d,ok,17639168.0,v1.12-1.13,0.0,0.0,0.012235449735449735,True,0.0023492560689115116,0.5446850000000723,0.15971363633871064,4.0,actuator_motors,none,66279682,37603377,14.5,,A
d256b5f4-218b-4aaa-8581-38b13efcf715,ok,17825920.0,v1.16+,0.0,0.0,0.0,True,0.0,0.0,0.21753674745559692,4.0,actuator_motors,none,2640802,2219447,2.8,,B
e64ba0ec-138c-4d43-a1ed-c80f05138be0,ok,33620416.0,,0.0,0.0,0.0,True,0.0,0.0,0.24452681243419647,4.0,actuator_motors,none,11126886,6548175,3.7,not_px4_v2,
0b707ec7-aeb5-43a1-824e-b53f540c0890,ok,17694720.0,v1.14-1.15,0.0,0.0,,True,0.0,0.0,0.4168275575046153,4.0,actuator_motors,none,6865282,4155407,2.8,,B
ca4a7dd7-b71a-470d-9db6-537f3c12a3d0,ok,17826047.0,v1.16+,0.0,0.0,0.0,True,0.0,0.0,0.3257557272911072,4.0,actuator_motors,none,5811695,4153156,4.5,,C
f5ecb831-f1d1-4c06-ac9b-99b06b39507a,ok,17563904.0,v1.12-1.13,0.0070921985815602835,0.0070921985815602835,0.0,True,0.0,0.0,0.4308571428571429,6.0,actuator_outputs,bus,2189691,1668498,5.3,,A
6626b235-e8ae-4228-b92b-6805aa110f82,ok,17630207.0,v1.12-1.13,0.0,0.0,0.0,True,0.0,0.0,0.38099999999999995,6.0,actuator_outputs,per_channel,24009338,13192551,13.7,,B
f390c6e1-8028-41e8-957a-cd91105d55ac,ok,17760256.0,v1.14-1.15,0.0,0.0,0.0,True,9.298472514560562e-05,0.037461000000007516,0.10755152404308309,4.0,actuator_motors,none,45471359,28202636,14.8,,A
73f350f7-8413-44b7-8f0e-837e0a780b21,ok,17826304.0,v1.16+,0.040087863811092805,0.0,0.0,True,0.00990857831061477,0.699997999999999,0.4720398783683777,4.0,actuator_motors,none,86806496,56519222,18.5,,C
b45160d9-2a57-4ea0-899c-2bf6f17f7fcc,ok,17825984.0,v1.16+,0.0,0.0,0.0,True,0.0,0.0,0.00445813536643982,4.0,actuator_motors,none,21107067,8552667,8.2,,B
540db462-de02-437a-8ff9-b58d52c614eb,ok,17564671.0,v1.12-1.13,0.09701492537313433,0.0,0.0,True,,,,6.0,actuator_outputs,none,7878213,4305494,3.7,,C
bdcb789b-0e16-4a4d-812f-ca32f363bbc8,ok,17891392.0,v1.16+,0.0,0.19745222929936307,0.0,True,0.0,0.0,0.04919362664222698,4.0,actuator_motors,none,18177401,9099535,4.9,,C
aade289c-3aef-4d0f-a03c-92db527221e1,ok,17694720.0,v1.14-1.15,0.0,0.0729483282674772,0.0,True,0.0,0.0,0.19392407089471816,4.0,actuator_motors,none,5609602,3667178,4.3,,B
4d82e666-d865-4056-a184-3b39dc3b605d,ok,17694975.0,v1.14-1.15,0.0,0.0,0.0,True,0.031914893617021274,0.8014320000000019,0.40076426863670345,4.0,actuator_motors,none,6180265,3870255,4.4,,B
2b7ba021-f184-48ee-a83b-0f19d05bc14d,ok,17891583.0,v1.16+,0.0,0.0,0.04774535809018567,True,0.10026737967914438,3.244960000000006,0.8765619844198227,4.0,actuator_motors,none,8329732,5353676,4.4,,B
feda1984-155a-47ea-9aa5-d8858b12b17a,ok,17760384.0,v1.14-1.15,0.0,0.0,0.0,True,0.0,0.0,0.09873123168945312,4.0,actuator_motors,none,27932394,18610849,7.8,,A
0bba0f63-5f36-44ed-9b9a-f470ffec3da8,ok,17826047.0,v1.16+,0.0,0.0,0.0,True,0.0,0.0,0.23218040466308593,4.0,actuator_motors,none,7737744,4912294,1.8,,B
594ee734-e21c-4d1f-acbe-4ab501dc304d,ok,17432576.0,v1.12-1.13,0.0,0.0,0.0,True,0.0,0.0,0.28170731707317076,6.0,actuator_outputs,global,13818898,6516844,4.3,,B
f0d49fce-0af1-488a-bc1e-d558356cb76d,ok,17695743.0,v1.14-1.15,0.6354166666666666,0.0,0.0,True,0.02092511013215859,0.20032499999999942,0.9034366321690049,4.0,actuator_motors,none,4161446,3110750,3.8,,B
fc96d4f6-e675-4634-86d1-79135d504027,ok,17694720.0,v1.14-1.15,0.0,0.3333333333333333,0.0,True,0.0,0.0,0.15413185954093933,4.0,actuator_motors,none,15327802,4094381,5.2,,A
5ffcf209-d767-4b19-b0dd-2d900b1777a1,ok,17695743.0,v1.14-1.15,0.0,0.17194570135746606,0.0,False,0.02361111111111111,0.1039999999999992,0.08725859411060802,4.0,actuator_motors,none,16861047,7089141,6.0,,C
f377f6bd-e652-486f-8b97-3eecf987070c,ok,17695488.0,v1.14-1.15,0.0,0.0379746835443038,0.0,True,0.0008756567425569177,0.10141800000000956,0.14457050263881688,4.0,actuator_motors,none,4681374,3011423,4.7,,B
df75252c-e137-4609-b692-d20701d62e9e,ok,16842880.0,v1.12-1.13,0.0,0.0,0.0,True,0.0,0.0,0.24814161062240597,4.0,actuator_motors,none,11177515,6718320,5.2,,C
6d854fb4-4d1d-4aa1-a711-1090dc66adb0,ok,17891392.0,v1.16+,0.0,0.0,0.0,True,,,,4.0,actuator_motors,none,27066368,15851333,8.1,,B
b064faea-b5e8-46ef-a874-518922e928e6,ok,17760256.0,v1.14-1.15,0.0,0.0,0.0,True,0.308411214953271,2.6979770000000016,0.49317071735858914,4.0,actuator_motors,none,34502753,16079537,9.3,,C
9e3cec7e-caca-484b-a6f5-ac9273914402,ok,17760384.0,v1.14-1.15,0.0,0.0,0.0,True,,,,4.0,actuator_motors,none,11730944,7553271,5.2,,C
635eb49b-55a9-4df4-a7a8-472108a7da0c,ok,17170432.0,v1.12-1.13,0.0,0.0,0.0,True,0.0037222851594109077,0.3064229999999952,0.5257142857142857,6.0,actuator_outputs,global,26877813,14635991,6.2,,A
6263d9ec-af59-48da-aebe-dee75c8d30f0,ok,17761535.0,v1.14-1.15,0.0,0.0,0.0,True,0.0,0.0,0.1772197559475899,4.0,actuator_motors,none,8119385,4527881,4.7,,B
5c703fed-e6cd-41d2-9f3e-cdd5a5c8cf3c,ok,17629952.0,v1.12-1.13,0.0,0.0,0.0,True,0.0,0.0,0.24291773289442062,4.0,actuator_motors,none,6436668,4167777,4.8,,C
c3e56705-eb74-45d4-b691-18a590465ae5,ok,17760511.0,v1.14-1.15,0.0,0.0,0.0,True,0.0,0.0,0.2097457632422447,4.0,actuator_motors,none,2890477,2012532,3.2,,B
7384174d-b8a3-446a-a9f9-dd9675344230,ok,17826047.0,v1.16+,0.0,0.0,0.0,True,0.0001585942208265931,0.006481999999991217,0.17640991210937496,4.0,actuator_motors,none,12880264,7208749,10.4,,C
5db6c7a1-df35-4963-b443-64a0fe36085a,ok,17563904.0,v1.12-1.13,0.0,0.0,0.0,True,0.0,0.0,0.5,7.0,actuator_outputs,bus,98703650,38392479,19.4,,A
5f25cf85-1587-4f39-81ec-9746e86d8884,ok,17761023.0,v1.14-1.15,0.0,0.0,0.0,True,,,,4.0,actuator_motors,none,46035009,24822759,10.1,,C
68d30297-7204-49d8-8a81-bc606d96f98e,ok,17760768.0,v1.14-1.15,0.0,0.01859799713876967,0.0,True,,,,,actuator_motors,none,14195445,8694338,7.7,,C
5a7fbbc6-37a6-4dd3-9e09-c2ddb41f1192,ok,17630207.0,v1.12-1.13,0.0,0.0,0.0,True,,,,4.0,actuator_outputs,per_channel,6024030,3794051,4.7,,C
b9ff0ece-82b6-4b1c-a43a-a71e0e98963d,ok,17891583.0,v1.16+,0.0,0.0,0.0,True,0.0,0.0,0.298640608787536,4.0,actuator_motors,none,36888795,13652280,8.3,,B
a00fb082-b490-4b74-85d5-553101ce6d6e,ok,17826047.0,v1.16+,0.0,0.0,0.0,True,0.0,0.0,0.24926881194114686,4.0,actuator_motors,none,92774379,56397105,25.8,,C
f7dc8968-a583-43c7-ba0f-23587449226c,ok,17761280.0,v1.14-1.15,0.0,0.011808118081180811,0.0,True,0.0,0.0,0.26889853626489635,4.0,actuator_motors,none,25022735,17063740,4.9,,C
840f1d6c-7342-4ee0-bb43-e9a4d63d2e2b,ok,17761023.0,v1.14-1.15,0.0,0.0,0.0,True,0.0,0.0,0.018229269981384272,4.0,actuator_motors,none,19756765,8797449,4.2,,B
2dce1242-dd61-4d0c-b724-76683ea2a4c2,ok,17367040.0,v1.12-1.13,0.0,0.0,0.0,True,0.0,0.0,0.18180491030216217,4.0,actuator_motors,none,14613324,8922141,6.6,,A
59102137-d76d-4cd3-bee7-7a655235fb62,ok,17760384.0,v1.14-1.15,0.0,0.0,0.0,True,0.0,0.0,0.09597949087619781,4.0,actuator_motors,none,23420386,14189808,9.8,,C
9434f26d-e4a0-4115-87c1-3d241b7fb72f,ok,17760256.0,v1.14-1.15,0.0,0.0,0.0,True,0.0011980830670926517,0.1997559999999794,0.3767148584127426,4.0,actuator_motors,none,23232389,15288168,9.1,,A
9bca7da8-e329-4b4b-a3ab-2792247dcb7a,ok,17499135.0,v1.12-1.13,0.0,0.0,0.0,False,,,,6.0,actuator_outputs,none,16496730,5339441,6.4,,A
066954dd-411e-450c-9f26-c99033c6efcb,ok,17695488.0,v1.14-1.15,0.4897959183673469,0.0,0.0,False,0.008021923268560039,0.19588800000000361,0.4867006495925326,4.0,actuator_motors,none,8230155,4897948,3.3,,C
8997bfed-7424-4ce0-a77f-7824c1087587,ok,17630207.0,v1.12-1.13,0.0,0.0,0.0,True,0.0,0.0,0.1953499999999999,6.0,actuator_outputs,per_channel,2561571,1757515,2.2,,A
92da7a00-7889-4e0c-9cb1-ae90ddbcb062,ok,17891583.0,v1.16+,0.0,0.0,0.0,True,0.0,0.0,0.05188782215118408,4.0,actuator_motors,none,2897319,2239091,3.0,,C
6a14fb95-3e37-4a98-bb86-df2b3d2cda0d,ok,17761535.0,v1.14-1.15,0.0,0.0,0.04302670623145401,True,0.05247148288973384,4.50057000000001,0.5822725176811142,4.0,actuator_motors,none,5619298,3719823,4.0,,B
a83f3d13-7754-47a1-bd53-932fd2b60704,ok,17826303.0,v1.16+,0.0,0.0,0.0,True,,,,4.0,actuator_motors,none,12565473,2754349,18.6,,B
062e1601-0d90-4369-a795-14d580f39330,ok,17498880.0,v1.12-1.13,0.0,0.0,,True,0.0,0.0,0.484,8.0,actuator_outputs,global,131779392,82115156,42.8,,A
c237b6b8-81f9-4c86-a7ec-d05a50b5556d,ok,17761280.0,v1.14-1.15,0.0,0.0,0.0,True,0.0,0.0,0.19298952817916873,4.0,actuator_motors,none,21548769,13308451,18.1,,C
08d0a133-1b10-4d19-b163-d2b2d8a2356b,ok,17694720.0,v1.14-1.15,0.9918533604887984,0.0,,True,0.0,0.0,0.34080888178006885,4.0,actuator_motors,none,6762592,4075038,3.1,,C
7c393f31-7099-4464-b323-22d41414548f,ok,17760512.0,v1.14-1.15,0.0,0.0,0.0,True,0.0,0.0,0.1054011881351471,4.0,actuator_motors,none,12059377,7474408,4.1,,C
6d0ff9eb-df72-4445-8d91-af99cf714323,ok,17761280.0,v1.14-1.15,0.0,0.0,0.0,True,,,,4.0,actuator_motors,none,160769013,56831188,43.2,,C
c58d1f04-0913-4f4a-a50f-556f432b6e97,ok,17760512.0,v1.14-1.15,0.0,0.0,0.15346225826575172,True,0.04803767660910518,2.401112999999981,0.39617058038711545,4.0,actuator_motors,none,13058420,7988458,6.6,,B
63b90401-6177-44d2-b97d-60b5f3a886a5,ok,17629951.0,v1.12-1.13,0.009596928982725527,0.0,0.0,True,0.0,0.0,0.44899999999999995,6.0,actuator_outputs,per_channel,10936015,6195925,3.7,,A
98dbc16e-666a-496a-b915-e5ff0c73ce39,ok,17891583.0,v1.16+,0.1232876712328767,0.3150684931506849,0.0,True,0.0,0.0,0.33676306903362274,4.0,actuator_motors,none,3403185,2947012,3.4,,C
6309d940-5bb8-4044-ad4d-fb031835a2d3,ok,17564416.0,v1.12-1.13,0.08803986710963455,0.0,0.0,True,0.0,0.0,0.8251428571428572,6.0,actuator_outputs,bus,9486336,5709705,7.6,,B
8a064495-d21a-4064-85b9-69fe2a5acb8b,ok,17695743.0,v1.14-1.15,0.0,0.0,0.0,True,0.0,0.0,0.661024934053421,4.0,actuator_motors,none,15619544,8800333,6.9,,B
38c4a482-3a79-4d36-b03c-d3adacd00cc4,ok,17629696.0,v1.12-1.13,,,0.0,True,0.0,0.0,0.24763467162847524,4.0,actuator_motors,none,31610278,16603027,11.7,,C
4141b556-a0c2-4201-8fbe-e6eb52f4c8c8,ok,17891583.0,v1.16+,0.0,0.0,0.0,True,0.004965243296921549,0.3007510000000053,0.39914707839488983,4.0,actuator_motors,none,4461944,3307039,4.7,,B
cfd0376a-e8eb-4eb9-acdc-ab8472c5e5af,ok,17826559.0,v1.16+,0.0,0.0,0.0,True,0.007702182284980745,0.20084800000000058,0.1159007549285888,4.0,actuator_motors,none,3513540,2668245,5.0,,C
45344ff1-e9e1-4175-9741-bc031c8ee497,ok,17891392.0,v1.16+,0.0,0.0,0.0,True,,,,4.0,actuator_motors,none,109736315,38328924,16.8,,A
99b539dd-d66f-4e36-9fb6-129165e11743,ok,17761535.0,v1.14-1.15,0.0,0.0,0.0,True,0.0,0.0,0.15580202639102936,4.0,actuator_motors,none,5996894,4102110,3.3,,C
e0d51863-a3f0-45d6-aa17-7329f62a518c,ok,17761535.0,v1.14-1.15,0.0,0.0,0.0,True,0.0014847809948032665,0.19844799999999907,0.32231799364089964,4.0,actuator_motors,none,5890448,4145438,3.3,,C
4024baba-79e4-46b2-b545-24ab667640fe,ok,17760767.0,v1.14-1.15,0.0,0.0,0.0,True,0.0,0.0,0.07628044486045828,4.0,actuator_motors,none,2827619,2263927,3.6,,B
3acd88c0-8496-420b-ba54-ff67e7e7122a,ok,17694720.0,v1.14-1.15,0.0,0.0,0.0,False,0.0,0.0,0.23610829114913934,4.0,actuator_motors,none,5759663,3628924,4.2,,B
300a0a1c-3cbe-4beb-8a5b-b4241b911d4f,ok,17760511.0,v1.14-1.15,0.009302325581395349,0.0,0.0,True,0.0,0.0,0.20644010603427887,4.0,actuator_motors,none,26474567,15121268,6.4,,B
f6ddeab3-8832-4f84-9bfb-d85af6465844,ok,17761280.0,v1.14-1.15,0.010291595197255575,0.0,0.0,True,0.0,0.0,0.06781035661697388,4.0,actuator_motors,none,23971689,13291177,6.2,,C
259e9890-d6a1-4b3f-b481-4109280e982b,ok,17695743.0,v1.14-1.15,0.0,0.0,0.0,True,0.007168458781362007,0.3001300000000029,0.27494637966156,4.0,actuator_motors,none,4387186,2698050,3.2,,B
31b22693-3830-4550-ba5e-52ec4ab4263e,ok,17825984.0,v1.16+,0.0,0.0,0.0,True,0.0,0.0,0.2873826816678047,4.0,actuator_motors,none,5780814,4000999,3.6,,B
8d49233c-67a8-431e-88f3-21e236d5f8a8,ok,17891392.0,v1.16+,0.0,0.0,0.0,True,0.0,0.0,0.5485321179148741,4.0,actuator_motors,none,7718365,5565546,5.0,,B
d6a75cb7-58a5-47ad-b0d7-eabf48adae3c,ok,17761535.0,v1.14-1.15,0.0,0.0,0.0,True,,,,4.0,actuator_motors,none,38469632,12232705,14.4,,C
ab1ad8f4-27f3-4319-9fd9-acada91b73d2,ok,17695488.0,v1.14-1.15,0.003928571428571429,0.0,0.0,True,0.10511323173337131,0.8013390000000982,0.7969160772860047,4.0,actuator_motors,none,47081457,29300101,18.9,,C
e16f2346-c965-46e2-b502-018b5862fdef,ok,16777728.0,v1.12-1.13,0.0,0.0,0.0,True,0.0,0.0,0.3052865147590637,4.0,actuator_motors,none,50996037,23468046,14.3,,C
4b38c44f-7a8a-4a2d-a522-04850d28b3d3,ok,17498367.0,v1.12-1.13,0.0,0.0,0.0,True,0.0,0.0,0.43885714285714283,6.0,actuator_outputs,global,6447823,3456804,4.2,,B
f0dbd745-8dfa-4c4d-8c37-d17a8a76d5a0,ok,17629696.0,v1.12-1.13,0.0,0.0,0.0,True,0.0,0.0,0.18605576874688265,4.0,actuator_motors,none,18501068,11752027,6.7,,C
c976e450-83eb-4129-a023-a96a9ce8842b,ok,17694720.0,v1.14-1.15,0.0,0.0,0.0,True,0.0,0.0,0.6428154170513153,5.0,actuator_motors,none,3110213,1550516,2.6,,A
6cdcccc0-5465-438b-9ff4-4bd90c435542,ok,17761023.0,v1.14-1.15,0.0,0.0,0.0,True,0.0,0.0,0.2735409945249558,4.0,actuator_motors,none,40770317,25930723,17.5,,C
03d818ef-e11e-434a-ac0d-8b7706e0a99b,ok,17694975.0,v1.14-1.15,0.0,0.0,0.0,True,0.0033641481893375963,0.32893900000001963,0.5013817653059962,4.0,actuator_motors,none,26824178,17059155,11.3,,B
d72a3ae8-a86d-4c13-b8ca-bc359a616fb1,ok,17761535.0,v1.14-1.15,0.0,0.0,0.0,True,0.0055658627087198514,0.10191600000000278,0.36039282530546174,4.0,actuator_motors,none,2608118,1947997,3.9,,C
af15e570-dc0e-42af-b7a0-6323e3307288,ok,17761535.0,v1.14-1.15,0.0,0.0,0.0,True,7.578092240538751e-05,0.003716999999937798,0.6251823529601094,4.0,actuator_motors,none,77498339,46165509,16.5,,A
3351f2a6-01ff-4ebf-903d-49f04b1aedbb,ok,17891583.0,v1.16+,0.0,0.0,0.0,True,0.0,0.0,0.28622233867645264,4.0,actuator_motors,none,3737300,2643143,3.8,,A
b06be6ed-acfc-4a67-912d-d816da05c40b,ok,17761535.0,v1.14-1.15,0.0,0.11282051282051282,0.0,True,0.0,0.0,0.1230690598487854,4.0,actuator_motors,none,10666079,6828376,6.1,,B
06c2f090-75d0-4d2a-8205-486925a060f0,ok,17761535.0,v1.14-1.15,0.0,0.0,0.04259634888438134,True,0.04690231851007222,4.0077989999999915,0.514623750909231,4.0,actuator_motors,none,13849716,7131899,8.7,,C
c351d264-e188-4fb5-8970-991505ee6adb,ok,17826559.0,v1.16+,0.0,0.0,0.0,True,0.0,0.0,0.11154318749904626,4.0,actuator_motors,none,23159054,10906236,9.5,,C
e9aadc60-346f-4cd0-a1f8-3828c5a94510,ok,17760511.0,v1.14-1.15,0.01984126984126984,0.0,0.0,True,0.0,0.0,0.09366951882839204,4.0,actuator_motors,none,54116569,33034444,20.2,,C
033f91af-7aa2-424f-8c64-25ce517f6a7c,ok,17760511.0,v1.14-1.15,0.0,0.0,0.0,True,0.0004991608594999745,0.03912300000001778,0.3174541145563124,4.0,actuator_motors,none,199596198,50158508,40.1,,C
a879317a-4e31-4767-9b86-a42a8cd11e2f,ok,17499135.0,v1.12-1.13,0.0,0.0,,True,0.0,0.0,0.35500000000000004,8.0,actuator_outputs,global,15843421,10270335,4.4,,B
d10bfbec-5372-4d3d-87a8-fee2a8edb574,ok,17761535.0,v1.14-1.15,0.0,0.0,0.13463241806908768,True,0.04891304347826087,0.5014589999999828,0.8078448386653677,4.0,actuator_motors,none,9457158,6058452,4.1,,B
6dcb9bd9-9cc6-47bf-a857-496aeeae01ab,ok,17825984.0,v1.16+,0.0,0.0,0.0,False,0.00510204081632653,0.10200100000000134,0.17428769767284377,4.0,actuator_motors,none,3306613,2201672,3.3,,C
d52c0e8b-2b2a-4907-8917-2eceb69546ce,ok,17630207.0,v1.12-1.13,0.0,0.0,0.0,True,,,,4.0,actuator_outputs,per_channel,3670016,2435315,3.2,,C
85320381-9d0e-41bc-992e-5afea57a9d82,ok,17761535.0,v1.14-1.15,0.0,0.0,0.0,True,0.0,0.0,0.32014251947402955,4.0,actuator_motors,none,3268163,2460895,3.8,,B
5a88703e-ffbc-41bb-b899-0a9a100dd3c4,ok,17760256.0,v1.14-1.15,0.0,0.0,0.0,True,,,,4.0,actuator_motors,none,55262965,24140488,9.4,,B
b3240c58-47ab-4d39-9c3a-80d5527a6a22,ok,17826047.0,v1.16+,0.0,0.0,0.0,True,0.0048250904704463205,0.19927699999999504,0.38452809453010556,4.0,actuator_motors,none,4166490,3204105,2.8,,A
28b9796b-921a-4209-81a6-6dd4b720ccdd,ok,17761280.0,v1.14-1.15,0.0,0.0,0.0,True,0.0004737091425864519,0.10055400000001669,0.3294323682785034,4.0,actuator_motors,none,9049986,6261087,3.8,,A
17cc210c-2851-4836-bdf8-a17d3c2dba6e,ok,17694720.0,v1.14-1.15,0.0,0.0,0.0,True,0.0,0.0,0.28312044590711594,4.0,actuator_motors,none,19131816,11932789,5.4,,C
99cc2cac-a190-4ef2-8406-f797159a18cb,ok,17499135.0,v1.12-1.13,0.0,0.0,0.0,True,0.0,0.0,0.34750000000000003,8.0,actuator_outputs,global,2834150,2086224,2.3,,B
540ebbb8-d12f-4ef0-9f39-45d64b8ca1c9,ok,17761535.0,v1.14-1.15,0.0,0.0,0.0,True,0.0,0.0,0.16661859750747676,4.0,actuator_motors,none,3231931,2557881,2.6,,B
9e69bd28-4a37-4b04-94a3-6f9bb86f8b4f,ok,17760256.0,v1.14-1.15,0.0,0.0,0.0,True,,,,4.0,actuator_motors,none,8143843,4715006,3.3,,B
39a8c4db-ab5c-4e7a-8ad0-b702db7b34ae,ok,17695743.0,v1.14-1.15,0.8874172185430463,0.5529801324503312,0.0,True,0.0,0.0,0.15754114091396332,4.0,actuator_motors,none,2921028,2048842,2.4,,C
2cbe4277-b720-4489-91c4-d3574c68c942,ok,17826559.0,v1.16+,0.0,0.0,0.0,True,0.0,0.0,0.25084418058395386,4.0,actuator_motors,none,2489011,1917151,3.0,,A
855c0304-d799-4376-bc60-67dbbb5bbf01,ok,17760511.0,v1.14-1.15,0.0,0.14814814814814814,0.0,True,0.0,0.0,0.12351813763380048,4.0,actuator_motors,none,15243224,8695592,6.8,,A
a0a6fcb1-e6f1-4c02-8353-a44fc89e5624,ok,0.0,,0.0,0.0,0.0,False,0.0,0.0,0.2097496010363102,4.0,actuator_motors,none,2810071,2338287,3.1,not_px4_v0,
885401e3-bde7-4075-82ea-86fc97fb4260,ok,17826047.0,v1.16+,0.0,0.0,0.0,True,0.0,0.0,0.2203841373324394,4.0,actuator_motors,none,8241990,5454188,5.1,,B
cff77152-75af-45ae-a1a2-ac3c3453bf26,ok,17956992.0,v1.16+,0.0,0.0,0.0,True,,,,4.0,actuator_motors,none,31134257,15932340,11.8,,A
d33bb979-7945-47db-acd2-72e17522c265,ok,17760384.0,v1.14-1.15,0.0,0.0,0.0,True,0.0,0.0,0.18233531266450884,4.0,actuator_motors,none,53116192,33106580,26.4,,A
19e54610-346c-4200-bcef-b64726a8a1fd,ok,17630207.0,v1.12-1.13,0.0,0.0,0.0,True,0.0,0.0,0.35964999999999997,6.0,actuator_outputs,per_channel,3243352,2156251,10.0,,B
363a2041-40ea-4c87-b89f-d10226fdc10b,ok,17694720.0,v1.14-1.15,0.0,0.0,0.0,True,0.0015483722975168695,0.21033400000001734,0.5112167596817015,4.0,actuator_motors,none,21595491,13395892,6.8,,B
042c232c-8f12-4921-961d-1d763026ddb6,ok,17694975.0,v1.14-1.15,0.0,0.0,0.0,True,0.0,0.0,0.19482706487178805,4.0,actuator_motors,none,37301202,24165200,13.8,,C
62c2b39f-a1ec-4c8d-b790-595c2acf7189,ok,17761535.0,v1.14-1.15,0.0,0.0,0.0,True,0.0020273251796285043,0.14624700000001667,0.43967248648405066,4.0,actuator_motors,none,178189235,63060893,46.7,,A
5f61ecd0-0991-454b-8431-01e9e1480125,ok,17891392.0,v1.16+,0.0,0.8406072106261859,0.0,True,0.001215066828675577,0.10132900000000022,0.1683597281575203,4.0,actuator_motors,none,3909742,2907731,2.7,,C
932ea85a-8e9a-4b86-b823-676417a8bab3,ok,17629952.0,v1.12-1.13,0.0,0.0,0.0,True,0.0,0.0,0.2033452548086643,4.0,actuator_motors,none,202423079,94620988,49.7,,C
ed6d8677-f09b-4100-9ed1-f9489205d005,ok,17630207.0,v1.12-1.13,0.0,0.0,0.0,True,0.0,0.0,0.193,6.0,actuator_outputs,per_channel,14566499,8902048,3.6,,C
2adea738-c41f-44be-bfe9-63a98bfe8ce9,ok,17826047.0,v1.16+,0.0,0.0,0.0,True,0.0,0.0,0.12447724118828773,4.0,actuator_motors,none,10076165,6499385,7.3,,C
7f2afbf9-cdbf-4f37-9c9a-efe955698f8c,ok,17761280.0,v1.14-1.15,0.0,0.06167400881057269,0.0,True,0.0,0.0,0.059670561552047724,4.0,actuator_motors,none,12443434,7789678,8.2,,A
b0e71720-0c40-4c62-882d-7a416dbc1d31,ok,17891583.0,v1.16+,0.0,0.0,0.03339882121807466,True,0.1042311661506708,10.000022000000001,1.0,4.0,actuator_motors,none,4539638,3203425,2.7,,C
c17d8e82-d384-458c-83d0-6ec1311a3d6f,ok,17694975.0,v1.14-1.15,0.0,0.0,0.0,True,0.0,0.0,0.2780064046382904,4.0,actuator_motors,none,10132300,5611127,11.8,,C
d0cf4466-adac-410d-9bc5-ed06e6a9772a,ok,17760256.0,v1.14-1.15,0.0,0.0,0.0,True,0.09324894514767933,1.7007709999999747,0.32290295958518983,4.0,actuator_motors,none,18703947,11289837,4.6,,B
eb3bc893-2ef2-4464-80c8-fbd8d5721b7b,ok,17825856.0,v1.16+,0.06521739130434782,0.0,0.0,False,0.008867939602141089,0.7947489999999959,0.272596026957035,4.0,actuator_motors,none,8550641,5305164,3.8,,C
1e915e50-437e-473b-b16f-455fd227b7e3,ok,17761535.0,v1.14-1.15,0.0,0.0,0.0,True,0.0,0.0,0.18238908052444455,4.0,actuator_motors,none,7759143,5078390,3.5,,C
cfcf4d80-63cb-4cab-8b87-84ed9a5acf69,ok,17695744.0,v1.14-1.15,0.8818181818181818,0.0,0.0,False,0.03161222339304531,2.601485000000004,0.5205353140275212,4.0,actuator_motors,none,2983110,2053443,2.4,,A
dd18f29b-0e39-45d4-b9ef-36ed3559123a,ok,17760384.0,v1.14-1.15,0.0,0.0,0.0,True,0.0,0.0,0.4175863392489353,4.0,actuator_motors,none,2712517,2147429,2.5,,C
e4db7730-7076-41a9-8450-365c78d08231,ok,17891583.0,v1.16+,0.0,0.0,0.0,True,0.03620689655172414,0.19992899999999736,0.6835150912404057,4.0,actuator_motors,none,10408081,7153386,8.3,,C
cec16dba-e437-4607-aa19-6e169fb62534,ok,16973952.0,v1.12-1.13,0.0,0.0,0.0,True,0.0,0.0,0.17461664378643035,4.0,actuator_motors,none,10725025,5533137,5.7,,C
84e969d7-73f2-4ae5-b3a2-6c9805c2e345,ok,17760256.0,v1.14-1.15,0.0,0.0,0.0,True,0.16133958765135814,0.6996129999999994,0.7205119147896766,4.0,actuator_motors,none,32488553,19670924,17.0,,B
9f152d9a-664a-4eb5-97c2-2b238d2b988e,ok,17629184.0,v1.12-1.13,0.0,0.0,0.0,True,,,,,actuator_outputs,none,114452060,21405428,29.1,,A
daeab6fa-c44e-4852-b174-bc79a4858217,ok,17695488.0,v1.14-1.15,0.39226519337016574,0.0,0.0,True,0.0,0.0,0.42930339127779005,4.0,actuator_motors,none,3587984,2445654,2.3,,A
fadd354a-0d4c-4ed4-a788-57452d7f4e89,ok,17694720.0,v1.14-1.15,0.0,0.08814589665653495,0.0,True,0.0006849315068493151,0.09741399999999967,0.31238654926419257,4.0,actuator_motors,none,5531188,3615610,3.3,,A
a8cef7fe-0ce1-4900-a055-d3fd670335ed,ok,17630207.0,v1.12-1.13,0.003968253968253968,0.003968253968253968,0.0,True,0.0,0.0,0.265,6.0,actuator_outputs,per_channel,6079313,4280504,4.2,,C
baff5a82-7213-4023-a839-442000a78775,ok,17629951.0,v1.12-1.13,0.0034602076124567475,0.0,0.0,True,0.0,0.0,0.2005142857142855,6.0,actuator_outputs,bus,28766565,19348182,6.4,,C
5061507f-53be-445d-9e7a-7257f811d0e1,ok,17695488.0,v1.14-1.15,0.0,0.0,0.0,True,0.0,0.0,0.21307944282889366,4.0,actuator_motors,none,5373107,3381176,3.4,,B
4356a699-8afb-4b55-86d3-52daa7a8e2de,ok,17629952.0,v1.12-1.13,0.0,0.0,0.0,True,0.0,0.0,0.20500000000000002,6.0,actuator_outputs,per_channel,3634373,2390042,2.6,,C
696590b3-101b-4aa4-820d-d67b22eecea3,ok,17891392.0,v1.16+,0.02575107296137339,0.0,0.0,False,1.0,67.1,0.1324393630027769,4.0,actuator_motors,none,24776209,10312530,8.2,,A
9bce479a-8561-4404-866b-a22d982fb2d4,ok,17825984.0,v1.16+,0.0,0.0,0.0,True,0.0,0.0,0.23820124566555023,4.0,actuator_motors,none,8209400,5448419,4.9,,B
f556e4d8-55e0-41fa-9fa9-300d78a88ee5,ok,17891583.0,v1.16+,0.0,0.0,0.0,True,0.0,0.0,0.10498943328857421,4.0,actuator_motors,none,10319490,6357887,5.8,,B
6ab6bab5-5787-4bd4-9bb4-70fb51d9af50,ok,17891392.0,v1.16+,0.2694300518134715,0.3316062176165803,0.0,True,0.7038777908343126,48.70009399999999,1.0,4.0,actuator_motors,none,4348678,3429044,7.0,,B
2f5d7761-0ae2-4113-9ea0-fce2114c029b,ok,17760320.0,v1.14-1.15,0.0,0.0,0.0,True,0.0,0.0,0.15264410972595213,4.0,actuator_motors,none,3338433,2662143,6.5,,A
2de86afc-0f53-415f-a5e1-59bd6ab7f445,ok,17826047.0,v1.16+,0.005393342012274502,0.0,0.0,True,0.0,0.0,0.17038860172033307,4.0,actuator_motors,none,126218261,76860060,25.0,,B
3a1b9d6c-00e5-4359-ba09-daf8420f5ae8,ok,17695488.0,v1.14-1.15,0.0,0.0,0.0,True,0.0,0.0,0.2935830429196358,4.0,actuator_motors,none,5980449,3703876,4.4,,A
f7749e6d-7887-4805-84b2-ac9a2c56c4c3,ok,17761280.0,v1.14-1.15,0.041666666666666664,0.0,0.0,True,0.0,0.0,0.27616737186908724,4.0,actuator_motors,none,2629251,1883591,3.0,,B
5746a10e-38be-43fd-85cc-e27e406f2267,ok,17761535.0,v1.14-1.15,0.0,0.04722222222222222,0.0,True,0.0011487650775416428,0.10110699999998474,0.3540751338005066,4.0,actuator_motors,none,7309734,5072818,6.1,,B
2cb6ff34-eef4-4466-9b2d-f13f0db891c4,ok,17891392.0,v1.16+,0.0,0.0,0.0,True,0.292846049003138,3.465635000000006,0.9379920080304146,4.0,actuator_motors,none,13825183,8803911,5.1,,A
53e765e2-3c69-4f3b-8d19-dd9e36562c40,ok,17825792.0,v1.16+,0.0,0.0,0.0,True,7.603488915199374e-05,0.003793999999970765,0.3173231601715087,4.0,actuator_motors,none,37682538,23413911,12.1,,B
fb2217f4-8b61-418e-8f13-4617d18aafd8,ok,17761279.0,v1.14-1.15,0.0,0.0,0.0,True,0.0,0.0,0.19709982275962826,4.0,actuator_motors,none,12032752,7607242,10.3,,B
b41316fc-b1f5-483a-ac33-7fe803102a18,ok,17826240.0,v1.16+,0.0,0.0,0.0,True,0.0,0.0,0.2529715448617935,4.0,actuator_motors,none,12041880,7568902,9.2,,C
7dd885bd-415b-44dc-8ec8-4c82ddc25011,ok,17825792.0,v1.16+,0.0,0.0,0.0,True,0.0,0.0,0.15817655920982363,4.0,actuator_motors,none,48500788,28328041,11.6,,B
fcd05b31-14fc-455a-845d-b67c82a28028,ok,17761280.0,v1.14-1.15,0.0,0.0,0.0,True,0.0,0.0,0.2907225966453552,4.0,actuator_motors,none,180499252,96386692,41.6,,A
46969280-f01c-4d74-9520-e2de5dc6fcfe,ok,17694975.0,v1.14-1.15,0.0,0.0,0.0,True,0.4760672703751617,2.8000919999999496,0.7978374719619751,4.0,actuator_motors,none,15733668,9969080,4.8,,A
c1a85bff-6c5f-4dea-9eb6-56cadedf630a,ok,17630207.0,v1.12-1.13,0.010344827586206896,0.07931034482758621,0.0,True,0.0,0.0,0.25175000000000003,6.0,actuator_outputs,per_channel,7535477,5133068,3.3,,B
0fd9e43a-ee2d-45cc-9254-f9c22d120679,ok,17826559.0,v1.16+,0.0,0.0,0.0,True,0.0,0.0,0.23912499999999992,4.0,actuator_outputs,per_channel,6005907,4755646,4.2,,B
7cf89550-7008-4d78-9f33-30c200797813,ok,17760320.0,v1.14-1.15,0.0,0.0,0.0,True,0.0,0.0,0.08443686664104462,4.0,actuator_motors,none,26584738,16338762,7.3,,C
d866394f-804f-4a6f-9080-d1ef8ca14e5f,ok,17761280.0,v1.14-1.15,0.0,0.044967880085653104,0.0,True,0.0,0.0,0.500907751917839,4.0,actuator_motors,none,10611148,6684642,3.8,,A
408d2413-25b3-4bf1-bf6a-22ae3b35a1a9,ok,17629951.0,v1.12-1.13,0.02631578947368421,0.0,0.0,True,0.0,0.0,0.7426999999999999,6.0,actuator_outputs,per_channel,23753703,12951012,5.7,,C
09b05d63-d7ec-4cfe-93fa-fc2637196623,ok,17695743.0,v1.14-1.15,0.0,0.0,0.0,True,0.0,0.0,0.35946171060204485,4.0,actuator_motors,none,4239072,3029508,3.1,,C
6bace4c7-d064-4d84-9f0f-8cbec9e0c74c,ok,17760384.0,v1.14-1.15,0.0,0.0,0.0,True,0.0,0.0,0.17461720705032335,4.0,actuator_motors,none,15785578,10661409,6.6,,B
10475520-aeed-4a26-8c73-ceab3629b01d,ok,17630207.0,v1.12-1.13,0.0,0.0,0.0,True,0.0,0.0,0.18399999999999994,6.0,actuator_outputs,per_channel,22036982,11443742,6.9,,C
ac5ab6bf-75f8-442c-b41c-35f10600d50c,ok,17826559.0,v1.16+,0.0,0.0,0.0,True,0.0,0.0,0.46332876682281476,4.0,actuator_motors,none,42413610,26417710,8.8,,B
9e082b2f-6292-4e70-84cf-e520db2b4144,ok,17761535.0,v1.14-1.15,0.0,0.0,0.0,True,0.5770104895104895,21.851264,0.999999939505356,4.0,actuator_motors,none,10384231,5682217,7.1,,B
3b06fbd6-c7be-45bd-8b86-b39d5c9b60e9,ok,17761280.0,v1.14-1.15,0.0,0.0,0.0,True,0.0,0.0,0.2564301967620849,4.0,actuator_motors,none,14710013,9460455,7.4,,B
21826e03-8f87-4cfb-b4d7-c13c781a04b9,ok,17761280.0,v1.14-1.15,0.0,0.0,0.03441558441558441,True,0.0,0.0,0.16046887636184695,4.0,actuator_motors,none,33436466,20921083,9.2,,C
2a32ce28-38e5-4991-aa73-c2e8d3b14093,ok,17695488.0,v1.14-1.15,0.01293103448275862,0.0,0.0,True,0.0,0.0,0.09035407006740573,4.0,actuator_motors,none,31515761,19695535,6.2,,B
01821764-d8c1-4391-927c-0069074c8e31,ok,17630207.0,v1.12-1.13,0.0,0.0,0.0,True,0.0,0.0,0.532,6.0,actuator_outputs,per_channel,10185243,5457237,3.9,,B
92da84f6-0478-4c79-b8f3-f14ca4864b66,ok,17694975.0,v1.14-1.15,0.0,0.0,0.0,True,0.0,0.0,0.40524745285511016,4.0,actuator_motors,none,3861615,2730271,4.0,,C
fe7e9b47-1027-4416-bce6-4837d1fdb91f,ok,17499135.0,v1.12-1.13,0.0,0.0,0.0,True,0.0,0.0,0.38214999999999966,8.0,actuator_outputs,global,12261471,7927611,7.0,,B
0905371f-9c90-40c8-85fb-f42a5a61bb63,ok,17760256.0,v1.14-1.15,0.003374578177727784,0.0,0.0,True,0.0,0.0,0.21272841989994035,4.0,actuator_motors,none,39158650,20578709,9.1,,A
3885bced-89d4-464e-9bdd-e9ad9fb39001,ok,17761023.0,v1.14-1.15,0.0,0.0,0.0,True,0.21505376344086022,2.9025290000000012,0.3376718759536743,4.0,actuator_motors,none,12113170,7726268,5.6,,C
5cd67b7e-210c-4ebd-a88b-66f0cfc40725,ok,17760384.0,v1.14-1.15,0.0,0.0,0.0,True,0.0,0.0,0.2559780061244964,4.0,actuator_motors,none,27936062,17161147,12.2,,A
075e36ca-9a78-406d-a5f4-778206828ef0,ok,17825984.0,v1.16+,0.0,0.0,0.0,True,0.002854006586169045,1.0002979999999866,0.38410092592239375,4.0,actuator_motors,none,37180528,23471429,11.1,,A
403eb6fe-073a-4d33-86fa-7f1f91ccf646,ok,17761023.0,v1.14-1.15,0.0,0.0,0.11466666666666667,True,0.0068212824010914054,0.49644599999999883,0.3171202793717384,4.0,actuator_motors,none,2880000,2180398,2.6,,B
f822f8c6-96fe-45d2-b153-c9d07384ce9b,ok,17629951.0,v1.12-1.13,0.0,0.0,0.0,True,0.0,0.0,0.4615999999999999,6.0,actuator_outputs,per_channel,8047471,4626972,9.2,,B
30c7a02e-5a5a-4a07-9027-88eb7909e224,ok,255.0,,0.0,0.02480916030534351,0.0,False,0.0,0.0,0.06891442537307704,4.0,actuator_motors,none,61628944,30200837,23.7,not_px4_v0,
6d57db38-307b-41c4-b1a0-1e8ff4648aaa,ok,17499136.0,v1.12-1.13,0.0,0.5956246560264171,0.0,False,0.023980815347721823,2.9999979999997777,0.28294117647058825,4.0,actuator_outputs,global,156984252,54842420,32.5,,C
6736edac-3b5e-4576-b6a2-fc8774ee0197,ok,17629952.0,v1.12-1.13,0.0,0.0,0.0,True,0.0,0.0,0.21399999999999997,6.0,actuator_outputs,per_channel,7604124,4393563,4.8,,C
6c540cd4-1276-428d-af08-37f5f09f0bfc,ok,17826047.0,v1.16+,0.32068965517241377,0.0,0.0,True,0.0986378581493659,0.04209900000000033,0.9653878584504126,4.0,actuator_motors,none,11243804,7060921,4.1,,B
698b9d56-aa1e-4f00-a23b-b4f6e7df4546,ok,17760511.0,v1.14-1.15,0.0,0.0,0.0,True,0.00047904191616766467,0.10075900000003912,0.3283922553062437,4.0,actuator_motors,none,38791965,19203096,14.1,,A
b740ed11-e242-4cfd-ab15-01183c864847,ok,17630207.0,v1.12-1.13,0.0,0.0,0.0,False,0.0,0.0,0.1389000000000001,6.0,actuator_outputs,per_channel,4937758,3101893,2.4,,C
a2b3185c-ee05-4813-9785-d0917e8ce78b,ok,17695743.0,v1.14-1.15,0.9610778443113772,0.0,0.0,True,0.45703726516784726,23.600186000000008,0.394441819190979,4.0,actuator_motors,none,14008285,9095988,5.2,,C
cad13b61-ea31-4c37-b4d7-6cc26e2f375a,ok,17761280.0,v1.14-1.15,0.0,0.0,0.0,True,0.0,0.0,0.36787833049893376,4.0,actuator_motors,none,12985669,8534201,5.0,,B
3e68dc9c-0087-4d77-a104-5ec2c13f7792,ok,17891392.0,v1.16+,0.0,0.0,0.0,True,0.0034944670937682005,0.10174300000001324,0.49073365897699417,4.0,actuator_motors,none,8221226,5897401,3.3,,C
b390e084-6742-4cdc-969a-653b0f525da0,ok,17564671.0,v1.12-1.13,0.0,0.0,0.0,True,0.003703703703703704,0.28910399999999825,0.2618285714285714,6.0,actuator_outputs,bus,7224587,4647703,4.7,,A
c6c51d96-8a30-4758-b5d7-8f4e2f5479e9,ok,17629696.0,v1.12-1.13,,,0.0,True,0.006644518272425249,0.301478000000003,0.44933456033468244,4.0,actuator_motors,none,20355405,10057374,10.5,,B
4418109e-e91d-4ffd-b87a-972d7b00478b,ok,17761023.0,v1.14-1.15,0.0,0.0,0.0,True,,,,4.0,actuator_motors,none,27079440,9004016,10.2,,A
bf955958-7ce1-42b1-a9b1-e76598f3900c,ok,17891583.0,v1.16+,0.0,0.0,0.0,True,,,,4.0,actuator_motors,none,59004064,30122196,15.8,,B
d08d1f8e-78c8-4809-af71-ad9ac1b49f47,ok,17761023.0,v1.14-1.15,0.0,0.0,0.0,True,0.0,0.0,0.0813329428434372,4.0,actuator_motors,none,3182257,2340457,3.2,,B
de427e5e-6b01-4efd-b9af-31863b739599,ok,17826559.0,v1.16+,0.07428571428571429,0.007142857142857143,0.0,True,0.0,0.0,0.2626051515340805,4.0,actuator_motors,none,12946285,8193457,5.8,,B
737fbd5c-3127-4203-8e70-b6fef1592c02,ok,17629439.0,v1.12-1.13,0.0,0.0,,True,0.041194255479969764,17.402407999999923,0.9108571428571428,6.0,actuator_outputs,bus,12765131,6959138,5.9,,A
0272806d-1245-45c9-8306-82404f256806,ok,16973952.0,v1.12-1.13,0.0,0.0,0.0,True,,,,4.0,actuator_outputs,none,10760165,6485393,13.0,,B
594d033e-dbb3-4c36-bb88-2e3cb31f88ff,ok,17695488.0,v1.14-1.15,0.0,0.0,0.0,True,0.0,0.0,0.1611829618923366,4.0,actuator_motors,none,20815631,9361137,12.1,,C
04c517ac-2ad1-400a-88b4-61b0dc58d59b,ok,17761023.0,v1.14-1.15,0.0,0.0,0.0,True,0.0,0.0,0.2865507043898105,4.0,actuator_motors,none,53744438,33165755,16.5,,A
13d90e81-3f70-45e1-8338-7666e04ecfe0,ok,17826047.0,v1.16+,0.0,0.0,0.0,True,0.007686111297576693,0.902275000000003,0.15233981609344474,4.0,actuator_motors,none,111267566,56217157,24.7,,C
a0165d56-6253-4497-9e30-71fe6b6f41f7,ok,17694720.0,v1.14-1.15,0.0,0.0,0.0,True,0.0,0.0,0.26974462345242495,4.0,actuator_motors,none,3989668,2884381,2.7,,C
9922859c-fc46-411f-9416-29cc6abc5758,ok,17761280.0,v1.14-1.15,0.12131147540983607,0.05573770491803279,0.0,False,0.052057094878253565,3.6987029999999947,0.526659781965592,4.0,actuator_motors,none,5275809,3826788,2.8,,B
4ce0e7e0-9554-4e8e-8794-77d2f7145372,ok,17760511.0,v1.14-1.15,0.009259259259259259,0.009259259259259259,0.0,True,0.0,0.0,0.3512958094477645,4.0,actuator_motors,none,11764784,7251904,4.8,,C
4a8e48c0-8073-424e-9a5d-21c32a595315,ok,17760384.0,v1.14-1.15,0.0,0.0,0.0,True,0.0,0.0,0.064886637032032,4.0,actuator_motors,none,8516723,5797563,3.9,,B
93163d47-e3cd-48a3-b06e-1f4f332ea956,ok,17630207.0,v1.12-1.13,0.0,0.0,0.0,True,0.004691358024691358,0.29768800000002216,0.46654999999999974,4.0,actuator_outputs,per_channel,15963870,9954649,8.4,,A
7b7a9454-fde3-44f0-a045-23ed173b5566,ok,17826240.0,v1.16+,0.0,0.0,0.0,True,0.00031768363248542056,0.006261999999999546,0.4646503686904907,4.0,actuator_motors,none,19899299,11994716,11.7,,A
0f348503-c95e-4773-a947-5be70f034275,ok,17761280.0,v1.14-1.15,0.0,0.0,0.0,True,0.023648857033591986,2.693984999999998,0.06852138042449951,4.0,actuator_motors,none,57958538,14050356,12.1,,C
6a02610c-1880-4f1c-a46b-2c31e54aabb5,ok,17499135.0,v1.12-1.13,0.0,0.0,0.0,True,0.0,0.0,0.5124571428571429,6.0,actuator_outputs,global,1972670,1465197,3.5,,C
83830e93-f166-4f99-bfa9-5d1128a1c7f5,ok,17826047.0,v1.16+,0.0,0.0,0.0,True,0.0,0.0,0.12770702838897705,4.0,actuator_motors,none,12040336,7611652,9.0,,C
2f90c7ea-7f37-4814-918d-c73a79f06648,ok,17760767.0,v1.14-1.15,0.0,0.1853146853146853,0.0,True,0.0,0.0,0.11566677987575531,4.0,actuator_motors,none,15023717,9541141,9.3,,C
16df27f0-67bb-473c-87aa-acea9b523bde,ok,17826240.0,v1.16+,0.0,0.0,0.0,True,0.0,0.0,0.25264917850787094,6.0,actuator_motors,none,8500104,5721453,6.2,,C
d9b0e445-2b05-4a86-ad30-0fcec5bab02c,ok,17761280.0,v1.14-1.15,0.022713321055862493,0.001841620626151013,0.0,True,0.0,0.0,0.19330817013978951,4.0,actuator_motors,none,91490164,54064038,20.6,,C
b176f84b-5009-40e4-8743-31c63ce1c5df,ok,17760511.0,v1.14-1.15,0.0,0.19834710743801653,0.0,True,0.0,0.0,0.10635851025581354,4.0,actuator_motors,none,15347948,7496019,7.8,,C
7fc67056-c7db-4032-88a9-f2b02f73eb45,ok,17569792.0,v1.12-1.13,0.0,0.0,0.0,True,0.0,0.0,0.175,6.0,actuator_outputs,bus,23084492,12149295,8.0,,B
baa6dc01-44d6-4fab-adae-6c658fbd33b1,ok,17891392.0,v1.16+,0.02733485193621868,0.009111617312072893,0.0,True,0.0,0.0,0.3899773389101028,4.0,actuator_motors,none,20862307,13547622,8.1,,A
b563cdbe-7721-4a33-a182-4abe35eda4ab,ok,17694975.0,v1.14-1.15,0.3443456162642948,0.0,0.0,True,0.00025516713447307985,0.09771699999998873,0.4830026119947433,4.0,actuator_motors,none,14153022,8334200,5.9,,C
b97f96d0-c15c-4a33-a874-fa5c51fe47fc,ok,17760511.0,v1.14-1.15,0.0,0.0,0.0,True,0.0,0.0,0.3045017383992672,4.0,actuator_motors,none,2435686,1741439,2.3,,A
80b880d7-fb59-47ff-92dd-1b0281490a80,ok,17760384.0,v1.14-1.15,0.0,0.0,0.0,True,0.0,0.0,0.24018744230270384,4.0,actuator_motors,none,4466723,3030696,4.4,,B
6f7841fc-ef05-4e25-abec-51499149e788,ok,17629696.0,v1.12-1.13,0.0,0.0,0.0,True,0.0,0.0,0.28500000000000003,6.0,actuator_outputs,per_channel,11767655,7493143,6.1,,C
e7eb6c96-1450-41d4-844e-2cd7378f2412,ok,17695999.0,v1.14-1.15,0.0,0.05432098765432099,0.0,True,0.0,0.0,0.3833749726895008,4.0,actuator_motors,none,22308447,13886368,7.0,,B
57a3b512-7aa6-40b5-b871-76b905f26972,ok,17826047.0,v1.16+,0.0,0.0,0.0,True,0.0058309037900874635,0.3026119999999999,0.30448921024799347,4.0,actuator_motors,none,3306370,2589331,2.5,,A
edffa36c-a03d-40b2-9ec9-542280230a5f,ok,17630207.0,v1.12-1.13,0.0,0.0,0.0,True,0.0,0.0,0.1895,6.0,actuator_outputs,per_channel,3364475,2250515,2.4,,C
ddc6b899-97e6-4165-a785-229aa1c8eeb0,ok,17825984.0,v1.16+,0.0,0.0,0.0,True,0.0,0.0,0.2994498908519745,4.0,actuator_motors,none,41772236,26825907,9.8,,C
918249c8-6f7d-4545-8df1-af7ef7b4afa0,ok,17695488.0,v1.14-1.15,0.0,0.0,,True,0.0,0.0,0.12802575118839735,4.0,actuator_motors,none,2242532,1477787,2.0,,B
5c25fcb5-1fa5-45f1-b1ab-9316064b41e4,ok,17760768.0,v1.14-1.15,0.0,0.0,0.0,True,0.0265282583621684,2.299324000000013,0.1677162881940603,4.0,actuator_motors,none,3713825,2707313,2.5,,C
91a31f28-d304-491c-9a8d-75b451268c30,ok,17891583.0,v1.16+,0.0,0.0,0.0,True,0.0,0.0,0.19605568051338196,4.0,actuator_motors,none,8306877,2467828,3.2,,B
8e2d1b52-4a31-438d-b245-ba69a1780560,ok,17891392.0,v1.16+,0.0,0.7373737373737373,0.0,True,0.0,0.0,0.10422112792730331,4.0,actuator_motors,none,2798119,2290392,2.5,,A
d08e3e54-e09d-4dc4-b5ee-e02df4c353a6,ok,17761792.0,v1.14-1.15,0.0,0.0,0.0,True,0.0,0.0,0.2848555870354175,4.0,actuator_motors,none,13018448,7578683,6.8,,A
d3299236-fbda-4af8-99cd-f59debbc12a2,ok,17761535.0,v1.14-1.15,0.0,0.18392857142857144,0.0,True,0.37740646567381037,15.599995000000007,0.7317636758089066,4.0,actuator_motors,none,11573125,7637604,6.5,,C
60fca266-22bd-430f-aee0-467168565ce1,ok,17695488.0,v1.14-1.15,0.0,0.0,0.0,True,0.0,0.0,0.21092542856931687,4.0,actuator_motors,none,16532699,9360821,9.3,,C
091e2539-e516-40be-946d-aeff1dbedd49,ok,17825984.0,v1.16+,0.0,0.0,0.0,True,0.0,0.0,0.061578601598739575,4.0,actuator_motors,none,68073982,30039349,14.7,,C
b410ff33-6ddf-4118-87dc-370c576f156a,ok,17826047.0,v1.16+,0.0,0.0,0.0,True,0.014246575342465753,0.5987100000000112,0.6246530055999755,4.0,actuator_motors,none,9004408,6357434,3.8,,C
df0f6416-9fea-4961-9cb3-0c307e541db7,ok,17825856.0,v1.16+,0.0,0.0,0.0,True,0.0,0.0,0.09907297119498251,4.0,actuator_motors,none,4045670,2804654,3.1,,B
f4dce105-1f32-49cd-be64-cd0532311430,ok,17694720.0,v1.14-1.15,0.0,0.0,0.0,True,,,,4.0,actuator_motors,none,10585492,5600902,5.3,,B
ce6d7213-961b-4c24-9b8e-667f7b91b76f,ok,17761280.0,v1.14-1.15,0.0,0.0,0.0,True,0.007171671896010758,0.1997649999999993,0.7329249921047484,4.0,actuator_motors,none,17291054,10871232,6.3,,B
250c7ae8-e9f2-466c-978d-3911fbfd829d,ok,17695743.0,v1.14-1.15,0.0,0.0,0.0,True,0.00017971604864314383,0.010105000000002917,0.2750954508781433,4.0,actuator_motors,none,6647055,4034529,2.9,,C
8c9898cc-5841-4850-9e03-e325ef05974c,ok,17695743.0,v1.14-1.15,0.0,0.0,0.0,True,0.0001123613541148333,0.005065999999999349,0.2821635097265243,4.0,actuator_motors,none,44841439,16725637,8.8,,C
9b2f55e4-7039-4510-a8a3-dcc609ad328b,ok,17695743.0,v1.14-1.15,0.0,0.13877551020408163,0.0,False,0.00831353919239905,0.10000000000000853,0.16504458617419004,4.0,actuator_motors,none,19685207,8091169,5.0,,A
2003b62d-8c72-47d1-9931-2bccc9c0ec34,ok,17499135.0,v1.12-1.13,0.0,0.0,0.0,True,0.0,0.0,0.37899999999999995,8.0,actuator_outputs,global,2785761,2059693,2.2,,B
d7da7818-a085-4de4-a8fe-6e175b4c964b,ok,17826240.0,v1.16+,0.5743589743589743,0.07692307692307693,0.0,True,0.0,0.0,0.17835995778441419,4.0,actuator_motors,none,2944639,2146743,3.0,,B
00d3b37a-271c-424b-ab90-92d9159a1b22,ok,17367295.0,v1.12-1.13,0.002380952380952381,0.014285714285714285,0.0,True,0.010056414029923964,1.1015939999999773,0.41142857142857137,6.0,actuator_outputs,global,14683128,8117676,7.0,,B
3e74c9f9-221e-45ac-a743-aeca65ddbfd2,ok,17891583.0,v1.16+,0.0,0.10015649452269171,0.0,True,0.0012279983626688497,0.297505000000001,0.23451037108898162,4.0,actuator_motors,none,26497372,15130747,10.6,,B
c1a6fcb2-c0dd-4603-9da6-3a0e17899eff,ok,17695488.0,v1.14-1.15,0.2294736842105263,0.0,0.0,True,0.06924384027187766,3.8987520000000018,0.8816687583543659,4.0,actuator_motors,none,8673346,5404379,2.3,,A
6c5fb646-c383-4096-a28c-69cedb6f17e3,ok,17825984.0,v1.16+,0.0,0.0,0.0,True,0.00022626354045874933,0.010587999999984277,0.2736881822347641,4.0,actuator_motors,none,48096059,29172134,14.6,,A
0835cb5f-e134-4903-ab96-f78394b3add1,ok,17760511.0,v1.14-1.15,0.0,0.12944162436548223,0.0,True,0.0,0.0,0.2164993092417717,4.0,actuator_motors,none,28848450,14971341,6.8,,B
674422ec-f9b9-4f80-ab30-c3533e3f9680,ok,17826559.0,v1.16+,0.0,0.02857142857142857,0.0,True,0.007901668129938543,0.19880299999999806,0.4014962077140808,4.0,actuator_motors,none,5656596,3788673,3.5,,B
772051f3-1e48-4d9c-ae42-cf44e868798f,ok,17760320.0,v1.14-1.15,0.11377245508982035,0.3473053892215569,0.0,True,0.008064516129032258,0.5,0.0614062190055847,4.0,actuator_motors,none,16959697,7206662,4.0,,A
66d3d20d-733c-4d2b-bac8-aee08920cbb2,ok,17760256.0,v1.14-1.15,0.0,0.08,0.0,True,0.0,0.0,0.5808064751327037,4.0,actuator_motors,none,4986856,3681100,5.2,,A
34f1bcb0-a6bf-40a4-9136-41a418343365,ok,67441920.0,,0.0,0.0,0.0,True,0.0,0.0,0.448,6.0,actuator_outputs,bus,21976412,12577834,6.7,not_px4_v4,
1ccf1be6-2c88-402e-99e0-2f8039601997,ok,17695999.0,v1.14-1.15,0.31320224719101125,0.012640449438202247,0.0,True,0.0,0.0,0.15163917839527094,4.0,actuator_motors,none,39196487,24068112,10.7,,A
fa1651f6-5f55-459a-a325-d2488862102e,ok,17826559.0,v1.16+,0.0,0.0,0.0,True,0.0,0.0,0.22231138646602627,4.0,actuator_motors,none,31221888,19303540,12.4,,B
84773db7-47ef-4013-b048-9f1a782164cc,ok,17825792.0,v1.16+,0.0,0.0,0.0,False,0.009149130832570906,0.5017320000000041,0.0958780467510223,4.0,actuator_motors,none,5829272,4226048,2.8,,A
56fae0a3-b045-4aa2-b3be-a8a7d28c71cd,ok,17630207.0,v1.12-1.13,0.0,0.0,0.0,True,0.0,0.0,0.198,6.0,actuator_outputs,per_channel,10048877,6318176,4.0,,B
b6a86822-c2d5-496c-9261-c757e3604992,ok,17236160.0,v1.12-1.13,0.0,0.0,0.0,True,0.0,0.0,0.0,4.0,actuator_outputs,global,2985984,1715333,3.3,,A
ae8790c5-c197-468f-a0a9-1b78ac9e125d,ok,17826240.0,v1.16+,0.0,0.0,0.0,True,0.0,0.0,0.1712138175964355,4.0,actuator_motors,none,3601633,2759075,6.1,,B
c69a5601-5a8e-4593-ad82-0970ba58ef41,ok,17761535.0,v1.14-1.15,0.0,0.019588638589618023,0.0,True,0.0,0.0,0.3024665892124176,4.0,actuator_motors,none,20406847,11153437,10.5,,B
2e646bea-dea5-410d-a5ac-578fbbf42cc6,ok,17694975.0,v1.14-1.15,0.0,0.0,0.0,True,0.0,0.0,0.37949350178241725,4.0,actuator_motors,none,12557139,6687479,7.4,,B
eb79623b-519d-4528-a01b-48d7ef00bd0e,ok,17891583.0,v1.16+,0.0,0.0,0.0,True,0.0,0.0,0.08670012950897216,4.0,actuator_motors,none,64242093,27139188,12.3,,C
60413875-f950-46a7-8aac-5d1f820b53ef,ok,17629952.0,v1.12-1.13,0.0,0.0,0.0,True,0.0,0.0,0.1823499999999999,6.0,actuator_outputs,per_channel,4067525,2677520,2.6,,C
84d75fd0-ece3-40c5-ad5f-e6eba89fd42b,ok,17760256.0,v1.14-1.15,0.0,0.0,0.037463976945244955,True,0.008735123588648154,0.3626570000000022,0.21152228116989136,4.0,actuator_motors,none,21580000,15031838,9.9,,B
af14a6f8-ebba-4b10-bc9b-22f564e8bbf3,ok,17956992.0,v1.16+,0.0,0.0,0.0,True,0.0,0.0,0.06267622858285904,4.0,actuator_motors,none,17494802,11150949,10.5,,B
70cdc2f7-454c-4d20-8df9-b9631b51e3c4,ok,17761535.0,v1.14-1.15,0.009838998211091235,0.988819320214669,0.0,True,0.0003565380158659417,0.19880399999999554,0.26464198827743535,4.0,actuator_motors,none,43745960,26366589,13.6,,C
d90df42a-b68f-4cb4-ad0e-c88338073734,ok,17761280.0,v1.14-1.15,0.0,0.0,0.07657825924542398,True,,,,4.0,actuator_motors,none,53542912,26624854,13.2,,B
e7dd1aa5-2f42-4e46-8d97-d1206aeffdef,ok,17891520.0,v1.16+,0.0,0.0,0.0,True,0.0,0.0,0.2559525027871131,4.0,actuator_motors,none,13225023,8447365,4.9,,C
ea084fb8-132a-4fbd-a258-f5c94c847716,ok,17760384.0,v1.14-1.15,0.0,0.0,0.0,True,0.0,0.0,0.15313474833965302,4.0,actuator_motors,none,9058954,6361636,3.1,,B
687c41e7-2801-4e22-a316-33e8478bdc95,ok,17761535.0,v1.14-1.15,0.07547169811320754,0.0,0.0,True,0.0,0.0,0.5521544963121414,4.0,actuator_motors,none,3172453,2352643,2.4,,B
fbf78393-b995-44d4-84ed-a8f94f84ccae,ok,17761535.0,v1.14-1.15,0.0,0.055900621118012424,0.0,True,0.0,0.0,0.09311415255069733,4.0,actuator_motors,none,8991821,5647241,3.4,,B
4287b232-f4a8-417d-aa49-b21eb88081fb,ok,17826047.0,v1.16+,0.0,0.0,0.0,True,0.3196004993757803,4.402313999999997,0.3161134719848633,4.0,actuator_motors,none,3959784,3123344,2.7,,B
57a34f69-e372-4f40-b9f0-cd4f2cc9d2be,ok,17695488.0,v1.14-1.15,0.0,0.0,0.0,True,,,,4.0,actuator_motors,none,18661035,10265524,7.6,,B
967adbbb-7a99-40f6-8126-3e05cb146b3f,ok,17761280.0,v1.14-1.15,0.23890784982935154,0.07167235494880546,0.0,True,0.03571428571428571,1.0999959999999973,0.28795714080333706,4.0,actuator_motors,none,4404965,3311111,4.7,,B
8662dc04-492e-426a-bd48-fedfb83a2819,ok,17695488.0,v1.14-1.15,0.02004008016032064,0.0,0.0,False,0.0,0.0,0.01600542962551116,4.0,actuator_motors,none,31129600,17030781,13.4,,A
01c51f1f-b7ef-4397-9f1c-a8de1a157f5e,ok,17564927.0,v1.12-1.13,0.6150845253576073,0.6486345903771131,0.0,True,0.0,0.0,0.0668235294117647,4.0,actuator_outputs,global,74886097,23396015,23.0,,B
f3e8460d-de12-4d54-9f90-6f0c212fb4ea,ok,17629696.0,v1.12-1.13,0.0,0.0,0.0,True,,,,,none,none,1930461,1414648,5.9,,B
393720cc-406d-4e83-a471-06b57e8272a4,ok,17694975.0,v1.14-1.15,0.23636363636363636,0.0,0.0,True,0.0014814814814814814,0.10169799999999896,0.27403680384159085,4.0,actuator_motors,none,5828075,3974045,7.0,,C
67c11066-1264-4af4-b94a-a36d6820a6e5,ok,17760511.0,v1.14-1.15,0.0017953321364452424,0.0,0.0,True,0.0025230745004849314,1.640525999999909,0.14985883235931396,4.0,actuator_motors,none,140687828,73831068,28.9,,B
7d734e1a-5c2e-4179-911d-22492f05785d,ok,33556479.0,,0.0,0.0,0.0,True,0.006179196704428424,0.5024019999999965,0.31313367187976837,4.0,actuator_motors,none,3538980,2340499,5.4,not_px4_v2,
2614ee35-79e5-4304-b905-314be888c7c5,ok,17695743.0,v1.14-1.15,0.0,0.0,0.0,True,0.0017452006980802793,0.10094800000000248,0.41302650421857817,4.0,actuator_motors,none,2892941,2245220,2.7,,A
482b3a22-c52e-48dc-b68a-d020cdb2acd1,ok,51125248.0,,0.0,0.0,0.04057480980557904,True,0.0,0.0,0.31019999999999986,6.0,actuator_outputs,per_channel,34878965,17666099,8.6,not_px4_v3,
bb87ed15-cdfb-4a30-8c31-d876ef1f88a2,ok,17761535.0,v1.14-1.15,0.2832764505119454,0.05460750853242321,0.0,True,0.0,0.0,0.1586333870887756,4.0,actuator_motors,none,55603870,24921578,14.2,,A
b48a234c-03d3-4dae-9f9d-cf335744cad3,ok,17891583.0,v1.16+,0.0,0.05434782608695652,0.0,False,0.9559585492227979,73.70066999999999,1.0,4.0,actuator_motors,none,2942841,2033907,2.7,,B
a9ca40fb-70b4-498b-90f5-3e7a31a630e6,ok,17761535.0,v1.14-1.15,0.0,0.0,0.0,True,0.012048192771084338,0.29746399999999795,0.27289093136787423,4.0,actuator_motors,none,7562541,3745861,5.0,,C
1f8567a9-ea53-4632-a4eb-edff86a8c860,ok,17695743.0,v1.14-1.15,0.007220216606498195,0.0,0.0,True,0.0030228800750508157,0.1547559999999919,0.2208473622415533,4.0,actuator_motors,none,16051790,9547709,5.4,,A
065b8c8d-7c59-4ee3-9b99-cadac6b1b6ff,ok,17629951.0,v1.12-1.13,0.0,0.0,0.0,True,0.0,0.0,0.17100000000000004,6.0,actuator_outputs,per_channel,32276342,19411699,9.7,,B
ebd943b4-d8b5-4b86-86e5-86b77ff478d4,ok,17695743.0,v1.14-1.15,0.0,0.0,0.0,True,0.0,0.0,0.11472337692975995,4.0,actuator_motors,none,10653884,6697026,3.9,,C
3506262d-c215-4a3c-b020-e213db2fce21,ok,17761280.0,v1.14-1.15,0.0,0.0,0.0,True,,,,4.0,actuator_motors,none,2471951,1670523,2.2,,A
6400e487-aa50-465e-98f2-4cb30de9b193,ok,18350080.0,v1.16+,0.0,0.05128205128205128,0.14456233421750664,True,0.0,0.0,0.18930992558598517,4.0,actuator_motors,none,5879925,3957945,3.5,,B
fc74f4ed-8a19-4fb9-af7a-ffda09eff68c,ok,17695488.0,v1.14-1.15,0.10975609756097561,0.0,0.0,True,0.0,0.0,0.1357283055782318,4.0,actuator_motors,none,2879320,2004504,2.4,,B
5665cde1-948e-4f16-a9f9-7028b77ace97,ok,17891583.0,v1.16+,0.02817745803357314,0.0,0.0,True,0.0,0.0,0.24889122247695908,4.0,actuator_motors,none,38751283,25359667,8.6,,A
5000e8b1-7707-45cc-aa53-70aaca69a166,ok,17891392.0,v1.16+,0.08235294117647059,0.0,0.0,True,0.18775510204081633,1.8,0.5149563193321222,4.0,actuator_motors,none,24557916,9309955,8.5,,C
b2bab61d-8b8c-4fa7-bab4-d95701a254a5,ok,17760768.0,v1.14-1.15,0.0,0.0,0.0,False,,,,,actuator_motors,none,4702372,3363718,3.7,,C
8b82ec8d-4202-4445-9dd1-328f37797027,ok,17563904.0,v1.12-1.13,0.0,0.0,0.0,True,0.0,0.0,0.5,7.0,actuator_outputs,bus,34553383,13587808,8.5,,A
eb24eb06-4006-4a1b-9314-655f1faf04c0,ok,33554496.0,,0.0,0.0,0.0,True,,,,4.0,actuator_motors,none,83547439,32721039,26.2,not_px4_v2,
aef0e777-e6db-4d3d-b1a0-153099297f86,ok,17761280.0,v1.14-1.15,0.029005524861878452,0.0,0.0,True,0.0,0.0,0.22925600111484518,4.0,actuator_motors,none,39576018,24755487,12.6,,B
358ddf93-4de4-4372-ad7a-64783e9b2e9c,ok,17629952.0,v1.12-1.13,0.0,0.0,0.0,True,0.0,0.0,0.12275726031512021,4.0,actuator_motors,none,6940248,4484714,2.9,,B
845a6b84-c30f-4455-ae40-7ceadba53a3e,ok,17695488.0,v1.14-1.15,0.9965986394557823,0.0,0.0,True,0.0,0.0,0.4422922357916832,4.0,actuator_motors,none,23301676,12001302,9.7,,C
47d8bed1-9e9f-48a8-967f-352d9d83b065,ok,17695744.0,v1.14-1.15,0.4541387024608501,0.0,0.04448398576512456,True,0.005129738320404085,0.3780220000000156,0.24578857421875,8.0,actuator_motors,none,25168413,15746872,9.7,,B
e89e0a00-dd3f-4f55-bd6b-b102a4ca41bc,ok,17694720.0,v1.14-1.15,0.0,0.0,0.0,True,,,,,none,none,20423837,12770411,7.6,,A
8df28ee8-9dab-4d29-8de2-356dae9676cb,ok,17564416.0,v1.12-1.13,0.0,0.0,0.23588039867109634,True,0.0,0.0,0.6854857142857143,12.0,actuator_outputs,bus,2084675,1567150,2.6,,A
fa18aacc-b70e-4195-bc40-fd129cf7ec2a,ok,17630207.0,v1.12-1.13,0.0,0.0,0.0,True,,,,4.0,actuator_outputs,per_channel,5145924,3084409,3.1,,B
f0a8add0-962a-4d41-a130-cbcb7dd452a9,ok,17564671.0,v1.12-1.13,0.0,0.0,0.0,True,0.0,0.0,0.6491428571428571,8.0,actuator_outputs,bus,7520488,4166548,3.0,,B
521b9c4d-60a6-4097-8ac0-c724667b922f,ok,17825856.0,v1.16+,0.0,0.0,0.0,True,,,,4.0,actuator_motors,none,40471288,22024606,13.1,,A
e4b607b8-df08-4f57-b3f7-bd9ebf465982,ok,69617408.0,,0.0,0.0,0.0,True,,,,6.0,actuator_outputs,global,1214655,617540,1.9,not_px4_v4,
28a0d84e-a602-4eca-90e0-3e8f8e552fb9,ok,17695488.0,v1.14-1.15,0.0,0.0,0.0,True,0.0011587485515643105,0.09809200000000118,0.13385339304804802,4.0,actuator_motors,none,3756800,2392567,2.4,,C
da529492-af79-4386-baec-d9c2113629f2,ok,17629184.0,v1.12-1.13,0.0,0.0,0.0,True,0.0,0.0,0.17719999999999997,6.0,actuator_outputs,bus,6433852,3708980,4.0,,C
0de6f359-d177-4e69-8b19-1a53dc27bc28,ok,17564671.0,v1.12-1.13,0.0,0.0,0.0,True,,,,6.0,actuator_outputs,none,5214390,3713500,4.2,,B
48399b22-86b7-4249-b279-abe8ec0da2fb,ok,17761023.0,v1.14-1.15,0.0,0.0,0.0,True,0.0,0.0,0.3168385922908783,4.0,actuator_motors,none,26726552,8388431,10.3,,B
5d329eef-98f0-4984-8677-a2d79ead95a9,ok,17826047.0,v1.16+,0.0,0.0,0.0,True,1.362138011823358e-05,0.0012499999999988631,0.17564345747232435,4.0,actuator_motors,none,44891830,17416614,11.9,,C
83adf8d2-4eff-4a1f-8874-1ea9e066ec16,ok,0.0,,,,0.0,True,0.03891121666057727,16.798768000000024,0.4297917529940598,4.0,actuator_motors,none,33872608,17240767,11.6,not_px4_v0,
b6bf4fa6-4f26-4fa3-8272-a50da18e02b4,ok,17825792.0,v1.16+,0.07736389684813753,0.0,0.0,True,0.03618856484051411,0.0675550000000058,0.639393262565136,4.0,actuator_motors,none,18801129,11836117,5.2,,C
fe1dbd0f-6d8c-4d73-9fb0-22980636179a,ok,17760511.0,v1.14-1.15,0.0,0.10116731517509728,0.0,True,0.0,0.0,0.07560722827911376,4.0,actuator_motors,none,5432735,3544499,3.5,,C
0d10957b-facd-4c8b-9c39-34e3c25e4d32,ok,17629696.0,v1.12-1.13,,,0.0,True,0.010982487384980706,2.1000489999999843,0.4652384810149669,4.0,actuator_motors,none,36565738,18531326,9.0,,B
7f8a6ff7-4f32-42ff-9883-9f64dd2d666a,ok,17630207.0,v1.12-1.13,0.0,0.0,0.0,True,0.0,0.0,0.30396145880222314,4.0,actuator_motors,none,19606985,11088818,8.6,,B
21a3f166-853b-4895-8fee-3cc56d05922b,ok,17695743.0,v1.14-1.15,0.6086956521739131,0.0,0.0,True,0.060221870047543584,0.3014480000000006,0.6463898569345474,4.0,actuator_motors,none,2796438,1994683,3.4,,C
91970d9d-4b2c-4c73-a6de-5aafcb32a15e,ok,17630207.0,v1.12-1.13,0.0,0.0,0.0,True,0.0,0.0,0.196,6.0,actuator_outputs,per_channel,16633626,10114927,7.3,,A
8dd03b36-cff7-436a-8228-99b00e70a3fe,ok,17956928.0,v1.16+,0.0,0.0,0.0,True,0.0,0.0,0.2841917887330055,4.0,actuator_motors,none,62809270,34807228,16.8,,B
04c3f69d-3213-4faf-9d5a-1406fad14a3d,ok,17629952.0,v1.12-1.13,0.11363636363636363,0.0,0.0,True,0.0,0.0,0.057199999999999945,6.0,actuator_outputs,bus,2550778,1855453,2.8,,B
e5dbe9fc-451a-405b-a48d-4ddfb7d8ba63,ok,17760767.0,v1.14-1.15,0.0,0.0,0.0,True,0.04327666151468315,0.20312699999999495,0.6216835260391235,4.0,actuator_motors,none,2968815,2313086,3.2,,B
7c9cdf81-c8df-4233-95a6-119862691389,ok,17695488.0,v1.14-1.15,0.0,0.0,0.0,True,0.0,0.0,0.1186404436826705,4.0,actuator_motors,none,18474099,6417306,13.6,,C
79c7131c-16cd-4802-aa9c-155a2097a144,ok,17694975.0,v1.14-1.15,0.0,0.0,0.0,True,0.0,0.0,0.20075846910476683,4.0,actuator_motors,none,33247018,18951521,14.3,,B
579d36a4-e574-4211-a53e-1873c379d1c2,ok,17761280.0,v1.14-1.15,0.2540827952905431,0.0,0.0,False,0.0068525387898368635,3.342399999999998,0.22586045265197754,4.0,actuator_motors,none,147085411,79724590,31.7,,C
f39ec69b-9be5-439d-9d49-7f702ce80f33,ok,17695488.0,v1.14-1.15,0.0,0.0,0.0,True,0.0,0.0,0.2651112452149391,4.0,actuator_motors,none,3416150,2461725,3.3,,C
c95dee01-7d4b-4381-891a-5b84ac746bb4,ok,17826559.0,v1.16+,0.0,0.0,0.0,True,0.0,0.0,0.10193738043308256,4.0,actuator_motors,none,15249762,6159109,5.7,,A
ce61a96b-7a46-42ad-ba87-22e6819061e0,ok,17826047.0,v1.16+,0.0,0.0,0.0,True,0.0,0.0,0.2931170508265492,4.0,actuator_motors,none,3080631,2429993,2.7,,C
ad2d39cf-5851-4f43-9692-01d370649bc2,ok,17761023.0,v1.14-1.15,0.0718954248366013,0.0,0.0,True,0.0,0.0,0.1081487238407135,4.0,actuator_motors,none,2651201,1890158,2.5,,B
ff411cea-225e-43f7-8c62-8a5abe06853f,ok,17695232.0,v1.14-1.15,0.11538461538461539,0.0029585798816568047,0.0,True,0.0,0.0,0.14995660651475187,4.0,actuator_motors,none,6537460,4318627,8.0,,A
7af2a624-e86e-4fe1-bc25-07716be7b94e,ok,17629696.0,v1.12-1.13,0.0,0.6602564102564102,0.0,True,0.6087551299589603,27.898689000000005,1.0,4.0,actuator_motors,none,3696047,2678723,8.0,,C
ed903f9d-2fa8-4b9b-bd32-7dec4ae811b1,ok,17629951.0,v1.12-1.13,0.0189873417721519,0.0,0.20833333333333334,False,0.0,0.0,0.44899999999999995,6.0,actuator_outputs,per_channel,30140278,9411386,17.7,,C
ffa677e0-9a58-4803-8ec6-3f11c25a3540,ok,17761535.0,v1.14-1.15,0.0,0.0,0.0,True,0.0,0.0,0.4245372414588928,4.0,actuator_motors,none,3056358,2229855,2.8,,C
85a7a1ba-46da-4590-ba94-54e47e10d5c1,ok,17826047.0,v1.16+,0.0,0.0,0.0,True,0.001968503937007874,0.10206300000000113,0.2731908857822418,4.0,actuator_motors,none,3757307,2729768,2.9,,B
3871d43b-ea3c-48da-9b0b-187af0e97089,ok,17825792.0,v1.16+,0.0,0.006809338521400778,0.0,True,0.0,0.0,0.1075182855129242,4.0,actuator_motors,none,151451698,80209824,35.8,,A
6833d3e4-d0f4-4f99-904a-88a7e3bfacb2,ok,17761280.0,v1.14-1.15,0.0,0.0,0.0,True,0.0,0.0,0.2229028016328812,4.0,actuator_motors,none,17539019,11349078,4.3,,C
db30b83d-2cd2-4301-816f-ef20085ada32,ok,17761535.0,v1.14-1.15,0.06132075471698113,0.0,0.0,True,0.0,0.0,0.42320054173469535,4.0,actuator_motors,none,4212214,2982466,2.6,,B
5f5305e7-c210-43c9-bcc9-975e2d4bdbc0,ok,17760511.0,v1.14-1.15,0.0,0.23809523809523808,0.0,True,9.284189026088571e-05,0.003721999999999989,0.14131091777235272,4.0,actuator_motors,none,12280726,6976736,4.5,,B
bff53469-acbb-4908-9fc3-c5160bd07898,ok,17826240.0,v1.16+,0.10822510822510822,0.0,0.0,True,0.10209662716499544,3.4015229999999974,0.3765619099140169,4.0,actuator_motors,none,5028886,3574071,4.4,,A
c0ed4d38-2c3b-4362-82a5-9c74ba0ce297,ok,17826559.0,v1.16+,0.0,0.0,0.10153846153846154,True,0.15,4.797958999999999,0.9999999999839381,4.0,actuator_motors,none,3233479,2838837,2.9,,A
5eee4850-3de5-471e-a1d8-45458abf999e,ok,1610941952.0,,0.0,0.0,0.0,True,0.0,0.0,0.68,8.0,actuator_outputs,per_channel,32040541,15695688,8.0,not_px4_v96,
a2dda5f1-2a86-4a24-b3e4-652593b8c8f6,ok,17826047.0,v1.16+,0.0,0.0,0.0,True,0.0,0.0,0.09123917967081069,4.0,actuator_motors,none,5991322,4032178,4.1,,C
09cf15e7-a810-4ba7-ac54-c4886bc36917,ok,67441920.0,,0.0,0.0,0.0009737098344693282,True,0.0015337423312883436,0.06183400000000461,0.656,6.0,actuator_outputs,bus,23943904,13440443,10.2,not_px4_v4,
502b2e0b-5e63-47fa-9b48-a0527c991459,ok,17761535.0,v1.14-1.15,0.0,0.0,0.0,False,0.23741547708489857,6.398649000000006,0.9999999413590501,4.0,actuator_motors,none,6658136,4859352,5.3,,B
c16dec48-f6b2-4584-9851-66597a1d9120,ok,17695488.0,v1.14-1.15,0.03243574051407589,0.0,0.0,True,0.0,0.0,0.0688926979899406,4.0,actuator_motors,none,28311552,16123685,10.2,,C
fc265325-68a4-4bf4-b8e6-4fe9b92dcde9,ok,17760256.0,v1.14-1.15,0.0,0.0,0.0,False,0.0,0.0,0.14621416628360748,4.0,actuator_motors,none,82371883,42387381,16.3,,C
8869d5f3-c41e-45c5-9bc9-1761e5f25c6d,ok,17694975.0,v1.14-1.15,0.0,0.0,0.0,True,0.0018656716417910447,0.1020639999999986,0.571309719234705,4.0,actuator_motors,none,12215788,7479854,4.3,,C
ce606038-3488-41ee-b85c-1e1bc1f3e1fa,ok,17564928.0,v1.12-1.13,0.0,0.0,0.0,True,0.0,0.0,0.4011764705882353,4.0,actuator_outputs,global,31766842,15240146,9.3,,C
fb5ca22a-1c5f-4324-8c5f-db2587bf84f1,ok,17694720.0,v1.14-1.15,0.0,0.0,,True,0.06350019932797996,0.06600600000000156,0.9720300403906321,4.0,actuator_motors,none,6649464,3631651,4.5,,B
c973ccf7-4076-42f0-ab36-4a277fbff065,ok,17760511.0,v1.14-1.15,0.0,0.0,0.0,True,0.0,0.0,0.1382054716348648,4.0,actuator_motors,none,43987266,26538164,14.0,,B
b1bbd34a-5164-4e03-9851-c949d91f1a8a,ok,17761023.0,v1.14-1.15,0.0,0.0,0.0,True,0.0,0.0,0.23859742879867546,4.0,actuator_motors,none,40828618,14727982,10.7,,C
a918d647-e19d-4480-8469-100e07802380,ok,17629696.0,v1.12-1.13,0.01694915254237288,0.24293785310734464,0.0,True,0.0011976047904191617,0.10783400000000398,0.712,12.0,actuator_outputs,bus,3202738,1983944,2.3,,C
ec6764ec-3c7f-430b-8548-cb31a48075cc,ok,17826047.0,v1.16+,0.0,0.0,0.0,True,0.0,0.0,0.2316314697492401,4.0,actuator_motors,none,9436634,6226543,2.7,,C
f245f5ec-0df4-4bd4-b1ce-593e587c0b2f,ok,17760768.0,v1.14-1.15,0.345679012345679,0.0,0.0,True,0.34545454545454546,25.497391,0.8338033355772495,4.0,actuator_motors,none,2930501,2122728,3.3,,B
665c24e1-e6a5-487f-9002-45c9877cf48c,ok,17760384.0,v1.14-1.15,0.0,0.0,0.0,True,0.26062322946175637,1.5999999999999979,0.4558966040611266,4.0,actuator_motors,none,13134715,6470750,5.0,,C
707dd136-4813-4829-a062-11e1bf306c78,ok,17825856.0,v1.16+,0.9877398720682303,0.0,0.0,False,0.0078125,0.14774699999999896,0.241862915456295,4.0,actuator_motors,none,32571392,16252542,7.8,,B
f1e2104f-630e-4f63-af1d-3e02443a55af,ok,17695488.0,v1.14-1.15,0.0,1.0,0.0,True,0.01262135922330097,0.102248000000003,0.23905710279941558,4.0,actuator_motors,none,8208260,4607604,3.4,,C
6cb1f05a-90b3-4ae9-a9b3-e4b0499321f7,ok,17564416.0,v1.12-1.13,0.0,0.03796376186367558,0.0,True,0.0014255167498218105,0.10376200000000324,0.782742857142857,12.0,actuator_outputs,bus,8390261,4826295,4.1,,C
8e04bf67-5a58-49ba-a8e4-60e97a74053f,ok,17564416.0,v1.12-1.13,0.0,0.0,0.0,True,,,,8.0,actuator_outputs,bus,5655026,3635634,3.8,,C
645dee94-514d-4660-9e53-87a311b01e64,ok,17826303.0,v1.16+,0.4227129337539432,0.10410094637223975,0.0,True,0.0,0.0,0.13522558212280264,4.0,actuator_motors,none,4646894,2912132,4.8,,B
5ae9a069-7f62-451f-bffa-fbba9650b332,ok,17695488.0,v1.14-1.15,0.0,0.0,0.0,True,0.0,0.0,0.15999999080379235,4.0,actuator_motors,none,36521307,12105514,10.7,,A
6026d509-315f-4279-a8fc-58035d16d04d,ok,17825984.0,v1.16+,0.0,0.0,0.0,True,0.0,0.0,0.08531389310955997,4.0,actuator_motors,none,23472821,9971000,8.2,,A
d5934e2f-d86f-44d3-8289-63e8b5eca464,ok,17891392.0,v1.16+,0.0,0.0,0.0,True,0.0,0.0,0.20715714246034622,4.0,actuator_motors,none,130438528,44599749,34.5,,C
385b0b89-cc6c-489c-b252-c30e8d74c85d,ok,17629184.0,v1.12-1.13,0.0,0.0,0.0,True,0.0009132420091324201,0.19874199999998154,0.2282104879617691,4.0,actuator_motors,none,7574249,5104475,4.8,,B
220cae11-04b5-415a-ba25-6138c815dbc6,ok,17761535.0,v1.14-1.15,0.32386107352277854,0.0,0.0,True,0.0,0.0,0.11904369294643402,4.0,actuator_motors,none,46731213,28287939,7.8,,A
3183dec6-9b5c-4efb-9599-f756b960d481,ok,17760767.0,v1.14-1.15,0.0,0.0,0.0,True,0.0,0.0,0.11090883612632747,4.0,actuator_motors,none,11823064,7578940,14.2,,B
6193f443-00b6-49d4-a2ff-f43679193256,ok,17761023.0,v1.14-1.15,0.0,0.0,0.0,True,0.0,0.0,0.16142231822013853,4.0,actuator_motors,none,29231721,16471998,17.7,,B
94bb1c74-163c-4d1c-b192-489e52501956,ok,17694975.0,v1.14-1.15,0.0006134969325153375,0.0,0.0,True,0.00784313725490196,1.7013560000000325,0.3070122525095938,4.0,actuator_motors,none,29874632,18513447,17.4,,C
7b763a41-c0e7-4523-b87e-963f57c45535,ok,17694720.0,v1.14-1.15,0.0,0.06153846153846154,0.0,False,0.0,0.0,0.24697216451168055,4.0,actuator_motors,none,19397238,3931724,14.4,,B
2bfedcce-3c29-4ae1-b5be-9f80e60679ba,ok,17760256.0,v1.14-1.15,0.0,0.0,0.0,True,0.0,0.0,0.1460673213005066,4.0,actuator_motors,none,5442684,3847587,3.2,,C
e2cdd32f-d474-4238-b608-eafa817a8c62,ok,17694975.0,v1.14-1.15,0.0,0.0,0.0,True,0.0,0.0,0.06396061778068542,4.0,actuator_motors,none,2749710,2005426,2.7,,A
accdb259-c80d-49e0-a35b-a3212f7c9dc4,ok,17761280.0,v1.14-1.15,0.0,0.0,0.0,True,0.0,0.0,0.17219686508178708,4.0,actuator_motors,none,7565746,5018501,4.1,,A
7500c859-866b-4b32-89a5-9782acffcb64,ok,17760511.0,v1.14-1.15,0.0,0.0,0.0,True,0.0,0.0,0.2054398536682129,4.0,actuator_motors,none,3239757,2318552,3.0,,A
e54fb11c-719b-4c24-b1e3-a847670719e4,ok,17171712.0,v1.12-1.13,0.0,0.0,0.0,True,0.0,0.0,0.0,4.0,actuator_outputs,global,12451842,7000815,9.5,,C
5901eeac-c677-4e25-aab5-374c7d690ae3,ok,17825984.0,v1.16+,0.0,0.0,0.0,True,0.0,0.0,0.14491556882858275,4.0,actuator_motors,none,5080875,3961564,6.4,,B
929e93d7-7eb7-4dc7-9583-7864084e5a48,ok,67108992.0,,0.0,0.004899959167006942,0.0,True,0.0010791337720187915,0.14057999999999993,0.24478189647197723,4.0,actuator_motors,none,80152678,40531021,15.0,not_px4_v4,
3ed1c470-ba2f-4016-b7d0-43d9ee8f558b,ok,17629952.0,v1.12-1.13,0.0,0.0,0.0,True,0.0,0.0,0.645,6.0,actuator_outputs,per_channel,30041997,17957330,11.9,,A
43e12474-98ca-42b3-9a6b-831697e1b08f,ok,17695488.0,v1.14-1.15,0.05102040816326531,0.0,0.12605042016806722,True,0.14444444444444443,1.4984380000000002,0.9999999709246252,4.0,actuator_motors,none,8714916,4669031,6.8,,C
ceac31e6-b2c1-40a9-817d-057ee9b9d5b6,ok,17695743.0,v1.14-1.15,0.0,0.0,0.07560627674750357,True,0.010744435917114352,0.8033229999999918,0.7520026172323697,4.0,actuator_motors,none,4911941,3206223,3.7,,B
c5312309-9a21-4066-84d0-7115521bbecc,ok,17630207.0,v1.12-1.13,0.0,0.0,0.0,True,0.0,0.0,0.1946617618203163,4.0,actuator_motors,none,60976273,20090652,25.0,,B
558d60f8-8a59-405b-835c-3ab1f032ce24,ok,17825984.0,v1.16+,0.0,0.09878682842287695,0.0,True,0.41929133858267714,5.0,1.0,4.0,actuator_motors,none,84000348,35134651,26.0,,A
d616c83b-cf3c-4590-9fcd-fe96d71432f3,ok,17695488.0,v1.14-1.15,0.018406961178045515,0.0,0.0,True,0.0,0.0,0.28359018713235856,4.0,actuator_motors,none,166131071,85764321,35.7,,C
829e7c68-79d9-470a-899f-af61434757ce,ok,17695743.0,v1.14-1.15,0.0,0.0,0.0,True,0.0,0.0,0.31621166169643405,4.0,actuator_motors,none,6659702,4126918,2.9,,C
4fe154b2-6fe2-4dd3-9ce0-92039441607e,ok,17761280.0,v1.14-1.15,0.0,0.019867549668874173,0.0,True,0.0,0.0,0.14004085212945938,4.0,actuator_motors,none,8825376,5693121,2.8,,B
110ca988-9f0e-4079-9f13-bb441e92f50a,ok,17629952.0,v1.12-1.13,0.0,0.0,0.0,True,0.0,0.0,0.13169999999999987,6.0,actuator_outputs,per_channel,3635370,2396871,2.6,,B
32487078-d595-4225-8955-5bcc94940644,ok,34430464.0,,0.0,0.04794520547945205,0.0,True,0.8775510204081632,5.299747,1.0,4.0,actuator_motors,none,5480653,3053370,4.2,not_px4_v2,
d742a257-9b52-4ae9-91fd-af73cad5b21f,ok,17826047.0,v1.16+,0.0,0.0,0.0,True,,,,4.0,actuator_motors,none,29997635,15073861,15.2,,B
223d04f4-c52c-4bca-b86b-e940478d4b03,ok,17630207.0,v1.12-1.13,0.0,0.0,0.0,True,0.0,0.0,0.3425499999999999,6.0,actuator_outputs,per_channel,5049205,3541383,13.7,,B
62833756-e65c-42fc-b102-d52812de448b,ok,17629696.0,v1.12-1.13,0.0,0.0,0.0,False,0.0,0.0,0.17100000000000004,6.0,actuator_outputs,per_channel,21717515,6435703,14.8,,C
94cb0a05-f1fa-4a71-8897-e6b4186e802e,ok,17761535.0,v1.14-1.15,0.0,0.0,0.0,True,0.0,0.0,0.14786636531352979,4.0,actuator_motors,none,34203795,15785405,13.5,,B
0ae539bf-9dd1-4393-a645-98ab97a865d4,ok,18350080.0,v1.16+,0.07111111111111111,0.07111111111111111,0.18161925601750548,False,0.2293144208037825,5.2990020000000015,0.9999999781799271,4.0,actuator_motors,none,3572784,2642388,3.3,,B
eda10354-1ba1-4ed7-a70f-51a16b5b52ae,ok,17629184.0,v1.12-1.13,0.0,0.0,0.0,True,0.0,0.0,0.29692307692307696,6.0,actuator_outputs,bus,6994082,3852781,3.7,,B
dd152b77-5609-44e0-8e6a-90f703990876,ok,17761535.0,v1.14-1.15,0.0,0.0,0.0,True,0.2567049808429119,1.0007719999999978,1.0,4.0,actuator_motors,none,3782762,2888165,3.5,,B
b2adcdc1-1c9c-4213-bdd2-764bba6211d7,ok,17826303.0,v1.16+,0.0,0.0,0.0,True,0.0018796992481203006,0.19899199999999695,0.27848470173776135,4.0,actuator_motors,none,3904753,2399152,2.5,,B
063f5016-010d-4f4c-85d9-26b925622d1c,ok,17826559.0,v1.16+,0.0,0.25161290322580643,0.0,False,0.02274975272007913,1.1999999999999957,0.06549906730651855,4.0,actuator_motors,none,43397784,17835944,7.5,,C
25f3fc7e-d94b-4a5f-a889-567498cbb393,ok,17630207.0,v1.12-1.13,0.0,0.0,0.0,True,0.0,0.0,0.32599999999999996,6.0,actuator_outputs,per_channel,5094678,3557647,4.2,,C
64c179f1-2c15-4daf-b492-45fb649325af,ok,17760256.0,v1.14-1.15,0.0,0.29878048780487804,0.0,True,0.017785096747632772,0.4399999999999977,0.06392294764518731,4.0,actuator_motors,none,23964945,9222964,8.0,,C
dc614b3f-58a0-4dae-a8fc-59b8a26c7083,ok,17694975.0,v1.14-1.15,0.0,0.0,0.0,False,0.0,0.0,0.13327085971832275,4.0,actuator_motors,none,9275240,5712803,6.5,,C
16153a76-7dbb-4c6f-aac3-4c6519f7956f,ok,17694975.0,v1.14-1.15,0.0,0.0,0.0,True,0.0,0.0,0.36093448251485805,4.0,actuator_motors,none,14058802,8702560,11.6,,B
c4195b63-9cce-4c96-920b-be8d125bb68e,ok,17761535.0,v1.14-1.15,0.0,0.0,0.0,True,,,,,actuator_motors,none,73067719,37650971,14.7,,B
231ece71-6dd7-496b-80a5-73b82e7de600,ok,17629951.0,v1.12-1.13,0.0,0.0,0.0,True,0.0011953551912568306,0.5984339999999999,0.5302857142857142,6.0,actuator_outputs,bus,21590822,12676337,5.9,,B
78d77df7-6edd-42c6-81d1-1fd45fed372c,ok,17695488.0,v1.14-1.15,0.3474576271186441,0.0,0.2746987951807229,False,0.43266832917705733,41.40097299999999,1.0,4.0,actuator_motors,none,7374190,4681866,3.9,,A
337ff0f7-47a5-40e2-bc5b-f34c07840954,ok,17891583.0,v1.16+,0.0,0.0,,True,0.0,0.0,0.01849963814020153,4.0,actuator_motors,none,14226481,4609938,6.2,,B
6589ad78-37f6-455c-a2eb-1bfee71c18be,ok,17761024.0,v1.14-1.15,0.0,0.0,0.0,True,0.0,0.0,0.0852338537573814,4.0,actuator_motors,none,8489276,5087285,7.2,,A
e61406ba-a430-413e-bd5f-74bfed23b783,ok,17630207.0,v1.12-1.13,0.0,0.0,0.0,True,0.0,0.0,0.28300000000000003,6.0,actuator_outputs,per_channel,20115700,10194669,10.1,,C
6b776cc9-c250-4e0b-a00b-905285a97df4,ok,17825792.0,v1.16+,0.0,0.04712041884816754,0.0,False,0.011805666720025611,0.6818749999999909,0.06488042846322056,4.0,actuator_motors,none,10542040,6145492,8.4,,B
697f6dce-243c-4b83-937f-653e8f4f218d,ok,17826240.0,v1.16+,0.06711409395973154,0.06711409395973154,0.0,True,0.21858864027538727,2.4988790000000023,0.3124650716781616,4.0,actuator_motors,none,3026121,2234535,3.8,,B
20de7a24-7662-460b-b299-2080f92e1ab0,ok,17761535.0,v1.14-1.15,0.0,0.0,0.0,True,0.0,0.0,0.16401097178459167,4.0,actuator_motors,none,7066538,4521621,3.0,,B
c237126a-d4e1-400d-8152-01be4988660f,ok,17761280.0,v1.14-1.15,0.01454775458570525,0.0,0.0,True,0.0,0.0,0.19825887382030488,4.0,actuator_motors,none,85177434,51627717,22.7,,C
4f70558f-6b4a-4021-85ed-9079ca995090,ok,17761023.0,v1.14-1.15,0.0,0.0,0.0,True,0.022482460029733184,1.2310230000000004,0.33950145244598384,4.0,actuator_motors,none,81186645,28433815,19.1,,C
a6c2aec1-d22b-4c8f-b01c-061275525daa,ok,17761535.0,v1.14-1.15,0.0,0.0,0.0,True,0.0,0.0,0.25306524336338043,4.0,actuator_motors,none,3026153,2295155,2.6,,C
985554ed-158c-4d44-a608-c252a834b114,ok,17760767.0,v1.14-1.15,0.0,0.0,0.0,True,0.0034129692832764505,0.19975900000000024,0.6641475312709468,4.0,actuator_motors,none,2649282,2120489,3.1,,B
300f07a5-997b-4bd5-a51b-649d689ddebc,ok,17760511.0,v1.14-1.15,0.0,0.0,0.0,True,0.10866910866910867,5.502409999999998,0.4665349334478378,4.0,actuator_motors,none,15879338,9800283,6.3,,B
0d6ec2cd-8012-48ed-9163-b402942edc68,ok,17695488.0,v1.14-1.15,0.0,0.0,0.0,True,0.0,0.0,0.16827425360679626,4.0,actuator_motors,none,10795763,6684890,3.8,,A
090cf749-4710-453b-a5d7-4e63aa98af12,ok,17761280.0,v1.14-1.15,0.0,0.05825242718446602,0.0,True,0.0,0.0,0.17691099047660824,4.0,actuator_motors,none,27017818,12267878,15.1,,A
4ec43bb2-c5b2-4b9a-9557-d6006585c577,ok,17629184.0,v1.12-1.13,0.0,0.0,0.0,True,0.024831329972857696,0.7167589999999997,0.4297620892524718,4.0,actuator_motors,none,50421269,21368148,18.1,,B
16d63e55-e29e-4d64-b6bd-fad7c5b3dd86,ok,17760384.0,v1.14-1.15,0.0,0.04216867469879518,0.0,False,0.9056603773584906,33.5,1.0,8.0,actuator_motors,none,155150338,75680955,29.0,,B
3ed876b7-17b0-4acb-b373-d89a1e984623,ok,17629696.0,v1.12-1.13,0.0,0.0,0.0,True,0.0,0.0,0.16900000000000004,6.0,actuator_outputs,per_channel,22842528,12839644,28.6,,B
538cdcfa-6b4f-4988-9e91-d2230c491821,ok,17826240.0,v1.16+,0.0,0.0,0.2689189189189189,True,0.05964553510565781,6.4029370000000085,0.24258163645863506,4.0,actuator_motors,none,25617373,8849409,9.1,,A
8eb7ae5c-099e-4580-bc76-fcd17ee8863f,ok,17629952.0,v1.12-1.13,0.0,0.0,,True,,,,4.0,actuator_outputs,per_channel,299736,241141,1.7,,C
0bab4375-9dae-4d33-af72-021c3b141fb2,ok,17629184.0,v1.12-1.13,0.041666666666666664,0.09583333333333334,0.0,True,0.0,0.0,0.5073999999999994,6.0,actuator_outputs,per_channel,4457071,3280036,3.2,,C
40cc25d5-9f7a-4351-9dad-05363d8020b8,ok,17629952.0,v1.12-1.13,0.0,0.0,0.0,True,0.0,0.0,0.3132999999999999,6.0,actuator_outputs,per_channel,6331883,4246215,6.7,,A
a4fd36d5-fa31-423b-9ed6-4ed7a11a3458,ok,17826047.0,v1.16+,0.0,0.0,0.0,True,0.8869524258125294,75.103365,1.0,4.0,actuator_motors,none,7476446,4555105,17.8,,B
c3027625-f8cc-43a3-a963-08d6990b8741,ok,17629951.0,v1.12-1.13,0.0,0.0,0.0,True,0.40128682695563833,11.999402999999973,0.9988571428571429,6.0,actuator_outputs,bus,172259712,61533536,26.2,,C
074bfccb-7d19-4710-b200-5ba1243e1feb,ok,17630207.0,v1.12-1.13,0.0,0.0,0.0,True,0.0,0.0,0.28600000000000003,6.0,actuator_outputs,per_channel,14872281,7632587,5.4,,B
666b80d4-68ee-4ccd-b94d-620140a712d7,ok,17694975.0,v1.14-1.15,0.0,0.0,0.0,True,0.010978956999085087,3.2996579999999653,0.35462281256914135,4.0,actuator_motors,none,17323133,10475219,7.0,,A
a2fc063c-1d42-4460-aafe-0d0bf72917c8,ok,17761535.0,v1.14-1.15,0.0,0.10064935064935066,0.0,True,0.0,0.0,0.21137592196464539,4.0,actuator_motors,none,6470591,4490424,3.7,,B
6b823f6b-2835-4bfa-ad42-c28b5690075d,ok,17761024.0,v1.14-1.15,0.0,0.0,0.0,True,0.0,0.0,0.2619129471480846,4.0,actuator_motors,none,11791209,6206900,7.3,,B
0992ed0a-6f17-4ac6-ad58-7558480c7a16,ok,17694975.0,v1.14-1.15,0.0,0.0,0.0,True,0.11644859813084112,2.673521000000008,0.4268170729279518,4.0,actuator_motors,none,17598934,11101703,8.8,,C
6c72770e-16e8-4c89-9039-a6522b547ead,ok,17825856.0,v1.16+,0.0,0.0,0.0,True,0.0,0.0,0.2990980848670005,4.0,actuator_motors,none,26269202,16436764,9.1,,A
5c7cdeb3-267a-40b1-ac00-3eebc091ff79,ok,17761023.0,v1.14-1.15,0.0,0.0,0.08112874779541446,True,0.0,0.0,0.126671826839447,4.0,actuator_motors,none,96757277,29567097,34.6,,C
739a2b13-6d0c-4509-9489-8a754db93443,ok,17695488.0,v1.14-1.15,0.0,0.0,0.0,True,0.0022935779816513763,0.1019650000000003,0.1679092094302176,4.0,actuator_motors,none,3912580,2841358,2.6,,C
25191ea4-ddd5-4a71-987a-02cced99b18f,ok,17695488.0,v1.14-1.15,0.12403100775193798,0.0,0.0,True,0.0,0.0,0.3309049978852272,4.0,actuator_motors,none,5692383,3079970,3.8,,B
4717e3ac-83a5-4046-9a7d-c05e87752772,ok,17826047.0,v1.16+,0.0,0.0,0.11157894736842106,False,0.06465602992082123,2.502697000000005,0.3990563988685607,4.0,actuator_motors,none,12063874,7247952,5.5,,A
15a7c9aa-b601-4d1a-8cb1-4a78e4e9a5f8,ok,17564416.0,v1.12-1.13,0.0,0.140625,0.0,True,0.0,0.0,0.262235294117647,6.0,actuator_outputs,bus,2906213,2012675,2.8,,B
80ec0919-7710-4ef3-ad95-8b77a237dad3,ok,17630207.0,v1.12-1.13,0.0,0.0,0.0,True,0.0,0.0,0.46499999999999997,6.0,actuator_outputs,per_channel,6013356,3133656,3.7,,C
446b9884-ae01-421e-93cb-afc67aba7c82,ok,17826559.0,v1.16+,0.006493506493506494,0.08225108225108226,0.08110599078341015,True,0.0,0.0,0.14068867340683935,4.0,actuator_motors,none,9722288,6111620,4.2,,C
ec3c19f6-8ce0-4fd7-b7c5-dd31530f2e0e,ok,17826240.0,v1.16+,0.0,0.0,0.0,True,0.0,0.0,0.1503865838050842,4.0,actuator_motors,none,6517386,4664166,4.7,,B
ac828042-b912-4b71-8df1-deca7486fdeb,ok,17694720.0,v1.14-1.15,0.0,0.12568306010928962,0.000263242563397584,True,0.002275830678197542,0.20000000000001705,0.06598191261291492,4.0,actuator_motors,none,54805513,21550842,10.4,,B
7b60cb84-da4e-4b2c-bf00-7d5ee0b2f805,ok,17760256.0,v1.14-1.15,0.0,0.0,0.0,True,0.0,0.0,0.17424917221069336,4.0,actuator_motors,none,2833117,1932933,2.8,,C
0b1a6841-b0b0-4513-bfd6-1af17a565ee6,ok,17826047.0,v1.16+,0.0,0.0,0.0,False,0.0,0.0,0.07546610087156293,4.0,actuator_motors,none,4794474,1941995,2.8,,A
152e6aea-4366-41fa-bbff-280fcf5688d0,ok,17760512.0,v1.14-1.15,0.0,1.0,0.0,True,0.0,0.0,0.1218797504901886,4.0,actuator_motors,none,6307499,3698852,4.6,,C
faf003b2-d5f9-4386-80ad-16e491595ccc,ok,17761535.0,v1.14-1.15,0.0,0.0,0.0,True,0.0029425079221367134,0.20525100000000407,0.37543756812810886,4.0,actuator_motors,none,18825615,11916597,7.3,,C
2e950cc8-b9e7-4a7a-8ad2-8578fb5b07f7,ok,403308799.0,,0.0,0.0,0.0,True,,,,8.0,actuator_outputs,none,27555840,13671302,8.3,not_px4_v24,
c9c21d9a-c0f0-44ec-85af-98d41cd4862e,ok,17695999.0,v1.14-1.15,0.0,0.1320754716981132,0.0,True,0.0,0.0,0.07151651382446289,4.0,actuator_motors,none,8687158,5488627,5.4,,C
8ca6f2c5-4424-4433-9669-5b44ea4059af,ok,17826047.0,v1.16+,0.0,0.0,0.0,True,0.0,0.0,0.26665474772453307,4.0,actuator_motors,none,5870109,4082764,4.6,,C
cdfac74e-bc29-4ca0-ae91-fa20c4973386,ok,17891392.0,v1.16+,0.0,0.09195402298850575,0.0,True,0.8719211822660099,2.4000000000000057,1.0,4.0,actuator_motors,none,20366513,10172509,9.8,,B
b75b93a6-bc35-4da9-a8fb-5ff95f074adc,ok,17694720.0,v1.14-1.15,0.0,0.0,0.0,True,0.0,0.0,0.11483148559927937,4.0,actuator_motors,none,3290658,2342068,7.8,,A
d88bf54b-27cd-4b7b-bde2-f46a947f83ca,ok,67441920.0,,0.0,0.0,0.0,True,0.0,0.0,0.39466666666666667,6.0,actuator_outputs,bus,17215242,9366009,8.4,not_px4_v4,
556929a8-8f00-44df-a157-23a0a80f0e00,ok,17564416.0,v1.12-1.13,0.061865189289012,0.0,0.0,True,,,,6.0,actuator_outputs,none,57815424,28147927,18.4,,B
1bb24cc3-bf59-41ce-abe0-025ffba51e42,ok,17694720.0,v1.14-1.15,0.04355251921434671,0.0,0.014507422402159244,True,0.04829178747721626,17.723036999999977,0.4806155025959002,4.0,actuator_motors,none,136196401,45466784,25.5,,C
8f3755ce-89fc-423b-9b50-02a0ab809d07,ok,17761280.0,v1.14-1.15,0.0,0.0,0.0,True,0.0,0.0,0.15942311733961104,4.0,actuator_motors,none,5377182,3858833,4.5,,C
a765097f-4f30-42f9-b676-7d7807c39654,ok,17695743.0,v1.14-1.15,0.0,0.0,0.0,True,0.0,0.0,0.3161294311285019,4.0,actuator_motors,none,2798424,2312728,3.0,,A
610d33b9-9aba-4b04-8230-21fe50c05d81,ok,17170944.0,v1.12-1.13,0.0,0.0,0.0,True,0.0,0.0,0.4355263949701454,4.0,actuator_motors,none,3969915,2918128,3.7,,B
1df7eae0-a4f9-407e-92bc-9b87b6aee6fe,ok,17695999.0,v1.14-1.15,0.0,0.0,0.0,True,0.09256449165402124,0.2027219999999943,0.9327242508530617,4.0,actuator_motors,none,3554242,2442115,6.0,,A
3f7a7c17-e615-4c36-843f-cde2547a719b,ok,17826047.0,v1.16+,0.0,0.004319654427645789,0.006513243595310464,False,0.029882429784454604,4.66575499999999,0.2366257086396213,4.0,actuator_motors,none,57833012,32481240,19.2,,C
061311ff-682e-4555-8ca3-ea0f1b974e5b,ok,17170944.0,v1.12-1.13,0.0,0.0,0.0,True,0.0,0.0,0.2340843640267849,4.0,actuator_motors,none,60093803,23277929,18.8,,B
b7d06140-fcc1-4eca-b9ca-a4b72847e5d2,ok,17760768.0,v1.14-1.15,0.0,0.0,0.0,True,0.00022080068637470507,0.011250999999958822,0.34118306040763857,4.0,actuator_motors,none,63257082,38786693,17.1,,A
f8947eaa-4401-4ae1-ac1b-534f66117288,ok,17760512.0,v1.14-1.15,0.0,0.0,0.11730769230769231,True,0.000980392156862745,0.10140299999999058,0.1511521279811859,4.0,actuator_motors,none,3972110,2542833,2.4,,B
dac709fb-6944-4960-8ced-28352eaf2b19,ok,17761535.0,v1.14-1.15,0.0,0.0,0.0,True,0.0,0.0,0.22190811336040497,4.0,actuator_motors,none,3323603,2493294,1.1,,A
75f92e69-00d7-4671-a856-084d671cec7e,ok,17695743.0,v1.14-1.15,0.0,0.0,0.0,True,0.0,0.0,0.11009300351142884,4.0,actuator_motors,none,9892401,6162338,3.9,,C
1893c537-c223-4a4e-bdbc-19f5835e87d8,ok,17694720.0,v1.14-1.15,0.0,0.0,0.0,True,0.0,0.0,0.23335837572813042,4.0,actuator_motors,none,5796563,3119192,3.4,,C
c8b6a38d-89bd-4b9c-9ccc-ec9e2b8003a1,ok,17761535.0,v1.14-1.15,0.0,0.0,0.0,True,0.0,0.0,0.19701726734638209,4.0,actuator_motors,none,19506655,12517105,5.6,,C
e3e6447d-2834-4603-a1e9-e7a8daecd425,ok,17433087.0,v1.12-1.13,0.0,0.0,0.0,True,,,,6.0,actuator_outputs,none,12763842,7138383,4.0,,A
1b97d8a1-838d-4d21-abb4-b8ba76726ee7,ok,17826047.0,v1.16+,0.0,0.0,0.0,False,0.0,0.0,0.3120584726333618,4.0,actuator_motors,none,2790040,1893947,3.1,,A
9c36e574-dd65-4ae2-a6bb-ff0aab3bf872,ok,17761023.0,v1.14-1.15,0.0,0.0,0.0,True,0.0,0.0,0.17837418243288994,4.0,actuator_motors,none,5448757,3679575,3.2,,A
0e8e8022-89af-4abe-8384-8e882db36998,ok,17826047.0,v1.16+,0.0,0.0,0.0,True,0.0,0.0,0.24894846975803375,4.0,actuator_motors,none,17898925,11664905,5.5,,B
0dc92fc0-641b-4849-8108-db35fb88a3e7,ok,17694975.0,v1.14-1.15,0.7053726169844021,0.0,0.03509979353062629,True,0.025357142857142856,0.6015299999999968,0.22014070153236384,4.0,actuator_motors,none,10385317,6404045,5.0,,A
bd60119c-466b-455d-91d2-edf1f998a9d2,ok,17367552.0,v1.12-1.13,0.0,0.0,0.0,True,0.0,0.0,0.09099999999999997,6.0,actuator_outputs,global,12230499,6523267,6.0,,B
1316d1ea-a3a8-4b2d-9c91-f082a4af6b15,ok,17629952.0,v1.12-1.13,0.0,0.0,0.0,True,0.0,0.0,0.252,6.0,actuator_outputs,per_channel,8636285,4733569,5.9,,B
2697d527-e8f7-4dd2-a016-facf9130377c,ok,0.0,,0.0,0.04449648711943794,0.0,True,0.0,0.0,0.4857142857142857,6.0,actuator_outputs,global,7414266,3895573,4.3,not_px4_v0,
c3e5175f-4346-4abc-b93e-fbeb542da3ed,ok,17761535.0,v1.14-1.15,0.0,0.0,0.0,True,0.0,0.0,0.29223228543996815,4.0,actuator_motors,none,3433211,2667391,3.4,,C
31a40df8-08d9-48b5-b11c-6661a7e5a445,ok,17760768.0,v1.14-1.15,0.0,0.08695652173913043,0.0,True,0.06809770540340489,0.9039999999999964,0.31000179052352905,4.0,actuator_motors,none,36370760,16975427,14.7,,B
6161f14a-a0cc-467c-8966-9d436e925841,ok,17762304.0,v1.14-1.15,0.0,0.0,0.004770423375074538,False,0.0003007518796992481,0.09879799999998795,0.0825551450252532,4.0,actuator_motors,none,15983128,9658799,7.7,,C
2a0f72b1-c4e1-4f52-81f3-cd8e103302cf,ok,17761535.0,v1.14-1.15,0.0,0.0,0.0,True,0.02622827086822181,1.7680409999999966,0.7110254615757018,4.0,actuator_motors,none,37092621,13050982,16.5,,B
4e4bf1e5-3454-4713-9ec0-c68c578addcd,ok,17694720.0,v1.14-1.15,0.0,0.0,0.0,True,0.0,0.0,0.20639464259147644,4.0,actuator_motors,none,130516935,74345519,28.0,,C
8f568acf-799c-477a-aba4-6f1e9eb4b25c,ok,17761535.0,v1.14-1.15,0.0,0.0,0.0,True,0.0,0.0,0.1600000113248825,4.0,actuator_motors,none,3737858,2395846,2.9,,B
a04c4897-a6de-4814-bbc4-b5f32eb58d1b,ok,17629184.0,v1.12-1.13,0.0,0.0,0.0,True,0.0,0.0,0.3753846153846153,6.0,actuator_outputs,bus,11557622,6103480,5.1,,B
4c19bd82-caf1-4e2a-996e-4e74244509bf,ok,17695488.0,v1.14-1.15,0.0,0.0,0.0,True,0.00016891891891891893,0.010512000000005628,0.39297393560409544,4.0,actuator_motors,none,12177983,7019753,8.7,,B
57d2b3af-5aec-401b-9934-89c7bf132a54,ok,17826047.0,v1.16+,0.0,0.0,0.0,True,0.017436183568140605,1.5012540000000172,0.4441214680671691,4.0,actuator_motors,none,34310251,22494693,12.4,,B
2730b9af-7a04-48bb-8f2e-c16ea782ff4e,ok,17956928.0,v1.16+,0.0,0.0,0.0,True,0.02629193109700816,1.0999999999999943,0.12672795355319977,4.0,actuator_motors,none,83460641,41227836,16.6,,C
ebb3b6fe-f9fa-432c-abab-7cc6ab06ebaa,ok,17826240.0,v1.16+,0.0,0.0,0.0,True,0.0,0.0,0.18871941417455673,4.0,actuator_motors,none,3940901,2758200,2.7,,C
23ee80e3-dc26-4144-bebf-fc9760bfd8a9,ok,17825984.0,v1.16+,0.0,0.0,0.0,True,0.0,0.0,0.09264974296092987,4.0,actuator_motors,none,3209509,2447701,3.2,,C
0647acaf-7f28-451b-b460-058c13ae918c,ok,17826240.0,v1.16+,0.15634218289085547,0.061946902654867256,0.0,True,0.016908212560386472,0.500402,0.2395426109433174,4.0,actuator_motors,none,7836866,5371835,4.4,,B
82416bc5-ec85-4d88-b20b-b8c864c9726a,ok,17695488.0,v1.14-1.15,0.0032537960954446853,0.0,0.0,True,0.02139784946236559,14.70013999999992,0.09753448665142056,4.0,actuator_motors,none,34205645,20517245,17.9,,C
513e299c-6b6b-4666-a54c-89f10b5a9533,ok,17629184.0,v1.12-1.13,0.0,0.0,0.0,True,0.00078003120124805,0.0974250000000012,0.13846051841974263,4.0,actuator_motors,none,3993599,2616853,2.3,,B
b05a3129-b0b9-4fe1-b546-170d2ec2ba3f,ok,17891583.0,v1.16+,0.0,0.0,0.0,True,0.0,0.0,0.3701486855745315,4.0,actuator_motors,none,3080311,2658353,3.3,,C
dca005d8-feac-47b7-bbd1-63092be49fc0,ok,17760767.0,v1.14-1.15,0.0,0.12087912087912088,0.0,True,0.0,0.0,0.17122891545295713,4.0,actuator_motors,none,27101005,16961049,6.3,,B
b836a0da-9fc3-4f64-a1d7-91c605889136,ok,17695488.0,v1.14-1.15,0.22099447513812154,0.0,0.0,True,0.0,0.0,0.030318538844585418,4.0,actuator_motors,none,6246966,3911277,4.0,,B
87f8bee5-123e-4f02-ada5-7819fcc54897,ok,17760256.0,v1.14-1.15,0.0,0.0,0.0,True,,,,4.0,actuator_motors,none,8550081,4209005,4.7,,B
284178e7-c335-4a41-bff4-448dbac9371b,ok,17760767.0,v1.14-1.15,0.0,0.0,0.0,True,0.06758620689655172,4.898830000000004,0.9999999866560169,4.0,actuator_motors,none,2954190,2150838,4.1,,A
e10558d7-e28c-44c2-a224-86c65ec6754d,ok,17891583.0,v1.16+,0.0,0.0,0.0,True,0.0,0.0,0.20681266039609905,4.0,actuator_motors,none,2986213,2607414,3.1,,A
0bd113a3-4aea-4aa9-a0d9-cdad2878f165,ok,17825984.0,v1.16+,0.0,0.0,0.0,True,0.0,0.0,0.14451896548271154,4.0,actuator_motors,none,3601705,2623454,3.0,,A
abc98374-f117-46f6-9173-8d841684a8e7,ok,17695744.0,v1.14-1.15,0.0,0.0,0.0,True,0.0,0.0,0.24016730189323426,4.0,actuator_motors,none,50650518,27570030,15.7,,A
12fcc46b-ab5e-42f9-92e2-85c3c66b9b1b,ok,17826047.0,v1.16+,0.0,0.0,0.0,True,0.0,0.0,0.16657161712646484,4.0,actuator_motors,none,30043715,12422777,13.1,,C
7bd7313b-330a-4c5e-8116-9b75ff174490,ok,67441920.0,,0.0,0.0,0.0034423407917383822,True,0.0016200162001620017,0.08043599999999174,0.6653333333333333,6.0,actuator_outputs,bus,26981552,15173543,8.2,not_px4_v4,
1614a17a-b083-4876-93fe-4d1e44538db6,ok,17891392.0,v1.16+,0.0,0.0,0.0,False,0.5152517511824223,14.791071000000002,0.4539772361516951,4.0,actuator_motors,none,167485862,66814662,34.3,,C
c886dfb9-4bf3-466f-99d1-2b0009ccb829,ok,17564416.0,v1.12-1.13,0.0,0.0,0.0,True,0.005055611729019211,0.3986789999999871,0.3669473684210525,6.0,actuator_outputs,bus,3503982,2315104,3.6,,C
8876477b-1b4e-429a-8bcf-01d8f8188941,ok,17694720.0,v1.14-1.15,0.0,0.0,0.0,True,0.0,0.0,0.31541686505079264,4.0,actuator_motors,none,12882472,8243045,5.2,,C
56ad4dc6-9cc6-44f7-92af-4c1e2ddcb8ac,ok,17891583.0,v1.16+,0.0,0.0,0.0,True,0.3333333333333333,2.4980949999999993,0.999999971678092,4.0,actuator_motors,none,3304505,2625265,3.5,,A
ee43a251-3fac-49cb-8b8a-669af0b536a8,ok,17825984.0,v1.16+,0.0,0.0,0.0,True,,,,4.0,actuator_motors,none,8238447,5131311,4.3,,B
0c007e7f-c8e1-47f4-b169-29111e62cf3c,ok,17761023.0,v1.14-1.15,0.0,0.0,0.0,True,0.0,0.0,0.35048718601465223,4.0,actuator_motors,none,4314476,3198509,2.9,,C
66a167e9-0c7e-4a24-9fa3-8e4bbf18ea44,ok,17630207.0,v1.12-1.13,0.0,0.0,0.0,True,0.0,0.0,0.21899999999999997,6.0,actuator_outputs,per_channel,6412816,4250598,9.5,,C
d4d855ab-6d4a-4859-9727-67722c1ce28b,ok,17825920.0,v1.16+,0.0,0.14482758620689656,0.0,True,0.0,0.0,0.3581787556409835,4.0,actuator_motors,none,8858156,5884391,10.2,,C
e019dd2d-f732-46ff-9a34-03950026b3d9,ok,17695743.0,v1.14-1.15,0.6556776556776557,0.0,0.0,True,0.2697264358874627,1.084626,0.42504215240478477,4.0,actuator_motors,none,14164930,8200455,10.2,,C
80fc6b04-89b5-46a8-a8ec-4e63ec795ff4,ok,17564927.0,v1.12-1.13,0.0,0.11228668941979522,0.0,True,0.0,0.0,0.3023529411764706,4.0,actuator_outputs,global,241915019,75811968,48.1,,B
63314e1c-3704-48e5-a867-642ac84e8063,ok,17694720.0,v1.14-1.15,0.0,0.0,0.0,True,0.0,0.0,0.20731476247310632,4.0,actuator_motors,none,6791774,4320334,3.8,,B
e9489725-4aa7-4ce7-948b-1d377a91fd1c,ok,17629952.0,v1.12-1.13,0.0021598272138228943,0.1879049676025918,0.0,True,0.9002207505518763,68.301559,0.924,6.0,actuator_outputs,per_channel,9353073,5731115,4.3,,B
ec9ecff4-1590-42c2-8249-5fdeacd26ced,ok,17629439.0,v1.12-1.13,0.0,0.0,0.0,False,0.0,0.0,0.377,6.0,actuator_outputs,per_channel,5890837,3761826,2.8,,A
0fd264af-93e9-4a40-be5b-00b3872b210c,ok,17826047.0,v1.16+,0.9029850746268657,0.0,0.0,True,0.0,0.0,0.41088192164897913,4.0,actuator_motors,none,3272117,2680476,2.5,,A
b58e2067-08eb-4ee0-a119-e138823b8cd1,ok,17694720.0,v1.14-1.15,0.0,0.0,0.0,True,0.29925174756325684,0.9666789999999992,0.43777538090944285,4.0,actuator_motors,none,8651478,5597504,4.0,,A
e67cfd71-7ff2-4250-bea5-fb3e107896a5,ok,17694975.0,v1.14-1.15,0.0,0.0,0.0,True,0.026333113890717578,0.3997439999999983,0.8422851892347069,4.0,actuator_motors,none,5910436,3864432,3.0,,C
49e6259e-3499-4b91-a724-f0bcedcbed60,ok,17629952.0,v1.12-1.13,0.0,0.0,0.0,True,0.0,0.0,0.15986537933349607,4.0,actuator_motors,none,6078577,3340458,3.6,,A
d13613e1-e449-47f2-acf1-f356db07ce3c,ok,17695744.0,v1.14-1.15,0.9073170731707317,0.0,0.0,False,0.0033444816053511705,0.2997919999999965,0.48003822565078735,4.0,actuator_motors,none,3073413,2107369,2.5,,B
333a57b3-af32-45a1-a447-ded36c328cfa,ok,17761535.0,v1.14-1.15,0.0,0.0,0.0,True,0.0,0.0,0.5409445717930793,4.0,actuator_motors,none,2866979,2152868,2.6,,A
9ba52540-9681-4f48-bf8f-c4ad581f20d5,ok,17826240.0,v1.16+,0.0,0.0,0.18685121107266436,True,0.003781261747340955,0.1601119999999998,0.5873102650046349,4.0,actuator_motors,none,36061474,17569394,12.3,,C
a408a531-dbe5-4ebe-a121-632f6c3046fa,ok,17695743.0,v1.14-1.15,0.0,0.0,0.0,True,0.0,0.0,0.12890617251396178,4.0,actuator_motors,none,7608758,4746565,4.5,,A
cde494bb-e2d1-48e8-aeea-0779909b51b6,ok,17695488.0,v1.14-1.15,0.0,0.0,0.0,True,0.0,0.0,0.1877077288925633,4.0,actuator_motors,none,29442264,10221953,10.2,,C
9ea95adf-b57b-448b-ae0e-4460a3e13543,ok,17433087.0,v1.12-1.13,0.0,0.0,0.0,True,,,,,actuator_outputs,none,2069074,1143539,7.5,,C
5539ce1b-42ba-4c32-8763-74ddbe7fddee,ok,17694975.0,v1.14-1.15,0.17655571635311143,0.0,0.0,True,0.0,0.0,0.22709347605705268,4.0,actuator_motors,none,69797568,42385019,27.4,,C
08e27f9d-a6e2-41a3-89c2-76cf83f98f54,ok,17760384.0,v1.14-1.15,0.0,0.2887323943661972,0.0,True,0.0,0.0,0.10669723749160766,4.0,actuator_motors,none,7191721,4746787,38.8,,A
aeaba112-25cd-4025-bc83-f3c04bccbd2f,ok,17629696.0,v1.12-1.13,0.0,0.0,0.023865231633130556,False,0.0,0.0,0.8280000000000001,6.0,actuator_outputs,per_channel,15532032,8811054,48.8,,A
6b0c1978-a76d-4b6c-a4b6-2ed46f4f28fb,ok,50332160.0,,1.0,0.0,0.0,False,1.0,86.236322,0.9999999720649981,4.0,actuator_motors,none,2078561,1506607,18.9,not_px4_v3,
32556bbb-db92-439e-8654-a072b4009724,ok,17891583.0,v1.16+,0.0,0.0,0.0,True,0.29449838187702265,2.999379000000001,0.9999999781681158,4.0,actuator_motors,none,3010868,2433234,2.9,,B
dc2ab150-cfea-4712-bacd-5a25afd4801d,ok,17761535.0,v1.14-1.15,0.026622296173044926,0.0,0.0,False,0.0,0.0,0.1440791457891464,4.0,actuator_motors,none,184915860,48036783,96.7,,C
ce0db815-7e53-49f6-97f6-2aa4d40d2a57,ok,17564416.0,v1.12-1.13,0.0,0.0,0.0,True,,,,4.0,actuator_outputs,bus,22077440,14363691,7.4,,B
91bc6f57-ddd5-4be5-9462-ef30a9b37fb2,ok,67441920.0,,0.0,0.0,0.0,True,0.0,0.0,0.43066666666666664,6.0,actuator_outputs,bus,28540757,16031471,8.0,not_px4_v4,
aafff692-6529-4391-8296-55a03a840fa6,ok,17761535.0,v1.14-1.15,0.0,0.0,0.0,True,0.0,0.0,0.4218112215399742,4.0,actuator_motors,none,41718583,25543153,18.0,,B
8a54b5fe-5299-4e84-b668-6df1a9a93441,ok,17695743.0,v1.14-1.15,0.0,0.0,0.08333333333333333,True,0.17027863777089783,6.201411,0.5475814864039421,4.0,actuator_motors,none,2881200,2285834,2.1,,B
c6a6f6a7-76d2-4a9d-9976-c32a753555dc,ok,17826047.0,v1.16+,0.0,0.0,0.0,True,0.0,0.0,0.14911885559558866,4.0,actuator_motors,none,154526725,45870272,82.0,,C
f1ace2c1-3566-4ab5-994e-b0bbbca90dd5,ok,17761535.0,v1.14-1.15,0.21380846325167038,0.0,0.0,True,0.6785714285714286,80.698755,1.0,4.0,actuator_motors,none,8627252,5706205,7.0,,B
9d43eb17-6bc1-45fe-8701-bedfda47ee70,ok,17564928.0,v1.12-1.13,0.0,0.4651624101165386,0.0,True,0.0020408163265306124,0.30115299999999934,0.2952941176470588,4.0,actuator_outputs,global,178917474,54471348,47.4,,C
d0185cbe-254f-4ddc-ac44-ef4095adc90a,ok,17826047.0,v1.16+,0.0,0.0,0.0,True,0.0,0.0,0.32749227881431575,4.0,actuator_motors,none,3308664,2545454,6.6,,B
b9a77929-0961-44ad-bc48-2b5dd265a95a,ok,17826240.0,v1.16+,0.0,0.0,0.0,True,0.0,0.0,0.5405754968523979,4.0,actuator_motors,none,10480454,6522662,5.3,,B
4d631738-ad24-410c-be4c-c6f23b296026,ok,17826047.0,v1.16+,0.0,0.0,0.0,True,2.1810250817884406e-05,0.0037019999999969855,0.3749806106090546,4.0,actuator_motors,none,41776793,24844922,14.5,,B
812311c9-63c9-4081-adab-813f20697100,ok,17629312.0,v1.12-1.13,0.01571594877764843,0.0,0.07836456558773425,True,0.017446541019222075,0.4536110000000022,0.4004792362451553,4.0,actuator_motors,none,71367217,31016453,17.5,,B
97155b59-b9e0-46ea-8be2-11201de1fbaa,ok,17891392.0,v1.16+,0.0,0.0,0.0,True,0.0,0.0,0.03151509165763855,4.0,actuator_motors,none,3236400,2490122,3.4,,C
119779b6-2b06-418a-b41d-e9ccb9e3c3d6,ok,17630207.0,v1.12-1.13,0.0,0.0,0.0,True,0.0,0.0,0.5245714285714286,6.0,actuator_outputs,bus,10785423,5293101,7.5,,C
ee137382-d197-4835-b010-3033fcd9d3c1,ok,17695488.0,v1.14-1.15,0.05999458288190682,0.0,0.9010989010989011,True,0.02513690044203998,2.6186029999999985,0.136552071198821,4.0,actuator_motors,none,26167209,14758139,7.8,,C
258a0e12-6d33-4baf-ab24-40710413e992,ok,17694975.0,v1.14-1.15,0.0,0.0,0.0,True,0.0,0.0,0.10445832610130308,4.0,actuator_motors,none,2577846,1854708,2.9,,A
e4715794-473c-42fa-bb2c-70857ac1a16e,ok,17694848.0,v1.14-1.15,0.0,0.0,0.0,True,0.0,0.0,0.07295498251914978,4.0,actuator_motors,none,31709784,18829731,10.8,,B
1cbd3e47-8c91-494d-ac59-2432b8858f7b,ok,17694720.0,v1.14-1.15,0.0,0.0,0.0,True,0.0,0.0,0.3129481524229049,4.0,actuator_motors,none,14857070,3778472,5.5,,A
78b09171-070a-4fad-8680-7f328c928312,ok,17629952.0,v1.12-1.13,0.0,0.0,0.0,True,0.0,0.0,0.35899999999999993,6.0,actuator_outputs,per_channel,10947574,6270626,5.9,,C
37edb356-de79-463c-92e8-d82054140c43,ok,17564416.0,v1.12-1.13,0.0,0.0,0.0,True,0.0,0.0,0.277,6.0,actuator_outputs,bus,7291327,4497127,4.7,,C
3ef02995-fdcc-4dec-bb4a-98e04f8c187c,ok,17695743.0,v1.14-1.15,0.0,0.0,0.0,True,0.0,0.0,0.17879781275987622,4.0,actuator_motors,none,80218293,47905774,20.7,,C
c4119ddf-5225-4b9b-b590-feb812378d24,ok,17760768.0,v1.14-1.15,0.0,0.10135135135135136,0.0,True,,,,,actuator_motors,none,3013590,2397768,2.9,,C
ca2f0dc7-5d0d-490f-8073-fbb64018999a,ok,17761280.0,v1.14-1.15,0.0,0.0,0.0,True,0.00010179301118268937,0.017655999999988126,0.2560788691043854,4.0,actuator_motors,none,78640618,48363573,16.2,,B
ec60629f-66d8-4026-a8b3-fec6d9273a47,ok,17826240.0,v1.16+,0.0,0.0,0.0,True,0.0,0.0,0.18871941417455673,4.0,actuator_motors,none,3940901,2758200,3.2,,B
d98f134a-4054-434f-aa96-d7bd58e34a1f,ok,17826047.0,v1.16+,0.0,0.0,0.0,True,0.0678617157490397,0.29659200000000396,0.9531330466270447,4.0,actuator_motors,none,3588277,2704554,3.3,,B
3c5d1cf1-e2d3-44d6-9024-51abb3b3ed9f,ok,17761535.0,v1.14-1.15,0.0,0.11920529801324503,0.0,True,0.0006784260515603799,0.09832199999999602,0.24000002443790436,4.0,actuator_motors,none,26030544,16755029,11.9,,C
d160c43f-e542-4c95-91b0-34f98ce22536,ok,17629696.0,v1.12-1.13,0.4409448818897638,0.0,0.0,False,0.0,0.0,0.874,6.0,actuator_outputs,per_channel,2293760,1572272,1.7,,C
be008871-5dd2-4de6-a2cf-2525ebb130cf,ok,16843072.0,v1.12-1.13,0.0,0.0,0.0,True,0.0,0.0,0.37364134937524796,4.0,actuator_motors,none,15602251,9178531,10.9,,C
b293656d-b0cb-4780-b648-2ec2d9f8d485,ok,17825792.0,v1.16+,0.0,0.0,0.0,True,0.0,0.0,0.18460467010736462,4.0,actuator_motors,none,26612012,15953480,17.4,,C
9f60e750-8a74-4248-9898-4e4b048ea79d,ok,17498623.0,v1.12-1.13,0.0,0.0,0.0,True,,,,6.0,actuator_outputs,global,229867612,91079228,53.6,,B
cbe3b4a9-f5ba-475e-990b-fa6086f82f7e,ok,17891583.0,v1.16+,0.0,0.0,0.0,True,0.0,0.0,0.15910963416099538,4.0,actuator_motors,none,3210806,2513411,3.3,,B
2d747df6-ca09-4594-812a-2de606e58fba,ok,17761535.0,v1.14-1.15,0.0,1.0,0.0,True,0.0,0.0,0.3486429732042924,4.0,actuator_motors,none,6008976,3652239,3.6,,B
f00f4a7c-8e26-42e1-b343-80da8264f46d,ok,17629952.0,v1.12-1.13,0.0,0.0,0.0,True,0.0,0.0,0.18200000000000005,6.0,actuator_outputs,per_channel,5227144,3786195,5.8,,B
88705f51-0d7c-462c-a688-13b8b0000fd4,ok,17891583.0,v1.16+,0.0,0.0,0.0,True,0.0,0.0,0.12440653145313249,4.0,actuator_motors,none,30511432,12836727,10.5,,B
a9af7e26-89e7-4fc2-b090-9cf4ad86aa36,ok,17629696.0,v1.12-1.13,0.0,0.0,0.0,True,0.0,0.0,0.15300000000000002,6.0,actuator_outputs,per_channel,14272650,7726097,4.9,,B
197dd71a-5106-4d41-87dd-462bdd168fea,ok,17761280.0,v1.14-1.15,0.0,0.0,0.0,True,0.0,0.0,0.17997562140226364,4.0,actuator_motors,none,39307279,23689844,11.6,,A
f58e09f5-34d2-42ea-98ca-46f8af70a451,ok,17695488.0,v1.14-1.15,0.0,0.0,0.0,True,0.0003720810091082971,0.014350000000149521,0.4367465287446973,4.0,actuator_motors,none,117196389,67332510,26.7,,B
e28794a4-7621-4dc6-a8e4-88f691688827,ok,17695488.0,v1.14-1.15,0.0,0.0,0.0,True,0.0,0.0,0.04807080924510954,4.0,actuator_motors,none,4113979,2720552,2.5,,B
02260c78-3936-4f8c-9302-6c9c68ed6158,ok,17826559.0,v1.16+,0.0,0.0,0.0,True,0.0,0.0,0.24021621886640787,4.0,actuator_motors,none,3638310,2737437,2.5,,C
0396c450-6e1b-464d-8763-851dd2857934,ok,17629952.0,v1.12-1.13,0.0,0.0,0.0,True,0.0017241379310344827,0.09804899999999961,0.1995777130126953,4.0,actuator_motors,none,5609532,3976993,3.1,,B
7fe73cb0-00ef-41d2-9918-238e2bc2186c,ok,17695488.0,v1.14-1.15,0.031496062992125984,0.0,0.0,True,0.1292517006802721,1.900105,0.2228187203407287,4.0,actuator_motors,none,2452160,1649460,3.5,,A
a3ea0485-5bf9-4fea-ac97-0590a3ef07ac,ok,17629951.0,v1.12-1.13,0.0,0.0,0.0,True,0.0,0.0,0.65655,6.0,actuator_outputs,per_channel,39995751,13623095,8.1,,A
a36e3110-a985-4357-a250-f45836273a81,ok,17694720.0,v1.14-1.15,0.0,0.0,0.0,True,0.0,0.0,0.12168290317058562,4.0,actuator_motors,none,9741869,5940621,6.3,,B
7e33596c-89c9-4cc1-98e4-47b25f2ac79b,ok,17694720.0,v1.14-1.15,0.0,0.0,0.0,True,0.0,0.0,0.4951128825713942,4.0,actuator_motors,none,9353759,5257212,3.7,,C
f4c1ad35-1130-48c4-903d-b919b8775e65,ok,17760511.0,v1.14-1.15,0.23665893271461716,0.02088167053364269,0.0,False,0.07130434782608695,7.69999700000001,1.0,4.0,actuator_motors,none,4084646,2764441,4.6,,A
cd529f00-42a6-4290-a7d9-4f5c09093b6a,ok,17629696.0,v1.12-1.13,,,0.0,True,0.009260402518829485,1.697484999999915,0.4345473915338514,4.0,actuator_motors,none,63368543,31635498,12.7,,C
b65db692-35cb-453e-9ede-4486154ee38e,ok,17826240.0,v1.16+,0.0,0.0,0.0,True,0.0,0.0,0.18660270571708676,4.0,actuator_motors,none,19720555,11452247,4.7,,B
3172d772-7c5f-4989-ae68-8ea4398b0dca,ok,17826559.0,v1.16+,0.0,0.0,0.0,True,0.011918951132300357,0.301203000000001,0.10925042033195495,4.0,actuator_motors,none,3771831,2817934,2.7,,B
8ee56044-295b-48ba-86ac-725e4792eb9c,ok,17826559.0,v1.16+,0.0,0.0,0.0,True,0.0,0.0,0.16363452114164814,4.0,actuator_motors,none,29298895,14700697,9.5,,C
a02b2e92-9aeb-4f56-8715-50f70eb6842f,ok,17564671.0,v1.12-1.13,0.11475409836065574,0.0,0.0,True,,,,6.0,actuator_outputs,none,2698200,1927219,2.9,,B
d7367fd7-a711-48a2-9c9b-9b834d82dbfd,ok,17826240.0,v1.16+,0.0,0.0,0.0,True,0.16417086043942555,1.5819560000000017,0.87375917006284,4.0,actuator_motors,none,11689481,6690778,4.2,,C
2d2b340a-e6b7-46f3-a596-018584c9002f,ok,17694975.0,v1.14-1.15,0.0,0.0,0.0,True,0.0,0.0,0.09948419034481049,4.0,actuator_motors,none,8549369,5126735,4.0,,A
2b15e2a8-a7a3-44a1-96e7-bbebd41d1839,ok,17629184.0,v1.12-1.13,0.0,0.0,0.07890017931858936,True,0.01156773211567732,1.6974419999999952,0.24320188760757444,4.0,actuator_motors,none,11105237,7219811,10.9,,C
17f488b1-e944-4f07-b341-5345a6e0f92c,ok,17891583.0,v1.16+,0.0,0.0,0.0,True,0.0,0.0,0.2590090528130531,4.0,actuator_motors,none,20740039,13608571,13.2,,C
36ce821c-8283-44e2-afd2-60496b43411d,ok,17761535.0,v1.14-1.15,0.0,0.0,0.0,False,3.780908930506894e-05,0.010069000000001438,0.06906674802303314,4.0,actuator_motors,none,39099416,20159613,14.5,,C
6ce0d02b-bf45-48f6-bf03-fdb460f5c634,ok,17629952.0,v1.12-1.13,0.0,0.0,0.0,True,0.0,0.0,0.2170510619878768,4.0,actuator_motors,none,87757120,23506779,18.6,,C
6550f9e9-77c3-49ee-bc7b-d14a5d24d417,ok,17564671.0,v1.12-1.13,,,,,,,,,none,none,4905155,3155103,2.3,,C
c3f17483-001c-4454-bbe1-ceba1b52798a,ok,17761535.0,v1.14-1.15,0.0,0.0,0.0,True,0.0,0.0,0.23543769121170038,4.0,actuator_motors,none,5719689,3985428,3.9,,B
f016bc73-2197-42c5-b59a-9389c50d5b2d,ok,17826047.0,v1.16+,0.0,0.0,0.0,True,0.0,0.0,0.11640529334545135,4.0,actuator_motors,none,16296565,10502094,6.2,,C
860fc3ee-23bf-4f58-ad7f-9ff3d870cce6,ok,17629951.0,v1.12-1.13,0.0,0.0,0.0,False,0.011363636363636364,2.102643999999998,0.14505267888307571,4.0,actuator_motors,none,19814205,12563085,5.0,,A
d0f6a451-1658-44ba-a059-ab69c5edf501,ok,17760511.0,v1.14-1.15,0.075,0.0,0.5105820105820106,True,0.11522633744855967,2.1975120000000032,0.893137975037098,4.0,actuator_motors,none,3952668,2768336,2.7,,C
88e6818d-c7f2-405e-8af2-48270659c209,ok,17826047.0,v1.16+,0.0,0.0851063829787234,0.0,False,0.721030042918455,2.0000000000000004,0.8641647934913634,4.0,actuator_motors,none,20682149,7589357,8.1,,C
88393d28-1ac8-45b9-b96f-ce3969640756,ok,17760384.0,v1.14-1.15,0.0,0.0,0.0,True,0.0,0.0,0.25639410614967345,4.0,actuator_motors,none,12778120,8749576,5.7,,C
e8d6c562-879f-4d95-9c09-386f3e861709,ok,17498880.0,v1.12-1.13,0.0,0.17647058823529413,0.0,True,0.0,0.0,0.341,8.0,actuator_outputs,global,6773449,4669330,3.2,,C
ebae68ae-52b1-41dd-9970-9582f7c5eb83,ok,17760256.0,v1.14-1.15,0.0,0.0,0.0,True,0.10817688305813164,1.6666120000000006,0.35886409580707546,4.0,actuator_motors,none,9064786,5183758,3.6,,C
21259c68-9adb-4f4b-b9b1-ee58e16471df,ok,17630207.0,v1.12-1.13,0.0,0.0,0.0,True,0.0,0.0,0.304,6.0,actuator_outputs,per_channel,14117696,8849751,5.9,,B
0e8692d0-b8e2-4792-ac05-f8fcfff0e2c6,ok,17695488.0,v1.14-1.15,0.0,0.0,0.0,True,,,,4.0,actuator_motors,none,10452099,6145365,5.5,,C
92bab6a9-902a-467a-8a87-7be4b6aee5ba,ok,17761535.0,v1.14-1.15,0.0,0.0,0.0,False,0.0,0.0,0.42311327606439575,4.0,actuator_motors,none,9391480,5969244,5.8,,C
ead0137f-41eb-4fb1-96ec-76806f40b05d,ok,17367040.0,v1.12-1.13,0.0,0.0,0.0,True,0.0,0.0,0.22492306381463992,4.0,actuator_motors,none,16591671,10008490,7.4,,A
a0fa1dad-5189-4203-b752-d26f8acf6bcd,ok,17695743.0,v1.14-1.15,0.0,0.0,0.0,True,0.0,0.0,0.18040980845689775,4.0,actuator_motors,none,2622571,1998237,2.9,,C
9ebb2e11-00d3-49bd-ae9d-02903f5ce176,ok,17630207.0,v1.12-1.13,0.16489361702127658,0.06914893617021277,0.0,True,0.0,0.0,0.562,6.0,actuator_outputs,per_channel,4128863,3038922,2.9,,C
0dff1c65-4e07-483d-a46b-74ec5dc1c7e2,ok,50797056.0,,0.5056497175141242,0.0,0.0,True,0.7251096026021779,136.46558399999998,1.0,12.0,actuator_outputs,bus,11367733,4274625,4.6,not_px4_v3,
c46ec159-8e45-4e41-883c-f78bb5aee200,ok,17629952.0,v1.12-1.13,0.0,0.0,0.0,True,0.6846081208687441,12.498521999999994,0.924,6.0,actuator_outputs,per_channel,5033168,3501798,3.6,,C
14977c6c-ef3b-423f-b093-d52fc5094722,ok,17826047.0,v1.16+,0.0,0.12169312169312169,,True,0.004550625711035267,0.3987249999999989,0.15375,4.0,actuator_outputs,per_channel,7633715,6037360,4.1,,B
09db1dec-a241-4d04-a75b-db0fd8ffd625,ok,17761535.0,v1.14-1.15,0.5899280575539568,0.0,0.023391812865497075,True,0.012841091492776886,0.3011930000000014,0.7387617073953151,4.0,actuator_motors,none,2966424,2121034,6.0,,B
02db21ae-cc49-4b74-94c8-3693f2c7e271,ok,17694975.0,v1.14-1.15,0.0,0.0,0.0,True,0.0,0.0,0.20175344347953778,4.0,actuator_motors,none,3772273,2870438,6.6,,B
2b3b1ef7-6b7f-49bc-9550-db2d9dcb9fc9,ok,17629951.0,v1.12-1.13,0.0,0.0,0.0,True,0.0,0.0,0.0,6.0,actuator_outputs,bus,6478328,3931927,6.8,,B
8f13f02c-47b7-48b0-8397-c172da92ed7d,ok,17761535.0,v1.14-1.15,0.0,0.0,0.0,True,0.004651162790697674,0.20275900000000036,0.4537071615457534,4.0,actuator_motors,none,4427979,3242009,3.2,,C
2ca72688-7243-4dec-9d49-49523be36260,ok,17760511.0,v1.14-1.15,0.0,0.0,0.0,True,0.0,0.0,0.340857669711113,4.0,actuator_motors,none,176404593,53489706,26.4,,B
f5bc419b-9aa7-4c7d-bb52-8592de27c4ee,ok,17761535.0,v1.14-1.15,0.0,0.11851851851851852,0.0,True,0.0,0.0,0.5362014621496201,4.0,actuator_motors,none,7274106,4490774,4.2,,C
d1efe755-a0c6-4571-b379-76c891ae2e6b,ok,17695488.0,v1.14-1.15,0.0847457627118644,0.9576271186440678,0.0,True,0.01773049645390071,1.700894,0.36841669753193823,4.0,actuator_motors,none,4603310,3034423,4.8,,C
10ba1bc6-5167-4d71-b7e1-2ec923c1659c,ok,17826240.0,v1.16+,0.0,0.31932773109243695,0.0,True,0.0,0.0,0.28202997889971854,4.0,actuator_motors,none,5289366,3965032,5.8,,A
1b7c67b9-2cb5-406a-a9ac-b47db8af30c8,ok,17760511.0,v1.14-1.15,0.0,0.0,0.0,True,0.980316052120876,215.197362,1.0,4.0,actuator_motors,none,14350004,8215202,5.1,,B
6e90cfd5-3cae-4e53-add0-e1c3a6e7ab20,ok,17761535.0,v1.14-1.15,0.0,0.0,0.0,True,0.0,0.0,0.07182328104972839,4.0,actuator_motors,none,70337172,30858059,10.4,,A
a6cf700c-34ec-4908-a947-d569194c93ef,ok,17630207.0,v1.12-1.13,0.0,0.0,0.0,True,0.0,0.0,0.46799999999999997,6.0,actuator_outputs,per_channel,2877061,1952049,2.6,,C
e5746daf-d52e-408d-a8c9-225bf096bfde,ok,17760256.0,v1.14-1.15,0.0,0.0,0.0,False,0.0,0.0,0.3460674151778221,4.0,actuator_motors,none,3076392,1974033,2.5,,A
7d74aa24-a714-4e4f-a5a8-77b310f2dd24,ok,17694720.0,v1.14-1.15,0.0,0.0,0.0,True,0.0,0.0,0.21489286765550997,4.0,actuator_motors,none,2558018,1856393,2.3,,B
c733aec4-eb1a-41a8-81dc-f25b302f2485,ok,17761280.0,v1.14-1.15,0.0,0.0,0.35628227194492257,True,0.0008756567425569177,0.09879000000000104,0.19549197554588318,4.0,actuator_motors,none,4084407,2773458,2.5,,B
f9ffeabe-7d41-4ba6-b464-0351645c15de,ok,17629952.0,v1.12-1.13,0.0,0.0,0.0,True,0.0017271157167530224,0.0976789999999994,0.19429690539836883,4.0,actuator_motors,none,2933705,2152887,2.9,,B
1a657ba4-4d9d-442d-84c0-6f05210ef5ad,ok,17629184.0,v1.12-1.13,0.0,0.0,0.0,True,0.0,0.0,0.3661538461538462,6.0,actuator_outputs,bus,7440461,4201302,3.4,,B
92efc31b-a802-4c01-b7bb-b39bd3a60a54,ok,17629951.0,v1.12-1.13,0.0,0.0,0.0,True,0.0,0.0,0.26199999999999996,6.0,actuator_outputs,per_channel,8962580,4628170,3.7,,A
66f911cc-7017-4408-86f1-7722298f4c6f,ok,17498240.0,v1.12-1.13,0.0,0.0,0.0,True,0.0,0.0,0.3436571428571424,6.0,actuator_outputs,global,3273449,1980046,1.8,,C
1b509f96-3774-4ff0-9655-3308221d1199,ok,17891392.0,v1.16+,0.0,0.0,0.0,True,0.0,0.0,0.036208376288414,4.0,actuator_motors,none,3154560,2490665,2.9,,A
9f4a6863-c4b5-49eb-978d-b6f985aec9b6,ok,17761535.0,v1.14-1.15,0.0,0.0,0.0,True,0.0,0.0,0.3393138162791729,4.0,actuator_motors,none,5910691,4300800,3.8,,C
ebd547bc-8862-4ac0-8f52-e0a1e085bd3c,ok,17761535.0,v1.14-1.15,0.0,0.0,0.0,True,,,,4.0,actuator_motors,none,3929657,2700010,3.5,,C
e4dc646b-6c15-4c67-b13b-560e93494eda,ok,17826047.0,v1.16+,0.0,0.0,0.0,True,0.0,0.0,0.22501169443130495,4.0,actuator_motors,none,8695930,2915789,5.5,,C
f70914e1-b1af-45b3-b26a-92b52f3f7fa8,ok,17826047.0,v1.16+,0.0,0.0,0.017201834862385322,True,0.005480211531900375,0.1373699999999971,0.18978580087423325,4.0,actuator_motors,none,22408256,13515302,9.1,,A
79350c0c-3f27-4732-b15d-535679fe7d98,ok,17891392.0,v1.16+,0.011135857461024499,0.035634743875278395,0.0,True,0.0,0.0,0.18152940273284912,4.0,actuator_motors,none,62553859,26076118,11.4,,C
bd51d523-bb0b-471d-9ec7-a8f0288a8063,ok,17761280.0,v1.14-1.15,0.0,0.0,0.0,True,0.00010634903754121025,0.007494000000001222,0.25195037573575974,4.0,actuator_motors,none,8309864,5347332,5.1,,C
ec5784e0-551f-4d43-ad15-dd9f692beb11,ok,17760511.0,v1.14-1.15,0.0,0.0,0.04452359750667854,True,0.041666666666666664,3.5000809999999944,0.6455574526665087,4.0,actuator_motors,none,9205123,5820837,4.8,,B
9b17ed48-1daf-4f84-a9d6-266d5d859e3e,ok,17761280.0,v1.14-1.15,0.009361702127659575,0.0,0.0,True,0.009275163174166953,2.999082000000044,0.267536149919033,4.0,actuator_motors,none,24098195,15360224,12.1,,B
2056a334-4dbf-4603-9179-70a2a2681479,ok,17825984.0,v1.16+,0.0,0.0,0.0,False,0.12742812742812742,1.5999999999999979,0.3437947511672974,4.0,actuator_motors,none,38931234,16377901,11.6,,C
553ad7cf-8f63-4f44-964b-d204681a2e50,ok,20057855.0,v1.16+,0.006963788300835654,0.0,0.028761061946902654,True,0.0,0.0,0.14295864105224607,4.0,actuator_motors,none,39896748,24931980,12.1,,C
e0c63401-b09a-4533-9bcb-226cb40313d5,ok,17826047.0,v1.16+,0.0,0.0,0.0,True,0.0,0.0,0.22459332942962643,4.0,actuator_motors,none,13564987,8326464,3.6,,B
84d3fb42-f3e2-4276-8159-852468d170a7,ok,17761023.0,v1.14-1.15,0.044585987261146494,0.0,0.0,True,0.06166219839142091,2.299621,0.3542943000793457,4.0,actuator_motors,none,3345810,2496311,2.5,,A
b3d32fb2-46f2-48d4-a906-e2b02441d43e,ok,17826559.0,v1.16+,0.2127659574468085,0.0,0.0,True,0.002232142857142857,0.19886100000000084,0.26371148973703384,4.0,actuator_motors,none,4126105,2961482,2.9,,C
648bc840-c493-418c-afc9-514fcc212af9,ok,17761535.0,v1.14-1.15,0.0,0.0,0.0,True,0.000333202665621325,0.042450999999999794,0.23724795281887046,4.0,actuator_motors,none,22527317,12808389,4.6,,B
f4681696-961e-4a26-9ecf-e8c4638677b6,ok,17826559.0,v1.16+,0.0,0.0,0.0,True,0.0,0.0,0.13273987621068956,4.0,actuator_motors,none,2693095,2222278,2.8,,B
5d951821-a2aa-4510-adea-5e9ba974762b,ok,17760256.0,v1.14-1.15,0.0,0.0,0.0,True,0.021612635078969242,0.8012469999999894,0.6198220811784267,4.0,actuator_motors,none,11536164,7721823,3.6,,B
027a1f8f-92b0-424a-a756-53a67c4625c7,ok,17499135.0,v1.12-1.13,0.0,0.0,0.0026109660574412533,True,0.0,0.0,0.41800000000000004,8.0,actuator_outputs,global,5076186,3487784,3.0,,C
3db398ec-4543-452d-be0c-fbee213f6850,ok,17760256.0,v1.14-1.15,0.0,0.0,0.0,True,,,,4.0,actuator_motors,none,12998152,7132899,6.6,,C
337e6c98-00a9-46aa-90bc-4d0ee2c12592,ok,17695743.0,v1.14-1.15,0.0,0.0,0.0,True,6.341824331466019e-05,0.0037280000000095015,0.332172358036041,4.0,actuator_motors,none,20525480,12075863,8.6,,C
1c098bfc-3bb8-460e-b97e-388ed413af8c,ok,17695488.0,v1.14-1.15,0.02818489289740699,0.0,0.0,True,0.001794124243103835,0.7962880000000041,0.3183200567960738,5.0,actuator_motors,none,18252079,11020501,8.5,,A
b76f538c-f2d1-4df8-ae3c-f25e27f03b07,ok,17761535.0,v1.14-1.15,0.0,0.0,0.0,True,0.06341703854312447,0.6439790000000585,0.35949473083019257,4.0,actuator_motors,none,89097756,52086539,20.1,,A
7d202b7b-5b7f-47e0-bbbf-76004e252727,ok,0.0,,0.0,0.0,0.0,True,8.513536523071684e-05,0.00619100000000028,0.27860145047307017,4.0,actuator_motors,none,14331431,10100589,9.1,not_px4_v0,
3b154526-0c79-4fbf-a7b0-00cc7a82f4d0,ok,17826240.0,v1.16+,0.0,0.0,0.0,True,0.04630152456239413,3.101245000000006,0.40865205228328705,4.0,actuator_motors,none,8411504,5456986,3.9,,C
5f24708e-e67e-4195-92fe-0576fd1c2106,ok,17825920.0,v1.16+,0.0,0.0,0.0,True,0.0,0.0,0.15264907479286194,4.0,actuator_motors,none,4789064,3757314,3.5,,C
67757e9c-f4a5-44c0-920c-59ddd7a34a6a,ok,17760384.0,v1.14-1.15,0.0,0.0,0.0,True,0.0,0.0,0.12087384462356567,4.0,actuator_motors,none,6507334,3858675,3.7,,B
9de0e0b0-23e7-4919-80af-bf29515381a8,ok,17629696.0,v1.12-1.13,,,0.0,True,,,,4.0,actuator_motors,none,4897541,2670166,12.3,,A
cb0d96b1-6153-49d6-bd07-c1e09294e97f,ok,17499135.0,v1.12-1.13,0.0,0.0,,False,0.0,0.0,0.385,8.0,actuator_outputs,global,33781460,18342738,12.6,,B
8021348d-77bd-4af6-bdc7-3fb0d6929c16,ok,17761535.0,v1.14-1.15,0.0,0.0,0.0,False,0.0,0.0,0.08241426944732665,5.0,actuator_motors,none,174345381,64968921,36.2,,C
6f5aa8b5-d6a4-4f3a-af2f-dca1cd3b9a4b,ok,17826047.0,v1.16+,0.0,0.0,0.0,True,4.4230453298959954e-05,0.008746999999999616,0.14701832681894283,4.0,actuator_motors,none,93646510,35162256,23.3,,B
b23010b2-7545-4a4e-9677-e7a9e67cc31b,ok,17761280.0,v1.14-1.15,0.0,0.0,0.0,True,,,,4.0,actuator_motors,none,45581334,16697981,7.4,,A
24618a8e-bb79-4653-90c4-4f9cf75ec004,ok,17629696.0,v1.12-1.13,0.0,0.0,0.0,True,0.0,0.0,0.15500000000000003,6.0,actuator_outputs,per_channel,42348017,23718224,8.0,,C
83c235fd-b754-424f-93a2-c06343f1bf78,ok,17826240.0,v1.16+,0.0,0.0,0.0,True,0.0019029495718363464,0.10206900000000019,0.3566931188106537,4.0,actuator_motors,none,5402751,4039911,3.4,,C
f961eab3-0245-444c-9560-1ac22823f73c,ok,17695744.0,v1.14-1.15,0.8701298701298701,0.0,0.0,True,0.0,0.0,0.25609359145164495,4.0,actuator_motors,none,3369459,2404882,3.1,,C
85e50b6e-af28-4499-a0b5-c0ef964420e0,ok,17761535.0,v1.14-1.15,0.0,0.0,0.0,True,0.0,0.0,0.20899388566613197,4.0,actuator_motors,none,7444542,4862214,4.8,,C
47796d62-84a7-4728-af1b-ee6e10f91bb7,ok,17694848.0,v1.14-1.15,0.0,0.0,0.0,True,0.0,0.0,0.276996748149395,4.0,actuator_motors,none,4325284,2663037,4.7,,B
0c4e1ea4-2868-457f-9db0-b50b0ac51e9a,ok,17826047.0,v1.16+,0.0,0.0,0.0,True,0.07194244604316546,2.9997710000000026,0.9999999403953552,4.0,actuator_motors,none,2548802,2073115,3.8,,A
d72b0201-ba6b-4711-b6f8-8357fb9a6bd9,ok,17694912.0,v1.14-1.15,0.0,0.0,0.019398642095053348,True,2.303165701256377e-05,0.009041999999999994,0.2812490835785866,4.0,actuator_motors,none,54924750,33267137,12.8,,A
cf690400-8c76-42f6-9e59-23b88008cc0b,ok,17564416.0,v1.12-1.13,0.0,0.0,0.18439716312056736,True,,,,,actuator_outputs,none,7362781,3920200,3.3,,C
a19b62b4-7e79-40a3-93ee-9ea23ce638f8,ok,17630207.0,v1.12-1.13,0.0,0.0,0.0,True,0.0,0.0,0.17599999999999993,6.0,actuator_outputs,per_channel,7560468,3979212,3.4,,B
8e9b4478-eb94-494b-927e-ee59af880683,ok,17825984.0,v1.16+,0.0,0.0,0.0,True,0.0,0.0,0.16885228157043455,4.0,actuator_motors,none,13395544,8081514,3.7,,B
2d973c34-7464-4374-bc86-cd2308966aa6,ok,17694720.0,v1.14-1.15,0.0,0.0,0.0,True,0.0,0.0,0.10633702278137205,4.0,actuator_motors,none,8050042,5205475,4.1,,C
e45e561f-ce02-4d2e-97de-ba554fc5727c,ok,17694720.0,v1.14-1.15,0.0,0.0,0.0,True,,,,4.0,actuator_motors,none,11063708,5431134,4.9,,C
4cc9fca3-78d8-4a1f-aeb9-c56a24fa7485,ok,17760511.0,v1.14-1.15,0.0,0.0,0.0,True,0.0,0.0,0.2253976136445999,4.0,actuator_motors,none,11653337,7283483,7.0,,C
cfddc80a-b508-4bab-9902-a45718a8faf3,ok,17760511.0,v1.14-1.15,0.0,0.0,0.0,True,1.1846235858555944e-05,0.0029989999999884276,0.25804012417793276,4.0,actuator_motors,none,30702769,18713383,11.0,,A
c37a1a93-c58f-4c62-9d1d-07e51a3eb72f,ok,17630207.0,v1.12-1.13,0.0,0.0,0.06168446026097272,True,0.0,0.0,0.2274499999999998,6.0,actuator_outputs,per_channel,5480937,3479735,4.1,,C
64dc8aa1-9949-4fff-aae8-4308b203679f,ok,17171712.0,v1.12-1.13,0.0,0.0,0.0,False,0.0,0.0,0.0,4.0,actuator_outputs,global,12169216,6882290,3.7,,C
0ab6ab14-f65c-4932-abe1-04396fada6a3,ok,17761280.0,v1.14-1.15,0.001949317738791423,0.0,0.0,True,0.053706974006258325,4.669370000000001,0.9517944051198507,4.0,actuator_motors,none,52589983,28634450,13.3,,B
954f7308-8335-4da9-bc08-c286812ce798,ok,17761535.0,v1.14-1.15,0.0,0.0,0.0,True,0.0,0.0,0.16692573130130767,4.0,actuator_motors,none,136636460,62106385,34.8,,C
bc92359c-b2d9-4cc4-afc6-7886ca068bf7,ok,17564671.0,v1.12-1.13,0.07103825136612021,0.0,0.0,True,,,,6.0,actuator_outputs,none,4031328,2605461,2.5,,A
8a9743fa-90fa-49e1-8d1b-a7b53280a8c7,ok,17891583.0,v1.16+,0.0,0.0,0.0,True,0.0,0.0,0.1454242467880249,4.0,actuator_motors,none,9099504,5721901,4.1,,B
9e8f0dc0-d8c3-40bd-9756-262b72ea15fb,ok,17694848.0,v1.14-1.15,0.6181818181818182,0.0,0.0,True,0.017865019850022056,0.014980000000001326,0.3580547973513603,4.0,actuator_motors,none,11384049,7016812,4.3,,C
206ea0cf-efc7-4c29-b880-642df1d6bba5,ok,17630207.0,v1.12-1.13,0.0,0.0,0.0,True,0.0,0.0,0.2855931520462035,4.0,actuator_motors,none,6515762,3962178,3.0,,B
8c713b07-fd39-4b63-98ac-6f98831a2959,ok,17761535.0,v1.14-1.15,0.17333333333333334,0.0,0.0,True,0.6867816091954023,27.99891999999999,1.0,4.0,actuator_motors,none,2975127,2099936,3.0,,A
3479f981-c76b-4b56-92a3-11dc73d9b6a8,ok,17694975.0,v1.14-1.15,0.0,0.0,0.0,True,0.0,0.0,0.1989963933825493,4.0,actuator_motors,none,16731628,9372457,4.8,,B
3ba646f6-c64f-4c8a-a4ca-4d5f0b5ceb86,ok,17629951.0,v1.12-1.13,0.0,0.0,0.0,True,0.0,0.0,0.27,6.0,actuator_outputs,per_channel,10061464,6557852,4.7,,A
731c4e2f-5813-4992-83eb-50e8c32c93ac,ok,17694720.0,v1.14-1.15,0.0,0.0,0.0,True,0.0,0.0,0.23610829114913934,4.0,actuator_motors,none,5759663,3678444,4.5,,C
48185401-9289-452e-9590-982239b7a84c,ok,17826047.0,v1.16+,0.0,0.0,0.0,True,5.522116074879894e-05,0.011237999999991644,0.2275409698486328,4.0,actuator_motors,none,28926651,16306734,14.7,,C
a05a5683-afae-4b01-b302-bfdf3a25870a,ok,17760256.0,v1.14-1.15,0.0,0.0,0.0,True,0.0,0.0,0.1480379194021225,4.0,actuator_motors,none,11394249,7373057,4.0,,C
6e31faa0-5881-453f-b68b-b56366188b9c,ok,17694720.0,v1.14-1.15,0.0,0.07035175879396985,0.0,True,0.9780334728033473,79.897885,1.0,4.0,actuator_motors,none,4614518,3074462,7.7,,C
a6b0431d-30a3-4b42-a8ce-af3cf6f4617d,ok,17695743.0,v1.14-1.15,0.0,0.0,0.0,True,0.0,0.0,0.43318783231079555,4.0,actuator_motors,none,21373349,13081857,10.1,,A
b7460220-afce-4422-b49c-1af1e885b58f,ok,17760256.0,v1.14-1.15,0.0,0.0,0.0,True,0.005269213351121773,1.8395139999999515,0.3038940250873563,4.0,actuator_motors,none,72490622,43006743,21.8,,A
8ec9b95b-1725-4c54-b616-4a947e84e2c3,ok,17891392.0,v1.16+,0.0,0.01812366737739872,0.0,True,0.04917677642980936,7.199999999999996,0.24475549161434174,4.0,actuator_motors,none,109453953,54605947,26.1,,C
34f52804-51a8-4065-9390-6df62d0591b8,ok,17695744.0,v1.14-1.15,0.0,0.0,0.0,True,0.7425876010781671,14.600593,1.0,4.0,actuator_motors,none,3163346,2204472,2.3,,C
55bc60e0-36cf-4b03-b47b-56804a060a4e,ok,17694720.0,v1.14-1.15,0.0,0.0,0.0,True,0.16563393708293614,33.30257399999999,1.790740966796875,6.0,actuator_motors,none,16834717,10157420,4.4,,A
4dc9db60-62d0-43e0-ad1f-423ae26faeb6,ok,17760256.0,v1.14-1.15,0.0,0.0,0.0,True,0.0,0.0,0.30736742764711383,4.0,actuator_motors,none,12577886,8347252,3.8,,C
466e9f8d-74bd-4430-a2eb-21b6b1341922,ok,17694720.0,v1.14-1.15,0.0,0.0,0.0,True,0.0,0.0,0.6273448299616575,5.0,actuator_motors,none,4082862,2006836,4.5,,B
38992d36-fcac-430f-b395-bd3e592625e9,ok,17630207.0,v1.12-1.13,0.0,0.0,0.0,True,0.0,0.0,0.28600000000000003,6.0,actuator_outputs,per_channel,12359221,7312040,6.5,,B
347573d7-fe0f-404c-bf87-ba9912f56528,ok,17760512.0,v1.14-1.15,0.0,0.0,0.0,True,0.42374788970174454,7.0000009999999975,0.4009849786758422,4.0,actuator_motors,none,10068193,7085422,6.7,,C
eeda974c-74c0-4295-9fb2-3c71108bedd4,ok,17694720.0,v1.14-1.15,0.0,0.0,0.0,True,0.0,0.0,0.2143415793776512,4.0,actuator_motors,none,42999881,15338840,10.6,,C
57fe6283-8b08-49c6-9294-64ad840bb48b,ok,17695743.0,v1.14-1.15,0.0,0.0,0.0,True,0.0,0.0,0.17872561663389203,4.0,actuator_motors,none,2606951,1893455,2.3,,C
83b2642f-88cc-450a-a1a3-3ab2810c55bb,ok,17694976.0,v1.14-1.15,0.0,0.0,0.6596958174904943,True,0.018559538193046045,0.22040800000000615,0.449909545481205,4.0,actuator_motors,none,13276857,7524949,4.6,,B
20036397-7886-4706-b7d6-1d823a56cecd,ok,17695488.0,v1.14-1.15,0.0,0.0,0.2446043165467626,True,0.0031662269129287598,0.10234899999999669,0.1913828372955322,4.0,actuator_motors,none,8364001,5478464,4.3,,B
240921fa-165e-41f2-9132-e1617db7a400,ok,17826240.0,v1.16+,0.0,0.0,0.0,True,0.0,0.0,0.18030131980776787,4.0,actuator_motors,none,4933918,3542013,3.0,,B
50562055-8025-4462-92dd-19c2b7e7436a,ok,17499135.0,v1.12-1.13,0.0,0.0,0.0,True,0.0,0.0,0.357,8.0,actuator_outputs,global,5667646,3839431,3.1,,A
f896ae44-e566-4dbe-a6b6-d732217438fd,ok,17761280.0,v1.14-1.15,0.008902077151335312,0.0,0.06181818181818182,True,0.006900878293601004,1.102602999999995,0.2437947146594524,4.0,actuator_motors,none,6833231,4080638,4.1,,B
ad1e886a-1e61-4349-a78e-f1c71f818f55,ok,17891392.0,v1.16+,0.0,0.0,0.0,True,,,,4.0,actuator_motors,none,26808359,13773375,9.5,,A
c8ee2271-9b2c-4308-8861-d886573247ad,ok,17760511.0,v1.14-1.15,0.0,0.0,0.0,True,,,,4.0,actuator_motors,none,15623401,7380150,4.6,,C
60ad4c95-397b-4e5c-bd88-e638a6836ae4,ok,17761535.0,v1.14-1.15,0.0,0.0,0.1662269129287599,True,0.0,0.0,0.17139011546969413,4.0,actuator_motors,none,2829107,1930869,2.2,,B
0ea65be0-6177-47f1-a0f9-16431e597d28,ok,17761535.0,v1.14-1.15,0.0,0.0,0.0,True,0.05694444444444444,0.20002099999999956,0.5912974864244459,4.0,actuator_motors,none,2471791,1724922,2.2,,B
2c428e28-060e-4d38-aaa9-5e36aeaa3fb1,ok,17761535.0,v1.14-1.15,0.0,0.0,0.0,True,0.0,0.0,0.14710718691349026,4.0,actuator_motors,none,3267161,2102034,2.5,,B
a9cb8670-61c3-4d25-84e5-e5a87e17b24b,ok,17629184.0,v1.12-1.13,0.9484536082474226,0.0,0.0,True,0.0,0.0,0.13778053522109987,4.0,actuator_motors,none,4646049,3013435,3.2,,C
4be69fd3-58c4-4dc0-a361-6a5f2b710cb3,ok,17695487.0,v1.14-1.15,0.0,0.0,0.10197368421052631,True,0.012958644508073325,0.7804289999999998,0.13947848826646803,4.0,actuator_motors,none,26904136,16353488,8.4,,C
51fd7f15-aeec-456f-8a9b-489bb3d7e2b6,ok,512.0,,,,0.0,True,0.22687122268712226,9.202017999999995,0.734955683350563,4.0,actuator_motors,none,15338482,8638068,7.1,not_px4_v0,
e508fd89-1311-4ff5-aded-291a7b48dd58,ok,17760768.0,v1.14-1.15,0.0,0.0,0.0,True,0.0,0.0,0.09089677482843384,4.0,actuator_motors,none,4244347,2787191,5.7,,C
034dc67c-5f97-47e9-a96a-b06467cab9dd,ok,17761535.0,v1.14-1.15,0.019011406844106463,0.0,0.08513931888544891,True,0.027888446215139442,2.4001070000000055,0.5237529232518334,4.0,actuator_motors,none,5167716,3442272,5.5,,C
bbf258a8-bbb2-4014-9462-de6a7bcee3c4,ok,17564416.0,v1.12-1.13,0.0,0.0,0.0,True,0.0015460375629867155,0.04874900000000082,0.635,6.0,actuator_outputs,bus,32833536,14328574,9.7,,B
38577cd0-1a48-4702-af1e-85451abc06a7,ok,17891583.0,v1.16+,0.0,0.0,0.0,True,0.0,0.0,0.09677875936031341,4.0,actuator_motors,none,4581161,3137166,3.8,,C
63a26cfa-030f-4f7a-bcd5-558c2bbccb62,ok,17956928.0,v1.16+,0.0,0.0,0.0,True,0.0,0.0,0.3361064702272415,4.0,actuator_motors,none,15079770,9894392,8.5,,C
55d0de69-060e-4e0a-9ae1-82a96756641b,ok,17891583.0,v1.16+,0.0,0.0,0.0,True,,,,7.0,actuator_motors,none,6708958,3463963,4.4,,C
72ada25d-dc54-4d7f-b24b-fc924a771a28,ok,17629439.0,v1.12-1.13,0.0,0.0,0.0,True,0.0,0.0,0.379,6.0,actuator_outputs,per_channel,20066484,12690748,7.5,,C
bf2a493b-60e8-421e-9b7c-48b5dd287e91,ok,17499135.0,v1.12-1.13,0.0,0.0,0.0,True,0.0,0.0,0.34874999999999995,8.0,actuator_outputs,global,2455173,1813492,2.6,,B
2bea87a2-bfb6-4b93-9af0-c5aba97d2948,ok,17694720.0,v1.14-1.15,0.0,0.0,0.0,False,0.0170316301703163,12.900850999999989,0.30764404535293577,4.0,actuator_motors,none,31500750,18705923,12.1,,B
dd1ccb85-ba42-45c2-baae-7b2d52a34b36,ok,17761535.0,v1.14-1.15,0.0,0.0,0.0,True,0.0,0.0,0.1899944469332695,4.0,actuator_motors,none,33079166,18912251,15.9,,C
23e13b20-5621-498c-99e1-b4c69bfc6caf,ok,17694720.0,v1.14-1.15,0.0,0.0,0.0,True,0.1648068669527897,30.098462999999924,0.40839496552944177,4.0,actuator_motors,none,244443094,81274106,39.0,,C
5bd0eaea-cf78-446a-8225-e7db3487e323,ok,17761280.0,v1.14-1.15,0.0,0.0,0.0,True,0.01631321370309951,0.20002100000000667,0.24559018611907957,4.0,actuator_motors,none,2902451,2402883,2.8,,B
e93b0cff-12a9-4ea8-aa74-58dde569d81a,ok,17760767.0,v1.14-1.15,0.0,0.0,0.0,True,0.06070826306913996,0.9974629999999998,0.6805737793445588,5.0,actuator_motors,none,2990036,2389143,5.1,,B
b749c21a-3f08-4731-bf76-46a8f9c9415b,ok,17694720.0,v1.14-1.15,0.01909307875894988,0.0,0.044804575786463297,False,0.7806048967834853,28.998002999999997,0.9999999997744301,4.0,actuator_motors,none,8249117,5082572,5.5,,C
dc27a2f2-45be-4796-84d2-a8b0fc0a626c,ok,17695488.0,v1.14-1.15,0.0,0.0,0.0,True,0.011204481792717087,0.4972880000000046,0.5327685594558715,4.0,actuator_motors,none,3425758,2380181,2.6,,C
f9a3fa09-d3a0-4b62-a650-655b730511a7,ok,17694975.0,v1.14-1.15,0.0,0.0,0.043373493975903614,True,0.0007504232037835291,0.013149000000012734,0.19586628675460815,4.0,actuator_motors,none,46236463,20852989,12.1,,C
5c45ba46-2ba3-4111-af19-a24264795d85,ok,17891392.0,v1.16+,0.24152191894127378,0.0,0.0,False,0.7606592619132927,17.80000000000001,1.0,4.0,actuator_motors,none,172045465,65516587,28.0,,B
83ccf23c-a423-4e36-9eae-98a1774fe9ed,ok,17826047.0,v1.16+,0.0,0.0,0.0,True,0.07053291536050156,5.002485000000007,0.8031650744378567,4.0,actuator_motors,none,5826782,4100155,2.7,,A
88003df3-bc15-4eec-b47d-5fc947541179,ok,17694720.0,v1.14-1.15,0.0,0.0,0.0,False,0.0,0.0,0.15782383680343628,4.0,actuator_motors,none,4591674,3037036,4.0,,C
e9dcb484-1362-483d-93bc-691021c96b9a,ok,17760512.0,v1.14-1.15,0.0,0.0,0.0,True,,,,4.0,actuator_motors,none,14619496,7611283,5.3,,C
2b4ef308-ff9d-4d01-aa38-7a53efc8fe79,ok,17891583.0,v1.16+,0.0,0.0,0.0,True,0.027257240204429302,0.8987529999999992,0.4345772281289099,4.0,actuator_motors,none,3187524,2793595,3.4,,A
4d28a7cf-ef09-4bae-b4b3-8eb8f7ffc135,ok,17956928.0,v1.16+,0.0,0.717948717948718,0.0,True,0.0,0.0,0.07317312955856324,4.0,actuator_motors,none,35957664,17796010,9.0,,A
efe75f5d-87ba-4204-b10a-139c0da4c698,ok,17891392.0,v1.16+,0.0,0.11377245508982035,0.0,True,0.3045212765957447,0.7980900000000002,0.5397508248686789,4.0,actuator_motors,none,3585479,2803368,4.7,,C
98e4e0fc-2dbe-4000-ab26-dd029270a10b,ok,17694975.0,v1.14-1.15,0.017467248908296942,0.0,0.0,True,0.030286961946350593,0.03386500000000581,0.41878647208213804,4.0,actuator_motors,none,12769494,7466588,5.0,,B
86336754-84a6-44b7-9a89-f11bdbdde578,ok,17760511.0,v1.14-1.15,0.0,0.0,0.0,True,0.0,0.0,0.24434790015220642,4.0,actuator_motors,none,12118247,7514896,5.0,,B
f0e77c32-0a0a-42bd-ac69-8fa3d067a4bc,ok,17761535.0,v1.14-1.15,0.0,0.0,0.0,True,0.0,0.0,0.22520840167999265,4.0,actuator_motors,none,15473718,9692782,6.0,,B
e9e3e5ea-005b-43ac-a1fa-10f2e6ccc044,ok,17825984.0,v1.16+,0.0,0.0,0.0,True,0.0,0.0,0.07905358653515576,4.0,actuator_motors,none,2679758,1981734,2.4,,A
ecf120e7-69cb-40b5-b70b-e7fb4ac51660,ok,17760256.0,v1.14-1.15,0.0,0.0,0.0,True,0.03157631776167874,0.6788560000000006,0.49701030254364004,4.0,actuator_motors,none,9845031,5557583,4.2,,B
246b64b2-7c57-46fa-9503-1cb6ce5f8aee,ok,17695743.0,v1.14-1.15,0.03982300884955752,0.0,0.0843806104129264,True,0.060320452403393024,3.401404999999997,0.47639259696006775,4.0,actuator_motors,none,4533988,3145505,3.7,,B
066cbcb5-0eb3-4dab-93b2-a6ea40654ffb,ok,17630207.0,v1.12-1.13,0.0,0.0,0.0,True,0.0,0.0,0.372,6.0,actuator_outputs,per_channel,11804855,5569443,4.8,,B
428891ce-3265-430e-b3d2-f4ff7af464d7,ok,17891583.0,v1.16+,0.0,0.0,0.0,True,0.5908319185059423,8.000539,0.9999999403953552,4.0,actuator_motors,none,2843689,2316053,2.6,,A
937093cf-2302-439f-af98-481fb6439fa9,ok,17891392.0,v1.16+,0.0,0.0,0.0,True,0.0,0.0,0.19738248581944573,4.0,actuator_motors,none,27642880,9486800,6.7,,B
808a070e-2e44-47b2-9be2-b25a6718b2f4,ok,17760256.0,v1.14-1.15,0.0,0.0,0.0,True,0.0,0.0,0.24614897817373277,4.0,actuator_motors,none,7370297,4863976,3.7,,A
2b60937f-fe36-4ba7-9117-52b34d6a82de,ok,17761023.0,v1.14-1.15,0.0,0.0,0.0,True,0.0,0.0,0.10722574293613434,4.0,actuator_motors,none,5247324,3695795,6.3,,C
bb04f892-4318-4770-96dc-14da356aba06,ok,17761280.0,v1.14-1.15,0.0,0.0,0.12982005141388175,True,0.023600027283268536,3.2111869999999954,0.22539583576105804,4.0,actuator_motors,none,18895500,11460710,10.0,,C
1bb11f9e-7bc5-46b9-8ff4-e84f4382d0d8,ok,17825920.0,v1.16+,0.008106543138390272,0.0,0.0,True,0.0,0.0,0.08102887123823166,4.0,actuator_motors,none,36909235,21069225,11.0,,A
2236b3c0-896f-453f-9ef8-c4616b3e562a,ok,17760511.0,v1.14-1.15,0.4228187919463087,0.0,0.0,True,0.0,0.0,0.21263936758041377,4.0,actuator_motors,none,2620549,2032209,3.1,,C
57325fdd-5090-4286-bf72-7b9a3308d7be,ok,17761535.0,v1.14-1.15,0.0,0.0,0.0,True,0.0,0.0,0.172263440489769,4.0,actuator_motors,none,4590063,3084368,3.9,,C
8ea36d0e-4220-48d1-aad7-bf22b71ebcc4,ok,17761535.0,v1.14-1.15,0.17455621301775148,0.0,0.0,True,0.0024183796856106408,0.10078599999999938,0.38804246783256524,4.0,actuator_motors,none,11367402,7502479,8.0,,A
5967b380-f747-43af-aa78-72c9bcd60cf0,ok,17695488.0,v1.14-1.15,0.0,0.0,0.0,False,0.0,0.0,0.0833234578371045,4.0,actuator_motors,none,6347904,1733165,9.4,,C
dc9dafac-2f16-46d2-b84a-1943ad76ac66,ok,17630207.0,v1.12-1.13,0.0,0.0,0.0,True,0.025202520252025202,2.502751999999999,0.6445714285714286,6.0,actuator_outputs,bus,4043315,2641492,2.9,,A
7c26fd6f-458b-4e48-9d11-fec781306a1e,ok,17825984.0,v1.16+,0.0,0.0,0.0,True,0.0024066699137609946,0.24564499999999967,0.2683122605085373,4.0,actuator_motors,none,17410592,9830938,7.7,,B
ee223dc9-6f53-485f-9dca-3a59df928882,ok,17630207.0,v1.12-1.13,0.0,0.0,0.0,True,0.0,0.0,0.22216917760670168,4.0,actuator_motors,none,44405914,17104195,11.7,,C
6e0cf7b4-e2bb-4091-b5a5-ebe85a2182f2,ok,17569792.0,v1.12-1.13,0.0,0.0,0.0,True,0.0,0.0,0.24933333333333335,6.0,actuator_outputs,bus,125462476,65618152,27.4,,C
5980a2fa-75ef-443f-9113-de20ca01b41d,ok,17630207.0,v1.12-1.13,0.0,0.0,0.0,True,0.0,0.0,0.46499999999999997,6.0,actuator_outputs,per_channel,6013356,3133656,2.6,,B
f40317f3-03a7-4919-98b1-b8dde17d3b93,ok,17826047.0,v1.16+,0.0,0.0,0.0,True,0.0,0.0,0.2544376015663147,4.0,actuator_motors,none,8935635,6191035,5.4,,C
9a1afc2b-849e-4d6d-a678-ecda9ac61122,ok,17760511.0,v1.14-1.15,0.0,0.0,0.0,True,0.004157043879907622,1.8031990000000064,0.2469110772013665,4.0,actuator_motors,none,17082517,10518768,5.2,,B
8b084765-595a-44b5-b51d-abf41ac32d94,ok,17694720.0,v1.14-1.15,0.009056078021595262,0.0,0.0,True,0.0,0.0,0.1644738838076591,4.0,actuator_motors,none,4356504,2997696,3.9,,C
b06009dc-fe97-436d-8e18-a1052544ff4c,ok,17694720.0,v1.14-1.15,0.0,0.0,0.0,True,0.019319805658759646,1.8454510000000006,0.40428320318460453,4.0,actuator_motors,none,14470298,9018674,4.4,,B
6babba16-d57f-4b3c-be8d-c8aae86b2fb4,ok,17301504.0,v1.12-1.13,0.0,0.0,0.0,True,0.0011507479861910242,0.09951300000000002,0.3572571428571428,6.0,actuator_outputs,global,4633853,2655998,3.0,,A
192db00f-8dac-49f3-94a4-841210a59812,ok,17826240.0,v1.16+,0.0,0.0,0.0,True,0.023346626786307743,2.9725250000000045,0.2517799213528633,4.0,actuator_motors,none,10332937,3454887,5.4,,C
f03a00d9-bc7b-4ee1-98ac-2c4a713434f0,ok,17499135.0,v1.12-1.13,0.0,0.0,,True,0.0,0.0,0.383,8.0,actuator_outputs,global,29832251,15680143,15.7,,C
4fc60bed-c636-4fbe-bfbd-a6980689c55e,ok,17694975.0,v1.14-1.15,0.0,0.0,0.0,True,0.0,0.0,0.2253684550523758,4.0,actuator_motors,none,9874517,6344040,7.3,,C
4c162248-b152-4f95-94e8-9efd15fce1fc,ok,18286080.0,v1.16+,0.0,0.0,0.0,True,0.0,0.0,0.2306666666666667,6.0,actuator_outputs,bus,42171497,20423572,16.2,,B
a6c736f0-5515-45ad-98d5-26e13dd9a275,ok,17564928.0,v1.12-1.13,0.0,0.0,0.0,True,,,,4.0,actuator_outputs,global,63058137,22457855,17.1,,C
9d5cc891-aa15-4e6c-8345-a870faab47c9,ok,17695488.0,v1.14-1.15,0.242152466367713,0.0,0.0,True,0.0,0.0,0.21542424261569948,4.0,actuator_motors,none,4431300,2888035,2.8,,B
57cc06f6-45b0-457d-bbe7-e2754611c50d,ok,17629951.0,v1.12-1.13,0.0,0.0,0.0,True,0.038818565400843885,4.598218000000003,0.2377505331063633,4.0,actuator_motors,none,5619786,3750286,2.7,,B
df14c679-3e75-46f5-a495-7ed0285cd9ff,ok,17761535.0,v1.14-1.15,0.0,0.0,0.0,True,0.6221692491060786,12.901248,1.0,4.0,actuator_motors,none,3442244,2454091,2.5,,A
fc21efd8-a759-457b-b337-4799e3805bae,ok,17760767.0,v1.14-1.15,0.0,0.0,0.0,True,0.1935628073312472,3.5976630000000114,0.8062538852335817,4.0,actuator_motors,none,9362413,6314823,3.3,,B
eba7d0eb-916a-44a9-b756-f334db92f67a,ok,17695488.0,v1.14-1.15,0.18032786885245902,0.0,0.18568232662192394,False,0.1622554660529344,14.098545000000001,0.29303335547447185,4.0,actuator_motors,none,3412455,2320375,2.7,,B
fbc13322-e9e7-4e3c-b548-cf0ae373d088,ok,17760256.0,v1.14-1.15,0.0,0.0,0.12215320910973085,True,0.15541264737406216,6.401708999999997,1.0,4.0,actuator_motors,none,4618780,3516902,2.8,,A
c39fdbf4-3d18-4331-b66e-358a4b37174c,ok,17761023.0,v1.14-1.15,0.0,0.0,0.03717201166180758,True,0.007124109486314211,1.1014199999999903,0.44242422208189947,4.0,actuator_motors,none,11183968,7269924,3.5,,A
a70d0c52-9590-40c5-a02f-01132949cbe9,ok,17761280.0,v1.14-1.15,0.0,0.0,0.0,True,0.0,0.0,0.1157120019197464,4.0,actuator_motors,none,11188382,7149131,4.2,,C
0d7a3563-c761-4aa4-be5a-04672f6e6c42,ok,17695743.0,v1.14-1.15,0.0,0.0,0.0,True,0.0,0.0,0.2830541744828224,6.0,actuator_motors,none,9524037,5905267,3.6,,B
7d2194b4-0ec5-4854-bd6e-20447994bc84,ok,17826047.0,v1.16+,0.0,0.0,0.0,True,0.0,0.0,0.18519710004329681,4.0,actuator_motors,none,4265684,3115955,4.1,,C
a52966eb-418a-4cbb-adfe-089919469b17,ok,17630207.0,v1.12-1.13,0.0,0.0,0.0,True,0.0,0.0,0.2542980790138244,4.0,actuator_motors,none,26752940,14866015,8.3,,B
d7e98ab8-be6d-4d1a-99c8-fd634543e32c,ok,17695743.0,v1.14-1.15,0.0,0.0,0.0,True,0.03610485015443693,0.18879000000000445,0.5954319819808002,4.0,actuator_motors,none,9916522,6057274,5.8,,C
e3ae6a64-d90e-4ea7-8fbb-217a0330fd25,ok,17825984.0,v1.16+,0.0,0.0,0.0,True,0.0,0.0,0.0818091452121734,4.0,actuator_motors,none,3275240,2373709,3.5,,C
f349efbb-b606-43f3-966a-b0713e27b31f,ok,17694975.0,v1.14-1.15,0.0,0.0,0.0,True,,,,,actuator_motors,none,2475570,1832082,3.0,,A
911e57ab-613f-4a03-a72c-d8382fb30af6,ok,17891583.0,v1.16+,0.0,0.0,0.0,True,0.07880758807588076,4.497503000000002,0.9999999381169384,4.0,actuator_motors,none,39920542,15364962,11.9,,B
41f08da3-d932-44a1-9f37-4291c60fe45d,ok,17825984.0,v1.16+,0.0,0.0,0.0,True,0.0,0.0,0.2227843999862671,4.0,actuator_motors,none,30220294,12783605,19.4,,B
84ab3c70-17ae-4d62-9d2d-7f7f564f34a5,ok,16777728.0,v1.12-1.13,0.0,0.0,0.0,True,0.0,0.0,0.18472495675086975,4.0,actuator_motors,none,25528654,14200664,17.8,,C
86130876-818d-4e33-91e8-8c680ac93aa2,ok,17891583.0,v1.16+,0.0,0.0,0.0,True,0.1721194879089616,1.8970180000000028,0.8155998840928077,4.0,actuator_motors,none,3147955,2444444,6.6,,A
49873b0c-6baf-482b-ab65-eccd61431f8c,ok,17891392.0,v1.16+,0.0,0.30451127819548873,0.0,True,0.004108463434675432,0.5,0.047944211959838876,4.0,actuator_motors,none,37547894,15604983,9.2,,B
0472f3ca-c79f-4119-9560-eb99db87de1e,ok,17630207.0,v1.12-1.13,0.0,0.0,0.0,True,0.0,0.0,0.28793287873268125,4.0,actuator_motors,none,180759840,87903639,49.9,,B
1edade43-cd60-488f-b8e5-4a41dfa736ff,ok,18350336.0,v1.16+,0.0,0.0,0.0,True,0.0,0.0,0.2586666666666667,6.0,actuator_outputs,bus,121813546,58708711,47.2,,B
b6ac4a5c-95ae-4024-b24a-50ebe5567877,ok,17695999.0,v1.14-1.15,0.0,0.0,0.0,True,0.0,0.0,0.38337273895740503,4.0,actuator_motors,none,5333793,3459989,3.8,,C
54762be6-1bab-4971-894b-6b4fe24bbe6e,ok,17630207.0,v1.12-1.13,0.0,0.0,0.0,True,0.0,0.0,0.15800000000000003,6.0,actuator_outputs,per_channel,14093240,7424009,6.2,,C
172f6527-5662-492d-b0e9-fff91c8d0a58,ok,17891392.0,v1.16+,0.0,0.35294117647058826,0.0,True,0.007070707070707071,0.5,0.05479616224765765,4.0,actuator_motors,none,30861393,12825727,12.0,,B
2e5d6a16-aa11-45e0-a9b7-63449a4494a2,ok,17695488.0,v1.14-1.15,0.0,0.0,0.0,True,0.0,0.0,0.13465357720851895,4.0,actuator_motors,none,3427623,2406824,3.8,,C
4beff263-ad8d-428d-960c-c80f7bb52330,ok,17564928.0,v1.12-1.13,0.0,0.0,0.003838771593090211,True,0.00018351317624605446,0.017108000000000345,0.16117647058823528,4.0,actuator_outputs,global,41467676,17981612,14.7,,C
d508fa65-290e-44b4-b056-af2ec0139860,ok,17630207.0,v1.12-1.13,0.0,0.0,0.0,True,0.0,0.0,0.18679999999999997,6.0,actuator_outputs,per_channel,2856159,1944965,5.6,,C
796496e5-a41d-46c3-b6d7-7e7bc38fe0e6,ok,17499135.0,v1.12-1.13,0.0,0.0,0.0,True,0.0,0.0,0.35700000000000004,8.0,actuator_outputs,global,3710991,2653232,5.7,,C
136f17eb-4bee-4763-9795-0d251f0f9f2a,ok,17498880.0,v1.12-1.13,0.0,0.0,,True,0.0,0.0,0.404,8.0,actuator_outputs,global,123915536,66554511,30.4,,C
9624b8cf-5634-44d1-b27f-d33c0f44f042,ok,17826047.0,v1.16+,0.0,0.0,0.0,False,0.008086253369272238,0.20000000000000284,0.2473891615867612,4.0,actuator_motors,none,44155555,18126891,16.1,,B
259de1b1-1d42-47f5-a2e2-50b8adf93de3,ok,17760384.0,v1.14-1.15,0.14800901577761083,0.0,0.0,True,0.0003228811585611145,0.049131999999985965,0.3627297341823578,4.0,actuator_motors,none,56865807,36942741,13.4,,A
1570e7f8-e7e3-4361-92f1-7f3092f97562,ok,17825984.0,v1.16+,0.0,0.0,0.0,True,0.0014214641080312722,0.10124600000000328,0.6738310933113099,4.0,actuator_motors,none,5271236,3414421,4.1,,B
26c1b2ef-9b0d-400c-995b-a71d6d52c366,ok,17499135.0,v1.12-1.13,0.0,0.0627177700348432,0.0,True,0.035264081697782036,1.6424920000000043,0.5569620253164558,6.0,actuator_outputs,global,12638034,7461964,4.8,,C
8b277b89-eefc-44d7-acad-cf9fd1fa6ec2,ok,17761535.0,v1.14-1.15,0.0,0.0,0.0,True,,,,4.0,actuator_motors,none,6981384,4087092,3.3,,B
037465af-524b-4985-87e1-a961137907f1,ok,17760384.0,v1.14-1.15,0.0,0.0,0.0,True,0.0,0.0,0.13418915420770644,4.0,actuator_motors,none,6784105,4806784,4.2,,C
f1f2573d-85cc-49e3-947e-ea83ddfd2654,ok,17564416.0,v1.12-1.13,0.0,0.02749551703526599,0.0,True,0.0,0.0,0.4915254237288136,8.0,actuator_outputs,bus,30042317,18054039,9.5,,A
2e18b989-5b72-4484-9841-b55a00e1d362,ok,17630207.0,v1.12-1.13,0.13385826771653545,0.0,0.0,True,0.0,0.0,0.258,6.0,actuator_outputs,per_channel,2464879,1736959,4.1,,C
9f843fef-05d9-492d-a0de-84f6079a67ff,ok,17826240.0,v1.16+,0.0,0.0,0.19543973941368079,False,0.0,0.0,0.5014168329536913,4.0,actuator_motors,none,39482786,18749453,10.0,,A
aaff89f1-2e81-49bf-bada-04ad9ae4583b,ok,17629952.0,v1.12-1.13,0.0,0.0,0.0,True,0.0,0.0,0.5516208659857511,4.0,actuator_motors,none,4387826,2901601,4.2,,C
2abf0f34-5ce2-4ea7-94a2-e0c0772447b7,ok,17760256.0,v1.14-1.15,0.0,0.0,0.0,True,0.0,0.0,0.08981474637985223,4.0,actuator_motors,none,16827680,10528127,10.0,,B
390df573-70ce-48d7-94b8-2ebd6816114b,ok,17629248.0,v1.12-1.13,0.0,0.0,0.0,True,,,,6.0,actuator_outputs,per_channel,2020226,1332688,5.5,,C
539d9d72-e507-494f-ab3c-e80e36eb763b,ok,17629696.0,v1.12-1.13,0.0,0.0,,True,0.0,0.0,0.13753355741500853,4.0,actuator_motors,none,11159129,7312492,5.2,,B
fa37c7d4-3fc8-45e8-9429-3a34453a3b0d,ok,17825792.0,v1.16+,0.06322229775662815,0.0,0.0,True,0.0,0.0,0.1510054290294647,4.0,actuator_motors,none,62904074,34166396,21.2,,B
48a150b9-202b-464f-93c7-2f9b8c7090db,ok,17761280.0,v1.14-1.15,0.0,0.0,0.05646929824561404,True,0.00014169825356902477,0.014998999999988882,0.15388618111610408,4.0,actuator_motors,none,121216048,44439202,27.2,,A
715e4596-05a4-47c7-9ed9-21d9c719e613,ok,17694720.0,v1.14-1.15,0.0,0.0,0.0,True,0.0,0.0,0.23665303736925125,4.0,actuator_motors,none,50509119,12840180,9.3,,B
ca7a60e9-d7ff-4cb8-86f8-e85443924f0f,ok,17826047.0,v1.16+,0.0,0.0,0.0,True,0.0,0.0,0.07621268928050995,4.0,actuator_motors,none,3863100,2777838,3.8,,C
cffa9557-2098-4928-90e4-6d69c0374864,ok,17761535.0,v1.14-1.15,0.0,0.0,0.0,True,,,,,actuator_motors,none,23379076,13360360,5.7,,B
ba63a79a-4b80-438a-ac7c-0f58218f3fd5,ok,17826047.0,v1.16+,0.0,0.0,0.0,True,0.001021624382768602,0.01745999999999981,0.3118293419480324,4.0,actuator_motors,none,17558912,9191783,4.3,,C
96addca8-97cc-4ed2-82c6-34b482a2f4c0,ok,17825984.0,v1.16+,0.0,1.0,0.0,False,0.0,0.0,0.28624278753995896,4.0,actuator_motors,none,5404153,3718785,2.8,,B
2429efe0-6ae5-4b9e-8449-935de97f4b96,ok,17695999.0,v1.14-1.15,0.0,0.03263403263403263,0.0,True,0.0004658359259320878,0.08116799999999103,0.17356366217136374,4.0,actuator_motors,none,23548651,14916067,5.4,,B
9e61b634-05b1-4b46-a8b5-d37a1bcb80b5,ok,17694975.0,v1.14-1.15,0.0,0.0,0.0,True,,,,4.0,actuator_motors,none,7134007,4467498,3.8,,B
0193afca-021c-4a7f-abcf-fc94cf10817e,ok,17564671.0,v1.12-1.13,0.0,0.0,0.0,True,0.0,0.0,0.632,6.0,actuator_outputs,bus,11302404,6376796,6.8,,C
a37f4132-36b9-4bd6-b015-26b4166a1110,ok,17695488.0,v1.14-1.15,0.14831460674157304,0.0,0.0,True,0.007572172266919072,0.3984850000000222,0.3702722609043121,4.0,actuator_motors,none,10467799,5817302,3.9,,B
e89c5cd4-9c20-4837-8bef-b2d155944bb9,ok,17630207.0,v1.12-1.13,0.0,0.0,0.0,True,0.0,0.0,0.2542980790138244,4.0,actuator_motors,none,26752940,14866015,9.2,,C
b101f9ec-0662-43ab-b591-ff51d2a9c501,ok,17695488.0,v1.14-1.15,0.0,0.0,0.0,True,0.0,0.0,0.08557933568954464,4.0,actuator_motors,none,5189500,3305924,5.5,,C
e27bd9cd-34a4-4ad4-b3d4-460bb537c301,ok,17694720.0,v1.14-1.15,0.0,0.0,0.0,True,0.007285559792816893,0.27000899999999817,0.30721689462661733,4.0,actuator_motors,none,10765840,4756506,5.9,,C
befd38b2-da32-49e8-acb6-50aac35bca0f,ok,17630207.0,v1.12-1.13,0.0,0.0,0.0,True,0.006172839506172839,0.597741000000001,0.24339268952608106,4.0,actuator_motors,none,5104939,3550748,6.0,,C
204a11c9-0384-4cac-a639-dc086d67ff7f,ok,17891583.0,v1.16+,0.0,0.09295774647887324,0.0,True,0.0,0.0,0.09248706698417664,4.0,actuator_motors,none,49250717,20174841,9.6,,C
90ccef8d-ee57-43ed-87d4-8da265760066,ok,17760767.0,v1.14-1.15,0.0,0.0,0.0,True,0.012391573729863693,1.0011200000000002,0.3007059216499328,4.0,actuator_motors,none,3756765,2836550,2.5,,B
670a6e48-afe7-4ecb-9544-2a81aca3dd11,ok,16777984.0,v1.12-1.13,0.0,0.0,0.0,True,0.0,0.0,0.2630667373538017,4.0,actuator_motors,none,5152781,3580863,3.7,,B
e4393126-e1a4-400a-81ce-c7ea69bd4e88,ok,17826559.0,v1.16+,0.0,0.0,0.0,True,0.104091888011486,0.6007999999999996,0.680492764338851,4.0,actuator_motors,none,11748800,7587308,3.5,,C
4fe1ea00-26d4-4829-8e5a-07192fd8a859,ok,17564416.0,v1.12-1.13,0.0,0.0,0.0,True,0.0,0.0,0.2884210526315789,4.0,actuator_outputs,bus,11136627,6082583,5.3,,C
412fe507-7b99-4516-9a59-7181383e2595,ok,17629952.0,v1.12-1.13,0.0,0.0,0.0,True,0.5714285714285714,17.899242,0.5362590327858925,4.0,actuator_motors,none,2594892,1909961,1.8,,B
8f498d8e-2331-4c0c-bf1e-e454eac4f1e1,ok,17695744.0,v1.14-1.15,0.0,0.0,0.0,True,0.09794520547945205,4.50057000000001,0.5085779935121535,4.0,actuator_motors,none,12209565,7805736,5.6,,B
db32977c-4181-453b-9444-6eb2ccb59067,ok,17630207.0,v1.12-1.13,0.0,0.0,0.0,True,0.0,0.0,0.50175,6.0,actuator_outputs,per_channel,2730118,2049509,3.4,,A
f4f5c1cd-956b-4da6-9f73-cb1b4ae2a32d,ok,17629439.0,v1.12-1.13,0.0,0.0,0.0,True,,,,6.0,actuator_outputs,per_channel,12132529,6898611,9.3,,B
8b09231c-5f7b-4e06-881c-684edb44d186,ok,17761280.0,v1.14-1.15,0.0,0.0,0.0,True,0.0,0.0,0.22689474821090697,4.0,actuator_motors,none,63811694,33424306,20.8,,C
d47c6917-5feb-4ea9-a850-91f3292640cb,ok,18285056.0,v1.16+,0.0,0.0,0.0,True,0.013504853677639855,0.2602159999999998,0.4893333333333333,6.0,actuator_outputs,bus,54499911,25036386,19.7,,C
211b5b5c-f9e4-4753-9ae9-0c75096b131d,ok,17761535.0,v1.14-1.15,0.0,0.0,0.0,True,8.683227950521388e-05,0.01200600000004215,0.384665846824646,4.0,actuator_motors,none,50090522,31573429,16.6,,C
95808b3b-20fd-49db-9982-90da109baf45,ok,17695488.0,v1.14-1.15,0.0,0.0,0.0,True,0.0368,0.3990610000000032,0.7941611524956403,4.0,actuator_motors,none,2444858,1786785,2.2,,B
8c1ed65e-4ba0-48c4-a68e-16b682fef439,ok,17826240.0,v1.16+,0.0,0.0,0.0,True,0.0,0.0,0.1860832393169403,4.0,actuator_motors,none,4273168,3050165,2.7,,B
98df22b0-821b-4fc8-96e8-7c47fa4edd95,ok,17695488.0,v1.14-1.15,0.10526315789473684,0.0,0.012987012987012988,True,0.05438225976768744,1.2415359999999964,0.6891704543870762,4.0,actuator_motors,none,13854382,3822290,3.9,,B
7eeefab7-d18d-4247-9433-b418d0d2d582,ok,17564928.0,v1.12-1.13,0.0,0.0,0.0,True,0.0,0.0,0.37176470588235294,6.0,actuator_outputs,bus,4148011,3096774,3.1,,C
e4bd9b02-fdf2-4b8a-a273-c627312e09f5,ok,17891328.0,v1.16+,0.0,0.0,0.0,True,0.0,0.0,0.10609840303659435,4.0,actuator_motors,none,8958034,5255524,8.9,,B
4f31f221-6668-4b2c-ac13-90b40618645d,ok,17630207.0,v1.12-1.13,0.0,0.0,0.0,True,0.0,0.0,0.21000000000000002,6.0,actuator_outputs,per_channel,16363950,9963026,9.3,,A
8b306c74-ff85-4555-b137-35495633b298,ok,17564928.0,v1.12-1.13,0.0,0.0,0.003838771593090211,True,0.00018351317624605446,0.017108000000000345,0.16117647058823528,4.0,actuator_outputs,global,41467676,17981612,13.1,,A
569218ac-3d50-4490-a5e6-84decd6e53de,ok,17761280.0,v1.14-1.15,0.0,0.0,0.0,True,0.0,0.0,0.2952468216419218,4.0,actuator_motors,none,36256831,23082175,11.8,,C
41027991-7d9d-483b-a2ac-f748024d2c52,ok,17171712.0,v1.12-1.13,0.0,0.0,0.0,False,0.0,0.0,0.0,4.0,actuator_outputs,global,9709808,5111439,3.8,,A
9e845f2c-8088-4d02-9595-f11b63733a4f,ok,17694720.0,v1.14-1.15,0.0,0.11077844311377245,0.0,True,0.0006844626967830253,0.10116599999999965,0.3200475126504898,4.0,actuator_motors,none,5521666,3640877,3.8,,B
c8c04e11-6aad-4925-99d8-54731290dbdc,ok,17761535.0,v1.14-1.15,0.0,0.0,0.0,True,0.0,0.0,0.3154051654040807,4.0,actuator_motors,none,2626640,1937722,2.6,,C
5e6ac697-8e3c-4d9f-af2a-422fba7007c1,ok,419627008.0,,0.0,0.0,0.0,True,,,,8.0,actuator_outputs,none,18106368,9993989,5.1,not_px4_v25,
2bf360a4-af92-4bcb-a01b-e528276a1915,ok,17825984.0,v1.16+,0.0,0.0,0.0,True,0.0,0.0,0.22829130589962007,4.0,actuator_motors,none,2405296,1668412,2.4,,A
94f171d2-9ebb-4554-9b04-25c3b815fb05,ok,17564416.0,v1.12-1.13,0.0,0.0,0.0,True,0.0,0.0,0.4857142857142857,6.0,actuator_outputs,bus,2752794,1860505,2.4,,B
44b6a14d-9a49-4046-9a60-e161e645d4f4,ok,17695743.0,v1.14-1.15,0.0,0.0,0.0,True,0.3906810035842294,1.0982509999999976,1.0,4.0,actuator_motors,none,2660768,2222218,2.4,,C
d7b9c31a-dc2e-46a7-90a0-f5783d874b7e,ok,17761279.0,v1.14-1.15,0.0,0.0,0.0,True,0.0,0.0,0.0866677895188331,4.0,actuator_motors,none,2401922,1606720,4.5,,B
68c573e9-bbef-4fc5-b658-30017fbb6939,ok,0.0,,0.0,0.0,0.0,True,0.0,0.0,0.0789507552981376,4.0,actuator_motors,none,12531290,8620955,5.5,not_px4_v0,
09e0a83a-14c4-4bae-be0b-3d0f98985f80,ok,17761023.0,v1.14-1.15,0.020955165692007796,0.0,0.0,True,0.00029319781078967946,0.10222199999998338,0.39733575880527466,4.0,actuator_motors,none,36795290,22476484,8.8,,B
7ffda1ed-cec1-455c-9c9f-c974bfeca607,ok,17760256.0,v1.14-1.15,0.0,0.0,0.0,False,0.0007356547327121138,0.07113099999999939,0.31125113517045977,4.0,actuator_motors,none,27070449,8985695,5.2,,C
0dd04417-8ad5-4e1b-ba2b-503e8532c347,ok,17630207.0,v1.12-1.13,1.0,0.0,0.0,True,0.0,0.0,0.15600000000000003,6.0,actuator_outputs,per_channel,4500922,2885185,2.6,,C
3e7cb48e-b2fa-4d31-89ed-52cff9ed18ab,ok,17826047.0,v1.16+,0.0,0.0,0.0,True,0.0,0.0,0.24065418988466264,4.0,actuator_motors,none,3648503,2772925,2.6,,B
21d8dcd8-5a23-49c8-b9cb-e76aa0af7d40,ok,17891583.0,v1.16+,0.0,0.0,0.0,True,0.016923076923076923,2.2017979999999966,0.15310598015785215,4.0,actuator_motors,none,6453134,4716343,3.2,,B
1a7b7730-7618-4546-8df1-38746041e0ab,ok,17630207.0,v1.12-1.13,0.0,0.0,0.04941860465116279,True,0.0,0.0,0.196,6.0,actuator_outputs,per_channel,6644452,4177844,3.1,,A
22c181f6-fd7e-43cf-9d98-b1f398c10834,ok,17694975.0,v1.14-1.15,0.0,0.0,0.0,True,0.031914893617021274,0.8014320000000019,0.40076426863670345,4.0,actuator_motors,none,6180265,3870255,15.1,,B
0bf714ec-7090-4eb0-b0c4-7b256f4709c8,ok,17760384.0,v1.14-1.15,0.0,0.0,0.0,False,0.0,0.0,0.1623934641480446,4.0,actuator_motors,none,17499715,7415355,17.9,,B
6d54d9f5-8b9a-4897-9508-a8b229ed71e4,ok,17630207.0,v1.12-1.13,0.0,0.0,0.0,True,0.0,0.0,0.21085000000000004,6.0,actuator_outputs,per_channel,2391309,1696852,2.8,,C
ec08d6ff-9861-424e-9235-4527ce513211,ok,17825984.0,v1.16+,0.0,0.0,0.0,True,0.002854006586169045,1.0002979999999866,0.38410092592239375,4.0,actuator_motors,none,37180528,23471429,16.8,,C
304368a4-6121-4970-afe2-6ee442056fac,ok,17563904.0,v1.12-1.13,0.0,0.0,0.0,True,0.0,0.0,0.31881249999999994,6.0,actuator_outputs,bus,3236945,2426644,2.7,,C
423efb25-14d5-4769-8d6f-59a8b4be8863,ok,17695743.0,v1.14-1.15,0.09813084112149532,0.0,0.0,True,0.0,0.0,0.1810716688632965,4.0,actuator_motors,none,15213809,8480180,6.1,,B
ee3109fb-5fb7-40f8-95aa-2efa9b58182d,ok,17695743.0,v1.14-1.15,0.0,0.0,0.0,True,0.015525114155251141,1.7010179999999995,0.9126342720040317,4.0,actuator_motors,none,4041500,2533006,4.2,,C
91e7772b-2a8d-4dd0-af28-fb3c11f28a42,ok,17694720.0,v1.14-1.15,0.0,0.0,0.0,True,0.0,0.0,0.14676868915557859,4.0,actuator_motors,none,123303475,36839384,32.3,,C
2a5c48ce-886e-4b74-91a4-886848d2b8fa,ok,17826048.0,v1.16+,0.0,0.0,0.0,True,0.0,0.0,0.2551046088337898,4.0,actuator_motors,none,51721098,31676686,11.8,,B
b23a6485-9302-413b-b1ff-68db134378aa,ok,17826047.0,v1.16+,0.0,0.0,0.0,True,0.0,0.0,0.7245882152149475,4.0,actuator_motors,none,7020621,4653233,4.4,,C
1aaf93b3-2d6d-4f9f-a1b2-ac618e6bd42a,ok,17761280.0,v1.14-1.15,0.0,0.0,0.0,True,0.0,0.0,0.10324486494064326,4.0,actuator_motors,none,19874174,11948714,9.8,,C
b5b1d2f3-3e7b-49d7-a623-5b832a429d47,ok,17629952.0,v1.12-1.13,0.05730129390018484,0.0,0.03714710252600297,False,0.24579753455360479,27.799271000000033,0.95,6.0,actuator_outputs,per_channel,16300919,8927616,5.1,,B
e7d5c43a-0b43-4ee1-88ff-f3dd7d714311,ok,17695488.0,v1.14-1.15,0.0,0.0,0.0,True,0.0,0.0,0.2177667737007141,4.0,actuator_motors,none,51297577,17816224,14.5,,C
54324a93-9951-4221-af89-776b93b2d899,ok,17694720.0,v1.14-1.15,0.0,0.0,0.0,False,0.0,0.0,0.31875041872262955,4.0,actuator_motors,none,4206851,1451584,8.1,,C
a2b4a38b-5fe4-426b-8119-a40e3d95ae82,ok,17761535.0,v1.14-1.15,0.0,0.0,0.0,True,0.0,0.0,0.26122623682022095,4.0,actuator_motors,none,7343518,4516995,8.1,,B
52201e25-4ed2-4ca6-921b-c0b5d49963ec,ok,17760320.0,v1.14-1.15,0.0,0.10674157303370786,0.0,True,0.012239902080783354,0.10186700000000215,0.28119324445724486,4.0,actuator_motors,none,3758546,2856475,8.8,,B
15c1ccfb-6fa1-4df8-b5df-36f165a3cb4d,ok,17760256.0,v1.14-1.15,0.0,0.0,0.0,True,0.0,0.0,0.08399618566036224,4.0,actuator_motors,none,3623480,2428032,2.6,,B
d161bf68-a84a-495d-a986-b752f1044469,ok,18350336.0,v1.16+,0.0,0.0,0.0,True,0.0,0.0,0.21333333333333332,6.0,actuator_outputs,bus,132736951,60031740,29.8,,B
e66db9fe-ac4e-4e0a-820a-f6575052e170,ok,17694975.0,v1.14-1.15,0.0,0.0,0.0,True,0.0024154589371980675,0.10255699999999734,0.5817259195260703,4.0,actuator_motors,none,5569328,4157803,4.4,,C
6be58f34-0792-4fcb-a8ca-0375aa097f8a,ok,17761280.0,v1.14-1.15,0.0,0.0,0.0,True,,,,4.0,actuator_motors,none,17506580,9421641,4.9,,B
e6582484-f30a-4828-9d86-cf39ccaf3af8,ok,17826240.0,v1.16+,0.0,0.0,0.6612903225806451,True,0.36117936117936117,2.6005759999999993,0.999999937769238,4.0,actuator_motors,none,3204872,2336457,3.4,,C
d4e66e6d-8f4d-49a3-aef4-ec56c20f7859,ok,17760511.0,v1.14-1.15,0.5915492957746479,0.0,0.0,True,0.0011883541295306002,0.20032499999999942,0.26945830583572367,4.0,actuator_motors,none,6275106,4107520,5.0,,B
411e3a1b-cc34-422e-a8ac-5e6c29b39312,ok,17498880.0,v1.12-1.13,0.0,0.0,0.0,True,0.069679403761978,3.095403000000033,0.47200000000000003,6.0,actuator_outputs,global,24972209,15361537,5.6,,C
20d6292c-296e-4142-87c9-ee438e5f8317,ok,17826047.0,v1.16+,0.0,0.0,0.0,True,0.001095290251916758,0.1007719999999992,0.15824000835418697,4.0,actuator_motors,none,3998807,2944425,4.6,,B
de9e1a8b-d5f0-4d29-b82e-fea2408461c8,ok,17695743.0,v1.14-1.15,0.035897435897435895,0.0,0.0,True,0.0,0.0,0.24000000953674316,4.0,actuator_motors,none,52099076,21303274,8.7,,B
2471e799-a860-4e3e-ba31-664b3c6f3d7a,ok,17630207.0,v1.12-1.13,0.0,0.0,0.0,True,0.0,0.0,0.17900000000000005,6.0,actuator_outputs,per_channel,9061854,4896114,3.8,,C
5e56c573-d357-4f82-a9fe-8c6d4e79ece8,ok,17761535.0,v1.14-1.15,0.0,0.03834355828220859,0.036671368124118475,True,0.19444444444444445,3.699480000000001,0.7363530158996572,4.0,actuator_motors,none,11179426,6703837,9.5,,C
5978ad00-524f-4a94-ba83-82d437aa307b,ok,17629696.0,v1.12-1.13,0.0,0.0,0.0,True,0.0,0.0,0.15399999999999997,6.0,actuator_outputs,per_channel,31377872,16557628,9.6,,B
aaad30f9-d297-4395-9ed8-d01591a808d2,ok,17826047.0,v1.16+,0.0,0.0,0.0,True,0.0026711680795414496,1.0041709999999284,0.46328288316726657,4.0,actuator_motors,none,70726534,42372910,12.6,,C
a4034dc6-5823-4b3c-b326-6b3c5aa155df,ok,17761535.0,v1.14-1.15,0.0,0.0,0.0,True,0.06420545746388442,1.8,0.3818035423755645,4.0,actuator_motors,none,30766332,13691667,13.7,,A
68513220-12e1-4475-a346-86c9a03eafec,ok,255.0,,0.0,0.04285714285714286,0.0,True,0.0,0.0,0.07841610312461861,4.0,actuator_motors,none,44168650,21286072,14.3,not_px4_v0,
e507c044-2573-48a4-a313-326cfdbc7f53,ok,17825792.0,v1.16+,0.0,0.0,0.0,False,0.0671912832929782,3.299999999999997,0.29275859519839237,4.0,actuator_motors,none,58405092,24206477,13.9,,A
209aa69d-064c-40fe-b78b-2475e7a6ddb3,ok,17629951.0,v1.12-1.13,0.0,0.0,0.0,True,0.0,0.0,0.301,6.0,actuator_outputs,per_channel,8156277,5020205,7.5,,C
aaf2608e-2a6e-4e1d-b887-45cd26723511,ok,17826047.0,v1.16+,0.0,0.0,0.0,True,0.7583547557840618,58.102644999999995,0.9340581551194191,4.0,actuator_motors,none,3631548,2624459,7.0,,B
4c171cf3-55be-44d4-9fce-31a8e2a1e523,ok,17826240.0,v1.16+,0.0,0.0,0.0,True,0.0,0.0,0.4603228475898504,4.0,actuator_motors,none,28529601,18426282,7.7,,B
78e4f63f-dfd0-4405-b307-32bba4238116,ok,17761280.0,v1.14-1.15,0.4138181818181818,0.0,0.0,True,0.0,0.0,0.1753872036933899,4.0,actuator_motors,none,77028596,46355047,15.1,,C
368af41a-7f1c-4fec-bf61-2db411468cee,ok,17302016.0,v1.12-1.13,0.0,0.0,0.0,,0.0,0.0,0.5288571428571429,8.0,actuator_outputs,global,816997,636689,2.1,,C
739b7bd2-5ee6-4650-b47f-d76c2ccb844f,ok,17826047.0,v1.16+,0.0,0.0,0.0,True,0.0,0.0,0.159656123816967,4.0,actuator_motors,none,17140846,10380338,9.5,,C
54414f81-5333-492b-a5cc-6f3989b8142c,ok,17825856.0,v1.16+,0.0,0.0,0.0,True,0.0,0.0,0.058193978667259214,4.0,actuator_motors,none,27558579,15614685,7.4,,B
5978e43f-80d7-42df-ae43-c8aab24aaa88,ok,17629952.0,v1.12-1.13,0.0,0.0,0.0,True,0.0,0.0,0.09639299511909483,4.0,actuator_motors,none,14578466,7931611,4.6,,C
e75011cd-7a6d-4d5f-b5d0-3e5dab8e6310,ok,17629696.0,v1.12-1.13,,,0.0,True,0.0,0.0,0.12154895514249794,4.0,actuator_motors,none,36525023,15970632,15.4,,C
4ba26a72-7dda-494c-b90c-66810e7b1890,ok,17629952.0,v1.12-1.13,0.0,0.0,0.0,True,0.0,0.0,0.30445,6.0,actuator_outputs,per_channel,5269170,2921866,10.2,,B
995f4490-9ac7-4908-9685-3f232b774e4d,ok,17760384.0,v1.14-1.15,0.0,0.0,0.0,True,0.0,0.0,0.062354406714439384,4.0,actuator_motors,none,26818688,17643712,15.5,,B
4ea35538-b85d-4217-978b-c545d2411c73,ok,18285568.0,v1.16+,0.0,0.0,0.0,True,0.0,0.0,0.31733333333333336,6.0,actuator_outputs,bus,98460219,52055478,28.0,,B
c11589dc-6092-4f97-8563-131ac827a1c1,ok,255.0,,0.0,0.0,0.0,True,0.021701856659971586,0.33685400000000243,0.6396182119846342,4.0,actuator_motors,none,8738030,4918426,4.8,not_px4_v0,
def4855c-0135-4bfc-9c9b-b0802a50d926,ok,17695743.0,v1.14-1.15,0.0,0.0,0.0,True,0.40181774695049033,5.152264000000002,0.7671965181827544,4.0,actuator_motors,none,8001564,4598931,3.1,,B
34986477-7c4c-4c60-96a2-18e5a6c7b191,ok,17629696.0,v1.12-1.13,0.0,0.0,0.0,True,0.0,0.0,0.14400000000000002,6.0,actuator_outputs,per_channel,11102713,6287562,7.3,,A
66193959-c127-46d4-a5bc-b88ffb450be3,ok,17564671.0,v1.12-1.13,0.0,0.0,0.030097373856594865,True,0.0007411799584939224,0.1968739999999798,0.29575000000000007,6.0,actuator_outputs,per_channel,22196747,13953274,9.0,,B
30de1ef4-17e9-4e7a-9841-0195300e7f88,ok,17760768.0,v1.14-1.15,0.0,0.0,0.0,True,0.0,0.0,0.342475026845932,4.0,actuator_motors,none,3544451,2628615,2.9,,C
322f97b7-8c84-4ab2-8002-039a2e89915d,ok,17825792.0,v1.16+,0.023809523809523808,0.0,0.0,False,0.009421229870146887,0.6765120000000024,0.1932606667280197,4.0,actuator_motors,none,56082651,22968070,43.9,,B
621f4fed-3d93-4f27-8f09-29a5e88fe7e4,ok,17891392.0,v1.16+,0.0,0.0,0.0,True,0.0007978117164349213,0.1962299999999857,0.3207813680171967,4.0,actuator_motors,none,45945048,29639297,29.3,,B
8c3115b2-b30f-4f3a-addd-31ae4e5a7cd2,ok,17826303.0,v1.16+,0.0,0.0,0.001652892561983471,True,0.0,0.0,0.15362581014633175,4.0,actuator_motors,none,99567537,29345335,32.7,,C
8f107a6c-21b4-4524-8609-1d709c6899d6,ok,17761280.0,v1.14-1.15,0.0,0.0,0.0,True,0.0,0.0,0.07282155230641364,4.0,actuator_motors,none,3979552,2737873,2.8,,B
341ae3df-657a-473b-bb86-07d25ade15c0,ok,17826047.0,v1.16+,0.0,0.0,0.0,True,0.0011668502858504049,1.8405690000001869,0.1796261467039585,4.0,actuator_motors,none,233675327,112538341,59.8,,B
1063bc9a-ed9b-4d60-b8e9-fd7b49a1f900,ok,17630207.0,v1.12-1.13,0.0,0.0,0.0,True,0.0,0.0,0.07064837813377381,4.0,actuator_motors,none,8252426,5164615,5.4,,A
49d6cd84-9bc3-4fe4-9664-96b0fa4de112,ok,17498880.0,v1.12-1.13,0.08258928571428571,0.0,0.0,True,0.0,0.0,0.36944999999999983,8.0,actuator_outputs,global,7902646,5255663,3.4,,A
bd40cd4c-ae40-4563-a225-44a543cf672c,ok,17694720.0,v1.14-1.15,0.0,0.0,0.0,True,0.0,0.0,0.044783820956945414,4.0,actuator_motors,none,30504378,10711922,5.2,,C
82f3cd8f-2415-40bb-bc6d-76a729741c28,ok,17695488.0,v1.14-1.15,0.0,0.0,0.0,True,,,,4.0,actuator_motors,none,14975865,8308677,4.4,,C
bb0fd5a4-5a9f-46e6-8a2e-274360d75769,ok,17826240.0,v1.16+,0.0,0.0,0.0,True,0.0,0.0,0.4051402509212494,6.0,actuator_motors,none,5072679,3827162,3.8,,B
7cef9d43-0d18-4d75-ae69-cd23b49983a6,ok,17761535.0,v1.14-1.15,0.0,0.0,0.0,True,0.0,0.0,0.3097308278083801,4.0,actuator_motors,none,3959402,2951928,3.0,,B
a3d565c8-0dba-42b7-afb7-68f8aeec6bf0,ok,17694720.0,v1.14-1.15,0.0,0.0,0.0,True,0.0,0.0,0.42569247782230374,4.0,actuator_motors,none,14702144,7993638,4.9,,B
46d57da7-d094-4d22-8e58-d3038e39166c,ok,17826047.0,v1.16+,,,,,,,,,none,none,3094210,674898,3.0,,C
b7e8e5bf-0ffa-4e7e-89be-8a54e42091c3,ok,17761023.0,v1.14-1.15,0.0,0.0,0.04497354497354497,True,0.0,0.0,0.33603907376527786,4.0,actuator_motors,none,3144583,2494223,3.4,,C
7b391cda-3d94-4af4-85d2-e9dce521d4ee,ok,17629184.0,v1.12-1.13,0.0,0.0,0.0,True,,,,4.0,actuator_motors,none,3404217,2143229,4.0,,A
0a0d02c2-2981-4d4f-8834-108658f9195d,ok,17695743.0,v1.14-1.15,0.041666666666666664,0.0,0.0,True,0.0,0.0,0.15596501678228378,4.0,actuator_motors,none,65667649,19789615,22.7,,A
158af92a-ca1c-4e07-8a6e-88956e754ef4,ok,17826047.0,v1.16+,0.0,0.0,0.0,True,0.0,0.0,0.1642668545246124,4.0,actuator_motors,none,33760391,13716037,12.9,,C
03751f6f-b653-4174-b2d2-7371f5606ccc,ok,18285568.0,v1.16+,0.003076923076923077,0.0,0.0,True,0.0,0.0,0.28,6.0,actuator_outputs,bus,85127826,39250482,22.1,,C
41f96338-145c-425e-b778-5976b9335165,ok,17761280.0,v1.14-1.15,0.0,0.0,0.0,True,0.0,0.0,0.22912983000278467,4.0,actuator_motors,none,4266175,3181544,4.5,,C
44998499-d55f-4bed-ad51-8e0f2d3c4880,ok,17826047.0,v1.16+,0.03932584269662921,0.0,0.0,True,0.0,0.0,0.06739424467086791,4.0,actuator_motors,none,3974456,2905523,4.3,,B
bdaf475e-9ca6-45fb-a391-0fadb9015c06,ok,17564671.0,v1.12-1.13,0.0,0.0,0.02564102564102564,True,0.005494505494505495,0.10859800000000064,0.587542857142857,6.0,actuator_outputs,bus,3874495,2449164,5.4,,A
005973ac-9862-4ac3-b467-f4349633c3a5,ok,33620416.0,,0.0,0.0,0.0,True,0.25161982640350994,1.5326790000000017,0.3103439092636108,4.0,actuator_motors,none,34509121,18779831,15.3,not_px4_v2,
c00d2fed-cf30-4585-8b9d-2361326398e9,ok,17760256.0,v1.14-1.15,0.0,0.0,0.0,True,0.0,0.0,0.19562146067619324,4.0,actuator_motors,none,45630622,28947913,16.7,,B
b83bf324-af7e-418b-9991-546da1b0fddc,ok,17694720.0,v1.14-1.15,0.0,0.0,0.0,True,0.0,0.0,0.1630761831998825,4.0,actuator_motors,none,111330747,28470764,40.1,,C
368da03f-0be0-4da4-92f6-5a4c405fe83d,ok,17760768.0,v1.14-1.15,0.01996007984031936,0.0,0.0,True,0.0,0.0,0.13193867057561875,4.0,actuator_motors,none,10221562,6817938,4.5,,C
aea9556e-4939-4a61-9d91-ce440430b6a1,ok,0.0,,0.0,0.0,0.0,True,0.0,0.0,0.20087412744760513,4.0,actuator_motors,none,16857265,10970337,5.2,not_px4_v0,
538febf5-f0ae-412a-a9f6-d8af6129017e,ok,17761279.0,v1.14-1.15,0.0,0.0,0.0,True,0.0,0.0,0.22594543853774654,4.0,actuator_motors,none,3393093,2145239,2.5,,B
4e735764-cf6f-44cd-8e17-f3f1d37f9daf,ok,17826240.0,v1.16+,0.1038552321007081,0.0,0.0,True,0.0,0.0,0.11655590683221814,4.0,actuator_motors,none,24816783,15949273,6.6,,B
79588575-653e-4164-b21d-8f99c6da736e,ok,17695488.0,v1.14-1.15,0.022727272727272728,0.0,0.0,True,0.0,0.0,0.0776437476277351,4.0,actuator_motors,none,27460558,12101396,9.8,,B
98f084c4-bb36-4793-a1ec-a4c915485724,ok,17826303.0,v1.16+,0.0,0.0,0.0,True,0.0023014959723820483,0.10236799999999846,0.45541200041770924,4.0,actuator_motors,none,4070543,3072988,3.2,,C
3462fbc5-9040-4990-b9cf-4cd36f6792a4,ok,17499135.0,v1.12-1.13,0.0,0.0,0.0,True,0.0,0.0,0.272,8.0,actuator_outputs,global,4908067,3368465,3.5,,A
15965539-4425-4867-ad04-056c434c2567,ok,17694848.0,v1.14-1.15,0.007751937984496124,0.0,0.0,True,0.0,0.0,0.33174291253089905,4.0,actuator_motors,none,7999569,4759348,4.5,,B
544a3816-abf6-4fb8-aa66-7ce17c798f45,ok,17695488.0,v1.14-1.15,0.0,0.0,0.0,True,0.0,0.0,0.43483398854732513,8.0,actuator_motors,none,3001763,2144380,6.7,,A
576da0aa-3369-4683-9cca-8328c28bd217,ok,0.0,,0.0,0.0,0.0,True,0.0,0.0,0.16493026018142692,4.0,actuator_motors,none,6369914,4085954,8.4,not_px4_v0,
54a844a4-6a68-4ffc-8d29-5d01811af891,ok,17695743.0,v1.14-1.15,0.0,0.0,0.0,True,0.014166887105781383,0.29743400000000264,0.4120673971816311,4.0,actuator_motors,none,50345230,14975948,16.3,,C
6770d958-fe55-4af5-96e3-9fecc01595c2,ok,33554752.0,,0.01771479185119575,0.0,0.0,True,0.0,0.0,0.3366961359977722,4.0,actuator_motors,none,105304761,53072111,20.0,not_px4_v2,
87c330d1-ad9e-40ec-a2a2-6af389ba635a,ok,17760768.0,v1.14-1.15,0.0,0.0,0.0,True,0.19421122403888644,81.90000099999997,1.0,4.0,actuator_motors,none,18457562,10256098,6.0,,A
703916e7-6bea-4cc8-8011-9cf02f246032,ok,17629952.0,v1.12-1.13,0.0,0.0,0.0,True,0.0,0.0,0.14775,6.0,actuator_outputs,per_channel,7742695,4318118,4.2,,B
5c6f4e50-3b62-4c34-bf0d-b2301defe3a3,ok,17761535.0,v1.14-1.15,0.0,0.0,0.0,True,,,,4.0,actuator_motors,none,12841055,6780376,5.3,,C
27cefde8-327b-4ec9-a0cf-c1609ffc9047,ok,17694720.0,v1.14-1.15,0.08035714285714286,0.0,0.0,True,0.0006443298969072165,0.09964899999999943,0.33528541736304734,4.0,actuator_motors,none,11403144,4847243,4.0,,A
8f3d9832-dc69-4c42-890a-d659c93451f7,ok,17761535.0,v1.14-1.15,0.0,0.0,0.0,True,4.937052579609973e-05,0.002758000000000038,0.5833921745419501,4.0,actuator_motors,none,44394620,17009341,10.0,,B
a025555a-37e6-4487-95d1-ab34993bc213,ok,17695743.0,v1.14-1.15,0.46965699208443273,0.0,0.0,True,0.2664765525982256,0.43322599999999056,0.40807688832283007,4.0,actuator_motors,none,19962391,11670185,6.1,,C
3b76598d-9bbc-45b6-ade6-e19df0f89907,ok,17891583.0,v1.16+,0.0,0.0,0.0,True,0.004624277456647399,0.2000060000000019,0.2341527700424194,4.0,actuator_motors,none,14058333,8047154,2.7,,B
6c73b49c-d8a3-4fe5-8b40-7cfc408897f9,ok,17760511.0,v1.14-1.15,0.0,0.0847457627118644,0.0,True,0.0,0.0,0.2870857454137876,4.0,actuator_motors,none,3567752,2747508,3.0,,A
b43d5443-690a-48cb-aec5-cfbf6030626d,ok,17891392.0,v1.16+,0.0,0.0,0.0,True,0.0,0.0,0.5108548035716951,4.0,actuator_motors,none,8446030,5346086,4.9,,A
17712d63-8f67-4c35-8579-9ff2bb2b5b42,ok,17569791.0,v1.12-1.13,0.0,0.0,0.0,True,0.0,0.0,0.12833333333333335,4.0,actuator_outputs,bus,21185283,10448400,11.8,,C
c423c822-bba5-44ca-9305-644909306054,ok,17761535.0,v1.14-1.15,0.0,0.0,0.0,True,0.0017094017094017094,0.10098399999999996,0.3833043217658993,4.0,actuator_motors,none,2852728,2104096,3.7,,B
3fcd1329-de34-4bb7-a625-3c9da7386158,ok,17629696.0,v1.12-1.13,0.0,0.0,0.0,True,0.0,0.0,0.17699999999999994,6.0,actuator_outputs,per_channel,16286606,9272274,6.9,,C
822ab892-5c60-40b3-96c4-c8b6990d65ee,ok,17761280.0,v1.14-1.15,0.0,0.0,0.0,True,,,,4.0,actuator_motors,none,70433762,24707061,13.2,,C
8e0d55ab-ca24-4f7f-bccc-e3e650a41006,ok,17695488.0,v1.14-1.15,0.12403100775193798,0.0,0.0,True,0.0,0.0,0.3309049978852272,4.0,actuator_motors,none,5692383,3079970,3.1,,C
3288950c-2189-45be-9f7f-171816aea34c,ok,17498367.0,v1.12-1.13,0.0,0.0,0.0,True,0.0,0.0,0.2765714285714286,6.0,actuator_outputs,global,11994730,7254876,11.2,,C
8ac43077-d5ce-4f9d-bb2d-4b5bd314622e,ok,17694975.0,v1.14-1.15,0.0,0.0,0.0,True,0.00027359781121751026,0.09964400000001206,0.2856770128011703,4.0,actuator_motors,none,15358288,9818300,9.2,,A
f64c129b-d791-4cf7-ae0e-452c8f3b013c,ok,17761023.0,v1.14-1.15,0.07334710743801653,0.0,0.002920317062995411,True,0.00337909186906019,1.3994280000000003,0.38696859031915665,4.0,actuator_motors,none,20076382,12717213,13.1,,C
e0c8b3ec-1b2c-43a0-9061-40ad7996ca58,ok,17569792.0,v1.12-1.13,0.0,0.0,0.017627118644067796,True,,,,4.0,actuator_outputs,bus,76255812,34819630,18.6,,A
c7b74a17-4dd9-42bb-901a-04c1c6e88b7f,ok,17761023.0,v1.14-1.15,0.0,0.0,0.0,True,0.0019770660340055358,0.500011,0.49510267972946165,4.0,actuator_motors,none,11027354,7273904,5.3,,B
e78b34fc-6250-466f-82ed-3681a21304e4,ok,17630207.0,v1.12-1.13,0.0,0.0,0.0,True,0.0,0.0,0.10993767231702804,4.0,actuator_motors,none,8205645,5137956,4.8,,A
85bda2c5-12bf-4116-8777-36cde746349e,ok,17826240.0,v1.16+,0.0,0.0,0.0,True,0.00011486727086851144,0.0037679999999795655,0.41519794464111326,4.0,actuator_motors,none,37614444,23153781,11.8,,A
502856c6-1c68-4deb-9d13-dc1fae9df071,ok,17760256.0,v1.14-1.15,0.0,0.0,0.0,True,0.0,0.0,0.26063593104481697,4.0,actuator_motors,none,8217187,5261286,3.5,,B
fc587431-e0b5-4b80-a9f6-ded078a07fee,ok,17761280.0,v1.14-1.15,0.0,0.0,0.0,True,0.0,0.0,0.3151360392570495,4.0,actuator_motors,none,8157158,4506468,6.0,,B
b7cb4e4f-d6d6-4763-8253-73c4ec5bbe21,ok,17825984.0,v1.16+,0.0,0.0,0.3469387755102041,False,0.027467316072801846,0.20337600000000577,0.5287985384464264,4.0,actuator_motors,none,56388076,15833184,21.0,,B
7a7b38f4-9a25-4577-a436-fd2e1abb7587,ok,17630207.0,v1.12-1.13,0.0,0.0,0.0,True,0.0,0.0,0.24939999999999965,6.0,actuator_outputs,per_channel,20329806,12326374,8.0,,A
4722bd64-36cd-4d1b-90f3-f664c81c016b,ok,17760511.0,v1.14-1.15,0.0,0.09933774834437085,0.0,True,0.0,0.0,0.21795557886362074,4.0,actuator_motors,none,3199635,2572038,5.4,,A
bb754bf2-b9bc-4137-8629-ff36b91e737c,ok,17695743.0,v1.14-1.15,0.0,0.0,0.0,True,0.5637886597938144,7.500927000000004,0.5300368234515186,4.0,actuator_motors,none,6688771,4503635,7.3,,B
4bd9fd35-5ef4-4900-bdbd-37786a2dcc79,ok,17891583.0,v1.16+,0.0,0.0,0.0,True,0.0,0.0,0.2358406484127044,4.0,actuator_motors,none,6593930,4734917,5.4,,C
5c92f6a7-872c-4ef9-996c-51d8f5ee7f7d,ok,17629952.0,v1.12-1.13,0.0,0.002575757575757576,0.0,True,0.013857303132296309,12.398134999999911,0.32999999999999996,6.0,actuator_outputs,bus,125362201,71237269,29.2,,B
2c32dc37-19c4-47d2-920a-5b327a7d8c8e,ok,17695488.0,v1.14-1.15,0.0,0.0,0.0,True,,,,4.0,actuator_motors,none,11900621,5436362,4.6,,C
3a39a5bd-ccf7-4068-8ffb-cf4fe6434a4f,ok,17760767.0,v1.14-1.15,0.0,0.0,0.0,True,,,,4.0,actuator_motors,none,16802890,9632967,5.3,,C
9c28c9bd-54cb-4559-8d15-b8b59814286b,ok,17695488.0,v1.14-1.15,0.0,0.030534351145038167,0.0,True,0.0018587360594795538,0.09753399999999957,0.1211746178567409,4.0,actuator_motors,none,2360981,1836755,3.0,,C
25f000db-9b27-4af5-9e29-d56dc5c87167,ok,17630207.0,v1.12-1.13,0.0,0.0,0.0,True,0.0,0.0,0.2372999999999997,6.0,actuator_outputs,per_channel,4304006,2631961,4.5,,C
8b5768c0-7864-4837-a5fe-11a0683a8ee9,ok,255.0,,0.0,0.19745222929936307,0.0,True,0.0,0.0,0.01577889919281004,4.0,actuator_motors,none,16492514,8006956,8.4,not_px4_v0,
a0e641e8-805b-4111-ba20-4b1f6afb340d,ok,17956992.0,v1.16+,0.0,0.0,0.0,True,0.0,0.0,0.08060427606105804,4.0,actuator_motors,none,24469820,12267936,11.1,,B
4ecb2274-be41-4d06-ab84-af2429a7d4db,ok,17825792.0,v1.16+,0.0,0.3317269076305221,0.0,True,0.0,0.0,0.4004054859280586,4.0,actuator_motors,none,58287102,33630814,13.7,,C
227a7d0f-1581-4e53-a568-5abdf817d24d,ok,17761023.0,v1.14-1.15,0.0,0.0,0.0,True,0.0,0.0,0.11569504439830779,4.0,actuator_motors,none,4232499,2728286,2.6,,B
ddb33a94-c846-45ef-9153-fec35dcc2c83,ok,17498240.0,v1.12-1.13,0.0,0.10294117647058823,0.0,True,,,,8.0,actuator_outputs,none,803877,515131,2.4,,C
54135d2f-a61a-4c8f-b2a1-53f9c28aee2f,ok,17891583.0,v1.16+,0.0,0.0,0.0,True,0.0,0.0,0.10471786707639694,4.0,actuator_motors,none,7377168,4729636,5.0,,C
c4e6d77e-04d4-4b27-ad7d-92ea9e2ab92b,ok,17695488.0,v1.14-1.15,0.0,0.0,0.0,True,0.0,0.0,0.0686323493719101,4.0,actuator_motors,none,4118587,2842606,4.4,,B
83bec4f4-2241-4792-9d36-543b8f1e57c8,ok,67441920.0,,0.0,0.0,0.0,True,0.002094514988872889,0.33035099999997897,0.4613333333333333,6.0,actuator_outputs,bus,19094061,10466012,8.5,not_px4_v4,
55e7b8d8-cc57-4267-b327-dbe1ea074037,ok,17630207.0,v1.12-1.13,0.0,0.0,0.0,True,0.0,0.0,0.6388571428571429,6.0,actuator_outputs,bus,10958111,5347130,12.0,,C
cc567a1a-dfe4-430f-ae64-8048546ffa32,ok,17761535.0,v1.14-1.15,0.0,0.0,0.0,True,0.0,0.0,0.20000409781932826,4.0,actuator_motors,none,39141765,25162681,16.9,,B
71cf510d-7938-4e62-8f07-82171ad8bbb2,ok,17236736.0,v1.12-1.13,0.0,0.0,0.0,False,0.13643019850309143,22.446641999999997,0.9988571428571429,6.0,actuator_outputs,global,97155072,39676490,22.2,,B
604127f9-c150-411d-b411-65f274cfe9da,ok,69617408.0,,0.0,0.0,0.0,True,,,,6.0,actuator_outputs,global,1103685,575323,4.1,not_px4_v4,
ef9a0cbb-42cb-4234-b247-31da1de97ffd,ok,17761280.0,v1.14-1.15,0.0,0.0,0.0630048465266559,True,0.06788079470198675,1.1025149999999968,0.48790006041526734,4.0,actuator_motors,none,4806629,3248570,7.9,,C
122898e6-3da4-44de-afd8-821c5b1d68e8,ok,17760256.0,v1.14-1.15,0.0,0.0,0.0,True,0.0,0.0,0.11194967627525329,4.0,actuator_motors,none,6221958,4143726,8.4,,C
b3f43893-662a-47d3-af8e-2d9792ef0174,ok,17564416.0,v1.12-1.13,0.0,0.0,0.0,True,1.0,422.196814,1.0,7.0,actuator_outputs,bus,18167488,10129222,5.7,,C
cdc5583e-f724-4e79-aead-85925ec084ad,ok,17498240.0,v1.12-1.13,0.0,0.11764705882352941,0.0,True,,,,8.0,actuator_outputs,none,1256429,704490,1.9,,C
4f5deb5a-fc75-4b40-a503-82cd7d634bf6,ok,17629952.0,v1.12-1.13,0.0,0.0,0.0,True,0.0019071163694155042,0.9997800000001007,0.315,6.0,actuator_outputs,bus,111192835,60598211,23.1,,B
e547aec2-5a80-45b6-9046-6c20b60a828b,ok,17498367.0,v1.12-1.13,0.0,0.14285714285714285,0.0,True,0.0,0.0,0.21365714285714282,6.0,actuator_outputs,global,1870533,1281351,2.0,,B
8ba92c89-8f20-4218-80d4-beb67b1586b8,ok,17433088.0,v1.12-1.13,0.0,0.0,0.0,True,,,,6.0,actuator_outputs,none,12881920,6070812,5.5,,C
fef5d44e-ea5b-4926-bf76-39563009f469,ok,17695744.0,v1.14-1.15,0.8169642857142857,0.9553571428571429,0.0,True,0.918562874251497,76.69924400000001,1.0,4.0,actuator_motors,none,3871882,2602370,3.4,,A
a84ce8ba-1212-4412-9552-9440ac806753,ok,17761535.0,v1.14-1.15,0.0,0.0,0.3509933774834437,True,0.008743101630805482,0.15698100000000004,0.480362821742892,4.0,actuator_motors,none,6038510,3638802,3.2,,C
eb456400-8803-4062-b937-ea4b4320bb59,ok,17761280.0,v1.14-1.15,0.0,0.0,0.0,True,0.9486642221058146,179.703782,1.0,4.0,actuator_motors,none,5849975,3286450,3.4,,B
f41e7dc7-249c-4631-991f-de1d49c1e3b8,ok,17630207.0,v1.12-1.13,0.0,0.0,0.0,True,0.0,0.0,0.185,6.0,actuator_outputs,per_channel,3118438,2090170,3.8,,B
cb5f5336-3768-474a-bea5-ef735c8e5109,ok,17695487.0,v1.14-1.15,0.0,0.0,0.0,True,0.0,0.0,0.34714146107435223,4.0,actuator_motors,none,23724397,14050304,10.5,,B
dd6f5312-fadc-4487-9af0-2383559a3cb1,ok,17760256.0,v1.14-1.15,0.0,0.0,0.0,True,,,,4.0,actuator_motors,none,64639861,32157914,14.8,,B
025c84cc-0621-4534-9428-08a3bf5101f4,ok,17826047.0,v1.16+,0.0,0.0,0.0,True,0.0,0.0,0.18338832855224604,4.0,actuator_motors,none,29857982,18381352,11.2,,B
275f67d2-125b-4f1d-b55d-75918abca89a,ok,17695488.0,v1.14-1.15,0.0,0.0,0.0,False,0.0,0.0,0.22660215700025643,4.0,actuator_motors,none,5761806,3578845,3.5,,B
25bb757b-205b-49a1-9ee9-1590108eb423,ok,17760384.0,v1.14-1.15,0.0,0.0,0.0,True,0.0,0.0,0.09796971976757048,4.0,actuator_motors,none,31514740,21061778,7.9,,A
4ec3997c-e5f6-4abe-92ad-1dad994e9953,ok,17695488.0,v1.14-1.15,0.03968253968253968,0.0,0.0,True,0.0032414910858995136,0.19945100000000338,0.49029540320079734,4.0,actuator_motors,none,2081733,1568188,3.7,,C
a86c8f43-56aa-45a4-bb52-00ecbc8f1ed6,ok,17760511.0,v1.14-1.15,0.0,0.0,0.0,True,,,,4.0,actuator_motors,none,23300416,12947451,8.2,,C
d721cc13-0f40-4040-9cfb-be4279fcf097,ok,17695232.0,v1.14-1.15,0.0,0.0,0.0,True,0.0,0.0,0.049126490950584384,4.0,actuator_motors,none,24250755,14796209,7.9,,B
80891879-fcfb-4c1b-bf15-1c095741ddc8,ok,17825792.0,v1.16+,0.0,0.0,0.0,True,0.0,0.0,0.1579549729824065,4.0,actuator_motors,none,4150792,2728630,3.7,,C
32f0004e-d41a-4ae0-b546-95ba35721c8e,ok,17432576.0,v1.12-1.13,0.0,0.0,0.0,False,0.0,0.0,0.2501142857142856,6.0,actuator_outputs,global,5602075,3189705,3.1,,B
3184c1b6-22d2-4eba-a06e-24b07af31824,ok,17564416.0,v1.12-1.13,0.0779816513761468,0.0871559633027523,0.2287179487179487,True,,,,6.0,actuator_outputs,none,6042047,4040071,3.1,,A
60e496f8-a8c9-46f0-bfd0-407ca1523b26,ok,17761023.0,v1.14-1.15,0.09655172413793103,0.0,0.0,True,0.0,0.0,0.14041334688663482,4.0,actuator_motors,none,3164393,2331035,4.0,,A
fcde2ae6-1e90-4f4f-bf3c-663f19593dc1,ok,17761535.0,v1.14-1.15,0.0,0.0,0.0,True,0.0,0.0,0.06776304841041564,4.0,actuator_motors,none,4237732,2946908,4.2,,A
1374b998-d0ad-4510-abcf-ab90cd0a42b7,ok,17891392.0,v1.16+,0.01938610662358643,0.0,0.0,True,0.0,0.0,0.21842997968196867,4.0,actuator_motors,none,86822609,35505491,13.9,,C
f73a3d1c-d6f1-413d-8c5b-093eb64bf514,ok,17629312.0,v1.12-1.13,0.0,0.9347826086956522,0.0,True,0.07167497125335377,0.9168770000000004,0.0169554203748703,4.0,actuator_motors,none,38017479,13458703,7.3,,A
cecd9029-d2fd-4247-8001-7434bf673ec1,ok,17891392.0,v1.16+,0.0,0.35960591133004927,0.0,False,0.005274261603375527,0.20399999999999707,0.04666858017444607,4.0,actuator_motors,none,28743732,11935833,5.9,,C
ecc4f49a-ebce-4d83-a39c-a51d9fb12c52,ok,17826047.0,v1.16+,0.0,0.0,0.0,True,0.0,0.0,0.21888116374611843,4.0,actuator_motors,none,4566153,3385008,3.4,,C
326aa2fb-c489-4509-a2c7-4536a0fb1ea7,ok,17630207.0,v1.12-1.13,0.0,0.0,0.0,True,,,,4.0,actuator_outputs,per_channel,25011385,13491430,11.1,,C
035cc92b-0e37-4633-8cf7-bff8d02df70d,ok,17630207.0,v1.12-1.13,0.0,0.0,0.0,False,0.0,0.0,0.44899999999999995,6.0,actuator_outputs,per_channel,11337728,7103190,7.6,,B
fdfbc49c-7823-4ed9-94df-e04d962d1d77,ok,17891583.0,v1.16+,0.0,0.0,0.0,True,0.0,0.0,0.3183292753994465,4.0,actuator_motors,none,17171461,11323005,8.3,,B
738b7342-5d6d-4a47-83a8-97f85efff080,ok,17761280.0,v1.14-1.15,0.009861932938856016,0.0,0.0,True,0.0,0.0,0.13613814413547506,4.0,actuator_motors,none,54443173,34477856,15.0,,C
ed52a2ab-f40e-4c69-9304-71bdbf8c2936,ok,17891583.0,v1.16+,0.0,0.0,0.0,True,0.03877005347593583,1.899642,0.40511095151305193,4.0,actuator_motors,none,3541193,2632547,2.9,,A
f132cbe2-d342-49df-a8d5-8a7c156e6f9c,ok,17694848.0,v1.14-1.15,0.0,0.0,0.0,True,0.0,0.0,0.1290144473314285,4.0,actuator_motors,none,4050162,2664185,3.3,,A
0b7ca6ad-a5b4-4382-b0fa-6be83218c520,ok,17695743.0,v1.14-1.15,0.005454545454545455,0.0,0.0,True,5.1385481032334316e-05,0.010503999999997404,0.11274661719799037,4.0,actuator_motors,none,34408859,18217511,12.3,,B
e81ab0c8-31a2-4a1c-85ef-279f6e158914,ok,17891583.0,v1.16+,0.0,0.0,0.0,True,0.020493712156497437,1.1970809999999688,0.43239789009094237,4.0,actuator_motors,none,17893360,11745708,14.0,,A
a2a598cf-5654-4d25-bea0-9c7d83e6b780,ok,17771007.0,v1.14-1.15,0.055248618784530384,0.0,0.0,True,0.0002933534489984075,0.020995999999996684,0.2769285187125206,4.0,actuator_motors,none,21249130,9702723,6.1,,A
4ec71427-b576-462d-82e3-c1bc75306d41,ok,17826047.0,v1.16+,0.0,0.0,0.0,False,0.0005755880882335841,0.3444529999999304,0.13646463155746458,4.0,actuator_motors,none,68805028,39474024,19.8,,B
fe897738-b693-498b-8eb8-4626b9aa9327,ok,17760384.0,v1.14-1.15,0.0,0.0,0.0,True,0.0,0.0,0.3046840742230414,4.0,actuator_motors,none,14935326,9403915,6.1,,A
6d3c1041-2331-470b-8c48-915b069735ca,ok,17761535.0,v1.14-1.15,0.028985507246376812,0.0,0.0,True,,,,4.0,actuator_motors,none,2433097,1773016,8.9,,A
4c6d758d-6688-4c24-8f16-73341e599f3b,ok,17826240.0,v1.16+,0.034482758620689655,0.0,0.0,True,0.0,0.0,0.3537606552243232,4.0,actuator_motors,none,3115121,2540037,5.0,,C
b29fb584-7c9a-48d4-8016-ae175cdc6dff,ok,17629696.0,v1.12-1.13,0.0,0.0,0.0,True,0.0,0.0,0.146,6.0,actuator_outputs,per_channel,31993716,17234953,21.5,,B
cc20e732-0387-42e4-899f-8a4e98c47d10,ok,17761023.0,v1.14-1.15,0.0,0.0,0.0,True,0.0,0.0,0.18044466078281401,4.0,actuator_motors,none,41187145,23441970,21.7,,C
a3692935-60c7-43a8-9cce-b02879a9cce8,ok,33758463.0,,0.3564356435643564,0.0,0.002053388090349076,True,0.40555951532430506,15.559653000000004,0.9,4.0,actuator_outputs,global,5434986,2837119,3.7,not_px4_v2,
45eefca7-bfd5-4706-befd-0e99e1f97aa1,ok,18286080.0,v1.16+,0.0,0.0,0.0,True,0.0,0.0,0.21066666666666667,6.0,actuator_outputs,bus,193536573,90385102,41.1,,C
198c332b-35a7-4abd-af7d-a36a21c2557b,ok,17826559.0,v1.16+,0.0,0.0,0.0,True,0.0010638297872340426,0.10250299999999868,0.21919280439615235,4.0,actuator_motors,none,14819457,9613443,4.9,,B
f2432893-a843-4bfe-a03e-1cbaa0594897,ok,17498880.0,v1.12-1.13,0.0,0.0,0.0,True,,,,6.0,actuator_outputs,none,3868260,2168966,2.5,,B
a1c9be68-6bf1-48c4-bf04-c96dac15a291,ok,17630207.0,v1.12-1.13,0.0,0.0,0.0,True,0.0,0.0,0.19399999999999995,6.0,actuator_outputs,per_channel,4324881,2591956,3.1,,C
7cd73314-f736-4e83-859f-659558db07aa,ok,16777471.0,v1.12-1.13,0.0,0.0,0.0,True,0.0,0.0,0.4885335430502891,4.0,actuator_motors,none,31535878,13728933,7.7,,B
ebab304c-8373-4b27-a946-30453b279b2d,ok,17761535.0,v1.14-1.15,0.02734375,0.0,0.0,True,0.0,0.0,0.2861600026488304,4.0,actuator_motors,none,5272192,3722661,7.5,,A
57d569c7-c5dc-4c15-9620-37a2f1ec5bf1,ok,17760768.0,v1.14-1.15,0.0,0.0,0.0,True,0.0,0.0,0.0828125923871994,4.0,actuator_motors,none,8580940,4664431,8.2,,B
5069b6cf-11b4-4ada-8034-d2c0b4a322f7,ok,17761280.0,v1.14-1.15,0.0,0.0,0.0,True,0.0,0.0,0.2070283591747284,4.0,actuator_motors,none,30064944,18737786,9.2,,A
886cac0b-4906-4d15-ad78-baa8a1a64eaa,ok,17891583.0,v1.16+,0.0,0.0,0.0140485312899106,True,0.013145868360772278,1.567500999999993,0.29474955797195435,4.0,actuator_motors,none,48382717,25639634,12.4,,B
ad3730a4-af72-475f-bdaa-c489926615ff,ok,17761535.0,v1.14-1.15,0.0,0.0,0.0,True,0.0,0.0,0.12009646743535995,4.0,actuator_motors,none,3592779,2559133,2.6,,C
b0b9739c-4623-40a4-85ef-c1d295cb9fe3,ok,17760320.0,v1.14-1.15,0.0,0.0,0.0,True,,,,4.0,actuator_motors,none,5589349,3365450,2.7,,B
f7d34ab1-a727-4abc-a57f-f868fd3e9977,ok,17564416.0,v1.12-1.13,0.0,0.0,0.0,True,0.0022701475595913734,0.10028799999999904,0.7851428571428571,12.0,actuator_outputs,bus,5444221,3776306,3.2,,C
0cfab7c8-f38d-4315-a6f1-c133f66b56be,ok,17760256.0,v1.14-1.15,0.024518388791593695,0.0,0.0,True,0.0,0.0,0.30153498649597166,4.0,actuator_motors,none,11617759,7250679,3.4,,A
9ce5d759-53b5-4520-9074-cffb20819e71,ok,17761280.0,v1.14-1.15,0.0,0.0,0.0,True,0.0,0.0,0.39259575009345943,4.0,actuator_motors,none,2239652,1681483,2.3,,B
3143275f-8f58-4619-ac11-30df1be2895d,ok,17825984.0,v1.16+,0.0,0.0,0.0,True,0.02361111111111111,1.297665,0.24280926585197402,4.0,actuator_motors,none,3272789,2537480,3.1,,C
4f1e4a7f-7cd9-433d-9459-5be1f1a482aa,ok,17564159.0,v1.12-1.13,0.0,0.0,0.0,True,0.0,0.0,0.476,6.0,actuator_outputs,bus,8751757,4338312,7.0,,B
b5727847-0625-4c37-8567-75be43eccbd3,ok,17760384.0,v1.14-1.15,0.0,0.0,0.0,True,0.0,0.0,0.13428894877433778,4.0,actuator_motors,none,11907470,7428981,10.9,,B
9e7a6690-fa74-427f-80d5-180467372117,ok,17564416.0,v1.12-1.13,0.0,0.0,0.0,True,,,,4.0,actuator_outputs,bus,61865984,33943014,12.0,,C
24bd8054-c9fe-4329-ab73-50dcdd575f77,ok,17695488.0,v1.14-1.15,0.0,0.0,0.0,True,0.0,0.0,0.30626764893531794,4.0,actuator_motors,none,2850738,2037398,2.5,,C
7477fbd8-acb6-4c40-93a0-d9c27427899a,ok,17761280.0,v1.14-1.15,0.0,0.0,0.0,True,0.0,0.0,0.10627368837594986,4.0,actuator_motors,none,40949019,15948678,9.6,,C
d404cfa8-ee96-4651-80a9-d4c74b66ce2e,ok,17695488.0,v1.14-1.15,0.06552706552706553,0.0,0.0,True,0.06838106370543542,11.701189,0.9999999393106098,4.0,actuator_motors,none,8273097,5371842,3.3,,C
fbe173a0-3aa3-47ee-b166-8b08c18385a0,ok,17694720.0,v1.14-1.15,0.030303030303030304,0.0,0.10227272727272728,False,0.0,0.0,0.23731404542922907,4.0,actuator_motors,none,4303698,1546497,2.4,,C
9bf58a70-9650-4ccd-b99c-3a7a43ed48b4,ok,17695744.0,v1.14-1.15,0.1518987341772152,0.0,0.0,True,0.725705329153605,9.300667000000004,1.0,4.0,actuator_motors,none,2902563,2065520,2.8,,B
b2a255e0-924d-478a-bf67-93938cfe3da1,ok,17761535.0,v1.14-1.15,0.375,0.0,0.0,True,0.0,0.0,0.32349800765514375,4.0,actuator_motors,none,6053972,3994007,3.5,,A
b352eb61-57b2-4219-b08c-d0bcf797e9f3,ok,17761023.0,v1.14-1.15,0.0,0.0,0.0,True,,,,4.0,actuator_motors,none,4595913,2918489,2.8,,B
d8344a60-31e3-4d97-97d9-bc3e43af9781,ok,17826559.0,v1.16+,0.0,0.0,0.0,False,0.005827505827505828,0.5001669999999976,0.23541987538337705,4.0,actuator_motors,none,3670016,2799076,2.9,,C
81b91c81-7238-42e1-8b8d-79d7021d5023,ok,17695743.0,v1.14-1.15,0.0,0.0,0.0,True,0.0,0.0,0.23240792155265805,4.0,actuator_motors,none,2647906,2039201,2.9,,C
fc6bb66d-ed86-454a-99d3-6520ea1fce05,ok,17695743.0,v1.14-1.15,0.0,0.0,0.0,True,0.0,0.0,0.08178723752498634,4.0,actuator_motors,none,16800729,12005736,9.5,,A
05be569c-4ba8-47ad-9879-f3173995baef,ok,17629951.0,v1.12-1.13,0.0,0.0,0.0,True,0.0,0.0,0.15400000000000003,6.0,actuator_outputs,per_channel,7299192,4407791,5.0,,C
52b9cddd-9200-4333-b9e1-edb56cd34158,ok,17695488.0,v1.14-1.15,0.45038167938931295,0.0,0.08177905308464849,True,0.0008418520745640408,1.0983699999999317,0.46306254714727396,4.0,actuator_motors,none,89217341,43866807,22.5,,B
730ec94c-abaa-48bb-bebf-743eb43eb3ba,ok,17891392.0,v1.16+,0.0,0.01327433628318584,0.0,True,0.0,0.0,0.3145506814122199,4.0,actuator_motors,none,26077205,16872799,11.9,,A
2ce3b0b8-ba0c-4db0-a4a3-2180314b2696,ok,17629695.0,v1.12-1.13,0.0,0.0,0.0,True,0.0,0.0,0.3317650929093361,4.0,actuator_motors,none,51432289,34623463,12.9,,B
e644499b-6db1-4e86-856a-2c8b3c402220,ok,17891583.0,v1.16+,0.0,0.0,0.0,True,0.3238566131025958,1.5001549999999995,0.6177445173263545,4.0,actuator_motors,none,3438045,2490115,2.6,,A
cf6a8d48-cb8a-410c-bb8c-c73504868956,ok,17629696.0,v1.12-1.13,0.0,0.0,0.0,True,,,,,none,none,7840512,5200889,4.6,,B
3dbf1e2a-1b73-4420-9cd3-24be7db3554a,ok,17761535.0,v1.14-1.15,0.0,0.0,0.0,True,0.0,0.0,0.07743898332118986,4.0,actuator_motors,none,14617200,9016762,9.3,,B
3aedd05e-096c-44c7-aea7-29bc0a57e593,ok,767.0,,,,0.014730405780989438,False,0.7395543175487466,326.400011,1.0,4.0,actuator_motors,none,43143289,19910687,10.5,not_px4_v0,
1040a322-9fbf-4620-8e8c-f40026d3232a,ok,17760768.0,v1.14-1.15,0.0,0.0,0.0,True,0.0,0.0,0.1423230051994324,4.0,actuator_motors,none,3376316,2611025,2.9,,A
c20a8ea0-1087-44df-a647-4c1c73533593,ok,17695743.0,v1.14-1.15,0.0,0.0,0.0,True,0.0,0.0,0.19486010968685155,4.0,actuator_motors,none,26582210,18652194,10.2,,A
6e9df7ff-fffb-4bed-b87c-aa37fef50db8,ok,16842880.0,v1.12-1.13,0.0,0.0,0.0,True,0.0,0.0,0.3472642004489898,4.0,actuator_motors,none,9689432,6014279,5.8,,C
25383ed4-9517-4648-82f1-27e2b39ff6cd,ok,17694975.0,v1.14-1.15,0.0,0.0,0.0,True,,,,4.0,actuator_motors,none,85765293,41001231,14.2,,B
a4ac869f-6f57-4ac3-91ec-63b1997596b8,ok,17826240.0,v1.16+,0.0,0.0,0.0,True,0.6753393665158371,29.900577,1.0,4.0,actuator_motors,none,3941946,2772171,3.2,,B
f80eedd6-c0d4-4ef3-97a1-3712d902a5da,ok,17629951.0,v1.12-1.13,0.0,0.0,0.0,True,0.0,0.0,0.0,6.0,actuator_outputs,bus,9660938,5690685,10.8,,C
b33139e7-f2c7-42ee-86b9-353fbdfb05af,ok,17891392.0,v1.16+,0.0,0.0,0.0,True,,,,4.0,actuator_motors,none,20019093,10794292,22.4,,B
cdf26a03-76d4-438c-8216-478a80043e15,ok,17761280.0,v1.14-1.15,0.0,0.16,0.0,True,5.715265474081271e-05,0.0029480000000035034,0.3314113751053809,4.0,actuator_motors,none,25461793,7862304,13.1,,B
d5c5967c-378a-4740-8885-4b6f97329e54,ok,17826047.0,v1.16+,0.0,0.0,0.0,True,0.0,0.0,0.15324142575263977,4.0,actuator_motors,none,111945329,41181691,22.6,,A
007b1dc9-f39b-45c1-80e3-4189a9e9296e,ok,17761535.0,v1.14-1.15,0.0,0.5606936416184971,0.117096018735363,True,0.03598014888337469,1.900551,0.2768341451883316,4.0,actuator_motors,none,4030897,3186519,3.3,,B
433f67a4-17ad-4845-81ce-835e43193268,ok,16779520.0,v1.12-1.13,0.0,0.0,0.0,True,0.0,0.0,0.207602858543396,4.0,actuator_motors,none,6290166,3626866,3.7,,B
a6cb104b-3160-4d4d-9e71-90582fc91269,ok,17694976.0,v1.14-1.15,0.0,0.0,0.0,True,0.0028328611898017,0.10010600000001091,0.18028050065040585,4.0,actuator_motors,none,6163687,4090834,3.5,,C
ccedafda-044e-45c4-b13d-e107f0273d92,ok,17694975.0,v1.14-1.15,0.0,0.0,0.0,True,0.4841875681570338,11.000652,0.999999878362143,2.0,actuator_motors,none,3784300,2302583,2.4,,A
e3d23196-2cbb-42ac-a033-cce2130d1286,ok,,,0.0,0.010731707317073172,0.0,False,0.0,0.0,0.5,6.0,actuator_outputs,global,19799236,7511306,7.9,missing_ver_sw,
59f82431-e77b-4190-9f28-063595e00538,ok,17761280.0,v1.14-1.15,0.0,0.0,0.0,True,0.0004432624113475177,0.029091000000001088,0.29381556808948517,4.0,actuator_motors,none,14492588,9279057,15.9,,B
1d0cded3-fdd2-4579-8823-8fd7590462c5,ok,17761280.0,v1.14-1.15,0.0,0.0,0.0,True,0.0,0.0,0.18233155235648144,4.0,actuator_motors,none,38318679,24007198,17.0,,B
ed8cba58-a98e-4eeb-b205-ad8339c0e5db,ok,17760768.0,v1.14-1.15,0.0,0.0,0.0,True,0.0,0.0,0.1135411858558655,4.0,actuator_motors,none,54672322,15146366,16.7,,A
cf699e47-890c-4d83-be5f-409d94ab2f78,ok,17891583.0,v1.16+,0.0,0.0,0.0,True,0.0,0.0,0.47180530219338834,4.0,actuator_motors,none,4235083,3153352,3.5,,A
65a5d9e5-9001-40c4-81ae-646821d18f50,ok,17826047.0,v1.16+,0.0,0.0,0.0,True,0.0,0.0,0.12800755500793454,4.0,actuator_motors,none,6831339,4323239,4.7,,C
085f7a67-269d-4f54-84cd-e94b36de7c3f,ok,17629952.0,v1.12-1.13,0.0,0.0,0.0,True,0.0033277870216306157,0.10296799999999706,0.6821347549557686,4.0,actuator_motors,none,2297214,1626987,3.0,,C
9f74da2d-291a-44c9-903a-c5495eb15101,ok,17629952.0,v1.12-1.13,0.12225705329153605,0.0,0.0,True,0.0,0.0,0.17400076836347564,4.0,actuator_motors,none,6804243,4361757,4.7,,B
aefa5299-8f4c-4e41-aed1-ebff49c05208,ok,17826559.0,v1.16+,0.0,0.0,0.0,True,0.007575757575757576,0.10836500000000626,0.4714339151978492,4.0,actuator_motors,none,5807474,4101413,4.4,,B
2bd1a2d8-68e5-4f7d-8294-9a9e098f01f4,ok,17499135.0,v1.12-1.13,0.0,0.0,,True,0.0,0.0,0.40700000000000003,8.0,actuator_outputs,global,28308016,15749082,38.0,,B
0f45bb8e-713a-4bc6-9fd3-47f598c7e461,ok,17695743.0,v1.14-1.15,0.0,0.0,0.0,True,0.0,0.0,0.3453260838985442,4.0,actuator_motors,none,3902979,2933899,24.0,,B
036aa6c2-cd34-4e12-9994-a4ccf4c238f1,ok,17761280.0,v1.14-1.15,0.0,0.17159763313609466,0.0,False,0.9077380952380952,10.0,0.7337115556001663,4.0,actuator_motors,none,26762232,8450303,31.7,,B
c8b3aec5-645b-41e2-96a3-b38a4b6f6095,ok,17695744.0,v1.14-1.15,0.14935064935064934,0.0,0.0,True,0.5949764521193093,3.298082000000001,1.0,4.0,actuator_motors,none,2873019,2049580,2.8,,C
d8b7b132-d6d8-4e0e-9918-c5d367781f26,ok,17826047.0,v1.16+,0.0,0.0,0.0,False,0.0,0.0,0.22616247832775116,4.0,actuator_motors,none,2653440,2136639,3.3,,B
7bb78d27-b828-425b-8a3e-0f25196679b7,ok,17695488.0,v1.14-1.15,0.0,0.0,0.0,True,0.0,0.0,0.15916354209184616,4.0,actuator_motors,none,8552566,5327738,3.8,,B
b2f69f88-4989-41c3-a9be-a4b3e47fb333,ok,17891392.0,v1.16+,0.06304985337243402,0.0,0.0,True,0.008525686315927483,1.601823999999965,0.18532036840915678,4.0,actuator_motors,none,175237328,79741127,48.5,,C
e7cf473f-7d7c-4888-b6f8-5d343cd8845a,ok,17695488.0,v1.14-1.15,0.0,1.0,0.0,True,,,,,actuator_motors,none,6822450,4509116,5.0,,B
98ca96e8-1dbc-4152-ba74-4603b546d2f5,ok,17891583.0,v1.16+,0.0,0.0,0.0,True,0.0,0.0,0.1319123923778534,4.0,actuator_motors,none,8362801,5565889,5.1,,C
03d7391c-2e65-4dc6-82a3-a791023f8657,ok,16777984.0,v1.12-1.13,0.0,0.0,0.0,True,0.0,0.0,0.14078681766986845,4.0,actuator_motors,none,14909786,8829960,5.3,,B
251da81a-b68a-420c-9585-4c54a1ec111c,ok,17760256.0,v1.14-1.15,0.0,0.0,0.0,True,0.6309586170770036,56.799634,1.0,4.0,actuator_motors,none,15322336,9499725,5.9,,C
d03299a0-b033-4e9e-a418-cfa96054ee3e,ok,17630207.0,v1.12-1.13,0.030303030303030304,0.030303030303030304,0.0,True,0.0,0.0,0.5,6.0,actuator_outputs,per_channel,5252942,2960578,2.8,,B
ee8f51f1-b949-478f-9aea-9331dbfe365d,ok,17760767.0,v1.14-1.15,0.0,0.0,0.0,True,0.024944567627494457,0.30165599999997994,0.8958600071941525,4.0,actuator_motors,none,12958658,8148320,5.1,,C
7861d00d-3926-45ec-8529-bb855bf89f73,ok,17629696.0,v1.12-1.13,0.0,0.0,0.0,True,0.0,0.0,0.3761439613546867,4.0,actuator_motors,none,13429713,7991248,5.3,,B
f0220092-c33a-4b65-8746-697b1ed43af6,ok,17761023.0,v1.14-1.15,0.0,0.0,0.0,True,0.0,0.0,0.317098818719387,4.0,actuator_motors,none,3226770,2616955,2.7,,C
f836792a-412b-439a-928e-2735f510480a,ok,17694975.0,v1.14-1.15,0.2718676122931442,0.05673758865248227,0.05,True,0.056651673141143596,6.257988000000012,0.5286537721753117,4.0,actuator_motors,none,24257060,13722327,7.9,,B
0821d7f2-f8e8-487a-9b95-a98804e1a948,ok,17630207.0,v1.12-1.13,0.0,0.0,0.0,True,0.0,0.0,0.3223,6.0,actuator_outputs,per_channel,3327384,2371111,8.3,,C
b55dc38c-b90f-424f-a18b-b1622e9383ae,ok,17630207.0,v1.12-1.13,0.0,0.0,0.0,True,0.0,0.0,0.265,6.0,actuator_outputs,per_channel,21114952,11781213,14.3,,C
93e952b8-9b67-483b-9e7f-833a437f2557,ok,17694912.0,v1.14-1.15,0.4950276243093923,0.0,0.003952569169960474,True,0.0,0.0,0.2766235649585723,4.0,actuator_motors,none,40635238,25403821,12.1,,B
24eb7822-b7f4-4b58-b357-ff020caf3cc1,ok,17760256.0,v1.14-1.15,0.0,0.0,0.0,True,0.0,0.0,0.15302838385105133,4.0,actuator_motors,none,2815488,2396429,1.8,,B
753d641e-5a00-449f-a2f2-1f3944ede1ef,ok,17761280.0,v1.14-1.15,0.007053291536050157,0.0,0.0,False,0.0,0.0,0.16945996880531305,4.0,actuator_motors,none,71739745,44086891,19.2,,B
835a80ed-b37a-4c7b-ad8f-f0e2261d7de5,ok,17761023.0,v1.14-1.15,0.0,0.0,0.0,True,0.0,0.0,0.2917844980955124,4.0,actuator_motors,none,5650980,4131984,2.8,,C
d5638ba5-cb4d-4397-b84d-92456841444f,ok,17761280.0,v1.14-1.15,0.0,0.0,0.0,True,0.0,0.0,0.15186602920293804,4.0,actuator_motors,none,2740694,2346176,2.9,,C
b7a79b24-25d4-44b1-948c-9903bd0cc8a0,ok,17629952.0,v1.12-1.13,0.0,0.0,0.0,True,0.0,0.0,0.14892415702342987,8.0,actuator_motors,none,4799324,3197279,2.7,,B
e9ab5fdb-ee3d-425d-bf50-31c8d2ac3363,ok,17629952.0,v1.12-1.13,0.0,0.0,0.0,True,0.0,0.0,0.1252707652747631,4.0,actuator_motors,none,4934119,2915720,3.0,,C
14bcae76-e316-4588-9cd5-c121066c2cc5,ok,17826048.0,v1.16+,0.0,0.0,0.0,True,0.0,0.0,0.14882014691829676,4.0,actuator_motors,none,23170518,6427627,7.6,,C
37ec19b0-6a51-4576-acd3-451e20fad888,ok,17826047.0,v1.16+,0.0,0.0,0.0,True,0.0006733581634156093,0.013754999999996187,0.4348382338881494,4.0,actuator_motors,none,19761506,12239513,8.4,,B
6aecf1b7-7eb5-46f5-857e-34ebb33a4d0c,ok,17629696.0,v1.12-1.13,,,0.0,True,0.0018063583815028901,0.3004110000000537,0.3789614289999008,4.0,actuator_motors,none,48125530,24419180,10.1,,C
e521b3e1-665c-41f5-ab6e-04304b511a52,ok,17629952.0,v1.12-1.13,0.0,0.0,0.0,False,0.0,0.0,0.21000000000000002,6.0,actuator_outputs,per_channel,8226496,5122538,5.6,,B
4c6101bd-528c-4552-bded-cdbf026d2ddc,ok,17761280.0,v1.14-1.15,0.03571428571428571,0.0,0.0,False,0.016535740636257106,2.137252000000018,0.12246704548597334,4.0,actuator_motors,none,18073540,11399259,12.6,,C
7ea569f6-a59e-4317-b1a8-a350a7ff2050,ok,17761535.0,v1.14-1.15,0.0,0.0,0.0,True,0.004007285974499089,0.2000019999999978,0.22555876970291125,4.0,actuator_motors,none,11602135,7697751,7.5,,B
ee49fb99-10c0-4eb7-9426-74d520c564fe,ok,17630207.0,v1.12-1.13,0.0,0.0,0.0,True,0.0,0.0,0.15368436127901075,4.0,actuator_motors,none,34323548,19955668,12.9,,B
a0d0fed6-6072-4b6a-9623-beaa419d7970,ok,17826047.0,v1.16+,0.0,0.0,0.0,True,0.0,0.0,0.26904184743762016,4.0,actuator_motors,none,97033263,31147094,22.6,,B
b69bd985-a6ac-40bf-9595-a4bea76a0d8f,ok,17629184.0,v1.12-1.13,0.0,0.0,0.0,True,0.0,0.0,0.2032307692307691,6.0,actuator_outputs,bus,2750486,1853764,2.3,,C
c8fff0d6-3f7d-4963-b32a-053cacd3f474,ok,17761535.0,v1.14-1.15,0.0,0.41081081081081083,0.0,True,0.21910112359550563,0.4021370000000104,0.5765017747879028,4.0,actuator_motors,none,3615322,2679696,3.0,,B
0c32cb02-3c1c-4229-be43-67534a0cdfea,ok,17760256.0,v1.14-1.15,0.0,0.0,0.0,True,,,,4.0,actuator_motors,none,19585336,10223286,5.1,,B
ac2d27c5-9609-4fcc-977a-e5c5a055bd74,ok,17367040.0,v1.12-1.13,0.0,0.0,0.0,True,0.0,0.0,0.17151448428630825,4.0,actuator_motors,none,16331305,9806969,5.6,,A
8bf45ed3-d9e0-41b4-a80c-ba7ab473bcf9,ok,17760768.0,v1.14-1.15,0.0,0.0,0.0,True,0.04087193460490463,0.7040000000000077,0.26634305715560913,4.0,actuator_motors,none,26494541,12164308,12.6,,C
3b389a56-dd41-40e3-ac40-d5c950d1210b,ok,17825984.0,v1.16+,0.0,0.0,0.0,True,0.04908835904628331,1.4999999999999998,0.4978766202926633,4.0,actuator_motors,none,22633902,9382089,6.6,,C
a3001a07-221c-44ce-a250-020c0e517bcc,ok,16777984.0,v1.12-1.13,0.0,0.0,0.0,True,0.0,0.0,0.24644656479358673,4.0,actuator_motors,none,6045019,4074133,6.1,,C
85c87a76-68d8-472d-879b-bcc6a7f74091,ok,17695488.0,v1.14-1.15,0.0,0.0,0.0,True,0.0,0.0,0.1536311998963355,4.0,actuator_motors,none,8042034,4662740,12.9,,A
f386caa8-c372-40e0-b1c5-4687f8d614b7,ok,17826559.0,v1.16+,0.8752166377816292,0.0,0.0,False,0.9168886978942845,1012.2008250000001,1.0,4.0,actuator_motors,none,48845504,28860287,14.2,,B
411b4237-d205-43d5-85c3-661602872c36,ok,17629952.0,v1.12-1.13,0.0,0.027160493827160494,0.0,True,0.0,0.0,0.47964999999999985,6.0,actuator_outputs,per_channel,7619561,4900826,17.4,,B
748f101c-5b14-48d1-8f54-706a7346b9e1,ok,17761280.0,v1.14-1.15,0.0,0.0,0.0,True,0.0,0.0,0.18423472344875347,4.0,actuator_motors,none,33134279,9524334,17.3,,C
64421946-1555-4ded-9f4e-a753e06b8e69,ok,67441920.0,,0.0027624309392265192,0.0,0.10238532110091743,False,0.09466046511627907,11.818589000000088,1.0,6.0,actuator_outputs,bus,62695522,34502823,23.8,not_px4_v4,
95031977-f4fb-45f4-99e3-6663105e9ed4,ok,17629696.0,v1.12-1.13,,,0.0,True,0.0034399286533316345,0.6972460000000069,0.4739418685436247,4.0,actuator_motors,none,78258422,38201035,19.3,,B
bdfe58ba-788a-442d-8ce1-5f13c17a7bc3,ok,17760384.0,v1.14-1.15,0.0,0.0,0.0,True,0.0,0.0,0.1395858764648438,4.0,actuator_motors,none,13378613,9103203,4.1,,B
a3eabc10-c206-42e7-8e6a-4ff57b528dcd,ok,17695743.0,v1.14-1.15,0.0,0.0,0.0,True,0.0012978585334198572,0.1987489999999923,0.48691272735595703,4.0,actuator_motors,none,6468025,4435526,3.6,,A
87eb82c5-1137-4a57-b6ec-2a59ffe9d793,ok,17564671.0,v1.12-1.13,0.0,0.15625,0.08047690014903129,True,0.009969325153374233,0.6005190000000056,0.3516571428571426,6.0,actuator_outputs,bus,4796058,3136246,4.4,,B
8edaef07-3610-4940-8c63-15e102f5fcaa,ok,17694720.0,v1.14-1.15,0.0,0.0,0.053347280334728034,True,0.0,0.0,0.2467944324016571,4.0,actuator_motors,none,26703555,7505048,4.9,,C
1aecf27f-31b0-4618-ab2d-57a8ca5f2eed,ok,17695488.0,v1.14-1.15,0.0,0.0,0.0,True,0.0,0.0,0.2954518381506205,4.0,actuator_motors,none,3749435,2434855,2.8,,B
b15282b6-0b7a-4752-a2f9-1be6783aad39,ok,17695488.0,v1.14-1.15,0.0,0.0,0.0,True,,,,4.0,actuator_motors,none,10813440,6075659,3.6,,B
82da5b9d-8ee9-4acc-82f6-a54b08a8b9dc,ok,17760256.0,v1.14-1.15,0.0,0.0,0.0,True,0.0,0.0,0.09543430507183064,4.0,actuator_motors,none,8997903,6643425,8.4,,C
b898764e-e214-45d9-b956-316b08a6fe4d,ok,17629952.0,v1.12-1.13,0.0,0.0,0.0,True,0.0,0.0,0.26782891154289246,4.0,actuator_motors,none,27317702,17072348,8.8,,C
8c6db644-5877-4020-a9c6-3e347450e6dd,ok,17695488.0,v1.14-1.15,0.04565217391304348,0.0,0.0,True,0.0,0.0,0.028879123926162716,2.0,actuator_motors,none,25322460,14326374,7.7,,B
a80a4f91-41d2-4c16-88b4-58855b45217f,ok,17826047.0,v1.16+,0.0,0.0,0.0,True,0.0,0.0,0.19224610924720764,4.0,actuator_motors,none,15428392,7311580,7.6,,C
56532940-0d06-419a-8e67-71886fa9ade3,ok,17891392.0,v1.16+,0.0,0.1,0.0,False,0.0014367816091954023,0.09999999999999964,0.020135298371315002,4.0,actuator_motors,none,17724050,9058097,8.2,,B
203565b0-ed6a-4a66-8ea9-a38a27adb85b,ok,17760512.0,v1.14-1.15,0.0,0.029525032092426188,0.0,True,0.0,0.0,0.1774318516254425,4.0,actuator_motors,none,13747688,8398053,7.8,,C
9dd25c79-fc1b-42d4-94db-e433b517bb79,ok,34424576.0,,0.0,0.6827309236947792,0.0,True,0.031705227077977724,1.2976400000000012,0.6808774028250589,4.0,actuator_motors,none,7236514,4186593,4.1,not_px4_v2,
455780ab-f182-4b2c-be66-68f835534a12,ok,17826047.0,v1.16+,0.0,0.0,0.0,True,0.0,0.0,0.4784931108355522,4.0,actuator_motors,none,5274343,3870869,4.8,,C
dfb0d8f1-7ec6-41c1-9be6-3066b2b7ae2e,ok,17761280.0,v1.14-1.15,0.06451612903225806,0.0,0.0,True,0.0,0.0,0.7010593518164762,4.0,actuator_motors,none,3692726,2194406,8.7,,C
dde11ade-e4db-4724-9126-d91487a21948,ok,17564671.0,v1.12-1.13,0.04455445544554455,0.0,0.0,True,,,,6.0,actuator_outputs,none,12215238,6615262,9.7,,B
69ff2381-d50e-453c-a014-3bf93ffc4172,ok,17761535.0,v1.14-1.15,0.0,0.0,0.0,True,0.008445575395954898,0.42464899999998806,0.38642233014106747,4.0,actuator_motors,none,35315096,22579701,15.1,,A
d2911b65-0cb1-45a9-93a6-5e0a67eae6db,ok,17694720.0,v1.14-1.15,0.0,0.004381161007667032,0.0,True,0.0,0.0,0.09821236729621888,4.0,actuator_motors,none,174003009,54824967,33.2,,A
8d9286de-f1c1-4c39-9686-75cd2175b0da,ok,17171712.0,v1.12-1.13,0.08404315729699034,0.0,0.002310803004043905,False,0.0,0.0,0.0,4.0,actuator_outputs,global,13090816,6862095,4.9,,A
bc34b29a-2691-473b-abf5-afa03fca2b07,ok,17695488.0,v1.14-1.15,0.0,0.0,0.0,True,0.0,0.0,0.31525860428810115,4.0,actuator_motors,none,3129502,2534382,3.9,,C
6be2bbd0-34ad-49ea-8e3b-a060a6f1686f,ok,17694975.0,v1.14-1.15,0.0,0.0,0.0,True,0.0,0.0,0.2726832866668702,4.0,actuator_motors,none,17136276,10802299,5.1,,C
a0049cec-4343-42eb-847b-6503057b48ff,ok,17826240.0,v1.16+,0.0,0.0,0.0,True,0.0,0.0,0.3902540847659111,4.0,actuator_motors,none,4044771,3046790,2.5,,B
8a572619-945e-4057-b1f7-41f5af2e23eb,ok,17761280.0,v1.14-1.15,0.0,0.0,0.0875,True,0.3294314381270903,5.498750000000001,0.8228242922574278,4.0,actuator_motors,none,3440146,2547573,3.2,,B
9ee0a52e-7c4b-428b-88c7-05aebd8f6d63,ok,17694975.0,v1.14-1.15,0.0,0.0,0.0,True,0.0,0.0,0.4445609748363495,4.0,actuator_motors,none,20833283,11318365,7.6,,C
6677d02f-71b1-405b-b7f8-871e16abbbc5,ok,17761280.0,v1.14-1.15,0.0,0.0,0.0,True,0.0,0.0,0.2309113204479217,4.0,actuator_motors,none,15237696,9774379,6.8,,B
f0d8e9a2-690f-40e2-aa08-6d6de897976b,ok,17761535.0,v1.14-1.15,0.0,0.0,0.0,True,0.0,0.0,0.2453986406326294,4.0,actuator_motors,none,24373585,15449100,10.0,,B
ba253d0b-d72e-4533-9996-33e7406f7305,ok,17629951.0,v1.12-1.13,0.0,0.0,0.0,False,0.0,0.0,0.425,6.0,actuator_outputs,per_channel,54105310,21735516,13.8,,B
84f62071-d869-481f-950e-6a79365a46e8,ok,17760511.0,v1.14-1.15,0.0,0.07017543859649122,0.0,True,0.0,0.0,0.12303724884986877,4.0,actuator_motors,none,20442596,8458854,12.0,,B
626c39b4-76fe-41e6-b006-46aeb5408a2b,ok,17760511.0,v1.14-1.15,0.0,0.0,0.0,True,0.0,0.0,0.47635123133659363,4.0,actuator_motors,none,3234023,2449643,3.4,,A
0fdcf0a6-c6bd-41bf-9d10-bde34a837f42,ok,17630207.0,v1.12-1.13,0.0,0.0,0.0,True,0.0,0.0,0.172,6.0,actuator_outputs,per_channel,7131548,3660279,4.1,,B
c1506e1f-9ee3-4640-b073-1483605b9e32,ok,17629951.0,v1.12-1.13,0.0,0.0,0.0,True,1.0,101.302202,1.0,4.0,actuator_outputs,per_channel,3696160,2389900,3.7,,A
7cb1a6ac-df54-4961-b94e-527464ee951f,ok,17761024.0,v1.14-1.15,0.0,0.0,0.0,True,,,,4.0,actuator_motors,none,4035791,2746917,3.9,,C
3e9488b0-3d49-428b-a8ff-ca7b17066c25,ok,17694720.0,v1.14-1.15,0.0,0.0,0.0,True,0.0,0.0,0.11927772462368011,4.0,actuator_motors,none,25122598,8166418,7.3,,B
e94e4d38-fc2f-4940-81e8-2df25f8fec01,ok,17694720.0,v1.14-1.15,0.0,0.0,0.0,True,0.0,0.0,0.25938207656145096,4.0,actuator_motors,none,37693171,9387303,8.1,,A
90cddad7-5b9a-4a55-a5e8-cd92de020f1c,ok,17826047.0,v1.16+,0.5961945031712473,0.0,0.0,False,0.024509803921568627,0.3020999999999958,0.6630711786448955,4.0,actuator_motors,none,5232242,4029887,3.5,,A
5acca0b3-da6a-44c9-918e-1f2e7f329d11,ok,17760767.0,v1.14-1.15,,,,,0.04811736944700934,1.9455649999999949,0.7437419697642325,4.0,actuator_motors,none,6566546,3316510,4.2,,B
4898247e-6dba-4f4e-ab73-1bee296fbd24,ok,17761535.0,v1.14-1.15,0.09411764705882353,0.0,0.0,True,0.00031032770605759683,0.007500000000000284,0.6475946291684518,4.0,actuator_motors,none,23826096,9840021,10.3,,B
26d4d2fb-4748-4eaf-ac2c-565ac538d2f8,ok,17499135.0,v1.12-1.13,0.0,0.0,,True,0.0,0.0,0.24700000000000005,8.0,actuator_outputs,global,53402049,28417221,14.4,,B
6da6327a-9a2b-4372-900a-c6465613e95f,ok,17695488.0,v1.14-1.15,0.031746031746031744,0.0,0.0,False,0.0006314580941446614,0.03806100000000612,0.23999997860662092,4.0,actuator_motors,none,8467983,4633855,7.6,,C
0a9c0ee1-f96b-4a8f-8435-2733fb3898ff,ok,17760256.0,v1.14-1.15,0.0,0.0,0.0,True,0.0,0.0,0.26964432895183565,4.0,actuator_motors,none,7532976,5404154,8.2,,B
06dc1afb-3686-49c3-bdbc-3b25d66054a2,ok,17826047.0,v1.16+,0.0,0.0,0.0,True,0.0,0.0,0.17367391586303704,4.0,actuator_motors,none,18737966,11411532,17.5,,C
b7fefc49-f041-4d60-aec8-550443726090,ok,17761280.0,v1.14-1.15,0.0,1.0,0.0,True,0.0,0.0,0.1400682136416435,4.0,actuator_motors,none,103375957,52949470,23.7,,C
41dd2406-dfc2-4cdb-82bc-84c5f737e532,ok,17694720.0,v1.14-1.15,0.023255813953488372,0.0,0.0,False,0.07234886025768088,7.101838000000001,0.9999999362639753,4.0,actuator_motors,none,4637321,3266876,2.7,,C
19f8c4ec-3229-418c-9a14-a0e9cfbe39f0,ok,17694975.0,v1.14-1.15,0.890295358649789,0.0,0.0,True,0.0,0.0,0.2275331437587738,4.0,actuator_motors,none,4620282,3185533,2.6,,C
c4662fa1-3023-4761-a0de-62df057856e5,ok,17825984.0,v1.16+,0.0,0.1,0.0,True,0.0,0.0,0.17845093607902524,4.0,actuator_motors,none,7593984,3948063,3.0,,A
aed7dd00-65d9-4ebf-9808-40bd8034edc0,ok,17891392.0,v1.16+,0.04580152671755725,0.0,0.0,True,0.0,0.0,0.19252878427505493,4.0,actuator_motors,none,37439476,15615208,7.4,,C
5618faa2-09ce-4290-9553-ec47db4abc57,ok,17629952.0,v1.12-1.13,0.0,0.055793991416309016,0.0,True,0.0,0.0,0.145,6.0,actuator_outputs,bus,13049466,7066823,9.9,,B
34cc957f-642a-4cb1-82e8-9e1f220ea4b6,ok,17826047.0,v1.16+,0.09904534606205251,0.0,0.0,True,0.0,0.0,0.12466244623064988,4.0,actuator_motors,none,16953748,10741424,5.8,,B
16939cb3-87a5-4860-be89-22b53fe693a8,ok,17826047.0,v1.16+,0.0,0.0,0.0,True,0.0027881040892193307,0.30375299999999994,0.2930700443685055,4.0,actuator_motors,none,14165143,5329450,4.9,,A
cc8a5866-7eb6-4c9a-9f2f-4b227697609b,ok,17629952.0,v1.12-1.13,0.0,0.0,0.0,True,0.0026560424966799467,0.09774300000000036,0.3625999999999999,6.0,actuator_outputs,per_channel,3786527,2798612,3.2,,B
5e746be8-3d97-497c-94a6-3aeb51639d36,ok,17891328.0,v1.16+,0.0,0.0,0.0,True,0.0,0.0,0.11834226548671724,4.0,actuator_motors,none,3588283,3089552,2.7,,B
0b813e79-5ec8-40c0-8545-432aee2f3c33,ok,0.0,,0.0,0.06408544726301736,0.0,True,0.0,0.0,0.20205714285714277,6.0,actuator_outputs,global,6517408,3471759,3.2,not_px4_v0,
0bbd400b-e126-472f-8c58-0cc97f1bc979,ok,17825984.0,v1.16+,0.0,0.0,0.0,True,0.0,0.0,0.18921006917953492,4.0,actuator_motors,none,6950934,4806293,3.5,,B
266a20b3-a407-4ad7-8a0e-6a430bdb1b22,ok,17826240.0,v1.16+,0.0,0.0,0.0,True,0.0,0.0,0.2033025413751602,4.0,actuator_motors,none,10467102,7101445,5.7,,B
c9b917e9-4fcb-409e-a0c1-f7acf948fbe1,ok,17630207.0,v1.12-1.13,0.0,0.0,0.0,True,0.0,0.0,0.46699999999999997,6.0,actuator_outputs,per_channel,8272625,4348224,4.2,,A
ed21dcc4-bc08-488c-ace3-4d5d4b54d64c,ok,17629951.0,v1.12-1.13,0.0,0.2146341463414634,0.0,True,0.0061162079510703364,0.19891400000000203,0.4593060612678528,4.0,actuator_motors,none,5506223,4142122,15.9,,A
d326b037-6f36-45dd-8bd6-f8d6de6ea339,ok,17826047.0,v1.16+,0.0,0.0,0.0,True,0.0,0.0,0.13995330333709716,4.0,actuator_motors,none,30893349,18536986,30.2,,C
deaf5559-3a35-44ae-8b67-825f1a5ec5b9,ok,17630207.0,v1.12-1.13,0.0,0.0,0.0,True,0.0,0.0,0.14379999999999993,6.0,actuator_outputs,per_channel,5469974,3194720,32.2,,B
6efe7a49-25cb-4ef1-bee0-54f96238b2a2,ok,17826047.0,v1.16+,0.0,0.0,0.0,True,0.0,0.0,0.3581623092293739,4.0,actuator_motors,none,9549260,6006666,41.9,,C
2ccfb94a-3508-456f-a110-4d9830716530,ok,17826047.0,v1.16+,0.0,0.0,0.0,True,0.0,0.0,0.27995976358652114,4.0,actuator_motors,none,3167717,2194479,27.8,,B
c7453450-619b-4928-bc94-a098fede54f8,ok,17695488.0,v1.14-1.15,0.0,0.0,0.0,True,0.0,0.0,0.11182799935340876,4.0,actuator_motors,none,6290391,3647525,22.4,,A
3bb8c7d0-8757-47e0-a1de-b664aa1f563a,ok,17695488.0,v1.14-1.15,0.0,0.0,0.0,True,0.0,0.0,0.24342282488942124,4.0,actuator_motors,none,5767994,3588733,31.9,,C
c2e323a3-f2e1-46d3-83e8-d5caec912561,ok,17826559.0,v1.16+,0.0,0.0,0.0,False,0.009138381201044387,0.3000000000000007,0.10560710728168488,4.0,actuator_motors,none,23126144,9822248,51.9,,C
d0151042-8f89-4190-be15-22b4b5952458,ok,17695488.0,v1.14-1.15,0.0,0.0,0.0,True,0.0,0.0,0.19063434600830068,4.0,actuator_motors,none,10645127,6672796,41.7,,C
c39c0eab-0604-4f9c-9a17-7e7e7d49f5c9,ok,17760768.0,v1.14-1.15,0.0,0.0,0.0,False,0.0,0.0,0.27286020070314415,5.0,actuator_motors,none,117640934,10933319,214.7,,C
76af6981-1a61-488b-bea3-7ca9f075ba9b,ok,17760384.0,v1.14-1.15,0.0,0.0,0.0,True,0.0,0.0,0.052822768688201904,4.0,actuator_motors,none,83943033,37409111,114.6,,C
96f84051-f5ac-4354-aeb4-666617a9bd68,ok,17825792.0,v1.16+,0.0,0.09492028179458657,0.0,True,0.003392586550123035,1.490479999999934,0.3874186217784881,4.0,actuator_motors,none,153095338,86719145,216.5,,A
9b6c5a32-a2a2-468c-95f6-cce5ca641b08,ok,17629952.0,v1.12-1.13,0.0,0.0,0.306282722513089,True,0.0,0.0,0.534,6.0,actuator_outputs,per_channel,2377986,1544051,2.3,,C
56853e0d-b21c-4d56-96bd-f8bc9d46d719,ok,17630207.0,v1.12-1.13,0.0,0.0,0.049818840579710144,True,0.0,0.0,0.31530000000000014,6.0,actuator_outputs,per_channel,7034416,4357058,5.2,,A
8fd225c5-915f-43e5-aa08-b4f89b44adca,ok,17826047.0,v1.16+,0.0,0.0,0.0,False,0.0,0.0,0.21741617918014508,4.0,actuator_motors,none,17581885,7604440,6.4,,B
d465430d-7478-48db-ae91-6f970969c5c2,ok,17694975.0,v1.14-1.15,0.0,0.0,0.0,True,0.0,0.0,0.08825486898422236,4.0,actuator_motors,none,27737712,6885588,8.5,,B
20c3d36e-4eb9-440c-8188-445de9b482d0,ok,17825792.0,v1.16+,0.0,0.0,0.0,True,0.0,0.0,0.10479045063257214,4.0,actuator_motors,none,5836901,3369849,3.4,,B
00f0f3b9-9713-4aa5-9220-45633a430a50,ok,17760511.0,v1.14-1.15,0.0,0.0,0.0,True,0.7265700483091787,12.239069999999998,0.8070370107889174,4.0,actuator_motors,none,8620388,4995103,3.3,,C
bc8d4a2f-1066-45a5-b206-4d566701ad8b,ok,16779519.0,v1.12-1.13,0.0,0.0,0.0,True,0.0,0.0,0.18874988853931426,4.0,actuator_motors,none,7417797,4723573,3.9,,C
b0a12676-961f-4de9-b8d8-00d504d74b44,ok,17891456.0,v1.16+,0.0,0.0,0.0,True,1.798156889188582e-05,0.0029880000000002127,0.5259469524025916,4.0,actuator_motors,none,92307297,24692154,25.2,,C
a33a50b0-a144-482c-99c1-5ef526c31e1d,ok,17760767.0,v1.14-1.15,0.0,0.0,0.0,True,0.14477416539384683,9.897423000000003,0.5436697155237198,4.0,actuator_motors,none,37417762,23704375,11.2,,B
713d6191-0357-4884-bc18-52a6cc0572dc,ok,17629440.0,v1.12-1.13,0.0,0.059574468085106386,0.0,True,0.0,0.0,0.12499999999999994,6.0,actuator_outputs,per_channel,4826514,3053586,7.0,,A
e91b73db-dff7-4cfa-bb4b-8cddee64b696,ok,17826240.0,v1.16+,0.0,0.0,0.0,True,0.06328129672827322,0.5187560000000033,0.812828841805456,4.0,actuator_motors,none,7344577,4799413,5.5,,C
01ac54b5-1920-46e8-90ef-0080b22bd286,ok,17629951.0,v1.12-1.13,0.0017152658662092624,0.0,0.0,True,0.00011416828405069072,0.10232999999999848,0.29954285714285755,6.0,actuator_outputs,bus,87721621,53620454,22.7,,C
b4d61d2e-cbe9-43e2-bae7-ad28772d570d,ok,17825984.0,v1.16+,0.0,0.0,0.0,True,0.0,0.0,0.06533295065164565,4.0,actuator_motors,none,9991754,6306774,10.2,,B
608f6e09-3204-45e4-8d6f-7dad6e0c4a8e,ok,17761535.0,v1.14-1.15,0.0,0.0,0.0,True,0.0,0.0,0.13341306149959564,4.0,actuator_motors,none,12549709,7640793,10.7,,C
fffb31fe-cc17-44e9-a8e2-43b7bd842302,ok,17630207.0,v1.12-1.13,0.0,0.0,0.0,True,0.0,0.0,0.09400000000000003,6.0,actuator_outputs,per_channel,19188990,10890483,9.1,,B
cf0692cb-7146-4fcc-a035-c662f5b4790c,ok,17760320.0,v1.14-1.15,0.0,0.0,0.14983277591973243,True,0.0,0.0,0.275387954711914,4.0,actuator_motors,none,158011796,54285576,33.8,,B
dddfa2a1-8459-4504-a6a6-587bb0a90d38,ok,17170944.0,v1.12-1.13,0.0,0.0,0.0,False,0.0,0.0,0.3915402757485978,4.0,actuator_motors,none,4977609,3491787,3.0,,C
c057a299-71c7-4fe7-abce-ba4ab1793df3,ok,17760767.0,v1.14-1.15,0.015267175572519083,0.0,0.0,True,0.003249390739236393,0.30058200000000035,0.7718152850866318,4.0,actuator_motors,none,5150658,3638380,2.9,,B
3badfe9f-1d7c-46e6-b6fa-466340112649,ok,17694720.0,v1.14-1.15,0.0,0.0,0.0,True,0.5457974137931034,22.296948999999998,0.8717953227460384,4.0,actuator_motors,none,6713481,4238567,3.8,,C
b9b3856e-5d37-457e-9439-b75b22fcc69d,ok,17760512.0,v1.14-1.15,0.0,0.0,0.054027504911591355,True,0.0,0.0,0.09766003191471101,4.0,actuator_motors,none,38285754,22515203,16.0,,C
0eb9125f-8e0e-496d-b52f-2fa04e1477cd,ok,17891583.0,v1.16+,0.0,0.0,0.0,True,0.046254650452551505,5.399938999999961,0.4627138495445248,4.0,actuator_motors,none,69792261,42815615,17.5,,C
dabe3025-17d6-473b-9b7d-027c0ab2d51f,ok,17695488.0,v1.14-1.15,0.0,0.0,0.0,True,0.0,0.0,0.17932708710432074,4.0,actuator_motors,none,3663436,2614122,4.2,,C
b324bd5e-4939-4821-a9f2-c76a1d869b6d,ok,17956928.0,v1.16+,0.7101449275362319,0.0,0.0,True,0.0,0.0,0.1991857826709747,4.0,actuator_motors,none,10439146,6297666,5.2,,C
da3425c6-fd54-464c-b95c-6454ebdea39f,ok,17629184.0,v1.12-1.13,0.9423631123919308,0.0,0.0,True,0.0005945303210463733,0.09885900000000003,0.12741204202175138,4.0,actuator_motors,none,5532516,3558974,3.5,,A
080788da-61c0-43e0-aacd-ca60a30170ec,ok,17826240.0,v1.16+,0.0,0.0,0.0,True,0.006558641975308642,0.8988939999999843,0.38829149156808784,4.0,actuator_motors,none,11418366,7380099,6.5,,B
c12f1853-e299-4775-9020-b90e691a7974,ok,17569279.0,v1.12-1.13,0.13164556962025317,0.05443037974683544,0.0,True,0.04653567735263702,3.102652000000006,0.32666666666666666,4.0,actuator_outputs,bus,17570304,11156705,10.2,,B
2625b562-cdbe-49f0-a3a0-8587b141e993,ok,17762048.0,v1.14-1.15,0.0,0.0,0.0,False,0.010840059357921025,2.9262239999999906,0.08953619003295898,4.0,actuator_motors,none,22670115,13642273,21.2,,C
66c15bd7-012e-4fa9-b2f7-558eaf568f02,ok,17760768.0,v1.14-1.15,0.0,0.0,0.0,True,,,,4.0,actuator_motors,none,7356857,3819767,3.3,,C
7e581c76-6979-41e4-b417-a501676d09d8,ok,17694975.0,v1.14-1.15,0.04249737670514166,0.0,0.0,True,7.314834117849293e-06,0.0074839999999767315,0.3351067543029785,4.0,actuator_motors,none,198943094,106309164,52.8,,A
6f8e59c1-7b8e-4f91-81f6-5f85722049bd,ok,17891392.0,v1.16+,0.0,0.021156558533145273,0.0,True,0.0,0.0,0.0480635404586792,4.0,actuator_motors,none,165765139,78494544,62.3,,B
cd7fc0d8-8e8c-4e22-abc3-e6d4572e1314,ok,17761280.0,v1.14-1.15,0.0,0.0,0.0,True,0.0,0.0,0.29454412907361976,4.0,actuator_motors,none,47381984,30128952,9.3,,B
164a2545-5edc-45dd-a65d-398c8dd498e2,ok,17891392.0,v1.16+,0.0,0.11241830065359477,0.0,False,0.0,0.0,0.05720081925392151,4.0,actuator_motors,none,108028610,45148818,34.5,,C
0d056fda-f5e9-46b2-843d-36cffbf9bc4a,ok,17694975.0,v1.14-1.15,0.016260162601626018,0.0,0.0,True,0.5751157764742204,21.987237,0.8605933725833893,4.0,actuator_motors,none,6357918,3277858,3.4,,A
9dda00ed-0df6-4176-9215-65652a914da0,ok,17761280.0,v1.14-1.15,0.03292181069958848,0.0823045267489712,0.072,False,0.09683995922528033,4.297497000000007,0.9999999388190552,4.0,actuator_motors,none,4397021,3304055,4.1,,B
e5894dba-282d-420d-9694-c47af61fb587,ok,17695488.0,v1.14-1.15,0.0,0.0,0.0,True,0.0,0.0,0.08224880844354629,4.0,actuator_motors,none,14373158,8966295,6.0,,B
6cea90e0-2b12-4834-878d-9118c5c2cc37,ok,17695488.0,v1.14-1.15,0.4506172839506173,0.0,0.0,True,0.0,0.0,0.11502107083797453,4.0,actuator_motors,none,2275140,1616331,3.1,,B
cc78131b-5bd9-400b-aa93-cbca39c206d9,ok,17694975.0,v1.14-1.15,0.0,0.0,0.0,True,0.0,0.0,0.19304467681795343,4.0,actuator_motors,none,7851959,4696795,6.1,,B
ef8f9227-5c37-444e-90b5-7ded6e140c59,ok,17569024.0,v1.12-1.13,0.0,0.0,0.0,True,9.903604912188037e-05,0.009968999999983907,0.3165714285714286,6.0,actuator_outputs,bus,28412073,15513793,14.7,,C
f962b924-1896-42de-a5e2-4d9b7fefe393,ok,17629951.0,v1.12-1.13,0.0,0.0,0.0,True,0.0,0.0,0.22999999999999998,6.0,actuator_outputs,per_channel,67272900,21338030,25.1,,B
fd03539b-ef5c-411f-abbf-7f4a70de8916,ok,17891583.0,v1.16+,0.0,0.0,0.0,True,0.0,0.0,0.18157673478126524,4.0,actuator_motors,none,51731777,32519126,20.9,,B
49a71199-ca13-48c1-801a-3fbce3584971,ok,17761280.0,v1.14-1.15,0.0,0.0,0.0,True,0.0,0.0,0.15357308834791183,4.0,actuator_motors,none,122687321,70152824,32.0,,C
3662188d-2333-4084-aaff-82fd49ecc295,ok,17891583.0,v1.16+,0.0,0.0,0.0,True,0.07269155206286837,0.499598000000006,0.46109520196914666,4.0,actuator_motors,none,5029293,3778699,3.4,,A
459f9f78-2086-41a4-be89-425d88d1928f,ok,17695743.0,v1.14-1.15,0.0,0.0,0.0,True,0.0,0.0,0.20585821270942686,4.0,actuator_motors,none,3749696,2653576,2.6,,C
24f13245-84c0-41cb-91fe-f63d2e7a4c67,ok,17761535.0,v1.14-1.15,0.0,0.0,0.0,True,0.0,0.0,0.5175485670566559,4.0,actuator_motors,none,4422737,3237158,3.0,,B
e5041e51-b7a2-4421-aa9c-1224db8ca10b,ok,17826047.0,v1.16+,0.0,0.0,0.0,True,0.0,0.0,0.13254597485065459,4.0,actuator_motors,none,4486921,3440276,2.8,,B
38f7ea64-3a7c-48e0-a419-afbf5a3494f9,ok,17761535.0,v1.14-1.15,0.0,0.0,0.0,True,0.007547169811320755,0.7987549999999999,0.22735705524682995,4.0,actuator_motors,none,4409875,3180904,3.4,,C
b36b6eb1-1b4f-4f40-b22c-6defbf583b67,ok,17761280.0,v1.14-1.15,0.009925558312655087,0.0,0.0,True,0.9475308641975309,184.20217,0.7781313776969909,4.0,actuator_motors,none,7162833,4382428,3.4,,B
6019c4a4-97ed-4741-9ea4-990e9b992717,ok,17695488.0,v1.14-1.15,0.0,0.0,0.0,True,0.19521178637200737,10.598247999999998,0.994739172887057,4.0,actuator_motors,none,2264183,1675640,2.5,,B
9288b3ea-754b-4313-a0d3-12f7a5897f16,ok,17695744.0,v1.14-1.15,0.0,0.0,0.0,True,0.009230769230769232,0.598748999999998,0.7224866300821304,4.0,actuator_motors,none,6293238,3980943,3.2,,C
edf4008e-e435-42c1-8524-8d62aafc36c8,ok,17694720.0,v1.14-1.15,0.0,0.0,0.0,True,0.0,0.0,0.05668426677584648,4.0,actuator_motors,none,7950977,5167071,4.9,,C
d70b9718-5238-42f2-8477-7b53b6a3f99a,ok,17825984.0,v1.16+,0.0,0.0,0.0,True,0.0,0.0,0.19819662570953364,4.0,actuator_motors,none,5897225,3802872,3.2,,C
75d90597-b2df-4aa6-9f7f-128b86c32cb9,ok,17629952.0,v1.12-1.13,0.0,0.0,0.0,True,0.0,0.0,0.2431996464729309,4.0,actuator_motors,none,41259739,11892611,9.9,,B
e8a6cb6a-4413-43b2-86c9-a9adc67ef010,ok,17761280.0,v1.14-1.15,0.0125,0.0,0.40877329192546585,True,0.047282715322738866,2.600962999999979,0.25210953950881954,4.0,actuator_motors,none,21401831,13173795,12.1,,A
14986594-b0f8-40ec-b500-3faa78f1eba1,ok,17694720.0,v1.14-1.15,0.04216867469879518,0.0,0.0,True,0.16757940854326397,0.38123999999999825,1.0,4.0,actuator_motors,none,26589955,14713286,11.5,,C
ae668731-a4bb-4f4e-a797-216a67a97070,ok,17694975.0,v1.14-1.15,0.43089430894308944,0.0,0.0,True,0.0016357688113413304,0.09988700000002382,0.1267747342586517,4.0,actuator_motors,none,6897327,4498208,3.5,,C
b1d1ee7c-0056-49f0-898e-1be5dd2ae4ef,ok,17826047.0,v1.16+,0.0,0.0,0.0,True,0.0,0.0,0.17830755114555358,4.0,actuator_motors,none,2498137,1955450,3.7,,C
19b09a88-1290-4954-ae81-e38e43e14084,ok,17826303.0,v1.16+,0.0,0.0,0.0,True,0.0,0.0,0.14917550832033152,4.0,actuator_motors,none,17555943,9736873,7.7,,B
9a7e3512-22dc-4521-8bb7-498e91ce71e9,ok,17629951.0,v1.12-1.13,0.0,0.0784313725490196,0.0,True,0.0,0.0,0.20959999999999948,6.0,actuator_outputs,per_channel,22988997,13851051,8.7,,C
9fc4a388-bb0e-4047-94c5-0aa6d9447b7c,ok,17825792.0,v1.16+,0.20754716981132076,0.0,0.0,True,0.0,0.0,0.16489077508449546,4.0,actuator_motors,none,3255351,2515977,20.3,,C
ded42fd0-c446-4fac-9c60-1b9194e1696d,ok,17630207.0,v1.12-1.13,0.041791044776119404,0.0,0.0,True,0.0,0.0,0.615,6.0,actuator_outputs,per_channel,15749753,9968147,43.3,,C
91d4248d-8572-4df4-9bd2-e399de81063d,ok,17826240.0,v1.16+,0.05853658536585366,0.0,0.0,True,0.0009053533008116226,0.009883000000002085,0.6479623909249368,4.0,actuator_motors,none,82795650,34197290,58.4,,C
1c5ee64c-dffe-49c8-8b9f-cb08f0fd7ea2,ok,17826240.0,v1.16+,0.3016393442622951,0.0,0.0,True,0.04693547596884033,2.92962399999999,0.6971916757524003,4.0,actuator_motors,none,16370095,10022427,48.4,,A
4e921257-d089-4683-990b-91b20da229ff,ok,17629695.0,v1.12-1.13,0.0,0.0,0.0,True,0.0,0.0,0.4286,6.0,actuator_outputs,per_channel,8532176,5518087,32.8,,A
9757ff3a-a413-4ab6-91ce-f295a8f9499e,ok,17694720.0,v1.14-1.15,0.0,0.0,0.0,True,,,,4.0,actuator_motors,none,6447802,3910335,21.6,,B
89fc246c-8166-4461-a27c-bc153bcdf801,ok,17761280.0,v1.14-1.15,0.0,0.0,0.0,False,0.0,0.0,0.32122675776481624,4.0,actuator_motors,none,64370502,12418145,76.8,,A
70489d54-e0eb-46c8-923f-fb868dc2014b,ok,17825792.0,v1.16+,0.0,0.7589498806682577,0.0,True,0.2717608293046636,4.084498000000002,0.9999999500801209,4.0,actuator_motors,none,19117527,10378838,7.9,,C
4ed46322-0a65-4049-a0e9-988d8425f817,ok,17761280.0,v1.14-1.15,0.0,0.12137203166226913,0.0,True,0.0,0.0,0.10773898363113402,4.0,actuator_motors,none,22903588,13444659,10.4,,B
c67b0be3-fa04-4666-8955-dc80b6c967a3,ok,17630207.0,v1.12-1.13,0.0,0.0,0.0,True,0.0,0.0,0.20400000000000001,6.0,actuator_outputs,per_channel,2523012,1811361,2.6,,A
c1e2a285-16c0-4db6-ad3a-347f1b3440ee,ok,0.0,,0.0,0.0,0.0,True,0.0,0.0,0.09048856943845747,4.0,actuator_motors,none,9938856,6157730,4.3,not_px4_v0,
3d1707b9-df27-4a1b-8b56-dcfc789278ac,ok,17761535.0,v1.14-1.15,0.0,0.0,0.0,True,0.0023375409069658717,0.5,0.06426715850830075,4.0,actuator_motors,none,69313380,30908801,15.1,,B
8ec5d62b-0ecf-42fc-8205-270e7fe46ee5,ok,17694975.0,v1.14-1.15,0.0,0.0,0.0,True,0.0,0.0,0.05113716125488282,4.0,actuator_motors,none,2649059,1883208,3.0,,A
08c6b4e3-4047-4ff5-b361-a2c4236c1fe2,ok,17761280.0,v1.14-1.15,0.0,0.0,0.0,True,0.046356968215158924,0.47160300000000177,0.5791416879743337,4.0,actuator_motors,none,22709798,6761671,8.8,,B
78043fa7-3bc6-4456-8de3-08b7c10df9f4,ok,17891583.0,v1.16+,0.08452722063037249,0.0,0.018369690011481057,True,0.018240659017358045,1.798780999999991,0.35434834957122796,4.0,actuator_motors,none,16813612,11059758,6.0,,C
0bbdcab9-0dc0-40e2-900c-7b619b591181,ok,17826559.0,v1.16+,0.35502958579881655,0.0,0.0,False,0.18467336683417085,13.799927999999994,0.9999999999900173,4.0,actuator_motors,none,3105610,2168824,3.0,,C
bc8c102a-2b16-4ffd-8373-c7bea59f3e66,ok,17694720.0,v1.14-1.15,0.0,0.0,0.0,True,,,,4.0,actuator_motors,none,6066605,3791560,12.2,,B
03e53081-190b-4d81-8c2c-7a1d524d2bb1,ok,17694975.0,v1.14-1.15,0.0,0.0,0.0,True,0.0,0.0,0.3661699905991552,4.0,actuator_motors,none,23332918,15327581,11.1,,B
0ad85e61-ab60-4555-b05f-71cbf263dde2,ok,17564928.0,v1.12-1.13,0.0,0.0,0.0,False,0.0,0.0,0.1261176470588235,4.0,actuator_outputs,global,164914459,47042032,33.9,,C
6a5aed8a-76e2-46a5-a977-7dd15ad2dfb2,ok,17761535.0,v1.14-1.15,0.0,0.0,0.0,True,0.016224188790560472,0.30223399999999856,0.44227348640561104,4.0,actuator_motors,none,5909725,3862908,5.4,,B
babdeb12-664d-49ae-a691-4d502b13260a,ok,17760448.0,v1.14-1.15,0.0,0.0,0.0,True,,,,4.0,actuator_motors,none,3185006,2242136,11.5,,A
011d4ba4-d4a8-4865-a3f5-6e5d5ff30f69,ok,17760256.0,v1.14-1.15,0.45,0.0,0.04468085106382979,False,0.46417901118819926,110.49738700000003,1.0,4.0,actuator_motors,none,30212096,17846458,15.3,,C
e8c79474-8d12-42b2-926a-8e8ee83b923b,ok,17695488.0,v1.14-1.15,0.0,0.0,0.0,False,0.08077264653641208,6.373752999999994,1.0,4.0,actuator_motors,none,39899136,17046463,17.0,,B
0c0d121d-9a16-4794-adf6-e38febb6fefd,ok,17761535.0,v1.14-1.15,0.0,0.0,0.0,True,0.0,0.0,0.2532416254281998,4.0,actuator_motors,none,2675350,2126250,2.3,,B
0ed66a3e-5c8b-4b14-b97c-cf244569ffac,ok,17761280.0,v1.14-1.15,0.7729119638826185,0.0,0.0,True,0.0,0.0,0.21526525616645795,4.0,actuator_motors,none,122315415,66775623,28.4,,B
d0ff0aed-58bc-4d5a-ac90-431e7bb37126,ok,17761535.0,v1.14-1.15,0.0,0.0,0.0,True,,,,,actuator_motors,none,3342336,2196215,2.5,,A
6acba6e4-c6b8-4d10-8a3e-9d401fba25f2,ok,17761535.0,v1.14-1.15,0.0,0.0,0.0,True,0.0,0.0,0.2026323184370994,4.0,actuator_motors,none,3726959,2703077,2.9,,C
0e693476-e220-4fce-94da-3dd9b82e5ffa,ok,17761023.0,v1.14-1.15,0.0,0.0,0.0,True,0.0,0.0,0.2561106145381927,4.0,actuator_motors,none,7924485,5333047,3.4,,C
da08342a-e0f6-430a-8691-fb20a31c7b39,ok,17499135.0,v1.12-1.13,0.0,0.0,0.0,True,0.0,0.0,0.35144999999999993,8.0,actuator_outputs,global,3389324,2410438,4.1,,B
d072ce4e-af2a-4305-83b2-920b812a1f0b,ok,16842880.0,v1.12-1.13,0.0,0.0,0.0,True,0.0,0.0,0.2919733792543411,4.0,actuator_motors,none,29818642,15679866,6.7,,A
1d33794c-79e8-4200-be54-c6fa4bcacdf5,ok,17826047.0,v1.16+,0.31690140845070425,0.0,0.023961661341853034,True,0.4577405857740586,4.098877000000002,0.535561379790306,4.0,actuator_motors,none,6100928,4530746,3.9,,C
2b568284-5261-4b49-af62-5a8bf4b3960d,ok,17761023.0,v1.14-1.15,0.0,0.0,0.0,True,0.0,0.0,0.1253529608249664,4.0,actuator_motors,none,3177267,2379939,2.8,,B
c5c3983f-0f5b-4609-a72e-a34564631547,ok,17891583.0,v1.16+,0.1807909604519774,0.0,0.0,True,0.0,0.0,0.4262957938015459,4.0,actuator_motors,none,3655130,2828291,3.3,,B
5d32c3e2-278b-47f8-8b50-0e645ca34dcc,ok,17826559.0,v1.16+,0.0,0.0,0.0,True,0.12716302367941712,0.01502400000000037,0.8740097951143979,4.0,actuator_motors,none,6600091,4238423,12.8,,A
4e949013-45c1-496f-8847-9730ca72cc76,ok,17629952.0,v1.12-1.13,0.0,0.0,0.0,True,0.1043872919818457,3.301321999999999,0.4117274284362793,4.0,actuator_motors,none,2495662,1737103,2.5,,C
1c70e988-e8b7-4e15-b307-26fbe29e00ec,ok,17694720.0,v1.14-1.15,0.0,0.0,0.0,True,,,,4.0,actuator_motors,none,94165570,45054311,34.1,,B
3478674c-0951-4147-b827-d97e5a606477,ok,17695744.0,v1.14-1.15,0.0,0.0,0.0,True,0.0,0.0,0.10249394625425334,4.0,actuator_motors,none,96022854,33741147,24.8,,C
5000e3ac-587c-4dba-97da-baed7d649ccf,ok,17891392.0,v1.16+,0.0,0.0,0.0,True,1.5076134479119554e-05,0.0024060000000076798,0.5320068751912913,4.0,actuator_motors,none,71272972,36987395,29.5,,A
4a8102ff-3fec-4668-b722-ff552f518a95,ok,17694975.0,v1.14-1.15,0.0,0.0,0.0,True,0.0,0.0,0.09265725612640371,4.0,actuator_motors,none,3546375,2376048,2.6,,C
cdbb622f-8879-40cd-8f76-3d679cee449f,ok,17564671.0,v1.12-1.13,0.0,0.0,0.0,True,0.0,0.0,0.5017142857142858,6.0,actuator_outputs,bus,4663336,3301052,2.8,,A
34e97410-ab2f-457d-ab0e-bc2c8dba8823,ok,17826047.0,v1.16+,0.0,0.0,0.0,True,0.003787878787878788,0.10208199999999934,0.4367673903703688,4.0,actuator_motors,none,2339178,1720784,2.6,,A
eaa508b9-9ca0-4439-b768-65327435e69a,ok,17825984.0,v1.16+,0.0,0.0,0.0,True,0.0,0.0,0.17557014822959896,4.0,actuator_motors,none,7191844,4953688,5.0,,B
897fc073-14b4-4366-8ab6-c98d06d91c1f,ok,17694720.0,v1.14-1.15,0.0,0.0,0.0,True,0.4689569536423841,10.898387999999983,0.5439606010913849,4.0,actuator_motors,none,8335390,5372853,3.6,,B
696eb442-7147-4651-b591-5a63a798c0e2,ok,17760511.0,v1.14-1.15,0.0,0.0,0.0,True,0.0,0.0,0.23271225541830054,4.0,actuator_motors,none,3301611,2433077,5.4,,B
03ab22c7-89ed-40e9-a6e0-1fb4c8747e0f,ok,17891392.0,v1.16+,0.0,0.16216216216216217,0.0,True,0.011149228130360206,0.5999999999999979,0.07894580066204071,4.0,actuator_motors,none,32360464,16569536,13.7,,C
7f47f5a2-994a-4fcf-906a-a27748dd2b9c,ok,17695743.0,v1.14-1.15,0.0,0.0,0.0,True,0.0,0.0,0.21978622674942017,4.0,actuator_motors,none,18888404,13670688,4.9,,B
c66edf74-8a55-40ae-90ed-9e29e271611e,ok,33554752.0,,0.0,0.0,0.0,False,0.006349381625441696,0.14095499999999106,0.4657399252057075,4.0,actuator_motors,none,47305890,24422042,14.0,not_px4_v2,
4d5abfdd-3948-433e-b79a-a079f2ee5aa3,ok,17891392.0,v1.16+,0.0,0.0,0.0,False,0.002584083659708483,0.19966800000000262,0.06929050981998117,4.0,actuator_motors,none,9387594,5870490,3.5,,C
07efa8c6-9de6-4d0a-bd45-5367ae04d44c,ok,17826047.0,v1.16+,0.569620253164557,0.0,0.0,True,0.0,0.0,0.33381368070840783,4.0,actuator_motors,none,3225510,2374464,2.8,,C
3876b745-53c0-4aef-9954-1e2a192e86dd,ok,17826047.0,v1.16+,0.0,0.0,0.0,True,0.0,0.0,0.411562317609787,4.0,actuator_motors,none,11651189,7184648,4.3,,A
3852e668-263a-4674-b78f-d00c96ca213e,ok,17630207.0,v1.12-1.13,0.043243243243243246,0.0,0.11670480549199085,True,0.0,0.0,0.19375,6.0,actuator_outputs,per_channel,3933970,2544292,3.2,,A
d91dfe3e-3cb2-4df6-b896-407595d7c150,ok,17499135.0,v1.12-1.13,0.0,0.0,,True,0.0,0.0,0.37000000000000005,8.0,actuator_outputs,global,31472207,16450983,11.3,,A
5307512c-9a11-439e-8a8a-daa125b66efa,ok,17564928.0,v1.12-1.13,0.0,0.0,0.0013614703880190605,True,0.0,0.0,0.0722352941176469,4.0,actuator_outputs,global,57029128,20258223,17.5,,B
a9bc7999-654c-4615-954c-d30dd91689b9,ok,17694975.0,v1.14-1.15,0.0,0.0,0.0,True,,,,4.0,actuator_motors,none,40486376,20807253,10.9,,C
9f66ce5f-cba3-47a3-b654-4d15aba3c043,ok,17694720.0,v1.14-1.15,0.9987337765115543,0.0,0.0,False,0.0615962441314554,31.000171000000023,0.9903870820999146,6.0,actuator_motors,none,65404928,35783125,19.7,,A
9edb3a49-e6cb-4b6c-a800-ab3329486d00,ok,17498880.0,v1.12-1.13,0.0,0.14465408805031446,0.0,True,0.0,0.0,0.393,8.0,actuator_outputs,global,5675279,3900312,8.1,,A
97b5c8de-77b5-47f9-a908-63c86c5dd44e,ok,17695743.0,v1.14-1.15,0.0,0.0,0.0,True,0.0,0.0,0.4869367331266401,4.0,actuator_motors,none,3177843,2469450,8.7,,C
f919e400-6b0d-49f0-a708-fdbe882ab03f,ok,17301759.0,v1.12-1.13,0.0,0.0,0.0,True,0.0,0.0,0.384,6.0,actuator_outputs,global,21512356,12229251,12.1,,C
d58cbeda-a19d-47a7-9add-b8550933bad0,ok,17694975.0,v1.14-1.15,0.0,0.0,0.0,True,0.0,0.0,0.274990426748991,4.0,actuator_motors,none,123892907,62374031,35.8,,C
61f15c32-8182-4a20-96b8-affd016e6ada,ok,17760767.0,v1.14-1.15,0.0,0.0,0.0,True,0.014970059880239521,0.7010880000000057,0.5513410389423369,4.0,actuator_motors,none,3040555,2461273,3.1,,C
129d56f0-dbc5-4ae8-9945-aab151eb6ffc,ok,17760256.0,v1.14-1.15,0.0,0.0,0.0,True,,,,4.0,actuator_motors,none,5845368,2892229,3.6,,B
3e2f551a-7341-4ab2-bae4-c6eea04e3b83,ok,17826047.0,v1.16+,0.0,0.0,0.0,True,0.0,0.0,0.17645172029733658,4.0,actuator_motors,none,12736641,8183232,3.9,,C
6fc16abb-56b6-411a-9337-3788064bc258,ok,17695743.0,v1.14-1.15,0.04712041884816754,0.0,0.0,True,0.013745704467353952,0.5001759999999997,0.4191078886389728,4.0,actuator_motors,none,2152661,1620004,2.4,,C
54ae04b7-e6ed-46f7-ba8a-c6136f249426,ok,17761535.0,v1.14-1.15,0.0,0.0,0.0,True,0.00010874884454352673,0.007488999999999635,0.29652535915374756,4.0,actuator_motors,none,7119784,4445919,3.1,,C
4fa4d7ef-07d1-4916-8e4f-9d9fc6d7cad9,ok,17761535.0,v1.14-1.15,0.0,0.0,0.0,True,0.0,0.0,0.21026062369346618,4.0,actuator_motors,none,7249640,4803330,3.0,,B
670e0ff2-9811-4f8a-be96-18f124277286,ok,17956992.0,v1.16+,0.0,0.0,0.0,True,0.002442002442002442,0.10060599999999909,0.6052918913633136,4.0,actuator_motors,none,3714292,2835614,2.6,,C
8614a098-cd29-429d-bf19-9f249282e533,ok,17825856.0,v1.16+,0.0,0.0,0.0,True,0.04246655031995346,0.49983899999998016,0.7097240313887596,4.0,actuator_motors,none,6014064,3911424,3.3,,C
58aa64df-ba3f-4221-9310-31bcfe5131c2,ok,17760511.0,v1.14-1.15,0.0,0.0,0.0,True,0.0,0.0,0.1435228362679481,4.0,actuator_motors,none,2965883,2429107,2.5,,C
13fc4985-9b22-47d1-a4b8-377536fa279c,ok,17761280.0,v1.14-1.15,0.254957507082153,0.0,0.0,True,0.0,0.0,0.08818866461515426,4.0,actuator_motors,none,7166418,4821115,4.5,,C
4b3036f1-5845-43b9-b11f-f025ed1526a1,ok,17694720.0,v1.14-1.15,0.4864864864864865,0.08783783783783784,0.0,True,0.02711864406779661,0.3978450000000002,0.6322058290243147,4.0,actuator_motors,none,14142445,5041311,8.9,,C
95a7537c-e64c-4fa1-b89b-d0084b5aea41,ok,17630207.0,v1.12-1.13,0.0,0.0,0.0,True,0.0,0.0,0.644,6.0,actuator_outputs,per_channel,20996626,11578742,13.3,,A
a40dc2cd-69f9-40c1-a694-6f93ab837faa,ok,17694720.0,v1.14-1.15,0.0,0.0205026455026455,0.0,True,0.0,0.0,0.23124989867210377,4.0,actuator_motors,none,26036584,16917188,14.8,,B
c45a3805-f8c0-4ede-a163-958336949046,ok,17694720.0,v1.14-1.15,0.07819548872180451,0.0,0.0009976720984369804,True,0.004180602006688963,1.5995000000000346,0.43009951934218404,4.0,actuator_motors,none,114475156,37266810,19.9,,B
22332e61-4d74-4a49-9526-b29c4eb84d6b,ok,17761535.0,v1.14-1.15,0.0,0.0,0.0,True,0.014308426073131956,0.4975650000000016,0.43462739288806923,4.0,actuator_motors,none,2786813,2299673,3.0,,C
adf8f2b2-2b96-4373-9f8c-967d3ae6f207,ok,0.0,,0.0,0.0,0.0,False,0.0,0.0,0.218551467359066,4.0,actuator_motors,none,3731851,2753340,2.8,not_px4_v0,
0fb3598c-81a1-4dde-8a39-11243df18657,ok,17891583.0,v1.16+,0.0,0.16393442622950818,0.0,True,0.0,0.0,0.2144525622949,4.0,actuator_motors,none,2797098,2268915,2.7,,C
d4a2fc1f-5fc3-4c5d-9836-5547540a4d0c,ok,17629696.0,v1.12-1.13,0.0,0.0,0.0,True,0.0,0.0,0.22456303238868713,4.0,actuator_motors,none,20125519,12457493,3.3,,A
c5aa149c-84f7-40d3-984b-9660fca0ff40,ok,17826240.0,v1.16+,0.022099447513812154,0.0,0.0,True,0.2073732718894009,3.101827,0.7185274839401243,4.0,actuator_motors,none,4129968,3175291,2.8,,B
b07c6ed8-421c-48ef-a1d3-26ddda7b0750,ok,17695488.0,v1.14-1.15,0.0,0.0,0.0,True,0.0,0.0,0.10966800451278667,4.0,actuator_motors,none,2901818,2089925,3.2,,A
7ce8ab9d-832a-4d46-98d5-0da399ad3069,ok,17629951.0,v1.12-1.13,0.0,0.0,0.0,True,0.0,0.0,0.0,6.0,actuator_outputs,bus,14048843,8485127,6.4,,B
de5dfc71-001f-4f49-a82c-847a95870a90,ok,17695488.0,v1.14-1.15,0.0,0.0,0.0,True,0.0,0.0,0.21347743272781372,4.0,actuator_motors,none,18780202,8641855,6.1,,C
c026adee-7272-4be5-9a29-ec5ea46e84b8,ok,16908288.0,v1.12-1.13,0.0,0.0,0.0,True,0.0,0.0,0.0597898110747337,4.0,actuator_motors,none,9945290,5566146,4.5,,B
37aa2552-58fa-46a2-9fee-456b342bda64,ok,17694975.0,v1.14-1.15,0.0,0.0,0.0,True,0.0,0.0,0.23290151357650757,4.0,actuator_motors,none,3170249,2268576,2.3,,B
9653403e-cbea-460b-9ad3-22ba8bfcbf6d,ok,17891392.0,v1.16+,0.0,0.7630769230769231,0.0,True,0.0,0.0,0.1545585874468087,4.0,actuator_motors,none,2855019,2328543,2.9,,B
95920139-d8b5-4344-b7c5-a50a2b24469d,ok,17826240.0,v1.16+,0.0,0.0,0.0,False,0.022943037974683545,2.197780999999992,0.6604916959215631,4.0,actuator_motors,none,6859940,5197414,3.2,,A
ebb46a71-1853-4200-bad8-8e2c421b088e,ok,17695488.0,v1.14-1.15,0.0,0.0,0.0,True,0.00030355923199514305,0.011209000000000913,0.3730651512742042,4.0,actuator_motors,none,12259263,6600021,4.7,,B
0f20de60-ecc2-4fd2-901a-12f74322e0a8,ok,17760511.0,v1.14-1.15,0.0,0.0,0.0,True,0.0,0.0,0.20366103053092954,4.0,actuator_motors,none,4335666,2845669,4.0,,C
2e633c87-2ea4-4f2e-b376-eb214599fe21,ok,17694720.0,v1.14-1.15,0.009259259259259259,0.0,0.0,True,0.0,0.0,0.08750344812870012,4.0,actuator_motors,none,12050271,3385690,5.4,,C
342d9afc-77a3-4eff-bbd6-a2fce6e3d2f1,ok,17761535.0,v1.14-1.15,0.23300970873786409,0.0,0.0,False,0.00404040404040404,0.39920000000000755,0.1988707929849624,4.0,actuator_motors,none,5732884,4300974,5.2,,C
2bb87c9b-e866-4639-9b1a-067d53a09479,ok,17826047.0,v1.16+,0.0,0.0,0.0,True,0.017436183568140605,1.5012540000000172,0.4441214680671691,4.0,actuator_motors,none,34310251,22494693,9.9,,A
3cf4f56c-456b-4909-805d-fcc8cbb243f1,ok,17826559.0,v1.16+,0.0,0.0,,True,0.0,0.0,0.5239953398704529,4.0,actuator_motors,none,3856808,1824259,3.3,,B
ab905faa-7e75-43e5-b9c3-da8fbfe17ec8,ok,17825792.0,v1.16+,0.0,0.0,0.0,True,0.6408317580340265,33.901364,0.9715002954006193,4.0,actuator_motors,none,2587024,2002538,3.9,,C
446508a9-2d2e-43b6-a690-0daffeceed10,ok,17891583.0,v1.16+,0.0,0.0,0.0,True,0.0,0.0,0.5040095195174217,4.0,actuator_motors,none,4480611,3119930,3.5,,C
21bdc339-d2a6-423c-aa4c-2b7d3e2b9f97,ok,17630207.0,v1.12-1.13,0.0,0.0,0.0,True,0.0,0.0,0.14399999999999996,6.0,actuator_outputs,per_channel,21686517,11130673,7.8,,B
36940a46-c489-452b-acaa-27fb34eee86d,ok,17694975.0,v1.14-1.15,0.1808986901011441,0.0,0.0,True,0.007259468514929541,2.701657999999952,0.31264582872390745,4.0,actuator_motors,none,125837516,76016650,25.6,,C
e03fdaf0-4d87-4d59-9929-031fb1e26bb6,ok,17695488.0,v1.14-1.15,0.0,0.0,0.0,True,0.0,0.0,0.11535389423370354,4.0,actuator_motors,none,2401141,1665227,4.1,,C
9d1861bd-39fd-4b00-baee-cc9a361966de,ok,17760511.0,v1.14-1.15,0.5730337078651685,0.0,0.0,True,0.0002288516550878627,0.048687000000001035,0.24395139813423142,4.0,actuator_motors,none,23708305,14855257,16.3,,B
4d7a6f6d-220b-4887-af7f-734d4454c40a,ok,17891583.0,v1.16+,0.0,0.0,0.0,True,0.0,0.0,0.15678859055042269,4.0,actuator_motors,none,20834853,11114694,10.7,,A
257076df-aff7-44c6-99ce-c8d17f63e182,ok,17761280.0,v1.14-1.15,0.0,0.00865650969529086,0.0,True,0.0,0.0,0.20558962821960447,4.0,actuator_motors,none,60962277,32233985,24.9,,B
58506153-13d7-49be-9ca5-e14c9f06899c,ok,17761280.0,v1.14-1.15,0.0,0.0,0.0,True,0.0,0.0,0.17302265763282776,4.0,actuator_motors,none,93576879,55980277,25.6,,B
ec6ee87f-d15d-4642-b7e4-0ce684e4da3b,ok,17630207.0,v1.12-1.13,0.0,0.14746543778801843,0.0,True,0.0,0.0,0.281,6.0,actuator_outputs,per_channel,4673850,3233375,2.9,,A
9a389244-7fe9-43cd-8fab-d4a982b471f8,ok,17760512.0,v1.14-1.15,0.11314984709480122,0.0,0.0,True,0.0,0.0,0.09118041172623634,4.0,actuator_motors,none,6410943,4449778,2.8,,A
6aa05a91-0bef-4096-a40c-ab2e10dc18e2,ok,17629952.0,v1.12-1.13,0.0,0.0,0.0,True,0.0,0.0,0.162,6.0,actuator_outputs,per_channel,7969482,4567234,3.9,,C
2e2c18ab-731b-450a-a386-d20de118f3b5,ok,255.0,,0.0,0.0,0.0,True,,,,4.0,actuator_motors,none,2718658,2082097,2.6,not_px4_v0,
0cdbe672-637c-45e6-bd3f-b6699536facc,ok,17105151.0,v1.12-1.13,0.0,0.0,0.0,True,,,,8.0,actuator_outputs,none,16207872,8231133,4.8,,B
0f546fd0-4b4e-47fd-bbf2-6dd1a0b08077,ok,17694720.0,v1.14-1.15,0.0,0.0,0.0,True,0.0,0.0,0.2504924207925796,4.0,actuator_motors,none,3938007,2674205,2.7,,A
379bd881-b1f8-4548-ab94-1ba56ed7031a,ok,17629952.0,v1.12-1.13,0.0,0.0,0.0,True,0.50143815915628,18.598913999999994,0.924,6.0,actuator_outputs,per_channel,8786116,5498546,4.3,,B
f77804ae-26ca-418e-b102-3d98e34a8fa1,ok,17630207.0,v1.12-1.13,0.0,0.0,0.0,True,0.0,0.0,0.46499999999999997,6.0,actuator_outputs,per_channel,6013356,3133656,4.9,,B
287e6342-dacc-4239-9f45-82eaa6acf751,ok,17695488.0,v1.14-1.15,0.0,0.0,0.0,True,0.0,0.0,0.3095693983137608,4.0,actuator_motors,none,29243845,18566142,10.4,,B
6af183d2-fe59-4a57-afa3-c26bb4e05c86,ok,17761280.0,v1.14-1.15,0.0,0.0,0.0,True,0.0,0.0,0.37878600880503654,4.0,actuator_motors,none,3564066,2371739,10.1,,A
b896b530-6280-442c-954a-b4ab4000fbd7,ok,17825792.0,v1.16+,0.0,0.0,0.0,True,0.0,0.0,0.17304125130176526,4.0,actuator_motors,none,7905580,4769527,9.7,,B
bf216f67-c5cd-447a-b694-1819cec8b764,ok,17694720.0,v1.14-1.15,0.0,0.0,0.0,True,0.0,0.0,0.5462916612625122,4.0,actuator_motors,none,72313177,37733706,31.5,,A
0dfe594c-b8bb-4d57-8123-b7c553203dc0,ok,17498879.0,v1.12-1.13,0.0,0.008534432018834609,0.0,True,0.0,0.0,0.38666666666666666,4.0,actuator_outputs,global,131744755,57546256,29.0,,A
79dd4bea-3c02-40b5-9acb-b2c182717d4c,ok,17891392.0,v1.16+,0.0,0.0,0.0412621359223301,True,0.028985507246376812,1.897037999999995,0.2808067247271537,4.0,actuator_motors,none,7879436,5590009,5.6,,B
bbda1aed-8046-4490-b74f-4143e856f04c,ok,17826047.0,v1.16+,0.0,0.0,0.0,True,0.0,0.0,0.16913049221038817,4.0,actuator_motors,none,31010946,18813413,10.6,,C
4d1841f6-2d3c-429d-ad02-36f8aec5db22,ok,17761023.0,v1.14-1.15,0.0,0.10504201680672269,0.0,True,0.0008037809857570009,0.04527900000000784,0.17877851724624616,4.0,actuator_motors,none,11886898,7431672,7.2,,C
684a42a6-395b-404b-96b6-cacb8346ab0f,ok,17825856.0,v1.16+,0.0,0.0,0.0,True,0.00808080808080808,0.29999999999999716,0.6389527767896652,4.0,actuator_motors,none,5741503,3805179,3.5,,C
0dc9e8a2-db85-4caa-97a6-3a5e1d5be4ef,ok,17826240.0,v1.16+,0.0,0.0,0.0,True,0.0,0.0,0.14151044934988022,4.0,actuator_motors,none,97685197,28116285,19.2,,C
8d057f78-b05d-4934-8c77-e5c7084e1393,ok,17761023.0,v1.14-1.15,0.0,0.0,0.0,True,0.0,0.0,0.14010006189346308,4.0,actuator_motors,none,68454757,21286652,15.5,,B
b298f907-06fd-4989-b86c-da6b18319b84,ok,17826047.0,v1.16+,0.0,0.0,0.0,True,0.0,0.0,0.18159645795822138,4.0,actuator_motors,none,3357728,2536243,3.7,,C
55a019db-2509-4729-b0f1-6617a83fd3a3,ok,17761280.0,v1.14-1.15,0.0,0.0,0.0,True,0.0,0.0,0.28393149673938756,4.0,actuator_motors,none,6816097,4101882,4.1,,A
6817dd86-7f4b-4634-95b5-0275ec6c6662,ok,17760256.0,v1.14-1.15,0.012213740458015267,0.015267175572519083,0.0,False,0.0009549578226961642,0.4974979999999505,0.1663162738084793,4.0,actuator_motors,none,36700160,21577503,27.0,,C
95227703-a1ab-4a61-a553-408e3c29d662,ok,17761535.0,v1.14-1.15,0.0,0.15714285714285714,0.0,True,0.08006279434850863,0.597715,0.4111116528511046,4.0,actuator_motors,none,2752531,2144455,1.7,,C
571fa4a3-49c8-479e-9b8c-e5bc2c1c164c,ok,17761535.0,v1.14-1.15,0.0,0.0,0.0,True,0.0,0.0,0.5155545864254235,4.0,actuator_motors,none,8746143,5274130,3.1,,C
b7311079-6ab3-4f16-9501-5eaf05830c49,ok,17760767.0,v1.14-1.15,0.0,0.0,0.0,True,0.0,0.0,0.2572960138320922,4.0,actuator_motors,none,21059722,10424790,9.4,,B
c912c876-faa2-4427-ad5c-4950c2dea345,ok,17695488.0,v1.14-1.15,0.17341977309562398,0.04051863857374392,0.0,True,0.0,0.0,0.4304098516702652,4.0,actuator_motors,none,21349139,14387821,10.0,,A
d4267a0f-c760-4f9f-a120-7e8ad27bff84,ok,17105408.0,v1.12-1.13,0.05118483412322275,0.01800947867298578,0.0,True,0.0,0.0,0.35314285714285715,6.0,actuator_outputs,global,37101620,19710869,8.6,,B
d3293558-a62a-4aea-9fd9-667ba93f73e2,ok,17694720.0,v1.14-1.15,0.0,0.0,0.0,True,0.0,0.0,0.4091509133577347,4.0,actuator_motors,none,3578438,2650098,3.7,,A
3706b530-9f92-4bd8-a0a5-589910daf293,ok,17761535.0,v1.14-1.15,0.0,0.0,0.0,True,0.007293946024799417,0.8990459999999985,0.2540152741325582,4.0,actuator_motors,none,5796664,3681126,5.1,,C
598f7997-d7ae-44a6-8185-853dbe6f2f71,ok,17694720.0,v1.14-1.15,0.05194805194805195,0.0,0.0,True,0.0,0.0,0.21421256959438323,4.0,actuator_motors,none,5905082,1890188,2.5,,B
175d2cf3-26df-45ac-89bd-806be4301f8d,ok,17761280.0,v1.14-1.15,0.0,0.0,0.0,True,0.0,0.0,0.28428497165441513,4.0,actuator_motors,none,29482248,18545141,6.5,,C
99d98c0f-b037-40ac-ac66-d28ca9eb774f,ok,17638400.0,v1.12-1.13,0.0,0.0,0.0,False,0.0,0.0,0.1934364303946495,4.0,actuator_motors,none,7716864,5068177,3.3,,B
2a308763-4239-4cbb-a3f0-5f4574f12653,ok,17760511.0,v1.14-1.15,0.03260869565217391,0.03260869565217391,0.0,True,0.8547854785478548,102.598236,0.9999999403375862,4.0,actuator_motors,none,6030580,3763345,2.7,,A
d46420a0-e735-4f6a-9218-6ae241b165bb,ok,17630207.0,v1.12-1.13,0.028037383177570093,0.028037383177570093,0.0,True,0.0,0.0,0.182,6.0,actuator_outputs,per_channel,3656460,2314976,2.7,,B
a50059ee-27be-44c8-be77-9b3db3f3a42e,ok,17825984.0,v1.16+,0.0,0.0,0.0,True,0.023984010659560292,3.0005529999999965,0.7276144623756409,4.0,actuator_motors,none,6573710,4599925,2.9,,C
362cfe16-d6bc-4a54-af9b-836f45ba906e,ok,17761280.0,v1.14-1.15,0.0,0.0,0.0,True,0.00025081514923501377,0.006244999999999834,0.2833860866725444,4.0,actuator_motors,none,16012053,10292556,7.1,,A
93cc3801-592b-44b0-ba05-2c764185b4d5,ok,17629952.0,v1.12-1.13,0.0,0.0,0.0,True,0.0,0.0,0.299,6.0,actuator_outputs,per_channel,9030240,4688793,3.4,,A
1cd15c5d-eb49-4753-951b-321bba97fd20,ok,17694720.0,v1.14-1.15,0.0,0.0,0.0,True,,,,4.0,actuator_motors,none,4776019,3002461,3.2,,B
19c57914-c496-44e6-94de-80cf9545172a,ok,17825984.0,v1.16+,0.0,0.0,0.0,True,,,,4.0,actuator_motors,none,9244677,5175757,8.8,,C
39d790e8-8e0b-4b33-91fd-1aab3c482739,ok,17825856.0,v1.16+,0.0,0.3,0.0,True,0.0,0.0,0.35734471082687375,4.0,actuator_motors,none,33164800,13604850,10.7,,A
da6e5561-6561-461a-9e66-ebba1bcebe35,ok,17695488.0,v1.14-1.15,0.01652892561983471,0.0,0.0,True,0.0,0.0,0.18658433556556694,4.0,actuator_motors,none,66497156,29548467,38.7,,A
8c66a267-c7b8-4815-a7e2-d1e81600d2cc,ok,17826240.0,v1.16+,0.18516674962667995,0.0,0.0,True,0.0,0.0,0.1040559582412243,4.0,actuator_motors,none,39421425,25087875,10.1,,B
3aed0737-d5cc-4128-9169-346182f4fe14,ok,17825984.0,v1.16+,0.0,0.0,0.0,True,0.0023228803716608595,0.10125000000000028,0.452776774764061,4.0,actuator_motors,none,4837274,3851630,4.0,,B
ef1ba1ad-f8ef-4a43-bffa-e6821a1dc879,ok,17826047.0,v1.16+,0.0,0.0,0.0,True,0.0,0.0,0.16492489725351334,4.0,actuator_motors,none,14485649,9125645,8.2,,B
73af4ad7-5337-4a49-9711-5c311c438741,ok,17761535.0,v1.14-1.15,0.0,0.0,0.0,True,0.0006997900629811056,0.10011900000000651,0.17107151746749877,4.0,actuator_motors,none,32207627,20357019,9.0,,B
aaffbd1c-33f1-4bd6-8ef9-46f0b81892ff,ok,17826047.0,v1.16+,0.0,0.6384615384615384,0.0,True,0.0,0.0,0.2399999928019856,4.0,actuator_motors,none,2896683,2322350,3.6,,A
fe8acbe3-6715-47ab-86ef-85efa8e35d68,ok,17826559.0,v1.16+,0.0,0.13522012578616352,0.023076923076923078,False,0.04727979274611399,4.801692000000003,0.6434870332479469,4.0,actuator_motors,none,6941744,4422944,4.4,,C
a80b97c8-918e-4320-b8e0-d7310e468f1b,ok,17695488.0,v1.14-1.15,0.0,0.0,0.0,True,0.0019461077844311378,0.026963999999999544,0.2993320688605308,4.0,actuator_motors,none,15164556,9254220,7.7,,C
a6a39cd8-5678-42ca-b318-89efaab9a3ad,ok,17826047.0,v1.16+,0.0,0.0,0.0,False,0.0,0.0,0.2772883176803586,4.0,actuator_motors,none,24630491,10527605,16.0,,B
0ad4c2cc-327a-4401-ae4d-bd651a44bcf0,ok,17761280.0,v1.14-1.15,0.0,0.0,0.0,True,0.620380739081747,26.799364999999998,0.9943620828911662,3.0,actuator_motors,none,2841531,1730828,2.4,,A
13d9fe02-af26-40e9-b7de-31a5d6474e33,ok,17695743.0,v1.14-1.15,0.0,0.11194029850746269,0.0,True,0.0,0.0,0.2663531988859175,4.0,actuator_motors,none,2691994,2014531,3.0,,B
a6881abf-7694-479c-a9ee-1ae46f698a9d,ok,17761280.0,v1.14-1.15,0.0,0.045531197301854974,0.0,True,0.0,0.0,0.165976881980896,4.0,actuator_motors,none,166550706,59271752,26.6,,A
054c135d-ccd1-4522-aa80-d6ea600fb534,ok,17760768.0,v1.14-1.15,0.0,0.0,0.0,True,0.0,0.0,0.45702697998497194,4.0,actuator_motors,none,5906367,4000872,3.2,,B
e9370530-e218-4a22-906e-64362677d6e2,ok,17630207.0,v1.12-1.13,0.0,0.0,0.0,True,0.0,0.0,0.5675999999999999,6.0,actuator_outputs,per_channel,4252153,2998627,3.8,,B
09f09de5-200d-4178-99c8-458b2e0a3f84,ok,17761535.0,v1.14-1.15,0.0763888888888889,0.0,0.0,True,0.0,0.0,0.12288538664579383,4.0,actuator_motors,none,2834815,2213517,5.7,,B
64ba3e3e-f82b-44bb-9e1c-0720af6974bb,ok,17630207.0,v1.12-1.13,0.0,0.0,0.0,True,0.005974345457740292,3.406690000000026,0.14266274869441986,4.0,actuator_motors,none,57798286,33241571,10.1,,B
d5dd99f1-bcd8-4396-894a-62142536f959,ok,17630207.0,v1.12-1.13,0.0,0.0,0.0,True,0.0,0.0,0.09194999999999996,6.0,actuator_outputs,per_channel,2560323,1755035,4.0,,B
1a82b2d4-6be5-49fa-a5a7-f182499e7315,ok,17694720.0,v1.14-1.15,0.03260869565217391,0.0,0.0,True,0.09590690208667736,4.400465999999994,0.6916502729058261,4.0,actuator_motors,none,45091240,10380096,13.2,,A
ba1ce4d5-83ad-44fa-b392-10a2553a41cc,ok,17825984.0,v1.16+,0.0,0.08142493638676845,0.0,True,0.0,0.0,0.07388656437397001,4.0,actuator_motors,none,54914397,22369780,50.3,,B
4c20817a-08a4-470f-84b8-d37dcc38a0fc,ok,17825792.0,v1.16+,0.0,0.0,0.0,True,0.0,0.0,0.13967635780572885,4.0,actuator_motors,none,69656618,35764098,25.4,,B
46b814e7-e9ca-4359-8f31-90a003a4dc9b,ok,17564159.0,v1.12-1.13,0.0,0.0,0.0,True,0.0,0.0,0.580342857142857,6.0,actuator_outputs,bus,6770250,4668468,6.8,,A
66f9ff7e-0f43-4ea9-a718-0021eadf2697,ok,17630207.0,v1.12-1.13,0.0,0.0,0.0,True,0.0,0.0,0.37900000000000006,6.0,actuator_outputs,per_channel,10363767,5760353,6.4,,B
7d300380-56dc-4d3f-b455-800db37baf29,ok,17826047.0,v1.16+,0.0,0.004862799583188607,0.0,True,0.0,0.0,0.06703842282295228,4.0,actuator_motors,none,80853603,43148606,26.0,,C
5265aa00-0307-43d0-b401-3d934b071193,ok,17694975.0,v1.14-1.15,0.0,0.0,0.0,True,0.0,0.0,0.651257407489179,4.0,actuator_motors,none,2789996,1783896,2.0,,C
182e92cc-7f1c-4993-b69d-aaede05341da,ok,17498112.0,v1.12-1.13,0.0,0.0,0.0,True,0.0,0.0,0.5451428571428572,6.0,actuator_outputs,global,2275260,1531358,3.0,,B
79725955-99ca-45fd-9eda-28aee4462da1,ok,17761280.0,v1.14-1.15,0.0,0.0,0.0,True,0.0,0.0,0.1689854331314563,4.0,actuator_motors,none,39088709,24482751,8.7,,B
b45918f2-4b49-45cb-894e-13515bdd1857,ok,17760320.0,v1.14-1.15,0.0,0.0,0.0,True,,,,4.0,actuator_motors,none,21845923,11963199,9.7,,A
022ce74c-9951-4250-a124-ef935d8cb731,ok,17170944.0,v1.12-1.13,0.2054794520547945,0.0,0.0,False,0.009564293304994687,0.7999999999999972,0.12870272994041443,4.0,actuator_motors,none,28292493,12377851,7.6,,A
6b95d5ba-c495-41ab-8b62-ee471fe3c230,ok,17760320.0,v1.14-1.15,0.0,0.0,0.14705882352941177,True,0.0,0.0,0.13402728810906403,4.0,actuator_motors,none,9826386,5860283,3.5,,C
a9af264f-2692-4a88-ad73-65459811403a,ok,17695488.0,v1.14-1.15,0.0,0.0,0.0,True,0.012790697674418604,0.2962250000000033,0.4187150180339813,4.0,actuator_motors,none,4081307,2818973,4.1,,C
7d8b5fd3-91b4-4066-987a-ee35fabf79f6,ok,17630207.0,v1.12-1.13,0.0,0.0011413896418889999,0.11602209944751381,True,0.0,0.0,0.1878342509269714,4.0,actuator_motors,none,13213294,6652534,6.4,,B
aaf8a06e-9b92-4e97-928e-70d544818284,ok,17891328.0,v1.16+,0.0,0.0,0.0,True,,,,4.0,actuator_motors,none,52680106,16306875,28.2,,C
6dce647b-d755-4ca5-987e-f5447341ae95,ok,17825984.0,v1.16+,0.0,0.0,0.0,True,,,,4.0,actuator_motors,none,62637776,21360896,11.1,,C
508cbf79-8b01-47c7-8f97-a6fa72965904,ok,17761792.0,v1.14-1.15,0.0,0.0,0.0,True,0.0,0.0,0.3828070387244224,4.0,actuator_motors,none,15173905,8966792,4.3,,B
d83a1923-8b5d-4efd-9d7f-dd2579aa1975,ok,17825984.0,v1.16+,0.0,0.0,0.0,True,0.056,3.0999999999999996,0.6334498032927507,4.0,actuator_motors,none,29701925,12218686,5.2,,B
68e41824-3d91-44ea-86eb-d2f5619b7d5a,ok,17826240.0,v1.16+,0.0,0.0,0.0,True,0.0018726591760299626,0.1011620000000022,0.3329778015613556,4.0,actuator_motors,none,5329739,3916323,3.0,,A
1ad72cbb-434d-4ac7-af1a-8d7632a208ed,ok,17825984.0,v1.16+,0.048484848484848485,0.47878787878787876,0.0,True,0.011251758087201125,0.30129699999999815,0.2111538052558899,4.0,actuator_motors,none,3749621,3084959,3.0,,C
3016cacc-127e-462b-8324-30e8a2b559be,ok,17891392.0,v1.16+,0.014084507042253521,0.0528169014084507,0.0,True,0.0,0.0,0.027597899734973907,4.0,actuator_motors,none,4439529,3300312,6.9,,C
ef996020-534c-4fbe-9c66-9070bbfa3f10,ok,17891583.0,v1.16+,0.0,0.0,0.0,True,0.21544319982210858,0.5812430000000006,0.20674279928207395,4.0,actuator_motors,none,14728412,9274499,11.4,,B
0cc00f21-f0d1-4230-9451-cad0e454905d,ok,17891392.0,v1.16+,0.0,0.0,0.0,True,0.0,0.0,0.12204375267028808,4.0,actuator_motors,none,68131190,38987115,14.5,,C
e318dca3-8d2a-43fc-a0b6-e06baf03318c,ok,17761280.0,v1.14-1.15,0.0,0.0,0.0,False,0.36670547147846333,39.29749600000001,1.0,4.0,actuator_motors,none,7020717,4608627,2.9,,C
b853a17d-aeec-402b-8f8f-5634c615391f,ok,17826559.0,v1.16+,0.0,0.0,0.0,True,0.0,0.0,0.1848250150680542,4.0,actuator_motors,none,9462161,5896180,4.8,,B
135a8864-6e15-445e-bdd8-b67023cf7f52,ok,17826047.0,v1.16+,0.0,0.0,0.0,True,0.0002422950184144214,0.014036000000004378,0.3634983003139496,4.0,actuator_motors,none,7668746,4500172,4.4,,B
a9cbc514-026b-48d3-a7b1-31e9ddbc56e0,ok,17761535.0,v1.14-1.15,0.0,0.0,0.0,True,0.0,0.0,0.32378999888896937,4.0,actuator_motors,none,6250214,4087293,4.7,,B
b7fb3e13-ebf6-4e40-904a-c3fdb4b9c80c,ok,17695488.0,v1.14-1.15,0.0,0.0,0.0,True,0.0,0.0,0.07291299626231189,4.0,actuator_motors,none,2853941,1981263,4.1,,C
3c829f2c-f5f5-4f99-af7f-5fec7a1d8aae,ok,17761280.0,v1.14-1.15,0.0,0.0,0.0,True,0.0,0.0,0.12653974890708922,4.0,actuator_motors,none,15002502,9644520,8.4,,A
6cf28ab8-22ca-4e27-926c-122372ec9799,ok,17760256.0,v1.14-1.15,0.0,0.0,0.0,True,0.17985611510791366,1.1028790000000015,0.6975462399423122,4.0,actuator_motors,none,7080068,4547270,3.8,,B
e1c8767c-cc26-4861-8d10-e5e58d5b7313,ok,17891583.0,v1.16+,0.0,0.0,0.0,True,0.0034186257002372855,0.4821369999999945,0.4746540617197752,4.0,actuator_motors,none,122324454,43760693,20.5,,B
692fb0a1-8a08-45cb-9d3a-163e529148b2,ok,17761280.0,v1.14-1.15,0.0,0.0,0.0,True,0.0,0.0,0.0913513846695423,4.0,actuator_motors,none,30237343,7728949,11.1,,B
99a049a9-2766-4fbd-9f90-7294027443fc,ok,17761023.0,v1.14-1.15,0.0,0.0,0.0,False,0.0,0.0,0.2456064254045486,4.0,actuator_motors,none,2272251,1831781,2.2,,B
786f8d15-f5ce-48b4-ba1d-faecf552bb72,ok,17630207.0,v1.12-1.13,0.0,0.0,0.0,True,0.0,0.0,0.46499999999999997,6.0,actuator_outputs,per_channel,6013356,3133656,4.4,,C
b24b8c96-cb54-4a4b-9f7a-2c45c61507f6,ok,1610942207.0,,0.0,0.0,0.0,True,1.0,201.002015,0.6895,8.0,actuator_outputs,per_channel,17514264,8822954,5.1,not_px4_v96,
d4ce1a44-033e-4db4-9385-274c566660db,ok,17630207.0,v1.12-1.13,0.0,0.0,0.0,True,0.0,0.0,0.405,6.0,actuator_outputs,per_channel,16078549,7686474,10.1,,B
0ca4a70e-5457-44bc-b69e-f1761db4f2fe,ok,17761535.0,v1.14-1.15,0.0,0.020047169811320754,0.0,True,0.0,0.0,0.10993066430091858,4.0,actuator_motors,none,17606060,10730929,9.2,,C
02d39522-1db5-4b99-ade4-8451e31c6815,ok,402784511.0,,0.0,0.0,0.0,True,,,,8.0,actuator_outputs,none,37859328,18963040,8.9,not_px4_v24,
911db1cc-94ff-4b8e-9054-8b41add5cb2e,ok,17761280.0,v1.14-1.15,0.0,0.0,0.0,True,0.0,0.0,0.2171634495258331,4.0,actuator_motors,none,80252425,48185454,56.4,,B
ab016ae5-c4ed-4d51-b157-df636f4d6e48,ok,17695488.0,v1.14-1.15,0.0,0.0,0.0,True,0.7222222222222222,39.298243,0.4092892199754715,4.0,actuator_motors,none,4442825,3055953,2.5,,C
8162580d-797a-4909-958a-911d4074e734,ok,17695488.0,v1.14-1.15,0.0,0.0,0.0,True,0.0,0.0,0.21707986295223236,4.0,actuator_motors,none,10345943,6107031,4.4,,B
3a0a0ea1-ad59-4140-9651-c893c21971c1,ok,17694720.0,v1.14-1.15,0.006802721088435374,0.0,0.0,True,0.41472045293701343,19.800027,1.0,4.0,actuator_motors,none,6930826,4584375,5.8,,B
b2f94c99-96f5-4fd4-9c72-b95b7ca10c52,ok,17760768.0,v1.14-1.15,0.0,0.0,0.0,True,,,,4.0,actuator_motors,none,14688537,7554339,5.2,,C
7f8a3deb-b0e2-4742-ab8d-45d7f01f9bcf,ok,17695743.0,v1.14-1.15,0.0,0.0,0.0,True,0.0,0.0,0.14247267395257948,4.0,actuator_motors,none,6417716,4281143,5.5,,C
fbbc6caf-8bc0-4370-a980-169b754c7267,ok,17695488.0,v1.14-1.15,0.0,0.0,0.0,True,0.0,0.0,0.05346782058477399,4.0,actuator_motors,none,14683984,8628594,5.5,,B
145fcaff-23d4-4f09-8480-8bcf70a2bfae,ok,17826559.0,v1.16+,0.0,0.0,0.019002375296912115,False,0.010856453558504222,0.6012580000000014,0.2061336278915405,4.0,actuator_motors,none,3864859,3158909,16.0,,C
b92af6a1-87eb-4e89-8dda-5ebe9995939c,ok,17564671.0,v1.12-1.13,0.0,0.03116531165311653,0.0,True,0.16399779127553837,9.313788999999986,0.9851428571428572,6.0,actuator_outputs,bus,14656861,9239560,4.5,,B
ad0262e4-7835-4752-88eb-528056ad33f9,ok,17630207.0,v1.12-1.13,1.0,0.0,0.0,True,0.0,0.0,0.434,6.0,actuator_outputs,per_channel,8277766,4716718,7.1,,A
0d81633c-2f6f-447c-ba20-3692c9323a9d,ok,17498880.0,v1.12-1.13,0.0,0.0,,True,0.0,0.0,0.34,8.0,actuator_outputs,global,55693319,30556264,13.2,,B
2e5b46c9-6b1e-42f5-862a-aed9b9de2d84,ok,17629952.0,v1.12-1.13,0.0,0.0,0.0,True,0.0009233610341643582,0.09795599999999638,0.4078999999999999,6.0,actuator_outputs,per_channel,4869158,3437503,3.8,,C
5c6a84b8-7174-4d99-826c-8dd2a6d0b461,ok,17761535.0,v1.14-1.15,0.024738344433872503,0.0,0.0,True,0.0,0.0,0.16643653437495232,4.0,actuator_motors,none,21362837,13079410,7.5,,C
b6945ffc-c5e6-4e35-8909-1ee84ca0e233,ok,17695488.0,v1.14-1.15,0.0,0.0,0.0,True,0.008169934640522876,0.2000780000000013,0.2963718622922897,4.0,actuator_motors,none,2698683,2070997,3.2,,C
c9b9564d-27d2-41eb-8ddf-e37f8f5ef7f3,ok,17694720.0,v1.14-1.15,0.07608695652173914,0.0,0.0,False,0.08304891922639362,7.069334999999995,0.9999999785386322,4.0,actuator_motors,none,4699912,2976585,3.2,,C
cd4c634f-f577-4851-ac95-201a17460cb2,ok,17825856.0,v1.16+,0.0,0.0,0.0,True,0.0,0.0,0.08102670311927777,4.0,actuator_motors,none,9722718,5676709,9.2,,C
d2aa4072-6a4d-43a5-803f-785431a6767e,ok,17760511.0,v1.14-1.15,0.0,0.0,0.0,True,,,,4.0,actuator_motors,none,15949430,9154556,8.5,,B
226c5692-be99-4a2f-8844-b5b516460f74,ok,17694975.0,v1.14-1.15,0.0,0.0,0.0,True,0.008569098936939431,0.5885979999999904,0.4381724968552589,4.0,actuator_motors,none,47676560,30100503,11.0,,B
dd851e1e-2fd3-4ad9-a55e-e2b29e3a81dc,ok,17695744.0,v1.14-1.15,0.0,0.0,0.0,True,0.0,0.0,0.08404062909891333,4.0,actuator_motors,none,12894484,7246269,9.6,,C
66ae9354-aafc-4450-9c4f-384be53bfe15,ok,17825984.0,v1.16+,0.0,0.0,0.0,False,0.0,0.0,0.0017220616340637204,4.0,actuator_motors,none,127475330,47908447,21.7,,A
4f204dae-c4c1-4e5b-80b6-62e3ce681dd1,ok,50332160.0,,0.0,0.0,0.0,True,,,,4.0,actuator_motors,none,1130496,894857,3.0,not_px4_v3,
bc4155e5-d3d0-429a-9d99-0122ee2e3ed0,ok,17891392.0,v1.16+,0.0,0.7028753993610224,0.0,True,0.0,0.0,0.12337128967046704,4.0,actuator_motors,none,2907581,2381548,5.1,,B
9c1ed126-8527-4ca2-b289-b221107efc42,ok,17891583.0,v1.16+,0.0,0.0,0.0,True,0.012768309783194908,2.3652589999999236,0.1839931309223175,4.0,actuator_motors,none,57499694,35205174,10.3,,B
2563c790-9f15-4d54-80c0-0627e8398221,ok,17432576.0,v1.12-1.13,0.0,0.0,0.0,True,0.0,0.0,0.3327500000000001,6.0,actuator_outputs,global,2602375,1489531,2.9,,B
4beb5afd-7b5a-4ead-807f-7dce44ac94ce,ok,17630207.0,v1.12-1.13,0.0,0.07386363636363637,0.0,True,0.0,0.0,0.24019999999999997,6.0,actuator_outputs,per_channel,3790109,2624540,7.0,,B
af959f88-9bad-45da-ae8d-02cade79f44f,ok,17695743.0,v1.14-1.15,0.0,0.0,0.0,True,0.0,0.0,0.1005476832389831,4.0,actuator_motors,none,9850496,6033650,7.4,,C
ba7eb6d5-d740-4aa8-87b1-09cfa9e72aec,ok,17694720.0,v1.14-1.15,0.0,0.0,0.0,True,,,,4.0,actuator_motors,none,20746575,10828015,16.0,,B
0bcd49e8-837a-4a01-a73b-948644615910,ok,17695488.0,v1.14-1.15,0.024822695035460994,0.0,0.0,True,0.015418621436304583,4.03500200000002,0.07318314760923383,4.0,actuator_motors,none,88264565,29483040,14.0,,A
861599aa-46b0-433c-b584-0177d3d958ee,ok,17761535.0,v1.14-1.15,0.0,0.26586102719033233,0.0,True,0.0,0.0,0.1534675329923629,4.0,actuator_motors,none,4923322,3433763,3.3,,B
144a4e23-2549-4eb3-af4a-9e6585e35970,ok,17761535.0,v1.14-1.15,0.023622047244094488,0.03937007874015748,0.0,True,0.0003237293622531564,0.10146699999999953,0.19535300731658933,4.0,actuator_motors,none,13150502,8610120,4.3,,B
d0f356ce-130d-4a74-a6a5-4c3835ad0f40,ok,17695488.0,v1.14-1.15,0.0,0.0,0.0,True,0.0,0.0,0.10121837854385375,4.0,actuator_motors,none,7171830,4476526,3.0,,B
3af7a8fd-6c8f-41b1-95fd-a7f3c0124e52,ok,17760256.0,v1.14-1.15,0.0,0.0,0.0,True,,,,4.0,actuator_motors,none,2905134,1966872,2.4,,C
1dd5172c-8eed-4063-93fa-1535a1f89466,ok,17498879.0,v1.12-1.13,0.0,0.07526881720430108,0.0,True,0.0011976047904191617,0.09761600000000215,0.2651428571428571,6.0,actuator_outputs,global,2522121,1706674,2.3,,B
fd9a5623-2039-458b-ba27-cca82774fa6f,ok,17629184.0,v1.12-1.13,0.0,0.0,0.0,False,0.0,0.0,0.6354999999999995,6.0,actuator_outputs,per_channel,2417432,1590416,2.2,,B
3b7fcffd-cdb8-4f9b-a929-93c5becef811,ok,17826047.0,v1.16+,0.0,0.0,0.0,True,0.07053291536050156,5.002485000000007,0.8031650744378567,4.0,actuator_motors,none,5826782,4100155,6.1,,C
611a7cc1-8ed5-42b5-964b-8ee4fbe9dad5,ok,17891392.0,v1.16+,0.0,0.3068181818181818,0.0,False,0.00875,0.6000000000000014,0.10902286767959582,4.0,actuator_motors,none,24673465,10253833,6.9,,C
7b74775b-ba0c-4485-bc9e-cbd899887242,ok,17760384.0,v1.14-1.15,0.0,0.0,0.0,True,0.0,0.0,0.07417795062065125,4.0,actuator_motors,none,17379238,11642344,6.4,,C
8e09c782-d849-4533-9a10-79fd4f2d1160,ok,17630207.0,v1.12-1.13,0.0,0.0,0.0,True,0.0,0.0,0.177,6.0,actuator_outputs,per_channel,2106084,1531642,2.1,,A
2f19b5fe-7834-464b-84cf-0bb377a70755,ok,17629951.0,v1.12-1.13,0.0,0.0,0.0,True,0.0,0.0,0.0,6.0,actuator_outputs,bus,5779228,3946427,3.6,,C
a4d300ea-e6e9-4463-9f1c-24e84e5d7053,ok,17695488.0,v1.14-1.15,0.0,0.0,0.0,False,0.0,0.0,0.45580364465713497,5.0,actuator_motors,none,17474361,9959268,5.5,,A
bff82f5d-2cba-4547-91ce-415560f26692,ok,17629184.0,v1.12-1.13,0.0,0.0,0.0,True,0.0,0.0,0.2834285714285714,6.0,actuator_outputs,bus,4317319,2636767,4.8,,C
d473bd3a-caff-493e-8356-c2c6749c4efc,ok,17891328.0,v1.16+,0.0,0.0,0.0,True,0.0,0.0,0.1372948855161667,4.0,actuator_motors,none,7299412,4997547,5.2,,C
5368db56-f05e-41e4-98bf-de855e41f8ab,ok,17760511.0,v1.14-1.15,0.0,0.0,0.0,True,,,,4.0,actuator_motors,none,22504968,10790565,10.9,,B
286facb0-a183-4636-a7cb-db7ce90098c3,ok,17826047.0,v1.16+,0.0,0.0,0.0,True,0.0,0.0,0.14618750810623168,4.0,actuator_motors,none,46730550,19829088,24.4,,B
ae301b77-ebf4-48a5-8edd-92f783d014ba,ok,17826303.0,v1.16+,0.0,0.0,0.0,True,0.0,0.0,0.2684933513402936,4.0,actuator_motors,none,4622213,3118750,2.5,,C
da85650c-66ba-4f86-9f72-61ed91aa5032,ok,17760511.0,v1.14-1.15,0.0,0.0,0.0,True,0.005172413793103448,0.10055200000000042,0.7397361360490322,4.0,actuator_motors,none,3032692,2363464,3.0,,B
a51a2ae2-c159-4bee-89bf-c2753a3a9eb8,ok,17695743.0,v1.14-1.15,0.02849002849002849,0.0,0.0,True,0.002372479240806643,0.10103699999999094,0.38870079815387726,4.0,actuator_motors,none,7527117,5258534,2.9,,B
d1885d3b-d845-4453-b0f5-5b6d6f66fc87,ok,17695743.0,v1.14-1.15,0.9837837837837838,0.0,0.0,True,0.41113744075829384,8.501975999999999,0.5794220641255379,4.0,actuator_motors,none,3730511,2460908,3.2,,B
ebcb42ce-b660-4394-929c-e964f58b1e35,ok,17694720.0,v1.14-1.15,0.0,0.0,0.0,True,0.0,0.0,0.15749710500240324,4.0,actuator_motors,none,3291077,2244640,2.6,,C
54237cd9-8f92-4163-965d-989bad10109f,ok,17761535.0,v1.14-1.15,0.0,0.0,0.0,True,0.0,0.0,0.09923839569091797,4.0,actuator_motors,none,3085227,2190463,2.7,,B
4124f0e3-748c-46d5-afb6-76622465d9db,ok,17761535.0,v1.14-1.15,0.0,0.0,0.0,True,0.0,0.0,0.14456700384616852,4.0,actuator_motors,none,2810357,2172094,2.5,,B
9683ceb6-b2f4-49f2-a16c-5e171230d666,ok,17826240.0,v1.16+,0.0,0.08088235294117647,0.0,True,0.0,0.0,0.3013988181948661,4.0,actuator_motors,none,2492615,1971521,3.4,,B
cce69a90-9384-4b9b-bbdb-2a7774adc033,ok,17695488.0,v1.14-1.15,0.07954545454545454,0.0,0.0,False,0.040892193308550186,1.5024990000000003,0.3803393319249153,4.0,actuator_motors,none,2797543,1919484,4.6,,C
464e089d-2646-4f69-81ee-f50e1df24dcc,ok,17695488.0,v1.14-1.15,0.0,1.0,0.14868804664723032,True,0.0,0.0,0.16357451528310774,4.0,actuator_motors,none,2219203,1590433,3.0,,C
949165e4-4348-4e04-9252-80bf97537577,ok,67441920.0,,0.0,0.0,0.0,False,0.0005717552887364208,0.06680699999999717,0.38,6.0,actuator_outputs,bus,12923964,7081039,4.9,not_px4_v4,
9f587c97-9afd-450d-9998-d12b18558c6f,ok,17891583.0,v1.16+,0.0,0.0,0.0,True,0.0,0.0,0.6000121742486954,4.0,actuator_motors,none,12225476,7986526,5.1,,A
abeddd84-cfb9-47c7-b6d0-4000304f5d9a,ok,17629952.0,v1.12-1.13,0.0,1.0,0.0,True,0.0,0.0,0.6647999999999993,6.0,actuator_outputs,per_channel,5913500,3515001,3.0,,A
867fad98-fd8d-4f89-95eb-f88f63e0ed5b,ok,17695743.0,v1.14-1.15,0.0,0.0,0.0,True,0.0,0.0,0.32688915878534314,6.0,actuator_motors,none,4644369,3340556,2.9,,C
238f1bbe-754b-40a1-a38f-9d2ff98d8e5a,ok,17891583.0,v1.16+,0.08376963350785341,0.13350785340314136,0.0,True,0.008187134502923977,0.40247999999999706,0.4963179253041744,4.0,actuator_motors,none,8334873,5995960,4.5,,B
f28514f8-9bb0-4d45-9c1f-2d3f6cfd2abb,ok,17760767.0,v1.14-1.15,0.0,0.0,0.0,True,0.0,0.0,0.4411303550004959,5.0,actuator_motors,none,3261681,2633381,2.5,,C
b48ef0ea-3a41-4f1d-a103-2d8d0c98f4e4,ok,17695488.0,v1.14-1.15,0.0,0.0,0.0,True,0.0,0.0,0.1051296591758728,4.0,actuator_motors,none,2051062,1570589,3.4,,B
aa365e2c-9209-4be7-b694-ff4ff48a470c,ok,17629952.0,v1.12-1.13,0.0,0.0,0.0,True,0.0,0.0,0.26399999999999996,6.0,actuator_outputs,per_channel,7508491,3983849,5.0,,C
27e43ffc-8215-491c-8358-fd4c87f5a0fe,ok,17761280.0,v1.14-1.15,0.0,0.0,0.0,True,0.0,0.0,0.23707782030105584,4.0,actuator_motors,none,7119974,4748901,4.4,,A
88659cf9-062d-42ed-a0ab-37a8595345e8,ok,17302271.0,v1.12-1.13,0.0,0.0,0.0,True,0.0,0.0,0.3542857142857143,6.0,actuator_outputs,global,6633980,3387557,3.8,,B
11c11faa-1d40-47a4-8ad0-9cac24f364f9,ok,255.0,,0.0,0.0,0.0,True,0.0,0.0,0.5007289607262861,4.0,actuator_motors,none,6800625,4842765,6.9,not_px4_v0,
3c8f61f0-895d-421e-8dff-526ae7e14a96,ok,17629951.0,v1.12-1.13,0.0,0.0,0.0,True,0.0,0.0,0.14200000000000002,6.0,actuator_outputs,per_channel,52405256,30187728,16.0,,C
5c44024c-ebe2-4d49-b874-660b3d87c890,ok,17826559.0,v1.16+,0.0,0.0,0.0,True,0.0,0.0,0.2717479899525642,4.0,actuator_motors,none,4223337,3184614,4.7,,C
0e53765a-0243-44d7-8742-bd349d5d9a5c,ok,17695488.0,v1.14-1.15,0.0,0.0,0.0,True,0.0,0.0,0.0874032914638519,4.0,actuator_motors,none,24393130,6586301,9.0,,B
c272ef0e-1937-400a-9733-0dd63ff52175,ok,17499135.0,v1.12-1.13,0.0,0.0,0.0,True,0.0,0.0,0.5028999999999998,8.0,actuator_outputs,global,6322937,4437595,9.2,,C
181ffde0-157b-4a51-9dc2-b3198cc468fb,ok,17761535.0,v1.14-1.15,0.0,0.0,0.0,True,,,,4.0,actuator_motors,none,34541665,19670404,13.2,,B
73ee4770-c0c1-4120-bfc1-d10f48c43023,ok,17825984.0,v1.16+,0.0,0.0,0.0,True,0.0,0.0,0.25947403907775873,4.0,actuator_motors,none,3215467,2197928,5.2,,B
1c09d15d-088f-4b50-8f4f-e16a208d028d,ok,17760512.0,v1.14-1.15,0.0,0.0,0.0,True,0.0,0.0,0.29912787675857544,4.0,actuator_motors,none,9795006,6418367,6.4,,B
14ded8fd-4876-4dd8-8ab2-2b633ff824f5,ok,17761280.0,v1.14-1.15,0.015356820234869015,0.015356820234869015,0.0,True,0.05495985620131816,2.323127999999997,0.20285017490386953,4.0,actuator_motors,none,174146476,56509996,37.2,,C
be1a4ca6-a045-4a09-ac1b-07d27790bf1a,ok,17761280.0,v1.14-1.15,0.0,0.0,0.0,True,0.0,0.0,0.26545452177524564,4.0,actuator_motors,none,59778451,31909514,13.3,,B
601ff888-bfce-47c9-a451-d822d8cf901b,ok,17629952.0,v1.12-1.13,0.0,0.0,0.0,True,0.0,0.0,0.21197663098573682,4.0,actuator_motors,none,7343741,4395800,4.0,,C
e00161af-ce4f-45ec-a2a0-acbb8bc2f3e9,ok,767.0,,,,0.0,True,0.0010141987829614604,0.10256200000000071,0.46510484025259796,4.0,actuator_motors,none,7517877,4570158,4.1,not_px4_v0,
b67deae1-d1e9-47ef-8789-73dbaa5c523b,ok,17694975.0,v1.14-1.15,0.0,0.0,0.0,True,0.0,0.0,0.26660772114992143,4.0,actuator_motors,none,7115548,4716473,3.2,,C
71f36a00-851d-4ea4-ad41-be8fb0c54137,ok,17761535.0,v1.14-1.15,0.0,0.0,0.0,True,0.0,0.0,0.4492876976728437,4.0,actuator_motors,none,2676368,2003715,2.3,,C
ff64d244-0c91-4025-a1c1-604405795652,ok,17761023.0,v1.14-1.15,0.0,0.0,0.0,True,0.0,0.0,0.4513198152184486,4.0,actuator_motors,none,10144107,5845207,4.6,,A
ecfafc35-90c8-40f3-8ef3-a003e26fb20f,ok,17694975.0,v1.14-1.15,0.0,0.03424657534246575,0.0,True,0.9668547249647391,99.90036,1.0,4.0,actuator_motors,none,5548502,3544414,3.6,,B
875f2a48-343f-4af1-a1fa-4894a4965a2e,ok,17761280.0,v1.14-1.15,0.0,0.0,0.13122923588039867,True,0.002944888514934792,0.4023059999999816,0.27699446082115153,4.0,actuator_motors,none,10396426,6754519,4.4,,A
5b6635d3-6f24-4cff-927a-908c8d8c5e5b,ok,17761535.0,v1.14-1.15,0.02127659574468085,0.07659574468085106,0.0,True,0.0,0.0,0.20969308018684385,4.0,actuator_motors,none,50069502,20585394,9.4,,B
2c5605c7-1711-4862-866b-1d2470015a8b,ok,17825792.0,v1.16+,0.0,0.0,0.0,True,0.0184992901188786,0.3292409999999961,0.37059617042541504,4.0,actuator_motors,none,19758383,12569240,5.5,,C
3bdd4ef5-4fe4-42d3-b032-4af60d39fd84,ok,17760256.0,v1.14-1.15,0.0,0.0,0.0,True,0.03959390862944162,3.8990439999999893,0.45950952021865743,4.0,actuator_motors,none,3425879,2238150,2.6,,C
d6fbb6a4-2364-43ea-a007-f29ecd39d94a,ok,17761535.0,v1.14-1.15,0.0,0.0,0.18200408997955012,True,0.06989247311827956,4.500840000000011,0.38135779500007616,4.0,actuator_motors,none,3967741,2805264,2.6,,A
cf203c25-7f88-4731-ab5c-032dc86ce208,ok,17564416.0,v1.12-1.13,0.0,0.0,0.0,True,0.0,0.0,0.32500000000000007,6.0,actuator_outputs,bus,4037804,2690972,4.3,,B
c83838c1-8676-433d-9dd7-af1c418575ca,ok,17630207.0,v1.12-1.13,0.0,0.0,0.0,True,0.0,0.0,0.19479999999999997,6.0,actuator_outputs,per_channel,3587461,2358202,3.8,,C
f18bf2d6-0634-411f-85c1-84f4ff39ee67,ok,17826240.0,v1.16+,0.0,0.0,0.0,True,0.0,0.0,0.25921020507812487,4.0,actuator_motors,none,4635559,3496431,3.8,,C
22436e7f-492b-441f-ab3b-14bbab1f022d,ok,17694720.0,v1.14-1.15,0.0,0.0,0.0,True,0.07810913119748869,2.0025020000000495,0.60993592441082,4.0,actuator_motors,none,45324403,28181108,20.9,,B
7a483895-6201-4f66-af59-0c01218ae3df,ok,17695488.0,v1.14-1.15,0.6940298507462687,0.0,0.0,True,0.0,0.0,0.4934950299095362,4.0,actuator_motors,none,2756169,2013561,2.8,,B
53863ea2-a094-4c59-a957-98e566575bdf,ok,17761280.0,v1.14-1.15,0.0,0.0,0.0,True,0.0,0.0,0.1815277375280857,4.0,actuator_motors,none,5983799,4032997,3.2,,C
a2ebb6df-49c7-487f-930d-b61cd67fa67f,ok,17694975.0,v1.14-1.15,0.0,0.0,0.0,True,0.01893095768374165,0.500591,0.5730205342173575,5.0,actuator_motors,none,3964813,2915735,3.2,,B
c1709db8-9ec5-4c74-8d98-72fc9e5796e3,ok,17433087.0,v1.12-1.13,0.0,0.0,0.0,True,0.004241435562805873,0.15208200000000005,0.4857142857142857,6.0,actuator_outputs,global,7737510,3965584,3.7,,A
85324e46-7f7f-41e5-bf71-6ce705fe3b4c,ok,17761535.0,v1.14-1.15,0.0,0.0,0.0,True,0.0,0.0,0.1183624118566513,4.0,actuator_motors,none,4895622,3190058,3.9,,C
66705865-6555-4077-852a-8d75706e6937,ok,17825920.0,v1.16+,0.0,0.11731843575418995,0.0,True,0.2766497461928934,8.398960000000002,1.0,4.0,actuator_motors,none,17319536,4932606,5.1,,B
4531e907-7833-47d5-aa6c-49017f367bf4,ok,17694975.0,v1.14-1.15,0.0,0.0,0.0,True,,,,4.0,actuator_motors,none,10892023,5849773,7.3,,C
9924920f-3ecc-4b6e-a27b-d2771f0eb297,ok,17695488.0,v1.14-1.15,0.0,0.0,0.0,True,0.0,0.0,0.21304454207420348,4.0,actuator_motors,none,15463373,9209224,8.6,,B
d3e5bdbf-ffeb-48ba-84d3-0442a6bc6671,ok,17891583.0,v1.16+,0.0,0.0,0.0,False,0.2655775425678785,9.30749999999999,1.0,4.0,actuator_motors,none,22474711,11580544,14.8,,B
c3516a86-b970-4d3d-932a-a371b79bcb1b,ok,17761280.0,v1.14-1.15,0.0,0.0,0.0,True,0.0,0.0,0.05301876813173293,4.0,actuator_motors,none,43786463,15154484,9.3,,B
bcc6e67a-e0d6-4bda-b86b-53d2c7cf2539,ok,17761280.0,v1.14-1.15,0.0,0.0,0.0,True,0.0,0.0,0.4756916891783476,4.0,actuator_motors,none,13819207,8829000,4.1,,A
950c54d6-22c4-41ce-b275-fd17795656a9,ok,17564416.0,v1.12-1.13,0.00816326530612245,0.0,0.11311475409836065,True,0.000856898029134533,0.08869200000000177,0.801063829787234,6.0,actuator_outputs,bus,7595565,4356341,4.0,,C
39dfff52-f646-4ce6-b61c-ab648f31cc09,ok,17761280.0,v1.14-1.15,0.0,0.0,0.0,True,0.0,0.0,0.21878866851329803,4.0,actuator_motors,none,4293781,2866270,3.3,,C
ea2f976c-a76e-4f2d-892d-6e5d4957831c,ok,17694975.0,v1.14-1.15,0.0,0.0,0.0,True,0.7101226993865031,46.298259,1.0,4.0,actuator_motors,none,2886794,2231905,3.4,,B
58d67b85-fe6c-4754-a674-cc2a6db78e23,ok,402784511.0,,0.0,0.0,,True,,,,8.0,actuator_outputs,none,2205696,1230681,3.1,not_px4_v24,
0231bba5-b8b9-4add-a134-14066d6b433a,ok,34428672.0,,0.0,0.20833333333333334,0.0,False,0.1008610086100861,5.299768999999998,0.6592740163207054,4.0,actuator_motors,none,6639650,3819007,4.9,not_px4_v2,
077ec586-777f-4ad1-bd7c-82e239b2c111,ok,17630207.0,v1.12-1.13,0.02090032154340836,0.1045016077170418,0.010362694300518135,False,0.02526246719160105,2.800873000000024,0.277,6.0,actuator_outputs,per_channel,10241801,6511714,12.6,,B
44d8cdba-0a2c-4952-bba8-fa56f6d771d7,ok,17498880.0,v1.12-1.13,0.0,0.0,,True,0.0,0.0,0.398,8.0,actuator_outputs,global,123002025,65910730,28.3,,B
191527c6-342a-4d0d-8ce6-f654689552a7,ok,17694975.0,v1.14-1.15,0.0,0.0,0.0,True,0.0,0.0,0.4921245723962783,4.0,actuator_motors,none,25703332,10076277,14.5,,C
b6b22e80-2c26-4f19-b944-57d76e9220a7,ok,17891583.0,v1.16+,0.0,0.0,0.0,True,0.02074468085106383,9.898521999999957,0.11152443140745132,4.0,actuator_motors,none,70895876,21011206,27.4,,C
ec1f2c5d-fa15-432a-8fbe-59b28f91e94d,ok,17694976.0,v1.14-1.15,0.0,0.0,0.0,True,,,,4.0,actuator_motors,none,101458478,38945947,41.1,,C
69c12090-73ed-42e5-a8e7-273de4ef8727,ok,17694848.0,v1.14-1.15,0.021621621621621623,0.0,0.0,False,0.0,0.0,0.2160902328789234,4.0,actuator_motors,none,15737040,8481928,6.3,,B
acea2a9e-097a-4594-942a-156dc0bfa648,ok,17760767.0,v1.14-1.15,0.0,0.0,0.0,True,0.0,0.0,0.24075188040733328,4.0,actuator_motors,none,9361513,6152564,4.4,,A
81fdddcc-c8d2-4d44-893b-8c4643217e37,ok,17760511.0,v1.14-1.15,0.0,0.0,0.0,True,0.0015325670498084292,0.1019459999999981,0.4568848013877868,4.0,actuator_motors,none,5445340,3631467,5.7,,A
003e85ee-1152-4fdc-a6e5-e6291b9938d4,ok,17695743.0,v1.14-1.15,0.0,0.0,0.0,True,0.002976190476190476,0.098633999999997,0.6967776603996754,4.0,actuator_motors,none,5089873,3160532,5.7,,A
50de8271-7f60-489a-8be3-754839ac5d8b,ok,17564416.0,v1.12-1.13,0.02748414376321353,0.02748414376321353,0.0,True,0.9019438444924406,109.39971,0.9988571428571429,6.0,actuator_outputs,bus,6959201,4221433,4.0,,A
613ed6dd-0a1b-4628-9920-e64f319b17aa,ok,17891392.0,v1.16+,0.0,0.23615160349854228,0.0,True,0.0075,0.7999999999999972,0.05089560151100158,4.0,actuator_motors,none,48520481,20734835,12.4,,B
cd6f7c53-64ae-4ca0-8686-ce8003f58934,ok,17564671.0,v1.12-1.13,0.059907834101382486,0.0,0.001841620626151013,True,,,,6.0,actuator_outputs,none,12702532,6652207,6.1,,A
3d6425f2-10e8-4e1f-a52b-b93e5cc60025,ok,17629951.0,v1.12-1.13,0.0,0.0,0.0,True,0.0,0.0,0.26,6.0,actuator_outputs,per_channel,91262381,29370407,27.8,,A
605ef5d4-e0bf-44c2-b19a-a486653fff6b,ok,17695743.0,v1.14-1.15,0.0,0.0,0.0,True,0.0,0.0,0.4402284979820251,4.0,actuator_motors,none,4886666,3479222,3.2,,C
66d64978-16c0-4e8d-bd32-e1c1176c253d,ok,17498623.0,v1.12-1.13,0.0,0.0,0.0,True,0.0,0.0,0.3751428571428571,6.0,actuator_outputs,global,2480450,1748060,2.9,,B
4dba66e9-b5c0-44f3-b2a1-f06d437584ac,ok,17629952.0,v1.12-1.13,0.0,0.0,0.0,True,0.0,0.0,0.15226935148239126,4.0,actuator_motors,none,4359411,2708868,5.0,,A
7c594443-05a9-4452-9ccd-73cec2c99d00,ok,17826303.0,v1.16+,0.0,0.0,0.0,True,0.0,0.0,0.12015373110771178,4.0,actuator_motors,none,8594555,5761913,5.7,,C
278dd73b-5ef5-43f5-8de2-4107fc890133,ok,17630207.0,v1.12-1.13,0.0,0.0,0.0,True,0.0,0.0,0.20600000000000002,6.0,actuator_outputs,per_channel,6342730,3966000,13.0,,B
d9355d93-d971-4807-983c-25bd139d9faf,ok,17826047.0,v1.16+,0.0,0.0,0.0,True,0.0,0.0,0.3237340319901705,4.0,actuator_motors,none,5924997,3982912,10.8,,A
45119151-7f80-4252-864e-fcaa3f245161,ok,17630207.0,v1.12-1.13,0.0,0.0,0.09420289855072464,True,0.0,0.0,0.6776,6.0,actuator_outputs,per_channel,3643794,2701789,3.1,,B
f5b1d76c-da1b-4d52-9119-7dbae0c72bb8,ok,17761023.0,v1.14-1.15,0.0,0.0,0.0,True,0.0,0.0,0.32781723141670227,4.0,actuator_motors,none,65771923,39533742,21.1,,B
e295682a-1a90-4d28-890f-5cec5b014c42,ok,17170944.0,v1.12-1.13,0.0,0.0,0.0,True,0.0,0.0,0.49270366350217437,4.0,actuator_motors,none,4406111,3119989,3.2,,B
48030630-04ad-4620-bbe4-7c23a944488f,ok,17760768.0,v1.14-1.15,0.0,0.0,0.0,True,,,,4.0,actuator_motors,none,118144741,55168329,24.9,,C
0c6b47bd-384a-44a7-8720-63805165a78e,ok,17695488.0,v1.14-1.15,0.0,0.0,0.0,True,0.0,0.0,0.10349881947040558,4.0,actuator_motors,none,6881133,4060450,4.0,,C
c9dbf2fe-04b9-4f36-aab8-1d01fed8c69c,ok,17761280.0,v1.14-1.15,0.0,0.0,0.0,True,0.0,0.0,0.1880933940410613,4.0,actuator_motors,none,21678747,13435369,4.4,,A
9ad72388-bc79-4937-8a1c-dc7fd39a7937,ok,17695743.0,v1.14-1.15,0.0,0.0,0.0,True,,,,4.0,actuator_motors,none,3061046,2008608,3.6,,A
a51cad4c-d3ee-4226-8eff-4b0d678e568c,ok,17695488.0,v1.14-1.15,0.0,0.0,0.0,True,0.0,0.0,0.04992758929729461,4.0,actuator_motors,none,10244920,6290944,6.1,,B
cd0f4b48-0057-416f-a790-7e8c49cdf47a,ok,16777727.0,v1.12-1.13,0.0,0.0,0.0,True,0.0,0.0,0.0928349882364273,4.0,actuator_motors,none,22456324,12535758,13.7,,C
1803c7eb-5d5b-4f1d-9a5f-705fe6a72b81,ok,17630207.0,v1.12-1.13,0.0,0.0,0.0,True,0.0,0.0,0.34299999999999997,6.0,actuator_outputs,per_channel,15166067,9204198,9.7,,C
2bdeed95-0d4b-44d4-ac32-14e081ec56fb,ok,17826559.0,v1.16+,0.04878048780487805,0.0,0.0,False,0.0062849697248409594,2.098169999999982,0.21938642859458912,4.0,actuator_motors,none,58460706,37311913,14.4,,A
80c85275-6272-497d-a194-41197409b881,ok,17761535.0,v1.14-1.15,0.0,0.0,0.0,True,0.0,0.0,0.38593700230121614,4.0,actuator_motors,none,4382986,3316419,3.0,,C
e2450fec-95c2-4666-9cc4-19b88e1eed04,ok,17695488.0,v1.14-1.15,0.0,0.0,0.0,True,0.0,0.0,0.4091089308261871,4.0,actuator_motors,none,2931170,2279842,3.2,,C
fc5fa47e-d478-44b3-8eef-831d0a09af64,ok,17630207.0,v1.12-1.13,0.025089605734767026,0.0,0.0,True,0.005200594353640416,0.40032100000000526,0.38,6.0,actuator_outputs,per_channel,6219724,3680715,3.3,,C
44d27924-2169-4506-a348-fc7d505820cf,ok,17695232.0,v1.14-1.15,0.0,0.0,0.0,True,0.07168141592920355,7.304011000000003,0.3414213955402374,4.0,actuator_motors,none,4241535,2725543,4.8,,C
24f6f17a-88f6-4c97-bfa8-db939f926588,ok,17761535.0,v1.14-1.15,0.0,0.0,0.0,True,0.0,0.0,0.172390878200531,4.0,actuator_motors,none,14754263,6933791,6.7,,C
7f7d6a9b-b429-48ca-81b4-1dfeb94ab32f,ok,67441920.0,,0.0,0.0,0.0,True,0.0,0.0,0.44266666666666665,6.0,actuator_outputs,bus,34965034,19301806,9.9,not_px4_v4,
bad029eb-306b-47e0-8873-d549d76027e2,ok,17564671.0,v1.12-1.13,,,,,,,,,none,none,4766265,3044884,3.3,,A
9890cc69-96c2-4046-8f33-336273d14c1a,ok,17826240.0,v1.16+,0.0,0.06772908366533864,0.0,True,0.0,0.0,0.1747175484895706,4.0,actuator_motors,none,15507761,9628898,5.4,,A
33bdaebb-4b31-4d0d-8f2f-9c3303497fdd,ok,17826047.0,v1.16+,0.0,0.0,0.0,True,0.8869524258125294,75.103365,1.0,4.0,actuator_motors,none,7476446,4555105,6.1,,B
8ba2b3f5-cb0c-4d2d-bc3a-064070d0326e,ok,17761535.0,v1.14-1.15,0.854586129753915,0.0,0.02371364653243848,True,0.9293205654354765,391.702407,0.9138845726847649,4.0,actuator_motors,none,17751974,10751237,8.7,,A
6513f98b-d4af-481c-b5c9-650ec853b284,ok,17891583.0,v1.16+,0.0,0.0,0.0,True,0.059748427672955975,0.3003290000000014,0.45471160113811493,4.0,actuator_motors,none,2974169,2386236,5.9,,C
2a3ebb0e-3704-4a6d-8e40-58b7f7cabe9a,ok,17694720.0,v1.14-1.15,0.0,0.08902077151335312,0.0,True,0.0,0.0,0.23339636623859364,4.0,actuator_motors,none,5712686,3743934,2.4,,B
e619608f-b2a3-41e7-80b4-411ef47a7aae,ok,17826047.0,v1.16+,0.0,1.0,0.0,True,,,,4.0,actuator_motors,none,75089633,43025963,17.7,,B
181808d6-4b85-456d-867f-71efd7449415,ok,17825984.0,v1.16+,0.0,0.0,0.0,True,0.0008012820512820513,0.09888299999999983,0.6292163435369728,4.0,actuator_motors,none,6040817,3421187,2.7,,B
f3b0ca30-6c50-49b8-9784-f942b7f41a4a,ok,17564416.0,v1.12-1.13,0.0,0.0,0.0,True,0.0,0.0,0.09433333333333284,6.0,actuator_outputs,bus,2989922,2037027,2.7,,C
99f68bd7-6f22-4a98-ad20-5e43b63db11b,ok,17694720.0,v1.14-1.15,0.04522613065326633,0.0,0.0,True,0.0,0.0,0.14418400973081585,4.0,actuator_motors,none,16315222,3821385,5.2,,B
14fc95cc-e0ac-43d9-ae8b-d970494cddb1,ok,17695487.0,v1.14-1.15,0.0,0.0,0.0984251968503937,True,0.01599360255897641,1.3936649999999995,0.17966268658638002,4.0,actuator_motors,none,17963097,10574190,6.2,,C
e76c06a4-e669-4ae6-bfaa-129bf4b26bf7,ok,17761023.0,v1.14-1.15,0.0,0.0,0.0,True,0.002213613724405091,0.10306099999999674,0.43136185407638516,4.0,actuator_motors,none,7847288,5246038,4.4,,B
505d2a3b-e923-40f1-a282-2b309598610a,ok,17760768.0,v1.14-1.15,0.0,1.0,0.0,True,,,,4.0,actuator_motors,none,9259090,5155192,4.4,,C
8066eff6-e039-4530-9ae1-19712141fa30,ok,17760768.0,v1.14-1.15,0.0,0.0,0.0,False,0.0031171751239204865,0.12357,0.23338289707899101,4.0,actuator_motors,none,30123298,8728897,8.3,,B
d19ecb79-8949-44a4-8921-88159a8c5404,ok,17694720.0,v1.14-1.15,0.0,0.0,0.14204545454545456,True,0.22473604826546004,1.300228999999998,0.6311072289943694,4.0,actuator_motors,none,3072926,2504987,5.3,,B
3e959850-239b-405a-ae6d-54b778d22093,ok,17761535.0,v1.14-1.15,0.0,0.0,0.0,True,0.0,0.0,0.09160292148590088,4.0,actuator_motors,none,4871034,3086615,6.7,,B
51310d23-eec4-4c54-86af-ae795e91df19,ok,17761280.0,v1.14-1.15,0.0,0.0,0.0,True,0.0,0.0,0.2895753011107445,4.0,actuator_motors,none,14471044,7486586,7.0,,C
4ca4ce24-1503-4181-8d7f-18e21ca2e3c9,ok,17564416.0,v1.12-1.13,,,,True,,,,,none,none,2192011,1265089,2.1,,B
1f8cb6de-87da-4b96-839f-f270302c0741,ok,255.0,,0.0,0.0,0.0,True,0.0,0.0,0.23161104321479797,4.0,actuator_motors,none,2924243,2273871,2.7,not_px4_v0,
ce93a5a7-0388-4507-8c3f-31ca657af619,ok,17891392.0,v1.16+,0.0,0.012437810945273632,0.0,True,0.0,0.0,0.26727294921875,4.0,actuator_motors,none,132622584,50666041,45.5,,B
b2d1a5f3-4601-4720-9c36-4be0dc58df69,ok,17499135.0,v1.12-1.13,0.0,0.0,0.0,True,0.0,0.0,0.3605,8.0,actuator_outputs,global,3715211,2662229,2.5,,B
72aa3008-fe4b-43ed-869e-f2aec481b1a1,ok,17761535.0,v1.14-1.15,0.0,0.0,0.0,True,0.0,0.0,0.2944682538509369,4.0,actuator_motors,none,4304520,3005055,3.5,,C
f34325c7-871e-4660-9fbc-ed0547ec70c8,ok,17761280.0,v1.14-1.15,0.0,0.0,0.0,True,0.0,0.0,0.24441787302494047,4.0,actuator_motors,none,11992360,8040332,5.1,,C
0fa2b31f-c2c5-4dd3-a10c-5a27b90590ea,ok,17760511.0,v1.14-1.15,0.0,0.15406976744186046,0.0,True,0.0,0.0,0.16359622329473492,4.0,actuator_motors,none,23343674,9849922,10.1,,C
1c1e95ba-e135-4f55-9bea-d48516d2a133,ok,17563904.0,v1.12-1.13,0.0,0.0,0.0,True,0.0,0.0,0.30762500000000004,6.0,actuator_outputs,bus,3304665,2402939,2.5,,C
9d19d89f-b880-41ae-afde-5aa7318c4555,ok,17629951.0,v1.12-1.13,0.9972826086956522,0.0,0.0,True,,,,,actuator_outputs,none,6605698,3843090,6.6,,B
2e16f5b7-98a8-48b1-ab27-3fbeba06a4ed,ok,17761023.0,v1.14-1.15,0.0,0.0,0.0,True,0.0,0.0,0.36098634004592867,4.0,actuator_motors,none,3355156,2546820,4.9,,C
a3093fa2-dc90-474c-a455-a89a6e50c975,ok,17761535.0,v1.14-1.15,0.0,0.0,0.18025078369905956,True,0.014487463851531572,0.7208509999999961,0.2756782962009302,4.0,actuator_motors,none,17855498,8986611,9.4,,A
c94d273b-ef8b-45c2-9b27-92e89c168738,ok,67441920.0,,0.0,0.0,0.011773940345368918,True,0.0,0.0,0.45866666666666667,6.0,actuator_outputs,bus,29107102,16731319,11.7,not_px4_v4,
c2340815-aaa3-4b96-a52a-89ae71ae30e2,ok,17629952.0,v1.12-1.13,0.13238289205702647,0.0,0.0,False,0.0,0.0,0.8479499999999996,6.0,actuator_outputs,per_channel,6361466,3880362,10.1,,C
8272f62a-aed4-4fb9-b758-f1e0de762dc3,ok,17760256.0,v1.14-1.15,0.0,0.0,0.0,True,,,,4.0,actuator_motors,none,12998152,7132899,10.0,,B
00d29a7c-aae8-4f50-ae8b-9befe5c69e1e,ok,16842752.0,v1.12-1.13,0.0,0.0,0.0,True,,,,6.0,actuator_outputs,global,146227200,57239111,28.3,,C
cf4e7b94-493e-4810-bc41-79b1eee57942,ok,17760384.0,v1.14-1.15,0.0,0.3906810035842294,0.0,True,,,,4.0,actuator_motors,none,27561927,11510398,17.3,,C
46daecd3-c785-40c4-a5a0-6993a0917800,ok,17826047.0,v1.16+,0.0,0.0,0.0,True,,,,4.0,actuator_motors,none,11282404,7099193,5.3,,B
d35756a5-5a9b-4ee1-b697-3fc4fcf6d335,ok,17891392.0,v1.16+,0.0,0.22371967654986524,0.0,True,0.0,0.0,0.05934582352638231,4.0,actuator_motors,none,53054741,21385009,10.0,,A
1f42fbb7-119b-4f37-98b6-973b14ea5710,ok,17694975.0,v1.14-1.15,0.0,0.0,0.0,True,0.0,0.0,0.2820993080735207,4.0,actuator_motors,none,4878046,3370795,4.3,,A
4375436c-177b-4e51-82bb-7e15780c437a,ok,17761535.0,v1.14-1.15,0.0,0.0,0.0,True,0.02570694087403599,0.8012900000000016,0.2632996439933777,4.0,actuator_motors,none,3159336,2393366,3.5,,A
e051da1d-f39c-4e56-852c-aec0d67b370e,ok,67441920.0,,0.0,0.0,0.0,True,0.0,0.0,0.448,6.0,actuator_outputs,bus,27529938,15355519,7.5,not_px4_v4,
96a6a5a2-265c-4625-be62-f0298f3b0501,ok,17695232.0,v1.14-1.15,0.0,0.0,0.0,True,0.0,0.0,0.38777596950530996,4.0,actuator_motors,none,5718331,3328817,3.0,,C
acd0e88f-8aef-4ee5-9bd3-414fffef6a62,ok,17825984.0,v1.16+,0.0,0.0,0.0,True,0.0,0.0,0.09515616297721863,4.0,actuator_motors,none,4953729,3395265,4.1,,B
179aaf1c-ec5a-4d3d-a7fb-0124de461a1f,ok,17694720.0,v1.14-1.15,0.0,0.0,0.014992503748125937,True,0.0,0.0,0.15086114555597302,4.0,actuator_motors,none,15142081,9088542,5.4,,C
539017fa-459b-4bbe-a8a6-3b01577a919f,ok,17826240.0,v1.16+,0.0,0.0,0.0,True,0.0,0.0,0.2619522809982288,4.0,actuator_motors,none,9501529,6159827,5.5,,A
0065ac7c-8524-4e9f-b160-4af46f8a4f1d,ok,17694720.0,v1.14-1.15,0.7530120481927711,0.0,0.0,True,0.0,0.0,0.08510287404060363,4.0,actuator_motors,none,7670767,5032662,3.7,,B
34b917b2-3270-419f-b043-804fe009614c,ok,17695488.0,v1.14-1.15,0.0,0.0,0.0,True,,,,4.0,actuator_motors,none,15137594,7039551,7.0,,C
1fa0aa95-def8-4ed0-af5b-9e27607f87f5,ok,17891583.0,v1.16+,0.0,0.0,0.0,True,0.0008849557522123894,0.09774400000000583,0.28126771599054334,4.0,actuator_motors,none,5125238,3769742,13.3,,B
65d57e91-3dcd-431d-90f1-9b58bb008b17,ok,17761535.0,v1.14-1.15,0.0,0.0,0.0,True,0.0,0.0,0.11365908086299895,4.0,actuator_motors,none,21272748,13430941,23.6,,C
dd46e974-4450-44e4-adc5-462eb61c7ba1,ok,17826047.0,v1.16+,0.0,0.0,0.0,True,0.0,0.0,0.26945697590708734,4.0,actuator_motors,none,42702016,13808873,22.6,,C
7f4c42b1-0968-4ccb-b794-20703920d727,ok,17760768.0,v1.14-1.15,0.0,0.0,0.0,True,0.0,0.0,0.2355727847607341,4.0,actuator_motors,none,5437990,3387195,3.1,,C
5db9c0c2-085d-4a8d-aa82-834828c1cf04,ok,17629952.0,v1.12-1.13,0.0,0.0,0.0,True,0.0,0.0,0.22043724954128263,4.0,actuator_motors,none,207064870,95607629,46.6,,B
d5a89981-f29c-4f6f-bcc4-e6996eb5c153,ok,17694720.0,v1.14-1.15,0.0,0.0,0.0,False,0.0,0.0,0.2751749888062477,4.0,actuator_motors,none,6062863,1909144,6.4,,A
b0ccb181-d01f-40cc-98e1-bd00bc79e7de,ok,17760511.0,v1.14-1.15,0.0,0.0,0.0,True,0.0,0.0,0.17071940302848815,4.0,actuator_motors,none,7407997,4671377,5.7,,B
14970cd9-b570-4f23-93e9-326bf2f93cf1,ok,17498304.0,v1.12-1.13,0.0,0.0,0.0,True,,,,4.0,actuator_motors,none,14854468,7394780,9.7,,B
ee1d85c7-4a22-40f7-ad1f-976218777741,ok,17564671.0,v1.12-1.13,0.0,0.0,0.0,False,0.0,0.0,0.20299999999999996,6.0,actuator_outputs,bus,48541673,26307127,10.5,,C
a78c6b48-6aeb-43a2-9a83-6c0423644c29,ok,17695743.0,v1.14-1.15,0.0,0.0,0.0,True,0.001279863481228669,0.10250399999999615,0.5413883745670318,4.0,actuator_motors,none,9782777,6381737,4.6,,C
e26b6285-8a55-4102-b1fd-770bad10d8e6,ok,17564671.0,v1.12-1.13,0.0,0.0,0.0,True,,,,4.0,actuator_outputs,bus,10125312,5545297,5.2,,A
0b83b8a3-5efc-4735-b72e-234c07f85a9f,ok,17694975.0,v1.14-1.15,0.0,0.0,0.0,True,0.0,0.0,0.14571516364812845,4.0,actuator_motors,none,2683753,2153933,4.8,,C
3624f40e-502e-4ad3-b201-c710215109a0,ok,17761535.0,v1.14-1.15,0.0,0.0,0.0,True,0.0,0.0,0.25019457936286926,4.0,actuator_motors,none,12927449,8119166,11.5,,C
0fc4c32c-f968-4db6-a862-7c198cb7808d,ok,17761280.0,v1.14-1.15,0.0,0.0,0.0,True,0.06875675061110795,5.986509000000012,0.422387021780014,4.0,actuator_motors,none,53646764,33004232,12.1,,A
d2b464bf-9f01-44d3-8a72-93e88463bcd7,ok,17761535.0,v1.14-1.15,0.0763888888888889,0.0,0.0,True,0.0,0.0,0.33982798457145696,4.0,actuator_motors,none,3002091,2248731,2.8,,B
b5d60e27-3826-4a80-bbf8-0d33a5adcb83,ok,17694720.0,v1.14-1.15,0.010256410256410256,0.02564102564102564,0.0,True,0.0,0.0,0.2593875527381897,4.0,actuator_motors,none,11260658,6317861,4.1,,C
79898088-b667-48d1-b5d1-6caf788c35c8,ok,17760767.0,v1.14-1.15,0.0,0.0,0.0,True,,,,4.0,actuator_motors,none,6225920,3679070,9.9,,A
28498723-92ee-4e62-a43b-693249bbeb8b,ok,17694975.0,v1.14-1.15,0.0,0.0,0.24088248536695184,True,0.050398579792772645,2.831505999999999,0.3809252455830574,4.0,actuator_motors,none,43682253,24771120,13.4,,B
0ef7420c-ab59-429d-bc14-84bcdb814023,ok,17695488.0,v1.14-1.15,0.0,0.0,0.0,True,0.0,0.0,0.3059545159339905,4.0,actuator_motors,none,40487517,25404221,15.9,,B
c6145644-299b-499b-823d-66426a397c75,ok,17826047.0,v1.16+,0.0,0.0,0.0,True,0.0,0.0,0.3010913319885731,4.0,actuator_motors,none,3090609,2549666,3.5,,C
2b1714aa-a02d-48c3-8ea6-4b94eaff8c4e,ok,17826047.0,v1.16+,0.0,0.0,0.0,True,0.0018712230436516456,0.08017300000000205,0.46022387593984615,4.0,actuator_motors,none,85578493,50025944,23.9,,A
1f92fa36-3a98-4d98-aaff-a93d8703467f,ok,17694975.0,v1.14-1.15,0.9685990338164251,0.0,0.0,False,0.0,0.0,0.38112478256225585,4.0,actuator_motors,none,8870134,4931203,6.0,,A
90d6442f-69ce-4b91-a785-527ea0e322f8,ok,17761023.0,v1.14-1.15,0.0,0.0,0.0,True,0.0,0.0,0.14464476704597473,4.0,actuator_motors,none,4405275,3173122,4.8,,A
7ef568dd-30b1-497e-ab22-a540f50106c6,ok,17761280.0,v1.14-1.15,0.0,0.0,0.0,True,0.0018814675446848542,0.20083599999999535,0.23722603023052216,4.0,actuator_motors,none,4512477,3154910,5.6,,B
4d90ca3e-c2c1-4236-95d0-6b8129a413d4,ok,17760512.0,v1.14-1.15,0.0,0.0,0.0,True,0.0006016847172081829,0.09778900000000057,0.3179583542048929,4.0,actuator_motors,none,7857570,5314238,6.1,,C
254087b2-bddd-4571-9958-9cbbdbd82f34,ok,17826047.0,v1.16+,0.0,0.0,0.0,True,0.0,0.0,0.16255399584770203,4.0,actuator_motors,none,67788476,25932084,12.7,,B
fa19a157-9f3f-4a82-8140-2891c83d8f8a,ok,17825984.0,v1.16+,0.0,0.0,0.0,True,0.0,0.0,0.20704334378242495,4.0,actuator_motors,none,11243127,6735198,5.7,,C
9fe21f97-e07e-4769-8039-3af0722139b4,ok,17760384.0,v1.14-1.15,0.0,0.0,0.0,True,0.0,0.0,0.32135854959487875,4.0,actuator_motors,none,21268301,14051776,6.9,,C
20c920ca-dacf-4f75-b173-e0e01bf23ca0,ok,17760256.0,v1.14-1.15,0.0,0.0,0.0,True,0.0,0.0,0.13452875521034002,4.0,actuator_motors,none,7282350,4199867,6.4,,B
9bad6dd9-14c0-4a9f-97a9-df8b842c9872,ok,17761535.0,v1.14-1.15,0.0,0.10961538461538461,0.0,True,0.0,0.0,0.16976141929626468,4.0,actuator_motors,none,10656036,7142558,7.6,,B
07f71c59-8b05-49c5-99f7-b8257f25c36c,ok,17825920.0,v1.16+,0.0,0.0,0.0,True,0.0,0.0,0.16915304064750672,4.0,actuator_motors,none,50488105,31230767,12.4,,B
b52ee298-d038-4f3c-a73a-2edec6b52c2b,ok,17956928.0,v1.16+,0.0,0.02127659574468085,0.0,True,0.0,0.0,0.38726362586021423,4.0,actuator_motors,none,52188359,30286033,26.0,,B
3636c110-5591-44df-9802-2467ac30f88b,ok,17694720.0,v1.14-1.15,0.0,0.0,0.0,True,,,,,actuator_motors,none,7659546,4538241,3.5,,B
5870f5ca-2106-4f77-b044-7f897f67bc33,ok,17760256.0,v1.14-1.15,0.0,0.0,0.0,True,0.0,0.0,0.42906907498836533,4.0,actuator_motors,none,9823528,6246849,3.7,,B
d081a129-3936-4204-88c8-62fed9ae4d25,ok,17694975.0,v1.14-1.15,0.0,0.0,0.0,True,0.0,0.0,0.11278008818626403,4.0,actuator_motors,none,2891921,2122728,2.4,,A
996bdb97-9e64-4e4e-aff1-68205889b246,ok,17694975.0,v1.14-1.15,0.5030674846625767,0.0,0.5652797704447633,False,0.21433850702143384,4.797664999999995,0.6041163086891174,4.0,actuator_motors,none,4903019,3354179,1.3,,B
84939c37-98c1-4f9d-9230-4a066fdc8cd4,ok,17761280.0,v1.14-1.15,0.0,0.0,0.0,True,0.0,0.0,0.25700145959854126,4.0,actuator_motors,none,12051821,7528607,6.0,,B
70ca4524-eefb-4820-a075-c5f63ad00595,ok,17761280.0,v1.14-1.15,0.0,0.0,0.0,True,0.0,0.0,0.3851036787033081,4.0,actuator_motors,none,24975042,15917544,7.2,,B
14e8fa8c-7ff0-479f-b8bb-c6aee340ad23,ok,17629696.0,v1.12-1.13,0.0,0.0,0.0,True,,,,,none,none,5598581,3535623,6.7,,C
fc0fbd14-5794-4327-a396-70e1fcde7c1f,ok,17564416.0,v1.12-1.13,0.0,0.03389830508474576,0.012966804979253113,True,0.0,0.0,0.2152941176470588,6.0,actuator_outputs,bus,31335754,18048157,11.1,,B
1386e28a-4ea5-4437-bf4d-adc369622e81,ok,17825792.0,v1.16+,0.0,0.0,0.0,True,0.07248830474493205,0.04167699999999286,0.6214902266860007,4.0,actuator_motors,none,27998924,17571886,10.5,,B
4678e5e2-4806-4d5f-a780-89ec63a357ec,ok,17694975.0,v1.14-1.15,0.9267015706806283,0.0,0.0,True,0.10629067245119306,7.400249000000002,1.0,4.0,actuator_motors,none,2968402,2073342,2.5,,B
e875657f-2757-41c1-b00e-f4d839a4c82e,ok,18350080.0,v1.16+,0.007142857142857143,0.11428571428571428,0.0,True,0.0417981072555205,2.8981270000000006,0.4458041011355815,4.0,actuator_motors,none,5085570,3485679,3.6,,B
503141ae-f6a3-4663-aad3-800eddbdf471,ok,17630207.0,v1.12-1.13,0.0,0.032,0.0,True,0.003401360544217687,0.199802,0.26702819466590877,4.0,actuator_motors,none,7656491,4494612,5.3,,C
19613ed0-cb98-4c46-aee6-9c4d8b7103d5,ok,255.0,,0.0,0.019230769230769232,0.0,True,0.0,0.0,0.1991112358868123,4.0,actuator_motors,none,7213512,4536901,5.8,not_px4_v0,
bd39af0a-4147-416e-b624-afb9c889b953,ok,17825792.0,v1.16+,0.0,0.0,0.0,True,0.0,0.0,0.1652857095003128,4.0,actuator_motors,none,31068303,12900643,18.1,,C
7c5dcc5b-f531-48f4-b4ed-0d99a55fc082,ok,17630207.0,v1.12-1.13,0.0,0.0,0.0,True,0.0,0.0,0.10399999999999998,6.0,actuator_outputs,per_channel,40181941,21544296,12.2,,B
ec4fb978-6216-485b-9cd6-1d65e6c3e97d,ok,17760256.0,v1.14-1.15,0.0,0.0,0.0,True,,,,4.0,actuator_motors,none,66120454,35771621,15.2,,C
36834cf1-0786-462d-9928-a2e9f9b17a57,ok,17695743.0,v1.14-1.15,0.0,0.0,0.0,True,0.001692047377326565,0.09893999999999892,0.5837350524961948,4.0,actuator_motors,none,2679360,2171111,4.1,,B
e46a43bc-7294-4886-ab33-0072a8387a94,ok,17825792.0,v1.16+,0.0,0.0,0.0,True,0.02924374834487194,2.2818520000000007,0.46217723283916523,4.0,actuator_motors,none,10475763,6671077,4.8,,C
ff4819a4-e4da-4121-b30e-e39de96aaba1,ok,17367040.0,v1.12-1.13,0.0,0.0,0.0,True,0.0,0.0,0.24288394153118126,4.0,actuator_motors,none,13125611,7988153,5.2,,C
b093c2db-0741-4d29-b612-0ccbf7141369,ok,17694720.0,v1.14-1.15,0.0,0.0,0.0,True,0.22254335260115607,5.901717999999999,0.9999999423747727,4.0,actuator_motors,none,3512546,2506385,2.8,,C
3aa1034e-5da2-4989-a018-d95de037a281,ok,17826240.0,v1.16+,0.0,0.0,0.0,True,0.0,0.0,0.10928895473480224,4.0,actuator_motors,none,6805767,2605023,3.7,,B
b76d81e4-282c-4e3c-a77a-b7dcb6ab6679,ok,17761535.0,v1.14-1.15,0.0,0.0,0.0,True,0.045969773299748114,4.795290000000023,0.6237113820094783,4.0,actuator_motors,none,5603612,3653915,3.5,,B
b8dee24f-24b1-4477-a41e-f4b06a69f3c7,ok,17695488.0,v1.14-1.15,0.11631663974151858,0.0,0.0,True,0.14498864742134285,4.799243999999987,0.14248595237731923,4.0,actuator_motors,none,11109109,6811411,6.6,,B
71e2b054-2464-4455-8ed2-03d2ae475e88,ok,17694720.0,v1.14-1.15,0.0,0.0,0.0,True,0.19126432899153456,21.623083,0.8039268374443048,4.0,actuator_motors,none,19667749,12227113,12.1,,C
38144e9c-cbe9-4b4d-af12-b28785cee1d8,ok,403308799.0,,0.0,0.0,0.0,True,,,,8.0,actuator_outputs,none,7741440,3593427,9.6,not_px4_v24,
ba01db16-31cd-4a96-bd84-f341a15f43fa,ok,17563904.0,v1.12-1.13,0.0,0.0,0.0,True,0.0,0.0,0.6383333333333333,7.0,actuator_outputs,bus,38674528,19085436,16.1,,B
2b518b3a-a5a6-49cf-966e-e3021bb3c77f,ok,17760512.0,v1.14-1.15,0.0,0.0,0.15096774193548387,True,0.0006972904064818063,0.06472999999999729,0.15500518679618824,4.0,actuator_motors,none,183488871,62276641,32.1,,C
6baeaa5e-5f24-4aa4-a3c8-e25e0574514c,ok,17760512.0,v1.14-1.15,0.0,0.0,0.0,True,0.0,0.0,0.15273618698120117,4.0,actuator_motors,none,14921156,9024111,6.1,,C
e7fc6d68-29e2-4120-b5f5-09b08612e35b,ok,17826240.0,v1.16+,0.0,0.0,0.0,True,0.0,0.0,0.2371186017990112,4.0,actuator_motors,none,14224989,8539692,5.7,,C
d7f4393c-236c-4751-adda-48a2d9da117e,ok,17761280.0,v1.14-1.15,0.0,0.05037783375314862,0.0,True,0.0,0.0,0.34464205652475327,4.0,actuator_motors,none,11462075,6025618,4.1,,B
34b708b0-856a-4062-b3b7-706a83db55c4,ok,17826559.0,v1.16+,0.0,0.0,0.0,True,0.0,0.0,0.1695529460906982,4.0,actuator_motors,none,11205931,6934414,4.6,,C
e1cd3b39-67db-457e-9642-ee317a27e5e2,ok,17694975.0,v1.14-1.15,0.0,0.0,0.0,True,0.0,0.0,0.2557946443557739,4.0,actuator_motors,none,49003149,30597558,22.9,,B
d2269bad-c86e-499a-8937-e2902dfa09a7,ok,18285568.0,v1.16+,0.0,0.0,0.0,True,0.0,0.0,0.2786666666666667,6.0,actuator_outputs,bus,156311855,72555315,50.2,,C
7b81781e-3c16-4421-8f20-fe6ba06bcc20,ok,17826240.0,v1.16+,0.0,0.0,0.0,True,0.0,0.0,0.10694264471530915,4.0,actuator_motors,none,144511131,39419675,50.4,,C
7a2ae88a-f161-4961-99f6-f5eb7d315434,ok,17760256.0,v1.14-1.15,0.0,0.0,0.0,True,0.0,0.0,0.2919793248176574,4.0,actuator_motors,none,4730364,3358233,9.6,,A
063b7ea7-487e-4431-a293-1bbee351bb82,ok,33554752.0,,0.014097744360902255,0.0,0.0,True,0.0,0.0,0.14609463810920711,4.0,actuator_motors,none,195716812,78140116,77.2,not_px4_v2,
0bad16c7-a0a5-4c49-b7cc-fd0dcedffd2c,ok,17761280.0,v1.14-1.15,0.0,0.0,0.008677542519958347,True,0.0,0.0,0.18896179795265197,4.0,actuator_motors,none,171651699,70485470,37.4,,C
3a298da1-ef73-4bfb-a76c-225be8a9ca4a,ok,17891583.0,v1.16+,0.0,0.0,0.0,True,0.0,0.0,0.19603202342987058,4.0,actuator_motors,none,2870233,1907469,9.8,,C
414f0f0d-e5b4-4bb3-85cf-c3d98a89ed20,ok,17825984.0,v1.16+,0.0,0.1,0.0,True,0.0010024727661565194,0.028559000000001333,0.07683439552783966,4.0,actuator_motors,none,11608489,6505507,17.7,,B
60d2a43e-f1d4-499e-9279-afcda838297e,ok,17367232.0,v1.12-1.13,0.0,0.0,0.0,True,0.015561015561015561,0.8134569999999997,0.4537142857142857,6.0,actuator_outputs,global,11907463,7234716,16.8,,C
32ee8126-0523-454c-a410-59c637166ab4,ok,17891392.0,v1.16+,0.0,0.0,0.0,True,0.0,0.0,0.19738248581944573,4.0,actuator_motors,none,27642880,9486800,14.7,,C
686b681c-6269-4266-9102-0c8396bc24e4,ok,17498367.0,v1.12-1.13,0.0,0.15966386554621848,0.0,True,0.0,0.0,0.24948571428571398,6.0,actuator_outputs,global,1760919,1223615,2.1,,B
4c22c09c-4f85-4621-8f2e-87920afe2552,ok,17630207.0,v1.12-1.13,0.0,0.0,0.0,True,0.0,0.0,0.618,6.0,actuator_outputs,per_channel,4736134,3109835,3.3,,B
5928b10b-10c5-4ec7-97d3-c886b8050b72,ok,17761535.0,v1.14-1.15,0.0,0.0,0.0,True,0.0,0.0,0.4245372414588928,4.0,actuator_motors,none,3056358,2229855,4.3,,B
09265529-69ac-48a8-8c72-91c036ae1853,ok,17629951.0,v1.12-1.13,0.0032520325203252032,0.0,0.0,True,0.0,0.0,0.2582857142857143,6.0,actuator_outputs,bus,29186622,16795432,32.6,,B
65aaf21b-1cf7-4d1b-bf4a-f59079ee1755,ok,17760256.0,v1.14-1.15,0.0,0.0,0.0,True,0.0,0.0,0.14635831117630005,4.0,actuator_motors,none,7965018,4601374,4.2,,B
23941d64-c72f-469b-909d-40810ad43d1f,ok,17630207.0,v1.12-1.13,0.0,0.0,0.0,True,0.0,0.0,0.3018639013171196,4.0,actuator_motors,none,21942403,12463000,7.9,,B
4a897844-3455-4af3-ab1e-fe75c9c053ac,ok,17564416.0,v1.12-1.13,0.0,0.01765375854214123,0.0,True,0.0,0.0,0.20235294117647057,6.0,actuator_outputs,bus,33908424,19611078,46.5,,C
b9178f82-b4f7-4c37-ba17-3b26f0bbb07d,ok,17760768.0,v1.14-1.15,0.0,0.0,0.0,True,0.0,0.0,0.20605138540267937,4.0,actuator_motors,none,4076029,2635229,15.1,,A
130a1b5f-e3c2-42b2-a7d1-425fedfc1137,ok,17825984.0,v1.16+,0.0,0.0,0.0,True,,,,4.0,actuator_motors,none,7234570,4344573,17.7,,B
f0927ba6-2474-4f2a-ab2f-7c8ba496358f,ok,17761535.0,v1.14-1.15,0.0,0.0892018779342723,0.0,True,0.0,0.0,0.16639718413352966,4.0,actuator_motors,none,11421092,7273012,4.3,,A
83ecf4b3-bd8f-40ba-a07c-08a55364a7b2,ok,17695743.0,v1.14-1.15,0.0,0.0,0.0,True,0.0,0.0,0.20350930368026665,4.0,actuator_motors,none,75931753,36404371,33.5,,C
2913bdd6-cc37-4f30-8120-b22ee09e3a15,ok,17694975.0,v1.14-1.15,0.0,0.0,0.0,True,0.04641775983854692,3.6022180000000006,0.8875379191450825,4.0,actuator_motors,none,8272220,4509901,3.3,,C
2f5a22e3-8d48-42a9-85f5-1f9efd71fe3a,ok,17760384.0,v1.14-1.15,0.0,0.0,0.0,True,0.0,0.0,0.13541337251663207,4.0,actuator_motors,none,15497781,10629984,5.0,,A
f2daf264-9320-44c4-84f8-abefa9118bd2,ok,17695743.0,v1.14-1.15,0.0,0.0,0.0,True,0.013793103448275862,0.102487,0.6936109870672224,4.0,actuator_motors,none,2757657,1935246,2.5,,B
a49a6762-b3de-48e5-9799-37cdff61e282,ok,17761023.0,v1.14-1.15,0.0,0.0,0.0,True,,,,4.0,actuator_motors,none,255361788,96899759,80.7,,B
f9113f8a-729a-4dbb-bd26-b90b464558a2,ok,17760256.0,v1.14-1.15,0.0,0.0,0.0,False,0.0,0.0,0.3185350492596626,4.0,actuator_motors,none,2508581,1434984,3.5,,C
74a61f75-3614-4022-9ccc-04a04048334b,ok,17630207.0,v1.12-1.13,0.0,0.0,0.0,True,0.0,0.0,0.694,6.0,actuator_outputs,per_channel,9238970,4702427,4.4,,C
c55d1140-0c6e-4a64-a134-b6c5a9170626,ok,17760256.0,v1.14-1.15,0.0,0.0,0.0,False,0.0,0.0,0.11655196547508237,4.0,actuator_motors,none,3675642,2989166,4.5,,B
5c250b87-42d7-46b7-9919-09e1fc2273e6,ok,17826047.0,v1.16+,0.0,0.2916666666666667,0.0,True,0.0,0.0,0.23286697864532477,4.0,actuator_motors,none,3732521,3223337,3.5,,B
c920dd50-fa09-4350-99e9-93c6180d68cb,ok,17695488.0,v1.14-1.15,0.03257328990228013,0.0,0.03293807641633729,False,0.01819454163750875,2.0017600000000186,0.0967284694314002,4.0,actuator_motors,none,5391603,3312892,5.3,,C
12785732-ca83-48e8-bfb0-5e36228e7b22,ok,17694720.0,v1.14-1.15,0.0,0.0,0.0,True,0.0,0.0,0.10739535838365555,4.0,actuator_motors,none,12055113,3061732,6.6,,B
80ab724b-d75d-467a-91bb-29e8f17f4f12,ok,17695488.0,v1.14-1.15,0.0005145356315924878,0.0,0.0,True,0.01834862385321101,0.5005130000000122,0.3601305991411206,4.0,actuator_motors,none,87997927,40797457,16.5,,B
a7eb96d8-6bbd-420c-b6be-b2e2af23d3fb,ok,17761023.0,v1.14-1.15,0.0,0.0,0.0,True,0.004019577215453504,0.1844929999999998,0.2295848727226256,4.0,actuator_motors,none,18425695,11689650,11.6,,B
ed5551ed-0c36-4314-bb29-83864c59346c,ok,17761280.0,v1.14-1.15,0.0,0.0,0.00694006309148265,True,0.0005739882051051186,0.1687509999999861,0.10006955415010443,4.0,actuator_motors,none,35000651,21950941,9.6,,B
728f6981-81ad-4be6-9a9c-d058cf2c62cb,ok,17630207.0,v1.12-1.13,0.0,0.029850746268656716,0.0,True,0.0,0.0,0.44284999999999974,6.0,actuator_outputs,per_channel,2871124,2139115,2.5,,B
399d7715-66b9-4d1a-8c70-90eccae74cb2,ok,17695488.0,v1.14-1.15,0.0,0.0,0.0,True,0.0,0.0,0.07318982928991317,4.0,actuator_motors,none,9261115,5822109,4.1,,C
332fb065-a9ff-498c-81f0-ee7818ef6895,ok,17695743.0,v1.14-1.15,0.0,0.06234413965087282,0.0,True,0.5794684731631058,10.402501,0.656008858414868,4.0,actuator_motors,none,8684015,5380835,6.0,,C
0c59d545-998d-4fe4-b53a-bb8e62cc1579,ok,17695743.0,v1.14-1.15,0.2947761194029851,0.0,0.0,True,0.0,0.0,0.2306772843003273,4.0,actuator_motors,none,29797182,16917179,8.8,,C
13ce8057-9420-4638-b2a6-2226c65f76c2,ok,17761280.0,v1.14-1.15,0.0,0.0,0.0,True,0.0,0.0,0.2026998072862625,4.0,actuator_motors,none,12421818,7299655,8.5,,B
fee09d7b-0d44-47c7-902b-ff42866bafd9,ok,17891583.0,v1.16+,0.0,0.22916666666666666,0.0,True,0.0,0.0,0.09972812235355377,4.0,actuator_motors,none,6896602,4638303,2.4,,A
59ea56ea-22f9-4895-9557-848eea753c6a,ok,17891392.0,v1.16+,0.0,0.046263345195729534,0.0,True,0.0,0.0,0.07999028265476218,4.0,actuator_motors,none,32828441,16694791,6.2,,B
2c12c9d8-0080-4eec-93b0-6a77cb3096bb,ok,17891583.0,v1.16+,0.0,0.0,0.0,False,0.061038220193953226,6.00136599999999,0.7566140443086615,4.0,actuator_motors,none,7077888,4737742,3.4,,B
9cfe7f77-7e90-4185-a6fe-e90c207e01ac,ok,16842880.0,v1.12-1.13,0.0,0.0,0.0,True,0.0,0.0,0.19890468716621396,4.0,actuator_motors,none,7234962,4355143,3.8,,C
5e23e6c6-9686-452a-b34a-c561e1f964e2,ok,17630207.0,v1.12-1.13,0.0,0.0,0.0,True,0.0014381591562799617,0.3002209999999934,0.16800000000000004,6.0,actuator_outputs,per_channel,9316968,5365526,3.1,,B
713fc89c-849e-4809-8baa-f63b0b9283f7,ok,17564671.0,v1.12-1.13,0.0,0.0,0.0,True,0.023809523809523808,0.7974530000000044,0.40919999999999995,6.0,actuator_outputs,bus,5514463,3828032,3.9,,B
bc2a2eb9-d421-4bca-8b06-6bfdbff65893,ok,17695743.0,v1.14-1.15,0.04834605597964377,0.0,0.1727447216890595,True,0.0,0.0,0.21873951032757757,4.0,actuator_motors,none,4498831,3129644,2.9,,C
d2362109-9b4c-4a27-8565-438406939c5f,ok,17760511.0,v1.14-1.15,0.015,0.0,0.0,True,0.0,0.0,0.4177876338362694,4.0,actuator_motors,none,4020309,2935068,6.2,,B
cd98b6d2-1bf1-4bc2-8355-ce265f63577e,ok,17629952.0,v1.12-1.13,0.0,0.0,0.0,True,0.0,0.0,0.0,6.0,actuator_outputs,bus,11442218,6305437,7.3,,A
37b9dc50-0af5-4dd8-abf9-4f3f35d45e96,ok,17891392.0,v1.16+,0.0,0.5373406193078324,0.0,True,0.0,0.0,0.006102472543716429,4.0,actuator_motors,none,82961694,31265800,13.9,,C
190653c8-518d-4ae4-95ae-75868722cb98,ok,17891583.0,v1.16+,0.0,0.0,0.0,True,0.0,0.0,0.10987322479486464,4.0,actuator_motors,none,5279105,3628679,5.3,,B
909cde39-34c0-4414-a3e6-923c73f6bbd3,ok,17760511.0,v1.14-1.15,0.0,0.0,0.0,True,0.0,0.0,0.18485102951526639,4.0,actuator_motors,none,7199173,5054528,4.7,,C
0c4ce502-30bb-42eb-8ee8-287d0e9a1426,ok,17761535.0,v1.14-1.15,0.0,0.0,0.0,True,0.003077816492450639,0.21977600000000308,0.23755167722702017,4.0,actuator_motors,none,50949369,19237087,16.5,,C
754088d0-e608-459b-a006-1c51d6b9331a,ok,17629952.0,v1.12-1.13,0.0,0.0,0.0,True,0.0,0.0,0.6499264553189277,4.0,actuator_motors,none,2756508,1942376,3.1,,B
914df007-07d7-4ed7-aa70-9dfedec697d5,ok,17761023.0,v1.14-1.15,0.0,0.0,0.0,True,0.0,0.0,0.266481539607048,4.0,actuator_motors,none,3412379,2721007,2.4,,C
77d5ea0c-51ce-487e-92b2-a1d04d97030f,ok,17825984.0,v1.16+,0.0,0.0,0.0,True,0.0655307994757536,1.101348999999999,0.4583192378282545,4.0,actuator_motors,none,3717815,3032386,3.5,,B
dab48eaf-6842-4641-a6d4-a15332348f30,ok,17891392.0,v1.16+,0.0,0.8045112781954887,0.08806818181818182,True,0.00625,0.3987929999999995,0.07846128344535827,4.0,actuator_motors,none,3203518,2488686,2.7,,A
b593d60e-ad03-4a98-b55d-8db0e2de6544,ok,17761535.0,v1.14-1.15,0.0,0.0,0.0,True,0.0,0.0,0.1902841418981552,4.0,actuator_motors,none,57571636,15702255,9.8,,B
7f881726-acd5-4494-a3d0-83dc9debc327,ok,17826559.0,v1.16+,0.0,0.0,0.0,True,0.0,0.0,0.13845463395118712,4.0,actuator_motors,none,5581168,3830483,5.5,,C
d07a4d7d-fe2c-4fda-92ae-426d1a509211,ok,17695743.0,v1.14-1.15,0.0,0.0,0.0,True,0.0,0.0,0.2441715434193611,4.0,actuator_motors,none,25609791,15597218,6.0,,B
5d906a39-38ba-4028-af68-8c93a3534202,ok,17630207.0,v1.12-1.13,0.0,0.0,0.0,True,,,,4.0,actuator_outputs,per_channel,6194484,3666616,3.6,,C
491cf015-ca76-4216-80b1-ce5dbf1197af,ok,17825984.0,v1.16+,0.24102564102564103,0.09230769230769231,0.0,True,0.0,0.0,0.18913491964340207,4.0,actuator_motors,none,3784649,2832792,3.1,,C
fc94c3de-2a3c-48df-9a82-e6729ce3ca9a,ok,17629951.0,v1.12-1.13,0.0,0.0,0.0,True,0.006610576923076923,0.5006030000000052,0.5345142857142855,6.0,actuator_outputs,bus,14714146,9117692,6.2,,C
52cf402d-1444-4ab9-bbdb-a16c29814450,ok,17826047.0,v1.16+,0.05415162454873646,0.02888086642599278,0.0,True,0.0,0.0,0.29846111834049227,4.0,actuator_motors,none,24280671,6621917,6.9,,C
e103a642-2669-4e9e-be56-fec9978ee12d,ok,17236160.0,v1.12-1.13,0.0,0.0,0.09695290858725762,False,0.0,0.0,0.0,4.0,actuator_outputs,global,10932224,6196489,4.9,,C
35fb01df-787f-46a7-848c-30a17552d773,ok,17826240.0,v1.16+,0.0,0.0,0.0,True,0.0,0.0,0.34402666091918926,4.0,actuator_motors,none,6510250,4365959,4.9,,A
88a0d833-2c48-40e2-b9fe-56a9e86bf3af,ok,17826047.0,v1.16+,0.0,0.0,0.0,True,0.0,0.0,0.22931823879480362,4.0,actuator_motors,none,12143540,7536108,5.1,,A
9dd4915b-8001-4437-a8c1-6c791c418980,ok,17499135.0,v1.12-1.13,0.0,0.0,0.0,True,0.0,0.0,0.398,8.0,actuator_outputs,global,2374636,1811040,2.2,,B
38a23176-0c9c-4fa7-b320-fca4335707bf,ok,17826047.0,v1.16+,0.0,0.0,0.0,True,0.0,0.0,0.38651241362094885,4.0,actuator_motors,none,6535553,4788023,3.6,,B
aab97a6d-090f-460f-8656-20fa8ad56ea7,ok,17761535.0,v1.14-1.15,0.10086455331412104,0.0,0.0,True,0.0,0.0,0.5512881576378397,4.0,actuator_motors,none,7029033,4799186,3.5,,A
26632d8f-dcdf-45bb-851b-d52a90b92a9a,ok,17826559.0,v1.16+,0.0,0.0,0.0,True,0.0,0.0,0.11544315814971903,4.0,actuator_motors,none,4697361,3273457,4.2,,C
8d0e149d-8e5c-4d86-92e0-fbc401e2b49b,ok,17629952.0,v1.12-1.13,0.0,0.0,0.0,True,0.0,0.0,0.3653821431100366,4.0,actuator_motors,none,4269133,3019651,4.5,,A
02f3cb80-b83d-42a4-b1b8-a5d4fe5ea9b4,ok,17695743.0,v1.14-1.15,0.0037393162393162395,0.0,0.0,True,0.0,0.0,0.12531078755855557,4.0,actuator_motors,none,56077229,37927538,14.3,,C
02aefb75-e297-485e-b182-c5b244ed19e6,ok,17761279.0,v1.14-1.15,0.0,0.0,0.0,True,0.0,0.0,0.24464837310138618,4.0,actuator_motors,none,3107204,1972030,4.6,,C
8145ad8f-a61b-4878-be75-7059e360fda9,ok,17761535.0,v1.14-1.15,0.0,0.0,0.0,True,0.02220214996208573,2.9408599999999865,0.32179419937156317,4.0,actuator_motors,none,75374182,25830127,14.6,,C
38bbefc9-c994-49cb-8a65-29e51982070e,ok,17498880.0,v1.12-1.13,0.0,0.0,0.000546448087431694,True,0.0,0.0,0.35771428571428565,6.0,actuator_outputs,global,21313497,11314434,7.6,,C
16ed549e-3424-4bef-b9d3-72866a526364,ok,17694975.0,v1.14-1.15,0.0,0.0,0.0,True,,,,4.0,actuator_motors,none,36494762,18552132,9.9,,B
4d9f0dc8-288f-4fe8-8fd8-be37ff06278b,ok,17694975.0,v1.14-1.15,0.1984126984126984,0.0,0.0,True,0.3434343434343434,5.198910999999999,0.24823886752128602,4.0,actuator_motors,none,2040631,1421195,2.9,,B
7dbd39d4-b770-4a79-a4dc-da99044cf8d2,ok,17956992.0,v1.16+,0.0,0.0,0.0,True,0.0,0.0,0.11624007076025002,4.0,actuator_motors,none,8631984,6067326,9.9,,A
33722454-bd76-4e48-9d83-afae19163524,ok,17891328.0,v1.16+,0.0,0.0,0.0,True,0.0,0.0,0.08908227086067198,4.0,actuator_motors,none,19399551,10801032,11.8,,C
a3bb9055-b0f7-41ea-a427-848ef086928a,ok,17761280.0,v1.14-1.15,0.01658374792703151,0.0,0.0,True,0.10337453083800706,3.3552180000000007,0.3738584816455841,4.0,actuator_motors,none,94189217,46162732,21.8,,B
dcc153ee-9eb5-46cc-b18b-7ac11fa34c42,ok,17761535.0,v1.14-1.15,0.0,1.0,0.0,True,0.0,0.0,0.04053008556365967,4.0,actuator_motors,none,2783142,1903980,4.7,,B
5eef58b4-f72b-4a5a-b093-b4bb88bf38ad,ok,17630207.0,v1.12-1.13,0.0883935434281322,0.0,0.012141967621419676,True,0.0,0.0,0.27299999999999996,6.0,actuator_outputs,per_channel,78107715,39834667,19.3,,C
62463aae-b801-4f32-8015-5a8b9a053b81,ok,17760256.0,v1.14-1.15,0.0,0.0,0.0,True,0.1,1.0992449999999963,0.6478346779942512,4.0,actuator_motors,none,2868802,1985303,2.3,,C
53d8ae13-5a9a-48f4-a73a-5e65a62a4cd1,ok,17761535.0,v1.14-1.15,0.0,0.0,0.0,True,,,,4.0,actuator_motors,none,2721415,1928443,8.1,,C
655680d9-2694-4e5b-bf9d-67628e39f11d,ok,33619968.0,,0.0,0.0,0.0,True,,,,8.0,actuator_outputs,none,20078592,10582717,3.8,not_px4_v2,
5310be39-1ed8-493e-a69d-f58bacd00a34,ok,17694975.0,v1.14-1.15,0.0,0.0,0.0,True,0.0,0.0,0.1545461058616638,4.0,actuator_motors,none,4774056,3099111,3.1,,C
a22280e2-d9d8-43f8-a2d2-cb4ad17540bb,ok,17825984.0,v1.16+,0.0,0.1,0.0,True,0.0010024727661565194,0.028559000000001333,0.07683439552783966,4.0,actuator_motors,none,11608489,6505507,8.3,,C
43086df2-8d17-4bd6-94af-ce0e0f55a03e,ok,17760511.0,v1.14-1.15,0.0,0.06645569620253164,0.0,False,0.0,0.0,0.15348306596279143,4.0,actuator_motors,none,21000620,9565919,13.5,,C
eb90344a-8342-415c-bcc7-ec42e2503d6d,ok,17825984.0,v1.16+,0.0,0.0,0.0,True,0.0,0.0,0.17906601428985594,4.0,actuator_motors,none,43305325,16668257,15.1,,B
bee48525-257b-4ff9-8861-1e67c9450529,ok,17760767.0,v1.14-1.15,0.0,0.0,0.0,True,0.0,0.0,0.25532618463039375,4.0,actuator_motors,none,61481291,30998146,17.9,,B
4da5f029-fd29-4e4c-bd06-219afb243788,ok,255.0,,0.0,0.0,0.0,True,0.0010152284263959391,0.09875299999998788,0.555777655970172,4.0,actuator_motors,none,9358774,6465048,5.5,not_px4_v0,
71a8f84f-924c-4fa5-9a21-6ca2a56405af,ok,17761280.0,v1.14-1.15,0.0,0.0,0.0,True,0.0,0.0,0.18392835855484008,4.0,actuator_motors,none,21867064,12575416,8.0,,B
1e08051b-ce86-4d5c-9963-12525a67a49b,ok,17760256.0,v1.14-1.15,0.0,0.0,0.0,True,0.002457002457002457,0.10109200000000129,0.3412130326032638,4.0,actuator_motors,none,14236327,8856733,6.4,,B
ed7d5563-6c4b-4926-8379-c91ebad1b236,ok,17826047.0,v1.16+,0.27364864864864863,0.0,0.0,True,0.02358490566037736,9.799691,0.21594690233469005,4.0,actuator_motors,none,15592003,9434067,6.1,,C
8c5caa7e-149d-4e32-a0c3-de9164055232,ok,17761535.0,v1.14-1.15,0.0,0.19433198380566802,0.0,True,0.0,0.0,0.11890908926725387,4.0,actuator_motors,none,13399731,8434582,4.7,,B
49f5e1a0-3122-4442-9eef-24ffa3ad3047,ok,17629952.0,v1.12-1.13,0.0,0.0,0.0,True,0.0,0.0,0.14764999999999995,6.0,actuator_outputs,per_channel,3789145,2477894,2.8,,C
c0b076dc-d9fb-4e24-ad85-68dabce35608,ok,17694975.0,v1.14-1.15,0.0,0.0,0.0,True,0.0,0.0,0.05871029496192932,4.0,actuator_motors,none,6710898,3979291,4.8,,C
73f78b34-4350-46a4-9da6-00ba259a20a0,ok,17695743.0,v1.14-1.15,0.021021021021021023,0.0,0.0,True,0.0,0.0,0.24958964586257934,4.0,actuator_motors,none,18362148,10523044,8.1,,A
a7e79be8-6910-40a2-a387-2214f0cebef7,ok,17891392.0,v1.16+,0.0,0.11469534050179211,0.0,True,0.0,0.0,0.21804233193397513,4.0,actuator_motors,none,55105840,31951971,30.7,,C
e41fd259-772c-4075-8f90-d7ae58a8a6db,ok,17629951.0,v1.12-1.13,0.0,0.0,0.0,True,0.046012269938650305,0.398342999999997,0.9253714285714281,6.0,actuator_outputs,bus,2683732,2053399,8.7,,B
a7396b5e-2093-401c-a0f4-4adba3427b1c,ok,17695488.0,v1.14-1.15,0.0,0.0,0.0,True,,,,,actuator_motors,none,11516697,7191562,11.5,,C
83c6a220-df90-4873-a92b-eda2d7388fd1,ok,17761280.0,v1.14-1.15,0.23890784982935154,0.07167235494880546,0.0,True,0.03571428571428571,1.0999959999999973,0.28795714080333706,4.0,actuator_motors,none,4404965,3311111,5.5,,B
0c067361-71b3-4a1b-96a3-876b7ab34e2e,ok,17826047.0,v1.16+,0.030303030303030304,0.015873015873015872,0.0,True,0.02326934264107039,1.8999979999999965,0.3426521986722946,4.0,actuator_motors,none,16542986,10834259,5.9,,B
3745b1e8-dd55-44f2-9423-31f14a88038c,ok,17694975.0,v1.14-1.15,0.03878360511238431,0.0,0.0,True,0.0,0.0,0.3651442974805832,4.0,actuator_motors,none,47146128,29102633,10.1,,B
18471c8a-2bb0-4180-ad36-9492ce49bb24,ok,17695743.0,v1.14-1.15,0.2356006582556226,0.0030170049369171695,0.0,True,0.0,0.0,0.09648790955543515,4.0,actuator_motors,none,193623087,99566378,40.9,,A
bc234ffa-1ede-4cdc-acec-3bc2c09f600f,ok,17695488.0,v1.14-1.15,0.008,0.0,0.0,True,0.00023430864306007087,0.01199400000000006,0.6537594735622405,4.0,actuator_motors,none,13780093,8039319,8.2,,B
0a3bfbdb-e439-42ba-bc6d-996dda072e4e,ok,17761535.0,v1.14-1.15,0.0,0.0,0.0,False,0.014087152516904584,0.8012469999999894,0.46793485730886447,4.0,actuator_motors,none,18471036,10876649,9.6,,B
96413a23-4237-4acc-95d7-9313a33c9605,ok,33621952.0,,0.0,0.1728110599078341,0.0,True,0.0003601378813602922,0.038207999999997355,0.25517891347408295,4.0,actuator_motors,none,29344878,16647271,9.3,not_px4_v2,
6caf79b9-e79e-4318-9d6e-9b9611d9dd1a,ok,17236160.0,v1.12-1.13,0.011570247933884297,0.0,0.009933774834437087,True,0.0,0.0,0.0,4.0,actuator_outputs,global,9179136,5197577,8.4,,C
ade09da2-9df0-48d6-bb15-a39c464d44d8,ok,17761280.0,v1.14-1.15,0.0,0.0,0.0,True,0.0,0.0,0.16920342966914176,4.0,actuator_motors,none,4028640,3103121,8.3,,C
4dbf2980-c051-423b-9164-5f071998d66f,ok,17891583.0,v1.16+,0.0,0.0,0.0,True,0.0,0.0,0.23255324959754942,4.0,actuator_motors,none,7388414,5306497,9.0,,B
fa0570de-a5e1-4189-a224-cbf07879d500,ok,17760767.0,v1.14-1.15,0.0,0.00300782033286545,0.0,True,0.0,0.0,0.08235831856727598,4.0,actuator_motors,none,102554408,59050475,19.4,,C
89588da8-22e9-494e-8a83-cb545c000758,ok,17694976.0,v1.14-1.15,0.03379416282642089,0.0,0.06520335700451904,True,0.056117455138662314,2.4988189999999975,0.6722263947129249,4.0,actuator_motors,none,13416460,7606424,3.4,,A
4f00c68b-88f0-40fa-8936-aa2e1e89056a,ok,17694720.0,v1.14-1.15,0.0,0.0,0.0,True,0.0,0.0,0.12924507260322568,4.0,actuator_motors,none,8631166,5748301,5.2,,C
f1c7d144-03fb-4448-9242-488ccc340567,ok,17825920.0,v1.16+,0.0,0.0,0.0,True,0.0,0.0,0.12344933450222015,4.0,actuator_motors,none,28453430,17637423,8.4,,A
2c2f1ae6-d8b4-4f53-ba23-4f2a618a5159,ok,17760768.0,v1.14-1.15,0.0,0.058823529411764705,0.0,True,0.00012480888639271117,0.01506700000000194,0.24466329216957086,4.0,actuator_motors,none,11879363,7235121,7.3,,C
b9c1f7d5-a1f9-4590-b1bc-9dc0f6a21d1a,ok,17761280.0,v1.14-1.15,0.0,0.0,0.0,True,0.046511627906976744,0.7974510000000024,0.45575417280196895,4.0,actuator_motors,none,2668075,2064910,8.2,,B
9354b42a-4b5f-4a6a-98ca-212f8428bd67,ok,17826047.0,v1.16+,0.0,0.061274509803921566,0.0,True,0.0,0.0,0.1913666009902954,4.0,actuator_motors,none,46280948,26116059,18.9,,C
476eaa6a-4f02-4c91-bdea-e1bdeaad44b5,ok,17761535.0,v1.14-1.15,0.04194630872483222,0.03355704697986577,0.0,True,0.0,0.0,0.23919273167848587,4.0,actuator_motors,none,66484422,40654594,25.7,,A
8a0f7cbf-318c-4402-bec1-cbd2c9fcd737,ok,17826240.0,v1.16+,0.0,0.0,0.0,True,0.0,0.0,0.3634502924978733,4.0,actuator_motors,none,15021921,9800298,5.3,,A
73ec2e2c-28bd-48c1-85a4-ba0b9f645d4f,ok,17826047.0,v1.16+,0.0,0.0,0.0,True,0.0,0.0,0.11296744942665098,4.0,actuator_motors,none,112014410,40042677,30.0,,C
ba428ac1-1831-4498-a311-83358df55601,ok,17695232.0,v1.14-1.15,0.0,0.1125,0.0,True,0.0,0.0,0.12307171225547787,4.0,actuator_motors,none,2700087,1850951,3.2,,A
06d8b26a-7c21-4aef-b149-f76d0830539d,ok,17825984.0,v1.16+,0.0,0.0,0.0,True,,,,4.0,actuator_motors,none,5401601,3314262,4.8,,B
300720a9-c568-4dd0-bd5c-dcb5590ea5fd,ok,17694720.0,v1.14-1.15,0.0,0.0,0.0,True,0.0,0.0,0.3149629548192024,4.0,actuator_motors,none,28764126,16983106,7.2,,A
aa9bec3b-947d-4f04-9f70-5dde104ae5a0,ok,17826047.0,v1.16+,0.08602150537634409,0.08602150537634409,0.0,True,0.0,0.0,0.13749470263719563,4.0,actuator_motors,none,12283081,7541134,4.8,,C
f422de47-378d-4a42-b193-cc49b5107513,ok,17761023.0,v1.14-1.15,0.0,0.0,0.0,True,0.0,0.0,0.12514836341142652,4.0,actuator_motors,none,4842665,3359973,3.7,,C
d16c9bb7-0e56-4ada-a730-beef81305d7b,ok,17760384.0,v1.14-1.15,0.028089887640449437,0.09550561797752809,0.0,True,0.0,0.0,0.14604282826185203,4.0,actuator_motors,none,15718993,10510992,4.7,,C
c683d2c9-7eac-4794-9b36-73707ba3acde,ok,17760768.0,v1.14-1.15,0.0,0.0,0.0,False,,,,,actuator_motors,none,21094226,13060690,5.2,,C
d60f65ed-9c24-40e9-b39b-21889fee194a,ok,255.0,,0.0,0.17834394904458598,0.0,True,0.0,0.0,0.37674991637468275,4.0,actuator_motors,none,3647426,3049565,3.8,not_px4_v0,
8ab93da8-5567-4605-885d-d092a424289e,ok,17761280.0,v1.14-1.15,0.0,0.0,0.0,True,0.0,0.0,0.16773386895656583,4.0,actuator_motors,none,27725939,14788818,11.1,,B
8660317c-ef2d-48af-853e-047444cd9ce7,ok,17826047.0,v1.16+,0.0,0.0,0.0,True,0.0,0.0,0.20016295760869973,4.0,actuator_motors,none,42380368,13580315,13.2,,B
7c078119-7ab3-4bd5-9bde-1d9a72351752,ok,17826047.0,v1.16+,0.0,0.0,0.0,True,0.0,0.0,0.20609932690858834,4.0,actuator_motors,none,3169745,2307451,3.3,,B
01622991-61c3-4c00-ae5a-827b1072bc44,ok,17760768.0,v1.14-1.15,0.0,0.04779411764705882,0.0,True,,,,,actuator_motors,none,5538485,3751659,8.5,,C
5ded1715-1f2f-41fc-8a3b-737b54283616,ok,17761535.0,v1.14-1.15,0.0,0.0,0.0,True,0.0,0.0,0.15999999545750265,4.0,actuator_motors,none,8298809,4906693,5.6,,A
91c9d184-8763-44d3-b748-954b4d2a5d9b,ok,17826047.0,v1.16+,0.024074074074074074,0.0,0.011799410029498525,True,0.001971916729529784,0.3775420000000054,0.33582592010498047,4.0,actuator_motors,none,32657316,19553522,13.9,,C
c2e49367-7d32-49c1-a81f-d62b164ad753,ok,17761280.0,v1.14-1.15,0.014925373134328358,0.0,0.0,True,0.0,0.0,0.22050852924585337,4.0,actuator_motors,none,92441352,35907941,21.2,,B
1c126e44-21ec-4a49-961d-c07316327077,ok,17891392.0,v1.16+,0.0,0.0,0.0,True,0.0,0.0,0.3220930427312847,4.0,actuator_motors,none,3495110,2461551,3.0,,B
4744d377-401c-4da7-a049-676553d70c5f,ok,17630207.0,v1.12-1.13,0.0,0.0,0.0,True,0.0,0.0,0.20979939401149728,4.0,actuator_motors,none,6894075,4505783,5.0,,C
01f86696-9726-49d5-9a35-efe0c38cc3d4,ok,17761280.0,v1.14-1.15,0.0645412130637636,0.0,0.0,True,0.0,0.0,0.481274402141571,4.0,actuator_motors,none,22751624,13561484,8.9,,C
f868d5dd-9187-4816-bc8a-fd47ff321284,ok,17826303.0,v1.16+,0.0,0.0,0.0,True,0.0,0.0,0.053776174783706665,4.0,actuator_motors,none,27541824,15864965,9.1,,A
c95c5bfc-7ae2-45b2-b89b-29f79259b579,ok,17499135.0,v1.12-1.13,0.0,0.0,0.0,True,0.0,0.0,0.34700000000000003,8.0,actuator_outputs,global,3303155,2325168,2.5,,B
965aa030-4ac0-4c51-976a-2e46419362ca,ok,17760256.0,v1.14-1.15,0.0,0.0,0.0,True,0.0,0.0,0.2908129319548607,4.0,actuator_motors,none,4616699,3105083,5.0,,B
2cbf5e2c-d5d2-403c-a894-808dc57f5cee,ok,17629952.0,v1.12-1.13,0.0,0.0,0.0,True,0.0,0.0,0.41015,6.0,actuator_outputs,per_channel,4356440,3448444,3.3,,C
bd4751a9-68b0-4794-8d4b-3ff7a6baea5c,ok,17629951.0,v1.12-1.13,0.01908169350029815,0.0,0.0,True,0.0,0.0,0.249,6.0,actuator_outputs,bus,32023254,20058158,13.2,,C
0835e9db-8973-4ff4-a98e-b580a206924c,ok,33620736.0,,0.0,0.0,0.0,True,0.0,0.0,0.10592235326766966,4.0,actuator_motors,none,7859301,4667291,7.5,not_px4_v2,
4a417e78-eb30-4cc1-8ff5-c08f784d1dc9,ok,17695488.0,v1.14-1.15,0.0,0.0,0.0,True,0.07401152394198292,0.0660260000000008,0.7365459933876991,4.0,actuator_motors,none,8699476,4878254,6.5,,B
e8c8802e-fd53-44c8-82ee-05ebb85da95a,ok,17826047.0,v1.16+,0.0,0.0,0.0,False,0.019487421755049014,1.4975970000000416,0.254264925420284,4.0,actuator_motors,none,73258355,37898154,14.4,,A
e36fddef-425b-4194-bba8-97b1318e0619,ok,17629696.0,v1.12-1.13,0.0,0.0,0.0,True,0.0,0.0,0.15900000000000003,6.0,actuator_outputs,per_channel,9741136,5393430,8.3,,C
6ed587d9-7432-416d-b244-f38bd29c9dbf,ok,16842880.0,v1.12-1.13,0.0,0.0,0.0,True,0.0,0.0,0.20277031511068344,4.0,actuator_motors,none,14189204,8555484,6.9,,C
e004286e-f67e-4cdc-81fd-8ac1212aa38a,ok,17630207.0,v1.12-1.13,0.0,0.0,0.0,True,0.0,0.0,0.425,6.0,actuator_outputs,per_channel,3503555,2260771,4.3,,C
7ca75ff0-d8f0-4413-a721-4fa19cf24aff,ok,17564416.0,v1.12-1.13,0.0,0.025303110173958882,0.0,True,0.0,0.0,0.4915254237288136,8.0,actuator_outputs,bus,41064024,23013438,12.7,,C
5dbdf728-10ab-44a0-9729-e87155d8f36c,ok,17694720.0,v1.14-1.15,0.0,0.0,0.0,True,0.018588531821046,0.6667769999999997,0.3423534281551837,4.0,actuator_motors,none,18455815,6524148,9.2,,C
6dafa597-d105-4074-8b78-7e1735971a26,ok,17694720.0,v1.14-1.15,0.0,0.0,0.0,True,0.0,0.0,0.4580259203910827,4.0,actuator_motors,none,5372466,3620717,5.1,,B
5880a7c6-5791-4c41-b922-6fb9db39fa6e,ok,17891392.0,v1.16+,0.0,0.3118811881188119,0.0,False,0.015940488841657812,0.9959999999999987,0.07614004611968994,4.0,actuator_motors,none,28509932,11848087,7.2,,C
ce059f36-490f-42d6-9fc1-302ebe7cf8d9,ok,17564415.0,v1.12-1.13,0.0,0.0,0.0,True,0.0,0.0,0.5408571428571429,6.0,actuator_outputs,bus,3302494,2406761,3.1,,C
c3464a5b-81bd-4004-a282-b60b1ff7a5d3,ok,17826047.0,v1.16+,0.0,0.0,0.0,True,0.0,0.0,0.1356249898672104,4.0,actuator_motors,none,5954590,4218240,3.2,,C
ccf9ceac-0bb0-44b2-a12e-470d9c906270,ok,17695743.0,v1.14-1.15,0.9828815977175464,0.0,0.0,True,0.0006967010684482803,0.029735000000016498,0.35554102063179016,4.0,actuator_motors,none,153733874,52045575,29.0,,C
cb8236e3-709f-4f94-9f9c-fdee876e7d06,ok,17826047.0,v1.16+,0.0,0.014598540145985401,0.0,False,0.008293296728437429,0.30750799999999856,0.6024194564670319,4.0,actuator_motors,none,8607322,5501814,3.3,,C
97e71d22-83db-4e41-83a4-7f84b2b68ab1,ok,17694976.0,v1.14-1.15,0.6208333333333333,0.0,0.0,True,0.0,0.0,0.39492068588733664,4.0,actuator_motors,none,5378899,3475687,6.0,,C
67bc768a-0aad-41d5-b517-90bb05cff158,ok,255.0,,0.7077702702702703,0.0,0.23525230987917556,False,0.45159764221509036,51.282459,1.0,4.0,actuator_motors,none,32235810,18407268,9.0,not_px4_v0,
598147a6-65bf-4b5e-a2f9-93a2067f6cb6,ok,17695744.0,v1.14-1.15,0.9777777777777777,0.014814814814814815,0.0,True,0.0,0.0,0.2768971562385559,4.0,actuator_motors,none,2856944,2122400,3.0,,C
d2e24967-515e-465d-9de0-8ac0075a5409,ok,17825984.0,v1.16+,0.0,0.24324324324324326,0.0,True,0.09747292418772563,1.2008650000000003,0.5611715316772461,4.0,actuator_motors,none,3977810,3012205,6.7,,B
6585a34f-89c8-4404-85a3-7dbe12fb5804,ok,17498880.0,v1.12-1.13,0.0,0.0,,True,0.0,0.0,0.372,8.0,actuator_outputs,global,58432125,32383130,17.8,,C
d728686b-b174-476a-8fc2-c00d2f90d07f,ok,17761023.0,v1.14-1.15,0.0,0.0,0.0,True,0.01746937639198218,0.6659840000000017,0.5918435484170913,4.0,actuator_motors,none,37229029,11729393,11.5,,A
88648aa1-fb34-416c-8ee7-0571133233ac,ok,17760511.0,v1.14-1.15,0.0,0.05660377358490566,0.0,False,0.0,0.0,0.23174964636564255,4.0,actuator_motors,none,66091533,29132716,20.3,,C
7daf2da8-7593-4211-bf98-580931660735,ok,17760768.0,v1.14-1.15,0.0,0.0,0.0,True,0.0,0.0,0.04670652506974875,4.0,actuator_motors,none,3753180,2250407,2.7,,C
7e3e2cb0-56e3-405e-9a05-644c082b3583,ok,17761280.0,v1.14-1.15,0.0,0.0,0.0,True,0.0,0.0,0.10470193624496456,4.0,actuator_motors,none,10573133,7833994,4.0,,A
9a1edcca-2219-41c4-8a6a-faef239b717e,ok,17761535.0,v1.14-1.15,0.0,0.05394190871369295,0.0,True,0.0,0.0,0.4575934559106827,4.0,actuator_motors,none,5072348,3668816,3.9,,B
166ad009-5a09-49cf-ba1d-fbad63885b23,ok,17760511.0,v1.14-1.15,0.0,0.0,0.0,True,0.0,0.0,0.3282306656241417,4.0,actuator_motors,none,16670632,9277596,14.6,,B
8ba7a77f-be17-4668-ac23-770247ac510f,ok,17499135.0,v1.12-1.13,0.0,0.0,,False,0.0,0.0,0.28800000000000003,8.0,actuator_outputs,global,39716640,18610961,17.0,,B
5c92f1fc-478c-4bd7-804c-96e3381c0765,ok,17760320.0,v1.14-1.15,0.05190677966101695,0.0,0.0,True,0.0,0.0,0.21749841868877404,4.0,actuator_motors,none,59895902,32364596,21.5,,C
2660ee50-4bcd-4ea1-8a18-c08e1574f1a9,ok,17826047.0,v1.16+,0.0,0.0,0.002372479240806643,False,0.005800528974656796,0.5316290000000095,0.3432373881340026,4.0,actuator_motors,none,64487424,37797066,23.1,,C
7833d306-d776-41d4-85db-1c9a46616c6a,ok,17630207.0,v1.12-1.13,0.0,0.03680981595092025,0.0,True,0.0,0.0,0.425,6.0,actuator_outputs,per_channel,3495019,2471345,2.5,,C
4096f86e-2dae-4a81-97de-f65744ea0578,ok,0.0,,0.0,0.0,0.0,True,0.0,0.0,0.05794141367077828,4.0,actuator_motors,none,6900197,4504049,5.9,not_px4_v0,
8e7bc865-5ac0-47ee-a613-4663a0ffc70f,ok,17891583.0,v1.16+,0.0,0.04072398190045249,0.0,True,0.0,0.0,0.10263233631849289,4.0,actuator_motors,none,4476436,3148630,4.4,,B
cbdb6245-57a5-4f24-b3e0-963872002cfb,ok,17564416.0,v1.12-1.13,0.0,0.0,0.0,False,0.0,0.0,0.5425,6.0,actuator_outputs,bus,16760758,6850733,6.1,,B
9299be1c-fa4e-449c-84d3-a4604cf34090,ok,17825792.0,v1.16+,0.0,0.0,0.0,True,0.0,0.0,0.14410408586263657,4.0,actuator_motors,none,23733219,14342205,7.8,,C
533abfc2-0454-43e7-9afc-5ec6e261447d,ok,17826047.0,v1.16+,0.0,0.0,0.0,True,0.03515625,2.698704999999997,0.11524012610316275,4.0,actuator_motors,none,3303487,2301578,3.1,,C
e1f179a1-1356-4c2e-bc50-dbcd7abcd492,ok,17761280.0,v1.14-1.15,0.0,0.0,0.0,True,0.0,0.0,0.1675701409578323,4.0,actuator_motors,none,5204946,3476262,3.0,,B
bf8cc567-8c16-4649-af56-ead87f2f881a,ok,17695743.0,v1.14-1.15,0.0,0.15807560137457044,0.0,True,0.002044989775051125,0.1039999999999992,0.11464004386216402,4.0,actuator_motors,none,24593559,10220242,6.7,,C
fc055500-391c-4a8a-8c7e-c38fda95b60f,ok,17826240.0,v1.16+,0.0,0.0,0.0,True,0.0,0.0,0.30316593647003176,4.0,actuator_motors,none,15074318,9189337,6.7,,C
bd8cf97e-1998-4cb7-9bb4-bca4e5253bf6,ok,17891392.0,v1.16+,0.0,0.8333333333333334,0.0,True,0.0,0.0,0.0750855594873428,4.0,actuator_motors,none,4451197,3211012,3.5,,C
6e610b03-486c-4b87-b151-b3432bf56830,ok,17761023.0,v1.14-1.15,0.0,0.0,0.0,True,0.0,0.0,0.53102414086461,4.0,actuator_motors,none,3713301,2859765,3.5,,A
c05f5235-215e-4db8-9f37-caf15724cc43,ok,17498880.0,v1.12-1.13,0.0,0.0,0.0,True,,,,4.0,actuator_outputs,global,4424434,2313456,6.8,,B
ac280158-9e92-4b29-9202-bf65455f7cff,ok,402784511.0,,0.0,0.0,0.0,True,,,,8.0,actuator_outputs,none,18831360,8469739,11.0,not_px4_v24,
fb98c0ff-f746-47a9-94a4-35f18a6d5af3,ok,17760256.0,v1.14-1.15,0.0,0.0,0.0,True,,,,4.0,actuator_motors,none,14229544,4492198,7.2,,C
7c6b67be-db19-4720-83b3-a16f503daae8,ok,17761280.0,v1.14-1.15,0.0,0.0,0.0,True,0.0,0.0,0.21311725378036497,4.0,actuator_motors,none,71560479,44558475,18.6,,B
7c093f68-07c6-4e29-99e0-e7ea5f009c84,ok,17760767.0,v1.14-1.15,0.0,0.0,0.0,True,0.0,0.0,0.4845006622374056,4.0,actuator_motors,none,4073423,2918063,3.7,,B
480597bd-2f52-4bfd-a6c4-9b8ec7ea5f12,ok,17891583.0,v1.16+,0.0,0.0,0.0,True,0.5535248041775457,17.902071,0.9999999999994353,4.0,actuator_motors,none,3561054,2797755,3.7,,C
4b669d41-b5b9-43f1-a296-b1209904bcba,ok,255.0,,0.0,0.0,0.0,True,0.13505311077389984,3.397500000000008,0.7066768147051334,4.0,actuator_motors,none,12662825,8615979,4.4,not_px4_v0,
251632b7-6536-48d6-b495-bd533e6f19fa,ok,17826047.0,v1.16+,0.0,0.0,0.0,True,0.0006662225183211193,0.10162600000001021,0.062395840883255005,4.0,actuator_motors,none,5416938,3430313,2.9,,B
004674ec-2d5c-4750-852d-f19b454f7176,ok,17761280.0,v1.14-1.15,0.0,0.0,0.0,True,,,,4.0,actuator_motors,none,26146330,13358361,5.6,,B
f4760001-2240-46ab-8663-b6efeb0eccb5,ok,17760511.0,v1.14-1.15,0.0,0.06209150326797386,0.0,True,0.0,0.0,0.33573193848133087,4.0,actuator_motors,none,21268253,9112666,7.2,,B
9e1ff3d2-f668-4639-86c9-761e421f389a,ok,17694975.0,v1.14-1.15,0.0,0.0,0.0,True,0.0,0.0,0.2802192777395247,4.0,actuator_motors,none,3811702,2602408,4.0,,B
e0dfc303-8ec7-414f-85fd-d49e63d48ff5,ok,17630207.0,v1.12-1.13,0.0,0.0,0.0,True,0.0012033694344163659,0.10209000000000401,0.26947321615612635,4.0,actuator_motors,none,27100836,13922383,7.4,,C
8d04a31b-47e2-4f82-87e6-ac75dfc06957,ok,17695744.0,v1.14-1.15,0.0,0.0,0.0,True,0.0,0.0,0.20904832929372785,4.0,actuator_motors,none,38839063,11831600,6.6,,C
d929b5bd-fafb-4bc4-8ec8-8c162740463a,ok,17695743.0,v1.14-1.15,0.0,0.0,0.0,True,0.0,0.0,0.5605098456144333,4.0,actuator_motors,none,9437573,6156687,4.9,,B
24c87e99-4bee-491b-8748-7bec4035bf2c,ok,17761535.0,v1.14-1.15,0.0,0.04526748971193416,0.04274937133277452,True,0.0,0.0,0.3660801716148853,4.0,actuator_motors,none,9931463,6555581,7.2,,B
ef94502c-cb9c-4c43-921f-dabff12683f6,ok,17761024.0,v1.14-1.15,0.0,0.0,0.0,True,0.0,0.0,0.37822000682353973,4.0,actuator_motors,none,18497791,9621608,6.9,,C
b4e8bd03-f7ad-4378-961d-56e2c77bc3e4,ok,17826047.0,v1.16+,0.0,0.0,0.0,True,0.000903954802259887,0.102737999999988,0.36490119695663453,4.0,actuator_motors,none,19336598,11569933,13.4,,B
fdf37bb8-e82a-4d3b-8a4e-84578ec40bb8,ok,17694720.0,v1.14-1.15,0.19611021069692058,0.0,0.0,True,0.0,0.0,0.23687868416309357,4.0,actuator_motors,none,55933787,13904378,13.9,,C
556d9391-5cb5-42e7-9585-6e9cc289eb0d,ok,17761535.0,v1.14-1.15,0.0,0.0,0.0,True,0.0,0.0,0.19341936707496643,4.0,actuator_motors,none,60187166,21699619,21.9,,B
42a0d943-1609-4986-afa7-caa3fe78355d,ok,17629952.0,v1.12-1.13,0.0,0.11583011583011583,0.0,True,0.010535557506584723,0.40249900000000594,0.2798970431089401,4.0,actuator_motors,none,6444420,3575654,3.1,,C
0daded3a-09a7-4bc6-b47d-6ffb146f6631,ok,17630207.0,v1.12-1.13,0.0,0.0,0.0,True,0.0,0.0,0.199,6.0,actuator_outputs,per_channel,2647410,1842096,4.8,,C
19db58cc-e305-46d5-b38c-c370c16c6228,ok,17826048.0,v1.16+,0.0,0.0,0.0,True,0.0,0.0,0.1798591673374175,4.0,actuator_motors,none,5716340,3521338,7.5,,C
6efe27db-fa01-47c7-8d9c-967f7d28f727,ok,16777984.0,v1.12-1.13,0.0,0.0,0.0,True,0.0,0.0,0.14474597573280334,4.0,actuator_motors,none,86567323,47146514,26.4,,C
7d373bf8-c662-46b4-8422-4b0d2a4c2c72,ok,16777984.0,v1.12-1.13,0.0,0.0,0.0,True,0.0,0.0,0.16370892971754064,4.0,actuator_motors,none,4817506,3306405,4.5,,C
0a72d5f6-729b-4028-ad5d-b722ce94a689,ok,17695743.0,v1.14-1.15,0.445823927765237,0.0,0.0,True,0.0020604395604395605,0.39891899999997804,0.4461532160639762,4.0,actuator_motors,none,18468560,11888258,5.5,,A
e5b15dd2-ceec-4e8c-a852-72580d8e1884,ok,17825984.0,v1.16+,0.012024048096192385,0.0781563126252505,0.0,True,0.4369449378330373,2.799999999999997,0.7467036172747612,4.0,actuator_motors,none,70520029,28116361,14.3,,A
3862af7d-b0fe-4918-8546-3f0888e11563,ok,17826240.0,v1.16+,0.0,0.0,0.0,True,0.010144927536231883,0.30136299999999494,0.42266166806221006,4.0,actuator_motors,none,3599815,2679662,2.5,,A
787e5e88-3eed-40c8-81d1-f999005c382d,ok,17760256.0,v1.14-1.15,0.0,0.0,0.0,True,0.0,0.0,0.07547274231910706,4.0,actuator_motors,none,6264063,4763203,2.2,,C
cee67547-ac3b-4fd1-b137-841d4ec910bf,ok,17891392.0,v1.16+,0.0,0.0,0.0,True,0.0004369197160021846,0.02147500000000946,0.0440562397241592,4.0,actuator_motors,none,10509040,6118672,4.7,,C
60b3da9c-40e2-4d92-8577-d5446e4d792c,ok,17694975.0,v1.14-1.15,0.0,0.0,0.0,True,0.0,0.0,0.34404348619282243,4.0,actuator_motors,none,18680954,11892996,6.6,,C
5dc9ed05-00f1-48d6-bb18-6819fd07e30c,ok,17694720.0,v1.14-1.15,0.0,0.0,0.0,True,0.0,0.0,0.21392637491226194,4.0,actuator_motors,none,11227646,6971335,3.9,,C
f270800d-7f94-442e-89f9-970ec60fc86a,ok,17826559.0,v1.16+,0.0,0.0,0.0,True,0.0,0.0,0.1301427302882075,4.0,actuator_motors,none,40845821,10518562,10.8,,A
3f4b8d54-d264-4c85-a66b-c89704fe60d3,ok,17630207.0,v1.12-1.13,0.0,0.0,0.0,True,0.0,0.0,0.128,6.0,actuator_outputs,per_channel,8908986,5631619,5.0,,B
38dbe81c-fac2-4a1e-891b-7ac4babfd737,ok,17760256.0,v1.14-1.15,0.0,0.0,0.0,True,0.0,0.0,0.11960486769676204,4.0,actuator_motors,none,7508872,4985939,3.9,,A
4f9e3184-1e3f-42c3-a6ce-797841c2d42b,ok,17761280.0,v1.14-1.15,0.0,0.0,0.0,False,0.005461701159272844,0.28415200000000596,0.23283344507217407,4.0,actuator_motors,none,28588334,8200491,8.0,,B
a1fb3922-0edb-4097-b86a-772d888937d1,ok,17760256.0,v1.14-1.15,0.0,0.0,0.0,True,0.0,0.0,0.20843546089665446,4.0,actuator_motors,none,3580402,2627119,2.8,,C
ec9e8e87-972b-4237-b903-89eb144978b9,ok,17498112.0,v1.12-1.13,0.0,0.0,0.0,True,0.0,0.0,0.496,6.0,actuator_outputs,global,4486863,2861086,6.7,,C
fa65d37e-9a7e-4ab4-b104-fa39c5a3c3a3,ok,17760256.0,v1.14-1.15,0.0,0.0,0.0,False,0.0,0.0,0.3214171832427381,4.0,actuator_motors,none,10363521,5981074,7.0,,A
488026a5-03f5-4f0f-a5e7-9be84630304b,ok,17761280.0,v1.14-1.15,0.0,0.0,0.0,True,5.653870074065698e-05,0.013979999999999215,0.16028208136558525,4.0,actuator_motors,none,26983382,16293344,7.9,,A
52c752df-a7b3-4d38-a6fd-bd6fdd5d647d,ok,17629184.0,v1.12-1.13,0.0,0.0,0.26639344262295084,True,0.0,0.0,0.366,6.0,actuator_outputs,per_channel,5397011,3703796,2.1,,B
b33be9d5-fba1-407e-8a38-bfb2136fc175,ok,17826240.0,v1.16+,0.0,0.0,0.0,True,0.026399880966720277,1.5325149999999894,0.4867902100086212,4.0,actuator_motors,none,57737169,35448489,16.2,,A
ecf95f1d-f0c2-4eaa-b2f2-fe4a6af92ec5,ok,17891392.0,v1.16+,0.0,0.0,0.0,True,0.0,0.0,0.09659363776445386,4.0,actuator_motors,none,3588314,2579833,2.4,,B
44fb09de-035b-4c27-b765-5811c91fe907,ok,17630207.0,v1.12-1.13,0.0,0.02564102564102564,0.0,True,0.0,0.0,0.36272727272727273,6.0,actuator_outputs,per_channel,10551513,6176372,3.5,,B
9676a5fe-b7ac-4abb-84b5-6368bfabf11f,ok,17629952.0,v1.12-1.13,0.05091649694501019,0.0,0.0,True,0.14309210526315788,6.601424000000009,1.0,8.0,actuator_motors,none,12770098,6959395,5.2,,C
c6c9925c-3951-46e1-9d38-8c5677dad084,ok,17694720.0,v1.14-1.15,0.0,0.0,0.0,True,0.005121638924455826,0.301156000000006,0.28564921021461487,4.0,actuator_motors,none,16712205,5134681,4.5,,C
910edaf3-9737-42e3-a3b8-5f832fd3839e,ok,17825984.0,v1.16+,0.0,0.21693121693121692,0.03938730853391685,True,0.025404157043879907,0.9996849999999995,0.28825780749320984,4.0,actuator_motors,none,4086917,3031484,2.8,,C
94d937b9-ee18-4f61-a7dd-5d881bfb77e2,ok,0.0,,0.0072992700729927005,0.0072992700729927005,0.0,True,0.0,0.0,0.10924265384674066,4.0,actuator_motors,none,12106368,8186193,6.7,not_px4_v0,
7c3a6f47-b0ae-4410-8f00-580a6241b261,ok,17630207.0,v1.12-1.13,0.0,0.0,0.0,True,0.0,0.0,0.25359999999999994,6.0,actuator_outputs,per_channel,4197622,3311293,3.2,,C
9cf97c42-959d-41a4-bc59-58f1e021bf5a,ok,17630207.0,v1.12-1.13,0.0,0.0,0.0,True,0.0,0.0,0.2365999999999999,6.0,actuator_outputs,per_channel,4224545,2704641,2.6,,C
26c0c04d-a2e4-476e-a7c2-7a7695b172d3,ok,17694720.0,v1.14-1.15,0.0,0.0,0.0,True,0.0,0.0,0.336125223338604,4.0,actuator_motors,none,4337006,2692049,3.7,,B
22dbee22-3fd7-433e-9b46-4cbeac6964c1,ok,17826047.0,v1.16+,0.0,0.0,0.0,True,0.0,0.0,0.30295569449663157,4.0,actuator_motors,none,9977748,6681814,4.1,,B
902128db-bf27-4e9b-8f38-15188b3ffe5a,ok,17891583.0,v1.16+,0.0,0.0,0.0,True,0.0,0.0,0.1457399308681488,4.0,actuator_motors,none,5403647,4064262,2.8,,C
201bf29b-321b-4952-86ed-c8c4a29dfdd1,ok,17432576.0,v1.12-1.13,0.0,0.0,0.0,True,0.0,0.0,0.21000000000000002,6.0,actuator_outputs,global,4557191,2478121,2.6,,A
85a947c4-c918-4c93-9a39-ea289ce77a42,ok,17630207.0,v1.12-1.13,0.0,0.0,0.0,True,0.0,0.0,0.185,6.0,actuator_outputs,per_channel,2016717,1482132,3.2,,B
b467a18a-b13f-432f-a6fa-97ff637094a5,ok,17826240.0,v1.16+,0.0,0.0,0.0,True,0.030232558139534883,2.9015930000000054,0.4453044950962067,4.0,actuator_motors,none,6308038,4461392,6.1,,B
aec1f5ef-f8ff-423d-9b30-2a7cddb34b2a,ok,17891583.0,v1.16+,0.0,0.0,0.0,True,0.016432453291314274,3.9656960000000367,0.17142312303185456,4.0,actuator_motors,none,25669116,15110369,6.6,,B
008f894e-9342-48cc-a950-b242be1e5a5e,ok,17695743.0,v1.14-1.15,0.0,0.0,0.0,True,0.0,0.0,0.2229721665382385,4.0,actuator_motors,none,13776478,8844789,4.1,,C
2084052f-bc1f-4e69-802b-636b265cd1e3,ok,17629439.0,v1.12-1.13,0.0,0.0,0.0,True,0.0,0.0,0.18675000000000005,6.0,actuator_outputs,per_channel,2344429,1641314,3.0,,A
9cde3c69-184f-4c71-ac06-b01dc13b6a1d,ok,17760256.0,v1.14-1.15,0.0,0.0,0.0,True,,,,4.0,actuator_motors,none,4303017,2935264,3.5,,B
6d50790b-4805-4ddd-ad91-540975494c32,ok,17761535.0,v1.14-1.15,0.0,0.0,0.0,True,0.0,0.0,0.07673710584640503,4.0,actuator_motors,none,3951577,2571861,3.0,,C
8daf71f7-e479-485e-8c44-73412f5b2bea,ok,17630207.0,v1.12-1.13,0.0,0.0,0.0,True,0.0,0.0,0.3294,6.0,actuator_outputs,per_channel,12125553,7546186,7.5,,C
25c2b07f-afa3-4693-926b-0b74b94d2ac3,ok,17695743.0,v1.14-1.15,0.0,0.0,0.0,True,0.0,0.0,0.2640068456530571,4.0,actuator_motors,none,37944859,23454783,8.7,,B
90cd5964-82f6-459e-a942-7224900793e5,ok,17761023.0,v1.14-1.15,0.0,0.0,0.0,True,0.0,0.0,0.07774587571620942,4.0,actuator_motors,none,3237396,2213263,3.4,,B
8e0c18ab-1469-407a-8aa9-8bb3a56c9074,ok,17694720.0,v1.14-1.15,0.0,0.0,0.0,True,0.0,0.0,0.21953294426202746,4.0,actuator_motors,none,26582734,14580853,4.8,,B
85906799-2093-4ed3-854a-9bc6f7c24516,ok,17236991.0,v1.12-1.13,0.0,0.0,0.0,True,0.0018708425720620843,0.46462499999998386,0.411,6.0,actuator_outputs,global,36549087,18103362,8.6,,B
46c0935d-6879-42d3-bf6c-8ed082b45d3a,ok,17825984.0,v1.16+,0.0,0.0,0.0,True,0.00017224550726301888,0.0074620000000038544,0.40398070216178905,4.0,actuator_motors,none,8713607,5602281,4.5,,B
9ebadde2-7e22-4e65-8518-3a5479fd108d,ok,17760767.0,v1.14-1.15,0.10144927536231885,0.0,0.0,True,0.0,0.0,0.542891339957714,4.0,actuator_motors,none,6741393,4494038,12.8,,A
5d93b204-9bc1-431e-9247-85c72f50fd2a,ok,17629184.0,v1.12-1.13,0.052346570397111915,0.0,0.0,False,0.0016835016835016834,0.10096399999999761,0.6839999999999999,6.0,actuator_outputs,per_channel,2145321,1456194,4.1,,C
f3884bf0-df61-4b0d-aa38-57aa13e19d28,ok,17695743.0,v1.14-1.15,0.0,0.0,0.0,True,0.0024549918166939444,0.20015999999999678,0.2872554302215577,4.0,actuator_motors,none,3912161,2430717,4.1,,B
019a45d7-2553-4535-b9f7-f209633bf26d,ok,17564928.0,v1.12-1.13,0.0,0.0,0.0,True,0.0,0.0,0.41647058823529415,4.0,actuator_outputs,global,39063878,19003021,10.0,,A
7690b5f6-ef1e-4f3a-9f28-0119b0175a9c,ok,17826047.0,v1.16+,0.0,0.0,0.0,True,0.0,0.0,0.182271386682987,4.0,actuator_motors,none,17880887,11811324,4.7,,B
f41c0f5c-6566-4aaf-bb7a-bd3b81c3ae47,ok,17760768.0,v1.14-1.15,0.0,0.0,0.0,True,0.0,0.0,0.1684196531772613,4.0,actuator_motors,none,4029871,2804039,4.5,,C
2c16cd61-1ca4-4e70-9f71-b3e58ae49de6,ok,17761280.0,v1.14-1.15,0.0,0.0,0.0,True,0.0,0.0,0.0886138454079628,4.0,actuator_motors,none,14526746,8640028,4.8,,B
0c02d58b-9848-4440-b237-5ec11b746b4c,ok,17761535.0,v1.14-1.15,0.0,0.0,0.0,True,0.037082177216502865,2.8775420000000054,0.257355535030365,4.0,actuator_motors,none,14600351,9142133,5.7,,C
1f32ab9e-a748-45e5-97b9-ba461dfcd0cd,ok,17695743.0,v1.14-1.15,0.0,0.0,0.0,True,0.7645305514157973,4.801460000000002,0.7006982713937759,4.0,actuator_motors,none,3129666,2448792,4.5,,C
743c9fae-10b6-48f5-b590-2870a7dbf0cf,ok,17695743.0,v1.14-1.15,0.0,0.0,0.0,True,,,,4.0,actuator_motors,none,38371885,21585015,10.8,,A
df147d88-3d81-4a5e-be0e-098efae4ab22,ok,17825792.0,v1.16+,0.0,0.0,0.0,True,0.044496005303402635,0.5285180000000196,0.44514402747154236,4.0,actuator_motors,none,35773856,22718402,20.4,,C
0ab502ef-98ab-4b94-9761-69ab91db08c5,ok,17695743.0,v1.14-1.15,0.0,0.0,0.0,True,0.010748194704466436,0.5818439999999985,0.3556916294307462,4.0,actuator_motors,none,92648075,35863484,26.1,,A
5efd451d-3acd-44ad-824f-d2b6f6a330e0,ok,17825856.0,v1.16+,0.0,0.0,0.0,True,0.0003605088324663954,0.10251299999981711,0.46455385115696124,4.0,actuator_motors,none,91371819,57952207,27.3,,B
5ee59a26-9247-4dba-837b-33035c724eb1,ok,17760256.0,v1.14-1.15,0.0,0.0,0.0,True,0.0,0.0,0.5103672988712785,4.0,actuator_motors,none,2505582,1818010,5.1,,C
79dbd04c-9fa5-4feb-b832-5cd245839e17,ok,17826047.0,v1.16+,0.0,0.0,0.0,True,0.003125,0.19769199999999643,0.45654228180646794,6.0,actuator_motors,none,3649342,3013703,5.7,,B
f3c856d9-79a8-4009-a9ed-4073c60ff036,ok,17694720.0,v1.14-1.15,0.0,0.0,0.0,True,7.467144563918757e-05,0.031567999999992935,0.4317065272480249,4.0,actuator_motors,none,98054542,32876551,27.7,,C
5ca695f7-a3c0-4bc9-856a-a6bbd5959e30,ok,17563904.0,v1.12-1.13,0.0,0.0,0.0,True,0.0,0.0,0.27524999999999994,6.0,actuator_outputs,bus,3150901,2445588,3.1,,B
79222114-623e-4b3d-977a-23fdde2cc511,ok,17695744.0,v1.14-1.15,0.0,0.0,0.0,True,,,,4.0,actuator_motors,none,4121411,2791718,2.7,,C
b8ac6f1c-7ea2-4c62-9adb-4a3c0a583664,ok,17761280.0,v1.14-1.15,,,,,,,,,none,none,375253,164366,1.5,,B
f6bc4dd8-b528-44c0-af2e-39aa71b75fff,ok,17694720.0,v1.14-1.15,0.022058823529411766,0.0,0.0649546827794562,True,0.24069656488549618,3.406248999999999,0.9999999999080457,4.0,actuator_motors,none,14623466,8050016,12.7,,C
45a21fdf-0b74-4e72-8926-a46643f048c1,ok,17695743.0,v1.14-1.15,0.0,0.0,0.0,True,0.0,0.0,0.2475604683160781,4.0,actuator_motors,none,21471222,12008119,14.2,,A
5e4edc60-569b-4101-8b11-15eb8e5297dc,ok,17761280.0,v1.14-1.15,0.0,0.0,0.0,True,0.0,0.0,0.17858852148056026,4.0,actuator_motors,none,100397988,58753633,22.2,,B
376cfb8d-d741-4115-801e-2d60ee5e53c9,ok,17761535.0,v1.14-1.15,0.0,0.0,0.0,True,0.7792592592592592,2.3037630000000036,1.0,4.0,actuator_motors,none,2338954,1630168,2.7,,C
34ae2cb6-3299-4c18-9ffa-e0ed321f6268,ok,17694720.0,v1.14-1.15,0.0,0.0,0.0,True,0.0,0.0,0.09999486207962036,4.0,actuator_motors,none,12857521,3214362,3.7,,C
814f3010-bc7d-4d8b-b2b7-0363293c9076,ok,17695743.0,v1.14-1.15,0.0,0.0,0.0,True,0.0,0.0,0.7085994598658497,4.0,actuator_motors,none,2835747,2267190,3.3,,B
27421cb1-4489-473d-a952-deb89cc26d1c,ok,17760511.0,v1.14-1.15,0.0,0.048859934853420196,0.0,True,0.0,0.0,0.25726450234651566,4.0,actuator_motors,none,6313051,4237131,7.2,,B
233a4f54-86a4-475a-bc54-61336dc6bf9f,ok,17826047.0,v1.16+,0.0,0.0,0.0,False,0.0024196335983408227,0.6009730000000104,0.30283884406089784,4.0,actuator_motors,none,13713548,8998817,10.7,,C
eb75b101-5e33-4978-a88f-7a13966ad295,ok,17694975.0,v1.14-1.15,0.0,0.0,0.0,True,0.0,0.0,0.2145035795867443,4.0,actuator_motors,none,19978811,12952048,11.1,,C
a9c9c6f3-da38-42d0-8cdf-2501c05699a1,ok,17825984.0,v1.16+,0.0,0.11492734478203434,0.0,True,0.5429147465437788,6.700000000000003,1.0,4.0,actuator_motors,none,111114864,47838617,38.8,,C
0e035bda-9965-43ba-b296-e8978ea0dc6d,ok,17630207.0,v1.12-1.13,0.0,0.0,0.0,True,0.02364394993045897,1.001058999999998,0.3964000000000001,6.0,actuator_outputs,per_channel,2484656,1763741,3.3,,C
2a3dbcfd-dcfc-4af2-a58e-aba9d377ab82,ok,17760768.0,v1.14-1.15,0.0,0.0,0.0,True,0.0,0.0,0.23999997042119503,4.0,actuator_motors,none,2470153,1870513,3.0,,A
36c55341-13f7-40d9-8736-5a53eea5c970,ok,17825792.0,v1.16+,0.0,0.0,0.0,True,0.1953206239168111,11.837762999999995,1.0,4.0,actuator_motors,none,10779076,4905094,4.1,,C
1ced92e4-0565-48c4-ac07-f39041eed434,ok,17761535.0,v1.14-1.15,0.0,0.0,0.0,True,0.0,0.0,0.43571199923753734,4.0,actuator_motors,none,4780758,3437784,2.9,,C
685b8ef8-e6ad-4d01-b5a9-9860ab537b13,ok,17761023.0,v1.14-1.15,0.0,0.0,0.0,True,0.0,0.0,0.23855192661285396,4.0,actuator_motors,none,13504640,7672158,4.3,,C
a5e80239-ac11-4f97-ad07-d4517fc09523,ok,17629696.0,v1.12-1.13,0.0,0.0,0.0,True,,,,4.0,actuator_outputs,per_channel,6801216,3817703,4.4,,A
4b2ba481-b960-4158-9098-e2a9075c06f3,ok,17761535.0,v1.14-1.15,0.005221932114882507,0.0,0.0,True,0.0,0.0,0.27682815343141554,4.0,actuator_motors,none,43373444,26690656,13.1,,C
eaf98000-82c5-477c-a185-c4be866b8886,ok,17891583.0,v1.16+,0.0,0.02910958904109589,0.0,True,0.0,0.0,0.30281060636043544,4.0,actuator_motors,none,13952359,9581481,8.6,,B
effab4e1-bb70-4a82-85b6-1aa26cd0f27f,ok,17761535.0,v1.14-1.15,0.0,0.0,0.0,True,,,,,actuator_motors,none,37133285,21546064,13.8,,C
e8248856-d8b7-44fb-ba99-674ee6dcffef,ok,17630207.0,v1.12-1.13,0.0,0.0,0.0,True,0.0,0.0,0.0,6.0,actuator_outputs,bus,7572690,4632428,10.8,,B
9a900826-c2ee-4259-8c2e-a065a002d750,ok,17826047.0,v1.16+,0.0,0.0,0.0,True,0.016299510458388962,0.9693709999999989,0.42436396330595016,4.0,actuator_motors,none,8196664,5470874,10.8,,A
dfe1ecb2-9339-404c-be00-3afe7c3dbdea,ok,17826240.0,v1.16+,0.0,0.16521739130434782,0.0,True,0.0,0.0,0.27129947245121,4.0,actuator_motors,none,4967266,2944275,3.6,,C
b561f0e1-ff00-4d9a-82e0-f99004dcfcfd,ok,17629184.0,v1.12-1.13,0.0,0.0,0.0,True,,,,,actuator_outputs,none,118906063,22303968,36.5,,B
db372177-e47c-4bf1-b59a-8496124a0fd7,ok,402784511.0,,0.0,0.0,0.0,True,,,,8.0,actuator_outputs,none,4540416,2442168,3.4,not_px4_v24,
84bab0d0-3bfb-41cc-8752-9dfbcfd9382f,ok,17760767.0,v1.14-1.15,0.0006165228113440197,0.005394574599260173,0.0,True,0.0,0.0,0.17323576360940926,4.0,actuator_motors,none,133454255,76569976,34.5,,C
89522b38-ec60-4fef-ac67-ddf56cb9a5d2,ok,17564416.0,v1.12-1.13,0.9675789473684211,0.002105263157894737,0.0,False,0.0,0.0,0.45714285714285713,6.0,actuator_outputs,bus,3232305,1883323,3.7,,C
5ea07f1e-6266-436e-acff-94901abc30ee,ok,17761280.0,v1.14-1.15,0.0,0.0,0.0,True,0.0,0.0,0.15787321925163272,4.0,actuator_motors,none,10448525,6700823,4.9,,B
c574c4e1-92d9-4226-a6a4-351d04ef9566,ok,17826240.0,v1.16+,0.0,0.0,0.0,True,6.12294881214793e-05,0.00373899999999594,0.6041797656565905,4.0,actuator_motors,none,8011985,5111725,5.1,,A
e41e1942-6b15-4ee2-950e-3991b4ab1523,ok,402784511.0,,0.0,0.0,,True,,,,8.0,actuator_outputs,none,2205696,1233337,2.3,not_px4_v24,
a0913310-d2eb-4f9d-a5ad-5a138fd03f06,ok,17760512.0,v1.14-1.15,0.12359550561797752,0.0,0.022296544035674472,False,0.000564334085778781,0.10243099999999572,0.3013480216264724,4.0,actuator_motors,none,7960297,4308696,7.8,,B
cc7d88d5-2c6c-433b-9ef7-51491b783762,ok,17761535.0,v1.14-1.15,0.0,0.0,0.0,False,0.0,0.0,0.23122222423553446,4.0,actuator_motors,none,14613037,9333903,7.6,,B
4ef8659f-2a60-4a72-9ba5-5ec6f16b70bc,ok,17170944.0,v1.12-1.13,0.0,0.0,0.0,False,0.10305958132045089,1.0,0.891192615032196,4.0,actuator_motors,none,22331858,9629935,5.4,,A
80e8938d-01fa-4a11-bbf1-3e1d2ec3ca2f,ok,17761535.0,v1.14-1.15,0.0,0.0,0.0,True,0.05734882893949925,5.649727999999996,0.4568905359037176,4.0,actuator_motors,none,52895946,18610584,12.9,,B
425ca0ab-2740-4922-b98b-5fd831fad1c0,ok,17694976.0,v1.14-1.15,0.6208333333333333,0.0,0.0,True,0.0,0.0,0.39492068588733664,4.0,actuator_motors,none,5378899,3475687,3.8,,A
0b65d668-dc2f-423d-a728-89c5fb59533f,ok,17825984.0,v1.16+,0.0,1.0,0.0,True,0.0,0.0,0.16115584969520566,4.0,actuator_motors,none,3712344,2688119,3.5,,B
6e080b74-16c5-4957-8d0b-630cf1ede299,ok,17695744.0,v1.14-1.15,0.0,0.0,0.0,False,0.014448669201520912,1.5017660000000035,0.3116710305213928,4.0,actuator_motors,none,5937860,3675029,3.6,,B
d43be4b4-3c0f-435f-806f-6e1568fcb85c,ok,17760320.0,v1.14-1.15,0.0,0.0,0.0,True,0.0,0.0,0.16398736238479628,4.0,actuator_motors,none,38749379,22360685,8.7,,C
4020a64f-010d-4699-973c-f9b04c53cb38,ok,17694720.0,v1.14-1.15,0.8539682539682539,1.0,0.2884130982367758,True,0.100383631713555,4.399125000000012,0.2949662953615188,4.0,actuator_motors,none,5997012,3805183,17.1,,A
afd1472c-f54f-403d-8dd8-402d8ec951ce,ok,17825984.0,v1.16+,0.0,0.0,0.028640776699029126,False,0.7947084762371387,263.297909,1.0,4.0,actuator_motors,none,19388963,10376656,21.5,,A
00d1df54-e249-432d-9b6d-258e71c24b38,ok,17825856.0,v1.16+,0.0,0.0,0.0,False,0.0,0.0,0.0,1.0,actuator_motors,none,17058621,5337932,18.2,,B
32e2aa9d-06cb-4224-8688-bf132ed4e367,ok,17761535.0,v1.14-1.15,0.0,0.0,0.0,True,0.0,0.0,0.2648572735488415,4.0,actuator_motors,none,40493229,23229285,25.8,,B
3eb646d4-7ef0-43f3-8521-a10b0595039e,ok,17826047.0,v1.16+,0.0,0.0,0.0,True,0.0,0.0,0.4983092863112688,4.0,actuator_motors,none,3287375,2375181,3.3,,B
11c89c98-bdc2-422a-badf-a570aef61c3d,ok,17761792.0,v1.14-1.15,0.0,0.0,0.0,True,0.0,0.0,0.3397476375102996,4.0,actuator_motors,none,8211487,4958983,4.1,,B
c5780a58-6604-4f22-8345-c660568c820b,ok,17630207.0,v1.12-1.13,0.017543859649122806,0.0,0.0,True,0.0,0.0,0.30555,6.0,actuator_outputs,per_channel,4791076,3169960,4.0,,C
31d3a42d-4d7c-4e56-b5da-1a3aa0447e28,ok,17695743.0,v1.14-1.15,0.672645739910314,0.9641255605381166,0.0,True,0.004797458300238284,0.3351940000000013,0.4525661796331405,4.0,actuator_motors,none,12269200,6895283,4.0,,B
4dd4c078-783f-4f58-b2fe-670159a34b39,ok,17629696.0,v1.12-1.13,0.0,0.0,,True,0.0,0.0,0.13506195694208142,4.0,actuator_motors,none,11848675,6366278,4.0,,B
0229a46f-bf1f-4e68-9246-2dad6d50f160,ok,17761280.0,v1.14-1.15,0.0,0.15328467153284672,0.0,True,0.0,0.0,0.0448227047920227,4.0,actuator_motors,none,7505000,4837924,3.6,,B
