log_id,status,ver_sw,band,failsafe_frac,nav_state_forbidden_frac,filter_fault_flags_frac,landed_at_end,sat_frac,sat_max_run_s,motor_spread_p95,n_motors,actuator_source,pwm_source,ulg_bytes,parquet_bytes,elapsed_s,excluded_reason,dropout_frac_v2,rate_position_hz,rate_attitude_hz,rate_ratios_hz,duration_s,airborne_s
2518c527-4290-40e7-b7ea-d43a65aa33a3,ok,17694975,v1.14-1.15,0.0,0.0,0.0,True,0.0,0.0,0.4014838397502899,4.0,actuator_motors,none,2990611,2171511,5.1,,0.0,10.01303282010949,20.011931922478485,2.000092442982332,77.820606,69.33351000000002
489b7e37-cbd2-4b7c-99e6-1179ada740f1,ok,17694975,v1.14-1.15,0.0,0.0,0.0,True,0.0,0.0,0.088112585991621,4.0,actuator_motors,none,2567491,1921640,1.9,,0.0,10.014975152723762,20.014586532358294,1.9999891163382972,64.793915,58.138721000000004
e9fc82b6-064c-4115-9c90-96a59fd91028,ok,17761535,v1.14-1.15,0.0,0.0,0.0,True,0.0,0.0,0.3480685781687498,4.0,actuator_motors,none,4010689,2789650,7.0,,0.0,10.009217570662127,20.008741403478655,1.9998949763890554,103.143572,95.64300800000005
53501b6b-ddc5-4095-897d-af0dcfeeef12,ok,17694975,v1.14-1.15,0.0,0.0,0.0,True,0.0,0.0,0.4207091391086577,4.0,actuator_motors,none,3682442,2608812,7.1,,0.0,10.010732195308695,20.010042468150978,1.9999434121274546,95.377979,89.26058299999998
b0013569-f227-4086-b52a-f40ae69834cd,ok,17630207,v1.12-1.13,0.0,0.0,0.0,True,0.0,0.0,0.3636363636363636,6.0,actuator_outputs,per_channel,3815142,2740668,3.6,,0.0,10.01334847327221,20.01362181219672,2.0001840958914574,76.089628,74.45927799999998
eaa6dae6-3036-4cd4-8586-8a9e5fb78cbf,ok,17629952,v1.12-1.13,0.0236220472440944,0.0,0.0,True,0.0,0.0,0.425,6.0,actuator_outputs,per_channel,7658320,4259171,7.4,,0.0,10.015527718631668,199.64447035989684,1.9999556809821095,62.89766,57.95865600000002
e8bbc752-9584-430a-b25b-87bd124d5f3a,ok,17761280,v1.14-1.15,0.0,0.0,,True,0.03099173553719,0.7984670000000023,0.3785790979862213,4.0,actuator_motors,none,3201535,2143197,5.6,,0.0,10.009440053850788,20.009958901927735,0.0,100.301744,96.834204
91505ef2-2587-4b38-bfb9-49ce545c3bfb,ok,17760511,v1.14-1.15,0.0,0.0,0.0,False,0.0,0.0,0.02576604783535,4.0,actuator_motors,none,14208729,6375336,11.2,,0.0,125.00759186152445,250.0,125.00759186152445,65.7,45.28
87a0d665-84e8-4499-a220-6e9b56f77d6b,ok,17695999,v1.14-1.15,0.0,0.0380710659898477,0.0511247443762781,True,7.356727727506805e-05,0.0074890000000209,0.2183632940053939,4.0,actuator_motors,none,21668983,13721421,16.3,,0.00695657056213708,9.943593728633028,198.6121062453843,1.9948552682631493,195.963974,191.64608900000002
aedc34d8-a56d-47c3-a756-987bce05c9a0,ok,17695488,v1.14-1.15,0.0,0.0,0.0,True,0.0158730158730158,0.8010199999999994,0.1832872182130813,4.0,actuator_motors,none,3316813,2515909,8.3,,0.0,10.013200204116217,20.011026713012715,2.0000388981924178,78.157889,75.674907
9703bbfa-a72c-4109-8d75-b99557b71d53,ok,17761535,v1.14-1.15,0.0,0.0,0.0,True,0.0,0.0,0.4274462312459945,4.0,actuator_motors,none,10509856,6233382,7.1,,0.012033042639117036,9.884779061349288,197.44816922964418,1.9804830963292124,102.915144,97.01034400000002
a7023a93-96ea-4769-a09a-9a97de7251e5,ok,17432831,v1.12-1.13,0.0,0.0783132530120482,0.0,True,0.0,0.0,0.3097142857142856,6.0,actuator_outputs,global,6125075,3320937,3.8,,0.004441754424131275,9.808034304332901,19.00420367623631,0.0,167.064992,158.18000899999998
4c779ff4-0eae-40c6-b9e4-a603d78c5384,ok,17761535,v1.14-1.15,0.0,0.0,0.0,True,0.0,0.0,0.4994640067153382,4.0,actuator_motors,none,2965506,2328438,3.7,,0.0,10.01512443451015,20.014527646415115,1.9997795571469192,68.634695,57.896331999999994
5f140183-0a72-4b97-9c13-6f25753799ca,ok,17499135,v1.12-1.13,0.0,0.0,,True,0.0,0.0,0.316,8.0,actuator_outputs,global,121240797,64473600,35.3,,0.0,99.9978862804804,198.56880499699875,0.0,455.9816,447.955622
d809e505-118f-455a-b1bd-ba5fb1e5868f,ok,17826047,v1.16+,0.0,0.0,0.0,True,0.0665859564164648,2.298891999999995,0.9948130761040376,4.0,actuator_motors,none,3177734,2291987,7.4,,0.0,10.011526853267489,20.011130710420876,1.9999782305399874,82.714537,82.55079300000003
b2b1b2c2-8503-4ac6-a1b1-d8fde5643476,ok,17564928,v1.12-1.13,0.0,0.0,0.003030303030303,True,0.0945901095253899,8.803750000000036,0.483235294117647,4.0,actuator_outputs,global,74225842,25111960,23.5,,0.015180483469200036,24.62454613415899,24.645967193715553,1.970048770698025,669.480975,612.3002980000001
8eb4b37c-5b35-42a3-9783-966d90604eca,ok,17630207,v1.12-1.13,0.0,0.0,0.0606060606060606,True,0.0,0.0,0.44825,6.0,actuator_outputs,per_channel,3990699,2916001,3.2,,0.0,10.009735499144798,20.010554237304348,2.0001076342075503,91.706996,87.65629299999998
7972119d-b9b4-4650-aae4-57ea893a0234,ok,17694720,v1.14-1.15,0.8669950738916257,0.0,0.0,True,0.0056656160888488,0.0112409999999982,0.4762952640652655,4.0,actuator_motors,none,12003253,7189718,5.7,,0.0,10.009290405330079,199.94836969299988,1.9998772811622594,100.757229,93.284207
5d88143d-3ff1-462a-950c-01102ee64b71,ok,17826559,v1.16+,0.0,0.0,0.0,True,0.0138713745271122,0.3985589999999988,0.1132772803306579,4.0,actuator_motors,none,3552370,2695217,1.7,,0.001289726029255599,10.000181582244519,19.987467188636025,2.000088172561728,83.598105,79.28423199999999
1ee7654a-b6f9-4c5a-a379-fb98b0e58f48,ok,17695743,v1.14-1.15,0.0,0.0,0.0,True,0.0,0.0,0.6505219677871222,4.0,actuator_motors,none,4792039,3243659,2.6,,0.0003285804144736192,10.00023582758245,19.99953520296484,1.9999779093349104,132.294476,129.70990599999993
3ec8981f-cf5e-47c9-83b5-77a2c232b7aa,ok,17694720,v1.14-1.15,0.0,0.0,0.0,True,0.0,0.0,0.2682854527149626,4.0,actuator_motors,none,3866624,2648977,2.4,,0.06980507308066027,9.344824595654078,18.643377244460357,1.864453507083658,105.462967,30.643688000000004
60d02c85-b6f5-4924-9238-863297174ef9,ok,17826240,v1.16+,0.0,0.0,0.0503355704697986,True,0.010387733441727,0.4208689999999997,0.3403486102819443,4.0,actuator_motors,none,36664843,10460712,21.1,,0.01640652038593286,9.042890582011836,178.59975392551425,1.8615711392718448,65.50771,61.694413000000004
14ac8989-8ff1-49f5-a0b8-31cefd36df4b,ok,17760511,v1.14-1.15,0.0,0.0,0.0,True,0.0501062481027124,3.8142,0.5936625152826309,4.0,actuator_motors,none,22514166,13671680,16.9,,0.0002632328922337313,10.00443093754699,183.32247929075507,1.9999739811077266,208.435563,197.013486
ba44f9cb-d10f-48e4-bf70-07f119f4931f,ok,17171712,v1.12-1.13,0.0,0.0,0.0,False,0.0,0.0,0.0,4.0,actuator_outputs,global,15118336,8327720,11.1,,0.0,9.852050433366319,31.745737066396618,0.0,399.7683,353.247435
275377ef-aeae-4a54-b156-ebe7142b8236,ok,17629951,v1.12-1.13,0.0,0.0,0.0,True,0.0,0.0,0.182,6.0,actuator_outputs,per_channel,3122661,2125621,3.5,,0.0,10.015450604521812,20.01358244865473,1.999862645092748,64.621825,62.89886
6d15c87f-bf5b-4480-9f35-31a275727d19,ok,17629952,v1.12-1.13,0.0,0.0,0.0,True,0.0,0.0,0.2749334529042243,4.0,actuator_motors,none,43322634,12840466,27.1,,0.004415067365359753,9.756853704311672,196.83932287272933,1.9502845688311703,60.914724,55.219894
7f3a36f2-eee0-440e-8a4a-0f09a5051bfe,ok,17825984,v1.16+,0.0,0.0,0.0,True,,,,4.0,actuator_motors,none,161996163,52504808,50.5,,0.0,125.0,250.0,100.00108959365421,550.788,0.0
bee55c67-16e2-4041-842c-17d8b8362c36,ok,17826559,v1.16+,0.0,0.0,0.0,True,0.6338235294117647,24.697489,0.9141459904611112,4.0,actuator_motors,none,3200482,2377133,8.9,,0.0,10.012599833503188,20.012908879069787,2.0001068946018115,72.086528,67.93888699999998
7e40bdda-6cb2-4d65-a7c7-b8d145062336,ok,17694720,v1.14-1.15,0.0,0.0,0.0,True,0.0,0.0,0.2194926887750625,4.0,actuator_motors,none,8229359,5100746,8.0,,0.0,10.0038205337657,20.00385390807171,2.000047023508838,246.004663,240.62551899999988
6fa6c16a-37e9-44fd-ad24-1222fd19c54c,ok,17694975,v1.14-1.15,0.0,0.0,0.0,True,0.0,0.0,0.3106184512376785,4.0,actuator_motors,none,13118535,8361688,11.7,,0.0,10.00820588425075,188.88121339682473,1.9999567297497367,118.051026,115.77034799999998
e8c22975-e15f-4307-9b15-09d38386da4e,ok,17760767,v1.14-1.15,0.0,0.0,0.0,True,0.0054570259208731,0.2027339999999995,0.6316215962171554,5.0,actuator_motors,none,3348746,2649064,2.7,,0.0,10.012676698874587,20.012264566402692,1.9997988960404283,76.748451,73.25321499999997
ae6a997e-f29a-4686-b553-61a080fc3050,ok,17760767,v1.14-1.15,0.000616522811344,0.0053945745992601,0.0,True,0.0,0.0,0.1732357636094092,4.0,actuator_motors,none,133454255,76569976,44.6,,0.008993670695909887,9.911732285715068,19.821378113956136,1.9821709765704685,3308.769843,3304.370040999988
f8947eaa-4401-4ae1-ac1b-534f66117288,ok,17760512,v1.14-1.15,0.0,0.0,0.1173076923076923,True,0.0009803921568627,0.1014029999999905,0.1511521279811859,4.0,actuator_motors,none,3972110,2542833,2.3,,0.0,10.009544940050636,20.00964299008953,1.999990252474692,103.45873,102.08733899999996
99a23a8d-401a-4e12-aa97-fc3f17565818,ok,17761280,v1.14-1.15,0.0,0.0,0.0,True,0.0,0.0,0.2361624598503112,4.0,actuator_motors,none,22434594,12651067,5.1,,0.0001304309980915936,10.002310108491168,20.002310367407496,2.0000026498890944,437.559761,433.9066939999998
9bab2818-26ce-4d76-a6c5-9d22978de2be,ok,17891583,v1.16+,0.0,0.0,0.0,True,0.0,0.0,0.0611028671264648,4.0,actuator_motors,none,3232928,2289297,3.0,,0.0,10.011515375179124,20.01176417876703,1.9999251327461605,88.857417,86.52784300000003
3cfe4ae4-7f5e-47f3-b2fe-066bc8bcc69a,ok,17630207,v1.12-1.13,0.0,0.0,0.0,True,0.0,0.0,0.188,6.0,actuator_outputs,per_channel,2773315,1905385,2.1,,0.0,10.000731296079035,19.999607336314593,1.9998258008882726,83.956388,80.25803700000003
b50b1e35-0875-4de2-a231-7f69ebc7f8f5,ok,17826240,v1.16+,0.0,0.0,0.0,False,0.0009090909090909,0.1019299999999958,0.2365551114082336,4.0,actuator_motors,none,4500608,3063407,3.2,,0.0,10.009322892169367,20.008843134594187,1.9999533404550978,110.725903,109.88378499999999
0477d74c-40ac-41fb-b40f-becc5082f277,ok,17826047,v1.16+,0.0,0.024793388429752,0.0,True,0.0,0.0,0.2705014050006866,4.0,actuator_motors,none,6264484,4305806,4.2,,0.009456121852234312,9.922336678338276,19.833916431351255,1.9816867080684495,177.380811,170.00351400000002
8cd2679a-e39d-4356-9396-90bc3bdd0585,ok,17630207,v1.12-1.13,0.0,0.415929203539823,0.0,True,0.0,0.0,0.199,6.0,actuator_outputs,per_channel,4582677,3166101,5.8,,0.0,10.00910677736425,20.008467292196688,1.9999632863882428,112.297699,108.16862399999998
fc40cc1c-645b-4b2b-814d-d9f308baa304,ok,17564416,v1.12-1.13,0.0,0.0,0.0,True,0.0,0.0,0.1085714285714285,6.0,actuator_outputs,bus,24292748,12584733,9.3,,0.0,10.00498087036012,199.18308457234386,2.005046590877762,197.245435,185.87109299999995
94a9a6f1-c883-4fc1-80c2-eb17dba20485,ok,17761535,v1.14-1.15,0.0,0.051063829787234,0.0,True,0.0002877697841726,0.1024989999999981,0.3771833270788191,4.0,actuator_motors,none,14766472,9419675,9.0,,0.0,10.00282020274647,20.002821726870266,2.0000020395501026,354.085344,347.50000499999993
434ca928-1324-495c-94fa-ebb98a1335d7,ok,17695743,v1.14-1.15,0.0,0.0,0.0,True,0.0,0.0,0.3162984386086463,4.0,actuator_motors,none,31087032,19301719,11.8,,0.0,10.001302579600027,20.00117959661722,2.0000205890576073,771.460385,764.984190999999
53ba7031-44a7-4450-9abd-7150ef043384,ok,17826240,v1.16+,0.0,0.0,0.0,True,0.0,0.0,0.4718168869614599,4.0,actuator_motors,none,6415292,4385104,3.6,,0.0,10.006457936308653,20.006204885402145,2.000058001682049,148.16947,140.54012199999994
d166202b-14c5-4c96-b006-75af6092becd,ok,17760768,v1.14-1.15,0.0,0.0,0.0915750915750915,True,0.0,0.0,0.2618201710283756,4.0,actuator_motors,none,4761341,3322385,3.9,,0.0,10.009021538274663,20.00881949811505,1.9999103266014848,108.635191,102.59848
8d5c3c28-27d9-4428-9273-1561168317d4,ok,17564416,v1.12-1.13,0.0,0.0,0.0,True,0.0,0.0,0.4857142857142857,8.0,actuator_outputs,bus,25523235,12953734,20.4,,0.0,10.004516922606314,200.30452243553714,2.0047951878609145,205.174616,195.36163200000004
6128c2aa-c6cd-4359-93eb-43e7ac9b65e6,ok,17826559,v1.16+,0.0,0.0223880597014925,0.0,True,0.0,0.0,0.03996442258358,4.0,actuator_motors,none,80218881,31669697,33.1,,0.05814174457153257,9.39712471344704,375.7947952944432,1.8712034881596644,132.285855,127.619922
c10eef5a-db0a-4432-8dc1-11472fa08396,ok,17760256,v1.14-1.15,0.0,0.0,0.0,True,0.0,0.0,0.1444132193922996,4.0,actuator_motors,none,3969920,3008220,2.8,,0.0,10.0099785185861,20.011174371710972,2.0001186368711905,90.590955,85.39791200000002
3838ee1d-5e55-4e61-8dc4-bf5d1138c796,ok,17498112,v1.12-1.13,0.0,0.0,0.0,True,,,,4.0,actuator_outputs,global,2089635,1055976,2.2,,0.0030294263137385685,10.001937854446824,19.971934053009985,5.000136872433579,59.460231,0.0
0e3de3ef-3f68-443c-a1f5-45b53d5c8289,ok,17761535,v1.14-1.15,0.8095238095238095,0.1904761904761904,0.0,True,0.0,0.0,0.3616556056039027,4.0,actuator_motors,none,2853422,2021498,3.0,,0.0,10.014353003778119,20.014417788278912,1.9997230311669352,70.251756,65.366806
b777fe01-0c5f-4a19-80a0-97471d6636bf,ok,17760256,v1.14-1.15,0.0,0.0,0.0,True,0.0,0.0,0.1331184551119804,4.0,actuator_motors,none,7456590,5018536,5.8,,0.0,10.005821627632157,20.00575219659374,2.000022141421589,170.393258,165.18881399999998
e10558d7-e28c-44c2-a224-86c65ec6754d,ok,17891583,v1.16+,0.0,0.0,0.0,True,0.0,0.0,0.206812660396099,4.0,actuator_motors,none,2986213,2607414,7.1,,0.0,10.016202059100625,20.01459458393383,1.9999997377049523,61.43803,54.220045999999975
362efc3b-e762-4c61-afab-d4dcf93dd642,ok,17629184,v1.12-1.13,0.0,0.0,0.0782967032967033,True,0.0162241887905604,0.1025729999999995,0.3125723525881767,4.0,actuator_motors,none,4830728,3245203,4.6,,0.0,9.999845744137765,20.00014880000892,1.999949877118252,145.547568,135.542531
9b4d7c36-eb63-4bed-bacd-4a49461c0ecc,ok,33556991,,0.0,0.0,0.0,True,0.0,0.0,0.4762824416160582,4.0,actuator_motors,none,4350499,2769549,3.7,not_px4_v2,0.0,9.999699013208955,19.999702368593535,1.9998963553713829,120.380225,116.525259
d787c625-553c-4665-b1ba-38b18e62e298,ok,17825984,v1.16+,0.0,0.186335403726708,0.0,True,0.0,0.0,0.1788851935416459,4.0,actuator_motors,none,3794311,2828580,4.5,,0.0,10.01194213985177,20.011396895747332,2.0000009308180435,79.768814,77.454983
baf695de-0a06-4b1a-8bbb-a1cd01035a53,ok,20055039,v1.16+,0.0037735849056603,0.0,0.0,False,0.014095536413469,1.7009909999999877,0.1941249847412109,4.0,actuator_motors,none,5160260,3512445,3.4,,0.0,10.00711382229317,20.00659111538179,2.0000697955390723,131.280268,127.49083699999998
d2a10a9f-35e0-46ff-bc65-ea7500e2eba7,ok,17695743,v1.14-1.15,0.0,0.0,0.0,True,,,,4.0,actuator_motors,none,20677109,10528368,18.7,,0.0,10.000000063104755,19.999790199929055,1.999999785263181,475.115976,0.0
d81326d8-4c76-42ef-b95a-eb32155d2184,ok,17630207,v1.12-1.13,0.0187683284457478,0.002932551319648,0.0,False,0.0,0.0,0.94,6.0,actuator_outputs,per_channel,33811810,18988175,33.0,,0.0,10.001097586161967,20.00114816798592,1.9999992600351777,860.120007,853.0430339999989
0bc7f06c-f22c-4354-9c6a-38a04914f427,ok,17825792,v1.16+,0.0,0.0397897897897897,0.0,True,0.0023090120955888,2.96463000000017,0.3178557008504867,4.0,actuator_motors,none,154339146,87152761,43.1,,0.0,10.000726618619103,200.03359738602333,2.0001658898513206,1315.807135,1310.3747380000013
4f1e4a7f-7cd9-433d-9459-5be1f1a482aa,ok,17564159,v1.12-1.13,0.0,0.0,0.0,True,0.0,0.0,0.476,6.0,actuator_outputs,bus,8751757,4338312,5.2,,0.0,10.01299984709406,200.5802792136892,2.014272904260704,68.290655,68.11727200000001
9569ae81-5e14-4f66-839b-53bf7b20773c,ok,17761280,v1.14-1.15,0.0,0.0,0.0,True,0.0,0.0,0.2741758897900581,4.0,actuator_motors,none,54932856,28930177,18.8,,0.012197409874560687,9.884304447848217,19.767811229287513,1.9776160773523532,1296.19462,1293.734634000001
5e0d8d89-d980-4218-8777-d19ff780e163,ok,17825984,v1.16+,0.0,0.0,0.0,True,0.0,0.0,0.1092901527881621,4.0,actuator_motors,none,4856806,3700453,3.2,,0.0,10.01006186921048,20.009442890826158,1.999966202591344,99.216607,93.82725199999999
17769c00-4d26-4ea3-be8b-3a51bda20f77,ok,17826047,v1.16+,0.0,0.0,0.0,True,0.0,0.0,0.1863275676965713,4.0,actuator_motors,none,16889623,9621799,5.1,,0.0017415104248072258,9.984706870004985,201.93373001241807,1.9923747290992988,133.166156,126.74677100000007
68b393fa-468f-40ca-b445-784a76d474a6,ok,17761535,v1.14-1.15,0.0,0.0,0.0,True,0.0,0.0,0.3343748748302459,4.0,actuator_motors,none,4758731,3169511,2.8,,0.0,10.007588278915133,20.008076032697264,1.9999197175084829,119.312768,108.00513600000005
03fca2bf-c169-47e7-98bf-ef4097ce50d5,ok,17891583,v1.16+,0.0,0.0,0.0,True,0.0,0.0,0.2313673138618469,4.0,actuator_motors,none,5309749,3715705,3.3,,0.0,10.007734984784955,20.00743144619141,1.9999576460582373,124.343969,117.06412199999998
36ea5778-0841-4fe8-9015-71972313862c,ok,17761280,v1.14-1.15,0.0,0.0,0.0,True,,,,4.0,actuator_motors,none,8287317,4242570,4.2,,0.0,10.011308937830131,172.6571083530215,1.9997858411162877,83.200001,0.0
512be5bf-e728-45d3-98f1-e20fa9e56bf0,ok,17760512,v1.14-1.15,0.0,0.0,0.0,True,0.0,0.0,0.0541123732924461,4.0,actuator_motors,none,19219540,11045911,14.1,,0.0,10.005489060496535,170.59121569195375,2.000004618921842,174.804482,171.65076600000003
88e4d6c9-fe10-4ca6-8f42-bcd86cd1559f,ok,17695744,v1.14-1.15,0.2447552447552447,0.3123543123543124,0.0,True,0.0,0.0,0.214958494901657,4.0,actuator_motors,none,2857386,2123016,2.5,,0.0,10.002261317691776,20.01497545603203,2.0000370738579543,62.09386,57.31354999999998
9dd25c79-fc1b-42d4-94db-e433b517bb79,ok,34424576,,0.0,0.6827309236947792,0.0,True,0.0317052270779777,1.2976400000000012,0.6808774028250589,4.0,actuator_motors,none,7236514,4186593,5.9,not_px4_v2,0.0011118068145186586,24.966699260179535,24.96672264038678,2.000098070382435,122.028847,116.752716
cbf178e3-00e0-4858-a5b0-b2fb86217ce2,ok,17695488,v1.14-1.15,0.0,0.0,0.0,True,0.0,0.0,0.1384978652000426,4.0,actuator_motors,none,12539322,7525614,27.2,,0.0,10.002972407648427,20.002956741366045,1.9999639029415868,327.775017,322.49796199999986
e652b69a-ccaf-41cb-af3b-347e1a3d1613,ok,17891392,v1.16+,0.0,0.2340425531914893,0.0,False,0.0102857142857142,0.5,0.0787931799888604,4.0,actuator_motors,none,26599792,11131134,12.3,,0.0,125.0,250.0,100.00657433380084,91.176,86.96000000000001
c4bf2241-213c-4d8f-a28e-834068c7e604,ok,17761280,v1.14-1.15,0.4681318681318681,0.0,0.0,True,0.6695834551049528,41.000117,0.7568682670593256,4.0,actuator_motors,none,23036669,13417616,35.6,,0.0093712801181579,9.91797649162681,216.80149087149107,2.0006520517599617,211.17697,204.9285510000001
23032f39-7e83-471f-8a80-6d28f3b819b2,ok,17630207,v1.12-1.13,0.0,0.0,0.0,True,0.0,0.0,0.3230297982692718,4.0,actuator_motors,none,40961597,17715236,32.5,,0.033752589658042766,8.481548574054715,145.85728674571126,1.6391982213781349,92.031942,87.50182099999998
91fddc1b-73d4-47db-99c7-0276e937ea5c,ok,17695488,v1.14-1.15,0.0,0.0,0.0,True,0.6534446764091858,7.198957000000004,1.0,4.0,actuator_motors,none,3298669,2214507,1.9,,0.0,10.011906831209847,20.01102583893552,2.000094729486625,80.211709,47.89335699999998
654df7d9-15d8-4fa8-93e0-463d7d60455c,ok,17694912,v1.14-1.15,0.0,0.0,0.001867936863734,False,0.0052622468409208,4.745679999999993,0.2122409403324126,4.0,actuator_motors,none,191429634,96133723,82.5,,0.0,9.998143223988711,124.4275577568129,1.9981278863823355,2140.829958,2139.025235000004
691e8e49-dda2-426f-a8a4-dfb58395d34f,ok,17629952,v1.12-1.13,0.0,0.0,0.0,True,0.0,0.0,0.2278953060507774,4.0,actuator_motors,none,201428523,94101491,76.0,,0.011658808741229005,9.886574665597532,200.0818847991382,1.9741695832507826,1471.721516,1465.4684370000007
025d1bb7-2224-4e33-bd2e-73052d627ca9,ok,17694720,v1.14-1.15,0.0,0.0,0.0,False,0.0,0.0,0.2302249610424041,4.0,actuator_motors,none,4250955,1487772,2.7,,0.6032033731478175,3.4825205025765356,6.753804343030019,42.93314294187155,53.613713,56.31753199999994
1b6540e2-3293-4f47-b7e8-84b2bdd3c476,ok,17761280,v1.14-1.15,0.0,0.0,0.0,True,0.0,0.0,0.4041638642549514,4.0,actuator_motors,none,3369544,2128975,1.7,,0.0,10.011485573191779,20.011309528420185,2.000222227221371,79.322737,75.207274
2839d7c4-2464-4e0d-9196-fc32e94be6d4,ok,17629952,v1.12-1.13,0.0,0.0,0.0,True,0.0,0.0,0.6749999999999999,6.0,actuator_outputs,per_channel,5195558,3209868,4.9,,0.0,10.00740148891227,20.006789753498627,1.9999601489422174,135.116938,130.13663499999998
20b73e56-b328-48ab-93b9-79509e13a239,ok,17499135,v1.12-1.13,0.0,0.0,0.0,True,0.0,0.0,0.424,8.0,actuator_outputs,global,5786817,3877696,6.3,,0.0,9.987707602681844,20.00007625529536,5.000007737373256,162.195739,146.03889999999998
3156b7ed-488a-409e-9c7b-2d7f09d58c48,ok,17694975,v1.14-1.15,0.0553221288515406,0.0,0.0,True,0.0,0.0,0.2779977142810819,4.0,actuator_motors,none,58414292,34788907,15.4,,0.0,10.000658644224236,20.000707339721266,2.0000008394037514,1441.901235,1434.9208659999963
7ec09f23-5dad-457e-a2e8-a7df15c8557c,ok,17956992,v1.16+,0.0,0.0,0.0,True,0.0,0.0,0.080604276061058,4.0,actuator_motors,none,24469820,12267936,15.4,,0.0,121.11191583441335,237.70726129216695,99.97522299306243,104.452,100.18800000000003
3336d4c6-c972-4e34-b020-7a01856c397c,ok,17695743,v1.14-1.15,0.0,0.0,0.0,True,0.0,0.0,0.3670149743556976,4.0,actuator_motors,none,7612987,4996247,3.5,,0.0,10.005317419422497,20.00528109256715,2.0000055675830666,185.259939,175.0397190000001
47b3fbbf-b6f0-400d-ba18-568b1f3d69fd,ok,17826240,v1.16+,0.8,0.0,0.0,True,0.0,0.0,0.1701144874095916,4.0,actuator_motors,none,5510429,3719554,5.1,,0.0,10.008327311337222,20.007493655277543,2.0000005690378186,119.803612,108.06998499999999
60c71be8-8e70-43b1-be1a-f607a0a2621a,ok,17825984,v1.16+,0.162,0.0,0.0,True,0.0,0.0,0.0557754397392272,4.0,actuator_motors,none,13772338,7971193,5.6,,0.0,10.003935558817808,20.003958524096397,1.9999922770155658,245.651583,239.298748
872e502f-ba3c-4ab9-97f7-7d12f5a66fd6,ok,17761023,v1.14-1.15,0.0,0.0,0.0,True,,,,4.0,actuator_motors,none,62141470,18740945,20.9,,0.005117436719123786,9.95068561618468,220.83477955026888,2.0000782344651546,121.662627,0.0
50f9755e-f46f-497f-8805-013d778ad7f7,ok,17629952,v1.12-1.13,0.0444444444444444,0.0,0.0,True,0.9558599695585996,54.001045,1.0,4.0,actuator_motors,none,2590347,1724544,1.4,,0.0008720273629987139,9.984249883008697,19.983205179932472,1.9999294460980368,66.909975,65.72728799999997
db277942-50f8-4672-837b-ea137ca223d5,ok,17761280,v1.14-1.15,0.5195530726256983,0.0,0.0,True,0.0,0.0,0.2217976555228231,4.0,actuator_motors,none,3781656,2912681,2.6,,0.0,10.011377338397978,20.011410409719726,1.999987121470212,86.599174,78.155156
e62719a2-3e13-46fb-8f14-048bac7db378,ok,17629696,v1.12-1.13,0.0,0.0,0.0,True,0.0,0.0,0.2439999999999999,6.0,actuator_outputs,per_channel,14793494,8114108,6.3,,0.03995020549316961,9.620604144781954,189.93001982120387,1.9174370135164762,121.078471,116.01630300000001
313a377c-bbbf-4c53-b509-ed1faf10deed,ok,17694720,v1.14-1.15,0.1767955801104972,0.0,0.0,True,0.0,0.0,0.1566564098000526,4.0,actuator_motors,none,3830358,1993356,2.7,,0.0018665327893742517,9.987596445311748,19.972659973378402,1.999913802372894,74.466244,67.92277799999997
c4ab1396-815d-469c-8ac3-72a3cba2437f,ok,17826559,v1.16+,0.0,0.2814814814814815,0.0,True,0.0016501650165016,0.1012469999999998,0.7409500347733378,4.0,actuator_motors,none,3168779,2775900,3.5,,0.002925987706228549,9.999971340606018,19.969171359049568,1.999999031250469,64.884575,60.54024800000002
3bbf4717-194c-4aff-99bb-3ee1748f8493,ok,167968768,,0.0,0.0,0.0,True,0.0,0.0,0.2721703469753265,4.0,actuator_motors,none,28875993,12829572,11.0,not_px4_v10,0.5626114953306501,4.105011345344438,80.6760813100364,0.8048823283987218,125.340071,116.11980200000002
9cd7ac4f-c503-44dc-88fd-9b7486b16b42,ok,17825984,v1.16+,0.0,0.0,0.0,True,0.0,0.0,0.2591269612312317,4.0,actuator_motors,none,2669796,2105113,1.6,,0.0,10.015868020038294,20.01679902891147,2.0000256862803014,60.632743,56.669093
d9a70f5a-82eb-42eb-8425-69cb33216ac8,ok,17695999,v1.14-1.15,0.7914110429447853,0.0,0.0,True,0.0,0.0,0.3631041008979081,4.0,actuator_motors,none,2920367,1913221,2.2,,0.0,10.013473283792058,20.013280409877954,1.9998224407650405,80.379832,77.37399700000002
80e11a8d-889c-4475-b2d6-d99bbe65e4d3,ok,67441920,,0.0,0.0,0.0,True,0.0,0.0,0.424,6.0,actuator_outputs,bus,9535763,4922868,5.0,not_px4_v4,0.0,10.012168013868468,200.62849615535052,2.0123713885060726,80.22158,75.76769099999999
8b2b81c4-5df2-4fce-8de2-ad093d57c022,ok,17695744,v1.14-1.15,0.0,0.0,0.0,True,0.0,0.0,0.2777251347899437,4.0,actuator_motors,none,4540077,3108383,2.4,,0.0,10.006719007132405,20.006171499506202,2.0001344519910815,149.436176,146.33971699999998
debfd638-4af2-41d0-bf15-9399683d54ab,ok,17825792,v1.16+,0.0,0.0,0.0,True,0.2543689320388349,8.499551999999998,0.6446230813860893,4.0,actuator_motors,none,2764498,2173549,6.9,,0.002131074801933399,9.999663256373122,19.964964866360443,1.9998763076503718,60.143222,51.484443999999996
45387e7c-052a-4082-a130-9adb5f31cc86,ok,17826240,v1.16+,0.0,0.0,0.0,True,0.3498349834983498,3.8994909999999976,0.9412529721856112,4.0,actuator_motors,none,4173881,3118597,6.6,,0.0019287408611019313,10.009337638425723,19.986185565887858,2.0036372549777592,92.256594,90.908872
0554bfba-7e90-49d0-95ef-04d2a0803c7a,ok,17695743,v1.14-1.15,0.0553872782345305,0.0,0.0,True,0.0014667817083692,0.1999269999998887,0.2690849423408508,4.0,actuator_motors,none,43259664,26491124,27.3,,0.0,10.000869839907603,20.00088429474461,2.0000147874163656,1166.205577,1159.0028930000005
958e1e8a-1f93-43ea-9eef-045be5003e24,ok,17630207,v1.12-1.13,0.0,0.0,0.0,True,0.0,0.0,0.356,6.0,actuator_outputs,per_channel,98304910,49776107,39.7,,0.04123802724814277,9.591018865632485,183.5316973808814,1.9134380631883068,843.548732,838.5136409999993
ce6d7213-961b-4c24-9b8e-667f7b91b76f,ok,17761280,v1.14-1.15,0.0,0.0,0.0,True,0.0071716718960107,0.1997649999999993,0.7329249921047484,4.0,actuator_motors,none,17291054,10871232,5.7,,0.0,10.00211877366444,20.001871377302333,2.000020288774073,450.979163,446.1294660000001
5cfc9c12-a934-4fd3-b515-00badc6a0497,ok,17826047,v1.16+,0.0,0.0,0.042042042042042,True,0.71875,20.199159,1.0,4.0,actuator_motors,none,2554633,1996483,2.5,,0.0,10.014959846270367,20.014581535144348,2.0002490997237623,66.046183,64.06366
773fc164-0540-4105-bde4-4c0140d937cb,ok,17760256,v1.14-1.15,0.0133333333333333,0.0,0.1713483146067415,True,0.0527131782945736,1.400043,0.6043612778186795,4.0,actuator_motors,none,2662994,1968823,3.0,,0.0,10.0134402934237,20.01172771800871,1.9998763764361915,70.799391,64.450244
9910ec88-b4ff-4c39-a87a-992a7dbcdb45,ok,17760256,v1.14-1.15,0.0,0.0,0.0,True,0.2531545741324921,1.2988590000000002,0.6162466913461684,4.0,actuator_motors,none,4652211,3074381,3.6,,0.0,10.007357237708977,20.006892802733617,2.0000664084549684,128.368619,126.80654300000003
1d0acd9c-2cc4-4cd0-80d2-9ef8e5502948,ok,17891392,v1.16+,0.0,0.0,0.0,,0.0,0.0,0.452489029802382,4.0,actuator_motors,none,15813194,7616541,7.5,,0.0,50.00552675603624,100.00496783537281,0.0,92.619577,0.0
69e95f12-1d27-4286-a5c4-9e0583b35245,ok,17498880,v1.12-1.13,0.0,0.0,,True,0.0,0.0,0.362,8.0,actuator_outputs,global,58670175,32389846,21.3,,0.08790656083850905,91.21147403395184,180.99211470840288,0.0,260.622711,252.304179
0e28093c-cf55-4639-9af6-eac55066f0be,ok,17694975,v1.14-1.15,0.0,0.0,0.0,True,0.0,0.0,0.460276998579502,4.0,actuator_motors,none,29490210,18553157,11.2,,0.0,10.001395801578676,20.00129863346951,2.000007204910623,737.216427,728.4200309999995
1a3c2428-3f4e-45f0-956a-de9c833ecabb,ok,17761280,v1.14-1.15,0.0066857688634192,0.0,0.0,True,0.0,0.0,0.2119025647640227,4.0,actuator_motors,none,56391215,35896436,27.3,,0.003908843903362519,9.96987461363609,198.20980048581887,2.0017456291521274,523.735485,522.2748360000003
b130ba6a-fa5f-4745-ab63-d2ab4ab8836d,ok,17499135,v1.12-1.13,0.0,0.0,,True,0.0,0.0,0.42825,8.0,actuator_outputs,global,18891206,8990143,8.7,,0.004799373802982307,88.90464572015239,184.97932895718392,0.0,87.926761,61.45824899999998
ef3c8a27-eea7-49f8-9d54-3a806dc94244,ok,17891392,v1.16+,0.0,0.0,0.0,True,,,,4.0,actuator_motors,none,16733541,8413407,8.3,,0.0010816116692973184,2.7198699345515696,11.122989352812953,1.2609675411301524,598.587684,0.0
37da7d69-d589-4423-a205-32089c08589a,ok,17761023,v1.14-1.15,0.0,0.0,0.0323741007194244,True,0.0012445550715619,0.2002329999999972,0.271051588654518,4.0,actuator_motors,none,7115777,4940858,6.4,,0.0,10.005896868650069,20.00578022218351,2.000010072339882,166.104652,160.79058900000004
05cd5e69-c37a-409e-a288-9d636ba59a9f,ok,17564416,v1.12-1.13,0.0,0.0,0.0,False,0.0202523240371845,5.999372999999991,0.2105882352941176,6.0,actuator_outputs,bus,20362957,11651570,8.4,,0.0001355044881368659,10.001881686869876,20.001310163614306,2.0017611855652016,565.537516,300.56624500000015
86f28053-f85f-4ce8-ae7d-bbd981790dd2,ok,17432832,v1.12-1.13,0.0,0.0,0.0,True,,,,5.0,actuator_outputs,none,8254760,4577083,3.5,,0.0,9.85205824806829,19.051825256050808,0.0,228.206056,77.66035999999997
44b931c5-d9f5-48e9-b762-e2145b05a646,ok,17761535,v1.14-1.15,0.0,0.0,0.0,True,0.001453488372093,0.1018570000000003,0.2001362442970274,4.0,actuator_motors,none,2991480,2121077,3.3,,0.0,10.013092873343004,20.012628516885346,2.0000902109653773,72.523814,68.79107999999998
46905a8d-5b3a-49b1-a313-6c6e7b8f217f,ok,17826240,v1.16+,0.0,0.0,0.0,True,0.0265742345465049,0.6031509999999969,0.4892928451299667,4.0,actuator_motors,none,8012849,5461590,6.9,,0.0,10.005281923119075,20.005637294969198,1.9999438916840058,182.216662,173.10419500000003
2f8065fa-e1fc-41ea-afeb-e90551f853fc,ok,17499135,v1.12-1.13,0.0,0.0,0.0,True,0.0,0.0,0.3889999999999999,8.0,actuator_outputs,global,5397549,3389212,2.4,,0.0026825128887384767,9.974161908197269,19.948961115972295,4.993425840808683,157.443121,153.91125700000003
79ba5409-5fe2-4740-8e9d-5b323137b68f,ok,17761280,v1.14-1.15,0.0,0.0,0.0,True,0.0,0.0,0.3011776953935623,4.0,actuator_motors,none,97682021,28741511,37.2,,0.16469029297332857,8.121523717468738,268.92351541523647,1.5665985301648886,222.140562,219.59105300000004
a6b3c298-5d36-45d2-9c42-84f0bd32f5d3,ok,17826048,v1.16+,0.0,0.0,0.0,True,0.0,0.0,0.1303271047770976,4.0,actuator_motors,none,31948774,8556411,10.1,,0.35370398617667664,4.4777175643846965,80.8517322082453,0.909024436678977,88.886703,81.01714400000002
d4f0d399-e66a-44f4-9ac5-7885430827aa,ok,17761535,v1.14-1.15,0.0,0.0,0.0,True,0.0,0.0,0.1461840629577636,4.0,actuator_motors,none,3527278,2530241,3.1,,0.0,10.011877554713752,20.011879811951513,1.9999998323353434,84.004232,77.96986000000001
cc54b17c-c863-49fb-b36e-628d04b7c9bc,ok,17629952,v1.12-1.13,0.0,0.0,0.0,True,0.0,0.0,0.0,6.0,actuator_outputs,bus,2544318,1724457,2.6,,0.0,10.01379132005907,20.012723061931645,2.000031081564105,74.393186,71.07835299999999
99ad755d-2d9e-4dd1-b682-14d235cfcaaa,ok,17695743,v1.14-1.15,0.0,0.0,0.0,True,0.0005035246727089,0.0990419999999971,0.2782639786601066,4.0,actuator_motors,none,8474695,5445156,3.4,,0.0,10.00464574703792,20.004442409226236,2.0000543315730073,206.235326,198.57125499999998
4f5b199f-ece8-4240-bf55-7ca3791e7a0a,ok,17825984,v1.16+,0.144,0.0,0.0,True,0.0536672629695885,1.6,0.3659183502197269,4.0,actuator_motors,none,18018058,7535801,5.9,,0.0,125.0,250.0,100.02303540871397,60.288,55.943999999999996
01925154-4379-4c3d-9064-3111e701e65c,ok,17694976,v1.14-1.15,0.0,0.0,0.0,True,0.0,0.0,0.1623937487602234,4.0,actuator_motors,none,21696772,12761394,10.2,,0.024154146253037016,9.79845691493865,194.80958290696805,1.941971064109421,69.525425,68.02540800000001
ad7fc257-41fa-4328-a318-0e7cd9d437f5,ok,17826047,v1.16+,0.0,0.0,0.0,True,,,,4.0,actuator_motors,none,7802946,4471556,4.4,,0.0,10.013988706543644,220.49518077765705,1.99992705980309,70.45485,0.0
a085c32c-2805-404d-a52f-73443f6fa215,ok,17761535,v1.14-1.15,0.0,0.0,0.0,True,0.0,0.0,0.2057577103376388,4.0,actuator_motors,none,41712103,20795548,16.4,,0.0,10.001745723666517,20.001707111271468,1.9999772255487442,561.650479,557.3889370000005
20fbe8de-1ca1-408b-b3c5-6df17c315c52,ok,17826047,v1.16+,0.0,0.0,0.0,True,0.0,0.0,0.1129070758819578,4.0,actuator_motors,none,34264794,21518630,16.4,,0.0,10.001201547335592,20.00114620122312,1.9999770209536767,797.971156,794.4893449999994
e55730e6-32b8-41f5-9fc2-b05df5f138a1,ok,17891583,v1.16+,0.0,0.0,0.0,True,0.0,0.0,0.2660918369889258,4.0,actuator_motors,none,3109280,2674978,1.8,,0.0,10.015715725479028,20.015688158339277,2.0000000952380996,63.712453,58.150059
616888d5-f981-4a09-b8bd-8d5713e008de,ok,17170944,v1.12-1.13,0.0,0.0,0.0,True,0.0,0.0,0.3293497920036315,4.0,actuator_motors,none,4134746,3332725,5.0,,0.0,10.010973097340164,20.011484202501286,1.9999632006771073,80.036456,73.481986
bd982887-67b3-4bbe-8a37-35aa14c0c993,ok,17825984,v1.16+,0.0,0.0,0.0,True,0.0,0.0,0.3381811171770096,4.0,actuator_motors,none,7366067,4581083,4.9,,0.0009746860981056071,9.998719100537535,156.217221238234,1.9999732029734243,77.016307,73.83324199999998
4a20c738-0547-4165-9f55-8158a17cf640,ok,167968768,,0.0,0.0,0.0,False,0.0,0.0,0.2278675734996795,4.0,actuator_motors,none,38864947,16570628,23.3,not_px4_v10,0.5484544325813928,4.122959205265617,81.51104323411624,0.7720311473838767,166.885996,152.900214
4a663091-6328-473c-a0ac-a80a2475bd16,ok,17629951,v1.12-1.13,0.0,0.0,0.0,True,,,,4.0,actuator_outputs,per_channel,3185893,2561221,2.6,,0.0,10.013771873325952,20.014116061395555,2.0140882637303905,71.830994,0.0
c2e9fc76-822d-4f34-9577-166d03441425,ok,17694720,v1.14-1.15,0.0147710487444608,0.0,0.0,True,0.0005947071067499,0.1024999999999636,0.3281746059656143,4.0,actuator_motors,none,28038263,17666352,8.8,,0.01218527302617679,9.883315752843012,19.765050059717478,1.9795318452474173,685.281537,680.8500140000007
7afe9876-d2b4-4705-8ea7-cac2caf8d863,ok,17891583,v1.16+,0.0,0.0,0.0,True,0.0,0.0,0.325931817293167,4.0,actuator_motors,none,6342401,4423075,8.6,,0.0,10.005939249058342,20.005966109564255,2.0000034059463943,151.623295,145.34740899999997
594d033e-dbb3-4c36-bb88-2e3cb31f88ff,ok,17695488,v1.14-1.15,0.0,0.0,0.0,True,0.0,0.0,0.1611829618923366,4.0,actuator_motors,none,20815631,9361137,14.2,,0.36156460523995765,5.450442596618031,108.78974333252093,1.1782953591736505,66.998896,62.60958500000001
e197d651-c310-4e5a-8dba-07d27703d5c1,ok,17695488,v1.14-1.15,0.9966270714180964,0.0,0.0,True,0.0,0.0,0.2534003317356109,4.0,actuator_motors,none,19775464,8640847,13.5,,0.0,10.002908434802999,20.00310234034042,1.9999886473926853,328.14188,318.3357740000003
a2f00ac8-8aca-48e0-baf8-db4a947584a8,ok,17696512,v1.14-1.15,0.7556818181818182,0.0056818181818181,0.0,False,0.0089427572745017,0.4338520000000017,0.875648685649373,4.0,actuator_motors,none,10866732,6265991,5.7,,0.0,10.011655389271212,285.72128391070964,1.9999378391413485,86.378201,76.52889399999985
7799c71e-6b11-4e27-99cc-ad1de78d2a04,ok,17629952,v1.12-1.13,0.0972222222222222,0.0,0.0,True,0.0,0.0,0.6853998020291331,4.0,actuator_motors,none,3097548,2228578,2.7,,0.0,10.014149000900085,20.013149504507076,1.999872261680187,71.263726,67.41731899999999
aceb4a40-6a4c-49f4-9dfe-a3f1b733ee9f,ok,17825984,v1.16+,0.9678362573099416,0.0,0.0,False,0.0,0.0,0.2508319392800331,4.0,actuator_motors,none,4474264,3160259,3.4,,0.005552819791386958,9.962305611320389,19.907482516581574,1.9907728793363997,108.234171,106.68491799999998
6bbca514-b697-4cb9-abc3-41a99203200c,ok,18284800,v1.16+,0.0,0.0,0.0,True,,,,4.0,actuator_outputs,bus,37100349,16462268,20.3,,0.007799919854547652,9.93111480561897,197.56363032242308,1.986205876052843,295.190982,0.0
8f107a6c-21b4-4524-8609-1d709c6899d6,ok,17761280,v1.14-1.15,0.0,0.0,0.0,True,0.0,0.0,0.0728215523064136,4.0,actuator_motors,none,3979552,2737873,3.3,,0.0,10.008978303995045,20.008699378048547,2.000021103026405,107.626711,105.77776200000011
7c15f1d3-4965-4413-93d4-2a18f3df43df,ok,17629952,v1.12-1.13,0.0,0.0,0.0,True,0.0,0.0,0.315,6.0,actuator_outputs,per_channel,3191516,2208623,2.8,,0.0,10.011724103307902,20.01139333039704,1.9999466843481466,82.662548,78.23892199999999
2d7c3d54-1738-425e-ba49-1eff07b8f223,ok,16908416,v1.12-1.13,0.0,0.0,0.0,True,0.0,0.0,0.1551745459437369,4.0,actuator_motors,none,11878238,6694404,4.9,,0.0,10.01076474524743,202.5085681126673,1.9999350948899102,97.411398,92.67761300000001
718c7e9c-4a4e-4669-90d4-5e6b7a2fd258,ok,17761280,v1.14-1.15,0.0,0.0,0.0,True,0.9554937413073712,68.70036200000001,0.6909910202026367,4.0,actuator_motors,none,2507533,1663335,2.6,,0.0,10.013217852412268,20.012899210950625,2.0000183130928533,73.887827,71.89822899999999
6f829beb-8dac-48e2-a254-dd38d513bcbb,ok,17826240,v1.16+,0.2232704402515723,0.0,0.0,True,0.0292479108635097,1.098094,0.3908795260666746,4.0,actuator_motors,none,6801515,4809473,6.1,,0.0,10.00660814134202,20.007039014976517,2.0000018758638283,145.162826,143.60985399999998
3d4a4f4f-7e64-4c18-815d-c6a016527caa,ok,17891583,v1.16+,0.0,0.0,0.0,False,0.046260601387818,4.599257000000009,0.6736867796127549,4.0,actuator_motors,none,7852327,4840851,4.1,,0.0,10.006759817568087,20.006656954261025,2.000000473282555,131.458913,129.259909
78d47512-f2c9-4f62-8733-eacf4fdd18b7,ok,17695743,v1.14-1.15,0.4918032786885246,0.0,0.0,True,0.4509018036072144,12.196976,0.7160441637039184,4.0,actuator_motors,none,2180030,1545199,2.6,,0.0,9.998647058069954,19.999636788205457,2.000074647414113,60.437394,49.87337800000001
10094243-362a-4f38-91f0-03b0fcdea465,ok,17695743,v1.14-1.15,0.1413373860182371,0.0,0.0,True,0.0,0.0,0.3841810405254363,4.0,actuator_motors,none,12832248,7926117,8.7,,0.011454460166880008,9.897500692953177,19.779955619952915,1.9758306963244292,331.604893,329.7899930000001
cd7c2ae1-460d-441f-886e-e86c06cfd651,ok,17825792,v1.16+,0.0,0.0,0.015450643776824,True,0.0,0.0,0.1671356260776516,4.0,actuator_motors,none,10738510,7312622,11.4,,0.0,10.00420413028662,20.004081193616962,2.000070019692672,232.233931,228.8495499999999
5d49e923-73ca-434b-b81e-9b0b91909f62,ok,67441920,,0.0,0.0,0.0,True,0.0,0.0,0.4306666666666666,6.0,actuator_outputs,bus,28540757,16031471,18.4,not_px4_v4,0.0,10.004004162625076,198.81189197251823,2.004052902281202,245.734687,237.68217399999997
44a1456e-2ce2-4f27-8e3b-3f95e82ab56e,ok,17761280,v1.14-1.15,0.0,0.0,0.0,True,0.0,0.0,0.1752086877822876,4.0,actuator_motors,none,62579801,38130815,22.9,,0.027979340713067364,9.729808835878261,204.0099902642295,1.946282281772087,580.873723,561.3072479999998
2c016784-5c10-481e-8e97-1f9cf0f59322,ok,17891392,v1.16+,0.2023809523809523,0.0,0.0,False,0.042087542087542,2.5,0.1480040967464447,4.0,actuator_motors,none,24027579,9856967,14.2,,0.0,124.99386503067484,249.9877306635257,100.0122699386503,81.82,58.39600000000001
c857edab-d5ce-469d-82b7-c07c80c1e8a8,ok,17760511,v1.14-1.15,0.0,0.0,0.0,True,0.0048849989822918,0.0374399999999894,0.5240340225398541,4.0,actuator_motors,none,7763375,4705263,4.3,,0.0,10.0142853220662,157.8322761653801,1.9999668737881187,71.228272,69.164794
d17da48d-b71c-4818-b425-9781ec8ba9e6,ok,17629952,v1.12-1.13,0.0203942895989123,0.0605030591434398,0.0,True,0.0,0.0,0.151,6.0,actuator_outputs,per_channel,16419559,8447551,19.2,,0.0,10.007380294047511,197.83387499297132,2.000049034910047,134.326997,131.958127
a05e0a4f-3102-4bef-be1d-28dbfb247056,ok,17695743,v1.14-1.15,0.0,0.0,0.0,True,0.017391304347826,0.9021120000000024,0.4878130674362179,6.0,actuator_motors,none,3796531,2900027,4.4,,0.0,10.010489300245641,20.010947256919273,2.000020670604696,89.568846,80.57740599999995
92f9e919-edb2-4b9d-8ba3-ecd0027dfc1a,ok,17564416,v1.12-1.13,0.0,0.0,0.0,True,0.0026235242675994,0.3080410000000029,0.6731428571428572,12.0,actuator_outputs,bus,7613631,5123228,4.5,,0.011339020522868464,9.898813576468456,19.789372621771143,1.9866465479258677,231.847494,229.02949700000008
e7b902bb-b8bc-4afc-ab26-3214e20fac01,ok,17695488,v1.14-1.15,0.0286343612334801,0.0,0.0,False,0.0129159369527145,4.69914799999998,0.3849409259855746,5.0,actuator_motors,none,19336276,11214374,24.1,,0.0,10.00209188732186,20.002203654105177,2.0000051172091498,457.001575,456.3392259999998
f77095b7-1b82-47a5-9db5-c414abacb66b,ok,17694975,v1.14-1.15,0.0,0.0,0.0,True,0.0,0.0,0.2398950472474098,4.0,actuator_motors,none,23152034,13471926,22.2,,0.12260473637537764,8.753514438378787,175.60230492694325,1.7547085118099919,82.200515,74.59018499999998
fef34697-6bc2-45f9-be18-e02c38949d55,ok,17761535,v1.14-1.15,0.0,0.0,0.0,True,0.0,0.0,0.280066442489624,4.0,actuator_motors,none,8459346,5081654,5.0,,0.002232099956511935,9.987232159142655,199.56633348092925,2.00000080000032,78.433943,70.47002300000001
1f287b37-100a-4071-9a60-50e30b97e757,ok,17694720,v1.14-1.15,0.0,0.0,0.0,True,0.0,0.0,0.2039415946230292,4.0,actuator_motors,none,19900373,5116225,10.6,,0.0,10.00849065689751,20.00869455569934,120.19000364946476,110.152328,106.20832999999999
ca943976-a987-427d-be45-4c9590ff5b67,ok,17695743,v1.14-1.15,0.0,0.0,0.0,True,0.0017714791851195,0.1001059999999967,0.4376621484756468,6.0,actuator_motors,none,5103242,3590602,6.1,,0.0,10.007633514917995,20.00799185158527,2.000089483678282,123.214539,112.83532900000002
760461bd-cd20-4752-a345-bc3e11b5c41f,ok,17695488,v1.14-1.15,0.0104166666666666,0.0,0.0,True,0.0111857663000638,0.216277999999999,0.2845802307128906,4.0,actuator_motors,none,11214086,6459338,10.1,,0.0,10.01040704184762,221.40534387492056,1.9999635138931435,94.789656,93.24553399999998
a3faa4eb-77e4-48d7-b782-c05130f8b2c4,ok,17825984,v1.16+,0.0,0.0,0.0,True,0.0,0.0,0.0853465117514133,4.0,actuator_motors,none,3050603,2354070,5.7,,0.0,10.014617775916836,20.014343464231448,1.9999040948246856,66.894851,65.00187699999998
db8bce6b-6b0f-49fc-a507-8559873f8e73,ok,17760511,v1.14-1.15,0.0581395348837209,0.0581395348837209,0.0,True,0.0,0.0,0.1961599022150039,4.0,actuator_motors,none,8180217,5088921,5.8,,0.0,10.013574066803484,163.1124929252807,2.0000097610539282,79.820953,73.31696499999998
c5f6c9fe-3c74-468e-87ec-a6b26bc8d323,ok,17761535,v1.14-1.15,0.0216154721274175,0.018202502844141,0.0,True,0.0001705826978601,0.0325020000000009,0.1438349783420562,4.0,actuator_motors,none,80437877,34272405,19.3,,0.14487782386332748,8.535154645724624,170.42524652307324,1.7077242904101815,240.405954,236.47975599999992
58053e84-102f-4f82-a6a6-8992b9f00e4f,ok,17694976,v1.14-1.15,0.0,0.0,0.0,True,0.0013736263736263,0.0988169999999968,0.4527696054428815,4.0,actuator_motors,none,3983760,2653225,3.0,,0.0,10.012279538978984,20.01166471437038,1.9999037968355393,77.434634,72.79131900000002
1528c8a1-4dc8-47af-9fed-b1f0ab3a5b5f,ok,17629951,v1.12-1.13,0.0507692307692307,0.0,0.0,True,0.0,0.0,0.3342499999999999,6.0,actuator_outputs,per_channel,14578658,8373046,4.0,,0.0,10.00304958005559,20.00303660176948,2.0031623003544827,318.714115,51.618368000000004
4760ff4e-2e23-459c-a942-4ca46f85d811,ok,17825984,v1.16+,0.0,0.5581395348837209,0.0,True,0.0088967971530249,0.5,0.3545618116855621,4.0,actuator_motors,none,3042779,2672632,2.0,,0.0,10.016414111268698,20.016417071516475,2.0000086942526707,60.558375,56.260013999999984
eb8aefeb-df31-43ed-9fb9-9a260217b760,ok,17695743,v1.14-1.15,0.0,0.0,0.0,True,0.2935153583617747,1.9014930000000003,0.5372711271047592,4.0,actuator_motors,none,2782933,2268842,2.4,,0.0,10.015517282467387,20.013852785882925,2.00003907053068,64.959706,58.634358999999996
2bd736d0-d077-4d79-8d39-eee994d2b476,ok,17825984,v1.16+,0.0222222222222222,0.0,0.0,False,0.0021834061135371,0.0974810000000001,0.1646226346492767,4.0,actuator_motors,none,1714680,1406592,3.5,,0.5337577603589021,4.8641969319194684,9.732127282555304,1.1303960950573537,67.274274,92.23286099999999
b063c7ce-6f4d-4e73-9c5c-e43344d8541a,ok,17694975,v1.14-1.15,0.9738430583501008,0.0,0.0,True,0.0,0.0,0.0771528959274291,4.0,actuator_motors,none,9832514,5775226,3.3,,0.01886969626738163,9.819266448264614,19.6267574933902,1.9606156874987095,254.456475,251.77873700000006
f59b7a46-5aa5-4246-8aee-01808777ec85,ok,17891392,v1.16+,0.0,0.0479041916167664,0.0,False,0.0018281535648994,0.1000000000000014,0.0093953907489776,4.0,actuator_motors,none,36832595,17190107,14.0,,0.0,124.99081040017643,249.96936724991426,100.00122527997647,163.692,54.288
2024fe70-7ca7-4dc0-aedf-66a31ac52b71,ok,17171967,v1.12-1.13,0.0,0.0,0.0,False,0.0,0.0,0.0,4.0,actuator_outputs,global,13738535,7399696,8.4,,0.0,9.852023274663745,31.745072850081094,0.0,331.121543,0.0
322964c7-8ae4-476a-a756-0d6ad56ef661,ok,17695743,v1.14-1.15,0.0,0.0789473684210526,0.0,True,0.0,0.0,0.5854499861598015,4.0,actuator_motors,none,2443922,1747833,1.8,,0.0,10.013929697437005,20.013992476275142,2.000012112749415,71.744084,65.12305000000002
3dd0473b-ccc6-4833-8cad-51db9fdada4d,ok,17891392,v1.16+,0.0,0.1880733944954128,0.0,True,0.0,0.0,0.1006517738103865,4.0,actuator_motors,none,62594454,25267576,25.5,,0.0,124.99301818994248,249.98603637988495,100.00279272402301,214.352,209.932
c5d17f26-54a9-401f-b66a-3d389218f137,ok,17826240,v1.16+,0.0,0.0,0.0,True,0.0001851983759527,0.0050029999999949,0.367381350696087,4.0,actuator_motors,none,54136190,21162331,33.3,,0.049308911142163056,9.42484471407887,189.08939279697276,1.8979646838976552,99.215149,92.57995999999999
37f7525d-8fbf-4d08-94dc-bcf2b539fdb9,ok,17695743,v1.14-1.15,0.0,0.0,0.0,True,0.0,0.0,0.3560607433319092,4.0,actuator_motors,none,2646961,2122853,2.3,,0.0,10.016550359425834,20.014913430114607,1.9999478013623846,60.195884,54.05336899999998
b5892074-1c0e-4cca-8315-4e4e2cf221ea,ok,17826303,v1.16+,0.057471264367816,0.0862068965517241,0.0,False,0.0,0.0,0.3545258820056914,4.0,actuator_motors,none,4425613,3633107,2.9,,0.002795875857168344,9.986396594198185,19.950172029562804,1.999930934062153,81.808868,82.18904900000001
ef1695e2-4367-4026-a41d-c95f769e0c96,ok,17826240,v1.16+,0.0,0.0,0.0,True,0.0,0.0,0.17818513661623,4.0,actuator_motors,none,103241395,29627483,43.3,,0.14197735703531233,8.409563374914029,154.05511496910586,1.7003125418349183,144.339318,137.26764400000005
30861e6e-4da0-412f-b971-857efb0b6f2c,ok,17825984,v1.16+,0.0,0.0,0.0,True,0.0,0.0,0.2116400528699158,4.0,actuator_motors,none,7668379,4603229,2.7,,0.0,10.012912427975907,159.3228777694797,1.999977400255377,80.258583,77.84165800000002
08704bc4-c7bb-46f8-8f9c-d49b7ad11747,ok,17695743,v1.14-1.15,0.1417445482866043,0.0218068535825545,0.040548970679975,True,0.0016082341588935,0.1031199999999898,0.3126469671726226,4.0,actuator_motors,none,12823792,8013249,6.5,,0.00020517274045134208,10.00326326804007,20.003148622954125,2.000046335971765,320.030643,310.92801199999985
1714ac07-dced-45e7-aeb7-2d1ef9d63e52,ok,17760768,v1.14-1.15,0.0,0.0153649167733674,0.0,True,0.0,0.0,0.0998097479343414,4.0,actuator_motors,none,13432413,8255492,8.6,,0.0,10.002375314653579,20.002473172620032,2.000030595339825,390.735809,380.83134599999994
7e600f9d-ff67-4b6e-b98f-593edf0084b1,ok,17695743,v1.14-1.15,0.0993377483443708,0.0,0.0,True,0.0,0.0,0.2075632125139236,4.0,actuator_motors,none,22063471,14072929,10.6,,0.0,10.003264943590496,20.002925514005202,1.9999693623114463,304.63403,300.295084
5c28a37e-a4de-4fa1-9f48-093ad1febb40,ok,17760256,v1.14-1.15,0.0,0.0,0.0,True,0.0,0.0,0.1025507748126982,4.0,actuator_motors,none,13442578,7590290,7.1,,0.0,10.008490049016736,202.17912322128183,1.999993688908804,112.823254,109.08486499999994
357bc19e-baa2-47d2-a16b-dc128f91fe1f,ok,17825792,v1.16+,0.6378378378378379,0.0,0.0,True,0.0061643280071376,0.0767839999999999,0.394391784071922,4.0,actuator_motors,none,10663676,6976765,7.7,,0.0,10.01053289276072,201.87028201044907,2.0001283818667965,91.241538,86.30318199999996
3243f2d7-6f56-4985-a351-82f9d88f890c,ok,17629951,v1.12-1.13,0.0,0.0,0.0,True,0.0,0.0,0.238,6.0,actuator_outputs,per_channel,53978839,17062954,22.3,,0.0005499665954568724,10.008623182349318,219.40846839540652,2.000152976612308,114.634782,108.10158400000003
d11aa3a1-4c49-40de-8195-11d68c2cfd5e,ok,17761535,v1.14-1.15,0.0,0.0,0.0,True,0.0,0.0,0.143904834985733,4.0,actuator_motors,none,49307412,19241108,17.3,,0.0,10.011859664617173,199.94068371087727,2.000007305415906,84.039726,75.67003799999999
f8b0744b-a16e-4295-b880-c41509e02d91,ok,17891583,v1.16+,0.0,0.0,0.0,True,0.0099871134020618,0.5005620000000022,0.5090306125581264,4.0,actuator_motors,none,13065617,8737062,6.1,,0.0,10.003005540279794,20.002855053351503,2.0000311094886323,316.673882,310.37116200000025
6465c791-4e8c-4596-9a5f-4bec6b5b5d9a,ok,17760768,v1.14-1.15,0.0,0.0890410958904109,0.0,True,0.0,0.0,0.0980504944920539,4.0,actuator_motors,none,7492956,4748806,4.0,,0.0,9.99932110626472,200.15886528020803,2.000172676777851,69.770363,64.97194900000001
f59c569c-1d23-41dd-9588-b3bf3990754b,ok,17170432,v1.12-1.13,0.0,0.0636182902584493,0.0,True,0.0005662514156285,0.1061149999999884,0.4857142857142857,6.0,actuator_outputs,global,15374243,8694631,6.6,,0.026734506308015125,9.572407574320732,30.825367613817896,0.0,370.235189,366.980944
8e4ee47a-6a84-480b-8942-13c2d997cf0e,ok,17760768,v1.14-1.15,0.0,0.0497382198952879,0.0,True,0.0003899938715248,0.0105080000000015,0.1277575761079787,4.0,actuator_motors,none,19102872,11652359,11.3,,0.002805772338555471,9.97365425703117,160.84511387272275,1.9947359757488818,190.797658,189.107375
dae4d995-e37c-4f80-90cf-5fad09cb02d9,ok,17760256,v1.14-1.15,0.0,0.0,0.0,True,,,,4.0,actuator_motors,none,3447799,2638472,3.2,,0.0,10.012785090414152,20.012554567317927,1.9998041185655293,81.040795,0.0
161c53e9-68e2-4217-87db-316ae73426fd,ok,17498880,v1.12-1.13,0.0,0.0,,True,0.0,0.0,0.407,8.0,actuator_outputs,global,120460452,64179538,116.1,,0.030491389878139215,96.93149087133175,194.17369943362172,0.0,481.951397,473.78077199999984
d044cab3-317f-4d91-a221-975d1863c657,ok,17956928,v1.16+,0.0,0.0810295519542421,0.0,True,0.0,0.0,0.0677680194377898,4.0,actuator_motors,none,121429351,59136507,167.3,,0.0,124.99521215881845,249.98850354474038,100.00229819897807,522.232,429.02
fec4a61e-0d4d-4ba2-9716-baff6c72a19c,ok,17761023,v1.14-1.15,0.0,0.0,0.0,True,0.0,0.0,0.470737641327826,4.0,actuator_motors,none,112114608,11777355,165.2,,0.01706748760778196,9.859003352021242,136.08232813330667,1.9706632947730005,225.730558,9.537576000000001
09d14fa4-3038-465f-a62b-01865178f60c,ok,17760256,v1.14-1.15,0.0,0.0,0.0,True,0.0,0.0,0.1257061168551445,4.0,actuator_motors,none,4907388,3764077,4.2,,0.0,10.012196971333253,20.012406490077513,1.9999609219756822,82.797765,77.29130099999998
1b97d8a1-838d-4d21-abb4-b8ba76726ee7,ok,17826047,v1.16+,0.0,0.0,0.0,False,0.0,0.0,0.3120584726333618,4.0,actuator_motors,none,2790040,1893947,2.2,,0.0,10.015055706677174,20.014487301487456,1.9997179610384401,63.897363,61.378518000000014
b1765539-b23e-4688-8ebf-8347b3aa4789,ok,17694975,v1.14-1.15,0.0,0.0,0.0,True,0.0609782374488256,4.280496999999997,0.9999999378170944,4.0,actuator_motors,none,9228356,5666831,6.1,,0.0,10.000082416947192,171.2566511745149,2.00020464744417,83.587909,81.25625899999997
fd82ca90-c984-4511-a4aa-8c68ace353b0,ok,17630207,v1.12-1.13,0.0,0.0,0.0,True,0.0043989191227298,0.0628489999999999,0.816,6.0,actuator_outputs,bus,9188734,4998941,4.2,,0.019512466828828824,9.823500540797326,198.28270575804711,1.9679374913368408,62.097544,56.998036000000006
42bfb4c5-158d-42a9-bbb5-757ae42dcae2,ok,17761023,v1.14-1.15,0.0,0.0,0.0,True,0.0051907092874273,0.0346929999999972,0.5256052464246749,4.0,actuator_motors,none,28521554,9121749,14.1,,0.0039918444457725496,9.967422133574793,207.86415626408663,2.000203504575917,62.705647,55.23646199999999
a6a45d34-51a4-430f-82c9-ebf1470a7aaa,ok,17630207,v1.12-1.13,0.0,0.0,0.0,False,0.0,0.0,0.3169999999999999,6.0,actuator_outputs,per_channel,27648000,16365337,9.4,,0.001218250453196702,9.989980167887841,19.975628388057896,1.9977932353846877,906.821483,902.5894069999989
5d434cf3-8183-44ba-9960-6d9707747d28,ok,17694720,v1.14-1.15,0.0,0.0,0.0,True,0.0,0.0,0.06228933557868,4.0,actuator_motors,none,13213459,3385246,7.6,,0.0,9.999959623896743,20.001272676786375,100.05800357117873,68.710948,65.98996800000002
d6467872-263a-477c-8258-94f5e1f16194,ok,255,,0.0,0.0,0.0,True,0.0,0.0,0.1317661762237548,4.0,actuator_motors,none,10831310,7613249,7.6,not_px4_v0,0.0,10.009002678813422,20.00926734638378,2.000118026766728,101.450952,99.049923
61c4a109-0b10-4209-a494-072c8656f679,ok,17694720,v1.14-1.15,,,,,0.0,0.0,0.1,8.0,actuator_outputs,per_channel,1242949,608971,1.5,,0.03282695720479483,7.805356582791545,27.13735310830028,0.0,82.358806,0.0
cd5feeae-fddd-4ed7-adc5-432042dbca65,ok,17760767,v1.14-1.15,0.0,0.0,0.0,True,0.0009757928316757,0.0470499999999844,0.2220327496528625,4.0,actuator_motors,none,118975806,41989739,69.7,,0.0,10.004804726417701,211.4650298638709,1.9999928055178713,219.055828,214.88403699999978
7a6365a4-a2d7-4907-869f-ad03933cced9,ok,17170944,v1.12-1.13,0.0,0.0,0.0,True,0.0,0.0,0.3620256274938581,4.0,actuator_motors,none,6471247,4834631,11.9,,0.0,10.007303999702335,20.007441452147308,1.9999697642366352,127.255936,122.88084700000003
12d0ca8a-90af-40f3-99f6-78f9b8ae657f,ok,17695743,v1.14-1.15,0.0,0.0,0.0,True,0.0006016847172081,0.0977480000000001,0.2180030785501001,4.0,actuator_motors,none,7112644,4631567,10.5,,0.0,10.006058945827442,20.005827353384483,2.000034456733974,171.104488,166.24407300000004
ea0ee94a-c71d-41d9-9a4f-02b9a0f9d79b,ok,17629951,v1.12-1.13,0.0,0.0,0.0,True,0.0,0.0,0.229,6.0,actuator_outputs,per_channel,4722120,2992874,3.1,,0.0,10.007623172118114,20.007511973550308,1.9998902892803538,116.636158,114.38198200000001
275888e4-94fe-4379-984f-793e80406b43,ok,17695743,v1.14-1.15,0.0,0.0,0.0648734177215189,True,0.0684931506849315,3.501339999999999,0.4308514207601546,4.0,actuator_motors,none,4778635,3293476,3.1,,0.0,10.007948739873857,20.00797906459039,1.9999926374773027,125.647236,116.87165100000004
00071e46-2ddc-4c91-bd09-90324159cb78,ok,17761280,v1.14-1.15,0.0,0.0,0.0,True,0.0,0.0,0.1933048993349074,4.0,actuator_motors,none,4576230,3107037,4.2,,0.0,10.00886882582226,20.00843464374412,1.9999113952299243,115.499643,112.83945199999998
8df4a7f5-3750-4ac1-82e3-9f1ce0c0f025,ok,17629951,v1.12-1.13,0.0301724137931034,0.0,0.0912280701754386,False,0.0063063063063063,0.5994850000000014,0.0,6.0,actuator_outputs,bus,5291270,3586243,4.2,,0.0,10.008676210671524,20.008922412485195,2.000103651389226,113.677356,110.57769500000002
58546c19-cb85-4b51-83e4-dd70b2dc623a,ok,17630207,v1.12-1.13,0.0,0.0,0.0,True,0.0,0.0,0.237,6.0,actuator_outputs,per_channel,50955973,27314777,14.0,,0.0359620266214671,9.640665816617927,190.93241443104358,1.9298703795316734,428.50803,422.20197000000013
e87fbce7-122b-4f25-9a8e-5de5e1746484,ok,17891392,v1.16+,0.0023937761819269,0.0,0.0,False,0.0008032128514056,0.0999999999999996,0.1620415806770324,4.0,actuator_motors,none,234336492,85206163,196.7,,0.0,124.24147809879733,247.34368371126357,99.99618653561062,838.96,123.88000000000011
666edf3d-18af-413b-9435-0f6882229b01,ok,17629952,v1.12-1.13,0.0653846153846153,0.0115384615384615,0.0,False,0.0,0.0,0.373,6.0,actuator_outputs,per_channel,9724790,5836425,5.4,,0.0,10.004054059973678,20.003707039356854,1.99994212592325,249.960997,247.559924
cef017fe-d88a-42ff-b632-376d72c5f6df,ok,16779520,v1.12-1.13,0.0,0.0,0.0,True,0.0,0.0,0.2036753237247467,4.0,actuator_motors,none,7841451,4389534,3.5,,0.0,10.01041520681445,20.009379305408302,1.9999976335106535,95.64178,89.77998600000001
eab18483-521d-46cd-a3d1-925e5a37fe1c,ok,17695488,v1.14-1.15,0.0,0.0,0.0,True,0.0,0.0,0.214289815723896,4.0,actuator_motors,none,16740611,7603877,5.8,,0.0,10.003799365145362,20.003771546001307,1.999983083476419,265.012121,258.87481999999994
ae5efcea-2612-4aff-ab80-3fb1d50b26e8,ok,17761280,v1.14-1.15,,,,,0.02,1.0000319999999905,0.5214375,4.0,actuator_outputs,per_channel,461098,381084,0.6,,0.0,0.0,1.0000220307883751,0.0,98.997819,0.0
032c8766-1575-4979-add1-f5b00763e763,ok,17695488,v1.14-1.15,0.0,0.0,0.0,True,,,,4.0,actuator_motors,none,2322274,1670261,2.6,,0.0,10.015359027310904,20.015633639560612,1.9997913063316417,62.304003,0.0
1fc9134e-3bf8-4d91-b6bc-54a94aa6c463,ok,17826240,v1.16+,0.0,0.0,0.0,True,0.0,0.0,0.2451770365238189,4.0,actuator_motors,none,5070849,3471939,2.4,,0.0,10.008503653640004,20.00765258684827,1.9999997777778025,117.500714,115.48001700000003
9b21586b-bd6f-45a9-9309-a57eb63cfd2c,ok,17826047,v1.16+,0.0,0.0,0.0,True,0.0,0.0,0.3573461621999739,4.0,actuator_motors,none,7375301,4822843,3.2,,0.0,10.005726116116984,20.005725658156443,1.9999997126437195,174.480736,167.35999299999997
9229f35e-619c-4e44-9e59-88e5501d76e5,ok,17826559,v1.16+,0.0,0.0,0.0,True,0.0088105726872246,0.3006129999999984,0.1230433940887451,4.0,actuator_motors,none,4961248,3513176,3.1,,0.0,10.008363360042207,20.007468948555925,2.0000283563342385,118.312567,113.50094300000003
29ed7068-9c09-4143-92a5-4c1c75f924a5,ok,17825792,v1.16+,0.0,0.0,0.0,True,0.0049635350404071,0.9730019999999796,0.1036390393972395,4.0,actuator_motors,none,19367088,11349312,12.8,,0.0014031653715338497,9.949499499431527,136.14329295525155,1.9747101646933025,198.899866,196.37902
05fba708-0871-49a9-a6d7-52ed753202ef,ok,17761535,v1.14-1.15,0.3076923076923077,0.0,0.1618257261410788,False,0.359635698555485,35.521196,1.0,4.0,actuator_motors,none,20071712,12041271,9.8,,0.0,10.005120013674286,172.22155185423784,1.9999722920505374,192.788098,186.53492400000002
3439d930-ddec-46db-bc8f-f5b9459a248c,ok,17891392,v1.16+,0.0,0.0,0.0,True,0.0,0.0,0.545753359018051,4.0,actuator_motors,none,34499393,11518443,19.4,,0.014391882888232357,9.86424542896939,218.9732845533186,1.9749741278389255,80.328682,74.41152699999998
b2375b11-3669-4c5c-a5fd-fbee2c894d4e,ok,17761280,v1.14-1.15,0.0,0.0,0.0,True,0.0,0.0,0.278956714272499,4.0,actuator_motors,none,35298754,22469384,14.8,,0.0,10.000955031992062,20.000890203472096,2.0000103882051317,979.279487,974.6340469999994
beee5935-2437-45ac-bc66-85c8b8232313,ok,17761535,v1.14-1.15,0.0,0.0,0.0,True,0.0,0.0,0.0935411214828491,4.0,actuator_motors,none,2930539,2153890,1.7,,0.0,10.01264806769958,20.0123591316908,1.9999963489999535,74.727834,70.93699099999996
32cdc29a-d442-4f2c-906b-d93a5176f240,ok,17629184,v1.12-1.13,0.0,0.0,0.0618556701030927,True,0.095527394707417,2.7781449999999985,0.5955839723348617,4.0,actuator_motors,none,9981932,6036214,4.1,,0.477819873488268,5.382263715175586,105.77375322544081,1.0933149555730624,179.557584,178.53060299999999
7173da6f-a236-487a-8548-3406b3f6e1d1,ok,17694720,v1.14-1.15,0.0,0.0892857142857142,0.0,True,0.0,0.0,0.2697739705443382,4.0,actuator_motors,none,3072477,2286825,4.3,,0.0,10.012558573467654,20.011612481395105,2.0000107170385593,79.849468,74.94885899999998
9b9a8853-f8b0-4daf-a764-f689060d1f8e,ok,17761535,v1.14-1.15,0.1225806451612903,0.0,0.0,True,0.0,0.0,0.1200931072235107,4.0,actuator_motors,none,10359777,7650457,5.2,,0.06744845370923298,9.344607347244857,186.44997322192629,1.865030423124728,82.174624,74.72000799999999
b4f45a1b-09ae-43be-8452-13fea8a7184d,ok,17760511,v1.14-1.15,0.0,0.0,0.0,True,0.0,0.0,0.2054398536682129,4.0,actuator_motors,none,3239757,2318552,5.5,,0.0,10.013106297109669,20.012879065659305,2.0000224867393106,74.22679,65.34930100000001
fd4186a8-796f-4dfb-9be2-e5486194a71e,ok,17761535,v1.14-1.15,0.0,0.0599078341013824,0.0,True,0.0,0.0,0.2797521166503429,4.0,actuator_motors,none,3881124,2738735,4.8,,0.0,10.009093736952181,20.009836492807022,1.9999575595860593,107.297693,102.61307399999997
f9fdcc7a-31d9-46bb-9612-999b5e79e492,ok,17825984,v1.16+,0.0,0.0,0.0,True,0.0,0.0,0.1556839361786842,4.0,actuator_motors,none,17475698,10965451,8.3,,0.02621727635017511,9.767819458049257,230.61930248357254,1.948461406397455,151.872258,140.68205399999994
306bb4e1-2ef0-445b-b275-4361c3a7443b,ok,17760384,v1.14-1.15,0.0,0.0,0.0,True,0.1205629977159084,0.017481,0.8842563979327678,4.0,actuator_motors,none,6893858,4126920,5.2,,0.04917776305510236,9.537979943843451,166.2569598189589,1.9070595608345722,64.653519,60.03421100000002
feb84d7a-677a-4aaf-99a4-ee04eedab103,ok,17629952,v1.12-1.13,0.0,0.0,0.0,True,0.0,0.0,0.1141666666666666,6.0,actuator_outputs,bus,9818419,4334115,8.6,,0.0,10.012006229640843,171.6636008059759,1.9999330375361783,85.409991,85.03772500000001
25f1554b-5e34-41c0-8239-99c9c73f047f,ok,17498112,v1.12-1.13,0.0,0.0,0.0,True,0.0,0.0,0.2866666666666666,6.0,actuator_outputs,global,19155012,10427810,13.0,,0.04019282364740927,9.601550108533484,189.88039167519517,4.810978614424588,195.45674,193.43986899999993
6b8e3aee-1d22-4c7f-be13-105bcee9090a,ok,17695743,v1.14-1.15,0.0,0.0,0.0,True,0.0011834319526627,0.1024299999999982,0.3518450289964676,4.0,actuator_motors,none,3566010,2640199,2.2,,0.0,10.010738356276672,20.010331169086776,1.9998963424513736,89.496309,84.55817400000001
bb254ff7-88c5-4612-bdb9-55fe3094e310,ok,17695488,v1.14-1.15,0.0,0.0,0.0,True,0.0,0.0,0.0673187889158725,4.0,actuator_motors,none,7089104,4609276,3.9,,0.0,10.005344338920084,20.005340133425793,1.99999683646613,187.104067,182.78002699999996
21c5c1eb-bec3-4886-bde4-00bc46deb71b,ok,17760511,v1.14-1.15,0.0,0.0,0.0,True,0.0028977536043675,0.1240470000000009,0.2219517529010773,4.0,actuator_motors,none,97945787,52649888,30.1,,0.0,10.001320617137681,247.54586814189085,2.000012063363901,790.103433,785.7621960000004
14ce038e-9a97-462b-a29a-43ab02476cf8,ok,17695488,v1.14-1.15,0.0,0.0,0.0,True,0.0,0.0,0.1716332748532295,4.0,actuator_motors,none,8851010,5094315,6.7,,0.0,10.01057321212721,161.5526174417084,1.9999865799717058,84.65389,76.84013200000001
cad1ae1a-0226-4e49-8352-223171c815a2,ok,17826047,v1.16+,0.0,0.0,0.0,False,0.0,0.0,0.1840463280677795,4.0,actuator_motors,none,22537788,9606915,10.0,,0.0,124.99999999999999,250.0,100.0130072840791,76.44,74.39999999999999
d896a4ea-cfff-4211-8d82-1bfce2bbb713,ok,17629951,v1.12-1.13,0.0,0.0359168241965973,0.0,True,0.0,0.0,0.1501499999999997,6.0,actuator_outputs,per_channel,36628426,21213789,12.6,,0.0,10.001353051696322,20.001323396779892,1.9999865693597132,794.428048,789.783319999999
79c01bfc-66d0-4b18-8eff-d4572fd7cecd,ok,17695488,v1.14-1.15,0.9634864546525324,0.2131919905771495,0.0,False,0.12217659137577,23.001823,0.999999995074054,4.0,actuator_motors,none,13893632,8181637,6.7,,0.0,10.002807865348386,20.00262471845405,2.000002874684439,391.50578,389.15531
084bbf1c-2c80-46ea-9c76-d3524da70fac,ok,17761023,v1.14-1.15,0.0546075085324232,0.0511945392491467,0.0,True,0.0067567567567567,0.3978239999999999,0.3678665980696679,4.0,actuator_motors,none,5778202,4062872,4.3,,0.00041265103287708424,10.006193543768998,20.007018772551632,1.999877549315726,137.74198,133.23924000000008
4e57409d-4d02-4fb6-9d18-09b4ef1aee1b,ok,17695743,v1.14-1.15,0.0,0.0,0.3383121732636295,True,0.000403648986841,0.0135930000000001,0.269280843436718,4.0,actuator_motors,none,79409662,41401938,34.8,,0.02600455862264844,9.693622515998864,180.58490960529568,1.942121909957912,277.637735,275.328107
0a2c9bb6-0e08-43c9-96d1-13f24b60746c,ok,17891392,v1.16+,0.0,0.8502673796791443,0.0,True,0.0,0.0,0.0775151848793028,4.0,actuator_motors,none,4473498,3111352,5.0,,0.0,10.010263512859876,20.00875617842581,2.000003067362217,96.828077,90.92022499999997
dcb04d3a-90b3-4cb6-8e7d-0de4d186ed25,ok,17826047,v1.16+,0.0,0.2,0.0,False,0.0003792701758188,0.0873589999999993,0.2710184976458549,4.0,actuator_motors,none,29714454,16804072,20.0,,0.0,10.00370071542806,200.32052668415443,0.0,259.805882,258.3756690000002
094fac58-4d58-48ed-830b-1f8ac1b77e3a,ok,17629696,v1.12-1.13,0.0618145563310069,0.0,0.0,True,0.0,0.0,0.137,6.0,actuator_outputs,per_channel,50969788,24276425,27.3,,0.0,10.002003845568021,57.542167089977596,1.9999806171233336,496.105844,492.95569100000034
d6a10369-7daf-49c8-bc58-77dc43f9a5ef,ok,17826047,v1.16+,0.0,0.0,0.0,True,0.0,0.0,0.1312008023262024,4.0,actuator_motors,none,38776797,21417417,25.9,,0.0022494805119544475,9.97413306341003,201.74274001140483,1.990397627296829,311.273912,307.0640370000001
8f50bfe6-47a1-45fb-a65e-29d58808d41c,ok,17105984,v1.12-1.13,0.0,0.0,0.0,True,0.0,0.0,0.2314638584852218,4.0,actuator_motors,none,73009631,35521959,35.8,,0.0,9.999947833559466,198.91682645290976,9.999947861160614,362.031293,357.24544099999997
49f5e1a0-3122-4442-9eef-24ffa3ad3047,ok,17629952,v1.12-1.13,0.0,0.0,0.0,True,0.0,0.0,0.1476499999999999,6.0,actuator_outputs,per_channel,3789145,2477894,2.2,,0.0,10.010879190072034,20.010551138612534,2.0000734249177325,90.121629,84.82926100000002
1ea540cf-bc3a-4a70-aa08-64c262c1916b,ok,17826240,v1.16+,0.0,0.0,0.0,True,0.0,0.0,0.3042635038495059,4.0,actuator_motors,none,4352542,3335954,2.7,,0.012035022540209111,9.901532270324521,19.79223879176452,1.9780304335586665,91.047804,81.41998699999996
257ce41a-4faf-4032-93b5-b9dc081fff96,ok,17499135,v1.12-1.13,0.0,0.0,0.0,True,0.0,0.0,0.44385,8.0,actuator_outputs,global,2322090,1607322,1.5,,0.0,10.014165572366158,20.01369458296244,5.014413800511313,68.099708,62.467398000000024
a0fa1dad-5189-4203-b752-d26f8acf6bcd,ok,17695743,v1.14-1.15,0.0,0.0,0.0,True,0.0,0.0,0.1804098084568977,4.0,actuator_motors,none,2622571,1998237,2.0,,0.0,10.013871677225985,20.01539522614964,1.9996863747695013,64.855355,60.42995499999999
2fc11636-7b05-4c3f-aa85-6396283366cb,ok,17760512,v1.14-1.15,0.0,0.0,0.0,True,0.0006016847172081,0.0977890000000005,0.3179583542048929,4.0,actuator_motors,none,7857570,5314238,8.1,,0.0,10.005335061860873,20.005450214629487,2.0000641991621495,172.896724,166.2667020000001
6b23d6e3-4a00-4bae-82bb-a3d468ac1396,ok,17761280,v1.14-1.15,0.0,0.0,0.0,True,0.0,0.0,0.1175495073199271,4.0,actuator_motors,none,14470101,7647667,7.9,,0.0,10.012150712040922,199.9999635169713,1.9999979386524314,81.807843,78.08022399999999
0d98c601-3d6b-4a4e-94f0-cbc2bc61f14d,ok,17825984,v1.16+,0.0,0.1414141414141414,0.0,True,0.0,0.0,0.003971554338932,4.0,actuator_motors,none,41731678,16089529,17.6,,0.0,124.85064880935842,249.3678799666574,100.00138939061327,143.676,74.568
abe7eb03-c4e0-4cf1-8a63-ea1a6bfe81d1,ok,17629951,v1.12-1.13,0.0218150087260034,0.0,0.0,True,0.0502179598953792,18.497308999999973,0.9557714285714288,6.0,actuator_outputs,bus,58361511,36796900,21.5,,0.0,10.00175813476127,199.56223642603618,1.9999894888289904,579.12758,573.5354180000003
7492835c-16e3-4607-8618-c871a7e4114e,ok,17761535,v1.14-1.15,0.8904109589041096,0.0,0.0,True,0.0,0.0,0.7659212332218885,4.0,actuator_motors,none,2945720,2196182,2.5,,0.0,10.013906952362134,20.01390076596534,1.9999977062963366,71.77316,61.40010299999998
c91be006-c491-4b10-8200-5b41bf786036,ok,17695743,v1.14-1.15,0.0303738317757009,0.0,0.0,False,0.2104237700925474,6.300401999999991,0.9043257877230642,4.0,actuator_motors,none,8864027,5942248,4.0,,0.0,10.004672680458803,20.00463388776835,2.0000494339141337,208.419618,204.93888799999996
a46aab76-2b6d-405f-a82f-dec716dbf560,ok,17761535,v1.14-1.15,0.0,0.0,0.0,True,0.0,0.0,0.107543259859085,4.0,actuator_motors,none,6157168,3980108,3.2,,0.0,10.006067331932115,20.00607103806706,2.0000616482416578,164.425548,155.42142500000006
4ea2c29e-2b55-466c-ab1f-0d58cb059094,ok,17236991,v1.12-1.13,0.0,0.0,0.0,True,0.0,0.0,0.4697142857142855,6.0,actuator_outputs,global,2763488,1390052,2.2,,0.00906520458255177,9.703300724178337,30.972027530586058,0.0,67.730417,49.473621
74e28e46-675f-4014-95ca-248e8152623a,ok,17694848,v1.14-1.15,0.0,0.0,0.0019607843137254,False,0.0,0.0,0.076103888452053,4.0,actuator_motors,none,49905609,17348571,19.1,,7.995750611500199,92.54315533430024,0.09940036010822272,135.7202490389267,204.187405,201.7121659999999
0c7393e9-5b99-42b8-9447-51ed71978c52,ok,17236991,v1.12-1.13,0.0,0.0607101947308132,0.2024415055951169,True,0.0,0.0,0.4857142857142857,6.0,actuator_outputs,global,8070161,4041514,5.9,,0.0,9.837609576325084,31.52553641712294,0.0,198.584166,170.35587
0852164b-a3d6-4634-9817-9565d3e74050,ok,17629696,v1.12-1.13,0.8733233979135618,0.0,0.0,True,,,,4.0,actuator_motors,none,27677220,14460706,13.7,,0.0,10.001492057807571,20.00143287050568,2.0014773045353063,673.404896,0.0
cefd75fc-3041-44c1-84a3-32390d7afe5e,ok,17629696,v1.12-1.13,0.0,0.0,0.0,True,,,,,none,none,7100848,3105477,4.8,,0.0,10.01243677635289,20.012078600130423,1.999988025878142,77.810232,72.34664900000001
bb1f2772-31e0-41cb-a464-c42ccebe5010,ok,17761280,v1.14-1.15,0.0,0.0,0.0,True,0.0,0.0,0.3144412405788897,4.0,actuator_motors,none,5952966,3478191,6.3,,0.0,10.015063860866457,20.013545709456192,1.9999993333335555,66.097696,58.22996199999999
05d47106-8c07-4a17-8fcb-2871dd4466f7,ok,17236991,v1.12-1.13,0.0003790750568612,0.0,0.0,True,0.0097765363128491,0.5007289999999998,0.4857142857142857,6.0,actuator_outputs,global,23738727,10868443,13.5,,0.00038368248873607574,9.82751656376984,31.44783520578255,0.0,604.727615,72.99050299999999
772760ee-ff89-4137-a794-3a0480d20544,ok,17760767,v1.14-1.15,0.0,0.0023291925465838,0.0,True,0.0,0.0,0.1252927422523498,4.0,actuator_motors,none,105987337,61754220,42.5,,0.009511601408836107,9.907888650859354,19.814677209366238,1.9809733232575666,2627.956898,2623.230025999994
6c5ed865-6314-4214-b472-8e53dea50a05,ok,17629952,v1.12-1.13,0.0,0.0,0.0,True,0.0,0.0,0.2249999999999999,6.0,actuator_outputs,per_channel,15430624,9137311,6.3,,0.0,10.0021889432062,20.002100618831857,2.000004091124542,439.081996,436.75027799999987
a76fe332-ef93-475c-9313-54f4dabf71c5,ok,402784511,,0.0,0.0,,True,,,,8.0,actuator_outputs,none,2433024,1339842,3.9,not_px4_v24,0.007544402409136025,0.0,0.0,0.0,97.935323,0.0
198e4cd0-d2ef-454c-8034-d83c6ba58f4e,ok,17498880,v1.12-1.13,0.0,0.0,,False,0.0,0.0,0.3189999999999999,8.0,actuator_outputs,global,127448800,73475694,66.0,,0.015591441308637726,98.37886612179928,195.78869248933228,0.0,663.316165,103.41485599999999
7c905c26-b456-4163-85a5-f7c3d1af2cd2,ok,18350080,v1.16+,0.0334928229665071,0.0,0.0,True,,,,4.0,actuator_motors,none,3826200,2333662,5.9,,0.0,10.009513165141179,20.01105842515197,2.000075298171588,97.061511,0.0
5750209d-238f-42a8-b77a-e67fdbe4f085,ok,17630207,v1.12-1.13,0.0,0.0,0.0,True,0.0,0.0,0.124,6.0,actuator_outputs,per_channel,3261247,2099942,3.3,,0.0,10.011526821295167,20.010701297055544,2.0000332886896524,88.853381,78.83928499999999
b11d29c5-686c-4cef-b7a6-9e602d5a2ec2,ok,17826559,v1.16+,0.0,0.0,0.0,True,0.0,0.0,0.1500139534473419,4.0,actuator_motors,none,3472428,2933759,4.3,,0.0,10.014087327911925,20.014074313665386,2.0000002836879838,70.726497,64.08994
31fc88d9-344c-4a89-8aa3-51bf77c7d443,ok,17761280,v1.14-1.15,0.0,0.0,0.0,True,,,,4.0,actuator_motors,none,40478246,21020904,16.7,,0.0,10.002570883964543,220.49787643058042,1.9999736592828012,366.958236,0.0
3e3479f3-e445-41f5-98e6-1457e2faad0f,ok,17695743,v1.14-1.15,0.0,0.0,0.0,False,0.0,0.0,0.1991042971611022,4.0,actuator_motors,none,15944618,7199776,17.8,,0.010764852590373122,0.0,200.1679986257157,2.000007290666971,103.338499,99.62147300000001
19f23870-3ebb-46a4-84df-24e186dda405,ok,17695488,v1.14-1.15,0.0,0.0,0.0,True,0.0,0.0,0.0878431722521781,4.0,actuator_motors,none,27120033,9040796,13.0,,0.0016092643308215097,9.976984810656276,199.56321380314452,2.0000008554916957,86.743773,75.15998799999998
286c9aca-6d91-4a9a-9ef4-67366fed0100,ok,17760511,v1.14-1.15,0.0,0.0,0.0,True,0.0,0.0,0.1200854800641536,4.0,actuator_motors,none,22391735,14140924,12.1,,0.0,10.005082514672539,221.1542399812083,2.0000054843523887,207.790875,205.45097799999982
022a0b13-1220-4474-93a9-e64397a89c30,ok,17891583,v1.16+,0.0,0.0,0.0,True,0.0,0.0,0.2180117130279541,4.0,actuator_motors,none,20224973,12857327,13.4,,0.00019013433896742618,10.002248033769112,19.99977700472351,1.9999533643161684,447.074402,437.7601440000001
45a037f1-0f83-44e9-bfaa-5b6538c10cec,ok,17629184,v1.12-1.13,0.0,0.0,0.0,False,0.0,0.0,0.3996999999999998,6.0,actuator_outputs,per_channel,4130801,2670582,3.0,,0.0,10.009688884025044,20.01008912403022,2.0001063890787063,96.744013,92.90335600000002
82b560b3-b647-4d4e-ba02-a94421ca9e4d,ok,16779520,v1.12-1.13,0.0,0.0,0.0,True,0.0,0.0,0.2036753237247467,4.0,actuator_motors,none,7841451,4389534,4.0,,0.0,10.01041520681445,20.009379305408302,1.9999976335106535,95.64178,89.77998600000001
12dd6afd-e0e8-42a2-bce8-d2090ddd44c2,ok,17825984,v1.16+,0.0,0.0,0.2143335565974548,True,0.0191919191919191,4.700517999999988,0.4380022726953024,4.0,actuator_motors,none,10733460,6711451,6.7,,0.0,10.003350569120895,20.0032895788588,1.9999895395505092,298.457488,297.00612900000004
2db5cff4-18b3-44b1-a732-084c9fb4a4e3,ok,17695743,v1.14-1.15,0.0,0.0,0.0,True,0.0,0.0,0.2471568882465362,4.0,actuator_motors,none,4696570,3747030,4.2,,0.0,10.012945289357496,20.01294377216065,1.9999997922078139,77.001406,68.04992699999998
3cce1191-10d7-4916-9ac2-dd95abb30aa3,ok,17695488,v1.14-1.15,0.1910828025477707,0.1656050955414012,0.0,True,0.171945701357466,11.399848,0.9999999984857446,4.0,actuator_motors,none,4968284,3742165,4.0,,0.0,10.014225842513746,20.012584690660017,2.0001993957638784,70.702703,66.363026
84e19cf0-41b4-428d-b286-108ec5d90b80,ok,17695743,v1.14-1.15,0.0,0.9940652818991098,0.0,False,0.9841930116472546,118.2,1.0,4.0,actuator_motors,none,25235936,9350531,7.7,,0.0,124.92175402760847,203.06734317343174,124.9464632820479,120.952,119.28
2f7a514b-a1ad-4cf7-afb5-bb13a04cae2c,ok,17761535,v1.14-1.15,0.0,0.0,0.0,True,0.0,0.0,0.0703813731670379,4.0,actuator_motors,none,4887033,3092364,1.9,,0.0,10.006597730146938,20.00629631637476,2.000041278807224,156.770072,152.537361
fccecb6b-10cd-4d4b-8c7b-171902e861e4,ok,17826559,v1.16+,0.2824858757062147,0.0,0.0,True,0.0,0.0,0.1599648743867874,4.0,actuator_motors,none,9706968,6115491,4.7,,0.0,10.01095381404698,202.41615932623796,2.000017103594541,87.075717,75.39899700000004
ef46ed38-330e-4b01-aafb-067e5e1cbec0,ok,17694975,v1.14-1.15,0.0,0.1781609195402299,0.0,True,0.0,0.0,0.1710826784372329,4.0,actuator_motors,none,7016709,4613075,3.8,,0.0,10.005620651624133,20.005520692072736,1.9999503084810308,172.863855,169.9325199999999
0ae7a47d-5ac9-4eed-a73a-a8f58a7987e4,ok,17891583,v1.16+,0.0,0.0,0.0,True,0.0,0.0,0.1241129502654075,4.0,actuator_motors,none,39997462,20455827,17.5,,0.0,10.003217157262156,201.47062258564216,1.9999947445881001,299.767562,296.6685049999999
57aa4fad-35a5-49dd-a2f7-0df8e5641c23,ok,17761535,v1.14-1.15,0.0,0.0,0.0,True,0.0,0.0,0.346545518139983,4.0,actuator_motors,none,63828015,16142768,25.1,,0.0,10.006077179897268,20.00613441614525,1.9999563252780859,166.596734,163.39788199999995
429b7b10-e8be-4a5d-80c4-1c4f80714444,ok,17891392,v1.16+,0.0,0.0,0.0,False,0.0006724949562878,0.0999999999999978,0.0111686587333679,4.0,actuator_motors,none,80309580,18681932,70.2,,0.0,124.99999999999999,249.97517809715293,100.00868184749714,161.088,147.824
6aaa4b12-1d20-4b01-af67-00220e46e5fb,ok,17826048,v1.16+,0.0,0.0,0.0,True,,,,4.0,actuator_motors,none,109016641,39498596,89.1,,0.0,10.001762810695386,266.68285760674075,1.999994892709165,554.956836,0.0
7e8e44be-73bd-4b82-82b2-fcf50c8275f0,ok,17761535,v1.14-1.15,0.0,0.0,0.0,True,,,,,actuator_motors,none,66103945,34703366,56.6,,0.007925509148342296,9.91971553568496,19.84368419613911,1.9847872197060663,1644.804356,0.0
956162e7-a069-4a25-a394-447d10651621,ok,17695744,v1.14-1.15,0.0,0.0,0.0,True,0.0,0.0,0.3672493323683738,4.0,actuator_motors,none,10202034,6236769,8.4,,0.006507395149118365,9.939654831715842,19.873477734224945,1.9859567901970108,214.940076,162.57632399999994
4a33bedc-bf12-4bf5-9dfd-64ac39c65b3a,ok,17694912,v1.14-1.15,0.0,0.0,0.0,True,0.0,0.0,0.159999986179173,4.0,actuator_motors,none,16069554,9073113,10.2,,0.0,10.008535765601017,200.2819884125217,1.999930898939285,116.495596,107.265576
745646b6-c67a-4fb5-8485-0436480945f5,ok,17302271,v1.12-1.13,0.0,0.0,0.0,False,0.0549450549450549,2.537507000000005,0.9087999999999988,6.0,actuator_outputs,global,2449917,1366863,1.8,,0.010499109937796796,9.743825573378595,31.356500112883403,0.0,69.464883,65.243231
d5d00797-d204-40a4-ac27-bd9ddac2e5d6,ok,17826047,v1.16+,0.0,0.0,0.0,True,0.0,0.0,0.126494640111923,4.0,actuator_motors,none,13482355,8807466,12.3,,0.0,10.003285580878623,20.003082524694626,1.9999666651225454,317.64793,316.2747970000001
c28db741-d51b-43da-8a6b-7570c6a51c1d,ok,17564416,v1.12-1.13,0.0,0.0,0.0,True,,,,8.0,actuator_outputs,bus,3394704,2401287,3.2,,0.0,10.011072776420926,20.01166475601735,2.0116970936815544,87.94598,0.0
f1b02843-6f35-4cab-9c5a-210c613542a6,ok,17761535,v1.14-1.15,0.0,0.0,0.0,True,0.0,0.0,0.4312262952327724,4.0,actuator_motors,none,3584465,2851889,16.9,,0.0,10.012666266444237,20.012183680518532,1.9998772099931434,82.065019,77.38991999999999
b335bd7a-1ac0-4a91-9abb-e5e6f1c1c313,ok,17694720,v1.14-1.15,0.0,0.0,0.0,True,0.0,0.0,0.4161872997879979,4.0,actuator_motors,none,2406553,1770447,1.5,,0.0,10.015285696814871,20.013910351540915,1.9998981590322094,65.489806,65.04032099999998
6f8fdafa-ba10-4b63-8243-6f4506d1f3a3,ok,17760511,v1.14-1.15,0.0397489539748954,0.0,0.0,True,0.0012801204819277,0.0450109999999881,0.2225851297378539,4.0,actuator_motors,none,28689383,16870157,20.9,,0.0,10.00413020473574,197.20633747223596,2.000041916844879,238.102738,232.39991700000004
64878a06-6bb0-4fff-a87b-5e9fdf2566f8,ok,17761280,v1.14-1.15,0.0066225165562913,0.2052980132450331,0.0,True,0.0002547677973504,0.0037570000000002,0.219337636232376,4.0,actuator_motors,none,41335933,16522036,20.6,,0.06085751959191017,9.411764946592454,187.84136063219435,1.8709675246618358,77.797605,73.420002
5bfeb52f-9778-409e-b55b-d83f1490e3e1,ok,17695744,v1.14-1.15,0.0,0.0,0.0,True,,,,4.0,actuator_motors,none,3823827,2547939,1.8,,0.024176336918744153,9.76359061918944,19.526730104070907,1.9469623354573458,75.942978,0.0
b60f1ba8-2742-4273-bb91-1f0268272940,ok,17826559,v1.16+,0.0,0.0266666666666666,0.0,True,0.0022259321090706,0.2996649999999974,0.15998957157135,4.0,actuator_motors,none,7666904,5121564,3.0,,0.0,10.005555770783282,20.005410904627094,2.0000110300335825,184.11917,179.7413660000001
1fe64bc0-ed46-4006-be01-2acf736534a6,ok,17630207,v1.12-1.13,0.0,0.0,0.0,True,0.0,0.0,0.3286003284156322,4.0,actuator_motors,none,265689278,121098414,127.3,,0.009286565422494675,9.908399067955783,218.67257839922064,1.9801832762167344,1866.748646,1861.2417510000012
b5dc5c47-c181-4c4c-a297-050397ad0265,ok,17760768,v1.14-1.15,0.0,0.0,0.0,True,,,,,actuator_motors,none,10853300,6876476,4.1,,0.0,10.00380468230432,20.003502580569524,2.0000501670041886,271.672794,269.661477
e517fea8-69f7-4485-bc0d-5198116e1482,ok,17891583,v1.16+,0.0,0.0,0.0,True,0.0,0.0,0.184852285683155,4.0,actuator_motors,none,3639235,3099427,2.9,,0.0,10.013256216129326,20.01312294783715,2.000039651792828,74.594993,70.21049800000002
56eabc5c-02c3-411f-8a13-fdccc75482bb,ok,17629696,v1.12-1.13,0.0,0.0,0.0,True,0.0,0.0,0.0,6.0,actuator_outputs,bus,31523872,9621434,42.9,,0.6756536746214861,3.1598751043950966,110.99176002259833,0.768458324623318,103.592283,103.38031500000002
66253ab1-813d-4a4a-adbb-90937129c57c,ok,17826240,v1.16+,0.0,0.0,0.0750407830342577,True,0.0012968212799324,0.104272999999992,0.1738622196018695,4.0,actuator_motors,none,22008370,9512124,66.2,,0.0,10.008094618881373,194.0631203726228,2.000041689393575,122.06032,116.05339599999998
fa2614cc-0f19-4d42-a0d1-80e01c3236ee,ok,18286080,v1.16+,0.0,0.0,0.0,True,,,,4.0,actuator_outputs,bus,55658957,4830506,68.7,,0.015037068689338651,9.878736613516853,196.8788561998745,1.986420556960215,77.540957,0.0
6734e216-e754-4955-8524-9ac7b32c4091,ok,17826047,v1.16+,0.0,0.0,0.0,True,0.0,0.0,0.3822895091027021,4.0,actuator_motors,none,2775671,1994446,4.9,,0.0,10.012810387051644,19.9986860198367,2.0001303052633714,77.80195,68.392761
ce369aa2-cb8a-4f80-9ad6-8db227757e4b,ok,17760256,v1.14-1.15,0.0,0.0,0.0,True,0.0,0.0,0.2599836900830269,4.0,actuator_motors,none,2691902,1989234,4.6,,0.0,10.013845830412262,20.01448825750855,1.999884984392453,67.87587,66.46211100000001
4e8fe161-831e-43f8-80c8-f854b32c6948,ok,17761535,v1.14-1.15,0.0,0.0372960372960372,0.0,True,0.0,0.0,0.1693493749946355,4.0,actuator_motors,none,83325142,36544539,64.1,,0.13961363972513938,8.581443340270981,171.5661180657378,1.7212119125803742,247.783526,244.27991200000005
b47b78dc-e4f1-4c78-9992-5810d1d823d9,ok,17761280,v1.14-1.15,0.0,0.0,0.0,True,0.0034324942791762,0.1012509999999977,0.4777338445186614,4.0,actuator_motors,none,4168375,3040445,3.9,,0.022561493270698677,9.805126394951024,19.589955878006755,1.9484522021478954,97.289784,89.39999899999998
9cf94338-34cc-4672-9ddc-bbc92ba98330,ok,16777471,v1.12-1.13,0.0,0.0,0.0,True,0.0,0.0,0.2057837963104246,4.0,actuator_motors,none,7763180,4918471,4.3,,0.0015897140908187923,9.989976706441908,19.974461731668036,1.994910088689835,197.087244,193.66844700000001
cff243bd-7306-4f9c-b32c-9d5bd83d5ba4,ok,17629951,v1.12-1.13,0.0,0.0,0.0,True,0.0,0.0,0.4786999999999993,6.0,actuator_outputs,per_channel,4431856,2748433,2.4,,0.0,10.009615074125911,20.008968126957853,1.9999371773288561,105.716972,100.00246400000005
5bc82cd0-857c-4266-98c6-7704e4341dbe,ok,17826240,v1.16+,0.0,0.0,0.0,True,0.0,0.0,0.174675589799881,4.0,actuator_motors,none,5735347,3633975,8.2,,0.40876946553431737,5.926670584315208,11.84554061954481,2.0083696848246286,203.689759,120.17725199999998
a248716d-0e0d-4d1c-9e2c-cdd452acc654,ok,17761535,v1.14-1.15,0.0,0.0,0.0,True,0.0,0.0,0.4176205277442932,4.0,actuator_motors,none,6035547,4260328,9.8,,0.0,10.006947215837872,20.006542388405105,1.9999829445898891,144.309024,139.41843799999992
8a99337b-359a-4589-8465-4432506bed16,ok,17694975,v1.14-1.15,0.7229813664596273,0.0,0.0,True,0.0,0.0,0.2674322068691253,4.0,actuator_motors,none,19914472,11905584,11.0,,0.0,10.002342701936406,20.0022850953516,1.999966190460578,405.670978,398.46485300000046
9f9356cf-cce6-4713-9bbb-865696f90bba,ok,17891520,v1.16+,0.0,0.0,0.0,True,0.0,0.0,0.2399999797344207,4.0,actuator_motors,none,75104256,30528476,46.5,,0.0,10.007902936223445,204.8020669448786,2.0000446334071156,127.240014,92.67482600000001
ece29e15-f81e-4fba-aa0f-61d005910dae,ok,17695743,v1.14-1.15,0.0,0.0,0.0,True,0.0175353141743789,0.3014610000000002,0.4257447838783263,4.0,actuator_motors,none,8343318,5217703,4.6,,0.0,10.004611840212284,20.00494274504414,1.9999730122973471,209.580749,205.2779320000001
957672da-466e-4797-a874-a6357f3bb76b,ok,17629951,v1.12-1.13,0.0,0.0,0.0,True,0.0,0.0,0.626,6.0,actuator_outputs,per_channel,8806838,5694857,4.9,,0.0,10.004919006374424,20.004643327301608,2.0000752634956975,211.269798,206.13769700000006
ed19c6ec-f560-4437-b09f-8c06b58c4a40,ok,17826047,v1.16+,0.0146443514644351,0.0,0.0151133501259445,True,0.0249247958745165,2.4008650000000102,0.503946987662031,4.0,actuator_motors,none,10337813,6885800,8.4,,0.0,10.004022087854716,20.003844001235738,1.9999791478967321,237.414695,232.68404299999995
61a06849-a179-48cc-b3a1-1db760181278,ok,17826047,v1.16+,0.0,0.0,0.0,True,0.0,0.0,0.0901493668556213,4.0,actuator_motors,none,31364825,12873147,10.0,,0.0006747653784198197,9.999790123840288,200.99497234088025,1.9945759740746105,183.798847,178.5155029999999
6b90b948-e2c2-466f-9c50-8a4bdc8345c6,ok,17761535,v1.14-1.15,0.0,0.0,0.1713810316139767,True,0.0,0.0,0.1249600172042846,4.0,actuator_motors,none,5009124,3151779,2.4,,0.0,10.00807985647079,20.007673109368053,1.9999805022821326,119.842283,115.69207699999997
f8a66bad-b130-42a2-8c8a-ee147ebf75e8,ok,17630207,v1.12-1.13,0.0,0.0,0.0630797773654916,True,0.0,0.0,0.5209999999999998,6.0,actuator_outputs,per_channel,9885933,6070314,5.8,,0.0,10.004479107060323,20.004309871639013,2.001291873557017,215.386261,48.896058000000004
eb7aa7cd-1d09-49ab-a452-479bad4d93b6,ok,17956928,v1.16+,0.0,0.0440097799511002,0.0,True,0.0066292707802141,0.5,0.0607993006706237,4.0,actuator_motors,none,47217673,23485784,13.4,,0.0,124.99502091216888,249.99004202266437,100.0049790878311,200.58,196.07199999999997
544ee2aa-66e9-468c-a7ea-1dcdacb52e08,ok,17826240,v1.16+,0.0,0.0,0.0,True,0.0,0.0,0.1830107025802134,4.0,actuator_motors,none,11815118,6952167,4.0,,0.0,10.008984988832283,252.04977181854898,1.9999344901841158,104.822715,100.07560799999997
e390a2bf-f902-4ca8-af16-97b51506bcfb,ok,17694975,v1.14-1.15,0.0,0.0,0.0,True,0.0,0.0,0.2407710775732994,4.0,actuator_motors,none,11426310,7293810,6.9,,0.0,10.008497039686564,158.69919128719243,1.9999331082281127,108.699708,101.67826100000003
a8fdd8ab-2914-4b98-b3b8-0b1f708582fa,ok,17761023,v1.14-1.15,0.0,0.0,0.0,True,0.0,0.0,0.6722773646593094,4.0,actuator_motors,none,2944789,1905418,1.6,,0.0,10.011563988595139,20.011523695115322,2.0000504983848377,86.998458,77.88432000000002
cb751684-d863-4941-8bc7-324fd3985b12,ok,17826047,v1.16+,0.0,0.5924686192468619,0.0,True,0.0,0.0,0.1036303102970123,4.0,actuator_motors,none,28792494,17462131,10.0,,0.0,10.001663504632152,20.001497083768413,2.000000003330558,600.60962,280.89008599999994
090cf749-4710-453b-a5d7-4e63aa98af12,ok,17761280,v1.14-1.15,0.0,0.058252427184466,0.0,True,0.0,0.0,0.1769109904766082,4.0,actuator_motors,none,27017818,12267878,11.1,,0.06356955048703763,6.987050764395172,141.85089204465308,1.3133092475402128,67.616432,56.57838500000001
4a5f405d-bb59-4153-a535-9f64408cc8d3,ok,17761535,v1.14-1.15,0.0088888888888888,0.0,0.0494505494505494,False,0.0737477856641818,5.470956000000001,0.67606982588768,4.0,actuator_motors,none,64972423,23910661,19.7,,0.05081685239088626,9.466710147683038,188.55909869222725,1.8854647810773628,114.011362,110.63102099999996
98227008-6b17-4e8f-b772-e7969de41e97,ok,17826047,v1.16+,0.0,0.0,0.0,True,0.0,0.0,0.1838063836097717,4.0,actuator_motors,none,17497213,11705167,11.2,,0.010197285819590033,9.902603614870015,19.799809785983722,1.9815553768864835,379.660314,376.1307379999999
76df0304-5eb0-45ea-9e81-c4c2efaf0494,ok,17695487,v1.14-1.15,0.1073170731707317,0.0,0.0,True,0.0015546055188495,0.4024719999999888,0.4804418563842773,4.0,actuator_motors,none,46201079,26501289,28.5,,0.027182093369347002,9.734545993788192,19.46507094008471,1.947507630403776,1061.009396,1029.923945
388ada3b-68f6-49de-8ace-b62daac041a0,ok,17630207,v1.12-1.13,0.0,0.0,0.0,True,0.926027397260274,75.001257,0.925,6.0,actuator_outputs,per_channel,3633267,2682414,2.4,,0.0,10.011206278951382,20.01171215592046,2.0002290201615085,82.838,72.92635
0adc5bba-d29a-446c-95ec-124ced1b59b8,ok,255,,0.0,0.0,0.0,True,0.0,0.0,0.0787487816065549,4.0,actuator_motors,none,2853346,2085547,2.6,not_px4_v0,0.0,10.01323959222452,20.012899161513797,1.9999854795574772,73.537718,68.39819699999998
068761a5-82bf-4e12-96ba-0ff09ecf6ab3,ok,67108992,,0.0013698630136986,0.0,0.0103825136612021,False,0.0134308105563401,1.6392169999999735,0.2202643901109695,4.0,actuator_motors,none,22732800,11460422,12.7,not_px4_v4,0.00014803380783511109,10.00012500156252,20.000289418202563,1.9999856635774595,365.464399,360.7530720000001
481f33eb-bc6a-49f8-8f17-ed7abe472374,ok,17695743,v1.14-1.15,0.0,0.0,0.0,True,0.0,0.0,0.3131986796855927,4.0,actuator_motors,none,26205958,16425156,16.3,,0.0,10.00150011829442,20.00147558717374,2.0000127262442122,655.630648,649.7768730000003
5e3229f8-3083-4c66-81e8-4b84daadb85b,ok,17761023,v1.14-1.15,0.0,0.0,0.0,True,0.0,0.0,0.2172321796417233,4.0,actuator_motors,none,60494947,27457398,18.6,,0.0,10.004897076147898,193.13129715787753,1.9999500326620112,191.209217,183.71234700000008
389226a0-5e71-49f3-a71c-6769d2162a83,ok,17891392,v1.16+,0.1646586345381526,0.0,0.0,True,0.0,0.0,0.0941867783665657,4.0,actuator_motors,none,5055350,3507700,2.9,,0.0,10.006993614328794,20.0065416927401,1.9999334389499543,122.879535,114.37534799999995
3469758d-ea70-48aa-95bb-67ff48013f85,ok,17629184,v1.12-1.13,0.0614754098360655,0.0,0.0,True,0.0,0.0,0.5945999999999995,6.0,actuator_outputs,per_channel,4072252,2670790,3.2,,0.0,10.000191882270817,20.00054532032136,1.9999777780246886,121.569077,115.30552900000002
3a485774-3a19-4be6-9f31-4c0386061711,ok,17825984,v1.16+,0.0,0.0172413793103448,0.0,True,0.0,0.0,0.4243712007999419,4.0,actuator_motors,none,9516641,5779000,6.1,,0.0013180688426313821,9.999464804058714,197.83823060496024,1.9881453204225954,84.542965,81.54497000000005
ef8e32a4-741a-404a-81d7-cff4c92a00c0,ok,17826047,v1.16+,0.0,0.0,0.0,True,0.000912408759124,0.1012479999999982,0.8105881950628625,4.0,actuator_motors,none,31793518,18940464,11.0,,0.0,10.00146222568217,20.001436752420123,2.0014674154873773,693.696983,109.68017400000004
ad0bd8e1-7d46-4950-8715-c4be62eedb96,ok,17695488,v1.14-1.15,0.0,0.0,0.0,True,0.0,0.0,0.287965327501297,4.0,actuator_motors,none,11348461,6584051,10.2,,0.0,10.010647921073643,221.19414645201337,2.000008492343752,97.704667,92.50261600000002
75c10c1e-c5db-4945-a9b8-8ad58acae585,ok,17761535,v1.14-1.15,0.0,0.0,0.0,True,0.0,0.0,0.1921927727758884,4.0,actuator_motors,none,28367603,18062227,10.9,,0.0,10.001507174079137,20.001508522453346,2.000010313778677,663.542729,658.8299479999994
4e1bd0bf-aaee-45bb-90f7-c24dc6089641,ok,17695488,v1.14-1.15,0.0,0.0,0.0,False,0.0,0.0,0.1290504544973373,4.0,actuator_motors,none,4784128,3265576,2.6,,0.0,10.007522161975526,20.00727725012995,2.0000207332826614,125.761507,119.783025
e976f4b5-9cde-43f9-9205-fe6b909b7c83,ok,17630207,v1.12-1.13,0.0,0.0,0.0,True,0.0,0.0,0.3139999999999999,6.0,actuator_outputs,per_channel,94836068,34344619,38.3,,0.01281849394705722,9.886552408130735,170.5187118816807,1.9759793010300157,167.280903,166.99176899999998
0dfd061a-857c-46c9-91d9-de1fe2eed8ef,ok,17891392,v1.16+,0.0,0.7630769230769231,0.0,True,0.0,0.0,0.1545585874468087,4.0,actuator_motors,none,2855019,2328543,5.8,,0.0,10.013701153884348,20.013329031678182,1.999869883465707,64.555985,58.614856999999986
44399f4c-e2d2-43d3-bfa6-4bf0b97bb928,ok,17760384,v1.14-1.15,0.064516129032258,0.0,0.0,True,0.0912981455064194,6.401545000000006,0.9999999403953552,4.0,actuator_motors,none,2906435,2185315,1.8,,0.0,10.014452625649774,20.01391160361121,2.0001336200376723,72.219884,70.05410599999996
ca09c5a1-f715-4744-9777-ba71037a2853,ok,17761024,v1.14-1.15,0.0,0.0,0.0,True,,,,4.0,actuator_motors,none,16606971,8433789,5.5,,0.0,10.002327816716132,20.00232801925566,2.0000137087359393,405.478876,0.0
79c5efb8-00cc-41d9-bd2f-d742a156cc6b,ok,17760768,v1.14-1.15,0.0134003350083752,0.0,0.0,True,0.0,0.0,0.2556522965431213,4.0,actuator_motors,none,60851006,33608170,18.2,,0.007577950303420155,9.925048946251458,19.848773242039396,1.9847298337144044,1507.690475,1502.8858420000013
f6afd760-6b89-4ba1-ac85-fcece142d9b4,ok,17695488,v1.14-1.15,0.0,0.0,0.0,True,0.0,0.0,0.1166894294321537,4.0,actuator_motors,none,2507409,1924046,4.0,,0.0,10.013541885941976,20.015015070896084,1.9999626081064974,68.000823,67.0555
bcc87b4d-b49d-451b-a927-6963d9bd2128,ok,17630207,v1.12-1.13,0.0,0.0,0.0,True,0.0,0.0,0.5900000000000001,6.0,actuator_outputs,per_channel,12217508,8002882,5.8,,0.00715973889914601,9.929031392173458,19.858434150334844,1.9850988850703304,268.501549,261.29191399999996
e20e0e7b-f10c-4d9c-8004-cecb772951f9,ok,17760768,v1.14-1.15,0.0,0.0,0.0,True,0.0,0.0,0.0989993959665298,4.0,actuator_motors,none,5070186,3461763,4.1,,0.0,10.007518013397913,20.00729805381313,2.000007891923033,129.984767,124.69658299999996
6ef94cda-5041-44b0-8443-a7f12e8551a2,ok,17761280,v1.14-1.15,0.0,0.0,0.0,True,0.0,0.0,0.2326742887496947,4.0,actuator_motors,none,5384568,3646710,2.8,,0.0,10.00700432791435,20.00669904512116,2.0002020709557895,138.930529,136.45149099999998
6ff1dc61-d09e-4479-8594-880bb877e14b,ok,17629184,v1.12-1.13,0.0,0.0,0.6789869952087612,True,0.0307619498343587,0.5991490000000006,0.3950021445751189,4.0,actuator_motors,none,9515647,6087818,4.6,,0.0,9.999804452831473,19.999655721190013,1.9999673555928719,291.63304,211.277842
339af69d-250c-48f9-b25a-478464269cef,ok,17826047,v1.16+,0.0,0.6384615384615384,0.0,True,0.0,0.0,0.2399999928019856,4.0,actuator_motors,none,2896683,2322350,5.0,,0.0,10.015700007209714,20.01422693849185,2.0000895080056624,62.553777,60.7170190000001
4b221369-0fe7-40b8-a746-97b84bbbd745,ok,33554752,,0.0,0.0,0.0,False,0.0063493816254416,0.140954999999991,0.4657399252057075,4.0,actuator_motors,none,47305890,24422042,12.7,not_px4_v2,0.00021182366557462247,9.99605056781361,202.1194420961767,9.999802571991244,256.84049,253.17341099999987
1d9e74bf-67a1-4ea1-9310-1ed1a9667141,ok,17761535,v1.14-1.15,0.0,0.0,0.0,True,0.0,0.0,0.1401599645614623,4.0,actuator_motors,none,2906411,2304801,19.0,,0.0,10.014337364052803,20.013917144668653,1.9999341058747933,67.930525,59.16700899999999
04098504-641b-4f25-8574-025b5a3dd2ff,ok,17630207,v1.12-1.13,0.0,0.0,0.0,True,,,,,actuator_outputs,none,17171787,2743672,24.3,,0.0,10.012754115087702,20.01265257221518,2.0000157144091846,77.679083,0.0
f930847c-5619-4316-88a6-afa37affc72b,ok,17695488,v1.14-1.15,0.0,0.0,0.0,True,0.0,0.0,0.2618990764021873,4.0,actuator_motors,none,2824208,2000989,21.6,,0.0,9.999867688409166,19.9995540722519,1.999996518524579,81.3518,75.34801599999999
5a8d06ce-37fb-4518-83fc-3c9853a9009e,ok,17761535,v1.14-1.15,0.0,0.0,0.0,True,0.0,0.0,0.1866621911525726,4.0,actuator_motors,none,5917327,4151661,24.4,,0.022613914702660682,9.794364075578486,19.575280025440797,1.9645388816960996,141.273754,136.85004299999997
0ad3ae9b-03be-4d7a-bb95-3d09665f9c65,ok,17760768,v1.14-1.15,0.0,0.0,0.1661129568106312,True,0.0,0.0,0.4734550654888153,4.0,actuator_motors,none,2570090,1965436,2.6,,0.0,10.015389146192582,20.01567828079735,1.9999928403617646,59.680577,54.382216000000014
f12937a5-50d3-4fdc-9415-14811da4fb4a,ok,17760511,v1.14-1.15,0.0,0.0,0.0,False,0.0,0.0,0.1726353347301483,4.0,actuator_motors,none,60718347,25820628,46.7,,0.012189532009772045,9.866042650520596,197.3745924234759,1.9999999191919222,149.095682,145.590043
4a2fb0f0-1f3b-4af2-badf-0efe1d295b94,ok,17629696,v1.12-1.13,0.0,0.0,0.0,True,0.0,0.0,0.804,6.0,actuator_outputs,per_channel,9002926,4947947,3.7,,0.0,10.004104052500049,20.00439453424418,1.999932325007652,236.012501,232.36139600000004
bac02893-057a-4068-9304-bc4c6c6d95b0,ok,17826047,v1.16+,0.0041493775933609,0.0,0.0,True,0.0,0.0,0.181281143426895,4.0,actuator_motors,none,67417896,40172207,49.4,,0.0,10.00119954038871,131.0011908108099,1.9999956678199535,728.910271,722.2004050000002
272491f2-5c67-449e-968d-45b97bbed185,ok,17761280,v1.14-1.15,0.0,0.0,0.0,True,0.0489642184557438,5.100889000000009,0.6160000557382008,4.0,actuator_motors,none,4156071,2973977,2.8,,0.0,10.008660570274179,20.008871181655735,2.0001358981224113,108.530136,106.20005399999997
7fa8be2d-01a5-470e-a27b-406cddea9382,ok,17761535,v1.14-1.15,0.0,0.0,0.0,True,0.0,0.0,0.2411999851465225,4.0,actuator_motors,none,5146936,3710609,8.4,,0.00567934671597948,9.959402245930434,19.90265064280166,1.99183437701237,122.995815,118.22984599999995
486df66e-487d-4a1d-94fc-a74c20a0c971,ok,17760256,v1.14-1.15,0.0,0.0,0.0,True,0.0,0.0,0.1480379194021225,4.0,actuator_motors,none,11394249,7373057,9.2,,0.0,10.003900803158112,20.003515621460476,2.0000349934180144,278.197782,273.4180279999999
5a8d9730-dfb3-4214-bb96-f444f17eba65,ok,17630207,v1.12-1.13,0.0017064846416382,0.0238907849829351,0.0353260869565217,False,0.0,0.0,0.488399999999995,6.0,actuator_outputs,per_channel,11743935,7338861,9.6,,0.0,10.00333530648159,20.003218260808765,1.9999764227651693,293.96955,289.9576770000001
14f39cd2-9ac0-4ada-aa85-ef81dab9eff1,ok,17499135,v1.12-1.13,0.004442925495557,0.1548188653451811,0.0,True,0.0010160536476325,0.7969060000000354,0.2468444444444434,6.0,actuator_outputs,global,43440797,25822581,13.8,,0.00021180627145495447,9.999193609062132,19.997039762881602,5.0006783562661665,1480.567938,1476.284446000004
ecdcc3e3-9aee-4c18-93f5-6a1504f8eedb,ok,17761535,v1.14-1.15,0.0,0.0,0.0,True,0.0,0.0,0.3190262436866755,4.0,actuator_motors,none,4523371,3314167,2.2,,0.0,10.00956701350841,20.00954332317209,2.0000903035940936,103.911663,91.91189199999995
7ab14d54-770f-4bb1-8b86-7d9e3440dace,ok,255,,0.0,0.1,0.0,True,0.0,0.0,0.176714788377285,4.0,actuator_motors,none,3096597,2694573,3.4,not_px4_v0,0.0,10.013985837393987,20.01387099662126,1.9999949375128143,63.89453,47.21983600000001
260a6804-5957-40f7-a2b4-eabdfad0cc2b,ok,17826047,v1.16+,0.0,0.0,0.0,True,0.0,0.0,0.1741923153400421,4.0,actuator_motors,none,6942720,4646781,2.8,,0.0,10.00580205765241,20.005931543886504,2.0000870912922815,160.260373,156.57832699999994
27a1fe67-a329-429e-8430-293be834eb0f,ok,17694720,v1.14-1.15,0.0,0.0,0.0,True,0.0,0.0,0.3093602322041986,4.0,actuator_motors,none,5844836,3737280,2.2,,0.0,10.005116788241795,20.005585559488207,2.000017008740636,174.651797,167.45134299999995
3125e1b7-8080-40e3-8618-5085c2e05684,ok,17629696,v1.12-1.13,0.0,0.0,0.0,True,0.0,0.0,0.116,6.0,actuator_outputs,per_channel,9274980,5363745,4.3,,0.0,10.012732706519772,197.80644169393972,2.0000467723356303,76.84895,71.98959600000002
9fac269a-93f6-4abc-90ba-03b5dd2a6078,ok,17760511,v1.14-1.15,0.072072072072072,0.027027027027027,0.1037037037037037,True,0.1054613935969868,2.3998070000000027,0.9999999390763804,4.0,actuator_motors,none,1917091,1495283,1.5,,0.05099307629991101,9.5247100387725,18.98069478682345,1.9998179411025319,55.688885,56.634730999999974
a56a4a81-0b13-4a6e-b8db-cacc5680cb59,ok,17695743,v1.14-1.15,0.697986577181208,0.0,0.0,True,0.0,0.0,0.1494737267494201,4.0,actuator_motors,none,39456421,14074209,11.6,,0.02745378603284168,9.663108636000283,214.66248821676274,1.8954982283104869,77.167486,72.323596
ef47c91e-f0d1-4442-87de-e8662e65afed,ok,17695743,v1.14-1.15,0.0,0.0,0.0,True,0.0029239766081871,0.3011340000000011,0.5937487557530403,4.0,actuator_motors,none,4397243,3170020,3.3,,0.0,10.009552150000703,20.0095473034672,2.0000116154520744,104.576323,102.55367299999999
64a99db2-8a69-418c-8081-af0cb382c297,ok,17891583,v1.16+,0.0,0.0,0.0527472527472527,True,0.0610144358672423,2.568674000000001,0.407284343242642,4.0,actuator_motors,none,10210090,6337413,9.2,,0.0,10.011571699090434,198.11273780149952,1.999904715650881,90.187724,80.25273299999996
5ac180cc-d047-4af5-91f6-7430231cfaea,ok,17694720,v1.14-1.15,0.0,0.0472440944881889,0.0,True,0.0049679581398083,0.2522610000000043,0.4317956149578094,4.0,actuator_motors,none,27925726,9778826,8.8,,0.0011375597891723514,10.004683282294852,167.91987843690012,91.40155741822338,126.397626,119.063367
b08c753a-2ca9-480c-83bf-686c34478c2e,ok,17694975,v1.14-1.15,0.0,0.0,0.0,True,0.0,0.0,0.3524883419275283,4.0,actuator_motors,none,2925778,2131177,2.5,,0.0,10.013418896385547,20.01376282807358,2.0000292372695077,76.465648,65.55241
9248301f-9ad7-46db-9468-a9c905a40604,ok,17761535,v1.14-1.15,0.0,0.0,0.0,True,0.0,0.0,0.160000205039978,4.0,actuator_motors,none,22379331,12438490,6.1,,0.0,10.01433654712352,199.94277203729027,2.000000144927547,69.826674,66.719967
c4e03b6d-bc0f-475d-81c0-e40306fb844c,ok,17760320,v1.14-1.15,0.0164609053497942,0.0,0.0,True,0.0,0.0,0.390468955039978,4.0,actuator_motors,none,15873424,7898790,7.8,,0.0,10.00858634012648,199.54011524458687,1.9999317141959618,118.835956,54.25241999999999
9dc1f7c2-ab04-4fa6-a6b3-1adde9e84f23,ok,17564671,v1.12-1.13,0.0,0.0311653116531165,0.0,True,0.1639977912755383,9.313788999999986,0.9851428571428572,6.0,actuator_outputs,bus,14656861,9239560,9.8,,0.0,10.002812401530981,20.002617488489943,2.0026853391081465,366.535318,362.20258499999983
548c7339-4c59-4b1d-a753-70dfaad4e344,ok,17825984,v1.16+,0.0,0.0247116968698517,0.0,False,0.0,0.0,0.1914291977882385,4.0,actuator_motors,none,14592235,9979396,9.4,,0.0,10.003255078082617,20.003255785371355,2.0,307.029375,306.0599159999999
b5d4e9ab-2a36-4cfe-8597-4dcedff3cc25,ok,17629951,v1.12-1.13,0.0,0.0,0.0,True,0.0,0.0,0.64655,6.0,actuator_outputs,per_channel,30785649,11247861,7.7,,0.029641305407035693,9.660502991586831,193.49325962775137,1.9347612174610151,61.793497,57.307535
c16cd926-4398-4a0f-914a-229ecc5f8c82,ok,17760768,v1.14-1.15,0.0,0.0285035629453681,0.0,True,0.0,0.0,0.3782452940940855,4.0,actuator_motors,none,7956397,5201743,4.2,,0.0,10.004717768476493,20.00463244905413,1.9999325723216317,207.783111,200.76962400000005
f73ba175-8305-4dbb-b3bb-5b3ccafdb053,ok,17760511,v1.14-1.15,0.0,0.0,0.0,True,0.0008481764206955,0.1017879999999991,0.3702752023935318,4.0,actuator_motors,none,5394394,3729328,2.9,,0.0,10.00829864668071,20.00734711606685,1.9999071278187974,125.964064,117.91164699999996
dc8a124c-27f3-4931-bba8-31f36aec32b2,ok,17761535,v1.14-1.15,0.0,1.0,0.0,True,0.0,0.0,0.1475147649645805,4.0,actuator_motors,none,3746397,2513994,2.1,,0.0,10.01035239101812,20.010843512664064,2.0000763985226513,91.388577,88.99141599999997
65591613-4346-4fa4-bda5-e357e2e767c6,ok,17694720,v1.14-1.15,0.0,0.0,0.0,True,0.0,0.0,0.1127360641956329,4.0,actuator_motors,none,2554044,1994648,2.5,,0.0,10.014780324195486,20.01402350385479,2.0000428624570366,65.460756,60.73025499999999
7ccde9df-0c64-40a3-bbca-36a434352201,ok,17956992,v1.16+,0.0,0.0,0.0,True,0.0,0.0,0.1118734776973724,4.0,actuator_motors,none,5359605,4135010,3.5,,0.0,10.009045620249173,20.00940371950657,1.9999993684212523,113.88059,111.53882999999999
1acfea7d-688b-4c3b-b4d6-a135f0279897,ok,17695488,v1.14-1.15,0.1438356164383561,0.0684931506849315,0.0,True,0.9355322338830584,62.402472,1.0,4.0,actuator_motors,none,2961379,2310171,2.2,,0.0,10.01399718711721,20.01400000293912,2.0000060845255527,71.046014,66.70002900000001
8c2d5736-31c5-48ab-962c-afab793d5341,ok,17629951,v1.12-1.13,0.0158013544018058,0.0,0.0,True,0.0,0.0,0.0,6.0,actuator_outputs,bus,7980397,5261145,4.3,,0.0,10.004289149236216,20.004548068493975,1.9999753090605854,217.569094,212.4050960000001
d7367fd7-a711-48a2-9c9b-9b834d82dbfd,ok,17826240,v1.16+,0.0,0.0,0.0,True,0.1641708604394255,1.5819560000000017,0.87375917006284,4.0,actuator_motors,none,11689481,6690778,3.0,,0.0,10.009362004546556,199.4676546213569,2.0000951134339586,101.410824,57.04094399999999
db4dd654-fa2c-4fae-986c-107f46c8a6ec,ok,17956928,v1.16+,0.0,0.0,0.0,True,0.0,0.0,0.1507001027464866,4.0,actuator_motors,none,6820200,4178560,3.4,,0.0,10.006479406650293,20.006328660588604,2.0000643050978093,165.400122,160.29205400000006
c8f8868b-94cd-403a-be99-dea1a0a58791,ok,17891583,v1.16+,0.0,0.0,0.0,True,0.010590015128593,0.698882999999995,0.4062044620513916,4.0,actuator_motors,none,3103980,2435414,3.0,,0.0,10.014120052949265,20.01405204684385,1.9998336949892488,69.254553,66.07353199999999
c874e578-65c4-4302-a318-275a53a1251a,ok,17761280,v1.14-1.15,0.0,0.0,0.0,True,0.0051948051948051,0.1994359999999986,0.1885304495692253,4.0,actuator_motors,none,3256414,2400278,1.8,,0.0,10.012246284254271,20.011801506278275,1.9998687009279814,78.732763,77.02234599999998
565a4e75-479d-4fbd-95ae-85b5f8c8ee62,ok,17761023,v1.14-1.15,0.0,0.0,0.0371720116618075,True,0.0071241094863142,1.1014199999999903,0.4424242220818994,4.0,actuator_motors,none,11183968,7269924,8.2,,0.003271294198466019,9.974630970302272,19.941593425985136,1.9963457255789943,274.659738,267.47936300000015
a43c27c6-db41-4531-9b52-45615ba378d7,ok,17761280,v1.14-1.15,0.0,0.0,0.0613810741687979,True,0.0,0.0,0.2715771481394767,4.0,actuator_motors,none,45498065,19962172,15.5,,0.31582963211814086,6.022660928373412,124.25704022532801,1.195330149796743,129.892243,126.02866600000003
e87c027b-1322-4403-89b8-44fca49a16d1,ok,17694975,v1.14-1.15,0.0,0.2254545454545454,0.0,True,0.0,0.0,0.1656788766384124,4.0,actuator_motors,none,5358312,3688989,2.1,,0.0,10.007036581273239,20.007345490612717,2.00004560698793,134.929053,130.71423199999995
cd1dbb4d-800e-4cf4-b9aa-a3cee811bd27,ok,17760511,v1.14-1.15,0.0,0.0,0.0,True,9.751816275781364e-05,0.0066640000000006,0.2276995837688445,4.0,actuator_motors,none,8461876,5450332,4.0,,0.0,10.012802118784686,187.55465272578525,1.9998644423095857,78.858758,72.16129799999999
c2149e89-4a0e-4c36-81a7-278701041a1c,ok,17826047,v1.16+,0.0,0.0,0.0,True,0.0,0.0,0.2298192661255598,4.0,actuator_motors,none,2217670,1606242,1.3,,0.0,10.015747242854548,20.01414962616023,1.9998358230019593,63.15574,61.775010000000016
d1678dce-b4ac-495e-850d-21fe81c77d1f,ok,17564671,v1.12-1.13,0.0706521739130434,0.0,0.0,True,,,,6.0,actuator_outputs,none,4054725,2619092,3.3,,0.0,10.011140907418309,20.011400619051262,2.01095834591594,91.596667,87.21133499999996
6a04be56-aa92-4f81-9f8b-c86c68d28da7,ok,17695743,v1.14-1.15,0.894580549368968,0.0,0.0,True,0.0002453265296109,0.1996589999998832,0.2629305720329284,4.0,actuator_motors,none,82899051,47078259,36.7,,0.0,10.000475798153506,20.00046449850665,1.999997588842848,2043.457469,2038.0673099999967
c731ed1a-ad6f-4d37-b8bf-164c48bed346,ok,17695488,v1.14-1.15,0.0,0.0,0.0,True,0.0,0.0,0.2681306764483451,4.0,actuator_motors,none,26490544,6723137,15.2,,0.809884146683751,2.2136320724819805,38.17105599838502,0.4981359159236982,141.931682,132.449411
1058da89-b575-403a-bb85-6cd0e9648ffc,ok,17761535,v1.14-1.15,0.0,0.0,0.0,True,0.0001341981659583,0.0113100000000088,0.2770039290189741,4.0,actuator_motors,none,9346038,6140938,5.1,,0.0006471946864734277,10.01206781669457,197.48228838395016,1.9999342609844097,85.471799,80.47542200000001
681d59ec-d3ff-4990-a7fa-3f106edb9ecf,ok,17826303,v1.16+,0.0,0.0477453580901856,0.0,False,0.941747572815534,27.2,1.0,4.0,actuator_motors,none,48420165,17854599,14.0,,0.0007247562714796718,124.90940546606504,249.82460243217963,99.94038295186215,171.156,30.272
d89f8bb2-2938-4e44-950d-c191a7cf360e,ok,17825984,v1.16+,0.0,0.0,0.0,True,0.0,0.0,0.2410713553428649,4.0,actuator_motors,none,10751337,6703602,4.5,,0.0,10.00355097843626,20.003739473027398,2.000010847516461,265.490976,262.944903
7ccc9ca9-99a5-4855-b3e9-dd7be7906fd8,ok,67441920,,0.0,0.0,0.0,True,0.0,0.0,0.656,6.0,actuator_outputs,bus,134179307,67809154,54.5,not_px4_v4,0.0,10.000806723551698,199.96698876259845,2.00080061848303,1220.62807,1215.3807489999997
7ab96f11-63ac-4ea2-ac79-a412e07ef652,ok,17826047,v1.16+,0.0,0.0,0.042042042042042,True,0.71875,20.199159,1.0,4.0,actuator_motors,none,2554633,1996483,2.9,,0.0,10.014959846270367,20.014581535144348,2.0002490997237623,66.046183,64.06366
d788e50c-bd47-45a1-83c0-53806e41ac34,ok,17630207,v1.12-1.13,0.0,0.0,0.0,True,0.0,0.0,0.2059999999999999,6.0,actuator_outputs,per_channel,16132955,9201853,8.9,,0.043291738085654605,9.57207279886234,178.37323005408322,1.9127699240188147,137.880223,132.049104
a66bafa1-b721-48b0-9d0e-07dd90f23ea9,ok,17630207,v1.12-1.13,0.0,0.0,0.0,True,0.0,0.0,0.1793610274791717,4.0,actuator_motors,none,4461649,3399141,9.1,,0.0,10.011267616230043,20.010608598554942,1.9999798085870821,83.712173,82.75583900000002
0f070ac7-ee79-4fab-9e77-70ccc435d1e7,ok,17891392,v1.16+,0.0,0.0,0.0,True,,,,4.0,actuator_motors,none,25279294,13208278,12.6,,0.00099006725947911,9.999893783511626,185.93645043002059,1.9999812377009636,251.023541,0.0
d19d7448-fbc7-4610-95c5-b541e1038d7d,ok,17761023,v1.14-1.15,0.0,0.0,0.0,True,0.0001646632636258,0.102090999999973,0.2940862119197844,4.0,actuator_motors,none,22185342,13152161,8.8,,0.0,10.001574303793817,20.001440110198818,2.00000002607987,614.341829,607.3379259999998
4fa41675-8415-4bdf-9a90-728df3213b2c,ok,17891583,v1.16+,0.0,0.0,0.0,True,0.0,0.0,0.2358406484127044,4.0,actuator_motors,none,6593930,4734917,5.8,,0.0006581896752283148,9.99956057486585,19.99947477949954,1.999970587845131,144.560712,138.87551499999998
ddd8367d-554a-4838-bef6-4c89c22f6472,ok,17826047,v1.16+,0.0,0.0,0.0,True,,,,4.0,actuator_motors,none,4061215,2507310,14.2,,0.0,10.009329965368092,20.010258206562465,2.000168540023269,107.398378,0.0
01056800-f8c4-4081-ab95-400c93a4469b,ok,17695999,v1.14-1.15,0.6049382716049383,0.0679012345679012,0.0,True,0.0,0.0,0.1339511811733245,4.0,actuator_motors,none,8768289,5490457,15.2,,0.013237044714461523,9.874890012326508,197.34814922566196,1.9998970367475295,79.80052,72.46979300000001
9a0a0e43-327c-49d6-bab1-8bab1241acdc,ok,17694720,v1.14-1.15,0.0,0.2034313725490196,0.0,True,0.0154926125621455,0.2549829999999993,0.4720544263720512,4.0,actuator_motors,none,22702603,14059023,21.3,,0.0,10.004517379271366,189.43869897322077,2.0000286474691564,204.284609,199.9328199999998
dff18ec9-101a-4a2f-83c9-7660c212c1fa,ok,17694720,v1.14-1.15,0.0,0.0,0.0,True,0.0,0.0,0.1690566226840019,4.0,actuator_motors,none,3423329,2399314,2.8,,0.0,10.011517221341757,20.01042154910141,1.9998892061379798,85.19466,82.78015800000001
d45cf481-e7bf-46e9-aebc-e36dd0d510b0,ok,17564928,v1.12-1.13,0.0,0.0,0.0,True,0.0,0.0,0.1258823529411764,4.0,actuator_outputs,global,247992779,74717928,82.6,,0.012014539125618064,24.70248132606196,24.701619984333913,1.9782182081306177,2894.679696,982.4075830000004
00a80c0c-6b86-481c-b999-abc3a5a455ca,ok,17826240,v1.16+,0.0,0.0,0.0,True,0.0,0.0,0.1463224291801451,4.0,actuator_motors,none,17589561,11123312,9.2,,0.0,10.00604829309637,197.80821380602777,2.0000465688262383,155.6968,148.73226099999997
307191c7-f057-47bf-bc56-7421a3711e63,ok,17760256,v1.14-1.15,0.0,0.0,0.0,True,0.0,0.0,0.1054371416568755,4.0,actuator_motors,none,21719174,13410676,8.4,,0.0,10.005116143207779,222.12771052281894,2.0000545240994634,199.217762,195.00330699999998
edd75c03-b972-45dd-be45-f6abaad6ebe0,ok,17629184,v1.12-1.13,0.0,0.0,0.0,True,0.0,0.0,0.2725187480449675,4.0,actuator_motors,none,4322841,3005260,2.6,,0.0,9.999844090136385,19.999739596504785,1.9999383168630933,127.229696,118.996502
18666fea-82b1-4d21-8b7b-113380e3394a,ok,17630207,v1.12-1.13,0.0,0.0,0.0,True,0.0,0.0,0.173,6.0,actuator_outputs,per_channel,19011863,9920701,7.8,,0.0,10.005690409176037,173.93420731012074,1.9999413606936935,156.244114,148.21513400000012
b57333fd-4340-455f-b507-2bfa6cc28168,ok,17761535,v1.14-1.15,0.0,0.4705882352941176,0.0,True,0.003125,0.1999999999999993,0.261188494414091,4.0,actuator_motors,none,2956742,2480567,2.0,,0.0,10.013390715468073,20.013381607116475,1.9999993984964213,66.857267,63.98004699999998
6fd71253-d9eb-436a-aa04-b4a3fd6525ad,ok,17761535,v1.14-1.15,0.0,0.0,0.0,True,0.0,0.0,0.335587528347969,4.0,actuator_motors,none,3834664,2852039,3.4,,0.0,10.01020842102966,20.010002696531203,2.000057222689803,95.205514,87.81678699999995
c8a07d24-3e7a-4fad-9b59-2e80c78a6132,ok,17694975,v1.14-1.15,0.9190283400809716,0.0,0.0290322580645161,True,0.0,0.0,0.3594219982624054,4.0,actuator_motors,none,4213376,2849753,3.3,,0.0010764021512656154,9.999642777514682,19.982926561677836,1.9999866830155009,123.699666,119.323225
b5fe0e43-d34d-4bf8-89c1-5c2958fe4acc,ok,17891583,v1.16+,0.0,0.0386740331491712,0.0,True,0.0,0.0,0.3743115365505218,4.0,actuator_motors,none,8431646,6047794,6.5,,0.0,10.00555757162431,20.005014293053332,1.999996480453121,179.407974,174.110125
eadcfd64-b15c-4113-ba6b-93322a93eed0,ok,17826240,v1.16+,0.0,0.0,0.0,False,0.0379443610463445,0.0549269999999992,0.8496360149291208,4.0,actuator_motors,none,24481755,12618220,11.2,,0.1069919653489549,6.721394730319379,135.893132666908,1.262228245946977,61.818663,57.440099999999994
01382acf-f93e-4d9b-ad85-5a96663432a5,ok,17630207,v1.12-1.13,0.0,0.0,0.0,True,,,,4.0,actuator_outputs,per_channel,3175164,2159809,6.3,,0.005466920132384053,9.977106244965945,19.895118097107257,2.011527834811207,88.184106,0.0
1fbf2aba-edd4-419b-af47-04ed775e0c10,ok,17760768,v1.14-1.15,0.0,1.0,0.0,True,,,,4.0,actuator_motors,none,5556008,3447280,6.9,,0.0,10.006254797377485,20.007648221766022,1.9999328735401851,151.906805,0.0
080788da-61c0-43e0-aacd-ca60a30170ec,ok,17826240,v1.16+,0.0,0.0,0.0,True,0.0065586419753086,0.8988939999999843,0.3882914915680878,4.0,actuator_motors,none,11418366,7380099,14.0,,0.0,10.003945581778929,20.003771191638865,2.000032061005439,264.820031,259.2060079999999
5554c662-df00-4f49-bd54-8e298173b2f2,ok,17760511,v1.14-1.15,0.0,0.0,0.0,True,0.0,0.0,0.1867682635784149,4.0,actuator_motors,none,3074142,2220377,1.5,,0.0,10.014182604020995,20.0139797003519,2.0002079636511776,69.534786,62.095304000000006
d8f85b86-ea2e-4d08-8502-c732535cfb1d,ok,17695743,v1.14-1.15,0.5857267188859878,0.0,0.0,True,0.0178517916006678,4.935235000000034,0.4158556759357452,4.0,actuator_motors,none,72650912,38610377,21.0,,0.003514975890918781,9.963789853940387,219.71093160374295,1.9948249284414215,581.270736,574.3622159999999
b47a1163-70ad-4270-a943-a3435fd70e0b,ok,17695743,v1.14-1.15,0.0,0.0,0.0,True,0.0,0.0,0.2198308452963828,4.0,actuator_motors,none,8131767,4771942,4.4,,0.0,10.013973291144808,160.43032803510806,1.9999278081614802,72.28764,69.06807500000002
57f40be5-4750-4b17-b9a4-25698cee1486,ok,17826047,v1.16+,0.0,0.0,0.0,True,0.0,0.0,0.2278197467327118,4.0,actuator_motors,none,4720612,2823422,5.5,,0.0,10.00801478897624,20.00889103892906,1.9999761975926977,111.867604,109.70420099999996
f1a9f414-c01f-4159-8093-7362b4e43bd0,ok,17891392,v1.16+,0.0,0.0,0.0,True,0.0049841413683733,0.1203630000000046,0.3422443866729733,4.0,actuator_motors,none,32982230,15211679,24.3,,0.0,10.012569688227202,197.28134260325166,2.0000387490500495,74.023111,69.91107199999999
7e761d88-8ed3-41a8-83bd-ae6a6be70932,ok,17761535,v1.14-1.15,0.0,0.0,0.0,True,0.0,0.0,0.1237938925623893,4.0,actuator_motors,none,35775364,15904766,31.9,,0.13346701453095017,8.69647904682327,173.17355090707312,1.722487988828096,105.002779,103.160076
a6e4f8e7-7663-44a9-83cc-089f2a8a8144,ok,17694720,v1.14-1.15,0.1622950819672131,0.0,0.0830478055147658,True,0.0,0.0,0.325420431792736,4.0,actuator_motors,none,48458152,29541062,28.4,,0.00027798300273532595,9.997554955020309,19.99511062770524,1.999196111003789,1225.585922,1221.1998749999993
f528cb0d-85d7-4406-a2ba-730d99511cbe,ok,17499135,v1.12-1.13,0.0,0.0,0.0,True,0.0,0.0,0.3505,8.0,actuator_outputs,global,3715086,2641094,1.8,,0.0,9.999577290596353,20.000084098951987,4.999788645298176,103.31771,94.10030500000003
58704c63-7289-42aa-8c4d-1110ad620cd7,ok,17564927,v1.12-1.13,0.0,0.1638123603871928,0.0,True,0.0,0.0,0.4576470588235294,4.0,actuator_outputs,global,111384329,39320161,33.5,,0.014806203001495079,24.63315110183039,24.635011131408447,1.9724204804151415,1379.26597,641.7157670000003
47d9c9a9-5943-4c15-a5c5-e9d6774ae088,ok,17694720,v1.14-1.15,0.0,0.0,0.0,True,0.0,0.0,0.404440976679325,4.0,actuator_motors,none,2628900,2101455,2.8,,0.0,10.015227466648676,20.015063108280398,2.000254047769912,64.583891,61.252738999999984
7bf591bf-4fa4-48b7-9306-50f772cc9d05,ok,17499135,v1.12-1.13,0.0,0.0,0.0,True,0.0,0.0,0.381,8.0,actuator_outputs,global,6329951,4450487,4.5,,0.0,9.99378968641243,19.999429925956232,4.999716353563756,177.015977,171.647208
f4ab3348-ab73-459f-9d3a-5616dc9cb015,ok,17694975,v1.14-1.15,0.0,0.0,0.0,True,0.0,0.0,0.1497252225875854,4.0,actuator_motors,none,23300902,8055400,12.0,,0.19944710209311822,7.231875677166003,143.63220168511046,1.377988228478142,105.19987,99.56186699999996
c5d9989e-0ab7-4cd4-96da-ba309b586633,ok,17694720,v1.14-1.15,0.0167597765363128,0.0,0.0,True,0.0,0.0,0.1041921913623807,4.0,actuator_motors,none,9574727,2762485,4.7,,0.0,10.011418273131563,20.01140270996934,97.05638655180852,88.417077,64.78484900000001
b01f7add-8fd9-4dab-99a9-cd8e74fd83cd,ok,17761535,v1.14-1.15,0.0,0.0,0.0,True,0.0163666121112929,0.5377870000000016,0.441847202181816,4.0,actuator_motors,none,8260964,4762301,9.8,,0.0,10.01321121590537,196.68710756167474,2.000081260444353,70.614752,65.205695
7093627c-b859-44a4-bcda-bce341ccc821,ok,17695232,v1.14-1.15,0.1124031007751938,0.1124031007751938,0.0,True,0.0566252798697333,0.102499999999992,0.8699343655258409,4.0,actuator_motors,none,40997740,19342360,11.8,,0.009279058922888175,9.901027238451702,197.82956007086267,1.969288938996352,130.471693,124.59822200000004
92a037d0-71e9-4333-be0f-0fd42013686f,ok,17761280,v1.14-1.15,,,,,0.0034013605442176,0.9994319999999846,0.4624374999999993,4.0,actuator_outputs,per_channel,1173755,757427,1.1,,0.0,0.0,1.0000062457727978,0.0,292.99817,0.0
55924d6e-97d4-4e41-a004-0d1f7efdbcb6,ok,17695488,v1.14-1.15,0.0,0.0,0.0,True,0.0,0.0,0.0846764892339706,4.0,actuator_motors,none,4149011,2854441,2.7,,0.0,10.009706784012009,20.009681059913877,1.9999949215815227,102.314621,96.07579100000002
eb8f6fa1-cd7e-4ad4-a1f6-a51f4564b9e7,ok,17694975,v1.14-1.15,0.0,0.0,0.0,True,0.0007380073800738,0.0976050000000015,0.5373507305979728,4.0,actuator_motors,none,5284828,3563589,2.9,,0.0,10.00740297819136,20.006717139474436,2.000097008395123,135.859611,135.68862299999998
d0158dfa-90ee-4051-bab6-fe74b7448562,ok,17695488,v1.14-1.15,0.0059880239520958,0.0,0.0,True,0.0,0.0,0.1483162245247512,4.0,actuator_motors,none,3075298,2235798,3.2,,0.0,10.012163358753652,20.01084807702416,2.000000246913611,80.869296,76.174643
52e4ea54-53ff-4df5-b430-e3746cada7ac,ok,17499136,v1.12-1.13,0.0,0.0,0.0,True,,,,4.0,actuator_outputs,global,10293475,3445907,4.3,,0.024974815067883654,24.441970759421615,24.414368446015796,1.9620463719433128,133.888546,0.0
1afdff58-54f4-4d27-9650-470ea3a3c380,ok,17695488,v1.14-1.15,0.0,0.0,0.0,True,0.0,0.0,0.3800721406936646,4.0,actuator_motors,none,3173775,2314471,3.4,,0.0,10.012174249056038,20.01178211010233,1.9999862166555005,78.870812,76.401163
8c09e6c0-2539-47d0-b7a4-5c08dba538da,ok,17629439,v1.12-1.13,0.0,0.0,0.0,True,0.0,0.0,0.315,6.0,actuator_outputs,per_channel,3303180,2502268,3.9,,0.0,10.011747198108766,20.011290323604666,1.999967607886596,81.910691,79.30074399999997
2bfedcce-3c29-4ae1-b5be-9f80e60679ba,ok,17760256,v1.14-1.15,0.0,0.0,0.0,True,0.0,0.0,0.1460673213005066,4.0,actuator_motors,none,5442684,3847587,4.7,,0.0,10.00745988083389,20.007618260789926,2.0001267550208603,124.584667,119.15234899999993
77acf737-b0ec-4894-9f1e-32c0989d2d8b,ok,17630207,v1.12-1.13,0.0,0.0,0.0,True,0.0,0.0,0.3346214722841974,4.0,actuator_motors,none,1941931,1518576,1.5,,0.3131285470398871,6.740538298839417,13.760906701889468,1.2394936888009676,72.058608,64.779345
173d8fac-29d0-4597-bf70-9db5a7de0c56,ok,17826240,v1.16+,0.0,0.0,0.0,True,0.0,0.0,0.2080486044287681,4.0,actuator_motors,none,5381205,3651311,3.0,,0.0,10.007755081480363,20.00735465305059,1.999990298554522,134.18763,129.85925400000002
7584ef1e-e1d1-4726-bea6-040f6fd13f4e,ok,17825984,v1.16+,0.0,0.8625954198473282,0.0,True,0.0,0.0,0.0645448490977287,4.0,actuator_motors,none,2846842,2424952,4.0,,0.0,10.015129142863007,20.015493281141197,2.0000974621135414,64.832575,60.57382800000001
b3a2e1af-9927-41b4-8d31-ad03ee913e06,ok,17695743,v1.14-1.15,0.0,0.0,0.0,True,0.0,0.0,0.1620748043060302,4.0,actuator_motors,none,14168457,8618963,7.0,,0.0,10.00791976976674,202.16491597084166,1.9998384657226123,121.709532,116.39533499999996
bc709762-06cb-4d9e-8971-b4def49e96fa,ok,17694720,v1.14-1.15,0.0,0.0,0.0,True,,,,,none,none,20423837,12770411,6.8,,0.0,10.00369608835552,189.67359680758025,2.000011708880809,261.090108,0.0
4ca8b7dd-3f27-4fea-bf3b-858c38da3dec,ok,17694720,v1.14-1.15,0.0,0.0,0.0,True,0.4199192462987887,1.2990689999999998,0.7123057752847671,4.0,actuator_motors,none,3501168,2689937,3.6,,0.0,10.011765678703158,20.01230107568776,2.0000336154718226,80.752174,74.30328699999997
9066c42c-7aa9-4e47-94a9-6027bdf84849,ok,17694975,v1.14-1.15,0.0,0.0,0.0,True,0.0,0.0,0.7865035146474837,5.0,actuator_motors,none,8297249,4126333,4.9,,0.0,10.014811353995082,219.99541339837663,2.00010874191208,63.008674,61.14600499999999
e4ad785e-c1ce-4b31-b769-19e8d53207c6,ok,17826047,v1.16+,0.8522727272727273,0.0,0.0,True,0.3387978142076502,39.097660000000005,1.0,4.0,actuator_motors,none,3521943,2405316,2.8,,0.0,10.011395804787686,20.010918081823537,1.9998945025348482,82.837753,18.400155999999996
9ee1c90c-7f0a-4082-b7cf-43c35577d897,ok,17891583,v1.16+,0.0,0.0,0.0,True,0.2898195251937984,3.9825060000000008,0.187488967180252,4.0,actuator_motors,none,13859312,8785875,13.8,,0.0,10.008021127487261,199.99997589974583,2.000002629035714,124.089134,116.190031
fc43f3e0-f9e3-444a-b119-28138b52d5b3,ok,17761023,v1.14-1.15,0.0,0.0,0.0,True,0.0,0.0,0.2735409945249558,4.0,actuator_motors,none,40770317,25930723,21.9,,0.0036289173503112845,9.9662402651368,19.932469132333924,1.9910488843733618,1006.406734,997.4125250000002
7cae7c8e-6e85-4654-9286-da297803d134,ok,17826047,v1.16+,0.0,0.0,0.0,True,0.0,0.0,0.2001735657453536,4.0,actuator_motors,none,45723950,17745288,19.0,,0.0,10.010034432008407,199.9598494990338,1.9999987474755319,99.299383,91.37024699999998
15be0716-cee6-4cc7-a2da-62938a2210e9,ok,17891328,v1.16+,0.0,0.0,0.0,True,0.0,0.0,0.3529715202748775,4.0,actuator_motors,none,4278012,3134645,3.0,,0.0,10.009869515866,20.009939543243892,2.000157056667405,101.790614,95.55096499999996
243f9e15-29af-44af-b60f-be6b9f40dfc0,ok,17760256,v1.14-1.15,0.0,0.0,0.0,False,0.0,0.0,0.1599999671177435,4.0,actuator_motors,none,10238084,5441071,9.0,,0.01070152352833827,9.909273409719447,168.57374992021442,1.9768816790226178,87.408711,83.927815
5f836063-f445-4cb6-8a82-274a7bbb46f5,ok,17761535,v1.14-1.15,0.0,0.2777777777777778,0.0,True,0.0,0.0,0.1390289485454559,4.0,actuator_motors,none,21625443,13296854,11.1,,0.0,10.005077027723708,221.96219937012543,1.9999868242337828,190.863743,168.81066099999993
1bb03cfe-5e79-4731-878c-5c9ac8bb2102,ok,17825984,v1.16+,0.0,0.0,0.0,True,9.970089730807575e-05,0.0975610000000415,0.3534606948494909,4.0,actuator_motors,none,39516855,25473758,23.1,,0.0,10.001021270573911,20.000964409342252,2.0000120399131167,1004.688861,1003.0542379999999
4612dc33-e868-4c18-81a9-831a89d9cbf4,ok,17695488,v1.14-1.15,0.0,0.0,0.0,True,0.0716861493913882,8.808651999999938,0.8065565615892407,4.0,actuator_motors,none,111238542,62598729,39.0,,0.0,10.000988846938586,170.76875291851226,1.999994617745657,1049.304824,1044.3445579999996
1e28903b-6613-4956-bc9b-c3f6de2b96f4,ok,17826240,v1.16+,0.0,0.0,0.0,True,0.0061680801850424,0.3011660000000002,0.1820175647735595,4.0,actuator_motors,none,5979356,4057464,4.0,,0.0,10.00725832878756,20.007286958954285,2.000110938484159,133.955469,129.69715399999998
4dba226a-9daf-447b-b7fa-0b17d646b567,ok,17761535,v1.14-1.15,0.0,0.0,0.0,True,0.0,0.0,0.143904834985733,4.0,actuator_motors,none,49307412,19241108,18.8,,0.0,10.011859664617173,199.94068371087727,2.000007305415906,84.039726,75.67003799999999
45344ba8-9243-45c6-b39a-a7da15790696,ok,17695488,v1.14-1.15,0.0,0.0,0.0,True,0.0,0.0,0.1838687002658842,4.0,actuator_motors,none,10015675,5940822,4.7,,0.0,10.01167558075662,248.00207839278016,1.9999217355468586,79.214798,79.043078
681f7dd5-7a4c-40ea-b910-9aa53c687414,ok,17826047,v1.16+,0.0,0.0,0.0,True,0.0434782608695652,0.2007600000000025,0.928681908716548,4.0,actuator_motors,none,4354251,3121752,3.9,,0.0,10.00853281663017,20.009391967288998,2.000011090108888,105.69063,96.67432300000003
dbf003cc-ef3a-4622-9148-94f461ddbe35,ok,17761023,v1.14-1.15,0.0,0.0,0.0,True,0.0007230657989877,0.101270999999997,0.4575246989727018,4.0,actuator_motors,none,5745957,3839608,3.9,,0.0,10.006618060458784,20.006312842004515,2.0001202989021443,144.350392,138.27285600000002
92b8b0fe-bd8c-4d6b-80d1-065d52100779,ok,17891583,v1.16+,0.0,0.0,0.0,True,0.0005927682276229,0.1012480000000017,0.2162273585796354,4.0,actuator_motors,none,8669470,5450475,4.3,,0.0,10.005247215752807,20.00523960074951,1.9999978362596509,171.175822,168.75013399999995
cddc290f-b53f-4d81-9ece-6e7bb3a3e933,ok,17695488,v1.14-1.15,0.0,0.0,0.0,True,,,,,actuator_motors,none,3424950,2564048,3.5,,0.0,10.009701600107324,20.009188605820473,1.9998735750024546,97.333776,96.87878699999999
a190fbaa-fbef-4e05-a243-07d41e4fc5bf,ok,17694720,v1.14-1.15,0.2905405405405405,0.0033783783783783,0.0,True,0.0,0.0,0.0849733687937259,4.0,actuator_motors,none,34007527,11935271,15.0,,0.0,10.006163095816653,131.84304050276572,93.8172211442698,137.054399,134.493402
03b877c8-45fe-4577-b4c3-df924d82d0fe,ok,17694720,v1.14-1.15,0.0,0.0,0.0,True,0.0,0.0,0.0815480232238769,4.0,actuator_motors,none,19614615,4795447,12.7,,0.0,10.009460108221736,20.00918260824048,124.29633987770272,102.272576,98.30775300000005
8c7b8476-6437-47b9-8ee4-60d4e5b19e72,ok,17761023,v1.14-1.15,0.0,0.0,0.0,True,,,,4.0,actuator_motors,none,18612224,9342198,6.0,,0.010959004373209125,9.903582957278305,188.56522175964008,1.9878998529890657,165.740398,0.0
b8c9e502-5403-4272-884c-8ade1f9a8f89,ok,17694720,v1.14-1.15,0.0,0.0,0.0,True,0.0,0.0,0.4431121281559058,4.0,actuator_motors,none,10649629,6305011,21.7,,0.0,10.00312392999259,20.002811764915997,1.9999361021980244,320.105806,101.46001700000001
d1df8c26-196d-41f6-8cbb-0bbf3db2f605,ok,17891583,v1.16+,0.0,0.0,0.0,False,0.0,0.0,0.1462618418037891,4.0,actuator_motors,none,24984779,9554823,20.7,,0.15457474191162587,6.526019939156564,111.06449804255682,1.2846986521788475,69.022756,65.287198
54fb8f1c-b23b-4426-b225-560fe20e9780,ok,17760511,v1.14-1.15,0.0,0.0303490136570561,0.0,True,3.139027529271432e-05,0.0037560000000098,0.3667003512382507,4.0,actuator_motors,none,48558632,25842549,39.8,,0.00890267643824928,9.91278266014378,197.93890536840487,0.9906305072864764,321.358624,225.53167900000003
6090e702-44e4-4cc0-8bb4-49119ed115d6,ok,17826559,v1.16+,0.0,0.0,0.0,True,0.7831325301204819,38.999999,0.9299790680408476,4.0,actuator_motors,none,4121917,2948099,8.5,,0.0006020799190156532,10.010929218393086,19.99890082711555,2.0000005494507,91.375948,49.789556
3f79962a-3ebe-450b-b326-30c2966ee0d1,ok,17695743,v1.14-1.15,0.9818401937046004,0.0,0.0,True,0.0026837613884651,0.3362779999999929,0.4045767113566398,4.0,actuator_motors,none,183636358,60482106,77.0,,0.0008792583175749426,9.610392167040533,141.54099945071798,1.9054236555634032,433.866125,426.5663669999997
0eb9f68b-8e8f-4185-ae8e-f5132d32fe1f,ok,17694720,v1.14-1.15,0.8117647058823529,0.0,0.048076923076923,True,0.0062034739454094,0.4018349999999984,0.4128011912107467,4.0,actuator_motors,none,21515169,8154016,9.3,,0.0,100.42464675905002,20.011363267967145,100.41287646367424,82.416677,80.68716699999996
555e8676-12d8-4fe0-94e1-8908f4178828,ok,17630207,v1.12-1.13,0.0382513661202185,0.0,0.0,True,0.7908496732026143,46.298631,1.0,6.0,actuator_outputs,per_channel,3945414,2909859,3.0,,0.0,10.01058812205217,20.010441417980203,1.999955367116288,91.839227,91.67225699999996
5d9026f3-653b-4cf9-b54f-0fc999c65798,ok,17825920,v1.16+,0.1598984771573604,0.0,0.0,True,0.0102056469441712,1.8833770000000527,0.23173588514328,4.0,actuator_motors,none,48849742,30063379,15.6,,0.046434624240141206,9.533521674646172,181.08032060670584,1.9099719839226685,411.946555,406.78884899999997
fb25527f-7363-4786-8c11-a19c189b8cb8,ok,17761280,v1.14-1.15,0.0,0.0,0.0,True,0.0,0.0,0.2979511141777038,4.0,actuator_motors,none,6758638,3896130,6.3,,0.0,10.006821246700593,20.007295858972665,1.9999833966290652,142.887437,140.9657679999999
1676e218-a48a-4e93-9c01-54bde1082bb7,ok,17695488,v1.14-1.15,0.0,0.0,0.0,False,0.0433070866141732,0.8986680000000007,0.7632546737790107,4.0,actuator_motors,none,726011,653631,2.3,,0.8914702193735958,1.240800823147266,2.85128442689441,0.2599534873434154,151.541276,145.899947
18822112-bbd8-4649-9f25-ccceffcb5300,ok,17760256,v1.14-1.15,0.0,0.0,0.0,True,0.0041322314049586,0.3985509999999976,0.256368213891983,4.0,actuator_motors,none,3809008,2646419,7.5,,0.007836242800559287,9.930781375445964,19.862553481664573,1.9903168131126012,102.272028,97.54992000000001
7e2217fa-f65d-4171-a451-eb15ffb832e1,ok,17629696,v1.12-1.13,0.0,0.0,0.0,True,0.0,0.0,0.1270993694663047,4.0,actuator_motors,none,19850286,12274105,21.3,,0.0,10.002132858698394,20.00209165212779,1.9999769770092182,472.998619,467.1323869999998
c5fb779c-40f9-479a-901c-ba210a4b22e7,ok,17629696,v1.12-1.13,0.1218934911242603,0.0,0.0,True,,,,4.0,actuator_outputs,per_channel,47059024,22238660,24.1,,0.0,10.002400173958982,167.3141663573976,2.002105727715178,423.36903,0.0
c80344a3-0b51-46aa-bbbc-f4611e390673,ok,17694720,v1.14-1.15,0.4138702460850111,0.70917225950783,0.0969750889679715,True,0.0187728937728937,1.2014859999999885,0.2261226490139961,4.0,actuator_motors,none,8047425,5034055,6.8,,0.0,10.004229036160327,20.004007037348206,1.9999895893399053,224.317645,218.32799599999993
cf77cdec-b114-46fe-9880-aa57581f398e,ok,17694976,v1.14-1.15,0.0,0.0,0.0,True,0.0,0.0,0.2090659439563751,4.0,actuator_motors,none,6527301,4337888,5.0,,0.010255279764328449,9.91391985050936,19.828679525738973,1.9828948962439945,116.646537,115.25630999999996
bae11ff1-dacd-4c0d-bb3e-21c9b39c3f27,ok,50332160,,1.0,0.0,0.0,False,0.0,0.0,0.6026049141036864,4.0,actuator_motors,none,2315414,1594261,1.9,not_px4_v3,0.0011627439321149314,7.765405325543283,18.918095646858223,1.7128212857860161,98.149954,99.448634
93d8fb6f-d682-402c-96d7-25ea7deba6a3,ok,17563904,v1.12-1.13,0.0,0.0,0.0,False,0.1336598184424271,111.7020030000001,0.9375,8.0,actuator_outputs,bus,31837424,18486362,12.3,,0.0,10.000853052576277,20.000742959257416,2.0009662048411867,1035.275556,836.1496609999996
216accc7-a73d-4828-ba7d-0777ab83438d,ok,17761023,v1.14-1.15,0.0,0.0571428571428571,0.0,True,0.0,0.0,0.1247502624988555,4.0,actuator_motors,none,3621367,2587143,1.5,,0.0,10.010865774956418,20.01099842924799,1.9999038862759508,84.877417,80.64357199999998
730e2c59-ba34-4a57-8f02-b714d2e7301e,ok,18286080,v1.16+,0.0,0.0,0.0,True,,,,4.0,actuator_outputs,bus,85970615,37857479,31.6,,0.010342997261155512,9.896998411529514,197.9962540743092,1.982067747652162,673.419964,0.0
